index,file,missing,t_img,t_exposure_start,segment,cycle,axis,target_N,Fx_s,Fy_s,Fz_s,Tx_s,Ty_s,Tz_s,Fx_s_corr,Fy_s_corr,Fz_s_corr,Tx_s_corr,Ty_s_corr,Tz_s_corr,Fx_base,Fy_base,Fz_base,ft_chunks,tcp_x,tcp_y,tcp_z,rx,ry,rz,pose_gap_s,height_above_plane_mm,depth_mm
1,000001.png,False,1788776644.585736,1788776644.381036,normal_load,1,,0.0,-0.00058,0.00236,-0.01623,2e-05,-2e-05,9e-05,-0.00063,0.00259,-0.01597,-1e-05,-2e-05,0.0001,-0.00156,0.00149,-0.01626,10,37.8867,362.8093,38.9972,178.7519,1.5008,-122.4404,0.0092,26.6849,-0.1059
2,000002.png,False,1788776644.997684,1788776644.792984,normal_load,1,,0.1657928112885884,0.001,0.0019,-0.07198,0.0,-6e-05,-1e-05,0.00094,0.00219,-0.07166,-3e-05,-5e-05,-0.0,0.00042,0.00099,-0.07201,10,37.8887,362.8055,38.8959,178.7503,1.5026,-122.4406,0.007,26.5836,-0.0046
3,000003.png,False,1788776645.413698,1788776645.208998,normal_load,1,,0.1657928112885884,-0.00154,-0.00274,-0.13399,0.0001,-7e-05,0.00032,-0.00162,-0.00239,-0.13361,7e-05,-6e-05,0.00033,0.00096,-0.00529,-0.13392,10,37.8877,362.8057,38.8418,178.7518,1.501,-122.4406,0.0044,26.5295,0.0495
4,000004.png,False,1788776646.029732,1788776645.825032,normal_load,1,,0.23317334736995576,0.00117,0.0026,-0.12605,-1e-05,-8e-05,0.00029,0.00108,0.00303,-0.12558,-5e-05,-7e-05,0.0003,0.00059,0.00082,-0.12608,10,37.8867,362.8178,38.8465,178.7499,1.5031,-122.4408,0.0073,26.5344,0.0446
5,000005.png,False,1788776646.445795,1788776646.241095,normal_load,1,,0.2474907153913989,0.00309,0.01042,-0.14918,-0.00023,0.0,0.00026,0.00298,0.0109,-0.14865,-0.00027,1e-05,0.00027,-0.0015,0.00818,-0.14935,10,37.8842,362.8333,38.803,178.746,1.5075,-122.4412,0.0057,26.4912,0.0878
6,000006.png,False,1788776647.477921,1788776647.273221,normal_load,1,,0.2463701276685498,0.00352,0.01023,-0.18504,-0.00015,-1e-05,-4e-05,0.00339,0.01085,-0.18435,-0.00021,-0.0,-2e-05,-0.00078,0.00766,-0.18519,10,37.885,362.832,38.7157,178.7465,1.5073,-122.4414,0.0008,26.4038,0.1752
7,000007.png,False,1788776648.093837,1788776647.889138,normal_load,1,,0.3419954121964395,0.00089,-0.00017,-0.20806,0.00014,-0.00014,2e-05,0.00074,0.00053,-0.20729,7e-05,-0.00013,4e-05,0.0023,-0.00303,-0.20803,10,37.8917,362.7967,38.6653,178.7534,1.5001,-122.441,0.0085,26.3528,0.2262
8,000008.png,False,1788776648.301847,1788776648.097147,normal_load,1,,0.3419954121964395,-0.003,-0.00068,-0.23285,0.00018,-0.00011,0.00014,-0.00315,5e-05,-0.23204,0.00011,-0.0001,0.00016,-0.00064,-0.00581,-0.2328,11,37.8912,362.8036,38.6782,178.7514,1.5027,-122.4415,0.0024,26.3659,0.2131
9,000009.png,False,1788776649.333992,1788776649.129292,normal_load,1,,0.3821345533459777,0.00399,0.00784,-0.27287,0.0,-0.0001,0.00015,0.0038,0.00871,-0.27191,-8e-05,-8e-05,0.00018,0.00142,0.00441,-0.27297,10,37.8877,362.8234,38.6374,178.75,1.5041,-122.4417,0.0039,26.3254,0.2536
10,000010.png,False,1788776649.541909,1788776649.337209,normal_load,1,,0.3821345533459777,-0.00259,-0.0032,-0.33833,0.00036,-0.0002,0.00022,-0.00278,-0.00231,-0.33734,0.00027,-0.00018,0.00024,0.0017,-0.00948,-0.33821,11,37.8941,362.7907,38.5579,178.753,1.5012,-122.4419,0.0026,26.2454,0.3336
11,000011.png,False,1788776649.745918,1788776649.541218,normal_load,1,,0.3821345533459777,0.00091,0.00124,-0.36679,0.00024,-0.00012,0.0002,0.00071,0.00216,-0.36577,0.00015,-0.0001,0.00023,0.00271,-0.00435,-0.36675,10,37.8901,362.8125,38.5625,178.7512,1.5031,-122.4419,0.0051,26.2504,0.3286
12,000012.png,False,1788776649.954073,1788776649.749373,normal_load,1,,0.3821345533459777,0.00337,0.01224,-0.34155,-4e-05,-3e-05,0.00011,0.00317,0.01319,-0.3405,-0.00013,-1e-05,0.00014,-0.00083,0.00682,-0.34172,10,37.8885,362.8217,38.5718,178.7499,1.5046,-122.4424,0.0079,26.2598,0.3192
13,000013.png,False,1788776650.161992,1788776649.957292,normal_load,1,,0.4700929239120569,0.00437,0.01338,-0.3129,-0.0001,-3e-05,-2e-05,0.00416,0.01436,-0.31182,-0.0002,-2e-05,0.0,-0.00073,0.00876,-0.31309,11,37.8884,362.825,38.582,178.7493,1.5055,-122.4422,0.001,26.2701,0.3089
14,000014.png,False,1788776651.193985,1788776650.989285,normal_load,1,,0.4815609512413488,0.01075,0.02724,-0.38829,-0.00047,1e-05,-8e-05,0.01051,0.02835,-0.38706,-0.00058,3e-05,-5e-05,-0.0016,0.02274,-0.38872,10,37.8843,362.8475,38.5111,178.745,1.5101,-122.443,0.0004,26.1996,0.3794
15,000015.png,False,1788776651.398079,1788776651.193379,normal_load,1,,0.5557828554647244,-0.00124,-0.00302,-0.44672,0.00046,-0.0003,9e-05,-0.00149,-0.00188,-0.44546,0.00034,-0.00029,0.00013,0.00353,-0.01039,-0.4466,11,37.8943,362.7842,38.4689,178.7491,1.5057,-122.4426,0.0019,26.1562,0.4228
16,000016.png,False,1788776651.606009,1788776651.401309,normal_load,1,,0.5557828554647244,-0.00125,-0.00081,-0.45797,0.00031,-0.00026,0.00012,-0.0015,0.00035,-0.45668,0.00019,-0.00025,0.00015,0.0025,-0.00866,-0.45788,10,37.8938,362.7978,38.4667,178.7483,1.5069,-122.4431,0.0088,26.1543,0.4247
17,000017.png,False,1788776651.810029,1788776651.605329,normal_load,1,,0.5557828554647244,0.01003,0.02698,-0.51017,-0.00044,-0.00011,0.00014,0.00978,0.02817,-0.50885,-0.00056,-9e-05,0.00018,-0.00125,0.02021,-0.51058,10,37.8835,362.8539,38.4049,178.7443,1.5112,-122.4432,0.0063,26.0935,0.4855
18,000018.png,False,1788776652.018027,1788776651.813327,normal_load,1,,0.5557828554647244,0.00953,0.02809,-0.5397,-0.00034,-4e-05,-0.0,0.00927,0.02931,-0.53835,-0.00046,-3e-05,3e-05,-0.00204,0.02044,-0.54012,10,37.8879,362.8278,38.4031,178.7465,1.5088,-122.4432,0.0072,26.0912,0.4878
19,000019.png,False,1788776653.050083,1788776652.845383,normal_load,1,,0.6405373411277197,7e-05,0.00291,-0.53994,0.0003,-0.00028,-0.00014,-0.00022,0.00427,-0.53844,0.00016,-0.00027,-0.0001,0.00235,-0.0061,-0.53991,10,37.8926,362.8004,38.3862,178.75,1.5053,-122.4433,0.0011,26.0738,0.5052
20,000020.png,False,1788776654.082227,1788776653.877527,normal_load,1,,0.7088614669568585,0.00341,0.01264,-0.62149,0.00018,-0.0003,-0.00012,0.00309,0.01413,-0.61984,3e-05,-0.00028,-8e-05,0.00095,0.00269,-0.62162,11,37.8915,362.8131,38.3322,178.7502,1.5054,-122.4439,0.0189,26.0201,0.5589
21,000021.png,False,1788776654.290266,1788776654.085566,normal_load,1,,0.7088614669568585,0.00432,0.01233,-0.65072,0.0001,-0.00031,-0.00026,0.00399,0.01385,-0.64904,-6e-05,-0.00029,-0.00022,0.0021,0.00241,-0.65085,10,37.889,362.8226,38.2766,178.7468,1.5091,-122.4438,0.003,25.9647,0.6143
22,000022.png,False,1788776654.906258,1788776654.701558,normal_load,1,,0.7882654721368908,0.00606,0.01784,-0.70819,0.0001,-0.00024,-4e-05,0.00572,0.01944,-0.70642,-6e-05,-0.00022,1e-05,0.00125,0.00713,-0.7084,10,37.8918,362.8152,38.284,178.7495,1.5065,-122.444,0.0063,25.9719,0.6071
23,000023.png,False,1788776655.114292,1788776654.909592,normal_load,1,,0.7882654721368908,0.00529,0.01648,-0.68003,2e-05,-0.00027,-0.00016,0.00494,0.0181,-0.67822,-0.00015,-0.00024,-0.00011,0.00107,0.00602,-0.68022,10,37.891,362.8146,38.2854,178.7502,1.5057,-122.4439,0.0018,25.9733,0.6057
24,000024.png,False,1788776655.526211,1788776655.321511,normal_load,1,,0.8515997173720052,0.00513,0.01113,-0.75197,0.00024,-0.00035,-0.00015,0.00477,0.01282,-0.75011,7e-05,-0.00032,-0.0001,0.0041,0.00016,-0.75206,10,37.8942,362.8046,38.2458,178.753,1.503,-122.4443,0.007,25.9335,0.6455
25,000025.png,False,1788776655.734293,1788776655.529593,normal_load,1,,0.8515997173720052,0.00815,0.02544,-0.80007,-9e-05,-0.00024,-0.00017,0.00778,0.02715,-0.79817,-0.00027,-0.00022,-0.00012,-0.0001,0.01329,-0.8004,10,37.8882,362.8339,38.2044,178.75,1.5059,-122.4444,0.0076,25.8927,0.6863
26,000026.png,False,1788776656.146236,1788776655.941536,normal_load,1,,0.8515997173720052,0.00623,0.0182,-0.83163,6e-05,-0.00033,-0.00014,0.00585,0.01997,-0.82967,-0.00012,-0.00031,-9e-05,0.00207,0.00555,-0.83183,10,37.8925,362.812,38.1996,178.7524,1.5039,-122.4446,0.0016,25.8874,0.6916
27,000027.png,False,1788776656.558355,1788776656.353655,normal_load,1,,0.9592412702813959,0.00633,0.01747,-0.81698,0.0002,-0.00036,-0.00027,0.00594,0.01929,-0.81496,2e-05,-0.00034,-0.00022,0.00242,0.00521,-0.81717,11,37.8922,362.811,38.1983,178.7524,1.5036,-122.4448,0.0091,25.8861,0.6929
28,000028.png,False,1788776657.178288,1788776656.973588,normal_load,1,,0.9592412702813959,0.00759,0.02067,-0.95023,0.00015,-0.00036,-3e-05,0.00718,0.02257,-0.94812,-4e-05,-0.00033,2e-05,0.00283,0.00647,-0.95046,10,37.8907,362.8103,38.1432,178.7511,1.5051,-122.4452,0.0049,25.8311,0.7479
29,000029.png,False,1788776657.590441,1788776657.385741,normal_load,1,,1.0457318867050647,0.00857,0.02268,-0.93995,0.00013,-0.00039,-1e-05,0.00815,0.02463,-0.93779,-7e-05,-0.00036,5e-05,0.00261,0.00886,-0.94022,10,37.8931,362.8125,38.1476,178.7515,1.5049,-122.4459,0.0077,25.8355,0.7435
30,000030.png,False,1788776657.798417,1788776657.593717,normal_load,1,,1.0457318867050647,0.00578,0.01612,-0.97613,0.00032,-0.00043,-6e-05,0.00536,0.0181,-0.97393,0.00012,-0.0004,-1e-05,0.00372,0.00121,-0.97627,11,37.8926,362.8018,38.1072,178.7546,1.5012,-122.446,0.0009,25.7949,0.7841
31,000031.png,False,1788776658.622448,1788776658.417748,normal_load,1,,1.0998528562285033,0.00894,0.02842,-1.01018,-1e-05,-0.0004,-0.0002,0.00849,0.03051,-1.00787,-0.00022,-0.00037,-0.00014,0.00055,0.0129,-1.01054,11,37.8902,362.8175,38.0997,178.7503,1.5061,-122.4461,0.0033,25.7877,0.7913
32,000032.png,False,1788776658.830454,1788776658.625754,normal_load,1,,1.0998528562285033,0.00817,0.02834,-1.07931,2e-05,-0.00045,-0.00018,0.00772,0.03046,-1.07696,-0.00019,-0.00043,-0.00012,0.0004,0.01134,-1.07966,10,37.8876,362.8268,38.0567,178.7459,1.5112,-122.446,0.0016,25.7449,0.8341
33,000033.png,False,1788776659.034473,1788776658.829773,normal_load,1,,1.0998528562285033,0.01013,0.03601,-1.11022,-0.00016,-0.0004,-0.00015,0.00967,0.03815,-1.10785,-0.00038,-0.00037,-9e-05,-0.00152,0.01846,-1.1107,10,37.8895,362.8196,38.0548,178.7474,1.5093,-122.4462,0.0043,25.7429,0.8361
34,000034.png,False,1788776659.450494,1788776659.245794,normal_load,1,,1.2088776094924727,0.00729,0.02713,-1.09685,9e-05,-0.00045,-7e-05,0.00682,0.02933,-1.09441,-0.00013,-0.00042,-1e-05,0.00037,0.00956,-1.09716,10,37.89,362.8141,38.0605,178.7497,1.5071,-122.4462,0.002,25.7485,0.8305
35,000035.png,False,1788776659.654506,1788776659.449806,normal_load,1,,1.2088776094924727,0.00603,0.02569,-1.07518,0.00013,-0.00045,-0.00025,0.00555,0.02792,-1.07271,-9e-05,-0.00042,-0.00019,-0.00016,0.00803,-1.07547,10,37.8917,362.8072,38.0605,178.7509,1.5061,-122.4461,0.0005,25.7483,0.8307
36,000036.png,False,1788776660.274528,1788776660.069828,normal_load,1,,1.2088776094924727,0.00596,0.02651,-1.19327,0.00021,-0.00055,-9e-05,0.00546,0.02883,-1.19071,-2e-05,-0.00052,-2e-05,0.00019,0.00682,-1.19356,10,37.8893,362.8099,38.0164,178.7512,1.5058,-122.4457,0.0054,25.7043,0.8747
37,000037.png,False,1788776660.686471,1788776660.481771,normal_load,1,,1.2789791670548483,0.00759,0.03254,-1.20627,0.00014,-0.00045,-6e-05,0.00708,0.03491,-1.20365,-0.0001,-0.00042,1e-05,-0.00132,0.01265,-1.20667,10,37.8888,362.8137,38.013,178.7496,1.5072,-122.4459,0.0025,25.701,0.878
38,000038.png,False,1788776660.894485,1788776660.689785,normal_load,1,,1.2789791670548483,0.00862,0.03694,-1.24762,-6e-05,-0.00051,-9e-05,0.00811,0.03933,-1.24497,-0.0003,-0.00048,-2e-05,-0.00234,0.01631,-1.24809,10,37.8864,362.8294,37.9689,178.7444,1.5131,-122.4463,0.0054,25.6571,0.9219
39,000039.png,False,1788776661.718616,1788776661.513916,normal_load,1,,1.3793640697589495,0.01022,0.03731,-1.27242,-4e-05,-0.00051,0.00011,0.00968,0.03981,-1.26965,-0.00029,-0.00048,0.00018,-0.00097,0.01704,-1.27289,11,37.8879,362.8187,37.9822,178.7482,1.5087,-122.4464,0.002,25.6702,0.9088
40,000040.png,False,1788776661.926528,1788776661.721828,normal_load,1,,1.3793640697589495,0.00227,0.01834,-1.35513,0.00048,-0.0008,6e-05,0.00173,0.02087,-1.35232,0.00023,-0.00077,0.00014,0.0022,-0.00468,-1.35524,10,37.8936,362.7895,37.9305,178.7528,1.504,-122.4463,0.003,25.618,0.961
41,000041.png,False,1788776662.750720,1788776662.546020,normal_load,1,,1.4953147933842956,0.00834,0.03226,-1.388,0.00011,-0.00072,6e-05,0.00777,0.0349,-1.38508,-0.00016,-0.00069,0.00014,0.00073,0.00988,-1.38837,10,37.8891,362.8078,37.9305,178.7484,1.5088,-122.4462,0.0018,25.6184,0.9606
42,000042.png,False,1788776663.782694,1788776663.577994,normal_load,1,,1.591918241131856,0.01031,0.0405,-1.48025,5e-05,-0.00064,0.00025,0.00971,0.04327,-1.47718,-0.00023,-0.0006,0.00033,-0.00104,0.01651,-1.48075,10,37.889,362.8141,37.8965,178.7466,1.5107,-122.4462,0.0023,25.5845,0.9945
43,000043.png,False,1788776664.814778,1788776664.610078,normal_load,1,,1.7193626566701654,0.01107,0.03914,-1.62075,0.00023,-0.00072,0.00046,0.01044,0.04206,-1.61753,-7e-05,-0.00068,0.00054,0.00126,0.01347,-1.62121,10,37.8908,362.8068,37.8523,178.7471,1.5106,-122.4462,0.0027,25.5402,1.0388
44,000044.png,False,1788776665.022685,1788776664.817985,normal_load,1,,1.7193626566701654,0.01306,0.04762,-1.66639,-3e-05,-0.00069,0.00027,0.01243,0.05055,-1.66313,-0.00033,-0.00065,0.00035,-0.00092,0.02107,-1.66698,11,37.8885,362.8235,37.8046,178.743,1.5154,-122.4466,0.0095,25.4928,1.0862
45,000045.png,False,1788776665.846838,1788776665.642138,normal_load,1,,1.7847428633266476,0.0142,0.0446,-1.69606,9e-05,-0.00071,0.00029,0.01355,0.04765,-1.69268,-0.00022,-0.00066,0.00037,0.00178,0.01855,-1.6966,10,37.8908,362.8108,37.8111,178.746,1.512,-122.4465,0.0074,25.4991,1.0799
46,000046.png,False,1788776666.054822,1788776665.850122,normal_load,1,,1.7847428633266476,0.00652,0.02483,-1.7513,0.0006,-0.00098,0.00018,0.00586,0.02791,-1.74789,0.00029,-0.00094,0.00027,0.00538,-0.00329,-1.75148,10,37.8948,362.7886,37.7724,178.7493,1.5085,-122.446,0.0078,25.46,1.119
47,000047.png,False,1788776666.466846,1788776666.262146,normal_load,1,,1.7847428633266476,0.00845,0.02976,-1.7872,0.00052,-0.00093,0.00012,0.00778,0.03289,-1.78373,0.00021,-0.00089,0.00021,0.00484,0.00137,-1.78746,10,37.8937,362.7948,37.768,178.7486,1.5093,-122.4462,0.0031,25.4557,1.1233
48,000048.png,False,1788776666.878777,1788776666.674077,normal_load,1,,1.8713030431192323,0.01071,0.03966,-1.79415,0.00033,-0.0008,0.00016,0.01003,0.04284,-1.79062,1e-05,-0.00076,0.00025,0.00191,0.01096,-1.79459,11,37.8916,362.8022,37.7684,178.7466,1.5114,-122.4463,0.0066,25.4562,1.1228
49,000049.png,False,1788776667.086786,1788776666.882086,normal_load,1,,1.8713030431192323,0.01752,0.05472,-1.88097,-6e-05,-0.00074,0.00022,0.01683,0.05793,-1.87741,-0.00039,-0.00069,0.00031,0.00087,0.02601,-1.88166,10,37.8892,362.8228,37.7304,178.7431,1.5155,-122.4461,0.0071,25.4185,1.1605
50,000050.png,False,1788776667.294795,1788776667.090095,normal_load,1,,1.8713030431192323,0.01966,0.06186,-1.89994,-0.00015,-0.00061,0.00016,0.01896,0.0651,-1.89635,-0.00047,-0.00057,0.00025,-0.00071,0.03297,-1.90076,10,37.8894,362.8186,37.7331,178.7435,1.5147,-122.4463,0.0002,25.4211,1.1579
51,000051.png,False,1788776667.498811,1788776667.294111,normal_load,1,,1.8713030431192323,0.01642,0.05574,-1.89385,-9e-05,-0.00075,0.0002,0.01572,0.059,-1.89023,-0.00042,-0.0007,0.00029,-0.00049,0.02614,-1.89456,11,37.8904,362.8161,37.7349,178.7444,1.5141,-122.4463,0.0018,25.423,1.156
52,000052.png,False,1788776667.910836,1788776667.706136,normal_load,1,,1.992054671906672,0.01453,0.04583,-1.87146,0.00011,-0.00089,0.00019,0.01382,0.04915,-1.86778,-0.00022,-0.00085,0.00029,0.00267,0.01697,-1.872,10,37.892,362.8091,37.7374,178.7462,1.5118,-122.4463,0.0089,25.4253,1.1537
53,000053.png,False,1788776668.118838,1788776667.914138,normal_load,1,,1.992054671906672,0.00789,0.03017,-1.95553,0.00054,-0.0011,6e-05,0.00717,0.03352,-1.95182,0.0002,-0.00105,0.00016,0.00532,-0.00126,-1.95577,11,37.8948,362.7916,37.6896,178.7504,1.5077,-122.4462,0.0084,25.3772,1.2018
54,000054.png,False,1788776668.738936,1788776668.534236,normal_unload,1,,1.992054671906672,0.01335,0.04405,-1.99368,0.00026,-0.00092,-4e-05,0.01261,0.04748,-1.98988,-9e-05,-0.00087,5e-05,0.00338,0.01288,-1.99416,11,37.8925,362.8033,37.6857,178.7473,1.5113,-122.446,0.0086,25.3735,1.2055
55,000055.png,False,1788776668.942886,1788776668.738186,normal_unload,1,,1.890947589391362,0.01503,0.04738,-2.00032,0.00027,-0.0009,-1e-05,0.01429,0.05084,-1.99649,-8e-05,-0.00085,9e-05,0.00322,0.0165,-2.00086,10,37.8923,362.8041,37.6834,178.7468,1.5118,-122.4461,0.0088,25.3713,1.2077
56,000056.png,False,1788776669.150984,1788776668.946284,normal_unload,1,,1.890947589391362,0.01705,0.05274,-1.96074,5e-05,-0.00086,-0.00017,0.0163,0.05622,-1.95688,-0.0003,-0.00081,-7e-05,0.00201,0.02278,-1.96139,10,37.8859,362.8431,37.7732,178.7356,1.524,-122.4466,0.002,25.4617,1.1173
57,000057.png,False,1788776669.359002,1788776669.154302,normal_unload,1,,1.7112711615673133,0.02502,0.07117,-1.72934,-0.00062,-0.00048,-0.00018,0.02427,0.07469,-1.72545,-0.00098,-0.00044,-8e-05,-0.00189,0.04644,-1.73036,11,37.8892,362.829,37.7506,178.7397,1.5198,-122.4463,0.005,25.4388,1.1402
58,000058.png,False,1788776669.562992,1788776669.358292,normal_unload,1,,1.7112711615673133,0.01987,0.05855,-1.82116,-0.00018,-0.0006,-5e-05,0.01911,0.06209,-1.81724,-0.00054,-0.00055,5e-05,0.00058,0.03147,-1.82194,10,37.8912,362.8201,37.7347,178.743,1.5166,-122.4464,0.0079,25.4228,1.1562
59,000059.png,False,1788776669.975042,1788776669.770342,normal_unload,1,,1.6183432007981793,0.00963,0.02733,-1.7336,0.0006,-0.00089,0.0,0.00886,0.03093,-1.72962,0.00024,-0.00084,0.0001,0.0067,0.00071,-1.73383,10,37.8953,362.7992,37.7721,178.7442,1.5156,-122.4464,0.0035,25.4598,1.1192
60,000060.png,False,1788776670.183023,1788776669.978323,normal_unload,1,,1.6183432007981793,0.01788,0.04895,-1.68447,7e-05,-0.00058,-3e-05,0.0171,0.05258,-1.68045,-0.0003,-0.00053,8e-05,0.0027,0.02435,-1.6851,11,37.8869,362.8553,37.8424,178.739,1.5215,-122.4469,0.0034,25.5311,1.0479
61,000061.png,False,1788776670.391040,1788776670.186340,normal_unload,1,,1.5175495129616792,0.02161,0.0536,-1.59046,-0.00023,-0.00054,-2e-05,0.02083,0.05725,-1.58642,-0.0006,-0.00049,8e-05,0.00297,0.03175,-1.59119,10,37.8934,362.818,37.8186,178.7436,1.5163,-122.4468,0.0033,25.5067,1.0723
62,000062.png,False,1788776670.595064,1788776670.390364,normal_unload,1,,1.5175495129616792,0.01626,0.03745,-1.61287,0.00028,-0.00065,4e-05,0.01547,0.04112,-1.60879,-9e-05,-0.0006,0.00015,0.00656,0.01472,-1.6133,10,37.8943,362.8093,37.8153,178.7447,1.5158,-122.4464,0.0056,25.5032,1.0758
63,000063.png,False,1788776671.007097,1788776670.802397,normal_unload,1,,1.4170440571910603,0.01281,0.02947,-1.51376,0.00042,-0.00065,0.00016,0.01201,0.0332,-1.50963,4e-05,-0.0006,0.00027,0.00687,0.00767,-1.51407,10,37.8954,362.8056,37.8568,178.7433,1.5172,-122.4468,0.0058,25.5446,1.0344
64,000064.png,False,1788776671.423124,1788776671.218424,normal_unload,1,,1.3176135394662936,0.01356,0.01894,-1.40149,0.00057,-0.00062,2e-05,0.01274,0.02273,-1.3973,0.00019,-0.00057,0.00013,0.012,0.00073,-1.40163,10,37.8994,362.7994,37.8944,178.7458,1.5171,-122.4473,0.0072,25.5821,0.9969
65,000065.png,False,1788776671.627103,1788776671.422403,normal_unload,1,,1.3176135394662936,0.01276,0.02267,-1.4059,0.00057,-0.00054,-0.0,0.01194,0.02648,-1.40167,0.00019,-0.00049,0.0001,0.00947,0.00349,-1.4061,10,37.8996,362.8022,37.8952,178.7455,1.5174,-122.4477,0.0099,25.5829,0.9961
66,000066.png,False,1788776671.835089,1788776671.630389,normal_unload,1,,1.236843854727536,0.00843,0.04813,-1.32507,-0.00014,-0.00058,-1e-05,0.00761,0.05197,-1.32081,-0.00053,-0.00053,0.0001,-0.00756,0.02467,-1.32572,10,37.8801,362.8209,37.9297,178.7449,1.5192,-122.4475,0.0029,25.6179,0.9611
67,000067.png,False,1788776672.039041,1788776671.834341,normal_unload,1,,1.236843854727536,0.00567,0.04401,-1.33195,-5e-05,-0.0007,3e-05,0.00483,0.04788,-1.32766,-0.00044,-0.00065,0.00014,-0.00785,0.01961,-1.33252,11,37.8804,362.8193,37.9278,178.7453,1.5187,-122.4473,0.0001,25.6159,0.9631
68,000068.png,False,1788776672.247126,1788776672.042426,normal_unload,1,,1.236843854727536,0.0065,0.04308,-1.26088,-4e-05,-0.00064,-2e-05,0.00567,0.04697,-1.25656,-0.00043,-0.00059,9e-05,-0.00715,0.02036,-1.26144,10,37.8826,362.8168,37.978,178.7449,1.5195,-122.4467,0.0069,25.666,0.913
69,000069.png,False,1788776672.455126,1788776672.250426,normal_unload,1,,1.113803646711284,0.00524,0.03381,-1.21316,0.00016,-0.00068,-0.0,0.0044,0.03774,-1.20881,-0.00023,-0.00063,0.00011,-0.00394,0.01247,-1.21357,10,37.884,362.8054,37.972,178.7458,1.5186,-122.446,0.0068,25.6598,0.9192
70,000070.png,False,1788776672.659153,1788776672.454453,normal_unload,1,,1.113803646711284,0.00087,0.02429,-1.22414,0.0004,-0.00082,-1e-05,2e-05,0.02824,-1.21977,0.0,-0.00076,0.0001,-0.00289,0.00186,-1.22438,10,37.885,362.8011,37.971,178.7465,1.5181,-122.446,0.0113,25.6588,0.9202
71,000071.png,False,1788776673.071170,1788776672.866470,normal_unload,1,,1.0178350205132431,0.00082,0.02272,-1.12153,0.0004,-0.00066,0.0001,-5e-05,0.02672,-1.11709,0.0,-0.00061,0.00021,-0.00287,0.00212,-1.12176,10,37.8859,362.8017,38.02,178.7471,1.5174,-122.4457,0.0027,25.7078,0.8712
72,000072.png,False,1788776673.279202,1788776673.074502,normal_unload,1,,1.0178350205132431,0.00418,0.02549,-1.06299,0.00028,-0.00058,0.0,0.00332,0.02952,-1.05852,-0.00013,-0.00053,0.00011,-0.00174,0.00714,-1.06328,11,37.8832,362.8116,38.0692,178.7475,1.5171,-122.4451,0.0034,25.7572,0.8218
73,000073.png,False,1788776673.691225,1788776673.486525,normal_unload,1,,0.9411204994178718,0.00226,0.02356,-1.03494,0.00031,-0.00055,0.00012,0.00138,0.02765,-1.03041,-0.0001,-0.0005,0.00024,-0.00264,0.00496,-1.0352,10,37.885,362.8098,38.0678,178.7476,1.517,-122.4451,0.0081,25.7557,0.8233
74,000074.png,False,1788776674.103230,1788776673.898530,normal_unload,1,,0.8485916341089421,0.00538,0.02433,-0.9392,0.00023,-0.00052,2e-05,0.00449,0.02848,-0.93461,-0.00019,-0.00046,0.00013,-0.00099,0.00872,-0.93949,10,37.8833,362.8133,38.11,178.7469,1.5175,-122.4447,0.0006,25.798,0.781
75,000075.png,False,1788776674.311253,1788776674.106553,normal_unload,1,,0.8485916341089421,0.00493,0.02314,-0.89794,0.00027,-0.00047,0.00014,0.00403,0.0273,-0.89333,-0.00015,-0.00042,0.00025,-0.00107,0.00812,-0.89822,10,37.887,362.8099,38.1628,178.7475,1.5172,-122.4451,0.0023,25.8507,0.7283
76,000076.png,False,1788776674.723283,1788776674.518583,normal_unload,1,,0.7571092558587992,0.00374,0.01646,-0.86366,0.00045,-0.0005,0.00012,0.00283,0.02068,-0.85898,2e-05,-0.00044,0.00024,0.001,0.00229,-0.86382,10,37.8871,362.8082,38.1609,178.7476,1.517,-122.4449,0.0086,25.8488,0.7302
77,000077.png,False,1788776674.931281,1788776674.726581,normal_unload,1,,0.6660072462872364,0.00965,0.02624,-0.74676,0.0001,-0.00032,5e-05,0.00873,0.03049,-0.74205,-0.00032,-0.00027,0.00017,0.00042,0.01558,-0.74712,10,37.8858,362.8172,38.2112,178.7473,1.5173,-122.4449,0.0023,25.8992,0.6798
78,000078.png,False,1788776675.135285,1788776674.930585,normal_unload,1,,0.6660072462872364,0.00652,0.02084,-0.76567,0.00025,-0.00034,0.00013,0.0056,0.02512,-0.76093,-0.00018,-0.00028,0.00025,0.00054,0.00904,-0.76593,10,37.886,362.8162,38.2129,178.7475,1.5172,-122.4447,0.0011,25.9009,0.6781
79,000079.png,False,1788776675.755227,1788776675.550527,normal_unload,1,,0.5869278305064853,0.00269,0.01385,-0.6934,0.00042,-0.00034,0.00012,0.00175,0.01821,-0.68857,-2e-05,-0.00028,0.00024,0.00022,0.00223,-0.69354,10,37.8899,362.8096,38.2559,178.7487,1.5162,-122.4444,0.0047,25.9438,0.6352
80,000080.png,False,1788776676.167328,1788776675.962628,normal_unload,1,,0.4892234875832685,0.00506,0.01353,-0.58839,0.00039,-0.00024,7e-05,0.00411,0.01795,-0.5835,-5e-05,-0.00018,0.0002,0.0017,0.00482,-0.58854,10,37.8873,362.8153,38.3208,178.7475,1.5169,-122.444,0.0031,26.0087,0.5703
81,000081.png,False,1788776676.375354,1788776676.170654,normal_unload,1,,0.4892234875832685,0.0047,0.01154,-0.54921,0.00031,-0.00026,0.00016,0.00374,0.01598,-0.54429,-0.00013,-0.0002,0.00028,0.00211,0.00355,-0.54933,10,37.8897,362.8055,38.3773,178.7494,1.5151,-122.4444,0.0055,26.0651,0.5139
82,000082.png,False,1788776676.787365,1788776676.582665,normal_unload,1,,0.43141374559214396,0.00389,0.0069,-0.53236,0.00051,-0.00027,0.00019,0.00292,0.01139,-0.52738,6e-05,-0.00021,0.00032,0.00362,-0.00061,-0.53241,10,37.8904,362.8089,38.3751,178.7493,1.5156,-122.4446,0.0065,26.0629,0.5161
83,000083.png,False,1788776677.199409,1788776676.994709,normal_unload,1,,0.3151184921641914,0.00769,0.01467,-0.41354,0.00019,-0.00013,-7e-05,0.00671,0.01923,-0.4085,-0.00027,-7e-05,6e-05,0.0022,0.00993,-0.41375,11,37.8876,362.8253,38.4404,178.7475,1.5175,-122.4449,0.0017,26.1285,0.4505
84,000084.png,False,1788776677.819438,1788776677.614738,normal_unload,1,,0.24566644158840914,0.00235,0.00347,-0.34544,0.00053,-0.00011,1e-05,0.00135,0.0081,-0.3403,6e-05,-5e-05,0.00014,0.0027,-0.00136,-0.34545,10,37.8913,362.8108,38.5115,178.7488,1.516,-122.4453,0.0062,26.1993,0.3797
85,000085.png,False,1788776678.231434,1788776678.026734,normal_unload,1,,0.16489750554423496,0.00625,0.00953,-0.2618,0.00027,-8e-05,-1e-05,0.00524,0.01421,-0.25661,-0.0002,-1e-05,0.00012,0.00247,0.00718,-0.26194,10,37.8886,362.8252,38.5857,178.7475,1.5178,-122.4455,0.0062,26.2738,0.3052
86,000086.png,False,1788776678.439439,1788776678.234739,normal_unload,1,,0.16489750554423496,0.00412,0.00458,-0.24538,0.00042,-5e-05,0.0001,0.0031,0.00929,-0.24015,-5e-05,1e-05,0.00023,0.00298,0.00209,-0.24543,11,37.8902,362.8139,38.6942,178.7485,1.5166,-122.4455,0.0003,26.3821,0.1969
87,000087.png,False,1788776678.851491,1788776678.646791,normal_unload,1,,0.08991622215037864,0.00111,-0.00208,-0.19175,0.00056,-7e-05,4e-05,8e-05,0.00269,-0.18647,8e-05,-1e-05,0.00018,0.00333,-0.00432,-0.19169,10,37.8932,362.8087,38.6723,178.75,1.5154,-122.4459,0.0088,26.3601,0.2189
88,000088.png,False,1788776679.059464,1788776678.854764,normal_unload,1,,0.08991622215037864,0.00776,0.01196,-0.11331,0.00012,9e-05,-6e-05,0.00673,0.01676,-0.108,-0.00036,0.00015,8e-05,0.00153,0.01242,-0.11352,11,37.8865,362.8403,38.7819,178.745,1.5211,-122.4461,0.0081,26.4702,0.1088
89,000089.png,False,1788776679.263504,1788776679.058804,normal_unload,1,,0.0,0.00408,0.00204,-0.088,0.00037,-5e-05,-0.00027,0.00304,0.00687,-0.08266,-0.00012,2e-05,-0.00013,0.00312,0.00239,-0.08804,10,37.8896,362.8235,38.7682,178.7493,1.5165,-122.4462,0.0054,26.4562,0.1228
90,000090.png,False,1788776679.471409,1788776679.266709,normal_unload,1,,0.0,0.00233,-0.00198,-0.11135,0.00044,-7e-05,-7e-05,0.00129,0.00287,-0.10597,-5e-05,-1e-05,7e-05,0.00378,-0.00234,-0.1113,10,37.892,362.8153,38.7996,178.7521,1.514,-122.4463,0.0009,26.4874,0.0916
91,000091.png,False,1788776680.915555,1788776680.710855,normal_load,2,,0.17557892644578316,0.0008,-0.00326,-0.08824,0.00049,-7e-05,0.00015,-0.00028,0.00179,-0.08266,-2e-05,-1e-05,0.0003,0.00293,-0.00383,-0.08818,10,37.8935,362.8099,38.8903,178.7545,1.5121,-122.4469,0.0088,26.578,0.001
92,000092.png,False,1788776681.535599,1788776681.330899,normal_load,2,,0.17557892644578316,0.00522,0.01081,-0.09925,0.00018,7e-05,-0.0,0.00412,0.01594,-0.09357,-0.00033,0.00014,0.00014,-0.00019,0.01038,-0.09944,10,37.8854,362.8455,38.8536,178.7494,1.5178,-122.4477,0.0034,26.542,0.037
93,000093.png,False,1788776682.363636,1788776682.158936,normal_load,2,,0.24937668850992623,-0.00186,-0.00653,-0.1214,0.00063,-0.00017,-0.0,-0.00299,-0.0013,-0.1156,0.0001,-0.0001,0.00015,0.00249,-0.00853,-0.12126,10,37.8989,362.7752,38.7783,178.7615,1.505,-122.4478,0.0048,26.4655,0.1135
94,000094.png,False,1788776682.567640,1788776682.362940,normal_load,2,,0.24937668850992623,0.00105,-0.00143,-0.14721,0.00054,-6e-05,5e-05,-8e-05,0.00384,-0.14138,1e-05,1e-05,0.00019,0.00264,-0.00307,-0.14717,10,37.8908,362.8161,38.7927,178.757,1.5096,-122.4477,0.0077,26.4805,0.0985
95,000095.png,False,1788776683.599710,1788776683.395010,normal_load,2,,0.27875116955498247,0.00336,0.00221,-0.17461,0.00043,-0.00013,4e-05,0.0022,0.0076,-0.16863,-0.00012,-6e-05,0.0002,0.00302,0.00079,-0.17463,11,37.8919,362.8187,38.7455,178.756,1.5109,-122.4491,0.0062,26.4334,0.1456
96,000096.png,False,1788776684.011718,1788776683.807018,normal_load,2,,0.3190498710377739,0.00124,-0.00099,-0.222,0.00059,-0.0001,9e-05,7e-05,0.00446,-0.21595,4e-05,-2e-05,0.00024,0.00311,-0.0038,-0.22195,10,37.893,362.8093,38.7,178.758,1.5091,-122.4495,0.0006,26.3877,0.1913
97,000097.png,False,1788776684.427655,1788776684.222955,normal_load,2,,0.34576458338034116,0.00602,0.01347,-0.24824,0.00016,-5e-05,-3e-05,0.00483,0.01898,-0.24214,-0.0004,2e-05,0.00012,0.0002,0.01069,-0.24845,10,37.886,362.8353,38.6528,178.7556,1.5116,-122.45,0.0055,26.341,0.238
98,000098.png,False,1788776685.459808,1788776685.255108,normal_load,2,,0.3711965746590039,0.00566,0.01232,-0.27627,0.0003,-2e-05,-0.00014,0.00444,0.01797,-0.27001,-0.00027,5e-05,2e-05,0.00066,0.00907,-0.27645,11,37.8875,362.8283,38.6117,178.7536,1.514,-122.4509,0.0018,26.2998,0.2792
99,000099.png,False,1788776685.871731,1788776685.667031,normal_load,2,,0.46867135014513794,0.00652,0.0184,-0.37008,0.00022,-5e-05,-5e-05,0.00529,0.0241,-0.36376,-0.00035,2e-05,0.00011,-0.00098,0.01327,-0.37035,10,37.8879,362.8312,38.5408,178.752,1.5164,-122.4514,0.002,26.229,0.35
100,000100.png,False,1788776686.075879,1788776685.871179,normal_load,2,,0.46867135014513794,0.00089,0.00164,-0.41004,0.00062,-0.00029,5e-05,-0.00034,0.00737,-0.40369,4e-05,-0.00021,0.00021,0.00279,-0.0047,-0.41,10,37.8915,362.8073,38.5055,178.755,1.5132,-122.4513,0.0044,26.1933,0.3857
101,000101.png,False,1788776686.903893,1788776686.699193,normal_load,2,,0.5187581830956105,0.00688,0.01521,-0.41713,0.0003,-0.00014,-2e-05,0.00563,0.02105,-0.41066,-0.00029,-6e-05,0.00014,0.00125,0.00993,-0.41734,10,37.8893,362.8246,38.4958,178.7507,1.5187,-122.4519,0.0051,26.1839,0.3951
102,000102.png,False,1788776687.107882,1788776686.903183,normal_load,2,,0.5187581830956105,0.00428,0.01336,-0.48604,0.00041,-0.00019,0.00013,0.00302,0.01923,-0.47955,-0.00018,-0.00011,0.0003,0.0004,0.00593,-0.48621,10,37.8872,362.8265,38.4411,178.7471,1.5222,-122.4524,0.0076,26.1292,0.4498
103,000103.png,False,1788776687.315886,1788776687.111186,normal_load,2,,0.5187581830956105,0.00621,0.02115,-0.50839,0.00019,-0.00016,0.00023,0.00495,0.02704,-0.50186,-0.0004,-8e-05,0.0004,-0.00166,0.01328,-0.50869,10,37.8877,362.829,38.4461,178.7469,1.5225,-122.4526,0.006,26.1342,0.4448
104,000104.png,False,1788776687.523901,1788776687.319201,normal_load,2,,0.5187581830956105,0.00585,0.01677,-0.49379,0.00026,-0.00015,0.00012,0.00458,0.02268,-0.48724,-0.00034,-7e-05,0.00029,0.00012,0.00954,-0.49402,10,37.8877,362.8267,38.4489,178.748,1.5216,-122.4526,0.0008,26.137,0.442
105,000105.png,False,1788776687.935943,1788776687.731243,normal_load,2,,0.6092912053326415,0.00397,0.01359,-0.46096,0.00036,-0.0002,-0.0001,0.00268,0.01957,-0.45434,-0.00024,-0.00011,7e-05,-0.00016,0.00637,-0.46113,10,37.8892,362.82,38.452,178.7498,1.5199,-122.4526,0.0092,26.14,0.439
106,000106.png,False,1788776688.347965,1788776688.143265,normal_load,2,,0.6424833184904486,0.00326,0.01022,-0.54773,0.0006,-0.00023,-4e-05,0.00196,0.01624,-0.54106,-0.0,-0.00015,0.00013,0.00152,0.0017,-0.54783,10,37.8917,362.8077,38.3985,178.7532,1.5163,-122.4525,0.0019,26.0863,0.4927
107,000107.png,False,1788776688.555944,1788776688.351244,normal_load,2,,0.6424833184904486,0.00753,0.02315,-0.59251,0.00022,-0.00014,-0.0,0.00623,0.02921,-0.5858,-0.00039,-6e-05,0.00017,-0.00094,0.01433,-0.59284,10,37.8871,362.833,38.3582,178.7508,1.5188,-122.4532,0.0044,26.0464,0.5326
108,000108.png,False,1788776688.760001,1788776688.555301,normal_load,2,,0.6424833184904486,0.00628,0.02063,-0.59904,0.00038,-0.00022,-0.00016,0.00497,0.02671,-0.59231,-0.00024,-0.00013,1e-05,-0.00072,0.01141,-0.59932,11,37.8883,362.8199,38.355,178.752,1.5175,-122.4529,0.0069,26.043,0.536
109,000109.png,False,1788776689.379997,1788776689.175297,normal_load,2,,0.6905195617080778,0.00423,0.01338,-0.59781,0.00047,-0.00028,-0.00011,0.00291,0.01954,-0.59098,-0.00015,-0.0002,6e-05,0.00113,0.00412,-0.59796,11,37.8907,362.8154,38.3525,178.7526,1.5172,-122.4534,0.001,26.0404,0.5386
110,000110.png,False,1788776689.587996,1788776689.383296,normal_load,2,,0.6905195617080778,0.00132,0.0091,-0.66179,0.00063,-0.00034,-0.00011,-1e-05,0.01529,-0.65493,0.0,-0.00026,7e-05,0.00118,-0.00206,-0.66184,10,37.8925,362.8021,38.2898,178.7541,1.5162,-122.4533,0.0074,25.9775,0.6015
111,000111.png,False,1788776690.000010,1788776689.795310,normal_load,2,,0.6905195617080778,0.00343,0.01352,-0.69332,0.00054,-0.00034,-0.00011,0.00209,0.01976,-0.6864,-9e-05,-0.00025,6e-05,0.00102,0.00232,-0.69346,11,37.891,362.8108,38.2947,178.7528,1.5173,-122.4536,0.0034,25.9825,0.5965
112,000112.png,False,1788776690.412083,1788776690.207383,normal_load,2,,0.7997163842333833,0.00637,0.01562,-0.70805,0.00048,-0.00032,0.00012,0.00501,0.02192,-0.70107,-0.00016,-0.00023,0.0003,0.00262,0.00537,-0.70823,10,37.891,362.8144,38.2994,178.7526,1.5178,-122.4538,0.0056,25.9873,0.5917
113,000113.png,False,1788776690.620054,1788776690.415354,normal_load,2,,0.8438671118759743,0.00428,0.01441,-0.73725,0.00057,-0.00032,0.00016,0.00292,0.02074,-0.73024,-7e-05,-0.00023,0.00034,0.00162,0.00281,-0.7374,11,37.8918,362.8115,38.2764,178.7538,1.5171,-122.454,0.0081,25.9643,0.6147
114,000114.png,False,1788776690.824092,1788776690.619392,normal_load,2,,0.8438671118759743,0.00622,0.0169,-0.74518,0.00048,-0.00032,0.00012,0.00486,0.02325,-0.73814,-0.00016,-0.00024,0.0003,0.00212,0.00581,-0.74537,10,37.8912,362.812,38.275,178.7535,1.5171,-122.4538,0.0056,25.9629,0.6161
115,000115.png,False,1788776691.444036,1788776691.239336,normal_load,2,,0.8438671118759743,0.00873,0.02763,-0.82568,0.00027,-0.00029,5e-05,0.00734,0.03407,-0.81855,-0.00038,-0.0002,0.00023,-0.00052,0.01506,-0.82605,10,37.8894,362.8234,38.228,178.7512,1.52,-122.4545,0.0099,25.9161,0.6629
116,000116.png,False,1788776691.856109,1788776691.651409,normal_load,2,,0.9218984901940956,0.00761,0.0213,-0.79749,0.00041,-0.00037,-6e-05,0.00622,0.02779,-0.7903,-0.00025,-0.00028,0.00012,0.00148,0.00947,-0.79775,10,37.8896,362.8186,38.2299,178.7526,1.5184,-122.4543,0.0006,25.9179,0.6611
117,000117.png,False,1788776692.064040,1788776691.859340,normal_load,2,,0.9218984901940956,-0.00042,0.00687,-0.88274,0.00085,-0.00055,0.00013,-0.00182,0.01339,-0.87551,0.00019,-0.00046,0.00031,0.00232,-0.0084,-0.88272,10,37.8946,362.7837,38.1703,178.7588,1.5114,-122.455,0.0058,25.8577,0.7213
118,000118.png,False,1788776692.888170,1788776692.683470,normal_load,2,,1.0028904580304727,0.00717,0.024,-0.89285,0.0004,-0.00043,2e-05,0.00575,0.03063,-0.88551,-0.00027,-0.00034,0.0002,0.00041,0.01007,-0.89314,10,37.8899,362.8139,38.1791,178.7523,1.519,-122.4547,0.004,25.867,0.712
119,000119.png,False,1788776693.096260,1788776692.891560,normal_load,2,,1.0693134743381023,0.01152,0.03729,-0.95123,0.00015,-0.00027,-0.0,0.01009,0.04394,-0.94385,-0.00052,-0.00018,0.00018,-0.00206,0.02281,-0.95175,10,37.8842,362.8459,38.1399,178.7451,1.5271,-122.4553,0.0075,25.8284,0.7506
120,000120.png,False,1788776693.300174,1788776693.095474,normal_load,2,,1.0693134743381023,0.01639,0.04874,-0.96834,-0.00019,-0.00021,2e-05,0.01495,0.05542,-0.96094,-0.00086,-0.00012,0.00021,-0.00344,0.03489,-0.96907,11,37.8864,362.8395,38.1415,178.7464,1.5254,-122.4555,0.0096,25.8299,0.7491
121,000121.png,False,1788776693.920216,1788776693.715516,normal_load,2,,1.0693134743381023,0.0086,0.02844,-1.02985,0.00048,-0.0004,-7e-05,0.00715,0.0352,-1.02236,-0.0002,-0.00031,0.00012,0.00038,0.01243,-1.0302,11,37.8901,362.8147,38.1064,178.7448,1.5275,-122.4553,0.0042,25.7943,0.7847
122,000122.png,False,1788776694.332262,1788776694.127562,normal_load,2,,1.1228000836625256,0.00939,0.03162,-1.04029,0.00036,-0.00041,-3e-05,0.00793,0.03843,-1.03273,-0.00033,-0.00032,0.00016,-0.00045,0.01541,-1.0407,10,37.8897,362.8169,38.0986,178.7451,1.5274,-122.4556,0.0068,25.7866,0.7924
123,000123.png,False,1788776694.540258,1788776694.335558,normal_load,2,,1.1228000836625256,0.00825,0.02734,-1.13433,0.00051,-0.00048,-6e-05,0.00678,0.03418,-1.12674,-0.00018,-0.00039,0.00013,0.00135,0.00963,-1.13464,11,37.8911,362.8113,38.0116,178.7464,1.526,-122.4555,0.0017,25.6995,0.8795
124,000124.png,False,1788776694.748264,1788776694.543564,normal_load,2,,1.1228000836625256,0.01208,0.03594,-1.20805,0.00032,-0.00047,-9e-05,0.0106,0.04281,-1.20044,-0.00037,-0.00038,0.00011,0.00088,0.01781,-1.20851,10,37.8899,362.8154,38.0232,178.7461,1.5266,-122.4558,0.0052,25.7112,0.8678
125,000125.png,False,1788776694.952284,1788776694.747584,normal_load,2,,1.1228000836625256,0.01261,0.03302,-1.17183,0.0004,-0.00049,-0.00013,0.01113,0.03992,-1.16419,-0.00029,-0.0004,7e-05,0.00255,0.01613,-1.17225,10,37.8903,362.8156,38.0394,178.7455,1.5273,-122.4558,0.0081,25.7274,0.8516
126,000126.png,False,1788776695.160196,1788776694.955496,normal_load,2,,1.298635309028066,0.01082,0.03175,-1.12374,0.00033,-0.0005,-6e-05,0.00933,0.03868,-1.11607,-0.00037,-0.00041,0.00013,0.0013,0.0149,-1.12414,11,37.89,362.8156,38.0568,178.7451,1.5277,-122.4556,0.0051,25.7448,0.8342
127,000127.png,False,1788776695.780332,1788776695.575632,normal_load,2,,1.2452727289812004,0.00688,0.0192,-1.13945,0.00073,-0.00058,-8e-05,0.00537,0.02621,-1.13168,2e-05,-0.00048,0.00012,0.00427,0.00181,-1.13962,11,37.8927,362.803,38.0427,178.7451,1.528,-122.4558,0.0045,25.7305,0.8485
128,000128.png,False,1788776696.812387,1788776696.607687,normal_load,2,,1.3310458019995992,0.01061,0.03356,-1.22758,0.00045,-0.00048,5e-05,0.00907,0.0407,-1.21967,-0.00027,-0.00039,0.00025,0.00093,0.0147,-1.228,10,37.8908,362.8157,38.0111,178.7442,1.5293,-122.4565,0.0085,25.699,0.88
129,000129.png,False,1788776697.224301,1788776697.019601,normal_load,2,,1.3310458019995992,0.01379,0.03304,-1.4122,0.00048,-0.00067,0.00013,0.01224,0.04024,-1.40422,-0.00024,-0.00057,0.00033,0.00522,0.01288,-1.41259,10,37.8917,362.8077,37.9398,178.7442,1.5299,-122.4565,0.0057,25.6277,0.9513
130,000130.png,False,1788776697.432310,1788776697.227610,normal_load,2,,1.3310458019995992,0.01128,0.03217,-1.36664,0.00059,-0.00057,-1e-05,0.00973,0.0394,-1.35863,-0.00014,-0.00047,0.0002,0.00317,0.01161,-1.36701,10,37.8937,362.807,37.9524,178.745,1.5294,-122.4565,0.0008,25.6402,0.9388
131,000131.png,False,1788776697.844439,1788776697.639739,normal_load,2,,1.51572352727799,0.01063,0.02829,-1.31377,0.00068,-0.00053,-3e-05,0.00906,0.03557,-1.3057,-6e-05,-0.00044,0.00017,0.00418,0.00876,-1.31408,10,37.8935,362.8077,37.9683,178.7451,1.5296,-122.4569,0.0065,25.6561,0.9229
132,000132.png,False,1788776698.256480,1788776698.051780,normal_load,2,,1.456849269420792,0.01139,0.03485,-1.36008,0.0005,-0.0006,-8e-05,0.00981,0.04218,-1.35195,-0.00024,-0.0005,0.00013,0.00188,0.01408,-1.3605,10,37.8932,362.8086,37.9417,178.7452,1.5299,-122.4567,0.0041,25.6295,0.9495
133,000133.png,False,1788776699.080489,1788776698.875789,normal_load,2,,1.5453908929876066,0.01634,0.03752,-1.44549,0.0004,-0.0006,-1e-05,0.01473,0.04497,-1.43724,-0.00035,-0.0005,0.0002,0.00542,0.0175,-1.44595,11,37.8931,362.8131,37.9099,178.7442,1.5322,-122.457,0.0075,25.5979,0.9811
134,000134.png,False,1788776699.288506,1788776699.083806,normal_load,2,,1.5453908929876066,0.01458,0.0388,-1.4496,0.00049,-0.00055,-1e-05,0.01297,0.04627,-1.44131,-0.00026,-0.00045,0.0002,0.00329,0.01767,-1.45008,10,37.8928,362.814,37.9081,178.7443,1.5321,-122.4568,0.0058,25.596,0.983
135,000135.png,False,1788776699.496504,1788776699.291804,normal_load,2,,1.5453908929876066,0.01038,0.03402,-1.56741,0.00068,-0.00066,0.00011,0.00876,0.04152,-1.5591,-7e-05,-0.00056,0.00032,0.00286,0.00954,-1.56779,10,37.8923,362.8104,37.8395,178.743,1.5335,-122.4575,0.0009,25.5274,1.0516
136,000136.png,False,1788776699.700537,1788776699.495837,normal_load,2,,1.5453908929876066,0.0144,0.04172,-1.62554,0.00052,-0.00064,8e-05,0.01278,0.04924,-1.6172,-0.00024,-0.00054,0.00029,0.0029,0.01729,-1.62604,11,37.8934,362.8099,37.8476,178.7433,1.5332,-122.4577,0.0037,25.5354,1.0436
137,000137.png,False,1788776699.908556,1788776699.703856,normal_load,2,,1.5453908929876066,0.01349,0.03849,-1.59515,0.00053,-0.00068,8e-05,0.01187,0.04605,-1.58678,-0.00023,-0.00057,0.00029,0.00351,0.01453,-1.5956,10,37.8928,362.8088,37.8567,178.7437,1.5327,-122.4576,0.0096,25.5445,1.0345
138,000138.png,False,1788776700.112549,1788776699.907849,normal_load,2,,1.7180591814292285,0.01221,0.03576,-1.56402,0.00054,-0.0007,9e-05,0.01058,0.04334,-1.55561,-0.00022,-0.0006,0.0003,0.00355,0.01202,-1.56442,10,37.8937,362.8051,37.8663,178.7449,1.5317,-122.4576,0.007,25.5542,1.0248
139,000139.png,False,1788776700.320578,1788776700.115878,normal_load,2,,1.7180591814292285,0.01188,0.03347,-1.54322,0.00071,-0.00072,1e-05,0.01025,0.04108,-1.53479,-6e-05,-0.00062,0.00022,0.00427,0.01021,-1.54359,11,37.8936,362.806,37.8701,178.745,1.5315,-122.4576,0.0001,25.558,1.021
140,000140.png,False,1788776700.732612,1788776700.527912,normal_load,2,,1.7180591814292285,0.01052,0.03352,-1.63912,0.00069,-0.00082,-6e-05,0.00887,0.04119,-1.63063,-8e-05,-0.00071,0.00015,0.00373,0.00803,-1.63947,10,37.8934,362.8028,37.8319,178.7462,1.5299,-122.4585,0.0038,25.5197,1.0593
141,000141.png,False,1788776701.352582,1788776701.147882,normal_load,2,,1.7358616712223354,0.01323,0.04248,-1.65973,0.00053,-0.00065,0.00019,0.01157,0.05023,-1.65115,-0.00025,-0.00054,0.00041,0.00175,0.01681,-1.66024,10,37.8916,362.8094,37.8272,178.7444,1.5322,-122.4579,0.0004,25.5151,1.0639
142,000142.png,False,1788776701.560666,1788776701.355966,normal_load,2,,1.7358616712223354,0.01436,0.04554,-1.70939,0.00049,-0.0007,0.00019,0.01268,0.05331,-1.70078,-0.00029,-0.0006,0.00041,0.00153,0.01923,-1.70995,11,37.8916,362.8147,37.7967,178.7416,1.5355,-122.4582,0.0063,25.4847,1.0943
143,000143.png,False,1788776702.176661,1788776701.971961,normal_load,2,,1.8366270685714028,0.01582,0.0487,-1.7282,0.00042,-0.00066,0.00019,0.01413,0.05656,-1.7195,-0.00037,-0.00056,0.00041,0.00135,0.0224,-1.72882,10,37.8918,362.8142,37.8026,178.7427,1.5347,-122.4579,0.0021,25.4906,1.0884
144,000144.png,False,1788776702.384559,1788776702.179859,normal_load,2,,1.8366270685714028,0.01491,0.04434,-1.70897,0.0005,-0.00073,7e-05,0.01321,0.05222,-1.70023,-0.00029,-0.00063,0.0003,0.00261,0.01848,-1.70951,10,37.8921,362.8107,37.8039,178.7434,1.5339,-122.4581,0.0044,25.4919,1.0871
145,000145.png,False,1788776702.592695,1788776702.387995,normal_load,2,,1.8366270685714028,0.0078,0.02643,-1.80918,0.00106,-0.00104,0.0001,0.0061,0.03434,-1.80041,0.00027,-0.00093,0.00033,0.0061,-0.00219,-1.80938,10,37.8971,362.7867,37.7466,178.7482,1.5291,-122.4578,0.009,25.4341,1.1449
146,000146.png,False,1788776702.796694,1788776702.591994,normal_load,2,,1.8366270685714028,0.00791,0.02728,-1.85449,0.00108,-0.001,-3e-05,0.00621,0.03521,-1.8457,0.00029,-0.00089,0.0002,0.00608,-0.00213,-1.8547,10,37.8958,362.793,37.749,178.7468,1.5302,-122.4578,0.0064,25.4366,1.1424
147,000147.png,False,1788776703.416677,1788776703.211977,normal_load,2,,1.9410321907833379,0.01515,0.04745,-1.8402,0.00051,-0.00074,0.00013,0.01342,0.05547,-1.83131,-0.00029,-0.00064,0.00036,0.00217,0.01919,-1.84077,10,37.8927,362.8083,37.7549,178.743,1.5347,-122.4579,0.0097,25.4428,1.1362
148,000148.png,False,1788776703.624710,1788776703.420010,normal_load,2,,1.9410321907833379,0.02068,0.06397,-1.90408,0.00012,-0.00061,0.00013,0.01895,0.07202,-1.89516,-0.00069,-0.0005,0.00036,-0.00084,0.03524,-1.90494,10,37.8865,362.8388,37.7301,178.7356,1.5427,-122.4583,0.0039,25.4185,1.1605
149,000149.png,False,1788776704.448771,1788776704.244071,normal_load,2,,1.9962332175135544,0.01775,0.04757,-1.91532,0.00056,-0.00076,0.00021,0.016,0.05572,-1.90628,-0.00026,-0.00065,0.00044,0.00489,0.01939,-1.91589,10,37.8928,362.8105,37.7289,178.742,1.5364,-122.4582,0.0051,25.4169,1.1621
150,000150.png,False,1788776704.656795,1788776704.452095,normal_load,2,,1.9962332175135544,0.00507,0.02027,-1.97492,0.00133,-0.00113,0.00014,0.00331,0.02845,-1.96585,0.00051,-0.00102,0.00037,0.00796,-0.01155,-1.97498,10,37.8991,362.7762,37.6931,178.7464,1.5325,-122.4581,0.0015,25.3805,1.1985
151,000151.png,False,1788776705.272804,1788776705.068104,normal_unload,2,,1.9962332175135544,0.01517,0.04505,-2.0204,0.0007,-0.00092,0.00015,0.01339,0.05331,-2.01125,-0.00013,-0.0008,0.00039,0.00464,0.01423,-2.02091,10,37.8942,362.8027,37.6899,178.7429,1.5361,-122.4582,0.0063,25.3777,1.2013
152,000152.png,False,1788776705.688847,1788776705.484147,normal_unload,2,,1.8884179870660631,0.01817,0.05419,-1.982,0.00041,-0.00088,-3e-05,0.01638,0.06251,-1.97278,-0.00042,-0.00077,0.00021,0.0024,0.02426,-1.98267,10,37.8869,362.8261,37.7168,178.7399,1.5392,-122.4582,0.0022,25.4051,1.1739
153,000153.png,False,1788776706.100865,1788776705.896165,normal_unload,2,,1.7088546837141052,0.01995,0.06435,-1.81339,1e-05,-0.00071,-0.0002,0.01815,0.07273,-1.80411,-0.00083,-0.00059,4e-05,-0.0023,0.03665,-1.81426,11,37.8869,362.8224,37.7398,178.739,1.5402,-122.4583,0.0087,25.428,1.151
154,000154.png,False,1788776706.720830,1788776706.516130,normal_unload,2,,1.6238380795366396,0.00941,0.04193,-1.70393,0.00064,-0.00088,-0.00021,0.00759,0.05039,-1.69456,-0.00021,-0.00077,3e-05,-0.00099,0.01372,-1.70441,11,37.8856,362.8246,37.7959,178.7396,1.5399,-122.4578,0.0057,25.4841,1.0949
155,000155.png,False,1788776706.924866,1788776706.720166,normal_unload,2,,1.5277796851720296,0.02009,0.06947,-1.5931,-0.00018,-0.00053,-0.00018,0.01826,0.07796,-1.5837,-0.00103,-0.00041,6e-05,-0.00627,0.04469,-1.5941,10,37.8849,362.8236,37.8161,178.7396,1.5399,-122.4574,0.0082,25.5043,1.0747
156,000156.png,False,1788776707.132894,1788776706.928194,normal_unload,2,,1.5277796851720296,0.01044,0.04074,-1.62316,0.00063,-0.00087,-0.00017,0.00861,0.04925,-1.61373,-0.00022,-0.00075,7e-05,-5e-05,0.0145,-1.62364,10,37.8878,362.8058,37.811,178.7411,1.538,-122.4573,0.0055,25.4988,1.0802
157,000157.png,False,1788776707.336903,1788776707.132203,normal_unload,2,,1.5277796851720296,0.01136,0.04294,-1.52943,0.00052,-0.00073,-9e-05,0.00953,0.05148,-1.51996,-0.00034,-0.00062,0.00016,-0.001,0.01836,-1.52996,10,37.8868,362.8112,37.863,178.7383,1.541,-122.4574,0.008,25.5509,1.0281
158,000158.png,False,1788776707.752958,1788776707.548258,normal_unload,2,,1.4087410674820602,0.00798,0.03453,-1.47957,0.00071,-0.00081,0.0,0.00613,0.04312,-1.47004,-0.00016,-0.0007,0.00024,-8e-05,0.01019,-1.47995,10,37.8904,362.8014,37.9318,178.7384,1.5412,-122.4579,0.0015,25.6196,0.9594
159,000159.png,False,1788776707.956963,1788776707.752263,normal_unload,2,,1.316388916662433,0.00218,0.01627,-1.40679,0.00109,-0.00087,3e-05,0.00033,0.02489,-1.39724,0.00022,-0.00076,0.00027,0.00351,-0.00735,-1.40686,10,37.8908,362.7951,37.8985,178.7413,1.5378,-122.4578,0.004,25.5861,0.9929
160,000160.png,False,1788776708.164850,1788776707.960150,normal_unload,2,,1.316388916662433,0.00499,0.02582,-1.40761,0.00095,-0.00078,-5e-05,0.00313,0.03447,-1.39803,8e-05,-0.00067,0.0002,0.00118,0.00231,-1.40785,10,37.8893,362.7993,37.8994,178.741,1.5384,-122.4574,0.0095,25.5871,0.9919
161,000161.png,False,1788776708.368866,1788776708.164166,normal_unload,2,,1.316388916662433,0.01559,0.04889,-1.3227,0.00016,-0.00052,-0.00014,0.01373,0.05757,-1.31309,-0.00071,-0.00041,0.00011,-0.00175,0.02895,-1.32338,10,37.8856,362.823,37.9335,178.7408,1.5383,-122.4576,0.0065,25.6216,0.9574
162,000162.png,False,1788776708.576873,1788776708.372173,normal_unload,2,,1.2438632537725596,0.0096,0.03614,-1.33336,0.00058,-0.00061,-2e-05,0.00773,0.04484,-1.32372,-0.00029,-0.0005,0.00022,-0.00049,0.01474,-1.33381,10,37.8893,362.8078,37.9298,178.7419,1.5375,-122.4576,0.0005,25.6177,0.9613
163,000163.png,False,1788776708.784959,1788776708.580259,normal_unload,2,,1.2438632537725596,0.00855,0.02913,-1.28686,0.00075,-0.00062,-2e-05,0.00667,0.03787,-1.27719,-0.00013,-0.0005,0.00023,0.00177,0.00889,-1.28719,10,37.8863,362.8209,38.008,178.7358,1.5437,-122.4575,0.0072,25.6961,0.8829
164,000164.png,False,1788776709.196901,1788776708.992201,normal_unload,2,,1.10696782728954,0.00827,0.02668,-1.20994,0.00076,-0.0006,-0.00012,0.00638,0.03546,-1.2002,-0.00012,-0.00048,0.00012,0.00222,0.00785,-1.21023,10,37.8893,362.8079,37.9807,178.7407,1.5388,-122.4574,0.0032,25.6686,0.9104
165,000165.png,False,1788776709.608922,1788776709.404222,normal_unload,2,,1.0240317235984548,0.00659,0.02076,-1.11794,0.00085,-0.0006,-8e-05,0.00469,0.0296,-1.10815,-4e-05,-0.00048,0.00017,0.00309,0.00336,-1.11815,10,37.8893,362.805,38.0257,178.7411,1.538,-122.4573,0.0068,25.7135,0.8655
166,000166.png,False,1788776710.020943,1788776709.816243,normal_unload,2,,0.9269112439670694,0.01063,0.02766,-1.00909,0.00064,-0.00044,-0.00011,0.00872,0.03655,-0.99923,-0.00026,-0.00032,0.00014,0.00238,0.0131,-1.00944,11,37.8884,362.8142,38.0727,178.7416,1.5378,-122.4573,0.01,25.7606,0.8184
167,000167.png,False,1788776710.228956,1788776710.024256,normal_unload,2,,0.9269112439670694,0.00794,0.022,-1.0291,0.00074,-0.00052,-2e-05,0.00602,0.03092,-1.01921,-0.00016,-0.0004,0.00024,0.00302,0.00654,-1.02934,10,37.8888,362.8111,38.0736,178.7417,1.5377,-122.4573,0.0037,25.7615,0.8175
168,000168.png,False,1788776710.640974,1788776710.436274,normal_unload,2,,0.8284083901776313,0.00853,0.01921,-0.92186,0.00076,-0.00045,-0.00018,0.0066,0.02819,-0.91191,-0.00014,-0.00033,7e-05,0.00418,0.00613,-0.92207,11,37.8883,362.8134,38.1194,178.7407,1.5388,-122.4576,0.0061,25.8074,0.7716
169,000169.png,False,1788776710.849105,1788776710.644405,normal_unload,2,,0.8284083901776313,0.00696,0.01482,-0.88732,0.00085,-0.0005,-0.00017,0.00502,0.02382,-0.87734,-6e-05,-0.00038,9e-05,0.00478,0.0021,-0.88745,10,37.8908,362.8027,38.1506,178.743,1.5362,-122.4573,0.0074,25.8383,0.7407
170,000170.png,False,1788776711.261094,1788776711.056394,normal_unload,2,,0.7833015760225067,0.00374,0.01101,-0.88059,0.00099,-0.00051,-8e-05,0.00179,0.02006,-0.87055,7e-05,-0.00038,0.00018,0.00384,-0.00271,-0.88065,11,37.892,362.8021,38.1488,178.7437,1.5359,-122.4575,0.0029,25.8365,0.7425
171,000171.png,False,1788776711.673191,1788776711.468491,normal_unload,2,,0.6539616513908044,0.00675,0.01585,-0.75478,0.00077,-0.00037,-0.00016,0.00479,0.02497,-0.74468,-0.00015,-0.00025,0.0001,0.00316,0.00501,-0.75496,10,37.8891,362.8149,38.2124,178.7416,1.5381,-122.4571,0.008,25.9003,0.6787
172,000172.png,False,1788776712.293058,1788776712.088358,normal_unload,2,,0.5432930569183355,0.0046,0.00659,-0.64909,0.00085,-0.0004,-0.00018,0.00262,0.01578,-0.6389,-7e-05,-0.00027,8e-05,0.00519,-0.00239,-0.64912,10,37.8903,362.8101,38.2733,178.7426,1.5367,-122.4575,0.0011,25.9612,0.6178
173,000173.png,False,1788776712.705180,1788776712.500480,normal_unload,2,,0.44881008978008197,0.00761,0.01308,-0.54793,0.00072,-0.00028,-0.00024,0.00562,0.02233,-0.53768,-0.00021,-0.00015,2e-05,0.00386,0.00635,-0.54809,10,37.8888,362.819,38.3375,178.7419,1.5381,-122.4576,0.0096,26.0255,0.5535
174,000174.png,False,1788776713.325167,1788776713.120467,normal_unload,2,,0.37573875526422573,0.00517,0.00747,-0.47744,0.00088,-0.00026,-7e-05,0.00317,0.0168,-0.4671,-6e-05,-0.00014,0.00019,0.00406,0.0014,-0.47751,10,37.8909,362.8136,38.4039,178.7425,1.5381,-122.4578,0.0068,26.0918,0.4872
175,000175.png,False,1788776713.533201,1788776713.328501,normal_unload,2,,0.3008207441880415,0.0074,0.00883,-0.38276,0.00079,-0.00013,-0.00016,0.00539,0.01819,-0.37239,-0.00015,-1e-05,0.0001,0.00466,0.00521,-0.38287,10,37.8896,362.8158,38.4645,178.7419,1.5384,-122.4576,0.0064,26.1524,0.4266
176,000176.png,False,1788776713.737215,1788776713.532515,normal_unload,2,,0.3008207441880415,0.00597,0.0049,-0.3993,0.00086,-0.00015,-0.00011,0.00395,0.01429,-0.3889,-8e-05,-2e-05,0.00016,0.00549,0.00083,-0.39934,10,37.8909,362.816,38.465,178.7422,1.5381,-122.458,0.0039,26.1529,0.4261
177,000177.png,False,1788776713.945245,1788776713.740545,normal_unload,2,,0.3008207441880415,0.00565,0.00458,-0.36817,0.00088,-0.00014,-4e-05,0.00363,0.014,-0.35774,-6e-05,-1e-05,0.00023,0.00516,0.0009,-0.3682,10,37.8903,362.8135,38.542,178.7423,1.5382,-122.4578,0.0028,26.2299,0.3491
178,000178.png,False,1788776714.357245,1788776714.152545,normal_unload,2,,0.2086891221261368,0.00483,0.00109,-0.30441,0.00086,-0.00018,-0.00021,0.00279,0.01056,-0.29392,-0.0001,-5e-05,6e-05,0.00575,-0.00152,-0.30439,10,37.8909,362.8157,38.5385,178.7428,1.5378,-122.4578,0.0117,26.2264,0.3526
179,000179.png,False,1788776714.769245,1788776714.564545,normal_unload,2,,0.1454339139662011,0.00495,0.003,-0.24838,0.00087,-0.0001,-0.00013,0.0029,0.01252,-0.23783,-9e-05,3e-05,0.00014,0.00451,0.00109,-0.24841,10,37.8879,362.8194,38.6066,178.7423,1.5379,-122.458,0.0047,26.2946,0.2844
180,000180.png,False,1788776714.977276,1788776714.772576,normal_unload,2,,0.1454339139662011,0.00473,0.00252,-0.21434,0.00085,-8e-05,-0.00021,0.00268,0.01207,-0.20376,-0.00011,5e-05,6e-05,0.00432,0.00112,-0.21436,10,37.8908,362.8184,38.694,178.7422,1.5384,-122.4591,0.0015,26.3819,0.1971
181,000181.png,False,1788776715.389297,1788776715.184597,normal_unload,2,,0.06925037013994881,0.00252,-0.0026,-0.17373,0.00102,-0.00011,-0.00024,0.00045,0.007,-0.16309,5e-05,2e-05,3e-05,0.00469,-0.00378,-0.17367,10,37.8911,362.8143,38.6816,178.7434,1.5374,-122.4588,0.0098,26.3694,0.2096
182,000182.png,False,1788776715.597303,1788776715.392603,normal_unload,2,,0.06925037013994881,0.00495,0.00131,-0.09695,0.00078,0.0,-0.00027,0.00288,0.01095,-0.08627,-0.00019,0.00013,-0.0,0.0043,0.00206,-0.09696,10,37.8886,362.8251,38.7974,178.742,1.5391,-122.4593,0.0086,26.4854,0.0936
183,000183.png,False,1788776716.009335,1788776715.804635,normal_unload,2,,0.0,0.00244,-0.00243,-0.09242,0.0009,-3e-05,-0.0002,0.00036,0.00726,-0.08168,-8e-05,0.0001,7e-05,0.00397,-0.00236,-0.09237,10,37.8885,362.8227,38.8172,178.7432,1.5378,-122.4597,0.0001,26.5052,0.0738
184,000184.png,False,1788776717.453398,1788776717.248698,normal_load,3,,0.16570750321815525,0.00286,-0.00412,-0.06584,0.00095,-6e-05,-0.00023,0.00073,0.00576,-0.0549,-4e-05,7e-05,5e-05,0.00499,-0.00319,-0.06577,10,37.892,362.8169,38.8945,178.7442,1.5379,-122.4606,0.0062,26.5823,-0.0033
185,000185.png,False,1788776717.661420,1788776717.456720,normal_load,3,,0.16570750321815525,0.00201,-0.00469,-0.07111,0.00098,-2e-05,-0.00019,-0.00012,0.00522,-0.06014,-1e-05,0.00011,9e-05,0.00458,-0.00419,-0.07102,11,37.8924,362.8157,38.8941,178.7444,1.5378,-122.4608,0.0079,26.5819,-0.0029
186,000186.png,False,1788776718.277439,1788776718.072739,normal_load,3,,0.16570750321815525,0.00365,0.00088,-0.09523,0.00085,-3e-05,-0.00014,0.00151,0.01087,-0.08416,-0.00016,0.00011,0.00014,0.00339,0.00106,-0.09524,10,37.8841,362.8357,38.8644,178.7413,1.5411,-122.4609,0.0024,26.5526,0.0264
187,000187.png,False,1788776718.693485,1788776718.488785,normal_load,3,,0.18934397768162514,0.00335,0.00076,-0.12287,0.001,1e-05,6e-05,0.00119,0.01081,-0.11175,-1e-05,0.00014,0.00034,0.00337,0.00037,-0.12288,10,37.8852,362.8299,38.8611,178.7425,1.5398,-122.4609,0.0051,26.5492,0.0298
188,000188.png,False,1788776718.897488,1788776718.692788,normal_load,3,,0.24700156094338582,-0.00109,-0.00897,-0.12888,0.00119,-0.00011,-0.00013,-0.00325,0.0011,-0.11772,0.00018,2e-05,0.00015,0.00443,-0.01037,-0.1287,10,37.8941,362.7812,38.7764,178.7507,1.5309,-122.4606,0.0024,26.4637,0.1153
189,000189.png,False,1788776719.105483,1788776718.900783,normal_load,3,,0.24700156094338582,0.00027,-0.00895,-0.14957,0.00125,-0.00012,-0.00019,-0.0019,0.00115,-0.13839,0.00023,2e-05,9e-05,0.00574,-0.01001,-0.1494,10,37.8908,362.8021,38.7877,178.7479,1.5342,-122.4609,0.004,26.4754,0.1036
190,000190.png,False,1788776720.137453,1788776719.932753,normal_load,3,,0.27741475550456873,0.00276,-0.00023,-0.18576,0.00102,-0.0,-0.00012,0.00056,0.01001,-0.17442,-1e-05,0.00013,0.00017,0.00379,-0.00179,-0.18573,10,37.8884,362.8213,38.741,178.747,1.5352,-122.4612,0.0031,26.429,0.15
191,000191.png,False,1788776720.549596,1788776720.344896,normal_load,3,,0.32648252593504024,0.00219,-0.00483,-0.22986,0.00111,-0.00016,-0.00013,-2e-05,0.00545,-0.21846,8e-05,-2e-05,0.00017,0.0059,-0.00677,-0.22975,10,37.8915,362.8082,38.6873,178.7485,1.5342,-122.4618,0.0078,26.375,0.204
192,000192.png,False,1788776720.757591,1788776720.552891,normal_load,3,,0.348056061299701,0.00346,-0.00199,-0.24721,0.00106,-0.00011,-0.00018,0.00125,0.00833,-0.23578,2e-05,3e-05,0.00011,0.00571,-0.00395,-0.24715,10,37.8889,362.8182,38.6449,178.7484,1.5343,-122.4618,0.0014,26.3328,0.2462
193,000193.png,False,1788776720.961492,1788776720.756792,normal_load,3,,0.348056061299701,0.00377,0.00187,-0.25457,0.00096,-0.0001,-0.00022,0.00155,0.01222,-0.24311,-8e-05,4e-05,7e-05,0.0041,-0.00057,-0.25457,11,37.8888,362.8189,38.6465,178.7482,1.5345,-122.4618,0.0009,26.3344,0.2446
194,000194.png,False,1788776721.581526,1788776721.376826,normal_load,3,,0.348056061299701,0.00574,0.00816,-0.30399,0.00092,-3e-05,-0.00028,0.0035,0.01858,-0.29244,-0.00013,0.00011,1e-05,0.003,0.00506,-0.3041,11,37.8891,362.8269,38.5961,178.7472,1.5362,-122.4625,0.0095,26.2842,0.2948
195,000195.png,False,1788776722.405649,1788776722.200949,normal_load,3,,0.42092203385658133,0.0022,-0.00458,-0.33089,0.00123,-0.00016,-0.00045,-6e-05,0.00595,-0.31922,0.00017,-2e-05,-0.00015,0.00649,-0.00817,-0.33076,10,37.8923,362.8083,38.5531,178.7503,1.5338,-122.4622,0.0085,26.2409,0.3381
196,000196.png,False,1788776722.613661,1788776722.408961,normal_load,3,,0.42092203385658133,0.0067,0.00693,-0.36605,0.00093,-7e-05,-0.00032,0.00443,0.01749,-0.35435,-0.00014,7e-05,-2e-05,0.00488,0.00349,-0.36613,10,37.8855,362.844,38.4954,178.7462,1.5382,-122.4634,0.0044,26.1838,0.3952
197,000197.png,False,1788776723.437719,1788776723.233019,normal_load,3,,0.5040182605524904,0.00479,0.00695,-0.39392,0.00099,-0.00012,-0.00037,0.00249,0.01762,-0.38209,-9e-05,2e-05,-7e-05,0.0034,0.0021,-0.39399,10,37.8891,362.8221,38.5034,178.749,1.5355,-122.4629,0.0061,26.1914,0.3876
198,000198.png,False,1788776724.469669,1788776724.264969,normal_load,3,,0.5741242248090515,0.00761,0.01186,-0.47158,0.00091,-0.00013,-0.00023,0.00528,0.02267,-0.4596,-0.00018,1e-05,8e-05,0.00393,0.00652,-0.47173,10,37.8878,362.8223,38.4515,178.7481,1.5368,-122.4636,0.0086,26.1395,0.4395
199,000199.png,False,1788776724.677687,1788776724.472987,normal_load,3,,0.6440797118478684,0.00948,0.01977,-0.51492,0.00068,-9e-05,-0.0002,0.00715,0.0306,-0.50291,-0.00041,5e-05,0.00011,0.0019,0.01361,-0.5152,10,37.8819,362.8457,38.3935,178.7425,1.5425,-122.464,0.0093,26.082,0.497
200,000200.png,False,1788776724.885689,1788776724.680989,normal_load,3,,0.6440797118478684,0.01217,0.02666,-0.54767,0.00044,-0.00012,-0.0002,0.00984,0.03752,-0.53563,-0.00066,3e-05,0.00011,0.00102,0.0204,-0.54807,10,37.883,362.841,38.4016,178.7435,1.5417,-122.4637,0.0028,26.09,0.489
201,000201.png,False,1788776725.089718,1788776724.885018,normal_load,3,,0.6440797118478684,-0.00108,-0.00593,-0.58219,0.00136,-0.00042,-0.00016,-0.00342,0.00496,-0.57012,0.00027,-0.00027,0.00014,0.00606,-0.015,-0.58199,10,37.8947,362.7721,38.3598,178.75,1.535,-122.4634,0.0002,26.047,0.532
202,000202.png,False,1788776725.297710,1788776725.093010,normal_load,3,,0.6440797118478684,0.00022,0.00193,-0.61172,0.00127,-0.00034,-5e-05,-0.00213,0.01284,-0.59962,0.00017,-0.0002,0.00026,0.00347,-0.00802,-0.61166,10,37.8905,362.801,38.3659,178.7469,1.538,-122.4636,0.0063,26.0536,0.5254
203,000203.png,False,1788776725.917738,1788776725.713038,normal_load,3,,0.7043925165378312,0.006,0.0171,-0.59129,0.00085,-0.00014,-0.00032,0.00364,0.02809,-0.5791,-0.00026,1e-05,-1e-05,0.00075,0.00833,-0.59151,10,37.8863,362.8232,38.3575,178.7423,1.543,-122.4638,0.0002,26.0456,0.5334
204,000204.png,False,1788776726.329829,1788776726.125129,normal_load,3,,0.7043925165378312,0.01062,0.02632,-0.73781,0.00071,-0.0002,-0.00015,0.00824,0.03737,-0.72556,-0.0004,-5e-05,0.00016,0.00116,0.01628,-0.73817,10,37.8846,362.8268,38.2873,178.7409,1.5449,-122.4636,0.0096,25.9754,0.6036
205,000205.png,False,1788776726.537894,1788776726.333194,normal_load,3,,0.7043925165378312,0.00865,0.02076,-0.71269,0.00081,-0.0003,-0.00016,0.00627,0.03184,-0.70041,-0.00031,-0.00015,0.00015,0.00206,0.01088,-0.71295,10,37.8861,362.8204,38.2987,178.7425,1.5431,-122.4636,0.0027,25.9867,0.5923
206,000206.png,False,1788776726.949789,1788776726.745089,normal_load,3,,0.8381586932462654,0.00391,0.01452,-0.66494,0.00097,-0.00025,-0.00024,0.00152,0.02565,-0.6526,-0.00015,-0.0001,7e-05,0.00075,0.00387,-0.6651,10,37.8861,362.8173,38.3134,178.7425,1.5428,-122.4636,0.0046,26.0014,0.5776
207,000207.png,False,1788776727.361814,1788776727.157114,normal_load,3,,0.8418817739434672,0.00627,0.01429,-0.73497,0.00101,-0.00026,-0.00011,0.00386,0.02548,-0.72257,-0.00012,-0.00011,0.00021,0.00338,0.00374,-0.73511,11,37.887,362.8146,38.2791,178.7426,1.543,-122.4636,0.0088,25.9671,0.6119
208,000208.png,False,1788776728.393939,1788776728.189239,normal_load,3,,0.9032633570035983,0.00615,0.01961,-0.8052,0.00095,-0.00037,-0.00011,0.00371,0.03094,-0.79265,-0.00019,-0.00022,0.00021,0.00111,0.00716,-0.80543,10,37.887,362.8162,38.2355,178.7425,1.5434,-122.4633,0.0037,25.9235,0.6555
209,000209.png,False,1788776728.601957,1788776728.397257,normal_load,3,,0.9032633570035983,0.00483,0.01446,-0.86592,0.00108,-0.00042,-0.0002,0.00239,0.02582,-0.85335,-6e-05,-0.00027,0.00012,0.00296,0.00107,-0.86605,11,37.8897,362.8093,38.1664,178.7413,1.5447,-122.4638,0.0028,25.8543,0.7247
210,000210.png,False,1788776728.805995,1788776728.601295,normal_load,3,,0.9032633570035983,0.00701,0.02008,-0.90075,0.00104,-0.00035,-0.00037,0.00456,0.03146,-0.88815,-0.00011,-0.0002,-5e-05,0.00228,0.00646,-0.90098,10,37.8874,362.8155,38.1755,178.741,1.545,-122.4636,0.0055,25.8635,0.7155
211,000211.png,False,1788776729.218013,1788776729.013313,normal_load,3,,0.9993245400036954,0.00522,0.01944,-0.87511,0.00097,-0.00039,-0.00036,0.00276,0.03087,-0.86244,-0.00018,-0.00024,-3e-05,0.00087,0.00543,-0.87532,11,37.8874,362.8145,38.182,178.7416,1.5444,-122.4636,0.0057,25.8699,0.7091
212,000212.png,False,1788776729.426032,1788776729.221332,normal_load,3,,0.9993245400036954,0.0051,0.01871,-0.84561,0.00099,-0.00039,-0.00054,0.00263,0.03017,-0.83291,-0.00016,-0.00024,-0.00022,0.00093,0.0052,-0.84582,10,37.8875,362.815,38.1848,178.7416,1.5444,-122.4636,0.0009,25.8727,0.7063
213,000213.png,False,1788776729.838017,1788776729.633317,normal_load,3,,1.024197721318123,0.00547,0.0178,-0.92349,0.0011,-0.00043,-0.00035,0.00299,0.02932,-0.91073,-6e-05,-0.00027,-2e-05,0.00225,0.00336,-0.92367,10,37.8898,362.8093,38.1542,178.743,1.543,-122.4638,0.0087,25.842,0.737
214,000214.png,False,1788776730.869987,1788776730.665287,normal_load,3,,1.115395129077365,0.0081,0.02564,-1.02403,0.00095,-0.00043,-0.00022,0.00559,0.03729,-1.01112,-0.00023,-0.00028,0.00011,0.0013,0.00985,-1.02434,10,37.8885,362.818,38.1109,178.7412,1.5449,-122.4638,0.0072,25.7989,0.7801
215,000215.png,False,1788776731.078093,1788776730.873393,normal_load,3,,1.115395129077365,0.00139,0.00496,-1.0966,0.00153,-0.00067,-7e-05,-0.00112,0.01664,-1.08366,0.00036,-0.00051,0.00026,0.00633,-0.01257,-1.09652,10,37.8951,362.776,38.0549,178.7465,1.5394,-122.4637,0.0006,25.7422,0.8368
216,000216.png,False,1788776731.282115,1788776731.077415,normal_load,3,,1.115395129077365,0.001,0.00467,-1.12099,0.00155,-0.00068,-0.00019,-0.00152,0.01638,-1.10801,0.00037,-0.00052,0.00015,0.0063,-0.01341,-1.1209,11,37.8937,362.7882,38.0629,178.7449,1.5409,-122.4639,0.0018,25.7504,0.8286
217,000217.png,False,1788776731.902138,1788776731.697438,normal_load,3,,1.216643892654159,0.01104,0.02698,-1.11705,0.00092,-0.00045,-0.00021,0.00851,0.03877,-1.10398,-0.00027,-0.00029,0.00013,0.00383,0.01099,-1.11737,11,37.8894,362.8149,38.0606,178.7409,1.5455,-122.4641,0.0019,25.7486,0.8304
218,000218.png,False,1788776732.110048,1788776731.905348,normal_load,3,,1.216643892654159,0.01126,0.02954,-1.21819,0.00096,-0.00049,-0.00021,0.00872,0.04136,-1.20509,-0.00023,-0.00033,0.00013,0.00344,0.0117,-1.21854,10,37.8893,362.82,38.0047,178.7388,1.5483,-122.4641,0.0017,25.6928,0.8862
219,000219.png,False,1788776733.142184,1788776732.937484,normal_load,3,,1.3521572625112583,0.00591,0.01428,-1.2346,0.00136,-0.00062,-0.0003,0.00333,0.02623,-1.22135,0.00016,-0.00046,3e-05,0.00654,-0.00446,-1.23467,11,37.8952,362.7927,37.9862,178.7437,1.5437,-122.464,0.0063,25.6737,0.9053
220,000220.png,False,1788776733.346201,1788776733.141501,normal_load,3,,1.3521572625112583,0.00635,0.01635,-1.25643,0.00131,-0.00064,-0.0003,0.00377,0.02833,-1.24315,0.0001,-0.00048,4e-05,0.00604,-0.0028,-1.25653,10,37.8942,362.7998,37.9891,178.7421,1.5454,-122.4641,0.0091,25.6768,0.9022
221,000221.png,False,1788776734.378284,1788776734.173584,normal_load,3,,1.4369161493832197,0.01165,0.02755,-1.32756,0.00113,-0.00054,-0.00034,0.00905,0.03967,-1.31414,-9e-05,-0.00038,0.0,0.00553,0.00842,-1.32786,11,37.8925,362.8094,37.9551,178.7417,1.5465,-122.4645,0.0052,25.643,0.936
222,000222.png,False,1788776734.586258,1788776734.381558,normal_load,3,,1.4369161493832197,0.00804,0.01882,-1.42175,0.00145,-0.00069,-0.00022,0.00542,0.03097,-1.40829,0.00022,-0.00052,0.00013,0.00741,-0.00246,-1.42188,10,37.8955,362.7992,37.9048,178.7411,1.5471,-122.4656,0.0043,25.5925,0.9865
223,000223.png,False,1788776734.794307,1788776734.589607,normal_load,3,,1.4369161493832197,0.01231,0.025,-1.45358,0.00121,-0.00066,-0.00027,0.00969,0.03717,-1.44009,-2e-05,-0.00049,8e-05,0.00825,0.00452,-1.45381,10,37.8945,362.8041,37.9096,178.7409,1.5473,-122.4656,0.0022,25.5974,0.9816
224,000224.png,False,1788776735.410228,1788776735.205528,normal_load,3,,1.541992758075776,0.0171,0.03688,-1.41029,0.00089,-0.00054,-0.00036,0.01446,0.04914,-1.39671,-0.00034,-0.00037,-2e-05,0.00616,0.0179,-1.41075,10,37.893,362.815,37.9164,178.7408,1.5478,-122.4654,0.0061,25.6044,0.9746
225,000225.png,False,1788776735.618229,1788776735.413529,normal_load,3,,1.541992758075776,0.00788,0.01973,-1.48908,0.00151,-0.0007,-0.00029,0.00524,0.03201,-1.47547,0.00028,-0.00053,6e-05,0.00729,-0.00283,-1.48921,11,37.8983,362.786,37.8719,178.7452,1.543,-122.4662,0.0007,25.5593,1.0197
226,000226.png,False,1788776736.442349,1788776736.237649,normal_load,3,,1.603879512475706,0.01709,0.03738,-1.52444,0.00101,-0.0006,-0.00043,0.01443,0.04977,-1.51071,-0.00023,-0.00043,-8e-05,0.0067,0.0165,-1.52489,11,37.894,362.812,37.8665,178.7396,1.5494,-122.4661,0.0015,25.5544,1.0246
227,000227.png,False,1788776736.650377,1788776736.445677,normal_load,3,,1.603879512475706,0.01719,0.03629,-1.5849,0.00101,-0.0006,-0.00033,0.01451,0.04871,-1.57114,-0.00024,-0.00043,2e-05,0.00774,0.01463,-1.58532,10,37.8938,362.8186,37.8312,178.737,1.5535,-122.4662,0.0037,25.5192,1.0598
228,000228.png,False,1788776736.858413,1788776736.653713,normal_load,3,,1.603879512475706,0.02268,0.04893,-1.60207,0.00076,-0.00045,-0.00045,0.02001,0.06137,-1.58828,-0.00049,-0.00028,-0.0001,0.00631,0.02804,-1.60272,11,37.8948,362.8213,37.8388,178.7368,1.5536,-122.4664,0.0097,25.5268,1.0522
229,000229.png,False,1788776737.474427,1788776737.269727,normal_load,3,,1.7102896283049263,0.01854,0.03542,-1.58229,0.00104,-0.00062,-0.00039,0.01585,0.04794,-1.56841,-0.00022,-0.00045,-4e-05,0.00934,0.01459,-1.5827,10,37.8951,362.8105,37.8431,178.7393,1.5509,-122.4666,0.0016,25.531,1.048
230,000230.png,False,1788776737.890383,1788776737.685683,normal_load,3,,1.7102896283049263,0.01226,0.02406,-1.73254,0.00155,-0.0008,-0.00035,0.00956,0.03664,-1.7186,0.00029,-0.00063,1e-05,0.01062,-0.00079,-1.73272,10,37.8979,362.7976,37.7924,178.7424,1.5478,-122.468,0.004,25.48,1.099
231,000231.png,False,1788776738.506486,1788776738.301786,normal_load,3,,1.8309918492803434,0.01823,0.03826,-1.73389,0.00111,-0.0007,-0.0002,0.01551,0.05093,-1.71986,-0.00017,-0.00052,0.00016,0.00869,0.01447,-1.73433,10,37.8961,362.8082,37.7929,178.7389,1.5517,-122.4675,0.0067,25.4807,1.0983
232,000232.png,False,1788776738.714462,1788776738.509762,normal_load,3,,1.8309918492803434,0.01794,0.04439,-1.80831,0.001,-0.00069,-0.00019,0.01521,0.05708,-1.79425,-0.00028,-0.00052,0.00017,0.0059,0.01844,-1.80884,10,37.8932,362.8239,37.7595,178.7334,1.5576,-122.4678,0.0077,25.4476,1.1314
233,000233.png,False,1788776739.538425,1788776739.333725,normal_load,3,,1.940203174219275,0.01828,0.0426,-1.83308,0.0011,-0.00069,-5e-05,0.01552,0.0554,-1.8189,-0.00018,-0.00051,0.00031,0.00726,0.01666,-1.83358,11,37.8948,362.8108,37.7597,178.7373,1.5537,-122.4677,0.0039,25.4476,1.1314
234,000234.png,False,1788776739.954444,1788776739.749744,normal_load,3,,1.940203174219275,0.00741,0.0259,-2.00902,0.00168,-0.00111,-0.00023,0.00464,0.03875,-1.99478,0.00039,-0.00094,0.00013,0.0074,-0.00605,-2.00918,10,37.8954,362.7894,37.6956,178.7421,1.5487,-122.4676,0.0035,25.3832,1.1958
235,000235.png,False,1788776740.366544,1788776740.161844,normal_unload,3,,1.940203174219275,0.01377,0.04556,-1.96883,0.00111,-0.0009,-0.00016,0.011,0.05847,-1.95453,-0.00019,-0.00072,0.00021,0.00282,0.0148,-1.96935,10,37.8923,362.8051,37.7069,178.7377,1.5535,-122.4679,0.0061,25.3947,1.1843
236,000236.png,False,1788776740.570581,1788776740.365881,normal_unload,3,,1.8362154916491533,0.01581,0.04724,-1.96516,0.00108,-0.00087,-8e-05,0.01302,0.06018,-1.95082,-0.00022,-0.0007,0.00028,0.00371,0.01733,-1.96571,10,37.8915,362.8077,37.7095,178.7368,1.5548,-122.468,0.0087,25.3974,1.1816
237,000237.png,False,1788776740.778485,1788776740.573785,normal_unload,3,,1.8362154916491533,0.01569,0.0475,-1.92727,0.00097,-0.00086,-0.00031,0.0129,0.06047,-1.9129,-0.00034,-0.00069,5e-05,0.00322,0.01811,-1.92783,11,37.892,362.8094,37.7119,178.7364,1.5553,-122.468,0.0082,25.3998,1.1792
238,000238.png,False,1788776740.986573,1788776740.781873,normal_unload,3,,1.688525926214686,0.02407,0.0761,-1.67223,0.00021,-0.00042,-0.00028,0.02128,0.0891,-1.65783,-0.0011,-0.00025,8e-05,-0.00558,0.05115,-1.67334,10,37.8855,362.8337,37.7824,178.7296,1.5629,-122.4684,0.0057,25.4707,1.1083
239,000239.png,False,1788776741.398517,1788776741.193817,normal_unload,3,,1.688525926214686,0.00974,0.03283,-1.74757,0.00134,-0.00084,-0.00016,0.00693,0.04588,-1.73312,2e-05,-0.00067,0.00021,0.00415,0.00531,-1.7479,11,37.8936,362.789,37.7928,178.7347,1.5573,-122.4683,0.0035,25.4804,1.0986
240,000240.png,False,1788776741.810642,1788776741.605942,normal_unload,3,,1.5964834942389898,0.00981,0.03221,-1.685,0.00132,-0.00085,-0.00032,0.00699,0.04531,-1.67049,0.0,-0.00067,5e-05,0.00408,0.0058,-1.68532,10,37.8911,362.8024,37.7968,178.7342,1.5586,-122.4679,0.0072,25.4846,1.0944
241,000241.png,False,1788776742.222657,1788776742.017957,normal_unload,3,,1.5312861104254267,0.01073,0.03646,-1.63364,0.00126,-0.00076,-0.00016,0.0079,0.04962,-1.61906,-7e-05,-0.00058,0.00021,0.0024,0.01077,-1.63404,10,37.8898,362.8054,37.8192,178.7358,1.5565,-122.4676,0.0021,25.5071,1.0719
242,000242.png,False,1788776742.430691,1788776742.225991,normal_unload,3,,1.5312861104254267,0.01323,0.0422,-1.53345,0.00096,-0.00064,-0.00016,0.01039,0.05539,-1.51885,-0.00037,-0.00046,0.00022,0.001,0.01859,-1.53398,10,37.8886,362.8179,37.8831,178.7311,1.5616,-122.4679,0.0042,25.5712,1.0078
243,000243.png,False,1788776742.638660,1788776742.433960,normal_unload,3,,1.3847728350905584,0.01039,0.03463,-1.47272,0.00118,-0.00065,-0.00026,0.00755,0.04784,-1.45808,-0.00015,-0.00047,0.00011,0.00191,0.01159,-1.47312,11,37.8887,362.8111,37.8727,178.7328,1.5597,-122.4679,0.009,25.5607,1.0183
244,000244.png,False,1788776742.842694,1788776742.637994,normal_unload,3,,1.3847728350905584,0.01028,0.03185,-1.48409,0.00124,-0.00067,-0.00019,0.00743,0.04509,-1.46942,-0.0001,-0.0005,0.00019,0.00328,0.00895,-1.48444,10,37.8904,362.8048,37.9097,178.7327,1.5602,-122.4679,0.0063,25.5975,0.9815
245,000245.png,False,1788776743.254621,1788776743.049921,normal_unload,3,,1.2422930694313492,0.00643,0.02058,-1.34813,0.00146,-0.00071,-0.0002,0.00357,0.03387,-1.33341,0.00012,-0.00053,0.00018,0.00464,-0.00056,-1.3483,10,37.8912,362.8017,37.9259,178.7345,1.5583,-122.4678,0.0036,25.6136,0.9654
246,000246.png,False,1788776743.462623,1788776743.257923,normal_unload,3,,1.2422930694313492,0.01385,0.03895,-1.27375,0.00095,-0.00048,-0.00023,0.01099,0.05227,-1.25899,-0.00039,-0.0003,0.00015,0.00137,0.02025,-1.27426,11,37.8879,362.822,37.9671,178.7324,1.5605,-122.4677,0.0096,25.6552,0.9238
247,000247.png,False,1788776743.670743,1788776743.466043,normal_unload,3,,1.158910421736766,0.01136,0.03443,-1.24731,0.00101,-0.00049,-0.00028,0.00849,0.04778,-1.23252,-0.00033,-0.00031,0.0001,0.00128,0.01551,-1.24774,10,37.8886,362.8174,37.9659,178.7336,1.5595,-122.4677,0.0024,25.6539,0.9251
248,000248.png,False,1788776743.874641,1788776743.669941,normal_unload,3,,1.158910421736766,0.01106,0.02915,-1.26218,0.00118,-0.00055,-0.00022,0.00818,0.04252,-1.24737,-0.00017,-0.00037,0.00016,0.00377,0.01055,-1.26252,10,37.8888,362.8163,37.9707,178.7342,1.5589,-122.4676,0.0002,25.6588,0.9202
249,000249.png,False,1788776744.082709,1788776743.878009,normal_unload,3,,1.0460238662872399,0.00598,0.0158,-1.14295,0.00145,-0.0006,-0.00014,0.00309,0.0292,-1.1281,0.0001,-0.00042,0.00024,0.00521,-0.00164,-1.14306,10,37.891,362.8033,38.0104,178.7352,1.5578,-122.4678,0.007,25.6982,0.8808
250,000250.png,False,1788776744.286669,1788776744.081969,normal_unload,3,,1.0460238662872399,0.00627,0.01618,-1.15203,0.00147,-0.00057,-0.00029,0.00339,0.02961,-1.13715,0.00012,-0.00039,9e-05,0.00534,-0.0013,-1.15215,10,37.8917,362.8042,38.011,178.7349,1.5581,-122.4678,0.0099,25.6988,0.8802
251,000251.png,False,1788776744.494782,1788776744.290082,normal_unload,3,,1.0460238662872399,0.01013,0.02734,-1.05019,0.00109,-0.00044,-0.00044,0.00723,0.0408,-1.03528,-0.00027,-0.00026,-6e-05,0.00239,0.01192,-1.05053,10,37.8895,362.8142,38.0594,178.7337,1.5594,-122.4679,0.0035,25.7473,0.8317
252,000252.png,False,1788776744.906824,1788776744.702124,normal_unload,3,,0.9351751939913641,0.00911,0.02016,-0.99875,0.00127,-0.00046,-0.00049,0.0062,0.03367,-0.98378,-9e-05,-0.00027,-0.00011,0.00474,0.00601,-0.99897,10,37.8887,362.8202,38.1387,178.7315,1.5621,-122.4679,0.0,25.8267,0.7523
253,000253.png,False,1788776745.114824,1788776744.910124,normal_unload,3,,0.8618026070425202,0.00475,0.01124,-0.93746,0.0015,-0.00044,-0.00043,0.00184,0.02478,-0.92246,0.00014,-0.00026,-4e-05,0.005,-0.00291,-0.93752,10,37.893,362.8035,38.1018,178.7355,1.5578,-122.4678,0.0066,25.7896,0.7894
254,000254.png,False,1788776745.318799,1788776745.114099,normal_unload,3,,0.8618026070425202,0.0063,0.01315,-0.95747,0.00141,-0.00046,-0.00034,0.00338,0.02672,-0.94244,5e-05,-0.00028,5e-05,0.00552,-0.0008,-0.95757,11,37.8906,362.8066,38.1026,178.7351,1.5579,-122.4676,0.0088,25.7904,0.7886
255,000255.png,False,1788776745.734858,1788776745.530158,normal_unload,3,,0.7402618079795616,0.00699,0.01616,-0.84223,0.00131,-0.00039,-0.00057,0.00406,0.02978,-0.82713,-6e-05,-0.00021,-0.00019,0.00381,0.004,-0.84239,10,37.8906,362.8121,38.1481,178.7351,1.5585,-122.4681,0.0013,25.836,0.743
256,000256.png,False,1788776745.938860,1788776745.734160,normal_unload,3,,0.7402618079795616,0.00901,0.01807,-0.80572,0.0013,-0.00031,-0.00055,0.00608,0.03172,-0.7906,-8e-05,-0.00013,-0.00016,0.00436,0.00725,-0.80593,11,37.8873,362.8314,38.2395,178.7308,1.5632,-122.4684,0.0037,25.9277,0.6513
257,000257.png,False,1788776746.146861,1788776745.942161,normal_unload,3,,0.6448526775446339,0.00694,0.00889,-0.72186,0.00147,-0.00034,-0.00059,0.004,0.02256,-0.70671,9e-05,-0.00016,-0.00021,0.00658,-0.0004,-0.72192,10,37.8923,362.8081,38.2111,178.7355,1.5584,-122.4681,0.01,25.8989,0.6801
258,000258.png,False,1788776746.350770,1788776746.146070,normal_unload,3,,0.6448526775446339,0.0062,0.00921,-0.74408,0.00146,-0.00034,-0.00043,0.00326,0.02291,-0.7289,8e-05,-0.00016,-4e-05,0.00593,-0.00084,-0.74414,10,37.8921,362.8078,38.2109,178.7355,1.558,-122.4685,0.0075,25.8987,0.6803
259,000259.png,False,1788776746.558775,1788776746.354075,normal_unload,3,,0.6448526775446339,0.00719,0.00832,-0.67574,0.00138,-0.00026,-0.00032,0.00424,0.02205,-0.66053,-0.0,-7e-05,6e-05,0.00676,-3e-05,-0.6758,11,37.8924,362.8056,38.2638,178.7357,1.5582,-122.4687,0.0006,25.9516,0.6274
260,000260.png,False,1788776746.766784,1788776746.562084,normal_unload,3,,0.5488636794455516,0.00652,0.00679,-0.66206,0.00146,-0.00031,-0.00034,0.00356,0.02054,-0.64681,7e-05,-0.00012,5e-05,0.00684,-0.00147,-0.66209,10,37.893,362.8098,38.2667,178.7354,1.5588,-122.4692,0.0063,25.9545,0.6245
261,000261.png,False,1788776746.970802,1788776746.766102,normal_unload,3,,0.5488636794455516,0.00714,0.01133,-0.64072,0.0013,-0.00024,-0.00032,0.00418,0.02511,-0.62545,-9e-05,-6e-05,7e-05,0.00497,0.00312,-0.64083,10,37.8908,362.8208,38.3477,178.7333,1.561,-122.4699,0.0093,26.0357,0.5433
262,000262.png,False,1788776747.178803,1788776746.974103,normal_unload,3,,0.45120716927424387,0.00541,0.0069,-0.55398,0.00139,-0.00021,-0.00029,0.00244,0.02071,-0.53868,0.0,-3e-05,0.0001,0.00508,-0.00019,-0.55403,11,37.8925,362.8141,38.3324,178.7354,1.5588,-122.4703,0.004,26.0203,0.5587
263,000263.png,False,1788776747.382819,1788776747.178119,normal_unload,3,,0.45120716927424387,0.00481,0.00745,-0.55512,0.00138,-0.0002,-0.00037,0.00184,0.02129,-0.53978,-1e-05,-1e-05,2e-05,0.0043,-4e-05,-0.55517,10,37.8935,362.8124,38.3309,178.7358,1.5586,-122.47,0.0008,26.0188,0.5602
264,000264.png,False,1788776748.002947,1788776747.798247,normal_unload,3,,0.3878189363363844,0.00694,0.00796,-0.46387,0.00134,-0.00012,-0.00029,0.00395,0.02188,-0.44844,-6e-05,7e-05,0.00011,0.00525,0.00294,-0.46395,11,37.8912,362.824,38.4566,178.7346,1.5608,-122.472,0.0044,26.1446,0.4344
265,000265.png,False,1788776748.414937,1788776748.210237,normal_unload,3,,0.32566047097759565,0.00428,0.00296,-0.42248,0.00148,-0.00012,-0.00015,0.00127,0.01693,-0.407,8e-05,7e-05,0.00025,0.00516,-0.00207,-0.42248,10,37.8934,362.8115,38.4532,178.7372,1.5584,-122.4713,0.0042,26.1411,0.4379
266,000266.png,False,1788776749.034985,1788776748.830285,normal_unload,3,,0.23298797342911257,0.00571,0.00455,-0.32232,0.00136,-8e-05,-0.00039,0.00268,0.01861,-0.30674,-6e-05,0.00011,1e-05,0.0049,0.00163,-0.32236,10,37.8881,362.8168,38.5571,178.7358,1.5598,-122.4725,0.0011,26.245,0.334
267,000267.png,False,1788776749.446927,1788776749.242227,normal_unload,3,,0.1748679948068201,0.00205,-0.00252,-0.27356,0.00153,-0.00013,-0.00026,-0.00099,0.0116,-0.25792,0.00011,6e-05,0.00014,0.00492,-0.00554,-0.27348,10,37.8904,362.8117,38.5822,178.7377,1.5583,-122.4726,0.0088,26.2701,0.3089
268,000268.png,False,1788776749.654933,1788776749.450233,normal_unload,3,,0.1748679948068201,0.00332,0.00837,-0.21232,0.00124,-1e-05,-0.00028,0.00028,0.02251,-0.19665,-0.00018,0.00018,0.00012,0.00017,0.00551,-0.21244,10,37.8843,362.8326,38.6728,178.7348,1.5618,-122.4725,0.005,26.361,0.218
269,000269.png,False,1788776750.067050,1788776749.862350,normal_unload,3,,0.09075273229240963,0.00052,0.00061,-0.19477,0.00145,-8e-05,-0.0003,-0.00253,0.0148,-0.17905,2e-05,0.00011,0.0001,0.0015,-0.00233,-0.19475,10,37.8852,362.8223,38.683,178.7365,1.5602,-122.4725,0.0003,26.371,0.208
270,000270.png,False,1788776750.478979,1788776750.274279,normal_unload,3,,0.038013206230886,-0.00064,-0.00518,-0.13186,0.00156,-0.00016,-0.00035,-0.0037,0.00907,-0.11607,0.00012,3e-05,5e-05,0.00295,-0.00692,-0.13175,11,37.8874,362.8111,38.7481,178.7388,1.5578,-122.4724,0.0094,26.4359,0.1431
271,000271.png,False,1788776750.686985,1788776750.482285,normal_unload,3,,0.038013206230886,0.00332,0.00297,-0.0915,0.00129,-4e-05,-0.00024,0.00025,0.01724,-0.07568,-0.00015,0.00015,0.00016,0.00203,0.00276,-0.09155,10,37.8791,362.8458,38.9029,178.7334,1.5638,-122.4723,0.0066,26.5913,-0.0123
272,000272.png,False,1788776751.719160,1788776751.514460,dwell,3,,0.0,0.00017,-0.00227,-0.07699,0.00148,-0.00012,-0.0003,-0.00293,0.01214,-0.06102,3e-05,7e-05,0.00011,0.00182,-0.00312,-0.07694,11,37.8817,362.8275,38.8824,178.7375,1.5604,-122.4723,0.0054,26.5705,0.0085
273,000273.png,False,1788776751.927099,1788776751.722399,normal_load,4,,0.0,0.00035,-0.00333,-0.05909,0.00144,-0.00011,-0.00042,-0.00275,0.01111,-0.04309,-1e-05,9e-05,-1e-05,0.00238,-0.00366,-0.05903,10,37.8824,362.8268,38.8817,178.7376,1.5603,-122.4725,0.0009,26.5698,0.0092
274,000274.png,False,1788776752.131131,1788776751.926431,normal_load,4,,0.17240983210746208,0.00052,-0.00422,-0.06625,0.00145,-0.00011,-0.00036,-0.00259,0.01024,-0.05022,-1e-05,8e-05,5e-05,0.00302,-0.00446,-0.06616,10,37.8803,362.8282,38.8821,178.7373,1.5603,-122.4722,0.0037,26.5702,0.0088
275,000275.png,False,1788776752.339147,1788776752.134447,normal_load,4,,0.17240983210746208,-0.00163,-0.00765,-0.09083,0.00159,-0.00019,-0.00034,-0.00475,0.00684,-0.07477,0.00013,0.0,7e-05,0.00304,-0.0089,-0.09068,11,37.8956,362.7517,38.7698,178.7491,1.5481,-122.4719,0.0093,26.4566,0.1224
276,000276.png,False,1788776753.991177,1788776753.786477,normal_load,4,,0.23632712915733692,0.00188,-0.00203,-0.13658,0.00144,-0.00011,-0.00033,-0.00129,0.01269,-0.12028,-4e-05,8e-05,8e-05,0.00359,-0.00301,-0.13653,10,37.8826,362.8269,38.7834,178.731,1.5678,-122.4724,0.0099,26.4715,0.1075
277,000277.png,False,1788776754.815193,1788776754.610493,normal_load,4,,0.2919068200627948,0.00121,-0.0006,-0.20433,0.0015,-0.00015,-0.00016,-0.00198,0.01422,-0.18791,1e-05,5e-05,0.00026,0.00276,-0.00318,-0.20429,10,37.8831,362.823,38.7245,178.7316,1.5668,-122.4722,0.0037,26.4125,0.1665
278,000278.png,False,1788776755.023202,1788776754.818502,normal_load,4,,0.2919068200627948,0.00152,-0.00048,-0.20297,0.00151,-0.00013,-0.0002,-0.00167,0.01437,-0.18652,2e-05,7e-05,0.00022,0.00296,-0.00291,-0.20293,10,37.8837,362.8223,38.7261,178.7317,1.567,-122.4722,0.01,26.4141,0.1649
279,000279.png,False,1788776755.435303,1788776755.230603,normal_load,4,,0.3307294815775492,0.00313,0.00107,-0.23305,0.00148,-0.00015,-0.00032,-7e-05,0.01597,-0.21654,-2e-05,5e-05,0.0001,0.0038,-0.00124,-0.23304,10,37.8838,362.8246,38.6779,178.7297,1.5695,-122.4718,0.0015,26.3659,0.2131
280,000280.png,False,1788776755.847243,1788776755.642543,normal_load,4,,0.36030524083442683,-1e-05,-0.00383,-0.26551,0.00163,-0.00015,-0.00032,-0.00323,0.01112,-0.24894,0.00012,5e-05,0.0001,0.00375,-0.00758,-0.26541,10,37.8853,362.8135,38.6393,178.7302,1.5686,-122.472,0.0064,26.3272,0.2518
281,000281.png,False,1788776756.879297,1788776756.674598,normal_load,4,,0.40561723114216763,0.00277,-0.00263,-0.30155,0.00157,-0.00023,-0.00047,-0.00048,0.01247,-0.28482,5e-05,-2e-05,-4e-05,0.0058,-0.00572,-0.30146,11,37.8846,362.8176,38.5845,178.7301,1.5688,-122.4716,0.0003,26.2724,0.3066
282,000282.png,False,1788776757.291407,1788776757.086707,normal_load,4,,0.4568491133656124,0.00021,-0.00541,-0.35957,0.00172,-0.00027,-0.00034,-0.00305,0.00974,-0.34279,0.0002,-6e-05,9e-05,0.00538,-0.01034,-0.35943,10,37.8872,362.8073,38.5448,178.7319,1.5668,-122.4718,0.0096,26.2326,0.3464
283,000283.png,False,1788776758.323371,1788776758.118671,normal_load,4,,0.5253081852321031,0.00353,0.00241,-0.42767,0.00153,-0.00022,-0.00017,0.00024,0.0177,-0.41073,-1e-05,-1e-05,0.00026,0.00481,-0.003,-0.42765,10,37.8858,362.8213,38.502,178.7313,1.5678,-122.4716,0.0019,26.1901,0.3889
284,000284.png,False,1788776758.943479,1788776758.738779,normal_load,4,,0.5253081852321031,0.00263,-0.00356,-0.49518,0.00173,-0.00032,-0.0002,-0.00067,0.0118,-0.47816,0.00018,-0.00012,0.00023,0.00749,-0.0097,-0.49505,10,37.8889,362.8047,38.4465,178.7338,1.5651,-122.4715,0.0052,26.1343,0.4447
285,000285.png,False,1788776759.355494,1788776759.150794,normal_load,4,,0.5883908814662959,0.00513,0.00181,-0.46985,0.00163,-0.00024,-0.00041,0.00182,0.01724,-0.45276,8e-05,-3e-05,2e-05,0.0068,-0.00339,-0.46982,10,37.8873,362.8147,38.4522,178.7316,1.5678,-122.4716,0.0059,26.1401,0.4389
286,000286.png,False,1788776759.771501,1788776759.566801,normal_load,4,,0.6277464081312019,0.0099,0.01756,-0.53076,0.00124,-0.00015,-0.00038,0.00658,0.03304,-0.51361,-0.00032,6e-05,6e-05,0.00349,0.01165,-0.53101,10,37.8843,362.8318,38.4098,178.727,1.5727,-122.4719,0.0021,26.098,0.481
287,000287.png,False,1788776759.975519,1788776759.770819,normal_load,4,,0.6676219986122817,0.00462,-0.00294,-0.56099,0.00177,-0.0004,-0.00032,0.00129,0.01257,-0.54381,0.00021,-0.00019,0.00012,0.00936,-0.00922,-0.56086,10,37.8906,362.8028,38.3764,178.73,1.5701,-122.4718,0.0045,26.0641,0.5149
288,000288.png,False,1788776760.183537,1788776759.978837,normal_load,4,,0.6676219986122817,0.00699,0.00573,-0.57014,0.00158,-0.00028,-0.00036,0.00365,0.02126,-0.55293,2e-05,-7e-05,8e-05,0.00715,-0.00067,-0.57017,10,37.8881,362.8159,38.3797,178.7278,1.5725,-122.4717,0.0086,26.0676,0.5114
289,000289.png,False,1788776760.595582,1788776760.390882,normal_load,4,,0.6676219986122817,0.01041,0.01595,-0.68124,0.00139,-0.00024,-0.00028,0.00706,0.03154,-0.66397,-0.00018,-3e-05,0.00016,0.00577,0.0081,-0.68144,10,37.8864,362.8268,38.3198,178.7269,1.5735,-122.4719,0.001,26.0079,0.5711
290,000290.png,False,1788776760.803576,1788776760.598876,normal_load,4,,0.6676219986122817,0.00824,0.01516,-0.65806,0.00148,-0.00023,-0.00041,0.00488,0.03077,-0.64076,-9e-05,-2e-05,3e-05,0.00413,0.00671,-0.65824,10,37.8864,362.8237,38.3242,178.7269,1.5732,-122.4719,0.0076,26.0122,0.5668
291,000291.png,False,1788776761.215564,1788776761.010864,normal_load,4,,0.7799998466138077,0.00893,0.00909,-0.62691,0.00151,-0.00033,-0.00045,0.00556,0.02476,-0.60955,-7e-05,-0.00012,-1e-05,0.00754,0.00229,-0.62699,10,37.8881,362.8182,38.3325,178.7274,1.573,-122.4719,0.0052,26.0205,0.5585
292,000292.png,False,1788776761.627531,1788776761.422831,normal_load,4,,0.7799998466138077,0.00205,-0.00562,-0.68255,0.00193,-0.00048,-0.00046,-0.00133,0.01011,-0.66513,0.00035,-0.00027,-1e-05,0.00931,-0.01477,-0.68235,10,37.8915,362.8015,38.2993,178.7296,1.5709,-122.4719,0.0011,25.987,0.592
293,000293.png,False,1788776762.247694,1788776762.042994,normal_load,4,,0.7849697583046861,0.00982,0.01359,-0.69653,0.00145,-0.00033,-0.0004,0.00642,0.02939,-0.67902,-0.00014,-0.00011,5e-05,0.00654,0.00551,-0.69668,10,37.8879,362.8206,38.2907,178.7259,1.5749,-122.472,0.0052,25.9788,0.6002
294,000294.png,False,1788776762.451702,1788776762.247002,normal_load,4,,0.7849697583046861,0.00832,0.01166,-0.78007,0.0016,-0.00036,-0.00041,0.00491,0.0275,-0.76253,1e-05,-0.00015,3e-05,0.00678,0.00176,-0.78017,10,37.888,362.8269,38.2234,178.7234,1.5776,-122.4722,0.0024,25.9116,0.6674
295,000295.png,False,1788776762.867694,1788776762.662994,normal_load,4,,0.7849697583046861,0.00922,0.01706,-0.82729,0.00146,-0.00032,-0.00023,0.0058,0.03295,-0.80968,-0.00014,-0.0001,0.00022,0.0052,0.00613,-0.82747,10,37.8876,362.822,38.2299,178.7249,1.5764,-122.4718,0.0094,25.9179,0.6611
296,000296.png,False,1788776763.279689,1788776763.074989,normal_load,4,,0.9201776668354341,0.00906,0.0128,-0.77123,0.00157,-0.00035,-0.00042,0.00563,0.02874,-0.75356,-3e-05,-0.00014,3e-05,0.0068,0.00325,-0.77135,11,37.889,362.8182,38.2437,178.7254,1.5757,-122.472,0.0004,25.9317,0.6473
297,000297.png,False,1788776763.691724,1788776763.487024,normal_load,4,,0.9673597157498278,0.00556,0.00486,-0.87238,0.00178,-0.00051,-0.00033,0.00212,0.02086,-0.85466,0.00017,-0.00029,0.00012,0.00844,-0.00699,-0.87235,10,37.8911,362.804,38.1983,178.7284,1.5722,-122.4721,0.004,25.886,0.693
298,000298.png,False,1788776763.899771,1788776763.695071,normal_load,4,,0.9673597157498278,0.01263,0.02125,-0.90396,0.00139,-0.0004,-0.00023,0.00918,0.03727,-0.88621,-0.00022,-0.00018,0.00023,0.00659,0.01023,-0.90422,11,37.8852,362.8377,38.1786,178.7243,1.5767,-122.472,0.0095,25.8669,0.7121
299,000299.png,False,1788776764.723690,1788776764.518990,normal_load,4,,1.0020972727092698,0.00983,0.01632,-0.90461,0.00154,-0.0004,-0.00043,0.00636,0.03245,-0.88673,-9e-05,-0.00018,3e-05,0.00664,0.00456,-0.90477,10,37.8887,362.8184,38.1695,178.7266,1.5744,-122.4722,0.0096,25.8575,0.7215
300,000300.png,False,1788776764.931823,1788776764.727123,normal_load,4,,1.0020972727092698,0.0052,0.00209,-0.97274,0.00193,-0.00058,-0.00029,0.00172,0.01825,-0.95483,0.0003,-0.00036,0.00017,0.0102,-0.01117,-0.97264,10,37.8939,362.7915,38.1159,178.7281,1.5728,-122.4721,0.0038,25.8035,0.7755
301,000301.png,False,1788776765.547859,1788776765.343159,normal_load,4,,1.0910396827813145,0.00881,0.01363,-0.98591,0.00159,-0.0005,-0.00045,0.00531,0.02987,-0.96791,-5e-05,-0.00028,1e-05,0.00766,0.00041,-0.98601,10,37.8919,362.8094,38.1239,178.7268,1.5743,-122.4722,0.0077,25.8117,0.7673
302,000302.png,False,1788776765.755867,1788776765.551167,normal_load,4,,1.0910396827813145,0.01174,0.01452,-0.97035,0.00163,-0.00052,-0.0006,0.00824,0.03079,-0.95233,-1e-05,-0.0003,-0.00014,0.00964,0.0029,-0.97048,10,37.8909,362.8098,38.1254,178.7271,1.5743,-122.4722,0.0061,25.8133,0.7657
303,000303.png,False,1788776766.787906,1788776766.583206,normal_load,4,,1.1911879033569592,0.01353,0.02468,-1.08912,0.00144,-0.00042,-0.00035,0.01001,0.04109,-1.07094,-0.00021,-0.0002,0.00011,0.00694,0.01069,-1.08941,10,37.8889,362.8197,38.0793,178.7254,1.5757,-122.4722,0.0055,25.7674,0.8116
304,000304.png,False,1788776766.995800,1788776766.791100,normal_load,4,,1.1911879033569592,0.01355,0.0264,-1.16642,0.00147,-0.00049,-0.00014,0.01001,0.04283,-1.14821,-0.00018,-0.00026,0.00033,0.00663,0.01094,-1.16672,10,37.8886,362.8274,38.0436,178.7207,1.5808,-122.473,0.0015,25.7317,0.8473
305,000305.png,False,1788776767.199815,1788776766.995115,normal_load,4,,1.1911879033569592,0.01499,0.03361,-1.18713,0.00134,-0.0004,-0.0002,0.01145,0.05007,-1.16889,-0.00032,-0.00018,0.00026,0.00442,0.01759,-1.18757,11,37.8892,362.8227,38.0437,178.7217,1.5797,-122.4727,0.0044,25.7318,0.8472
306,000306.png,False,1788776767.819843,1788776767.615143,normal_load,4,,1.2787473529873978,0.01237,0.02157,-1.14737,0.00157,-0.00052,-0.00036,0.00881,0.03812,-1.12904,-9e-05,-0.0003,0.00011,0.00789,0.00648,-1.1476,11,37.8888,362.8145,38.0468,178.7244,1.5771,-122.4722,0.0001,25.7348,0.8442
307,000307.png,False,1788776768.027945,1788776767.823245,normal_load,4,,1.360066858490069,0.00747,0.01002,-1.23166,0.00201,-0.0007,-0.00034,0.0039,0.02659,-1.2133,0.00034,-0.00048,0.00013,0.01,-0.00732,-1.23166,10,37.8938,362.7942,37.9894,178.7296,1.5712,-122.4723,0.0071,25.677,0.902
308,000308.png,False,1788776768.439874,1788776768.235174,normal_load,4,,1.360066858490069,0.01639,0.03575,-1.30946,0.00135,-0.00048,-0.0004,0.01281,0.05238,-1.29104,-0.00032,-0.00025,7e-05,0.00541,0.01818,-1.30992,11,37.8877,362.8289,37.9665,178.7269,1.5741,-122.4724,0.0098,25.6547,0.9243
309,000309.png,False,1788776768.643996,1788776768.439296,normal_load,4,,1.360066858490069,0.01602,0.02882,-1.33812,0.00147,-0.00063,-0.00038,0.01244,0.04547,-1.31967,-0.0002,-0.0004,9e-05,0.00876,0.01153,-1.33844,10,37.8902,362.8112,37.959,178.7276,1.5733,-122.4726,0.0071,25.6469,0.9321
310,000310.png,False,1788776769.264015,1788776769.059315,normal_load,4,,1.4422948501785386,0.01251,0.02241,-1.35494,0.00168,-0.00066,-0.00027,0.00891,0.03914,-1.3364,-0.0,-0.00043,0.00021,0.00903,0.00395,-1.35515,10,37.8908,362.8111,37.9581,178.7274,1.5739,-122.4726,0.009,25.646,0.933
311,000311.png,False,1788776769.471927,1788776769.267227,normal_load,4,,1.4422948501785386,0.01102,0.01941,-1.43444,0.00184,-0.00074,-0.00029,0.00742,0.03617,-1.41586,0.00016,-0.00051,0.00018,0.0098,-0.00066,-1.43458,10,37.8907,362.8094,37.9084,178.7242,1.577,-122.4729,0.0046,25.5963,0.9827
312,000312.png,False,1788776769.676018,1788776769.471318,normal_load,4,,1.4422948501785386,0.01422,0.02577,-1.47327,0.00165,-0.00074,-0.00031,0.01061,0.04256,-1.45467,-4e-05,-0.00052,0.00017,0.00966,0.00583,-1.47352,10,37.8907,362.8081,37.9087,178.7253,1.5759,-122.4726,0.0019,25.5966,0.9824
313,000313.png,False,1788776770.296047,1788776770.091347,normal_load,4,,1.5640637099280668,0.01416,0.02561,-1.44533,0.00166,-0.00071,-0.00029,0.01053,0.04248,-1.42663,-3e-05,-0.00048,0.00019,0.00949,0.0061,-1.44558,10,37.8902,362.8092,37.9155,178.7269,1.5741,-122.4728,0.006,25.6034,0.9756
314,000314.png,False,1788776771.328108,1788776771.123408,normal_load,4,,1.6721544615901167,0.01668,0.03307,-1.56473,0.00155,-0.00071,-0.00036,0.01302,0.05008,-1.54588,-0.00016,-0.00048,0.00012,0.00877,0.01191,-1.5651,10,37.8913,362.8127,37.865,178.7262,1.5749,-122.4726,0.0009,25.5529,1.0261
315,000315.png,False,1788776771.536099,1788776771.331399,normal_load,4,,1.6721544615901167,0.01638,0.03617,-1.6252,0.00155,-0.00076,-0.00041,0.01272,0.0532,-1.60633,-0.00016,-0.00053,7e-05,0.00739,0.01348,-1.62562,10,37.8876,362.8263,37.8158,178.7206,1.581,-122.4728,0.0035,25.504,1.075
316,000316.png,False,1788776771.744043,1788776771.539343,normal_load,4,,1.6721544615901167,0.02241,0.04751,-1.66852,0.0012,-0.00068,-0.00042,0.01874,0.06457,-1.64961,-0.00052,-0.00045,7e-05,0.00724,0.02562,-1.66913,10,37.8901,362.8207,37.8216,178.7219,1.5798,-122.473,0.01,25.5096,1.0694
317,000317.png,False,1788776772.360161,1788776772.155461,normal_load,4,,1.7703414823899237,0.01648,0.03367,-1.66182,0.00168,-0.00075,-0.00032,0.0128,0.05081,-1.64282,-5e-05,-0.00052,0.00016,0.00898,0.01077,-1.66218,11,37.8899,362.812,37.8264,178.7248,1.5763,-122.4726,0.0028,25.5144,1.0646
318,000318.png,False,1788776772.568187,1788776772.363487,normal_load,4,,1.7703414823899237,0.01171,0.02063,-1.74696,0.00194,-0.00101,-0.00027,0.00802,0.0378,-1.72794,0.00021,-0.00078,0.00022,0.01195,-0.00427,-1.74708,10,37.8945,362.7906,37.7633,178.7291,1.572,-122.4728,0.0093,25.4508,1.1282
319,000319.png,False,1788776773.188201,1788776772.983501,normal_load,4,,1.9150032250349398,0.01511,0.03091,-1.80053,0.00175,-0.0009,-0.00035,0.0114,0.04817,-1.78141,1e-05,-0.00067,0.00014,0.01013,0.00548,-1.80082,10,37.8921,362.8015,37.7725,178.7262,1.5749,-122.4728,0.0046,25.4603,1.1187
320,000320.png,False,1788776773.392127,1788776773.187427,normal_load,4,,1.9150032250349398,0.01648,0.03433,-1.80524,0.00174,-0.00085,-0.0002,0.01277,0.05161,-1.78609,0.0,-0.00061,0.00029,0.00964,0.00905,-1.80559,10,37.8909,362.8074,37.778,178.7248,1.5763,-122.4729,0.0073,25.4659,1.1131
321,000321.png,False,1788776773.600245,1788776773.395545,normal_load,4,,1.9150032250349398,0.01884,0.0457,-1.86244,0.00148,-0.00075,-0.00021,0.01512,0.063,-1.84326,-0.00027,-0.00052,0.00028,0.0064,0.01916,-1.86299,11,37.888,362.8281,37.7374,178.7182,1.5835,-122.4731,0.0089,25.4257,1.1533
322,000322.png,False,1788776773.808253,1788776773.603553,normal_load,4,,1.9150032250349398,0.02621,0.05997,-1.89738,0.00104,-0.00069,-0.00021,0.02248,0.07731,-1.87817,-0.0007,-0.00046,0.00028,0.00589,0.03464,-1.89818,10,37.8885,362.8237,37.7411,178.72,1.5819,-122.473,0.0022,25.4292,1.1498
323,000323.png,False,1788776774.424253,1788776774.219553,normal_load,4,,1.9960732938294485,0.0187,0.0393,-1.89795,0.00165,-0.00084,-0.00015,0.01495,0.05672,-1.87866,-0.00011,-0.00061,0.00034,0.00972,0.01298,-1.89838,10,37.8904,362.8105,37.7428,178.7234,1.5779,-122.4731,0.01,25.4308,1.1482
324,000324.png,False,1788776774.632302,1788776774.427602,normal_load,4,,1.9960732938294485,0.01238,0.0229,-1.98212,0.00204,-0.00113,-0.00011,0.00863,0.04034,-1.96279,0.00029,-0.00089,0.00038,0.01302,-0.00574,-1.98224,10,37.8966,362.7801,37.673,178.73,1.571,-122.4732,0.0035,25.3604,1.2186
325,000325.png,False,1788776774.840194,1788776774.635494,normal_load,4,,1.9960732938294485,0.01079,0.02104,-2.05956,0.00222,-0.00118,-0.00023,0.00703,0.03852,-2.0402,0.00046,-0.00094,0.00026,0.01311,-0.00938,-2.05963,11,37.8964,362.7877,37.6818,178.7282,1.573,-122.4732,0.003,25.3694,1.2096
326,000326.png,False,1788776775.044295,1788776774.839595,normal_load,4,,1.9960732938294485,0.01444,0.02837,-2.04548,0.00199,-0.00111,-0.00027,0.01068,0.04587,-2.0261,0.00023,-0.00087,0.00022,0.01251,-0.00098,-2.04569,10,37.8936,362.7954,37.6854,178.726,1.5754,-122.4731,0.0054,25.373,1.206
327,000327.png,False,1788776775.252374,1788776775.047674,normal_unload,4,,1.9960732938294485,0.01683,0.03378,-2.0214,0.00183,-0.00106,-0.00027,0.01307,0.05131,-2.00198,7e-05,-0.00082,0.00023,0.01172,0.00529,-2.02171,10,37.8932,362.8003,37.6942,178.7245,1.5766,-122.4733,0.0081,25.382,1.197
328,000328.png,False,1788776775.456311,1788776775.251611,normal_unload,4,,1.914861594410854,0.01732,0.0354,-2.01118,0.00181,-0.00099,-0.00023,0.01354,0.05296,-1.99173,4e-05,-0.00075,0.00027,0.01126,0.0071,-2.01152,10,37.8943,362.7999,37.6952,178.7244,1.5774,-122.4731,0.0055,25.3829,1.1961
329,000329.png,False,1788776775.664335,1788776775.459635,normal_unload,4,,1.914861594410854,0.01886,0.04336,-1.98145,0.00158,-0.00087,-0.00022,0.01508,0.06094,-1.96197,-0.00019,-0.00063,0.00028,0.00841,0.01524,-1.98194,10,37.8861,362.8372,37.7722,178.7136,1.5888,-122.4734,0.0035,25.4606,1.1184
330,000330.png,False,1788776775.872374,1788776775.667674,normal_unload,4,,1.7145734081980974,0.03177,0.06978,-1.74781,0.00078,-0.00046,-0.00023,0.02798,0.08739,-1.7283,-0.00099,-0.00022,0.00027,0.00477,0.04831,-1.74882,10,37.8884,362.8305,37.762,178.7169,1.5853,-122.4733,0.0034,25.4503,1.1287
331,000331.png,False,1788776776.076359,1788776775.871659,normal_unload,4,,1.7145734081980974,0.02388,0.05241,-1.82245,0.00123,-0.00068,-0.00036,0.02008,0.07005,-1.80291,-0.00055,-0.00044,0.00013,0.00713,0.02813,-1.82313,10,37.8905,362.8195,37.7448,178.72,1.5822,-122.4734,0.0064,25.4329,1.1461
332,000332.png,False,1788776776.284364,1788776776.079664,normal_unload,4,,1.7145734081980974,0.0118,0.0168,-1.7609,0.00211,-0.00097,-0.00018,0.008,0.03447,-1.74133,0.00033,-0.00073,0.00032,0.01403,-0.00776,-1.76094,10,37.8951,362.7908,37.7852,178.722,1.5797,-122.473,0.0068,25.4728,1.1062
333,000333.png,False,1788776776.696374,1788776776.491674,normal_unload,4,,1.6408449536942384,0.01663,0.03176,-1.72476,0.00177,-0.00078,-0.0002,0.01282,0.04948,-1.70513,-1e-05,-0.00054,0.0003,0.01049,0.00819,-1.72508,10,37.8814,362.8643,37.8426,178.7166,1.5856,-122.4731,0.0026,25.5314,1.0476
334,000334.png,False,1788776776.904398,1788776776.699698,normal_unload,4,,1.5272138747852295,0.01938,0.0387,-1.64364,0.0015,-0.00068,-0.00018,0.01556,0.05644,-1.62398,-0.00029,-0.00044,0.00032,0.00884,0.01687,-1.6441,10,37.8904,362.8131,37.8204,178.7216,1.5802,-122.473,0.009,25.5084,1.0706
335,000335.png,False,1788776777.108422,1788776776.903722,normal_unload,4,,1.5272138747852295,0.01602,0.03179,-1.63079,0.00174,-0.00067,-0.00035,0.0122,0.04956,-1.6111,-5e-05,-0.00043,0.00015,0.0093,0.00942,-1.63113,10,37.8917,362.8105,37.8201,178.7215,1.5803,-122.4734,0.0079,25.508,1.071
336,000336.png,False,1788776777.316392,1788776777.111692,normal_unload,4,,1.5272138747852295,0.0201,0.03808,-1.50372,0.00144,-0.00059,-0.00017,0.01627,0.05588,-1.484,-0.00035,-0.00036,0.00034,0.00881,0.01894,-1.5042,10,37.8896,362.8178,37.8823,178.7179,1.5841,-122.4731,0.0012,25.5704,1.0086
337,000337.png,False,1788776777.520466,1788776777.315766,normal_unload,4,,1.3965208209957665,0.01854,0.03106,-1.48548,0.00159,-0.00069,-0.00025,0.01471,0.04888,-1.46573,-0.00021,-0.00045,0.00025,0.01084,0.01237,-1.48583,11,37.8904,362.8136,37.8735,178.7192,1.5827,-122.4732,0.0015,25.5615,1.0175
338,000338.png,False,1788776777.728430,1788776777.523730,normal_unload,4,,1.3965208209957665,0.012,0.01913,-1.46682,0.00188,-0.00077,-0.00018,0.00816,0.03698,-1.44703,9e-05,-0.00053,0.00033,0.01101,-0.00094,-1.46695,10,37.8958,362.7878,37.9259,178.7191,1.5829,-122.4735,0.0085,25.6134,0.9656
339,000339.png,False,1788776778.140455,1788776777.935755,normal_unload,4,,1.2987129630583354,0.01005,0.00877,-1.39755,0.00214,-0.00078,-0.00037,0.0062,0.02668,-1.37771,0.00033,-0.00054,0.00014,0.01401,-0.00977,-1.39751,11,37.8936,362.7959,37.9098,178.7211,1.5806,-122.4732,0.0017,25.5974,0.9816
340,000340.png,False,1788776778.348464,1788776778.143764,normal_unload,4,,1.2022044298593613,0.02294,0.04193,-1.29164,0.0012,-0.00041,-0.0004,0.01908,0.05987,-1.27177,-0.0006,-0.00017,0.00011,0.00788,0.02709,-1.29222,10,37.8903,362.8211,37.9524,178.7197,1.5822,-122.4737,0.0022,25.6405,0.9385
341,000341.png,False,1788776778.552475,1788776778.347775,normal_unload,4,,1.2022044298593613,0.01816,0.0265,-1.30158,0.00169,-0.00054,-0.0004,0.0143,0.04446,-1.28168,-0.00011,-0.0003,0.00011,0.01152,0.01117,-1.30188,10,37.8912,362.8161,37.9516,178.7201,1.5817,-122.4737,0.0007,25.6396,0.9394
342,000342.png,False,1788776779.172523,1788776778.967823,normal_unload,4,,1.0701529707961128,0.01242,0.01527,-1.1754,0.00182,-0.00052,-0.00026,0.00854,0.03332,-1.15541,1e-05,-0.00028,0.00025,0.01128,0.0006,-1.17551,10,37.8919,362.8084,38.009,178.7201,1.582,-122.4743,0.0028,25.6968,0.8822
343,000343.png,False,1788776779.584538,1788776779.379838,normal_unload,4,,0.9868451465617795,0.01172,0.00897,-1.07984,0.00191,-0.00058,-0.0003,0.00783,0.02706,-1.05979,9e-05,-0.00034,0.00021,0.01316,-0.00368,-1.07985,10,37.8926,362.8059,38.0518,178.721,1.5811,-122.4749,0.0054,25.7396,0.8394
344,000344.png,False,1788776779.792540,1788776779.587840,normal_unload,4,,0.9868451465617795,0.01294,0.01322,-1.03731,0.00183,-0.00048,-0.00034,0.00905,0.03134,-1.01723,1e-05,-0.00024,0.00018,0.0118,0.0013,-1.03741,10,37.8915,362.8099,38.0951,178.721,1.5811,-122.4749,0.0052,25.783,0.796
345,000345.png,False,1788776780.204566,1788776779.999866,normal_unload,4,,0.8859997859272767,0.01344,0.01076,-0.99071,0.00191,-0.00048,-0.00037,0.00953,0.02894,-0.97056,8e-05,-0.00023,0.00014,0.01314,0.00017,-0.99077,10,37.8919,362.8105,38.0958,178.7208,1.5815,-122.475,0.0051,25.7837,0.7953
346,000346.png,False,1788776780.616585,1788776780.411885,normal_unload,4,,0.7832408552484452,0.012,0.0076,-0.87682,0.00194,-0.00041,-0.00046,0.00808,0.02584,-0.85662,0.0001,-0.00016,6e-05,0.01268,-0.00146,-0.87685,10,37.8931,362.8102,38.146,178.7213,1.5816,-122.4754,0.0044,25.8338,0.7452
347,000347.png,False,1788776780.824584,1788776780.619884,normal_unload,4,,0.7832408552484452,0.01448,0.0082,-0.83643,0.00183,-0.0004,-0.00026,0.01055,0.02646,-0.8162,-1e-05,-0.00016,0.00026,0.01425,0.00094,-0.83648,10,37.8925,362.8147,38.2231,178.7213,1.5819,-122.4765,0.009,25.911,0.668
348,000348.png,False,1788776781.236521,1788776781.031821,normal_unload,4,,0.6815653271557267,0.01139,0.00397,-0.776,0.00189,-0.00036,-0.00028,0.00745,0.02228,-0.75571,5e-05,-0.00012,0.00023,0.01327,-0.0033,-0.77598,10,37.8936,362.81,38.2128,178.7219,1.5813,-122.476,0.0001,25.9007,0.6783
349,000349.png,False,1788776781.444596,1788776781.239896,normal_unload,4,,0.6815653271557267,0.01236,0.00393,-0.68877,0.00186,-0.00032,-0.00042,0.00841,0.02227,-0.66845,1e-05,-7e-05,0.0001,0.01352,-0.00146,-0.68876,11,37.8939,362.8088,38.2555,178.722,1.5811,-122.4773,0.0068,25.9433,0.6357
350,000350.png,False,1788776781.648647,1788776781.443947,normal_unload,4,,0.6003959349114325,0.01146,0.00349,-0.69303,0.00193,-0.00035,-0.00039,0.00751,0.02186,-0.67267,8e-05,-0.0001,0.00013,0.01298,-0.00235,-0.69301,10,37.8937,362.8111,38.2562,178.7223,1.5811,-122.4771,0.01,25.9441,0.6349
351,000351.png,False,1788776782.268578,1788776782.063878,normal_unload,4,,0.517305524952451,0.01081,0.00519,-0.61389,0.00184,-0.00019,-0.00036,0.00684,0.02364,-0.59344,-2e-05,6e-05,0.00016,0.01103,6e-05,-0.61391,10,37.8918,362.8186,38.3152,178.7214,1.5824,-122.4774,0.001,26.0032,0.5758
352,000352.png,False,1788776782.680599,1788776782.475899,normal_unload,4,,0.4406938265735306,0.01127,-0.00188,-0.53825,0.00195,-0.00029,-0.00032,0.00729,0.01663,-0.51774,8e-05,-4e-05,0.0002,0.01444,-0.00462,-0.53816,11,37.8938,362.8138,38.3665,178.722,1.582,-122.4784,0.0095,26.0544,0.5246
353,000353.png,False,1788776783.300623,1788776783.095923,normal_unload,4,,0.3681614596273164,0.01099,-0.0011,-0.46717,0.00187,-0.00022,-0.0002,0.007,0.01749,-0.44657,0.0,3e-05,0.00032,0.01331,-0.00295,-0.4671,11,37.8939,362.8178,38.4327,178.7214,1.5829,-122.48,0.0059,26.1206,0.4584
354,000354.png,False,1788776783.508713,1788776783.304013,normal_unload,4,,0.3681614596273164,0.00924,-0.00298,-0.37937,0.00189,-0.00019,-0.00041,0.00524,0.01564,-0.35874,2e-05,6e-05,0.00012,0.01212,-0.00404,-0.37928,10,37.8926,362.8134,38.4875,178.7217,1.5821,-122.4813,0.0074,26.1753,0.4037
355,000355.png,False,1788776783.712755,1788776783.508055,normal_unload,4,,0.2915288733038153,0.0087,-0.00507,-0.38884,0.00204,-0.00019,-0.00035,0.00469,0.01357,-0.36818,0.00017,7e-05,0.00018,0.01276,-0.00628,-0.38871,10,37.8933,362.8142,38.488,178.7219,1.5823,-122.4811,0.005,26.1759,0.4031
356,000356.png,False,1788776783.920784,1788776783.716084,normal_unload,4,,0.2915288733038153,0.0081,-0.00463,-0.35636,0.00198,-0.00019,-0.00043,0.00408,0.01405,-0.33567,0.0001,6e-05,0.0001,0.0118,-0.00567,-0.35624,11,37.8917,362.8175,38.5529,178.7212,1.583,-122.4815,0.0015,26.2409,0.3381
357,000357.png,False,1788776784.332676,1788776784.127976,normal_unload,4,,0.22301813925839722,0.00719,-0.00657,-0.33291,0.00197,-0.00017,-0.00027,0.00316,0.01216,-0.31216,9e-05,8e-05,0.00026,0.01182,-0.00743,-0.33276,10,37.8926,362.8154,38.5442,178.7222,1.5822,-122.4813,0.0085,26.2321,0.3469
358,000358.png,False,1788776784.952801,1788776784.748101,normal_unload,4,,0.14584662126104603,0.00464,-0.00858,-0.2306,0.00198,-0.00016,-0.00046,0.00059,0.01023,-0.20976,8e-05,0.0001,7e-05,0.0099,-0.00881,-0.23042,10,37.8865,362.8214,38.6732,178.7235,1.5811,-122.4813,0.0019,26.3612,0.2178
359,000359.png,False,1788776785.160861,1788776784.956161,normal_unload,4,,0.05270977045717018,0.00737,0.00066,-0.12536,0.00169,-7e-05,-0.00046,0.00332,0.0195,-0.10449,-0.00021,0.00018,8e-05,0.00692,0.00224,-0.12537,11,37.8848,362.8298,38.7306,178.7205,1.5839,-122.4826,0.0087,26.4188,0.1602
360,000360.png,False,1788776785.364847,1788776785.160147,normal_unload,4,,0.05270977045717018,0.00788,-0.00597,-0.15176,0.0018,-0.00021,-0.00051,0.00382,0.0129,-0.13086,-0.0001,5e-05,2e-05,0.01086,-0.00366,-0.15165,10,37.886,362.8237,38.714,178.7225,1.5822,-122.4822,0.0091,26.402,0.177
361,000361.png,False,1788776785.984828,1788776785.780128,normal_unload,4,,0.0,0.00392,-0.01205,-0.08987,0.00201,-0.00022,-0.00067,-0.00016,0.00689,-0.06888,0.0001,4e-05,-0.00014,0.01004,-0.00992,-0.08966,10,37.8859,362.8124,38.7946,178.7251,1.5796,-122.4817,0.0067,26.4825,0.0965
362,000362.png,False,1788776786.192853,1788776785.988153,normal_unload,4,,0.0,0.00422,-0.00364,-0.00532,0.00179,-0.0001,-0.00057,0.00014,0.01533,0.01571,-0.00012,0.00016,-3e-05,0.00551,-0.00113,-0.00526,10,37.8794,362.8348,38.9909,178.7201,1.5847,-122.4818,0.007,26.6791,-0.1001
363,000363.png,False,1788776787.224818,1788776787.020118,dwell,4,,0.0,0.00391,-0.00655,-0.08761,0.00186,-0.00017,-0.00033,-0.0002,0.01256,-0.06644,-7e-05,8e-05,0.00021,0.00727,-0.00512,-0.08749,10,37.8811,362.824,38.8904,178.7234,1.5815,-122.4815,0.0054,26.5784,0.0006
364,000364.png,False,1788776787.428916,1788776787.224216,normal_load,5,,0.22253316292091654,0.00197,-0.00564,-0.09566,0.00193,-9e-05,-0.00029,-0.00215,0.0135,-0.07445,0.0,0.00017,0.00025,0.00518,-0.00543,-0.09555,10,37.881,362.8253,38.8929,178.7231,1.5818,-122.4815,0.0027,26.581,-0.002
365,000365.png,False,1788776789.081038,1788776788.876338,normal_load,5,,0.25794262387900635,0.00331,-0.00558,-0.16103,0.00193,-0.00019,-0.00035,-0.00085,0.01378,-0.13959,-2e-05,7e-05,0.0002,0.00677,-0.00576,-0.16092,11,37.883,362.822,38.7886,178.7198,1.5854,-122.4816,0.0002,26.4766,0.1024
366,000366.png,False,1788776790.112961,1788776789.908261,normal_load,5,,0.2957034491683288,0.0038,-0.00214,-0.16578,0.00186,-0.00021,-0.00061,-0.00039,0.01736,-0.14418,-0.0001,5e-05,-6e-05,0.00551,-0.00261,-0.16572,10,37.8819,362.8252,38.739,178.7188,1.5862,-122.4812,0.0001,26.427,0.152
367,000367.png,False,1788776790.524990,1788776790.320290,normal_load,5,,0.3252396042355542,0.00748,0.00205,-0.22973,0.00176,-0.00017,-0.00038,0.00328,0.0216,-0.20807,-0.00021,0.0001,0.00017,0.00705,0.00184,-0.22974,10,37.8803,362.8353,38.6973,178.7138,1.5916,-122.4813,0.0093,26.3855,0.1935
368,000368.png,False,1788776790.941087,1788776790.736387,normal_load,5,,0.33893297906881803,0.0048,-0.0011,-0.24576,0.00187,-0.00019,-0.00042,0.00058,0.0185,-0.22404,-0.0001,7e-05,0.00014,0.00641,-0.00249,-0.24571,11,37.8832,362.8203,38.6672,178.7154,1.5902,-122.481,0.0027,26.3552,0.2238
369,000369.png,False,1788776791.557118,1788776791.352418,normal_load,5,,0.33893297906881803,0.00717,0.00225,-0.31426,0.00181,-0.00025,-0.00037,0.00294,0.02194,-0.29245,-0.00018,1e-05,0.00019,0.00727,0.0005,-0.31426,10,37.8829,362.8261,38.6071,178.7151,1.5902,-122.4811,0.0056,26.2952,0.2838
370,000370.png,False,1788776791.973169,1788776791.768469,normal_load,5,,0.407703358974598,0.00591,-0.00031,-0.2922,0.00186,-0.00029,-0.00046,0.00166,0.01943,-0.27032,-0.00013,-2e-05,9e-05,0.0073,-0.00199,-0.29216,10,37.8827,362.8234,38.6162,178.715,1.5903,-122.4808,0.0086,26.3043,0.2747
371,000371.png,False,1788776792.385165,1788776792.180465,normal_load,5,,0.4242243698012089,0.00344,-0.00927,-0.32735,0.00218,-0.0003,-0.00046,-0.00081,0.01053,-0.30542,0.00019,-3e-05,0.0001,0.00988,-0.01155,-0.32715,10,37.8863,362.8083,38.5833,178.7154,1.5899,-122.481,0.0054,26.2711,0.3079
372,000372.png,False,1788776793.417279,1788776793.212579,normal_load,5,,0.4951388457970779,0.00791,0.00042,-0.37715,0.00192,-0.00028,-0.00048,0.00363,0.02035,-0.35507,-9e-05,-1e-05,8e-05,0.00926,-0.00172,-0.37712,10,37.8826,362.8227,38.5342,178.7147,1.5907,-122.4806,0.0036,26.2223,0.3567
373,000373.png,False,1788776793.829232,1788776793.624532,normal_load,5,,0.5559645481307285,0.0054,-0.00478,-0.46806,0.0021,-0.00035,-0.00012,0.0011,0.01521,-0.44591,9e-05,-8e-05,0.00045,0.01031,-0.00894,-0.46791,10,37.887,362.8075,38.493,178.7176,1.5878,-122.4808,0.0063,26.1808,0.3982
374,000374.png,False,1788776794.241275,1788776794.036575,normal_load,5,,0.5559645481307285,0.01249,0.01454,-0.52399,0.00168,-0.00018,-0.00023,0.00818,0.03457,-0.50178,-0.00034,9e-05,0.00033,0.00719,0.01044,-0.52419,11,37.8836,362.8325,38.4444,178.715,1.5907,-122.4809,0.0078,26.1326,0.4464
375,000375.png,False,1788776794.861198,1788776794.656498,normal_load,5,,0.6252657024637358,0.00668,0.00128,-0.54173,0.00201,-0.00035,-4e-05,0.00236,0.0214,-0.51944,-2e-05,-8e-05,0.00053,0.0089,-0.00423,-0.54169,11,37.8857,362.8166,38.4413,178.7168,1.5884,-122.4806,0.0093,26.1292,0.4498
376,000376.png,False,1788776795.069209,1788776794.864509,normal_load,5,,0.6252657024637358,0.003,-0.01016,-0.58742,0.00238,-0.00048,-8e-05,-0.00133,0.00999,-0.56509,0.00035,-0.00021,0.00049,0.01175,-0.01671,-0.58716,10,37.8923,362.7851,38.3787,178.7231,1.5819,-122.4806,0.004,26.0661,0.5129
377,000377.png,False,1788776795.273220,1788776795.068520,normal_load,5,,0.6252657024637358,0.00273,-0.01201,-0.61638,0.00242,-0.00051,-0.00021,-0.0016,0.00816,-0.59403,0.00039,-0.00024,0.00037,0.01264,-0.01891,-0.61609,10,37.8904,362.7958,38.3765,178.7209,1.5843,-122.4805,0.0012,26.0641,0.5149
378,000378.png,False,1788776796.305275,1788776796.100575,normal_load,5,,0.7367795179752932,0.01488,0.01499,-0.64111,0.00172,-0.00029,-0.00035,0.01052,0.0353,-0.6186,-0.00032,-2e-05,0.00022,0.00985,0.01015,-0.6413,10,37.8857,362.8293,38.3503,178.712,1.5939,-122.4809,0.0043,26.0385,0.5405
379,000379.png,False,1788776796.513283,1788776796.308583,normal_load,5,,0.766959232753257,0.00803,-0.00075,-0.66487,0.0022,-0.00045,-0.00049,0.00366,0.01959,-0.64233,0.00015,-0.00018,9e-05,0.01194,-0.00728,-0.66477,10,37.8901,362.8022,38.3088,178.7148,1.5905,-122.4808,0.0062,25.9966,0.5824
380,000380.png,False,1788776796.717295,1788776796.512595,normal_load,5,,0.766959232753257,0.00921,0.0026,-0.67499,0.00208,-0.00043,-0.00055,0.00483,0.02296,-0.65242,3e-05,-0.00015,2e-05,0.01136,-0.00396,-0.67495,10,37.8887,362.8115,38.3144,178.7134,1.5924,-122.4807,0.0085,26.0023,0.5767
381,000381.png,False,1788776797.749452,1788776797.544752,normal_load,5,,0.87179356343689,0.01222,0.00827,-0.76288,0.00191,-0.00044,-0.00045,0.00781,0.02878,-0.74016,-0.00015,-0.00016,0.00013,0.01174,0.00105,-0.76293,10,37.8886,362.8177,38.2636,178.7126,1.5929,-122.4809,0.0068,25.9515,0.6275
382,000382.png,False,1788776798.781488,1788776798.576788,normal_load,5,,0.9618860396357632,0.01094,0.00875,-0.85611,0.00204,-0.00046,-0.0004,0.0065,0.02939,-0.83324,-4e-05,-0.00018,0.00019,0.01104,-0.00067,-0.85615,11,37.8897,362.8121,38.2108,178.7126,1.5929,-122.4811,0.0015,25.8987,0.6803
383,000383.png,False,1788776798.989475,1788776798.784775,normal_load,5,,0.9618860396357632,0.01314,0.01258,-0.92502,0.00194,-0.00048,-0.00035,0.00869,0.03325,-0.90212,-0.00014,-0.0002,0.00023,0.01151,0.00264,-0.92512,10,37.8875,362.8272,38.1557,178.7092,1.5969,-122.4812,0.001,25.8439,0.7351
384,000384.png,False,1788776799.197531,1788776798.992831,normal_load,5,,0.9618860396357632,0.01603,0.02145,-0.9672,0.0018,-0.00046,-0.00042,0.01158,0.04214,-0.94427,-0.00028,-0.00018,0.00017,0.00988,0.01109,-0.96746,10,37.8894,362.8215,38.1587,178.7103,1.5958,-122.4814,0.0051,25.8468,0.7322
385,000385.png,False,1788776799.813529,1788776799.608829,normal_load,5,,1.066589843895804,0.01432,0.0114,-0.93719,0.00206,-0.00054,-0.00044,0.00985,0.03218,-0.91417,-3e-05,-0.00026,0.00015,0.0132,0.00201,-0.93727,10,37.8891,362.816,38.1639,178.7122,1.5934,-122.4814,0.0054,25.8519,0.7271
386,000386.png,False,1788776800.433549,1788776800.228849,normal_load,5,,1.066589843895804,0.01288,0.00995,-1.04322,0.00206,-0.00061,-0.00028,0.00839,0.03081,-1.02011,-4e-05,-0.00033,0.00031,0.01342,-0.00165,-1.04326,10,37.8917,362.8099,38.1166,178.7134,1.5927,-122.4813,0.0092,25.8045,0.7745
387,000387.png,False,1788776800.845590,1788776800.640890,normal_load,5,,1.1419632958023442,0.01375,0.01592,-1.05227,0.00198,-0.0005,-0.00026,0.00926,0.03683,-1.0291,-0.00013,-0.00022,0.00033,0.01126,0.0038,-1.05241,10,37.8904,362.8149,38.1143,178.7119,1.5943,-122.4816,0.0033,25.8022,0.7768
388,000388.png,False,1788776801.053599,1788776800.848899,normal_load,5,,1.1419632958023442,0.01597,0.01873,-1.1107,0.00188,-0.00058,-0.00022,0.01147,0.03967,-1.08749,-0.00023,-0.00029,0.00038,0.01218,0.00641,-1.11088,10,37.8885,362.8307,38.0813,178.7074,1.5991,-122.4822,0.0024,25.7696,0.8094
389,000389.png,False,1788776801.261621,1788776801.056921,normal_load,5,,1.1419632958023442,0.01828,0.02658,-1.14517,0.00178,-0.00048,-0.00015,0.01377,0.04755,-1.12194,-0.00033,-0.0002,0.00045,0.01049,0.01382,-1.14549,11,37.8886,362.824,38.0775,178.7086,1.5978,-122.4817,0.0079,25.7656,0.8134
390,000390.png,False,1788776801.881669,1788776801.676969,normal_load,5,,1.2453704926121931,0.0148,0.01927,-1.12854,0.00198,-0.00052,-0.00018,0.01028,0.04032,-1.10521,-0.00014,-0.00024,0.00042,0.01102,0.00601,-1.12873,11,37.8907,362.8164,38.0791,178.7109,1.5957,-122.4816,0.0029,25.7671,0.8119
391,000391.png,False,1788776802.293663,1788776802.088963,normal_load,5,,1.2453704926121931,0.00759,-0.00225,-1.24144,0.00263,-0.00077,-0.00027,0.00306,0.01885,-1.21806,0.00051,-0.00049,0.00033,0.01631,-0.01804,-1.24123,10,37.8963,362.7919,38.0251,178.7146,1.5917,-122.482,0.0096,25.7127,0.8663
392,000392.png,False,1788776802.705668,1788776802.500968,normal_load,5,,1.3481542966006488,0.0163,0.0152,-1.24413,0.00208,-0.00067,-0.00016,0.01175,0.03636,-1.22068,-4e-05,-0.00039,0.00044,0.01515,0.00138,-1.24424,10,37.8919,362.8085,38.025,178.7106,1.596,-122.4823,0.0002,25.7129,0.8661
393,000393.png,False,1788776802.913609,1788776802.708909,normal_load,5,,1.3481542966006488,0.01672,0.01954,-1.22027,0.00197,-0.00058,-0.00026,0.01216,0.04073,-1.1968,-0.00016,-0.0003,0.00034,0.01318,0.00573,-1.22046,10,37.8926,362.8122,38.0301,178.7097,1.597,-122.4823,0.005,25.718,0.861
394,000394.png,False,1788776803.325717,1788776803.121017,normal_load,5,,1.3481542966006488,0.02237,0.03699,-1.32954,0.00155,-0.00051,-0.0002,0.0178,0.05823,-1.306,-0.00059,-0.00022,0.0004,0.01011,0.02191,-1.33002,10,37.8899,362.8289,37.9881,178.7052,1.6021,-122.4824,0.0052,25.6763,0.9027
395,000395.png,False,1788776803.737741,1788776803.533041,normal_load,5,,1.425703931597812,0.01773,0.02673,-1.30188,0.00185,-0.00061,-0.00031,0.01315,0.04802,-1.27828,-0.0003,-0.00032,0.00029,0.01103,0.01115,-1.30218,10,37.8902,362.8206,37.9933,178.7076,1.5995,-122.4826,0.0046,25.6814,0.8976
396,000396.png,False,1788776803.945806,1788776803.741106,normal_load,5,,1.425703931597812,0.0181,0.02203,-1.28559,0.00196,-0.00064,-0.00041,0.01351,0.04335,-1.26196,-0.00019,-0.00036,0.00019,0.01358,0.00753,-1.28581,10,37.892,362.8151,37.9909,178.7086,1.5984,-122.4828,0.0091,25.6789,0.9001
397,000397.png,False,1788776804.149822,1788776803.945122,normal_load,5,,1.425703931597812,0.01146,0.00395,-1.37764,0.00249,-0.00087,-0.00039,0.00687,0.0253,-1.35398,0.00034,-0.00058,0.00021,0.0175,-0.01292,-1.37752,10,37.8961,362.7895,37.9293,178.7131,1.5936,-122.4824,0.0066,25.6168,0.9622
398,000398.png,False,1788776804.977705,1788776804.773005,normal_load,5,,1.5428590815674654,0.01899,0.02385,-1.40314,0.00197,-0.00065,-0.00044,0.01438,0.04531,-1.37936,-0.00019,-0.00036,0.00017,0.01426,0.00767,-1.40338,10,37.892,362.8116,37.9393,178.7072,1.6,-122.4826,0.006,25.6272,0.9518
399,000399.png,False,1788776805.181781,1788776804.977081,normal_load,5,,1.5428590815674654,0.01966,0.02835,-1.46562,0.00191,-0.0007,-0.00043,0.01504,0.04984,-1.44181,-0.00025,-0.00041,0.00018,0.01303,0.0109,-1.46593,11,37.8896,362.826,37.8991,178.7026,1.6053,-122.4836,0.0057,25.5873,0.9917
400,000400.png,False,1788776806.009815,1788776805.805115,normal_load,5,,1.5920816025867568,0.01816,0.02781,-1.485,0.00194,-0.00069,-0.00048,0.01352,0.04941,-1.46107,-0.00024,-0.0004,0.00014,0.01213,0.00938,-1.48529,10,37.8924,362.8151,37.9005,178.7058,1.6021,-122.4833,0.0024,25.5885,0.9905
401,000401.png,False,1788776806.213892,1788776806.009192,normal_load,5,,1.5920816025867568,0.01424,0.01411,-1.53308,0.00239,-0.00084,-0.00049,0.00959,0.03573,-1.50912,0.00022,-0.00055,0.00012,0.01591,-0.00522,-1.53312,10,37.8965,362.7923,37.8554,178.7103,1.5973,-122.4832,0.0006,25.543,1.036
402,000402.png,False,1788776807.041934,1788776806.837234,normal_load,5,,1.7150504423293569,0.01952,0.02654,-1.61169,0.0021,-0.00075,-0.00043,0.01485,0.04827,-1.58761,-9e-05,-0.00046,0.00018,0.01482,0.00692,-1.61194,11,37.8959,362.8076,37.8517,178.7058,1.6027,-122.4842,0.0017,25.5396,1.0394
403,000403.png,False,1788776807.245888,1788776807.041188,normal_load,5,,1.7150504423293569,0.02306,0.03858,-1.67678,0.00184,-0.00073,-0.00053,0.01838,0.06034,-1.65267,-0.00035,-0.00044,9e-05,0.01233,0.01808,-1.67724,10,37.8902,362.8252,37.8164,178.7007,1.6077,-122.4861,0.0033,25.5045,1.0745
404,000404.png,False,1788776808.073973,1788776807.869273,normal_load,5,,1.7814258250194657,0.02209,0.03188,-1.67656,0.002,-0.00077,-0.00052,0.01739,0.05375,-1.65233,-0.0002,-0.00048,0.0001,0.01483,0.01179,-1.6769,10,37.8935,362.814,37.8193,178.704,1.6046,-122.4851,0.0031,25.5073,1.0717
405,000405.png,False,1788776808.277946,1788776808.073246,normal_load,5,,1.7814258250194657,0.01553,0.01456,-1.76347,0.00246,-0.00101,-0.00047,0.01082,0.03645,-1.73921,0.00026,-0.00072,0.00015,0.0184,-0.00788,-1.76348,10,37.8998,362.7822,37.7501,178.7107,1.5977,-122.4852,0.0,25.4375,1.1415
406,000406.png,False,1788776809.106008,1788776808.901308,normal_load,5,,1.9330649719698159,0.02262,0.03475,-1.81381,0.00205,-0.00078,-0.00041,0.01789,0.05675,-1.78943,-0.00016,-0.00049,0.00021,0.01481,0.01234,-1.81419,10,37.8936,362.811,37.7742,178.7035,1.6058,-122.4852,0.0036,25.4621,1.1169
407,000407.png,False,1788776809.309942,1788776809.105242,normal_load,5,,1.9330649719698159,0.02311,0.03435,-1.87816,0.00206,-0.00092,-0.00044,0.01837,0.05639,-1.85375,-0.00016,-0.00063,0.00018,0.01587,0.01121,-1.87851,10,37.8937,362.8151,37.7329,178.6999,1.6096,-122.4857,0.0066,25.4209,1.1581
408,000408.png,False,1788776809.517936,1788776809.313236,normal_load,5,,1.9330649719698159,0.02697,0.04456,-1.90104,0.00173,-0.00079,-0.00056,0.02222,0.06662,-1.87659,-0.00049,-0.00049,6e-05,0.01427,0.02162,-1.90157,10,37.8934,362.8164,37.7353,178.6999,1.6096,-122.4857,0.0064,25.4233,1.1557
409,000409.png,False,1788776810.138056,1788776809.933356,normal_load,5,,1.9975804534976165,0.02388,0.03921,-1.90915,0.00198,-0.00082,-0.00046,0.01912,0.06135,-1.88462,-0.00025,-0.00052,0.00016,0.01433,0.01531,-1.90959,11,37.8939,362.812,37.7333,178.7014,1.6083,-122.4861,0.0099,25.4212,1.1578
410,000410.png,False,1788776810.341983,1788776810.137283,normal_load,5,,1.9975804534976165,0.01746,0.02114,-1.97524,0.00241,-0.0011,-0.00036,0.0127,0.04331,-1.95067,0.00018,-0.0008,0.00027,0.01826,-0.0046,-1.97534,11,37.8985,362.787,37.6941,178.7055,1.6039,-122.486,0.0081,25.3816,1.1974
411,000411.png,False,1788776810.962007,1788776810.757307,normal_unload,5,,1.9975804534976165,0.02085,0.03116,-2.01476,0.00224,-0.00106,-0.00049,0.01606,0.05341,-1.9901,-0.0,-0.00076,0.00014,0.01646,0.00513,-2.01503,11,37.8958,362.8018,37.692,178.7027,1.6069,-122.4865,0.0081,25.3797,1.1993
412,000412.png,False,1788776811.374130,1788776811.169430,normal_unload,5,,1.9287366473602758,0.02389,0.03808,-2.02422,0.00214,-0.00093,-0.00042,0.01909,0.06039,-1.9995,-0.00011,-0.00063,0.00022,0.0157,0.01249,-2.02462,10,37.8951,362.8112,37.6958,178.7006,1.6088,-122.487,0.003,25.3837,1.1953
413,000413.png,False,1788776811.582136,1788776811.377436,normal_unload,5,,1.7887981372684578,0.03288,0.06329,-1.81619,0.0013,-0.00063,-0.00035,0.02808,0.08562,-1.79144,-0.00095,-0.00033,0.00028,0.00946,0.04215,-1.81707,11,37.891,362.8293,37.7529,178.6947,1.6155,-122.4887,0.0036,25.4411,1.1379
414,000414.png,False,1788776811.786175,1788776811.581475,normal_unload,5,,1.7887981372684578,0.02811,0.04868,-1.89054,0.0017,-0.00076,-0.00036,0.0233,0.07104,-1.86577,-0.00055,-0.00046,0.00028,0.01313,0.02592,-1.89116,10,37.8925,362.8211,37.7332,178.6978,1.6121,-122.4881,0.0059,25.4213,1.1577
415,000415.png,False,1788776812.406145,1788776812.201445,normal_unload,5,,1.694547335728262,0.02131,0.0281,-1.79407,0.00224,-0.00085,-0.0002,0.01649,0.05055,-1.7692,-2e-05,-0.00055,0.00043,0.01686,0.00625,-1.79432,10,37.8921,362.8155,37.8215,178.6957,1.614,-122.4882,0.0055,25.5095,1.0695
416,000416.png,False,1788776812.818206,1788776812.613506,normal_unload,5,,1.5759043955780696,0.0211,0.0282,-1.66743,0.00218,-0.00076,-0.00029,0.01626,0.0507,-1.6425,-8e-05,-0.00045,0.00034,0.01574,0.00825,-1.66771,11,37.8949,362.8102,37.8182,178.6984,1.6118,-122.4884,0.0036,25.5061,1.0729
417,000417.png,False,1788776813.026118,1788776812.821418,normal_unload,5,,1.5759043955780696,0.02396,0.03475,-1.59084,0.00196,-0.00071,-0.00027,0.01911,0.05727,-1.56588,-0.00031,-0.0004,0.00037,0.01442,0.01658,-1.59125,10,37.8924,362.8159,37.8508,178.6966,1.6137,-122.4886,0.0098,25.5388,1.0402
418,000418.png,False,1788776813.234132,1788776813.029432,normal_unload,5,,1.486120798351186,0.0204,0.02862,-1.58543,0.00204,-0.00079,-0.00024,0.01555,0.05118,-1.56044,-0.00023,-0.00049,0.0004,0.01436,0.00959,-1.58572,10,37.8934,362.8115,37.8501,178.6969,1.6134,-122.4886,0.0033,25.538,1.041
419,000419.png,False,1788776813.438241,1788776813.233541,normal_unload,5,,1.486120798351186,0.02053,0.02771,-1.5501,0.00211,-0.00075,-0.00027,0.01567,0.05029,-1.52509,-0.00016,-0.00044,0.00037,0.01468,0.00942,-1.55039,11,37.8933,362.8063,37.9143,178.6946,1.6151,-122.4889,0.0002,25.6021,0.9769
420,000420.png,False,1788776813.850158,1788776813.645458,normal_unload,5,,1.379722535197132,0.01715,0.01464,-1.47628,0.00232,-0.00086,-0.00032,0.01228,0.03727,-1.4512,4e-05,-0.00055,0.00032,0.01778,-0.0024,-1.47634,10,37.8941,362.8031,37.8897,178.6971,1.6124,-122.4892,0.01,25.5775,1.0015
421,000421.png,False,1788776814.470280,1788776814.265580,normal_unload,5,,1.2850204779548988,0.02081,0.02315,-1.3431,0.00204,-0.00073,-0.00039,0.01592,0.04586,-1.31793,-0.00024,-0.00043,0.00025,0.01577,0.00893,-1.34334,10,37.8885,362.8357,38.0044,178.6924,1.6178,-122.4896,0.0013,25.6927,0.8863
422,000422.png,False,1788776814.882308,1788776814.677608,normal_unload,5,,1.165604754437706,0.01759,0.01808,-1.2681,0.00216,-0.00065,-0.00055,0.01269,0.04085,-1.24287,-0.00013,-0.00034,9e-05,0.01499,0.00414,-1.26825,11,37.893,362.8108,37.9663,178.6974,1.6124,-122.4895,0.0098,25.6542,0.9248
423,000423.png,False,1788776815.298329,1788776815.093629,normal_unload,5,,1.0963190911457588,0.01522,0.01103,-1.18977,0.00227,-0.00068,-0.00036,0.01031,0.03386,-1.16448,-3e-05,-0.00037,0.00029,0.01592,-0.0019,-1.18981,11,37.8923,362.8081,38.0075,178.6976,1.6122,-122.4903,0.004,25.6953,0.8837
424,000424.png,False,1788776815.502336,1788776815.297636,normal_unload,5,,1.0963190911457588,0.01632,0.01084,-1.13753,0.00222,-0.00065,-0.00048,0.01141,0.03369,-1.11221,-8e-05,-0.00034,0.00016,0.01661,-0.00068,-1.13757,11,37.8921,362.8144,38.0746,178.6946,1.6154,-122.4911,0.0066,25.7626,0.8164
425,000425.png,False,1788776815.914257,1788776815.709557,normal_unload,5,,0.9716775735950137,0.01577,0.00888,-1.07288,0.00231,-0.00064,-0.00053,0.01085,0.03179,-1.04749,1e-05,-0.00033,0.00011,0.01666,-0.00161,-1.0729,10,37.8929,362.8079,38.0561,178.6977,1.612,-122.4905,0.0092,25.7439,0.8351
426,000426.png,False,1788776816.122370,1788776815.917670,normal_unload,5,,0.9020203759281628,0.01551,0.00832,-0.99279,0.00226,-0.00062,-0.0006,0.01058,0.03125,-0.96737,-5e-05,-0.00031,5e-05,0.01616,-0.00095,-0.99281,11,37.8924,362.8105,38.0935,178.6981,1.6119,-122.4912,0.0023,25.7813,0.7977
427,000427.png,False,1788776816.330388,1788776816.125688,normal_unload,5,,0.9020203759281628,0.01451,0.00514,-1.00224,0.00236,-0.0006,-0.00055,0.00957,0.0281,-0.97679,5e-05,-0.00029,0.0001,0.01695,-0.00435,-1.0022,10,37.8927,362.8082,38.0934,178.6984,1.6115,-122.4912,0.0045,25.7813,0.7977
428,000428.png,False,1788776816.534292,1788776816.329592,normal_unload,5,,0.9020203759281628,0.01732,0.00838,-0.94629,0.00221,-0.00057,-0.00063,0.01237,0.03136,-0.92081,-0.00011,-0.00026,2e-05,0.01738,0.00075,-0.94632,10,37.8905,362.8184,38.1587,178.6971,1.6127,-122.4912,0.0066,25.8467,0.7323
429,000429.png,False,1788776816.742296,1788776816.537596,normal_unload,5,,0.7592346013513407,0.01696,0.00916,-0.84216,0.00212,-0.00051,-0.00071,0.01201,0.03218,-0.81666,-0.00019,-0.0002,-6e-05,0.01595,0.00292,-0.84222,11,37.8906,362.8165,38.1554,178.6968,1.613,-122.4912,0.0003,25.8433,0.7357
430,000430.png,False,1788776816.950402,1788776816.745702,normal_unload,5,,0.7592346013513407,0.0153,0.00964,-0.86674,0.00218,-0.00047,-0.00067,0.01034,0.03269,-0.8412,-0.00014,-0.00016,-2e-05,0.01444,0.00211,-0.8668,10,37.8911,362.8147,38.1517,178.6973,1.6128,-122.4912,0.0074,25.8397,0.7393
431,000431.png,False,1788776817.154318,1788776816.949618,normal_unload,5,,0.7592346013513407,0.01475,0.00682,-0.76397,0.00212,-0.00048,-0.00066,0.00978,0.02989,-0.7384,-0.0002,-0.00017,-1e-05,0.01466,0.00104,-0.764,10,37.8898,362.814,38.2101,178.696,1.6138,-122.4919,0.0029,25.898,0.681
432,000432.png,False,1788776818.186520,1788776817.981820,normal_unload,5,,0.5666561985346192,0.014,0.0005,-0.57321,0.00221,-0.00035,-0.00052,0.00901,0.02371,-0.5475,-0.00012,-4e-05,0.00014,0.01586,-0.00175,-0.57316,10,37.8913,362.8143,38.3454,178.6953,1.6149,-122.4932,0.0076,26.0333,0.5457
433,000433.png,False,1788776818.598474,1788776818.393774,normal_unload,5,,0.46956762074210023,0.01135,-0.0005,-0.54632,0.00227,-0.00033,-0.00043,0.00635,0.02276,-0.52054,-7e-05,-2e-05,0.00023,0.01387,-0.00351,-0.54625,11,37.8901,362.8136,38.4188,178.6948,1.6156,-122.4939,0.0083,26.1067,0.4723
434,000434.png,False,1788776819.014412,1788776818.809712,normal_unload,5,,0.375031223237005,0.01139,-0.00803,-0.4803,0.00237,-0.0004,-0.00053,0.00638,0.01529,-0.45447,2e-05,-8e-05,0.00013,0.01721,-0.00895,-0.48011,10,37.8917,362.809,38.4052,178.6966,1.6137,-122.4936,0.0015,26.093,0.486
435,000435.png,False,1788776819.218499,1788776819.013799,normal_unload,5,,0.375031223237005,0.01589,0.00365,-0.37878,0.00201,-0.00025,-0.00067,0.01087,0.02699,-0.35292,-0.00034,6e-05,-1e-05,0.01457,0.00504,-0.37882,11,37.8859,362.8341,38.4849,178.6945,1.6162,-122.4939,0.0041,26.1731,0.4059
436,000436.png,False,1788776819.630543,1788776819.425843,normal_unload,5,,0.2645404778318976,0.01293,-0.00202,-0.36485,0.00221,-0.0003,-0.00062,0.0079,0.02137,-0.33892,-0.00015,2e-05,4e-05,0.01474,-0.00114,-0.36478,10,37.8887,362.8192,38.553,178.6951,1.6153,-122.4943,0.0064,26.241,0.338
437,000437.png,False,1788776820.250564,1788776820.045864,normal_unload,5,,0.20762757587416728,0.01264,-0.00257,-0.24509,0.00216,-0.00025,-0.0005,0.00759,0.02091,-0.21907,-0.0002,7e-05,0.00017,0.01393,0.00017,-0.24503,10,37.8862,362.8272,38.6511,178.6938,1.617,-122.4948,0.0097,26.3392,0.2398
438,000438.png,False,1788776821.490655,1788776821.285955,normal_unload,5,,0.004677984472016297,0.00985,-0.007,-0.07731,0.00215,-0.00022,-0.00063,0.00477,0.01664,-0.05111,-0.00023,0.0001,3e-05,0.01257,-0.00238,-0.0772,10,37.8841,362.8327,38.8382,178.6937,1.617,-122.4959,0.0023,26.5264,0.0526
439,000439.png,False,1788776821.694710,1788776821.490010,normal_unload,5,,0.004677984472016297,0.00811,-0.01084,-0.1147,0.00229,-0.00028,-0.00045,0.00302,0.01283,-0.08848,-9e-05,4e-05,0.00022,0.01324,-0.00717,-0.11452,10,37.8865,362.8245,38.8246,178.6964,1.6147,-122.4956,0.0008,26.5127,0.0663
440,000440.png,False,1788776823.346704,1788776823.142004,normal_load,6,,0.16578856606258513,0.00558,-0.0186,-0.07803,0.00245,-0.00033,-0.00061,0.00044,0.00529,-0.05156,5e-05,-1e-05,7e-05,0.01466,-0.01457,-0.07771,10,37.8887,362.8078,38.9013,178.6999,1.6109,-122.4964,0.0086,26.589,-0.01
441,000441.png,False,1788776826.650952,1788776826.446252,normal_load,6,,0.34231824914150477,0.00885,-0.00907,-0.23603,0.0023,-0.00036,-0.00051,0.00362,0.01526,-0.20907,-0.00015,-3e-05,0.00018,0.01384,-0.00721,-0.23585,10,37.8849,362.8259,38.6885,178.6983,1.6126,-122.4973,0.0032,26.3766,0.2024
442,000442.png,False,1788776828.094939,1788776827.890239,normal_load,6,,0.41321975149126045,0.00821,-0.01472,-0.30963,0.00249,-0.00043,-0.0006,0.00293,0.0098,-0.28247,2e-05,-0.0001,9e-05,0.01661,-0.0136,-0.30935,10,37.8861,362.813,38.6009,178.6987,1.6121,-122.4973,0.0031,26.2888,0.2902
443,000443.png,False,1788776828.506968,1788776828.302269,normal_load,6,,0.41321975149126045,0.01189,-0.00378,-0.38856,0.00223,-0.00042,-0.00047,0.00661,0.02079,-0.36133,-0.00024,-9e-05,0.00023,0.01488,-0.00356,-0.38846,10,37.8838,362.8274,38.5495,178.6969,1.614,-122.4973,0.0065,26.2376,0.3414
444,000444.png,False,1788776829.127072,1788776828.922372,normal_load,6,,0.4897813959448285,0.0101,-0.00645,-0.3586,0.00238,-0.00037,-0.00064,0.0048,0.0182,-0.33128,-0.0001,-4e-05,5e-05,0.01446,-0.00628,-0.35845,10,37.8842,362.8231,38.5536,178.6981,1.6128,-122.4973,0.0025,26.2417,0.3373
445,000445.png,False,1788776829.539033,1788776829.334333,normal_load,6,,0.516139917344222,0.00648,-0.01726,-0.41614,0.00259,-0.00053,-0.00062,0.00117,0.00744,-0.38876,0.0001,-0.0002,8e-05,0.01713,-0.01838,-0.41579,11,37.8884,362.8059,38.5082,178.7014,1.6096,-122.4974,0.0095,26.1959,0.3831
446,000446.png,False,1788776830.571109,1788776830.366409,normal_load,6,,0.5816494202023221,0.00963,-0.00846,-0.49484,0.00248,-0.0005,-0.0005,0.00429,0.01639,-0.46731,-2e-05,-0.00017,0.0002,0.016,-0.01044,-0.49464,10,37.8868,362.8161,38.4577,178.7008,1.6099,-122.4972,0.0083,26.1457,0.4333
447,000447.png,False,1788776830.983019,1788776830.778319,normal_load,6,,0.6422890371464348,0.00478,-0.01964,-0.54484,0.00271,-0.0007,-0.00056,-0.00057,0.00526,-0.51725,0.00021,-0.00037,0.00015,0.01773,-0.02335,-0.54442,10,37.8906,362.7969,38.4135,178.7046,1.606,-122.4973,0.0006,26.1011,0.4779
448,000448.png,False,1788776833.051188,1788776832.846488,normal_load,6,,0.8185874447980979,0.01268,0.00049,-0.69886,0.0023,-0.00056,-0.00043,0.00726,0.02566,-0.67097,-0.00023,-0.00022,0.00028,0.01558,-0.00444,-0.69879,10,37.8859,362.8178,38.3161,178.7023,1.6083,-122.4972,0.0065,26.0041,0.5749
449,000449.png,False,1788776834.287306,1788776834.082606,normal_load,6,,0.933348943372951,0.00724,-0.01123,-0.81351,0.00274,-0.00078,-0.00052,0.00179,0.01411,-0.78544,0.00019,-0.00043,0.0002,0.01753,-0.01914,-0.81321,10,37.8916,362.793,38.2205,178.7049,1.6054,-122.4971,0.0091,25.908,0.671
450,000450.png,False,1788776834.495271,1788776834.290571,normal_load,6,,0.933348943372951,0.00778,-0.01254,-0.83905,0.00275,-0.00077,-0.00061,0.00232,0.01282,-0.81095,0.00019,-0.00043,0.0001,0.01882,-0.02042,-0.83872,10,37.89,362.8005,38.221,178.7041,1.6067,-122.4971,0.0026,25.9087,0.6703
451,000451.png,False,1788776836.147371,1788776835.942671,normal_load,6,,1.0224380764951064,0.01287,0.0027,-1.01268,0.00255,-0.00073,-0.00059,0.00737,0.02829,-0.98433,-3e-05,-0.00039,0.00014,0.01682,-0.00745,-1.0126,10,37.8891,362.81,38.1303,178.7039,1.6066,-122.4969,0.0044,25.8182,0.7608
452,000452.png,False,1788776836.559413,1788776836.354713,normal_load,6,,1.0997274725311088,0.01464,0.00535,-0.99422,0.00248,-0.0007,-0.00065,0.00913,0.03099,-0.96581,-0.0001,-0.00035,7e-05,0.0169,-0.00398,-0.99419,11,37.8887,362.8126,38.1319,178.7038,1.6067,-122.4971,0.0047,25.8198,0.7592
453,000453.png,False,1788776836.763395,1788776836.558695,normal_load,6,,1.0997274725311088,0.01192,-0.00085,-1.06511,0.00269,-0.0008,-0.00055,0.0064,0.02482,-1.03667,0.00011,-0.00045,0.00018,0.01814,-0.01184,-1.06496,10,37.8906,362.8004,38.0867,178.707,1.6032,-122.4968,0.0071,25.7744,0.8046
454,000454.png,False,1788776837.591444,1788776837.386744,normal_load,6,,1.1962878349111805,0.01783,0.0111,-1.10368,0.00237,-0.00077,-0.00056,0.01228,0.03688,-1.07512,-0.00023,-0.00042,0.00017,0.01755,0.00084,-1.10374,10,37.8883,362.8143,38.0815,178.703,1.6075,-122.4969,0.0095,25.7695,0.8095
455,000455.png,False,1788776838.003488,1788776837.798788,normal_load,6,,1.1962878349111805,0.01909,0.01823,-1.21004,0.00226,-0.00074,-0.00052,0.01353,0.04406,-1.18142,-0.00034,-0.00039,0.00021,0.01582,0.00594,-1.21021,10,37.8881,362.8165,38.0356,178.7008,1.6099,-122.497,0.0062,25.7236,0.8554
456,000456.png,False,1788776839.447534,1788776839.242834,normal_load,6,,1.414021185649247,0.02032,0.01676,-1.31223,0.00241,-0.00075,-0.00041,0.01472,0.04278,-1.2834,-0.00021,-0.0004,0.00033,0.01832,0.00365,-1.31236,10,37.8888,362.8156,37.9905,178.7007,1.6101,-122.497,0.0076,25.6785,0.9005
457,000457.png,False,1788776839.655535,1788776839.450835,normal_load,6,,1.414021185649247,0.02007,0.01716,-1.29541,0.00228,-0.00082,-0.00053,0.01447,0.0432,-1.26654,-0.00034,-0.00047,0.00021,0.01779,0.00414,-1.29555,10,37.8883,362.8168,37.9902,178.7002,1.6105,-122.497,0.0069,25.6782,0.9008
458,000458.png,False,1788776840.275543,1788776840.070843,normal_load,6,,1.414021185649247,0.02069,0.01711,-1.42023,0.00239,-0.0009,-0.00046,0.01507,0.04324,-1.39127,-0.00024,-0.00055,0.00028,0.01922,0.00241,-1.42035,10,37.89,362.8125,37.941,178.6984,1.6125,-122.4973,0.0073,25.6289,0.9501
459,000459.png,False,1788776840.687582,1788776840.482882,normal_load,6,,1.5284074886343377,0.01899,0.01556,-1.3943,0.00251,-0.00088,-0.0006,0.01336,0.04174,-1.36529,-0.00013,-0.00053,0.00014,0.01834,0.00063,-1.3944,10,37.8895,362.8106,37.9431,178.6998,1.6113,-122.4968,0.0042,25.631,0.948
460,000460.png,False,1788776840.891593,1788776840.686893,normal_load,6,,1.5284074886343377,0.01531,0.00538,-1.45236,0.00274,-0.00099,-0.00064,0.00967,0.03159,-1.42331,0.00011,-0.00064,0.0001,0.02064,-0.01095,-1.45226,10,37.8916,362.8031,37.9086,178.7015,1.6091,-122.4972,0.0013,25.5964,0.9826
461,000461.png,False,1788776841.719626,1788776841.514926,normal_load,6,,1.5800483435656218,0.02189,0.02112,-1.49188,0.00233,-0.0009,-0.00073,0.01623,0.04744,-1.46271,-0.00032,-0.00054,1e-05,0.01875,0.00533,-1.49206,11,37.8887,362.8128,37.896,178.698,1.6129,-122.4969,0.0025,25.584,0.995
462,000462.png,False,1788776842.131572,1788776841.926872,normal_load,6,,1.5800483435656218,0.02127,0.02207,-1.61034,0.00242,-0.00094,-0.00048,0.0156,0.04845,-1.58111,-0.00023,-0.00059,0.00027,0.01856,0.00395,-1.61052,10,37.8903,362.8112,37.8601,178.6965,1.6148,-122.4974,0.0079,25.548,1.031
463,000463.png,False,1788776842.751699,1788776842.546999,normal_load,6,,1.7067363882380506,0.02106,0.0187,-1.58858,0.0025,-0.00097,-0.00056,0.01537,0.04516,-1.55926,-0.00016,-0.00062,0.00019,0.01991,0.00127,-1.5887,10,37.8905,362.8094,37.8623,178.6971,1.6139,-122.4973,0.008,25.5502,1.0288
464,000464.png,False,1788776842.955719,1788776842.751019,normal_load,6,,1.7067363882380506,0.01629,0.00949,-1.64362,0.00282,-0.00108,-0.0006,0.01059,0.03597,-1.61427,0.00015,-0.00072,0.00015,0.02076,-0.00997,-1.64356,10,37.8928,362.7951,37.822,178.7008,1.6099,-122.4972,0.0086,25.5097,1.0693
465,000465.png,False,1788776843.783777,1788776843.579077,normal_load,6,,1.7922028169372142,0.02391,0.02718,-1.70508,0.00234,-0.00099,-0.00058,0.01819,0.05378,-1.67562,-0.00034,-0.00063,0.00017,0.01895,0.00818,-1.70534,10,37.8895,362.8129,37.8144,178.6955,1.6157,-122.4974,0.0091,25.5023,1.0767
466,000466.png,False,1788776843.987772,1788776843.783072,normal_load,6,,1.7922028169372142,0.01889,0.02027,-1.76326,0.00259,-0.00104,-0.00064,0.01317,0.04689,-1.73376,-9e-05,-0.00069,0.00011,0.01846,-0.00125,-1.76338,10,37.891,362.8086,37.7822,178.6942,1.6174,-122.4974,0.0063,25.4701,1.1089
467,000467.png,False,1788776844.403805,1788776844.199105,normal_load,6,,1.7922028169372142,0.02291,0.02517,-1.78158,0.00245,-0.00104,-0.00073,0.01717,0.05184,-1.75202,-0.00024,-0.00068,2e-05,0.01962,0.0047,-1.78179,10,37.8903,362.8109,37.7818,178.6943,1.6169,-122.4972,0.0131,25.4698,1.1092
468,000468.png,False,1788776844.815778,1788776844.611079,normal_load,6,,1.8821180241541242,0.02351,0.02664,-1.7714,0.0024,-0.00107,-0.00073,0.01777,0.05337,-1.74178,-0.00029,-0.00071,3e-05,0.01934,0.00645,-1.77164,10,37.8902,362.8107,37.782,178.6943,1.6169,-122.4972,0.0038,25.4699,1.1091
469,000469.png,False,1788776845.639871,1788776845.435171,normal_load,6,,1.992624574618384,0.02473,0.03081,-1.91317,0.0024,-0.0011,-0.00044,0.01896,0.05765,-1.88343,-0.0003,-0.00074,0.00032,0.01929,0.0084,-1.91346,11,37.8898,362.8103,37.7396,178.6934,1.6176,-122.4972,0.004,25.4275,1.1515
470,000470.png,False,1788776845.847907,1788776845.643207,normal_load,6,,1.992624574618384,0.0241,0.02942,-1.89971,0.00236,-0.00116,-0.00055,0.01832,0.05629,-1.86994,-0.00035,-0.00079,0.00021,0.01935,0.00709,-1.89998,10,37.892,362.8086,37.7391,178.6937,1.6176,-122.4977,0.0006,25.427,1.152
471,000471.png,False,1788776846.051853,1788776845.847153,normal_load,6,,1.992624574618384,0.02395,0.02928,-1.98196,0.00247,-0.00113,-0.00067,0.01817,0.05617,-1.95216,-0.00023,-0.00077,9e-05,0.01986,0.00557,-1.98222,10,37.89,362.8175,37.698,178.6902,1.6211,-122.4975,0.0035,25.3861,1.1929
472,000472.png,False,1788776846.671914,1788776846.467214,normal_unload,6,,1.992624574618384,0.02638,0.03236,-2.01403,0.00241,-0.00114,-0.00058,0.02058,0.05934,-1.98414,-0.0003,-0.00078,0.00018,0.02065,0.00895,-2.01434,10,37.8908,362.8125,37.7001,178.6915,1.6197,-122.4977,0.0006,25.388,1.191
473,000473.png,False,1788776846.879940,1788776846.675240,normal_unload,6,,1.8907353105714009,0.02422,0.03075,-2.0055,0.00245,-0.00111,-0.00054,0.01842,0.05775,-1.97558,-0.00027,-0.00074,0.00023,0.01953,0.00661,-2.00577,11,37.8913,362.8096,37.6994,178.6924,1.6187,-122.4977,0.0058,25.3873,1.1917
474,000474.png,False,1788776847.087907,1788776846.883207,normal_unload,6,,1.8907353105714009,0.0254,0.027,-1.98687,0.00254,-0.00117,-0.00072,0.01958,0.05403,-1.95691,-0.00018,-0.00081,4e-05,0.02228,0.00425,-1.98708,10,37.8904,362.8106,37.7191,178.6902,1.6211,-122.4973,0.0093,25.407,1.172
475,000475.png,False,1788776847.291946,1788776847.087246,normal_unload,6,,1.71413531481505,0.02707,0.03097,-1.72331,0.00229,-0.00094,-0.00063,0.02125,0.05803,-1.69333,-0.00043,-0.00058,0.00014,0.01992,0.01274,-1.72364,10,37.889,362.8149,37.774,178.6895,1.6217,-122.4975,0.0073,25.462,1.117
476,000476.png,False,1788776847.499970,1788776847.295270,normal_unload,6,,1.71413531481505,0.02317,0.02449,-1.81239,0.00255,-0.00107,-0.00058,0.01735,0.05157,-1.78238,-0.00018,-0.00071,0.00019,0.02041,0.00375,-1.81259,11,37.89,362.807,37.7516,178.6918,1.619,-122.4975,0.001,25.4395,1.1395
477,000477.png,False,1788776848.119978,1788776847.915278,normal_unload,6,,1.632308551251006,0.02079,0.01617,-1.72096,0.00268,-0.00106,-0.00067,0.01495,0.04334,-1.69086,-5e-05,-0.00069,0.0001,0.02186,-0.00317,-1.72102,11,37.8926,362.8035,37.7934,178.6927,1.6184,-122.4975,0.007,25.4812,1.0978
478,000478.png,False,1788776848.531984,1788776848.327284,normal_unload,6,,1.5463864321784142,0.02023,0.01537,-1.64396,0.00265,-0.00101,-0.00061,0.01438,0.04259,-1.6138,-9e-05,-0.00064,0.00016,0.02125,-0.00292,-1.64402,10,37.891,362.8053,37.8196,178.6931,1.6179,-122.4974,0.0037,25.5074,1.0716
479,000479.png,False,1788776848.735982,1788776848.531282,normal_unload,6,,1.5463864321784142,0.02444,0.02581,-1.4787,0.00234,-0.00079,-0.00063,0.01858,0.05306,-1.44851,-0.0004,-0.00042,0.00014,0.01853,0.01088,-1.47897,10,37.8889,362.8201,37.9093,178.6873,1.6238,-122.498,0.0011,25.5974,0.9816
480,000480.png,False,1788776849.563944,1788776849.359244,normal_unload,6,,1.323372462392058,0.01833,0.0076,-1.42765,0.0028,-0.00093,-0.00057,0.01245,0.03496,-1.39734,4e-05,-0.00056,0.0002,0.02198,-0.00713,-1.4276,10,37.891,362.8043,37.9082,178.6916,1.6195,-122.4975,0.0005,25.596,0.983
481,000481.png,False,1788776849.768050,1788776849.563350,normal_unload,6,,1.323372462392058,0.02007,0.00943,-1.29589,0.00259,-0.00081,-0.00076,0.01418,0.03682,-1.26554,-0.00016,-0.00044,1e-05,0.02165,-0.00256,-1.29589,10,37.8904,362.8054,37.9565,178.692,1.6187,-122.4977,0.0019,25.6443,0.9347
482,000482.png,False,1788776850.184133,1788776849.979433,normal_unload,6,,1.1895857571636155,0.02058,0.00761,-1.24388,0.0025,-0.0008,-0.00052,0.01468,0.03505,-1.21347,-0.00027,-0.00043,0.00025,0.02265,-0.00305,-1.24387,10,37.8882,362.8238,38.0362,178.6884,1.623,-122.498,0.0083,25.7243,0.8547
483,000483.png,False,1788776850.800088,1788776850.595388,normal_unload,6,,1.0745820634859966,0.01651,-7e-05,-1.07888,0.00273,-0.00068,-0.00069,0.01059,0.02745,-1.04838,-4e-05,-0.00031,9e-05,0.02182,-0.00909,-1.07875,11,37.8906,362.8056,38.0601,178.6913,1.6195,-122.4977,0.0037,25.7479,0.8311
484,000484.png,False,1788776851.216104,1788776851.011404,normal_unload,6,,0.9736814965324868,0.01917,0.0029,-1.04375,0.00266,-0.00068,-0.00062,0.01324,0.03048,-1.01319,-0.00011,-0.0003,0.00016,0.0224,-0.00462,-1.04368,10,37.8881,362.8234,38.1322,178.6884,1.6233,-122.4978,0.0029,25.8203,0.7587
485,000485.png,False,1788776851.628167,1788776851.423467,normal_unload,6,,0.8710325567304296,0.0181,-0.00012,-0.97629,0.00268,-0.00065,-0.00064,0.01216,0.02751,-0.94567,-0.0001,-0.00027,0.00014,0.02251,-0.0067,-0.97617,10,37.8908,362.8127,38.1065,178.6906,1.6206,-122.4979,0.0071,25.7944,0.7846
486,000486.png,False,1788776852.040070,1788776851.835370,normal_unload,6,,0.7671615200712069,0.01482,-0.0071,-0.86418,0.00284,-0.00062,-0.00075,0.00886,0.02058,-0.8335,5e-05,-0.00024,3e-05,0.02237,-0.01259,-0.86395,11,37.8912,362.8069,38.1589,178.6915,1.6196,-122.4981,0.0087,25.8467,0.7323
487,000487.png,False,1788776852.248075,1788776852.043375,normal_unload,6,,0.7671615200712069,0.01707,-0.00362,-0.84171,0.00269,-0.00061,-0.00077,0.01111,0.0241,-0.811,-0.0001,-0.00023,2e-05,0.02243,-0.00809,-0.84155,10,37.8877,362.8315,38.2305,178.6869,1.6249,-122.4991,0.0046,25.9187,0.6603
488,000488.png,False,1788776853.280200,1788776853.075500,normal_unload,6,,0.6133462915917989,0.01568,-0.00545,-0.6817,0.00263,-0.00053,-0.00053,0.0097,0.0224,-0.65084,-0.00017,-0.00016,0.00025,0.02103,-0.0078,-0.68153,11,37.8891,362.8221,38.3255,178.6891,1.6222,-122.4993,0.0006,26.0136,0.5654
489,000489.png,False,1788776854.312184,1788776854.107484,normal_unload,6,,0.4149873634215482,0.01374,-0.00823,-0.52326,0.00266,-0.00038,-0.00052,0.00772,0.01976,-0.49225,-0.00016,-1e-05,0.00027,0.01964,-0.00865,-0.52307,10,37.889,362.8177,38.418,178.6905,1.6209,-122.5001,0.0004,26.1059,0.4731
490,000490.png,False,1788776857.408406,1788776857.203707,normal_unload,6,,0.0,0.01135,-0.01838,-0.08777,0.00269,-0.00025,-0.00062,0.00524,0.01001,-0.05631,-0.00016,0.00014,0.00018,0.01962,-0.01166,-0.08746,10,37.887,362.8292,38.8723,178.6894,1.6219,-122.5039,0.0076,26.5604,0.0186
491,000491.png,False,1788776863.804842,1788776863.600142,normal_load,7,,0.44993494933485745,0.01422,-0.00704,-0.35182,0.00255,-0.00033,-0.00073,0.00793,0.02221,-0.31942,-0.00039,6e-05,0.0001,0.01827,-0.00462,-0.35168,10,37.8862,362.8314,38.5695,178.6846,1.6269,-122.5075,0.0057,26.2577,0.3213
492,000492.png,False,1788776864.012824,1788776863.808124,normal_load,7,,0.44993494933485745,0.01052,-0.02106,-0.3777,0.00296,-0.00045,-0.00069,0.00423,0.00821,-0.34526,1e-05,-6e-05,0.00014,0.02226,-0.01904,-0.37729,10,37.89,362.8044,38.5286,178.6881,1.6231,-122.5072,0.006,26.2163,0.3627
493,000493.png,False,1788776866.900921,1788776866.696221,normal_load,7,,0.6152465928779008,0.01584,-0.00316,-0.60735,0.00258,-0.00053,-0.00071,0.00946,0.0265,-0.57449,-0.0004,-0.00013,0.00013,0.01951,-0.00455,-0.60724,11,37.8887,362.8213,38.368,178.6789,1.633,-122.5092,0.009,26.056,0.523
494,000494.png,False,1788776867.728977,1788776867.524277,normal_load,7,,0.7556799422061488,0.01314,-0.01029,-0.65923,0.00289,-0.00063,-0.00071,0.00674,0.01947,-0.62625,-0.00011,-0.00023,0.00013,0.02109,-0.01291,-0.65898,10,37.8901,362.8099,38.3364,178.6814,1.6305,-122.5091,0.0062,26.0242,0.5548
495,000495.png,False,1788776869.793057,1788776869.588357,normal_load,7,,0.923230444944798,0.01573,-0.00194,-0.80415,0.0027,-0.00059,-0.00076,0.00927,0.0281,-0.77086,-0.00033,-0.00019,9e-05,0.02017,-0.0067,-0.80402,10,37.8883,362.8166,38.2392,178.6792,1.6326,-122.5096,0.0057,25.9272,0.6518
496,000496.png,False,1788776871.857146,1788776871.652446,normal_load,7,,1.0997713683860695,0.01662,-0.00098,-0.95817,0.00284,-0.00066,-0.00101,0.0101,0.02933,-0.92459,-0.00021,-0.00026,-0.00015,0.02153,-0.00789,-0.95804,10,37.8887,362.8122,38.1427,178.6777,1.6342,-122.5101,0.0021,25.8307,0.7483
497,000497.png,False,1788776872.477216,1788776872.272516,normal_load,7,,1.0997713683860695,0.0196,0.01037,-1.07401,0.00262,-0.00064,-0.00078,0.01306,0.04076,-1.04033,-0.00044,-0.00023,8e-05,0.01924,0.00157,-1.07407,10,37.8872,362.8206,38.0976,178.6753,1.6368,-122.5101,0.0065,25.7857,0.7933
498,000498.png,False,1788776872.889197,1788776872.684497,normal_load,7,,1.1968243433854526,0.01517,0.00672,-1.06826,0.00274,-0.00069,-0.00072,0.00863,0.03716,-1.03452,-0.00032,-0.00028,0.00014,0.01719,-0.00371,-1.06824,10,37.8889,362.8173,38.1002,178.6762,1.6358,-122.5105,0.0036,25.7882,0.7908
499,000499.png,False,1788776874.953218,1788776874.748518,normal_load,7,,1.3766345609123818,0.0202,0.0131,-1.26351,0.00268,-0.00082,-0.00067,0.01359,0.04382,-1.22947,-0.00041,-0.00041,0.0002,0.01971,0.0012,-1.26359,10,37.8892,362.8186,38.0089,178.6738,1.6387,-122.5106,0.0084,25.6969,0.8821
500,000500.png,False,1788776875.777261,1788776875.572561,normal_load,7,,1.5417534559008716,0.01808,0.01031,-1.38113,0.00287,-0.0009,-0.00063,0.01145,0.04113,-1.34697,-0.00024,-0.00048,0.00024,0.02008,-0.00417,-1.38113,10,37.8895,362.8081,37.9554,178.6741,1.638,-122.5104,0.0013,25.6433,0.9357
501,000501.png,False,1788776896.834436,1788776896.629736,shear_+X_out,1,+X,0.1,0.01709,-0.00399,-1.17359,0.00318,-0.001,-0.00104,0.00945,0.02929,-1.13649,-0.00019,-0.00053,-0.0001,0.02493,-0.01371,-1.17338,10,37.8913,362.8085,38.0662,178.6637,1.6492,-122.5181,0.0033,25.7541,0.8249
502,000502.png,False,1788776897.246413,1788776897.041713,shear_+X_out,1,+X,0.1,0.01653,-0.0068,-1.19666,0.00328,-0.00099,-0.00081,0.00877,0.02643,-1.15953,-9e-05,-0.00052,0.00014,0.02602,-0.0168,-1.19639,10,37.8912,362.8026,38.0554,178.6633,1.6497,-122.5177,0.0069,25.7432,0.8358
503,000503.png,False,1788776897.658431,1788776897.453731,shear_+X_out,1,+X,0.1,0.06063,-0.01621,-1.16794,0.00359,0.00025,-0.00092,0.05274,0.01699,-1.1308,0.00022,0.00072,2e-05,0.06871,-0.00245,-1.16761,11,37.9418,362.8246,38.0569,178.6624,1.6512,-122.5201,0.0018,25.7446,0.8344
504,000504.png,False,1788776898.898511,1788776898.693811,shear_+X_out,1,+X,0.2,0.0802,-0.00022,-1.13416,0.00309,0.00075,-0.0009,0.07195,0.03287,-1.09695,-0.00029,0.00124,5e-05,0.07744,0.02172,-1.13415,10,37.9611,362.8555,38.0624,178.6634,1.6503,-122.5166,0.009,25.7505,0.8285
505,000505.png,False,1788776899.102504,1788776898.897804,shear_+X_out,1,+X,0.2,0.15275,-0.00261,-1.15386,0.00314,0.00269,-0.0009,0.14443,0.03046,-1.11664,-0.00024,0.00318,4e-05,0.14161,0.05558,-1.15395,11,38.0461,362.8796,38.0518,178.6625,1.6513,-122.5249,0.0079,25.7397,0.8393
506,000506.png,False,1788776900.134563,1788776899.929863,shear_+X_out,1,+X,0.2,0.16557,0.00348,-1.18872,0.00295,0.00295,-0.00094,0.15695,0.03646,-1.15144,-0.00044,0.00345,0.0,0.14992,0.0667,-1.18893,10,38.0573,362.9148,38.0304,178.6644,1.6497,-122.512,0.0006,25.7189,0.8601
507,000507.png,False,1788776900.754517,1788776900.549817,shear_+X_out,1,+X,0.2,0.20336,-0.00635,-1.19748,0.00327,0.00397,-0.0008,0.19456,0.02657,-1.16017,-0.00012,0.00447,0.00014,0.18763,0.07693,-1.1976,10,38.1035,362.9281,38.0328,178.6631,1.6512,-122.5192,0.0026,25.7211,0.8579
508,000508.png,False,1788776901.374638,1788776901.169938,shear_+X_out,1,+X,0.3,0.19629,-0.00689,-1.1802,0.00326,0.00377,-0.00096,0.18731,0.02597,-1.14286,-0.00013,0.00428,-2e-05,0.18166,0.07321,-1.1803,10,38.1013,362.9269,38.0328,178.6628,1.6512,-122.519,0.0098,25.7211,0.8579
509,000509.png,False,1788776901.582657,1788776901.377957,shear_+X_out,1,+X,0.3,0.25141,0.00656,-1.11008,0.00291,0.00533,-0.00085,0.24237,0.0394,-1.07273,-0.00048,0.00584,9e-05,0.2222,0.11352,-1.11053,10,38.1544,362.949,38.0581,178.6623,1.6518,-122.5218,0.0031,25.7464,0.8326
510,000510.png,False,1788776901.786566,1788776901.581867,shear_+X_out,1,+X,0.3,0.23664,-0.01483,-1.13024,0.00342,0.00491,-0.00078,0.22753,0.018,-1.09287,2e-05,0.00542,0.00017,0.22022,0.08729,-1.13028,10,38.1545,362.9499,38.0601,178.6624,1.652,-122.5216,0.0004,25.7484,0.8306
511,000511.png,False,1788776903.026773,1788776902.822073,shear_+X_out,1,+X,0.4,0.27874,0.00175,-1.15781,0.00302,0.00602,-0.00082,0.26927,0.03446,-1.12038,-0.00038,0.00654,0.00012,0.2486,0.12224,-1.15822,10,38.2021,362.998,38.0462,178.6628,1.6514,-122.5172,0.0056,25.735,0.844
512,000512.png,False,1788776903.230721,1788776903.026021,shear_+X_out,1,+X,0.4,0.37558,-0.01341,-1.06996,0.00336,0.00866,-0.00093,0.36604,0.01929,-1.03253,-5e-05,0.00918,1e-05,0.33945,0.15891,-1.07032,10,38.3079,363.0194,38.0695,178.6621,1.6522,-122.5281,0.0022,25.7579,0.8211
513,000513.png,False,1788776904.262770,1788776904.058070,shear_+X_out,1,+X,0.4,0.37887,0.00081,-1.21222,0.00314,0.00873,-0.00052,0.36903,0.03342,-1.17473,-0.00026,0.00926,0.00042,0.33618,0.1706,-1.21281,10,38.334,363.0704,38.0368,178.662,1.6524,-122.5142,0.0045,25.7257,0.8533
514,000514.png,False,1788776905.090727,1788776904.886027,shear_+X_out,1,+X,0.5,0.39527,-0.00439,-1.1812,0.00318,0.00917,-0.00069,0.38518,0.02814,-1.14367,-0.00023,0.00971,0.00025,0.35277,0.17478,-1.18174,10,38.3725,363.0968,38.0452,178.6616,1.6525,-122.5181,0.0062,25.7344,0.8446
515,000515.png,False,1788776905.294801,1788776905.090101,shear_+X_out,1,+X,0.5,0.49812,-0.01809,-1.11609,0.00361,0.01202,-0.00056,0.48797,0.01442,-1.07854,0.0002,0.01257,0.00038,0.44825,0.21535,-1.1166,10,38.4699,363.0988,38.0625,178.6616,1.6529,-122.5301,0.0085,25.7509,0.8281
516,000516.png,False,1788776905.502845,1788776905.298145,shear_+X_out,1,+X,0.5,0.44621,-0.03029,-1.1444,0.00383,0.01054,-0.00051,0.43601,0.00221,-1.10684,0.00041,0.01109,0.00044,0.40958,0.1784,-1.14459,11,38.4274,363.102,38.0587,178.6616,1.6526,-122.5229,0.0068,25.7475,0.8315
517,000517.png,False,1788776906.326797,1788776906.122097,shear_+X_out,1,+X,0.5,0.45843,0.01132,-1.08416,0.00282,0.01095,-0.00067,0.44798,0.04374,-1.04656,-0.0006,0.01151,0.00027,0.39896,0.2215,-1.0851,10,38.4542,363.1519,38.0755,178.6586,1.6559,-122.516,0.0076,25.7649,0.8141
518,000518.png,False,1788776906.534883,1788776906.330184,shear_+X_out,1,+X,0.5,0.57862,-0.01673,-1.31562,0.00369,0.01416,-0.00063,0.56811,0.01567,-1.27801,0.00028,0.01471,0.00031,0.51869,0.25356,-1.31628,10,38.5881,363.1618,37.9859,178.6648,1.6489,-122.5304,0.0006,25.6746,0.9044
519,000519.png,False,1788776907.154957,1788776906.950257,shear_+X_back,1,+X,0.0,0.49102,-0.00466,-1.20352,0.00333,0.01182,-0.00074,0.48033,0.02768,-1.16588,-9e-05,0.01238,0.0002,0.436,0.22203,-1.20424,10,38.5085,363.161,38.0219,178.6618,1.6521,-122.5181,0.005,25.7112,0.8678
520,000520.png,False,1788776907.362839,1788776907.158139,shear_+X_back,1,+X,0.0,0.48581,-0.00359,-1.2038,0.00326,0.01174,-0.00075,0.47505,0.02873,-1.16614,-0.00016,0.0123,0.00019,0.43096,0.22035,-1.20452,11,38.5059,363.1617,38.024,178.6617,1.6526,-122.5174,0.0017,25.7133,0.8657
521,000521.png,False,1788776907.774864,1788776907.570164,shear_+X_back,1,+X,0.0,0.24322,0.01368,-1.09393,0.00267,0.00513,-0.00082,0.23234,0.04597,-1.05625,-0.00076,0.0057,0.00012,0.21143,0.11586,-1.09448,10,38.2125,362.9312,38.0563,178.6625,1.6488,-122.52,0.0074,25.7439,0.8351
522,000522.png,False,1788776907.978874,1788776907.774174,shear_+X_back,1,+X,0.0,0.11224,0.00964,-1.13954,0.00295,0.00174,-0.00088,0.1013,0.04191,-1.10185,-0.00048,0.00231,6e-05,0.10031,0.04618,-1.13975,10,38.1056,362.9792,38.0476,178.6595,1.6514,-122.5185,0.0099,25.7367,0.8423
523,000523.png,False,1788776908.186966,1788776907.982266,shear_-X_out,1,-X,0.1,-0.04478,-0.02722,-1.11899,0.00389,-0.00251,-0.00095,-0.05578,0.00503,-1.08129,0.00047,-0.00193,-1e-05,-0.01743,-0.06388,-1.11826,10,37.8821,362.8597,38.0665,178.6577,1.6522,-122.5175,0.0066,25.7552,0.8238
524,000524.png,False,1788776908.599035,1788776908.394335,shear_-X_out,1,-X,0.1,-0.0546,0.01126,-1.10398,0.00284,-0.00273,-0.00099,-0.06572,0.04348,-1.06626,-0.00059,-0.00216,-5e-05,-0.04527,-0.03521,-1.1039,11,37.8902,362.8246,38.0577,178.6619,1.649,-122.5181,0.0031,25.7458,0.8332
525,000525.png,False,1788776910.250989,1788776910.046289,shear_-X_out,1,-X,0.2,-0.06711,0.01136,-1.06443,0.00281,-0.00319,-0.00085,-0.07872,0.04343,-1.02663,-0.00062,-0.0026,9e-05,-0.05643,-0.04074,-1.06434,10,37.8289,362.8044,38.076,178.6579,1.6531,-122.5219,0.0035,25.7642,0.8148
526,000526.png,False,1788776910.459044,1788776910.254344,shear_-X_out,1,-X,0.2,-0.15026,0.03326,-1.23003,0.00236,-0.00547,-0.00093,-0.16194,0.0653,-1.19221,-0.00108,-0.00488,1e-05,-0.13825,-0.06598,-1.23012,11,37.7235,362.7986,38.0138,178.658,1.6523,-122.5182,0.0031,25.7027,0.8763
527,000527.png,False,1788776912.315089,1788776912.110389,shear_-X_out,1,-X,0.3,-0.16311,0.02842,-1.22916,0.00255,-0.00586,-0.00068,-0.17533,0.0603,-1.19124,-0.00089,-0.00525,0.00025,-0.14696,-0.07658,-1.22914,10,37.6927,362.7365,38.0266,178.6582,1.6525,-122.5197,0.0014,25.7146,0.8644
528,000528.png,False,1788776912.727113,1788776912.522413,shear_-X_out,1,-X,0.3,-0.20409,0.04389,-1.0634,0.00208,-0.00683,-0.00085,-0.21644,0.07573,-1.02547,-0.00137,-0.00622,9e-05,-0.19134,-0.081,-1.06359,10,37.6313,362.7292,38.0849,178.6546,1.6563,-122.5163,0.0072,25.7733,0.8057
529,000529.png,False,1788776913.347143,1788776913.142443,shear_-X_out,1,-X,0.3,-0.26986,0.01971,-1.21043,0.0027,-0.0088,-0.0009,-0.28239,0.0515,-1.17246,-0.00075,-0.00817,4e-05,-0.23521,-0.13716,-1.21005,10,37.5644,362.6608,38.0199,178.6578,1.6528,-122.5241,0.0021,25.7077,0.8713
530,000530.png,False,1788776914.379343,1788776914.174643,shear_-X_out,1,-X,0.4,-0.2887,0.02297,-1.17371,0.00266,-0.00934,-0.00102,-0.30154,0.05467,-1.13568,-0.00079,-0.00871,-8e-05,-0.25342,-0.14316,-1.17335,11,37.5305,362.6483,38.0343,178.6577,1.6531,-122.52,0.0034,25.7221,0.8569
531,000531.png,False,1788776914.587292,1788776914.382592,shear_-X_out,1,-X,0.4,-0.36472,0.05897,-0.9621,0.00159,-0.0112,-0.00103,-0.37762,0.09064,-0.92406,-0.00186,-0.01057,-9e-05,-0.33872,-0.14658,-0.96224,10,37.4015,362.6574,38.1325,178.6493,1.6622,-122.5098,0.0097,25.8213,0.7577
532,000532.png,False,1788776914.791322,1788776914.586622,shear_-X_out,1,-X,0.4,-0.32714,0.05573,-1.02559,0.00167,-0.01026,-0.00102,-0.34009,0.08739,-0.98755,-0.00179,-0.00962,-9e-05,-0.30411,-0.13162,-1.02575,10,37.448,362.6452,38.0898,178.6541,1.6571,-122.5157,0.0121,25.7781,0.8009
533,000533.png,False,1788776915.619365,1788776915.414665,shear_-X_out,1,-X,0.5,-0.38813,0.01828,-1.15841,0.00278,-0.01201,-0.00122,-0.40133,0.04986,-1.12033,-0.00068,-0.01136,-0.00028,-0.3373,-0.19666,-1.15778,11,37.378,362.561,38.0322,178.6578,1.6529,-122.5224,0.0086,25.7197,0.8593
534,000534.png,False,1788776916.031349,1788776915.826649,shear_-X_out,1,-X,0.5,-0.40496,0.02207,-1.16605,0.00262,-0.01252,-0.00119,-0.41828,0.05361,-1.12794,-0.00085,-0.01187,-0.00025,-0.35372,-0.20191,-1.16545,10,37.3475,362.5471,38.0335,178.6588,1.6521,-122.518,0.0024,25.7209,0.8581
535,000535.png,False,1788776916.235384,1788776916.030684,shear_-X_out,1,-X,0.5,-0.52098,0.04121,-1.10077,0.0021,-0.01551,-0.00121,-0.53436,0.07274,-1.06265,-0.00137,-0.01486,-0.00027,-0.46424,-0.24225,-1.10027,10,37.248,362.5333,38.0672,178.6577,1.6535,-122.5102,0.0004,25.7551,0.8239
536,000536.png,False,1788776916.443396,1788776916.238696,shear_-X_out,1,-X,0.5,-0.44939,0.04013,-1.09253,0.0021,-0.01359,-0.00112,-0.46283,0.07164,-1.0544,-0.00137,-0.01293,-0.00018,-0.40174,-0.20729,-1.09216,11,37.2968,362.5375,38.07,178.657,1.6546,-122.5176,0.0074,25.7577,0.8213
537,000537.png,False,1788776917.267452,1788776917.062752,shear_-X_back,1,-X,0.0,-0.48849,0.01027,-1.13352,0.00295,-0.01475,-0.00141,-0.50218,0.04171,-1.09535,-0.00052,-0.01409,-0.00047,-0.42041,-0.25334,-1.13255,10,37.2399,362.4787,38.039,178.6586,1.6526,-122.5239,0.0055,25.7261,0.8529
538,000538.png,False,1788776917.475441,1788776917.270741,shear_-X_back,1,-X,0.0,-0.50454,0.0189,-1.14478,0.0027,-0.01517,-0.00134,-0.51829,0.05032,-1.10659,-0.00078,-0.0145,-0.0004,-0.43855,-0.25407,-1.14392,10,37.2256,362.4756,38.0387,178.6588,1.6524,-122.5213,0.0076,25.7258,0.8532
539,000539.png,False,1788776917.683456,1788776917.478756,shear_-X_back,1,-X,0.0,-0.35314,0.102,-1.16715,0.00055,-0.01125,-0.00125,-0.36695,0.1334,-1.12895,-0.00292,-0.01058,-0.00031,-0.34876,-0.10681,-1.16803,10,37.3891,362.5715,38.0216,178.6591,1.6538,-122.5126,0.001,25.7092,0.8698
540,000540.png,False,1788776917.887455,1788776917.682755,shear_-X_back,1,-X,0.0,-0.26616,0.03446,-1.13287,0.00229,-0.00878,-0.00116,-0.28003,0.06584,-1.09466,-0.00119,-0.00811,-0.00023,-0.23992,-0.12129,-1.13276,10,37.5476,362.7458,38.0701,178.654,1.66,-122.5191,0.0015,25.7593,0.8197
541,000541.png,False,1788776918.095498,1788776917.890798,shear_-X_back,1,-X,0.0,-0.06847,-0.0092,-1.05777,0.00336,-0.00348,-0.00123,-0.0824,0.02216,-1.01955,-0.00011,-0.00281,-0.00029,-0.04738,-0.05913,-1.05731,10,37.6773,362.6705,38.0556,178.6635,1.6497,-122.5203,0.0084,25.7427,0.8363
542,000542.png,False,1788776918.507515,1788776918.302815,shear_-Y_out,1,-Y,0.1,0.08174,-0.03449,-1.0989,0.00401,0.00052,-0.00102,0.06769,-0.00316,-1.06066,0.00054,0.00119,-9e-05,0.09565,-0.00663,-1.0983,10,37.875,362.8074,38.0563,178.6629,1.649,-122.5163,0.0033,25.7442,0.8348
543,000543.png,False,1788776918.919501,1788776918.714801,shear_-Y_out,1,-Y,0.1,0.04826,-0.04923,-1.10845,0.00447,-0.00027,-0.00099,0.03408,-0.01795,-1.07019,0.00099,0.0004,-5e-05,0.07408,-0.03628,-1.10752,11,37.8783,362.7864,38.0558,178.662,1.6488,-122.5146,0.0053,25.7434,0.8356
544,000544.png,False,1788776919.127510,1788776918.922810,shear_-Y_out,1,-Y,0.1,0.04955,-0.03185,-1.08462,0.00394,-0.00027,-0.00111,0.03531,-0.00058,-1.04635,0.00046,0.0004,-0.00017,0.06635,-0.0202,-1.084,10,37.8801,362.7827,38.0508,178.6616,1.6493,-122.5148,0.0087,25.7383,0.8407
545,000545.png,False,1788776919.331552,1788776919.126852,shear_-Y_out,1,-Y,0.1,0.06749,-0.09297,-1.12785,0.00569,0.00028,-0.00102,0.05319,-0.06172,-1.08957,0.00221,0.00096,-8e-05,0.11273,-0.06486,-1.1262,10,37.9507,362.748,38.0428,178.6573,1.6539,-122.521,0.0059,25.7293,0.8497
546,000546.png,False,1788776919.747539,1788776919.542839,shear_-Y_out,1,-Y,0.1,0.06791,-0.08232,-1.15119,0.00536,0.00023,-0.00092,0.05349,-0.05111,-1.11289,0.00187,0.00092,2e-05,0.10794,-0.0558,-1.14972,10,37.9395,362.7433,38.0308,178.6598,1.6514,-122.5201,0.0069,25.7173,0.8617
547,000547.png,False,1788776920.779639,1788776920.574939,shear_-Y_out,1,-Y,0.2,0.01822,-0.09881,-1.03324,0.00579,-0.00096,-0.0011,0.00349,-0.06769,-0.99488,0.0023,-0.00027,-0.00016,0.07232,-0.09303,-1.03141,11,37.9192,362.6957,38.0709,178.6635,1.6481,-122.5148,0.0065,25.7567,0.8223
548,000548.png,False,1788776922.015723,1788776921.811023,shear_-Y_out,1,-Y,0.3,0.02561,-0.18081,-1.1071,0.00801,-0.00086,-0.00097,0.01052,-0.14981,-1.06867,0.00451,-0.00015,-4e-05,0.1202,-0.16154,-1.10384,10,37.9873,362.6099,38.0428,178.6631,1.6492,-122.5165,0.0076,25.7268,0.8522
549,000549.png,False,1788776922.431597,1788776922.226897,shear_-Y_out,1,-Y,0.3,0.02,-0.2004,-0.97732,0.00844,-0.00092,-0.00109,0.00478,-0.16943,-0.93887,0.00494,-0.00021,-0.00015,0.12423,-0.17923,-0.97374,10,38.0033,362.5788,38.0835,178.6609,1.6513,-122.5166,0.0005,25.7669,0.8121
550,000550.png,False,1788776922.843698,1788776922.638998,shear_-Y_out,1,-Y,0.3,0.04179,-0.27212,-1.14741,0.0105,-0.00044,-0.00088,0.02645,-0.24119,-1.10894,0.00701,0.00027,6e-05,0.18011,-0.23317,-1.1426,10,38.0733,362.5016,38.0277,178.6609,1.6518,-122.5179,0.0098,25.7094,0.8696
551,000551.png,False,1788776923.667794,1788776923.463094,shear_-Y_out,1,-Y,0.4,0.02103,-0.29008,-1.14403,0.01099,-0.00102,-0.00102,0.00545,-0.25922,-1.10552,0.00748,-0.0003,-9e-05,0.17107,-0.25904,-1.13886,10,38.0694,362.4708,38.0237,178.6635,1.6486,-122.5167,0.0097,25.7049,0.8741
552,000552.png,False,1788776924.079696,1788776923.874996,shear_-Y_out,1,-Y,0.4,0.0091,-0.30718,-0.97875,0.0113,-0.00123,-0.00104,-0.00661,-0.27636,-0.94022,0.00779,-0.0005,-0.00011,0.16814,-0.27717,-0.97329,11,38.0764,362.433,38.0915,178.6623,1.6499,-122.5161,0.0005,25.772,0.807
553,000553.png,False,1788776924.287801,1788776924.083101,shear_-Y_out,1,-Y,0.4,0.00248,-0.40348,-1.06633,0.01397,-0.00139,-0.00086,-0.01328,-0.37268,-1.02779,0.01046,-0.00066,8e-05,0.21113,-0.36528,-1.05918,10,38.1327,362.353,38.0628,178.6663,1.6461,-122.5154,0.0014,25.7417,0.8373
554,000554.png,False,1788776925.731912,1788776925.527212,shear_-Y_out,1,-Y,0.5,0.02858,-0.40807,-0.9982,0.01404,-0.00074,-0.00068,0.01238,-0.3774,-0.95958,0.01052,-0.0,0.00025,0.23555,-0.35513,-0.99103,10,38.1792,362.3047,38.0887,178.6613,1.6516,-122.5175,0.0033,25.7665,0.8125
555,000555.png,False,1788776926.559906,1788776926.355206,shear_-Y_back,1,-Y,0.0,0.01711,-0.49761,-1.12315,0.01655,-0.00116,-0.00093,0.00067,-0.46701,-1.08449,0.01303,-0.00041,1e-05,0.27123,-0.44041,-1.11439,11,38.2349,362.1912,38.0317,178.6642,1.6489,-122.5172,0.0014,25.7072,0.8718
556,000556.png,False,1788776926.763816,1788776926.559116,shear_-Y_back,1,-Y,0.0,0.01267,-0.49773,-1.12987,0.01655,-0.00131,-0.0009,-0.00383,-0.46715,-1.09119,0.01304,-0.00056,4e-05,0.26748,-0.44284,-1.12109,10,38.2313,362.1876,38.0284,178.6648,1.6482,-122.5163,0.0015,25.7039,0.8751
557,000557.png,False,1788776926.971941,1788776926.767241,shear_-Y_back,1,-Y,0.0,-0.03852,-0.2747,-1.23707,0.01084,-0.00266,-0.00107,-0.05508,-0.24414,-1.19839,0.00732,-0.0019,-0.00014,0.11246,-0.27697,-1.23204,10,38.0665,362.341,37.9949,178.6678,1.6443,-122.5049,0.0087,25.6741,0.9049
558,000558.png,False,1788776927.175841,1788776926.971141,shear_-Y_back,1,-Y,0.0,-0.00448,-0.2334,-1.14817,0.00966,-0.00171,-0.00112,-0.0211,-0.20285,-1.10947,0.00614,-0.00095,-0.00018,0.12069,-0.22277,-1.14394,10,38.023,362.5793,38.0383,178.6587,1.6537,-122.5151,0.0061,25.7216,0.8574
559,000559.png,False,1788776927.383951,1788776927.179251,shear_-Y_back,1,-Y,0.0,0.02591,-0.12077,-1.07657,0.00667,-0.00082,-0.00114,0.00923,-0.09025,-1.03787,0.00315,-6e-05,-0.0002,0.09025,-0.10889,-1.07437,10,38.0213,362.5564,38.0479,178.6636,1.6479,-122.5176,0.0074,25.7308,0.8482
560,000560.png,False,1788776927.591944,1788776927.387244,shear_+Y_out,1,+Y,0.1,0.02843,0.06765,-1.08006,0.00169,-0.00076,-0.00109,0.01169,0.09815,-1.04134,-0.00183,-0.0,-0.00016,-0.00168,0.05549,-1.08112,10,37.8915,362.7527,38.0559,178.6644,1.6465,-122.5169,0.0005,25.7428,0.8362
561,000561.png,False,1788776927.795960,1788776927.591260,shear_+Y_out,1,+Y,0.1,0.00831,0.0446,-1.07315,0.00219,-0.0013,-0.00112,-0.00849,0.07509,-1.03443,-0.00133,-0.00054,-0.00019,-0.00764,0.02559,-1.07378,10,37.8898,362.7706,38.0606,178.6634,1.648,-122.5167,0.0024,25.7479,0.8311
562,000562.png,False,1788776929.240037,1788776929.035337,shear_+Y_out,1,+Y,0.2,0.01983,0.05115,-1.12556,0.00198,-0.00108,-0.00115,0.0026,0.08151,-1.08675,-0.00155,-0.0003,-0.00022,-0.00057,0.03618,-1.12631,11,37.8752,362.8123,38.0337,178.6633,1.6476,-122.5187,0.0069,25.7218,0.8572
563,000563.png,False,1788776929.656032,1788776929.451332,shear_+Y_out,1,+Y,0.2,-0.02392,0.09992,-1.01686,0.00061,-0.00224,-0.00125,-0.04128,0.13024,-0.97804,-0.00292,-0.00146,-0.00032,-0.0636,0.0583,-1.01839,10,37.801,362.8537,38.0817,178.6627,1.6483,-122.5122,0.006,25.7709,0.8081
564,000564.png,False,1788776930.067979,1788776929.863279,shear_+Y_out,1,+Y,0.2,0.00535,0.13659,-1.20513,-0.00029,-0.00162,-0.00114,-0.01212,0.16687,-1.16628,-0.00382,-0.00084,-0.00021,-0.05525,0.10167,-1.20732,10,37.7931,362.9154,38.0137,178.6654,1.6451,-122.5184,0.005,25.704,0.875
565,000565.png,False,1788776931.720145,1788776931.515445,shear_+Y_out,1,+Y,0.3,0.01997,0.16984,-1.18422,-0.00119,-0.00113,-0.00093,0.002,0.19998,-1.14529,-0.00473,-0.00033,-0.0,-0.05935,0.1381,-1.18703,11,37.7821,362.9723,38.0248,178.6635,1.6473,-122.5213,0.0056,25.7161,0.8629
566,000566.png,False,1788776932.132185,1788776931.927485,shear_+Y_out,1,+Y,0.3,-0.00494,0.20907,-1.12842,-0.0022,-0.00171,-0.00102,-0.02302,0.23917,-1.08947,-0.00574,-0.00091,-9e-05,-0.10091,0.16053,-1.13187,10,37.7313,363.0082,38.0498,178.6633,1.6473,-122.5183,0.0034,25.742,0.837
567,000567.png,False,1788776932.336178,1788776932.131478,shear_+Y_out,1,+Y,0.3,0.01034,0.29771,-1.19442,-0.00448,-0.00141,-0.00111,-0.0078,0.32779,-1.15546,-0.00803,-0.00061,-0.00018,-0.1315,0.24388,-1.19942,10,37.6923,363.0761,38.0201,178.6678,1.6424,-122.5216,0.0044,25.7137,0.8653
568,000568.png,False,1788776933.368233,1788776933.163533,shear_+Y_out,1,+Y,0.4,0.01411,0.296,-1.14313,-0.00444,-0.00122,-0.00112,-0.00434,0.32599,-1.10411,-0.00799,-0.0004,-0.00019,-0.12774,0.2451,-1.14812,10,37.6844,363.1268,38.0453,178.6625,1.6481,-122.5211,0.0017,25.7397,0.8393
569,000569.png,False,1788776933.784239,1788776933.579539,shear_+Y_out,1,+Y,0.4,0.02477,0.32582,-1.1245,-0.00522,-0.00088,-0.00115,0.00619,0.35577,-1.08546,-0.00878,-6e-05,-0.00022,-0.13354,0.27655,-1.13003,10,37.6726,363.1729,38.0547,178.6603,1.6503,-122.5225,0.0068,25.7499,0.8291
570,000570.png,False,1788776934.608325,1788776934.403625,shear_+Y_out,1,+Y,0.5,0.01033,0.399,-1.19361,-0.00721,-0.00138,-0.00114,-0.00849,0.42887,-1.15453,-0.01077,-0.00055,-0.00021,-0.18212,0.3316,-1.20037,10,37.6053,363.2529,38.0303,178.6627,1.6477,-122.5211,0.0096,25.7272,0.8518
571,000571.png,False,1788776935.020309,1788776934.815609,shear_+Y_out,1,+Y,0.5,0.0191,0.41498,-1.18078,-0.00761,-0.00112,-0.00118,0.00016,0.44482,-1.14167,-0.01116,-0.00029,-0.00025,-0.18261,0.35003,-1.18783,11,37.6021,363.275,38.0348,178.6609,1.6493,-122.5212,0.0055,25.7322,0.8468
572,000572.png,False,1788776935.432338,1788776935.227638,shear_+Y_out,1,+Y,0.5,0.02306,0.41198,-1.12543,-0.00762,-0.00103,-0.00126,0.00399,0.44179,-1.0863,-0.01118,-0.00019,-0.00033,-0.17806,0.3503,-1.13245,10,37.5956,363.2916,38.0477,178.6622,1.6482,-122.522,0.0042,25.7453,0.8337
573,000573.png,False,1788776935.848349,1788776935.643649,shear_+Y_out,1,+Y,0.5,-0.00166,0.48877,-1.25535,-0.00964,-0.00168,-0.00119,-0.02085,0.51854,-1.2162,-0.0132,-0.00084,-0.00026,-0.23693,0.40237,-1.26363,10,37.5265,363.3715,38.0133,178.6655,1.6439,-122.5212,0.003,25.7127,0.8663
574,000574.png,False,1788776936.260315,1788776936.055615,shear_+Y_back,1,+Y,0.0,0.01369,0.51139,-1.18595,-0.01021,-0.00127,-0.00142,-0.00562,0.54112,-1.14677,-0.01377,-0.00043,-0.00049,-0.23542,0.43074,-1.19466,11,37.5209,363.4055,38.0302,178.662,1.648,-122.5211,0.0062,25.7302,0.8488
575,000575.png,False,1788776936.464401,1788776936.259701,shear_+Y_back,1,+Y,0.0,0.0164,0.51138,-1.16374,-0.01027,-0.00123,-0.00147,-0.00297,0.54109,-1.12456,-0.01383,-0.00038,-0.00054,-0.23323,0.43244,-1.17246,10,37.52,363.4083,38.0319,178.6621,1.6481,-122.5211,0.0081,25.7319,0.8471
576,000576.png,False,1788776936.672399,1788776936.467699,shear_+Y_back,1,+Y,0.0,0.04365,0.30552,-0.97407,-0.00486,-0.00035,-0.00131,0.02422,0.33521,-0.93488,-0.00843,0.0005,-0.00038,-0.10808,0.2708,-0.97931,10,37.6629,363.2569,38.0879,178.6572,1.6537,-122.5234,0.0057,25.7845,0.7945
577,000577.png,False,1788776936.880436,1788776936.675736,shear_+Y_back,1,+Y,0.0,0.02706,0.24189,-1.0589,-0.00324,-0.00087,-0.00126,0.00757,0.27156,-1.0197,-0.00681,-2e-05,-0.00033,-0.09007,0.20605,-1.06299,11,37.7202,363.0221,38.0602,178.6652,1.6459,-122.5158,0.0005,25.7526,0.8264
578,000578.png,False,1788776937.292454,1788776937.087754,shear_+Y_back,1,+Y,0.0,0.00274,-0.0716,-1.05068,0.00501,-0.00151,-0.00122,-0.01687,-0.04197,-1.01145,0.00144,-0.00065,-0.00029,0.04543,-0.07747,-1.04928,10,37.8784,362.8173,38.0645,178.6626,1.6497,-122.5177,0.0072,25.7526,0.8264
579,000579.png,False,1788776937.912525,1788776937.707825,shear_+X_out,2,+X,0.1,0.01726,-0.05919,-1.21527,0.00478,-0.00131,-0.00128,-0.00253,-0.02961,-1.17601,0.00121,-0.00046,-0.00035,0.05295,-0.06211,-1.21409,10,37.8809,362.7998,37.994,178.6637,1.6486,-122.5168,0.0014,25.6818,0.8972
580,000580.png,False,1788776938.116501,1788776937.911801,shear_+X_out,2,+X,0.1,0.01702,-0.05418,-1.19084,0.0047,-0.0013,-0.00116,-0.00284,-0.02462,-1.15157,0.00113,-0.00044,-0.00023,0.05007,-0.0575,-1.18975,10,37.8805,362.8023,38.007,178.6624,1.65,-122.5159,0.0007,25.6949,0.8841
581,000581.png,False,1788776938.324396,1788776938.119696,shear_+X_out,2,+X,0.1,0.05485,-0.03629,-1.18783,0.00428,-0.00022,-0.00101,0.03493,-0.00674,-1.14855,0.0007,0.00065,-8e-05,0.07387,-0.02305,-1.18713,10,37.9564,362.8301,38.0091,178.6603,1.6528,-122.5195,0.0073,25.6968,0.8822
582,000582.png,False,1788776939.768486,1788776939.563787,shear_+X_out,2,+X,0.2,0.0783,-0.0203,-1.11736,0.00389,0.00049,-0.00106,0.05796,0.00911,-1.078,0.00031,0.00137,-0.00014,0.08572,0.00364,-1.11699,10,37.9385,362.8538,38.0382,178.6617,1.6511,-122.5142,0.0037,25.7264,0.8526
583,000583.png,False,1788776941.420685,1788776941.215985,shear_+X_out,2,+X,0.3,0.17772,-0.02511,-1.1188,0.00398,0.00315,-0.00095,0.15688,0.00416,-1.07936,0.00039,0.00405,-2e-05,0.17424,0.04913,-1.11855,11,38.0595,362.9073,38.0411,178.6613,1.6516,-122.5168,0.009,25.7294,0.8496
584,000584.png,False,1788776941.832735,1788776941.628035,shear_+X_out,2,+X,0.3,0.22292,-0.0453,-1.20929,0.00462,0.00437,-0.00104,0.20196,-0.01607,-1.16983,0.00103,0.00527,-0.00011,0.22411,0.05278,-1.20877,10,38.1191,362.9146,38.0011,178.6634,1.6491,-122.5191,0.0002,25.6891,0.8899
585,000585.png,False,1788776942.040736,1788776941.836036,shear_+X_out,2,+X,0.3,0.27821,0.00418,-1.20752,0.00324,0.00574,-0.00091,0.25719,0.03339,-1.16804,-0.00035,0.00664,2e-05,0.24727,0.12329,-1.20796,11,38.1625,362.9627,38.0019,178.6615,1.6523,-122.5142,0.0069,25.6904,0.8886
586,000586.png,False,1788776943.072713,1788776942.868013,shear_+X_out,2,+X,0.4,0.28351,-0.01369,-1.1914,0.00366,0.00592,-0.00097,0.26218,0.01542,-1.15187,6e-05,0.00683,-4e-05,0.26068,0.11071,-1.19154,10,38.194,362.9914,38.0089,178.66,1.6533,-122.5168,0.009,25.6976,0.8814
587,000587.png,False,1788776943.276746,1788776943.072046,shear_+X_out,2,+X,0.4,0.39496,-0.03745,-1.19568,0.00441,0.00897,-0.00073,0.37358,-0.00835,-1.15614,0.00081,0.00988,0.0002,0.36912,0.14577,-1.19564,10,38.2903,363.0023,38.0113,178.6582,1.6554,-122.5247,0.0086,25.6995,0.8795
588,000588.png,False,1788776943.896886,1788776943.692186,shear_+X_out,2,+X,0.4,0.364,-0.02746,-1.29305,0.00413,0.00799,-0.00072,0.34243,0.00158,-1.25348,0.00053,0.00891,0.00021,0.33799,0.13738,-1.29311,10,38.2864,363.0284,37.9835,178.6641,1.649,-122.5098,0.0045,25.6721,0.9069
589,000589.png,False,1788776944.308954,1788776944.104254,shear_+X_out,2,+X,0.4,0.36032,-0.00098,-1.06849,0.00331,0.00799,-0.00095,0.33862,0.02803,-1.0289,-0.00029,0.00891,-3e-05,0.32001,0.16207,-1.06903,10,38.2975,363.0597,38.0557,178.6573,1.6563,-122.5117,0.0061,25.7447,0.8343
590,000590.png,False,1788776944.516910,1788776944.312210,shear_+X_out,2,+X,0.4,0.47611,-0.04393,-1.30416,0.00455,0.01106,-0.00086,0.45436,-0.01495,-1.26456,0.00094,0.01198,7e-05,0.4434,0.17896,-1.30415,10,38.4117,363.0594,37.9758,178.6636,1.6488,-122.5245,0.0011,25.6641,0.9149
591,000591.png,False,1788776946.373029,1788776946.168329,shear_+X_out,2,+X,0.5,0.40379,-0.02594,-1.32772,0.00409,0.00918,-0.00093,0.38149,0.00288,-1.28802,0.00048,0.01012,0.0,0.37193,0.15803,-1.32788,10,38.3746,363.0747,37.968,178.6641,1.6483,-122.5128,0.0005,25.6567,0.9223
592,000592.png,False,1788776946.581041,1788776946.376341,shear_+X_out,2,+X,0.5,0.48882,0.02126,-1.24278,0.00289,0.01142,-0.00075,0.46646,0.05006,-1.20306,-0.00072,0.01236,0.00017,0.42142,0.24275,-1.24393,11,38.4686,363.1331,38.0024,178.6589,1.6547,-122.5103,0.0057,25.6914,0.8876
593,000593.png,False,1788776947.201105,1788776946.996405,shear_+X_back,2,+X,0.0,0.48857,-0.01136,-1.19511,0.00367,0.01145,-0.00068,0.46602,0.01738,-1.15537,5e-05,0.0124,0.00024,0.43717,0.21514,-1.19571,11,38.4654,363.1482,38.0255,178.6596,1.6533,-122.5105,0.0021,25.7149,0.8641
594,000594.png,False,1788776947.405129,1788776947.200429,shear_+X_back,2,+X,0.0,0.48687,-0.0046,-1.18315,0.00348,0.01142,-0.00067,0.46426,0.02412,-1.1434,-0.00014,0.01236,0.00026,0.43224,0.22033,-1.18387,10,38.465,363.1511,38.0288,178.659,1.6533,-122.5107,0.005,25.7181,0.8609
595,000595.png,False,1788776947.613110,1788776947.408410,shear_+X_back,2,+X,0.0,0.34124,-0.05998,-1.06057,0.00495,0.00761,-0.00061,0.31857,-0.03127,-1.0208,0.00133,0.00856,0.00032,0.33291,0.10157,-1.06005,10,38.3139,363.093,38.0881,178.6552,1.6553,-122.5225,0.0079,25.7776,0.8014
596,000596.png,False,1788776947.821048,1788776947.616349,shear_+X_back,2,+X,0.0,0.23693,-0.01755,-1.13403,0.00386,0.00484,-0.00063,0.2142,0.01113,-1.09426,0.00023,0.0058,0.0003,0.22186,0.08502,-1.13403,11,38.1256,362.8977,38.0182,178.6651,1.6444,-122.5149,0.004,25.7059,0.8731
597,000597.png,False,1788776948.025132,1788776947.820432,shear_+X_back,2,+X,0.0,0.09962,0.03751,-1.21558,0.00249,0.00112,-0.0008,0.07683,0.06618,-1.17579,-0.00113,0.00208,0.00013,0.07598,0.06279,-1.21624,10,38.0657,362.9714,38.0169,178.6593,1.6503,-122.5144,0.0046,25.7061,0.8729
598,000598.png,False,1788776948.233178,1788776948.028478,shear_-X_out,2,-X,0.1,-0.06523,-0.03126,-1.24124,0.00426,-0.00333,-0.00091,-0.08808,-0.00261,-1.20144,0.00064,-0.00237,2e-05,-0.03228,-0.07955,-1.24037,10,37.8748,362.8598,38.0069,178.6579,1.6527,-122.5166,0.002,25.6957,0.8833
599,000599.png,False,1788776948.645109,1788776948.440409,shear_-X_out,2,-X,0.1,-0.05405,0.00645,-1.23325,0.00337,-0.00301,-0.00091,-0.07703,0.03507,-1.19342,-0.00025,-0.00205,1e-05,-0.04149,-0.04117,-1.23306,10,37.8706,362.8263,38.0131,178.659,1.6528,-122.5175,0.0082,25.7014,0.8776
600,000600.png,False,1788776950.297301,1788776950.092601,shear_-X_out,2,-X,0.2,-0.0743,-0.00358,-1.25387,0.00356,-0.00371,-0.00105,-0.09776,0.02488,-1.21396,-7e-05,-0.00273,-0.00013,-0.05387,-0.06031,-1.25347,10,37.8204,362.7817,37.9904,178.6644,1.646,-122.5202,0.0132,25.6783,0.9007
601,000601.png,False,1788776950.501265,1788776950.296565,shear_-X_out,2,-X,0.2,-0.14109,0.02271,-1.01396,0.00273,-0.00528,-0.00095,-0.16461,0.05116,-0.97404,-0.0009,-0.0043,-2e-05,-0.12653,-0.06707,-1.01392,11,37.7064,362.8037,38.1098,178.6514,1.6595,-122.5197,0.0095,25.7989,0.7801
602,000602.png,False,1788776950.709354,1788776950.504654,shear_-X_out,2,-X,0.2,-0.13737,0.05502,-1.05074,0.00188,-0.00532,-0.00086,-0.16095,0.08344,-1.01081,-0.00176,-0.00434,6e-05,-0.13919,-0.03782,-1.05126,10,37.7087,362.7915,38.0737,178.6548,1.6559,-122.5191,0.0036,25.7625,0.8165
603,000603.png,False,1788776952.361391,1788776952.156691,shear_-X_out,2,-X,0.3,-0.1932,0.01109,-1.15078,0.00316,-0.00685,-0.00095,-0.21727,0.03937,-1.11077,-0.00048,-0.00585,-2e-05,-0.16491,-0.10537,-1.15041,11,37.6475,362.702,38.0343,178.658,1.6535,-122.5213,0.01,25.7222,0.8568
604,000604.png,False,1788776953.601450,1788776953.396750,shear_-X_out,2,-X,0.4,-0.28924,0.00828,-1.24451,0.00332,-0.00949,-0.00095,-0.31368,0.03644,-1.20443,-0.00033,-0.00849,-2e-05,-0.24605,-0.15729,-1.24388,11,37.5349,362.6419,38.0051,178.6594,1.6516,-122.5199,0.007,25.6928,0.8862
605,000605.png,False,1788776953.805470,1788776953.600770,shear_-X_out,2,-X,0.4,-0.36633,0.00512,-1.14813,0.0034,-0.01145,-0.00102,-0.39083,0.03327,-1.10803,-0.00025,-0.01043,-9e-05,-0.31192,-0.197,-1.14731,10,37.4557,362.62,38.0428,178.6579,1.653,-122.5167,0.0039,25.7307,0.8483
606,000606.png,False,1788776954.013484,1788776953.808784,shear_-X_out,2,-X,0.4,-0.33328,0.02864,-1.15577,0.00267,-0.01069,-0.00091,-0.35784,0.05677,-1.11567,-0.00098,-0.00968,2e-05,-0.29499,-0.16024,-1.15543,10,37.4692,362.6283,38.0431,178.6575,1.6535,-122.5185,0.0032,25.731,0.848
607,000607.png,False,1788776955.249676,1788776955.044976,shear_-X_out,2,-X,0.5,-0.39487,0.01534,-1.17083,0.00307,-0.01234,-0.00102,-0.4198,0.04336,-1.13067,-0.00059,-0.01131,-0.0001,-0.34159,-0.20277,-1.17013,10,37.3814,362.5639,38.034,178.6603,1.6508,-122.5193,0.0071,25.7215,0.8575
608,000608.png,False,1788776955.457589,1788776955.252889,shear_-X_out,2,-X,0.5,-0.51425,0.0421,-1.27169,0.00245,-0.01563,-0.00117,-0.53924,0.07011,-1.23151,-0.00121,-0.0146,-0.00025,-0.45767,-0.24086,-1.2712,10,37.2746,362.55,38.0036,178.658,1.6534,-122.5115,0.0,25.6916,0.8874
609,000609.png,False,1788776955.665698,1788776955.460998,shear_-X_out,2,-X,0.5,-0.44469,0.03818,-1.21989,0.00242,-0.01377,-0.00127,-0.46974,0.06617,-1.1797,-0.00124,-0.01274,-0.00034,-0.39582,-0.20867,-1.21948,10,37.3231,362.5474,38.0085,178.6581,1.6529,-122.5187,0.0,25.6961,0.8829
610,000610.png,False,1788776956.901691,1788776956.696991,shear_-X_back,2,-X,0.0,-0.48902,0.01718,-1.22648,0.003,-0.01501,-0.00098,-0.51444,0.04505,-1.18623,-0.00066,-0.01397,-6e-05,-0.42368,-0.24911,-1.22562,11,37.2485,362.4906,38.0171,178.6599,1.6517,-122.523,0.0078,25.7043,0.8747
611,000611.png,False,1788776957.109704,1788776956.905004,shear_-X_back,2,-X,0.0,-0.49301,0.01973,-1.21983,0.00295,-0.01513,-0.00108,-0.51849,0.04758,-1.17957,-0.00072,-0.01408,-0.00016,-0.42845,-0.2488,-1.219,10,37.2418,362.4913,38.0164,178.6593,1.6523,-122.5217,0.012,25.7037,0.8753
612,000612.png,False,1788776957.313830,1788776957.109130,shear_-X_back,2,-X,0.0,-0.36883,0.10166,-1.36225,0.00091,-0.01199,-0.00109,-0.39437,0.12949,-1.32198,-0.00276,-0.01094,-0.00017,-0.36084,-0.11808,-1.36307,10,37.3931,362.5948,37.9445,178.6625,1.6504,-122.5099,0.009,25.6324,0.9466
613,000613.png,False,1788776957.521824,1788776957.317124,shear_-X_back,2,-X,0.0,-0.26446,0.02865,-1.29718,0.00271,-0.00909,-0.00106,-0.29006,0.05647,-1.25689,-0.00096,-0.00804,-0.00014,-0.2344,-0.12811,-1.29695,11,37.5467,362.7386,38.0075,178.6558,1.6581,-122.5177,0.0021,25.6966,0.8824
614,000614.png,False,1788776957.729864,1788776957.525164,shear_-X_back,2,-X,0.0,-0.06229,-0.01323,-1.21032,0.0038,-0.00357,-0.00091,-0.08795,0.01457,-1.17003,0.00013,-0.00252,1e-05,-0.03896,-0.06197,-1.20978,10,37.6754,362.6765,38.0055,178.6621,1.6513,-122.5188,0.0225,25.6927,0.8863
615,000615.png,False,1788776958.141891,1788776957.937191,shear_-Y_out,2,-Y,0.1,0.08995,-0.04027,-1.24788,0.00453,0.00056,-0.00078,0.06416,-0.01251,-1.20757,0.00086,0.00161,0.00014,0.10669,-0.00992,-1.24718,11,37.8729,362.7997,38.0002,178.6629,1.6493,-122.5161,0.0073,25.6881,0.8909
616,000616.png,False,1788776958.345793,1788776958.141093,shear_-Y_out,2,-Y,0.1,0.08537,-0.00152,-1.20324,0.00353,0.00046,-0.00102,0.05953,0.02622,-1.16291,-0.00014,0.00151,-9e-05,0.08305,0.02206,-1.2032,10,37.8647,362.8377,38.01,178.6595,1.6524,-122.5151,0.0099,25.6985,0.8805
617,000617.png,False,1788776958.761811,1788776958.557112,shear_-Y_out,2,-Y,0.1,0.05855,-0.02962,-1.13358,0.00419,-0.00026,-0.00107,0.03258,-0.00191,-1.09323,0.00052,0.0008,-0.00015,0.07337,-0.01455,-1.13301,11,37.8755,362.7894,38.0264,178.6593,1.6522,-122.5136,0.0039,25.7141,0.8649
618,000618.png,False,1788776958.965854,1788776958.761154,shear_-Y_out,2,-Y,0.1,0.06398,-0.10136,-1.16671,0.00603,-0.0001,-0.00101,0.03795,-0.07368,-1.12635,0.00235,0.00096,-9e-05,0.11415,-0.07451,-1.16491,10,37.938,362.7346,38.0155,178.6631,1.6483,-122.5187,0.0067,25.7019,0.8771
619,000619.png,False,1788776960.826072,1788776960.621372,shear_-Y_out,2,-Y,0.2,0.02489,-0.14593,-1.06006,0.00728,-0.00101,-0.00109,-0.00169,-0.11841,-1.0196,0.0036,7e-05,-0.00017,0.10182,-0.13093,-1.05742,10,37.9464,362.6542,38.0548,178.6605,1.6515,-122.5157,0.007,25.7398,0.8392
620,000620.png,False,1788776962.062212,1788776961.857512,shear_-Y_out,2,-Y,0.3,0.03699,-0.17813,-1.15924,0.00816,-0.00076,-0.00077,0.01004,-0.15072,-1.11872,0.00447,0.00033,0.00015,0.12907,-0.15436,-1.15605,11,37.9827,362.625,38.0317,178.6629,1.649,-122.5185,0.0007,25.716,0.863
621,000621.png,False,1788776962.270062,1788776962.065362,shear_-Y_out,2,-Y,0.3,0.07219,-0.27289,-1.20072,0.01058,0.00013,-0.00064,0.04518,-0.2455,-1.16018,0.00689,0.00122,0.00028,0.2072,-0.21951,-1.19595,10,38.0706,362.5762,38.0182,178.6639,1.6481,-122.5276,0.0069,25.7011,0.8779
622,000622.png,False,1788776962.890101,1788776962.685401,shear_-Y_out,2,-Y,0.3,0.03351,-0.26653,-1.12566,0.01056,-0.00077,-0.00071,0.00632,-0.2392,-1.08509,0.00687,0.00033,0.00021,0.17,-0.23212,-1.12094,10,38.0504,362.5158,38.0394,178.6605,1.6515,-122.5205,0.002,25.7215,0.8575
623,000623.png,False,1788776964.126326,1788776963.921626,shear_-Y_out,2,-Y,0.4,0.0197,-0.2875,-1.16319,0.01108,-0.00123,-0.0009,-0.00786,-0.26028,-1.12256,0.00738,-0.00012,2e-05,0.16877,-0.25778,-1.15807,10,38.0544,362.4792,38.021,178.6643,1.6473,-122.5178,0.0064,25.7025,0.8765
624,000624.png,False,1788776964.334277,1788776964.129577,shear_-Y_out,2,-Y,0.4,-0.00173,-0.35104,-1.0767,0.01276,-0.00166,-0.00105,-0.02935,-0.32383,-1.03605,0.00906,-0.00055,-0.00013,0.18135,-0.32213,-1.07044,10,38.068,362.439,38.052,178.6631,1.6488,-122.5135,0.0073,25.7327,0.8463
625,000625.png,False,1788776964.538291,1788776964.333591,shear_-Y_out,2,-Y,0.4,0.01154,-0.31083,-1.07597,0.01166,-0.00142,-0.00097,-0.01614,-0.28364,-1.03532,0.00796,-0.00031,-5e-05,0.17275,-0.28067,-1.07044,10,38.067,362.4434,38.0491,178.6634,1.6485,-122.5143,0.0094,25.7299,0.8491
626,000626.png,False,1788776965.158258,1788776964.953558,shear_-Y_out,2,-Y,0.4,0.02444,-0.38534,-1.13642,0.01373,-0.00106,-0.00083,-0.00342,-0.35821,-1.09574,0.01003,6e-05,8e-05,0.22158,-0.33972,-1.12962,10,38.1295,362.3671,38.0316,178.6625,1.6494,-122.5181,0.0063,25.7108,0.8682
627,000627.png,False,1788776965.778396,1788776965.573696,shear_-Y_out,2,-Y,0.5,0.01759,-0.39424,-1.13517,0.01399,-0.00128,-0.00092,-0.01045,-0.36716,-1.09445,0.01028,-0.00015,-1e-05,0.22008,-0.35083,-1.1282,10,38.1319,362.352,38.0307,178.6641,1.6477,-122.5172,0.0025,25.7095,0.8695
628,000628.png,False,1788776965.986316,1788776965.781616,shear_-Y_out,2,-Y,0.5,0.00178,-0.46984,-1.12876,0.0159,-0.00169,-0.00082,-0.02633,-0.44278,-1.08802,0.01219,-0.00056,0.0001,0.24411,-0.42411,-1.12044,10,38.1568,362.2949,38.0407,178.666,1.6459,-122.5141,0.0087,25.7185,0.8605
629,000629.png,False,1788776966.190428,1788776965.985729,shear_-Y_out,2,-Y,0.5,0.01338,-0.43155,-1.10243,0.01485,-0.00143,-0.00094,-0.01479,-0.40451,-1.06169,0.01114,-0.0003,-3e-05,0.23484,-0.38472,-1.09481,10,38.1559,362.3025,38.0412,178.6653,1.6467,-122.5152,0.009,25.7192,0.8598
630,000630.png,False,1788776966.398348,1788776966.193648,shear_-Y_out,2,-Y,0.5,0.02844,-0.50131,-1.06997,0.01669,-0.00098,-0.00083,0.00021,-0.47429,-1.02922,0.01298,0.00015,9e-05,0.28252,-0.4371,-1.06117,11,38.217,362.2541,38.0631,178.6602,1.6523,-122.5214,0.0025,25.7399,0.8391
631,000631.png,False,1788776967.018392,1788776966.813692,shear_-Y_back,2,-Y,0.0,0.02398,-0.48408,-1.09769,0.01633,-0.0011,-0.0009,-0.00443,-0.45711,-1.05691,0.01262,4e-05,2e-05,0.27024,-0.42484,-1.08918,10,38.2111,362.2357,38.045,178.6626,1.6495,-122.5185,0.0076,25.7215,0.8575
632,000632.png,False,1788776967.222496,1788776967.017796,shear_-Y_back,2,-Y,0.0,0.0204,-0.48113,-1.11866,0.01624,-0.00114,-0.00077,-0.00807,-0.45418,-1.07787,0.01252,0.0,0.00015,0.26581,-0.42442,-1.11019,11,38.2102,362.2301,38.0431,178.6636,1.6487,-122.5176,0.0052,25.7195,0.8595
633,000633.png,False,1788776967.430517,1788776967.225817,shear_-Y_back,2,-Y,0.0,-0.03007,-0.26385,-1.31892,0.01078,-0.00258,-0.001,-0.05861,-0.23693,-1.27812,0.00707,-0.00144,-8e-05,0.11492,-0.26467,-1.31409,10,38.0484,362.3773,37.969,178.6671,1.6445,-122.5049,0.0018,25.6489,0.9301
634,000634.png,False,1788776967.842538,1788776967.637838,shear_-Y_back,2,-Y,0.0,0.02817,-0.12075,-1.18844,0.00692,-0.00095,-0.0008,-0.00048,-0.09386,-1.14761,0.00321,0.0002,0.00011,0.09297,-0.10954,-1.18623,11,38.0098,362.5787,38.0212,178.662,1.6493,-122.5174,0.0091,25.7045,0.8745
635,000635.png,False,1788776968.050549,1788776967.845849,shear_+Y_out,2,+Y,0.1,0.02945,0.0683,-1.24679,0.00187,-0.001,-0.00088,0.00074,0.09517,-1.20595,-0.00184,0.00015,4e-05,3e-05,0.0539,-1.24785,10,37.8925,362.7493,37.9979,178.6645,1.6458,-122.5169,0.0023,25.6848,0.8942
636,000636.png,False,1788776968.254576,1788776968.049876,shear_+Y_out,2,+Y,0.1,0.0147,0.03685,-1.22986,0.00263,-0.00142,-0.00092,-0.01407,0.0637,-1.18901,-0.00109,-0.00027,-0.0,0.00285,0.01956,-1.23034,10,37.8881,362.7685,38.0028,178.6631,1.6477,-122.5167,0.0005,25.6901,0.8889
637,000637.png,False,1788776968.462564,1788776968.257864,shear_+Y_out,2,+Y,0.1,0.02471,0.06008,-1.21932,0.00212,-0.00098,-0.00094,-0.00413,0.08691,-1.17846,-0.0016,0.00017,-2e-05,-0.00016,0.04485,-1.22022,11,37.8742,362.8408,38.0148,178.6608,1.6504,-122.5179,0.0073,25.7033,0.8757
638,000638.png,False,1788776969.702670,1788776969.497970,shear_+Y_out,2,+Y,0.2,0.02181,0.03997,-1.19339,0.00253,-0.00114,-0.00123,-0.00739,0.06669,-1.15247,-0.00119,2e-05,-0.00031,0.0072,0.0264,-1.19395,11,37.8743,362.8095,38.0042,178.663,1.6479,-122.5187,0.0042,25.6922,0.8868
639,000639.png,False,1788776970.114602,1788776969.909902,shear_+Y_out,2,+Y,0.2,-0.02566,0.09623,-1.24508,0.00106,-0.00246,-0.00122,-0.05499,0.12291,-1.20414,-0.00267,-0.00129,-0.0003,-0.06167,0.05057,-1.24651,10,37.799,362.8586,37.9924,178.664,1.6465,-122.5124,0.005,25.6817,0.8973
640,000640.png,False,1788776970.526632,1788776970.321932,shear_+Y_out,2,+Y,0.2,0.00896,0.14482,-1.1312,-0.00034,-0.00153,-0.00117,-0.02049,0.17147,-1.09023,-0.00407,-0.00036,-0.00025,-0.05675,0.11178,-1.13356,10,37.7876,362.9259,38.0374,178.6634,1.6472,-122.518,0.0051,25.7279,0.8511
641,000641.png,False,1788776971.146807,1788776970.942107,shear_+Y_out,2,+Y,0.2,0.02166,0.17059,-1.13295,-0.00099,-0.00117,-0.00113,-0.00798,0.19718,-1.09195,-0.00472,1e-05,-0.00021,-0.05862,0.14041,-1.13578,10,37.7802,362.9698,38.043,178.6627,1.6482,-122.52,0.0083,25.7342,0.8448
642,000642.png,False,1788776972.178807,1788776971.974107,shear_+Y_out,2,+Y,0.3,0.00883,0.18103,-1.29645,-0.00124,-0.00154,-0.0012,-0.02111,0.20752,-1.2554,-0.00498,-0.00035,-0.00028,-0.07381,0.14043,-1.29941,10,37.7574,362.9851,37.9851,178.6659,1.6445,-122.5214,0.0031,25.6767,0.9023
643,000643.png,False,1788776972.382880,1788776972.178180,shear_+Y_out,2,+Y,0.3,0.01217,0.31909,-1.19592,-0.00478,-0.00138,-0.00122,-0.01783,0.34557,-1.15486,-0.00852,-0.00019,-0.00031,-0.14059,0.26328,-1.2013,11,37.6711,363.1013,38.0203,178.6601,1.6504,-122.517,0.0007,25.7143,0.8647
644,000644.png,False,1788776973.622971,1788776973.418271,shear_+Y_out,2,+Y,0.4,0.03575,0.35634,-1.2807,-0.00594,-0.0009,-0.00135,0.00538,0.38271,-1.23957,-0.00968,0.00031,-0.00043,-0.13819,0.30596,-1.28675,11,37.6704,363.1689,37.9693,178.6651,1.6455,-122.5226,0.0088,25.6645,0.9145
645,000645.png,False,1788776973.830858,1788776973.626158,shear_+Y_out,2,+Y,0.4,0.02406,0.31957,-1.30342,-0.00495,-0.00122,-0.00134,-0.00637,0.34592,-1.26227,-0.00869,-2e-05,-0.00043,-0.12979,0.26791,-1.30881,10,37.6728,363.161,37.9729,178.6646,1.6457,-122.5221,0.002,25.6679,0.9111
646,000646.png,False,1788776975.067044,1788776974.862345,shear_+Y_out,2,+Y,0.5,0.02562,0.38747,-1.18198,-0.0067,-0.00108,-0.00124,-0.00518,0.41371,-1.14078,-0.01045,0.00014,-0.00033,-0.1632,0.32944,-1.18857,10,37.6189,363.2623,38.0294,178.661,1.6497,-122.5214,0.0072,25.7264,0.8526
647,000647.png,False,1788776975.274964,1788776975.070264,shear_+Y_out,2,+Y,0.5,0.00032,0.48691,-1.27131,-0.00941,-0.00184,-0.00122,-0.03053,0.51313,-1.2301,-0.01317,-0.00062,-0.00031,-0.23418,0.4015,-1.27956,10,37.5527,363.3021,38.0,178.6609,1.6494,-122.5185,0.0061,25.6981,0.8809
648,000648.png,False,1788776975.478982,1788776975.274282,shear_+Y_out,2,+Y,0.5,-0.00861,0.44478,-1.26862,-0.00822,-0.00197,-0.00125,-0.03953,0.47098,-1.22739,-0.01197,-0.00075,-0.00033,-0.22089,0.36058,-1.27613,11,37.5573,363.295,37.9967,178.6615,1.6488,-122.5183,0.0091,25.6947,0.8843
649,000649.png,False,1788776976.307112,1788776976.102412,shear_+Y_back,2,+Y,0.0,0.01482,0.4929,-1.19119,-0.0096,-0.00144,-0.0013,-0.01634,0.51903,-1.14992,-0.01336,-0.00022,-0.00038,-0.22517,0.41521,-1.19958,10,37.5286,363.3844,38.0351,178.659,1.6512,-122.5212,0.0071,25.7347,0.8443
650,000650.png,False,1788776976.511148,1788776976.306448,shear_+Y_back,2,+Y,0.0,0.01609,0.49282,-1.19072,-0.00951,-0.00131,-0.00132,-0.01513,0.51893,-1.14943,-0.01327,-8e-05,-0.0004,-0.22403,0.41578,-1.19911,10,37.5301,363.3857,38.0342,178.6595,1.651,-122.5214,0.0073,25.7339,0.8451
651,000651.png,False,1788776976.927186,1788776976.722486,shear_+Y_back,2,+Y,0.0,0.0384,0.23085,-1.17832,-0.00275,-0.00076,-0.00122,0.00706,0.25692,-1.13701,-0.00651,0.00047,-0.00031,-0.0739,0.20024,-1.18222,10,37.7274,363.0398,38.0254,178.6646,1.6468,-122.52,0.0092,25.7181,0.8609
652,000652.png,False,1788776977.339180,1788776977.134480,shear_+Y_back,2,+Y,0.0,-0.00135,-0.06775,-1.19872,0.00519,-0.00183,-0.00103,-0.03282,-0.04171,-1.1574,0.00142,-0.00059,-0.00012,0.04099,-0.07855,-1.19736,11,37.8778,362.7868,38.0005,178.6633,1.6485,-122.517,0.0018,25.6881,0.8909
653,000653.png,False,1788776977.959271,1788776977.754571,shear_+X_out,3,+X,0.1,0.01814,-0.05477,-1.21387,0.0049,-0.00125,-0.00095,-0.01351,-0.02879,-1.17251,0.00113,-1e-05,-4e-05,0.05149,-0.05781,-1.21277,10,37.8728,362.8105,38.0057,178.6624,1.6497,-122.5153,0.0047,25.6938,0.8852
654,000654.png,False,1788776978.163245,1788776977.958545,shear_+X_out,3,+X,0.1,0.01807,-0.05105,-1.22228,0.00486,-0.00127,-0.00088,-0.01364,-0.02509,-1.18091,0.00109,-3e-05,3e-05,0.04963,-0.05477,-1.22124,11,37.8731,362.8099,38.0074,178.6625,1.6499,-122.5148,0.0076,25.6954,0.8836
655,000655.png,False,1788776978.371257,1788776978.166557,shear_+X_out,3,+X,0.1,0.05385,-0.04156,-1.22227,0.00469,-0.00039,-0.00102,0.02208,-0.01562,-1.18089,0.00092,0.00086,-0.00011,0.07588,-0.02867,-1.22148,10,37.9703,362.8443,37.9849,178.6643,1.6482,-122.5213,0.0058,25.6728,0.9062
656,000656.png,False,1788776979.815404,1788776979.610704,shear_+X_out,3,+X,0.2,0.0829,-0.0149,-1.18947,0.00395,0.00043,-0.00103,0.0507,0.01091,-1.14801,0.00017,0.00169,-0.00011,0.0875,0.00946,-1.18919,10,37.9336,362.8657,38.0118,178.662,1.6508,-122.5127,0.0012,25.7003,0.8787
657,000657.png,False,1788776981.467504,1788776981.262804,shear_+X_out,3,+X,0.3,0.17735,-0.02059,-1.19077,0.00412,0.0029,-0.00099,0.14466,0.00508,-1.14922,0.00033,0.00418,-8e-05,0.17216,0.05171,-1.19058,10,38.0483,362.9132,38.0166,178.6613,1.6513,-122.5153,0.001,25.705,0.874
658,000658.png,False,1788776981.879513,1788776981.674813,shear_+X_out,3,+X,0.3,0.21499,-0.03172,-1.25844,0.00445,0.00391,-0.00096,0.18218,-0.0061,-1.21688,0.00067,0.00519,-5e-05,0.2108,0.05979,-1.25813,10,38.0937,362.9261,37.9886,178.6636,1.649,-122.5139,0.0093,25.6769,0.9021
659,000659.png,False,1788776982.087503,1788776981.882803,shear_+X_out,3,+X,0.3,0.28035,-0.00657,-1.13637,0.0037,0.00569,-0.00106,0.24748,0.01904,-1.0948,-9e-05,0.00698,-0.00015,0.254,0.11619,-1.13665,10,38.162,362.9538,38.0286,178.6643,1.6487,-122.5165,0.0036,25.7169,0.8621
660,000660.png,False,1788776983.531529,1788776983.326829,shear_+X_out,3,+X,0.4,0.2784,-0.01768,-1.08194,0.00407,0.00578,-0.00115,0.2451,0.0078,-1.04028,0.00027,0.00707,-0.00023,0.25749,0.10646,-1.08202,10,38.181,362.9942,38.0537,178.6599,1.6525,-122.5155,0.0093,25.7425,0.8365
661,000661.png,False,1788776983.943561,1788776983.738861,shear_+X_out,3,+X,0.4,0.3268,-0.0328,-1.22907,0.00445,0.00701,-0.00103,0.29338,-0.00736,-1.1874,0.00065,0.00831,-0.00012,0.30799,0.1152,-1.22897,11,38.2376,363.0052,37.9968,178.6626,1.65,-122.5189,0.0063,25.6854,0.8936
662,000662.png,False,1788776985.595672,1788776985.390972,shear_+X_out,3,+X,0.5,0.3869,-0.01774,-1.15502,0.00404,0.0086,-0.00088,0.35299,0.00755,-1.11326,0.00023,0.00992,3e-05,0.35201,0.15945,-1.15531,10,38.3348,363.0791,38.0322,178.6603,1.652,-122.5166,0.0075,25.7213,0.8577
663,000663.png,False,1788776985.803785,1788776985.599085,shear_+X_out,3,+X,0.5,0.50438,-0.04991,-1.23291,0.00493,0.01175,-0.00102,0.47041,-0.02464,-1.19114,0.00112,0.01307,-0.00011,0.47039,0.18905,-1.23286,10,38.4305,363.085,38.0014,178.6616,1.6508,-122.5274,0.0063,25.6899,0.8891
664,000664.png,False,1788776986.007818,1788776985.803118,shear_+X_out,3,+X,0.5,0.44409,-0.03415,-1.2397,0.00456,0.01018,-0.0008,0.41006,-0.0089,-1.19791,0.00076,0.0115,0.00012,0.41034,0.17246,-1.2398,10,38.3848,363.0863,38.0075,178.6614,1.6512,-122.5205,0.0044,25.6964,0.8826
665,000665.png,False,1788776987.247785,1788776987.043085,shear_+X_back,3,+X,0.0,0.49224,-0.01207,-1.13281,0.004,0.01151,-0.00094,0.45784,0.01307,-1.09096,0.00019,0.01284,-3e-05,0.44027,0.21735,-1.13341,10,38.4596,363.1497,38.0474,178.6597,1.6525,-122.5161,0.0076,25.7368,0.8422
666,000666.png,False,1788776987.451880,1788776987.247180,shear_+X_back,3,+X,0.0,0.49541,-0.01276,-1.14006,0.00401,0.01157,-0.00089,0.46096,0.01236,-1.0982,0.00019,0.0129,2e-05,0.44342,0.21823,-1.14065,10,38.4626,363.1585,38.0491,178.6591,1.6535,-122.5168,0.0091,25.7386,0.8404
667,000667.png,False,1788776987.659914,1788776987.455214,shear_+X_back,3,+X,0.0,0.37178,-0.06211,-1.09079,0.00528,0.00828,-0.00089,0.33726,-0.037,-1.04892,0.00146,0.00961,2e-05,0.36063,0.11451,-1.09029,11,38.3252,363.0951,38.0776,178.6571,1.6544,-122.5212,0.0019,25.767,0.812
668,000668.png,False,1788776987.867932,1788776987.663232,shear_+X_back,3,+X,0.0,0.25184,-0.02615,-1.11796,0.00434,0.00502,-0.001,0.21726,-0.00106,-1.07608,0.00053,0.00636,-9e-05,0.23896,0.08529,-1.11784,10,38.1267,362.8936,38.0149,178.6674,1.6433,-122.5138,0.0049,25.7025,0.8765
669,000669.png,False,1788776988.071845,1788776987.867145,shear_+X_back,3,+X,0.0,0.10357,0.02518,-1.18363,0.00302,0.00106,-0.00106,0.06892,0.05025,-1.14174,-0.0008,0.0024,-0.00015,0.08534,0.05459,-1.1841,10,38.0646,362.9728,38.0263,178.6598,1.6517,-122.5133,0.0078,25.7156,0.8634
670,000670.png,False,1788776988.279854,1788776988.075154,shear_-X_out,3,-X,0.1,-0.05164,-0.02311,-1.19949,0.00432,-0.00305,-0.0011,-0.08635,0.00194,-1.15759,0.0005,-0.00171,-0.00019,-0.02487,-0.06504,-1.1988,11,37.8668,362.8714,38.0249,178.6566,1.6541,-122.5152,0.0052,25.7139,0.8651
671,000671.png,False,1788776988.691884,1788776988.487184,shear_-X_out,3,-X,0.1,-0.04603,0.00725,-1.19556,0.00351,-0.00297,-0.00109,-0.08086,0.03227,-1.15363,-0.00031,-0.00162,-0.00018,-0.03521,-0.03587,-1.19541,10,37.8749,362.8273,38.0138,178.6607,1.6506,-122.5155,0.0012,25.7021,0.8769
672,000672.png,False,1788776990.344121,1788776990.139421,shear_-X_out,3,-X,0.2,-0.06522,0.01531,-1.15956,0.00332,-0.00355,-0.00114,-0.10054,0.04018,-1.11755,-0.00051,-0.00219,-0.00023,-0.05611,-0.03791,-1.15952,10,37.8098,362.8129,38.0297,178.6564,1.6558,-122.5185,0.0057,25.7182,0.8608
673,000673.png,False,1788776990.548137,1788776990.343437,shear_-X_out,3,-X,0.2,-0.1673,0.02881,-1.14345,0.00292,-0.00631,-0.001,-0.20268,0.05366,-1.10143,-0.00091,-0.00495,-9e-05,-0.15139,-0.07696,-1.14344,10,37.6979,362.7997,38.0509,178.6552,1.6565,-122.5166,0.0031,25.7399,0.8391
674,000674.png,False,1788776991.996114,1788776991.791414,shear_-X_out,3,-X,0.3,-0.15842,0.02222,-1.20795,0.00313,-0.00619,-0.00089,-0.19422,0.04694,-1.16585,-0.00071,-0.00482,2e-05,-0.13995,-0.07926,-1.20783,10,37.6813,362.753,38.0255,178.6588,1.6527,-122.5156,0.0069,25.714,0.865
675,000675.png,False,1788776992.408218,1788776992.203518,shear_-X_out,3,-X,0.3,-0.19102,0.03151,-1.22062,0.00284,-0.00708,-0.00103,-0.22695,0.05619,-1.1785,-0.001,-0.0057,-0.00013,-0.17275,-0.08771,-1.2206,10,37.6428,362.737,38.0148,178.6571,1.6544,-122.5178,0.0027,25.7033,0.8757
676,000676.png,False,1788776992.612270,1788776992.407570,shear_-X_out,3,-X,0.3,-0.29036,0.00116,-1.15635,0.00366,-0.00962,-0.00106,-0.32635,0.02582,-1.11422,-0.00018,-0.00824,-0.00016,-0.24408,-0.1626,-1.15561,10,37.5367,362.6984,38.0517,178.6555,1.6559,-122.5146,0.0051,25.7402,0.8388
677,000677.png,False,1788776993.644226,1788776993.439526,shear_-X_out,3,-X,0.4,-0.27516,0.01223,-1.20471,0.00335,-0.00934,-0.00111,-0.31145,0.0368,-1.16253,-0.0005,-0.00795,-0.0002,-0.23611,-0.14619,-1.20419,10,37.5407,362.66,38.0177,178.6586,1.6527,-122.5182,0.0099,25.7056,0.8734
678,000678.png,False,1788776993.852242,1788776993.647542,shear_-X_out,3,-X,0.4,-0.38362,0.0216,-1.28634,0.00315,-0.01233,-0.00099,-0.41998,0.04615,-1.24415,-0.00069,-0.01093,-8e-05,-0.33418,-0.19358,-1.28576,10,37.4368,362.6311,38.0008,178.6595,1.6514,-122.511,0.0033,25.689,0.89
679,000679.png,False,1788776994.060350,1788776993.855650,shear_-X_out,3,-X,0.4,-0.33907,0.02761,-1.25726,0.00305,-0.01113,-0.00103,-0.37549,0.05215,-1.21505,-0.0008,-0.00973,-0.00012,-0.29879,-0.16565,-1.25686,11,37.4664,362.6009,38.0157,178.6591,1.6519,-122.5145,0.0035,25.7032,0.8758
680,000680.png,False,1788776994.472388,1788776994.267688,shear_-X_out,3,-X,0.4,-0.35462,0.02482,-1.10222,0.003,-0.01139,-0.00111,-0.39115,0.04932,-1.05999,-0.00085,-0.00999,-0.0002,-0.31193,-0.17335,-1.10177,10,37.4247,362.6105,38.0661,178.6551,1.656,-122.5235,0.0063,25.754,0.825
681,000681.png,False,1788776994.676379,1788776994.471679,shear_-X_out,3,-X,0.4,-0.40957,-0.00239,-1.27636,0.00376,-0.01309,-0.00096,-0.44617,0.02209,-1.23413,-9e-05,-0.01168,-5e-05,-0.34473,-0.22716,-1.27531,10,37.3845,362.5636,38.0034,178.6632,1.6473,-122.5205,0.0092,25.6909,0.8881
682,000682.png,False,1788776995.708424,1788776995.503724,shear_-X_out,3,-X,0.5,-0.37929,0.02021,-1.13132,0.00309,-0.01218,-0.00117,-0.4162,0.0446,-1.08903,-0.00076,-0.01077,-0.00026,-0.33081,-0.19014,-1.13074,10,37.3817,362.5806,38.0508,178.6571,1.6546,-122.5189,0.0045,25.7386,0.8404
683,000683.png,False,1788776995.916404,1788776995.711704,shear_-X_out,3,-X,0.5,-0.45687,0.03599,-1.25595,0.00284,-0.01432,-0.00106,-0.49384,0.06035,-1.21365,-0.00102,-0.0129,-0.00015,-0.40502,-0.21724,-1.25547,10,37.3004,362.5752,38.0194,178.6513,1.6603,-122.5102,0.0023,25.7076,0.8714
684,000684.png,False,1788776996.328506,1788776996.123806,shear_-X_out,3,-X,0.5,-0.48066,-0.0118,-1.14168,0.00392,-0.01492,-0.00122,-0.51775,0.01252,-1.09935,6e-05,-0.0135,-0.00031,-0.40254,-0.26868,-1.14034,10,37.277,362.5316,38.0572,178.6511,1.6602,-122.528,0.008,25.7449,0.8341
685,000685.png,False,1788776996.536425,1788776996.331725,shear_-X_out,3,-X,0.5,-0.4655,0.02229,-1.17243,0.00318,-0.01444,-0.0011,-0.50264,0.0466,-1.13009,-0.00068,-0.01302,-0.00019,-0.40623,-0.23207,-1.17171,10,37.277,362.5204,38.0375,178.6537,1.6578,-122.5269,0.0013,25.725,0.854
686,000686.png,False,1788776997.360482,1788776997.155782,shear_-X_back,3,-X,0.0,-0.49822,0.01925,-1.2453,0.00326,-0.01548,-0.00116,-0.53561,0.04348,-1.20292,-0.0006,-0.01406,-0.00025,-0.43255,-0.25222,-1.24444,11,37.2359,362.494,38.0139,178.6579,1.6539,-122.5187,0.0033,25.7012,0.8778
687,000687.png,False,1788776997.568619,1788776997.363919,shear_-X_back,3,-X,0.0,-0.49767,0.01946,-1.23325,0.00333,-0.01548,-0.0013,-0.53512,0.04368,-1.19086,-0.00054,-0.01405,-0.0004,-0.43226,-0.25157,-1.23241,10,37.2344,362.4951,38.0141,178.6576,1.6546,-122.5185,0.0034,25.7015,0.8775
688,000688.png,False,1788776997.776507,1788776997.571807,shear_-X_back,3,-X,0.0,-0.34882,0.0864,-1.38539,0.00154,-0.01176,-0.00127,-0.38634,0.1106,-1.34299,-0.00233,-0.01033,-0.00036,-0.33572,-0.12166,-1.38598,10,37.3948,362.5742,37.9497,178.6628,1.6504,-122.5077,0.0095,25.6372,0.9418
689,000689.png,False,1788776997.980526,1788776997.775826,shear_-X_back,3,-X,0.0,-0.23466,0.03094,-1.28536,0.00292,-0.00859,-0.00107,-0.27224,0.05512,-1.24295,-0.00095,-0.00716,-0.00016,-0.20981,-0.11105,-1.28523,11,37.5749,362.7445,38.017,178.6568,1.6575,-122.5157,0.0073,25.706,0.873
690,000690.png,False,1788776998.188535,1788776997.983835,shear_-X_back,3,-X,0.0,-0.06959,-0.02917,-1.21097,0.00452,-0.00402,-0.00097,-0.10722,-0.00501,-1.16855,0.00065,-0.00258,-7e-05,-0.03731,-0.07943,-1.21014,10,37.6669,362.6776,38.0141,178.6626,1.6512,-122.5166,0.0065,25.7014,0.8776
691,000691.png,False,1788776998.392687,1788776998.187987,shear_-Y_out,3,-Y,0.1,0.08644,0.05216,-1.18516,0.00237,9e-05,-0.00096,0.04875,0.0763,-1.14272,-0.0015,0.00153,-5e-05,0.05703,0.06938,-1.18605,10,37.8687,362.8152,38.0151,178.6617,1.6523,-122.5147,0.0034,25.7032,0.8758
692,000692.png,False,1788776998.808749,1788776998.604049,shear_-Y_out,3,-Y,0.1,0.08846,0.00466,-1.18556,0.00356,0.00029,-0.00107,0.05064,0.02877,-1.1431,-0.00031,0.00173,-0.00016,0.08252,0.02925,-1.18563,10,37.8629,362.8392,38.025,178.6591,1.6538,-122.5141,0.0095,25.7135,0.8655
693,000693.png,False,1788776999.220604,1788776999.015904,shear_-Y_out,3,-Y,0.1,0.05891,-0.02828,-1.15498,0.0044,-0.00048,-0.00087,0.02097,-0.00421,-1.1125,0.00053,0.00097,4e-05,0.07316,-0.01356,-1.15443,11,37.8704,362.7984,38.0393,178.6589,1.6539,-122.5128,0.0006,25.7271,0.8519
694,000694.png,False,1788776999.424746,1788776999.220046,shear_-Y_out,3,-Y,0.1,0.07829,-0.119,-1.20182,0.00694,-1e-05,-0.00079,0.04028,-0.09495,-1.15934,0.00307,0.00144,0.00012,0.1356,-0.0832,-1.19973,10,37.9392,362.7448,38.0239,178.662,1.6514,-122.5175,0.0023,25.7104,0.8686
695,000695.png,False,1788777000.872796,1788777000.668096,shear_-Y_out,3,-Y,0.2,0.03653,-0.08906,-1.19053,0.00611,-0.00105,-0.00107,-0.0019,-0.06515,-1.14797,0.00223,0.00042,-0.00016,0.0844,-0.07795,-1.18888,10,37.9144,362.7209,38.0163,178.6577,1.6563,-122.5143,0.0016,25.7026,0.8764
696,000696.png,False,1788777002.108830,1788777001.904130,shear_-Y_out,3,-Y,0.3,0.0333,-0.18464,-1.18728,0.00861,-0.00113,-0.00109,-0.0055,-0.16083,-1.14465,0.00472,0.00034,-0.00018,0.12932,-0.16229,-1.18397,10,37.9761,362.6188,38.0149,178.6618,1.6522,-122.5147,0.0048,25.6992,0.8798
697,000697.png,False,1788777002.520929,1788777002.316229,shear_-Y_out,3,-Y,0.3,0.03807,-0.22746,-1.12824,0.00969,-0.00109,-0.00101,-0.00085,-0.20369,-1.0856,0.0058,0.00039,-0.00011,0.15444,-0.19604,-1.1242,11,38.015,362.5515,38.0376,178.664,1.65,-122.5153,0.0079,25.7204,0.8586
698,000698.png,False,1788777002.728933,1788777002.524233,shear_-Y_out,3,-Y,0.3,0.04997,-0.30181,-1.12662,0.01169,-0.00075,-0.00102,0.01098,-0.27805,-1.08396,0.0078,0.00073,-0.00012,0.20188,-0.25447,-1.12131,10,38.0564,362.5392,38.0394,178.6584,1.6561,-122.5161,0.0016,25.7218,0.8572
699,000699.png,False,1788777003.761009,1788777003.556309,shear_-Y_out,3,-Y,0.4,0.03065,-0.28865,-1.17853,0.01141,-0.00127,-0.00088,-0.00864,-0.26499,-1.13582,0.00751,0.00022,3e-05,0.17894,-0.25356,-1.17341,11,38.0542,362.4984,38.0265,178.6619,1.6522,-122.5149,0.0022,25.7083,0.8707
700,000700.png,False,1788777004.173029,1788777003.968329,shear_-Y_out,3,-Y,0.4,0.01507,-0.32194,-1.16604,0.01231,-0.00165,-0.00097,-0.02434,-0.29831,-1.1233,0.00841,-0.00015,-7e-05,0.18198,-0.28997,-1.16031,10,38.0662,362.4404,38.0249,178.6634,1.6503,-122.5144,0.0052,25.7056,0.8734
701,000701.png,False,1788777004.381053,1788777004.176353,shear_-Y_out,3,-Y,0.4,0.02553,-0.39164,-1.1357,0.01412,-0.00138,-0.00074,-0.01394,-0.36804,-1.09295,0.01023,0.00012,0.00017,0.22566,-0.34462,-1.12878,11,38.1091,362.4117,38.0519,178.6562,1.6585,-122.5135,0.0086,25.7319,0.8471
702,000702.png,False,1788777005.825145,1788777005.620445,shear_-Y_out,3,-Y,0.5,0.01876,-0.38535,-1.1311,0.01405,-0.00154,-0.00088,-0.02114,-0.36188,-1.08828,0.01015,-3e-05,3e-05,0.21662,-0.34249,-1.12428,10,38.1272,362.351,38.0444,178.6624,1.6518,-122.5142,0.0052,25.7233,0.8557
703,000703.png,False,1788777006.649225,1788777006.444525,shear_-Y_out,3,-Y,0.5,0.03318,-0.46286,-1.08539,0.01608,-0.00113,-0.00082,-0.00696,-0.43946,-1.04253,0.01217,0.00038,9e-05,0.26752,-0.40168,-1.07727,10,38.2033,362.2607,38.058,178.6601,1.6549,-122.5141,0.003,25.7349,0.8441
704,000704.png,False,1788777007.477255,1788777007.272555,shear_-Y_back,3,-Y,0.0,0.02022,-0.48929,-1.17693,0.01685,-0.00156,-0.0009,-0.02017,-0.46597,-1.13402,0.01294,-3e-05,-0.0,0.27014,-0.43251,-1.16831,10,38.2095,362.2219,38.0248,178.6632,1.6518,-122.5138,0.0018,25.7011,0.8779
705,000705.png,False,1788777007.681276,1788777007.476576,shear_-Y_back,3,-Y,0.0,0.02147,-0.48483,-1.16901,0.01668,-0.00164,-0.00095,-0.01898,-0.46152,-1.12609,0.01276,-0.00012,-5e-05,0.26893,-0.4279,-1.16047,11,38.2073,362.2262,38.0245,178.6626,1.6519,-122.5138,0.0006,25.7009,0.8781
706,000706.png,False,1788777007.889350,1788777007.684650,shear_-Y_back,3,-Y,0.0,-0.00216,-0.24979,-1.35968,0.01079,-0.00228,-0.00106,-0.04266,-0.2265,-1.31675,0.00688,-0.00075,-0.00015,0.13236,-0.23919,-1.35514,10,38.0695,362.3904,37.9649,178.6625,1.6516,-122.5085,0.0073,25.6448,0.9342
707,000707.png,False,1788777008.301311,1788777008.096611,shear_-Y_back,3,-Y,0.0,0.03389,-0.11892,-1.15021,0.00707,-0.0012,-0.00123,-0.00674,-0.09567,-1.10726,0.00315,0.00033,-0.00033,0.09674,-0.10448,-1.14804,11,38.0107,362.58,38.0252,178.6613,1.6525,-122.5169,0.0062,25.7086,0.8704
708,000708.png,False,1788777008.509341,1788777008.304641,shear_+Y_out,3,+Y,0.1,0.03002,0.07727,-1.19267,0.00191,-0.00136,-0.00126,-0.01068,0.1005,-1.14971,-0.00201,0.00017,-0.00036,-0.00434,0.06281,-1.19389,10,37.8797,362.7588,38.0098,178.664,1.6489,-122.5146,0.0074,25.697,0.882
709,000709.png,False,1788777008.713344,1788777008.508644,shear_+Y_out,3,+Y,0.1,0.0124,0.04521,-1.19867,0.00268,-0.0019,-0.00119,-0.02835,0.06842,-1.15569,-0.00124,-0.00036,-0.00029,-0.00353,0.02615,-1.19929,10,37.8746,362.7813,38.0167,178.6621,1.6506,-122.514,0.0052,25.7043,0.8747
710,000710.png,False,1788777008.921417,1788777008.716717,shear_+Y_out,3,+Y,0.1,0.02401,0.07111,-1.168,0.00203,-0.00147,-0.00125,-0.01681,0.09431,-1.12502,-0.00189,7e-05,-0.00035,-0.00664,0.05487,-1.16911,11,37.8585,362.8366,38.0458,178.6596,1.6536,-122.5145,0.0016,25.7344,0.8446
711,000711.png,False,1788777010.573443,1788777010.368743,shear_+Y_out,3,+Y,0.2,-0.00596,0.08489,-1.26598,0.00163,-0.00236,-0.00126,-0.04727,0.10794,-1.22291,-0.0023,-0.00081,-0.00036,-0.0388,0.05026,-1.26725,10,37.8106,362.8468,37.9961,178.6647,1.648,-122.5133,0.0004,25.6851,0.8939
712,000712.png,False,1788777010.985467,1788777010.780767,shear_+Y_out,3,+Y,0.2,0.01101,0.1347,-1.12775,0.00028,-0.00185,-0.00123,-0.03042,0.15771,-1.08465,-0.00365,-0.00029,-0.00033,-0.04995,0.10409,-1.12993,10,37.7877,362.9192,38.0504,178.6612,1.6513,-122.5144,0.0095,25.7408,0.8382
713,000713.png,False,1788777011.193489,1788777010.988789,shear_+Y_out,3,+Y,0.2,0.02565,0.1795,-1.12964,-0.0009,-0.00142,-0.00125,-0.01583,0.20249,-1.08653,-0.00483,0.00014,-0.00034,-0.05963,0.15018,-1.13263,10,37.7797,362.9543,38.0483,178.6617,1.6506,-122.5179,0.0039,25.7393,0.8397
714,000714.png,False,1788777013.049674,1788777012.844974,shear_+Y_out,3,+Y,0.3,0.01471,0.17611,-1.14308,-0.00087,-0.00173,-0.00139,-0.02733,0.19893,-1.09988,-0.00481,-0.00015,-0.00049,-0.06732,0.14156,-1.14599,10,37.7548,362.9876,38.0405,178.6611,1.6519,-122.5158,0.0079,25.7322,0.8468
715,000715.png,False,1788777013.257575,1788777013.052875,shear_+Y_out,3,+Y,0.3,-0.03158,0.26064,-1.299,-0.00301,-0.00311,-0.00142,-0.07368,0.28345,-1.25579,-0.00695,-0.00153,-0.00052,-0.14857,0.18915,-1.30326,10,37.6687,363.0162,37.9734,178.6658,1.6462,-122.5082,0.0056,25.6661,0.9129
716,000716.png,False,1788777013.461587,1788777013.256887,shear_+Y_out,3,+Y,0.3,-0.02938,0.22992,-1.24669,-0.00225,-0.003,-0.0016,-0.07154,0.25271,-1.20347,-0.0062,-0.00141,-0.00069,-0.13168,0.16448,-1.25043,11,37.6898,363.0219,38.0016,178.6626,1.65,-122.5114,0.0058,25.6943,0.8847
717,000717.png,False,1788777013.877696,1788777013.672996,shear_+Y_out,3,+Y,0.3,0.01405,0.27087,-1.12333,-0.00343,-0.00176,-0.00154,-0.02823,0.29362,-1.08008,-0.00737,-0.00018,-0.00063,-0.11537,0.22361,-1.12788,10,37.6833,363.1024,38.046,178.6603,1.6523,-122.516,0.0077,25.74,0.839
718,000718.png,False,1788777014.289634,1788777014.084934,shear_+Y_out,3,+Y,0.3,0.02489,0.29608,-1.15817,-0.00403,-0.00154,-0.00156,-0.01752,0.31879,-1.1149,-0.00798,5e-05,-0.00066,-0.11834,0.25031,-1.16317,10,37.6779,363.1329,38.0343,178.6614,1.651,-122.5177,0.0037,25.7288,0.8502
719,000719.png,False,1788777015.525724,1788777015.321024,shear_+Y_out,3,+Y,0.4,0.01692,0.31954,-1.2292,-0.00463,-0.00179,-0.00135,-0.02584,0.34214,-1.18586,-0.00858,-0.00019,-0.00045,-0.13647,0.26551,-1.23458,10,37.6518,363.1649,38.0155,178.661,1.6512,-122.519,0.0021,25.7107,0.8683
720,000720.png,False,1788777015.941771,1788777015.737071,shear_+Y_out,3,+Y,0.4,0.00502,0.39681,-1.26162,-0.00666,-0.00215,-0.00157,-0.03787,0.41938,-1.21827,-0.01061,-0.00054,-0.00067,-0.18516,0.32596,-1.26832,11,37.5906,363.2447,37.9995,178.6622,1.6497,-122.5153,0.0088,25.6964,0.8826
721,000721.png,False,1788777016.765805,1788777016.561105,shear_+Y_out,3,+Y,0.5,0.01769,0.40451,-1.25186,-0.00688,-0.0018,-0.00138,-0.02544,0.427,-1.20846,-0.01084,-0.00018,-0.00048,-0.1781,0.33912,-1.25871,10,37.5895,363.2668,38.0096,178.6605,1.6514,-122.5175,0.0088,25.7069,0.8721
722,000722.png,False,1788777017.177954,1788777016.973254,shear_+Y_out,3,+Y,0.5,0.02848,0.42415,-1.18944,-0.00735,-0.00136,-0.00143,-0.01477,0.44661,-1.14602,-0.01131,0.00026,-0.00053,-0.179,0.36252,-1.19667,10,37.5792,363.3135,38.0371,178.6601,1.6519,-122.5208,0.0015,25.7353,0.8437
723,000723.png,False,1788777018.005981,1788777017.801281,shear_+Y_back,3,+Y,0.0,0.02522,0.49852,-1.22934,-0.00943,-0.00155,-0.00148,-0.01829,0.52089,-1.18588,-0.0134,8e-05,-0.00058,-0.2187,0.42466,-1.23785,10,37.5262,363.4002,38.0252,178.6602,1.652,-122.5191,0.0002,25.7251,0.8539
724,000724.png,False,1788777018.209975,1788777018.005275,shear_+Y_back,3,+Y,0.0,0.02783,0.49881,-1.22184,-0.00944,-0.00152,-0.00149,-0.01573,0.52117,-1.17837,-0.0134,0.0001,-0.00059,-0.21664,0.42633,-1.23036,10,37.5255,363.4021,38.0271,178.6601,1.6516,-122.5197,0.003,25.727,0.852
725,000725.png,False,1788777018.622005,1788777018.417305,shear_+Y_back,3,+Y,0.0,0.02678,0.26619,-1.1524,-0.00331,-0.00144,-0.00126,-0.01691,0.28852,-1.10891,-0.00727,0.00019,-0.00036,-0.10181,0.22546,-1.1569,11,37.6959,363.0633,38.033,178.6633,1.6498,-122.5133,0.0061,25.7263,0.8527
726,000726.png,False,1788777019.037956,1788777018.833256,shear_+Y_back,3,+Y,0.0,0.0074,-0.05655,-1.18247,0.00512,-0.00207,-0.00122,-0.03641,-0.03426,-1.13895,0.00115,-0.00043,-0.00032,0.04286,-0.06422,-1.18132,10,37.8651,362.8025,38.0193,178.6621,1.6521,-122.5142,0.0018,25.7073,0.8717
727,000727.png,False,1788777019.241980,1788777019.037280,shear_+Y_back,3,+Y,0.0,0.02643,-0.06459,-1.1812,0.00539,-0.00155,-0.00128,-0.01743,-0.04232,-1.13768,0.00141,9e-05,-0.00038,0.06336,-0.06165,-1.17996,11,37.8613,362.8187,38.0189,178.6615,1.6525,-122.5145,0.0004,25.7071,0.8719
728,000728.png,False,1788777019.449990,1788777019.245290,shear_+X_out,4,+X,0.1,0.01609,-0.07895,-1.18977,0.00571,-0.00188,-0.00133,-0.02784,-0.0567,-1.14623,0.00174,-0.00024,-0.00043,0.06163,-0.0794,-1.18825,10,37.8675,362.7864,38.0083,178.6642,1.6499,-122.5142,0.0074,25.696,0.883
729,000729.png,False,1788777019.654002,1788777019.449302,shear_+X_out,4,+X,0.1,0.00873,-0.0853,-1.20832,0.00601,-0.00197,-0.0013,-0.03526,-0.06306,-1.16478,0.00204,-0.00033,-0.0004,0.05856,-0.08886,-1.20668,10,37.8684,362.7785,38.0066,178.6645,1.6493,-122.5135,0.0097,25.6941,0.8849
730,000730.png,False,1788777021.306189,1788777021.101489,shear_+X_out,4,+X,0.2,0.07981,-0.05193,-1.12454,0.00513,-0.00015,-0.00133,0.03533,-0.02985,-1.08091,0.00115,0.00151,-0.00043,0.10288,-0.02311,-1.12363,10,37.9441,362.8309,38.0408,178.6653,1.6485,-122.5133,0.0074,25.7286,0.8504
731,000731.png,False,1788777021.718139,1788777021.513439,shear_+X_out,4,+X,0.2,0.12995,-0.06282,-1.28155,0.00558,0.00115,-0.00105,0.08535,-0.04077,-1.23789,0.0016,0.00281,-0.00015,0.15284,-0.01,-1.28053,10,38.0016,362.8437,37.9949,178.6684,1.6457,-122.5141,0.0019,25.6825,0.8965
732,000732.png,False,1788777023.370345,1788777023.165645,shear_+X_out,4,+X,0.3,0.18747,-0.04098,-1.13399,0.00501,0.00281,-0.00104,0.14238,-0.01908,-1.09024,0.00102,0.00448,-0.00015,0.19072,0.04002,-1.13348,10,38.066,362.9014,38.0534,178.6646,1.6493,-122.5135,0.0007,25.7416,0.8374
733,000733.png,False,1788777023.578265,1788777023.373565,shear_+X_out,4,+X,0.3,0.30401,-0.07791,-1.24254,0.00596,0.00583,-0.00117,0.25886,-0.05604,-1.19879,0.00197,0.00751,-0.00027,0.31088,0.06452,-1.24161,10,38.1913,362.9072,37.9992,178.6675,1.6464,-122.5282,0.0054,25.6865,0.8925
734,000734.png,False,1788777023.782362,1788777023.577662,shear_+X_out,4,+X,0.3,0.24757,-0.06592,-1.23492,0.00557,0.00431,-0.00113,0.20235,-0.04406,-1.19115,0.00158,0.00599,-0.00023,0.25594,0.04683,-1.23408,10,38.1331,362.91,37.9992,178.6671,1.6468,-122.5184,0.0079,25.687,0.892
735,000735.png,False,1788777025.022450,1788777024.817750,shear_+X_out,4,+X,0.4,0.30745,-0.03515,-1.1479,0.00472,0.00598,-0.00108,0.26187,-0.0134,-1.10407,0.00072,0.00767,-0.00018,0.29184,0.10479,-1.14773,11,38.2103,362.9854,38.0413,178.6642,1.6501,-122.5139,0.009,25.7298,0.8492
736,000736.png,False,1788777025.230459,1788777025.025759,shear_+X_out,4,+X,0.4,0.43391,-0.06154,-1.27459,0.00552,0.00927,-0.00102,0.38827,-0.03981,-1.23075,0.00152,0.01097,-0.00013,0.41544,0.1431,-1.27419,10,38.328,362.9993,37.9951,178.6665,1.6477,-122.5256,0.0023,25.683,0.896
737,000737.png,False,1788777025.434478,1788777025.229778,shear_+X_out,4,+X,0.4,0.36928,-0.05524,-1.25079,0.00535,0.00756,-0.00101,0.32358,-0.03353,-1.20694,0.00135,0.00926,-0.00011,0.35615,0.11664,-1.25038,10,38.2751,363.0035,38.0026,178.6656,1.6486,-122.5174,0.0007,25.6909,0.8881
738,000738.png,False,1788777026.674601,1788777026.469901,shear_+X_out,4,+X,0.5,0.34383,-0.02741,-1.2424,0.00463,0.00689,-0.00118,0.29777,-0.00581,-1.19848,0.00062,0.0086,-0.00028,0.32014,0.12816,-1.24242,10,38.2637,363.0192,37.9976,178.6648,1.6496,-122.5074,0.0074,25.6862,0.8928
739,000739.png,False,1788777026.878617,1788777026.673917,shear_+X_out,4,+X,0.5,0.49368,0.01276,-1.10858,0.00347,0.01085,-0.00126,0.44755,0.03434,-1.06466,-0.00054,0.01256,-0.00037,0.42894,0.23997,-1.10962,10,38.4353,363.087,38.0498,178.664,1.6509,-122.5124,0.0101,25.7383,0.8407
740,000740.png,False,1788777027.086586,1788777026.881886,shear_+X_out,4,+X,0.5,0.48432,-0.05279,-1.11752,0.00523,0.01074,-0.00114,0.43813,-0.03122,-1.07358,0.00122,0.01245,-0.00024,0.45365,0.17838,-1.1174,10,38.4323,363.096,38.0539,178.6637,1.6512,-122.5117,0.0035,25.7426,0.8364
741,000741.png,False,1788777027.498680,1788777027.293980,shear_+X_back,4,+X,0.0,0.47943,-0.02403,-1.10449,0.00443,0.01056,-0.00108,0.43312,-0.00251,-1.06053,0.00042,0.01227,-0.00018,0.43496,0.20105,-1.10487,10,38.4281,363.1225,38.0634,178.6629,1.6516,-122.5107,0.0067,25.7526,0.8264
742,000742.png,False,1788777027.706628,1788777027.501928,shear_+X_back,4,+X,0.0,0.47681,-0.01716,-1.09108,0.00421,0.01051,-0.00117,0.43044,0.00435,-1.04711,0.0002,0.01223,-0.00027,0.42916,0.20591,-1.09157,10,38.4271,363.1192,38.0609,178.6632,1.6513,-122.5107,0.0069,25.75,0.829
743,000743.png,False,1788777027.914688,1788777027.709988,shear_+X_back,4,+X,0.0,0.31975,-0.07543,-1.13054,0.00586,0.00634,-0.00122,0.27332,-0.05394,-1.08656,0.00185,0.00806,-0.00032,0.3225,0.07634,-1.1297,10,38.2747,363.0556,38.0566,178.6634,1.6493,-122.5159,0.0004,25.7458,0.8332
744,000744.png,False,1788777028.118696,1788777027.913996,shear_+X_back,4,+X,0.0,0.23051,-0.03526,-1.15497,0.00477,0.00403,-0.00111,0.18401,-0.01379,-1.11098,0.00076,0.00576,-0.00022,0.22529,0.06613,-1.15464,10,38.0852,362.8644,38.0272,178.6675,1.6434,-122.5138,0.0022,25.7146,0.8644
745,000745.png,False,1788777028.326679,1788777028.121979,shear_+X_back,4,+X,0.0,0.10872,0.0233,-1.15343,0.00327,0.00072,-0.00121,0.06216,0.04476,-1.10943,-0.00075,0.00244,-0.00031,0.09053,0.05603,-1.15388,10,38.0426,362.9149,38.0333,178.6609,1.6506,-122.5135,0.0087,25.7218,0.8572
746,000746.png,False,1788777028.530683,1788777028.325983,shear_-X_out,4,-X,0.1,-0.06567,-0.04166,-1.24446,0.0051,-0.00397,-0.00114,-0.11229,-0.02022,-1.20044,0.00108,-0.00225,-0.00025,-0.02745,-0.08883,-1.24341,10,37.8656,362.8398,38.017,178.6591,1.6523,-122.5147,0.0088,25.7055,0.8735
747,000747.png,False,1788777028.946697,1788777028.741997,shear_-X_out,4,-X,0.1,-0.0472,-0.00223,-1.21205,0.00396,-0.00359,-0.00116,-0.09394,0.01916,-1.16802,-6e-05,-0.00186,-0.00026,-0.03137,-0.04494,-1.21174,10,37.7911,362.8566,38.08,178.6537,1.6586,-122.5133,0.005,25.7693,0.8097
748,000748.png,False,1788777029.150752,1788777028.946052,shear_-X_out,4,-X,0.1,-0.09545,0.01936,-1.11928,0.00336,-0.00476,-0.00121,-0.14225,0.04074,-1.07524,-0.00066,-0.00302,-0.00031,-0.08459,-0.04885,-1.11926,10,37.7968,362.8007,38.051,178.6588,1.6527,-122.5117,0.0079,25.7394,0.8396
749,000749.png,False,1788777029.978818,1788777029.774118,shear_-X_out,4,-X,0.2,-0.04496,-0.00474,-1.14087,0.00398,-0.00351,-0.0013,-0.09201,0.01656,-1.09678,-5e-05,-0.00177,-0.00041,-0.02867,-0.04485,-1.14052,10,37.8292,362.8023,38.0414,178.6605,1.6516,-122.516,0.0089,25.7296,0.8494
750,000750.png,False,1788777030.594829,1788777030.390129,shear_-X_out,4,-X,0.2,-0.07024,-0.01144,-1.26209,0.00429,-0.00423,-0.00133,-0.11746,0.00981,-1.21797,0.00027,-0.00249,-0.00043,-0.04637,-0.06522,-1.26156,10,37.8043,362.7745,37.9942,178.6639,1.6476,-122.5183,0.0026,25.6822,0.8968
751,000751.png,False,1788777031.010763,1788777030.806063,shear_-X_out,4,-X,0.2,-0.13637,0.02306,-1.04463,0.00323,-0.0059,-0.00142,-0.18372,0.04427,-1.00049,-0.00079,-0.00415,-0.00053,-0.12241,-0.0649,-1.0446,10,37.7038,362.7611,38.0762,178.6551,1.6564,-122.5192,0.004,25.7646,0.8144
752,000752.png,False,1788777031.626939,1788777031.422239,shear_-X_out,4,-X,0.2,-0.17309,0.01622,-1.25404,0.00355,-0.00702,-0.00131,-0.22062,0.03738,-1.20987,-0.00048,-0.00526,-0.00042,-0.14934,-0.09252,-1.25379,10,37.6597,362.7258,38.0035,178.6593,1.6523,-122.5138,0.0091,25.6917,0.8873
753,000753.png,False,1788777032.659015,1788777032.454315,shear_-X_out,4,-X,0.3,-0.18617,-0.01034,-1.09032,0.00405,-0.00736,-0.00143,-0.23401,0.01072,-1.04609,2e-05,-0.00559,-0.00053,-0.14853,-0.11945,-1.0896,10,37.6435,362.6897,38.0539,178.6581,1.6531,-122.5202,0.0054,25.7416,0.8374
754,000754.png,False,1788777033.279046,1788777033.074346,shear_-X_out,4,-X,0.3,-0.29674,0.01518,-1.19277,0.00352,-0.01034,-0.00149,-0.34476,0.03619,-1.1485,-0.00052,-0.00857,-0.00059,-0.25635,-0.15423,-1.19225,10,37.5094,362.6379,38.0176,178.6589,1.6518,-122.516,0.0017,25.7053,0.8737
755,000755.png,False,1788777033.899085,1788777033.694385,shear_-X_out,4,-X,0.4,-0.29079,0.0022,-1.22287,0.00393,-0.01021,-0.00137,-0.339,0.02315,-1.17858,-0.00012,-0.00844,-0.00048,-0.24451,-0.16298,-1.22214,10,37.5106,362.6128,38.011,178.6594,1.6519,-122.5167,0.0101,25.6983,0.8807
756,000756.png,False,1788777034.311063,1788777034.106363,shear_-X_out,4,-X,0.4,-0.32798,0.00371,-1.2217,0.00386,-0.01127,-0.00139,-0.37631,0.02462,-1.17738,-0.00018,-0.00949,-0.0005,-0.27749,-0.18024,-1.22092,10,37.4661,362.6028,38.0132,178.6577,1.6536,-122.5169,0.001,25.7007,0.8783
757,000757.png,False,1788777035.551162,1788777035.346462,shear_-X_out,4,-X,0.5,-0.38567,-0.00441,-1.22711,0.00411,-0.01281,-0.00137,-0.43436,0.01639,-1.18273,5e-05,-0.01101,-0.00047,-0.32336,-0.21618,-1.22608,10,37.3816,362.5468,38.0157,178.6584,1.6532,-122.5185,0.0031,25.7029,0.8761
758,000758.png,False,1788777035.755089,1788777035.550389,shear_-X_out,4,-X,0.5,-0.49641,0.02059,-1.23286,0.00351,-0.01578,-0.00132,-0.54516,0.04138,-1.18846,-0.00054,-0.01398,-0.00043,-0.43174,-0.24995,-1.23203,10,37.2804,362.5296,38.0249,178.6595,1.6521,-122.5102,0.0051,25.7125,0.8665
759,000759.png,False,1788777036.375259,1788777036.170559,shear_-X_out,4,-X,0.5,-0.46016,0.00369,-1.1693,0.00385,-0.01484,-0.00131,-0.5091,0.02442,-1.12487,-0.00021,-0.01303,-0.00042,-0.39233,-0.24546,-1.16827,10,37.2849,362.4949,38.0428,178.6552,1.6565,-122.526,0.0012,25.7298,0.8492
760,000760.png,False,1788777037.203181,1788777036.998481,shear_-X_back,4,-X,0.0,-0.4949,0.00239,-1.18663,0.00395,-0.01579,-0.00137,-0.54408,0.02304,-1.14216,-0.00011,-0.01398,-0.00047,-0.42166,-0.26422,-1.1855,11,37.2371,362.471,38.0383,178.6584,1.6533,-122.52,0.0025,25.7253,0.8537
761,000761.png,False,1788777037.407201,1788777037.202501,shear_-X_back,4,-X,0.0,-0.4952,0.0029,-1.17496,0.00394,-0.01578,-0.00146,-0.54444,0.02354,-1.13048,-0.00012,-0.01397,-0.00057,-0.42225,-0.26374,-1.17384,10,37.235,362.4712,38.04,178.6586,1.6534,-122.5196,0.0047,25.727,0.852
762,000762.png,False,1788777037.615214,1788777037.410514,shear_-X_back,4,-X,0.0,-0.36029,0.06205,-1.22705,0.00242,-0.01221,-0.00144,-0.40959,0.08266,-1.18256,-0.00164,-0.01039,-0.00055,-0.33458,-0.14594,-1.22722,10,37.3955,362.5467,38.0038,178.6652,1.6476,-122.5107,0.0087,25.6909,0.8881
763,000763.png,False,1788777037.819341,1788777037.614641,shear_-X_back,4,-X,0.0,-0.26698,0.00684,-1.19251,0.00384,-0.00979,-0.00146,-0.31635,0.02744,-1.14801,-0.00022,-0.00797,-0.00057,-0.22642,-0.14658,-1.19191,10,37.561,362.7334,38.0385,178.6556,1.6593,-122.5156,0.0058,25.7274,0.8516
764,000764.png,False,1788777038.027244,1788777037.822544,shear_-X_back,4,-X,0.0,-0.07087,-0.02881,-1.20034,0.00475,-0.00447,-0.00112,-0.1203,-0.00823,-1.15583,0.00069,-0.00265,-0.00023,-0.03867,-0.07959,-1.19952,10,37.6607,362.6648,38.0258,178.6621,1.652,-122.5162,0.001,25.7129,0.8661
765,000765.png,False,1788777038.235353,1788777038.030653,shear_-Y_out,4,-Y,0.1,0.06462,0.02366,-1.20268,0.00339,-0.00084,-0.00121,0.01513,0.04422,-1.15816,-0.00067,0.00098,-0.00032,0.05249,0.03351,-1.20304,10,37.8679,362.7721,38.0034,178.6649,1.6494,-122.5144,0.0075,25.6909,0.8881
766,000766.png,False,1788777038.647355,1788777038.442655,shear_-Y_out,4,-Y,0.1,0.08345,-0.01205,-1.19786,0.00435,-0.00033,-0.00136,0.03384,0.00847,-1.15331,0.00028,0.00149,-0.00047,0.08661,0.01207,-1.19763,10,37.8574,362.823,38.0178,178.6605,1.6527,-122.5132,0.0035,25.7061,0.8729
767,000767.png,False,1788777040.299394,1788777040.094694,shear_-Y_out,4,-Y,0.2,0.04066,-0.08405,-1.21195,0.00625,-0.00142,-0.00136,-0.00944,-0.06368,-1.16732,0.00218,0.00042,-0.00047,0.08561,-0.07189,-1.21039,10,37.9123,362.6974,38.0028,178.6644,1.6483,-122.5141,0.008,25.6888,0.8902
768,000768.png,False,1788777040.503479,1788777040.298779,shear_-Y_out,4,-Y,0.2,0.09789,-0.16811,-1.22584,0.00845,4e-05,-0.00132,0.04773,-0.14775,-1.18119,0.00438,0.00188,-0.00043,0.17728,-0.11632,-1.22293,11,37.9826,362.7043,38.0015,178.6592,1.6544,-122.5241,0.0098,25.687,0.892
769,000769.png,False,1788777042.363652,1788777042.158952,shear_-Y_out,4,-Y,0.3,0.02658,-0.1727,-1.19379,0.00856,-0.00182,-0.00145,-0.02413,-0.15251,-1.14905,0.00448,4e-05,-0.00056,0.11759,-0.15541,-1.19067,11,37.9527,362.6237,38.0056,178.6646,1.6485,-122.513,0.0087,25.6901,0.8889
770,000770.png,False,1788777042.775657,1788777042.570957,shear_-Y_out,4,-Y,0.3,0.02079,-0.2007,-1.12501,0.00928,-0.00189,-0.00139,-0.03004,-0.18055,-1.08024,0.0052,-3e-05,-0.0005,0.12609,-0.18145,-1.1214,10,37.9684,362.589,38.0295,178.6631,1.6503,-122.5103,0.0,25.7133,0.8657
771,000771.png,False,1788777042.983611,1788777042.778911,shear_-Y_out,4,-Y,0.3,0.02704,-0.283,-1.14481,0.01139,-0.0018,-0.00124,-0.02386,-0.26287,-1.10004,0.00731,6e-05,-0.00035,0.17275,-0.24993,-1.13978,11,38.0228,362.5318,38.0302,178.6634,1.6497,-122.5153,0.0066,25.7127,0.8663
772,000772.png,False,1788777044.427840,1788777044.223140,shear_-Y_out,4,-Y,0.4,0.02277,-0.27669,-1.12711,0.01133,-0.0019,-0.00105,-0.02856,-0.25668,-1.08226,0.00723,-2e-05,-0.00016,0.16577,-0.24631,-1.12218,10,38.0282,362.4967,38.0467,178.6644,1.6488,-122.5124,0.0038,25.7286,0.8504
773,000773.png,False,1788777044.839694,1788777044.634995,shear_-Y_out,4,-Y,0.4,0.01513,-0.30551,-1.23154,0.01218,-0.00223,-0.001,-0.03632,-0.28554,-1.18667,0.00808,-0.00034,-0.00011,0.17428,-0.27676,-1.22608,10,38.0388,362.4601,38.0074,178.6657,1.6477,-122.5091,0.0051,25.6887,0.8903
774,000774.png,False,1788777045.251727,1788777045.047027,shear_-Y_out,4,-Y,0.4,0.03243,-0.36031,-1.06424,0.01348,-0.00159,-0.001,-0.01914,-0.34038,-1.01935,0.00939,0.0003,-0.00011,0.21549,-0.3129,-1.05789,10,38.1,362.3963,38.0708,178.6611,1.6527,-122.5153,0.0054,25.7506,0.8284
775,000775.png,False,1788777046.491928,1788777046.287228,shear_-Y_out,4,-Y,0.5,0.0191,-0.37458,-1.14753,0.01394,-0.00204,-0.00105,-0.03283,-0.35476,-1.10257,0.00984,-0.00014,-0.00016,0.21165,-0.33325,-1.14089,10,38.1054,362.3634,38.0368,178.6636,1.6498,-122.5129,0.0011,25.7161,0.8629
776,000776.png,False,1788777046.903835,1788777046.699135,shear_-Y_out,4,-Y,0.5,0.01652,-0.39976,-1.06191,0.01458,-0.00209,-0.00106,-0.03553,-0.37997,-1.01693,0.01047,-0.00018,-0.00017,0.2214,-0.35497,-1.05485,11,38.1219,362.3289,38.0635,178.6616,1.6522,-122.5114,0.0087,25.742,0.837
777,000777.png,False,1788777047.111848,1788777046.907148,shear_-Y_out,4,-Y,0.5,0.02471,-0.50422,-1.18198,0.01749,-0.00196,-0.00108,-0.0274,-0.48446,-1.13699,0.01338,-6e-05,-0.00019,0.28152,-0.44327,-1.17311,10,38.1896,362.2614,38.0225,178.66,1.6539,-122.5149,0.0053,25.6995,0.8795
778,000778.png,False,1788777047.728025,1788777047.523325,shear_-Y_back,4,-Y,0.0,0.02316,-0.49517,-1.19529,0.01722,-0.00211,-0.00124,-0.02913,-0.47546,-1.15027,0.01311,-0.0002,-0.00035,0.27575,-0.43643,-1.18657,10,38.1915,362.2254,38.0092,178.6635,1.6501,-122.5144,0.0058,25.6856,0.8934
779,000779.png,False,1788777047.935904,1788777047.731204,shear_-Y_back,4,-Y,0.0,0.01855,-0.49535,-1.21019,0.01727,-0.00212,-0.00109,-0.0338,-0.47567,-1.16516,0.01316,-0.0002,-0.0002,0.27195,-0.43913,-1.20146,10,38.1904,362.2228,38.0097,178.6638,1.6497,-122.5137,0.0099,25.6861,0.8929
780,000780.png,False,1788777048.143997,1788777047.939297,shear_-Y_back,4,-Y,0.0,-0.02722,-0.30749,-1.3315,0.01249,-0.00341,-0.0012,-0.07964,-0.28782,-1.28646,0.00838,-0.0015,-0.00031,0.13929,-0.30124,-1.32591,11,38.0337,362.361,37.9666,178.6682,1.6447,-122.5042,0.0029,25.6464,0.9326
781,000781.png,False,1788777048.348001,1788777048.143301,shear_-Y_back,4,-Y,0.0,0.00246,-0.23012,-1.25287,0.01032,-0.00262,-0.00121,-0.05002,-0.21047,-1.20781,0.00621,-0.0007,-0.00033,0.12579,-0.21814,-1.24869,10,37.9878,362.595,37.9992,178.6611,1.6518,-122.5138,0.0,25.683,0.896
782,000782.png,False,1788777048.556068,1788777048.351368,shear_-Y_back,4,-Y,0.0,0.02811,-0.14019,-1.20548,0.00788,-0.00196,-0.00124,-0.02443,-0.12055,-1.16041,0.00377,-4e-05,-0.00035,0.10275,-0.12668,-1.20292,10,37.9955,362.5627,38.0101,178.6646,1.6479,-122.5152,0.007,25.6933,0.8857
783,000783.png,False,1788777048.760054,1788777048.555354,shear_+Y_out,4,+Y,0.1,0.03256,0.03781,-1.2292,0.00329,-0.0018,-0.00124,-0.02004,0.05743,-1.18412,-0.00082,0.00012,-0.00035,0.01783,0.02933,-1.22973,10,37.885,362.7261,38.0062,178.6658,1.646,-122.5147,0.0093,25.6928,0.8862
784,000784.png,False,1788777048.967979,1788777048.763279,shear_+Y_out,4,+Y,0.1,0.018,0.01465,-1.22102,0.00384,-0.00219,-0.00127,-0.03467,0.03425,-1.17593,-0.00028,-0.00026,-0.00038,0.01674,0.00212,-1.22112,10,37.8817,362.747,38.0126,178.6641,1.6478,-122.5152,0.004,25.6995,0.8795
785,000785.png,False,1788777049.380094,1788777049.175394,shear_+Y_out,4,+Y,0.1,0.03975,0.05779,-1.18704,0.00264,-0.00158,-0.00128,-0.01303,0.07735,-1.14193,-0.00148,0.00034,-0.00039,0.01379,0.0509,-1.18794,10,37.8696,362.8031,38.0221,178.6626,1.6496,-122.5183,0.0051,25.71,0.869
786,000786.png,False,1788777049.588017,1788777049.383317,shear_+Y_out,4,+Y,0.1,0.02903,0.08002,-1.21619,0.00208,-0.00189,-0.00134,-0.02382,0.09956,-1.17107,-0.00204,4e-05,-0.00045,-0.0064,0.06433,-1.21745,10,37.7854,362.8825,37.9967,178.6644,1.6477,-122.5113,0.0085,25.6865,0.8925
787,000787.png,False,1788777051.240149,1788777051.035449,shear_+Y_out,4,+Y,0.2,0.03355,0.09683,-1.22809,0.00156,-0.0018,-0.00131,-0.01979,0.11622,-1.18289,-0.00257,0.00015,-0.00043,-0.0108,0.08095,-1.22965,10,37.8195,362.8805,38.0087,178.6639,1.6482,-122.5174,0.0044,25.6982,0.8808
788,000788.png,False,1788777051.652153,1788777051.447453,shear_+Y_out,4,+Y,0.2,0.01208,0.18996,-1.2481,-0.00088,-0.00241,-0.00148,-0.04138,0.20932,-1.20287,-0.00501,-0.00046,-0.00059,-0.07579,0.15056,-1.25123,10,37.7422,362.975,37.9998,178.6657,1.6457,-122.5167,0.0066,25.6914,0.8876
789,000789.png,False,1788777052.476290,1788777052.271590,shear_+Y_out,4,+Y,0.3,0.02612,0.21089,-1.22073,-0.00152,-0.00204,-0.00148,-0.02758,0.23017,-1.17546,-0.00565,-8e-05,-0.00059,-0.07427,0.17614,-1.22425,10,37.7361,363.0093,38.0075,178.6632,1.6485,-122.5168,0.0076,25.6997,0.8793
790,000790.png,False,1788777052.684308,1788777052.479608,shear_+Y_out,4,+Y,0.3,0.02462,0.28821,-1.22795,-0.00354,-0.00206,-0.0016,-0.02914,0.30747,-1.18267,-0.00767,-0.00011,-0.00071,-0.11416,0.24225,-1.23281,11,37.6951,363.0625,38.0004,178.6621,1.6498,-122.5146,0.0055,25.6937,0.8853
791,000791.png,False,1788777053.304322,1788777053.099622,shear_+Y_out,4,+Y,0.3,0.00349,0.278,-1.17069,-0.00325,-0.00255,-0.00148,-0.05046,0.29721,-1.12538,-0.00739,-0.00058,-0.00059,-0.12776,0.22376,-1.17534,11,37.6607,363.0956,38.0373,178.6646,1.6468,-122.5167,0.0085,25.7314,0.8476
792,000792.png,False,1788777054.128422,1788777053.923722,shear_+Y_out,4,+Y,0.4,0.01914,0.29579,-1.17061,-0.00379,-0.00219,-0.00137,-0.03505,0.31492,-1.12525,-0.00793,-0.00022,-0.00049,-0.12309,0.24699,-1.1756,10,37.6577,363.1297,38.0438,178.6621,1.6498,-122.5168,0.0004,25.7384,0.8406
793,000793.png,False,1788777054.540453,1788777054.335753,shear_+Y_out,4,+Y,0.4,0.02717,0.32312,-1.31101,-0.00443,-0.00205,-0.00143,-0.02714,0.34222,-1.26563,-0.00857,-7e-05,-0.00055,-0.12881,0.27242,-1.31647,11,37.6503,363.1631,37.9872,178.664,1.6477,-122.5178,0.0059,25.6824,0.8966
794,000794.png,False,1788777055.780553,1788777055.575853,shear_+Y_out,4,+Y,0.5,0.02146,0.39783,-1.20377,-0.00635,-0.00203,-0.00143,-0.03322,0.41681,-1.15833,-0.0105,-4e-05,-0.00054,-0.17183,0.33599,-1.21053,11,37.5839,363.2651,38.0382,178.6615,1.6502,-122.5173,0.0091,25.7355,0.8435
795,000795.png,False,1788777055.984529,1788777055.779830,shear_+Y_out,4,+Y,0.5,0.03241,0.46798,-1.33792,-0.00828,-0.0019,-0.00143,-0.02233,0.48694,-1.29246,-0.01243,9e-05,-0.00055,-0.19646,0.40006,-1.34589,11,37.5604,363.3074,37.9835,178.6636,1.6477,-122.5163,0.0062,25.6817,0.8973
796,000796.png,False,1788777056.192590,1788777055.987890,shear_+Y_out,4,+Y,0.5,0.02265,0.43244,-1.33136,-0.00742,-0.00221,-0.00134,-0.03215,0.45138,-1.2859,-0.01157,-0.00022,-0.00045,-0.18721,0.36451,-1.33871,10,37.5631,363.303,37.995,178.6628,1.6488,-122.5168,0.0001,25.693,0.886
797,000797.png,False,1788777057.016602,1788777056.811902,shear_+Y_back,4,+Y,0.0,0.01142,0.49656,-1.20808,-0.00902,-0.0023,-0.00152,-0.04363,0.51543,-1.16257,-0.01318,-0.0003,-0.00064,-0.22983,0.41641,-1.21653,10,37.4995,363.3877,38.0419,178.6611,1.6505,-122.5168,0.0017,25.7417,0.8373
798,000798.png,False,1788777057.224590,1788777057.019890,shear_+Y_back,4,+Y,0.0,0.01594,0.49662,-1.19754,-0.00901,-0.00224,-0.00157,-0.03917,0.51548,-1.15202,-0.01317,-0.00024,-0.00069,-0.22602,0.41889,-1.206,11,37.5108,363.3779,38.0432,178.6608,1.6508,-122.5175,0.0054,25.7429,0.8361
799,000799.png,False,1788777057.432535,1788777057.227835,shear_+Y_back,4,+Y,0.0,0.06724,0.2412,-1.09005,-0.00238,-0.00091,-0.00151,0.01207,0.26004,-1.04452,-0.00654,0.00109,-0.00062,-0.05471,0.22503,-1.0942,10,37.6715,363.217,38.0627,178.6646,1.6477,-122.5228,0.0085,25.7586,0.8204
800,000800.png,False,1788777057.844564,1788777057.639864,shear_+Y_back,4,+Y,0.0,0.00787,0.10113,-1.19679,0.00137,-0.0025,-0.0014,-0.04742,0.11993,-1.15124,-0.00279,-0.0005,-0.00052,-0.03542,0.07235,-1.19838,11,37.7215,363.012,38.0219,178.6627,1.6501,-122.5118,0.0008,25.7142,0.8648
801,000801.png,False,1788777058.052580,1788777057.847880,shear_+Y_back,4,+Y,0.0,0.00586,-0.12084,-1.23764,0.00718,-0.00262,-0.00135,-0.04949,-0.10206,-1.19208,0.00302,-0.0006,-0.00046,0.07403,-0.12155,-1.23537,10,37.8674,362.7895,38.0037,178.6644,1.649,-122.5152,0.0048,25.6915,0.8875
802,000802.png,False,1788777058.876635,1788777058.671935,shear_+X_out,5,+X,0.1,0.03583,-0.05975,-1.21106,0.00568,-0.00173,-0.00124,-0.01977,-0.04104,-1.16545,0.00152,0.00029,-0.00035,0.06929,-0.05324,-1.20991,10,37.8731,362.8055,38.0142,178.6641,1.6498,-122.5126,0.0001,25.7021,0.8769
803,000803.png,False,1788777059.288785,1788777059.084085,shear_+X_out,5,+X,0.1,0.0533,-0.04295,-1.20533,0.00528,-0.00129,-0.00122,-0.00242,-0.02428,-1.1597,0.00111,0.00074,-0.00034,0.07598,-0.02988,-1.20451,10,37.9146,362.8582,38.0248,178.6615,1.6522,-122.5171,0.0005,25.7133,0.8657
804,000804.png,False,1788777059.496782,1788777059.292082,shear_+X_out,5,+X,0.1,0.14276,-0.08276,-1.19365,0.0062,0.00101,-0.00115,0.08698,-0.06411,-1.14801,0.00203,0.00303,-0.00026,0.17329,-0.01946,-1.19232,10,37.9763,362.8216,38.0206,178.6646,1.6494,-122.5218,0.0067,25.7081,0.8709
805,000805.png,False,1788777060.940773,1788777060.736073,shear_+X_out,5,+X,0.2,0.09644,-0.03427,-1.25606,0.00503,-0.00024,-0.00122,0.04023,-0.01576,-1.21035,0.00086,0.0018,-0.00034,0.10937,-0.00162,-1.25547,10,37.9472,362.882,38.0172,178.66,1.6543,-122.5112,0.0101,25.7059,0.8731
806,000806.png,False,1788777062.592880,1788777062.388180,shear_+X_out,5,+X,0.3,0.1804,-0.02844,-1.21065,0.00489,0.00207,-0.00111,0.1237,-0.01007,-1.16485,0.0007,0.00413,-0.00023,0.17887,0.04611,-1.21033,10,38.0415,362.9072,38.0202,178.6643,1.6496,-122.5133,0.0047,25.7086,0.8704
807,000807.png,False,1788777063.004982,1788777062.800282,shear_+X_out,5,+X,0.3,0.22426,-0.02277,-1.21599,0.00475,0.00319,-0.00109,0.16744,-0.00443,-1.17017,0.00056,0.00525,-0.0002,0.21406,0.07286,-1.21586,10,38.0789,362.9412,38.0196,178.6622,1.6527,-122.5118,0.0067,25.7083,0.8707
808,000808.png,False,1788777064.245067,1788777064.040367,shear_+X_out,5,+X,0.4,0.27074,-0.0192,-1.21274,0.00473,0.00453,-0.00114,0.21356,-0.00098,-1.16685,0.00054,0.0066,-0.00026,0.25252,0.09922,-1.21277,10,38.1452,362.9706,38.0201,178.6643,1.6498,-122.5109,0.0025,25.7088,0.8702
809,000809.png,False,1788777064.449098,1788777064.244398,shear_+X_out,5,+X,0.4,0.3675,-0.02667,-1.204,0.00481,0.00707,-0.00116,0.31025,-0.00846,-1.1581,0.00062,0.00914,-0.00028,0.34,0.14125,-1.20409,10,38.2358,362.9884,38.0146,178.6644,1.6502,-122.5174,0.0048,25.703,0.876
810,000810.png,False,1788777064.861099,1788777064.656399,shear_+X_out,5,+X,0.4,0.37162,-0.00146,-1.2615,0.00429,0.00715,-0.00099,0.31426,0.01671,-1.21558,0.0001,0.00923,-0.00011,0.33138,0.16422,-1.26202,11,38.2503,363.008,38.0016,178.6678,1.647,-122.5064,0.0068,25.6902,0.8888
811,000811.png,False,1788777065.481200,1788777065.276500,shear_+X_out,5,+X,0.4,0.36385,-0.01483,-1.08663,0.00446,0.00693,-0.00122,0.3063,0.00328,-1.04067,0.00026,0.00901,-0.00033,0.33011,0.15155,-1.08693,11,38.2705,363.0434,38.0599,178.6633,1.6509,-122.5087,0.0005,25.7489,0.8301
812,000812.png,False,1788777065.689165,1788777065.484465,shear_+X_out,5,+X,0.4,0.45323,-0.06682,-1.31692,0.00599,0.00934,-0.00116,0.39562,-0.04872,-1.27096,0.00179,0.01143,-0.00028,0.43511,0.1475,-1.31647,10,38.369,363.0383,37.9885,178.6686,1.6451,-122.5216,0.007,25.6768,0.9022
813,000813.png,False,1788777065.893185,1788777065.688485,shear_+X_out,5,+X,0.4,0.4201,-0.0504,-1.26609,0.00557,0.00848,-0.0011,0.36243,-0.03233,-1.22011,0.00137,0.01056,-0.00022,0.39786,0.14598,-1.26586,10,38.3375,363.0454,38.0142,178.6665,1.6477,-122.5165,0.0042,25.7028,0.8762
814,000814.png,False,1788777067.545283,1788777067.340583,shear_+X_out,5,+X,0.5,0.40517,-0.027,-1.33327,0.00495,0.00802,-0.00108,0.347,-0.00907,-1.28721,0.00074,0.01012,-0.0002,0.37369,0.15771,-1.33341,11,38.3368,363.0715,37.9858,178.6687,1.6452,-122.5077,0.0051,25.6748,0.9042
815,000815.png,False,1788777068.373340,1788777068.168640,shear_+X_back,5,+X,0.0,0.48612,-0.02766,-1.17684,0.00492,0.01025,-0.00119,0.42771,-0.0098,-1.13074,0.00071,0.01236,-0.00031,0.44306,0.2001,-1.17716,10,38.4363,363.1268,38.0385,178.6654,1.6489,-122.511,0.0082,25.7277,0.8513
816,000816.png,False,1788777068.577282,1788777068.372582,shear_+X_back,5,+X,0.0,0.48673,-0.02279,-1.16975,0.00478,0.01027,-0.00124,0.42827,-0.00496,-1.12364,0.00057,0.01238,-0.00036,0.44111,0.20473,-1.17015,10,38.4362,363.127,38.0381,178.6653,1.6491,-122.511,0.0059,25.7273,0.8517
817,000817.png,False,1788777068.785384,1788777068.580684,shear_+X_back,5,+X,0.0,0.31235,-0.05245,-1.03113,0.00541,0.00565,-0.00132,0.25382,-0.03463,-0.985,0.00119,0.00776,-0.00044,0.30391,0.09413,-1.03068,10,38.2585,363.0738,38.0893,178.6595,1.6539,-122.5116,0.0076,25.7789,0.8001
818,000818.png,False,1788777068.989408,1788777068.784708,shear_+X_back,5,+X,0.0,0.23302,-0.03065,-1.13713,0.00498,0.00367,-0.0012,0.17443,-0.01285,-1.09099,0.00077,0.00578,-0.00032,0.22504,0.07168,-1.13689,10,38.1027,362.8797,38.0369,178.6659,1.6458,-122.5136,0.0047,25.7245,0.8545
819,000819.png,False,1788777069.197412,1788777068.992712,shear_+X_back,5,+X,0.0,0.12514,0.02272,-1.17594,0.00358,0.00067,-0.00117,0.06648,0.0405,-1.12979,-0.00063,0.00279,-0.00029,0.1052,0.06336,-1.17641,10,38.0595,362.9662,38.0437,178.6593,1.6524,-122.5131,0.0082,25.7329,0.8461
820,000820.png,False,1788777069.405483,1788777069.200783,shear_-X_out,5,-X,0.1,-0.04924,-0.04082,-1.24205,0.00526,-0.00406,-0.00128,-0.10795,-0.02306,-1.19589,0.00104,-0.00194,-0.0004,-0.01365,-0.07985,-1.24105,10,37.8693,362.8599,38.0221,178.6592,1.6524,-122.5134,0.0013,25.7109,0.8681
821,000821.png,False,1788777069.817454,1788777069.612754,shear_-X_out,5,-X,0.1,-0.03228,0.00204,-1.22015,0.00418,-0.00362,-0.00145,-0.09111,0.01976,-1.17397,-4e-05,-0.0015,-0.00057,-0.02052,-0.0339,-1.21993,10,37.8202,362.8394,38.016,178.6614,1.6503,-122.5142,0.0079,25.7049,0.8741
822,000822.png,False,1788777070.021479,1788777069.816779,shear_-X_out,5,-X,0.1,-0.08298,0.02774,-1.23353,0.00347,-0.00499,-0.00141,-0.14188,0.04544,-1.18734,-0.00075,-0.00287,-0.00053,-0.07718,-0.0372,-1.23366,11,37.8076,362.8191,38.0066,178.6625,1.6489,-122.5113,0.0093,25.6952,0.8838
823,000823.png,False,1788777071.469574,1788777071.264874,shear_-X_out,5,-X,0.2,-0.05313,0.00309,-1.13456,0.00412,-0.00411,-0.00144,-0.11246,0.02067,-1.08829,-0.0001,-0.00197,-0.00056,-0.0397,-0.04204,-1.13433,10,37.8119,362.8012,38.0409,178.6573,1.6548,-122.5174,0.0091,25.7292,0.8498
824,000824.png,False,1788777073.121660,1788777072.916960,shear_-X_out,5,-X,0.3,-0.16634,0.01057,-1.21629,0.00395,-0.00724,-0.00155,-0.22615,0.02799,-1.16994,-0.00029,-0.00509,-0.00067,-0.14093,-0.09345,-1.21596,11,37.6649,362.7301,38.0105,178.6614,1.6501,-122.5144,0.005,25.6986,0.8804
825,000825.png,False,1788777073.533689,1788777073.328989,shear_-X_out,5,-X,0.3,-0.20394,0.00954,-1.17925,0.00403,-0.00817,-0.00145,-0.26388,0.02693,-1.13288,-0.0002,-0.00601,-0.00057,-0.17325,-0.11253,-1.17883,10,37.6236,362.7052,38.0317,178.6604,1.6513,-122.5164,0.006,25.7197,0.8593
826,000826.png,False,1788777073.945740,1788777073.741040,shear_-X_out,5,-X,0.3,-0.28637,0.0381,-1.20669,0.00321,-0.01036,-0.00142,-0.34642,0.05545,-1.16029,-0.00103,-0.0082,-0.00054,-0.25873,-0.12942,-1.2066,10,37.5226,362.672,38.0219,178.6577,1.6536,-122.5152,0.0026,25.7101,0.8689
827,000827.png,False,1788777074.769822,1788777074.565122,shear_-X_out,5,-X,0.4,-0.28326,3e-05,-1.23504,0.00423,-0.01041,-0.00133,-0.34356,0.01731,-1.1886,-2e-05,-0.00824,-0.00045,-0.23682,-0.16129,-1.23429,10,37.5252,362.6393,38.0162,178.6609,1.651,-122.5173,0.0037,25.7039,0.8751
828,000828.png,False,1788777074.977834,1788777074.773134,shear_-X_out,5,-X,0.4,-0.38781,-0.00133,-1.23313,0.00427,-0.01324,-0.00162,-0.44818,0.01593,-1.18668,3e-05,-0.01107,-0.00074,-0.32672,-0.21468,-1.23215,10,37.4335,362.6065,38.0127,178.6631,1.648,-122.5118,0.0027,25.7005,0.8785
829,000829.png,False,1788777075.597853,1788777075.393153,shear_-X_out,5,-X,0.4,-0.36411,0.01628,-1.19514,0.00379,-0.01258,-0.00142,-0.42465,0.03348,-1.14865,-0.00046,-0.0104,-0.00054,-0.31524,-0.18698,-1.19451,10,37.4144,362.5893,38.0294,178.6574,1.6537,-122.5224,0.0013,25.717,0.862
830,000830.png,False,1788777076.833956,1788777076.629256,shear_-X_out,5,-X,0.5,-0.38702,0.00503,-1.22632,0.0042,-0.01319,-0.00151,-0.44793,0.02212,-1.17977,-5e-05,-0.011,-0.00063,-0.32926,-0.20867,-1.22544,10,37.3627,362.5492,38.0173,178.6602,1.6509,-122.5186,0.0039,25.7047,0.8743
831,000831.png,False,1788777077.041936,1788777076.837236,shear_-X_out,5,-X,0.5,-0.4968,0.04593,-1.2452,0.00311,-0.01618,-0.0017,-0.55777,0.063,-1.19864,-0.00114,-0.01399,-0.00083,-0.44465,-0.2284,-1.24481,11,37.2657,362.5516,38.0116,178.66,1.6511,-122.508,0.0097,25.6996,0.8794
832,000832.png,False,1788777077.250005,1788777077.045305,shear_-X_out,5,-X,0.5,-0.44274,0.02354,-1.22599,0.0036,-0.01482,-0.00164,-0.50378,0.04059,-1.17942,-0.00066,-0.01263,-0.00076,-0.38677,-0.22048,-1.22533,10,37.3096,362.5133,38.0131,178.6624,1.6486,-122.5179,0.0041,25.7003,0.8787
833,000833.png,False,1788777078.486012,1788777078.281312,shear_-X_back,5,-X,0.0,-0.49271,0.00561,-1.25103,0.00413,-0.01619,-0.0014,-0.55411,0.02255,-1.2044,-0.00013,-0.01399,-0.00053,-0.42092,-0.26137,-1.24995,10,37.235,362.4832,38.0164,178.66,1.6512,-122.5206,0.0157,25.7036,0.8754
834,000834.png,False,1788777078.898050,1788777078.693350,shear_-X_back,5,-X,0.0,-0.36695,0.08003,-1.30257,0.00228,-0.01294,-0.00144,-0.42847,0.09693,-1.25591,-0.00198,-0.01073,-0.00056,-0.34881,-0.13491,-1.30303,10,37.3882,362.5638,37.9831,178.6653,1.647,-122.5087,0.0097,25.6705,0.9085
835,000835.png,False,1788777079.106055,1788777078.901355,shear_-X_back,5,-X,0.0,-0.26137,0.01457,-1.28297,0.00387,-0.0101,-0.00144,-0.32296,0.03145,-1.2363,-0.0004,-0.00789,-0.00056,-0.22479,-0.13853,-1.2825,10,37.5367,362.7367,38.0207,178.6566,1.6576,-122.5146,0.0029,25.7098,0.8692
836,000836.png,False,1788777079.313993,1788777079.109293,shear_-X_back,5,-X,0.0,-0.05669,-0.02073,-1.22099,0.00472,-0.00455,-0.00131,-0.11834,-0.00386,-1.17431,0.00045,-0.00234,-0.00043,-0.03028,-0.06584,-1.22033,10,37.668,362.6716,38.0086,178.665,1.6493,-122.5153,0.0032,25.6958,0.8832
837,000837.png,False,1788777079.726017,1788777079.521317,shear_-Y_out,5,-Y,0.1,0.10066,-0.04023,-1.18962,0.00526,-0.00027,-0.00134,0.0389,-0.02339,-1.14292,0.00099,0.00195,-0.00046,0.11554,-0.0036,-1.18894,10,37.8665,362.8101,38.0281,178.662,1.6526,-122.5132,0.0051,25.7162,0.8628
838,000838.png,False,1788777080.138172,1788777079.933472,shear_-Y_out,5,-Y,0.1,0.06897,-0.04991,-1.13488,0.0055,-0.00101,-0.00118,0.00708,-0.03312,-1.08815,0.00123,0.00121,-0.0003,0.09255,-0.02695,-1.13398,10,37.8696,362.7991,38.0576,178.6591,1.655,-122.5117,0.0066,25.7455,0.8335
839,000839.png,False,1788777080.346157,1788777080.141457,shear_-Y_out,5,-Y,0.1,0.06822,-0.03664,-1.15088,0.00523,-0.00108,-0.00127,0.00627,-0.01986,-1.10415,0.00096,0.00115,-0.00039,0.08537,-0.01608,-1.15021,10,37.8708,362.7914,38.0454,178.6606,1.6534,-122.5108,0.0063,25.7331,0.8459
840,000840.png,False,1788777081.994270,1788777081.789570,shear_-Y_out,5,-Y,0.2,0.04687,-0.09451,-1.18107,0.0067,-0.00168,-0.00131,-0.01557,-0.07788,-1.13425,0.00242,0.00056,-0.00043,0.096,-0.07735,-1.17935,10,37.9146,362.7094,38.0281,178.6574,1.6563,-122.5133,0.0028,25.7142,0.8648
841,000841.png,False,1788777083.646356,1788777083.441656,shear_-Y_out,5,-Y,0.3,0.04064,-0.17696,-1.14993,0.00892,-0.00194,-0.00118,-0.02229,-0.16048,-1.10303,0.00463,0.00032,-0.00031,0.13159,-0.15137,-1.14677,10,37.9646,362.6282,38.0444,178.6612,1.6519,-122.5131,0.0057,25.7288,0.8502
842,000842.png,False,1788777084.474417,1788777084.269717,shear_-Y_out,5,-Y,0.3,0.05386,-0.26337,-1.08837,0.01121,-0.00157,-0.00133,-0.00932,-0.24697,-1.04142,0.00692,0.0007,-0.00046,0.18578,-0.21862,-1.08374,10,38.0419,362.5306,38.0565,178.6585,1.6553,-122.5145,0.0058,25.7388,0.8402
843,000843.png,False,1788777086.122524,1788777085.917824,shear_-Y_out,5,-Y,0.4,0.03153,-0.30179,-1.11326,0.01233,-0.00212,-0.00137,-0.03213,-0.28554,-1.06623,0.00803,0.00016,-0.0005,0.18581,-0.26345,-1.10792,11,38.0534,362.4696,38.0463,178.6594,1.6546,-122.5089,0.0098,25.7276,0.8514
844,000844.png,False,1788777087.362637,1788777087.157937,shear_-Y_out,5,-Y,0.5,0.03297,-0.39364,-1.17172,0.0148,-0.00214,-0.0013,-0.03106,-0.3775,-1.12462,0.0105,0.00015,-0.00043,0.23336,-0.34322,-1.16478,10,38.1222,362.3633,38.0275,178.6628,1.6512,-122.5122,0.0003,25.7066,0.8724
845,000845.png,False,1788777087.774652,1788777087.569952,shear_-Y_out,5,-Y,0.5,0.03205,-0.42071,-1.08322,0.0154,-0.00217,-0.00118,-0.0321,-0.4046,-1.03609,0.01109,0.00013,-0.00031,0.24546,-0.3657,-1.07582,10,38.1424,362.3229,38.0657,178.6611,1.6529,-122.5097,0.0095,25.744,0.835
846,000846.png,False,1788777088.602698,1788777088.397998,shear_-Y_back,5,-Y,0.0,0.03832,-0.49374,-1.18001,0.0175,-0.00201,-0.00122,-0.02607,-0.4777,-1.13284,0.01319,0.00029,-0.00035,0.28806,-0.42737,-1.17134,11,38.2061,362.237,38.0271,178.6621,1.652,-122.514,0.0042,25.7036,0.8754
847,000847.png,False,1788777088.806715,1788777088.602015,shear_-Y_back,5,-Y,0.0,0.03391,-0.49405,-1.17702,0.0175,-0.00212,-0.00129,-0.03054,-0.47803,-1.12984,0.01319,0.00018,-0.00042,0.28437,-0.42979,-1.16834,10,38.2061,362.2317,38.023,178.6628,1.6514,-122.5131,0.0013,25.6994,0.8796
848,000848.png,False,1788777089.014740,1788777088.810040,shear_-Y_back,5,-Y,0.0,-0.01197,-0.27342,-1.3481,0.01187,-0.00341,-0.00132,-0.07649,-0.25743,-1.30091,0.00756,-0.0011,-0.00044,0.13559,-0.26438,-1.34313,10,38.0465,362.3875,37.9694,178.6626,1.6507,-122.5031,0.0079,25.6495,0.9295
849,000849.png,False,1788777089.426750,1788777089.222050,shear_-Y_back,5,-Y,0.0,0.03938,-0.1347,-1.16004,0.00807,-0.00189,-0.00137,-0.02526,-0.11875,-1.11283,0.00376,0.00042,-0.0005,0.10945,-0.11557,-1.1576,10,38.0038,362.575,38.0292,178.6619,1.651,-122.514,0.0033,25.7126,0.8664
850,000850.png,False,1788777090.046848,1788777089.842148,shear_+Y_out,5,+Y,0.1,0.04016,0.05319,-1.18922,0.003,-0.00198,-0.00136,-0.02467,0.06909,-1.14197,-0.00132,0.00034,-0.00048,0.01645,0.04708,-1.19004,10,37.8624,362.8401,38.0324,178.6592,1.6536,-122.5154,0.0081,25.721,0.858
851,000851.png,False,1788777091.698920,1788777091.494220,shear_+Y_out,5,+Y,0.2,-0.00867,0.08741,-1.29274,0.00217,-0.00335,-0.00135,-0.07398,0.10317,-1.24541,-0.00216,-0.00102,-0.00048,-0.04222,0.05067,-1.29405,10,37.7936,362.8552,37.9987,178.6649,1.6476,-122.5098,0.0045,25.688,0.891
852,000852.png,False,1788777092.110871,1788777091.906171,shear_+Y_out,5,+Y,0.2,0.02229,0.143,-1.14946,0.00065,-0.00241,-0.00151,-0.04314,0.15872,-1.10211,-0.00368,-7e-05,-0.00064,-0.04417,0.11657,-1.15181,10,37.7771,362.9375,38.0489,178.6634,1.6489,-122.5153,0.0068,25.7396,0.8394
853,000853.png,False,1788777092.730973,1788777092.526273,shear_+Y_out,5,+Y,0.2,0.03834,0.17622,-1.14974,-0.00027,-0.00204,-0.00149,-0.02727,0.19188,-1.10236,-0.0046,0.0003,-0.00062,-0.04686,0.15336,-1.1527,10,37.7654,362.987,38.0513,178.6609,1.6511,-122.5171,0.0092,25.7429,0.8361
854,000854.png,False,1788777093.763019,1788777093.558319,shear_+Y_out,5,+Y,0.3,0.0148,0.1938,-1.29163,-0.00064,-0.00275,-0.00154,-0.05112,0.20937,-1.24419,-0.00498,-0.0004,-0.00067,-0.07505,0.15455,-1.29482,11,37.729,363.0,37.9943,178.6649,1.6468,-122.5167,0.0076,25.6864,0.8926
855,000855.png,False,1788777094.999102,1788777094.794402,shear_+Y_out,5,+Y,0.4,0.03298,0.29205,-1.13165,-0.00341,-0.00222,-0.00169,-0.03331,0.30751,-1.08414,-0.00775,0.00015,-0.00082,-0.1095,0.25128,-1.1366,10,37.6675,363.1378,38.0537,178.6603,1.6518,-122.5171,0.0092,25.7484,0.8306
856,000856.png,False,1788777095.415152,1788777095.210452,shear_+Y_out,5,+Y,0.4,0.04155,0.31636,-1.30785,-0.00399,-0.00211,-0.00177,-0.02487,0.33178,-1.26033,-0.00834,0.00026,-0.0009,-0.113,0.2738,-1.31322,10,37.661,363.1712,37.9865,178.6629,1.6488,-122.5201,0.0003,25.6818,0.8972
857,000857.png,False,1788777096.651137,1788777096.446437,shear_+Y_out,5,+Y,0.5,0.0414,0.3882,-1.16234,-0.00592,-0.00203,-0.00193,-0.02538,0.40351,-1.11475,-0.01027,0.00035,-0.00106,-0.15004,0.33827,-1.16897,10,37.6036,363.2731,38.036,178.6598,1.6519,-122.519,0.001,25.7333,0.8457
858,000858.png,False,1788777097.063163,1788777096.858463,shear_+Y_out,5,+Y,0.5,0.00525,0.44441,-1.27904,-0.00746,-0.00309,-0.00185,-0.06165,0.45969,-1.23143,-0.01181,-0.00071,-0.00098,-0.20862,0.36703,-1.28657,11,37.5389,363.3067,38.0013,178.6605,1.6508,-122.516,0.0091,25.6996,0.8794
859,000859.png,False,1788777098.095335,1788777097.890635,shear_+Y_back,5,+Y,0.0,0.03074,0.49401,-1.17336,-0.00871,-0.00229,-0.00196,-0.03647,0.50919,-1.12569,-0.01307,0.0001,-0.00109,-0.21206,0.42441,-1.18181,10,37.5154,363.3954,38.0432,178.6588,1.6524,-122.5193,0.0046,25.7431,0.8359
860,000860.png,False,1788777098.303332,1788777098.098632,shear_+Y_back,5,+Y,0.0,0.06589,0.27234,-1.10324,-0.00293,-0.00129,-0.00176,-0.00137,0.2875,-1.05557,-0.00729,0.0011,-0.00089,-0.07134,0.25112,-1.10793,11,37.6728,363.2317,38.0658,178.6623,1.6494,-122.5248,0.0023,25.7619,0.8171
861,000861.png,False,1788777098.923377,1788777098.718677,shear_+Y_back,5,+Y,0.0,0.0193,-0.08043,-1.18096,0.00628,-0.00269,-0.00153,-0.04815,-0.06532,-1.13325,0.00192,-0.00029,-0.00066,0.06509,-0.07893,-1.17943,11,37.8622,362.8241,38.0261,178.6614,1.6524,-122.5138,0.0039,25.7144,0.8646
862,000862.png,False,1788777101.191526,1788777100.986826,shear_+X_out,6,+X,0.2,0.08917,-0.05137,-1.17701,0.00567,-0.00095,-0.0017,0.02105,-0.03647,-1.12918,0.0013,0.00148,-0.00083,0.11106,-0.01879,-1.17611,10,37.9302,362.8248,38.0174,178.6666,1.6468,-122.511,0.0027,25.7053,0.8737
863,000863.png,False,1788777102.843664,1788777102.638964,shear_+X_out,6,+X,0.3,0.17831,-0.05347,-1.20935,0.00582,0.00151,-0.00147,0.1097,-0.03872,-1.16143,0.00144,0.00395,-0.0006,0.18956,0.02341,-1.20859,11,38.0386,362.8737,38.0137,178.6656,1.6479,-122.5135,0.0099,25.7016,0.8774
864,000864.png,False,1788777103.259648,1788777103.054948,shear_+X_out,6,+X,0.3,0.21615,-0.05791,-1.24845,0.00593,0.00248,-0.00145,0.14742,-0.04319,-1.20051,0.00155,0.00493,-0.00058,0.22482,0.03785,-1.24768,10,38.081,362.8903,37.9979,178.6664,1.6471,-122.5117,0.0028,25.6858,0.8932
865,000865.png,False,1788777103.463670,1788777103.258970,shear_+X_out,6,+X,0.3,0.27753,-0.03544,-1.15318,0.00534,0.00415,-0.00152,0.20873,-0.02075,-1.10523,0.00095,0.0066,-0.00065,0.2661,0.0895,-1.15295,11,38.1524,362.9193,38.0348,178.6677,1.6462,-122.5164,0.0053,25.7227,0.8563
866,000866.png,False,1788777104.495744,1788777104.291044,shear_+X_out,6,+X,0.4,0.26569,-0.04555,-1.13395,0.00556,0.00387,-0.0015,0.1966,-0.03095,-1.08594,0.00117,0.00632,-0.00063,0.26077,0.07514,-1.13351,10,38.1562,362.9574,38.0409,178.6653,1.6484,-122.5119,0.0049,25.7293,0.8497
867,000867.png,False,1788777105.323812,1788777105.119112,shear_+X_out,6,+X,0.4,0.35673,-0.04419,-1.16396,0.00559,0.0063,-0.00138,0.28739,-0.02967,-1.11591,0.0012,0.00876,-0.00052,0.33916,0.12133,-1.16373,11,38.2535,363.0007,38.037,178.6661,1.6479,-122.5067,0.0059,25.7254,0.8536
868,000868.png,False,1788777106.767805,1788777106.563105,shear_+X_out,6,+X,0.5,0.50763,-0.07242,-1.35097,0.00638,0.01028,-0.00121,0.43786,-0.05802,-1.30285,0.00198,0.01276,-0.00034,0.48526,0.16929,-1.35052,10,38.4212,363.0331,37.9744,178.6704,1.6435,-122.5235,0.006,25.6622,0.9168
869,000869.png,False,1788777106.971921,1788777106.767221,shear_+X_out,6,+X,0.5,0.44788,-0.06982,-1.29004,0.00634,0.00882,-0.00137,0.37805,-0.05543,-1.24191,0.00194,0.0113,-0.0005,0.43179,0.14266,-1.28953,10,38.3768,363.0388,37.9958,178.6683,1.6457,-122.5168,0.0035,25.684,0.895
870,000870.png,False,1788777108.832055,1788777108.627355,shear_+X_back,6,+X,0.0,0.49564,-0.04288,-1.19396,0.00549,0.00999,-0.00139,0.42526,-0.02866,-1.14573,0.00108,0.01249,-0.00052,0.45903,0.19139,-1.19403,10,38.4501,363.106,38.0286,178.666,1.6476,-122.5136,0.005,25.7173,0.8617
871,000871.png,False,1788777109.036045,1788777108.831345,shear_+X_back,6,+X,0.0,0.35995,-0.08702,-1.08143,0.00662,0.00645,-0.00155,0.28951,-0.07282,-1.03319,0.00221,0.00895,-0.00068,0.36277,0.08717,-1.08048,10,38.2865,363.0441,38.079,178.6567,1.6563,-122.5163,0.0075,25.7679,0.8111
872,000872.png,False,1788777109.655987,1788777109.451287,shear_-X_out,6,-X,0.1,-0.0328,-0.06117,-1.26363,0.00611,-0.00409,-0.00141,-0.10343,-0.04703,-1.21536,0.0017,-0.00158,-0.00054,0.0109,-0.08961,-1.26231,10,37.8711,362.8269,38.0094,178.661,1.6503,-122.5142,0.002,25.6977,0.8813
873,000873.png,False,1788777109.864000,1788777109.659300,shear_-X_out,6,-X,0.1,-0.03807,0.0046,-1.22898,0.00435,-0.00438,-0.00155,-0.10875,0.01872,-1.1807,-6e-05,-0.00187,-0.00068,-0.02675,-0.03473,-1.2288,11,37.8738,362.8158,38.0084,178.6621,1.6497,-122.5142,0.0084,25.6965,0.8825
874,000874.png,False,1788777111.308216,1788777111.103516,shear_-X_out,6,-X,0.2,-0.03283,-0.01711,-1.15832,0.00481,-0.00418,-0.00156,-0.10395,-0.00312,-1.10996,0.00039,-0.00166,-0.00069,-0.01186,-0.04978,-1.15778,10,37.833,362.7912,38.037,178.6626,1.6494,-122.5148,0.0067,25.7249,0.8541
875,000875.png,False,1788777111.720212,1788777111.515512,shear_-X_out,6,-X,0.2,-0.06148,-0.02093,-1.22178,0.00505,-0.00489,-0.00159,-0.13272,-0.00698,-1.17339,0.00063,-0.00236,-0.00072,-0.03433,-0.06842,-1.2211,10,37.8065,362.7637,38.0139,178.6651,1.6464,-122.5161,0.0022,25.7017,0.8773
876,000876.png,False,1788777111.928250,1788777111.723550,shear_-X_out,6,-X,0.2,-0.16633,-0.00577,-1.11199,0.00456,-0.00767,-0.00159,-0.23763,0.00816,-1.0636,0.00013,-0.00515,-0.00072,-0.13349,-0.10592,-1.11138,10,37.6814,362.7598,38.0607,178.6531,1.6587,-122.5192,0.0085,25.7493,0.8297
877,000877.png,False,1788777113.372310,1788777113.167610,shear_-X_out,6,-X,0.3,-0.16918,-0.00415,-1.24113,0.00471,-0.00782,-0.00152,-0.2409,0.00965,-1.19266,0.00028,-0.00528,-0.00065,-0.13587,-0.10801,-1.24053,10,37.6613,362.7008,38.011,178.6622,1.6497,-122.5149,0.0036,25.6987,0.8803
878,000878.png,False,1788777114.196363,1788777113.991663,shear_-X_out,6,-X,0.3,-0.28264,-0.00734,-1.19914,0.00481,-0.01076,-0.00144,-0.35461,0.00639,-1.15063,0.00038,-0.00821,-0.00058,-0.23284,-0.1668,-1.19827,10,37.537,362.6265,38.0336,178.6634,1.6482,-122.5155,0.0052,25.721,0.858
879,000879.png,False,1788777115.024337,1788777114.819637,shear_-X_out,6,-X,0.4,-0.27342,-0.01371,-1.20305,0.00489,-0.01062,-0.00153,-0.34563,-5e-05,-1.15449,0.00046,-0.00807,-0.00067,-0.22165,-0.16777,-1.20208,11,37.5325,362.6189,38.0284,178.6621,1.6497,-122.5173,0.0067,25.7157,0.8633
880,000880.png,False,1788777115.228357,1788777115.023657,shear_-X_out,6,-X,0.4,-0.37807,0.01415,-1.29802,0.00427,-0.01355,-0.00146,-0.45034,0.02779,-1.24946,-0.00017,-0.01099,-0.00059,-0.32556,-0.19744,-1.29731,10,37.4155,362.6049,38.0053,178.6601,1.6514,-122.5082,0.0041,25.6932,0.8858
881,000881.png,False,1788777115.644444,1788777115.439744,shear_-X_out,6,-X,0.4,-0.35542,-0.02989,-1.07891,0.00528,-0.01268,-0.00142,-0.42782,-0.01628,-1.03032,0.00084,-0.01011,-0.00056,-0.28546,-0.22076,-1.07752,11,37.4081,362.5792,38.1047,178.653,1.6594,-122.5225,0.0086,25.7922,0.7868
882,000882.png,False,1788777115.848400,1788777115.643700,shear_-X_out,6,-X,0.4,-0.34887,-0.00279,-1.09267,0.00457,-0.01262,-0.00155,-0.42133,0.01079,-1.04407,0.00013,-0.01005,-0.00069,-0.29323,-0.19424,-1.09176,10,37.4112,362.5632,38.0732,178.6571,1.6549,-122.5229,0.0093,25.7604,0.8186
883,000883.png,False,1788777116.260417,1788777116.055717,shear_-X_out,6,-X,0.4,-0.41375,-0.01936,-1.35263,0.00517,-0.01452,-0.00146,-0.48633,-0.00581,-1.30401,0.00072,-0.01195,-0.0006,-0.33934,-0.24517,-1.35126,10,37.3584,362.5107,37.9802,178.6685,1.643,-122.5182,0.0002,25.667,0.912
884,000884.png,False,1788777118.740670,1788777118.535970,shear_-X_back,6,-X,0.0,-0.38056,0.06529,-1.37317,0.00295,-0.01382,-0.00164,-0.45387,0.07862,-1.32442,-0.00151,-0.01123,-0.00078,-0.35275,-0.1556,-1.37333,10,37.3823,362.5475,37.9562,178.6656,1.6483,-122.5057,0.0077,25.6434,0.9356
885,000885.png,False,1788777121.424875,1788777121.220175,shear_-Y_out,6,-Y,0.2,0.05793,-0.09274,-1.20737,0.007,-0.00193,-0.00164,-0.01618,-0.07966,-1.15848,0.00253,0.00069,-0.00078,0.10488,-0.07071,-1.20569,11,37.8963,362.7247,38.0118,178.6666,1.6465,-122.5141,0.0046,25.6983,0.8807
886,000886.png,False,1788777121.628845,1788777121.424145,shear_-Y_out,6,-Y,0.2,0.10077,-0.21857,-1.25966,0.01037,-0.00085,-0.00158,0.0266,-0.2055,-1.21076,0.00589,0.00177,-0.00072,0.20522,-0.15912,-1.25588,10,37.9927,362.6645,37.9963,178.6694,1.6437,-122.524,0.0021,25.6812,0.8978
887,000887.png,False,1788777122.248920,1788777122.044220,shear_-Y_out,6,-Y,0.2,0.05054,-0.16904,-1.10228,0.00898,-0.00205,-0.00141,-0.02381,-0.15603,-1.05334,0.0045,0.00058,-0.00055,0.13588,-0.13881,-1.09928,10,37.956,362.6349,38.0608,178.664,1.6497,-122.515,0.0061,25.7455,0.8335
888,000888.png,False,1788777124.313051,1788777124.108351,shear_-Y_out,6,-Y,0.3,0.05551,-0.26388,-1.15781,0.01145,-0.00215,-0.00143,-0.01946,-0.25105,-1.10877,0.00696,0.00049,-0.00057,0.18795,-0.21935,-1.15317,10,38.0252,362.5244,38.0205,178.6634,1.6503,-122.5159,0.0026,25.7029,0.8761
889,000889.png,False,1788777125.553102,1788777125.348403,shear_-Y_out,6,-Y,0.4,0.03993,-0.27226,-1.23259,0.01186,-0.00259,-0.00144,-0.0354,-0.25955,-1.18348,0.00737,7e-05,-0.00058,0.17916,-0.23559,-1.22776,10,38.0232,362.5031,38.0037,178.6661,1.6472,-122.513,0.0005,25.6857,0.8933
890,000890.png,False,1788777125.965152,1788777125.760452,shear_-Y_out,6,-Y,0.4,0.02804,-0.30238,-1.14772,0.01251,-0.00292,-0.00139,-0.04741,-0.2897,-1.09859,0.00802,-0.00026,-0.00053,0.18332,-0.26625,-1.14236,10,38.0334,362.4616,38.038,178.6656,1.6479,-122.5104,0.0096,25.7193,0.8597
891,000891.png,False,1788777127.617237,1788777127.412537,shear_-Y_out,6,-Y,0.5,0.03156,-0.3785,-1.13936,0.01464,-0.00286,-0.00138,-0.04438,-0.36597,-1.09015,0.01014,-0.00018,-0.00052,0.22435,-0.33029,-1.13269,10,38.0998,362.3606,38.0434,178.6665,1.6469,-122.5123,0.005,25.7226,0.8564
892,000892.png,False,1788777128.029179,1788777127.824479,shear_-Y_out,6,-Y,0.5,0.0479,-0.40202,-1.18864,0.01528,-0.00247,-0.00144,-0.02816,-0.38953,-1.13941,0.01078,0.00021,-0.00058,0.25059,-0.34328,-1.18159,10,38.1327,362.3402,38.0182,178.6636,1.6504,-122.5126,0.0056,25.6969,0.8821
893,000893.png,False,1788777129.265368,1788777129.060668,shear_-Y_back,6,-Y,0.0,-0.01555,-0.29607,-1.44316,0.01285,-0.00435,-0.00137,-0.09198,-0.2837,-1.39386,0.00834,-0.00165,-0.00051,0.14446,-0.28731,-1.43778,11,38.0227,362.3678,37.9276,178.6699,1.6426,-122.5007,0.0015,25.6075,0.9715
894,000894.png,False,1788777129.681396,1788777129.476696,shear_-Y_back,6,-Y,0.0,0.04289,-0.13907,-1.21376,0.00841,-0.00269,-0.0015,-0.03366,-0.12673,-1.16443,0.0039,1e-05,-0.00064,0.11505,-0.11845,-1.21125,10,37.993,362.5563,38.0131,178.6645,1.6478,-122.5148,0.008,25.6962,0.8828
895,000895.png,False,1788777129.885406,1788777129.680707,shear_+Y_out,6,+Y,0.1,0.04765,0.03308,-1.24855,0.00395,-0.00254,-0.00151,-0.02896,0.0454,-1.19922,-0.00056,0.00016,-0.00065,0.0334,0.03246,-1.24903,11,37.8894,362.723,38.0025,178.6668,1.6449,-122.5154,0.0055,25.689,0.89
896,000896.png,False,1788777132.361543,1788777132.156843,shear_+Y_out,6,+Y,0.2,0.04568,0.09061,-1.09048,0.00225,-0.00246,-0.00163,-0.03167,0.10271,-1.04102,-0.00228,0.00026,-0.00077,0.00186,0.08383,-1.09198,10,37.8195,362.887,38.0677,178.6633,1.6491,-122.5181,0.0111,25.7573,0.8217
897,000897.png,False,1788777132.569552,1788777132.364852,shear_+Y_out,6,+Y,0.2,0.02865,0.2164,-1.34431,-0.00101,-0.0031,-0.00164,-0.04876,0.22848,-1.29483,-0.00554,-0.00037,-0.00079,-0.07398,0.1802,-1.34791,10,37.7326,362.9668,37.9664,178.6713,1.6399,-122.5168,0.0045,25.6579,0.9211
898,000898.png,False,1788777133.189626,1788777132.984926,shear_+Y_out,6,+Y,0.3,0.03049,0.21738,-1.24376,-0.00109,-0.00299,-0.00163,-0.0471,0.22941,-1.19425,-0.00562,-0.00026,-0.00078,-0.07358,0.18358,-1.2474,10,37.7246,363.0133,38.0141,178.6655,1.6462,-122.5165,0.009,25.7064,0.8726
899,000899.png,False,1788777133.601664,1788777133.396964,shear_+Y_out,6,+Y,0.3,0.03352,0.21846,-1.2294,-0.00113,-0.0029,-0.00158,-0.0442,0.23045,-1.17987,-0.00566,-0.00017,-0.00073,-0.07159,0.18625,-1.23307,10,37.7244,363.0206,38.0179,178.6652,1.6465,-122.5165,0.0013,25.7103,0.8687
900,000900.png,False,1788777134.013673,1788777133.808973,shear_+Y_out,6,+Y,0.3,0.04281,0.25242,-1.23778,-0.00203,-0.00271,-0.00177,-0.03502,0.26437,-1.18823,-0.00657,3e-05,-0.00091,-0.08045,0.22018,-1.24205,10,37.7081,363.0673,38.0086,178.6643,1.6477,-122.5174,0.0077,25.7019,0.8771
901,000901.png,False,1788777134.633703,1788777134.429003,shear_+Y_out,6,+Y,0.3,0.02419,0.30065,-1.27281,-0.00326,-0.00318,-0.00174,-0.05383,0.31255,-1.22323,-0.00779,-0.00043,-0.00089,-0.12044,0.25208,-1.27788,10,37.6578,363.1209,38.0041,178.6646,1.6471,-122.5163,0.003,25.6986,0.8804
902,000902.png,False,1788777135.665779,1788777135.461079,shear_+Y_out,6,+Y,0.4,0.0406,0.32828,-1.21634,-0.00401,-0.00273,-0.0017,-0.03773,0.34009,-1.16671,-0.00855,2e-05,-0.00084,-0.12042,0.28512,-1.22193,11,37.6428,363.1773,38.0271,178.6634,1.6487,-122.5172,0.005,25.7226,0.8564
903,000903.png,False,1788777136.077707,1788777135.873007,shear_+Y_out,6,+Y,0.4,0.01987,0.39557,-1.26786,-0.00589,-0.00341,-0.00191,-0.05857,0.40734,-1.2182,-0.01043,-0.00065,-0.00105,-0.17163,0.33221,-1.27456,10,37.5821,363.2389,38.0081,178.6664,1.6453,-122.516,0.0033,25.705,0.874
904,000904.png,False,1788777136.905883,1788777136.701183,shear_+Y_out,6,+Y,0.5,0.0335,0.40872,-1.24988,-0.00615,-0.00297,-0.0016,-0.04519,0.42041,-1.20018,-0.0107,-0.00021,-0.00075,-0.16652,0.35069,-1.25684,10,37.5783,363.2682,38.0253,178.6632,1.6491,-122.5161,0.0041,25.7227,0.8563
905,000905.png,False,1788777137.109885,1788777136.905185,shear_+Y_out,6,+Y,0.5,0.05441,0.47023,-1.27122,-0.00777,-0.00242,-0.00168,-0.02434,0.4819,-1.22151,-0.01232,0.00034,-0.00083,-0.17899,0.41407,-1.27929,11,37.5645,363.3254,38.0121,178.6606,1.6512,-122.5175,0.0014,25.7105,0.8685
906,000906.png,False,1788777137.317796,1788777137.113096,shear_+Y_out,6,+Y,0.5,0.04654,0.44157,-1.28249,-0.00708,-0.0027,-0.00171,-0.03228,0.45322,-1.23277,-0.01163,7e-05,-0.00086,-0.17142,0.38514,-1.29005,10,37.5656,363.3175,38.0104,178.6615,1.6505,-122.5175,0.008,25.7087,0.8703
907,000907.png,False,1788777138.349976,1788777138.145276,shear_+Y_back,6,+Y,0.0,0.0358,0.50175,-1.2283,-0.00866,-0.00306,-0.00184,-0.04332,0.51331,-1.17853,-0.01322,-0.00028,-0.00099,-0.21116,0.43276,-1.23689,10,37.5074,363.3896,38.0319,178.6619,1.6497,-122.5162,0.0023,25.7317,0.8473
908,000908.png,False,1788777138.557859,1788777138.353159,shear_+Y_back,6,+Y,0.0,0.06287,0.26291,-1.18027,-0.00244,-0.00221,-0.00172,-0.0163,0.27445,-1.13048,-0.00699,0.00057,-0.00086,-0.06871,0.2402,-1.18477,10,37.6608,363.2122,38.038,178.6672,1.6448,-122.5221,0.0089,25.7339,0.8451
909,000909.png,False,1788777139.794070,1788777139.589370,shear_+X_out,7,+X,0.1,0.05112,-0.06047,-1.2316,0.00609,-0.00263,-0.00146,-0.02842,-0.04904,-1.18175,0.00153,0.00016,-0.0006,0.08303,-0.04655,-1.23047,10,37.8709,362.8073,38.0149,178.6646,1.6489,-122.5142,0.0094,25.7029,0.8761
910,000910.png,False,1788777141.654144,1788777141.449444,shear_+X_out,7,+X,0.2,0.1176,-0.02571,-1.20077,0.00528,-0.00088,-0.00162,0.03751,-0.01444,-1.15082,0.00071,0.00193,-0.00077,0.12304,0.01726,-1.20038,10,37.9356,362.8577,38.019,178.6656,1.6482,-122.5128,0.0011,25.7074,0.8716
911,000911.png,False,1788777143.302263,1788777143.097563,shear_+X_out,7,+X,0.3,0.17773,-0.02703,-1.21148,0.0053,0.0007,-0.00144,0.09715,-0.01591,-1.16144,0.00073,0.00353,-0.00059,0.17586,0.04599,-1.21118,11,38.0097,362.8901,38.0211,178.6647,1.6491,-122.5144,0.0086,25.7095,0.8695
912,000912.png,False,1788777143.718316,1788777143.513616,shear_+X_out,7,+X,0.3,0.22172,-0.02936,-1.21252,0.00544,0.00196,-0.00143,0.14101,-0.01828,-1.16246,0.00086,0.00479,-0.00058,0.21513,0.06593,-1.21227,10,38.0591,362.9147,38.0219,178.6644,1.6497,-122.5139,0.0044,25.7103,0.8687
913,000913.png,False,1788777145.782408,1788777145.577708,shear_+X_out,7,+X,0.4,0.32554,-0.05761,-1.30498,0.00628,0.00468,-0.00153,0.24422,-0.04671,-1.25481,0.00169,0.00753,-0.00068,0.31981,0.09186,-1.30443,10,38.2023,362.9567,37.9889,178.6695,1.6446,-122.5188,0.0074,25.677,0.902
914,000914.png,False,1788777146.606484,1788777146.401784,shear_+X_out,7,+X,0.4,0.36504,-0.01022,-1.13181,0.00491,0.00574,-0.00155,0.28348,0.0006,-1.0816,0.00032,0.0086,-0.0007,0.32916,0.15542,-1.13219,11,38.2444,363.0334,38.0514,178.6642,1.65,-122.5102,0.0055,25.7404,0.8386
915,000915.png,False,1788777147.226497,1788777147.021797,shear_+X_out,7,+X,0.4,0.41294,-0.03302,-1.15908,0.00558,0.00697,-0.00155,0.3312,-0.02226,-1.10884,0.00099,0.00984,-0.0007,0.38223,0.15916,-1.15916,10,38.307,363.0413,38.0401,178.6643,1.65,-122.5189,0.001,25.7288,0.8502
916,000916.png,False,1788777149.498644,1788777149.293944,shear_+X_back,7,+X,0.0,0.29201,-0.02024,-1.14445,0.00524,0.00373,-0.0015,0.2096,-0.00968,-1.09409,0.00063,0.00661,-0.00065,0.27099,0.11005,-1.14451,10,38.1879,363.0522,38.0537,178.663,1.6492,-122.5056,0.0096,25.7434,0.8356
917,000917.png,False,1788777149.910692,1788777149.705992,shear_+X_back,7,+X,0.0,0.15075,0.01706,-1.20079,0.00437,-3e-05,-0.0015,0.06821,0.02758,-1.1504,-0.00024,0.00286,-0.00065,0.13038,0.07086,-1.2012,10,38.042,362.9164,38.03,178.6648,1.6465,-122.516,0.002,25.7186,0.8604
918,000918.png,False,1788777150.114672,1788777149.909972,shear_-X_out,7,-X,0.1,-0.03574,-0.01653,-1.23262,0.00519,-0.0051,-0.00155,-0.11834,-0.00603,-1.18223,0.00058,-0.00221,-0.0007,-0.01416,-0.05192,-1.23208,10,37.8608,362.8624,38.0231,178.6602,1.6512,-122.5133,0.0003,25.712,0.867
919,000919.png,False,1788777150.322743,1788777150.118043,shear_-X_out,7,-X,0.1,-0.00835,0.02642,-1.21317,0.00412,-0.0044,-0.00165,-0.09101,0.0369,-1.16277,-0.0005,-0.00151,-0.0008,-0.01202,-0.00073,-1.21343,11,37.8648,362.846,38.0183,178.6617,1.6502,-122.5135,0.0075,25.7069,0.8721
920,000920.png,False,1788777150.734646,1788777150.529946,shear_-X_out,7,-X,0.1,-0.04964,0.02843,-1.23313,0.004,-0.00559,-0.00168,-0.13242,0.03887,-1.1827,-0.00062,-0.00269,-0.00083,-0.04865,-0.01994,-1.23334,10,37.8089,362.8213,38.0095,178.6635,1.6481,-122.5126,0.0026,25.6982,0.8808
921,000921.png,False,1788777153.006920,1788777152.802220,shear_-X_out,7,-X,0.2,-0.11484,0.02311,-1.16238,0.00421,-0.00732,-0.00165,-0.19829,0.03336,-1.11183,-0.00042,-0.0044,-0.0008,-0.10296,-0.05598,-1.16237,11,37.6917,362.7607,38.0422,178.6589,1.6522,-122.5125,0.0092,25.7306,0.8484
922,000922.png,False,1788777154.451005,1788777154.246305,shear_-X_out,7,-X,0.3,-0.32137,0.02447,-1.22451,0.00418,-0.01298,-0.00187,-0.40525,0.03458,-1.17389,-0.00045,-0.01005,-0.00102,-0.28211,-0.159,-1.22411,10,37.4642,362.6498,38.0149,178.662,1.6489,-122.5016,0.0016,25.7032,0.8758
923,000923.png,False,1788777155.690973,1788777155.486273,shear_-X_out,7,-X,0.4,-0.24239,-0.00784,-1.20129,0.005,-0.01097,-0.00188,-0.32664,0.00216,-1.1506,0.00036,-0.00803,-0.00103,-0.19772,-0.14715,-1.20048,10,37.528,362.6523,38.0202,178.6592,1.6518,-122.5249,0.0036,25.7081,0.8709
924,000924.png,False,1788777155.895051,1788777155.690351,shear_-X_out,7,-X,0.4,-0.23426,0.00996,-1.20059,0.00456,-0.0107,-0.0018,-0.31857,0.01995,-1.14989,-8e-05,-0.00776,-0.00095,-0.19958,-0.12766,-1.20011,10,37.5288,362.6484,38.0209,178.6596,1.6515,-122.5243,0.0006,25.7087,0.8703
925,000925.png,False,1788777156.102991,1788777155.898291,shear_-X_out,7,-X,0.4,-0.4139,-0.02843,-1.22586,0.00558,-0.01546,-0.00188,-0.49827,-0.01847,-1.17515,0.00094,-0.01251,-0.00103,-0.33582,-0.25107,-1.22435,11,37.319,362.5716,38.0261,178.6555,1.6552,-122.5172,0.0065,25.7141,0.8649
926,000926.png,False,1788777157.959110,1788777157.754410,shear_-X_back,7,-X,0.0,-0.41669,0.0127,-1.20058,0.00451,-0.01573,-0.00209,-0.50161,0.0225,-1.14977,-0.00014,-0.01276,-0.00124,-0.35897,-0.21644,-1.19979,10,37.2815,362.5167,38.0193,178.6593,1.652,-122.5219,0.0043,25.7067,0.8723
927,000927.png,False,1788777165.599693,1788777165.394993,shear_-Y_out,7,-Y,0.4,0.06177,-0.29111,-1.05304,0.01244,-0.00298,-0.00173,-0.02542,-0.28199,-1.00183,0.00775,6e-05,-0.00089,0.20625,-0.23812,-1.04796,10,38.0562,362.4722,38.0578,178.6575,1.6573,-122.5102,0.0036,25.7392,0.8398
928,000928.png,False,1788777165.803703,1788777165.599003,shear_-Y_out,7,-Y,0.4,0.05832,-0.40595,-1.1213,0.01558,-0.00303,-0.00176,-0.02892,-0.39686,-1.07008,0.01089,1e-05,-0.00091,0.26112,-0.3404,-1.11421,11,38.1266,362.3786,38.0368,178.6633,1.6514,-122.5166,0.0064,25.7162,0.8628
929,000929.png,False,1788777168.279901,1788777168.075201,shear_-Y_back,7,-Y,0.0,0.05934,-0.49111,-1.13102,0.01792,-0.003,-0.00158,-0.02863,-0.48224,-1.07967,0.01322,7e-05,-0.00073,0.30461,-0.4138,-1.12245,10,38.2029,362.2304,38.0421,178.6634,1.6509,-122.5146,0.0012,25.7186,0.8604
930,000930.png,False,1788777171.584073,1788777171.379373,shear_+Y_out,7,+Y,0.2,0.04118,0.1546,-1.10953,0.00081,-0.00358,-0.00193,-0.04777,0.16317,-1.05801,-0.00391,-0.00049,-0.00109,-0.03387,0.1367,-1.11213,11,37.763,362.9398,38.0544,178.6641,1.6484,-122.5146,0.0095,25.7452,0.8338
931,000931.png,False,1788777173.236211,1788777173.031511,shear_+Y_out,7,+Y,0.3,0.05729,0.19135,-1.24094,-0.0001,-0.00322,-0.00187,-0.03215,0.19978,-1.18933,-0.00483,-0.0001,-0.00103,-0.03738,0.17447,-1.24418,10,37.7475,363.0035,38.0061,178.6653,1.6471,-122.5198,0.0102,25.698,0.881
932,000932.png,False,1788777173.440216,1788777173.235516,shear_+Y_out,7,+Y,0.3,0.05647,0.31181,-1.17476,-0.00329,-0.00328,-0.00199,-0.03303,0.32022,-1.12314,-0.00802,-0.00016,-0.00114,-0.09872,0.27945,-1.1801,10,37.6667,363.097,38.0359,178.6629,1.6494,-122.514,0.0055,25.73,0.849
933,000933.png,False,1788777174.888267,1788777174.683567,shear_+Y_out,7,+Y,0.4,0.06458,0.32116,-1.31874,-0.00357,-0.00317,-0.00179,-0.02535,0.32943,-1.26705,-0.0083,-4e-05,-0.00095,-0.09537,0.28929,-1.32424,10,37.6595,363.1688,37.9895,178.6649,1.6474,-122.5187,0.005,25.6847,0.8943
934,000934.png,False,1788777176.124350,1788777175.919650,shear_+Y_out,7,+Y,0.5,0.06242,0.37921,-1.18834,-0.00502,-0.00308,-0.00192,-0.02788,0.38737,-1.13658,-0.00976,6e-05,-0.00108,-0.12715,0.34057,-1.19486,11,37.6125,363.2448,38.0387,178.6624,1.6502,-122.5173,0.0077,25.7355,0.8435
935,000935.png,False,1788777176.332382,1788777176.127682,shear_+Y_out,7,+Y,0.5,0.04707,0.46978,-1.23785,-0.00753,-0.00359,-0.00206,-0.04329,0.47793,-1.18608,-0.01227,-0.00044,-0.00122,-0.18536,0.41055,-1.24591,10,37.5506,363.3012,38.0166,178.6612,1.6511,-122.5153,0.0055,25.7147,0.8643
936,000936.png,False,1788777184.588886,1788777184.384186,shear_+X_out,8,+X,0.4,0.3271,-0.03735,-1.38402,0.00606,0.00395,-0.00152,0.2343,-0.02995,-1.33182,0.00128,0.00717,-0.00068,0.3116,0.10892,-1.38382,10,38.1891,362.9352,37.9567,178.6732,1.6412,-122.5154,0.0042,25.6446,0.9344
937,000937.png,False,1788777184.796933,1788777184.592233,shear_+X_out,8,+X,0.4,0.31712,-0.04441,-1.26987,0.00621,0.00372,-0.00154,0.22425,-0.03703,-1.21765,0.00143,0.00694,-0.00071,0.30568,0.09965,-1.26954,10,38.1804,362.9506,38.0001,178.6682,1.6466,-122.5149,0.0022,25.6882,0.8908
938,000938.png,False,1788777185.208939,1788777185.004239,shear_+X_out,8,+X,0.4,0.36009,-0.03141,-1.13653,0.00579,0.0048,-0.00152,0.26711,-0.02406,-1.08429,0.001,0.00803,-0.00068,0.33549,0.13452,-1.13653,10,38.2258,362.9954,38.0513,178.6669,1.6484,-122.5102,0.0083,25.7398,0.8392
939,000939.png,False,1788777186.445025,1788777186.240325,shear_+X_out,8,+X,0.5,0.38046,-0.02194,-1.17661,0.00554,0.0054,-0.00134,0.28711,-0.0147,-1.1243,0.00075,0.00864,-0.0005,0.34868,0.15226,-1.17681,11,38.2603,363.0206,38.0432,178.666,1.649,-122.5128,0.009,25.7319,0.8471
940,000940.png,False,1788777186.653023,1788777186.448323,shear_+X_out,8,+X,0.5,0.46194,-0.03265,-1.256,0.00583,0.0075,-0.00144,0.36853,-0.02543,-1.20369,0.00104,0.01074,-0.00061,0.42516,0.18242,-1.25617,10,38.3422,363.0268,38.0085,178.668,1.6472,-122.5204,0.0021,25.6967,0.8823
941,000941.png,False,1788777187.685086,1788777187.480386,shear_+X_out,8,+X,0.5,0.48188,-0.00496,-1.18586,0.00516,0.00808,-0.00113,0.38816,0.00216,-1.13349,0.00036,0.01133,-0.00029,0.42811,0.21748,-1.18655,11,38.3754,363.1041,38.0505,178.6649,1.6505,-122.5104,0.0038,25.7398,0.8392
942,000942.png,False,1788777188.925148,1788777188.720448,shear_+X_back,8,+X,0.0,0.12727,0.02034,-1.2274,0.00462,-0.00141,-0.00145,0.03319,0.02735,-1.17497,-0.00018,0.00185,-0.00062,0.1086,0.06154,-1.22782,11,38.0287,362.9119,38.0244,178.664,1.6481,-122.5117,0.0031,25.713,0.866
943,000943.png,False,1788777189.129188,1788777188.924488,shear_-X_out,8,-X,0.1,-0.03279,-0.02911,-1.24283,0.00588,-0.00574,-0.00155,-0.12694,-0.02211,-1.19039,0.00108,-0.00248,-0.00072,-0.00524,-0.0615,-1.24207,10,37.8557,362.8401,38.0234,178.661,1.6505,-122.5138,0.0057,25.712,0.867
944,000944.png,False,1788777192.021366,1788777191.816666,shear_-X_out,8,-X,0.2,-0.11803,0.03401,-1.24989,0.00415,-0.00835,-0.0016,-0.21303,0.04074,-1.1973,-0.00067,-0.00506,-0.00077,-0.11056,-0.04954,-1.25005,10,37.678,362.7448,38.0127,178.6597,1.6515,-122.5116,0.0072,25.701,0.878
945,000945.png,False,1788777193.465450,1788777193.260750,shear_-X_out,8,-X,0.3,-0.32983,0.00037,-1.37811,0.00525,-0.01405,-0.00173,-0.42526,0.00698,-1.32544,0.00042,-0.01074,-0.0009,-0.27634,-0.18656,-1.37725,11,37.4561,362.6052,37.9671,178.6695,1.6408,-122.5051,0.0086,25.6547,0.9243
946,000946.png,False,1788777193.673384,1788777193.468684,shear_-X_out,8,-X,0.3,-0.26809,0.01598,-1.34788,0.00476,-0.01234,-0.00168,-0.36358,0.02257,-1.2952,-7e-05,-0.00903,-0.00084,-0.23086,-0.14171,-1.34742,10,37.5074,362.6238,37.982,178.6661,1.6442,-122.5128,0.0019,25.6695,0.9095
947,000947.png,False,1788777194.909563,1788777194.704863,shear_-X_out,8,-X,0.4,-0.22987,0.01589,-1.16832,0.0046,-0.01126,-0.00171,-0.32573,0.02237,-1.11558,-0.00023,-0.00794,-0.00088,-0.19896,-0.11981,-1.16796,10,37.5124,362.6392,38.0341,178.6561,1.6551,-122.5194,0.0001,25.7219,0.8571
948,000948.png,False,1788777196.561657,1788777196.356957,shear_-X_out,8,-X,0.5,-0.44807,0.03053,-1.11215,0.00425,-0.01707,-0.00194,-0.54442,0.03686,-1.05932,-0.00059,-0.01373,-0.00111,-0.39567,-0.21526,-1.11162,10,37.2425,362.4975,38.0615,178.6589,1.6519,-122.5152,0.0025,25.7489,0.8301
949,000949.png,False,1788777197.801728,1788777197.597028,shear_-X_back,8,-X,0.0,-0.3808,0.08395,-1.31903,0.003,-0.01555,-0.00183,-0.47752,0.09016,-1.26613,-0.00184,-0.0122,-0.00099,-0.36266,-0.1387,-1.31952,10,37.342,362.5348,37.9731,178.6626,1.65,-122.5101,0.0093,25.6604,0.9186
950,000950.png,False,1788777201.721988,1788777201.517288,shear_-Y_out,8,-Y,0.2,0.06452,-0.16847,-1.20955,0.00945,-0.00347,-0.00167,-0.03335,-0.16261,-1.15645,0.00458,-8e-05,-0.00083,0.14845,-0.13304,-1.20658,10,37.9372,362.6211,38.0114,178.6669,1.6467,-122.5145,0.004,25.6959,0.8831
951,000951.png,False,1788777204.610083,1788777204.405383,shear_-Y_out,8,-Y,0.4,0.05664,-0.28198,-1.18459,0.01245,-0.00374,-0.0014,-0.04209,-0.27637,-1.13134,0.00757,-0.00032,-0.00057,0.19815,-0.23489,-1.17963,10,38.0212,362.4868,38.0305,178.6662,1.6473,-122.5141,0.0068,25.7123,0.8667
952,000952.png,False,1788777205.026098,1788777204.821398,shear_-Y_out,8,-Y,0.4,0.04724,-0.31005,-1.22818,0.01324,-0.00404,-0.0015,-0.05161,-0.30449,-1.1749,0.00836,-0.00062,-0.00067,0.20434,-0.2646,-1.22271,11,38.0305,362.4455,38.0087,178.6664,1.6474,-122.5104,0.0054,25.6898,0.8892
953,000953.png,False,1788777206.262180,1788777206.057480,shear_-Y_out,8,-Y,0.5,0.05315,-0.3821,-1.20123,0.01514,-0.00393,-0.00153,-0.04606,-0.37664,-1.14789,0.01025,-0.00049,-0.0007,0.24527,-0.3236,-1.19453,10,38.0919,362.3617,38.0169,178.6663,1.6473,-122.5141,0.003,25.6962,0.8828
954,000954.png,False,1788777211.218574,1788777211.013874,shear_+Y_out,8,+Y,0.2,0.05183,0.22623,-1.20297,-0.00098,-0.00401,-0.00167,-0.04885,0.23124,-1.14936,-0.00589,-0.00053,-0.00085,-0.05979,0.20255,-1.20681,10,37.7264,362.973,38.032,178.6663,1.6451,-122.5189,0.0015,25.7236,0.8554
955,000955.png,False,1788777212.662584,1788777212.457884,shear_+Y_out,8,+Y,0.3,0.0611,0.23575,-1.31055,-0.00121,-0.00386,-0.00171,-0.04001,0.24063,-1.25687,-0.00613,-0.00037,-0.00089,-0.05577,0.21371,-1.31456,10,37.709,363.0485,37.9967,178.6666,1.6454,-122.5182,0.0074,25.6897,0.8893
956,000956.png,False,1788777213.902741,1788777213.698041,shear_+Y_out,8,+Y,0.4,0.05045,0.29425,-1.16871,-0.00283,-0.0041,-0.00187,-0.05103,0.29902,-1.11497,-0.00775,-0.00059,-0.00104,-0.09521,0.26133,-1.17374,10,37.6481,363.1277,38.0456,178.6644,1.6475,-122.5167,0.0139,25.7402,0.8388
957,000957.png,False,1788777214.106775,1788777213.902075,shear_+Y_out,8,+Y,0.4,0.07221,0.3591,-1.25648,-0.00443,-0.00349,-0.00178,-0.02932,0.36385,-1.20272,-0.00936,2e-05,-0.00096,-0.10815,0.32696,-1.26266,11,37.638,363.1773,38.0098,178.6644,1.6478,-122.5181,0.0091,25.7053,0.8737
958,000958.png,False,1788777214.314687,1788777214.109987,shear_+Y_out,8,+Y,0.4,0.06128,0.32369,-1.28671,-0.00366,-0.00387,-0.00173,-0.04032,0.32843,-1.23295,-0.00858,-0.00036,-0.0009,-0.09972,0.29035,-1.29225,10,37.6395,363.1691,38.0075,178.6649,1.6472,-122.5183,0.0039,25.7029,0.8761
959,000959.png,False,1788777214.518811,1788777214.314111,shear_+Y_out,8,+Y,0.4,0.06295,0.42073,-1.23962,-0.00609,-0.00384,-0.00187,-0.03871,0.42544,-1.18584,-0.01101,-0.00033,-0.00104,-0.14708,0.37598,-1.24685,10,37.579,363.2417,38.0268,178.6637,1.6481,-122.5183,0.0009,25.7237,0.8553
960,000960.png,False,1788777215.550877,1788777215.346177,shear_+Y_out,8,+Y,0.5,0.05797,0.40548,-1.19608,-0.00578,-0.00394,-0.00206,-0.044,0.4101,-1.14225,-0.01072,-0.00042,-0.00123,-0.14408,0.36098,-1.20305,10,37.5753,363.2706,38.0368,178.6631,1.6491,-122.5174,0.0029,25.7342,0.8448
961,000961.png,False,1788777222.159181,1788777221.954481,shear_+X_out,9,+X,0.3,0.19776,-0.04693,-1.23927,0.0063,-0.00044,-0.00173,0.09384,-0.0429,-1.18509,0.00133,0.00315,-0.00091,0.20334,0.03832,-1.23866,10,38.0168,362.8563,38.0019,178.6691,1.6446,-122.5123,0.0052,25.6896,0.8894
962,000962.png,False,1788777225.459465,1788777225.254765,shear_+X_out,9,+X,0.5,0.36981,-0.04463,-1.13101,0.00611,0.00403,-0.00168,0.26491,-0.0409,-1.07666,0.00113,0.00765,-0.00086,0.35047,0.12801,-1.1308,10,38.234,362.9796,38.0486,178.6677,1.6461,-122.5158,0.0071,25.7368,0.8422
963,000963.png,False,1788777227.939541,1788777227.734841,shear_+X_back,9,+X,0.0,0.14963,-0.00262,-1.18346,0.00525,-0.00189,-0.00192,0.044,0.00088,-1.12898,0.00026,0.00175,-0.0011,0.13913,0.05354,-1.18353,10,38.0381,362.9068,38.0253,178.6639,1.648,-122.5165,0.0004,25.7138,0.8652
964,000964.png,False,1788777228.143621,1788777227.938921,shear_-X_out,9,-X,0.1,-0.00598,-0.0464,-1.22748,0.00641,-0.00612,-0.00198,-0.11167,-0.04291,-1.17299,0.00142,-0.00248,-0.00116,0.02651,-0.06283,-1.22647,11,37.861,362.8097,38.0092,178.6635,1.6475,-122.5154,0.0023,25.6973,0.8817
965,000965.png,False,1788777228.763691,1788777228.558991,shear_-X_out,9,-X,0.1,-0.04813,0.00424,-1.23297,0.00515,-0.00734,-0.00213,-0.15401,0.00768,-1.17845,0.00015,-0.00369,-0.00131,-0.03527,-0.04013,-1.23276,11,37.8,362.7669,37.9955,178.6666,1.6442,-122.5129,0.0056,25.6833,0.8957
966,000966.png,False,1788777231.035816,1788777230.831116,shear_-X_out,9,-X,0.2,-0.10762,-0.01055,-1.16062,0.00551,-0.00903,-0.00226,-0.21417,-0.00732,-1.10597,0.00051,-0.00536,-0.00144,-0.07991,-0.0815,-1.16004,10,37.6881,362.6964,38.0187,178.6651,1.6452,-122.5152,0.0098,25.7061,0.8729
967,000967.png,False,1788777231.239819,1788777231.035119,shear_-X_out,9,-X,0.2,-0.20426,-0.02966,-1.10396,0.00602,-0.01159,-0.00225,-0.31087,-0.02645,-1.04931,0.00102,-0.00792,-0.00143,-0.15446,-0.14543,-1.10287,10,37.5447,362.6672,38.0635,178.6566,1.654,-122.5165,0.0073,25.7515,0.8275
968,000968.png,False,1788777239.084327,1788777238.879627,shear_-Y_out,9,-Y,0.2,0.09582,-0.08486,-1.2023,0.00753,-0.00361,-0.0018,-0.01311,-0.08236,-1.14723,0.00248,0.00014,-0.00099,0.13374,-0.04488,-1.20084,10,37.894,362.7099,38.0145,178.6673,1.6459,-122.5167,0.0093,25.7007,0.8783
969,000969.png,False,1788777239.912400,1788777239.707700,shear_-Y_out,9,-Y,0.2,0.0881,-0.17269,-1.19922,0.00994,-0.00383,-0.00183,-0.02107,-0.17026,-1.14411,0.00489,-7e-05,-0.00102,0.17091,-0.12475,-1.19622,10,37.9549,362.6101,38.0066,178.6665,1.6467,-122.5176,0.0094,25.6908,0.8882
970,000970.png,False,1788777244.864599,1788777244.659899,shear_-Y_out,9,-Y,0.5,0.07126,-0.37486,-1.17328,0.01534,-0.0045,-0.0017,-0.03938,-0.37288,-1.11791,0.01027,-0.0007,-0.00088,0.25715,-0.30785,-1.16674,11,38.0987,362.352,38.0183,178.668,1.6451,-122.5171,0.0049,25.6975,0.8815
971,000971.png,False,1788777245.276623,1788777245.071923,shear_-Y_out,9,-Y,0.5,0.06191,-0.39994,-1.24366,0.01608,-0.00483,-0.00148,-0.04885,-0.39799,-1.18827,0.01101,-0.00102,-0.00067,0.26207,-0.33536,-1.23666,10,38.1073,362.3173,38.0013,178.666,1.648,-122.5143,0.0004,25.6798,0.8992
972,000972.png,False,1788777246.720727,1788777246.516027,shear_-Y_back,9,-Y,0.0,0.06813,-0.48154,-1.11575,0.01809,-0.00485,-0.00158,-0.04306,-0.47972,-1.06028,0.013,-0.00103,-0.00077,0.30734,-0.40088,-1.10737,10,38.1751,362.2098,38.0464,178.6685,1.6449,-122.5173,0.0102,25.7227,0.8563
973,000973.png,False,1788777252.917099,1788777252.712399,shear_+Y_out,9,+Y,0.4,0.07078,0.29645,-1.2161,-0.00218,-0.00502,-0.00176,-0.04225,0.29771,-1.16031,-0.00729,-0.00115,-0.00094,-0.07837,0.27263,-1.2212,10,37.6569,363.0958,38.0295,178.6665,1.6456,-122.5171,0.0042,25.7236,0.8554
974,000974.png,False,1788777253.329219,1788777253.124519,shear_+Y_out,9,+Y,0.4,0.07863,0.33392,-1.29664,-0.00319,-0.00491,-0.00188,-0.03452,0.33514,-1.24083,-0.0083,-0.00102,-0.00107,-0.08973,0.30771,-1.30239,10,37.6398,363.1382,37.9903,178.6673,1.6446,-122.5169,0.007,25.6852,0.8938
975,000975.png,False,1788777254.565288,1788777254.360588,shear_+Y_out,9,+Y,0.5,0.07054,0.39553,-1.17693,-0.00492,-0.00505,-0.002,-0.04297,0.39664,-1.12106,-0.01004,-0.00116,-0.00119,-0.12835,0.35895,-1.18375,10,37.581,363.2264,38.0375,178.6657,1.6464,-122.5167,0.0069,25.7342,0.8448
976,000976.png,False,1788777264.473820,1788777264.269120,shear_+X_out,10,+X,0.5,0.37602,-0.0414,-1.10516,0.00674,0.0029,-0.00176,0.25958,-0.04117,-1.04876,0.00157,0.00689,-0.00096,0.35406,0.13433,-1.10503,10,38.2247,362.9481,38.0456,178.6691,1.6445,-122.519,0.007,25.7333,0.8457
977,000977.png,False,1788777266.950052,1788777266.745352,shear_+X_back,10,+X,0.0,0.1551,0.00353,-1.15895,0.00564,-0.00297,-0.00187,0.03793,0.00353,-1.10242,0.00046,0.00104,-0.00106,0.14062,0.062,-1.15915,10,38.0219,362.8419,38.0246,178.6686,1.6429,-122.5166,0.0038,25.7121,0.8669
978,000978.png,False,1788777267.158087,1788777266.953387,shear_-X_out,10,-X,0.1,-0.00907,-0.03449,-1.23211,0.00677,-0.00735,-0.00182,-0.12631,-0.03451,-1.17557,0.00159,-0.00334,-0.00101,0.01792,-0.05414,-1.2313,10,37.8596,362.7833,38.0112,178.6649,1.6461,-122.5167,0.003,25.6989,0.8801
979,000979.png,False,1788777277.478621,1788777277.273921,shear_-X_out,10,-X,0.4,-0.42934,0.01667,-1.33685,0.0055,-0.01929,-0.00188,-0.54963,0.01572,-1.27977,0.00027,-0.01517,-0.00108,-0.37096,-0.2215,-1.33608,10,37.2517,362.4639,37.9779,178.6658,1.6446,-122.5111,0.0052,25.6647,0.9143
980,000980.png,False,1788777278.922820,1788777278.718120,shear_-X_out,10,-X,0.5,-0.34182,0.00435,-1.15608,0.00578,-0.01677,-0.00179,-0.46254,0.00327,-1.09892,0.00054,-0.01265,-0.00099,-0.29024,-0.18555,-1.15529,10,37.3125,362.4626,38.0323,178.6623,1.6485,-122.5257,0.0046,25.7187,0.8603
981,000981.png,False,1788777279.130724,1788777278.926024,shear_-X_out,10,-X,0.5,-0.53644,-0.05129,-1.25389,0.00729,-0.02207,-0.00183,-0.65723,-0.05239,-1.19672,0.00205,-0.01794,-0.00103,-0.43036,-0.33255,-1.25173,10,37.1237,362.3737,38.0165,178.6648,1.6448,-122.5281,0.0085,25.7027,0.8763
982,000982.png,False,1788777279.750762,1788777279.546062,shear_-X_back,10,-X,0.0,-0.52759,-0.01914,-1.2826,0.00642,-0.02194,-0.00187,-0.64855,-0.02029,-1.2254,0.00118,-0.0178,-0.00107,-0.43855,-0.30074,-1.28102,10,37.1293,362.3252,37.9993,178.6671,1.6436,-122.5269,0.0085,25.6847,0.8943
983,000983.png,False,1788777286.975210,1788777286.770510,shear_-Y_out,10,-Y,0.4,0.09442,-0.27706,-1.16547,0.0133,-0.0053,-0.00161,-0.02868,-0.27886,-1.10789,0.00802,-0.00109,-0.00081,0.22829,-0.21144,-1.16068,10,38.0185,362.4379,38.0204,178.6698,1.6426,-122.517,0.0083,25.7015,0.8775
984,000984.png,False,1788777288.627304,1788777288.422604,shear_-Y_out,10,-Y,0.5,0.09196,-0.38541,-1.18857,0.01626,-0.00538,-0.00162,-0.03163,-0.38735,-1.13091,0.01097,-0.00116,-0.00082,0.28046,-0.30688,-1.18189,11,38.1,362.3033,38.0083,178.6698,1.6429,-122.5185,0.0092,25.6867,0.8923
985,000985.png,False,1788777296.263772,1788777296.059072,shear_+Y_out,10,+Y,0.4,0.08797,0.29291,-1.1667,-0.00168,-0.00568,-0.00161,-0.03788,0.29027,-1.10863,-0.007,-0.00139,-0.00082,-0.06205,0.27894,-1.17177,10,37.6568,363.0582,38.0418,178.6667,1.6443,-122.5188,0.0015,25.7353,0.8437
986,000986.png,False,1788777296.883809,1788777296.679109,shear_+Y_out,10,+Y,0.4,0.10169,0.41308,-1.22397,-0.00481,-0.00544,-0.00176,-0.02435,0.41039,-1.16587,-0.01014,-0.00114,-0.00097,-0.10982,0.38896,-1.23115,10,37.594,363.1657,38.02,178.6652,1.6454,-122.5208,0.0035,25.7156,0.8634
987,000987.png,False,1788777297.915977,1788777297.711277,shear_+Y_out,10,+Y,0.5,0.09575,0.39315,-1.1743,-0.00435,-0.00564,-0.00176,-0.03059,0.39037,-1.11615,-0.00969,-0.00133,-0.00097,-0.10534,0.36953,-1.18113,10,37.5879,363.1917,38.0368,178.6658,1.6448,-122.5199,0.0041,25.7329,0.8461
988,000988.png,False,1788777308.648622,1788777308.443922,shear_+X_back,11,+X,0.0,0.16411,-0.01851,-1.18332,0.00669,-0.00385,-0.00152,0.03459,-0.02226,-1.1246,0.0013,0.00056,-0.00073,0.1596,0.04702,-1.18315,10,37.9688,362.7109,38.0045,178.6767,1.6332,-122.5135,0.0085,25.6902,0.8888
989,000989.png,False,1788777308.856652,1788777308.651952,shear_-X_out,11,-X,0.1,0.00721,-0.01273,-1.23695,0.00663,-0.00806,-0.00149,-0.12237,-0.0165,-1.17823,0.00124,-0.00365,-0.0007,0.02118,-0.02724,-1.23656,10,37.8427,362.7524,38.0083,178.6667,1.6443,-122.5149,0.0022,25.6956,0.8834
990,000990.png,False,1788777309.060604,1788777308.855904,shear_-X_out,11,-X,0.1,0.03332,0.00433,-1.20967,0.00604,-0.00741,-0.00161,-0.09632,0.00054,-1.15093,0.00065,-0.00299,-0.00082,0.03509,0.00102,-1.20963,10,37.8487,362.734,38.0052,178.6682,1.6427,-122.516,0.0007,25.6922,0.8868
991,000991.png,False,1788777320.209325,1788777320.004625,shear_-X_out,11,-X,0.5,-0.42566,-0.01488,-1.18529,0.00658,-0.02023,-0.00177,-0.5586,-0.01966,-1.12596,0.00113,-0.01571,-0.00098,-0.35307,-0.24456,-1.184,10,37.2031,362.3603,38.0294,178.6686,1.6422,-122.5186,0.0077,25.7148,0.8642
992,000992.png,False,1788777328.261725,1788777328.057025,shear_-Y_out,11,-Y,0.4,0.10474,-0.27705,-1.15424,0.0136,-0.00591,-0.00129,-0.03058,-0.28257,-1.0945,0.00811,-0.00131,-0.0005,0.23715,-0.2061,-1.14947,10,38.0154,362.4003,38.0248,178.6707,1.6425,-122.5164,0.0076,25.7052,0.8738
993,000993.png,False,1788777329.909831,1788777329.705131,shear_-Y_out,11,-Y,0.5,0.10442,-0.38376,-1.09785,0.01634,-0.00607,-0.00151,-0.03139,-0.38941,-1.03802,0.01085,-0.00145,-0.00072,0.28979,-0.29777,-1.09123,10,38.0942,362.2731,38.0379,178.6704,1.6432,-122.5175,0.0064,25.7157,0.8633
994,000994.png,False,1788777338.166331,1788777337.961631,shear_+Y_out,11,+Y,0.4,0.10417,0.39884,-1.28691,-0.00426,-0.0063,-0.00152,-0.03409,0.39244,-1.22664,-0.00979,-0.00161,-0.00074,-0.10012,0.37685,-1.29384,11,37.5873,363.1264,37.9745,178.673,1.6375,-122.5206,0.0004,25.6696,0.9094
995,000995.png,False,1788777339.198515,1788777338.993815,shear_+Y_out,11,+Y,0.5,0.10574,0.39809,-1.21412,-0.00424,-0.00625,-0.00162,-0.03282,0.39159,-1.1538,-0.00978,-0.00155,-0.00084,-0.09889,0.37816,-1.22105,10,37.579,363.1667,38.0147,178.6677,1.6435,-122.5221,0.0008,25.7105,0.8685
996,000996.png,False,1788777351.587137,1788777351.382437,shear_+X_back,12,+X,0.0,0.15238,0.01397,-1.14327,0.0061,-0.00512,-0.00146,0.01016,0.00636,-1.08229,0.0005,-0.00029,-0.00069,0.13294,0.06992,-1.14364,11,37.958,362.7028,38.0065,178.6741,1.6362,-122.5136,0.0068,25.6922,0.8868
997,000997.png,False,1788777363.351971,1788777363.147271,shear_-X_out,12,-X,0.5,-0.4214,0.00075,-1.17496,0.00656,-0.02086,-0.00136,-0.56711,-0.00791,-1.11338,0.00091,-0.01593,-0.00059,-0.35726,-0.22873,-1.17396,10,37.1845,362.3499,38.0347,178.6674,1.6435,-122.5152,0.0009,25.7201,0.8589
998,000998.png,False,1788777370.164370,1788777369.959670,shear_-Y_out,12,-Y,0.3,0.13912,-0.26258,-1.08289,0.01347,-0.00577,-0.00097,-0.0086,-0.27185,-1.02095,0.00778,-0.00077,-0.0002,0.25921,-0.17524,-1.07845,10,38.0207,362.4105,38.0377,178.6648,1.6487,-122.52,0.0012,25.7183,0.8607
999,000999.png,False,1788777384.613210,1788777384.408510,shear_+Y_back,12,+Y,0.0,0.0882,-0.07138,-1.14704,0.00846,-0.0074,-0.00068,-0.0638,-0.08195,-1.08434,0.0027,-0.00226,9e-05,0.12001,-0.03612,-1.1458,10,37.8218,362.7138,38.0355,178.6666,1.6471,-122.5135,0.0033,25.7224,0.8566
1000,001000.png,False,1788777384.821258,1788777384.616558,shear_+Y_back,12,+Y,0.0,0.10513,-0.05174,-1.15705,0.008,-0.00696,-0.00074,-0.04694,-0.06233,-1.09433,0.00224,-0.00182,2e-05,0.12493,-0.01082,-1.15619,10,37.8253,362.6958,38.0252,178.6684,1.6452,-122.5134,0.0087,25.7117,0.8673
