index,file,missing,t_img,t_exposure_start,segment,cycle,axis,target_N,Fx_s,Fy_s,Fz_s,Tx_s,Ty_s,Tz_s,Fx_s_corr,Fy_s_corr,Fz_s_corr,Tx_s_corr,Ty_s_corr,Tz_s_corr,Fx_base,Fy_base,Fz_base,ft_chunks,tcp_x,tcp_y,tcp_z,rx,ry,rz,pose_gap_s,height_above_plane_mm,depth_mm
1,000001.png,False,1788892683.291222,1788892683.231222,normal_load,1,,2.0,-0.00242,-0.00434,0.01222,0.00021,-4e-05,-0.00013,-0.0033,-0.00565,0.00698,0.0002,-2e-05,-0.00014,-1e-05,-0.00477,0.0123,3,37.92,362.8095,36.0766,179.3292,0.6067,-102.1295,0.0049,23.7646,-0.0168
2,000002.png,False,1788892684.267303,1788892684.207304,normal_load,1,,2.0,-0.00256,-0.01918,0.0153,0.00051,-0.00018,-0.00023,-0.00361,-0.02075,0.00905,0.00049,-0.00015,-0.00024,0.00726,-0.01765,0.01563,3,37.9464,362.7366,36.0271,179.332,0.5998,-102.1312,0.0014,23.7137,0.034
3,000003.png,False,1788892684.463294,1788892684.403294,normal_load,1,,2.0,-0.00165,-0.01224,-0.08278,0.00045,-5e-05,-0.00015,-0.00273,-0.01386,-0.08923,0.00043,-2e-05,-0.00016,0.00526,-0.01275,-0.08255,3,37.9464,362.7455,35.9766,179.3312,0.6019,-102.1314,0.0072,23.6634,0.0844
4,000004.png,False,1788892684.659287,1788892684.599288,normal_load,1,,2.0,-0.00634,-0.0255,-0.21927,0.00081,-0.00014,-0.00031,-0.00746,-0.02716,-0.22592,0.00079,-0.00011,-0.00032,0.00877,-0.02876,-0.21878,3,37.952,362.7347,35.9229,179.3338,0.5954,-102.132,0.0032,23.6095,0.1383
5,000005.png,False,1788892684.855299,1788892684.795299,normal_load,1,,2.0,0.00181,4e-05,-0.34816,0.00041,2e-05,-0.00039,0.00066,-0.00168,-0.35501,0.00039,5e-05,-0.0004,0.00396,-0.00464,-0.34811,3,37.9483,362.7496,35.8842,179.3315,0.6011,-102.132,0.0023,23.5711,0.1767
6,000006.png,False,1788892685.047225,1788892684.987226,normal_load,1,,2.0,0.00933,-0.00295,-0.48777,0.00045,9e-05,-0.00024,0.00815,-0.00471,-0.49481,0.00043,0.00012,-0.00025,0.01293,-0.0057,-0.48766,3,37.9503,362.7531,35.8529,179.3311,0.6021,-102.1325,0.0001,23.5398,0.208
7,000007.png,False,1788892685.243345,1788892685.183345,normal_load,1,,2.0,0.01206,0.01273,-0.80132,0.0003,1e-05,-0.00016,0.01084,0.01091,-0.80856,0.00027,4e-05,-0.00017,0.00964,0.00421,-0.80144,3,37.95,362.7568,35.8101,179.3306,0.6033,-102.1325,0.005,23.4971,0.2507
8,000008.png,False,1788892685.439359,1788892685.379359,normal_load,1,,2.0,0.01719,0.01637,-0.88375,0.00029,0.00017,-0.00017,0.01594,0.0145,-0.89119,0.00026,0.0002,-0.00018,0.01284,0.00861,-0.88393,3,37.9522,362.7629,35.7941,179.3301,0.6052,-102.1329,0.0097,23.4812,0.2666
9,000009.png,False,1788892685.635243,1788892685.575243,normal_load,1,,2.0,0.0217,0.03008,-1.00423,-8e-05,0.00016,-0.00023,0.02042,0.02816,-1.01188,-0.0001,0.00019,-0.00024,0.01073,0.02081,-1.00464,3,37.9503,362.7699,35.7808,179.3284,0.6087,-102.1327,0.0041,23.468,0.2798
10,000010.png,False,1788892685.827379,1788892685.767379,normal_load,1,,2.0,0.02624,0.04419,-1.11563,-0.00033,0.00018,-0.00016,0.02493,0.04223,-1.12348,-0.00035,0.00021,-0.00018,0.00839,0.03352,-1.11628,3,37.9504,362.7743,35.7702,179.3271,0.6112,-102.1332,0.0067,23.4575,0.2903
11,000011.png,False,1788892686.023264,1788892685.963264,normal_load,1,,2.0,0.02442,0.03415,-1.22612,-0.0001,8e-05,-0.00036,0.02307,0.03213,-1.23417,-0.00012,0.00011,-0.00038,0.01259,0.02214,-1.22658,3,37.9497,362.7716,35.7494,179.3279,0.6099,-102.1332,0.0081,23.4366,0.3112
12,000012.png,False,1788892686.219395,1788892686.159395,normal_load,1,,2.0,0.02744,0.04309,-1.44028,-0.0001,0.00011,-0.00028,0.02606,0.04103,-1.44853,-0.00012,0.00014,-0.0003,0.01223,0.02796,-1.44087,3,37.9507,362.773,35.7336,179.3278,0.6101,-102.1329,0.0027,23.4208,0.327
13,000013.png,False,1788892686.415359,1788892686.355359,normal_load,1,,2.0,0.02968,0.04306,-1.93039,-2e-05,-0.00024,-0.00019,0.02826,0.04094,-1.93883,-4e-05,-0.00021,-0.0002,0.01758,0.0212,-1.9309,3,37.9523,362.7673,35.6909,179.3287,0.6079,-102.1334,0.0066,23.3781,0.3697
14,000014.png,False,1788892686.611373,1788892686.551373,normal_load,1,,2.0,0.03133,0.04485,-1.91144,3e-05,-0.0,-0.0002,0.02988,0.04268,-1.92009,0.0,3e-05,-0.00022,0.01798,0.02388,-1.91199,3,37.9536,362.768,35.691,179.3288,0.6084,-102.1334,0.0006,23.3781,0.3697
15,000015.png,False,1788892686.803378,1788892686.743378,normal_unload,1,,0.0,0.03143,0.0455,-1.89749,1e-05,-7e-05,-9e-05,0.02994,0.04328,-1.90634,-2e-05,-4e-05,-0.00011,0.01765,0.02471,-1.89806,3,37.9526,362.7696,35.6915,179.3286,0.6088,-102.1332,0.0092,23.3787,0.3691
16,000016.png,False,1788892686.999303,1788892686.939303,normal_unload,1,,0.0,0.03153,0.04477,-1.86606,1e-05,-0.00012,-0.00019,0.03001,0.0425,-1.8751,-2e-05,-8e-05,-0.00021,0.01788,0.02463,-1.86662,3,37.9521,362.7687,35.6907,179.3287,0.6086,-102.1332,0.0007,23.3778,0.37
17,000017.png,False,1788892687.195426,1788892687.135426,normal_unload,1,,0.0,0.0327,0.0412,-1.80864,6e-05,-8e-05,-0.00013,0.03115,0.03889,-1.81788,3e-05,-5e-05,-0.00015,0.02028,0.02305,-1.80915,3,37.9531,362.7706,35.6968,179.3286,0.6088,-102.1332,0.007,23.384,0.3638
18,000018.png,False,1788892687.391405,1788892687.331405,normal_unload,1,,0.0,0.03158,0.03934,-1.80979,0.00017,-5e-05,-0.00019,0.03,0.03697,-1.81924,0.00014,-1e-05,-0.00021,0.02025,0.02086,-1.81026,3,37.9532,362.7681,35.6962,179.3286,0.6083,-102.1334,0.0011,23.3833,0.3645
19,000019.png,False,1788892687.583334,1788892687.523335,normal_unload,1,,0.0,0.03573,0.04571,-1.7416,6e-05,0.00018,-0.00017,0.03412,0.0433,-1.75124,3e-05,0.00022,-0.00018,0.02019,0.02955,-1.7422,3,37.9548,362.7733,35.7005,179.3282,0.6091,-102.1338,0.0085,23.3877,0.36
20,000020.png,False,1788892687.779434,1788892687.719434,normal_unload,1,,0.0,0.02956,0.02644,-1.58628,0.00033,4e-05,9e-05,0.02791,0.02397,-1.59612,0.0003,8e-05,7e-05,0.02339,0.01226,-1.58655,3,37.9554,362.7676,35.714,179.3295,0.6066,-102.1338,0.0065,23.4011,0.3467
21,000021.png,False,1788892687.975344,1788892687.915344,normal_unload,1,,0.0,0.02819,0.02352,-1.44139,0.00036,0.00013,-1e-05,0.02651,0.021,-1.45143,0.00033,0.00017,-3e-05,0.02266,0.01137,-1.44163,3,37.9591,362.7589,35.7242,179.3302,0.605,-102.1342,0.0012,23.4111,0.3367
22,000022.png,False,1788892688.171449,1788892688.111449,normal_unload,1,,0.0,0.02836,0.0131,-1.35066,0.00046,-0.0,-0.0003,0.02664,0.01053,-1.3609,0.00043,4e-05,-0.00032,0.02738,0.00388,-1.35074,3,37.9571,362.7615,35.7316,179.3299,0.6051,-102.134,0.0052,23.4186,0.3291
23,000023.png,False,1788892688.559371,1788892688.499371,normal_unload,1,,0.0,0.03034,0.01154,-1.20999,0.00055,0.00011,-0.00023,0.02856,0.00887,-1.22063,0.00052,0.00015,-0.00025,0.02891,0.00577,-1.21006,3,37.958,362.7635,35.7471,179.3296,0.6057,-102.1342,0.0004,23.4341,0.3137
24,000024.png,False,1788892688.951473,1788892688.891473,normal_unload,1,,0.0,0.0368,0.0095,-0.99794,0.00037,0.00035,-6e-05,0.03494,0.00673,-1.00898,0.00034,0.00039,-8e-05,0.03405,0.01063,-0.99803,3,37.9628,362.7672,35.7741,179.3294,0.6063,-102.1351,0.0033,23.4612,0.2866
25,000025.png,False,1788892689.147388,1788892689.087389,normal_unload,1,,0.0,0.03186,0.0034,-0.86646,0.00065,0.00052,0.0001,0.02997,0.00058,-0.8777,0.00062,0.00056,8e-05,0.03191,0.00498,-0.86645,3,37.9624,362.7621,35.7891,179.3299,0.6051,-102.1349,0.0021,23.4761,0.2717
26,000026.png,False,1788892689.339401,1788892689.279401,normal_unload,1,,0.0,0.03432,-0.00066,-0.80523,0.00052,0.00039,-0.00011,0.03241,-0.00353,-0.81667,0.00048,0.00044,-0.00013,0.03565,0.00368,-0.80517,3,37.9645,362.7602,35.7961,179.3298,0.6053,-102.1353,0.009,23.483,0.2648
27,000027.png,False,1788892689.535536,1788892689.475536,normal_unload,1,,0.0,0.03058,-0.00604,-0.66258,0.00063,0.00041,-0.00014,0.02862,-0.00896,-0.67422,0.0006,0.00045,-0.00017,0.0341,-0.00057,-0.66244,3,37.9665,362.7561,35.8115,179.3307,0.6037,-102.1357,0.0002,23.4983,0.2494
28,000028.png,False,1788892689.731512,1788892689.671512,normal_unload,1,,0.0,0.03094,-0.00636,-0.5939,0.00068,0.00044,-3e-05,0.02895,-0.00933,-0.60574,0.00064,0.00048,-5e-05,0.0341,0.00044,-0.59376,3,37.9652,362.7591,35.8306,179.33,0.6049,-102.136,0.0056,23.5175,0.2303
29,000029.png,False,1788892689.927427,1788892689.867427,normal_unload,1,,0.0,0.02834,-0.0097,-0.53411,0.00066,0.00046,6e-05,0.02632,-0.01272,-0.54615,0.00062,0.00051,4e-05,0.0331,-0.00279,-0.53392,3,37.9664,362.7555,35.8384,179.3304,0.6043,-102.136,0.0093,23.5253,0.2225
30,000030.png,False,1788892690.119436,1788892690.059436,normal_unload,1,,0.0,0.02978,0.00089,-0.37301,0.00033,0.00055,-4e-05,0.02773,-0.00218,-0.38524,0.00029,0.0006,-6e-05,0.02794,0.00968,-0.37302,3,37.965,362.7637,35.8638,179.3298,0.6058,-102.136,0.0027,23.5508,0.197
31,000031.png,False,1788892690.315526,1788892690.255527,normal_unload,1,,0.0,0.02722,-0.00995,-0.35023,0.00058,0.00051,-1e-05,0.02514,-0.01307,-0.36267,0.00055,0.00056,-4e-05,0.03098,-0.00063,-0.35006,3,37.9659,362.7569,35.8736,179.3303,0.6046,-102.1355,0.0089,23.5605,0.1873
32,000032.png,False,1788892690.511543,1788892690.451543,normal_unload,1,,0.0,0.02096,-0.02984,-0.2485,0.0008,0.00022,-5e-05,0.01884,-0.033,-0.26114,0.00076,0.00027,-7e-05,0.03478,-0.01935,-0.24799,3,37.9686,362.7433,35.8955,179.3313,0.6021,-102.1362,0.0035,23.5821,0.1657
33,000033.png,False,1788892690.707556,1788892690.647556,normal_unload,1,,0.0,0.0191,-0.02214,-0.22227,0.00083,0.00035,-5e-05,0.01695,-0.02536,-0.2351,0.00079,0.0004,-8e-05,0.02915,-0.01319,-0.22189,3,37.9682,362.7468,35.9041,179.3311,0.6027,-102.1362,0.0021,23.5907,0.1571
34,000034.png,False,1788892691.095611,1788892691.035611,normal_unload,1,,0.0,0.02067,-0.0159,-0.1149,0.00052,0.00037,9e-05,0.01845,-0.01922,-0.12813,0.00048,0.00042,7e-05,0.02665,-0.00529,-0.11465,3,37.9678,362.7563,35.952,179.3306,0.6039,-102.1364,0.0,23.6388,0.109
35,000035.png,False,1788892692.655627,1788892692.595628,dwell,1,,0.0,0.00814,-0.01123,0.00336,0.00058,0.00024,-5e-05,0.00565,-0.01495,-0.01147,0.00054,0.0003,-8e-05,0.01264,-0.00561,0.00354,2,37.9718,362.7531,36.0655,179.3325,0.6014,-102.1373,0.0008,23.7522,-0.0045
36,000036.png,False,1788892693.631583,1788892693.571583,normal_load,2,,2.0,0.00057,0.00355,0.03235,0.00022,-3e-05,-0.00017,-0.00209,-0.00042,0.01652,0.00017,3e-05,-0.0002,-0.00151,0.00387,0.03228,3,37.9286,362.792,36.0836,179.3323,0.6023,-102.1381,0.0043,23.7712,-0.0234
37,000037.png,False,1788892694.607620,1788892694.547620,normal_load,2,,2.0,-0.00043,0.01201,0.03156,-1e-05,-0.00015,-0.00025,-0.00326,0.00779,0.01473,-7e-05,-8e-05,-0.00028,-0.00659,0.01069,0.03135,3,37.9069,362.8061,36.0637,179.3308,0.6059,-102.1353,0.0093,23.7517,-0.0039
38,000038.png,False,1788892694.803751,1788892694.743752,normal_load,2,,2.0,0.0004,0.01182,-0.01825,-2e-05,-0.00017,-0.00028,-0.00246,0.00755,-0.03528,-8e-05,-0.0001,-0.00031,-0.00543,0.01014,-0.01846,3,37.9075,362.8067,36.0064,179.3312,0.6056,-102.1353,0.0056,23.6944,0.0534
39,000039.png,False,1788892694.999764,1788892694.939764,normal_load,2,,2.0,-0.00324,0.00575,-0.11527,0.00015,-0.00021,-7e-05,-0.00613,0.00142,-0.1325,0.0001,-0.00015,-0.0001,-0.00488,0.00151,-0.11534,3,37.9069,362.7948,35.9489,179.3331,0.6002,-102.1349,0.0071,23.6367,0.1111
40,000040.png,False,1788892695.191646,1788892695.131646,normal_load,2,,2.0,0.00187,0.02115,-0.31404,-0.00036,-0.00036,1e-05,-0.00106,0.01678,-0.33146,-0.00042,-0.00029,-3e-05,-0.00677,0.01422,-0.31436,3,37.9065,362.8074,35.9012,179.3316,0.6045,-102.1351,0.0036,23.5893,0.1585
41,000041.png,False,1788892695.387743,1788892695.327743,normal_load,2,,2.0,0.00492,0.02487,-0.37843,-0.00026,-0.00018,8e-05,0.00196,0.02045,-0.39606,-0.00031,-0.00011,4e-05,-0.00555,0.01794,-0.37881,3,37.906,362.81,35.8786,179.3314,0.6052,-102.1351,0.0016,23.5667,0.1811
42,000042.png,False,1788892695.583769,1788892695.523769,normal_load,2,,2.0,0.00875,0.0401,-0.7192,-0.00025,-0.00025,4e-05,0.00576,0.03563,-0.73702,-0.00031,-0.00018,0.0,-0.00747,0.02758,-0.7198,3,37.9049,362.8162,35.8281,179.3304,0.6076,-102.1351,0.0069,23.5163,0.2315
43,000043.png,False,1788892695.779776,1788892695.719776,normal_load,2,,2.0,0.01012,0.04056,-0.78397,-0.00042,-0.00026,0.0002,0.0071,0.03604,-0.802,-0.00047,-0.00019,0.00017,-0.00606,0.02763,-0.78457,3,37.9041,362.8175,35.8144,179.3302,0.608,-102.1349,0.0075,23.5026,0.2452
44,000044.png,False,1788892695.975821,1788892695.915822,normal_load,2,,2.0,0.01634,0.05562,-0.89128,-0.0007,-0.00018,-2e-05,0.01328,0.05105,-0.9095,-0.00075,-0.00011,-5e-05,-0.00746,0.04206,-0.89214,3,37.9037,362.8264,35.7999,179.3289,0.6119,-102.1351,0.002,23.4883,0.2595
45,000045.png,False,1788892696.167690,1788892696.107690,normal_load,2,,2.0,0.02526,0.08194,-1.0958,-0.00119,-4e-05,5e-05,0.02217,0.07732,-1.11423,-0.00125,3e-05,1e-05,-0.01146,0.06603,-1.09711,3,37.9018,362.8369,35.7742,179.3271,0.6161,-102.1354,0.0079,23.4628,0.285
46,000046.png,False,1788892696.363816,1788892696.303816,normal_load,2,,2.0,0.02478,0.07435,-1.27634,-0.00091,-0.00015,0.00039,0.02165,0.06968,-1.29496,-0.00097,-7e-05,0.00036,-0.00684,0.05633,-1.27748,3,37.9033,362.8314,35.7507,179.3285,0.6134,-102.1354,0.0012,23.4392,0.3086
47,000047.png,False,1788892696.559826,1788892696.499826,normal_load,2,,2.0,0.0243,0.08112,-1.48539,-0.0009,-9e-05,0.00017,0.02114,0.0764,-1.50421,-0.00095,-2e-05,0.00013,-0.00919,0.0586,-1.48661,3,37.9028,362.8352,35.7338,179.3281,0.6144,-102.1354,0.0068,23.4224,0.3254
48,000048.png,False,1788892696.755852,1788892696.695852,normal_load,2,,2.0,0.01904,0.06456,-1.79277,-0.00049,-0.00046,9e-05,0.01585,0.05979,-1.8118,-0.00055,-0.00039,6e-05,-0.00333,0.03671,-1.79365,3,37.9045,362.8245,35.7057,179.3297,0.6104,-102.1353,0.0078,23.3941,0.3537
49,000049.png,False,1788892696.947850,1788892696.887850,normal_load,2,,2.0,0.02247,0.07414,-1.84174,-0.00065,-0.00033,0.00019,0.01924,0.06932,-1.86096,-0.00071,-0.00026,0.00015,-0.00481,0.04594,-1.84279,3,37.9034,362.8268,35.7008,179.3294,0.6116,-102.1349,0.002,23.3892,0.3585
50,000050.png,False,1788892697.143822,1788892697.083822,normal_load,2,,2.0,0.02573,0.08571,-1.91783,-0.00085,-0.00031,0.00026,0.02247,0.08083,-1.93725,-0.00091,-0.00024,0.00022,-0.00724,0.05636,-1.91907,3,37.9033,362.8314,35.6946,179.3286,0.6137,-102.1354,0.007,23.3831,0.3647
51,000051.png,False,1788892698.511863,1788892698.451864,normal_unload,2,,0.0,0.03161,0.08503,-2.08159,-0.0009,-0.00047,0.0001,0.02811,0.0798,-2.10241,-0.00097,-0.00039,6e-05,-0.00067,0.05609,-2.08281,3,37.9035,362.8332,35.6763,179.3288,0.6133,-102.1354,0.0017,23.3648,0.3829
52,000052.png,False,1788892698.703792,1788892698.643792,normal_unload,2,,0.0,0.02146,0.06511,-1.96837,-0.00036,-0.00059,0.00013,0.01794,0.05984,-1.98939,-0.00043,-0.00051,9e-05,-0.00029,0.03559,-1.96924,3,37.9046,362.8253,35.6845,179.3302,0.6098,-102.1356,0.0077,23.3729,0.3749
53,000053.png,False,1788892698.899972,1788892698.839972,normal_unload,2,,0.0,0.02519,0.06219,-1.92236,-0.00047,-0.00062,3e-05,0.02163,0.05686,-1.94358,-0.00054,-0.00054,-1e-05,0.00408,0.03565,-1.92319,3,37.9059,362.8239,35.6866,179.3304,0.6099,-102.1358,0.0076,23.3749,0.3729
54,000054.png,False,1788892699.095824,1788892699.035825,normal_unload,2,,0.0,0.02001,0.05857,-1.87972,-0.00017,-0.00045,-0.00011,0.01642,0.0532,-1.90114,-0.00024,-0.00036,-0.00015,0.0011,0.03062,-1.88049,3,37.9059,362.8225,35.6877,179.3308,0.6087,-102.136,0.001,23.376,0.3718
55,000055.png,False,1788892699.291846,1788892699.231846,normal_unload,2,,0.0,0.02054,0.0501,-1.80409,-0.00023,-0.00064,4e-05,0.01691,0.04467,-1.82571,-0.0003,-0.00056,0.0,0.00527,0.02475,-1.80472,3,37.9068,362.8184,35.6939,179.3315,0.6071,-102.1358,0.0045,23.3822,0.3656
56,000056.png,False,1788892699.483949,1788892699.423949,normal_unload,2,,0.0,0.01796,0.0464,-1.75747,8e-05,-0.00055,0.00014,0.0143,0.04092,-1.77929,1e-05,-0.00046,0.0001,0.00456,0.021,-1.75804,3,37.9073,362.8128,35.7016,179.3328,0.6046,-102.1353,0.0068,23.3898,0.358
57,000057.png,False,1788892699.679994,1788892699.619994,normal_unload,2,,0.0,0.01589,0.0348,-1.70989,0.00017,-0.00077,0.0001,0.0122,0.02927,-1.73191,0.0001,-0.00069,6e-05,0.00824,0.01069,-1.71026,3,37.9075,362.8121,35.7006,179.3331,0.6042,-102.1358,0.0012,23.3887,0.3591
58,000058.png,False,1788892699.875940,1788892699.815940,normal_unload,2,,0.0,0.01225,0.02852,-1.61882,0.00022,-0.00072,0.0001,0.00852,0.02294,-1.64104,0.00015,-0.00064,5e-05,0.00758,0.00489,-1.61909,3,37.9089,362.8087,35.7086,179.3335,0.6027,-102.136,0.0047,23.3967,0.3511
59,000059.png,False,1788892700.071942,1788892700.011942,normal_unload,2,,0.0,0.01146,0.02742,-1.56126,0.00031,-0.00064,0.00011,0.0077,0.02179,-1.58368,0.00024,-0.00055,7e-05,0.00705,0.00446,-1.56152,3,37.9089,362.8117,35.7175,179.3337,0.6028,-102.1362,0.001,23.4056,0.3421
60,000060.png,False,1788892700.268005,1788892700.208005,normal_unload,2,,0.0,0.0123,0.02739,-1.50653,0.00037,-0.0006,0.0001,0.0085,0.02171,-1.52915,0.00029,-0.00051,6e-05,0.00741,0.00573,-1.5068,3,37.9088,362.8093,35.7186,179.3338,0.6019,-102.1362,0.0065,23.4067,0.3411
61,000061.png,False,1788892700.655986,1788892700.595986,normal_unload,2,,0.0,0.01205,0.02536,-1.24241,0.00032,-0.0005,8e-05,0.00819,0.01959,-1.26542,0.00025,-0.00041,4e-05,0.00638,0.00808,-1.24268,3,37.9099,362.8088,35.7442,179.3344,0.6017,-102.136,0.0029,23.4323,0.3155
62,000062.png,False,1788892700.852035,1788892700.792035,normal_unload,2,,0.0,0.00935,0.0166,-1.15193,0.00032,-0.00051,2e-05,0.00546,0.01078,-1.17515,0.00025,-0.00042,-2e-05,0.00779,0.0006,-1.15206,3,37.9112,362.8019,35.7504,179.3348,0.6007,-102.1362,0.0084,23.4383,0.3095
63,000063.png,False,1788892701.047970,1788892700.987970,normal_unload,2,,0.0,0.00338,0.00289,-1.00811,0.00074,-0.00045,-2e-05,-0.00055,-0.00299,-1.03153,0.00067,-0.00036,-7e-05,0.00847,-0.01196,-1.00801,3,37.913,362.7985,35.7682,179.3347,0.6011,-102.1366,0.0017,23.4561,0.2917
64,000064.png,False,1788892701.240003,1788892701.180003,normal_unload,2,,0.0,0.00807,0.00527,-0.96273,0.00054,-0.00051,3e-05,0.00411,-0.00065,-0.98635,0.00047,-0.00042,-1e-05,0.01103,-0.00682,-0.96269,3,37.911,362.8015,35.7727,179.3343,0.6014,-102.1366,0.0092,23.4606,0.2871
65,000065.png,False,1788892701.436037,1788892701.376037,normal_unload,2,,0.0,0.00951,0.01738,-0.7916,0.00015,-0.0003,3e-05,0.00551,0.0114,-0.81542,8e-05,-0.00021,-2e-05,0.00504,0.00712,-0.7918,3,37.9117,362.8065,35.7942,179.3346,0.6013,-102.1368,0.0015,23.4822,0.2656
66,000066.png,False,1788892701.632108,1788892701.572109,normal_unload,2,,0.0,0.00929,0.01702,-0.7988,0.00013,-0.00037,0.0001,0.00526,0.01099,-0.82281,5e-05,-0.00028,6e-05,0.00508,0.00658,-0.79899,3,37.9105,362.8056,35.7955,179.3348,0.6007,-102.137,0.0038,23.4835,0.2643
67,000067.png,False,1788892702.020033,1788892701.960033,normal_unload,2,,0.0,0.00875,0.01806,-0.67632,0.00021,-0.00019,0.00015,0.00466,0.01194,-0.70073,0.00013,-9e-05,0.0001,0.00325,0.00918,-0.67655,3,37.9098,362.8095,35.8171,179.335,0.6003,-102.137,0.001,23.5051,0.2426
68,000068.png,False,1788892702.412040,1788892702.352040,normal_unload,2,,0.0,0.00978,0.02103,-0.49895,-2e-05,-0.00012,0.00018,0.00562,0.0148,-0.52377,-0.0001,-3e-05,0.00013,0.00143,0.01511,-0.49926,3,37.9082,362.8113,35.8463,179.3347,0.6009,-102.1371,0.0014,23.5345,0.2133
69,000069.png,False,1788892702.608033,1788892702.548033,normal_unload,2,,0.0,0.00986,0.01273,-0.34194,0.00013,-0.00014,0.00013,0.00566,0.00646,-0.36696,5e-05,-4e-05,8e-05,0.00455,0.01047,-0.34213,3,37.9097,362.8101,35.8742,179.3348,0.6007,-102.1373,0.0045,23.5623,0.1855
70,000070.png,False,1788892702.804058,1788892702.744058,normal_unload,2,,0.0,0.00911,0.01197,-0.30416,-3e-05,-0.00021,1e-05,0.00488,0.00564,-0.32937,-0.00011,-0.00012,-4e-05,0.00402,0.01004,-0.30434,3,37.9097,362.8103,35.8855,179.3345,0.6015,-102.1373,0.0099,23.5736,0.1742
71,000071.png,False,1788892702.996070,1788892702.936070,normal_unload,2,,0.0,0.00851,0.01443,-0.15801,3e-05,-4e-05,0.00013,0.00424,0.00805,-0.18342,-5e-05,6e-05,8e-05,0.00126,0.01421,-0.15825,3,37.9099,362.8089,35.9299,179.3344,0.6017,-102.1373,0.0001,23.6179,0.1299
72,000072.png,False,1788892703.192125,1788892703.132125,normal_unload,2,,0.0,0.00978,0.02096,-0.13912,-0.00017,-7e-05,0.00011,0.00548,0.01454,-0.16474,-0.00025,3e-05,6e-05,-0.00104,0.02081,-0.13948,3,37.9102,362.8104,35.9384,179.3348,0.6014,-102.1373,0.0057,23.6265,0.1213
73,000073.png,False,1788892703.584099,1788892703.524099,normal_unload,2,,0.0,0.00927,0.01335,-0.04126,-7e-05,-8e-05,7e-05,0.0049,0.00682,-0.06728,-0.00015,2e-05,2e-05,0.00165,0.01553,-0.04151,3,37.9102,362.8136,35.9929,179.3348,0.6018,-102.1375,0.0016,23.681,0.0668
74,000074.png,False,1788892703.776008,1788892703.716008,normal_unload,2,,0.0,0.0056,0.0104,0.00145,6e-05,-0.00015,0.00011,0.0012,0.00382,-0.02477,-2e-05,-5e-05,7e-05,-0.00035,0.01183,0.00125,3,37.9114,362.8079,36.04,179.3356,0.6005,-102.1377,0.0093,23.728,0.0197
75,000075.png,False,1788892705.144155,1788892705.084155,dwell,2,,0.0,0.00596,0.01051,0.0287,-3e-05,-0.00014,-0.00013,0.00133,0.00359,0.00109,-0.00011,-4e-05,-0.00018,-0.00029,0.01254,0.02851,3,37.9121,362.8114,36.0599,179.3372,0.5976,-102.1381,0.0008,23.7479,-0.0001
76,000076.png,False,1788892706.312203,1788892706.252203,normal_load,3,,2.0,0.00745,0.00745,0.01312,0.00014,-0.00018,3e-05,0.00262,0.00022,-0.01569,5e-05,-7e-05,-2e-05,0.00264,0.01038,0.01297,3,37.9175,362.799,36.078,179.3372,0.5981,-102.1384,0.0095,23.7658,-0.0181
77,000077.png,False,1788892706.508117,1788892706.448117,normal_load,3,,2.0,0.00599,0.01072,0.02625,0.00014,-9e-05,-0.00018,0.00113,0.00345,-0.00276,5e-05,3e-05,-0.00023,-0.00035,0.0127,0.02605,3,37.9184,362.7956,36.0702,179.3377,0.5969,-102.1381,0.0043,23.758,-0.0102
78,000078.png,False,1788892706.900254,1788892706.840254,normal_load,3,,2.0,0.00685,0.00327,0.00542,0.00018,-0.00021,-0.00022,0.00192,-0.00411,-0.02399,9e-05,-9e-05,-0.00027,0.00427,0.00634,0.00535,3,37.9194,362.7886,36.0341,179.3394,0.5929,-102.1381,0.0088,23.7217,0.0261
79,000079.png,False,1788892707.096296,1788892707.036296,normal_load,3,,2.0,0.00663,0.00601,-0.04724,7e-05,-0.00031,-0.00018,0.00167,-0.00142,-0.07685,-2e-05,-0.00019,-0.00023,0.00307,0.00776,-0.04735,3,37.9215,362.7875,35.9861,179.34,0.592,-102.1383,0.0016,23.6738,0.074
80,000080.png,False,1788892707.288258,1788892707.228258,normal_load,3,,2.0,0.00631,0.00674,-0.06858,0.00014,-0.00029,-0.00016,0.0013,-0.00074,-0.09839,4e-05,-0.00017,-0.00021,0.00257,0.00789,-0.0687,3,37.9208,362.7883,35.9785,179.3397,0.5921,-102.1383,0.0025,23.6661,0.0817
81,000081.png,False,1788892707.484274,1788892707.424274,normal_load,3,,2.0,0.00897,0.0109,-0.26503,0.00016,-0.00024,-0.00019,0.00394,0.00338,-0.29504,7e-05,-0.00012,-0.00025,0.00416,0.00968,-0.2652,3,37.9206,362.7914,35.907,179.3397,0.5928,-102.1383,0.0076,23.5947,0.1531
82,000082.png,False,1788892707.680263,1788892707.620263,normal_load,3,,2.0,0.00893,0.01513,-0.31153,0.00017,-0.00025,-0.0002,0.00386,0.00755,-0.34174,7e-05,-0.00014,-0.00025,0.00234,0.01257,-0.31177,3,37.9196,362.792,35.8975,179.3395,0.5927,-102.1385,0.0078,23.5853,0.1625
83,000083.png,False,1788892707.876277,1788892707.816278,normal_load,3,,2.0,0.01112,0.02704,-0.65614,-5e-05,-0.00032,-8e-05,0.00602,0.01942,-0.68655,-0.00014,-0.0002,-0.00013,0.00067,0.01847,-0.65653,3,37.9197,362.7959,35.8318,179.3392,0.5933,-102.1383,0.0025,23.5196,0.2282
84,000084.png,False,1788892708.068268,1788892708.008268,normal_load,3,,2.0,0.01427,0.0297,-0.71508,-4e-05,-0.00032,0.00014,0.00913,0.02203,-0.74569,-0.00014,-0.0002,9e-05,0.00248,0.0214,-0.71552,3,37.9196,362.7992,35.8274,179.3388,0.5943,-102.1383,0.0085,23.5152,0.2325
85,000085.png,False,1788892708.264198,1788892708.204198,normal_load,3,,2.0,0.02063,0.04842,-0.926,-0.00035,-0.0003,-5e-05,0.01546,0.0407,-0.9568,-0.00044,-0.00018,-0.00011,9e-05,0.03741,-0.92674,3,37.9176,362.8093,35.7943,179.3374,0.5982,-102.1381,0.0028,23.4824,0.2654
86,000086.png,False,1788892708.460199,1788892708.400199,normal_load,3,,2.0,0.01754,0.04836,-0.9428,-0.00031,-0.00016,0.00011,0.01233,0.04058,-0.97381,-0.00041,-4e-05,6e-05,-0.00244,0.03554,-0.94353,3,37.9187,362.8079,35.7932,179.3376,0.5978,-102.1388,0.008,23.4812,0.2666
87,000087.png,False,1788892708.656297,1788892708.596298,normal_load,3,,2.0,0.02903,0.07382,-1.11865,-0.00085,-0.00011,0.00026,0.02379,0.06599,-1.14986,-0.00095,1e-05,0.00021,-0.00398,0.06051,-1.11982,3,37.9166,362.8216,35.7732,179.3355,0.603,-102.1388,0.0026,23.4614,0.2863
88,000088.png,False,1788892708.852210,1788892708.792210,normal_load,3,,2.0,0.0248,0.0669,-1.35241,-0.00062,-0.00033,7e-05,0.01953,0.05902,-1.38382,-0.00072,-0.0002,1e-05,-0.00257,0.04867,-1.35341,3,37.9165,362.8156,35.7399,179.3361,0.6014,-102.1384,0.0027,23.428,0.3197
89,000089.png,False,1788892709.044344,1788892708.984344,normal_load,3,,2.0,0.02849,0.07244,-1.42097,-0.00064,-0.00023,0.00025,0.02319,0.06452,-1.45258,-0.00074,-0.00011,0.0002,-0.00166,0.05422,-1.42207,3,37.9174,362.8165,35.7389,179.3364,0.6013,-102.1384,0.0082,23.4271,0.3207
90,000090.png,False,1788892709.436350,1788892709.376350,normal_load,3,,2.0,0.02769,0.06229,-1.83223,-0.00021,-0.00041,0.00029,0.02232,0.05427,-1.86423,-0.00031,-0.00028,0.00023,0.00556,0.03843,-1.83308,3,37.9187,362.8119,35.7016,179.3373,0.5986,-102.1386,0.008,23.3897,0.3581
91,000091.png,False,1788892709.632342,1788892709.572342,normal_load,3,,2.0,0.03709,0.0807,-1.90533,-0.00069,-0.00039,0.00036,0.03169,0.07263,-1.93753,-0.00079,-0.00026,0.0003,0.00502,0.05791,-1.90651,3,37.9198,362.8161,35.6934,179.3369,0.6008,-102.1386,0.0032,23.3816,0.3662
92,000092.png,False,1788892710.996423,1788892710.936423,normal_unload,3,,0.0,0.03922,0.08006,-2.09895,-0.00064,-0.0005,0.00023,0.03358,0.07163,-2.13255,-0.00075,-0.00037,0.00017,0.00852,0.05531,-2.1001,3,37.9206,362.8155,35.6746,179.3372,0.6,-102.1388,0.006,23.3627,0.3851
93,000093.png,False,1788892711.192451,1788892711.132451,normal_unload,3,,0.0,0.03247,0.05856,-1.93756,-0.00012,-0.00049,1e-05,0.0268,0.05009,-1.97136,-0.00023,-0.00036,-5e-05,0.0123,0.03591,-1.93834,3,37.9209,362.8091,35.6838,179.3383,0.5967,-102.139,0.0008,23.3718,0.376
94,000094.png,False,1788892711.580419,1788892711.520419,normal_unload,3,,0.0,0.02042,0.02895,-1.93051,0.0006,-0.00066,0.00018,0.01468,0.02037,-1.96471,0.0005,-0.00053,0.00012,0.0166,0.00435,-1.93076,3,37.9258,362.795,35.6871,179.3395,0.5939,-102.1392,0.02,23.3748,0.373
95,000095.png,False,1788892711.776423,1788892711.716424,normal_unload,3,,0.0,0.01945,0.02174,-1.87897,0.00063,-0.00074,0.00016,0.01368,0.01311,-1.91337,0.00052,-0.00061,0.0001,0.01902,-0.00156,-1.8791,3,37.9272,362.7904,35.6892,179.3399,0.5933,-102.1394,0.0066,23.3768,0.3709
96,000096.png,False,1788892711.972461,1788892711.912462,normal_unload,3,,0.0,0.02448,0.02914,-1.79277,0.00066,-0.00053,0.00013,0.01868,0.02047,-1.82737,0.00055,-0.0004,7e-05,0.01907,0.00875,-1.79305,3,37.9262,362.7973,35.6969,179.3401,0.5929,-102.1396,0.0117,23.3847,0.3631
97,000097.png,False,1788892712.168483,1788892712.108484,normal_unload,3,,0.0,0.03176,0.03699,-1.64568,0.0004,-0.00023,2e-05,0.02592,0.02826,-1.68048,0.00029,-9e-05,-5e-05,0.02044,0.02154,-1.64614,3,37.9283,362.8004,35.7051,179.3407,0.5913,-102.1401,0.0027,23.3929,0.3548
98,000098.png,False,1788892712.360476,1788892712.300476,normal_unload,3,,0.0,0.03233,0.03504,-1.65323,0.00039,-0.0003,0.0002,0.02646,0.02626,-1.68823,0.00028,-0.00016,0.00013,0.02196,0.02002,-1.65365,3,37.9283,362.8003,35.7073,179.341,0.5912,-102.1396,0.0074,23.3951,0.3527
99,000099.png,False,1788892712.556499,1788892712.496499,normal_unload,3,,0.0,0.02546,0.01499,-1.56946,0.00078,-0.00038,0.00023,0.01956,0.00616,-1.60466,0.00067,-0.00024,0.00017,0.02545,0.00056,-1.56953,3,37.9312,362.7922,35.7127,179.3418,0.5887,-102.1405,0.002,23.4003,0.3475
100,000100.png,False,1788892712.948385,1788892712.888385,normal_unload,3,,0.0,0.02515,0.0068,-1.40435,0.00088,-0.00054,-0.00013,0.01918,-0.00213,-1.43995,0.00077,-0.0004,-0.00019,0.02812,-0.00404,-1.40431,3,37.9338,362.7863,35.726,179.3424,0.5878,-102.1407,0.0091,23.4135,0.3343
101,000101.png,False,1788892713.140496,1788892713.080496,normal_unload,3,,0.0,0.02308,0.00653,-1.33169,0.00093,-0.00033,5e-05,0.01707,-0.00245,-1.36749,0.00081,-0.00019,-1e-05,0.02596,-0.00415,-1.33165,3,37.9331,362.7886,35.7333,179.3422,0.5877,-102.1407,0.0017,23.4209,0.3268
102,000102.png,False,1788892713.336409,1788892713.276409,normal_unload,3,,0.0,0.02219,0.00601,-1.08522,0.00082,-0.00033,2e-05,0.01615,-0.00302,-1.12122,0.00071,-0.00019,-5e-05,0.02375,-0.00109,-1.08521,3,37.9335,362.7866,35.7571,179.3421,0.5879,-102.1409,0.0096,23.4446,0.3032
103,000103.png,False,1788892713.532416,1788892713.472416,normal_unload,3,,0.0,0.02474,0.00418,-1.099,0.00068,-0.00032,0.00015,0.01867,-0.0049,-1.1352,0.00057,-0.00018,8e-05,0.02696,-0.00162,-1.09895,3,37.9339,362.787,35.7577,179.3423,0.588,-102.1409,0.0014,23.4453,0.3025
104,000104.png,False,1788892713.728499,1788892713.668499,normal_unload,3,,0.0,0.0192,0.0049,-0.96081,0.00077,-0.00012,5e-05,0.0131,-0.00423,-0.99721,0.00066,2e-05,-1e-05,0.02085,-0.00155,-0.96079,3,37.9337,362.7888,35.7755,179.342,0.5881,-102.1409,0.0084,23.4631,0.2847
105,000105.png,False,1788892713.924424,1788892713.864424,normal_unload,3,,0.0,0.02504,0.00264,-0.95712,0.00078,-0.0003,6e-05,0.0189,-0.00654,-0.99372,0.00066,-0.00015,-0.0,0.027,-0.00053,-0.95707,3,37.9328,362.7885,35.7747,179.3419,0.5878,-102.1411,0.0067,23.4623,0.2855
106,000106.png,False,1788892714.312515,1788892714.252516,normal_unload,3,,0.0,0.01969,0.00092,-0.79764,0.00068,-0.00026,0.00011,0.01349,-0.00836,-0.83464,0.00056,-0.00012,4e-05,0.02213,-0.00214,-0.79758,3,37.9328,362.787,35.7991,179.3423,0.5868,-102.1413,0.005,23.4866,0.2612
107,000107.png,False,1788892714.704524,1788892714.644524,normal_unload,3,,0.0,0.01984,0.00898,-0.55905,0.00049,3e-05,6e-05,0.01357,-0.0004,-0.59644,0.00037,0.00018,-1e-05,0.01657,0.00874,-0.55916,3,37.9321,362.7915,35.8347,179.342,0.5881,-102.1413,0.006,23.5224,0.2254
108,000108.png,False,1788892715.092556,1788892715.032556,normal_unload,3,,0.0,0.01744,0.002,-0.40985,0.00054,-0.00011,-8e-05,0.0111,-0.00748,-0.44764,0.00043,3e-05,-0.00015,0.01695,0.00388,-0.40986,3,37.9341,362.7866,35.8676,179.3426,0.5874,-102.1418,0.0031,23.5552,0.1926
109,000109.png,False,1788892715.288486,1788892715.228487,normal_unload,3,,0.0,0.01856,-0.00014,-0.26512,0.00043,-0.00022,4e-05,0.01219,-0.00967,-0.30311,0.00032,-7e-05,-3e-05,0.01798,0.00491,-0.26511,3,37.9352,362.7861,35.8893,179.3423,0.5875,-102.142,0.0085,23.5768,0.171
110,000110.png,False,1788892715.484499,1788892715.424499,normal_unload,3,,0.0,0.01823,-0.00195,-0.25429,0.00038,-0.00014,0.00028,0.01183,-0.01153,-0.29249,0.00026,1e-05,0.00021,0.01853,0.00335,-0.25426,3,37.9348,362.7869,35.9097,179.3422,0.5877,-102.1418,0.0012,23.5973,0.1505
111,000111.png,False,1788892715.680501,1788892715.620502,normal_unload,3,,0.0,0.01445,-0.00113,-0.13012,0.00048,-8e-05,7e-05,0.008,-0.01076,-0.16851,0.00036,7e-05,0.0,0.01398,0.00416,-0.13011,3,37.9358,362.7854,35.9369,179.3423,0.5875,-102.1422,0.0075,23.6244,0.1234
112,000112.png,False,1788892719.384757,1788892719.324757,normal_load,4,,2.0,0.01041,0.01686,-0.0296,0.00011,-0.00014,-0.00012,0.00334,0.00628,-0.07179,-2e-05,2e-05,-0.0002,0.0008,0.01933,-0.02991,3,37.9339,362.8024,35.9975,179.3417,0.5898,-102.1468,0.008,23.6853,0.0625
113,000113.png,False,1788892719.580791,1788892719.520792,normal_load,4,,2.0,0.01121,0.01853,-0.19294,0.00015,-0.00021,-8e-05,0.00409,0.0079,-0.23532,2e-05,-5e-05,-0.00015,0.00178,0.01856,-0.19325,3,37.9334,362.7995,35.9263,179.3431,0.5864,-102.1466,0.0069,23.6141,0.1337
114,000114.png,False,1788892719.776772,1788892719.716772,normal_load,4,,2.0,0.01431,0.02934,-0.33546,6e-05,-0.00014,5e-05,0.00717,0.01866,-0.37805,-7e-05,2e-05,-3e-05,6e-05,0.02719,-0.33595,3,37.9316,362.8082,35.8949,179.3414,0.5899,-102.1466,0.0017,23.5828,0.165
115,000115.png,False,1788892719.972806,1788892719.912806,normal_load,4,,2.0,0.02007,0.03645,-0.49089,-0.00024,-0.00025,0.00014,0.01289,0.02572,-0.53367,-0.00037,-9e-05,6e-05,0.00258,0.03374,-0.49148,3,37.9321,362.8126,35.8529,179.3412,0.591,-102.1466,0.0083,23.5409,0.2069
116,000116.png,False,1788892720.164809,1788892720.104810,normal_load,4,,2.0,0.02301,0.04915,-0.72333,-0.00033,-0.00022,0.00012,0.0158,0.03837,-0.76631,-0.00046,-5e-05,4e-05,0.00039,0.04248,-0.72412,3,37.9309,362.8156,35.8233,179.3406,0.5926,-102.1466,0.002,23.5113,0.2364
117,000117.png,False,1788892720.360824,1788892720.300824,normal_load,4,,2.0,0.02689,0.06089,-0.90955,-0.0003,-7e-05,0.00015,0.01964,0.05006,-0.95273,-0.00044,9e-05,7e-05,-0.00083,0.0516,-0.91052,3,37.9299,362.8217,35.7936,179.3399,0.5949,-102.1468,0.0099,23.4817,0.2661
118,000118.png,False,1788892720.556839,1788892720.496840,normal_load,4,,2.0,0.02881,0.05958,-0.92902,-0.00047,-0.00019,3e-05,0.02154,0.0487,-0.9724,-0.0006,-2e-05,-5e-05,0.00163,0.05112,-0.92997,3,37.9304,362.8234,35.7913,179.3393,0.5957,-102.147,0.0042,23.4795,0.2683
119,000119.png,False,1788892720.752815,1788892720.692815,normal_load,4,,2.0,0.03301,0.07718,-1.12791,-0.00075,-9e-05,3e-05,0.02569,0.06625,-1.17149,-0.00089,8e-05,-5e-05,-0.00215,0.06527,-1.12914,3,37.9305,362.8299,35.7683,179.3384,0.599,-102.1471,0.001,23.4566,0.2912
120,000120.png,False,1788892720.944852,1788892720.884852,normal_load,4,,2.0,0.03015,0.07093,-1.3744,-0.00026,-0.00026,-4e-05,0.0228,0.05995,-1.41819,-0.0004,-9e-05,-0.00012,0.0002,0.05447,-1.37548,3,37.9304,362.8247,35.7391,179.3394,0.5961,-102.147,0.0097,23.4273,0.3205
121,000121.png,False,1788892721.140868,1788892721.080868,normal_load,4,,2.0,0.0352,0.08294,-1.50109,-0.00069,-0.00024,0.00012,0.02782,0.07191,-1.54507,-0.00083,-7e-05,4e-05,-0.00054,0.06537,-1.50237,3,37.9303,362.8299,35.7284,179.3387,0.5984,-102.1468,0.0046,23.4167,0.3311
122,000122.png,False,1788892721.336744,1788892721.276744,normal_load,4,,2.0,0.03563,0.08563,-1.77176,-0.00056,-0.00028,-0.00013,0.02822,0.07455,-1.81594,-0.0007,-0.00011,-0.00021,0.00036,0.06359,-1.77304,3,37.9293,362.8285,35.7024,179.3394,0.5961,-102.1468,0.0078,23.3906,0.3572
123,000123.png,False,1788892721.532875,1788892721.472875,normal_load,4,,2.0,0.04028,0.0871,-1.79931,-0.0007,-0.0004,-8e-05,0.03284,0.07597,-1.8437,-0.00084,-0.00023,-0.00016,0.00385,0.06674,-1.80063,3,37.9293,362.8294,35.701,179.3392,0.597,-102.147,0.0014,23.3892,0.3585
124,000124.png,False,1788892722.116817,1788892722.056818,normal_unload,4,,0.0,0.03503,0.07541,-2.01661,-0.00037,-0.00052,0.00026,0.02749,0.06413,-2.06159,-0.00051,-0.00035,0.00017,0.00665,0.05052,-2.01768,3,37.9309,362.8244,35.6842,179.3389,0.5973,-102.1473,0.0031,23.3724,0.3753
125,000125.png,False,1788892722.312832,1788892722.252832,normal_unload,4,,0.0,0.03234,0.07657,-1.98611,-0.0004,-0.00049,0.0,0.02476,0.06524,-2.03129,-0.00054,-0.00031,-8e-05,0.00353,0.05066,-1.9872,3,37.9297,362.8243,35.684,179.339,0.5971,-102.147,0.0083,23.3722,0.3756
126,000126.png,False,1788892722.700805,1788892722.640805,normal_unload,4,,0.0,0.04471,0.10292,-1.92121,-0.00108,-0.0002,3e-05,0.03706,0.09149,-1.96679,-0.00123,-3e-05,-6e-05,0.00063,0.0807,-1.92279,3,37.9276,362.8373,35.6873,179.3385,0.5984,-102.1471,0.005,23.3757,0.3721
127,000127.png,False,1788892723.092973,1788892723.032973,normal_unload,4,,0.0,0.04544,0.10776,-1.8649,-0.00115,-0.00014,9e-05,0.03772,0.09622,-1.91088,-0.00129,4e-05,0.0,-0.00155,0.08615,-1.86657,3,37.9283,362.8403,35.6918,179.3387,0.5982,-102.1475,0.005,23.3803,0.3675
128,000128.png,False,1788892723.288924,1788892723.228924,normal_unload,4,,0.0,0.04121,0.1013,-1.81525,-0.001,-0.00019,0.00016,0.03347,0.08971,-1.86143,-0.00114,-1e-05,8e-05,-0.00232,0.07925,-1.81681,3,37.9269,362.8403,35.6969,179.339,0.5971,-102.1473,0.0004,23.3854,0.3624
129,000129.png,False,1788892723.480941,1788892723.420941,normal_unload,4,,0.0,0.03636,0.0834,-1.69591,-0.00061,-0.00027,-0.0002,0.02858,0.07177,-1.74229,-0.00076,-9e-05,-0.00028,0.00159,0.06323,-1.69717,3,37.9287,362.8318,35.7015,179.3401,0.5943,-102.1473,0.0099,23.3898,0.358
130,000130.png,False,1788892723.676991,1788892723.616992,normal_unload,4,,0.0,0.03483,0.07254,-1.63436,-0.00043,-0.00038,-0.00016,0.02702,0.06086,-1.68093,-0.00058,-0.0002,-0.00025,0.00526,0.05405,-1.63543,3,37.9296,362.8257,35.706,179.3408,0.5927,-102.1475,0.0039,23.3942,0.3536
131,000131.png,False,1788892723.872928,1788892723.812928,normal_unload,4,,0.0,0.03275,0.06817,-1.62073,-0.00024,-0.00039,4e-05,0.0249,0.05644,-1.66751,-0.00039,-0.00021,-4e-05,0.00555,0.04944,-1.62173,3,37.93,362.8259,35.7108,179.3412,0.5922,-102.1472,0.0012,23.399,0.3488
132,000132.png,False,1788892724.068949,1788892724.008950,normal_unload,4,,0.0,0.02904,0.061,-1.51114,-0.00013,-0.0004,-0.00019,0.02116,0.04921,-1.55812,-0.00027,-0.00022,-0.00028,0.00515,0.04313,-1.51202,3,37.9302,362.8219,35.7149,179.3416,0.5907,-102.1475,0.0063,23.403,0.3447
133,000133.png,False,1788892724.261014,1788892724.201014,normal_unload,4,,0.0,0.02844,0.06036,-1.44432,-0.00021,-0.00037,-0.00021,0.02053,0.04853,-1.4915,-0.00035,-0.00019,-0.0003,0.00449,0.04335,-1.44521,3,37.9317,362.8226,35.7237,179.3421,0.59,-102.1477,0.0071,23.4119,0.3359
134,000134.png,False,1788892724.456875,1788892724.396875,normal_unload,4,,0.0,0.02522,0.0524,-1.42634,-1e-05,-0.00034,-0.00018,0.01728,0.04052,-1.47372,-0.00015,-0.00015,-0.00027,0.00555,0.03514,-1.42708,3,37.9322,362.8208,35.7245,179.3422,0.5898,-102.1479,0.0077,23.4127,0.3351
135,000135.png,False,1788892724.849041,1788892724.789041,normal_unload,4,,0.0,0.02269,0.04961,-1.25062,-0.0002,-0.00039,7e-05,0.01467,0.03762,-1.2984,-0.00035,-0.0002,-2e-05,0.00354,0.03427,-1.25134,3,37.9314,362.8208,35.7465,179.3421,0.59,-102.1477,0.0074,23.4346,0.3132
136,000136.png,False,1788892725.044979,1788892724.984979,normal_unload,4,,0.0,0.02547,0.04974,-1.08613,-0.00028,-0.00042,-0.00014,0.01742,0.03771,-1.1341,-0.00042,-0.00024,-0.00023,0.00474,0.03841,-1.08687,3,37.9311,362.8218,35.7566,179.3423,0.59,-102.1477,0.0069,23.4447,0.3031
137,000137.png,False,1788892725.237001,1788892725.177001,normal_unload,4,,0.0,0.02673,0.05141,-0.99348,-0.00019,-0.00025,-8e-05,0.01865,0.03933,-1.04166,-0.00034,-6e-05,-0.00017,0.00436,0.04197,-0.99427,3,37.9317,362.8218,35.7683,179.3426,0.5894,-102.1479,0.0075,23.4564,0.2913
138,000138.png,False,1788892725.433028,1788892725.373029,normal_unload,4,,0.0,0.0253,0.05033,-0.95358,-0.00016,-0.00018,7e-05,0.01719,0.0382,-1.00195,-0.00031,1e-05,-1e-05,0.00338,0.04096,-0.95436,3,37.9321,362.821,35.7749,179.3425,0.5896,-102.1481,0.0061,23.463,0.2848
139,000139.png,False,1788892725.629045,1788892725.569046,normal_unload,4,,0.0,0.02522,0.04907,-0.77241,-0.00024,-0.00023,-0.00033,0.01707,0.03689,-0.82099,-0.00039,-5e-05,-0.00042,0.00268,0.04273,-0.77319,3,37.9308,362.8211,35.7911,179.3427,0.5886,-102.1479,0.001,23.4792,0.2686
140,000140.png,False,1788892725.825040,1788892725.765040,normal_unload,4,,0.0,0.02528,0.04817,-0.76418,-0.00036,-0.00028,-0.00021,0.0171,0.03594,-0.81296,-0.00051,-9e-05,-0.0003,0.00313,0.04211,-0.76495,3,37.9312,362.8237,35.7954,179.3428,0.5893,-102.1479,0.0046,23.4836,0.2642
141,000141.png,False,1788892726.017028,1788892725.957028,normal_unload,4,,0.0,0.02465,0.04758,-0.56594,-0.00026,-3e-05,-0.00015,0.01643,0.0353,-0.61492,-0.00041,0.00016,-0.00024,0.0015,0.04446,-0.56673,3,37.9316,362.8252,35.8249,179.342,0.5902,-102.1481,0.0063,23.513,0.2347
142,000142.png,False,1788892726.213058,1788892726.153058,normal_unload,4,,0.0,0.02397,0.04774,-0.57673,-0.00044,-0.00014,2e-05,0.01572,0.03541,-0.62591,-0.00059,5e-05,-7e-05,0.00091,0.04408,-0.57752,3,37.9313,362.8248,35.8251,179.3425,0.5901,-102.1479,0.0009,23.5133,0.2345
143,000143.png,False,1788892726.605032,1788892726.545032,normal_unload,4,,0.0,0.02651,0.04995,-0.41361,-0.00031,-3e-05,-0.00018,0.0182,0.03752,-0.46319,-0.00047,0.00017,-0.00028,0.00088,0.04988,-0.41447,3,37.9309,362.8304,35.8555,179.3422,0.5909,-102.1483,0.0099,23.5438,0.204
144,000144.png,False,1788892726.800970,1788892726.740970,normal_unload,4,,0.0,0.02368,0.04207,-0.22574,-0.00044,-9e-05,-0.00014,0.01533,0.02959,-0.27552,-0.0006,0.0001,-0.00023,0.00106,0.04465,-0.22649,3,37.9307,362.8288,35.8869,179.3423,0.5905,-102.1481,0.003,23.5752,0.1726
145,000145.png,False,1788892726.992985,1788892726.932985,normal_unload,4,,0.0,0.02264,0.04354,-0.26673,-0.00036,-0.0001,-9e-05,0.01426,0.031,-0.3167,-0.00051,9e-05,-0.00018,-0.00029,0.04474,-0.26749,3,37.9311,362.8304,35.8911,179.3425,0.5908,-102.1481,0.0082,23.5793,0.1684
146,000146.png,False,1788892731.481296,1788892731.421296,normal_load,5,,2.0,0.00897,0.00948,0.00515,0.00041,-0.00053,-0.0002,-0.00019,-0.0042,-0.04941,0.00024,-0.00031,-0.0003,0.00299,0.01278,0.00497,3,37.9357,362.7838,36.0164,179.3444,0.5859,-102.1509,0.0101,23.7039,0.0439
147,000147.png,False,1788892731.873272,1788892731.813272,normal_load,5,,2.0,0.00891,0.01021,-0.07093,0.00037,-0.00051,-3e-05,-0.00031,-0.00358,-0.1259,0.0002,-0.0003,-0.00013,0.00312,0.01216,-0.07111,3,37.9326,362.7975,35.9731,179.3435,0.5882,-102.1507,0.0004,23.6608,0.087
148,000148.png,False,1788892732.261306,1788892732.201306,normal_load,5,,2.0,0.01044,0.01781,-0.34286,0.00026,-0.00063,-0.00026,0.00116,0.00393,-0.39822,9e-05,-0.00041,-0.00037,0.00252,0.01515,-0.34313,3,37.9319,362.7936,35.8782,179.3438,0.5873,-102.1507,0.0012,23.5659,0.1819
149,000149.png,False,1788892732.457310,1788892732.397310,normal_load,5,,2.0,0.00707,0.01511,-0.72478,0.00063,-0.00079,4e-05,-0.00225,0.00118,-0.78035,0.00046,-0.00058,-6e-05,0.0036,0.00501,-0.72495,3,37.934,362.7838,35.8226,179.3441,0.5872,-102.1509,0.0067,23.5101,0.2377
150,000150.png,False,1788892732.653222,1788892732.593222,normal_load,5,,2.0,0.00395,0.0018,-0.79457,0.00097,-0.00098,0.00014,-0.0054,-0.01219,-0.85034,0.00079,-0.00076,4e-05,0.00803,-0.0092,-0.79449,4,37.9359,362.7709,35.809,179.3444,0.5859,-102.1507,0.0079,23.4963,0.2515
151,000151.png,False,1788892732.845348,1788892732.785348,normal_load,5,,2.0,0.00904,0.01887,-0.92338,0.00056,-0.00086,6e-05,-0.00034,0.00483,-0.97934,0.00038,-0.00064,-5e-05,0.00481,0.00607,-0.92358,3,37.9339,362.7822,35.7929,179.3428,0.5898,-102.1507,0.0011,23.4804,0.2674
152,000152.png,False,1788892733.041362,1788892732.981362,normal_load,5,,2.0,0.02644,0.06341,-1.07452,-0.00037,-0.0006,2e-05,0.01701,0.04932,-1.13069,-0.00054,-0.00038,-8e-05,-0.00133,0.05091,-1.07551,3,37.9282,362.8074,35.7695,179.3407,0.595,-102.1507,0.006,23.4574,0.2904
153,000153.png,False,1788892733.237337,1788892733.177337,normal_load,5,,2.0,0.02502,0.06137,-1.10932,-0.00033,-0.00057,-5e-05,0.01556,0.04723,-1.16569,-0.00051,-0.00035,-0.00016,-0.0013,0.04788,-1.11027,2,37.9286,362.8075,35.7663,179.3409,0.5946,-102.1505,0.0092,23.4542,0.2936
154,000154.png,False,1788892733.629263,1788892733.569263,normal_load,5,,2.0,0.02654,0.06321,-1.47917,-0.00021,-0.00084,-0.00019,0.01702,0.04897,-1.53593,-0.00039,-0.00062,-0.00029,0.00166,0.04431,-1.48009,3,37.9307,362.8004,35.7213,179.3419,0.5922,-102.1514,0.0038,23.4091,0.3387
155,000155.png,False,1788892733.821274,1788892733.761274,normal_load,5,,2.0,0.03038,0.0733,-1.82227,-0.00038,-0.00098,-0.00011,0.02083,0.05901,-1.87924,-0.00056,-0.00076,-0.00022,0.00233,0.04947,-1.82333,3,37.9293,362.806,35.6968,179.3416,0.5923,-102.1514,0.0058,23.3847,0.3631
156,000156.png,False,1788892734.017281,1788892733.957281,normal_load,5,,2.0,0.02495,0.06376,-1.85572,-6e-05,-0.00102,-6e-05,0.01536,0.04943,-1.91288,-0.00024,-0.0008,-0.00016,0.00262,0.03796,-1.85659,3,37.9307,362.8005,35.6933,179.342,0.5918,-102.1512,0.0087,23.3811,0.3667
157,000157.png,False,1788892734.797399,1788892734.737399,normal_unload,5,,0.0,0.03222,0.0778,-2.00764,-0.00048,-0.00109,5e-05,0.0225,0.06326,-2.0656,-0.00066,-0.00086,-6e-05,0.00296,0.05132,-2.00875,3,37.9283,362.8052,35.6806,179.3416,0.5928,-102.1514,0.0028,23.3685,0.3793
158,000158.png,False,1788892735.189414,1788892735.129414,normal_unload,5,,0.0,0.03656,0.08638,-1.97054,-0.00035,-0.00086,1e-05,0.02677,0.07175,-2.0289,-0.00054,-0.00064,-0.0001,0.00217,0.06152,-1.97181,3,37.9291,362.8105,35.6838,179.3414,0.5934,-102.1512,0.0093,23.3718,0.3759
159,000159.png,False,1788892735.381439,1788892735.321440,normal_unload,5,,0.0,0.04136,0.09898,-1.88236,-0.00086,-0.00078,-0.00013,0.03153,0.08429,-1.94091,-0.00104,-0.00056,-0.00024,-0.00058,0.07624,-1.88387,3,37.926,362.8189,35.688,179.3412,0.5938,-102.151,0.0011,23.3761,0.3717
160,000160.png,False,1788892735.577424,1788892735.517424,normal_unload,5,,0.0,0.03862,0.09221,-1.8787,-0.0005,-0.00062,-4e-05,0.02876,0.07747,-1.93746,-0.00068,-0.00039,-0.00014,0.00041,0.06906,-1.88009,3,37.9286,362.8128,35.6882,179.3419,0.5927,-102.1512,0.0061,23.3763,0.3715
161,000161.png,False,1788892735.773471,1788892735.713471,normal_unload,5,,0.0,0.0382,0.08681,-1.78325,-0.00067,-0.00082,-0.00013,0.02831,0.07202,-1.84221,-0.00085,-0.00059,-0.00024,0.00208,0.0657,-1.78456,3,37.9274,362.8159,35.6941,179.3421,0.5921,-102.1512,0.0048,23.3822,0.3656
162,000162.png,False,1788892735.969539,1788892735.909539,normal_unload,5,,0.0,0.03298,0.07227,-1.69131,-0.00037,-0.00089,-0.0,0.02306,0.05743,-1.75047,-0.00055,-0.00066,-0.00011,0.00419,0.05198,-1.69237,3,37.929,362.8082,35.7009,179.3432,0.5899,-102.1509,0.0056,23.3888,0.3589
163,000163.png,False,1788892736.165485,1788892736.105485,normal_unload,5,,0.0,0.02894,0.07241,-1.61599,-0.00025,-0.00079,3e-05,0.01898,0.05752,-1.67535,-0.00043,-0.00056,-8e-05,9e-05,0.05128,-1.61706,3,37.9295,362.8081,35.7101,179.3437,0.5887,-102.1514,0.0092,23.3981,0.3497
164,000164.png,False,1788892736.357459,1788892736.297459,normal_unload,5,,0.0,0.0288,0.06319,-1.59591,-9e-05,-0.00084,1e-05,0.01881,0.04825,-1.65547,-0.00028,-0.00061,-0.0001,0.00444,0.04355,-1.59682,3,37.9288,362.8061,35.7092,179.3438,0.588,-102.1511,0.0002,23.3971,0.3507
165,000165.png,False,1788892736.553470,1788892736.493470,normal_unload,5,,0.0,0.02637,0.05112,-1.51338,0.00023,-0.00087,-2e-05,0.01634,0.03613,-1.57314,4e-05,-0.00064,-0.00013,0.00779,0.0332,-1.51409,2,37.9312,362.8015,35.7161,179.3443,0.5868,-102.1514,0.006,23.404,0.3438
166,000166.png,False,1788892736.749398,1788892736.689398,normal_unload,5,,0.0,0.02542,0.05532,-1.39427,7e-05,-0.00087,-5e-05,0.01536,0.04028,-1.45423,-0.00012,-0.00064,-0.00016,0.00404,0.03827,-1.39507,3,37.9301,362.8047,35.7319,179.3443,0.588,-102.1509,0.0009,23.4197,0.328
167,000167.png,False,1788892736.945403,1788892736.885403,normal_unload,5,,0.0,0.02729,0.05138,-1.29632,0.0001,-0.00072,-4e-05,0.0172,0.03629,-1.35648,-8e-05,-0.00049,-0.00015,0.00696,0.03737,-1.29707,3,37.932,362.802,35.735,179.3446,0.5872,-102.152,0.004,23.4228,0.325
168,000168.png,False,1788892737.137419,1788892737.077420,normal_unload,5,,0.0,0.02437,0.04728,-1.09163,-1e-05,-0.0008,-0.0001,0.01424,0.03214,-1.15199,-0.0002,-0.00056,-0.00021,0.00505,0.03564,-1.09234,3,37.933,362.7989,35.7537,179.3452,0.5863,-102.152,0.005,23.4415,0.3063
169,000169.png,False,1788892737.333426,1788892737.273426,normal_unload,5,,0.0,0.02734,0.04516,-1.1114,0.00017,-0.00073,-6e-05,0.01718,0.02997,-1.17196,-2e-05,-0.0005,-0.00017,0.00883,0.03497,-1.11207,3,37.9326,362.8015,35.754,179.345,0.5867,-102.152,0.0,23.4418,0.3059
170,000170.png,False,1788892737.529431,1788892737.469431,normal_unload,5,,0.0,0.0245,0.04242,-0.99116,9e-05,-0.00068,-0.0,0.01431,0.02718,-1.05192,-0.0001,-0.00044,-0.00011,0.0069,0.0331,-0.99179,3,37.9321,362.7999,35.7668,179.3452,0.5863,-102.1522,0.0088,23.4546,0.2932
171,000171.png,False,1788892737.725441,1788892737.665441,normal_unload,5,,0.0,0.02436,0.0479,-0.95142,6e-05,-0.00058,-0.00021,0.01413,0.03261,-1.01238,-0.00013,-0.00035,-0.00032,0.00377,0.03841,-0.95216,3,37.9296,362.8105,35.7732,179.3447,0.5875,-102.152,0.0035,23.4611,0.2866
172,000172.png,False,1788892737.921448,1788892737.861449,normal_unload,5,,0.0,0.02537,0.04592,-0.80223,-6e-05,-0.00063,-0.00018,0.01511,0.03058,-0.86339,-0.00025,-0.0004,-0.00029,0.0046,0.03959,-0.80296,3,37.9312,362.8066,35.7879,179.3452,0.5869,-102.1522,0.0095,23.4758,0.272
173,000173.png,False,1788892738.113461,1788892738.053461,normal_unload,5,,0.0,0.02942,0.04963,-0.68427,-0.00039,-0.00061,-9e-05,0.01913,0.03424,-0.74562,-0.00058,-0.00037,-0.0002,0.00543,0.04673,-0.68508,2,37.9312,362.8094,35.8065,179.3448,0.5873,-102.1525,0.0003,23.4944,0.2533
174,000174.png,False,1788892738.309777,1788892738.249777,normal_unload,5,,0.0,0.027,0.04211,-0.6528,-2e-05,-0.00057,-0.0001,0.01667,0.02667,-0.71435,-0.00022,-0.00033,-0.00021,0.00688,0.0395,-0.65348,3,37.9325,362.8049,35.8109,179.3455,0.5861,-102.1527,0.0078,23.4988,0.249
175,000175.png,False,1788892738.505476,1788892738.445476,normal_unload,5,,0.0,0.02465,0.03538,-0.47311,9e-05,-0.00059,-0.0003,0.01429,0.01989,-0.53487,-0.0001,-0.00035,-0.00041,0.00696,0.03538,-0.4737,3,37.9319,362.8022,35.8337,179.3456,0.5857,-102.1527,0.0067,23.5215,0.2263
176,000176.png,False,1788892738.701564,1788892738.641564,normal_unload,5,,0.0,0.02336,0.03321,-0.47493,3e-05,-0.00062,-0.00014,0.01296,0.01768,-0.53689,-0.00016,-0.00038,-0.00025,0.00693,0.03283,-0.47548,3,37.9325,362.8018,35.84,179.3454,0.5858,-102.1527,0.0004,23.5278,0.22
177,000177.png,False,1788892738.893501,1788892738.833501,normal_unload,5,,0.0,0.0237,0.03233,-0.35967,9e-05,-0.0006,4e-05,0.01328,0.01674,-0.42182,-0.0001,-0.00036,-7e-05,0.00687,0.03408,-0.36022,4,37.932,362.8024,35.8655,179.3452,0.5862,-102.1527,0.0062,23.5533,0.1945
178,000178.png,False,1788892739.089562,1788892739.029562,normal_unload,5,,0.0,0.02175,0.03298,-0.3433,0.00013,-0.00054,1e-05,0.01129,0.01734,-0.40565,-7e-05,-0.00029,-0.0001,0.00474,0.03393,-0.34386,3,37.9328,362.8005,35.869,179.3454,0.5858,-102.1529,0.0009,23.5568,0.191
179,000179.png,False,1788892739.285573,1788892739.225574,normal_unload,5,,0.0,0.01976,0.02709,-0.18654,0.0001,-0.00051,0.0,0.00926,0.0114,-0.2491,-9e-05,-0.00026,-0.00011,0.00487,0.03035,-0.18702,3,37.9327,362.8018,35.9103,179.3456,0.5859,-102.1527,0.0054,23.5981,0.1497
180,000180.png,False,1788892739.481511,1788892739.421511,normal_unload,5,,0.0,0.02165,0.02715,-0.15693,0.0001,-0.00063,-0.00026,0.01112,0.01141,-0.21969,-0.0001,-0.00039,-0.00037,0.00627,0.03182,-0.15742,3,37.9338,362.8022,35.9111,179.3458,0.586,-102.1529,0.0095,23.5989,0.1489
181,000181.png,False,1788892743.381691,1788892743.321691,normal_load,6,,2.0,0.0148,0.00894,-0.01507,0.0005,-0.00073,-0.00048,0.0036,-0.0078,-0.08181,0.00029,-0.00047,-0.0006,0.00846,0.01489,-0.01525,3,37.9208,362.7765,35.9774,179.3508,0.5775,-102.1535,0.0094,23.6648,0.083
182,000182.png,False,1788892743.577694,1788892743.517694,normal_load,6,,2.0,0.02416,0.02945,-0.29696,0.00027,-0.00057,-0.00011,0.01293,0.01265,-0.36391,6e-05,-0.00031,-0.00024,0.00827,0.03281,-0.29747,3,37.9204,362.7963,35.8933,179.3501,0.5793,-102.1539,0.0057,23.5811,0.1667
183,000183.png,False,1788892743.773698,1788892743.713698,normal_load,6,,2.0,0.02432,0.02521,-0.33177,0.00033,-0.00055,-0.00036,0.01305,0.00837,-0.39892,0.00012,-0.00029,-0.00048,0.01077,0.02867,-0.3322,3,37.9225,362.793,35.8819,179.3502,0.5791,-102.1544,0.0032,23.5697,0.1781
184,000184.png,False,1788892743.965883,1788892743.905883,normal_load,6,,2.0,0.03345,0.03281,-0.50716,0.00024,-0.00042,-0.00021,0.02215,0.01592,-0.57451,3e-05,-0.00016,-0.00033,0.0161,0.03701,-0.50772,3,37.9269,362.8021,35.8454,179.3491,0.5824,-102.155,0.0008,23.5332,0.2146
185,000185.png,False,1788892744.161723,1788892744.101723,normal_load,6,,2.0,0.03364,0.0382,-0.64339,0.00014,-0.00044,-0.00015,0.02231,0.02126,-0.71094,-7e-05,-0.00018,-0.00027,0.01451,0.03959,-0.64402,3,37.9269,362.8022,35.8258,179.3491,0.5824,-102.155,0.0074,23.5137,0.2341
186,000186.png,False,1788892744.357724,1788892744.297724,normal_load,6,,2.0,0.04543,0.04527,-0.95673,0.00012,-0.00022,-9e-05,0.03407,0.02828,-1.02447,-9e-05,4e-05,-0.00022,0.02337,0.04658,-0.95746,3,37.9338,362.8055,35.7867,179.3482,0.5846,-102.1564,0.007,23.4746,0.2732
187,000187.png,False,1788892744.553764,1788892744.493764,normal_load,6,,2.0,0.04827,0.04518,-0.96543,0.00016,-0.00029,-0.00015,0.03687,0.02814,-1.03338,-5e-05,-3e-05,-0.00027,0.02593,0.04779,-0.96616,3,37.9348,362.8109,35.7804,179.3481,0.5848,-102.1566,0.0017,23.4684,0.2794
188,000188.png,False,1788892744.749861,1788892744.689861,normal_load,6,,2.0,0.05634,0.05079,-1.25985,0.00017,-0.00024,-0.00013,0.0449,0.0337,-1.328,-4e-05,2e-05,-0.00026,0.03216,0.05196,-1.26065,3,37.9365,362.8075,35.7493,179.3482,0.5846,-102.1568,0.004,23.4372,0.3106
189,000189.png,False,1788892744.941757,1788892744.881757,normal_load,6,,2.0,0.05556,0.05291,-1.28514,0.00016,-0.00013,-0.00035,0.04409,0.03577,-1.35348,-5e-05,0.00013,-0.00047,0.0306,0.053,-1.28597,3,37.9373,362.812,35.7409,179.3478,0.5854,-102.157,0.0008,23.4289,0.3189
190,000190.png,False,1788892745.137831,1788892745.077831,normal_load,6,,2.0,0.06107,0.06517,-1.4174,1e-05,-9e-05,-0.00029,0.04957,0.04798,-1.48595,-0.0002,0.00017,-0.00042,0.03017,0.06425,-1.41844,3,37.9367,362.8162,35.7303,179.3471,0.5872,-102.1572,0.0043,23.4183,0.3295
191,000191.png,False,1788892745.333980,1788892745.273980,normal_load,6,,2.0,0.06667,0.07595,-1.62242,-0.0002,-0.00014,-0.00037,0.05514,0.05871,-1.69116,-0.00042,0.00013,-0.0005,0.03105,0.0731,-1.62362,3,37.9365,362.8179,35.7102,179.3468,0.588,-102.157,0.0081,23.3983,0.3495
192,000192.png,False,1788892745.721787,1788892745.661788,normal_load,6,,2.0,0.0715,0.07909,-1.99406,-6e-05,-0.00021,-0.00016,0.0599,0.06175,-2.0632,-0.00027,6e-05,-0.00028,0.03624,0.07228,-1.99527,3,37.9379,362.8162,35.6808,179.3475,0.5867,-102.157,0.0083,23.3688,0.379
193,000193.png,False,1788892745.917964,1788892745.857964,normal_load,6,,2.0,0.07117,0.07597,-1.96446,-5e-05,-0.00031,-0.0003,0.05954,0.05858,-2.0338,-0.00027,-4e-05,-0.00043,0.03732,0.06989,-1.96562,3,37.9377,362.8161,35.6813,179.3477,0.5868,-102.1572,0.0067,23.3693,0.3784
194,000194.png,False,1788892746.113966,1788892746.053966,normal_unload,6,,0.0,0.07047,0.07839,-1.95204,-2e-05,-0.00018,-0.00036,0.0588,0.06095,-2.02159,-0.00024,9e-05,-0.00049,0.03541,0.07183,-1.95325,3,37.9379,362.8176,35.6824,179.3478,0.5873,-102.157,0.001,23.3705,0.3773
195,000195.png,False,1788892746.309936,1788892746.249936,normal_unload,6,,0.0,0.07043,0.07812,-1.96108,4e-05,-0.00024,-0.00018,0.05873,0.06063,-2.03082,-0.00018,3e-05,-0.00031,0.03557,0.07143,-1.96227,3,37.9381,362.8163,35.6817,179.3476,0.5872,-102.1572,0.0047,23.3697,0.3781
196,000196.png,False,1788892746.697948,1788892746.637949,normal_unload,6,,0.0,0.07384,0.07623,-1.91589,-3e-05,-0.00024,-0.00017,0.06207,0.05864,-1.98603,-0.00025,3e-05,-0.0003,0.03915,0.07223,-1.91707,3,37.9372,362.8188,35.6833,179.3476,0.5872,-102.1575,0.0029,23.3714,0.3764
197,000197.png,False,1788892746.893932,1788892746.833932,normal_unload,6,,0.0,0.07717,0.07253,-1.87085,8e-05,-0.0001,-0.0003,0.06537,0.05489,-1.94119,-0.00014,0.00017,-0.00042,0.04358,0.07141,-1.87198,3,37.9422,362.8155,35.6859,179.3479,0.5869,-102.1581,0.007,23.3739,0.3739
198,000198.png,False,1788892747.089907,1788892747.029907,normal_unload,6,,0.0,0.07266,0.06658,-1.84974,0.00018,-4e-05,-0.00015,0.06082,0.04889,-1.92028,-4e-05,0.00023,-0.00028,0.0425,0.06433,-1.85076,3,37.942,362.8147,35.6906,179.3481,0.586,-102.1579,0.002,23.3786,0.3692
199,000199.png,False,1788892747.286019,1788892747.226019,normal_unload,6,,0.0,0.07431,0.05965,-1.82182,0.00025,-0.00014,0.0,0.06244,0.04191,-1.89257,3e-05,0.00014,-0.00013,0.04719,0.05961,-1.82273,3,37.9437,362.8118,35.6913,179.3484,0.5852,-102.1581,0.0031,23.3792,0.3686
200,000200.png,False,1788892747.477983,1788892747.417984,normal_unload,6,,0.0,0.07021,0.04885,-1.73921,0.00065,-9e-05,3e-05,0.05831,0.03105,-1.81015,0.00043,0.00019,-0.0001,0.04847,0.04953,-1.73993,3,37.9455,362.807,35.6971,179.3495,0.583,-102.1581,0.0075,23.3849,0.3629
201,000201.png,False,1788892747.673961,1788892747.613961,normal_unload,6,,0.0,0.06571,0.03854,-1.64279,0.00094,-5e-05,6e-05,0.05377,0.0207,-1.71392,0.00072,0.00022,-7e-05,0.04905,0.0399,-1.64333,3,37.9472,362.8009,35.7045,179.3501,0.5809,-102.1583,0.0023,23.3922,0.3555
202,000202.png,False,1788892747.869874,1788892747.809874,normal_unload,6,,0.0,0.06895,0.03725,-1.62073,0.00074,-0.00021,2e-05,0.05699,0.01936,-1.69207,0.00051,6e-05,-0.00011,0.05235,0.04076,-1.62127,3,37.9459,362.804,35.7054,179.35,0.5818,-102.1583,0.003,23.3932,0.3546
203,000203.png,False,1788892748.065881,1788892748.005882,normal_unload,6,,0.0,0.0694,0.03442,-1.53897,0.00088,-0.00013,-0.0,0.0574,0.01648,-1.61051,0.00066,0.00015,-0.00013,0.05358,0.03983,-1.53947,3,37.9471,362.8023,35.7124,179.3504,0.5803,-102.1587,0.0116,23.4001,0.3477
204,000204.png,False,1788892748.257893,1788892748.197893,normal_unload,6,,0.0,0.06583,0.02334,-1.3804,0.00094,-0.00019,-5e-05,0.0538,0.00535,-1.45213,0.00072,9e-05,-0.00019,0.05494,0.031,-1.38072,3,37.9486,362.7989,35.724,179.3509,0.5796,-102.1587,0.0086,23.4116,0.3362
205,000205.png,False,1788892748.453984,1788892748.393984,normal_unload,6,,0.0,0.06653,0.02607,-1.3403,0.0009,-5e-05,-0.00012,0.05446,0.00803,-1.41224,0.00067,0.00023,-0.00025,0.05389,0.03435,-1.34068,3,37.948,362.8,35.728,179.3508,0.5798,-102.1587,0.0063,23.4157,0.3321
206,000206.png,False,1788892748.649992,1788892748.589993,normal_unload,6,,0.0,0.06502,0.02329,-1.19424,0.00095,5e-05,-7e-05,0.05292,0.0052,-1.26638,0.00072,0.00033,-0.00021,0.05297,0.03353,-1.19459,3,37.9507,362.7986,35.7423,179.3507,0.58,-102.1592,0.0009,23.4299,0.3179
207,000207.png,False,1788892748.846002,1788892748.786002,normal_unload,6,,0.0,0.07113,0.03411,-1.12079,0.00074,0.00028,-6e-05,0.059,0.01597,-1.19312,0.00052,0.00056,-0.0002,0.05235,0.04713,-1.12135,3,37.9502,362.805,35.7527,179.3508,0.5805,-102.1592,0.0056,23.4405,0.3073
208,000208.png,False,1788892749.042063,1788892748.982064,normal_unload,6,,0.0,0.0709,0.02532,-1.01509,0.00092,0.00023,-0.0001,0.05873,0.00712,-1.08762,0.00069,0.00051,-0.00023,0.05581,0.04109,-1.01551,3,37.9521,362.802,35.7615,179.3512,0.58,-102.1596,0.0097,23.4492,0.2986
209,000209.png,False,1788892749.234056,1788892749.174057,normal_unload,6,,0.0,0.0691,0.01809,-0.88004,0.00094,0.00017,-0.00021,0.0569,-0.00015,-0.95278,0.00072,0.00045,-0.00034,0.05692,0.0361,-0.88036,3,37.9548,362.797,35.7749,179.3515,0.5792,-102.16,0.0003,23.4625,0.2853
210,000210.png,False,1788892749.429941,1788892749.369941,normal_unload,6,,0.0,0.07016,0.01516,-0.85789,0.001,0.00024,-0.00027,0.05792,-0.00313,-0.93082,0.00077,0.00053,-0.00041,0.05914,0.03444,-0.85816,3,37.9536,362.7996,35.7785,179.3514,0.5796,-102.1598,0.0071,23.4661,0.2816
211,000211.png,False,1788892749.822066,1788892749.762066,normal_unload,6,,0.0,0.06775,0.0153,-0.71524,0.00093,0.00031,-0.00023,0.05545,-0.00309,-0.78858,0.0007,0.0006,-0.00037,0.056,0.03565,-0.71553,2,37.9553,362.7993,35.7964,179.3516,0.5785,-102.1605,0.0013,23.484,0.2638
212,000212.png,False,1788892750.014061,1788892749.954061,normal_unload,6,,0.0,0.06253,0.01228,-0.49343,0.00084,0.00031,-0.00018,0.0502,-0.00616,-0.56696,0.00061,0.00059,-0.00032,0.05145,0.03398,-0.49369,3,37.9574,362.799,35.8279,179.3518,0.579,-102.1607,0.0097,23.5155,0.2323
213,000213.png,False,1788892750.210099,1788892750.150100,normal_unload,6,,0.0,0.06488,0.01333,-0.53904,0.00095,0.00033,-2e-05,0.05251,-0.00516,-0.61278,0.00072,0.00062,-0.00016,0.05328,0.03533,-0.53932,3,37.9578,362.7975,35.8275,179.3519,0.5788,-102.1607,0.0031,23.5151,0.2327
214,000214.png,False,1788892750.406050,1788892750.346051,normal_unload,6,,0.0,0.06152,0.00921,-0.35038,0.00099,0.00036,-0.00012,0.04912,-0.00933,-0.42432,0.00076,0.00065,-0.00025,0.05112,0.0331,-0.35061,3,37.9586,362.7969,35.8593,179.3521,0.5789,-102.1607,0.0023,23.5468,0.201
215,000215.png,False,1788892750.602118,1788892750.542118,normal_unload,6,,0.0,0.06153,0.01057,-0.33804,0.00099,0.00035,-0.00019,0.04909,-0.00802,-0.41217,0.00075,0.00063,-0.00033,0.05036,0.03448,-0.33829,3,37.9581,362.7976,35.8634,179.3518,0.579,-102.1609,0.0081,23.551,0.1968
216,000216.png,False,1788892755.086309,1788892755.026309,normal_load,7,,2.0,0.02062,0.01933,-0.05141,0.00053,-0.00066,-0.00014,0.00741,-0.00042,-0.13013,0.00029,-0.00036,-0.00029,0.00856,0.02622,-0.05178,3,37.9352,362.7933,35.9711,179.3554,0.5722,-102.1641,0.0009,23.6587,0.0891
217,000217.png,False,1788892755.282313,1788892755.222313,normal_load,7,,2.0,0.02012,0.02449,-0.06717,0.00052,-0.00054,-6e-05,0.00688,0.00469,-0.14609,0.00027,-0.00023,-0.00021,0.00566,0.03018,-0.06762,3,37.9365,362.7953,35.9676,179.3553,0.5731,-102.1646,0.0067,23.6553,0.0925
218,000218.png,False,1788892755.478295,1788892755.418295,normal_load,7,,2.0,0.02321,0.03286,-0.21631,0.00029,-0.00052,-4e-05,0.00994,0.01301,-0.29544,4e-05,-0.00021,-0.00018,0.00519,0.03659,-0.2169,3,37.936,362.8039,35.9128,179.3539,0.5765,-102.1648,0.0065,23.6006,0.1472
219,000219.png,False,1788892755.674208,1788892755.614208,normal_load,7,,2.0,0.02491,0.03581,-0.23589,0.00029,-0.00052,-0.00026,0.0116,0.01591,-0.31522,4e-05,-0.00021,-0.0004,0.00533,0.03968,-0.23652,3,37.9342,362.8047,35.9046,179.3543,0.5762,-102.1644,0.0006,23.5924,0.1554
220,000220.png,False,1788892755.870217,1788892755.810217,normal_load,7,,2.0,0.02792,0.04346,-0.62854,0.00024,-0.00058,-0.00013,0.01457,0.02351,-0.70807,-1e-05,-0.00027,-0.00028,0.00683,0.04152,-0.62925,3,37.9338,362.8111,35.8212,179.354,0.5775,-102.1642,0.0057,23.5091,0.2386
221,000221.png,False,1788892756.062345,1788892756.002345,normal_load,7,,2.0,0.03001,0.04879,-0.66291,0.00016,-0.00054,-7e-05,0.01663,0.0288,-0.74264,-9e-05,-0.00023,-0.00022,0.00621,0.04663,-0.66372,3,37.9348,362.8087,35.8223,179.354,0.5768,-102.1646,0.0005,23.5102,0.2376
222,000222.png,False,1788892756.258238,1788892756.198238,normal_load,7,,2.0,0.03571,0.06853,-0.99439,-6e-05,-0.00061,2e-05,0.0223,0.04848,-1.07432,-0.00031,-0.0003,-0.00012,0.00358,0.06126,-0.9955,3,37.932,362.8179,35.7816,179.353,0.5794,-102.1644,0.0061,23.4697,0.2781
223,000223.png,False,1788892756.454372,1788892756.394372,normal_load,7,,2.0,0.03554,0.06497,-0.96805,-1e-05,-0.00064,-0.00015,0.0221,0.04487,-1.04817,-0.00026,-0.00033,-0.0003,0.00504,0.05852,-0.9691,3,37.9324,362.8164,35.7781,179.3533,0.5791,-102.1644,0.0087,23.4661,0.2817
224,000224.png,False,1788892756.650253,1788892756.590253,normal_load,7,,2.0,0.04175,0.08399,-1.07305,-0.00041,-0.00047,-0.00014,0.02827,0.06384,-1.15337,-0.00066,-0.00016,-0.00029,0.00164,0.07641,-1.07442,3,37.9318,362.828,35.7672,179.3517,0.5832,-102.1646,0.0034,23.4554,0.2924
225,000225.png,False,1788892756.842360,1788892756.782360,normal_load,7,,2.0,0.04429,0.09451,-1.3234,-0.00056,-0.00048,-0.00017,0.03078,0.07431,-1.40392,-0.00081,-0.00016,-0.00032,0.00032,0.08278,-1.32492,3,37.9294,362.8323,35.7396,179.3506,0.5851,-102.1646,0.0056,23.4279,0.3199
226,000226.png,False,1788892757.038399,1788892756.978400,normal_load,7,,2.0,0.04425,0.0978,-1.35095,-0.00053,-0.00043,-0.00017,0.0307,0.07756,-1.43168,-0.00078,-0.00012,-0.00032,-0.00117,0.08517,-1.35253,3,37.9307,362.8304,35.7335,179.3511,0.5839,-102.1646,0.0091,23.4218,0.326
227,000227.png,False,1788892757.626298,1788892757.566298,normal_load,7,,2.0,0.0505,0.09463,-2.01596,-0.00032,-0.00076,-9e-05,0.03686,0.07424,-2.09729,-0.00058,-0.00045,-0.00024,0.01044,0.0749,-2.0174,3,37.9331,362.8242,35.6787,179.3525,0.5823,-102.1646,0.0079,23.3669,0.3809
228,000228.png,False,1788892758.014435,1788892757.954435,normal_unload,7,,0.0,0.04866,0.09591,-1.99134,-0.00038,-0.00067,-0.0001,0.03495,0.07542,-2.07306,-0.00063,-0.00035,-0.00025,0.00803,0.07548,-1.9928,3,37.9322,362.8271,35.6783,179.3525,0.5828,-102.1646,0.0017,23.3665,0.3812
229,000229.png,False,1788892758.210411,1788892758.150411,normal_unload,7,,0.0,0.05159,0.09538,-1.99868,-0.00044,-0.00073,-1e-05,0.03784,0.07484,-2.0806,-0.00069,-0.00041,-0.00016,0.01089,0.07637,-2.00013,3,37.934,362.8279,35.6777,179.3524,0.5832,-102.1648,0.0072,23.366,0.3818
230,000230.png,False,1788892758.598416,1788892758.538416,normal_unload,7,,0.0,0.05148,0.09994,-1.956,-0.00042,-0.00065,-6e-05,0.03767,0.0793,-2.03831,-0.00067,-0.00033,-0.00021,0.00822,0.08095,-1.95753,3,37.933,362.8292,35.6801,179.3524,0.5832,-102.1648,0.0085,23.3684,0.3794
231,000231.png,False,1788892758.794459,1788892758.734459,normal_unload,7,,0.0,0.05523,0.10229,-1.90915,-0.00057,-0.00065,-5e-05,0.04139,0.08159,-1.99167,-0.00082,-0.00032,-0.00021,0.00997,0.08561,-1.91074,3,37.9314,362.8296,35.6833,179.3523,0.5827,-102.1648,0.0053,23.3716,0.3762
232,000232.png,False,1788892758.990354,1788892758.930354,normal_unload,7,,0.0,0.05339,0.0907,-1.83921,-0.00046,-0.00073,-0.00018,0.03952,0.06995,-1.92193,-0.00072,-0.00041,-0.00033,0.01368,0.07577,-1.84061,3,37.9327,362.8248,35.6902,179.3533,0.581,-102.1648,0.0001,23.3784,0.3694
233,000233.png,False,1788892759.186364,1788892759.126364,normal_unload,7,,0.0,0.04645,0.08599,-1.8128,-8e-05,-0.00065,-0.0001,0.03254,0.0652,-1.89572,-0.00034,-0.00033,-0.00026,0.00984,0.06865,-1.8141,3,37.9343,362.8234,35.6895,179.3533,0.5808,-102.1648,0.0053,23.3776,0.3702
234,000234.png,False,1788892759.378376,1788892759.318376,normal_unload,7,,0.0,0.04653,0.07734,-1.69755,-6e-05,-0.00071,-0.00025,0.03258,0.05649,-1.78067,-0.00032,-0.00038,-0.0004,0.01343,0.06304,-1.69872,3,37.9342,362.8201,35.6954,179.3542,0.5793,-102.1648,0.005,23.3835,0.3643
235,000235.png,False,1788892759.574390,1788892759.514390,normal_unload,7,,0.0,0.0389,0.06369,-1.61177,0.00016,-0.00077,-3e-05,0.02492,0.04279,-1.69508,-0.0001,-0.00044,-0.00018,0.01305,0.04878,-1.6127,3,37.9343,362.8161,35.7034,179.3548,0.5772,-102.1648,0.0006,23.3915,0.3563
236,000236.png,False,1788892759.770390,1788892759.710390,normal_unload,7,,0.0,0.04338,0.06494,-1.60046,0.00014,-0.00084,-0.00013,0.02937,0.04399,-1.68398,-0.00012,-0.00051,-0.00028,0.01623,0.05228,-1.60143,3,37.9364,362.8137,35.7065,179.355,0.5772,-102.165,0.0056,23.3945,0.3533
237,000237.png,False,1788892759.966398,1788892759.906398,normal_unload,7,,0.0,0.03711,0.05551,-1.5034,0.0004,-0.00079,-9e-05,0.02306,0.03451,-1.58712,0.00014,-0.00047,-0.00024,0.01483,0.04253,-1.5042,3,37.9366,362.8132,35.7138,179.3554,0.5762,-102.165,0.0095,23.4018,0.346
238,000238.png,False,1788892760.354420,1788892760.294420,normal_unload,7,,0.0,0.03744,0.04824,-1.39927,0.00064,-0.00073,-4e-05,0.02333,0.02715,-1.48339,0.00038,-0.00041,-0.00019,0.01803,0.03808,-1.39997,3,37.9373,362.8071,35.7242,179.3564,0.5745,-102.165,0.0065,23.4121,0.3357
239,000239.png,False,1788892760.550701,1788892760.490701,normal_unload,7,,0.0,0.0331,0.04249,-1.24509,0.0006,-0.00065,-4e-05,0.01895,0.02135,-1.32941,0.00033,-0.00032,-0.0002,0.01607,0.03339,-1.24571,3,37.9369,362.8097,35.7381,179.3567,0.5744,-102.165,0.0003,23.426,0.3218
240,000240.png,False,1788892760.746430,1788892760.686430,normal_unload,7,,0.0,0.04268,0.05492,-1.09462,0.00023,-0.00061,-0.00019,0.0285,0.03373,-1.17914,-3e-05,-0.00028,-0.00034,0.01711,0.05136,-1.09549,3,37.9373,362.8164,35.7531,179.3561,0.5763,-102.1657,0.0054,23.4412,0.3066
241,000241.png,False,1788892760.942440,1788892760.882440,normal_unload,7,,0.0,0.04155,0.0497,-1.02476,0.00043,-0.00052,-0.00033,0.02733,0.02845,-1.10948,0.00016,-0.00019,-0.00049,0.01826,0.04738,-1.02555,3,37.9381,362.815,35.7572,179.3562,0.5761,-102.1655,0.0031,23.4452,0.3026
242,000242.png,False,1788892761.134538,1788892761.074538,normal_unload,7,,0.0,0.04126,0.04827,-0.8976,0.00036,-0.00056,-0.0003,0.02701,0.02697,-0.98251,0.0001,-0.00023,-0.00046,0.01785,0.04804,-0.89838,3,37.9393,362.816,35.7713,179.3566,0.5757,-102.1659,0.0023,23.4593,0.2885
243,000243.png,False,1788892761.330613,1788892761.270613,normal_unload,7,,0.0,0.03948,0.0454,-0.8745,0.00044,-0.00051,-0.00024,0.0252,0.02405,-0.95962,0.00018,-0.00018,-0.0004,0.01757,0.04503,-0.87523,3,37.938,362.8139,35.7759,179.3567,0.5753,-102.1657,0.0083,23.4639,0.2839
244,000244.png,False,1788892761.722576,1788892761.662576,normal_unload,7,,0.0,0.0344,0.03888,-0.72168,0.00043,-0.00055,-9e-05,0.02005,0.01743,-0.80719,0.00017,-0.00022,-0.00025,0.01538,0.0393,-0.72231,3,37.9413,362.8083,35.7972,179.3578,0.5739,-102.1659,0.0099,23.485,0.2628
245,000245.png,False,1788892762.110574,1788892762.050574,normal_unload,7,,0.0,0.03495,0.03341,-0.51572,0.00046,-0.00054,-0.00018,0.02054,0.01186,-0.60164,0.00019,-0.00021,-0.00034,0.01716,0.03814,-0.51629,3,37.9412,362.8071,35.8292,179.3581,0.5738,-102.1659,0.007,23.517,0.2308
246,000246.png,False,1788892762.306580,1788892762.246580,normal_unload,7,,0.0,0.03272,0.02789,-0.38083,0.00031,-0.00051,-0.00011,0.01827,0.00629,-0.46694,4e-05,-0.00018,-0.00027,0.01705,0.0344,-0.38132,3,37.9425,362.8049,35.8494,179.3583,0.5732,-102.1661,0.0077,23.5372,0.2106
247,000247.png,False,1788892762.502604,1788892762.442605,normal_unload,7,,0.0,0.03719,0.03494,-0.38795,0.00023,-0.0005,5e-05,0.02271,0.0133,-0.47427,-4e-05,-0.00016,-0.0001,0.01744,0.04263,-0.38857,3,37.9405,362.8145,35.8588,179.3581,0.5743,-102.1659,0.0028,23.5468,0.201
248,000248.png,False,1788892762.890624,1788892762.830624,normal_unload,7,,0.0,0.03741,0.03788,-0.1896,0.00025,-0.00034,-4e-05,0.02287,0.01613,-0.27631,-2e-05,-0.0,-0.0002,0.0148,0.04847,-0.1903,3,37.9408,362.8133,35.9069,179.3579,0.5747,-102.1668,0.0039,23.5948,0.1529
249,000249.png,False,1788892766.794780,1788892766.734781,normal_load,8,,2.0,0.02937,0.01394,0.0343,0.00058,-0.00049,-0.00017,0.01415,-0.00881,-0.05641,0.0003,-0.00014,-0.00033,0.01824,0.0273,0.03399,2,37.9515,362.7843,36.0037,179.362,0.569,-102.172,0.0066,23.691,0.0568
250,000250.png,False,1788892767.182836,1788892767.122836,normal_load,8,,2.0,0.03513,0.02153,-0.19543,0.00075,-0.00041,-0.00023,0.01985,-0.00132,-0.28653,0.00046,-6e-05,-0.0004,0.02103,0.03307,-0.19584,3,37.9545,362.7869,35.9122,179.362,0.5692,-102.1724,0.0075,23.5996,0.1481
251,000251.png,False,1788892767.378844,1788892767.318844,normal_load,8,,2.0,0.03716,0.03428,-0.58947,0.00064,-0.00046,-0.00022,0.02185,0.01138,-0.68077,0.00036,-0.0001,-0.00039,0.01915,0.03882,-0.59005,3,37.9541,362.7918,35.8317,179.3618,0.5703,-102.1729,0.0075,23.5192,0.2286
252,000252.png,False,1788892767.574838,1788892767.514838,normal_load,8,,2.0,0.03944,0.03801,-0.56511,0.00055,-0.00046,-0.00024,0.02409,0.01506,-0.65661,0.00027,-0.00011,-0.0004,0.01909,0.04358,-0.56576,3,37.9533,362.7925,35.8341,179.3618,0.5703,-102.1726,0.0024,23.5216,0.2262
253,000253.png,False,1788892767.962839,1788892767.902839,normal_load,8,,2.0,0.0481,0.05509,-0.86926,-3e-05,-0.0006,-0.00029,0.03268,0.03204,-0.96116,-0.00032,-0.00024,-0.00046,0.02017,0.05782,-0.87018,3,37.9537,362.805,35.7848,179.3601,0.575,-102.1727,0.0077,23.4725,0.2753
254,000254.png,False,1788892768.158854,1788892768.098855,normal_load,8,,2.0,0.05176,0.06626,-0.98739,-0.0001,-0.00038,-0.00024,0.03631,0.04316,-1.07949,-0.00039,-3e-05,-0.00041,0.01857,0.06743,-0.98849,3,37.9508,362.8121,35.7747,179.3593,0.5775,-102.1727,0.0019,23.4626,0.2852
255,000255.png,False,1788892768.354812,1788892768.294812,normal_load,8,,2.0,0.05701,0.07428,-1.32088,2e-05,-0.00049,-0.00028,0.04152,0.05113,-1.41318,-0.00027,-0.00013,-0.00045,0.02143,0.07166,-1.32208,3,37.9512,362.8111,35.7381,179.3592,0.577,-102.1729,0.0097,23.4259,0.3219
256,000256.png,False,1788892768.550859,1788892768.490859,normal_load,8,,2.0,0.06027,0.07304,-1.44759,5e-05,-0.00045,-0.00019,0.04475,0.04984,-1.54009,-0.00024,-9e-05,-0.00036,0.02575,0.07018,-1.44875,3,37.954,362.8086,35.7203,179.36,0.5752,-102.1733,0.0032,23.4081,0.3397
257,000257.png,False,1788892768.746892,1788892768.686893,normal_load,8,,2.0,0.06369,0.08232,-1.67654,-4e-05,-0.00048,-4e-05,0.04814,0.05907,-1.76925,-0.00033,-0.00012,-0.00021,0.02566,0.07627,-1.67784,3,37.9533,362.8114,35.7073,179.3595,0.5764,-102.1731,0.0023,23.3952,0.3526
258,000258.png,False,1788892768.938791,1788892768.878791,normal_load,8,,2.0,0.06491,0.08273,-1.77245,-7e-05,-0.00038,-4e-05,0.04933,0.05943,-1.86535,-0.00036,-2e-05,-0.00021,0.02718,0.07569,-1.77374,3,37.9558,362.813,35.6954,179.3594,0.5766,-102.1735,0.0084,23.3833,0.3645
259,000259.png,False,1788892770.695022,1788892770.635022,normal_unload,8,,0.0,0.07892,0.07789,-1.95509,0.00016,-0.00036,-0.00024,0.06303,0.05414,-2.04979,-0.00014,1e-05,-0.00041,0.04299,0.07557,-1.9563,3,37.9629,362.8095,35.6772,179.361,0.5756,-102.1744,0.0005,23.365,0.3828
260,000260.png,False,1788892771.086891,1788892771.026891,normal_unload,8,,0.0,0.07254,0.0683,-1.87978,0.00049,-0.00026,-0.00014,0.05658,0.04445,-1.97488,0.00019,0.00011,-0.00032,0.04174,0.06529,-1.88082,3,37.9633,362.8082,35.6815,179.3616,0.5742,-102.1746,0.0023,23.3693,0.3785
261,000261.png,False,1788892771.282949,1788892771.222950,normal_unload,8,,0.0,0.07042,0.05239,-1.78484,0.00079,-0.0004,-0.00028,0.05443,0.02849,-1.88014,0.0005,-3e-05,-0.00045,0.04719,0.05197,-1.78562,3,37.9647,362.8021,35.6887,179.3625,0.5725,-102.1748,0.0075,23.3763,0.3714
262,000262.png,False,1788892771.475027,1788892771.415027,normal_unload,8,,0.0,0.06519,0.04115,-1.68444,0.00121,-0.00027,-0.00023,0.04917,0.0172,-1.77994,0.00092,0.0001,-0.0004,0.04758,0.04123,-1.68503,3,37.9672,362.7989,35.6951,179.3636,0.5704,-102.175,0.0023,23.3827,0.3651
263,000263.png,False,1788892771.671046,1788892771.611046,normal_unload,8,,0.0,0.06634,0.04292,-1.68231,0.00101,-0.0003,-0.00024,0.05028,0.01892,-1.77801,0.00072,7e-05,-0.00041,0.04768,0.04337,-1.68293,3,37.9664,362.7979,35.6957,179.3632,0.5707,-102.175,0.0066,23.3832,0.3645
264,000264.png,False,1788892771.866920,1788892771.806921,normal_unload,8,,0.0,0.0639,0.03913,-1.60415,0.00111,-0.00041,-7e-05,0.04781,0.01508,-1.70005,0.00081,-4e-05,-0.00025,0.04692,0.04012,-1.60471,3,37.9676,362.7963,35.7021,179.364,0.5693,-102.175,0.0008,23.3896,0.3582
265,000265.png,False,1788892772.255058,1788892772.195058,normal_unload,8,,0.0,0.06077,0.03449,-1.42485,0.00123,-0.00033,-0.00028,0.04462,0.01034,-1.52115,0.00093,5e-05,-0.00046,0.04529,0.03741,-1.42535,3,37.9683,362.7935,35.7197,179.3641,0.5691,-102.1753,0.0064,23.4071,0.3406
266,000266.png,False,1788892772.451014,1788892772.391014,normal_unload,8,,0.0,0.06168,0.03279,-1.29209,0.0011,-0.00031,-0.00015,0.0455,0.00859,-1.38858,0.0008,6e-05,-0.00032,0.04601,0.03852,-1.29258,3,37.9687,362.7933,35.7289,179.3643,0.5692,-102.1753,0.0009,23.4164,0.3314
267,000267.png,False,1788892772.647011,1788892772.587011,normal_unload,8,,0.0,0.05852,0.02844,-1.17996,0.00118,-0.00025,-0.00018,0.0423,0.00419,-1.27666,0.00088,0.00013,-0.00036,0.04466,0.03498,-1.18039,3,37.9681,362.7923,35.7405,179.3642,0.5689,-102.1752,0.008,23.4279,0.3199
268,000268.png,False,1788892772.843036,1788892772.783036,normal_unload,8,,0.0,0.05894,0.02534,-1.13794,0.00119,-0.00024,-0.00029,0.04269,0.00104,-1.23483,0.00089,0.00013,-0.00046,0.04628,0.03317,-1.13832,3,37.9695,362.7917,35.7438,179.3643,0.5685,-102.1755,0.0066,23.4312,0.3166
269,000269.png,False,1788892773.231064,1788892773.171064,normal_unload,8,,0.0,0.05513,0.01666,-0.97168,0.00139,-0.00021,-0.00024,0.0388,-0.00774,-1.06898,0.00109,0.00017,-0.00042,0.04616,0.02641,-0.97193,3,37.9698,362.7882,35.7611,179.3651,0.5672,-102.1755,0.0035,23.4485,0.2993
270,000270.png,False,1788892773.623099,1788892773.563099,normal_unload,8,,0.0,0.05722,0.01849,-0.81383,0.00114,-0.00015,-0.00014,0.04083,-0.00601,-0.91153,0.00084,0.00023,-0.00032,0.04597,0.03157,-0.81414,3,37.9725,362.7902,35.7852,179.3653,0.5673,-102.1759,0.0071,23.4725,0.2753
271,000271.png,False,1788892773.819094,1788892773.759094,normal_unload,8,,0.0,0.05616,0.01235,-0.65395,0.00121,-4e-05,-0.00015,0.03973,-0.0122,-0.75184,0.00091,0.00034,-0.00033,0.04701,0.02828,-0.65417,3,37.9746,362.7888,35.8011,179.3656,0.5672,-102.1761,0.0076,23.4884,0.2594
272,000272.png,False,1788892774.011105,1788892773.951105,normal_unload,8,,0.0,0.06079,0.01718,-0.56184,0.00124,0.00011,-0.00031,0.04434,-0.00743,-0.65994,0.00093,0.00049,-0.00049,0.04797,0.03625,-0.56218,3,37.9763,362.7896,35.8171,179.3658,0.5672,-102.1766,0.0023,23.5044,0.2433
273,000273.png,False,1788892774.207017,1788892774.147017,normal_unload,8,,0.0,0.0559,0.01384,-0.48778,0.00121,0.0001,-0.00018,0.03941,-0.01081,-0.58608,0.0009,0.00048,-0.00036,0.04489,0.0321,-0.48806,3,37.9766,362.7879,35.8269,179.3662,0.5662,-102.1763,0.0079,23.5142,0.2336
274,000274.png,False,1788892774.403029,1788892774.343029,normal_unload,8,,0.0,0.06122,0.01643,-0.37467,0.00124,0.0002,-0.00016,0.0447,-0.00827,-0.47316,0.00094,0.00059,-0.00034,0.04742,0.03882,-0.37502,3,37.9774,362.7922,35.8513,179.3658,0.5672,-102.1768,0.007,23.5386,0.2092
275,000275.png,False,1788892774.599031,1788892774.539032,normal_unload,8,,0.0,0.05235,-0.0006,-0.3209,0.00131,-5e-05,-0.00022,0.03579,-0.02535,-0.4196,0.001,0.00034,-0.0004,0.04787,0.0205,-0.32095,3,37.9796,362.779,35.8566,179.3666,0.5652,-102.177,0.0016,23.5437,0.2041
276,000276.png,False,1788892774.791143,1788892774.731143,normal_unload,8,,0.0,0.05129,-0.0049,-0.17746,0.0015,0.0,-0.0001,0.0347,-0.0297,-0.27635,0.00119,0.00039,-0.00028,0.0481,0.01854,-0.17745,3,37.9793,362.7774,35.8945,179.3663,0.566,-102.1768,0.0051,23.5815,0.1663
277,000277.png,False,1788892779.279336,1788892779.219337,normal_load,9,,2.0,0.01108,0.04675,-0.01254,0.00041,-0.00085,-0.00044,-0.00629,0.0208,-0.11602,9e-05,-0.00045,-0.00063,-0.01368,0.04582,-0.01337,3,37.9,362.8118,35.953,179.3685,0.5683,-102.1744,0.0052,23.6412,0.1066
278,000278.png,False,1788892779.475359,1788892779.415359,normal_load,9,,2.0,0.01651,0.05654,-0.13217,0.00023,-0.00087,-0.00035,-0.00088,0.03053,-0.23586,-9e-05,-0.00046,-0.00054,-0.01303,0.0551,-0.13316,3,37.8998,362.8196,35.9262,179.3675,0.5714,-102.1744,0.0095,23.6145,0.1333
279,000279.png,False,1788892779.671343,1788892779.611343,normal_load,9,,2.0,0.01792,0.05402,-0.34614,0.00029,-0.001,-0.00022,0.00049,0.02796,-0.45002,-3e-05,-0.00059,-0.00041,-0.00906,0.05019,-0.34706,3,37.9005,362.8184,35.8605,179.3683,0.5705,-102.1744,0.0016,23.5488,0.199
280,000280.png,False,1788892779.867263,1788892779.807263,normal_load,9,,2.0,0.0218,0.0732,-0.55381,-1e-05,-0.00092,-0.00035,0.00434,0.0471,-0.65789,-0.00033,-0.00052,-0.00054,-0.01385,0.06542,-0.55503,3,37.9005,362.8256,35.8304,179.3675,0.5726,-102.1746,0.0053,23.5188,0.229
281,000281.png,False,1788892780.059278,1788892779.999278,normal_load,9,,2.0,0.02781,0.08362,-0.68666,-0.00014,-0.0008,-0.00032,0.01031,0.05746,-0.79094,-0.00047,-0.00039,-0.00051,-0.01293,0.07531,-0.68806,3,37.8996,362.8317,35.8086,179.3666,0.5753,-102.1746,0.0053,23.4971,0.2507
282,000282.png,False,1788892780.255278,1788892780.195278,normal_load,9,,2.0,0.0318,0.09767,-0.85821,-0.00036,-0.00082,-0.00021,0.01427,0.07147,-0.96269,-0.00069,-0.00042,-0.0004,-0.01531,0.08673,-0.85983,3,37.8971,362.8404,35.7903,179.3654,0.5783,-102.1744,0.0003,23.479,0.2688
283,000283.png,False,1788892780.451425,1788892780.391425,normal_load,9,,2.0,0.04249,0.11791,-0.96649,-0.0008,-0.00062,-0.00022,0.02493,0.09165,-1.07118,-0.00113,-0.00021,-0.00041,-0.01541,0.10786,-0.96848,3,37.8956,362.8514,35.7781,179.3635,0.5834,-102.1745,0.0092,23.4669,0.2808
284,000284.png,False,1788892780.647384,1788892780.587384,normal_load,9,,2.0,0.03961,0.11199,-1.00507,-0.00066,-0.00072,-0.00029,0.02202,0.08568,-1.10995,-0.00098,-0.00031,-0.00049,-0.01467,0.10068,-1.00693,3,37.8964,362.8503,35.7702,179.3642,0.5823,-102.1744,0.0018,23.459,0.2887
285,000285.png,False,1788892780.839401,1788892780.779401,normal_load,9,,2.0,0.0386,0.11237,-1.22542,-0.00054,-0.00081,-0.00032,0.02097,0.08601,-1.3305,-0.00087,-0.0004,-0.00052,-0.01421,0.09698,-1.22726,3,37.8975,362.8466,35.7476,179.3645,0.5817,-102.1744,0.0077,23.4363,0.3114
286,000286.png,False,1788892781.035312,1788892780.975312,normal_load,9,,2.0,0.03534,0.09564,-1.68568,-0.0001,-0.00129,-0.00023,0.01768,0.06924,-1.79096,-0.00043,-0.00088,-0.00043,-0.00548,0.07349,-1.68715,3,37.9008,362.8349,35.7049,179.3668,0.5765,-102.1746,0.0068,23.3935,0.3543
287,000287.png,False,1788892781.231415,1788892781.171415,normal_load,9,,2.0,0.0373,0.10484,-1.70889,-0.00036,-0.0011,-0.00021,0.0196,0.07839,-1.81437,-0.00069,-0.00069,-0.0004,-0.00823,0.08206,-1.71052,3,37.8988,362.84,35.7008,179.3661,0.5783,-102.1744,0.0021,23.3895,0.3583
288,000288.png,False,1788892781.619437,1788892781.559437,normal_load,9,,2.0,0.04502,0.11821,-1.8701,-0.00051,-0.00099,-0.00018,0.02726,0.09166,-1.97598,-0.00084,-0.00058,-0.00037,-0.0071,0.09492,-1.87195,3,37.8995,362.843,35.6875,179.3652,0.5803,-102.1749,0.0074,23.3762,0.3716
289,000289.png,False,1788892782.791496,1788892782.731496,normal_unload,9,,0.0,0.05137,0.12126,-2.05174,-0.00047,-0.00106,-0.00015,0.03341,0.0944,-2.15881,-0.00081,-0.00064,-0.00034,-0.00186,0.09782,-2.05363,3,37.9008,362.8459,35.6719,179.3658,0.5808,-102.1749,0.0041,23.3606,0.3872
290,000290.png,False,1788892783.183476,1788892783.123477,normal_unload,9,,0.0,0.04921,0.10627,-1.88447,-0.00021,-0.001,-0.00024,0.03118,0.07931,-1.99196,-0.00055,-0.00058,-0.00043,0.0026,0.08644,-1.88613,3,37.903,362.8395,35.6834,179.3681,0.5768,-102.1749,0.009,23.372,0.3758
291,000291.png,False,1788892783.375418,1788892783.315418,normal_unload,9,,0.0,0.04444,0.095,-1.80896,2e-05,-0.00097,-0.00023,0.02637,0.06799,-1.91663,-0.00031,-0.00055,-0.00043,0.00357,0.0755,-1.81042,3,37.9052,362.8343,35.6861,179.3689,0.576,-102.1749,0.0016,23.3746,0.3731
292,000292.png,False,1788892783.571497,1788892783.511497,normal_unload,9,,0.0,0.0454,0.08683,-1.75517,0.00028,-0.00111,-8e-05,0.0273,0.05978,-1.86305,-5e-05,-0.00069,-0.00028,0.00811,0.06977,-1.7565,3,37.9055,362.833,35.6905,179.3695,0.5746,-102.1749,0.0056,23.3791,0.3687
293,000293.png,False,1788892783.767438,1788892783.707438,normal_unload,9,,0.0,0.04143,0.08357,-1.71024,0.0003,-0.00107,2e-05,0.0233,0.05646,-1.81832,-4e-05,-0.00065,-0.00018,0.00599,0.06568,-1.71151,3,37.9058,362.8266,35.6969,179.3703,0.573,-102.1746,0.0001,23.3853,0.3625
294,000294.png,False,1788892783.963534,1788892783.903534,normal_unload,9,,0.0,0.04299,0.08116,-1.67145,0.00037,-0.00112,-6e-05,0.02483,0.054,-1.77973,4e-05,-0.0007,-0.00026,0.00828,0.06499,-1.67269,3,37.9067,362.829,35.6968,179.3703,0.573,-102.1751,0.0047,23.3853,0.3625
295,000295.png,False,1788892784.155530,1788892784.095531,normal_unload,9,,0.0,0.04039,0.07227,-1.55862,0.00041,-0.00114,-0.0002,0.02219,0.04507,-1.66709,7e-05,-0.00071,-0.0004,0.00968,0.0578,-1.55971,3,37.9068,362.8278,35.7056,179.3708,0.5718,-102.1749,0.0034,23.3941,0.3537
296,000296.png,False,1788892784.351556,1788892784.291556,normal_unload,9,,0.0,0.03899,0.06687,-1.43165,0.00048,-0.00102,-0.00025,0.02075,0.03961,-1.54032,0.00014,-0.0006,-0.00045,0.01029,0.05446,-1.43266,3,37.9093,362.8244,35.7137,179.3716,0.5705,-102.1753,0.0018,23.4021,0.3457
297,000297.png,False,1788892784.547472,1788892784.487472,normal_unload,9,,0.0,0.0395,0.06845,-1.41725,0.00056,-0.00096,-0.00038,0.02124,0.04115,-1.52612,0.00022,-0.00053,-0.00058,0.00984,0.05632,-1.4183,3,37.9082,362.8238,35.7179,179.3716,0.5712,-102.1753,0.0069,23.4063,0.3415
298,000298.png,False,1788892784.743566,1788892784.683566,normal_unload,9,,0.0,0.03911,0.06486,-1.26976,0.00051,-0.00108,-0.00012,0.02081,0.03751,-1.37884,0.00017,-0.00065,-0.00032,0.01028,0.05538,-1.27077,3,37.9088,362.8246,35.7296,179.3719,0.5704,-102.1753,0.0079,23.4179,0.3299
299,000299.png,False,1788892784.939572,1788892784.879572,normal_unload,9,,0.0,0.04097,0.05966,-1.12127,0.00055,-0.00089,-0.00011,0.02264,0.03225,-1.23055,0.00021,-0.00047,-0.00031,0.01346,0.05418,-1.12222,3,37.9105,362.8227,35.745,179.3725,0.5706,-102.1753,0.0011,23.4333,0.3145
300,000300.png,False,1788892785.131618,1788892785.071618,normal_unload,9,,0.0,0.03846,0.05223,-1.11121,0.00089,-0.00088,-0.00022,0.0201,0.02477,-1.22068,0.00055,-0.00045,-0.00042,0.01493,0.04665,-1.11202,3,37.912,362.8183,35.7462,179.3731,0.5697,-102.1753,0.0086,23.4344,0.3134
301,000301.png,False,1788892785.327591,1788892785.267591,normal_unload,9,,0.0,0.03639,0.04053,-0.95225,0.00092,-0.00101,-7e-05,0.01799,0.01302,-1.06192,0.00058,-0.00059,-0.00027,0.01788,0.03803,-0.95288,3,37.9128,362.8157,35.7627,179.3735,0.5694,-102.1755,0.0209,23.4509,0.2969
302,000302.png,False,1788892785.523598,1788892785.463598,normal_unload,9,,0.0,0.04359,0.0577,-0.91203,0.00058,-0.0008,-0.00037,0.02516,0.03014,-1.0219,0.00024,-0.00037,-0.00057,0.01525,0.05714,-0.91297,3,37.9101,362.8247,35.7633,179.373,0.5704,-102.1753,0.0043,23.4516,0.2961
303,000303.png,False,1788892785.911631,1788892785.851631,normal_unload,9,,0.0,0.04814,0.06892,-0.78251,0.00025,-0.00061,-0.00019,0.02964,0.04127,-0.89278,-0.0001,-0.00019,-0.00039,0.01269,0.07121,-0.78368,3,37.9101,362.8384,35.7869,179.373,0.5717,-102.1757,0.0044,23.4754,0.2724
304,000304.png,False,1788892786.107541,1788892786.047541,normal_unload,9,,0.0,0.04735,0.0706,-0.61623,0.00017,-0.00057,7e-05,0.02882,0.0429,-0.7267,-0.00018,-0.00014,-0.00014,0.01001,0.07494,-0.61745,3,37.9104,362.8359,35.8099,179.3731,0.5713,-102.1757,0.0097,23.4984,0.2494
305,000305.png,False,1788892786.303628,1788892786.243629,normal_unload,9,,0.0,0.05304,0.07642,-0.53136,4e-05,-0.0003,-9e-05,0.03448,0.04866,-0.64203,-0.0003,0.00013,-0.00029,0.01145,0.08418,-0.53271,3,37.9112,362.8392,35.8233,179.3736,0.572,-102.1757,0.0051,23.5118,0.236
306,000306.png,False,1788892786.695631,1788892786.635631,normal_unload,9,,0.0,0.04203,0.0616,-0.37064,0.00033,-0.00047,-0.00023,0.02339,0.03375,-0.48172,-2e-05,-4e-05,-0.00043,0.0082,0.06841,-0.37174,3,37.9128,362.8324,35.8472,179.3747,0.5699,-102.1762,0.0059,23.5356,0.2122
307,000307.png,False,1788892786.887676,1788892786.827676,normal_unload,9,,0.0,0.04141,0.05755,-0.30823,0.0004,-0.00045,-0.00017,0.02275,0.02964,-0.4195,5e-05,-2e-05,-0.00037,0.00926,0.0656,-0.30926,3,37.9133,362.8306,35.8617,179.3748,0.5695,-102.1757,0.006,23.5501,0.1977
308,000308.png,False,1788892787.083673,1788892787.023673,normal_unload,9,,0.0,0.04484,0.06827,-0.10725,0.00016,-0.00034,-0.00018,0.02614,0.04031,-0.21872,-0.00019,0.0001,-0.00038,0.00548,0.07981,-0.10851,3,37.9118,362.8409,35.9108,179.3729,0.5741,-102.1762,0.0041,23.5994,0.1484
309,000309.png,False,1788892791.375772,1788892791.315772,normal_load,10,,2.0,0.02291,0.04399,-0.01122,0.00048,-0.00093,-0.0001,0.00348,0.01494,-0.12709,0.00011,-0.00048,-0.00031,-0.00205,0.04937,-0.01203,3,37.9254,362.7932,35.97,179.3768,0.5693,-102.1783,0.0013,23.6577,0.0901
310,000310.png,False,1788892791.571875,1788892791.511875,normal_load,10,,2.0,0.02356,0.0469,-0.20674,0.00057,-0.00093,-0.00021,0.00409,0.01779,-0.3228,0.00021,-0.00048,-0.00043,-0.00159,0.04908,-0.20757,3,37.9248,362.7936,35.8958,179.377,0.5687,-102.1785,0.0092,23.5835,0.1643
311,000311.png,False,1788892791.767891,1788892791.707891,normal_load,10,,2.0,0.02407,0.04876,-0.24237,0.0005,-0.00101,-0.00023,0.00457,0.0196,-0.35864,0.00014,-0.00056,-0.00044,-0.00183,0.05037,-0.24323,3,37.9239,362.7943,35.8909,179.3771,0.5685,-102.1783,0.0058,23.5787,0.1691
312,000312.png,False,1788892791.959890,1788892791.899890,normal_load,10,,2.0,0.03171,0.06883,-0.70617,0.00028,-0.00103,-7e-05,0.01217,0.03962,-0.82263,-8e-05,-0.00058,-0.00028,-0.00202,0.06414,-0.70732,3,37.9226,362.8017,35.8109,179.3761,0.5709,-102.1781,0.0089,23.4988,0.249
313,000313.png,False,1788892792.155879,1788892792.095879,normal_load,10,,2.0,0.02676,0.0669,-0.66133,0.00043,-0.00098,-0.00027,0.00719,0.03764,-0.77799,7e-05,-0.00053,-0.00048,-0.00566,0.06072,-0.66244,2,37.9233,362.7991,35.8127,179.3764,0.5701,-102.1783,0.0055,23.5005,0.2473
314,000314.png,False,1788892792.547940,1788892792.487940,normal_load,10,,2.0,0.03774,0.08477,-0.87683,-0.00021,-0.00105,-0.00023,0.0181,0.05541,-0.99389,-0.00058,-0.00059,-0.00045,-0.00358,0.07823,-0.87824,3,37.9203,362.813,35.7816,179.3735,0.5766,-102.1786,0.0098,23.4697,0.2781
315,000315.png,False,1788892792.739993,1788892792.679993,normal_load,10,,2.0,0.03859,0.10319,-1.01792,-0.00038,-0.00087,-1e-05,0.01892,0.07378,-1.13518,-0.00075,-0.00042,-0.00022,-0.01107,0.09235,-1.01963,3,37.9196,362.8182,35.7678,179.3731,0.5781,-102.1786,0.0015,23.456,0.2918
316,000316.png,False,1788892792.935935,1788892792.875935,normal_load,10,,2.0,0.04106,0.10337,-1.39274,-0.00013,-0.00101,-0.00017,0.02136,0.07391,-1.5102,-0.00049,-0.00055,-0.00039,-0.00642,0.08773,-1.3944,3,37.9216,362.814,35.7301,179.3738,0.5765,-102.1788,0.0058,23.4182,0.3296
317,000317.png,False,1788892793.131968,1788892793.071968,normal_load,10,,2.0,0.0374,0.09143,-1.47511,2e-05,-0.00119,-0.00031,0.01766,0.06192,-1.59277,-0.00035,-0.00073,-0.00053,-0.00306,0.07425,-1.47655,3,37.9211,362.8088,35.7088,179.3748,0.5739,-102.1786,0.0088,23.3969,0.3509
318,000318.png,False,1788892793.715986,1788892793.655987,normal_load,10,,2.0,0.04332,0.10843,-1.88583,-0.00015,-0.00122,-0.00027,0.02348,0.07877,-2.00409,-0.00052,-0.00076,-0.00049,-0.00358,0.08535,-1.88751,3,37.9204,362.8141,35.6836,179.3739,0.5763,-102.1786,0.007,23.3717,0.3761
319,000319.png,False,1788892795.667958,1788892795.607958,normal_unload,10,,0.0,0.02691,0.04734,-1.96031,0.00127,-0.00174,1e-05,0.00673,0.01718,-2.08057,0.00089,-0.00127,-0.00021,0.01325,0.02304,-1.96089,3,37.9252,362.7908,35.6736,179.3772,0.5692,-102.1801,0.006,23.3613,0.3864
320,000320.png,False,1788892796.059975,1788892795.999975,normal_unload,10,,0.0,0.03371,0.06192,-1.81108,0.0008,-0.00168,-0.00027,0.01346,0.03166,-1.93174,0.00043,-0.00121,-0.00049,0.01082,0.04146,-1.81194,3,37.9248,362.7949,35.6825,179.3775,0.5686,-102.1801,0.0039,23.3703,0.3775
321,000321.png,False,1788892796.252088,1788892796.192088,normal_unload,10,,0.0,0.03752,0.07407,-1.67649,0.00045,-0.00142,-0.00025,0.01724,0.04376,-1.79734,7e-05,-0.00095,-0.00048,0.00711,0.05604,-1.67759,3,37.9236,362.8014,35.6936,179.378,0.5672,-102.1803,0.0054,23.3815,0.3663
322,000322.png,False,1788892796.447994,1788892796.387995,normal_unload,10,,0.0,0.0318,0.0585,-1.68755,0.00093,-0.00145,-0.00015,0.01149,0.02814,-1.80861,0.00055,-0.00098,-0.00037,0.01001,0.03952,-1.68837,3,37.9269,362.7941,35.6922,179.3786,0.5663,-102.1807,0.0088,23.38,0.3678
323,000323.png,False,1788892796.644073,1788892796.584074,normal_unload,10,,0.0,0.02983,0.05501,-1.57344,0.001,-0.00152,-0.00026,0.00949,0.0246,-1.6947,0.00062,-0.00104,-0.00048,0.00926,0.03734,-1.57422,3,37.9278,362.7918,35.7004,179.3793,0.5652,-102.1807,0.0028,23.388,0.3597
324,000324.png,False,1788892796.840125,1788892796.780125,normal_unload,10,,0.0,0.02934,0.04369,-1.41618,0.0011,-0.00151,-0.00032,0.00897,0.01322,-1.53763,0.00072,-0.00103,-0.00055,0.01341,0.02981,-1.41678,3,37.9267,362.789,35.7119,179.3793,0.5654,-102.1807,0.0094,23.3995,0.3483
325,000325.png,False,1788892797.032142,1788892796.972142,normal_unload,10,,0.0,0.02603,0.04316,-1.40772,0.00115,-0.00141,-0.00014,0.00562,0.01265,-1.52937,0.00077,-0.00094,-0.00036,0.01074,0.02783,-1.40831,3,37.9263,362.7897,35.7149,179.3793,0.5647,-102.1809,0.0002,23.4025,0.3452
326,000326.png,False,1788892797.228071,1788892797.168072,normal_unload,10,,0.0,0.02448,0.03851,-1.24946,0.00123,-0.00147,-0.00017,0.00403,0.00795,-1.37131,0.00085,-0.001,-0.0004,0.01062,0.02557,-1.24998,3,37.9288,362.7866,35.7286,179.3797,0.5643,-102.1816,0.0048,23.4162,0.3316
327,000327.png,False,1788892797.424158,1788892797.364158,normal_unload,10,,0.0,0.02755,0.03809,-1.21495,0.00115,-0.00149,-0.00024,0.00707,0.00748,-1.33701,0.00077,-0.00101,-0.00046,0.01326,0.02729,-1.21548,3,37.929,362.7866,35.7367,179.3798,0.5646,-102.1814,0.0099,23.4243,0.3234
328,000328.png,False,1788892797.620142,1788892797.560142,normal_unload,10,,0.0,0.02434,0.03766,-1.04123,0.00118,-0.00141,-0.00031,0.00383,0.007,-1.16348,0.00079,-0.00094,-0.00054,0.00949,0.0281,-1.04177,3,37.929,362.7851,35.7483,179.3798,0.5639,-102.1818,0.0043,23.4358,0.312
329,000329.png,False,1788892797.816135,1788892797.756135,normal_unload,10,,0.0,0.02284,0.03892,-0.97509,0.00123,-0.00131,-0.00029,0.0023,0.0082,-1.09755,0.00085,-0.00083,-0.00051,0.0071,0.0295,-0.97566,3,37.9286,362.7875,35.7573,179.3795,0.5647,-102.1818,0.0013,23.4449,0.3029
330,000330.png,False,1788892798.008145,1788892797.948145,normal_unload,10,,0.0,0.0274,0.03273,-0.91914,0.00109,-0.00144,-0.00012,0.00682,0.00197,-1.04179,0.00071,-0.00097,-0.00034,0.01376,0.02731,-0.91962,3,37.9282,362.7849,35.7632,179.3802,0.5636,-102.1818,0.008,23.4507,0.2971
331,000331.png,False,1788892798.204166,1788892798.144166,normal_unload,10,,0.0,0.02113,0.03073,-0.78276,0.00112,-0.00134,-0.00019,0.00052,-8e-05,-0.90561,0.00074,-0.00087,-0.00041,0.00837,0.02463,-0.78321,3,37.9286,362.7849,35.7793,179.3805,0.5635,-102.182,0.0059,23.4669,0.2809
332,000332.png,False,1788892798.400187,1788892798.340187,normal_unload,10,,0.0,0.02258,0.03107,-0.74801,0.00116,-0.00136,-0.00022,0.00194,0.00021,-0.87106,0.00078,-0.00088,-0.00045,0.00922,0.02621,-0.74848,3,37.9301,362.7831,35.7841,179.3804,0.563,-102.1822,0.0091,23.4716,0.2762
333,000333.png,False,1788892798.596115,1788892798.536115,normal_unload,10,,0.0,0.02847,0.0364,-0.58506,0.00095,-0.00118,-9e-05,0.00779,0.00549,-0.70832,0.00056,-0.0007,-0.00031,0.01053,0.03638,-0.58566,3,37.9275,362.789,35.8068,179.3802,0.5636,-102.1827,0.0005,23.4944,0.2534
334,000334.png,False,1788892798.788213,1788892798.728214,normal_unload,10,,0.0,0.02776,0.03839,-0.57581,0.00088,-0.00122,-0.0002,0.00705,0.00743,-0.69926,0.00049,-0.00074,-0.00043,0.00886,0.0379,-0.57645,3,37.9296,362.7876,35.8078,179.3802,0.5641,-102.1827,0.0091,23.4954,0.2524
335,000335.png,False,1788892798.984174,1788892798.924174,normal_unload,10,,0.0,0.02794,0.03583,-0.43581,0.00102,-0.00103,-0.00023,0.0072,0.00482,-0.55946,0.00063,-0.00055,-0.00045,0.00932,0.03801,-0.43642,3,37.9293,362.7895,35.8311,179.3803,0.5639,-102.1829,0.0002,23.5187,0.2291
336,000336.png,False,1788892799.180192,1788892799.120193,normal_unload,10,,0.0,0.02589,0.03863,-0.45199,0.00097,-0.00102,-5e-05,0.00511,0.00757,-0.57584,0.00059,-0.00054,-0.00028,0.00626,0.03915,-0.45264,3,37.9303,362.787,35.8317,179.3806,0.5638,-102.1829,0.0048,23.5192,0.2285
337,000337.png,False,1788892799.568226,1788892799.508226,normal_unload,10,,0.0,0.02768,0.04051,-0.26273,0.00087,-0.00096,-9e-05,0.00683,0.00935,-0.38698,0.00048,-0.00048,-0.00031,0.00555,0.0447,-0.26345,3,37.9297,362.7899,35.8689,179.3802,0.5648,-102.1831,0.0007,23.5565,0.1913
338,000338.png,False,1788892799.764225,1788892799.704225,normal_unload,10,,0.0,0.03053,0.03938,-0.07872,0.00067,-0.00107,-0.00031,0.00965,0.00817,-0.20317,0.00028,-0.00058,-0.00054,0.00732,0.0481,-0.07945,3,37.9297,362.791,35.9051,179.3802,0.5648,-102.1838,0.006,23.5928,0.155
339,000339.png,False,1788892804.252449,1788892804.192449,normal_load,11,,2.0,0.02775,0.04406,-0.04369,0.00062,-0.00095,-6e-05,0.0061,0.0117,-0.17274,0.00022,-0.00045,-0.0003,0.00233,0.05133,-0.04451,3,37.934,362.7888,35.9284,179.3849,0.5594,-102.1866,0.0072,23.616,0.1318
340,000340.png,False,1788892804.448432,1788892804.388433,normal_load,11,,2.0,0.03252,0.05424,-0.22813,0.00036,-0.00107,-6e-05,0.01084,0.02183,-0.35738,-4e-05,-0.00057,-0.0003,0.00265,0.05958,-0.2291,3,37.9336,362.7902,35.892,179.3845,0.5599,-102.1868,0.0008,23.5796,0.1682
341,000341.png,False,1788892804.644439,1788892804.584439,normal_load,11,,2.0,0.03461,0.0591,-0.32032,0.00041,-0.00106,-0.00011,0.0129,0.02664,-0.44976,0.0,-0.00056,-0.00035,0.00268,0.06335,-0.32137,3,37.9335,362.7965,35.8639,179.3838,0.562,-102.187,0.0097,23.5516,0.1962
342,000342.png,False,1788892804.836437,1788892804.776438,normal_load,11,,2.0,0.03789,0.07387,-0.55022,0.00027,-0.001,-0.00015,0.01614,0.04135,-0.67986,-0.00014,-0.0005,-0.00039,-0.00027,0.07409,-0.55149,3,37.9325,362.7995,35.8291,179.3838,0.562,-102.1868,0.0011,23.5169,0.2309
343,000343.png,False,1788892805.032463,1788892804.972463,normal_load,11,,2.0,0.04031,0.07687,-0.67281,0.00027,-0.00101,-5e-05,0.01852,0.0443,-0.80265,-0.00013,-0.0005,-0.00029,0.00117,0.07593,-0.67412,3,37.9319,362.805,35.8035,179.3829,0.5649,-102.1868,0.0044,23.4913,0.2565
344,000344.png,False,1788892805.228473,1788892805.168473,normal_load,11,,2.0,0.04454,0.09008,-0.83468,-6e-05,-0.00102,-8e-05,0.02272,0.05747,-0.96472,-0.00047,-0.00052,-0.00032,-0.00064,0.0869,-0.83621,3,37.9321,362.8101,35.7889,179.3827,0.566,-102.187,0.0096,23.4769,0.2709
345,000345.png,False,1788892805.424495,1788892805.364495,normal_load,11,,2.0,0.05204,0.10062,-1.0808,-0.00017,-0.00106,7e-05,0.03019,0.06796,-1.21105,-0.00057,-0.00055,-0.00017,0.0023,0.09583,-1.08249,3,37.931,362.8144,35.7633,179.3819,0.568,-102.1868,0.0012,23.4514,0.2964
346,000346.png,False,1788892805.616497,1788892805.556497,normal_load,11,,2.0,0.0492,0.09929,-1.08354,-2e-05,-0.00098,0.00013,0.02732,0.06657,-1.21398,-0.00043,-0.00048,-0.00011,0.00053,0.09322,-1.0852,3,37.931,362.8135,35.7624,179.382,0.5676,-102.1868,0.0079,23.4504,0.2974
347,000347.png,False,1788892805.812510,1788892805.752510,normal_load,11,,2.0,0.05538,0.11177,-1.37987,-0.00031,-0.00103,0.00011,0.03347,0.07901,-1.51051,-0.00072,-0.00053,-0.00013,0.0017,0.10237,-1.38171,3,37.931,362.8176,35.7314,179.3818,0.5687,-102.1868,0.0029,23.4195,0.3283
348,000348.png,False,1788892806.008539,1788892805.948539,normal_load,11,,2.0,0.05428,0.10509,-1.50504,-4e-05,-0.0011,4e-05,0.03233,0.07228,-1.63588,-0.00045,-0.00059,-0.0002,0.00495,0.09403,-1.50674,3,37.9323,362.8103,35.716,179.3828,0.5663,-102.187,0.0021,23.404,0.3438
349,000349.png,False,1788892806.204525,1788892806.144525,normal_load,11,,2.0,0.05412,0.09643,-1.65357,0.00011,-0.00133,-6e-05,0.03214,0.06357,-1.78461,-0.00029,-0.00082,-0.0003,0.01017,0.08407,-1.6551,3,37.9334,362.8082,35.7032,179.3826,0.5667,-102.187,0.0071,23.3911,0.3567
350,000350.png,False,1788892807.568584,1788892807.508584,normal_unload,11,,0.0,0.05675,0.10328,-1.78888,0.00013,-0.00124,-8e-05,0.03453,0.07006,-1.92131,-0.00029,-0.00073,-0.00032,0.00996,0.08915,-1.79051,3,37.9341,362.8078,35.6905,179.3837,0.5657,-102.1866,0.0009,23.3784,0.3694
351,000351.png,False,1788892807.764581,1788892807.704581,normal_unload,11,,0.0,0.05603,0.09738,-1.79102,0.0004,-0.00114,0.0,0.03378,0.06412,-1.92365,-1e-05,-0.00063,-0.00024,0.01229,0.08364,-1.79254,3,37.9347,362.8086,35.6887,179.3834,0.5658,-102.1872,0.0045,23.3766,0.3712
352,000352.png,False,1788892807.960590,1788892807.900590,normal_unload,11,,0.0,0.04986,0.0902,-1.68412,0.00044,-0.0013,-6e-05,0.02757,0.05688,-1.81696,2e-05,-0.00078,-0.00031,0.0098,0.07605,-1.68553,3,37.9351,362.8051,35.6943,179.3844,0.5641,-102.1872,0.0095,23.3821,0.3657
353,000353.png,False,1788892808.152600,1788892808.092600,normal_unload,11,,0.0,0.05071,0.08161,-1.57776,0.00046,-0.00139,-0.00017,0.02839,0.04824,-1.71079,5e-05,-0.00088,-0.00042,0.01409,0.07074,-1.57903,3,37.9351,362.8025,35.7013,179.385,0.5627,-102.187,0.0003,23.3892,0.3586
354,000354.png,False,1788892808.348524,1788892808.288524,normal_unload,11,,0.0,0.04866,0.07219,-1.49011,0.0007,-0.00137,-3e-05,0.02631,0.03878,-1.62334,0.00029,-0.00085,-0.00027,0.01641,0.06297,-1.49123,3,37.9367,362.7976,35.7105,179.3862,0.5602,-102.187,0.0063,23.3982,0.3496
355,000355.png,False,1788892808.544614,1788892808.484614,normal_unload,11,,0.0,0.04349,0.06731,-1.48278,0.00079,-0.00143,-7e-05,0.0211,0.03385,-1.61622,0.00037,-0.00091,-0.00031,0.01432,0.05628,-1.48381,3,37.9359,362.796,35.7101,179.3858,0.56,-102.187,0.0085,23.3978,0.35
356,000356.png,False,1788892808.740538,1788892808.680538,normal_unload,11,,0.0,0.04091,0.05669,-1.38003,0.00102,-0.00143,-0.00015,0.01849,0.02317,-1.51367,0.0006,-0.00091,-0.0004,0.01668,0.04743,-1.38088,3,37.9385,362.7941,35.7184,179.3866,0.5594,-102.1877,0.0028,23.4061,0.3417
357,000357.png,False,1788892808.936544,1788892808.876544,normal_unload,11,,0.0,0.04226,0.05779,-1.24335,0.0009,-0.0014,-0.00027,0.0198,0.02423,-1.37719,0.00048,-0.00088,-0.00051,0.01635,0.05125,-1.24425,3,37.9379,362.791,35.728,179.3869,0.5586,-102.1872,0.0041,23.4156,0.3322
358,000358.png,False,1788892809.128675,1788892809.068675,normal_unload,11,,0.0,0.0432,0.05607,-1.24979,0.00103,-0.00136,-0.00018,0.02071,0.02245,-1.38383,0.00061,-0.00084,-0.00043,0.01807,0.05012,-1.25066,3,37.9399,362.7919,35.7301,179.3872,0.5589,-102.1874,0.0175,23.4177,0.3301
359,000359.png,False,1788892809.324643,1788892809.264643,normal_unload,11,,0.0,0.0423,0.04946,-1.01539,0.00094,-0.00132,-0.0001,0.01979,0.01579,-1.14963,0.00052,-0.0008,-0.00035,0.01898,0.04771,-1.01618,3,37.9385,362.7918,35.7524,179.3872,0.5589,-102.1872,0.0031,23.44,0.3078
360,000360.png,False,1788892809.520694,1788892809.460694,normal_unload,11,,0.0,0.04172,0.05361,-1.00508,0.00101,-0.00127,6e-05,0.01917,0.0199,-1.13952,0.0006,-0.00075,-0.00019,0.01632,0.05118,-1.00594,3,37.9394,362.7911,35.7593,179.3872,0.5589,-102.1877,0.0097,23.4469,0.3009
361,000361.png,False,1788892809.716700,1788892809.656700,normal_unload,11,,0.0,0.0424,0.05443,-0.88877,0.00089,-0.00118,0.00016,0.01981,0.02066,-1.0234,0.00047,-0.00065,-9e-05,0.01569,0.05409,-0.88966,3,37.94,362.7918,35.7693,179.3874,0.5585,-102.1877,0.0047,23.4569,0.2908
362,000362.png,False,1788892809.908665,1788892809.848665,normal_unload,11,,0.0,0.04656,0.0615,-0.81691,0.0007,-0.00106,0.00023,0.02394,0.02768,-0.95175,0.00028,-0.00053,-2e-05,0.01527,0.06344,-0.81795,3,37.9398,362.7959,35.7821,179.3881,0.5586,-102.1879,0.0057,23.4697,0.2781
363,000363.png,False,1788892810.104678,1788892810.044678,normal_unload,11,,0.0,0.04341,0.05697,-0.73625,0.00064,-0.00113,0.00019,0.02076,0.0231,-0.87128,0.00022,-0.0006,-6e-05,0.01424,0.05924,-0.73721,3,37.9407,362.7932,35.7884,179.3883,0.5587,-102.1877,0.0089,23.476,0.2718
364,000364.png,False,1788892810.300727,1788892810.240727,normal_unload,11,,0.0,0.04612,0.06068,-0.53992,0.00055,-0.00096,-0.00014,0.02343,0.02676,-0.67515,0.00013,-0.00044,-0.00039,0.01338,0.06695,-0.54098,3,37.9406,362.7964,35.8106,179.3885,0.5585,-102.1877,0.0028,23.4982,0.2495
365,000365.png,False,1788892810.496679,1788892810.436679,normal_unload,11,,0.0,0.04836,0.05414,-0.55139,0.00062,-0.00099,-1e-05,0.02564,0.02018,-0.68682,0.0002,-0.00046,-0.00026,0.01866,0.06222,-0.55234,3,37.9408,362.7969,35.8134,179.3887,0.5588,-102.1877,0.0079,23.501,0.2468
366,000366.png,False,1788892810.884709,1788892810.824709,normal_unload,11,,0.0,0.04782,0.05573,-0.36056,0.00057,-0.00098,-0.0001,0.02503,0.02166,-0.49639,0.00015,-0.00045,-0.00035,0.01608,0.06638,-0.36157,3,37.9424,362.7955,35.8431,179.3887,0.5586,-102.1881,0.0097,23.5307,0.2171
367,000367.png,False,1788892811.276650,1788892811.216650,normal_unload,11,,0.0,0.04761,0.04857,-0.20819,0.00064,-0.00091,-0.00015,0.02476,0.0144,-0.34442,0.00022,-0.00038,-0.0004,0.01842,0.06252,-0.2091,3,37.9423,362.7962,35.8732,179.3892,0.5586,-102.1881,0.0064,23.5609,0.1869
368,000368.png,False,1788892811.472805,1788892811.412805,normal_unload,11,,0.0,0.04276,0.04351,-0.0761,0.00069,-0.00086,-0.00019,0.01987,0.00929,-0.21253,0.00026,-0.00032,-0.00044,0.01583,0.05782,-0.07693,2,37.9447,362.7898,35.907,179.3902,0.5573,-102.1883,0.0081,23.5946,0.1532
369,000369.png,False,1788892815.765001,1788892815.705001,normal_load,12,,2.0,0.0344,0.06393,-0.01869,0.0002,-0.00109,-1e-05,0.01078,0.02861,-0.15952,-0.00024,-0.00054,-0.00027,-0.00201,0.07225,-0.01987,3,37.9236,362.81,35.9528,179.3915,0.562,-102.1901,0.0091,23.6408,0.107
370,000370.png,False,1788892815.956885,1788892815.896885,normal_load,12,,2.0,0.03892,0.0743,-0.42276,0.00016,-0.00109,0.0001,0.01526,0.03893,-0.56378,-0.00028,-0.00055,-0.00016,-0.00048,0.07703,-0.42406,3,37.9251,362.8129,35.8523,179.3922,0.5609,-102.1905,0.005,23.5403,0.2075
371,000371.png,False,1788892816.152957,1788892816.092957,normal_load,12,,2.0,0.04125,0.07889,-0.46089,-3e-05,-0.00104,8e-05,0.01756,0.04347,-0.60212,-0.00047,-0.00049,-0.00018,-0.00048,0.08155,-0.46227,3,37.9249,362.8166,35.8462,179.3917,0.5626,-102.1907,0.0099,23.5343,0.2135
372,000372.png,False,1788892816.348962,1788892816.288962,normal_load,12,,2.0,0.05043,0.09481,-0.6605,-0.0003,-0.00097,-3e-05,0.0267,0.05934,-0.80192,-0.00074,-0.00042,-0.00029,0.0009,0.09673,-0.66214,3,37.9218,362.8294,35.8031,179.3904,0.5665,-102.1903,0.0016,23.4914,0.2564
373,000373.png,False,1788892816.545049,1788892816.485049,normal_load,12,,2.0,0.04685,0.09155,-0.74932,-1e-05,-0.00103,-8e-05,0.02309,0.05603,-0.89095,-0.00045,-0.00048,-0.00034,4e-05,0.09069,-0.75089,3,37.9249,362.8191,35.799,179.3909,0.5658,-102.1905,0.0066,23.4871,0.2607
374,000374.png,False,1788892816.737021,1788892816.677022,normal_load,12,,2.0,0.04038,0.08258,-0.97334,0.00025,-0.00117,0.00015,0.01659,0.04701,-1.11516,-0.00019,-0.00062,-0.00011,0.00047,0.07611,-0.97471,3,37.9256,362.8143,35.7753,179.3892,0.5693,-102.1903,0.004,23.4634,0.2844
375,000375.png,False,1788892816.932979,1788892816.872979,normal_load,12,,2.0,0.02743,0.04857,-1.14187,0.00102,-0.00167,0.00031,0.0036,0.01295,-1.2839,0.00058,-0.00111,5e-05,0.00741,0.03748,-1.1426,2,37.9296,362.7927,35.7529,179.3899,0.5677,-102.1905,0.002,23.4406,0.3072
376,000376.png,False,1788892817.129013,1788892817.069013,normal_load,12,,2.0,0.05556,0.11452,-1.20215,-0.00034,-0.001,0.00026,0.0317,0.07885,-1.34437,-0.00078,-0.00045,0.0,-0.00076,0.10769,-1.20406,3,37.9241,362.8298,35.7489,179.3888,0.5715,-102.1903,0.0067,23.4373,0.3105
377,000377.png,False,1788892817.517036,1788892817.457036,normal_load,12,,2.0,0.06259,0.12956,-1.69259,-0.00051,-0.00108,0.00019,0.03866,0.09379,-1.83521,-0.00095,-0.00053,-7e-05,0.00122,0.11637,-1.69471,3,37.9241,362.8331,35.7018,179.3902,0.5693,-102.1905,0.0081,23.3902,0.3576
378,000378.png,False,1788892819.469170,1788892819.409170,normal_unload,12,,0.0,0.06914,0.12329,-1.8311,-0.00028,-0.00109,7e-05,0.04488,0.08702,-1.97572,-0.00073,-0.00053,-0.0002,0.01098,0.11199,-1.8331,3,37.9291,362.8321,35.6816,179.392,0.5683,-102.1908,0.0011,23.37,0.3778
379,000379.png,False,1788892819.665179,1788892819.605180,normal_unload,12,,0.0,0.06735,0.11136,-1.79381,-4e-05,-0.00107,0.00029,0.04305,0.07504,-1.93862,-0.00049,-0.00051,2e-05,0.01514,0.10136,-1.7956,3,37.9283,362.8298,35.6877,179.3926,0.5667,-102.1908,0.0073,23.376,0.3718
380,000380.png,False,1788892820.057045,1788892819.997046,normal_unload,12,,0.0,0.06705,0.10572,-1.73083,0.0002,-0.00103,0.00038,0.04269,0.0693,-1.87605,-0.00026,-0.00046,0.00012,0.01726,0.09734,-1.73253,3,37.9307,362.8236,35.6938,179.3936,0.5655,-102.1908,0.0182,23.382,0.3658
381,000381.png,False,1788892820.249119,1788892820.189119,normal_unload,12,,0.0,0.06148,0.09142,-1.61007,0.00039,-0.00109,0.00026,0.03709,0.05495,-1.75549,-6e-05,-0.00052,-1e-05,0.01875,0.08411,-1.61153,3,37.9327,362.8213,35.7019,179.3945,0.5638,-102.191,0.0076,23.39,0.3578
382,000382.png,False,1788892820.445215,1788892820.385215,normal_unload,12,,0.0,0.05867,0.07874,-1.49086,0.00071,-0.00106,0.00023,0.03424,0.04221,-1.63648,0.00025,-0.00049,-3e-05,0.02182,0.07363,-1.49212,3,37.933,362.8151,35.7092,179.3958,0.5612,-102.1907,0.0021,23.3972,0.3506
383,000383.png,False,1788892820.641151,1788892820.581151,normal_unload,12,,0.0,0.06011,0.08158,-1.46446,0.00053,-0.00115,9e-05,0.03565,0.04501,-1.61028,8e-05,-0.00058,-0.00017,0.02146,0.07723,-1.46577,3,37.9341,362.8168,35.7117,179.3956,0.5618,-102.191,0.0076,23.3998,0.348
384,000384.png,False,1788892820.837161,1788892820.777161,normal_unload,12,,0.0,0.05628,0.07359,-1.35717,0.00076,-0.00108,0.00013,0.03179,0.03697,-1.50319,0.00031,-0.00052,-0.00014,0.02139,0.07012,-1.35836,3,37.934,362.8144,35.721,179.3965,0.5608,-102.1912,0.0069,23.4091,0.3387
385,000385.png,False,1788892821.225240,1788892821.165240,normal_unload,12,,0.0,0.05925,0.0826,-1.1906,0.00044,-0.00098,0.00037,0.03468,0.04588,-1.33702,-2e-05,-0.00041,0.00011,0.0183,0.08207,-1.19197,3,37.9351,362.817,35.7386,179.3963,0.5612,-102.1912,0.0086,23.4266,0.3212
386,000386.png,False,1788892821.617109,1788892821.557109,normal_unload,12,,0.0,0.06252,0.08285,-0.93188,0.00031,-0.0008,0.00014,0.03788,0.04603,-1.07869,-0.00015,-0.00023,-0.00013,0.01922,0.08807,-0.9333,4,37.9339,362.8235,35.7666,179.3961,0.5616,-102.191,0.0001,23.4548,0.293
387,000387.png,False,1788892821.809208,1788892821.749208,normal_unload,12,,0.0,0.06011,0.08053,-0.79915,0.00044,-0.00071,6e-05,0.03545,0.04366,-0.94616,-2e-05,-0.00014,-0.00021,0.01737,0.08698,-0.80054,3,37.9352,362.8195,35.7778,179.3964,0.5615,-102.1912,0.0092,23.4659,0.2819
388,000388.png,False,1788892822.005212,1788892821.945212,normal_unload,12,,0.0,0.06279,0.08505,-0.73421,0.00026,-0.00059,-8e-05,0.03809,0.04813,-0.88142,-0.0002,-2e-05,-0.00034,0.01698,0.09327,-0.7357,3,37.9353,362.8222,35.7882,179.3968,0.5611,-102.1914,0.0029,23.4763,0.2714
389,000389.png,False,1788892822.201234,1788892822.141234,normal_unload,12,,0.0,0.06004,0.07684,-0.68369,0.00039,-0.00068,0.0004,0.03531,0.03986,-0.83111,-7e-05,-0.0001,0.00013,0.01836,0.08559,-0.68504,3,37.9359,362.8197,35.7986,179.3969,0.5607,-102.1914,0.0083,23.4867,0.2611
390,000390.png,False,1788892822.397258,1788892822.337258,normal_unload,12,,0.0,0.06201,0.0795,-0.49981,0.00019,-0.00058,0.00022,0.03724,0.04248,-0.64743,-0.00027,-1e-05,-5e-05,0.01746,0.09183,-0.50124,3,37.9358,362.8233,35.8222,179.3972,0.5606,-102.1916,0.0032,23.5104,0.2374
391,000391.png,False,1788892822.593255,1788892822.533255,normal_unload,12,,0.0,0.06117,0.06858,-0.42963,0.0003,-0.0007,0.0001,0.03637,0.03151,-0.57744,-0.00016,-0.00012,-0.00018,0.0217,0.08308,-0.43088,3,37.9378,362.821,35.8299,179.3975,0.5605,-102.1918,0.0027,23.518,0.2298
392,000392.png,False,1788892822.981267,1788892822.921267,normal_unload,12,,0.0,0.05831,0.06735,-0.29353,0.00036,-0.00073,2e-05,0.03344,0.03018,-0.44174,-0.0001,-0.00016,-0.00025,0.01889,0.08276,-0.29477,3,37.9385,362.817,35.8562,179.3976,0.5603,-102.1918,0.0048,23.5442,0.2036
393,000393.png,False,1788892823.177288,1788892823.117288,normal_unload,12,,0.0,0.05909,0.07011,-0.12683,0.0003,-0.00055,3e-05,0.03419,0.03289,-0.27524,-0.00016,3e-05,-0.00024,0.01703,0.08821,-0.12814,3,37.9381,362.8219,35.8903,179.3972,0.5613,-102.1918,0.0084,23.5783,0.1694
394,000394.png,False,1788892827.273452,1788892827.213452,normal_load,13,,2.0,0.02645,0.04738,0.0307,0.00071,-0.0013,3e-05,0.00085,0.00911,-0.1219,0.00023,-0.00071,-0.00025,-0.00098,0.05474,0.02982,4,37.9192,362.7738,35.9523,179.403,0.5573,-102.1918,0.0003,23.6397,0.1081
395,000395.png,False,1788892827.665475,1788892827.605475,normal_load,13,,2.0,0.0332,0.0674,-0.2011,0.00035,-0.00117,9e-05,0.00753,0.02903,-0.35411,-0.00012,-0.00058,-0.00019,-0.00352,0.07174,-0.20231,3,37.9172,362.7932,35.8845,179.4023,0.5596,-102.192,0.004,23.5723,0.1755
396,000396.png,False,1788892827.857493,1788892827.797493,normal_load,13,,2.0,0.04009,0.08699,-0.55542,0.00011,-0.00123,9e-05,0.01439,0.04857,-0.70862,-0.00037,-0.00064,-0.00019,-0.00488,0.08647,-0.55692,3,37.9141,362.8056,35.8296,179.4006,0.5636,-102.1916,0.0076,23.5176,0.2302
397,000397.png,False,1788892828.053553,1788892827.993553,normal_load,13,,2.0,0.04164,0.08872,-0.62142,5e-05,-0.00131,0.00018,0.0159,0.05024,-0.77483,-0.00043,-0.00071,-0.0001,-0.00395,0.08769,-0.62295,3,37.9142,362.8048,35.8188,179.4006,0.5636,-102.1918,0.0045,23.5068,0.241
398,000398.png,False,1788892828.249501,1788892828.189501,normal_load,13,,2.0,0.0448,0.10121,-0.81696,-7e-05,-0.00126,0.00017,0.01904,0.06269,-0.97056,-0.00055,-0.00066,-0.00011,-0.00609,0.09696,-0.81868,3,37.9136,362.8109,35.7918,179.3997,0.5663,-102.1916,0.0009,23.4799,0.2679
399,000399.png,False,1788892828.641520,1788892828.581520,normal_load,13,,2.0,0.05238,0.1144,-0.99623,-0.00041,-0.00116,7e-05,0.02655,0.07578,-1.15024,-0.00089,-0.00056,-0.00021,-0.00488,0.10929,-0.99817,3,37.9119,362.819,35.7624,179.3987,0.5699,-102.1914,0.0086,23.4506,0.2971
400,000400.png,False,1788892828.833433,1788892828.773433,normal_load,13,,2.0,0.05232,0.12274,-1.40634,-0.00034,-0.0012,0.0001,0.02645,0.08407,-1.56054,-0.00082,-0.0006,-0.00018,-0.00626,0.10992,-1.40836,4,37.9142,362.8196,35.7276,179.3992,0.5699,-102.1919,0.0012,23.4159,0.3319
401,000401.png,False,1788892829.029537,1788892828.969537,normal_load,13,,2.0,0.05353,0.11308,-1.53621,-0.00011,-0.00141,0.00026,0.02762,0.07436,-1.69061,-0.00059,-0.00081,-2e-05,0.00052,0.10008,-1.53805,3,37.9157,362.8135,35.7122,179.4001,0.5679,-102.1919,0.0064,23.4003,0.3475
402,000402.png,False,1788892829.225448,1788892829.165448,normal_load,13,,2.0,0.05823,0.12551,-1.65196,-0.00038,-0.00132,-2e-05,0.0323,0.08674,-1.80656,-0.00086,-0.00072,-0.00031,-0.00081,0.11134,-1.654,3,37.9146,362.8203,35.7012,179.3996,0.5695,-102.1921,0.0085,23.3894,0.3584
403,000403.png,False,1788892830.589592,1788892830.529592,normal_unload,13,,0.0,0.06893,0.1367,-1.80401,-0.00051,-0.00133,2e-05,0.04276,0.09757,-1.96,-0.00099,-0.00073,-0.00027,0.00392,0.12393,-1.80624,3,37.917,362.8219,35.6863,179.4007,0.5686,-102.1923,0.006,23.3746,0.3732
404,000404.png,False,1788892830.981616,1788892830.921616,normal_unload,13,,0.0,0.06238,0.11548,-1.70717,-0.00014,-0.0014,0.00021,0.03614,0.07625,-1.86357,-0.00063,-0.0008,-8e-05,0.00817,0.10383,-1.70904,3,37.9173,362.8161,35.6926,179.4016,0.5671,-102.1921,0.0026,23.3808,0.367
405,000405.png,False,1788892831.177646,1788892831.117646,normal_unload,13,,0.0,0.05722,0.10416,-1.60293,0.00017,-0.00143,0.00016,0.03095,0.06489,-1.75953,-0.00032,-0.00082,-0.00012,0.00863,0.09312,-1.6046,3,37.919,362.8119,35.6998,179.4025,0.5653,-102.1923,0.0067,23.3879,0.3599
406,000406.png,False,1788892831.369652,1788892831.309652,normal_unload,13,,0.0,0.05846,0.10561,-1.59096,0.0002,-0.00133,-2e-05,0.03216,0.06628,-1.74776,-0.00029,-0.00072,-0.00031,0.00891,0.09519,-1.59267,3,37.9196,362.8138,35.7013,179.4025,0.5653,-102.1925,0.0033,23.3894,0.3584
407,000407.png,False,1788892831.761672,1788892831.701672,normal_unload,13,,0.0,0.0559,0.09627,-1.45294,0.00022,-0.00149,0.00023,0.02953,0.05685,-1.61014,-0.00027,-0.00088,-6e-05,0.01039,0.08803,-1.4545,3,37.9196,362.8101,35.7117,179.4038,0.5628,-102.1925,0.0096,23.3998,0.348
408,000408.png,False,1788892831.957637,1788892831.897637,normal_unload,13,,0.0,0.05732,0.10055,-1.42326,0.00015,-0.00131,0.00032,0.03092,0.06107,-1.58065,-0.00034,-0.00069,3e-05,0.00929,0.09293,-1.4249,4,37.9207,362.8115,35.7186,179.4038,0.5626,-102.1927,0.0052,23.4067,0.3411
409,000409.png,False,1788892832.149708,1788892832.089708,normal_unload,13,,0.0,0.05426,0.09653,-1.34925,0.00019,-0.00132,0.00032,0.02782,0.057,-1.50684,-0.0003,-0.00071,4e-05,0.00812,0.0891,-1.35083,3,37.9212,362.8106,35.7219,179.4043,0.5621,-102.1927,0.0041,23.4099,0.3379
410,000410.png,False,1788892832.345688,1788892832.285688,normal_unload,13,,0.0,0.05193,0.09079,-1.1802,0.00055,-0.00117,0.00029,0.02546,0.05121,-1.338,6e-05,-0.00055,0.0,0.0078,0.08567,-1.1817,3,37.9208,362.8063,35.7375,179.405,0.5603,-102.1927,0.0106,23.4255,0.3223
411,000411.png,False,1788892832.737719,1788892832.677719,normal_unload,13,,0.0,0.0541,0.08619,-0.98707,0.00026,-0.00121,0.00028,0.02756,0.04651,-1.14526,-0.00024,-0.0006,-1e-05,0.01065,0.08586,-0.98852,3,37.9211,362.8074,35.7568,179.4049,0.5611,-102.1927,0.0071,23.4447,0.303
412,000412.png,False,1788892833.125715,1788892833.065716,normal_unload,13,,0.0,0.05347,0.09401,-0.82211,0.00017,-0.00087,0.00048,0.02686,0.05424,-0.9807,-0.00032,-0.00026,0.00019,0.00504,0.09497,-0.82372,3,37.9206,362.8132,35.7775,179.4049,0.5618,-102.1927,0.0048,23.4655,0.2823
413,000413.png,False,1788892833.321638,1788892833.261638,normal_unload,13,,0.0,0.05591,0.09333,-0.73441,8e-05,-0.00094,0.00047,0.02927,0.05351,-0.8932,-0.00041,-0.00032,0.00018,0.00689,0.09701,-0.73603,3,37.9205,362.8138,35.7866,179.4049,0.5618,-102.1929,0.0001,23.4747,0.2731
414,000414.png,False,1788892833.517730,1788892833.457731,normal_unload,13,,0.0,0.05676,0.09278,-0.69441,0.00011,-0.00107,0.00032,0.03009,0.0529,-0.85341,-0.00039,-0.00045,2e-05,0.00763,0.09759,-0.69603,3,37.9205,362.8139,35.7936,179.4049,0.5618,-102.1929,0.0052,23.4817,0.2661
415,000415.png,False,1788892833.713650,1788892833.653650,normal_unload,13,,0.0,0.05405,0.08122,-0.50651,0.00035,-0.00094,0.00038,0.02735,0.04129,-0.66571,-0.00014,-0.00032,9e-05,0.00976,0.08924,-0.50795,3,37.9221,362.8092,35.8192,179.4059,0.5604,-102.1929,0.0088,23.5072,0.2406
416,000416.png,False,1788892834.101780,1788892834.041780,normal_unload,13,,0.0,0.05174,0.07922,-0.32031,0.00018,-0.001,0.00017,0.02497,0.03919,-0.47991,-0.00032,-0.00038,-0.00012,0.00746,0.08933,-0.32174,3,37.9225,362.8085,35.8464,179.4057,0.5608,-102.1929,0.0075,23.5344,0.2134
417,000417.png,False,1788892834.297799,1788892834.237799,normal_unload,13,,0.0,0.05233,0.08061,-0.35627,0.00024,-0.00098,0.00025,0.02552,0.04053,-0.51606,-0.00026,-0.00036,-4e-05,0.00752,0.09026,-0.35772,3,37.9229,362.8088,35.8467,179.406,0.5607,-102.1929,0.0071,23.5347,0.2131
418,000418.png,False,1788892834.493692,1788892834.433692,normal_unload,13,,0.0,0.05144,0.07754,-0.1795,0.00034,-0.00084,0.00017,0.0246,0.03741,-0.33949,-0.00016,-0.00021,-0.00012,0.00706,0.08998,-0.18092,3,37.9246,362.8084,35.8769,179.4062,0.5609,-102.1932,0.0021,23.5649,0.1829
419,000419.png,False,1788892839.761923,1788892839.701923,normal_load,14,,2.0,0.04031,0.05144,-0.0084,0.0006,-0.00126,0.00034,0.01256,0.00996,-0.17379,8e-05,-0.00062,4e-05,0.00927,0.06456,-0.00937,3,37.9299,362.794,35.9392,179.4108,0.5565,-102.1957,0.0053,23.6268,0.1209
420,000420.png,False,1788892839.954032,1788892839.894032,normal_load,14,,2.0,0.04112,0.0594,-0.16448,0.00069,-0.00112,0.00017,0.01334,0.01787,-0.33006,0.00017,-0.00048,-0.00014,0.00708,0.06936,-0.16557,2,37.9304,362.7977,35.9024,179.4109,0.5561,-102.196,0.0049,23.5901,0.1577
421,000421.png,False,1788892840.345949,1788892840.285949,normal_load,14,,2.0,0.04439,0.07479,-0.59311,0.00049,-0.0012,0.00033,0.01654,0.03316,-0.75909,-2e-05,-0.00055,2e-05,0.0052,0.07745,-0.59441,3,37.9309,362.7992,35.8209,179.4111,0.5562,-102.196,0.0073,23.5086,0.2391
422,000422.png,False,1788892840.930100,1788892840.870100,normal_load,14,,2.0,0.06015,0.10921,-1.00058,-0.00013,-0.00112,0.00045,0.0322,0.06743,-1.16716,-0.00065,-0.00048,0.00014,0.00447,0.10861,-1.00245,3,37.9281,362.8203,35.7698,179.4084,0.564,-102.1958,0.0033,23.458,0.2898
423,000423.png,False,1788892841.125990,1788892841.065990,normal_load,14,,2.0,0.05922,0.10446,-1.05346,6e-05,-0.00118,0.00028,0.03124,0.06263,-1.22024,-0.00046,-0.00053,-2e-05,0.00641,0.10318,-1.05523,3,37.9292,362.8129,35.7528,179.4094,0.5615,-102.196,0.0027,23.4408,0.307
424,000424.png,False,1788892841.710018,1788892841.650018,normal_load,14,,2.0,0.06424,0.10926,-1.68019,0.00012,-0.00143,0.00027,0.03616,0.06728,-1.84757,-0.0004,-0.00078,-4e-05,0.0127,0.09981,-1.68196,3,37.9289,362.8146,35.6998,179.4101,0.5609,-102.1955,0.0031,23.3879,0.3599
425,000425.png,False,1788892844.442273,1788892844.382273,normal_unload,14,,0.0,0.05664,0.08071,-1.66264,0.00085,-0.00161,0.00018,0.02809,0.03803,-1.83282,0.00031,-0.00095,-0.00013,0.02026,0.07157,-1.6639,3,37.9346,362.8013,35.6927,179.4132,0.5546,-102.1964,0.0071,23.3805,0.3673
426,000426.png,False,1788892844.638242,1788892844.578242,normal_unload,14,,0.0,0.05101,0.07079,-1.59361,0.00096,-0.00169,0.00036,0.02243,0.02805,-1.76398,0.00043,-0.00102,5e-05,0.01987,0.06127,-1.59469,3,37.9346,362.7965,35.6977,179.4141,0.5529,-102.1962,0.0075,23.3855,0.3623
427,000427.png,False,1788892845.026163,1788892844.966163,normal_unload,14,,0.0,0.05103,0.06798,-1.51796,0.00112,-0.00162,0.0005,0.02238,0.02515,-1.68873,0.00059,-0.00096,0.00018,0.02076,0.06005,-1.51901,3,37.935,362.7945,35.7066,179.4145,0.5514,-102.1966,0.0042,23.3943,0.3535
428,000428.png,False,1788892845.222169,1788892845.162169,normal_unload,14,,0.0,0.04701,0.05841,-1.39813,0.00132,-0.00159,0.00038,0.01832,0.01553,-1.56911,0.00079,-0.00093,7e-05,0.02123,0.05168,-1.39903,3,37.9356,362.7915,35.7148,179.4153,0.5501,-102.1959,0.0092,23.4025,0.3453
429,000429.png,False,1788892845.418178,1788892845.358178,normal_unload,14,,0.0,0.04391,0.05728,-1.23965,0.00136,-0.00137,0.00043,0.01519,0.01435,-1.41082,0.00083,-0.00071,0.00012,0.01801,0.05169,-1.24054,3,37.9353,362.794,35.731,179.415,0.5507,-102.1966,0.0056,23.4186,0.3291
430,000430.png,False,1788892845.614259,1788892845.554259,normal_unload,14,,0.0,0.04594,0.05928,-1.22708,0.00127,-0.00147,0.00039,0.01719,0.01629,-1.39846,0.00074,-0.0008,8e-05,0.01868,0.05463,-1.22802,2,37.9359,362.7932,35.7313,179.4154,0.5504,-102.1966,0.0002,23.4189,0.3289
431,000431.png,False,1788892846.002278,1788892845.942278,normal_unload,14,,0.0,0.0477,0.0537,-1.02721,0.00132,-0.0015,0.00027,0.01889,0.01062,-1.19898,0.00078,-0.00083,-5e-05,0.02162,0.05389,-1.02808,3,37.9372,362.7893,35.7535,179.4156,0.5504,-102.1966,0.0061,23.4411,0.3067
432,000432.png,False,1788892846.198313,1788892846.138314,normal_unload,14,,0.0,0.04668,0.04864,-0.89482,0.00133,-0.00136,0.00022,0.01783,0.00551,-1.06679,0.0008,-0.00069,-9e-05,0.02234,0.05112,-0.89562,3,37.9358,362.79,35.7636,179.4159,0.5496,-102.1966,0.0008,23.4512,0.2966
433,000433.png,False,1788892846.394284,1788892846.334284,normal_unload,14,,0.0,0.04238,0.04659,-0.7932,0.00116,-0.00133,0.00022,0.01349,0.00341,-0.96537,0.00062,-0.00066,-9e-05,0.01893,0.04882,-0.79397,3,37.9373,362.7897,35.7744,179.4158,0.5498,-102.1966,0.0092,23.462,0.2858
434,000434.png,False,1788892846.590233,1788892846.530233,normal_unload,14,,0.0,0.04486,0.04731,-0.73634,0.00127,-0.00133,0.00017,0.01594,0.00407,-0.90871,0.00073,-0.00066,-0.00015,0.02033,0.05159,-0.73714,3,37.9375,362.7897,35.7817,179.4162,0.5495,-102.1966,0.0029,23.4693,0.2785
435,000435.png,False,1788892846.978251,1788892846.918251,normal_unload,14,,0.0,0.04689,0.05694,-0.59646,0.00098,-0.00117,0.00036,0.0179,0.01361,-0.76923,0.00044,-0.0005,5e-05,0.0163,0.06319,-0.59745,3,37.9376,362.7943,35.8036,179.416,0.5499,-102.1968,0.0083,23.4912,0.2566
436,000436.png,False,1788892847.174330,1788892847.114330,normal_unload,14,,0.0,0.04802,0.05953,-0.44452,0.0009,-0.00108,0.0002,0.01901,0.01615,-0.61749,0.00036,-0.00041,-0.00012,0.01494,0.06843,-0.44558,3,37.9378,362.7953,35.8215,179.416,0.5499,-102.197,0.0023,23.5091,0.2387
437,000437.png,False,1788892847.370268,1788892847.310268,normal_unload,14,,0.0,0.0504,0.05304,-0.43311,0.00086,-0.00125,0.00025,0.02135,0.00961,-0.60628,0.00032,-0.00058,-6e-05,0.02016,0.06419,-0.43406,3,37.9363,362.7931,35.8262,179.4164,0.5496,-102.1968,0.0033,23.5138,0.234
438,000438.png,False,1788892847.562277,1788892847.502277,normal_unload,14,,0.0,0.04533,0.05076,-0.26129,0.00083,-0.00117,0.00023,0.01625,0.00728,-0.43466,0.00029,-0.0005,-8e-05,0.01572,0.06243,-0.26222,3,37.938,362.794,35.8562,179.4163,0.5498,-102.1973,0.0075,23.5439,0.2039
439,000439.png,False,1788892847.758379,1788892847.698379,normal_unload,14,,0.0,0.04323,0.05178,-0.29688,0.00097,-0.00103,0.00036,0.01411,0.00825,-0.47045,0.00042,-0.00036,4e-05,0.01363,0.06169,-0.29782,3,37.9382,362.7925,35.8567,179.4163,0.5493,-102.1977,0.0059,23.5444,0.2034
440,000440.png,False,1788892851.662532,1788892851.602532,normal_load,15,,2.0,0.03814,0.07196,-0.36414,0.00048,-0.00124,0.00028,0.00836,0.02742,-0.54171,-7e-05,-0.00055,-4e-05,-0.00038,0.07554,-0.36541,3,37.917,362.8033,35.8527,179.4172,0.552,-102.1977,0.0003,23.5406,0.2071
441,000441.png,False,1788892851.854561,1788892851.794561,normal_load,15,,2.0,0.04289,0.07911,-0.50186,0.00025,-0.00131,0.00016,0.01307,0.03453,-0.67962,-0.0003,-0.00062,-0.00016,0.0011,0.08191,-0.50324,3,37.9164,362.8082,35.8317,179.4168,0.5535,-102.1975,0.0097,23.5197,0.2281
442,000442.png,False,1788892852.050481,1788892851.990481,normal_load,15,,2.0,0.05093,0.09374,-0.77458,0.00016,-0.00114,0.00033,0.02108,0.04911,-0.95254,-0.00039,-0.00045,-0.0,0.00265,0.09423,-0.77619,3,37.9172,362.8161,35.7886,179.4159,0.5557,-102.1977,0.0047,23.4768,0.271
443,000443.png,False,1788892852.442496,1788892852.382496,normal_load,15,,2.0,0.05925,0.11559,-1.0153,-0.00032,-0.00115,0.0003,0.02932,0.07086,-1.19366,-0.00088,-0.00046,-2e-05,0.00061,0.11345,-1.01726,3,37.9165,362.8251,35.7637,179.4145,0.5598,-102.1982,0.0054,23.4519,0.2958
444,000444.png,False,1788892852.634507,1788892852.574507,normal_load,15,,2.0,0.05949,0.11072,-1.12725,-0.00026,-0.00129,0.00017,0.02954,0.06594,-1.3058,-0.00082,-0.0006,-0.00016,0.00403,0.10756,-1.12911,3,37.917,362.8243,35.7483,179.4146,0.5596,-102.198,0.0058,23.4366,0.3112
445,000445.png,False,1788892855.954807,1788892855.894807,normal_unload,15,,0.0,0.07448,0.08153,-1.70309,0.00075,-0.00118,0.00042,0.04395,0.03589,-1.88505,0.00018,-0.00048,9e-05,0.03559,0.08054,-1.70439,3,37.9317,362.8114,35.6889,179.418,0.553,-102.1999,0.0006,23.3769,0.3709
446,000446.png,False,1788892856.146752,1788892856.086752,normal_unload,15,,0.0,0.07254,0.07532,-1.60028,0.00088,-0.00106,0.00028,0.04198,0.02964,-1.78243,0.00031,-0.00035,-5e-05,0.0363,0.07585,-1.60149,3,37.9323,362.8089,35.6965,179.4191,0.5521,-102.1997,0.0072,23.3844,0.3634
447,000447.png,False,1788892856.538811,1788892856.478811,normal_unload,15,,0.0,0.07087,0.06404,-1.51949,0.00113,-0.00112,0.00046,0.04025,0.01825,-1.70205,0.00056,-0.00041,0.00012,0.03993,0.06654,-1.52051,3,37.9357,362.8061,35.7048,179.4203,0.5507,-102.1999,0.0094,23.3927,0.3551
448,000448.png,False,1788892856.734711,1788892856.674711,normal_unload,15,,0.0,0.07299,0.05611,-1.39964,0.00126,-0.00102,0.00051,0.04233,0.01028,-1.58239,0.00069,-0.00031,0.00017,0.04489,0.06265,-1.40054,3,37.9374,362.8028,35.7141,179.4213,0.5495,-102.1997,0.0054,23.4019,0.3459
449,000449.png,False,1788892856.926806,1788892856.866807,normal_unload,15,,0.0,0.07143,0.05504,-1.3008,0.00134,-0.00085,0.00042,0.04074,0.00915,-1.48375,0.00077,-0.00014,9e-05,0.0434,0.06252,-1.30169,3,37.9397,362.8023,35.7249,179.4216,0.5498,-102.2001,0.0033,23.4126,0.3352
450,000450.png,False,1788892857.122720,1788892857.062720,normal_unload,15,,0.0,0.0742,0.05604,-1.21897,0.00133,-0.00079,0.00035,0.04347,0.01011,-1.40212,0.00076,-8e-05,1e-05,0.04472,0.06609,-1.2199,3,37.9401,362.8027,35.7307,179.4222,0.5496,-102.1999,0.0093,23.4185,0.3293
451,000451.png,False,1788892857.710885,1788892857.650885,normal_unload,15,,0.0,0.07221,0.0476,-0.89669,0.00123,-0.00075,0.00043,0.04138,0.00152,-1.08045,0.00066,-4e-05,9e-05,0.04498,0.06294,-0.89753,3,37.9427,362.8009,35.7623,179.4224,0.5497,-102.2005,0.0053,23.4501,0.2977
452,000452.png,False,1788892857.902841,1788892857.842841,normal_unload,15,,0.0,0.07382,0.04907,-0.88821,0.00136,-0.00066,0.00016,0.04296,0.00293,-1.07216,0.00079,6e-05,-0.00018,0.04559,0.06515,-0.88908,3,37.943,362.8051,35.7644,179.4227,0.5496,-102.2005,0.0011,23.4522,0.2956
453,000453.png,False,1788892858.294881,1788892858.234881,normal_unload,15,,0.0,0.08217,0.05113,-0.62812,0.00104,-0.00034,0.00029,0.05124,0.00489,-0.81247,0.00047,0.00037,-4e-05,0.04998,0.07528,-0.62907,3,37.9474,362.8074,35.7952,179.4227,0.55,-102.2016,0.0099,23.483,0.2648
454,000454.png,False,1788892858.490847,1788892858.430847,normal_unload,15,,0.0,0.07966,0.04688,-0.53297,0.0012,-0.00053,0.00015,0.0487,0.00059,-0.71752,0.00063,0.00019,-0.00019,0.04928,0.07186,-0.53386,3,37.9495,362.8021,35.8057,179.4234,0.5489,-102.2016,0.0049,23.4934,0.2544
455,000455.png,False,1788892858.682882,1788892858.622882,normal_unload,15,,0.0,0.07355,0.02737,-0.42948,0.00149,-0.00046,0.00027,0.04256,-0.01897,-0.61423,0.00092,0.00026,-7e-05,0.05301,0.05357,-0.43004,3,37.9508,362.7939,35.8243,179.4237,0.5483,-102.2014,0.008,23.5118,0.236
456,000456.png,False,1788892858.878901,1788892858.818901,normal_unload,15,,0.0,0.06966,0.03103,-0.38408,0.00146,-0.00048,0.00035,0.03863,-0.01535,-0.56903,0.00088,0.00024,1e-05,0.0475,0.05553,-0.3847,3,37.9517,362.7925,35.8334,179.4238,0.5479,-102.2014,0.0065,23.5209,0.2269
457,000457.png,False,1788892859.270807,1788892859.210807,normal_unload,15,,0.0,0.07428,0.04169,-0.17867,0.00097,-0.00039,0.0003,0.04319,-0.0048,-0.36402,0.00039,0.00033,-3e-05,0.04475,0.07036,-0.17951,3,37.9517,362.8017,35.8727,179.424,0.5492,-102.2016,0.0048,23.5604,0.1874
458,000458.png,False,1788892863.755103,1788892863.695103,normal_load,16,,2.0,0.03859,0.06712,-0.18623,0.00048,-0.00133,0.00019,0.00673,0.01948,-0.37617,-0.00011,-0.00059,-0.00016,0.00118,0.07443,-0.18745,3,37.9418,362.7841,35.88,179.429,0.542,-102.2062,0.0031,23.5674,0.1804
459,000459.png,False,1788892864.731158,1788892864.671159,normal_load,16,,2.0,0.05531,0.11436,-0.98468,0.0,-0.00104,0.00042,0.02328,0.06647,-1.17562,-0.00059,-0.0003,7e-05,-0.0024,0.1109,-0.98662,3,37.9383,362.8101,35.7657,179.4259,0.5506,-102.2062,0.0021,23.4536,0.2942
460,000460.png,False,1788892865.123073,1788892865.063073,normal_load,16,,2.0,0.06211,0.12305,-1.55115,4e-05,-0.00119,0.00059,0.03001,0.07506,-1.74249,-0.00056,-0.00045,0.00024,0.00308,0.11275,-1.55318,3,37.9387,362.8102,35.7105,179.4262,0.5505,-102.2062,0.0087,23.3984,0.3494
461,000461.png,False,1788892867.855278,1788892867.795278,normal_unload,16,,0.0,0.06586,0.11212,-1.60346,0.0003,-0.00132,0.00024,0.03329,0.06343,-1.7976,-0.0003,-0.00057,-0.00012,0.01215,0.10432,-1.60529,3,37.9431,362.8065,35.6949,179.4302,0.5448,-102.2064,0.004,23.3827,0.3651
462,000462.png,False,1788892868.243217,1788892868.183217,normal_unload,16,,0.0,0.06202,0.09566,-1.54128,0.00057,-0.00133,0.0006,0.02938,0.04687,-1.73581,-4e-05,-0.00057,0.00024,0.01661,0.08915,-1.54283,3,37.9449,362.8013,35.7021,179.4312,0.5434,-102.2066,0.0011,23.3898,0.358
463,000463.png,False,1788892868.635299,1788892868.575300,normal_unload,16,,0.0,0.06125,0.09415,-1.4131,0.00074,-0.0012,0.00047,0.02854,0.04526,-1.60804,0.00013,-0.00044,0.00011,0.01581,0.0895,-1.41464,3,37.9443,362.8006,35.7119,179.4315,0.5428,-102.2066,0.0069,23.3996,0.3481
464,000464.png,False,1788892868.831317,1788892868.771317,normal_unload,16,,0.0,0.06071,0.08808,-1.26908,0.00067,-0.00128,0.00042,0.02798,0.03914,-1.46421,6e-05,-0.00052,7e-05,0.01738,0.08629,-1.27053,3,37.9453,362.8002,35.723,179.4315,0.5428,-102.207,0.0015,23.4107,0.3371
465,000465.png,False,1788892869.803293,1788892869.743293,normal_unload,16,,0.0,0.0587,0.07791,-0.74261,0.00094,-0.00093,0.00045,0.0258,0.02872,-0.93875,0.00032,-0.00016,9e-05,0.01707,0.08491,-0.74397,3,37.9475,362.7971,35.7782,179.4324,0.5422,-102.207,0.0037,23.4659,0.2819
466,000466.png,False,1788892870.195393,1788892870.135393,normal_unload,16,,0.0,0.05846,0.07707,-0.5737,0.00063,-0.00099,0.00042,0.02549,0.02778,-0.77024,2e-05,-0.00023,6e-05,0.01611,0.08677,-0.57507,3,37.9483,362.7976,35.8019,179.4331,0.5416,-102.2073,0.0022,23.4896,0.2582
467,000467.png,False,1788892870.391427,1788892870.331427,normal_unload,16,,0.0,0.05958,0.07538,-0.45723,0.00058,-0.00089,0.00054,0.02658,0.02604,-0.65396,-3e-05,-0.00012,0.00018,0.01712,0.08773,-0.45859,3,37.9481,362.8002,35.8247,179.4335,0.5408,-102.2073,0.0092,23.5124,0.2354
468,000468.png,False,1788892870.779336,1788892870.719336,normal_unload,16,,0.0,0.05663,0.06085,-0.26149,0.00081,-0.00095,0.00037,0.02356,0.01141,-0.45862,0.0002,-0.00019,1e-05,0.02047,0.07681,-0.26262,3,37.9501,362.7915,35.8513,179.4342,0.5394,-102.2077,0.0081,23.5388,0.209
469,000469.png,False,1788892870.975338,1788892870.915339,normal_unload,16,,0.0,0.05731,0.06329,-0.26869,0.00062,-0.00109,0.00038,0.0242,0.01379,-0.46602,1e-05,-0.00032,2e-05,0.01988,0.07914,-0.26986,3,37.9495,362.7939,35.8525,179.4341,0.5398,-102.2077,0.0064,23.54,0.2077
470,000470.png,False,1788892875.267605,1788892875.207605,normal_load,17,,2.0,0.04868,0.04988,0.14885,0.00069,-0.00109,0.00023,0.01484,-0.00072,-0.05287,6e-05,-0.00031,-0.00014,0.01622,0.0699,0.14787,3,37.945,362.7805,35.9808,179.4377,0.5366,-102.2136,0.006,23.6681,0.0797
471,000471.png,False,1788892875.659636,1788892875.599636,normal_load,17,,2.0,0.05177,0.06161,-0.14388,0.00067,-0.00106,0.00043,0.01786,0.01092,-0.34601,4e-05,-0.00027,6e-05,0.01506,0.07692,-0.14503,4,37.9457,362.7946,35.8933,179.4366,0.5399,-102.2138,0.0008,23.5809,0.1669
472,000472.png,False,1788892876.243732,1788892876.183733,normal_load,17,,2.0,0.07037,0.1003,-0.72951,7e-05,-0.00088,0.00051,0.03636,0.04945,-0.93223,-0.00056,-9e-05,0.00014,0.0159,0.11034,-0.73128,3,37.9435,362.8107,35.7963,179.4338,0.5472,-102.2138,0.0035,23.4841,0.2636
473,000473.png,False,1788892876.631668,1788892876.571668,normal_load,17,,2.0,0.07284,0.10716,-0.90849,-0.0001,-0.00083,0.00051,0.03876,0.05621,-1.11161,-0.00073,-4e-05,0.00013,0.01586,0.11465,-0.91036,3,37.9454,362.8157,35.7716,179.4336,0.5493,-102.214,0.0014,23.4595,0.2883
474,000474.png,False,1788892876.827703,1788892876.767703,normal_load,17,,2.0,0.0764,0.11259,-1.30002,0.00012,-0.00105,0.00041,0.04229,0.06159,-1.50334,-0.00052,-0.00026,3e-05,0.01894,0.11486,-1.30193,3,37.9448,362.8129,35.7312,179.4342,0.5478,-102.2138,0.0049,23.4191,0.3287
475,000475.png,False,1788892880.731920,1788892880.671920,normal_unload,17,,0.0,0.10544,0.07246,-1.37116,0.00103,-0.00044,0.00052,0.07066,0.02047,-1.57847,0.00038,0.00037,0.00014,0.06464,0.09348,-1.37242,3,37.9675,362.8007,35.7112,179.4392,0.5391,-102.217,0.0045,23.3988,0.349
476,000476.png,False,1788892880.923887,1788892880.863887,normal_unload,17,,0.0,0.10119,0.06372,-1.39249,0.00144,-0.00039,0.00071,0.06637,0.01168,-1.6,0.0008,0.00042,0.00033,0.06547,0.08344,-1.39358,3,37.9675,362.801,35.7144,179.439,0.5397,-102.2173,0.002,23.402,0.3458
477,000477.png,False,1788892881.315911,1788892881.255911,normal_unload,17,,0.0,0.10016,0.04715,-1.09859,0.00138,-0.00045,0.00053,0.06528,-0.00499,-1.3065,0.00073,0.00036,0.00015,0.07082,0.07328,-1.09944,3,37.9734,362.7946,35.7381,179.4397,0.539,-102.2179,0.0069,23.4255,0.3223
478,000478.png,False,1788892882.291860,1788892882.231860,normal_unload,17,,0.0,0.0981,0.04348,-0.70209,0.00142,-0.00026,0.00063,0.06305,-0.00892,-0.911,0.00076,0.00055,0.00025,0.06812,0.07542,-0.70293,3,37.9745,362.7942,35.7833,179.4405,0.5382,-102.2179,0.0079,23.4707,0.2771
479,000479.png,False,1788892882.875955,1788892882.815955,normal_unload,17,,0.0,0.10322,0.04805,-0.33853,0.00117,-4e-05,0.00027,0.06807,-0.00449,-0.54804,0.00052,0.00078,-0.00012,0.06775,0.08777,-0.33952,3,37.9802,362.8012,35.8311,179.4408,0.5393,-102.2188,0.0042,23.5186,0.2292
480,000480.png,False,1788892888.728243,1788892888.668243,normal_load,18,,2.0,0.04304,0.07416,-0.0084,0.00029,-0.00121,0.00059,0.00689,0.02011,-0.2239,-0.00038,-0.00037,0.0002,0.00029,0.0856,-0.00977,3,37.8975,362.8148,35.9369,179.4422,0.544,-102.2177,0.0097,23.6251,0.1227
481,000481.png,False,1788892889.120286,1788892889.060286,normal_load,18,,2.0,0.048,0.08841,-0.33793,0.00011,-0.00135,0.00053,0.01178,0.03426,-0.55383,-0.00056,-0.00051,0.00014,-0.00025,0.09514,-0.33951,3,37.898,362.8212,35.8566,179.4419,0.546,-102.2177,0.005,23.545,0.2028
482,000482.png,False,1788892889.316266,1788892889.256266,normal_load,18,,2.0,0.05032,0.0939,-0.54982,8e-05,-0.00123,0.00046,0.01406,0.0397,-0.76592,-0.0006,-0.00039,7e-05,0.00048,0.09766,-0.55147,3,37.8994,362.825,35.8156,179.4419,0.5469,-102.2182,0.0079,23.504,0.2438
483,000483.png,False,1788892893.608445,1788892893.548445,normal_unload,18,,0.0,0.05177,0.06685,-1.50971,0.00121,-0.00167,0.00098,0.01477,0.01155,-1.7302,0.00052,-0.00082,0.00057,0.02191,0.05957,-1.51074,3,37.9088,362.8045,35.7056,179.4471,0.5399,-102.2197,0.0045,23.3936,0.3541
484,000484.png,False,1788892893.800496,1788892893.740496,normal_unload,18,,0.0,0.0528,0.0662,-1.4838,0.0012,-0.00163,0.00075,0.01577,0.01085,-1.70449,0.00051,-0.00077,0.00035,0.02295,0.05994,-1.48483,3,37.9094,362.8057,35.7049,179.4473,0.5407,-102.2195,0.0058,23.393,0.3548
485,000485.png,False,1788892893.996495,1788892893.936495,normal_unload,18,,0.0,0.05047,0.06264,-1.38733,0.00136,-0.00154,0.0008,0.01341,0.00724,-1.60822,0.00067,-0.00068,0.0004,0.02204,0.05724,-1.38831,3,37.9092,362.8043,35.7121,179.4473,0.5402,-102.2197,0.0009,23.4002,0.3476
486,000486.png,False,1788892894.192508,1788892894.132508,normal_unload,18,,0.0,0.04753,0.05295,-1.19107,0.00126,-0.00165,0.00081,0.01044,-0.0025,-1.41216,0.00057,-0.00079,0.00041,0.02297,0.05053,-1.1919,3,37.9087,362.8034,35.7294,179.4476,0.5399,-102.2195,0.0044,23.4174,0.3304
487,000487.png,False,1788892894.972533,1788892894.912534,normal_unload,18,,0.0,0.04782,0.04841,-0.84587,0.00132,-0.00148,0.0006,0.01059,-0.00724,-1.06776,0.00063,-0.00062,0.00019,0.0231,0.05227,-0.84667,2,37.9096,362.7979,35.7632,179.4484,0.538,-102.2197,0.0005,23.4511,0.2966
488,000488.png,False,1788892895.168447,1788892895.108448,normal_unload,18,,0.0,0.0463,0.04853,-0.74422,0.00136,-0.00135,0.00053,0.00904,-0.00718,-0.96631,0.00067,-0.00049,0.00012,0.02102,0.05324,-0.74504,3,37.9112,362.8,35.7766,179.4482,0.5389,-102.2201,0.0076,23.4646,0.2832
489,000489.png,False,1788892895.364456,1788892895.304456,normal_unload,18,,0.0,0.04631,0.04317,-0.68164,0.00144,-0.00133,0.00063,0.00902,-0.01258,-0.90393,0.00074,-0.00047,0.00022,0.02327,0.04961,-0.68237,3,37.9103,362.7973,35.7838,179.4487,0.5377,-102.2199,0.0016,23.4717,0.2761
490,000490.png,False,1788892895.556473,1788892895.496474,normal_unload,18,,0.0,0.04722,0.05018,-0.54475,0.00122,-0.00119,0.00077,0.00989,-0.00562,-0.76723,0.00053,-0.00033,0.00036,0.0196,0.05833,-0.54563,3,37.9119,362.7992,35.8044,179.4488,0.5382,-102.2201,0.0066,23.4923,0.2555
491,000491.png,False,1788892895.752584,1788892895.692584,normal_unload,18,,0.0,0.05054,0.0523,-0.53253,0.00133,-0.00111,0.00066,0.01318,-0.00355,-0.75522,0.00063,-0.00025,0.00025,0.02134,0.06202,-0.53346,3,37.9127,362.7996,35.8071,179.4493,0.5382,-102.2203,0.0012,23.495,0.2528
492,000492.png,False,1788892895.948578,1788892895.888578,normal_unload,18,,0.0,0.05231,0.05829,-0.38776,0.001,-0.00104,0.0007,0.01491,0.00239,-0.61065,0.00031,-0.00018,0.00029,0.01887,0.07041,-0.38881,3,37.9113,362.8065,35.8298,179.449,0.5388,-102.2206,0.006,23.5179,0.2299
493,000493.png,False,1788892896.144491,1788892896.084491,normal_unload,18,,0.0,0.05039,0.05273,-0.37517,0.00118,-0.00105,0.00075,0.01296,-0.00322,-0.59826,0.00048,-0.00018,0.00034,0.0199,0.06483,-0.37613,3,37.9116,362.8028,35.8297,179.4492,0.5382,-102.2208,0.008,23.5177,0.2301
494,000494.png,False,1788892896.728631,1788892896.668631,normal_unload,18,,0.0,0.05174,0.05554,-0.04006,0.00091,-0.001,0.00072,0.01422,-0.00056,-0.26375,0.00021,-0.00013,0.00031,0.01735,0.07332,-0.04112,3,37.9119,362.8073,35.906,179.4493,0.5386,-102.2214,0.0019,23.594,0.1537
495,000495.png,False,1788892901.216826,1788892901.156826,normal_load,19,,2.0,0.04462,0.06533,-0.11486,0.00066,-0.0011,0.00061,0.00632,0.00808,-0.34314,-5e-05,-0.00021,0.00019,0.00681,0.07704,-0.11606,3,37.9225,362.7881,35.9001,179.4546,0.5337,-102.2234,0.0044,23.5877,0.16
496,000496.png,False,1788892901.408741,1788892901.348742,normal_load,19,,2.0,0.04574,0.07521,-0.28998,0.00067,-0.00096,0.0006,0.00741,0.01791,-0.51846,-5e-05,-7e-05,0.00018,0.00405,0.08334,-0.29134,3,37.9224,362.7949,35.8554,179.4545,0.5339,-102.2234,0.0052,23.5432,0.2046
497,000497.png,False,1788892901.604867,1788892901.544868,normal_load,19,,2.0,0.04757,0.08563,-0.51508,0.00044,-0.00099,0.00074,0.00921,0.02827,-0.74376,-0.00028,-0.00011,0.00032,0.002,0.08968,-0.51659,3,37.9215,362.7961,35.825,179.4538,0.5356,-102.2232,0.0099,23.5128,0.235
498,000498.png,False,1788892901.800756,1788892901.740757,normal_load,19,,2.0,0.0564,0.10056,-0.70541,0.00018,-0.00096,0.00086,0.018,0.04316,-0.93429,-0.00053,-7e-05,0.00044,0.0035,0.10397,-0.70716,3,37.922,362.805,35.7962,179.4529,0.5389,-102.2238,0.0007,23.4842,0.2636
499,000499.png,False,1788892902.384905,1788892902.324905,normal_load,19,,2.0,0.05932,0.10977,-1.10084,0.00017,-0.00101,0.00063,0.02082,0.05222,-1.33031,-0.00055,-0.00012,0.00021,0.00417,0.10708,-1.10269,3,37.9224,362.8107,35.7402,179.4528,0.541,-102.2238,0.0037,23.4283,0.3195
500,000500.png,False,1788892902.580792,1788892902.520792,normal_load,19,,2.0,0.0657,0.11946,-1.332,0.00012,-0.00101,0.00043,0.02717,0.06186,-1.56168,-0.0006,-0.00011,1e-05,0.00646,0.11495,-1.334,3,37.9215,362.8142,35.7251,179.4522,0.5417,-102.2238,0.0091,23.4132,0.3346
501,000501.png,False,1788892917.605572,1788892917.545572,shear_+X_out,1,+X,0.5,0.06207,0.10568,-1.71471,0.00064,-0.00124,0.00057,0.022,0.04621,-1.95425,-0.00012,-0.00033,0.00011,0.01285,0.09507,-1.71641,3,37.9412,362.759,35.6759,179.4674,0.5148,-102.2322,0.0041,23.3629,0.3848
502,000502.png,False,1788892917.797601,1788892917.737602,shear_+X_out,1,+X,0.5,0.19665,0.22774,-1.52545,-0.00228,0.00198,0.00059,0.1566,0.16831,-1.76495,-0.00304,0.0029,0.00013,0.06713,0.27106,-1.52956,3,38.0037,362.8541,35.7053,179.4623,0.5268,-102.2394,0.0064,23.3935,0.3543
503,000503.png,False,1788892917.993506,1788892917.933506,shear_+X_out,1,+X,0.5,0.47548,0.02254,-1.48771,0.00249,0.00875,0.00083,0.43544,-0.03686,-1.72717,0.00173,0.00967,0.00037,0.41092,0.23327,-1.48882,3,38.1613,362.8156,35.7003,179.4666,0.5174,-102.2338,0.0006,23.3868,0.361
504,000504.png,False,1788892918.189601,1788892918.129601,shear_+X_out,1,+X,0.5,0.4734,0.0474,-1.45287,0.00191,0.00862,0.00087,0.43336,-0.01197,-1.69229,0.00114,0.00953,0.0004,0.39645,0.25432,-1.45442,3,38.1589,362.8269,35.7017,179.4662,0.5177,-102.2333,0.0064,23.3884,0.3594
505,000505.png,False,1788892918.385615,1788892918.325615,shear_+X_back,1,+X,0.0,0.4858,0.11159,-1.35731,0.00033,0.00902,0.00089,0.44578,0.05227,-1.5967,-0.00044,0.00994,0.00042,0.37446,0.31764,-1.36001,3,38.1558,362.8547,35.7082,179.4654,0.5198,-102.2325,0.0074,23.3953,0.3525
506,000506.png,False,1788892918.577626,1788892918.517627,shear_+X_back,1,+X,0.0,0.49171,0.12958,-1.4705,-4e-05,0.00914,0.00073,0.4517,0.07029,-1.70985,-0.0008,0.01005,0.00026,0.37138,0.33436,-1.47351,3,38.1527,362.864,35.6989,179.4662,0.5184,-102.2314,0.0023,23.3862,0.3616
507,000507.png,False,1788892918.773544,1788892918.713544,shear_+X_back,1,+X,0.0,0.27363,0.12982,-1.64472,7e-05,0.00387,0.00065,0.23363,0.07056,-1.88403,-0.00069,0.00478,0.00019,0.18356,0.22281,-1.64726,3,38.0631,362.8099,35.6842,179.4679,0.5146,-102.2244,0.0051,23.3713,0.3765
508,000508.png,False,1788892918.969549,1788892918.909549,shear_+X_back,1,+X,0.0,0.11448,0.1063,-1.87423,0.0007,-3e-05,0.00072,0.07449,0.04707,-2.11351,-7e-05,0.00088,0.00026,0.05905,0.11924,-1.87602,3,37.9951,362.7728,35.6692,179.4703,0.5083,-102.2237,0.0006,23.3561,0.3917
509,000509.png,False,1788892919.553579,1788892919.493579,shear_+X_back,1,+X,0.0,0.05638,0.13579,-1.85238,-2e-05,-0.0014,0.00068,0.01642,0.07667,-2.09155,-0.00079,-0.0005,0.00021,-0.00617,0.1161,-1.85456,3,37.9617,362.7507,35.6665,179.4708,0.5072,-102.2339,0.0094,23.3533,0.3945
510,000510.png,False,1788892919.749713,1788892919.689713,shear_+X_back,1,+X,0.0,0.05094,0.11951,-1.88532,0.00036,-0.00153,0.00076,0.01099,0.06042,-2.12445,-0.00041,-0.00063,0.00028,-0.00252,0.09875,-1.8872,3,37.9639,362.739,35.6629,179.4714,0.5055,-102.2409,0.0037,23.3495,0.3983
511,000511.png,False,1788892920.141693,1788892920.081693,shear_-X_out,1,-X,0.5,0.03404,0.10232,-1.78858,0.00071,-0.00192,0.00053,-0.00588,0.04331,-2.02763,-6e-05,-0.00101,6e-05,-0.00923,0.07698,-1.79014,3,37.9582,362.7336,35.6688,179.4729,0.5052,-102.2466,0.01,23.3554,0.3924
512,000512.png,False,1788892920.333710,1788892920.273710,shear_-X_out,1,-X,0.5,-0.04694,-0.01088,-1.84369,0.00337,-0.00406,0.00052,-0.08685,-0.06986,-2.08271,0.00261,-0.00316,4e-05,-0.02244,-0.06241,-1.84312,3,37.9493,362.6759,35.6656,179.4755,0.5015,-102.2472,0.0001,23.3513,0.3965
513,000513.png,False,1788892920.529745,1788892920.469745,shear_-X_out,1,-X,0.5,-0.478,0.08904,-1.61388,0.00106,-0.01418,0.00063,-0.5179,0.0301,-1.85286,0.0003,-0.01328,0.00016,-0.44735,-0.18758,-1.61422,3,37.7241,362.6268,35.6929,179.4724,0.5097,-102.2448,0.0072,23.3794,0.3684
514,000514.png,False,1788892920.725788,1788892920.665788,shear_-X_out,1,-X,0.5,-0.40974,0.16063,-1.4819,-0.00064,-0.01239,0.00035,-0.44963,0.10172,-1.72085,-0.00141,-0.01149,-0.00012,-0.42491,-0.08936,-1.48364,3,37.7248,362.6278,35.6946,179.4725,0.5093,-102.2448,0.0012,23.3811,0.3667
515,000515.png,False,1788892921.113660,1788892921.053660,shear_-X_out,1,-X,0.5,-0.40416,0.14579,-1.41183,-0.00031,-0.01213,0.00048,-0.44403,0.08695,-1.6507,-0.00108,-0.01123,-0.0,-0.41314,-0.0983,-1.41333,3,37.7252,362.6211,35.6974,179.4735,0.5075,-102.2446,0.0045,23.3837,0.364
516,000516.png,False,1788892921.309744,1788892921.249744,shear_-X_out,1,-X,0.5,-0.78855,-5e-05,-1.90836,0.00333,-0.02165,0.00041,-0.8284,-0.05885,-2.14719,0.00256,-0.02075,-7e-05,-0.6698,-0.42462,-1.90649,3,37.5864,362.5238,35.6787,179.4756,0.5021,-102.2492,0.0009,23.3645,0.3833
517,000517.png,False,1788892921.505667,1788892921.445668,shear_-X_out,1,-X,0.5,-0.6785,0.1896,-1.52589,-0.00143,-0.01892,0.00043,-0.71834,0.13083,-1.7647,-0.0022,-0.01802,-5e-05,-0.67187,-0.19926,-1.52759,3,37.5799,362.5544,35.6909,179.4738,0.5064,-102.2485,0.0066,23.3772,0.3706
518,000518.png,False,1788892921.897832,1788892921.837832,shear_-X_back,1,-X,0.0,-0.67126,0.13252,-1.45127,4e-05,-0.01857,0.00051,-0.71108,0.07382,-1.69,-0.00073,-0.01767,3e-05,-0.6376,-0.24389,-1.452,3,37.5842,362.5322,35.6951,179.4731,0.5087,-102.2483,0.0011,23.3811,0.3667
519,000519.png,False,1788892922.089808,1788892922.029808,shear_-X_back,1,-X,0.0,-0.66833,0.12738,-1.43149,6e-05,-0.01852,0.00049,-0.70814,0.06871,-1.67018,-0.00071,-0.01762,1e-05,-0.63264,-0.24656,-1.43214,3,37.583,362.5317,35.6968,179.4729,0.5093,-102.2481,0.0083,23.3827,0.3651
520,000520.png,False,1788892922.285825,1788892922.225826,shear_-X_back,1,-X,0.0,-0.38856,0.14572,-1.34988,-0.00043,-0.01201,0.00053,-0.42835,0.08709,-1.58854,-0.0012,-0.01111,5e-05,-0.40002,-0.08957,-1.35143,3,37.6955,362.6281,35.7067,179.4692,0.5189,-102.2464,0.002,23.3933,0.3545
521,000521.png,False,1788892922.481842,1788892922.421842,shear_-X_back,1,-X,0.0,-0.15773,0.15862,-1.10511,-0.00097,-0.00616,0.00066,-0.19752,0.10003,-1.34374,-0.00174,-0.00527,0.00018,-0.20822,0.04086,-1.10738,3,37.8076,362.6635,35.7219,179.4672,0.5234,-102.241,0.0075,23.4084,0.3394
522,000522.png,False,1788892922.677732,1788892922.617732,shear_-X_back,1,-X,0.0,-0.12817,0.08077,-1.17263,0.00108,-0.00544,0.00077,-0.16794,0.02221,-1.41122,0.0003,-0.00454,0.00028,-0.14324,-0.01287,-1.1736,3,37.8378,362.6576,35.7203,179.467,0.5246,-102.2379,0.0075,23.4065,0.3413
523,000523.png,False,1788892922.869839,1788892922.809839,shear_-X_back,1,-X,0.0,-0.04398,0.07122,-1.26458,0.00132,-0.00348,0.00101,-0.08374,0.0127,-1.50313,0.00055,-0.00258,0.00053,-0.06491,0.01945,-1.26553,3,37.9067,362.6629,35.7008,179.4676,0.5237,-102.2368,0.0019,23.3866,0.3612
524,000524.png,False,1788892923.065869,1788892923.005869,shear_-X_back,1,-X,0.0,0.07689,-0.01632,-2.08143,0.00366,-0.00125,0.001,0.03714,-0.07481,-2.31995,0.00289,-0.00036,0.00051,0.08919,-0.00906,-2.08099,3,37.9567,362.6615,35.6533,179.4698,0.5185,-102.2392,0.0087,23.3387,0.4091
525,000525.png,False,1788892923.845851,1788892923.785851,shear_-Y_out,1,-Y,0.5,0.08611,0.18889,-1.82349,-0.00138,-0.0008,0.00097,0.0464,0.13054,-2.06186,-0.00215,9e-05,0.00047,-0.00714,0.1774,-1.82666,3,37.9262,362.7278,35.6631,179.4739,0.5136,-102.2377,0.0051,23.3497,0.398
526,000526.png,False,1788892924.041934,1788892923.981935,shear_-Y_out,1,-Y,0.5,0.01975,-0.32016,-1.07266,0.01022,-0.00182,0.00091,-0.01995,-0.37847,-1.31099,0.00944,-0.00093,0.00041,0.1845,-0.2846,-1.06698,3,38.0375,362.5082,35.7156,179.4743,0.5129,-102.2381,0.0097,23.398,0.3498
527,000527.png,False,1788892924.237851,1788892924.177851,shear_-Y_out,1,-Y,0.5,0.07591,-0.21587,-1.21921,0.00797,-0.00057,0.00094,0.03622,-0.27415,-1.45751,0.0072,0.00032,0.00045,0.18206,-0.16856,-1.21544,3,38.0369,362.5664,35.7097,179.4707,0.5211,-102.2377,0.0038,23.393,0.3548
528,000528.png,False,1788892924.433952,1788892924.373952,shear_-Y_out,1,-Y,0.5,0.06632,-0.7783,-1.59981,0.02161,-0.00082,0.00128,0.02664,-0.83654,-1.83807,0.02083,7e-05,0.00079,0.45739,-0.66655,-1.58621,3,38.1849,362.3062,35.6803,179.473,0.516,-102.2394,0.0081,23.3584,0.3894
529,000529.png,False,1788892924.625901,1788892924.565901,shear_-Y_out,1,-Y,0.5,0.10868,-0.61563,-1.42047,0.01756,0.00026,0.00118,0.06902,-0.67384,-1.65869,0.01679,0.00114,0.00069,0.41157,-0.50163,-1.4098,3,38.1711,362.3747,35.6939,179.4701,0.523,-102.2399,0.0026,23.3732,0.3746
530,000530.png,False,1788892924.821930,1788892924.761930,shear_-Y_out,1,-Y,0.5,0.0941,-0.64125,-1.4732,0.01841,-5e-05,0.00134,0.05444,-0.69942,-1.71138,0.01763,0.00083,0.00084,0.4121,-0.53195,-1.46204,3,38.1755,362.3555,35.692,179.471,0.5208,-102.2401,0.0028,23.371,0.3768
531,000531.png,False,1788892925.017955,1788892924.957955,shear_-Y_back,1,-Y,0.0,0.08233,-0.67245,-1.45359,0.01873,-0.00057,0.00114,0.04269,-0.73059,-1.69174,0.01795,0.00031,0.00064,0.41737,-0.56453,-1.44187,3,38.1758,362.3421,35.6919,179.4716,0.5194,-102.2396,0.009,23.3706,0.3771
532,000532.png,False,1788892925.213973,1788892925.153973,shear_-Y_back,1,-Y,0.0,0.07139,-0.68382,-1.44956,0.01905,-0.0008,0.00104,0.03176,-0.74193,-1.68767,0.01827,8e-05,0.00054,0.41354,-0.57979,-1.43763,2,38.177,362.3306,35.6905,179.4721,0.5182,-102.2394,0.0061,23.369,0.3788
533,000533.png,False,1788892925.405853,1788892925.345853,shear_-Y_back,1,-Y,0.0,-0.04945,-0.36763,-1.47489,0.01185,-0.00361,0.00079,-0.08906,-0.4257,-1.71297,0.01107,-0.00273,0.00029,0.15107,-0.36673,-1.46819,3,38.0397,362.455,35.6871,179.4726,0.5172,-102.2296,0.0047,23.3686,0.3791
534,000534.png,False,1788892925.601986,1788892925.541986,shear_-Y_back,1,-Y,0.0,-0.02891,-0.06751,-1.46003,0.00484,-0.00316,0.00085,-0.06852,-0.12554,-1.69807,0.00406,-0.00227,0.00035,0.01881,-0.0963,-1.45858,3,37.9638,362.6004,35.6931,179.4706,0.5227,-102.2236,0.0099,23.3775,0.3703
535,000535.png,False,1788892925.797956,1788892925.737956,shear_-Y_back,1,-Y,0.0,-0.0185,-0.06373,-1.64292,0.00467,-0.003,0.00095,-0.0581,-0.12173,-1.88092,0.00389,-0.00212,0.00045,0.0272,-0.09076,-1.64153,3,37.9718,362.5857,35.6799,179.4743,0.5129,-102.2255,0.0033,23.364,0.3838
536,000536.png,False,1788892926.185894,1788892926.125894,shear_-Y_back,1,-Y,0.0,0.08065,0.17421,-1.68358,-0.00079,-0.00077,0.00073,0.04107,0.11628,-1.92151,-0.00157,0.00011,0.00023,-0.00551,0.16421,-1.68651,3,37.9563,362.6845,35.6692,179.4756,0.5108,-102.2316,0.0041,23.355,0.3928
537,000537.png,False,1788892926.773984,1788892926.713984,shear_-Y_back,1,-Y,0.0,0.07397,0.143,-1.71801,-0.00022,-0.00103,0.00063,0.03443,0.08518,-1.95583,-0.001,-0.00015,0.00012,0.00454,0.13329,-1.72037,3,37.9518,362.7064,35.6695,179.4771,0.5116,-102.2405,0.0082,23.3557,0.3921
538,000538.png,False,1788892926.970067,1788892926.910067,shear_+Y_out,1,+Y,0.5,0.0908,0.09719,-1.33201,0.00088,-0.00029,0.00084,0.05127,0.03941,-1.5698,0.0001,0.00059,0.00034,0.03932,0.10821,-1.33368,3,37.9681,362.7088,35.6991,179.4766,0.5149,-102.2466,0.0004,23.3852,0.3626
539,000539.png,False,1788892927.162040,1788892927.102040,shear_+Y_out,1,+Y,0.5,0.10967,0.67096,-1.45338,-0.01285,-9e-05,0.00066,0.07015,0.61321,-1.69113,-0.01363,0.00078,0.00015,-0.23015,0.61261,-1.46501,3,37.8293,362.9738,35.7019,179.4734,0.5229,-102.244,0.0091,23.3932,0.3545
540,000540.png,False,1788892927.358043,1788892927.298043,shear_+Y_out,1,+Y,0.5,0.04165,0.51407,-1.62205,-0.00903,-0.00172,0.00078,0.00214,0.45635,-1.85976,-0.00981,-0.00085,0.00027,-0.20952,0.44004,-1.6308,3,37.8333,362.9021,35.686,179.4778,0.5127,-102.244,0.006,23.3761,0.3717
541,000541.png,False,1788892927.554040,1788892927.494040,shear_+Y_out,1,+Y,0.5,0.05256,0.53626,-1.56677,-0.00952,-0.00134,0.00067,0.01307,0.47858,-1.80445,-0.0103,-0.00047,0.00017,-0.21154,0.46561,-1.57594,3,37.8311,362.914,35.6899,179.4774,0.5137,-102.2438,0.0009,23.3802,0.3676
542,000542.png,False,1788892927.750001,1788892927.690001,shear_+Y_back,1,+Y,0.0,0.06365,0.56061,-1.51536,-0.01005,-0.001,0.00065,0.02417,0.50297,-1.75299,-0.01083,-0.00012,0.00014,-0.21445,0.49306,-1.52497,3,37.829,362.9308,35.6942,179.4763,0.5157,-102.2442,0.0043,23.3848,0.363
543,000543.png,False,1788892927.942062,1788892927.882062,shear_+Y_back,1,+Y,0.0,0.07972,0.57979,-1.49103,-0.01054,-0.00078,0.00076,0.04025,0.52217,-1.72863,-0.01133,9e-05,0.00025,-0.21028,0.51808,-1.50102,3,37.8289,362.9424,35.6969,179.4758,0.5169,-102.2447,0.0072,23.3877,0.3601
544,000544.png,False,1788892928.138071,1788892928.078071,shear_+Y_back,1,+Y,0.0,0.17069,0.23479,-0.83253,-0.00265,0.00195,0.00086,0.13122,0.17721,-1.07009,-0.00343,0.00282,0.00034,0.03632,0.27529,-0.83681,3,37.9919,362.7698,35.7573,179.476,0.5165,-102.264,0.0021,23.4442,0.3036
545,000545.png,False,1788892928.530091,1788892928.470091,shear_+Y_back,1,+Y,0.0,0.16808,0.20293,-1.01647,-0.00191,0.00172,0.00081,0.12864,0.14542,-1.25396,-0.00269,0.00259,0.0003,0.05125,0.24345,-1.02017,3,37.9744,362.804,35.7355,179.4706,0.5291,-102.2636,0.0011,23.423,0.3248
546,000546.png,False,1788892929.506174,1788892929.446174,shear_+Y_back,1,+Y,0.0,0.07183,0.10962,-1.47647,0.0005,-0.00078,0.00078,0.03244,0.05228,-1.71378,-0.00029,9e-05,0.00026,0.01769,0.10717,-1.47829,3,37.9545,362.731,35.6913,179.4723,0.5282,-102.2434,0.0003,23.3779,0.3699
547,000547.png,False,1788892929.698143,1788892929.638143,shear_+Y_back,1,+Y,0.0,0.03529,0.01169,-0.90561,0.00248,-0.0014,0.00072,-0.00409,-0.04561,-1.14289,0.0017,-0.00053,0.0002,0.031,0.01325,-0.90575,3,37.9628,362.6852,35.7387,179.472,0.5288,-102.2443,0.0099,23.4245,0.3233
548,000548.png,False,1788892929.894153,1788892929.834153,shear_+Y_back,1,+Y,0.0,0.06003,0.05868,-0.91594,0.00153,-0.00077,0.00068,0.02067,0.00142,-1.15318,0.00074,0.0001,0.00016,0.02903,0.06615,-0.91694,3,37.962,362.7065,35.7423,179.4709,0.5311,-102.2447,0.004,23.4284,0.3194
549,000549.png,False,1788892930.090199,1788892930.030199,shear_+Y_back,1,+Y,0.0,0.0695,0.06285,-1.60953,0.00161,-0.00111,0.00084,0.03015,0.00562,-1.84673,0.00083,-0.00025,0.00031,0.03996,0.06337,-1.61051,3,37.9644,362.7065,35.6881,179.4735,0.5252,-102.2451,0.0013,23.3742,0.3736
550,000550.png,False,1788892932.234174,1788892932.174174,shear_+Y_back,1,+Y,0.0,0.06155,0.07963,-0.63854,0.00094,-0.00054,0.00088,0.02232,0.02279,-0.87534,0.00015,0.00031,0.00035,0.01796,0.08949,-0.63995,3,37.9559,362.7208,35.7829,179.4696,0.536,-102.2445,0.0059,23.4693,0.2785
551,000551.png,False,1788892933.210297,1788892933.150297,shear_+Y_back,1,+Y,0.0,0.04863,0.07035,-1.86404,0.00165,-0.0015,0.00109,0.00946,0.01368,-2.10066,0.00086,-0.00065,0.00056,0.0199,0.05536,-1.86508,3,37.9564,362.7009,35.6684,179.4753,0.5221,-102.2442,0.0036,23.3544,0.3934
552,000552.png,False,1788892933.406334,1788892933.346334,shear_+X_out,2,+X,0.5,0.11357,0.22447,-1.7132,-0.00214,0.00011,0.00087,0.07441,0.16783,-1.94978,-0.00294,0.00097,0.00034,-0.0019,0.22371,-1.71705,3,37.9493,362.7545,35.6748,179.4751,0.5294,-102.2438,0.0086,23.3617,0.386
553,000553.png,False,1788892933.602310,1788892933.542310,shear_+X_out,2,+X,0.5,0.39834,0.36616,-1.29596,-0.00573,0.00697,0.00108,0.35919,0.30956,-1.5325,-0.00653,0.00782,0.00054,0.17109,0.4954,-1.30291,3,38.0376,362.9288,35.7127,179.4682,0.5459,-102.2389,0.0012,23.4019,0.3459
554,000554.png,False,1788892934.186347,1788892934.126347,shear_+X_back,2,+X,0.0,0.47659,0.15207,-1.4986,-0.00074,0.00876,0.00109,0.43747,0.09558,-1.73503,-0.00154,0.00961,0.00055,0.34724,0.34583,-1.50196,3,38.1327,362.8709,35.6937,179.4744,0.5316,-102.2384,0.0022,23.3812,0.3665
555,000555.png,False,1788892934.382361,1788892934.322361,shear_+X_back,2,+X,0.0,0.52599,0.14274,-1.66575,-0.00031,0.00993,0.00096,0.48688,0.08629,-1.90215,-0.00111,0.01077,0.00042,0.39585,0.35976,-1.66903,3,38.1555,362.875,35.6807,179.4748,0.5301,-102.2419,0.003,23.3681,0.3797
556,000556.png,False,1788892934.578363,1788892934.518363,shear_+X_back,2,+X,0.0,0.37184,0.03409,-1.94106,0.00257,0.00621,0.00106,0.33275,-0.02233,-2.17743,0.00177,0.00705,0.00052,0.31852,0.18423,-1.9421,3,38.1195,362.7712,35.655,179.478,0.5224,-102.251,0.0086,23.341,0.4068
557,000557.png,False,1788892934.770378,1788892934.710378,shear_+X_back,2,+X,0.0,0.33645,0.06445,-2.21853,0.00195,0.00518,0.0011,0.29737,0.00807,-2.45486,0.00115,0.00603,0.00055,0.27462,0.1884,-2.21998,3,38.1002,362.7871,35.6419,179.4792,0.5191,-102.2566,0.0023,23.3283,0.4195
558,000558.png,False,1788892934.966412,1788892934.906412,shear_+X_back,2,+X,0.0,0.27581,0.0732,-2.58702,0.00179,0.00352,0.00107,0.23674,0.01685,-2.82331,0.00099,0.00436,0.00053,0.22027,0.15977,-2.58844,3,38.0736,362.77,35.61,179.4818,0.5126,-102.2614,0.0025,23.2963,0.4514
559,000559.png,False,1788892935.162409,1788892935.102409,shear_+X_back,2,+X,0.0,0.1068,0.17531,-2.59543,-0.0006,-0.00063,0.00101,0.06774,0.11899,-2.83168,-0.0014,0.00021,0.00046,0.02292,0.16362,-2.59828,3,37.9907,362.7714,35.6138,179.4829,0.5118,-102.2599,0.0085,23.3007,0.4471
560,000560.png,False,1788892935.358417,1788892935.298417,shear_+X_back,2,+X,0.0,0.06639,0.18767,-1.6391,-0.00121,-0.00115,0.00087,0.02734,0.13139,-1.87532,-0.00201,-0.0003,0.00033,-0.02489,0.16945,-1.64224,3,37.9506,362.7749,35.6777,179.4796,0.5198,-102.2582,0.0067,23.365,0.3828
561,000561.png,False,1788892935.554325,1788892935.494325,shear_+X_back,2,+X,0.0,0.03734,0.13187,-1.32603,-0.00023,-0.00161,0.00082,-0.0017,0.07563,-1.56221,-0.00103,-0.00077,0.00027,-0.02435,0.11163,-1.32819,3,37.9405,362.757,35.7029,179.476,0.5292,-102.2556,0.0019,23.39,0.3578
562,000562.png,False,1788892935.942442,1788892935.882442,shear_+X_back,2,+X,0.0,0.06773,0.15371,-1.52976,-0.00062,-0.00099,0.00081,0.02872,0.09753,-1.76587,-0.00142,-0.00014,0.00026,-0.00752,0.14246,-1.53233,3,37.9499,362.7545,35.6827,179.4758,0.5289,-102.258,0.0095,23.3696,0.3782
563,000563.png,False,1788892936.138349,1788892936.078349,shear_-X_out,2,-X,0.5,0.03942,0.07654,-1.72345,0.00123,-0.00174,0.00092,0.00042,0.0204,-1.95952,0.00043,-0.0009,0.00037,0.00786,0.05838,-1.72459,3,37.9559,362.7212,35.6735,179.4769,0.5263,-102.258,0.0036,23.3598,0.3879
564,000564.png,False,1788892936.334458,1788892936.274458,shear_-X_out,2,-X,0.5,-0.34038,-0.04757,-2.42517,0.00476,-0.0112,0.00101,-0.37937,-0.10367,-2.66121,0.00395,-0.01036,0.00046,-0.25426,-0.25012,-2.4233,3,37.8297,362.5723,35.6275,179.4799,0.5191,-102.2629,0.0086,23.3123,0.4354
565,000565.png,False,1788892936.722502,1788892936.662502,shear_-X_out,2,-X,0.5,-0.34781,0.23298,-1.83493,-0.00214,-0.01109,0.00081,-0.38678,0.17695,-2.0709,-0.00295,-0.01025,0.00026,-0.40496,-0.0014,-1.838,3,37.7492,362.6721,35.663,179.475,0.5321,-102.261,0.0056,23.35,0.3977
566,000566.png,False,1788892936.918458,1788892936.858458,shear_-X_out,2,-X,0.5,-0.66404,-0.02309,-2.11564,0.00395,-0.01884,0.00081,-0.703,-0.07909,-2.35157,0.00314,-0.018,0.00025,-0.54899,-0.38569,-2.11359,3,37.6633,362.503,35.6476,179.4818,0.5162,-102.2573,0.007,23.3325,0.4153
567,000567.png,False,1788892937.114479,1788892937.054479,shear_-X_out,2,-X,0.5,-0.66299,0.30041,-1.62488,-0.00389,-0.0186,0.00055,-0.70194,0.24445,-1.86077,-0.00469,-0.01777,-1e-05,-0.71312,-0.09713,-1.62851,3,37.5751,362.6094,35.6776,179.4754,0.533,-102.26,0.0016,23.3648,0.3829
568,000568.png,False,1788892937.502495,1788892937.442495,shear_-X_back,2,-X,0.0,-0.65052,0.26247,-1.77558,-0.00304,-0.01848,0.00087,-0.68945,0.20658,-2.0114,-0.00385,-0.01764,0.00031,-0.68232,-0.12617,-1.77856,3,37.5775,362.6006,35.6708,179.4748,0.5337,-102.2602,0.0048,23.3579,0.3899
569,000569.png,False,1788892937.698539,1788892937.638539,shear_-X_back,2,-X,0.0,-0.64737,0.24673,-1.81855,-0.00271,-0.01854,0.00095,-0.68629,0.19087,-2.05434,-0.00352,-0.0177,0.0004,-0.67143,-0.13892,-1.82126,3,37.5791,362.5925,35.6688,179.475,0.5333,-102.2602,0.0005,23.3557,0.3921
570,000570.png,False,1788892937.894433,1788892937.834433,shear_-X_back,2,-X,0.0,-0.24955,0.12651,-1.86997,0.00032,-0.00904,0.001,-0.28845,0.07069,-2.10571,-0.00049,-0.00821,0.00044,-0.26641,-0.04508,-1.87138,3,37.7756,362.6478,35.662,179.4743,0.5351,-102.2713,0.0066,23.3484,0.3993
571,000571.png,False,1788892938.090525,1788892938.030525,shear_-X_back,2,-X,0.0,-0.06182,0.12998,-1.66318,0.00011,-0.00432,0.00116,-0.10071,0.07419,-1.89889,-0.0007,-0.00349,0.0006,-0.10696,0.05504,-1.66505,3,37.8699,362.6805,35.6768,179.4718,0.5412,-102.2728,0.0016,23.3632,0.3846
572,000572.png,False,1788892939.258610,1788892939.198610,shear_-Y_out,2,-Y,0.5,0.08482,0.08987,-1.66464,0.00109,-0.00075,0.0007,0.046,0.03429,-1.90013,0.00028,8e-05,0.00014,0.04012,0.09355,-1.66611,3,37.9479,362.7191,35.6717,179.4758,0.5345,-102.2593,0.0094,23.3581,0.3897
573,000573.png,False,1788892939.454639,1788892939.394639,shear_-Y_out,2,-Y,0.5,0.09196,0.10103,-1.65392,0.00076,-0.00052,0.00088,0.05315,0.04548,-1.88938,-5e-05,0.00031,0.00031,0.04065,0.10695,-1.65561,2,37.9477,362.7288,35.6741,179.4763,0.535,-102.2578,0.0004,23.3606,0.3872
574,000574.png,False,1788892939.650512,1788892939.590512,shear_-Y_out,2,-Y,0.5,0.10479,-0.40686,-1.31565,0.01257,4e-05,0.00119,0.06598,-0.46237,-1.55106,0.01175,0.00087,0.00062,0.30317,-0.32109,-1.3086,3,38.1041,362.4967,35.6957,179.4774,0.5322,-102.2615,0.0053,23.3774,0.3704
575,000575.png,False,1788892940.234637,1788892940.174638,shear_-Y_out,2,-Y,0.5,0.1384,-0.27515,-1.23004,0.00931,0.00077,0.00133,0.09963,-0.33055,-1.46535,0.0085,0.00159,0.00076,0.26588,-0.18885,-1.22536,3,38.0866,362.5618,35.7107,179.4749,0.5384,-102.2617,0.0048,23.3936,0.3541
576,000576.png,False,1788892940.430635,1788892940.370635,shear_-Y_out,2,-Y,0.5,0.05909,-0.74187,-1.39114,0.02051,-0.00104,0.00134,0.02033,-0.79724,-1.62641,0.0197,-0.00022,0.00077,0.43149,-0.63527,-1.37818,3,38.1757,362.3589,35.7025,179.476,0.5368,-102.2565,0.0007,23.3815,0.3663
577,000577.png,False,1788892940.818661,1788892940.758662,shear_-Y_back,2,-Y,0.0,0.10785,-0.58082,-1.20361,0.01655,0.0002,0.00134,0.06911,-0.63612,-1.43881,0.01574,0.00102,0.00077,0.39195,-0.46842,-1.19357,3,38.1708,362.3864,35.7133,179.4746,0.54,-102.2572,0.0052,23.3928,0.355
578,000578.png,False,1788892941.014686,1788892940.954686,shear_-Y_back,2,-Y,0.0,0.10645,-0.60577,-1.22876,0.01707,0.00012,0.0014,0.06772,-0.66104,-1.46392,0.01625,0.00094,0.00082,0.40338,-0.49114,-1.21828,2,38.1802,362.3712,35.7101,179.4754,0.5382,-102.2582,0.0004,23.3893,0.3585
579,000579.png,False,1788892941.210671,1788892941.150671,shear_-Y_back,2,-Y,0.0,0.14175,-0.43449,-1.57921,0.01329,0.00073,0.00119,0.10303,-0.48972,-1.81434,0.01247,0.00155,0.00062,0.35081,-0.33077,-1.57172,3,38.146,362.4639,35.6806,179.4767,0.5375,-102.2637,0.0063,23.3615,0.3862
580,000580.png,False,1788892941.406677,1788892941.346677,shear_-Y_back,2,-Y,0.0,0.18506,-0.17154,-1.62409,0.00737,0.0018,0.0011,0.14636,-0.22674,-1.85918,0.00655,0.00262,0.00052,0.25727,-0.08212,-1.62124,3,38.1019,362.5694,35.6751,179.48,0.5365,-102.2724,0.0004,23.3581,0.3897
581,000581.png,False,1788892941.598707,1788892941.538707,shear_-Y_back,2,-Y,0.0,0.1428,-0.12553,-1.63376,0.00616,0.00075,0.00095,0.10411,-0.18069,-1.86882,0.00534,0.00157,0.00038,0.19774,-0.06354,-1.63162,3,38.0719,362.6051,35.6762,179.4814,0.5358,-102.2746,0.009,23.3599,0.3879
582,000582.png,False,1788892941.794626,1788892941.734626,shear_-Y_back,2,-Y,0.0,0.11855,0.02536,-1.59099,0.00254,0.0001,0.00091,0.07987,-0.02977,-1.826,0.00173,0.00092,0.00033,0.10105,0.05571,-1.59142,3,38.0208,362.6626,35.6776,179.4813,0.5374,-102.2735,0.0079,23.3626,0.3852
583,000583.png,False,1788892941.990713,1788892941.930713,shear_-Y_back,2,-Y,0.0,0.07656,0.16017,-1.60546,-0.00063,-0.00097,0.00091,0.03789,0.10508,-1.84044,-0.00145,-0.00015,0.00033,-0.00258,0.15126,-1.60815,3,37.9711,362.6861,35.6747,179.4821,0.5349,-102.2732,0.0037,23.3604,0.3874
584,000584.png,False,1788892942.770709,1788892942.710709,shear_+Y_out,2,+Y,0.5,0.06329,0.13009,-1.41851,5e-05,-0.00093,0.00107,0.02466,0.07514,-1.65334,-0.00077,-0.00012,0.00049,-0.00034,0.12156,-1.42067,3,37.9602,362.7133,35.6945,179.4822,0.5351,-102.2746,0.0062,23.3807,0.3671
585,000585.png,False,1788892942.966718,1788892942.906718,shear_+Y_out,2,+Y,0.5,0.14363,0.61728,-1.43951,-0.01154,0.00078,0.00096,0.10502,0.56237,-1.67431,-0.01235,0.00159,0.00038,-0.17401,0.58332,-1.45029,3,37.8612,362.9577,35.7003,179.4799,0.5407,-102.2791,0.0009,23.3911,0.3567
586,000586.png,False,1788892943.162683,1788892943.102683,shear_+Y_out,2,+Y,0.5,0.06249,0.4802,-1.58248,-0.00834,-0.00129,0.00086,0.02389,0.42533,-1.81725,-0.00916,-0.00048,0.00028,-0.17482,0.42176,-1.59069,3,37.8614,362.8903,35.686,179.4838,0.5313,-102.2778,0.0043,23.3758,0.372
587,000587.png,False,1788892943.354698,1788892943.294698,shear_+Y_out,2,+Y,0.5,0.0851,0.53179,-1.50025,-0.00947,-0.00066,0.00084,0.04651,0.47694,-1.73498,-0.01029,0.00016,0.00026,-0.18157,0.47905,-1.50942,3,37.8547,362.9207,35.6936,179.4824,0.5347,-102.2774,0.0033,23.3838,0.364
588,000588.png,False,1788892943.550805,1788892943.490805,shear_+Y_back,2,+Y,0.0,0.09442,0.56158,-1.45377,-0.01023,-0.00049,0.00094,0.05584,0.50677,-1.68846,-0.01105,0.00032,0.00036,-0.18871,0.51026,-1.46348,3,37.8525,362.9336,35.6962,179.4819,0.5359,-102.2774,0.0021,23.3867,0.3611
589,000589.png,False,1788892943.746836,1788892943.686836,shear_+Y_back,2,+Y,0.0,0.09752,0.56117,-1.4452,-0.01018,-0.00039,0.00081,0.05895,0.5064,-1.67986,-0.011,0.00041,0.00022,-0.18589,0.51159,-1.45491,3,37.8507,362.9369,35.6968,179.4816,0.536,-102.2772,0.0075,23.3874,0.3604
590,000590.png,False,1788892943.942787,1788892943.882787,shear_+Y_back,2,+Y,0.0,0.07443,0.33297,-0.93535,-0.00504,-0.00063,0.0008,0.03587,0.27824,-1.16997,-0.00586,0.00018,0.00022,-0.0954,0.31059,-0.94113,3,37.9018,362.8099,35.7434,179.4805,0.5393,-102.2796,0.0009,23.4315,0.3163
591,000591.png,False,1788892944.138824,1788892944.078824,shear_+Y_back,2,+Y,0.0,0.07533,0.30052,-0.98008,-0.00437,-0.00068,0.00082,0.03679,0.24581,-1.21466,-0.00519,0.00013,0.00023,-0.07809,0.28221,-0.98529,3,37.898,362.8368,35.7376,179.4781,0.5452,-102.2796,0.0073,23.4262,0.3216
592,000592.png,False,1788892944.330811,1788892944.270811,shear_+Y_back,2,+Y,0.0,0.06066,0.26778,-1.07996,-0.00337,-0.0009,0.00063,0.02213,0.21311,-1.3145,-0.00419,-0.0001,4e-05,-0.07375,0.24493,-1.08456,3,37.9091,362.7844,35.7175,179.4781,0.5452,-102.2783,0.0039,23.4052,0.3426
593,000593.png,False,1788892944.526881,1788892944.466881,shear_+Y_back,2,+Y,0.0,0.03145,0.11385,-1.53501,0.00035,-0.00187,0.0007,-0.00707,0.05921,-1.76952,-0.00048,-0.00106,0.00011,-0.01899,0.08973,-1.53682,3,37.9261,362.756,35.6928,179.4783,0.5451,-102.2696,0.0008,23.3799,0.3679
594,000594.png,False,1788892944.722857,1788892944.662857,shear_+Y_back,2,+Y,0.0,0.08184,0.10482,-1.45684,0.00059,-0.00067,0.00083,0.04333,0.05022,-1.69131,-0.00024,0.00013,0.00024,0.02862,0.10834,-1.4586,3,37.9574,362.7319,35.692,179.4783,0.5453,-102.2709,0.0027,23.3786,0.3692
595,000595.png,False,1788892945.306783,1788892945.246783,shear_+Y_back,2,+Y,0.0,0.07158,0.09583,-1.57641,0.00081,-0.00083,0.00078,0.0331,0.04133,-1.81077,-1e-05,-3e-05,0.00018,0.02506,0.09351,-1.57797,3,37.9591,362.7222,35.6811,179.48,0.5427,-102.2718,0.0025,23.3675,0.3803
596,000596.png,False,1788892949.015065,1788892948.955065,shear_+Y_back,2,+Y,0.0,0.05503,0.05479,-1.96474,0.00212,-0.00141,0.00114,0.01676,0.00097,-2.19841,0.00129,-0.00062,0.00053,0.03391,0.04348,-1.9655,3,37.9604,362.6917,35.6578,179.4835,0.5354,-102.2726,0.0016,23.3436,0.4041
597,000597.png,False,1788892949.210962,1788892949.150962,shear_+X_out,3,+X,0.5,0.08315,0.12818,-1.797,0.00014,-0.00075,0.00105,0.04489,0.07439,-2.03064,-0.00069,4e-05,0.00044,0.02044,0.12378,-1.79912,3,37.9532,362.7545,35.6727,179.4803,0.5436,-102.2737,0.0036,23.3596,0.3882
598,000598.png,False,1788892949.403043,1788892949.343043,shear_+X_out,3,+X,0.5,0.37241,0.24591,-1.4328,-0.00277,0.00632,0.00124,0.33417,0.19215,-1.6664,-0.0036,0.00711,0.00063,0.20966,0.3761,-1.4376,3,38.0665,362.8734,35.7053,179.4751,0.5556,-102.2833,0.0039,23.3934,0.3544
599,000599.png,False,1788892949.598988,1788892949.538988,shear_+X_out,3,+X,0.5,0.53363,-0.01458,-1.50894,0.00333,0.01019,0.00116,0.4954,-0.0683,-1.74251,0.0025,0.01098,0.00055,0.47999,0.22984,-1.50953,3,38.2025,362.8089,35.6906,179.4805,0.5433,-102.2792,0.002,23.3767,0.3711
600,000600.png,False,1788892949.991112,1788892949.931112,shear_+X_back,3,+X,0.0,0.54845,0.07149,-1.41312,0.00117,0.01045,0.00098,0.51024,0.01784,-1.6466,0.00033,0.01124,0.00036,0.44915,0.31332,-1.41524,3,38.1944,362.8518,35.6965,179.4798,0.545,-102.2772,0.0076,23.3833,0.3645
601,000601.png,False,1788892950.183135,1788892950.123135,shear_+X_back,3,+X,0.0,0.55758,0.09583,-1.70176,0.00075,0.01067,0.0012,0.51938,0.04222,-1.93522,-9e-05,0.01146,0.00059,0.4469,0.33434,-1.70428,3,38.1936,362.8586,35.6775,179.4811,0.5419,-102.2761,0.0051,23.3644,0.3834
602,000602.png,False,1788892950.379183,1788892950.319183,shear_+X_back,3,+X,0.0,0.30312,0.1162,-1.86501,0.00035,0.00444,0.00125,0.26493,0.06261,-2.09843,-0.00049,0.00522,0.00064,0.21744,0.22222,-1.86735,3,38.0746,362.7798,35.6602,179.487,0.5277,-102.2617,0.01,23.3467,0.4011
603,000603.png,False,1788892950.575151,1788892950.515152,shear_+X_back,3,+X,0.0,0.1196,0.12778,-1.99161,0.00016,0.00011,0.00102,0.08142,0.07424,-2.22499,-0.00068,0.0009,0.0004,0.05356,0.13853,-1.99376,3,38.002,362.7722,35.6574,179.4855,0.5322,-102.2617,0.0048,23.3442,0.4036
604,000604.png,False,1788892950.771037,1788892950.711037,shear_+X_back,3,+X,0.0,0.08688,0.11551,-1.77327,0.00054,-0.00042,0.001,0.04872,0.062,-2.00661,-0.00029,0.00036,0.00038,0.02984,0.11505,-1.77518,2,37.9898,362.7495,35.6674,179.4853,0.532,-102.2656,0.0098,23.3539,0.3938
605,000605.png,False,1788892951.159167,1788892951.099167,shear_+X_back,3,+X,0.0,0.10384,0.08831,-1.86345,0.00111,-0.00019,0.0008,0.06569,0.03487,-2.09672,0.00027,0.00059,0.00018,0.05874,0.09852,-1.86491,3,37.999,362.7403,35.6594,179.4857,0.5308,-102.2719,0.0082,23.3458,0.402
606,000606.png,False,1788892951.747177,1788892951.687177,shear_-X_out,3,-X,0.5,0.04675,0.0517,-1.8682,0.00189,-0.00167,0.00082,0.00864,-0.00164,-2.10136,0.00105,-0.0009,0.00019,0.02761,0.03821,-1.8689,3,37.9853,362.7177,35.6603,179.4874,0.5285,-102.2863,0.0041,23.3464,0.4014
607,000607.png,False,1788892951.939099,1788892951.879099,shear_-X_out,3,-X,0.5,-0.04731,0.11119,-1.89303,0.00056,-0.00385,0.00093,-0.08541,0.05789,-2.12616,-0.00028,-0.00308,0.00031,-0.08341,0.04234,-1.89457,3,37.9323,362.7097,35.6564,179.4883,0.5272,-102.2821,0.0066,23.3428,0.405
608,000608.png,False,1788892952.719238,1788892952.659238,shear_-X_out,3,-X,0.5,-0.417,0.19039,-1.49926,-0.00149,-0.01265,0.00059,-0.45506,0.13722,-1.73224,-0.00234,-0.01188,-4e-05,-0.44594,-0.06749,-1.5015,3,37.7153,362.6327,35.6842,179.487,0.531,-102.2841,0.0006,23.3709,0.3769
609,000609.png,False,1788892952.915143,1788892952.855144,shear_-X_out,3,-X,0.5,-0.80112,0.13965,-1.92369,-0.00012,-0.02215,0.00052,-0.83916,0.08652,-2.15663,-0.00096,-0.02138,-0.00011,-0.75038,-0.31016,-1.92422,3,37.5645,362.54,35.6626,179.4887,0.5275,-102.285,0.005,23.3488,0.399
610,000610.png,False,1788892953.307158,1788892953.247158,shear_-X_out,3,-X,0.5,-0.70959,0.21619,-1.5345,-0.00217,-0.0196,0.00055,-0.74761,0.16313,-1.76737,-0.00301,-0.01883,-8e-05,-0.71203,-0.1919,-1.5366,3,37.5625,362.5624,35.6842,179.4873,0.531,-102.285,0.0043,23.3708,0.377
611,000611.png,False,1788892953.503279,1788892953.443279,shear_-X_back,3,-X,0.0,-0.68812,0.20388,-1.36959,-0.00187,-0.01883,0.00067,-0.72613,0.15086,-1.60242,-0.00272,-0.01806,4e-05,-0.68843,-0.1892,-1.37154,3,37.5626,362.5605,35.696,179.486,0.5342,-102.285,0.0009,23.3825,0.3653
612,000612.png,False,1788892953.695286,1788892953.635286,shear_-X_back,3,-X,0.0,-0.67604,0.1984,-1.36925,-0.00179,-0.01871,0.00062,-0.71404,0.14541,-1.60205,-0.00263,-0.01794,-1e-05,-0.67523,-0.1879,-1.37113,3,37.5622,362.5589,35.6979,179.486,0.5342,-102.285,0.0099,23.3844,0.3634
613,000613.png,False,1788892953.891185,1788892953.831185,shear_-X_back,3,-X,0.0,-0.32192,0.11365,-1.43917,0.00018,-0.01028,0.00105,-0.35991,0.0607,-1.67193,-0.00066,-0.00952,0.00041,-0.32566,-0.08548,-1.44028,3,37.7436,362.646,35.6928,179.4841,0.5394,-102.2942,0.0047,23.3794,0.3684
614,000614.png,False,1788892954.087318,1788892954.027318,shear_-X_back,3,-X,0.0,-0.12567,0.13456,-1.32248,-0.00041,-0.00556,0.00098,-0.16365,0.08164,-1.5552,-0.00126,-0.0048,0.00035,-0.16692,0.03256,-1.32436,3,37.8362,362.6638,35.6976,179.4816,0.5448,-102.2931,0.0001,23.3839,0.3639
615,000615.png,False,1788892954.283201,1788892954.223202,shear_-X_back,3,-X,0.0,-0.09856,0.07609,-1.38565,0.00094,-0.00491,0.00071,-0.13653,0.02321,-1.61833,0.0001,-0.00414,7e-05,-0.11378,-0.00555,-1.38656,3,37.8532,362.6656,35.693,179.4817,0.5449,-102.2887,0.0056,23.3792,0.3686
616,000616.png,False,1788892955.259246,1788892955.199246,shear_-X_back,3,-X,0.0,0.0613,0.06092,-1.99464,0.00185,-0.00126,0.00092,0.02339,0.00821,-2.22715,0.001,-0.0005,0.00027,0.03649,0.05144,-1.99552,3,37.9391,362.6966,35.6474,179.4855,0.5362,-102.2861,0.009,23.3335,0.4142
617,000617.png,False,1788892955.451269,1788892955.391269,shear_-Y_out,3,-Y,0.5,0.14949,0.12741,-1.86983,-0.0,0.00054,0.001,0.1116,0.07474,-2.1023,-0.00085,0.0013,0.00035,0.0788,0.15509,-1.87206,2,37.9578,362.7338,35.6544,179.4847,0.5387,-102.2883,0.0006,23.341,0.4068
618,000618.png,False,1788892955.647377,1788892955.587378,shear_-Y_out,3,-Y,0.5,0.06661,-0.35254,-1.16152,0.01109,-0.00084,0.00106,0.02873,-0.40518,-1.39395,0.01024,-8e-05,0.00041,0.24189,-0.29065,-1.15536,3,38.0628,362.5155,35.705,179.4857,0.5368,-102.2854,0.0058,23.3873,0.3605
619,000619.png,False,1788892956.231399,1788892956.171399,shear_-Y_out,3,-Y,0.5,0.11789,-0.24118,-1.29085,0.0085,0.00045,0.00094,0.08004,-0.29371,-1.52318,0.00765,0.00121,0.00029,0.23157,-0.17065,-1.28671,3,38.065,362.5666,35.6985,179.483,0.5433,-102.2861,0.0036,23.3816,0.3662
620,000620.png,False,1788892956.427390,1788892956.367390,shear_-Y_out,3,-Y,0.5,0.06414,-0.78175,-1.69903,0.02149,-0.00111,0.00112,0.02629,-0.83424,-1.93132,0.02064,-0.00035,0.00047,0.45791,-0.67222,-1.68535,3,38.1931,362.3018,35.6674,179.4877,0.5323,-102.2874,0.0021,23.3454,0.4023
621,000621.png,False,1788892956.623425,1788892956.563425,shear_-Y_out,3,-Y,0.5,0.13545,-0.62081,-1.37248,0.01756,0.00085,0.00108,0.09762,-0.67327,-1.60473,0.01671,0.00161,0.00043,0.43701,-0.49197,-1.36177,3,38.1832,362.3805,35.6906,179.4832,0.5432,-102.2874,0.0076,23.3699,0.3779
622,000622.png,False,1788892956.819322,1788892956.759322,shear_-Y_out,3,-Y,0.5,0.12558,-0.64354,-1.39303,0.01812,0.00047,0.00093,0.08776,-0.69596,-1.62524,0.01726,0.00123,0.00028,0.43996,-0.51692,-1.38191,3,38.1879,362.3653,35.6876,179.4836,0.5417,-102.2876,0.0056,23.3667,0.3811
623,000623.png,False,1788892957.011333,1788892956.951333,shear_-Y_back,3,-Y,0.0,0.1091,-0.66891,-1.4275,0.01878,0.00037,0.00097,0.07129,-0.7213,-1.65968,0.01793,0.00112,0.00032,0.4386,-0.54768,-1.4159,3,38.1894,362.3514,35.6851,179.4844,0.5404,-102.2872,0.0033,23.364,0.3838
624,000624.png,False,1788892957.207463,1788892957.147463,shear_-Y_back,3,-Y,0.0,0.10831,-0.67213,-1.40249,0.0188,8e-05,0.00087,0.07052,-0.72449,-1.63463,0.01795,0.00084,0.00022,0.43936,-0.55046,-1.39084,3,38.19,362.3502,35.6874,179.4844,0.5404,-102.287,0.0084,23.3662,0.3815
625,000625.png,False,1788892957.403472,1788892957.343472,shear_-Y_back,3,-Y,0.0,0.06786,-0.30843,-1.33854,0.01024,-0.00082,0.00067,0.03007,-0.36076,-1.57065,0.00939,-6e-05,2e-05,0.22216,-0.25466,-1.33312,3,38.063,362.5686,35.6946,179.4795,0.5527,-102.2775,0.0016,23.3778,0.37
626,000626.png,False,1788892957.599458,1788892957.539458,shear_-Y_back,3,-Y,0.0,0.08876,-0.04895,-1.44443,0.00398,-0.0005,0.0007,0.05099,-0.10123,-1.6765,0.00313,0.00025,4e-05,0.11136,-0.02118,-1.44354,3,38.0288,362.5831,35.6793,179.4821,0.5467,-102.2796,0.0101,23.363,0.3848
627,000627.png,False,1788892958.379458,1788892958.319458,shear_-Y_back,3,-Y,0.0,0.10099,0.12973,-1.88569,0.00026,-0.00035,0.00102,0.06326,0.07759,-2.11762,-0.00059,0.0004,0.00037,0.03574,0.13261,-1.88786,3,37.9757,362.7148,35.6573,179.484,0.5433,-102.2926,0.004,23.3434,0.4044
628,000628.png,False,1788892958.767416,1788892958.707416,shear_-Y_back,3,-Y,0.0,0.06932,0.15694,-1.78187,-0.00062,-0.00105,0.00096,0.03162,0.10487,-2.01372,-0.00147,-0.0003,0.00031,-0.00601,0.14202,-1.78446,3,37.9542,362.7198,35.6632,179.4854,0.5432,-102.2903,0.0015,23.3496,0.3982
629,000629.png,False,1788892958.963518,1788892958.903518,shear_+Y_out,3,+Y,0.5,0.07543,0.14581,-1.406,-0.00055,-0.00079,0.00089,0.03773,0.09377,-1.63781,-0.00141,-4e-05,0.00023,0.00224,0.14145,-1.40846,3,37.955,362.7288,35.688,179.4844,0.5475,-102.2907,0.0057,23.3745,0.3733
630,000630.png,False,1788892959.159529,1788892959.099530,shear_+Y_out,3,+Y,0.5,0.14021,0.68298,-1.48945,-0.01327,0.00068,0.00082,0.10253,0.63097,-1.72123,-0.01412,0.00143,0.00016,-0.20945,0.63771,-1.50134,3,37.8423,362.9814,35.6922,179.4816,0.5543,-102.2925,0.0091,23.3835,0.3642
631,000631.png,False,1788892959.355531,1788892959.295531,shear_+Y_out,3,+Y,0.5,0.05455,0.5167,-1.68867,-0.00927,-0.00147,0.00074,0.01687,0.46473,-1.92041,-0.01013,-0.00072,8e-05,-0.1992,0.44771,-1.69748,3,37.8432,362.902,35.6736,179.486,0.5431,-102.2916,0.0039,23.3637,0.3841
632,000632.png,False,1788892959.547578,1788892959.487578,shear_+Y_out,3,+Y,0.5,0.06662,0.54213,-1.67406,-0.00977,-0.00117,0.001,0.02896,0.49019,-1.90577,-0.01062,-0.00043,0.00034,-0.20154,0.47599,-1.68334,3,37.8408,362.9151,35.6772,179.4855,0.5443,-102.2914,0.0058,23.3675,0.3803
633,000633.png,False,1788892959.743556,1788892959.683557,shear_+Y_back,3,+Y,0.0,0.07857,0.56555,-1.60011,-0.01045,-0.00087,0.00075,0.04092,0.51365,-1.83178,-0.01131,-0.00013,9e-05,-0.20341,0.50343,-1.60983,3,37.8369,362.9305,35.6811,179.4848,0.5459,-102.2914,0.0085,23.3717,0.3761
634,000634.png,False,1788892959.939555,1788892959.879555,shear_+Y_back,3,+Y,0.0,0.08597,0.58634,-1.57621,-0.01085,-0.00064,0.00082,0.04832,0.53448,-1.80784,-0.01171,0.00011,0.00015,-0.20756,0.52552,-1.58631,3,37.8361,362.9429,35.6843,179.4841,0.5476,-102.2914,0.003,23.3751,0.3727
635,000635.png,False,1788892960.135564,1788892960.075564,shear_+Y_back,3,+Y,0.0,0.11608,0.34286,-0.98992,-0.00523,0.0006,0.00077,0.07845,0.29103,-1.22151,-0.00609,0.00134,0.00011,-0.06389,0.33909,-0.99594,3,37.9127,362.8436,35.7329,179.4836,0.5495,-102.2981,0.0093,23.4215,0.3263
636,000636.png,False,1788892960.331485,1788892960.271485,shear_+Y_back,3,+Y,0.0,0.10877,0.2257,-0.92411,-0.0028,0.00015,0.0007,0.07115,0.1739,-1.15567,-0.00366,0.0009,3e-05,-0.01214,0.23502,-0.9281,3,37.9249,362.8363,35.7372,179.4801,0.5574,-102.299,0.0054,23.4256,0.3222
637,000637.png,False,1788892960.523587,1788892960.463588,shear_+Y_back,3,+Y,0.0,0.11689,0.24536,-1.11327,-0.00303,0.00025,0.00091,0.07928,0.1936,-1.34479,-0.00389,0.00099,0.00025,-0.01362,0.25307,-1.11759,3,37.9305,362.8153,35.7233,179.4797,0.5584,-102.2992,0.004,23.4113,0.3364
638,000638.png,False,1788892960.719589,1788892960.659589,shear_+Y_back,3,+Y,0.0,0.05815,0.09979,-1.53219,0.00051,-0.00115,0.00086,0.02055,0.04807,-1.76368,-0.00035,-0.00041,0.00019,0.01113,0.09094,-1.5338,3,37.9501,362.7104,35.6758,179.4834,0.5496,-102.299,0.0106,23.362,0.3858
639,000639.png,False,1788892961.303538,1788892961.243538,shear_+Y_back,3,+Y,0.0,0.07393,0.1374,-1.65173,-0.0002,-0.00088,0.00097,0.03637,0.08578,-1.88311,-0.00107,-0.00014,0.0003,0.00684,0.12948,-1.65401,3,37.9454,362.7404,35.6756,179.4811,0.5565,-102.2929,0.0077,23.3623,0.3855
640,000640.png,False,1788892961.499693,1788892961.439693,shear_+Y_back,3,+Y,0.0,0.06605,0.12354,-1.64977,-1e-05,-0.00113,0.00083,0.0285,0.07196,-1.88111,-0.00087,-0.00039,0.00016,0.00692,0.11357,-1.65179,3,37.9469,362.7336,35.6713,179.4817,0.5544,-102.2916,0.0056,23.3579,0.3899
641,000641.png,False,1788892961.695645,1788892961.635645,shear_+Y_back,3,+Y,0.0,0.00829,-0.03297,-0.76929,0.00337,-0.00186,0.00079,-0.02925,-0.08452,-1.0006,0.00251,-0.00113,0.00012,0.02898,-0.03674,-0.76862,3,37.9609,362.6508,35.7557,179.4827,0.5526,-102.2916,0.0095,23.4409,0.3069
642,000642.png,False,1788892962.279675,1788892962.219675,shear_+Y_back,3,+Y,0.0,0.06947,0.11113,-0.94724,-1e-05,-0.00068,0.0008,0.03196,0.05968,-1.17844,-0.00087,5e-05,0.00012,0.01122,0.11578,-0.94916,3,37.9448,362.7487,35.7948,179.4774,0.5655,-102.2917,0.0098,23.4817,0.2661
643,000643.png,False,1788892965.403726,1788892965.343726,shear_+X_out,4,+X,0.5,0.08325,0.12769,-1.81797,-6e-05,-0.00076,0.00101,0.04593,0.07681,-2.04859,-0.00093,-4e-05,0.00032,0.02092,0.12307,-1.82008,3,37.9517,362.7232,35.662,179.4853,0.5481,-102.2918,0.0028,23.3484,0.3993
644,000644.png,False,1788892965.595808,1788892965.535808,shear_+X_out,4,+X,0.5,0.37607,0.2779,-1.43289,-0.00377,0.00623,0.00104,0.33875,0.22705,-1.66347,-0.00465,0.00695,0.00035,0.19684,0.40564,-1.43825,3,38.0541,362.8949,35.7038,179.4767,0.5693,-102.2978,0.008,23.3923,0.3555
645,000645.png,False,1788892965.791834,1788892965.731834,shear_+X_out,4,+X,0.5,0.52401,0.0194,-1.56348,0.00243,0.0099,0.00122,0.4867,-0.03141,-1.79402,0.00156,0.01062,0.00053,0.45505,0.25359,-1.56462,3,38.1798,362.823,35.6838,179.4821,0.5564,-102.2925,0.0023,23.3703,0.3775
646,000646.png,False,1788892966.183765,1788892966.123765,shear_+X_back,4,+X,0.0,0.54113,0.108,-1.42068,3e-05,0.01015,0.00097,0.50385,0.05726,-1.65115,-0.00084,0.01087,0.00028,0.42463,0.34116,-1.42342,3,38.1729,362.8666,35.6951,179.4812,0.5579,-102.2932,0.0051,23.3823,0.3655
647,000647.png,False,1788892966.379828,1788892966.319829,shear_+X_back,4,+X,0.0,0.54478,0.13138,-1.699,-0.00027,0.01033,0.00121,0.50751,0.08068,-1.92943,-0.00114,0.01105,0.00051,0.41804,0.35878,-1.7021,3,38.1731,362.8739,35.676,179.4824,0.5558,-102.2931,0.0065,23.3633,0.3845
648,000648.png,False,1788892966.571814,1788892966.511814,shear_+X_back,4,+X,0.0,0.26494,0.12999,-1.90516,-6e-05,0.00366,0.00096,0.22768,0.07931,-2.13556,-0.00093,0.00438,0.00026,0.17776,0.21444,-1.90766,3,38.0555,362.8057,35.6565,179.4844,0.5504,-102.2872,0.0037,23.3436,0.4042
649,000649.png,False,1788892966.767946,1788892966.707947,shear_+X_back,4,+X,0.0,0.1019,0.10014,-2.10965,0.00078,-0.00039,0.00107,0.06465,0.0495,-2.34001,-9e-05,0.00033,0.00038,0.05286,0.10385,-2.11127,3,37.9909,362.78,35.6464,179.4877,0.5444,-102.284,0.0021,23.3335,0.4143
650,000650.png,False,1788892967.351904,1788892967.291904,shear_+X_back,4,+X,0.0,0.08467,0.1195,-1.95252,0.00013,-0.00091,0.00087,0.04745,0.06896,-2.18277,-0.00075,-0.0002,0.00017,0.02717,0.11452,-1.95447,3,37.9752,362.7584,35.6535,179.4883,0.543,-102.2974,0.0024,23.3403,0.4075
651,000651.png,False,1788892967.743938,1788892967.683939,shear_+X_back,4,+X,0.0,0.05335,0.10697,-1.84076,0.00038,-0.00168,0.00108,0.01615,0.05651,-2.07093,-0.0005,-0.00097,0.00038,0.00552,0.08981,-1.84244,3,37.9656,362.7387,35.6598,179.4907,0.5434,-102.3081,0.0058,23.3464,0.4014
652,000652.png,False,1788892967.939977,1788892967.879977,shear_-X_out,4,-X,0.5,0.03797,0.09303,-1.738,0.00082,-0.00175,0.00088,0.00079,0.0426,-1.96814,-6e-05,-0.00103,0.00018,-0.00154,0.0717,-1.73942,3,37.9597,362.7432,35.6685,179.4906,0.546,-102.3079,0.0068,23.3552,0.3926
653,000653.png,False,1788892968.131962,1788892968.071962,shear_-X_out,4,-X,0.5,-0.04472,0.10851,-1.68361,0.00041,-0.00374,0.00117,-0.08189,0.05812,-1.91372,-0.00047,-0.00303,0.00046,-0.08128,0.04467,-1.68515,3,37.9268,362.7343,35.6747,179.4904,0.5464,-102.3049,0.0011,23.3615,0.3863
654,000654.png,False,1788892968.328050,1788892968.268050,shear_-X_out,4,-X,0.5,-0.48069,0.18291,-1.61184,-0.00123,-0.01426,0.00071,-0.51785,0.13255,-1.84191,-0.00211,-0.01355,0.0,-0.49659,-0.10759,-1.61381,3,37.6978,362.675,35.6895,179.4878,0.5526,-102.3055,0.0044,23.3769,0.3709
655,000655.png,False,1788892968.916003,1788892968.856003,shear_-X_out,4,-X,0.5,-0.52069,0.05278,-1.73118,0.00168,-0.01521,0.00108,-0.55782,0.00252,-1.96113,0.0008,-0.0145,0.00037,-0.4654,-0.2422,-1.73079,3,37.684,362.5215,35.6608,179.4956,0.5336,-102.3039,0.0035,23.3458,0.4019
656,000656.png,False,1788892969.108055,1788892969.048055,shear_-X_out,4,-X,0.5,-0.70506,0.29605,-1.60117,-0.00388,-0.01959,0.00063,-0.74218,0.24584,-1.8311,-0.00476,-0.01888,-8e-05,-0.74755,-0.12154,-1.60465,3,37.5462,362.6077,35.6854,179.4895,0.5487,-102.3077,0.0073,23.3728,0.375
657,000657.png,False,1788892969.500046,1788892969.440046,shear_-X_back,4,-X,0.0,-0.66593,0.27164,-1.38027,-0.00348,-0.01844,0.00062,-0.70302,0.22149,-1.61012,-0.00436,-0.01774,-9e-05,-0.70299,-0.11959,-1.38344,3,37.547,362.6022,35.6984,179.4884,0.5525,-102.3077,0.0038,23.3857,0.3621
658,000658.png,False,1788892969.696036,1788892969.636036,shear_-X_back,4,-X,0.0,-0.66154,0.24567,-1.37302,-0.0031,-0.01841,0.00091,-0.69862,0.19555,-1.60284,-0.00398,-0.01771,0.0002,-0.68626,-0.13978,-1.37575,2,37.5483,362.5931,35.7014,179.4882,0.5524,-102.3079,0.0108,23.3886,0.3592
659,000659.png,False,1788892969.888039,1788892969.828039,shear_-X_back,4,-X,0.0,-0.37994,0.17154,-1.38834,-0.00107,-0.01154,0.00103,-0.41701,0.12147,-1.61812,-0.00196,-0.01084,0.00032,-0.40519,-0.06351,-1.39034,3,37.6874,362.6387,35.6958,179.4872,0.5554,-102.3136,0.0027,23.3827,0.3651
660,000660.png,False,1788892970.083948,1788892970.023948,shear_-X_back,4,-X,0.0,-0.16976,0.20735,-1.23158,-0.00218,-0.00662,0.0009,-0.20682,0.15731,-1.46132,-0.00307,-0.00592,0.00019,-0.24211,0.07503,-1.23465,3,37.7934,362.7234,35.715,179.484,0.5628,-102.3097,0.0076,23.4025,0.3452
661,000661.png,False,1788892970.279959,1788892970.219959,shear_-X_back,4,-X,0.0,-0.11607,0.15219,-1.26414,-0.00086,-0.00513,0.00115,-0.15312,0.10218,-1.49384,-0.00174,-0.00443,0.00044,-0.16782,0.05356,-1.26635,3,37.8183,362.6996,35.7089,179.4844,0.5621,-102.3058,0.0078,23.3958,0.3519
662,000662.png,False,1788892970.668056,1788892970.608056,shear_-X_back,4,-X,0.0,0.09604,0.1399,-1.75527,-0.0005,-0.0005,0.0014,0.05902,0.08997,-1.9849,-0.00138,0.0002,0.00068,0.02546,0.14104,-1.75762,3,37.9247,362.7285,35.6697,179.4848,0.5617,-102.3027,0.0083,23.3564,0.3914
663,000663.png,False,1788892971.452093,1788892971.392093,shear_-Y_out,4,-Y,0.5,0.11397,0.07808,-1.7751,0.00104,-0.00014,0.0009,0.07698,0.02828,-2.00459,0.00015,0.00056,0.00018,0.07202,0.09613,-1.77641,2,37.9467,362.7367,35.6647,179.4892,0.5522,-102.3051,0.0018,23.3514,0.3964
664,000664.png,False,1788892971.644034,1788892971.584034,shear_-Y_out,4,-Y,0.5,0.02923,-0.27855,-1.11633,0.0093,-0.00152,0.0011,-0.00774,-0.32831,-1.34578,0.00841,-0.00082,0.00039,0.17223,-0.24452,-1.11139,3,38.0255,362.5487,35.713,179.4902,0.5503,-102.3014,0.0083,23.3961,0.3517
665,000665.png,False,1788892972.232144,1788892972.172144,shear_-Y_out,4,-Y,0.5,0.09106,-0.23085,-1.22509,0.00814,-0.00022,0.001,0.05412,-0.28051,-1.45443,0.00726,0.00047,0.00028,0.20271,-0.17406,-1.22108,3,38.0436,362.5751,35.7059,179.4873,0.5574,-102.3032,0.0097,23.3893,0.3585
666,000666.png,False,1788892972.620186,1788892972.560186,shear_-Y_out,4,-Y,0.5,0.15424,-0.58839,-1.19963,0.01652,0.00138,0.00127,0.11732,-0.63798,-1.4289,0.01563,0.00207,0.00055,0.43589,-0.45174,-1.18956,3,38.1824,362.3984,35.7075,179.4871,0.5583,-102.3073,0.0088,23.3871,0.3607
667,000667.png,False,1788892973.012156,1788892972.952156,shear_-Y_back,4,-Y,0.0,0.12072,-0.61932,-1.28879,0.01726,0.00051,0.00144,0.08382,-0.66884,-1.51798,0.01637,0.0012,0.00071,0.42293,-0.4967,-1.27809,3,38.1817,362.3731,35.7024,179.4881,0.5559,-102.3064,0.0003,23.3817,0.3661
668,000668.png,False,1788892973.208194,1788892973.148195,shear_-Y_back,4,-Y,0.0,0.1022,-0.63608,-1.30641,0.01775,0.00016,0.00123,0.06532,-0.68556,-1.53557,0.01687,0.00085,0.00051,0.41538,-0.52075,-1.29539,3,38.1782,362.3637,35.7005,179.4882,0.555,-102.3053,0.0059,23.3796,0.3682
669,000669.png,False,1788892973.400207,1788892973.340207,shear_-Y_back,4,-Y,0.0,-0.02533,-0.21844,-1.41175,0.00803,-0.00306,0.00099,-0.0622,-0.26789,-1.64087,0.00714,-0.00237,0.00026,0.09698,-0.22445,-1.4077,3,37.9816,362.5864,35.6949,179.4855,0.5637,-102.2862,0.0007,23.3789,0.3689
670,000670.png,False,1788892973.596116,1788892973.536116,shear_-Y_back,4,-Y,0.0,-0.00676,-0.00485,-1.48485,0.00306,-0.00278,0.00083,-0.04362,-0.05426,-1.71394,0.00217,-0.00209,0.0001,0.00686,-0.03136,-1.48453,3,37.9597,362.6117,35.6849,179.4867,0.5612,-102.2827,0.0087,23.3695,0.3783
671,000671.png,False,1788892973.988235,1788892973.928236,shear_-Y_back,4,-Y,0.0,0.05576,0.09976,-1.56013,0.00061,-0.00124,0.00087,0.01893,0.05042,-1.78914,-0.00028,-0.00055,0.00014,0.00928,0.08927,-1.56173,3,37.9469,362.7287,35.6847,179.486,0.5642,-102.2845,0.0072,23.3713,0.3765
672,000672.png,False,1788892974.180149,1788892974.120149,shear_-Y_back,4,-Y,0.0,0.08975,0.14594,-1.71641,-0.00031,-0.00051,0.00106,0.05293,0.09663,-1.94539,-0.00121,0.00018,0.00033,0.01673,0.14374,-1.71886,3,37.9555,362.7151,35.6697,179.4898,0.5549,-102.2858,0.002,23.356,0.3918
673,000673.png,False,1788892974.768269,1788892974.708269,shear_-Y_back,4,-Y,0.0,0.10515,0.13515,-1.55389,-0.00031,-0.00014,0.00085,0.06836,0.08595,-1.78275,-0.0012,0.00054,0.00012,0.03433,0.1447,-1.5562,3,37.9612,362.7277,35.6803,179.4931,0.5558,-102.2895,0.0048,23.3667,0.3811
674,000674.png,False,1788892974.960269,1788892974.900270,shear_+Y_out,4,+Y,0.5,0.12769,0.19764,-1.10996,-0.00183,0.00066,0.00098,0.09091,0.14847,-1.33879,-0.00272,0.00134,0.00024,0.01956,0.21719,-1.11347,3,37.9537,362.7734,35.7258,179.4898,0.5666,-102.2947,0.0052,23.413,0.3348
675,000675.png,False,1788892975.156189,1788892975.096189,shear_+Y_out,4,+Y,0.5,0.19441,0.60897,-1.64397,-0.01159,0.0018,0.00111,0.15764,0.55984,-1.87276,-0.01248,0.00248,0.00038,-0.12446,0.59822,-1.65467,3,37.8773,362.9673,35.6856,179.489,0.5681,-102.2973,0.0062,23.3764,0.3713
676,000676.png,False,1788892975.548316,1788892975.488316,shear_+Y_out,4,+Y,0.5,0.1093,0.54773,-1.54434,-0.01015,-8e-05,0.00093,0.07256,0.49867,-1.77306,-0.01105,0.0006,0.00019,-0.16827,0.50425,-1.55382,3,37.8523,362.9443,35.6887,179.4924,0.5599,-102.2975,0.0035,23.3794,0.3684
677,000677.png,False,1788892975.744215,1788892975.684216,shear_+Y_back,4,+Y,0.0,0.12433,0.58295,-1.43068,-0.01097,0.00034,0.00088,0.08759,0.53392,-1.65936,-0.01187,0.00102,0.00014,-0.17364,0.54408,-1.44082,3,37.8476,362.9657,35.6967,179.4917,0.5621,-102.2973,0.0019,23.3877,0.3601
678,000678.png,False,1788892975.936227,1788892975.876227,shear_+Y_back,4,+Y,0.0,0.1392,0.61012,-1.3465,-0.01161,0.00069,0.00071,0.10247,0.56112,-1.57515,-0.0125,0.00137,-3e-05,-0.17492,0.57639,-1.35715,2,37.8454,362.9826,35.7039,179.4906,0.5643,-102.2975,0.009,23.3952,0.3526
679,000679.png,False,1788892976.132324,1788892976.072324,shear_+Y_back,4,+Y,0.0,0.11373,0.36306,-0.58025,-0.00613,0.00043,0.00081,0.07702,0.31411,-0.80886,-0.00703,0.00111,7e-05,-0.07885,0.36197,-0.58668,4,37.9056,362.8287,35.7985,179.4888,0.5692,-102.2993,0.0005,23.487,0.2608
680,000680.png,False,1788892976.328352,1788892976.268353,shear_+Y_back,4,+Y,0.0,0.10338,0.31461,-0.58866,-0.00495,0.00046,0.00103,0.06668,0.26569,-0.81723,-0.00584,0.00114,0.00029,-0.06355,0.3147,-0.59423,3,37.8897,362.8946,35.7909,179.4848,0.5784,-102.2985,0.0059,23.4805,0.2673
681,000681.png,False,1788892976.524333,1788892976.464334,shear_+Y_back,4,+Y,0.0,0.07933,0.2429,-0.73083,-0.00341,-0.00034,0.00099,0.04264,0.19401,-0.95936,-0.00431,0.00034,0.00025,-0.04757,0.2383,-0.73508,3,37.9107,362.7829,35.7527,179.487,0.5732,-102.2924,0.001,23.4403,0.3075
682,000682.png,False,1788892976.912385,1788892976.852385,shear_+Y_back,4,+Y,0.0,0.10819,0.18547,-1.19384,-0.00172,0.00024,0.00105,0.07152,0.13666,-1.42231,-0.00262,0.00091,0.00031,0.00933,0.19557,-1.19709,3,37.9339,362.801,35.7233,179.4834,0.5826,-102.2898,0.0015,23.4111,0.3367
683,000683.png,False,1788892977.500429,1788892977.440429,shear_+Y_back,4,+Y,0.0,0.11209,0.13126,-1.26975,-0.00039,0.0002,0.00105,0.07545,0.08255,-1.4981,-0.00129,0.00088,0.0003,0.04031,0.14935,-1.27205,3,37.9521,362.773,35.712,179.4845,0.5807,-102.2909,0.0063,23.3992,0.3486
684,000684.png,False,1788892979.252457,1788892979.192457,shear_+Y_back,4,+Y,0.0,0.05108,0.04378,-1.4687,0.00176,-0.00139,0.00114,0.01454,-0.00462,-1.69673,0.00085,-0.00072,0.00038,0.03255,0.03991,-1.46933,3,37.9515,362.7039,35.692,179.486,0.5787,-102.2909,0.0093,23.3781,0.3697
685,000685.png,False,1788892981.204638,1788892981.144638,shear_+X_out,5,+X,0.5,0.05516,0.04297,-1.60146,0.00198,-0.00118,0.00102,0.01873,-0.00508,-1.82912,0.00107,-0.00052,0.00025,0.03741,0.03912,-1.60207,3,37.9555,362.7034,35.6838,179.4862,0.5781,-102.2917,0.0073,23.3699,0.3779
686,000686.png,False,1788892981.400578,1788892981.340578,shear_+X_out,5,+X,0.5,0.0956,0.02984,-1.69064,0.00237,-0.00025,0.00089,0.05919,-0.01817,-1.91827,0.00146,0.00041,0.00013,0.07963,0.04653,-1.69109,3,37.9814,362.7143,35.6752,179.4861,0.5783,-102.2961,0.0079,23.3613,0.3865
687,000687.png,False,1788892981.596498,1788892981.536499,shear_+X_out,5,+X,0.5,0.58106,0.04725,-1.48451,0.00166,0.01131,0.00135,0.54466,-0.00073,-1.71211,0.00075,0.01196,0.00058,0.49001,0.30747,-1.48627,3,38.1952,362.8141,35.6888,179.4845,0.583,-102.2976,0.0018,23.375,0.3728
688,000688.png,False,1788892981.788598,1788892981.728598,shear_+X_out,5,+X,0.5,0.51727,-0.0629,-1.62971,0.00442,0.00995,0.00137,0.48088,-0.11084,-1.85727,0.00351,0.01061,0.00061,0.49079,0.17788,-1.62941,3,38.1997,362.7889,35.6831,179.486,0.5793,-102.2978,0.0075,23.3689,0.3789
689,000689.png,False,1788892982.180676,1788892982.120677,shear_+X_back,5,+X,0.0,0.53142,0.01614,-1.41453,0.0023,0.0102,0.00101,0.49505,-0.03173,-1.64202,0.00139,0.01086,0.00024,0.46207,0.25685,-1.41566,3,38.1929,362.8271,35.6939,179.4856,0.5804,-102.2963,0.0023,23.3803,0.3675
690,000690.png,False,1788892982.376616,1788892982.316617,shear_+X_back,5,+X,0.0,0.53313,0.03372,-1.54214,0.0022,0.01026,0.00124,0.49678,-0.01412,-1.76958,0.00129,0.01091,0.00047,0.45565,0.27089,-1.54355,2,38.1916,362.8354,35.6879,179.4859,0.5802,-102.2959,0.0032,23.3745,0.3733
691,000691.png,False,1788892982.572663,1788892982.512663,shear_+X_back,5,+X,0.0,0.30121,0.05602,-1.66593,0.00158,0.00476,0.00102,0.26486,0.00822,-1.89334,0.00067,0.00542,0.00025,0.24447,0.17234,-1.66725,3,38.0901,362.7896,35.6777,179.4872,0.5767,-102.2874,0.0056,23.3643,0.3835
692,000692.png,False,1788892982.764617,1788892982.704618,shear_+X_back,5,+X,0.0,0.15501,0.02248,-1.92467,0.00261,0.00109,0.00104,0.11868,-0.02528,-2.15205,0.0017,0.00174,0.00027,0.13638,0.06609,-1.92508,3,38.0231,362.7289,35.6543,179.4899,0.5698,-102.2871,0.0038,23.3403,0.4075
693,000693.png,False,1788892982.960639,1788892982.900639,shear_+X_back,5,+X,0.0,0.11637,0.03475,-1.84834,0.00218,7e-05,0.00116,0.08004,-0.01298,-2.07567,0.00127,0.00072,0.00039,0.09625,0.05863,-1.84889,3,38.0106,362.7271,35.6626,179.4903,0.5692,-102.2908,0.0092,23.3487,0.3991
694,000694.png,False,1788892984.132705,1788892984.072706,shear_-X_out,5,-X,0.5,-0.04186,0.10807,-1.84038,0.00051,-0.00356,0.00101,-0.07811,0.06055,-2.0675,-0.00041,-0.00292,0.00023,-0.07749,0.0432,-1.84189,3,37.9308,362.7116,35.6604,179.4925,0.5695,-102.3074,0.0047,23.3468,0.401
695,000695.png,False,1788892984.328624,1788892984.268625,shear_-X_out,5,-X,0.5,-0.42265,-0.06018,-1.71593,0.00443,-0.01269,0.00091,-0.45889,-0.10767,-1.94301,0.00351,-0.01204,0.00013,-0.32414,-0.29079,-1.71378,3,37.783,362.5487,35.6667,179.4942,0.5647,-102.3069,0.0006,23.3516,0.3962
696,000696.png,False,1788892984.520750,1788892984.460750,shear_-X_out,5,-X,0.5,-0.42604,0.21952,-1.53607,-0.00221,-0.01271,0.00088,-0.46227,0.17207,-1.76312,-0.00313,-0.01206,0.0001,-0.46807,-0.04736,-1.53879,3,37.7067,362.6467,35.6836,179.4889,0.5775,-102.3081,0.0097,23.3705,0.3772
697,000697.png,False,1788892984.912749,1788892984.852749,shear_-X_out,5,-X,0.5,-0.42206,0.17523,-1.47579,-0.00109,-0.0124,0.00076,-0.45827,0.12785,-1.70276,-0.00201,-0.01176,-2e-05,-0.44291,-0.08276,-1.47776,3,37.709,362.633,35.6886,179.4905,0.5744,-102.308,0.0,23.3753,0.3725
698,000698.png,False,1788892985.108781,1788892985.048781,shear_-X_out,5,-X,0.5,-0.77808,-0.09405,-2.11046,0.00554,-0.02149,0.00094,-0.81428,-0.14139,-2.3374,0.00462,-0.02085,0.00016,-0.61237,-0.50404,-2.10696,3,37.6151,362.4391,35.6461,179.4987,0.5544,-102.3088,0.0021,23.3303,0.4175
699,000699.png,False,1788892985.496680,1788892985.436680,shear_-X_out,5,-X,0.5,-0.69979,0.22731,-1.55043,-0.00232,-0.01914,0.00074,-0.73596,0.18004,-1.77729,-0.00324,-0.0185,-4e-05,-0.70899,-0.17763,-1.55273,3,37.5549,362.5695,35.6847,179.4906,0.5743,-102.3104,0.0074,23.3714,0.3764
700,000700.png,False,1788892985.692797,1788892985.632797,shear_-X_back,5,-X,0.0,-0.68901,0.21423,-1.44548,-0.00216,-0.01895,0.00077,-0.72518,0.16699,-1.67231,-0.00308,-0.01832,-1e-05,-0.69384,-0.18189,-1.4476,3,37.5549,362.5655,35.6901,179.4895,0.5769,-102.3102,0.0021,23.3767,0.371
701,000701.png,False,1788892985.888700,1788892985.828701,shear_-X_back,5,-X,0.0,-0.68635,0.1924,-1.43627,-0.00183,-0.019,0.00089,-0.7225,0.1452,-1.66306,-0.00275,-0.01836,0.0001,-0.6807,-0.19932,-1.43802,3,37.5573,362.5561,35.6932,179.4894,0.5766,-102.3104,0.0041,23.3797,0.3681
702,000702.png,False,1788892986.080836,1788892986.020836,shear_-X_back,5,-X,0.0,-0.33473,0.14759,-1.34278,-0.00066,-0.01038,0.00104,-0.37087,0.10042,-1.56953,-0.00158,-0.00975,0.00025,-0.35438,-0.06094,-1.34446,3,37.7303,362.6564,35.7061,179.4867,0.5839,-102.315,0.0067,23.3929,0.3548
703,000703.png,False,1788892986.276833,1788892986.216833,shear_-X_back,5,-X,0.0,-0.1406,0.14857,-1.13879,-0.00092,-0.00555,0.00106,-0.17674,0.10143,-1.36551,-0.00184,-0.00492,0.00027,-0.18813,0.04017,-1.14091,3,37.8131,362.6627,35.7117,179.4845,0.5899,-102.3131,0.0061,23.3982,0.3496
704,000704.png,False,1788892986.472790,1788892986.412790,shear_-X_back,5,-X,0.0,-0.11994,0.08937,-1.18916,0.00049,-0.00513,0.00113,-0.15606,0.04227,-1.41585,-0.00043,-0.0045,0.00034,-0.1403,-0.00158,-1.19029,2,37.8329,362.671,35.7143,179.484,0.5913,-102.3085,0.0067,23.4008,0.347
705,000705.png,False,1788892986.864811,1788892986.804811,shear_-X_back,5,-X,0.0,0.06829,0.05101,-2.06415,0.00195,-0.00129,0.00108,0.03219,0.00398,-2.29076,0.00102,-0.00066,0.00029,0.04797,0.04524,-2.06485,3,37.9356,362.6895,35.6475,179.4876,0.5838,-102.3048,0.0055,23.3335,0.4143
706,000706.png,False,1788892987.448868,1788892987.388868,shear_-Y_out,5,-Y,0.5,0.07684,0.06632,-1.84031,0.00146,-0.00075,0.0013,0.04077,0.01939,-2.06681,0.00053,-0.00012,0.0005,0.04618,0.06635,-1.84134,3,37.9385,362.7089,35.659,179.4897,0.5804,-102.3059,0.0012,23.3453,0.4025
707,000707.png,False,1788892987.644854,1788892987.584854,shear_-Y_out,5,-Y,0.5,0.09907,0.03312,-1.81089,0.00233,-0.00015,0.0013,0.06302,-0.01376,-2.03736,0.00141,0.00048,0.0005,0.08182,0.04918,-1.81139,3,37.9574,362.6993,35.6624,179.4897,0.5804,-102.3076,0.0057,23.3484,0.3994
708,000708.png,False,1788892987.836898,1788892987.776898,shear_-Y_out,5,-Y,0.5,0.05158,-0.44223,-1.41238,0.01311,-0.00099,0.00154,0.01554,-0.48908,-1.63881,0.01218,-0.00036,0.00075,0.27542,-0.37985,-1.4046,3,38.078,362.464,35.6881,179.4911,0.5775,-102.3057,0.0025,23.3695,0.3783
709,000709.png,False,1788892988.424843,1788892988.364843,shear_-Y_out,5,-Y,0.5,0.08686,-0.30283,-1.25224,0.00995,-1e-05,0.00125,0.05085,-0.34958,-1.47856,0.00903,0.00062,0.00045,0.23523,-0.23893,-1.24698,3,38.0658,362.5256,35.7009,179.4886,0.5837,-102.3068,0.0027,23.3834,0.3644
710,000710.png,False,1788892988.620830,1788892988.560830,shear_-Y_out,5,-Y,0.5,0.06961,-0.76688,-1.502,0.02089,-0.00064,0.00143,0.03362,-0.81359,-1.72829,0.01996,-2e-05,0.00064,0.45386,-0.65345,-1.48862,3,38.1791,362.3244,35.6827,179.4904,0.5803,-102.3065,0.0027,23.3611,0.3867
711,000711.png,False,1788892988.812926,1788892988.752926,shear_-Y_out,5,-Y,0.5,0.11367,-0.60081,-1.29246,0.01698,0.00064,0.00139,0.07768,-0.64749,-1.5187,0.01606,0.00126,0.00059,0.4076,-0.48425,-1.28207,3,38.1664,362.3863,35.6997,179.4874,0.5869,-102.3068,0.0081,23.3792,0.3686
712,000712.png,False,1788892989.009032,1788892988.949032,shear_-Y_out,5,-Y,0.5,0.10073,-0.62383,-1.33339,0.01747,0.0003,0.00139,0.06476,-0.67047,-1.5596,0.01654,0.00092,0.00059,0.40818,-0.51131,-1.32257,3,38.1705,362.3708,35.6965,179.4885,0.5849,-102.3072,0.0027,23.3757,0.3721
713,000713.png,False,1788892989.204887,1788892989.144887,shear_-Y_back,5,-Y,0.0,0.0848,-0.64865,-1.40111,0.01834,-1e-05,0.00161,0.04883,-0.69526,-1.62728,0.01741,0.00062,0.00081,0.40725,-0.54185,-1.38982,3,38.1722,362.3548,35.6941,179.489,0.5835,-102.307,0.0029,23.3731,0.3747
714,000714.png,False,1788892989.400863,1788892989.340863,shear_-Y_back,5,-Y,0.0,0.07956,-0.66728,-1.39425,0.01874,-0.00015,0.00134,0.04361,-0.71385,-1.62039,0.01782,0.00048,0.00053,0.41197,-0.56049,-1.38263,3,38.1731,362.3463,35.6934,179.4894,0.5827,-102.3068,0.0084,23.3723,0.3755
715,000715.png,False,1788892989.592968,1788892989.532968,shear_-Y_back,5,-Y,0.0,0.04819,-0.31945,-1.32532,0.01058,-0.00097,0.00113,0.01225,-0.36599,-1.55142,0.00965,-0.00035,0.00033,0.21054,-0.27382,-1.31967,3,38.0719,362.5053,35.6959,179.4869,0.589,-102.3027,0.0026,23.378,0.3697
716,000716.png,False,1788892989.788973,1788892989.728973,shear_-Y_back,5,-Y,0.0,0.05251,-0.13088,-1.35576,0.00609,-0.00097,0.00107,0.01658,-0.17739,-1.58183,0.00516,-0.00035,0.00027,0.12028,-0.10883,-1.35339,3,38.0196,362.578,35.692,179.4878,0.59,-102.3009,0.003,23.3756,0.3722
717,000717.png,False,1788892989.985021,1788892989.925021,shear_-Y_back,5,-Y,0.0,0.05442,-0.13767,-1.48059,0.00629,-0.0009,0.00085,0.0185,-0.18414,-1.70662,0.00536,-0.00027,4e-05,0.12619,-0.11576,-1.47809,3,38.024,362.5768,35.6841,179.4895,0.587,-102.3037,0.0085,23.3677,0.3801
718,000718.png,False,1788892990.961016,1788892990.901016,shear_-Y_back,5,-Y,0.0,0.05776,0.08245,-1.66372,0.00119,-0.00097,0.0009,0.0219,0.03615,-1.88956,0.00025,-0.00035,9e-05,0.02038,0.07362,-1.66501,3,37.9627,362.6933,35.6713,179.495,0.5844,-102.3129,0.0084,23.3572,0.3906
719,000719.png,False,1788892991.156946,1788892991.096946,shear_+Y_out,5,+Y,0.5,0.08455,0.1376,-1.40925,-0.00031,-0.00034,0.0011,0.04869,0.09134,-1.63506,-0.00125,0.00028,0.00028,0.01426,0.13884,-1.41159,3,37.9583,362.7243,35.6936,179.4926,0.5903,-102.3136,0.0028,23.38,0.3678
720,000720.png,False,1788892991.348958,1788892991.288958,shear_+Y_out,5,+Y,0.5,0.11568,0.58683,-1.50514,-0.0108,0.00042,0.00093,0.07984,0.54061,-1.73092,-0.01173,0.00104,0.00012,-0.18255,0.54193,-1.51532,3,37.8537,362.9392,35.691,179.4912,0.5939,-102.316,0.0064,23.3816,0.3662
721,000721.png,False,1788892991.545048,1788892991.485048,shear_+Y_out,5,+Y,0.5,0.04304,0.48021,-1.65956,-0.00836,-0.0014,0.00086,0.00721,0.43402,-1.8853,-0.00929,-0.00078,5e-05,-0.19113,0.41081,-1.66772,3,37.8467,362.8824,35.6781,179.4955,0.5841,-102.3148,0.0069,23.3678,0.38
722,000722.png,False,1788892991.936988,1788892991.876988,shear_+Y_back,5,+Y,0.0,0.08125,0.56768,-1.51319,-0.01057,-0.00052,0.001,0.04544,0.52156,-1.73885,-0.01151,9e-05,0.00019,-0.20275,0.50801,-1.52296,3,37.8377,362.9306,35.6886,179.4932,0.5895,-102.3142,0.0077,23.3791,0.3686
723,000723.png,False,1788892992.129092,1788892992.069092,shear_+Y_back,5,+Y,0.0,0.08558,0.57782,-1.50304,-0.01055,-0.00021,0.00092,0.04978,0.53174,-1.72866,-0.01148,0.0004,0.0001,-0.20414,0.51912,-1.513,3,37.8372,362.9389,35.6896,179.4929,0.5903,-102.3144,0.0008,23.3803,0.3675
724,000724.png,False,1788892992.325123,1788892992.265123,shear_+Y_back,5,+Y,0.0,0.12866,0.39942,-1.03915,-0.00662,0.00098,0.001,0.09288,0.35337,-1.26474,-0.00755,0.00159,0.00019,-0.0809,0.39356,-1.04617,3,37.8975,362.8789,35.7284,179.4906,0.5953,-102.319,0.0059,23.4177,0.3301
725,000725.png,False,1788892992.521145,1788892992.461145,shear_+Y_back,5,+Y,0.0,0.10687,0.22832,-1.03076,-0.0026,0.00045,0.00096,0.0711,0.1823,-1.25632,-0.00354,0.00106,0.00015,-0.01435,0.23463,-1.03478,3,37.9283,362.8209,35.726,179.4896,0.5977,-102.3223,0.009,23.4141,0.3337
726,000726.png,False,1788892992.717120,1788892992.657120,shear_+Y_back,5,+Y,0.0,0.1092,0.24286,-1.13385,-0.00289,0.00043,0.00087,0.07344,0.19688,-1.35937,-0.00382,0.00104,5e-05,-0.01888,0.24673,-1.13811,3,37.9284,362.8132,35.7187,179.4885,0.601,-102.3219,0.0042,23.4067,0.3411
727,000727.png,False,1788892992.909133,1788892992.849133,shear_+Y_back,5,+Y,0.0,0.07067,0.15113,-1.394,-0.00078,-0.00066,0.00108,0.03491,0.10519,-1.61948,-0.00172,-6e-05,0.00026,-0.00463,0.14387,-1.39654,3,37.945,362.7132,35.6749,179.4906,0.596,-102.3186,0.0051,23.3612,0.3866
728,000728.png,False,1788892993.105196,1788892993.045196,shear_+Y_back,5,+Y,0.0,0.05675,0.08225,-1.52556,0.00092,-0.00098,0.00111,0.02101,0.03634,-1.75101,-1e-05,-0.00037,0.00029,0.01864,0.07515,-1.52687,3,37.9433,362.7347,35.6864,179.4877,0.6031,-102.3156,0.0098,23.3731,0.3747
729,000729.png,False,1788892993.885147,1788892993.825147,shear_+Y_back,5,+Y,0.0,0.05829,0.09488,-1.60439,0.00081,-0.00093,0.00093,0.02259,0.04911,-1.82969,-0.00013,-0.00033,0.0001,0.01421,0.0856,-1.6059,3,37.9475,362.7227,35.6769,179.4893,0.5995,-102.3112,0.006,23.3633,0.3844
730,000730.png,False,1788892994.081183,1788892994.021183,shear_+Y_back,5,+Y,0.0,0.04622,0.06826,-0.7648,0.00109,-0.00079,0.00105,0.01053,0.02252,-0.99006,0.00015,-0.00018,0.00022,0.01123,0.06996,-0.76596,3,37.9487,362.7098,35.75,179.4873,0.605,-102.311,0.0087,23.4362,0.3116
731,000731.png,False,1788892997.593260,1788892997.533260,shear_+X_out,6,+X,0.5,0.0545,0.0594,-1.67792,0.00168,-0.00102,0.00116,0.01902,0.0143,-1.90253,0.00073,-0.00043,0.00031,0.02916,0.0518,-1.67881,3,37.9555,362.7008,35.6761,179.4916,0.5955,-102.3123,0.004,23.3621,0.3857
732,000732.png,False,1788892997.789362,1788892997.729362,shear_+X_out,6,+X,0.5,0.09897,0.09647,-1.66951,0.00085,0.0,0.00107,0.06349,0.0514,-1.89408,-0.0001,0.00059,0.00023,0.0491,0.10626,-1.67113,3,37.9626,362.7262,35.6748,179.4911,0.5974,-102.314,0.001,23.3612,0.3866
733,000733.png,False,1788892997.985381,1788892997.925381,shear_+X_out,6,+X,0.5,0.56035,0.17411,-1.24478,-0.00137,0.01098,0.00134,0.52489,0.12908,-1.46931,-0.00231,0.01157,0.0005,0.40703,0.41084,-1.24873,3,38.1682,362.8969,35.7128,179.4863,0.609,-102.3171,0.0047,23.4005,0.3473
734,000734.png,False,1788892998.177385,1788892998.117385,shear_+X_out,6,+X,0.5,0.51082,-0.01601,-1.46213,0.00338,0.01002,0.00122,0.47537,-0.06101,-1.68663,0.00243,0.01061,0.00037,0.46061,0.21795,-1.46265,3,38.1927,362.8027,35.6923,179.4911,0.5981,-102.3162,0.0062,23.3784,0.3694
735,000735.png,False,1788892998.373417,1788892998.313417,shear_+X_out,6,+X,0.5,0.5229,0.04281,-1.3871,0.00198,0.01028,0.00134,0.48746,-0.00215,-1.61156,0.00103,0.01087,0.00049,0.44117,0.27614,-1.38868,3,38.1857,362.833,35.7011,179.4899,0.6004,-102.3158,0.002,23.3877,0.3601
736,000736.png,False,1788892998.569305,1788892998.509305,shear_+X_back,6,+X,0.0,0.53562,0.09345,-1.38643,0.00077,0.01059,0.00127,0.5002,0.04852,-1.61085,-0.00017,0.01118,0.00042,0.42689,0.32636,-1.38891,3,38.1819,362.8564,35.7003,179.4897,0.601,-102.3153,0.0099,23.3872,0.3605
737,000737.png,False,1788892998.765403,1788892998.705403,shear_+X_back,6,+X,0.0,0.53246,0.08648,-1.60822,0.00106,0.01047,0.00124,0.49704,0.04159,-1.83261,0.00011,0.01105,0.0004,0.42916,0.31519,-1.61054,3,38.1821,362.8526,35.6814,179.4908,0.5977,-102.3145,0.0051,23.3683,0.3795
738,000738.png,False,1788892998.957334,1788892998.897334,shear_+X_back,6,+X,0.0,0.24564,0.10232,-1.81646,0.00055,0.00337,0.00117,0.21024,0.05746,-2.04081,-0.0004,0.00395,0.00032,0.17425,0.18226,-1.81845,3,38.046,362.7456,35.6558,179.4974,0.5825,-102.2985,0.0055,23.3419,0.4059
739,000739.png,False,1788892999.153414,1788892999.093414,shear_+X_back,6,+X,0.0,0.11076,0.10471,-1.97842,0.00065,0.00012,0.00101,0.07536,0.05989,-2.20274,-0.0003,0.00071,0.00017,0.05734,0.11434,-1.98016,3,37.9991,362.7608,35.6598,179.4953,0.5877,-102.3018,0.0051,23.3465,0.4013
740,000740.png,False,1788892999.741464,1788892999.681464,shear_+X_back,6,+X,0.0,0.08216,0.11391,-1.80003,0.00053,-0.00034,0.00124,0.0468,0.06919,-2.02424,-0.00043,0.00024,0.00039,0.02673,0.11087,-1.8019,3,37.9824,362.7429,35.6646,179.495,0.588,-102.3144,0.0006,23.3511,0.3966
741,000741.png,False,1788893000.129501,1788893000.069501,shear_+X_back,6,+X,0.0,0.07304,0.07823,-1.82248,0.00141,-0.00064,0.00126,0.0377,0.03359,-2.04661,0.00045,-6e-05,0.0004,0.03682,0.07506,-1.8237,3,37.9821,362.7285,35.6635,179.4957,0.587,-102.3262,0.0002,23.3498,0.3979
742,000742.png,False,1788893000.325498,1788893000.265498,shear_+X_back,6,+X,0.0,0.05696,0.06178,-1.69699,0.00168,-0.00096,0.00101,0.02163,0.01716,-1.92109,0.00072,-0.00038,0.00015,0.03024,0.05478,-1.69792,3,37.9789,362.7147,35.6682,179.4961,0.5858,-102.3323,0.0053,23.3543,0.3935
743,000743.png,False,1788893000.521527,1788893000.461527,shear_-X_out,6,-X,0.5,-0.0668,0.08303,-1.83488,0.00124,-0.00407,0.00099,-0.10212,0.03845,-2.05894,0.00029,-0.00349,0.00013,-0.08663,0.00914,-1.8359,3,37.9278,362.7042,35.6639,179.4976,0.584,-102.3264,0.0095,23.3502,0.3976
744,000744.png,False,1788893000.713409,1788893000.653409,shear_-X_out,6,-X,0.5,-0.45009,0.00472,-1.69444,0.00314,-0.01319,0.00091,-0.4854,-0.03982,-1.91846,0.00219,-0.01262,5e-05,-0.38049,-0.24795,-1.69336,3,37.7664,362.5613,35.6689,179.4984,0.5814,-102.3255,0.0011,23.354,0.3938
745,000745.png,False,1788893000.909517,1788893000.849517,shear_-X_out,6,-X,0.5,-0.44867,0.22664,-1.51166,-0.00225,-0.013,0.00089,-0.48397,0.18213,-1.73565,-0.0032,-0.01242,3e-05,-0.4914,-0.05211,-1.51446,3,37.6929,362.6455,35.6866,179.4943,0.5916,-102.326,0.0061,23.3736,0.3742
746,000746.png,False,1788893001.301530,1788893001.241530,shear_-X_back,6,-X,0.0,-0.47176,0.10893,-1.66749,0.00053,-0.01371,0.00084,-0.50703,0.0645,-1.89141,-0.00042,-0.01313,-2e-05,-0.45151,-0.16809,-1.66818,3,37.7047,362.5912,35.673,179.497,0.5857,-102.3257,0.0025,23.3591,0.3887
747,000747.png,False,1788893001.493540,1788893001.433540,shear_-X_back,6,-X,0.0,-0.46772,0.0865,-1.71832,0.001,-0.01368,0.00101,-0.50298,0.0421,-1.9422,5e-05,-0.0131,0.00015,-0.43645,-0.18631,-1.71862,2,37.7084,362.5801,35.6705,179.4975,0.5845,-102.3259,0.008,23.3563,0.3914
748,000748.png,False,1788893001.689539,1788893001.629539,shear_-X_back,6,-X,0.0,-0.17706,0.01551,-2.37083,0.00312,-0.00719,0.00119,-0.21231,-0.02885,-2.59467,0.00217,-0.00661,0.00033,-0.14469,-0.11301,-2.37038,3,37.865,362.6765,35.618,179.4972,0.5847,-102.3397,0.0005,23.3043,0.4435
749,000749.png,False,1788893001.885467,1788893001.825467,shear_-X_back,6,-X,0.0,-0.0152,0.03413,-2.33787,0.00271,-0.00315,0.00113,-0.05044,-0.0102,-2.56167,0.00175,-0.00258,0.00026,-0.01401,-0.01549,-2.33807,3,37.9163,362.6315,35.6219,179.5009,0.5768,-102.3411,0.0046,23.3071,0.4407
750,000750.png,False,1788893002.081469,1788893002.021469,shear_-X_back,6,-X,0.0,-0.03169,0.00403,-2.05753,0.00314,-0.00334,0.00107,-0.06692,-0.04027,-2.2813,0.00218,-0.00277,0.00021,-0.0152,-0.04531,-2.05722,3,37.9152,362.6492,35.6394,179.5014,0.5752,-102.3387,0.0085,23.3249,0.4229
751,000751.png,False,1788893003.057585,1788893002.997585,shear_-Y_out,6,-Y,0.5,0.01151,0.09731,-1.57574,0.00069,-0.00204,0.00126,-0.02366,0.05318,-1.79932,-0.00027,-0.00147,0.0004,-0.02772,0.06478,-1.57721,3,37.9179,362.7067,35.6766,179.5025,0.5778,-102.3203,0.0067,23.363,0.3848
752,000752.png,False,1788893003.249614,1788893003.189614,shear_-Y_out,6,-Y,0.5,0.10681,-0.01379,-1.36482,0.00326,0.00039,0.00128,0.07165,-0.05788,-1.58838,0.0023,0.00096,0.00041,0.10887,0.01956,-1.36459,3,38.0346,362.6043,35.6964,179.5044,0.573,-102.3283,0.0023,23.3803,0.3674
753,000753.png,False,1788893003.445664,1788893003.385664,shear_-Y_out,6,-Y,0.5,0.17906,-0.29601,-1.22031,0.00982,0.00226,0.0013,0.14391,-0.34006,-1.44382,0.00886,0.00283,0.00044,0.31146,-0.18644,-1.21535,3,38.1085,362.5713,35.708,179.499,0.5859,-102.3255,0.0084,23.3909,0.3569
754,000754.png,False,1788893003.641547,1788893003.581547,shear_-Y_out,6,-Y,0.5,0.11387,-0.50348,-1.40369,0.01472,0.00055,0.00151,0.07873,-0.54749,-1.62717,0.01376,0.00111,0.00064,0.35992,-0.40163,-1.39498,3,38.1611,362.3941,35.6814,179.5044,0.5735,-102.3268,0.0017,23.3611,0.3866
755,000755.png,False,1788893003.837646,1788893003.777646,shear_-Y_out,6,-Y,0.5,0.19422,-0.59629,-1.29293,0.01684,0.00258,0.00169,0.15909,-0.64027,-1.51638,0.01588,0.00315,0.00082,0.47512,-0.4401,-1.28279,3,38.213,362.4117,35.7034,179.4979,0.589,-102.3255,0.0033,23.383,0.3648
756,000756.png,False,1788893004.029662,1788893003.969662,shear_-Y_out,6,-Y,0.5,0.17936,-0.61162,-1.3256,0.01733,0.00224,0.00178,0.14424,-0.65557,-1.54901,0.01637,0.0028,0.00091,0.47013,-0.46132,-1.31515,3,38.2148,362.3986,35.7002,179.4984,0.5878,-102.3253,0.0077,23.3796,0.3682
757,000757.png,False,1788893004.225659,1788893004.165659,shear_-Y_back,6,-Y,0.0,0.16062,-0.65476,-1.36537,0.01831,0.00177,0.00164,0.12551,-0.69867,-1.58875,0.01735,0.00234,0.00077,0.47573,-0.50868,-1.35413,3,38.2191,362.3739,35.694,179.4998,0.5849,-102.3253,0.0025,23.373,0.3748
758,000758.png,False,1788893004.421586,1788893004.361586,shear_-Y_back,6,-Y,0.0,0.14763,-0.68552,-1.38746,0.0191,0.00143,0.00146,0.11254,-0.7294,-1.6108,0.01814,0.002,0.00059,0.48,-0.54217,-1.37566,3,38.224,362.3571,35.6929,179.5004,0.583,-102.3257,0.0027,23.3716,0.3762
759,000759.png,False,1788893004.617703,1788893004.557703,shear_-Y_back,6,-Y,0.0,0.06075,-0.43071,-1.53339,0.01314,-0.00078,0.00142,0.02567,-0.47455,-1.75669,0.01218,-0.00022,0.00054,0.27845,-0.36723,-1.52581,3,38.119,362.4513,35.682,179.5016,0.5797,-102.3203,0.0098,23.3629,0.3849
760,000760.png,False,1788893004.813689,1788893004.753689,shear_-Y_back,6,-Y,0.0,0.07345,-0.16579,-1.35999,0.00684,-0.00045,0.00114,0.03838,-0.2096,-1.58325,0.00588,0.00011,0.00026,0.15588,-0.12867,-1.35706,4,38.0297,362.6467,35.703,179.4987,0.5871,-102.3175,0.0047,23.3877,0.3601
761,000761.png,False,1788893005.397711,1788893005.337711,shear_-Y_back,6,-Y,0.0,0.15583,0.0705,-1.29334,0.00113,0.00138,0.00099,0.12079,0.0268,-1.5165,0.00017,0.00194,0.00011,0.10872,0.11821,-1.29468,3,38.0212,362.6973,35.6986,179.5038,0.576,-102.3296,0.0047,23.3841,0.3637
762,000762.png,False,1788893005.981794,1788893005.921794,shear_-Y_back,6,-Y,0.0,0.08622,0.10895,-1.33761,0.0003,-9e-05,0.00107,0.05121,0.06535,-1.56066,-0.00067,0.00047,0.00019,0.02952,0.11601,-1.33947,3,37.976,362.7203,35.6983,179.5048,0.5745,-102.3322,0.0076,23.3845,0.3633
763,000763.png,False,1788893006.177829,1788893006.117829,shear_+Y_out,6,+Y,0.5,0.01962,0.04873,-1.12235,0.0016,-0.00162,0.00098,-0.01537,0.00517,-1.34536,0.00064,-0.00107,0.0001,0.00043,0.03403,-1.12306,3,37.9515,362.6759,35.7232,179.5051,0.5748,-102.3303,0.0041,23.4088,0.339
764,000764.png,False,1788893006.569696,1788893006.509696,shear_+Y_out,6,+Y,0.5,0.01662,0.43188,-1.21758,-0.00735,-0.00153,0.00097,-0.01835,0.38839,-1.44051,-0.00832,-0.00098,9e-05,-0.19294,0.36284,-1.22492,3,37.836,362.891,35.7174,179.5053,0.5737,-102.3322,0.0053,23.4073,0.3404
765,000765.png,False,1788893006.957854,1788893006.897854,shear_+Y_back,6,+Y,0.0,0.03882,0.46257,-1.16316,-0.0082,-0.00118,0.0011,0.00387,0.41915,-1.38602,-0.00917,-0.00062,0.00021,-0.18942,0.40138,-1.17109,3,37.8333,362.9123,35.7227,179.5046,0.5767,-102.3322,0.0094,23.413,0.3348
766,000766.png,False,1788893007.153813,1788893007.093813,shear_+Y_back,6,+Y,0.0,0.04684,0.47853,-1.12194,-0.0085,-0.00098,0.001,0.0119,0.43515,-1.34477,-0.00947,-0.00042,0.00011,-0.19073,0.41987,-1.13016,3,37.8318,362.9205,35.7256,179.5043,0.5773,-102.332,0.0053,23.416,0.3318
767,000767.png,False,1788893007.349820,1788893007.289820,shear_+Y_back,6,+Y,0.0,0.08498,0.25415,-0.73235,-0.00342,0.0002,0.00103,0.05006,0.2108,-0.95513,-0.00439,0.00075,0.00014,-0.04829,0.25084,-0.73681,3,37.9407,362.7575,35.7656,179.5047,0.576,-102.3427,0.0007,23.4527,0.2951
768,000768.png,False,1788893007.541842,1788893007.481843,shear_+Y_back,6,+Y,0.0,0.09965,0.19838,-0.79522,-0.00214,0.00048,0.00116,0.06473,0.15507,-1.01797,-0.00311,0.00103,0.00027,-0.00729,0.20886,-0.79874,3,37.9306,362.8138,35.7618,179.501,0.5853,-102.3427,0.0099,23.4498,0.298
769,000769.png,False,1788893007.737895,1788893007.677896,shear_+Y_back,6,+Y,0.0,0.08705,0.18411,-0.83463,-0.00169,0.00031,0.00089,0.05214,0.14083,-1.05734,-0.00266,0.00086,-0.0,-0.0108,0.18958,-0.83787,3,37.9346,362.7897,35.7482,179.5011,0.5863,-102.3423,0.0047,23.4358,0.312
770,000770.png,False,1788893007.933872,1788893007.873872,shear_+Y_back,6,+Y,0.0,0.03186,0.04199,-1.02605,0.00171,-0.00129,0.00101,-0.00304,-0.00126,-1.24873,0.00074,-0.00074,0.00012,0.01373,0.03585,-1.02669,3,37.9446,362.7256,35.7311,179.5006,0.5887,-102.3419,0.0008,23.4176,0.3302
771,000771.png,False,1788893008.909799,1788893008.849799,shear_+X_out,7,+X,0.5,0.04341,0.07904,-1.20425,0.00101,-0.00093,0.00114,0.00858,0.03597,-1.42675,4e-05,-0.00039,0.00024,0.00646,0.07086,-1.20553,3,37.9457,362.7194,35.7152,179.5017,0.5877,-102.3419,0.002,23.4016,0.3462
772,000772.png,False,1788893009.105805,1788893009.045805,shear_+X_out,7,+X,0.5,0.01319,0.00379,-1.70404,0.00283,-0.00199,0.00135,-0.02163,-0.03924,-1.9265,0.00186,-0.00145,0.00045,0.02135,-0.01742,-1.70387,3,37.9518,362.6754,35.6773,179.5057,0.5786,-102.3414,0.0077,23.363,0.3848
773,000773.png,False,1788893009.297816,1788893009.237816,shear_+X_out,7,+X,0.5,0.49095,0.09573,-1.43662,0.00055,0.00945,0.00125,0.45614,0.05273,-1.65905,-0.00043,0.00999,0.00035,0.3874,0.30521,-1.43905,3,38.1424,362.8407,35.6941,179.5014,0.5897,-102.3377,0.0031,23.3811,0.3667
774,000774.png,False,1788893009.689836,1788893009.629836,shear_+X_out,7,+X,0.5,0.39476,-0.08484,-1.42027,0.00486,0.00737,0.00146,0.35997,-0.12777,-1.64262,0.00388,0.00791,0.00056,0.39418,0.10102,-1.41937,3,38.1569,362.7447,35.6965,179.5074,0.5752,-102.3383,0.0083,23.3818,0.3659
775,000775.png,False,1788893010.077955,1788893010.017955,shear_+X_out,7,+X,0.5,0.65992,-0.15754,-1.38797,0.00657,0.01379,0.00161,0.62516,-0.2004,-1.61025,0.0056,0.01433,0.00071,0.65997,0.17107,-1.38634,3,38.331,362.7959,35.7026,179.5087,0.5723,-102.3405,0.0078,23.3876,0.3602
776,000776.png,False,1788893010.469914,1788893010.409914,shear_+X_back,7,+X,0.0,0.66237,-0.09664,-1.30324,0.00519,0.01386,0.00134,0.62762,-0.13943,-1.52545,0.00422,0.01439,0.00044,0.63107,0.22639,-1.30269,3,38.3241,362.8207,35.7084,179.5075,0.5752,-102.3403,0.0043,23.3938,0.354
777,000777.png,False,1788893010.666014,1788893010.606014,shear_+X_back,7,+X,0.0,0.66488,-0.07301,-1.25367,0.00448,0.01374,0.00112,0.63015,-0.11576,-1.47584,0.00351,0.01428,0.00022,0.6211,0.24891,-1.25354,3,38.3197,362.8323,35.709,179.5071,0.5762,-102.3398,0.0095,23.3947,0.3531
778,000778.png,False,1788893010.861892,1788893010.801893,shear_+X_back,7,+X,0.0,0.29415,0.03771,-1.10134,0.00182,0.00506,0.00107,0.25943,-0.00501,-1.32347,0.00084,0.0056,0.00017,0.24359,0.16199,-1.10241,3,38.116,362.752,35.7182,179.5091,0.5745,-102.3255,0.0031,23.4039,0.3438
779,000779.png,False,1788893011.249998,1788893011.189998,shear_+X_back,7,+X,0.0,0.13995,0.08798,-1.39841,0.00089,0.00121,0.00113,0.10525,0.04533,-1.62047,-9e-05,0.00174,0.00022,0.08697,0.12372,-1.40001,3,38.0264,362.7534,35.6937,179.5091,0.5825,-102.3292,0.0011,23.3801,0.3677
780,000780.png,False,1788893011.446002,1788893011.386002,shear_+X_back,7,+X,0.0,0.06656,0.026,-1.60852,0.00239,-0.00063,0.00108,0.03187,-0.01661,-1.83055,0.00141,-0.0001,0.00017,0.05581,0.03001,-1.60886,3,38.0008,362.652,35.6636,179.5149,0.573,-102.3374,0.0037,23.3485,0.3993
781,000781.png,False,1788893012.421971,1788893012.361971,shear_-X_out,7,-X,0.5,-0.0211,0.05819,-1.86244,0.00179,-0.00295,0.00093,-0.05573,0.01576,-2.08429,0.00081,-0.00242,2e-05,-0.03444,0.01002,-1.86313,3,37.9555,362.6882,35.6577,179.5118,0.5797,-102.3394,0.0069,23.3436,0.4042
782,000782.png,False,1788893012.614057,1788893012.554057,shear_-X_out,7,-X,0.5,-0.54735,-0.08576,-2.10268,0.00543,-0.01566,0.00084,-0.58197,-0.12816,-2.32448,0.00444,-0.01513,-7e-05,-0.4167,-0.38145,-2.09978,3,37.7646,362.5073,35.6404,179.5144,0.5735,-102.342,0.0044,23.3247,0.4231
783,000783.png,False,1788893013.202013,1788893013.142013,shear_-X_back,7,-X,0.0,-0.45348,0.08107,-1.80122,0.0012,-0.01331,0.00069,-0.48807,0.03877,-2.02292,0.00022,-0.01278,-0.00022,-0.42083,-0.18523,-1.80145,3,37.7472,362.5806,35.6571,179.5108,0.5819,-102.3418,0.0076,23.3426,0.4051
784,000784.png,False,1788893013.398011,1788893013.338012,shear_-X_back,7,-X,0.0,-0.46251,0.04477,-1.87834,0.00223,-0.01355,0.00093,-0.49709,0.0025,-2.1,0.00125,-0.01302,2e-05,-0.40998,-0.22242,-1.8779,3,37.75,362.5637,35.6545,179.5119,0.58,-102.3414,0.002,23.3398,0.408
785,000785.png,False,1788893013.590088,1788893013.530088,shear_-X_back,7,-X,0.0,-0.23449,0.04162,-2.20791,0.00248,-0.00835,0.00083,-0.26905,-0.00061,-2.42953,0.00149,-0.00782,-9e-05,-0.20861,-0.11648,-2.20782,3,37.8651,362.6453,35.6288,179.5135,0.5763,-102.3427,0.0081,23.3146,0.4331
786,000786.png,False,1788893013.786036,1788893013.726036,shear_-X_back,7,-X,0.0,-0.1579,-0.01056,-2.07957,0.00359,-0.00638,0.0009,-0.19245,-0.05276,-2.30116,0.00261,-0.00586,-2e-05,-0.11708,-0.12135,-2.07875,3,37.8802,362.6117,35.6367,179.5165,0.5691,-102.3392,0.0007,23.3218,0.426
787,000787.png,False,1788893013.982043,1788893013.922043,shear_-X_back,7,-X,0.0,-0.11934,0.00441,-1.89699,0.00308,-0.00551,0.00073,-0.15388,-0.03775,-2.11854,0.0021,-0.00499,-0.00019,-0.09242,-0.0862,-1.89654,3,37.8968,362.6276,35.6475,179.5173,0.5678,-102.3372,0.0058,23.3328,0.415
788,000788.png,False,1788893014.178049,1788893014.118049,shear_-X_back,7,-X,0.0,0.04284,0.05309,-1.67016,0.00168,-0.00138,0.00084,0.00831,0.01097,-1.89167,0.0007,-0.00085,-8e-05,0.02216,0.04064,-1.67091,3,37.9537,362.6816,35.6605,179.5165,0.5696,-102.3361,0.0088,23.3463,0.4015
789,000789.png,False,1788893014.370067,1788893014.310067,shear_-X_back,7,-X,0.0,0.01498,0.01585,-1.58337,0.00262,-0.00195,0.00094,-0.01955,-0.02624,-1.80485,0.00164,-0.00143,2e-05,0.01603,-0.00415,-1.58344,3,37.9556,362.6646,35.6706,179.5161,0.5706,-102.3363,0.0001,23.3561,0.3917
790,000790.png,False,1788893014.762172,1788893014.702173,shear_-X_back,7,-X,0.0,0.01411,0.03955,-1.58885,0.00218,-0.00186,0.00118,-0.02039,-0.00247,-1.81025,0.00119,-0.00133,0.00026,0.00347,0.01585,-1.58932,3,37.9513,362.6918,35.6741,179.5147,0.5745,-102.3361,0.0083,23.36,0.3877
791,000791.png,False,1788893014.958177,1788893014.898177,shear_-Y_out,7,-Y,0.5,0.02868,0.07466,-1.60036,0.00122,-0.00164,0.00117,-0.00581,0.03267,-1.82173,0.00023,-0.00112,0.00025,-0.00136,0.05335,-1.60147,3,37.9512,362.6958,35.6732,179.5141,0.5755,-102.3364,0.003,23.3592,0.3886
792,000792.png,False,1788893015.154093,1788893015.094093,shear_-Y_out,7,-Y,0.5,-0.00638,-0.23948,-1.57123,0.00884,-0.0022,0.00107,-0.04086,-0.28143,-1.79256,0.00785,-0.00168,0.00014,0.12501,-0.23576,-1.56683,3,38.0271,362.5506,35.6703,179.5167,0.57,-102.3381,0.0088,23.3535,0.3943
793,000793.png,False,1788893015.346244,1788893015.286244,shear_-Y_out,7,-Y,0.5,0.07243,-0.30152,-1.45282,0.0102,-0.0003,0.00132,0.03797,-0.34343,-1.67411,0.00921,0.00022,0.0004,0.22346,-0.24821,-1.44751,3,38.0695,362.5438,35.6813,179.512,0.5815,-102.3366,0.0005,23.3641,0.3837
794,000794.png,False,1788893015.542223,1788893015.482224,shear_-Y_out,7,-Y,0.5,0.06046,-0.3121,-1.45772,0.01044,-0.00055,0.00123,0.026,-0.35398,-1.67898,0.00945,-4e-05,0.0003,0.21841,-0.26344,-1.45221,3,38.0698,362.5385,35.6831,179.512,0.581,-102.3368,0.0058,23.3658,0.382
795,000795.png,False,1788893015.738126,1788893015.678126,shear_-Y_out,7,-Y,0.5,0.06099,-0.30321,-1.34329,0.01002,-0.00046,0.00116,0.02654,-0.34506,-1.56451,0.00903,5e-05,0.00023,0.21363,-0.25365,-1.33795,3,38.0694,362.5393,35.6897,179.5126,0.5794,-102.3373,0.0086,23.3724,0.3754
796,000796.png,False,1788893015.934137,1788893015.874137,shear_-Y_out,7,-Y,0.5,-0.01219,-0.79173,-1.40856,0.02161,-0.00218,0.00139,-0.04663,-0.83354,-1.62975,0.02063,-0.00167,0.00047,0.39477,-0.71435,-1.39459,3,38.1719,362.2861,35.6875,179.5168,0.5703,-102.335,0.0043,23.3654,0.3823
797,000797.png,False,1788893016.322154,1788893016.262154,shear_-Y_out,7,-Y,0.5,0.05525,-0.58167,-1.17704,0.01661,-0.00042,0.00116,0.02084,-0.62341,-1.39816,0.01562,0.0001,0.00023,0.34663,-0.49501,-1.16689,3,38.1582,362.3799,35.7049,179.5121,0.5816,-102.3357,0.0009,23.3844,0.3634
798,000798.png,False,1788893016.518310,1788893016.458310,shear_-Y_back,7,-Y,0.0,0.03501,-0.63837,-1.33283,0.018,-0.00094,0.00146,0.00061,-0.68007,-1.55391,0.01701,-0.00043,0.00053,0.35851,-0.55673,-1.32163,3,38.1637,362.3493,35.6955,179.5134,0.5786,-102.3357,0.0046,23.3745,0.3733
799,000799.png,False,1788893016.714245,1788893016.654245,shear_-Y_back,7,-Y,0.0,0.03179,-0.64864,-1.34298,0.01821,-0.00106,0.00111,-0.0026,-0.69031,-1.56402,0.01722,-0.00055,0.00018,0.36092,-0.5674,-1.3316,3,38.1663,362.3435,35.6923,179.5135,0.5789,-102.3359,0.01,23.3712,0.3766
800,000800.png,False,1788893016.906280,1788893016.846280,shear_-Y_back,7,-Y,0.0,0.05313,-0.42104,-1.86533,0.01347,-0.00086,0.00109,0.01875,-0.46267,-2.08634,0.01248,-0.00035,0.00016,0.26932,-0.36798,-1.85786,3,38.1168,362.4493,35.6543,179.5142,0.5787,-102.3362,0.0003,23.3352,0.4126
801,000801.png,False,1788893017.298202,1788893017.238202,shear_-Y_back,7,-Y,0.0,0.0734,-0.12649,-1.57726,0.00625,-0.00026,0.00084,0.03904,-0.16806,-1.7982,0.00526,0.00025,-9e-05,0.13771,-0.09814,-1.57498,3,38.0499,362.5874,35.6691,179.5155,0.5796,-102.3438,0.01,23.3527,0.3951
802,000802.png,False,1788893017.494211,1788893017.434211,shear_-Y_back,7,-Y,0.0,0.06839,-0.03249,-1.29758,0.00366,-0.00034,0.00081,0.03404,-0.07402,-1.51848,0.00266,0.00017,-0.00012,0.08447,-0.01475,-1.29696,4,38.0016,362.6737,35.706,179.5126,0.5857,-102.3488,0.0047,23.3913,0.3565
803,000803.png,False,1788893018.662277,1788893018.602277,shear_+Y_out,7,+Y,0.5,0.07928,0.58598,-1.41837,-0.01086,-0.00013,0.00067,0.045,0.54466,-1.63904,-0.01185,0.00037,-0.00027,-0.21426,0.52439,-1.42847,3,37.8528,362.9282,35.6919,179.5132,0.5853,-102.351,0.0059,23.3823,0.3654
804,000804.png,False,1788893018.858279,1788893018.798279,shear_+Y_out,7,+Y,0.5,0.00524,0.42876,-1.58799,-0.00703,-0.00201,0.00058,-0.02903,0.38748,-1.80863,-0.00803,-0.00151,-0.00036,-0.19867,0.34852,-1.59519,3,37.8561,362.8517,35.677,179.5176,0.5752,-102.3516,0.009,23.3662,0.3816
805,000805.png,False,1788893019.054286,1788893018.994287,shear_+Y_out,7,+Y,0.5,0.0193,0.46695,-1.56212,-0.00788,-0.00166,0.00082,-0.01495,0.4257,-1.78272,-0.00887,-0.00115,-0.00013,-0.20575,0.38903,-1.57002,3,37.8531,362.8689,35.681,179.5169,0.577,-102.3516,0.0033,23.3705,0.3773
806,000806.png,False,1788893019.250386,1788893019.190386,shear_+Y_back,7,+Y,0.0,0.0293,0.49128,-1.52231,-0.00851,-0.00132,0.00086,-0.00495,0.45006,-1.74288,-0.0095,-0.00082,-8e-05,-0.20952,0.41573,-1.53066,3,37.8504,362.887,35.6853,179.5162,0.5793,-102.3516,0.0021,23.375,0.3728
807,000807.png,False,1788893019.442305,1788893019.382305,shear_+Y_back,7,+Y,0.0,0.04014,0.51483,-1.46667,-0.00914,-0.00113,0.00075,0.00591,0.47365,-1.6872,-0.01014,-0.00063,-0.00019,-0.21228,0.44244,-1.47545,3,37.8473,362.8991,35.6882,179.5155,0.5804,-102.3516,0.0078,23.3781,0.3697
808,000808.png,False,1788893019.638407,1788893019.578407,shear_+Y_back,7,+Y,0.0,0.01692,0.30715,-0.99156,-0.00437,-0.00136,0.00095,-0.0173,0.26601,-1.21206,-0.00537,-0.00086,0.0,-0.13192,0.25858,-0.99677,3,37.8973,362.7551,35.7273,179.5152,0.581,-102.3538,0.0041,23.4146,0.3332
809,000809.png,False,1788893019.834412,1788893019.774412,shear_+Y_back,7,+Y,0.0,0.01439,0.26795,-1.08278,-0.00348,-0.00144,0.00076,-0.01982,0.22685,-1.30324,-0.00448,-0.00094,-0.00019,-0.1139,0.22191,-1.08729,3,37.8873,362.8032,35.7221,179.5115,0.5922,-102.3519,0.0102,23.4102,0.3376
810,000810.png,False,1788893020.030435,1788893019.970435,shear_+Y_back,7,+Y,0.0,0.00041,0.22796,-1.17696,-0.00247,-0.00193,0.00067,-0.03379,0.18689,-1.39738,-0.00347,-0.00143,-0.00028,-0.10538,0.17878,-1.18073,3,37.8981,362.7576,35.7062,179.5127,0.5906,-102.3495,0.0044,23.3935,0.3542
811,000811.png,False,1788893020.418355,1788893020.358355,shear_+Y_back,7,+Y,0.0,0.00938,0.09516,-1.57535,0.00086,-0.00178,0.00086,-0.0248,0.05415,-1.7957,-0.00014,-0.00129,-8e-05,-0.0285,0.06186,-1.57678,3,37.933,362.7111,35.6781,179.5119,0.5924,-102.3441,0.0101,23.3645,0.3833
812,000812.png,False,1788893020.810505,1788893020.750505,shear_+Y_back,7,+Y,0.0,0.01072,0.05383,-1.50015,0.00183,-0.00178,0.00107,-0.02344,0.0129,-1.72043,0.00083,-0.00128,0.00012,-0.00721,0.02795,-1.50088,3,37.9465,362.6896,35.6828,179.5118,0.5931,-102.3445,0.0005,23.3688,0.379
813,000813.png,False,1788893021.590518,1788893021.530519,shear_+Y_back,7,+Y,0.0,0.01008,0.04998,-1.65988,0.00186,-0.00188,0.00093,-0.02403,0.00918,-1.88001,0.00086,-0.00138,-3e-05,-0.00473,0.02173,-1.66051,3,37.9473,362.6923,35.6736,179.5142,0.588,-102.3425,0.0064,23.3595,0.3882
814,000814.png,False,1788893024.906662,1788893024.846663,shear_+X_out,8,+X,0.5,0.09293,0.16234,-1.86886,-0.00054,6e-05,0.00085,0.05901,0.12214,-2.08837,-0.00155,0.00054,-0.00012,0.01235,0.1571,-1.87158,3,37.9568,362.775,35.6639,179.5107,0.5983,-102.348,0.007,23.3511,0.3967
815,000815.png,False,1788893025.102664,1788893025.042664,shear_+X_out,8,+X,0.5,0.41057,0.25166,-1.37992,-0.00309,0.00772,0.00103,0.37666,0.2115,-1.5994,-0.0041,0.0082,6e-05,0.23947,0.401,-1.38489,3,38.0747,362.8803,35.6973,179.5069,0.6067,-102.352,0.0074,23.3853,0.3624
816,000816.png,False,1788893025.882736,1788893025.822737,shear_+X_back,8,+X,0.0,0.54726,0.09667,-1.76595,0.00092,0.01107,0.001,0.51339,0.05665,-1.98528,-9e-05,0.01154,2e-05,0.43799,0.32888,-1.76845,3,38.1837,362.8553,35.6638,179.5128,0.5927,-102.3478,0.0009,23.3507,0.3971
817,000817.png,False,1788893026.078748,1788893026.018748,shear_+X_back,8,+X,0.0,0.27127,0.0975,-1.99641,0.00097,0.00429,0.00103,0.23741,0.05752,-2.21571,-5e-05,0.00477,6e-05,0.2001,0.18801,-1.99834,3,38.0608,362.7488,35.6393,179.5201,0.5766,-102.3388,0.0061,23.3254,0.4224
818,000818.png,False,1788893026.858784,1788893026.798784,shear_+X_back,8,+X,0.0,0.08227,0.10012,-1.98132,0.00091,-0.00016,0.00124,0.04847,0.06027,-2.20046,-0.0001,0.00031,0.00026,0.03498,0.09608,-1.98292,3,37.9878,362.7338,35.6467,179.518,0.5815,-102.3536,0.0001,23.3331,0.4147
819,000819.png,False,1788893027.442819,1788893027.382819,shear_-X_out,8,-X,0.5,0.0421,0.11017,-1.97174,0.00062,-0.00115,0.00093,0.00833,0.07043,-2.19078,-0.0004,-0.00068,-5e-05,-0.0049,0.08487,-1.97344,3,37.9665,362.7374,35.6467,179.5224,0.5812,-102.3643,0.0065,23.3333,0.4145
820,000820.png,False,1788893027.638858,1788893027.578858,shear_-X_out,8,-X,0.5,-0.03006,0.15046,-2.00483,-0.00025,-0.00295,0.00076,-0.06382,0.11076,-2.22383,-0.00126,-0.00249,-0.00023,-0.08731,0.08318,-2.00707,2,37.9313,362.7322,35.6438,179.5233,0.5806,-102.3603,0.0076,23.3305,0.4173
821,000821.png,False,1788893027.834831,1788893027.774831,shear_-X_out,8,-X,0.5,-0.49377,0.04267,-1.80282,0.00231,-0.01407,0.00084,-0.52752,0.003,-2.02178,0.00129,-0.01361,-0.00014,-0.43653,-0.23865,-1.8023,3,37.748,362.5715,35.6571,179.5251,0.5757,-102.3614,0.0045,23.3425,0.4052
822,000822.png,False,1788893028.222841,1788893028.162841,shear_-X_out,8,-X,0.5,-0.43442,0.21321,-1.69925,-0.00174,-0.01239,0.0007,-0.46815,0.17361,-1.91814,-0.00276,-0.01193,-0.00029,-0.47105,-0.05963,-1.70182,3,37.7131,362.648,35.6651,179.5215,0.5848,-102.3608,0.0002,23.352,0.3958
823,000823.png,False,1788893028.418870,1788893028.358871,shear_-X_back,8,-X,0.0,-0.4537,0.14273,-1.88701,-0.00016,-0.01315,0.00075,-0.48742,0.10317,-2.10586,-0.00117,-0.01269,-0.00024,-0.45123,-0.13331,-1.88829,3,37.7175,362.6161,35.6511,179.5231,0.5815,-102.3606,0.0052,23.3374,0.4104
824,000824.png,False,1788893028.614880,1788893028.554880,shear_-X_back,8,-X,0.0,-0.45076,0.13087,-1.98086,0.00032,-0.01311,0.00073,-0.48446,0.09134,-2.19968,-0.0007,-0.01264,-0.00026,-0.44211,-0.14361,-1.98192,3,37.7191,362.6092,35.6461,179.5236,0.581,-102.361,0.0097,23.3323,0.4154
825,000825.png,False,1788893029.002766,1788893028.942766,shear_-X_back,8,-X,0.0,-0.05203,0.03886,-2.91213,0.00281,-0.00415,0.00104,-0.08572,-0.00061,-3.13087,0.00179,-0.00369,5e-05,-0.04429,-0.039,-2.91225,3,37.8943,362.6554,35.5832,179.528,0.5704,-102.3723,0.0079,23.2689,0.4789
826,000826.png,False,1788893029.198873,1788893029.138873,shear_-X_back,8,-X,0.0,-0.03825,0.06397,-2.59699,0.00202,-0.00362,0.0011,-0.07192,0.02455,-2.8157,0.001,-0.00316,0.00011,-0.04709,-0.00531,-2.59763,3,37.9018,362.6759,35.6041,179.5292,0.5688,-102.3703,0.0068,23.2902,0.4576
827,000827.png,False,1788893030.370919,1788893030.310919,shear_-Y_out,8,-Y,0.5,0.13066,0.07393,-1.73159,0.00137,0.00099,0.00126,0.09705,0.03471,-1.95008,0.00034,0.00145,0.00026,0.08825,0.10158,-1.73287,3,37.9753,362.7305,35.6583,179.5282,0.5725,-102.3592,0.009,23.3447,0.4031
828,000828.png,False,1788893030.562851,1788893030.502851,shear_-Y_out,8,-Y,0.5,0.12452,-0.43877,-1.50737,0.01326,0.00109,0.0014,0.09092,-0.47795,-1.72583,0.01224,0.00155,0.0004,0.33753,-0.34193,-1.49978,3,38.1175,362.5176,35.6722,179.5287,0.5711,-102.3612,0.0019,23.3541,0.3936
829,000829.png,False,1788893030.954860,1788893030.894860,shear_-Y_out,8,-Y,0.5,0.16115,-0.2882,-1.36519,0.00966,0.00191,0.0012,0.12758,-0.32731,-1.58357,0.00863,0.00237,0.0002,0.29305,-0.19094,-1.36031,3,38.1023,362.5747,35.687,179.5264,0.5772,-102.3614,0.0069,23.37,0.3778
830,000830.png,False,1788893031.150872,1788893031.090873,shear_-Y_out,8,-Y,0.5,0.12752,-0.37314,-1.38866,0.01165,0.00113,0.00136,0.09396,-0.41222,-1.60701,0.01063,0.00158,0.00036,0.30652,-0.28169,-1.38224,3,38.1305,362.4276,35.6757,179.5316,0.5636,-102.3611,0.0011,23.3561,0.3916
831,000831.png,False,1788893031.346995,1788893031.286995,shear_-Y_out,8,-Y,0.5,0.1253,-0.62018,-1.37405,0.01757,0.00114,0.00149,0.09175,-0.65922,-1.59236,0.01655,0.00159,0.00049,0.42792,-0.49652,-1.36333,3,38.1791,362.4121,35.6909,179.5264,0.5773,-102.3571,0.0042,23.3707,0.3771
832,000832.png,False,1788893031.538997,1788893031.478997,shear_-Y_out,8,-Y,0.5,0.12567,-0.57749,-1.32683,0.01644,0.00122,0.00158,0.09213,-0.61649,-1.54511,0.01542,0.00167,0.00057,0.40658,-0.4586,-1.31687,3,38.1789,362.4129,35.692,179.5262,0.5777,-102.3575,0.007,23.3719,0.3759
833,000833.png,False,1788893031.734996,1788893031.674996,shear_-Y_back,8,-Y,0.0,0.11653,-0.60199,-1.37495,0.01727,0.00106,0.00154,0.083,-0.64097,-1.59319,0.01624,0.00151,0.00054,0.41125,-0.48517,-1.36454,3,38.1822,362.3975,35.6882,179.5268,0.576,-102.3575,0.0017,23.3678,0.38
834,000834.png,False,1788893031.931018,1788893031.871018,shear_-Y_back,8,-Y,0.0,0.11661,-0.63422,-1.41479,0.01799,0.00101,0.00156,0.08309,-0.67315,-1.633,0.01696,0.00146,0.00056,0.42769,-0.51367,-1.40381,3,38.193,362.3812,35.6855,179.5275,0.5744,-102.3588,0.0042,23.3648,0.383
835,000835.png,False,1788893032.127040,1788893032.067040,shear_-Y_back,8,-Y,0.0,0.15744,-0.45152,-1.61958,0.01365,0.00177,0.00152,0.12394,-0.49042,-1.83774,0.01262,0.00222,0.00052,0.37319,-0.33832,-1.61182,3,38.1573,362.492,35.6693,179.5272,0.575,-102.3629,0.0046,23.3506,0.3972
836,000836.png,False,1788893032.319005,1788893032.259005,shear_-Y_back,8,-Y,0.0,0.24405,-0.18818,-1.61762,0.00751,0.0038,0.00132,0.21055,-0.22705,-1.83575,0.00648,0.00425,0.00031,0.31663,-0.06695,-1.6146,3,38.1402,362.5727,35.6673,179.5267,0.5764,-102.3755,0.0073,23.35,0.3978
837,000837.png,False,1788893032.514993,1788893032.454993,shear_-Y_back,8,-Y,0.0,0.23484,-0.20384,-1.65501,0.00795,0.00349,0.00148,0.20136,-0.24267,-1.8731,0.00693,0.00394,0.00047,0.31674,-0.08571,-1.65169,3,38.1341,362.6023,35.6664,179.5267,0.5761,-102.3834,0.0076,23.3496,0.3982
838,000838.png,False,1788893032.711039,1788893032.651039,shear_-Y_back,8,-Y,0.0,0.23764,-0.08533,-1.65672,0.00523,0.00368,0.00145,0.20417,-0.12413,-1.87478,0.0042,0.00412,0.00044,0.25997,0.0183,-1.65546,3,38.0721,362.7072,35.6756,179.5246,0.5818,-102.3921,0.0021,23.3609,0.3869
839,000839.png,False,1788893032.906950,1788893032.846950,shear_-Y_back,8,-Y,0.0,0.05682,0.07203,-1.66193,0.00166,-0.00064,0.00146,0.02336,0.03327,-1.87995,0.00063,-0.00019,0.00045,0.02475,0.06415,-1.66304,3,37.9978,362.6757,35.6658,179.5278,0.5746,-102.3832,0.0059,23.3512,0.3966
840,000840.png,False,1788893033.883089,1788893033.823089,shear_+Y_out,8,+Y,0.5,0.19591,0.59814,-1.60424,-0.01109,0.00253,0.00111,0.16251,0.55956,-1.82207,-0.01212,0.00297,9e-05,-0.11802,0.59023,-1.61476,3,37.9008,362.9602,35.6793,179.5263,0.5824,-102.3828,0.0088,23.3699,0.3779
841,000841.png,False,1788893034.075066,1788893034.015066,shear_+Y_out,8,+Y,0.5,0.115,0.46666,-1.77729,-0.00795,0.0005,0.00104,0.08161,0.42811,-1.9951,-0.00898,0.00094,3e-05,-0.12122,0.43316,-1.78535,3,37.8965,362.8957,35.6614,179.5301,0.5727,-102.3823,0.0024,23.351,0.3968
842,000842.png,False,1788893034.467030,1788893034.407030,shear_+Y_back,8,+Y,0.0,0.12362,0.55842,-1.61895,-0.01014,0.00073,0.00086,0.09024,0.51994,-1.83667,-0.01117,0.00117,-0.00015,-0.1607,0.51946,-1.62863,3,37.8745,362.9381,35.6739,179.5285,0.577,-102.3806,0.0074,23.3643,0.3835
843,000843.png,False,1788893034.663042,1788893034.603042,shear_+Y_back,8,+Y,0.0,0.06386,0.60726,-1.61815,-0.01119,-0.00057,0.0009,0.0305,0.56882,-1.83584,-0.01222,-0.00013,-0.00011,-0.23686,0.53192,-1.62856,3,37.842,362.9475,35.6756,179.5285,0.5775,-102.3756,0.0074,23.3664,0.3814
844,000844.png,False,1788893034.855144,1788893034.795144,shear_+Y_back,8,+Y,0.0,0.00789,0.36334,-1.09062,-0.0057,-0.0016,0.00106,-0.02546,0.32493,-1.30828,-0.00674,-0.00116,4e-05,-0.16714,0.30114,-1.09677,3,37.858,362.8555,35.7174,179.5274,0.5803,-102.3738,0.0035,23.4066,0.3412
845,000845.png,False,1788893035.247069,1788893035.187069,shear_+Y_back,8,+Y,0.0,-0.0064,0.29427,-1.21675,-0.004,-0.00205,0.00085,-0.03973,0.25593,-1.43433,-0.00503,-0.00161,-0.00017,-0.14413,0.23217,-1.22165,3,37.8689,362.8085,35.7064,179.5274,0.581,-102.364,0.0027,23.3947,0.3531
846,000846.png,False,1788893035.443075,1788893035.383075,shear_+Y_back,8,+Y,0.0,0.03411,0.16878,-1.53441,-0.00106,-0.00142,0.00089,0.00079,0.13048,-1.75196,-0.00209,-0.00099,-0.00013,-0.04414,0.13864,-1.53718,3,37.9293,362.7564,35.6773,179.5269,0.5825,-102.363,0.0038,23.3645,0.3833
847,000847.png,False,1788893036.611221,1788893036.551221,shear_+Y_back,8,+Y,0.0,-0.02697,0.1141,-0.6519,-0.00013,-0.00221,0.00098,-0.06022,0.07601,-0.86923,-0.00117,-0.00178,-4e-05,-0.07586,0.0749,-0.65372,3,37.9015,362.7243,35.7628,179.5244,0.5897,-102.3667,0.0165,23.4496,0.2982
848,000848.png,False,1788893040.123391,1788893040.063391,shear_+X_out,9,+X,0.5,0.05323,0.04155,-1.8041,0.00211,-0.00093,0.001,0.02018,0.00409,-2.02077,0.00107,-0.00051,-5e-05,0.03786,0.03369,-1.80465,3,37.96,362.6965,35.6629,179.5301,0.577,-102.3736,0.0088,23.3489,0.3989
849,000849.png,False,1788893040.515425,1788893040.455426,shear_+X_out,9,+X,0.5,0.54253,0.18468,-1.28445,-0.00162,0.01099,0.00118,0.5095,0.14728,-1.50105,-0.00267,0.01141,0.00014,0.38658,0.41045,-1.28854,3,38.1478,362.8877,35.7038,179.5244,0.5903,-102.3724,0.0045,23.3915,0.3562
850,000850.png,False,1788893040.903436,1788893040.843436,shear_+X_out,9,+X,0.5,0.48861,0.08166,-1.39903,0.00081,0.0096,0.00118,0.45561,0.04433,-1.61556,-0.00023,0.01002,0.00013,0.39215,0.29245,-1.40121,3,38.1566,362.846,35.6936,179.5271,0.5843,-102.3725,0.0011,23.3805,0.3672
851,000851.png,False,1788893041.295452,1788893041.235452,shear_+X_back,9,+X,0.0,0.50528,0.12138,-1.78363,0.00016,0.01008,0.00118,0.4723,0.08413,-2.00008,-0.00088,0.01049,0.00013,0.3894,0.32903,-1.78647,3,38.1567,362.8646,35.6662,179.5288,0.5808,-102.3721,0.0035,23.3535,0.3943
852,000852.png,False,1788893041.491389,1788893041.431389,shear_+X_back,9,+X,0.0,0.33588,0.04254,-1.96078,0.00215,0.00599,0.00108,0.30291,0.00533,-2.1772,0.0011,0.0064,3e-05,0.28329,0.17327,-1.96189,3,38.1117,362.8052,35.6546,179.5311,0.5749,-102.3727,0.0031,23.3413,0.4065
853,000853.png,False,1788893041.683449,1788893041.623449,shear_+X_back,9,+X,0.0,0.27832,0.0454,-2.09182,0.00204,0.00449,0.0012,0.24536,0.00822,-2.3082,0.00099,0.0049,0.00015,0.2329,0.14488,-2.09285,3,38.0804,362.7905,35.6473,179.5317,0.573,-102.3814,0.008,23.334,0.4138
854,000854.png,False,1788893042.075472,1788893042.015472,shear_+X_back,9,+X,0.0,0.04966,0.07822,-2.03508,0.00139,-0.00098,0.00095,0.01672,0.0411,-2.25139,0.00034,-0.00057,-0.0001,0.01804,0.05995,-2.03623,3,37.9838,362.7509,35.645,179.5337,0.568,-102.3895,0.0084,23.3317,0.4161
855,000855.png,False,1788893043.051544,1788893042.991544,shear_-X_out,9,-X,0.5,0.03521,0.08282,-1.67232,0.00113,-0.00109,0.00099,0.00233,0.04588,-1.88845,8e-05,-0.00068,-7e-05,0.00072,0.06253,-1.67357,3,37.9645,362.7284,35.6667,179.5341,0.5776,-102.3875,0.0025,23.3531,0.3947
856,000856.png,False,1788893043.439536,1788893043.379536,shear_-X_out,9,-X,0.5,-0.37692,0.17856,-1.80752,-0.00104,-0.0112,0.00103,-0.40978,0.14169,-2.02357,-0.00209,-0.01079,-3e-05,-0.40318,-0.06265,-1.80959,3,37.7592,362.6523,35.6578,179.5327,0.5814,-102.3908,0.0026,23.3444,0.4033
857,000857.png,False,1788893043.635571,1788893043.575572,shear_-X_out,9,-X,0.5,-0.35485,0.19452,-1.63786,-0.00159,-0.01071,0.00074,-0.3877,0.15768,-1.85388,-0.00265,-0.01031,-0.00032,-0.39321,-0.03508,-1.64028,3,37.7562,362.6652,35.6697,179.5326,0.5818,-102.3908,0.0075,23.3566,0.3912
858,000858.png,False,1788893044.611640,1788893044.551641,shear_-X_back,9,-X,0.0,-0.65373,0.20422,-1.55479,-0.00172,-0.01775,0.00064,-0.68652,0.16757,-1.77063,-0.00277,-0.01735,-0.00042,-0.65753,-0.17468,-1.55679,3,37.5916,362.5816,35.6756,179.532,0.5828,-102.3906,0.0013,23.3622,0.3856
859,000859.png,False,1788893044.807615,1788893044.747615,shear_-X_back,9,-X,0.0,-0.30655,0.08248,-1.50691,0.00117,-0.00931,0.00067,-0.33933,0.04586,-1.72271,0.00011,-0.00891,-0.00039,-0.29631,-0.10588,-1.5075,3,37.765,362.626,35.6763,179.5303,0.5874,-102.4013,0.0064,23.3625,0.3853
860,000860.png,False,1788893046.367607,1788893046.307607,shear_-Y_out,9,-Y,0.5,0.07028,0.06874,-1.80624,0.00147,-0.00039,0.00127,0.03759,0.0324,-2.02175,0.00041,-0.0,0.00019,0.03905,0.06571,-1.8073,3,37.9545,362.7187,35.661,179.5331,0.5833,-102.3928,0.0021,23.3474,0.4004
861,000861.png,False,1788893046.563699,1788893046.503699,shear_-Y_out,9,-Y,0.5,0.05127,-0.37144,-1.26101,0.01154,-0.00063,0.00141,0.01859,-0.40774,-1.47648,0.01048,-0.00024,0.00033,0.23873,-0.31627,-1.25448,3,38.0715,362.5055,35.6939,179.5333,0.5825,-102.3945,0.0079,23.376,0.3718
862,000862.png,False,1788893047.147774,1788893047.087774,shear_-Y_out,9,-Y,0.5,0.1011,-0.27685,-1.26762,0.00943,0.00072,0.00115,0.06846,-0.31305,-1.48298,0.00837,0.00111,7e-05,0.23468,-0.20956,-1.26283,3,38.0712,362.5636,35.7003,179.531,0.5886,-102.3948,0.0009,23.3833,0.3645
863,000863.png,False,1788893047.927768,1788893047.867768,shear_-Y_back,9,-Y,0.0,0.08252,-0.66531,-1.35324,0.0186,0.00025,0.00118,0.04991,-0.70138,-1.56846,0.01754,0.00063,0.0001,0.41326,-0.55665,-1.34166,3,38.1824,362.3496,35.6882,179.5332,0.5839,-102.3937,0.0013,23.367,0.3808
864,000864.png,False,1788893048.123688,1788893048.063689,shear_-Y_back,9,-Y,0.0,0.07067,-0.6949,-1.44501,0.01942,-5e-05,0.00149,0.03808,-0.73092,-1.66019,0.01835,0.00034,0.00041,0.41842,-0.58966,-1.43289,3,38.1848,362.3388,35.6868,179.5334,0.5838,-102.3937,0.0068,23.3654,0.3824
865,000865.png,False,1788893048.319789,1788893048.259789,shear_-Y_back,9,-Y,0.0,0.0844,-0.33378,-1.4337,0.0109,0.00019,0.00114,0.05182,-0.36977,-1.64884,0.00983,0.00058,6e-05,0.24981,-0.26987,-1.42786,3,38.0895,362.5249,35.6851,179.532,0.5893,-102.3943,0.0079,23.3674,0.3804
866,000866.png,False,1788893048.515836,1788893048.455836,shear_-Y_back,9,-Y,0.0,0.11394,-0.04396,-1.36158,0.00399,0.00105,0.00129,0.08137,-0.07991,-1.57669,0.00293,0.00144,0.00021,0.1301,-0.00295,-1.36084,3,38.0416,362.6148,35.6912,179.5281,0.6013,-102.3961,0.0023,23.3753,0.3725
867,000867.png,False,1788893050.075864,1788893050.015864,shear_+Y_out,9,+Y,0.5,0.12526,0.65008,-1.56632,-0.01223,0.00098,0.00075,0.09278,0.6144,-1.78114,-0.0133,0.00136,-0.00034,-0.20543,0.60051,-1.57761,3,37.8528,362.9655,35.6795,179.5295,0.5989,-102.4083,0.008,23.3705,0.3773
868,000868.png,False,1788893050.267793,1788893050.207793,shear_+Y_out,9,+Y,0.5,0.0475,0.51177,-1.81771,-0.00902,-0.00106,0.00072,0.01503,0.47613,-2.03249,-0.01009,-0.00069,-0.00037,-0.20195,0.43784,-1.8264,3,37.8535,362.897,35.6613,179.534,0.5876,-102.4076,0.0016,23.3512,0.3966
869,000869.png,False,1788893050.463804,1788893050.403805,shear_+Y_out,9,+Y,0.5,0.0697,0.55792,-1.73387,-0.01021,-0.00042,0.00084,0.03724,0.52232,-1.94862,-0.01128,-5e-05,-0.00025,-0.20636,0.49025,-1.74342,3,37.8465,362.9232,35.6674,179.5329,0.5902,-102.4072,0.007,23.3578,0.39
870,000870.png,False,1788893050.659945,1788893050.599945,shear_+Y_back,9,+Y,0.0,0.08778,0.60298,-1.69926,-0.01111,7e-05,0.00102,0.05533,0.56741,-1.91397,-0.01218,0.00044,-7e-05,-0.21345,0.53886,-1.70963,3,37.8447,362.9457,35.6726,179.5318,0.5928,-102.4076,0.0056,23.3633,0.3845
871,000871.png,False,1788893050.855941,1788893050.795941,shear_+Y_back,9,+Y,0.0,0.09253,0.61404,-1.68021,-0.01142,0.00014,0.00107,0.06009,0.5785,-1.89488,-0.01249,0.00051,-3e-05,-0.21499,0.55112,-1.69079,3,37.8415,362.9574,35.6752,179.5314,0.5938,-102.4074,0.0029,23.3661,0.3817
872,000872.png,False,1788893051.051966,1788893050.991966,shear_+Y_back,9,+Y,0.0,0.10008,0.31383,-1.32255,-0.00457,0.00059,0.00118,0.06766,0.27833,-1.53718,-0.00564,0.00096,8e-05,-0.06093,0.30062,-1.32799,3,37.9091,362.8439,35.7002,179.5309,0.595,-102.4102,0.0071,23.3889,0.3589
873,000873.png,False,1788893051.243948,1788893051.183949,shear_+Y_back,9,+Y,0.0,0.10665,0.3144,-1.34721,-0.00461,0.00065,0.00098,0.07423,0.27893,-1.5618,-0.00568,0.00102,-0.00012,-0.05536,0.304,-1.35267,3,37.9175,362.8353,35.6933,179.5301,0.5971,-102.4111,0.0016,23.3818,0.366
874,000874.png,False,1788893051.439998,1788893051.379998,shear_+Y_back,9,+Y,0.0,0.08652,0.27358,-1.42969,-0.00348,0.00028,0.00116,0.05412,0.23815,-1.64425,-0.00455,0.00065,7e-05,-0.05183,0.25727,-1.43439,3,37.9232,362.8067,35.6864,179.5302,0.5969,-102.4105,0.007,23.3743,0.3735
875,000875.png,False,1788893051.636030,1788893051.576030,shear_+Y_back,9,+Y,0.0,0.03003,0.1099,-1.85432,0.00063,-0.00126,0.00131,-0.00236,0.07451,-2.06884,-0.00045,-0.00089,0.00021,-0.01605,0.08048,-1.856,3,37.9346,362.7511,35.6621,179.5304,0.5965,-102.4052,0.0081,23.3491,0.3987
876,000876.png,False,1788893052.612029,1788893052.552029,shear_+Y_back,9,+Y,0.0,0.03612,0.03818,-1.35373,0.00196,-0.00091,0.00092,0.00378,0.00296,-1.56807,0.00089,-0.00055,-0.00018,0.0216,0.02942,-1.35426,4,37.9667,362.6559,35.7271,179.532,0.5944,-102.395,0.0051,23.4123,0.3355
877,000877.png,False,1788893056.316087,1788893056.256087,shear_+X_out,10,+X,0.5,0.04354,0.05004,-1.77208,0.00184,-0.00095,0.00115,0.01142,0.01549,-1.98573,0.00076,-0.0006,3e-05,0.025,0.03671,-1.77276,3,37.9565,362.6987,35.6649,179.5338,0.5911,-102.395,0.0028,23.3509,0.3969
878,000878.png,False,1788893056.512100,1788893056.452101,shear_+X_out,10,+X,0.5,0.25101,0.29516,-1.42893,-0.00406,0.00413,0.00112,0.2189,0.26064,-1.64254,-0.00515,0.00448,-0.0,0.07987,0.35817,-1.43433,3,37.9896,362.8648,35.6979,179.5276,0.6067,-102.3957,0.0089,23.3863,0.3614
879,000879.png,False,1788893056.708227,1788893056.648227,shear_+X_out,10,+X,0.5,0.4521,0.00863,-1.54054,0.00269,0.00894,0.00104,0.42,-0.02585,-1.75412,0.0016,0.00929,-8e-05,0.39799,0.2087,-1.54136,3,38.1506,362.8007,35.6813,179.5324,0.5952,-102.392,0.0035,23.3676,0.3802
880,000880.png,False,1788893056.904223,1788893056.844223,shear_+X_out,10,+X,0.5,0.44856,0.02278,-1.46707,0.0023,0.00872,0.00129,0.41648,-0.01167,-1.68061,0.00122,0.00907,0.00017,0.38734,0.22036,-1.46814,3,38.1495,362.8035,35.6895,179.533,0.5937,-102.392,0.0046,23.3758,0.3719
881,000881.png,False,1788893057.096199,1788893057.036199,shear_+X_out,10,+X,0.5,0.43342,0.00507,-1.36258,0.00277,0.00845,0.00119,0.40135,-0.02934,-1.57609,0.00168,0.00879,7e-05,0.38235,0.19913,-1.36333,3,38.1499,362.7989,35.697,179.5339,0.5915,-102.3917,0.006,23.3833,0.3645
882,000882.png,False,1788893057.488146,1788893057.428146,shear_+X_out,10,+X,0.5,0.71695,-0.09713,-1.59169,0.00523,0.01532,0.00148,0.68489,-0.13147,-1.80512,0.00414,0.01566,0.00036,0.68059,0.24862,-1.59119,3,38.3266,362.8449,35.6855,179.5366,0.5857,-102.3952,0.0057,23.3713,0.3765
883,000883.png,False,1788893057.880244,1788893057.820245,shear_+X_back,10,+X,0.0,0.70853,-0.02878,-1.47219,0.00339,0.01499,0.00141,0.6765,-0.06305,-1.68555,0.0023,0.01534,0.00028,0.63833,0.30552,-1.47289,3,38.3136,362.8689,35.6915,179.5352,0.5886,-102.3943,0.0032,23.3778,0.37
884,000884.png,False,1788893058.072217,1788893058.012217,shear_+X_back,10,+X,0.0,0.70459,-0.00497,-1.42784,0.0029,0.01496,0.00138,0.67257,-0.03921,-1.64117,0.00181,0.0153,0.00025,0.62271,0.32488,-1.42895,3,38.3097,362.8776,35.6949,179.5349,0.5899,-102.3937,0.0061,23.3813,0.3665
885,000885.png,False,1788893058.268277,1788893058.208277,shear_+X_back,10,+X,0.0,0.35404,0.15403,-0.91755,-0.00099,0.00679,0.00124,0.32203,0.11983,-1.13084,-0.00208,0.00713,0.00012,0.23608,0.29561,-0.92079,3,38.1105,362.8541,35.7371,179.5318,0.598,-102.3794,0.0016,23.4246,0.3232
886,000886.png,False,1788893058.464191,1788893058.404191,shear_+X_back,10,+X,0.0,0.16907,0.11116,-1.03795,8e-05,0.00248,0.00124,0.13707,0.07699,-1.25121,-0.00101,0.00282,0.00011,0.09811,0.16412,-1.04006,3,38.0231,362.7924,35.7249,179.5294,0.6031,-102.3792,0.0045,23.4119,0.3359
887,000887.png,False,1788893059.636349,1788893059.576349,shear_-X_out,10,-X,0.5,0.03458,0.09721,-1.92213,0.00089,-0.00117,0.00138,0.00265,0.06325,-2.13516,-0.0002,-0.00083,0.00024,-0.00529,0.07068,-1.92359,3,37.9629,362.7278,35.6555,179.5274,0.612,-102.3986,0.0085,23.3419,0.4059
888,000888.png,False,1788893059.828356,1788893059.768356,shear_-X_out,10,-X,0.5,0.02363,0.04116,-2.22381,0.00227,-0.00169,0.00132,-0.00829,0.00723,-2.43681,0.00117,-0.00135,0.00018,0.01532,0.01183,-2.22423,3,37.9684,362.7009,35.6302,179.5296,0.6089,-102.4001,0.0028,23.3162,0.4316
889,000889.png,False,1788893060.024354,1788893059.964355,shear_-X_out,10,-X,0.5,-0.55935,-0.06004,-2.75589,0.00524,-0.01596,0.00129,-0.59126,-0.09393,-2.96885,0.00415,-0.01563,0.00015,-0.43542,-0.37563,-2.75331,3,37.7533,362.5272,35.6,179.5323,0.6028,-102.3996,0.008,23.2847,0.4631
890,000890.png,False,1788893060.608418,1788893060.548418,shear_-X_back,10,-X,0.0,-0.47925,0.08681,-2.37825,0.00131,-0.01405,0.00106,-0.51112,0.05302,-2.59111,0.00022,-0.01371,-8e-05,-0.44201,-0.20238,-2.37844,3,37.7439,362.5883,35.6181,179.5301,0.6092,-102.3994,0.0079,23.3038,0.444
891,000891.png,False,1788893061.000401,1788893060.940402,shear_-X_back,10,-X,0.0,-0.12846,-0.03705,-2.17369,0.00418,-0.00547,0.00118,-0.16031,-0.07076,-2.38646,0.00309,-0.00514,3e-05,-0.0777,-0.13109,-2.17246,3,37.9213,362.652,35.6395,179.5299,0.6092,-102.4103,0.0091,23.325,0.4227
892,000892.png,False,1788893061.196405,1788893061.136405,shear_-X_back,10,-X,0.0,0.04604,0.03666,-2.07422,0.00234,-0.00096,0.00122,0.0142,0.00298,-2.28696,0.00125,-0.00063,8e-05,0.03594,0.02153,-2.07463,3,37.959,362.6753,35.6354,179.5287,0.6115,-102.4173,0.0017,23.3211,0.4267
893,000893.png,False,1788893062.364456,1788893062.304456,shear_-Y_out,10,-Y,0.5,0.04251,0.05616,-2.03385,0.00178,-0.00115,0.00136,0.01074,0.0227,-2.24637,0.00068,-0.00083,0.00021,0.02286,0.0373,-2.0346,2,37.9589,362.7026,35.6422,179.5283,0.6136,-102.4032,0.0112,23.3283,0.4195
894,000894.png,False,1788893062.560476,1788893062.500476,shear_-Y_out,10,-Y,0.5,0.05024,0.06932,-1.85926,0.00144,-0.00086,0.00146,0.01848,0.03589,-2.07175,0.00035,-0.00053,0.00031,0.02178,0.05536,-1.86028,3,37.9808,362.677,35.6544,179.529,0.612,-102.4055,0.0057,23.3399,0.4079
895,000895.png,False,1788893062.756490,1788893062.696491,shear_-Y_out,10,-Y,0.5,0.1424,-0.31296,-1.8557,0.01068,0.00154,0.00163,0.11065,-0.34636,-2.06815,0.00958,0.00186,0.00048,0.29258,-0.22962,-1.85028,3,38.0924,362.5705,35.6514,179.526,0.6192,-102.4062,0.0058,23.3344,0.4134
896,000896.png,False,1788893063.340513,1788893063.280514,shear_-Y_out,10,-Y,0.5,0.10709,-0.55801,-1.47747,0.01601,0.00081,0.00171,0.07537,-0.59131,-1.68981,0.01491,0.00113,0.00056,0.3818,-0.45344,-1.46779,3,38.1557,362.4347,35.6774,179.5242,0.6237,-102.4017,0.0044,23.3578,0.39
897,000897.png,False,1788893063.536510,1788893063.476511,shear_-Y_out,10,-Y,0.5,0.10496,-0.55381,-1.48654,0.01594,0.00072,0.00162,0.07326,-0.58706,-1.69885,0.01484,0.00104,0.00046,0.37792,-0.451,-1.47692,3,38.157,362.4325,35.6788,179.5244,0.624,-102.4019,0.0014,23.3591,0.3887
898,000898.png,False,1788893063.924537,1788893063.864537,shear_-Y_back,10,-Y,0.0,0.10951,-0.60739,-1.5633,0.01738,0.00092,0.00153,0.07783,-0.64058,-1.77553,0.01628,0.00124,0.00037,0.40916,-0.49637,-1.55275,3,38.1766,362.4099,35.6728,179.5255,0.6219,-102.4041,0.0042,23.3527,0.3951
899,000899.png,False,1788893064.120557,1788893064.060557,shear_-Y_back,10,-Y,0.0,0.14371,-0.43672,-2.28085,0.01389,0.00132,0.00161,0.11203,-0.46988,-2.49304,0.01278,0.00164,0.00045,0.35849,-0.34296,-2.27321,3,38.1466,362.4882,35.625,179.5273,0.6172,-102.4088,0.0043,23.3063,0.4415
900,000900.png,False,1788893064.316607,1788893064.256607,shear_-Y_back,10,-Y,0.0,0.21193,-0.14747,-2.16376,0.00687,0.00303,0.00145,0.18027,-0.18059,-2.37592,0.00576,0.00335,0.00029,0.27226,-0.05649,-2.1613,3,38.1118,362.5941,35.6299,179.5285,0.6144,-102.4203,0.0096,23.3132,0.4346
901,000901.png,False,1788893064.900594,1788893064.840594,shear_-Y_back,10,-Y,0.0,0.01073,0.14021,-1.54881,-0.00042,-0.0016,0.00124,-0.0209,0.10719,-1.76086,-0.00152,-0.00129,8e-05,-0.05002,0.10198,-1.55103,3,37.9565,362.7039,35.67,179.5297,0.618,-102.4247,0.01,23.3561,0.3917
902,000902.png,False,1788893065.488628,1788893065.428628,shear_-Y_back,10,-Y,0.0,0.03562,0.18841,-1.7489,-0.00144,-0.00113,0.00132,0.00403,0.1555,-1.96084,-0.00254,-0.00082,0.00016,-0.05115,0.15296,-1.75197,3,37.9369,362.7465,35.664,179.5308,0.619,-102.4184,0.0059,23.3509,0.3969
903,000903.png,False,1788893065.680664,1788893065.620664,shear_+Y_out,10,+Y,0.5,0.06908,0.02135,-1.34376,0.00243,-0.0,0.00139,0.0375,-0.01152,-1.55567,0.00132,0.00031,0.00023,0.05849,0.03149,-1.34407,3,37.9832,362.7116,35.6929,179.5299,0.6212,-102.4239,0.0029,23.379,0.3688
904,000904.png,False,1788893065.876554,1788893065.816554,shear_+Y_out,10,+Y,0.5,0.17492,0.57272,-1.60468,-0.01067,0.00223,0.00127,0.14335,0.53988,-1.81655,-0.01177,0.00254,0.00011,-0.1235,0.55771,-1.61472,3,37.8958,362.9539,35.681,179.5276,0.6261,-102.4282,0.0078,23.3715,0.3763
905,000905.png,False,1788893066.072562,1788893066.012563,shear_+Y_out,10,+Y,0.5,0.10181,0.41786,-1.70228,-0.00711,0.00035,0.00116,0.07025,0.38506,-1.91411,-0.00821,0.00066,-1e-05,-0.10878,0.3855,-1.70947,3,37.901,362.8796,35.6695,179.5318,0.6156,-102.4286,0.0067,23.3588,0.389
906,000906.png,False,1788893066.464657,1788893066.404657,shear_+Y_back,10,+Y,0.0,0.10296,0.53325,-1.54911,-0.00979,0.00048,0.00121,0.07142,0.50052,-1.76086,-0.01089,0.00079,4e-05,-0.1665,0.48846,-1.55832,3,37.8753,362.9267,35.6815,179.5301,0.6208,-102.4254,0.004,23.3718,0.376
907,000907.png,False,1788893066.656675,1788893066.596675,shear_+Y_back,10,+Y,0.0,0.08595,0.55195,-1.5374,-0.00998,0.00039,0.00118,0.05442,0.51925,-1.74912,-0.01109,0.00069,1e-05,-0.19066,0.49634,-1.5469,3,37.8617,362.9377,35.6852,179.5294,0.6219,-102.4243,0.005,23.3757,0.3721
908,000908.png,False,1788893066.852711,1788893066.792711,shear_+Y_back,10,+Y,0.0,0.04644,0.32366,-0.84019,-0.00503,-0.00037,0.00118,0.01493,0.291,-1.05188,-0.00614,-6e-05,1e-05,-0.11565,0.29006,-0.84577,3,37.8931,362.8179,35.7501,179.5282,0.6242,-102.421,0.0083,23.4385,0.3093
909,000909.png,False,1788893067.048695,1788893066.988695,shear_+Y_back,10,+Y,0.0,0.03234,0.25629,-0.78792,-0.00343,-0.0007,0.00122,0.00083,0.22366,-0.99957,-0.00454,-0.00039,5e-05,-0.09457,0.2255,-0.7923,3,37.8856,362.8489,35.7571,179.5244,0.6352,-102.4174,0.001,23.446,0.3018
910,000910.png,False,1788893067.244689,1788893067.184689,shear_+Y_back,10,+Y,0.0,0.03776,0.25998,-0.93517,-0.00354,-0.00059,0.00124,0.00626,0.22739,-1.14678,-0.00465,-0.00028,7e-05,-0.0907,0.22905,-0.93961,3,37.8928,362.8242,35.7425,179.524,0.6352,-102.4144,0.0053,23.4309,0.3169
911,000911.png,False,1788893067.632636,1788893067.572636,shear_+Y_back,10,+Y,0.0,0.09121,0.09106,-1.34394,0.00062,0.00041,0.00133,0.05974,0.05854,-1.55548,-0.00049,0.00071,0.00015,0.04283,0.10291,-1.3455,3,37.9606,362.7549,35.7023,179.5246,0.6343,-102.4109,0.0008,23.3892,0.3586
912,000912.png,False,1788893068.804796,1788893068.744796,shear_+Y_back,10,+Y,0.0,-0.00596,0.04554,-2.03446,0.00209,-0.00216,0.00133,-0.03736,0.01323,-2.24578,0.00098,-0.00186,0.00015,-0.01381,0.00388,-2.03493,3,37.9341,362.6916,35.6513,179.5287,0.624,-102.4115,0.0077,23.3373,0.4104
913,000913.png,False,1788893072.509011,1788893072.449011,shear_+X_out,11,+X,0.5,0.52454,0.22997,-1.33316,-0.00252,0.01079,0.00138,0.49334,0.19833,-1.5438,-0.00364,0.01107,0.00019,0.3487,0.43991,-1.338,3,38.147,362.9122,35.7035,179.5207,0.6449,-102.4144,0.0073,23.3916,0.3562
914,000914.png,False,1788893073.292907,1788893073.232908,shear_+X_back,11,+X,0.0,0.51473,0.11646,-1.86286,0.00018,0.0105,0.00175,0.48358,0.08496,-2.07335,-0.00094,0.01078,0.00055,0.4006,0.32822,-1.86563,3,38.1637,362.8636,35.6645,179.5259,0.6322,-102.4143,0.009,23.3517,0.396
915,000915.png,False,1788893073.485007,1788893073.425007,shear_+X_back,11,+X,0.0,0.35322,0.13192,-1.91696,-1e-05,0.0066,0.00151,0.32208,0.10045,-2.12741,-0.00113,0.00688,0.00031,0.25334,0.26004,-1.91966,3,38.0933,362.7924,35.6501,179.5295,0.623,-102.4121,0.0068,23.3367,0.4111
916,000916.png,False,1788893074.853234,1788893074.793234,shear_+X_back,11,+X,0.0,0.06029,0.12415,-1.66212,0.00019,-0.00034,0.00119,0.02923,0.09293,-1.87232,-0.00094,-7e-05,-2e-05,0.00171,0.11103,-1.66414,4,37.9645,362.7545,35.6727,179.5284,0.6328,-102.4291,0.0064,23.3596,0.3882
917,000917.png,False,1788893075.633025,1788893075.573025,shear_-X_out,11,-X,0.5,-0.39024,0.22652,-1.76666,-0.00231,-0.01141,0.00118,-0.42125,0.19544,-1.97671,-0.00344,-0.01114,-3e-05,-0.43896,-0.0271,-1.76954,3,37.7361,362.6676,35.6632,179.5277,0.6349,-102.4313,0.0065,23.3502,0.3976
918,000918.png,False,1788893076.609199,1788893076.549199,shear_-X_back,11,-X,0.0,-0.65817,0.21123,-1.74265,-0.00188,-0.01796,0.00083,-0.68913,0.18032,-1.95252,-0.00301,-0.01769,-0.00039,-0.66357,-0.17384,-1.74473,3,37.5887,362.5858,35.6651,179.5278,0.6354,-102.4324,0.0072,23.3518,0.396
919,000919.png,False,1788893076.801100,1788893076.741100,shear_-X_back,11,-X,0.0,-0.3554,0.12319,-1.7987,0.0003,-0.01052,0.00098,-0.38634,0.09231,-2.00853,-0.00083,-0.01025,-0.00024,-0.35693,-0.0997,-1.79985,3,37.7337,362.6247,35.6591,179.5267,0.638,-102.4394,0.0055,23.3455,0.4023
920,000920.png,False,1788893077.193101,1788893077.133101,shear_-X_back,11,-X,0.0,-0.09155,0.06976,-1.52764,0.00123,-0.00414,0.00101,-0.12248,0.03895,-1.7374,0.0001,-0.00387,-0.00021,-0.10357,-0.0098,-1.52844,3,37.8661,362.6723,35.6742,179.5245,0.6438,-102.434,0.0032,23.3604,0.3874
921,000921.png,False,1788893078.365241,1788893078.305241,shear_-Y_out,11,-Y,0.5,0.07674,0.08666,-1.60501,0.00084,-2e-05,0.001,0.04588,0.05606,-1.81455,-0.00029,0.00024,-0.00023,0.0343,0.08769,-1.60642,3,37.9522,362.7258,35.6716,179.5279,0.6366,-102.4348,0.0093,23.3581,0.3897
922,000922.png,False,1788893078.557240,1788893078.497241,shear_-Y_out,11,-Y,0.5,0.02921,-0.40542,-1.26637,0.01229,-0.00094,0.00127,-0.00164,-0.43598,-1.47587,0.01115,-0.00068,4e-05,0.23664,-0.35681,-1.25921,3,38.0654,362.4925,35.6969,179.5297,0.6327,-102.4331,0.0,23.3789,0.3689
923,000923.png,False,1788893079.145271,1788893079.085271,shear_-Y_out,11,-Y,0.5,0.08229,-0.26863,-1.13468,0.0091,0.00058,0.00106,0.05148,-0.29909,-1.34407,0.00796,0.00084,-0.00016,0.21336,-0.20971,-1.13001,3,38.0606,362.5583,35.7069,179.5272,0.6406,-102.4342,0.0049,23.3899,0.3579
924,000924.png,False,1788893079.337356,1788893079.277356,shear_-Y_out,11,-Y,0.5,0.07156,-0.73694,-1.41418,0.02028,4e-05,0.00147,0.04076,-0.76736,-1.62353,0.01914,0.0003,0.00024,0.43999,-0.62514,-1.40133,3,38.1744,362.3702,35.6955,179.5269,0.6417,-102.4335,0.0043,23.3748,0.373
925,000925.png,False,1788893081.877420,1788893081.817420,shear_+Y_out,11,+Y,0.5,0.06113,0.13694,-1.33834,-0.00037,-0.00027,0.00122,0.03047,0.10698,-1.54722,-0.00152,-2e-05,-2e-05,-0.00619,0.12771,-1.34063,3,37.9514,362.7321,35.695,179.5305,0.6421,-102.442,0.0087,23.3816,0.3662
926,000926.png,False,1788893082.069346,1788893082.009346,shear_+Y_out,11,+Y,0.5,0.12169,0.5802,-1.21289,-0.01099,0.00117,0.00088,0.09104,0.55027,-1.42174,-0.01213,0.00142,-0.00036,-0.17606,0.54387,-1.22301,3,37.8502,362.9613,35.7095,179.5273,0.6497,-102.4438,0.0008,23.4005,0.3473
927,000927.png,False,1788893082.265355,1788893082.205355,shear_+Y_out,11,+Y,0.5,0.03805,0.46722,-1.4297,-0.00822,-0.00099,0.00095,0.00742,0.43732,-1.63851,-0.00937,-0.00074,-0.00029,-0.19056,0.40076,-1.43766,3,37.8437,362.8997,35.6941,179.532,0.6384,-102.4429,0.0062,23.3841,0.3637
928,000928.png,False,1788893082.657416,1788893082.597416,shear_+Y_back,11,+Y,0.0,0.07305,0.54597,-1.36209,-0.00997,2e-05,0.00133,0.04244,0.51614,-1.57083,-0.01112,0.00026,9e-05,-0.20006,0.48753,-1.3715,3,37.8372,362.9434,35.7047,179.5302,0.6433,-102.4433,0.0032,23.3954,0.3524
929,000929.png,False,1788893082.849479,1788893082.789479,shear_+Y_back,11,+Y,0.0,0.0766,0.55279,-1.32608,-0.01019,0.00017,0.0011,0.046,0.523,-1.53478,-0.01133,0.00041,-0.00015,-0.20064,0.49579,-1.33562,3,37.8359,362.9504,35.7062,179.5298,0.6443,-102.4436,0.0057,23.3971,0.3507
930,000930.png,False,1788893083.045396,1788893082.985396,shear_+Y_back,11,+Y,0.0,0.08798,0.3201,-1.09661,-0.00483,0.00057,0.00114,0.05739,0.29034,-1.30528,-0.00598,0.00081,-0.00011,-0.07611,0.30362,-1.10217,3,37.9317,362.7804,35.7163,179.533,0.6367,-102.4524,0.0025,23.4038,0.344
931,000931.png,False,1788893083.241485,1788893083.181485,shear_+Y_back,11,+Y,0.0,0.10089,0.26891,-1.18063,-0.00354,0.00093,0.00118,0.07031,0.23919,-1.38926,-0.00469,0.00117,-7e-05,-0.03878,0.26439,-1.18531,3,37.9196,362.8334,35.714,179.5298,0.6448,-102.4516,0.0032,23.4024,0.3453
932,000932.png,False,1788893088.313781,1788893088.253781,shear_+X_out,12,+X,0.5,0.07772,0.11278,-1.78635,0.00034,-0.0,0.00127,0.04743,0.08397,-1.99403,-0.00081,0.00022,-1e-05,0.02336,0.10789,-1.78819,3,37.955,362.7301,35.6745,179.5317,0.6442,-102.4423,0.003,23.361,0.3867
933,000933.png,False,1788893089.289817,1788893089.229817,shear_+X_back,12,+X,0.0,0.51977,0.06386,-1.60943,0.00132,0.01082,0.00153,0.48954,0.03523,-1.81693,0.00016,0.01104,0.00025,0.42948,0.28924,-1.61134,3,38.1842,362.8461,35.6808,179.53,0.6496,-102.4447,0.0072,23.3676,0.3802
934,000934.png,False,1788893089.873831,1788893089.813831,shear_+X_back,12,+X,0.0,0.06658,0.03326,-1.89155,0.00214,-0.00037,0.00113,0.03638,0.00474,-2.09894,0.00098,-0.00015,-0.00014,0.05416,0.03177,-1.89197,3,37.9984,362.7211,35.6543,179.5352,0.637,-102.4424,0.004,23.3404,0.4074
935,000935.png,False,1788893091.241935,1788893091.181936,shear_-X_out,12,-X,0.5,-0.43029,0.1651,-1.27008,-0.00101,-0.01175,0.00096,-0.46042,0.13682,-1.47721,-0.00218,-0.01154,-0.00033,-0.44641,-0.09236,-1.27189,3,37.7226,362.6521,35.71,179.5366,0.6475,-102.4545,0.0093,23.3969,0.3509
936,000936.png,False,1788893091.433952,1788893091.373952,shear_-X_out,12,-X,0.5,-0.41466,0.14346,-1.26946,-0.00059,-0.01139,0.00098,-0.44477,0.11521,-1.47656,-0.00176,-0.01119,-0.00031,-0.42206,-0.10328,-1.27092,3,37.7232,362.6415,35.7094,179.5367,0.6471,-102.4545,0.0002,23.3961,0.3517
937,000937.png,False,1788893091.629808,1788893091.569808,shear_-X_out,12,-X,0.5,-0.73134,0.22738,-1.6643,-0.00216,-0.01917,0.00094,-0.76144,0.19917,-1.87136,-0.00332,-0.01896,-0.00035,-0.73557,-0.19516,-1.66652,3,37.5627,362.5816,35.6811,179.5369,0.6473,-102.4551,0.0053,23.368,0.3798
938,000938.png,False,1788893092.213842,1788893092.153842,shear_-X_back,12,-X,0.0,-0.68085,0.17904,-1.3303,-0.00124,-0.01769,0.001,-0.71092,0.15093,-1.53726,-0.0024,-0.01748,-0.00029,-0.66999,-0.20645,-1.33184,3,37.5665,362.5614,35.7023,179.5366,0.6481,-102.456,0.0074,23.3888,0.3589
939,000939.png,False,1788893092.409971,1788893092.349972,shear_-X_back,12,-X,0.0,-0.37453,0.0977,-1.13102,0.00029,-0.01035,0.00111,-0.40458,0.06963,-1.33794,-0.00088,-0.01015,-0.00018,-0.36539,-0.12064,-1.1318,3,37.7191,362.6263,35.7205,179.5357,0.6509,-102.4638,0.0061,23.407,0.3408
940,000940.png,False,1788893092.605992,1788893092.545992,shear_-X_back,12,-X,0.0,-0.16633,0.14551,-0.86695,-0.00089,-0.00515,0.00124,-0.19638,0.11747,-1.07383,-0.00206,-0.00495,-5e-05,-0.21077,0.02902,-0.86901,3,37.8123,362.6781,35.7395,179.5326,0.6586,-102.4608,0.0006,23.4261,0.3217
941,000941.png,False,1788893093.190010,1788893093.130010,shear_-X_back,12,-X,0.0,0.07986,0.1004,-1.53021,0.0004,0.00024,0.00133,0.04985,0.07246,-1.73698,-0.00077,0.00044,3e-05,0.02963,0.10234,-1.53187,3,37.9439,362.7082,35.683,179.5342,0.6549,-102.4571,0.0008,23.3692,0.3785
942,000942.png,False,1788893094.166029,1788893094.106030,shear_-Y_out,12,-Y,0.5,0.02853,-0.34183,-0.87914,0.01056,-0.00047,0.0013,-0.00143,-0.36959,-1.08573,0.00939,-0.00027,0.0,0.20159,-0.29588,-0.87314,3,38.0629,362.5009,35.7362,179.5386,0.645,-102.4562,0.008,23.4183,0.3295
943,000943.png,False,1788893094.750046,1788893094.690046,shear_-Y_out,12,-Y,0.5,0.0753,-0.26362,-0.93084,0.00876,0.00062,0.00167,0.04538,-0.29127,-1.13732,0.00758,0.00082,0.00037,0.20339,-0.2056,-0.92627,3,38.0633,362.5504,35.7413,179.5363,0.6511,-102.4571,0.0049,23.4242,0.3236
944,000944.png,False,1788893094.946060,1788893094.886060,shear_-Y_out,12,-Y,0.5,0.02273,-0.74987,-1.18072,0.02018,-0.00081,0.00167,-0.00718,-0.77749,-1.38716,0.01901,-0.00062,0.00036,0.40253,-0.657,-1.16758,3,38.188,362.2886,35.7142,179.5406,0.64,-102.4579,0.0067,23.392,0.3558
945,000945.png,False,1788893096.702061,1788893096.642061,shear_-Y_back,12,-Y,0.0,0.07179,-0.03756,-1.48489,0.00382,0.00023,0.0013,0.04199,-0.06486,-1.691,0.00264,0.00041,-1e-05,0.09125,-0.02044,-1.48415,3,38.0114,362.6492,35.6919,179.5348,0.657,-102.4639,0.009,23.3767,0.3711
946,000946.png,False,1788893097.678199,1788893097.618199,shear_+Y_out,12,+Y,0.5,0.05414,0.56629,-1.11507,-0.01064,-0.00014,0.00086,0.02439,0.53916,-1.321,-0.01182,4e-05,-0.00045,-0.2283,0.49964,-1.12483,3,37.8234,362.9517,35.7259,179.5364,0.6597,-102.4641,0.008,23.4169,0.3309
947,000947.png,False,1788893098.262142,1788893098.202142,shear_+Y_back,12,+Y,0.0,0.02697,0.51917,-1.24585,-0.00939,-0.00078,0.00096,-0.00275,0.49215,-1.45168,-0.01057,-0.0006,-0.00035,-0.22739,0.44316,-1.25472,3,37.8198,362.9288,35.716,179.5393,0.6534,-102.4643,0.0077,23.4067,0.3411
948,000948.png,False,1788893098.458141,1788893098.398141,shear_+Y_back,12,+Y,0.0,0.03283,0.52994,-1.19491,-0.00993,-0.00077,0.00088,0.00312,0.50296,-1.4007,-0.01111,-0.00059,-0.00044,-0.22805,0.45623,-1.20399,3,37.8193,362.9352,35.7177,179.5393,0.6532,-102.4645,0.0001,23.4085,0.3393
949,000949.png,False,1788893098.654250,1788893098.594250,shear_+Y_back,12,+Y,0.0,0.12177,0.25141,-1.14492,-0.00336,0.00143,0.00108,0.09208,0.22446,-1.35067,-0.00455,0.00161,-0.00024,-0.01219,0.26024,-1.14935,3,37.9339,362.8281,35.7205,179.5417,0.6471,-102.4804,0.0084,23.4087,0.3391
950,000950.png,False,1788893098.850270,1788893098.790270,shear_+Y_back,12,+Y,0.0,0.12107,0.13629,-1.24583,-0.00059,0.00136,0.00099,0.09139,0.10937,-1.45154,-0.00178,0.00153,-0.00033,0.04542,0.15858,-1.24824,4,37.9561,362.8127,35.7136,179.5397,0.6519,-102.4823,0.0025,23.4014,0.3464
951,000951.png,False,1788893100.410316,1788893100.350317,shear_+Y_back,12,+Y,0.0,0.04701,0.01528,-1.10648,0.00218,-0.00027,0.0011,0.01741,-0.01135,-1.31191,0.001,-0.0001,-0.00023,0.04075,0.019,-1.10668,3,37.9664,362.7009,35.7181,179.5394,0.6535,-102.4691,0.0087,23.4041,0.3437
952,000952.png,False,1788893103.922411,1788893103.862411,shear_+X_out,13,+X,0.5,0.06684,0.15996,-1.88251,-0.00059,-4e-05,0.0011,0.03744,0.13395,-2.08728,-0.00178,0.00012,-0.00025,-0.00897,0.14177,-1.88513,3,37.9433,362.7407,35.6572,179.5395,0.6554,-102.4654,0.0075,23.344,0.4038
953,000953.png,False,1788893104.310432,1788893104.250432,shear_+X_out,13,+X,0.5,0.43684,0.06595,-1.62258,0.00128,0.00889,0.00121,0.40747,0.04001,-1.82727,9e-05,0.00905,-0.00014,0.3567,0.2494,-1.62435,3,38.1291,362.8244,35.6779,179.5385,0.6575,-102.4608,0.0076,23.3647,0.383
954,000954.png,False,1788893104.702552,1788893104.642552,shear_+X_out,13,+X,0.5,0.41863,0.0627,-1.41496,0.00133,0.0086,0.00117,0.38928,0.03683,-1.61958,0.00013,0.00875,-0.00018,0.34111,0.24081,-1.41667,3,38.13,362.8204,35.693,179.5397,0.6547,-102.461,0.0033,23.3797,0.3681
955,000955.png,False,1788893104.898558,1788893104.838558,shear_+X_out,13,+X,0.5,0.79696,0.1037,-1.40792,0.00022,0.01739,0.00161,0.76762,0.07787,-1.61251,-0.00098,0.01754,0.00025,0.64829,0.46547,-1.4111,3,38.3041,362.9372,35.701,179.5396,0.6552,-102.4652,0.0094,23.3884,0.3593
956,000956.png,False,1788893105.286592,1788893105.226593,shear_+X_out,13,+X,0.5,0.69995,-0.0042,-1.58635,0.0029,0.01515,0.00162,0.67063,-0.02996,-1.79087,0.0017,0.0153,0.00027,0.6194,0.3207,-1.58744,3,38.2984,362.8758,35.6848,179.5416,0.6511,-102.4634,0.0036,23.3713,0.3765
957,000957.png,False,1788893105.482491,1788893105.422491,shear_+X_back,13,+X,0.0,0.68999,0.02917,-1.54676,0.00218,0.01505,0.00162,0.66069,0.00345,-1.75124,0.00099,0.0152,0.00027,0.59383,0.34525,-1.54841,3,38.2901,362.8894,35.6886,179.5412,0.6525,-102.4625,0.0087,23.3754,0.3724
958,000958.png,False,1788893105.678572,1788893105.618572,shear_+X_back,13,+X,0.0,0.68412,0.05038,-1.51967,0.00153,0.01492,0.00163,0.65483,0.02469,-1.72411,0.00034,0.01507,0.00028,0.57796,0.36113,-1.52168,3,38.2848,362.8956,35.6898,179.5409,0.6533,-102.4619,0.0061,23.3767,0.3711
959,000959.png,False,1788893105.870634,1788893105.810634,shear_+X_back,13,+X,0.0,0.32726,0.21905,-1.09804,-0.00242,0.0066,0.00152,0.29798,0.1934,-1.30244,-0.00362,0.00675,0.00016,0.18165,0.33564,-1.10232,3,38.0866,362.8809,35.7246,179.5388,0.6604,-102.4502,0.0099,23.4126,0.3351
960,000960.png,False,1788893106.066628,1788893106.006628,shear_+X_back,13,+X,0.0,0.18507,0.18856,-1.20516,-0.00175,0.00311,0.00149,0.1558,0.16294,-1.40953,-0.00295,0.00326,0.00013,0.07446,0.23648,-1.20861,3,38.017,362.7797,35.7057,179.5417,0.6592,-102.4467,0.0026,23.3926,0.3552
961,000961.png,False,1788893106.262638,1788893106.202638,shear_+X_back,13,+X,0.0,0.16633,0.19941,-1.51057,-0.00181,0.00266,0.00158,0.13707,0.17383,-1.7149,-0.00301,0.00281,0.00022,0.05492,0.23162,-1.51413,3,38.0062,362.8201,35.6918,179.5397,0.6662,-102.4509,0.0025,23.3794,0.3684
962,000962.png,False,1788893107.238644,1788893107.178644,shear_+X_back,13,+X,0.0,0.01769,0.12775,-1.9775,5e-05,-0.00131,0.00108,-0.01151,0.10234,-2.18165,-0.00115,-0.00117,-0.00028,-0.0348,0.08781,-1.97945,3,37.952,362.7464,35.65,179.5399,0.6671,-102.4618,0.0039,23.3368,0.411
963,000963.png,False,1788893107.626684,1788893107.566684,shear_-X_out,13,-X,0.5,-0.48026,-0.04872,-2.08693,0.00449,-0.0132,0.00123,-0.50944,-0.07406,-2.29101,0.00328,-0.01305,-0.00014,-0.3772,-0.31559,-2.08481,3,37.7757,362.5533,35.6414,179.5425,0.6613,-102.4624,0.0018,23.3263,0.4215
964,000964.png,False,1788893108.406765,1788893108.346765,shear_-X_back,13,-X,0.0,-0.4698,0.05398,-2.06058,0.00198,-0.01309,0.00105,-0.49894,0.02878,-2.26451,0.00078,-0.01295,-0.00032,-0.41964,-0.221,-2.06026,3,37.7468,362.584,35.6422,179.5413,0.6652,-102.4644,0.0083,23.3278,0.42
965,000965.png,False,1788893108.798650,1788893108.738650,shear_-X_back,13,-X,0.0,-0.07257,-0.06292,-2.76265,0.00507,-0.00401,0.00125,-0.10169,-0.08805,-2.96652,0.00387,-0.00387,-0.00011,-0.01227,-0.13501,-2.761,3,37.9228,362.6223,35.5943,179.5479,0.6494,-102.4765,0.0068,23.2793,0.4685
966,000966.png,False,1788893108.994661,1788893108.934661,shear_-X_back,13,-X,0.0,-0.0585,-0.05126,-2.49456,0.00469,-0.00345,0.00132,-0.08761,-0.07636,-2.69838,0.00349,-0.00332,-5e-05,-0.00777,-0.11359,-2.49317,3,37.9338,362.6495,35.6151,179.5493,0.6467,-102.4767,0.0038,23.3004,0.4473
967,000967.png,False,1788893109.190742,1788893109.130742,shear_-X_back,13,-X,0.0,0.03966,0.07597,-2.00231,0.00145,-0.0007,0.00134,0.01057,0.05091,-2.20609,0.00024,-0.00056,-4e-05,0.01028,0.05354,-2.0034,4,37.9511,362.7201,35.6468,179.5481,0.6493,-102.4749,0.0017,23.3332,0.4146
968,000968.png,False,1788893110.162826,1788893110.102826,shear_-Y_out,13,-Y,0.5,0.03672,0.14797,-1.6154,-0.0006,-0.00068,0.00095,0.00769,0.12308,-1.81901,-0.00181,-0.00055,-0.00042,-0.03092,0.12062,-1.61779,3,37.9426,362.7374,35.675,179.5451,0.657,-102.4734,0.0097,23.3618,0.386
969,000969.png,False,1788893110.358824,1788893110.298824,shear_-Y_out,13,-Y,0.5,0.09012,-0.26534,-1.55107,0.0093,0.00081,0.00127,0.0611,-0.29019,-1.75464,0.00809,0.00094,-0.00011,0.22139,-0.20961,-1.54641,3,38.0598,362.5881,35.6776,179.544,0.6601,-102.4737,0.0028,23.3611,0.3867
970,000970.png,False,1788893110.554846,1788893110.494846,shear_-Y_out,13,-Y,0.5,0.08638,-0.2433,-1.50806,0.00861,0.00068,0.00134,0.05737,-0.26811,-1.71159,0.0074,0.00081,-4e-05,0.20684,-0.19171,-1.50379,3,38.0577,362.5932,35.6807,179.5437,0.6602,-102.4743,0.0082,23.3643,0.3835
971,000971.png,False,1788893110.750748,1788893110.690748,shear_-Y_out,13,-Y,0.5,0.06776,-0.28465,-1.44191,0.00956,0.00029,0.00134,0.03875,-0.30943,-1.64541,0.00835,0.00042,-3e-05,0.2109,-0.23577,-1.43689,3,38.0622,362.572,35.6831,179.5447,0.6583,-102.4745,0.005,23.3663,0.3814
972,000972.png,False,1788893110.946829,1788893110.886829,shear_-Y_out,13,-Y,0.5,0.06964,-0.66581,-1.38044,0.01879,0.00049,0.0013,0.04065,-0.69056,-1.5839,0.01758,0.00062,-8e-05,0.40255,-0.56396,-1.36882,3,38.1649,362.4091,35.6956,179.5435,0.6618,-102.4735,0.0001,23.3755,0.3723
973,000973.png,False,1788893111.530813,1788893111.470814,shear_-Y_back,13,-Y,0.0,0.06401,-0.62596,-1.39386,0.01758,0.00023,0.0013,0.03505,-0.6506,-1.59721,0.01637,0.00036,-8e-05,0.37785,-0.53247,-1.38292,4,38.1688,362.3912,35.6859,179.5445,0.6594,-102.4737,0.0195,23.3655,0.3823
974,000974.png,False,1788893111.918815,1788893111.858815,shear_-Y_back,13,-Y,0.0,0.07601,-0.00627,-1.76762,0.00338,0.00037,0.0012,0.04708,-0.03084,-1.9709,0.00217,0.0005,-0.00018,0.08123,0.00424,-1.76739,3,38.0278,362.6184,35.6596,179.5438,0.6622,-102.472,0.0064,23.3438,0.404
975,000975.png,False,1788893112.698936,1788893112.638936,shear_-Y_back,13,-Y,0.0,0.0662,0.21607,-1.6349,-0.00212,-0.0,0.00111,0.03731,0.19164,-1.83803,-0.00333,0.00012,-0.00028,-0.03927,0.19402,-1.63853,3,37.9352,362.7846,35.6743,179.5476,0.6618,-102.4811,0.0086,23.3618,0.386
976,000976.png,False,1788893112.894948,1788893112.834948,shear_-Y_back,13,-Y,0.0,0.00365,0.22543,-1.64462,-0.00223,-0.00128,0.00105,-0.02523,0.20103,-1.84772,-0.00344,-0.00115,-0.00033,-0.09806,0.17072,-1.64829,3,37.9215,362.7643,35.6764,179.5517,0.6555,-102.4798,0.0048,23.3637,0.3841
977,000977.png,False,1788893113.482960,1788893113.422960,shear_+Y_out,13,+Y,0.5,0.11663,0.59882,-1.05032,-0.01146,0.00156,0.00117,0.08778,0.57454,-1.2533,-0.01267,0.00168,-0.00022,-0.19088,0.56008,-1.06077,3,37.8554,362.9745,35.7302,179.5473,0.6661,-102.4855,0.007,23.4214,0.3264
978,000978.png,False,1788893113.871005,1788893113.811005,shear_+Y_out,13,+Y,0.5,0.04569,0.40547,-1.12667,-0.00687,-0.00013,0.00113,0.01687,0.38125,-1.32958,-0.00809,-2e-05,-0.00026,-0.15519,0.35595,-1.13362,3,37.8704,362.8876,35.7217,179.5525,0.6539,-102.4848,0.008,23.4114,0.3364
979,000979.png,False,1788893114.067009,1788893114.007009,shear_+Y_out,13,+Y,0.5,0.10578,0.79396,-1.02724,-0.01592,0.00131,0.00103,0.07697,0.76978,-1.23012,-0.01714,0.00143,-0.00036,-0.29793,0.72403,-1.04107,3,37.7831,363.1001,35.7406,179.549,0.6623,-102.4844,0.0007,23.4342,0.3136
980,000980.png,False,1788893114.262922,1788893114.202922,shear_+Y_out,13,+Y,0.5,0.00212,0.62764,-1.31598,-0.01188,-0.00112,0.00112,-0.02668,0.60349,-1.51882,-0.0131,-0.00101,-0.00028,-0.30262,0.52356,-1.32667,3,37.7774,363.0053,35.7128,179.5551,0.6472,-102.4832,0.0061,23.4049,0.3429
981,000981.png,False,1788893114.454936,1788893114.394936,shear_+Y_out,13,+Y,0.5,0.01692,0.65092,-1.27505,-0.01249,-0.00083,0.00104,-0.01187,0.62681,-1.47785,-0.01371,-0.00072,-0.00035,-0.30172,0.55178,-1.28618,3,37.7758,363.021,35.7164,179.5546,0.6491,-102.483,0.0044,23.4088,0.339
982,000982.png,False,1788893114.650943,1788893114.590943,shear_+Y_back,13,+Y,0.0,0.03212,0.67166,-1.21818,-0.01329,-0.00071,0.00098,0.00334,0.64758,-1.42095,-0.0145,-0.0006,-0.00042,-0.29931,0.57824,-1.22971,3,37.7721,363.0375,35.7201,179.5537,0.6506,-102.4834,0.0009,23.4128,0.335
983,000983.png,False,1788893114.847037,1788893114.787037,shear_+Y_back,13,+Y,0.0,0.04308,0.70053,-1.19957,-0.01375,-0.00014,0.00115,0.01431,0.67649,-1.40231,-0.01497,-3e-05,-0.00024,-0.30437,0.60902,-1.21163,3,37.7699,363.0534,35.725,179.553,0.6527,-102.4835,0.0086,23.418,0.3298
984,000984.png,False,1788893115.042961,1788893114.982961,shear_+Y_back,13,+Y,0.0,0.11329,0.39507,-0.66157,-0.00678,0.0016,0.00116,0.08453,0.37106,-0.86426,-0.008,0.00172,-0.00024,-0.09467,0.38817,-0.66854,3,37.9122,362.8653,35.7751,179.5511,0.6575,-102.4974,0.0017,23.464,0.2838
985,000985.png,False,1788893115.239112,1788893115.179112,shear_+Y_back,13,+Y,0.0,0.10982,0.20993,-0.77987,-0.00257,0.00151,0.00109,0.08107,0.18595,-0.98253,-0.0038,0.00162,-0.00031,-0.00435,0.22419,-0.78361,3,37.9362,362.8629,35.7593,179.548,0.6654,-102.5005,0.009,23.448,0.2997
986,000986.png,False,1788893115.431043,1788893115.371043,shear_+Y_back,13,+Y,0.0,0.10563,0.22341,-0.85919,-0.00278,0.00136,0.00121,0.0769,0.19947,-1.06182,-0.004,0.00147,-0.00019,-0.01417,0.23251,-0.86315,3,37.9351,362.8475,35.7494,179.5468,0.6678,-102.4994,0.0008,23.438,0.3098
987,000987.png,False,1788893116.603162,1788893116.543162,shear_+Y_back,13,+Y,0.0,0.03714,0.03095,-1.32554,0.00201,-0.00037,0.00132,0.00847,0.00722,-1.52795,0.00079,-0.00026,-9e-05,0.0259,0.02413,-1.32595,3,37.9634,362.7178,35.7042,179.5483,0.6663,-102.49,0.0081,23.3904,0.3574
988,000988.png,False,1788893120.311219,1788893120.251220,shear_+X_out,14,+X,0.5,0.0528,0.02086,-1.70403,0.00231,-0.00031,0.0012,0.02435,-0.0022,-1.90574,0.00108,-0.00022,-0.00022,0.04713,0.01715,-1.70423,3,37.9689,362.702,35.67,179.5507,0.6614,-102.4937,0.0043,23.356,0.3918
989,000989.png,False,1788893121.283359,1788893121.223359,shear_+X_back,14,+X,0.0,0.48784,0.03622,-1.4729,0.00176,0.01027,0.00161,0.45944,0.01333,-1.67443,0.00052,0.01036,0.00018,0.41469,0.25153,-1.47428,3,38.178,362.8351,35.6909,179.5495,0.6646,-102.4931,0.0035,23.3776,0.3702
990,000990.png,False,1788893121.675364,1788893121.615365,shear_+X_back,14,+X,0.0,0.07571,-0.02153,-1.93767,0.00338,0.00016,0.00125,0.04734,-0.04435,-2.13913,0.00215,0.00025,-0.00018,0.08977,-0.01186,-1.93716,3,38.0188,362.7203,35.6606,179.5555,0.6512,-102.4847,0.0059,23.3465,0.4013
991,000991.png,False,1788893122.067406,1788893122.007406,shear_+X_back,14,+X,0.0,0.06065,0.10396,-1.77541,0.00035,-0.00016,0.00132,0.03229,0.08121,-1.9768,-0.00089,-7e-05,-0.00011,0.0129,0.0919,-1.77707,3,37.978,362.7452,35.6657,179.5543,0.6542,-102.493,0.0055,23.3523,0.3954
992,000992.png,False,1788893123.039443,1788893122.979443,shear_-X_out,14,-X,0.5,-0.18566,-0.00573,-1.91974,0.00314,-0.00613,0.00136,-0.21396,-0.0283,-2.12094,0.0019,-0.00605,-8e-05,-0.14465,-0.12849,-1.91897,3,37.8685,362.5776,35.6416,179.5572,0.6473,-102.4993,0.0041,23.3263,0.4215
993,000993.png,False,1788893123.819492,1788893123.759492,shear_-X_back,14,-X,0.0,-0.48905,0.11125,-1.87692,0.00018,-0.01353,0.00133,-0.5173,0.08881,-2.07798,-0.00106,-0.01345,-0.00011,-0.46619,-0.17808,-1.87758,3,37.718,362.5992,35.6567,179.5522,0.6597,-102.5076,0.0099,23.3428,0.405
994,000994.png,False,1788893125.575562,1788893125.515562,shear_-Y_out,14,-Y,0.5,0.10382,0.00791,-1.31407,0.00235,0.00106,0.00131,0.07567,-0.01421,-1.5148,0.00111,0.00113,-0.00014,0.09509,0.03767,-1.31421,3,37.9985,362.7061,35.6988,179.5501,0.6663,-102.5131,0.0015,23.3846,0.3632
995,000995.png,False,1788893125.771558,1788893125.711558,shear_-Y_out,14,-Y,0.5,0.13615,-0.47584,-1.49194,0.01382,0.00189,0.00151,0.10801,-0.49792,-1.69264,0.01257,0.00196,6e-05,0.36602,-0.36798,-1.48374,3,38.1298,362.5344,35.6857,179.5489,0.6691,-102.5164,0.004,23.3679,0.3799
996,000996.png,False,1788893125.967621,1788893125.907621,shear_-Y_out,14,-Y,0.5,0.15157,-0.37386,-1.38065,0.01137,0.00228,0.0014,0.12344,-0.39591,-1.58131,0.01012,0.00234,-5e-05,0.32766,-0.27017,-1.37426,3,38.1253,362.5452,35.6908,179.5488,0.6688,-102.5168,0.0059,23.3732,0.3746
997,000997.png,False,1788893126.163545,1788893126.103545,shear_-Y_out,14,-Y,0.5,0.15669,-0.33916,-1.27944,0.01039,0.00235,0.00151,0.12857,-0.36117,-1.48006,0.00914,0.00241,6e-05,0.31405,-0.23594,-1.27368,3,38.1222,362.5589,35.6996,179.549,0.6689,-102.5166,0.0004,23.3823,0.3655
998,000998.png,False,1788893126.359631,1788893126.299631,shear_-Y_out,14,-Y,0.5,0.01201,-0.76542,-1.269,0.02052,-0.00099,0.00165,-0.0161,-0.78739,-1.46958,0.01927,-0.00093,0.0002,0.40162,-0.67723,-1.25556,3,38.1831,362.3163,35.6996,179.5535,0.6586,-102.5083,0.0092,23.3779,0.3698
999,000999.png,False,1788893126.551630,1788893126.491630,shear_-Y_out,14,-Y,0.5,0.10982,-0.54154,-1.03576,0.01512,0.00151,0.00149,0.08172,-0.56348,-1.23631,0.01387,0.00157,3e-05,0.37287,-0.43073,-1.02643,3,38.1712,362.4257,35.7228,179.5474,0.6725,-102.5094,0.0007,23.4029,0.3449
1000,001000.png,False,1788893127.139555,1788893127.079555,shear_-Y_back,14,-Y,0.0,0.15851,-0.65287,-1.21439,0.01788,0.00257,0.00164,0.13044,-0.6747,-1.41483,0.01663,0.00263,0.00018,0.47191,-0.50568,-1.2032,3,38.2276,362.3863,35.7085,179.5485,0.6704,-102.5173,0.0045,23.3876,0.3601
