index,file,missing,t_img,t_exposure_start,segment,cycle,axis,target_N,Fx_s,Fy_s,Fz_s,Tx_s,Ty_s,Tz_s,Fx_s_corr,Fy_s_corr,Fz_s_corr,Tx_s_corr,Ty_s_corr,Tz_s_corr,Fx_base,Fy_base,Fz_base,ft_chunks,tcp_x,tcp_y,tcp_z,rx,ry,rz,pose_gap_s,height_above_plane_mm,depth_mm
1,000001.png,False,1788872823.044389,1788872822.984389,normal_load,1,,2.0,-0.00406,0.00163,-0.01508,8e-05,4e-05,-4e-05,-0.00409,0.00134,-0.01478,5e-05,5e-05,-5e-05,-0.00422,-0.00086,-0.0151,3,37.9022,362.8592,36.9042,179.2644,0.3625,-95.2676,0.001,24.593,-0.0215
2,000002.png,False,1788872823.236396,1788872823.176396,normal_load,1,,2.0,-0.0104,-0.01883,-0.02062,0.00051,-0.00012,0.0,-0.01043,-0.01913,-0.02031,0.00048,-0.00011,-0.0,0.00055,-0.02184,-0.02027,3,37.9126,362.8068,36.8984,179.266,0.3564,-95.2678,0.0085,24.5862,-0.0147
3,000003.png,False,1788872823.628391,1788872823.568391,normal_load,1,,2.0,-0.01063,-0.02676,-0.04677,0.00073,-7e-05,0.00011,-0.01066,-0.02707,-0.04644,0.0007,-6e-05,0.0001,0.00448,-0.02923,-0.04628,3,37.9212,362.7871,36.8844,179.266,0.3557,-95.2687,0.0072,24.5718,-0.0003
4,000004.png,False,1788872824.016391,1788872823.956391,normal_load,1,,2.0,-0.00561,-0.02767,-0.07816,0.00082,-5e-05,0.00013,-0.00564,-0.028,-0.0778,0.00078,-5e-05,0.00013,0.00951,-0.02801,-0.07765,3,37.9289,362.7842,36.8633,179.2652,0.3595,-95.2698,0.0024,24.5507,0.0208
5,000005.png,False,1788872824.408422,1788872824.348422,normal_load,1,,2.0,-0.00817,-0.03237,-0.27788,0.0009,-0.0002,0.00021,-0.00821,-0.03273,-0.2775,0.00086,-0.0002,0.00021,0.01102,-0.03657,-0.27726,3,37.9318,362.7712,36.7566,179.2662,0.3542,-95.27,0.0073,24.4438,0.1277
6,000006.png,False,1788872824.800436,1788872824.740436,normal_load,1,,2.0,-0.00439,-0.01874,-0.49527,0.00066,-0.00022,8e-05,-0.00443,-0.01913,-0.49487,0.00063,-0.00022,8e-05,0.009,-0.02636,-0.49486,4,37.9312,362.7752,36.6958,179.2661,0.3555,-95.27,0.0078,24.3831,0.1884
7,000007.png,False,1788872824.992409,1788872824.932409,normal_load,1,,2.0,0.00315,0.00506,-0.79348,7e-05,-0.00019,0.00014,0.00311,0.00467,-0.79306,3e-05,-0.00018,0.00013,0.0057,-0.00675,-0.79345,3,37.9284,362.7896,36.6409,179.2648,0.3594,-95.27,0.0017,24.3284,0.2431
8,000008.png,False,1788872825.188392,1788872825.128392,normal_load,1,,2.0,0.00556,0.00167,-0.79372,0.00025,-0.0001,0.00016,0.00552,0.00127,-0.7933,0.00021,-9e-05,0.00015,0.00948,-0.00849,-0.79364,3,37.93,362.7908,36.6341,179.2651,0.3588,-95.2705,0.0066,24.3216,0.2499
9,000009.png,False,1788872825.580398,1788872825.520398,normal_load,1,,2.0,0.01998,0.03068,-1.13502,-0.00034,3e-05,0.00012,0.01994,0.03026,-1.13457,-0.00038,4e-05,0.00011,0.00984,0.01838,-1.13542,4,37.9309,362.8058,36.5778,179.2633,0.3647,-95.2709,0.0041,24.2656,0.3059
10,000010.png,False,1788872825.772381,1788872825.712381,normal_load,1,,2.0,0.02275,0.03922,-1.21461,-0.00061,5e-05,0.00031,0.0227,0.03878,-1.21415,-0.00065,5e-05,0.0003,0.00853,0.02588,-1.21515,3,37.9311,362.8071,36.5693,179.2632,0.3658,-95.2709,0.0051,24.2571,0.3144
11,000011.png,False,1788872826.164400,1788872826.104400,normal_load,1,,2.0,0.02976,0.04294,-1.62738,-0.00043,0.0,0.00017,0.02972,0.04248,-1.6269,-0.00048,1e-05,0.00017,0.01561,0.02599,-1.62794,3,37.9341,362.8117,36.5147,179.2632,0.3651,-95.2716,0.0026,24.2025,0.369
12,000012.png,False,1788872826.748321,1788872826.688321,normal_load,1,,2.0,0.03868,0.05533,-1.89135,-0.00073,9e-05,0.00026,0.03863,0.05483,-1.89083,-0.00078,0.0001,0.00025,0.01897,0.03695,-1.89209,3,37.9362,362.8092,36.478,179.2633,0.3656,-95.2718,0.001,24.1658,0.4057
13,000013.png,False,1788872827.920413,1788872827.860413,normal_unload,1,,0.0,0.04389,0.0564,-2.04427,-0.0008,-1e-05,0.00051,0.04383,0.05584,-2.04368,-0.00086,0.0,0.0005,0.02401,0.03803,-2.04502,3,37.9376,362.8137,36.453,179.2628,0.3666,-95.2722,0.0002,24.1408,0.4307
14,000014.png,False,1788872828.116404,1788872828.056404,normal_unload,1,,0.0,0.03409,0.03957,-1.93496,-0.00043,-0.00013,0.00026,0.03403,0.039,-1.93436,-0.00049,-0.00012,0.00025,0.02317,0.02031,-1.93542,3,37.9371,362.8075,36.4587,179.2634,0.3642,-95.272,0.0143,24.1465,0.425
15,000015.png,False,1788872828.308429,1788872828.248429,normal_unload,1,,0.0,0.03521,0.04502,-1.91752,-0.00027,0.0001,0.00023,0.03515,0.04444,-1.9169,-0.00033,0.00011,0.00022,0.0213,0.02586,-1.91807,3,37.9378,362.8055,36.4604,179.2637,0.3632,-95.272,0.005,24.1481,0.4234
16,000016.png,False,1788872828.504401,1788872828.444401,normal_unload,1,,0.0,0.034,0.0341,-1.83335,-0.00019,-0.00011,0.00022,0.03393,0.03351,-1.83273,-0.00025,-0.0001,0.00021,0.02512,0.01715,-1.83373,3,37.9389,362.802,36.4652,179.2643,0.3618,-95.2722,0.0006,24.1528,0.4187
17,000017.png,False,1788872828.700403,1788872828.640403,normal_unload,1,,0.0,0.03148,0.02515,-1.74149,-0.00011,-0.00012,0.00021,0.03142,0.02455,-1.74085,-0.00017,-0.00011,0.0002,0.02678,0.00961,-1.74172,3,37.9389,362.8001,36.4723,179.2645,0.3611,-95.2722,0.0095,24.1599,0.4116
18,000018.png,False,1788872828.896431,1788872828.836431,normal_unload,1,,0.0,0.02658,0.02463,-1.71442,6e-05,-1e-05,0.0002,0.02652,0.02401,-1.71377,-0.0,1e-05,0.00019,0.02261,0.00715,-1.71464,3,37.9372,362.8007,36.4814,179.2643,0.3611,-95.2722,0.004,24.1691,0.4024
19,000019.png,False,1788872829.092430,1788872829.032430,normal_unload,1,,0.0,0.02584,0.0194,-1.60243,7e-05,-0.00013,2e-05,0.02577,0.01878,-1.60177,1e-05,-0.00012,1e-05,0.02379,0.00404,-1.60257,3,37.9391,362.7973,36.4835,179.2647,0.3596,-95.2724,0.0014,24.1711,0.4004
20,000020.png,False,1788872829.284344,1788872829.224344,normal_unload,1,,0.0,0.0241,0.01223,-1.44266,0.00023,2e-05,0.0002,0.02403,0.0116,-1.44199,0.00016,3e-05,0.00019,0.02476,-0.00047,-1.4427,3,37.9392,362.797,36.5018,179.2648,0.3594,-95.2726,0.0091,24.1894,0.3821
21,000021.png,False,1788872829.480455,1788872829.420455,normal_unload,1,,0.0,0.02528,0.0134,-1.38752,0.00019,3e-05,-4e-05,0.02521,0.01276,-1.38684,0.00013,4e-05,-5e-05,0.02482,0.00201,-1.38759,3,37.9387,362.7959,36.5063,179.2648,0.3601,-95.2724,0.0034,24.1939,0.3776
22,000022.png,False,1788872829.676439,1788872829.616439,normal_unload,1,,0.0,0.02333,0.01298,-1.25952,0.0002,6e-05,0.00014,0.02327,0.01232,-1.25883,0.00014,7e-05,0.00013,0.02246,0.00272,-1.2596,3,37.9393,362.7996,36.5229,179.2647,0.3605,-95.2729,0.0025,24.2105,0.361
23,000023.png,False,1788872829.872414,1788872829.812414,normal_unload,1,,0.0,0.02655,0.0187,-1.2047,-2e-05,0.00017,0.00013,0.02648,0.01803,-1.204,-9e-05,0.00019,0.00012,0.02201,0.01016,-1.20489,3,37.9376,362.8007,36.5305,179.2642,0.3606,-95.2726,0.0081,24.2181,0.3534
24,000024.png,False,1788872830.064439,1788872830.004439,normal_unload,1,,0.0,0.02417,0.01222,-1.11434,8e-05,0.00018,0.00033,0.0241,0.01154,-1.11363,1e-05,0.00019,0.00032,0.02256,0.00481,-1.11443,3,37.9377,362.8017,36.5419,179.2647,0.3605,-95.2729,0.0024,24.2295,0.3419
25,000025.png,False,1788872830.260427,1788872830.200428,normal_unload,1,,0.0,0.02512,0.01177,-1.00444,4e-05,0.00032,0.0002,0.02505,0.01108,-1.00371,-3e-05,0.00033,0.00019,0.02284,0.00666,-1.00454,3,37.9394,362.8009,36.5569,179.2648,0.3601,-95.2733,0.0084,24.2445,0.327
26,000026.png,False,1788872830.456403,1788872830.396403,normal_unload,1,,0.0,0.02064,0.00524,-0.93485,0.00021,0.00018,0.0002,0.02057,0.00454,-0.93411,0.00014,0.00019,0.00019,0.02175,-0.00012,-0.93484,3,37.9391,362.7994,36.5651,179.265,0.3595,-95.2731,0.0065,24.2527,0.3188
27,000027.png,False,1788872830.652443,1788872830.592443,normal_unload,1,,0.0,0.01884,0.00267,-0.79906,0.00037,0.00036,0.00033,0.01877,0.00196,-0.79831,0.0003,0.00037,0.00032,0.02053,-0.00107,-0.79902,3,37.9396,362.7962,36.5901,179.2651,0.359,-95.2733,0.0029,24.2776,0.2939
28,000028.png,False,1788872830.844430,1788872830.784431,normal_unload,1,,0.0,0.01892,0.0021,-0.76678,0.00026,0.00028,0.00023,0.01885,0.00138,-0.76601,0.00019,0.00029,0.00021,0.02065,-0.00101,-0.76673,3,37.9396,362.7977,36.5922,179.2651,0.359,-95.2733,0.0077,24.2797,0.2917
29,000029.png,False,1788872831.040427,1788872830.980428,normal_unload,1,,0.0,0.01888,-0.0054,-0.58996,0.00044,0.00025,0.0001,0.0188,-0.00614,-0.58919,0.00036,0.00026,9e-05,0.02314,-0.0047,-0.58981,3,37.9385,362.7968,36.6187,179.2651,0.3588,-95.2731,0.0021,24.3063,0.2652
30,000030.png,False,1788872831.236443,1788872831.176443,normal_unload,1,,0.0,0.01603,-0.00635,-0.5977,0.00032,0.00022,0.00017,0.01595,-0.00709,-0.59692,0.00024,0.00024,0.00015,0.0212,-0.00706,-0.59753,3,37.9398,362.7948,36.6211,179.2652,0.3586,-95.2733,0.0035,24.3086,0.2629
31,000031.png,False,1788872831.628438,1788872831.568439,normal_unload,1,,0.0,0.01614,-0.01046,-0.49479,0.00042,0.00034,0.00016,0.01606,-0.01123,-0.49399,0.00034,0.00035,0.00015,0.02264,-0.00892,-0.49457,3,37.939,362.7933,36.643,179.2653,0.3575,-95.2735,0.0057,24.3305,0.241
32,000032.png,False,1788872832.016436,1788872831.956436,normal_unload,1,,0.0,0.01893,0.00284,-0.25722,0.00014,0.00049,0.00018,0.01885,0.00205,-0.25639,6e-05,0.0005,0.00016,0.01676,0.0078,-0.25727,3,37.9376,362.809,36.7127,179.2645,0.3611,-95.2737,0.0009,24.4004,0.1711
33,000033.png,False,1788872832.212471,1788872832.152471,normal_unload,1,,0.0,0.01687,-0.00442,-0.15568,0.00034,0.00049,0.00013,0.01679,-0.00523,-0.15484,0.00026,0.00051,0.00011,0.0179,0.0021,-0.15562,3,37.938,362.8039,36.7337,179.2646,0.36,-95.2737,0.0157,24.4213,0.1501
34,000034.png,False,1788872832.408453,1788872832.348454,normal_unload,1,,0.0,0.01582,-0.00651,-0.09333,0.00015,0.00034,7e-05,0.01573,-0.00732,-0.09247,7e-05,0.00036,5e-05,0.0176,0.00077,-0.09323,3,37.9373,362.8068,36.7623,179.2647,0.3603,-95.2737,0.0101,24.45,0.1215
35,000035.png,False,1788872832.600474,1788872832.540474,normal_unload,1,,0.0,0.01064,-0.01441,-0.02597,0.00043,0.00033,-7e-05,0.01056,-0.01523,-0.02511,0.00035,0.00034,-9e-05,0.0166,-0.00757,-0.02574,3,37.9378,362.8048,36.7949,179.2645,0.3604,-95.2737,0.0003,24.4826,0.0889
36,000036.png,False,1788872832.796431,1788872832.736431,normal_unload,1,,0.0,0.00633,-0.00936,-0.02401,0.00042,0.00043,0.00013,0.00625,-0.0102,-0.02313,0.00033,0.00044,0.00012,0.01033,-0.00533,-0.02386,3,37.9367,362.8085,36.8255,179.2648,0.3608,-95.2733,0.0054,24.5132,0.0582
37,000037.png,False,1788872833.968441,1788872833.908441,normal_unload,1,,0.0,0.0026,-0.01813,0.00263,0.00047,0.00027,4e-05,0.00251,-0.01903,0.00358,0.00038,0.00029,3e-05,0.0113,-0.01436,0.00294,3,37.9381,362.8073,36.8789,179.265,0.3583,-95.2739,0.0097,24.5666,0.0049
38,000038.png,False,1788872835.136363,1788872835.076363,normal_load,2,,2.0,0.00059,-0.0163,-0.00949,0.00047,0.0001,0.0001,0.00049,-0.01727,-0.00847,0.00037,0.00012,8e-05,0.00872,-0.01397,-0.00921,3,37.9316,362.813,36.8999,179.2656,0.356,-95.2781,0.0083,24.5877,-0.0162
39,000039.png,False,1788872835.724363,1788872835.664363,normal_load,2,,2.0,-0.00093,-0.01192,-0.01738,0.00046,5e-05,4e-05,-0.00103,-0.01292,-0.01632,0.00036,7e-05,3e-05,0.00527,-0.01106,-0.01717,3,37.9264,362.8186,36.8918,179.265,0.359,-95.2768,0.0096,24.5798,-0.0083
40,000040.png,False,1788872836.112369,1788872836.052369,normal_load,2,,2.0,0.00093,-0.00354,-0.04432,0.00025,0.00014,0.00015,0.00083,-0.00456,-0.04325,0.00015,0.00016,0.00013,0.00288,-0.00331,-0.04426,3,37.9223,362.8344,36.873,179.263,0.3663,-95.2768,0.0051,24.5612,0.0103
41,000041.png,False,1788872836.504434,1788872836.444434,normal_load,2,,2.0,0.00134,-0.00413,-0.13401,0.00019,-3e-05,8e-05,0.00123,-0.00518,-0.13291,8e-05,-1e-05,6e-05,0.00416,-0.00506,-0.13392,3,37.9221,362.8279,36.7753,179.2641,0.3625,-95.277,0.0007,24.4634,0.1081
42,000042.png,False,1788872836.892479,1788872836.832479,normal_load,2,,2.0,-0.00054,0.00223,-0.4214,-8e-05,-0.00023,-0.00018,-0.00065,0.00116,-0.42028,-0.00019,-0.00021,-0.0002,0.00134,-0.00509,-0.42137,3,37.9191,362.83,36.6906,179.2638,0.3634,-95.2761,0.0002,24.3788,0.1927
43,000043.png,False,1788872837.088374,1788872837.028374,normal_load,2,,2.0,0.00812,0.02929,-0.73959,-0.00051,-0.00015,-1e-05,0.00801,0.02821,-0.73846,-0.00061,-0.00013,-3e-05,-0.00247,0.01758,-0.74001,3,37.9179,362.84,36.6352,179.2628,0.3665,-95.2763,0.005,24.3236,0.2479
44,000044.png,False,1788872837.284439,1788872837.224439,normal_load,2,,2.0,0.01421,0.03763,-0.82761,-0.00062,-0.00015,-7e-05,0.0141,0.03654,-0.82646,-0.00073,-0.00013,-9e-05,-0.00075,0.02643,-0.82816,3,37.9163,362.8454,36.6113,179.2624,0.3686,-95.2763,0.0099,24.2998,0.2717
45,000045.png,False,1788872837.480442,1788872837.420442,normal_load,2,,2.0,0.01468,0.05695,-0.98086,-0.00091,0.00013,0.00017,0.01456,0.05585,-0.9797,-0.00103,0.00015,0.00015,-0.00894,0.04094,-0.98173,3,37.9154,362.851,36.5969,179.2618,0.3709,-95.2763,0.0045,24.2855,0.286
46,000046.png,False,1788872837.676440,1788872837.616441,normal_load,2,,2.0,0.02609,0.0789,-1.08711,-0.00141,0.00016,8e-05,0.02597,0.07779,-1.08594,-0.00153,0.00018,7e-05,-0.00929,0.06396,-1.08836,3,37.9132,362.8605,36.5786,179.2604,0.3751,-95.2761,0.0009,24.2674,0.3041
47,000047.png,False,1788872837.868459,1788872837.808459,normal_load,2,,2.0,0.02224,0.06493,-1.19709,-0.00109,6e-05,-1e-05,0.02213,0.06381,-1.19591,-0.0012,8e-05,-2e-05,-0.00488,0.04817,-1.19807,3,37.9149,362.8544,36.5512,179.261,0.373,-95.2764,0.0098,24.2399,0.3316
48,000048.png,False,1788872838.260379,1788872838.200379,normal_load,2,,2.0,0.01947,0.06771,-1.66048,-0.00116,-0.00024,2e-05,0.01935,0.06657,-1.65927,-0.00128,-0.00022,-0.0,-0.00545,0.04177,-1.66144,3,37.9151,362.8496,36.5021,179.2618,0.37,-95.2761,0.0008,24.1907,0.3808
49,000049.png,False,1788872838.648384,1788872838.588384,normal_load,2,,2.0,0.02546,0.0847,-1.86643,-0.00135,-0.00016,-5e-05,0.02534,0.08353,-1.8652,-0.00147,-0.00014,-6e-05,-0.00733,0.05618,-1.86766,3,37.9143,362.8569,36.4753,179.2613,0.3726,-95.2764,0.0003,24.164,0.4075
50,000050.png,False,1788872840.212476,1788872840.152476,normal_unload,2,,0.0,0.03427,0.10162,-2.01983,-0.00183,-0.00018,5e-05,0.03414,0.10037,-2.01851,-0.00196,-0.00016,4e-05,-0.00709,0.07278,-2.02136,3,37.9124,362.8647,36.4461,179.2609,0.3734,-95.2766,0.0065,24.1349,0.4366
51,000051.png,False,1788872840.404513,1788872840.344513,normal_unload,2,,0.0,0.0291,0.09033,-1.96238,-0.00149,-0.00017,7e-05,0.02897,0.08907,-1.96105,-0.00162,-0.00015,5e-05,-0.00632,0.06134,-1.96371,3,37.9146,362.8591,36.4495,179.2614,0.3713,-95.2766,0.0029,24.1382,0.4333
52,000052.png,False,1788872840.600476,1788872840.540476,normal_unload,2,,0.0,0.02199,0.07876,-1.8886,-0.00124,-0.00022,0.00025,0.02186,0.07749,-1.88725,-0.00137,-0.0002,0.00023,-0.00721,0.04895,-1.88972,3,37.9159,362.8552,36.4568,179.2622,0.3695,-95.2763,0.0024,24.1454,0.426
53,000053.png,False,1788872840.796480,1788872840.736480,normal_unload,2,,0.0,0.0236,0.07481,-1.84607,-0.00125,-0.00032,0.00024,0.02347,0.07352,-1.84472,-0.00138,-0.00029,0.00022,-0.00414,0.04701,-1.84713,3,37.9149,362.8537,36.4626,179.2625,0.3684,-95.2766,0.0081,24.1512,0.4203
54,000054.png,False,1788872840.992490,1788872840.932490,normal_unload,2,,0.0,0.02046,0.06806,-1.78316,-0.00107,-0.00036,-6e-05,0.02033,0.06676,-1.7818,-0.0012,-0.00034,-8e-05,-0.00392,0.0406,-1.78411,3,37.9146,362.8532,36.4631,179.2625,0.3682,-95.2768,0.0062,24.1518,0.4197
55,000055.png,False,1788872841.380481,1788872841.320481,normal_unload,2,,0.0,0.01649,0.05314,-1.63667,-0.00073,-0.0004,0.00033,0.01635,0.05181,-1.63528,-0.00086,-0.00038,0.00031,-0.00092,0.02804,-1.63738,3,37.9146,362.8489,36.4797,179.263,0.3663,-95.2766,0.0053,24.1683,0.4032
56,000056.png,False,1788872841.576495,1788872841.516495,normal_unload,2,,0.0,0.01446,0.05061,-1.62937,-0.00058,-0.00036,0.00027,0.01432,0.04928,-1.62796,-0.00071,-0.00034,0.00025,-0.00147,0.02495,-1.63002,3,37.9166,362.8441,36.4786,179.2634,0.365,-95.2766,0.0009,24.1671,0.4044
57,000057.png,False,1788872841.772521,1788872841.712521,normal_unload,2,,0.0,0.01128,0.04232,-1.451,-0.00044,-0.00033,6e-05,0.01114,0.04098,-1.44959,-0.00058,-0.00031,4e-05,-0.00131,0.01904,-1.45154,3,37.9173,362.8418,36.4957,179.2636,0.3642,-95.2768,0.0065,24.1841,0.3874
58,000058.png,False,1788872841.964473,1788872841.904473,normal_unload,2,,0.0,0.01379,0.04363,-1.41846,-0.00047,-0.00033,0.00036,0.01365,0.04228,-1.41703,-0.0006,-0.0003,0.00034,-2e-05,0.02196,-1.41902,3,37.9172,362.844,36.5018,179.2633,0.3646,-95.277,0.0034,24.1903,0.3812
59,000059.png,False,1788872842.160502,1788872842.100502,normal_unload,2,,0.0,0.0132,0.03783,-1.36468,-0.00038,-0.0003,0.00023,0.01306,0.03646,-1.36324,-0.00052,-0.00027,0.00021,0.002,0.0175,-1.36515,3,37.9173,362.8411,36.5073,179.2637,0.3638,-95.277,0.0025,24.1957,0.3757
60,000060.png,False,1788872842.356486,1788872842.296486,normal_unload,2,,0.0,0.01269,0.03431,-1.18039,-0.00035,-0.00024,0.00029,0.01255,0.03293,-1.17894,-0.00049,-0.00022,0.00027,0.00204,0.01715,-1.18083,3,37.9157,362.8429,36.5311,179.2633,0.3646,-95.2768,0.0085,24.2196,0.3519
61,000061.png,False,1788872842.552528,1788872842.492528,normal_unload,2,,0.0,0.01254,0.03419,-1.13437,-0.00043,-0.00024,0.00027,0.0124,0.0328,-1.1329,-0.00057,-0.00022,0.00025,0.00165,0.0177,-1.13481,3,37.9166,362.8408,36.5327,179.2634,0.3639,-95.277,0.0057,24.2212,0.3503
62,000062.png,False,1788872842.940532,1788872842.880532,normal_unload,2,,0.0,0.01395,0.03281,-0.9667,-0.00039,-0.00021,0.00029,0.01381,0.0314,-0.96522,-0.00053,-0.00019,0.00027,0.00239,0.01991,-0.96715,2,37.9168,362.8435,36.5569,179.2632,0.365,-95.2772,0.0077,24.2453,0.3261
63,000063.png,False,1788872843.332511,1788872843.272511,normal_unload,2,,0.0,0.01361,0.03245,-0.78592,-0.00042,-2e-05,-0.0001,0.01347,0.03101,-0.78442,-0.00056,1e-05,-0.00012,0.00103,0.02231,-0.78639,3,37.9172,362.8441,36.5793,179.2634,0.3639,-95.2772,0.0059,24.2678,0.3037
64,000064.png,False,1788872843.528403,1788872843.468403,normal_unload,2,,0.0,0.0107,0.0244,-0.6432,-0.00035,-3e-05,-0.00014,0.01055,0.02295,-0.64168,-0.0005,-0.0,-0.00016,0.00154,0.01617,-0.64355,3,37.9177,362.8423,36.5984,179.2637,0.3631,-95.2774,0.0086,24.2868,0.2847
65,000065.png,False,1788872843.720574,1788872843.660574,normal_unload,2,,0.0,0.01171,0.02305,-0.60422,-0.00024,0.0,-5e-05,0.01156,0.02159,-0.60269,-0.00039,3e-05,-7e-05,0.00281,0.01613,-0.60455,3,37.918,362.8432,36.6133,179.2636,0.3642,-95.2776,0.0005,24.3017,0.2698
66,000066.png,False,1788872843.916492,1788872843.856492,normal_unload,2,,0.0,0.01117,0.02123,-0.46882,-0.00028,-0.0,-0.00023,0.01102,0.01976,-0.46728,-0.00043,2e-05,-0.00025,0.00232,0.01646,-0.46914,3,37.9171,362.8415,36.6269,179.2637,0.3631,-95.2774,0.0061,24.3154,0.2561
67,000067.png,False,1788872844.112411,1788872844.052412,normal_unload,2,,0.0,0.00622,0.02187,-0.38967,-0.00016,0.00017,-0.0002,0.00607,0.02039,-0.38812,-0.00031,0.0002,-0.00022,-0.00284,0.01581,-0.39,3,37.9166,362.8447,36.649,179.2635,0.3646,-95.2774,0.0033,24.3375,0.234
68,000068.png,False,1788872844.308411,1788872844.248411,normal_unload,2,,0.0,0.00917,0.0126,-0.35495,-1e-05,7e-05,-0.00017,0.00902,0.01111,-0.35338,-0.00016,0.0001,-0.00019,0.00411,0.00981,-0.35513,3,37.9167,362.8418,36.6608,179.2635,0.3635,-95.2776,0.0024,24.3492,0.2222
69,000069.png,False,1788872844.504519,1788872844.444520,normal_unload,2,,0.0,0.00867,0.01299,-0.20303,-0.00017,1e-05,-0.00027,0.00851,0.01149,-0.20145,-0.00032,3e-05,-0.00029,0.00243,0.01233,-0.20324,3,37.9176,362.8415,36.6891,179.2635,0.3644,-95.2776,0.0087,24.3775,0.194
70,000070.png,False,1788872844.696484,1788872844.636484,normal_unload,2,,0.0,0.0074,0.01429,-0.23221,-5e-05,8e-05,-2e-05,0.00724,0.01278,-0.23062,-0.0002,0.00011,-4e-05,0.00088,0.01236,-0.23243,3,37.9177,362.8423,36.7003,179.2634,0.3639,-95.2779,0.0008,24.3887,0.1828
71,000071.png,False,1788872845.088494,1788872845.028494,normal_unload,2,,0.0,0.00859,0.01111,-0.10725,-8e-05,0.00014,-4e-05,0.00843,0.00958,-0.10563,-0.00024,0.00017,-6e-05,0.00263,0.01219,-0.10744,3,37.9165,362.8461,36.7498,179.2634,0.3641,-95.2779,0.0083,24.4383,0.1332
72,000072.png,False,1788872845.476526,1788872845.416526,normal_unload,2,,0.0,0.00634,0.00399,0.00395,6e-05,0.00019,-7e-05,0.00618,0.00244,0.00559,-0.0001,0.00022,-9e-05,0.00347,0.00669,0.00387,3,37.9156,362.8485,36.8199,179.2634,0.3648,-95.2774,0.0067,24.5084,0.0631
73,000073.png,False,1788872845.868520,1788872845.808520,normal_unload,2,,0.0,0.00275,0.00178,0.03799,0.0001,0.0002,-4e-05,0.00259,0.00021,0.03964,-6e-05,0.00023,-7e-05,0.00123,0.00353,0.03794,3,37.9156,362.8467,36.8682,179.2635,0.3637,-95.2779,0.0021,24.5567,0.0148
74,000074.png,False,1788872848.012510,1788872847.952510,normal_load,3,,2.0,-0.00107,-0.01001,0.00606,0.00046,0.00022,-0.00017,-0.00124,-0.0117,0.00785,0.00028,0.00025,-0.00019,0.00403,-0.0091,0.00624,3,37.9197,362.8232,36.9018,179.2643,0.3607,-95.2802,0.0145,24.5899,-0.0184
75,000075.png,False,1788872848.208508,1788872848.148508,normal_load,3,,2.0,-0.00049,-0.01156,0.00155,0.00038,8e-05,-8e-05,-0.00067,-0.01327,0.00334,0.0002,0.00011,-0.0001,0.00534,-0.01023,0.00175,3,37.9192,362.8214,36.8993,179.2646,0.3606,-95.2796,0.0002,24.5873,-0.0159
76,000076.png,False,1788872848.600497,1788872848.540497,normal_load,3,,2.0,-0.00096,-0.0128,-0.04844,0.00053,-4e-05,2e-05,-0.00113,-0.01453,-0.04662,0.00036,-1e-05,-1e-05,0.0059,-0.01234,-0.04821,3,37.9211,362.8078,36.8524,179.2659,0.3542,-95.2798,0.006,24.5402,0.0313
77,000077.png,False,1788872848.796510,1788872848.736511,normal_load,3,,2.0,-0.00179,-0.01269,-0.09194,0.00057,6e-05,-0.0,-0.00197,-0.01444,-0.09011,0.00039,9e-05,-3e-05,0.00543,-0.01336,-0.09171,3,37.9209,362.8091,36.8104,179.2657,0.3557,-95.2798,0.0004,24.4983,0.0732
78,000078.png,False,1788872848.988538,1788872848.928538,normal_load,3,,2.0,-0.00276,-0.01104,-0.13277,0.00047,-7e-05,3e-05,-0.00294,-0.01279,-0.13092,0.00029,-4e-05,1e-05,0.00405,-0.01306,-0.13255,3,37.9214,362.8076,36.7926,179.2659,0.3542,-95.2798,0.0091,24.4804,0.0911
79,000079.png,False,1788872849.184511,1788872849.124511,normal_load,3,,2.0,-0.00292,-0.00661,-0.32656,0.0003,-0.0002,2e-05,-0.00311,-0.00838,-0.32471,0.00012,-0.00017,-0.0,0.00303,-0.01242,-0.32639,3,37.9186,362.8045,36.7191,179.2659,0.3542,-95.2794,0.0055,24.4069,0.1646
80,000080.png,False,1788872849.380527,1788872849.320527,normal_load,3,,2.0,-0.00178,-0.00208,-0.38783,0.00029,-0.00025,0.00015,-0.00197,-0.00386,-0.38596,0.00011,-0.00022,0.00012,0.00218,-0.00891,-0.38773,3,37.9189,362.8077,36.7059,179.2662,0.3545,-95.2794,0.0001,24.3937,0.1778
81,000081.png,False,1788872849.576533,1788872849.516533,normal_load,3,,2.0,-0.00493,-0.00356,-0.57578,0.00044,-0.00029,-4e-05,-0.00511,-0.00535,-0.5739,0.00026,-0.00026,-6e-05,0.0015,-0.01477,-0.57562,3,37.9178,362.8059,36.6551,179.2662,0.3536,-95.2791,0.007,24.343,0.2285
82,000082.png,False,1788872849.768553,1788872849.708553,normal_load,3,,2.0,0.00014,0.00767,-0.66063,0.0,-0.00036,-0.00015,-5e-05,0.00587,-0.65874,-0.00018,-0.00033,-0.00018,0.00087,-0.00387,-0.66067,3,37.9175,362.8115,36.6383,179.2658,0.3553,-95.2794,0.0023,24.3262,0.2453
83,000083.png,False,1788872849.964536,1788872849.904536,normal_load,3,,2.0,0.00649,0.03363,-1.00131,-0.00052,-0.00023,-8e-05,0.0063,0.03182,-0.99941,-0.00071,-0.0002,-0.00011,-0.00424,0.01632,-1.00175,3,37.9147,362.821,36.5867,179.2649,0.3584,-95.2794,0.0075,24.2748,0.2967
84,000084.png,False,1788872850.160557,1788872850.100557,normal_load,3,,2.0,0.00754,0.02992,-0.97515,-0.0004,-0.00027,-0.00011,0.00735,0.0281,-0.97324,-0.00059,-0.00024,-0.00014,-0.00166,0.01406,-0.97554,3,37.9148,362.8205,36.5867,179.2651,0.3578,-95.2792,0.0071,24.2748,0.2967
85,000085.png,False,1788872850.356544,1788872850.296544,normal_load,3,,2.0,0.0132,0.05029,-1.17296,-0.00082,-0.00029,-0.00021,0.01301,0.04846,-1.17103,-0.00101,-0.00026,-0.00024,-0.00556,0.03136,-1.17368,3,37.9138,362.8268,36.556,179.2645,0.3601,-95.2794,0.0015,24.2442,0.3273
86,000086.png,False,1788872850.548532,1788872850.488532,normal_load,3,,2.0,0.01547,0.05356,-1.36091,-0.00063,-0.00036,-0.00026,0.01528,0.05172,-1.35897,-0.00081,-0.00033,-0.00028,-0.00393,0.03231,-1.36166,3,37.914,362.8267,36.5272,179.2644,0.3603,-95.2796,0.0078,24.2154,0.3561
87,000087.png,False,1788872850.744529,1788872850.684530,normal_load,3,,2.0,0.01606,0.06514,-1.48563,-0.00097,-0.00025,-0.00027,0.01587,0.06329,-1.48368,-0.00116,-0.00022,-0.00029,-0.00834,0.04064,-1.48656,3,37.9146,362.8295,36.5158,179.2641,0.3614,-95.2796,0.0066,24.2041,0.3674
88,000088.png,False,1788872850.940562,1788872850.880562,normal_load,3,,2.0,0.01955,0.05983,-1.77768,-0.00083,-0.00052,-0.00014,0.01936,0.05797,-1.77572,-0.00102,-0.00049,-0.00017,-0.00064,0.03311,-1.77849,3,37.9155,362.824,36.4833,179.2647,0.3591,-95.2796,0.0009,24.1715,0.4
89,000089.png,False,1788872851.136528,1788872851.076528,normal_load,3,,2.0,0.01768,0.06265,-1.78233,-0.00088,-0.00052,-2e-05,0.01749,0.06077,-1.78036,-0.00107,-0.00049,-5e-05,-0.00363,0.03454,-1.78318,3,37.9136,362.8268,36.4815,179.2646,0.3595,-95.2794,0.0045,24.1698,0.4017
90,000090.png,False,1788872851.720570,1788872851.660570,normal_unload,3,,0.0,0.02028,0.06998,-1.98298,-0.00096,-0.00056,0.00013,0.02009,0.06807,-1.98097,-0.00115,-0.00053,0.0001,-0.00365,0.03898,-1.98393,3,37.9139,362.8276,36.4548,179.2645,0.3599,-95.2794,0.0046,24.143,0.4285
91,000091.png,False,1788872851.916578,1788872851.856578,normal_unload,3,,0.0,0.02089,0.06821,-1.93595,-0.00111,-0.00064,-0.00015,0.02069,0.06629,-1.93393,-0.00131,-0.00061,-0.00018,-0.00256,0.03849,-1.93688,3,37.9143,362.8284,36.4546,179.2646,0.3606,-95.2794,0.01,24.1429,0.4286
92,000092.png,False,1788872852.500549,1788872852.440549,normal_unload,3,,0.0,0.02195,0.07568,-1.83665,-0.00113,-0.00036,-0.00014,0.02175,0.07372,-1.83459,-0.00133,-0.00033,-0.00017,-0.00606,0.04709,-1.83773,3,37.9126,362.8324,36.4594,179.2643,0.3605,-95.2796,0.0052,24.1477,0.4238
93,000093.png,False,1788872852.696580,1788872852.636580,normal_unload,3,,0.0,0.02231,0.06738,-1.7649,-0.001,-0.00042,-0.00027,0.02211,0.06542,-1.76283,-0.0012,-0.00038,-0.0003,-0.00211,0.04123,-1.76584,3,37.9141,362.8321,36.4662,179.2646,0.3595,-95.2798,0.0001,24.1546,0.4169
94,000094.png,False,1788872852.892556,1788872852.832556,normal_unload,3,,0.0,0.01486,0.05529,-1.69422,-0.00066,-0.00061,-0.00012,0.01466,0.05332,-1.69215,-0.00086,-0.00058,-0.00015,-0.00301,0.02817,-1.69495,3,37.9142,362.826,36.472,179.2653,0.3572,-95.2798,0.0053,24.1603,0.4112
95,000095.png,False,1788872853.088466,1788872853.028466,normal_unload,3,,0.0,0.01497,0.0512,-1.55941,-0.0007,-0.00057,-0.00014,0.01476,0.04921,-1.55732,-0.0009,-0.00054,-0.00017,-0.0018,0.02684,-1.56009,3,37.9147,362.823,36.4829,179.2653,0.3561,-95.28,0.0095,24.1711,0.4004
96,000096.png,False,1788872853.280556,1788872853.220556,normal_unload,3,,0.0,0.00882,0.04691,-1.58304,-0.00038,-0.00031,0.0001,0.00862,0.04491,-1.58094,-0.00058,-0.00028,7e-05,-0.00482,0.01968,-1.58363,2,37.9139,362.8229,36.4847,179.2654,0.3559,-95.28,0.0,24.1729,0.3986
97,000097.png,False,1788872853.672543,1788872853.612543,normal_unload,3,,0.0,0.01689,0.05491,-1.30029,-0.00082,-0.00028,-9e-05,0.01668,0.05289,-1.29816,-0.00102,-0.00024,-0.00012,-0.00379,0.03516,-1.30107,3,37.9147,362.8285,36.5144,179.2653,0.357,-95.2805,0.0091,24.2027,0.3688
98,000098.png,False,1788872853.868552,1788872853.808552,normal_unload,3,,0.0,0.01679,0.04875,-1.22658,-0.00072,-0.00034,-0.00014,0.01658,0.04672,-1.22445,-0.00092,-0.0003,-0.00017,-0.00131,0.03097,-1.22728,3,37.9145,362.8275,36.5175,179.265,0.3571,-95.2805,0.004,24.2057,0.3657
99,000099.png,False,1788872854.060559,1788872854.000559,normal_unload,3,,0.0,0.01547,0.04588,-1.05979,-0.0007,-0.00019,-0.00031,0.01526,0.04384,-1.05764,-0.0009,-0.00016,-0.00034,-0.00217,0.03048,-1.06046,3,37.9141,362.8294,36.5364,179.265,0.3571,-95.2805,0.0076,24.2247,0.3468
100,000100.png,False,1788872854.256562,1788872854.196563,normal_unload,3,,0.0,0.01453,0.04564,-1.07301,-0.00071,-0.00023,-0.00015,0.01432,0.04359,-1.07085,-0.00091,-0.0002,-0.00018,-0.00278,0.0296,-1.07367,3,37.9143,362.8281,36.5383,179.2651,0.3569,-95.2805,0.018,24.2265,0.345
101,000101.png,False,1788872854.648560,1788872854.588560,normal_unload,3,,0.0,0.01243,0.03961,-0.9246,-0.0004,-1e-05,-0.00018,0.01221,0.03753,-0.92242,-0.00061,2e-05,-0.00022,-0.00262,0.0257,-0.92517,3,37.9139,362.8277,36.56,179.2655,0.3563,-95.2805,0.009,24.2483,0.3232
102,000102.png,False,1788872855.036569,1788872854.976569,normal_unload,3,,0.0,0.00949,0.03371,-0.71652,-0.00029,-0.00014,-0.00043,0.00928,0.03161,-0.71432,-0.00051,-0.0001,-0.00046,-0.00365,0.02246,-0.71702,3,37.9144,362.8229,36.589,179.2655,0.3561,-95.2805,0.0032,24.2771,0.2944
103,000103.png,False,1788872855.428483,1788872855.368484,normal_unload,3,,0.0,0.01516,0.03557,-0.53638,-0.00047,-7e-05,-0.0002,0.01494,0.03345,-0.53415,-0.00069,-3e-05,-0.00024,-0.00093,0.02979,-0.53695,3,37.9131,362.8316,36.628,179.2654,0.3565,-95.2807,0.0065,24.3163,0.2552
104,000104.png,False,1788872855.816570,1788872855.756570,normal_unload,3,,0.0,0.01199,0.02855,-0.34848,-0.00057,-5e-05,-0.00034,0.01177,0.02641,-0.34623,-0.00078,-1e-05,-0.00038,-0.00146,0.02514,-0.34895,3,37.9119,362.8313,36.6593,179.2653,0.3563,-95.2813,0.0073,24.3476,0.2239
105,000105.png,False,1788872856.012562,1788872855.952562,normal_unload,3,,0.0,0.00638,0.01956,-0.25948,-0.00032,-8e-05,-0.00033,0.00616,0.01741,-0.25722,-0.00054,-5e-05,-0.00037,-0.00245,0.01597,-0.2598,3,37.914,362.8269,36.6761,179.2653,0.3554,-95.2818,0.0023,24.3643,0.2072
106,000106.png,False,1788872856.208570,1788872856.148571,normal_unload,3,,0.0,0.00353,0.01852,-0.16996,-5e-05,0.00011,-0.00025,0.00331,0.01636,-0.16768,-0.00027,0.00014,-0.00028,-0.00502,0.01508,-0.17026,3,37.9145,362.8256,36.7072,179.2653,0.356,-95.2815,0.0026,24.3954,0.1761
107,000107.png,False,1788872859.916610,1788872859.856610,normal_load,4,,2.0,-0.00111,-0.00773,-0.04369,0.00053,1e-05,2e-05,-0.00136,-0.01011,-0.0412,0.00029,5e-05,-2e-05,0.0032,-0.00795,-0.04355,3,37.9148,362.8139,36.8553,179.2675,0.3465,-95.2837,0.0043,24.5432,0.0282
108,000108.png,False,1788872860.304611,1788872860.244612,normal_load,4,,2.0,-0.00271,-0.00377,-0.09828,0.00046,-3e-05,-0.00011,-0.00296,-0.00616,-0.09576,0.00022,1e-05,-0.00015,0.00022,-0.00619,-0.09819,3,37.9153,362.8147,36.8,179.2679,0.3464,-95.2837,0.0012,24.488,0.0835
109,000109.png,False,1788872860.500652,1788872860.440652,normal_load,4,,2.0,0.0014,0.00172,-0.32539,0.0002,-0.0002,-0.00028,0.00115,-0.00068,-0.32285,-4e-05,-0.00016,-0.00031,0.00261,-0.00302,-0.32537,3,37.916,362.8155,36.71,179.2677,0.3463,-95.2839,0.0087,24.398,0.1735
110,000110.png,False,1788872860.696607,1788872860.636607,normal_load,4,,2.0,0.00261,0.00434,-0.36336,0.00026,-0.00017,-0.00025,0.00237,0.00192,-0.36081,1e-05,-0.00013,-0.00028,0.00261,-0.00076,-0.36338,3,37.9141,362.8183,36.7025,179.2676,0.3469,-95.2837,0.0036,24.3906,0.1809
111,000111.png,False,1788872860.888657,1788872860.828657,normal_load,4,,2.0,0.00555,0.01938,-0.58167,-3e-05,-7e-05,-0.0002,0.0053,0.01695,-0.57912,-0.00028,-3e-05,-0.00024,-0.00084,0.01024,-0.58193,3,37.9128,362.8238,36.6478,179.267,0.3483,-95.2835,0.0059,24.336,0.2355
112,000112.png,False,1788872861.084626,1788872861.024626,normal_load,4,,2.0,0.00746,0.02647,-0.68056,-0.0001,-0.00015,-0.00029,0.00721,0.02403,-0.67799,-0.00035,-0.00011,-0.00033,-0.00204,0.01575,-0.68093,3,37.9144,362.8244,36.6332,179.267,0.3488,-95.2839,0.009,24.3214,0.2501
113,000113.png,False,1788872861.280614,1788872861.220614,normal_load,4,,2.0,0.01123,0.04084,-0.92155,-0.00037,-0.00011,-0.00031,0.01097,0.03839,-0.91897,-0.00062,-7e-05,-0.00035,-0.00429,0.02622,-0.92214,3,37.9132,362.8308,36.5941,179.2665,0.3507,-95.2841,0.0037,24.2824,0.2891
114,000114.png,False,1788872861.476629,1788872861.416630,normal_load,4,,2.0,0.0112,0.03988,-0.88723,-0.00039,-0.0001,-0.00042,0.01095,0.03742,-0.88464,-0.00064,-6e-05,-0.00045,-0.00407,0.02592,-0.88781,3,37.9133,362.8303,36.59,179.2666,0.3503,-95.2841,0.0013,24.2783,0.2932
115,000115.png,False,1788872861.668622,1788872861.608623,normal_load,4,,2.0,0.01879,0.06211,-1.25273,-0.00084,-0.00016,-0.00031,0.01854,0.05964,-1.25013,-0.00109,-0.00012,-0.00035,-0.00607,0.04311,-1.25365,3,37.912,362.8364,36.5447,179.2657,0.353,-95.2839,0.0097,24.2331,0.3384
116,000116.png,False,1788872861.864634,1788872861.804634,normal_load,4,,2.0,0.01742,0.05918,-1.36617,-0.00066,-0.00018,-0.00033,0.01717,0.0567,-1.36356,-0.00091,-0.00014,-0.00036,-0.005,0.03808,-1.36702,3,37.9127,362.8335,36.5278,179.2663,0.3516,-95.2839,0.0047,24.2161,0.3554
117,000117.png,False,1788872862.060632,1788872862.000632,normal_load,4,,2.0,0.02081,0.0683,-1.4539,-0.00103,-0.0002,-0.00018,0.02055,0.0658,-1.45127,-0.00128,-0.00015,-0.00022,-0.00602,0.04626,-1.4549,3,37.9119,362.8387,36.5174,179.2658,0.3534,-95.2839,0.0004,24.2058,0.3657
118,000118.png,False,1788872862.256622,1788872862.196622,normal_load,4,,2.0,0.02608,0.08524,-1.83437,-0.0013,-0.00035,-0.0001,0.02583,0.08273,-1.83173,-0.00156,-0.0003,-0.00014,-0.00728,0.05747,-1.83562,3,37.911,362.8411,36.4783,179.2655,0.3538,-95.2839,0.0099,24.1668,0.4047
119,000119.png,False,1788872862.452634,1788872862.392634,normal_load,4,,2.0,0.02673,0.08488,-1.75396,-0.00129,-0.00027,-0.00037,0.02647,0.08236,-1.75131,-0.00154,-0.00023,-0.00041,-0.0071,0.05877,-1.75521,3,37.9113,362.8421,36.4786,179.2656,0.3541,-95.2841,0.0005,24.1671,0.4044
120,000120.png,False,1788872862.644639,1788872862.584640,normal_load,4,,2.0,0.02678,0.09398,-1.9236,-0.00127,-0.00021,-0.0002,0.02652,0.09145,-1.92094,-0.00153,-0.00017,-0.00024,-0.01042,0.06396,-1.92499,3,37.9099,362.8433,36.4635,179.2653,0.3544,-95.2839,0.0098,24.152,0.4195
121,000121.png,False,1788872863.232621,1788872863.172621,normal_unload,4,,0.0,0.02914,0.10368,-2.00415,-0.0016,-0.00024,-0.00016,0.02888,0.10112,-2.00145,-0.00186,-0.00019,-0.0002,-0.01266,0.07225,-2.0057,3,37.9097,362.8474,36.4476,179.2649,0.3559,-95.2839,0.0052,24.1362,0.4353
122,000122.png,False,1788872863.424616,1788872863.364616,normal_unload,4,,0.0,0.0309,0.09907,-1.97553,-0.00157,-0.00037,-0.00035,0.03064,0.0965,-1.97282,-0.00183,-0.00033,-0.00039,-0.00904,0.0696,-1.97701,3,37.9082,362.8473,36.4481,179.2647,0.3556,-95.2837,0.0057,24.1367,0.4348
123,000123.png,False,1788872863.620645,1788872863.560645,normal_unload,4,,0.0,0.03127,0.10189,-1.93327,-0.00162,-0.00019,-0.0003,0.03101,0.09931,-1.93056,-0.00188,-0.00014,-0.00034,-0.01042,0.0729,-1.93481,3,37.909,362.849,36.4485,179.2647,0.3558,-95.2841,0.0002,24.1371,0.4344
124,000124.png,False,1788872864.012639,1788872863.952639,normal_unload,4,,0.0,0.02827,0.09311,-1.94693,-0.00141,-0.0004,-4e-05,0.028,0.0905,-1.94419,-0.00167,-0.00036,-8e-05,-0.00854,0.06358,-1.9483,3,37.9094,362.845,36.4488,179.2649,0.355,-95.2841,0.0045,24.1373,0.4341
125,000125.png,False,1788872864.208652,1788872864.148653,normal_unload,4,,0.0,0.02268,0.08384,-1.84528,-0.00108,-0.00035,-0.00031,0.02241,0.08123,-1.84253,-0.00134,-0.0003,-0.00035,-0.00945,0.05439,-1.8465,3,37.9104,362.8438,36.4554,179.2653,0.3544,-95.2844,0.0009,24.1439,0.4276
126,000126.png,False,1788872864.400664,1788872864.340664,normal_unload,4,,0.0,0.02526,0.08304,-1.76008,-0.00135,-0.00038,-0.00043,0.02499,0.08042,-1.75732,-0.00162,-0.00033,-0.00046,-0.00741,0.05635,-1.76131,3,37.909,362.8454,36.4604,179.2656,0.3525,-95.2841,0.01,24.149,0.4225
127,000127.png,False,1788872864.596642,1788872864.536643,normal_unload,4,,0.0,0.02422,0.08006,-1.76336,-0.00106,-0.00036,-0.00028,0.02395,0.07742,-1.76058,-0.00133,-0.00032,-0.00032,-0.00679,0.05319,-1.76452,3,37.9103,362.8421,36.4607,179.2655,0.3527,-95.2846,0.0047,24.1492,0.4223
128,000128.png,False,1788872864.792680,1788872864.732680,normal_unload,4,,0.0,0.01849,0.06678,-1.67861,-0.00075,-0.00039,-0.00023,0.01822,0.06413,-1.67582,-0.00102,-0.00035,-0.00027,-0.00571,0.04018,-1.67955,3,37.9106,362.8371,36.469,179.266,0.3501,-95.2844,0.0003,24.1574,0.4141
129,000129.png,False,1788872865.180651,1788872865.120651,normal_unload,4,,0.0,0.01437,0.05825,-1.58285,-0.00057,-0.00036,-0.00034,0.0141,0.05558,-1.58004,-0.00084,-0.00031,-0.00038,-0.00568,0.03227,-1.58364,3,37.9119,362.8346,36.4779,179.2664,0.3493,-95.2846,0.0047,24.1663,0.4052
130,000130.png,False,1788872865.376652,1788872865.316652,normal_unload,4,,0.0,0.01139,0.04709,-1.46891,-0.00037,-0.00046,-0.00029,0.01112,0.04441,-1.46609,-0.00065,-0.00041,-0.00033,-0.00348,0.02295,-1.46953,3,37.9117,362.8308,36.4869,179.2666,0.3478,-95.2846,0.0002,24.1752,0.3962
131,000131.png,False,1788872865.768682,1788872865.708683,normal_unload,4,,0.0,0.013,0.04725,-1.31047,-0.00039,-0.00032,-0.00022,0.01272,0.04455,-1.30763,-0.00067,-0.00027,-0.00026,-0.00327,0.02642,-1.31112,3,37.9117,362.831,36.5058,179.2666,0.3478,-95.2852,0.0091,24.1941,0.3774
132,000132.png,False,1788872865.960655,1788872865.900655,normal_unload,4,,0.0,0.01044,0.04318,-1.10787,-0.0004,-0.00023,-0.00031,0.01016,0.04047,-1.10501,-0.00067,-0.00018,-0.00035,-0.00485,0.02487,-1.10847,3,37.912,362.8309,36.5258,179.2665,0.3482,-95.2852,0.0199,24.2141,0.3574
133,000133.png,False,1788872866.156650,1788872866.096650,normal_unload,4,,0.0,0.01212,0.04744,-1.10764,-0.00047,-0.00025,-0.00044,0.01184,0.04471,-1.10477,-0.00075,-0.0002,-0.00048,-0.00552,0.0294,-1.10832,3,37.9107,362.839,36.5303,179.2663,0.3497,-95.2852,0.0056,24.2187,0.3528
134,000134.png,False,1788872866.352571,1788872866.292571,normal_unload,4,,0.0,0.01356,0.04725,-0.94754,-0.00051,-0.00016,-0.00047,0.01328,0.04451,-0.94465,-0.00078,-0.00012,-0.00051,-0.00529,0.03251,-0.94824,3,37.9118,362.8333,36.5448,179.2668,0.3481,-95.2854,0.0089,24.2331,0.3384
135,000135.png,False,1788872866.548672,1788872866.488672,normal_unload,4,,0.0,0.01595,0.05397,-0.92083,-0.00068,-0.0001,-0.00042,0.01566,0.05122,-0.91793,-0.00096,-6e-05,-0.00046,-0.00677,0.03996,-0.92165,3,37.9092,362.8385,36.5528,179.2665,0.3484,-95.2852,0.0018,24.2413,0.3302
136,000136.png,False,1788872866.744650,1788872866.684650,normal_unload,4,,0.0,0.01121,0.04298,-0.79788,-0.00032,-5e-05,-0.00055,0.01093,0.04022,-0.79498,-0.0006,-1e-05,-0.00059,-0.00623,0.03004,-0.79853,3,37.9105,362.8346,36.5663,179.267,0.3474,-95.2854,0.0069,24.2547,0.3168
137,000137.png,False,1788872866.936650,1788872866.876650,normal_unload,4,,0.0,0.01255,0.03593,-0.68404,-0.00038,-0.00015,-0.00057,0.01226,0.03316,-0.68112,-0.00066,-0.0001,-0.00061,-0.00234,0.02643,-0.68458,3,37.9101,362.8369,36.5875,179.2665,0.3491,-95.2854,0.0041,24.276,0.2955
138,000138.png,False,1788872867.132694,1788872867.072695,normal_unload,4,,0.0,0.00967,0.03391,-0.62581,-0.00028,1e-05,-0.0005,0.00938,0.03113,-0.62289,-0.00056,5e-05,-0.00054,-0.00423,0.02418,-0.62633,3,37.9111,362.8342,36.5956,179.2665,0.3482,-95.2859,0.0011,24.2839,0.2876
139,000139.png,False,1788872867.328698,1788872867.268698,normal_unload,4,,0.0,0.00988,0.03126,-0.5166,-0.00017,-1e-05,-0.00035,0.0096,0.02847,-0.51366,-0.00045,3e-05,-0.00039,-0.00348,0.02374,-0.51708,3,37.9127,362.8324,36.6173,179.2666,0.3487,-95.2865,0.0067,24.3056,0.2659
140,000140.png,False,1788872867.524679,1788872867.464679,normal_unload,4,,0.0,0.01056,0.02923,-0.46123,-0.00026,-4e-05,-0.00056,0.01027,0.02642,-0.45828,-0.00055,1e-05,-0.0006,-0.00226,0.0232,-0.46169,3,37.9121,362.8315,36.6221,179.2667,0.3483,-95.2865,0.0079,24.3104,0.2611
141,000141.png,False,1788872867.716735,1788872867.656735,normal_unload,4,,0.0,0.00898,0.03288,-0.34283,-0.00024,4e-05,-0.00052,0.00869,0.03007,-0.33986,-0.00052,9e-05,-0.00056,-0.00628,0.02747,-0.34336,3,37.9102,362.8353,36.6465,179.267,0.3474,-95.2865,0.001,24.3349,0.2366
142,000142.png,False,1788872867.912709,1788872867.852710,normal_unload,4,,0.0,0.00949,0.02964,-0.34258,-0.00029,4e-05,-0.00045,0.0092,0.02681,-0.33961,-0.00057,9e-05,-0.00049,-0.00421,0.02492,-0.34306,3,37.9113,362.8338,36.6509,179.267,0.3472,-95.287,0.0066,24.3393,0.2322
143,000143.png,False,1788872868.108663,1788872868.048663,normal_unload,4,,0.0,0.00949,0.02782,-0.16996,-0.00014,0.00015,-0.00037,0.0092,0.02498,-0.16698,-0.00043,0.0002,-0.00041,-0.0045,0.02612,-0.17044,3,37.9105,362.8361,36.6942,179.267,0.3472,-95.2865,0.0079,24.3826,0.1889
144,000144.png,False,1788872868.304680,1788872868.244680,normal_unload,4,,0.0,0.00519,0.02688,-0.22119,-0.00012,0.00013,-0.00029,0.0049,0.02403,-0.21819,-0.00041,0.00018,-0.00033,-0.0074,0.02233,-0.22163,3,37.9115,362.8352,36.6933,179.267,0.3472,-95.2867,0.0028,24.3816,0.1899
145,000145.png,False,1788872872.204705,1788872872.144706,normal_load,5,,2.0,-0.00409,-0.01102,-0.04633,0.00065,-2e-05,-0.00015,-0.0044,-0.01409,-0.0431,0.00034,4e-05,-0.00019,0.00229,-0.01233,-0.04612,3,37.9165,362.8035,36.814,179.2683,0.3417,-95.2891,0.0089,24.5018,0.0697
146,000146.png,False,1788872872.400708,1788872872.340708,normal_load,5,,2.0,-0.00269,-0.00552,-0.113,0.00054,-0.00013,-0.00015,-0.003,-0.0086,-0.10976,0.00023,-8e-05,-0.00019,0.00121,-0.00793,-0.11288,3,37.9149,362.8067,36.7859,179.2682,0.3419,-95.2889,0.0036,24.4738,0.0977
147,000147.png,False,1788872872.596724,1788872872.536724,normal_load,5,,2.0,-0.00367,-0.01163,-0.21426,0.00069,-0.00011,-2e-05,-0.00399,-0.01472,-0.211,0.00038,-5e-05,-7e-05,0.00412,-0.01534,-0.21401,3,37.9143,362.8094,36.7268,179.2679,0.3431,-95.2891,0.0019,24.4147,0.1568
148,000148.png,False,1788872872.788623,1788872872.728623,normal_load,5,,2.0,0.00033,0.00121,-0.41342,0.00041,-0.00018,-0.0002,1e-05,-0.0019,-0.41016,0.0001,-0.00013,-0.00025,0.00255,-0.00541,-0.41338,3,37.9163,362.8078,36.6882,179.2683,0.3417,-95.2891,0.0086,24.3761,0.1954
149,000149.png,False,1788872872.984735,1788872872.924735,normal_load,5,,2.0,0.00337,0.01332,-0.56155,0.00021,-9e-05,-0.00013,0.00305,0.01021,-0.55827,-0.0001,-4e-05,-0.00018,0.00016,0.00423,-0.5617,3,37.9146,362.8147,36.6548,179.2678,0.3435,-95.2894,0.0032,24.3428,0.2287
150,000150.png,False,1788872873.180743,1788872873.120744,normal_load,5,,2.0,0.0099,0.02374,-0.75706,6e-05,-0.00021,-0.00014,0.00958,0.02062,-0.75377,-0.00026,-0.00016,-0.00019,0.00196,0.01338,-0.75738,3,37.9132,362.818,36.621,179.2676,0.3449,-95.2891,0.0024,24.3091,0.2624
151,000151.png,False,1788872873.376711,1788872873.316711,normal_load,5,,2.0,0.01273,0.03329,-0.87812,-0.0002,-0.00022,-0.00019,0.01241,0.03015,-0.87481,-0.00051,-0.00017,-0.00024,0.00048,0.02113,-0.87858,3,37.9117,362.8232,36.5888,179.267,0.3463,-95.2891,0.0083,24.277,0.2945
152,000152.png,False,1788872873.572726,1788872873.512727,normal_load,5,,2.0,0.00897,0.03751,-1.01759,-0.00031,-0.00023,-3e-05,0.00864,0.03436,-1.01428,-0.00063,-0.00018,-8e-05,-0.00392,0.02066,-1.0181,3,37.9129,362.8216,36.5779,179.2668,0.3462,-95.2894,0.0027,24.2661,0.3054
153,000153.png,False,1788872873.764792,1788872873.704792,normal_load,5,,2.0,0.01658,0.05317,-1.36155,-0.00052,-0.0003,-0.00014,0.01626,0.05001,-1.35823,-0.00084,-0.00025,-0.00019,-0.00276,0.03252,-1.3623,3,37.9126,362.8245,36.5322,179.2668,0.3469,-95.2896,0.0083,24.2204,0.3511
154,000154.png,False,1788872873.960737,1788872873.900737,normal_load,5,,2.0,0.01325,0.05148,-1.34733,-0.00049,-0.00026,-0.00015,0.01293,0.04831,-1.344,-0.00081,-0.00021,-0.00019,-0.0049,0.02963,-1.34805,3,37.9129,362.8242,36.5288,179.2669,0.3467,-95.2896,0.0062,24.2169,0.3545
155,000155.png,False,1788872874.156710,1788872874.096710,normal_load,5,,2.0,0.01955,0.06264,-1.50032,-0.00072,-0.00027,-5e-05,0.01922,0.05946,-1.49698,-0.00104,-0.00022,-0.0001,-0.00396,0.03999,-1.50122,3,37.9122,362.8281,36.5119,179.2665,0.3482,-95.2896,0.0006,24.2002,0.3713
156,000156.png,False,1788872874.352735,1788872874.292735,normal_load,5,,2.0,0.02504,0.07537,-1.65631,-0.0011,-0.0003,-0.00013,0.02471,0.07218,-1.65295,-0.00142,-0.00025,-0.00018,-0.00449,0.05126,-1.65741,3,37.9101,362.834,36.4857,179.2658,0.3498,-95.2894,0.0052,24.1741,0.3974
157,000157.png,False,1788872874.544730,1788872874.484730,normal_load,5,,2.0,0.0259,0.08239,-1.75127,-0.00109,-0.00019,-0.00012,0.02557,0.07919,-1.7479,-0.00141,-0.00014,-0.00017,-0.00659,0.05625,-1.75249,3,37.9106,362.8347,36.4813,179.2658,0.35,-95.2894,0.0053,24.1697,0.4018
158,000158.png,False,1788872874.740721,1788872874.680722,normal_load,5,,2.0,0.02667,0.09058,-1.99472,-0.00127,-0.00042,-0.00014,0.02634,0.08736,-1.99134,-0.00159,-0.00036,-0.00018,-0.00832,0.05982,-1.99604,3,37.9096,362.8351,36.4551,179.266,0.35,-95.2894,0.0054,24.1435,0.428
159,000159.png,False,1788872875.132718,1788872875.072718,normal_unload,5,,0.0,0.0247,0.08657,-1.92738,-0.00111,-0.00035,-0.0002,0.02437,0.08333,-1.92397,-0.00143,-0.00029,-0.00025,-0.00849,0.05644,-1.92863,3,37.9091,362.8367,36.4554,179.2657,0.3502,-95.2894,0.0037,24.1439,0.4276
160,000160.png,False,1788872875.328711,1788872875.268711,normal_unload,5,,0.0,0.02606,0.08545,-1.91436,-0.00118,-0.00032,-0.00016,0.02573,0.0822,-1.91094,-0.00151,-0.00026,-0.0002,-0.00684,0.05636,-1.9156,3,37.9105,362.8375,36.4554,179.2659,0.3505,-95.2894,0.001,24.1439,0.4276
161,000161.png,False,1788872875.520737,1788872875.460737,normal_unload,5,,0.0,0.02865,0.0939,-1.88302,-0.00141,-0.0003,-0.00021,0.02832,0.09064,-1.87959,-0.00174,-0.00025,-0.00026,-0.00904,0.06548,-1.88442,3,37.9105,362.8398,36.4565,179.266,0.3509,-95.2896,0.0084,24.145,0.4265
162,000162.png,False,1788872875.716743,1788872875.656743,normal_unload,5,,0.0,0.02798,0.08929,-1.87336,-0.00117,-0.00025,-0.00014,0.02764,0.08602,-1.86991,-0.00151,-0.00019,-0.00019,-0.00739,0.0613,-1.87467,3,37.9103,362.8383,36.4566,179.2659,0.3503,-95.2896,0.0027,24.145,0.4265
163,000163.png,False,1788872875.912754,1788872875.852754,normal_unload,5,,0.0,0.03094,0.09811,-1.8187,-0.00139,-0.00011,-8e-05,0.03061,0.09482,-1.81525,-0.00172,-5e-05,-0.00013,-0.0096,0.07129,-1.82018,3,37.9095,362.8395,36.4598,179.2658,0.35,-95.2896,0.0031,24.1483,0.4232
164,000164.png,False,1788872876.108735,1788872876.048735,normal_unload,5,,0.0,0.0238,0.08328,-1.79721,-0.00104,-0.00026,7e-05,0.02347,0.07999,-1.79374,-0.00137,-0.00021,2e-05,-0.00853,0.05524,-1.79843,3,37.91,362.8346,36.4625,179.2663,0.3479,-95.2896,0.0087,24.1509,0.4206
165,000165.png,False,1788872876.300763,1788872876.240763,normal_unload,5,,0.0,0.02054,0.06865,-1.70351,-0.00087,-0.00045,-0.00019,0.0202,0.06535,-1.70004,-0.0012,-0.0004,-0.00024,-0.0047,0.04243,-1.70448,3,37.9114,362.8329,36.4672,179.2666,0.3477,-95.29,0.0018,24.1555,0.416
166,000166.png,False,1788872876.496742,1788872876.436742,normal_unload,5,,0.0,0.01491,0.05744,-1.60139,-0.00062,-0.00054,-0.00015,0.01457,0.05412,-1.5979,-0.00095,-0.00048,-0.0002,-0.00468,0.03154,-1.60217,3,37.9125,362.8266,36.4775,179.2673,0.345,-95.29,0.0034,24.1658,0.4057
167,000167.png,False,1788872876.692733,1788872876.632733,normal_unload,5,,0.0,0.01117,0.05098,-1.55954,-0.0003,-0.00042,-2e-05,0.01083,0.04766,-1.55604,-0.00064,-0.00036,-7e-05,-0.00498,0.02475,-1.56021,3,37.9136,362.825,36.484,179.2675,0.3435,-95.2902,0.0092,24.1722,0.3993
168,000168.png,False,1788872876.888736,1788872876.828736,normal_unload,5,,0.0,0.01219,0.04308,-1.55718,-0.00017,-0.0005,0.00019,0.01184,0.03974,-1.55367,-0.00051,-0.00045,0.00014,-0.00017,0.01845,-1.55771,3,37.9131,362.8225,36.4867,179.2679,0.3431,-95.2902,0.0053,24.1748,0.3966
169,000169.png,False,1788872877.276742,1788872877.216742,normal_unload,5,,0.0,0.00651,0.03396,-1.39502,-3e-05,-0.00036,0.00015,0.00616,0.0306,-1.39149,-0.00037,-0.00031,0.0001,-0.00166,0.01032,-1.39541,3,37.9148,362.8162,36.5055,179.2678,0.3426,-95.2909,0.0027,24.1935,0.3779
170,000170.png,False,1788872877.472660,1788872877.412660,normal_unload,5,,0.0,0.00894,0.03384,-1.24332,-0.00015,-0.00041,2e-05,0.00859,0.03047,-1.23977,-0.00049,-0.00035,-3e-05,-0.00054,0.01386,-1.24373,3,37.913,362.8208,36.5162,179.2675,0.3435,-95.2906,0.0029,24.2043,0.3672
171,000171.png,False,1788872877.668816,1788872877.608816,normal_unload,5,,0.0,0.01154,0.03632,-1.12464,-0.00017,-0.0003,-0.00011,0.01119,0.03294,-1.12109,-0.00051,-0.00024,-0.00016,-0.00035,0.0192,-1.12513,3,37.914,362.8214,36.5298,179.2678,0.3433,-95.2909,0.0084,24.2179,0.3536
172,000172.png,False,1788872877.864773,1788872877.804773,normal_unload,5,,0.0,0.00812,0.03017,-1.1054,2e-05,-0.00027,-2e-05,0.00777,0.02678,-1.10183,-0.00032,-0.00022,-7e-05,-0.00038,0.01248,-1.10577,3,37.9121,362.8206,36.5345,179.2678,0.3426,-95.2906,0.0061,24.2227,0.3488
173,000173.png,False,1788872878.056767,1788872877.996767,normal_unload,5,,0.0,0.01227,0.03567,-0.99671,-0.0002,-0.00023,-1e-05,0.01192,0.03227,-0.99313,-0.00055,-0.00017,-6e-05,-0.00028,0.02106,-0.9972,3,37.9129,362.8239,36.5486,179.2681,0.3423,-95.2909,0.0035,24.2368,0.3347
174,000174.png,False,1788872878.252749,1788872878.192749,normal_unload,5,,0.0,0.00786,0.02774,-0.95869,0.00013,-0.00019,-0.00013,0.00751,0.02433,-0.9551,-0.00021,-0.00013,-0.00018,-0.0004,0.0126,-0.95904,3,37.9129,362.8212,36.5541,179.268,0.3418,-95.2909,0.0091,24.2422,0.3293
175,000175.png,False,1788872878.644773,1788872878.584773,normal_unload,5,,0.0,0.0093,0.0281,-0.78028,-5e-05,-0.00022,-9e-05,0.00894,0.02467,-0.77666,-0.0004,-0.00016,-0.00014,-0.00058,0.01648,-0.78066,3,37.9144,362.8216,36.5772,179.2681,0.3423,-95.2913,0.0041,24.2653,0.3062
176,000176.png,False,1788872879.032786,1788872878.972786,normal_unload,5,,0.0,0.01075,0.02445,-0.55922,-0.00021,-0.00012,-0.00012,0.0104,0.02099,-0.55558,-0.00056,-7e-05,-0.00017,0.00097,0.01759,-0.55958,3,37.9119,362.8275,36.6159,179.2674,0.3441,-95.2913,0.0016,24.3041,0.2674
177,000177.png,False,1788872879.424760,1788872879.364760,normal_unload,5,,0.0,0.00603,0.01537,-0.44213,0.00012,-0.0002,-0.00019,0.00568,0.01189,-0.43847,-0.00024,-0.00014,-0.00025,0.00061,0.00924,-0.44234,3,37.9136,362.8194,36.6395,179.2681,0.342,-95.2915,0.0095,24.3276,0.2439
178,000178.png,False,1788872879.812764,1788872879.752764,normal_unload,5,,0.0,0.00489,0.00738,-0.24019,0.00031,-0.00014,-0.00015,0.00454,0.00388,-0.2365,-5e-05,-8e-05,-0.0002,0.00222,0.00499,-0.24029,3,37.9133,362.8191,36.6935,179.268,0.3418,-95.2917,0.0039,24.3816,0.1899
179,000179.png,False,1788872880.008781,1788872879.948781,normal_unload,5,,0.0,0.00376,0.00138,-0.14773,0.00034,-4e-05,-0.00014,0.0034,-0.00213,-0.14404,-2e-05,2e-05,-0.00019,0.00359,0.00071,-0.14774,3,37.9138,362.8188,36.719,179.2679,0.342,-95.2922,0.009,24.4071,0.1644
180,000180.png,False,1788872883.716815,1788872883.656816,normal_load,6,,2.0,-0.0018,-0.01131,-0.04192,0.00076,-0.00012,-7e-05,-0.00218,-0.01504,-0.038,0.00038,-6e-05,-0.00013,0.00439,-0.01137,-0.04171,3,37.9159,362.8041,36.8459,179.2706,0.3323,-95.2941,0.0078,24.5337,0.0378
181,000181.png,False,1788872883.912815,1788872883.852815,normal_load,6,,2.0,-0.00471,-0.00951,-0.09959,0.00068,-5e-05,-7e-05,-0.0051,-0.01324,-0.09566,0.00031,2e-05,-0.00012,0.00136,-0.01218,-0.0994,3,37.9158,362.8046,36.7899,179.271,0.3306,-95.2941,0.0024,24.4777,0.0938
182,000182.png,False,1788872884.104722,1788872884.044723,normal_load,6,,2.0,-0.00057,-0.01002,-0.11729,0.00071,-0.00016,-8e-05,-0.00095,-0.01376,-0.11334,0.00034,-9e-05,-0.00014,0.00533,-0.01084,-0.11709,3,37.915,362.8063,36.7931,179.2708,0.3315,-95.2941,0.0071,24.4809,0.0906
183,000183.png,False,1788872884.300803,1788872884.240803,normal_load,6,,2.0,0.00022,0.00498,-0.43057,0.00034,-0.00021,2e-05,-0.00017,0.00122,-0.42661,-4e-05,-0.00015,-4e-05,0.00068,-0.00248,-0.43059,3,37.9148,362.8109,36.6924,179.2708,0.3324,-95.2939,0.0074,24.3803,0.1912
184,000184.png,False,1788872884.496723,1788872884.436723,normal_load,6,,2.0,0.00406,0.00569,-0.39436,0.00026,-0.00026,1e-05,0.00368,0.00192,-0.3904,-0.00012,-0.0002,-5e-05,0.00341,0.00064,-0.39441,3,37.9149,362.8125,36.6896,179.2709,0.3319,-95.2941,0.0024,24.3776,0.1939
185,000185.png,False,1788872884.692811,1788872884.632812,normal_load,6,,2.0,0.00574,0.02345,-0.68886,-0.0,-0.00019,-5e-05,0.00536,0.01967,-0.68488,-0.00038,-0.00013,-0.00011,-0.00196,0.01214,-0.68917,3,37.9137,362.8171,36.6349,179.2699,0.3348,-95.2941,0.0027,24.323,0.2485
186,000186.png,False,1788872884.884835,1788872884.824836,normal_load,6,,2.0,0.00735,0.02474,-0.70733,7e-05,-0.0002,0.00013,0.00696,0.02095,-0.70334,-0.00032,-0.00013,7e-05,-0.00109,0.01376,-0.70766,3,37.9135,362.8178,36.6291,179.2699,0.3348,-95.2939,0.0082,24.3172,0.2543
187,000187.png,False,1788872885.080726,1788872885.020726,normal_load,6,,2.0,0.01712,0.04217,-0.92821,-0.0004,-0.00014,-2e-05,0.01673,0.03837,-0.92421,-0.00078,-7e-05,-7e-05,0.00019,0.03021,-0.92884,3,37.9114,362.827,36.5939,179.2687,0.3383,-95.2941,0.0019,24.2821,0.2894
188,000188.png,False,1788872885.276813,1788872885.216813,normal_load,6,,2.0,0.01518,0.04561,-1.14657,-0.00029,-0.0002,-8e-05,0.01479,0.04179,-1.14256,-0.00068,-0.00013,-0.00014,-0.00169,0.02872,-1.14722,3,37.9136,362.8251,36.5602,179.2688,0.3386,-95.2941,0.0041,24.2484,0.3231
189,000189.png,False,1788872885.472842,1788872885.412843,normal_load,6,,2.0,0.01619,0.05126,-1.12786,-0.00041,-0.00019,-0.00014,0.0158,0.04744,-1.12384,-0.00079,-0.00012,-0.0002,-0.00377,0.03442,-1.12861,3,37.9112,362.8287,36.5586,179.2685,0.339,-95.2941,0.0042,24.2469,0.3246
190,000190.png,False,1788872885.860861,1788872885.800861,normal_load,6,,2.0,0.01441,0.05215,-1.58995,-0.00032,-0.00036,-0.0001,0.01402,0.0483,-1.5859,-0.00071,-0.00029,-0.00015,-0.00255,0.0269,-1.59064,3,37.9127,362.8224,36.501,179.2694,0.3365,-95.2939,0.0082,24.1892,0.3823
191,000191.png,False,1788872886.056847,1788872885.996847,normal_load,6,,2.0,0.01785,0.06168,-1.72222,-0.00051,-0.00036,-3e-05,0.01746,0.05782,-1.71816,-0.0009,-0.00029,-9e-05,-0.00341,0.03475,-1.72306,3,37.9123,362.8253,36.486,179.2691,0.3376,-95.2939,0.0023,24.1742,0.3973
192,000192.png,False,1788872886.252795,1788872886.192796,normal_load,6,,2.0,0.02229,0.07603,-1.85971,-0.00084,-0.00034,0.0001,0.0219,0.07216,-1.85564,-0.00123,-0.00027,4e-05,-0.00578,0.0472,-1.86079,3,37.9109,362.832,36.469,179.2683,0.3405,-95.2941,0.004,24.1573,0.4142
193,000193.png,False,1788872886.448836,1788872886.388836,normal_load,6,,2.0,0.02897,0.09084,-1.96771,-0.00126,-0.00035,0.00016,0.02857,0.08697,-1.96363,-0.00165,-0.00028,0.0001,-0.00666,0.06163,-1.96904,3,37.9099,362.8369,36.4589,179.268,0.3415,-95.2939,0.0101,24.1473,0.4242
194,000194.png,False,1788872886.640847,1788872886.580848,normal_unload,6,,0.0,0.02802,0.08597,-1.93378,-0.00117,-0.00036,4e-05,0.02762,0.08208,-1.92969,-0.00157,-0.0003,-2e-05,-0.00528,0.05748,-1.93503,3,37.9088,362.8371,36.4589,179.268,0.3415,-95.2939,0.0,24.1473,0.4242
195,000195.png,False,1788872886.836868,1788872886.776868,normal_unload,6,,0.0,0.02586,0.0872,-1.94505,-0.00102,-0.0003,0.00015,0.02546,0.0833,-1.94094,-0.00141,-0.00023,9e-05,-0.00768,0.05729,-1.94632,3,37.9106,362.8362,36.4573,179.2681,0.3413,-95.2941,0.0052,24.1457,0.4258
196,000196.png,False,1788872887.032747,1788872886.972747,normal_unload,6,,0.0,0.0272,0.08901,-1.89123,-0.00118,-0.0003,0.00014,0.0268,0.0851,-1.88712,-0.00158,-0.00023,9e-05,-0.0078,0.06039,-1.89254,3,37.9107,362.8359,36.4602,179.2683,0.3405,-95.2941,0.0063,24.1486,0.4228
197,000197.png,False,1788872887.228804,1788872887.168804,normal_unload,6,,0.0,0.02318,0.07565,-1.88236,-0.00078,-0.00034,0.00024,0.02278,0.07173,-1.87823,-0.00118,-0.00028,0.00018,-0.00467,0.04695,-1.88343,3,37.911,362.8329,36.4605,179.2687,0.3392,-95.2939,0.0018,24.1488,0.4227
198,000198.png,False,1788872887.420855,1788872887.360855,normal_unload,6,,0.0,0.02192,0.06573,-1.7863,-0.00079,-0.00058,4e-05,0.02152,0.0618,-1.78216,-0.00119,-0.00052,-2e-05,-0.00147,0.03927,-1.78721,3,37.912,362.8302,36.4648,179.2691,0.3375,-95.2943,0.0098,24.1531,0.4184
199,000199.png,False,1788872887.812874,1788872887.752874,normal_unload,6,,0.0,0.01409,0.04783,-1.71617,-0.00022,-0.00059,0.00019,0.01369,0.04387,-1.712,-0.00062,-0.00053,0.00013,0.00021,0.02097,-1.71676,3,37.9128,362.8216,36.4753,179.2702,0.3338,-95.2943,0.0007,24.1635,0.408
200,000200.png,False,1788872888.008862,1788872887.948862,normal_unload,6,,0.0,0.00746,0.03141,-1.64008,-1e-05,-0.00069,0.0002,0.00705,0.02744,-1.6359,-0.00041,-0.00062,0.00014,0.00214,0.00466,-1.64039,3,37.9139,362.8154,36.4783,179.2706,0.3323,-95.2943,0.0064,24.1664,0.4051
201,000201.png,False,1788872888.396849,1788872888.336849,normal_unload,6,,0.0,0.00526,0.02405,-1.57545,0.00041,-0.00065,0.00018,0.00486,0.02006,-1.57125,1e-05,-0.00058,0.00012,0.00347,-0.00178,-1.57564,3,37.9149,362.81,36.4888,179.271,0.3306,-95.2945,0.0012,24.1767,0.3948
202,000202.png,False,1788872888.592804,1788872888.532804,normal_unload,6,,0.0,0.00536,0.02349,-1.4534,0.0002,-0.00076,-0.00017,0.00495,0.01949,-1.4492,-0.00021,-0.00069,-0.00023,0.00298,-0.00026,-1.4536,3,37.9139,362.8104,36.4926,179.2712,0.3298,-95.2945,0.0069,24.1806,0.3909
203,000203.png,False,1788872888.984859,1788872888.924860,normal_unload,6,,0.0,0.00145,0.01072,-1.3399,0.00055,-0.00062,0.00023,0.00104,0.0067,-1.33566,0.00014,-0.00055,0.00017,0.00519,-0.01146,-1.33988,3,37.9149,362.8074,36.5125,179.2714,0.3285,-95.2948,0.0018,24.2004,0.3711
204,000204.png,False,1788872889.176771,1788872889.116771,normal_unload,6,,0.0,-0.00146,0.004,-1.22265,0.00069,-0.0007,-7e-05,-0.00187,-3e-05,-1.2184,0.00029,-0.00063,-0.00013,0.00522,-0.01685,-1.22253,3,37.9166,362.8046,36.5185,179.2719,0.3273,-95.2954,0.0079,24.2063,0.3652
205,000205.png,False,1788872889.372844,1788872889.312844,normal_unload,6,,0.0,-3e-05,0.00724,-1.09121,0.00051,-0.00056,-0.00011,-0.00044,0.0032,-1.08695,0.0001,-0.00049,-0.00017,0.00392,-0.01122,-1.09117,3,37.9172,362.8044,36.5345,179.2718,0.3277,-95.2952,0.0002,24.2223,0.3491
206,000206.png,False,1788872889.568860,1788872889.508860,normal_unload,6,,0.0,-0.00151,0.00465,-1.07574,0.00055,-0.00054,-0.00013,-0.00193,0.00059,-1.07148,0.00014,-0.00047,-0.00019,0.00383,-0.01396,-1.07566,3,37.9158,362.805,36.5358,179.2718,0.3279,-95.2956,0.0053,24.2237,0.3478
207,000207.png,False,1788872889.956875,1788872889.896875,normal_unload,6,,0.0,-8e-05,0.0045,-0.94997,0.00062,-0.0004,0.00012,-0.00049,0.00042,-0.94568,0.00021,-0.00033,6e-05,0.00427,-0.01136,-0.9499,3,37.9135,362.8147,36.5607,179.2716,0.3276,-95.2963,0.0001,24.2487,0.3228
208,000208.png,False,1788872890.152862,1788872890.092862,normal_unload,6,,0.0,0.00048,0.00546,-0.76274,0.00065,-0.00029,0.00013,7e-05,0.00137,-0.75844,0.00024,-0.00022,7e-05,0.00298,-0.00725,-0.76272,3,37.9151,362.809,36.5817,179.2719,0.3272,-95.2958,0.005,24.2696,0.3019
209,000209.png,False,1788872890.348922,1788872890.288923,normal_unload,6,,0.0,0.00281,0.0088,-0.72301,0.00051,-0.00021,0.00014,0.00239,0.0047,-0.71869,9e-05,-0.00014,8e-05,0.00305,-0.00256,-0.72305,3,37.9162,362.8101,36.5935,179.2719,0.3275,-95.2963,0.0095,24.2815,0.29
210,000210.png,False,1788872890.544933,1788872890.484933,normal_unload,6,,0.0,0.00034,0.00199,-0.52913,0.00055,-0.0003,-1e-05,-9e-05,-0.00212,-0.52481,0.00013,-0.00023,-7e-05,0.00296,-0.00658,-0.52909,3,37.9161,362.8092,36.62,179.2716,0.3283,-95.2965,0.0041,24.308,0.2635
211,000211.png,False,1788872890.740808,1788872890.680808,normal_unload,6,,0.0,-0.00013,0.00289,-0.45981,0.00054,-0.00013,0.00012,-0.00056,-0.00123,-0.45547,0.00012,-6e-05,6e-05,0.00163,-0.00493,-0.45979,3,37.9147,362.8109,36.6344,179.2715,0.3287,-95.2965,0.0088,24.3224,0.2491
212,000212.png,False,1788872890.932878,1788872890.872879,normal_unload,6,,0.0,-0.00011,0.0019,-0.41271,0.00058,-0.00015,0.00012,-0.00054,-0.00223,-0.40836,0.00017,-8e-05,5e-05,0.00181,-0.00502,-0.41268,3,37.9149,362.8099,36.6499,179.2716,0.3285,-95.2967,0.002,24.3379,0.2336
213,000213.png,False,1788872891.128870,1788872891.068870,normal_unload,6,,0.0,-0.00441,-0.00647,-0.27476,0.00084,-4e-05,0.0001,-0.00484,-0.01061,-0.2704,0.00042,3e-05,4e-05,0.00131,-0.01221,-0.2746,3,37.9155,362.8079,36.6803,179.2716,0.3283,-95.2967,0.0032,24.3682,0.2033
214,000214.png,False,1788872891.324857,1788872891.264857,normal_unload,6,,0.0,-0.0038,-0.00757,-0.2635,0.00075,-0.00018,0.00012,-0.00423,-0.01173,-0.25913,0.00033,-0.0001,6e-05,0.00232,-0.01268,-0.26332,3,37.9158,362.8046,36.6894,179.2719,0.3272,-95.2969,0.0087,24.3773,0.1942
215,000215.png,False,1788872891.520889,1788872891.460889,normal_unload,6,,0.0,-0.00439,-0.01083,-0.12391,0.00072,-0.00028,0.00011,-0.00482,-0.015,-0.11953,0.0003,-0.0002,5e-05,0.00246,-0.01356,-0.12369,3,37.9167,362.8039,36.7244,179.2722,0.3269,-95.2969,0.0061,24.4122,0.1592
216,000216.png,False,1788872891.908869,1788872891.848869,normal_unload,6,,0.0,-0.00671,-0.01705,-0.01198,0.00084,-0.00018,8e-05,-0.00714,-0.02123,-0.00758,0.00041,-0.00011,2e-05,0.00279,-0.01831,-0.01167,3,37.9181,362.7991,36.7792,179.2726,0.3249,-95.2971,0.0087,24.4669,0.1046
217,000217.png,False,1788872895.616894,1788872895.556895,normal_load,7,,2.0,-0.00466,0.0006,-0.03768,0.00069,6e-05,3e-05,-0.00511,-0.0038,-0.03306,0.00025,0.00014,-3e-05,-0.00407,-0.00241,-0.03768,3,37.9119,362.8224,36.8553,179.2721,0.3257,-95.2995,0.0035,24.5434,0.0281
218,000218.png,False,1788872896.004906,1788872895.944906,normal_load,7,,2.0,-0.00175,0.00157,-0.17082,0.00056,-5e-05,4e-05,-0.00221,-0.00285,-0.16617,0.00011,3e-05,-3e-05,-0.00112,-0.00226,-0.17082,3,37.9125,362.8231,36.7673,179.2719,0.3254,-95.3,0.0085,24.4555,0.116
219,000219.png,False,1788872896.396928,1788872896.336928,normal_load,7,,2.0,-0.00027,0.01708,-0.44921,0.00042,0.0,2e-05,-0.00073,0.01264,-0.44454,-3e-05,8e-05,-5e-05,-0.00565,0.00746,-0.44944,3,37.9135,362.8213,36.6751,179.2726,0.324,-95.3,0.0025,24.3632,0.2083
220,000220.png,False,1788872896.784951,1788872896.724952,normal_load,7,,2.0,0.0089,0.03944,-0.90133,-1e-05,-0.00014,9e-05,0.00844,0.03498,-0.89663,-0.00046,-6e-05,3e-05,-0.00575,0.02417,-0.90189,3,37.9113,362.8344,36.5939,179.2712,0.329,-95.3002,0.0049,24.2822,0.2893
221,000221.png,False,1788872896.980963,1788872896.920963,normal_load,7,,2.0,0.01381,0.04855,-1.02441,-0.00038,-0.00014,6e-05,0.01335,0.04408,-1.0197,-0.00083,-6e-05,-0.0,-0.00519,0.03254,-1.02512,3,37.9105,362.8361,36.579,179.2709,0.3292,-95.2998,0.0095,24.2674,0.3041
222,000222.png,False,1788872897.176936,1788872897.116936,normal_load,7,,2.0,0.01476,0.07299,-1.31054,-0.00059,-9e-05,-0.00012,0.0143,0.0685,-1.30582,-0.00105,-2e-05,-0.00019,-0.0146,0.04959,-1.31164,2,37.9077,362.8455,36.5432,179.2698,0.3334,-95.3,0.0037,24.2318,0.3397
223,000223.png,False,1788872897.372966,1788872897.312966,normal_load,7,,2.0,0.0179,0.07015,-1.29378,-0.00061,-9e-05,0.00014,0.01744,0.06565,-1.28905,-0.00107,-2e-05,7e-05,-0.01057,0.04897,-1.29483,3,37.9091,362.8442,36.5412,179.2699,0.3327,-95.3002,0.0019,24.2298,0.3417
224,000224.png,False,1788872897.568847,1788872897.508847,normal_load,7,,2.0,0.01934,0.07484,-1.5439,-0.00085,-0.00033,0.00025,0.01888,0.07034,-1.53916,-0.00131,-0.00025,0.00019,-0.00994,0.04975,-1.545,3,37.909,362.8441,36.5119,179.2697,0.3329,-95.3004,0.0077,24.2005,0.371
225,000225.png,False,1788872897.760952,1788872897.700953,normal_load,7,,2.0,0.01933,0.07475,-1.69947,-0.00078,-0.00034,0.00012,0.01886,0.07023,-1.69471,-0.00124,-0.00026,6e-05,-0.00882,0.04717,-1.70054,3,37.9084,362.8408,36.4892,179.2707,0.33,-95.3002,0.0031,24.1777,0.3938
226,000226.png,False,1788872897.956944,1788872897.896944,normal_load,7,,2.0,0.01868,0.07803,-1.83574,-0.0007,-0.00039,0.00013,0.01821,0.0735,-1.83097,-0.00115,-0.00032,6e-05,-0.01008,0.04751,-1.83685,3,37.9081,362.8421,36.4768,179.2706,0.3304,-95.3002,0.0019,24.1653,0.4062
227,000227.png,False,1788872898.153017,1788872898.093017,normal_load,7,,2.0,0.01982,0.08324,-1.87352,-0.00088,-0.00049,-7e-05,0.01936,0.07869,-1.86874,-0.00134,-0.00041,-0.00014,-0.01143,0.05198,-1.87472,3,37.9084,362.843,36.4669,179.2702,0.3319,-95.3004,0.0053,24.1554,0.4161
228,000228.png,False,1788872899.324965,1788872899.264966,normal_unload,7,,0.0,0.02465,0.09222,-1.98797,-0.00108,-0.00038,-0.00014,0.02418,0.08761,-1.98312,-0.00154,-0.0003,-0.00021,-0.01094,0.06034,-1.98931,3,37.9075,362.848,36.4434,179.2697,0.3327,-95.3011,0.0099,24.132,0.4394
229,000229.png,False,1788872899.516963,1788872899.456964,normal_unload,7,,0.0,0.02385,0.0847,-1.98087,-0.00086,-0.00045,4e-05,0.02338,0.08008,-1.97601,-0.00133,-0.00037,-3e-05,-0.00792,0.05355,-1.98208,3,37.9082,362.8457,36.4451,179.2702,0.3319,-95.3011,0.0195,24.1337,0.4378
230,000230.png,False,1788872899.712981,1788872899.652982,normal_unload,7,,0.0,0.01428,0.07093,-1.89407,-0.0005,-0.00042,-5e-05,0.0138,0.06629,-1.8892,-0.00097,-0.00034,-0.00012,-0.00994,0.03822,-1.89504,3,37.9099,362.84,36.4502,179.2708,0.3296,-95.3013,0.0049,24.1386,0.4328
231,000231.png,False,1788872899.908927,1788872899.848927,normal_unload,7,,0.0,0.0164,0.07241,-1.87327,-0.00046,-0.00052,0.00022,0.01592,0.06777,-1.86839,-0.00093,-0.00044,0.00015,-0.00899,0.0409,-1.87428,3,37.9079,362.8422,36.4556,179.2708,0.3294,-95.3013,0.0097,24.1441,0.4274
232,000232.png,False,1788872900.104965,1788872900.044966,normal_unload,7,,0.0,0.01317,0.06111,-1.83671,-0.00023,-0.00053,0.00025,0.01269,0.05646,-1.83181,-0.0007,-0.00045,0.00018,-0.00639,0.03009,-1.83751,3,37.9103,362.8368,36.4577,179.2714,0.3273,-95.3015,0.0041,24.1461,0.4253
233,000233.png,False,1788872900.296878,1788872900.236878,normal_unload,7,,0.0,0.01,0.0548,-1.75349,-0.0001,-0.00055,0.00017,0.00952,0.05014,-1.74858,-0.00058,-0.00047,0.0001,-0.00656,0.02437,-1.7542,4,37.911,362.8337,36.4633,179.2718,0.326,-95.3019,0.0073,24.1517,0.4198
234,000234.png,False,1788872900.492877,1788872900.432878,normal_unload,7,,0.0,0.00954,0.04732,-1.7051,7e-05,-0.00065,8e-05,0.00906,0.04264,-1.70019,-0.00041,-0.00057,1e-05,-0.00356,0.01843,-1.70568,3,37.9099,362.829,36.4684,179.2719,0.3247,-95.3015,0.002,24.1567,0.4148
235,000235.png,False,1788872900.688883,1788872900.628883,normal_unload,7,,0.0,0.00497,0.04529,-1.67454,0.00016,-0.00059,-1e-05,0.00449,0.04061,-1.66961,-0.00032,-0.00051,-8e-05,-0.00672,0.01489,-1.67508,3,37.9115,362.8301,36.4694,179.2722,0.3245,-95.3022,0.0038,24.1577,0.4138
236,000236.png,False,1788872900.884881,1788872900.824882,normal_unload,7,,0.0,0.00172,0.03179,-1.6057,0.00045,-0.00066,9e-05,0.00124,0.02709,-1.60076,-3e-05,-0.00057,2e-05,-0.00326,0.00267,-1.60601,3,37.9119,362.8243,36.4761,179.2728,0.3222,-95.3019,0.0095,24.1643,0.4072
237,000237.png,False,1788872901.076885,1788872901.016885,normal_unload,7,,0.0,0.00114,0.02514,-1.50958,0.00058,-0.00062,7e-05,0.00066,0.02043,-1.50463,0.0001,-0.00054,0.0,-0.00111,-0.00184,-1.50979,3,37.9119,362.8209,36.4846,179.2731,0.321,-95.3019,0.0012,24.1728,0.3987
238,000238.png,False,1788872901.272958,1788872901.212958,normal_unload,7,,0.0,-0.00107,0.03002,-1.48721,0.00039,-0.00062,3e-05,-0.00156,0.0253,-1.48224,-8e-05,-0.00054,-4e-05,-0.00562,0.00164,-1.4875,3,37.9115,362.8231,36.4863,179.273,0.3214,-95.3021,0.0041,24.1745,0.397
239,000239.png,False,1788872901.468997,1788872901.408997,normal_unload,7,,0.0,0.00015,0.02322,-1.36201,0.00059,-0.00051,0.00014,-0.00033,0.01849,-1.35703,0.00011,-0.00043,7e-05,-0.00203,-0.00163,-1.36221,3,37.9114,362.8236,36.5024,179.273,0.3216,-95.3021,0.0097,24.1906,0.3809
240,000240.png,False,1788872901.665004,1788872901.605004,normal_unload,7,,0.0,0.00623,0.04212,-1.26922,0.00017,-0.00031,0.00026,0.00575,0.03738,-1.26424,-0.00031,-0.00023,0.00019,-0.00685,0.01926,-1.26977,3,37.9116,362.8286,36.5142,179.2726,0.3228,-95.3026,0.005,24.2025,0.369
241,000241.png,False,1788872901.860995,1788872901.800995,normal_unload,7,,0.0,0.00397,0.03322,-1.17035,0.00019,-0.00043,0.0003,0.00348,0.02847,-1.16535,-0.00029,-0.00035,0.00023,-0.00504,0.01201,-1.17076,3,37.9102,362.8274,36.5246,179.2725,0.3224,-95.3024,0.0001,24.2129,0.3586
242,000242.png,False,1788872902.053003,1788872901.993003,normal_unload,7,,0.0,0.00592,0.03341,-1.06162,0.00015,-0.00035,-4e-05,0.00543,0.02865,-1.05661,-0.00033,-0.00027,-0.00011,-0.00421,0.01489,-1.06205,3,37.9108,362.8292,36.5375,179.2727,0.3226,-95.3026,0.0094,24.2258,0.3457
243,000243.png,False,1788872902.248996,1788872902.188997,normal_unload,7,,0.0,0.00432,0.03115,-1.00363,0.00034,-0.00036,2e-05,0.00383,0.02638,-0.99861,-0.00014,-0.00027,-5e-05,-0.00486,0.01306,-1.00403,3,37.9121,362.8271,36.5437,179.2732,0.3214,-95.3028,0.0059,24.232,0.3395
244,000244.png,False,1788872902.444978,1788872902.384978,normal_unload,7,,0.0,-0.00131,0.01726,-0.8786,0.00055,-0.00034,0.00012,-0.0018,0.01247,-0.87356,6e-05,-0.00025,5e-05,-0.00367,0.00022,-0.87876,3,37.9114,362.824,36.562,179.2731,0.3212,-95.3028,0.0002,24.2502,0.3213
245,000245.png,False,1788872902.640984,1788872902.580984,normal_unload,7,,0.0,-0.00163,0.01925,-0.87819,0.00051,-0.00032,0.0001,-0.00212,0.01445,-0.87315,2e-05,-0.00024,3e-05,-0.00494,0.00179,-0.87839,3,37.9127,362.8233,36.5641,179.2731,0.321,-95.3032,0.0054,24.2523,0.3192
246,000246.png,False,1788872903.029009,1788872902.969009,normal_unload,7,,0.0,-0.00276,0.01252,-0.68752,0.00065,-0.0002,-2e-05,-0.00325,0.0077,-0.68245,0.00017,-0.00012,-9e-05,-0.00388,-0.00155,-0.68763,3,37.9131,362.8206,36.5928,179.2733,0.3203,-95.3035,0.0024,24.2809,0.2906
247,000247.png,False,1788872903.225018,1788872903.165018,normal_unload,7,,0.0,-0.00313,0.00634,-0.50613,0.0007,-0.00024,-0.00011,-0.00363,0.00151,-0.50104,0.00021,-0.00016,-0.00019,-0.00237,-0.00419,-0.50615,3,37.9127,362.8214,36.6186,179.2735,0.3206,-95.3035,0.0081,24.3067,0.2648
248,000248.png,False,1788872903.420977,1788872903.360977,normal_unload,7,,0.0,-0.00336,0.01066,-0.53608,0.00065,-0.00022,6e-05,-0.00386,0.00582,-0.53099,0.00016,-0.00013,-1e-05,-0.00452,-0.00103,-0.53618,3,37.9133,362.8199,36.619,179.2733,0.3201,-95.3039,0.0063,24.3071,0.2644
249,000249.png,False,1788872903.616996,1788872903.556996,normal_unload,7,,0.0,-0.0043,0.00848,-0.35395,0.00067,-0.00013,-6e-05,-0.0048,0.00363,-0.34884,0.00018,-4e-05,-0.00013,-0.00551,-0.00047,-0.35403,3,37.9134,362.8199,36.6527,179.2732,0.3207,-95.3039,0.0005,24.3408,0.2307
250,000250.png,False,1788872903.808990,1788872903.748990,normal_unload,7,,0.0,-0.00093,0.0079,-0.37637,0.00062,-0.00017,0.00015,-0.00142,0.00304,-0.37125,0.00013,-9e-05,8e-05,-0.00214,0.00035,-0.37644,3,37.912,362.824,36.6604,179.273,0.3214,-95.3037,0.0093,24.3485,0.2229
251,000251.png,False,1788872904.201011,1788872904.141011,normal_unload,7,,0.0,-0.00676,0.00435,-0.19678,0.00083,-9e-05,0.00012,-0.00726,-0.00053,-0.19164,0.00033,-1e-05,4e-05,-0.00667,-0.00276,-0.19681,3,37.9116,362.8205,36.7106,179.273,0.3205,-95.3039,0.0053,24.3987,0.1728
252,000252.png,False,1788872907.909030,1788872907.849030,normal_load,8,,2.0,-0.00835,-0.00282,-0.06383,0.00081,-0.00011,0.00034,-0.00887,-0.00791,-0.05847,0.00029,-3e-05,0.00026,-0.00538,-0.00764,-0.06375,3,37.9131,362.8081,36.8576,179.2753,0.3111,-95.3058,0.0017,24.5455,0.026
253,000253.png,False,1788872908.297064,1788872908.237064,normal_load,8,,2.0,-0.00576,0.00177,-0.11045,0.00075,-8e-05,0.00043,-0.00629,-0.00334,-0.10506,0.00023,0.0,0.00035,-0.00511,-0.00311,-0.11045,4,37.9104,362.815,36.8203,179.2748,0.3121,-95.3056,0.0019,24.5083,0.0632
254,000254.png,False,1788872908.492964,1788872908.432964,normal_load,8,,2.0,-0.00402,0.0101,-0.13987,0.00053,-3e-05,0.00011,-0.00455,0.00497,-0.13447,1e-05,6e-05,3e-05,-0.00756,0.0045,-0.14002,3,37.9122,362.8208,36.7861,179.2742,0.3153,-95.3063,0.0035,24.4742,0.0973
255,000255.png,False,1788872908.688962,1788872908.628962,normal_load,8,,2.0,-0.00692,-2e-05,-0.26214,0.00081,-0.00018,0.00023,-0.00745,-0.00516,-0.25673,0.00029,-9e-05,0.00016,-0.00417,-0.00767,-0.26209,3,37.9135,362.8116,36.7359,179.2755,0.3114,-95.306,0.0093,24.4239,0.1476
256,000256.png,False,1788872908.881027,1788872908.821027,normal_load,8,,2.0,-0.00272,0.01962,-0.44233,0.00039,-8e-05,0.00032,-0.00325,0.01447,-0.43691,-0.00013,1e-05,0.00024,-0.00909,0.00855,-0.44259,3,37.9102,362.8224,36.6934,179.2741,0.3149,-95.3058,0.0013,24.3815,0.19
257,000257.png,False,1788872909.077091,1788872909.017091,normal_load,8,,2.0,0.00047,0.02508,-0.63011,0.00038,-6e-05,0.00031,-5e-05,0.01992,-0.62468,-0.00014,3e-05,0.00023,-0.00775,0.01186,-0.63045,3,37.9116,362.8237,36.653,179.2743,0.3158,-95.3063,0.0093,24.3411,0.2304
258,000258.png,False,1788872909.273080,1788872909.213080,normal_load,8,,2.0,0.0058,0.03588,-0.78838,0.0001,-0.00014,0.00031,0.00527,0.0307,-0.78293,-0.00042,-5e-05,0.00023,-0.00743,0.02134,-0.78889,3,37.9109,362.8291,36.6216,179.2738,0.3168,-95.3063,0.0052,24.3099,0.2616
259,000259.png,False,1788872909.469054,1788872909.409054,normal_load,8,,2.0,0.00662,0.04665,-0.97251,-6e-05,-9e-05,0.00043,0.00609,0.04147,-0.96706,-0.00059,0.0,0.00035,-0.01083,0.02814,-0.97319,3,37.9099,362.834,36.5855,179.2734,0.3183,-95.3061,0.0007,24.2738,0.2977
260,000260.png,False,1788872909.660977,1788872909.600977,normal_load,8,,2.0,0.00749,0.04976,-1.0204,-0.00015,-6e-05,0.00014,0.00696,0.04457,-1.01493,-0.00067,3e-05,7e-05,-0.0113,0.03049,-1.02112,3,37.9088,362.8343,36.5786,179.2735,0.3188,-95.3058,0.0099,24.2669,0.3046
261,000261.png,False,1788872910.053065,1788872909.993065,normal_load,8,,2.0,0.01796,0.06554,-1.26961,-0.00057,-0.00024,9e-05,0.01742,0.06033,-1.26412,-0.0011,-0.00015,1e-05,-0.00839,0.0454,-1.27059,3,37.9091,362.8344,36.5329,179.2732,0.3198,-95.3063,0.0014,24.2212,0.3503
262,000262.png,False,1788872910.249109,1788872910.189109,normal_load,8,,2.0,0.01597,0.06957,-1.51811,-0.00054,-0.00029,0.00018,0.01543,0.06434,-1.51261,-0.00107,-0.0002,0.00011,-0.0104,0.04391,-1.51912,3,37.9098,362.838,36.5115,179.2728,0.3204,-95.3065,0.0068,24.1999,0.3716
263,000263.png,False,1788872910.445065,1788872910.385066,normal_load,8,,2.0,0.01416,0.06636,-1.8252,-0.00038,-0.00054,0.00017,0.01362,0.06112,-1.81969,-0.00091,-0.00045,0.0001,-0.00823,0.03531,-1.82611,3,37.9087,362.8343,36.4755,179.2734,0.3183,-95.3061,0.0026,24.1639,0.4076
264,000264.png,False,1788872912.393095,1788872912.333095,normal_unload,8,,0.0,0.01014,0.05705,-1.8961,-9e-05,-0.00063,0.00014,0.00959,0.0517,-1.89048,-0.00063,-0.00054,6e-05,-0.00658,0.0241,-1.89683,3,37.9098,362.8275,36.4514,179.2744,0.3147,-95.3069,0.005,24.1397,0.4318
265,000265.png,False,1788872912.589116,1788872912.529116,normal_unload,8,,0.0,0.00735,0.05084,-1.83768,0.00018,-0.00061,9e-05,0.00681,0.04548,-1.83204,-0.00037,-0.00052,1e-05,-0.00629,0.01827,-1.83829,3,37.9107,362.8273,36.4544,179.2745,0.315,-95.3069,0.0099,24.1427,0.4288
266,000266.png,False,1788872912.785094,1788872912.725095,normal_unload,8,,0.0,0.00419,0.04372,-1.79012,0.00017,-0.00063,0.00017,0.00364,0.03835,-1.78446,-0.00037,-0.00053,9e-05,-0.0058,0.01128,-1.79061,3,37.9115,362.8241,36.4581,179.2746,0.3137,-95.3074,0.0042,24.1463,0.4252
267,000267.png,False,1788872912.981076,1788872912.921076,normal_unload,8,,0.0,0.00301,0.04277,-1.70957,0.0002,-0.00066,0.00017,0.00246,0.03739,-1.70391,-0.00034,-0.00057,9e-05,-0.00691,0.01116,-1.71006,3,37.9117,362.8247,36.4631,179.2748,0.313,-95.308,0.0065,24.1513,0.4202
268,000268.png,False,1788872913.173089,1788872913.113089,normal_unload,8,,0.0,0.0061,0.04012,-1.70536,0.0002,-0.00071,0.00013,0.00554,0.03472,-1.69968,-0.00035,-0.00062,5e-05,-0.00294,0.01047,-1.70581,3,37.9108,362.8254,36.4643,179.275,0.3133,-95.3076,0.004,24.1526,0.4189
269,000269.png,False,1788872913.369152,1788872913.309152,normal_unload,8,,0.0,0.00116,0.03257,-1.62708,0.00051,-0.00061,0.00015,0.00061,0.02716,-1.62139,-4e-05,-0.00052,7e-05,-0.00398,0.00272,-1.62739,3,37.9108,362.822,36.472,179.2753,0.3113,-95.3078,0.0014,24.1601,0.4114
270,000270.png,False,1788872913.761101,1788872913.701101,normal_unload,8,,0.0,-0.00227,0.01899,-1.51427,0.00076,-0.00069,0.00018,-0.00283,0.01356,-1.50856,0.00021,-0.0006,0.0001,-0.00096,-0.00894,-1.51437,3,37.9122,362.8175,36.4868,179.2757,0.3099,-95.308,0.0086,24.1749,0.3966
271,000271.png,False,1788872913.953066,1788872913.893066,normal_unload,8,,0.0,-0.00047,0.02044,-1.34248,0.00064,-0.00066,0.00012,-0.00103,0.015,-1.33675,9e-05,-0.00056,4e-05,-0.00131,-0.00404,-1.34263,3,37.9148,362.8164,36.4993,179.2761,0.3091,-95.3084,0.0007,24.1874,0.3841
272,000272.png,False,1788872914.149105,1788872914.089105,normal_unload,8,,0.0,0.00081,0.02311,-1.18929,0.00057,-0.00053,2e-05,0.00025,0.01766,-1.18355,2e-05,-0.00044,-6e-05,-0.0026,0.00137,-1.18951,3,37.9121,362.8192,36.5189,179.2759,0.3099,-95.3084,0.0057,24.207,0.3645
273,000273.png,False,1788872914.345149,1788872914.285149,normal_unload,8,,0.0,-0.00145,0.01909,-1.14025,0.00068,-0.00046,-3e-05,-0.00201,0.01363,-1.13451,0.00013,-0.00037,-0.00011,-0.00289,-0.00245,-1.14041,3,37.9125,362.8179,36.5223,179.2759,0.3099,-95.3084,0.0093,24.2104,0.3611
274,000274.png,False,1788872914.541114,1788872914.481114,normal_unload,8,,0.0,-0.00058,0.02568,-1.0154,0.00041,-0.00035,-1e-05,-0.00115,0.02021,-1.00965,-0.00014,-0.00025,-9e-05,-0.0063,0.00568,-1.01569,3,37.9124,362.8207,36.5377,179.2757,0.3096,-95.3089,0.0039,24.2258,0.3457
275,000275.png,False,1788872914.737146,1788872914.677146,normal_unload,8,,0.0,0.00044,0.02306,-1.02141,0.00055,-0.00038,1e-05,-0.00012,0.01758,-1.01564,-0.0,-0.00029,-8e-05,-0.00406,0.00383,-1.02166,3,37.9122,362.8204,36.5412,179.2758,0.3094,-95.3089,0.0012,24.2293,0.3422
276,000276.png,False,1788872915.125113,1788872915.065113,normal_unload,8,,0.0,-0.00326,0.02116,-0.83433,0.00059,-0.00025,-4e-05,-0.00382,0.01565,-0.82854,3e-05,-0.00016,-0.00012,-0.00761,0.00333,-0.83457,3,37.9117,362.8199,36.565,179.2761,0.3091,-95.3087,0.003,24.2531,0.3184
277,000277.png,False,1788872915.517122,1788872915.457122,normal_unload,8,,0.0,0.00046,0.02025,-0.66347,0.00048,-0.00021,-2e-05,-0.0001,0.01472,-0.65766,-7e-05,-0.00011,-0.00011,-0.00511,0.00714,-0.66372,4,37.9113,362.8244,36.5953,179.2756,0.3094,-95.3093,0.0045,24.2835,0.288
278,000278.png,False,1788872915.905148,1788872915.845148,normal_unload,8,,0.0,-0.00731,0.00802,-0.4594,0.00078,-0.00019,-3e-05,-0.00787,0.00247,-0.45356,0.00022,-9e-05,-0.00011,-0.00715,-0.00407,-0.45946,3,37.9123,362.8204,36.6359,179.2759,0.309,-95.3095,0.0097,24.324,0.2475
279,000279.png,False,1788872916.101152,1788872916.041152,normal_unload,8,,0.0,-0.00582,0.01017,-0.34191,0.00076,-7e-05,6e-05,-0.00639,0.00461,-0.33606,0.0002,3e-05,-2e-05,-0.00775,0.00042,-0.34203,3,37.9125,362.8203,36.6595,179.2758,0.3094,-95.3095,0.0051,24.3476,0.2238
280,000280.png,False,1788872916.297136,1788872916.237136,normal_unload,8,,0.0,-0.00244,0.01038,-0.21448,0.00066,5e-05,1e-05,-0.00301,0.0048,-0.20861,9e-05,0.00014,-8e-05,-0.00581,0.00433,-0.21462,3,37.9114,362.8208,36.6854,179.2759,0.3097,-95.3097,0.0,24.3735,0.198
281,000281.png,False,1788872916.489056,1788872916.429056,normal_unload,8,,0.0,-0.00819,0.00937,-0.16807,0.00072,2e-05,1e-05,-0.00876,0.00379,-0.1622,0.00016,0.00012,-7e-05,-0.01061,0.00133,-0.16819,3,37.912,362.8207,36.7085,179.2755,0.3096,-95.3104,0.0097,24.3966,0.1749
282,000282.png,False,1788872916.685140,1788872916.625140,normal_unload,8,,0.0,-0.00517,0.0164,-0.10449,0.00051,0.00022,0.00011,-0.00575,0.0108,-0.09861,-6e-05,0.00032,3e-05,-0.01195,0.00994,-0.10475,3,37.91,362.826,36.7322,179.2754,0.3107,-95.31,0.0052,24.4204,0.1511
283,000283.png,False,1788872919.809181,1788872919.749181,normal_load,9,,2.0,-0.01265,0.00192,-0.01011,0.00086,6e-05,6e-05,-0.01324,-0.00386,-0.00404,0.00028,0.00016,-3e-05,-0.01184,-0.00482,-0.01012,3,37.9123,362.8202,36.9013,179.2767,0.3069,-95.3117,0.0059,24.5893,-0.0178
284,000284.png,False,1788872920.197184,1788872920.137184,normal_load,9,,2.0,-0.01279,-0.00048,-0.05084,0.00096,-6e-05,0.00022,-0.01338,-0.00627,-0.04474,0.00038,4e-05,0.00014,-0.01049,-0.00762,-0.05079,2,37.9147,362.8097,36.8533,179.278,0.3019,-95.3117,0.0006,24.5412,0.0303
285,000285.png,False,1788872920.589190,1788872920.529191,normal_load,9,,2.0,-0.01334,-7e-05,-0.09911,0.00076,-0.0001,-0.00013,-0.01394,-0.00588,-0.09299,0.00017,-0.0,-0.00022,-0.01084,-0.00831,-0.09907,3,37.9139,362.8137,36.7896,179.2777,0.3032,-95.3117,0.0084,24.4775,0.094
286,000286.png,False,1788872920.781208,1788872920.721208,normal_load,9,,2.0,-0.00866,0.00896,-0.41796,0.00062,-0.00021,-3e-05,-0.00926,0.00313,-0.41183,3e-05,-0.00011,-0.00012,-0.00908,-0.00326,-0.41803,3,37.9128,362.8157,36.6868,179.2777,0.3032,-95.3115,0.0076,24.3749,0.1966
287,000287.png,False,1788872920.977109,1788872920.917109,normal_load,9,,2.0,-0.00718,0.01476,-0.39467,0.00057,-5e-05,-6e-05,-0.00778,0.00893,-0.38853,-2e-05,5e-05,-0.00015,-0.01086,0.00288,-0.39485,2,37.9119,362.8186,36.69,179.2773,0.3037,-95.3115,0.0069,24.3781,0.1934
288,000288.png,False,1788872921.173190,1788872921.113190,normal_load,9,,2.0,-0.00208,0.03648,-0.82025,0.00015,-0.00017,5e-05,-0.00268,0.03063,-0.81409,-0.00044,-7e-05,-4e-05,-0.01434,0.01741,-0.82075,3,37.9119,362.8227,36.6072,179.277,0.305,-95.3119,0.0016,24.2953,0.2762
289,000289.png,False,1788872921.369188,1788872921.309188,normal_load,9,,2.0,-0.00197,0.03359,-0.77596,0.00024,-0.00013,-0.00025,-0.00258,0.02773,-0.7698,-0.00036,-2e-05,-0.00034,-0.01311,0.01568,-0.77642,3,37.9109,362.8232,36.6099,179.2771,0.3053,-95.3115,0.0037,24.2981,0.2734
290,000290.png,False,1788872921.565212,1788872921.505212,normal_load,9,,2.0,0.00365,0.05415,-1.0241,-0.00027,-0.00018,-1e-05,0.00305,0.04828,-1.01792,-0.00086,-8e-05,-0.0001,-0.01679,0.03231,-1.02489,3,37.9091,362.8311,36.574,179.276,0.3083,-95.3117,0.0089,24.2623,0.3091
291,000291.png,False,1788872921.757275,1788872921.697275,normal_load,9,,2.0,0.0017,0.05114,-1.06449,-6e-05,-0.00015,0.00012,0.0011,0.04526,-1.0583,-0.00066,-5e-05,4e-05,-0.0167,0.02809,-1.06522,4,37.9108,362.829,36.5635,179.2762,0.3079,-95.3119,0.0019,24.2518,0.3197
292,000292.png,False,1788872921.953223,1788872921.893224,normal_load,9,,2.0,0.01157,0.06984,-1.24004,-0.00047,-5e-05,0.00018,0.01096,0.06395,-1.23384,-0.00106,5e-05,9e-05,-0.01628,0.0464,-1.24108,3,37.9094,362.8372,36.5455,179.2752,0.3113,-95.3119,0.0036,24.234,0.3375
293,000293.png,False,1788872922.149117,1788872922.089118,normal_load,9,,2.0,0.01571,0.08327,-1.5056,-0.00075,-0.00022,2e-05,0.01511,0.07737,-1.49939,-0.00134,-0.00012,-7e-05,-0.01756,0.05585,-1.50685,3,37.9089,362.841,36.5141,179.2749,0.3123,-95.3119,0.0065,24.2026,0.3689
294,000294.png,False,1788872922.345202,1788872922.285202,normal_load,9,,2.0,0.01306,0.08045,-1.59871,-0.00062,-0.00024,0.00013,0.01246,0.07454,-1.59248,-0.00122,-0.00014,4e-05,-0.0178,0.05059,-1.59989,3,37.9098,362.8348,36.4928,179.2758,0.3092,-95.3117,0.0045,24.1811,0.3903
295,000295.png,False,1788872923.321224,1788872923.261225,normal_load,9,,2.0,0.02481,0.11354,-2.03302,-0.00124,-0.00018,0.00018,0.0242,0.10757,-2.02674,-0.00185,-7e-05,9e-05,-0.02114,0.07816,-2.03473,3,37.9073,362.8496,36.4463,179.2741,0.3155,-95.3119,0.0058,24.1349,0.4365
296,000296.png,False,1788872923.709251,1788872923.649251,normal_unload,9,,0.0,0.0193,0.106,-2.03438,-0.00115,-0.00024,0.00015,0.01869,0.1,-2.02807,-0.00175,-0.00014,6e-05,-0.02213,0.06886,-2.03595,3,37.9075,362.8452,36.4409,179.2747,0.3134,-95.3119,0.0097,24.1294,0.442
297,000297.png,False,1788872924.293227,1788872924.233227,normal_unload,9,,0.0,0.01066,0.07048,-1.83646,-0.00036,-0.00047,-0.00012,0.01005,0.06445,-1.83012,-0.00097,-0.00037,-0.00021,-0.01324,0.03695,-1.83742,3,37.9085,362.8346,36.4534,179.2759,0.3088,-95.3117,0.003,24.1418,0.4297
298,000298.png,False,1788872924.489217,1788872924.429217,normal_unload,9,,0.0,0.01039,0.07446,-1.80224,-0.00039,-0.00042,-0.00014,0.00977,0.06843,-1.79588,-0.001,-0.00032,-0.00023,-0.01571,0.04081,-1.80327,3,37.9096,362.8357,36.4559,179.2762,0.3077,-95.3121,0.0025,24.1443,0.4272
299,000299.png,False,1788872924.685226,1788872924.625226,normal_unload,9,,0.0,0.00634,0.06128,-1.75083,-0.00012,-0.00061,-5e-05,0.00572,0.05523,-1.74446,-0.00073,-0.00051,-0.00014,-0.01298,0.02819,-1.75163,3,37.9095,362.8302,36.4599,179.2768,0.3065,-95.3128,0.0083,24.1482,0.4233
300,000300.png,False,1788872925.073255,1788872925.013255,normal_unload,9,,0.0,0.00344,0.05689,-1.65897,8e-05,-0.00045,-0.00013,0.00282,0.05082,-1.65258,-0.00053,-0.00034,-0.00022,-0.01394,0.02442,-1.65971,3,37.9102,362.8292,36.4688,179.2772,0.3048,-95.3145,0.0033,24.1571,0.4144
301,000301.png,False,1788872925.269264,1788872925.209264,normal_unload,9,,0.0,0.00219,0.04261,-1.60543,0.0002,-0.00069,-0.00021,0.00157,0.03653,-1.59903,-0.00042,-0.00058,-0.0003,-0.00827,0.01228,-1.60593,3,37.9112,362.825,36.4711,179.2772,0.3032,-95.316,0.0089,24.1593,0.4122
302,000302.png,False,1788872925.661240,1788872925.601240,normal_unload,9,,0.0,-0.00493,0.0288,-1.46803,0.00069,-0.00061,0.00012,-0.00556,0.02269,-1.46161,7e-05,-0.0005,3e-05,-0.00848,-0.00104,-1.4683,3,37.9124,362.8156,36.4876,179.2784,0.2997,-95.3156,0.0059,24.1757,0.3958
303,000303.png,False,1788872925.857241,1788872925.797241,normal_unload,9,,0.0,-0.00249,0.02693,-1.4515,0.00065,-0.00066,-6e-05,-0.00311,0.02081,-1.44506,3e-05,-0.00055,-0.00015,-0.00554,-0.00117,-1.45174,2,37.9121,362.8169,36.4883,179.2785,0.3,-95.3156,0.0087,24.1764,0.3951
304,000304.png,False,1788872926.049271,1788872925.989271,normal_unload,9,,0.0,-0.00621,0.02431,-1.26455,0.00075,-0.0006,-0.00031,-0.00684,0.01818,-1.2581,0.00013,-0.00049,-0.0004,-0.00875,-0.00231,-1.26476,3,37.9119,362.8162,36.5041,179.2784,0.2997,-95.3152,0.0025,24.1922,0.3793
305,000305.png,False,1788872926.245301,1788872926.185301,normal_unload,9,,0.0,-0.00236,0.03071,-1.22306,0.0005,-0.00043,-0.00033,-0.00299,0.02458,-1.21661,-0.00012,-0.00033,-0.00042,-0.00891,0.00583,-1.22341,3,37.9124,362.8216,36.5108,179.2784,0.3004,-95.3156,0.0079,24.199,0.3725
306,000306.png,False,1788872926.441231,1788872926.381231,normal_unload,9,,0.0,-0.00344,0.02582,-1.15136,0.00056,-0.00052,-0.00022,-0.00407,0.01967,-1.1449,-6e-05,-0.00041,-0.00031,-0.0079,0.0022,-1.15163,3,37.912,362.82,36.5182,179.2783,0.2999,-95.3156,0.0075,24.2063,0.3652
307,000307.png,False,1788872926.637168,1788872926.577168,normal_unload,9,,0.0,-0.00076,0.03031,-0.93777,0.00038,-0.00038,-0.00011,-0.00139,0.02415,-0.93129,-0.00024,-0.00027,-0.00021,-0.0093,0.01085,-0.93815,3,37.9113,362.8222,36.5467,179.2784,0.3004,-95.3156,0.0022,24.2348,0.3367
308,000308.png,False,1788872926.829257,1788872926.769257,normal_unload,9,,0.0,-0.00126,0.02637,-0.96147,0.00053,-0.00041,-2e-05,-0.00189,0.0202,-0.95498,-9e-05,-0.00031,-0.00012,-0.0076,0.00681,-0.96178,3,37.9112,362.8199,36.5461,179.2784,0.2995,-95.3156,0.0069,24.2342,0.3373
309,000309.png,False,1788872927.221243,1788872927.161243,normal_unload,9,,0.0,-0.00392,0.02496,-0.80832,0.00054,-0.00026,0.00017,-0.00456,0.01877,-0.80181,-9e-05,-0.00016,8e-05,-0.01026,0.00671,-0.80863,3,37.912,362.821,36.5704,179.2782,0.3003,-95.3163,0.0029,24.2585,0.313
310,000310.png,False,1788872927.417252,1788872927.357252,normal_unload,9,,0.0,-0.00492,0.01708,-0.56982,0.00064,-0.00021,2e-05,-0.00555,0.01088,-0.5633,1e-05,-0.00011,-7e-05,-0.00884,0.00321,-0.57002,3,37.9112,362.8182,36.6025,179.2784,0.2995,-95.3158,0.0049,24.2906,0.2809
311,000311.png,False,1788872927.609251,1788872927.549252,normal_unload,9,,0.0,-0.00535,0.01615,-0.59426,0.00068,-0.00024,1e-05,-0.00598,0.00994,-0.58772,5e-05,-0.00014,-8e-05,-0.00858,0.0018,-0.59443,3,37.912,362.819,36.6035,179.2782,0.2996,-95.3163,0.0059,24.2916,0.2799
312,000312.png,False,1788872927.805250,1788872927.745250,normal_unload,9,,0.0,-0.00839,0.01235,-0.4581,0.00077,-0.00024,0.00014,-0.00903,0.00612,-0.45155,0.00014,-0.00014,5e-05,-0.01026,-0.00084,-0.45822,3,37.912,362.8172,36.6311,179.2788,0.2989,-95.3167,0.0028,24.3191,0.2523
313,000313.png,False,1788872928.001188,1788872927.941188,normal_unload,9,,0.0,-0.00765,0.0121,-0.4394,0.00075,-0.00016,-0.00013,-0.00829,0.00586,-0.43284,0.00012,-5e-05,-0.00023,-0.00963,-0.00038,-0.43953,3,37.9125,362.8161,36.6313,179.2786,0.2988,-95.3169,0.0102,24.3193,0.2522
314,000314.png,False,1788872928.197307,1788872928.137307,normal_unload,9,,0.0,-0.00799,0.00391,-0.27195,0.00087,-0.00011,-1e-05,-0.00863,-0.00233,-0.26538,0.00024,-0.0,-0.0001,-0.00699,-0.00496,-0.27196,3,37.9137,362.8147,36.6681,179.279,0.2981,-95.3173,0.0051,24.3561,0.2154
315,000315.png,False,1788872928.393191,1788872928.333191,normal_unload,9,,0.0,-0.00951,0.00768,-0.30938,0.0007,-0.00026,0.00022,-0.01015,0.00142,-0.3028,7e-05,-0.00015,0.00013,-0.00993,-0.00306,-0.30945,3,37.914,362.8139,36.6686,179.279,0.2983,-95.3171,0.0,24.3566,0.2149
316,000316.png,False,1788872932.293311,1788872932.233311,normal_load,10,,2.0,-0.00913,-0.00405,-0.00717,0.00091,-0.0002,-0.00014,-0.0098,-0.01053,-0.00035,0.00026,-9e-05,-0.00023,-0.00584,-0.00818,-0.00708,3,37.9148,362.805,36.852,179.2813,0.2889,-95.3193,0.0068,24.5398,0.0317
317,000317.png,False,1788872932.489331,1788872932.429331,normal_load,10,,2.0,-0.00878,-0.00568,-0.07658,0.00108,-0.00023,-6e-05,-0.00945,-0.01217,-0.06975,0.00042,-0.00012,-0.00016,-0.00424,-0.01054,-0.07645,3,37.9153,362.7993,36.7985,179.2822,0.2865,-95.3195,0.0009,24.4862,0.0853
318,000318.png,False,1788872932.685323,1788872932.625323,normal_load,10,,2.0,-0.00925,0.00022,-0.09672,0.00092,-0.00014,-3e-05,-0.00992,-0.00628,-0.08988,0.00027,-3e-05,-0.00012,-0.00745,-0.00598,-0.09669,3,37.9141,362.8026,36.7932,179.2817,0.2875,-95.3195,0.0064,24.481,0.0905
319,000319.png,False,1788872932.877380,1788872932.817380,normal_load,10,,2.0,-0.00382,0.0098,-0.39333,0.00076,-0.00022,7e-05,-0.00449,0.00328,-0.38648,0.0001,-0.00011,-2e-05,-0.00548,0.00027,-0.39343,3,37.9147,362.8093,36.6975,179.2814,0.2894,-95.3197,0.0045,24.3854,0.1861
320,000320.png,False,1788872933.073334,1788872933.013335,normal_load,10,,2.0,-0.00413,0.01211,-0.38786,0.00082,-0.0002,-2e-05,-0.0048,0.00559,-0.381,0.00016,-9e-05,-0.00012,-0.00694,0.00221,-0.38801,3,37.914,362.8106,36.6922,179.2812,0.2892,-95.3197,0.0005,24.3801,0.1914
321,000321.png,False,1788872933.269329,1788872933.209329,normal_load,10,,2.0,0.00032,0.02793,-0.6602,0.00051,-0.00013,0.00022,-0.00035,0.0214,-0.65332,-0.00015,-2e-05,0.00012,-0.0091,0.01378,-0.66058,3,37.9122,362.8185,36.6293,179.2808,0.2915,-95.3193,0.0055,24.3174,0.2541
322,000322.png,False,1788872933.465348,1788872933.405348,normal_load,10,,2.0,0.00273,0.03145,-0.69096,0.00038,-0.00027,-7e-05,0.00206,0.02491,-0.68407,-0.00028,-0.00016,-0.00017,-0.00856,0.01754,-0.6914,3,37.9124,362.8179,36.6263,179.2807,0.2917,-95.3197,0.0093,24.3144,0.2571
323,000323.png,False,1788872933.853354,1788872933.793355,normal_load,10,,2.0,0.0083,0.04982,-0.99938,0.0,-0.00025,7e-05,0.00762,0.04325,-0.99247,-0.00066,-0.00014,-3e-05,-0.01077,0.03128,-1.00011,3,37.9103,362.8245,36.5719,179.28,0.2936,-95.3195,0.01,24.2601,0.3113
324,000324.png,False,1788872934.049410,1788872933.989410,normal_load,10,,2.0,0.01344,0.06452,-1.22374,-0.00037,-0.00022,0.00012,0.01276,0.05795,-1.21682,-0.00103,-0.0001,2e-05,-0.01211,0.04299,-1.2247,3,37.911,362.8299,36.5454,179.2797,0.2955,-95.3199,0.0157,24.2337,0.3378
325,000325.png,False,1788872934.245266,1788872934.185266,normal_load,10,,2.0,0.01853,0.07583,-1.4556,-0.00043,-0.00023,-0.00012,0.01785,0.06924,-1.44867,-0.0011,-0.00011,-0.00022,-0.01174,0.05161,-1.45673,3,37.909,362.8344,36.5131,179.2793,0.2972,-95.3199,0.0029,24.2015,0.37
326,000326.png,False,1788872934.441399,1788872934.381399,normal_load,10,,2.0,0.01645,0.07963,-1.45398,-0.00054,-0.0003,-7e-05,0.01577,0.07303,-1.44703,-0.00121,-0.00019,-0.00017,-0.01546,0.05389,-1.45517,3,37.9084,362.8353,36.5126,179.279,0.2973,-95.3197,0.0085,24.201,0.3705
327,000327.png,False,1788872934.633398,1788872934.573398,normal_load,10,,2.0,0.01695,0.08638,-1.70331,-0.00063,-0.00038,-8e-05,0.01627,0.07977,-1.69636,-0.0013,-0.00026,-0.00018,-0.01667,0.05599,-1.70458,3,37.9099,362.8337,36.4848,179.2793,0.2963,-95.3202,0.0022,24.1731,0.3983
328,000328.png,False,1788872935.025374,1788872934.965374,normal_load,10,,2.0,0.01804,0.09376,-2.03757,-0.00072,-0.00045,0.00011,0.01736,0.08712,-2.03059,-0.00139,-0.00033,2e-05,-0.01709,0.05758,-2.03892,3,37.9096,362.8348,36.4507,179.2793,0.2963,-95.3199,0.0089,24.1391,0.4324
329,000329.png,False,1788872935.221364,1788872935.161364,normal_load,10,,2.0,0.0207,0.08767,-1.98677,-0.00059,-0.00044,2e-05,0.02002,0.08103,-1.97978,-0.00126,-0.00032,-8e-05,-0.01209,0.05445,-1.98803,3,37.909,362.8348,36.4508,179.2793,0.2961,-95.3199,0.0057,24.1392,0.4323
330,000330.png,False,1788872936.389420,1788872936.329420,normal_unload,10,,0.0,0.0121,0.06953,-1.7725,-0.00022,-0.00059,7e-05,0.01141,0.06282,-1.76544,-0.0009,-0.00048,-3e-05,-0.01197,0.03787,-1.77346,3,37.9108,362.829,36.4599,179.2799,0.294,-95.3217,0.0011,24.1482,0.4233
331,000331.png,False,1788872936.585392,1788872936.525393,normal_unload,10,,0.0,0.0107,0.06146,-1.7284,-6e-05,-0.00056,7e-05,0.01001,0.05473,-1.72133,-0.00073,-0.00045,-3e-05,-0.00946,0.03088,-1.72923,3,37.9112,362.8267,36.4648,179.2803,0.2925,-95.3221,0.0043,24.153,0.4185
332,000332.png,False,1788872936.781379,1788872936.721379,normal_unload,10,,0.0,0.00528,0.04945,-1.60527,0.00025,-0.00071,7e-05,0.00459,0.04272,-1.59819,-0.00043,-0.00059,-3e-05,-0.009,0.01975,-1.6059,3,37.9119,362.8205,36.4748,179.2814,0.2894,-95.3219,0.01,24.163,0.4085
333,000333.png,False,1788872936.977395,1788872936.917395,normal_unload,10,,0.0,0.0057,0.04063,-1.61393,0.00038,-0.00073,8e-05,0.00501,0.03389,-1.60683,-0.0003,-0.00062,-2e-05,-0.00417,0.01219,-1.6144,3,37.9122,362.8209,36.4757,179.281,0.29,-95.3223,0.0047,24.1638,0.4076
334,000334.png,False,1788872937.169426,1788872937.109426,normal_unload,10,,0.0,0.001,0.04121,-1.54034,0.00052,-0.00068,0.00016,0.0003,0.03446,-1.53324,-0.00017,-0.00056,6e-05,-0.00905,0.01152,-1.54083,3,37.9146,362.8172,36.4822,179.2815,0.2888,-95.323,0.0044,24.1703,0.4012
335,000335.png,False,1788872937.365305,1788872937.305305,normal_unload,10,,0.0,0.00438,0.04182,-1.38855,0.00033,-0.00057,1e-05,0.00369,0.03506,-1.38143,-0.00035,-0.00046,-9e-05,-0.00747,0.01617,-1.38907,3,37.9112,362.8191,36.4967,179.2813,0.2887,-95.3225,0.0101,24.1848,0.3867
336,000336.png,False,1788872937.561407,1788872937.501407,normal_unload,10,,0.0,0.0031,0.03786,-1.37994,0.00041,-0.0006,8e-05,0.00241,0.03109,-1.37281,-0.00027,-0.00048,-2e-05,-0.00666,0.01224,-1.3804,3,37.9126,362.8187,36.4989,179.2813,0.2887,-95.3228,0.0052,24.187,0.3845
337,000337.png,False,1788872937.757394,1788872937.697394,normal_unload,10,,0.0,0.00632,0.04594,-1.20181,0.0001,-0.00044,9e-05,0.00562,0.03915,-1.19467,-0.00058,-0.00032,-1e-05,-0.00915,0.02369,-1.20244,3,37.9136,362.8239,36.5171,179.2811,0.2902,-95.3232,0.0002,24.2053,0.3662
338,000338.png,False,1788872937.949382,1788872937.889382,normal_unload,10,,0.0,0.00679,0.04674,-1.1849,9e-05,-0.0004,6e-05,0.00609,0.03994,-1.17775,-0.0006,-0.00028,-4e-05,-0.00926,0.02489,-1.18555,3,37.911,362.8255,36.523,179.2811,0.2902,-95.323,0.0087,24.2113,0.3602
339,000339.png,False,1788872938.341439,1788872938.281439,normal_unload,10,,0.0,0.00284,0.03721,-0.949,0.00044,-0.00024,0.0,0.00214,0.03039,-0.94182,-0.00025,-0.00012,-0.0001,-0.00955,0.01844,-0.94951,3,37.9111,362.8229,36.5497,179.2812,0.2898,-95.3232,0.0006,24.2379,0.3336
340,000340.png,False,1788872938.537411,1788872938.477412,normal_unload,10,,0.0,0.00245,0.0279,-0.84863,0.0005,-0.00044,-6e-05,0.00175,0.02107,-0.84144,-0.00019,-0.00032,-0.00016,-0.00593,0.0118,-0.84899,3,37.9113,362.8195,36.5612,179.2813,0.2887,-95.3234,0.0046,24.2493,0.3222
341,000341.png,False,1788872938.733452,1788872938.673452,normal_unload,10,,0.0,0.00146,0.03002,-0.73392,0.00051,-0.0002,-3e-05,0.00076,0.02318,-0.72671,-0.00018,-8e-05,-0.00014,-0.00865,0.01498,-0.73433,3,37.9116,362.8201,36.5801,179.2815,0.2887,-95.3234,0.003,24.2682,0.3033
342,000342.png,False,1788872938.925484,1788872938.865484,normal_unload,10,,0.0,0.0049,0.02751,-0.6988,0.00044,-0.00038,-4e-05,0.00419,0.02065,-0.69159,-0.00026,-0.00026,-0.00014,-0.00466,0.01508,-0.69918,3,37.912,362.8179,36.5852,179.2815,0.2881,-95.3236,0.0063,24.2732,0.2983
343,000343.png,False,1788872939.121329,1788872939.061329,normal_unload,10,,0.0,0.00065,0.02327,-0.5762,0.00055,-0.00033,0.00017,-6e-05,0.01641,-0.56898,-0.00014,-0.00021,7e-05,-0.00707,0.01125,-0.57652,3,37.9124,362.8174,36.609,179.2817,0.2881,-95.3236,0.0088,24.297,0.2744
344,000344.png,False,1788872939.317413,1788872939.257413,normal_unload,10,,0.0,0.00132,0.02398,-0.57862,0.00057,-0.00029,5e-05,0.00062,0.01711,-0.57139,-0.00013,-0.00017,-5e-05,-0.00683,0.01216,-0.57895,2,37.9114,362.8178,36.6103,179.2815,0.2881,-95.3236,0.0037,24.2984,0.2731
345,000345.png,False,1788872939.705336,1788872939.645336,normal_unload,10,,0.0,0.00465,0.02605,-0.38025,0.00052,-0.00012,-6e-05,0.00394,0.01915,-0.37299,-0.00018,-0.0,-0.00017,-0.00635,0.0188,-0.38065,3,37.9111,362.8216,36.6492,179.2818,0.2879,-95.3241,0.0092,24.3374,0.2341
346,000346.png,False,1788872944.389398,1788872944.329398,normal_load,11,,2.0,-0.00578,-0.0019,-0.13066,0.00114,-0.00011,0.00027,-0.00652,-0.00906,-0.12312,0.00041,1e-05,0.00016,-0.00315,-0.00663,-0.13059,3,37.9152,362.807,36.7951,179.2832,0.2826,-95.3273,0.0018,24.4829,0.0886
347,000347.png,False,1788872944.585463,1788872944.525463,normal_load,11,,2.0,-0.00284,0.01158,-0.44161,0.00096,-0.0002,-0.0,-0.00358,0.00441,-0.43406,0.00023,-7e-05,-0.00011,-0.00519,0.00154,-0.44174,3,37.9137,362.8111,36.6837,179.2827,0.2834,-95.3271,0.0035,24.3717,0.1998
348,000348.png,False,1788872944.777484,1788872944.717484,normal_load,11,,2.0,-0.00575,0.00777,-0.42862,0.00087,-0.00034,7e-05,-0.00649,0.00058,-0.42106,0.00014,-0.00022,-4e-05,-0.00589,-0.00301,-0.42868,3,37.9132,362.814,36.6806,179.2825,0.2842,-95.3271,0.0071,24.3686,0.2029
349,000349.png,False,1788872945.169482,1788872945.109483,normal_load,11,,2.0,0.00221,0.02841,-0.75353,0.00055,-0.00027,-7e-05,0.00147,0.0212,-0.74594,-0.00018,-0.00015,-0.00018,-0.00705,0.01364,-0.75391,3,37.912,362.8187,36.6095,179.2825,0.2851,-95.3271,0.004,24.2976,0.2739
350,000350.png,False,1788872945.365501,1788872945.305501,normal_load,11,,2.0,0.01055,0.0507,-0.99804,-2e-05,-0.00027,-0.0003,0.00981,0.04348,-0.99044,-0.00075,-0.00014,-0.0004,-0.00927,0.03319,-0.99878,3,37.9104,362.8289,36.5737,179.2812,0.2888,-95.3273,0.0096,24.262,0.3095
351,000351.png,False,1788872945.561494,1788872945.501494,normal_load,11,,2.0,0.01076,0.05591,-1.24975,3e-05,-0.0003,-0.00036,0.01002,0.04868,-1.24214,-0.0007,-0.00017,-0.00047,-0.00995,0.03378,-1.25055,3,37.9108,362.8281,36.539,179.2812,0.2888,-95.3278,0.0049,24.2273,0.3442
352,000352.png,False,1788872945.753506,1788872945.693506,normal_load,11,,2.0,0.01298,0.05848,-1.26063,-8e-05,-0.0003,-0.00025,0.01224,0.05124,-1.25301,-0.00082,-0.00017,-0.00036,-0.00923,0.03694,-1.26148,3,37.9104,362.8294,36.5368,179.2811,0.2895,-95.3278,0.0109,24.2251,0.3464
353,000353.png,False,1788872946.145514,1788872946.085515,normal_load,11,,2.0,0.0166,0.07485,-1.6004,-0.00041,-0.00043,-0.00015,0.01585,0.06759,-1.59276,-0.00114,-0.0003,-0.00026,-0.01193,0.04748,-1.60149,3,37.9103,362.834,36.4916,179.2811,0.2904,-95.3278,0.002,24.18,0.3915
354,000354.png,False,1788872946.533555,1788872946.473555,normal_load,11,,2.0,0.02147,0.08804,-1.86207,-0.0006,-0.0004,-0.0,0.02072,0.08075,-1.8544,-0.00134,-0.00027,-0.00011,-0.01248,0.05715,-1.86335,3,37.9097,362.8366,36.462,179.2807,0.2909,-95.3284,0.0036,24.1504,0.4211
355,000355.png,False,1788872947.705442,1788872947.645442,normal_unload,11,,0.0,0.02686,0.09562,-1.8732,-0.00058,-0.00029,0.00035,0.0261,0.08827,-1.86546,-0.00132,-0.00016,0.00024,-0.01153,0.06623,-1.87463,3,37.9077,362.8421,36.4592,179.2808,0.2914,-95.328,0.0083,24.1477,0.4238
356,000356.png,False,1788872947.901447,1788872947.841447,normal_unload,11,,0.0,0.02235,0.08496,-1.81689,-0.00061,-0.00048,0.0003,0.02159,0.07759,-1.80914,-0.00135,-0.00036,0.00019,-0.01049,0.05564,-1.81813,3,37.9084,362.8372,36.4588,179.2809,0.2901,-95.3282,0.0048,24.1472,0.4242
357,000357.png,False,1788872948.097446,1788872948.037446,normal_unload,11,,0.0,0.01612,0.06676,-1.69756,-0.00021,-0.00048,0.00018,0.01537,0.05939,-1.6898,-0.00095,-0.00035,7e-05,-0.00762,0.03868,-1.69849,3,37.9089,362.8337,36.4703,179.2817,0.2878,-95.3282,0.01,24.1587,0.4128
358,000358.png,False,1788872948.289530,1788872948.229530,normal_unload,11,,0.0,0.00907,0.05265,-1.61228,0.00035,-0.00054,-2e-05,0.00831,0.04527,-1.60451,-0.0004,-0.00041,-0.00013,-0.00727,0.02431,-1.61297,3,37.91,362.8261,36.4752,179.2824,0.2846,-95.3284,0.0002,24.1634,0.408
359,000359.png,False,1788872948.485549,1788872948.425550,normal_unload,11,,0.0,0.0102,0.05431,-1.56258,8e-05,-0.00061,-4e-05,0.00944,0.04691,-1.5548,-0.00067,-0.00048,-0.00015,-0.00746,0.0271,-1.56331,3,37.9117,362.826,36.4805,179.2826,0.2847,-95.3286,0.0053,24.1687,0.4028
360,000360.png,False,1788872948.681455,1788872948.621455,normal_unload,11,,0.0,0.00922,0.04462,-1.50334,0.00026,-0.00063,-9e-05,0.00847,0.03721,-1.49555,-0.00049,-0.0005,-0.0002,-0.00388,0.01917,-1.50391,3,37.9111,362.8236,36.4853,179.2827,0.2836,-95.3284,0.0096,24.1735,0.398
361,000361.png,False,1788872949.069462,1788872949.009462,normal_unload,11,,0.0,0.00618,0.04483,-1.40623,0.00044,-0.00042,0.00026,0.00541,0.0374,-1.39841,-0.00031,-0.0003,0.00015,-0.0073,0.01938,-1.40681,3,37.9123,362.8238,36.5053,179.2828,0.2841,-95.3291,0.0053,24.1935,0.378
362,000362.png,False,1788872949.265465,1788872949.205465,normal_unload,11,,0.0,0.0082,0.04676,-1.24634,0.00024,-0.00044,0.00014,0.00743,0.03932,-1.23851,-0.00051,-0.00031,3e-05,-0.00762,0.02463,-1.24698,3,37.9116,362.824,36.5149,179.2829,0.2836,-95.3291,0.0091,24.2031,0.3684
363,000363.png,False,1788872949.461545,1788872949.401545,normal_unload,11,,0.0,0.00841,0.0468,-1.11978,0.0002,-0.00035,6e-05,0.00764,0.03935,-1.11193,-0.00055,-0.00023,-5e-05,-0.00834,0.0268,-1.12043,3,37.9111,362.8268,36.5267,179.2826,0.2838,-95.3293,0.0035,24.215,0.3565
364,000364.png,False,1788872949.657569,1788872949.597569,normal_unload,11,,0.0,0.00834,0.04251,-1.09007,0.00022,-0.00034,7e-05,0.00757,0.03504,-1.08222,-0.00053,-0.00021,-4e-05,-0.00646,0.02352,-1.09066,3,37.9115,362.8254,36.5321,179.2827,0.2834,-95.3293,0.002,24.2204,0.3511
365,000365.png,False,1788872949.853473,1788872949.793473,normal_unload,11,,0.0,0.00955,0.04104,-0.97378,0.00028,-0.00027,0.00027,0.00878,0.03356,-0.96592,-0.00048,-0.00014,0.00016,-0.00548,0.02471,-0.97436,3,37.9102,362.8248,36.5511,179.283,0.2823,-95.3297,0.0054,24.2393,0.3322
366,000366.png,False,1788872950.045475,1788872949.985475,normal_unload,11,,0.0,0.00758,0.04136,-0.9651,0.00034,-0.00024,0.00012,0.00681,0.03388,-0.95722,-0.00041,-0.00012,0.0,-0.00741,0.02415,-0.96568,3,37.9105,362.8238,36.5504,179.283,0.2823,-95.3297,0.0043,24.2386,0.3329
367,000367.png,False,1788872950.437539,1788872950.377539,normal_unload,11,,0.0,0.01151,0.04583,-0.7077,-1e-05,-0.00019,-4e-05,0.01074,0.03832,-0.6998,-0.00077,-7e-05,-0.00016,-0.00802,0.0341,-0.70841,3,37.909,362.8359,36.5851,179.2829,0.2834,-95.3302,0.0046,24.2735,0.298
368,000368.png,False,1788872950.825550,1788872950.765550,normal_unload,11,,0.0,0.01015,0.03726,-0.58955,0.00035,-0.00016,0.0001,0.00938,0.02973,-0.58163,-0.00041,-3e-05,-1e-05,-0.00574,0.0279,-0.59013,3,37.9111,362.8288,36.6147,179.2827,0.2836,-95.3304,0.0094,24.303,0.2685
369,000369.png,False,1788872951.021610,1788872950.961611,normal_unload,11,,0.0,0.00693,0.02923,-0.38715,0.0004,-9e-05,-0.0,0.00616,0.02169,-0.37922,-0.00036,4e-05,-0.00012,-0.00592,0.02258,-0.38761,3,37.9098,362.8293,36.6456,179.2825,0.284,-95.3304,0.0037,24.3339,0.2376
370,000370.png,False,1788872951.217569,1788872951.157569,normal_unload,11,,0.0,0.00283,0.02993,-0.35799,0.00049,0.0,0.00022,0.00205,0.02237,-0.35004,-0.00027,0.00013,0.00011,-0.01002,0.0216,-0.35846,3,37.91,362.8296,36.6585,179.2828,0.2838,-95.3304,0.0021,24.3467,0.2248
371,000371.png,False,1788872956.093647,1788872956.033648,normal_load,12,,2.0,-0.00569,-0.00138,-0.13689,0.0012,-0.00019,0.00023,-0.0065,-0.00921,-0.12866,0.00041,-5e-05,0.00011,-0.00329,-0.00623,-0.13684,3,37.9156,362.8048,36.7918,179.2858,0.2727,-95.3336,0.0028,24.4796,0.0918
372,000372.png,False,1788872956.289652,1788872956.229652,normal_load,12,,2.0,-0.0032,0.00253,-0.24853,0.00111,-0.00016,0.00045,-0.00401,-0.00531,-0.24028,0.00032,-3e-05,0.00034,-0.00231,-0.00339,-0.24853,3,37.9135,362.8156,36.7315,179.2844,0.2779,-95.3336,0.0028,24.4195,0.152
373,000373.png,False,1788872956.681651,1788872956.621651,normal_load,12,,2.0,-0.00059,0.00828,-0.51195,0.00099,-0.00028,0.00019,-0.0014,0.00042,-0.50368,0.00019,-0.00015,7e-05,-0.0011,-0.00132,-0.51202,3,37.9135,362.814,36.663,179.2853,0.2748,-95.3336,0.0068,24.351,0.2205
374,000374.png,False,1788872956.873657,1788872956.813657,normal_load,12,,2.0,0.00171,0.02991,-0.806,0.0008,-0.00014,0.00018,0.0009,0.02204,-0.79772,0.0,-1e-05,6e-05,-0.00788,0.01385,-0.8064,3,37.9116,362.8198,36.6168,179.2848,0.2767,-95.3334,0.0025,24.3049,0.2665
375,000375.png,False,1788872957.069663,1788872957.009663,normal_load,12,,2.0,0.01142,0.03859,-0.91319,0.00029,-0.00039,0.00036,0.01061,0.03071,-0.9049,-0.00051,-0.00025,0.00024,-0.00306,0.0245,-0.91374,3,37.911,362.8265,36.5891,179.284,0.2794,-95.3334,0.0077,24.2773,0.2942
376,000376.png,False,1788872957.461687,1788872957.401687,normal_load,12,,2.0,0.01785,0.07026,-1.2839,-0.0002,-0.00031,0.00014,0.01704,0.06235,-1.27558,-0.001,-0.00017,2e-05,-0.01074,0.0492,-1.28496,3,37.9099,362.8347,36.5421,179.2834,0.2817,-95.3336,0.0064,24.2305,0.341
377,000377.png,False,1788872957.653664,1788872957.593664,normal_load,12,,2.0,0.01715,0.06537,-1.31491,-6e-05,-0.00027,0.00014,0.01634,0.05745,-1.30658,-0.00087,-0.00013,2e-05,-0.00869,0.04412,-1.31588,3,37.9103,362.8302,36.5262,179.2836,0.28,-95.3336,0.0049,24.2145,0.357
378,000378.png,False,1788872957.849683,1788872957.789683,normal_load,12,,2.0,0.01904,0.07371,-1.61732,-0.00029,-0.00041,-3e-05,0.01822,0.06578,-1.60897,-0.00109,-0.00027,-0.00015,-0.00912,0.04744,-1.61839,3,37.9088,362.836,36.4989,179.2834,0.2817,-95.3334,0.0002,24.1873,0.3842
379,000379.png,False,1788872958.437672,1788872958.377672,normal_load,12,,2.0,0.02826,0.09815,-1.94332,-0.00088,-0.00043,0.00024,0.02744,0.09019,-1.93494,-0.00168,-0.0003,0.00012,-0.01109,0.068,-1.94478,3,37.9079,362.8442,36.4592,179.2825,0.2839,-95.3336,0.0046,24.1478,0.4237
380,000380.png,False,1788872960.581729,1788872960.521729,normal_unload,12,,0.0,0.01484,0.06661,-1.74491,-5e-05,-0.00054,0.00026,0.01401,0.05853,-1.7364,-0.00087,-0.0004,0.00014,-0.00833,0.03715,-1.74583,3,37.9094,362.8334,36.4607,179.2842,0.2779,-95.3338,0.0079,24.1491,0.4224
381,000381.png,False,1788872960.973732,1788872960.913732,normal_unload,12,,0.0,0.01747,0.06743,-1.6454,-0.00011,-0.00048,0.00033,0.01664,0.05932,-1.63687,-0.00093,-0.00035,0.00021,-0.00715,0.04077,-1.64635,3,37.91,362.8356,36.4715,179.2849,0.2762,-95.3349,0.0024,24.1599,0.4116
382,000382.png,False,1788872961.361718,1788872961.301718,normal_unload,12,,0.0,0.00765,0.04089,-1.53247,0.00043,-0.00059,0.00024,0.00681,0.03276,-1.52392,-0.00039,-0.00045,0.00012,-0.00318,0.01468,-1.53296,3,37.9118,362.8216,36.4828,179.2855,0.2732,-95.3351,0.0074,24.1709,0.4005
383,000383.png,False,1788872961.557728,1788872961.497728,normal_unload,12,,0.0,0.00698,0.0399,-1.51648,0.00052,-0.00065,0.00039,0.00614,0.03176,-1.50791,-0.0003,-0.00051,0.00027,-0.00338,0.01375,-1.51695,3,37.912,362.8253,36.4857,179.2856,0.2737,-95.3351,0.0018,24.1739,0.3976
384,000384.png,False,1788872961.753639,1788872961.693639,normal_unload,12,,0.0,0.00665,0.03264,-1.33471,0.00059,-0.00064,0.0003,0.00581,0.02449,-1.32614,-0.00023,-0.0005,0.00018,-0.0013,0.01021,-1.33509,3,37.911,362.823,36.504,179.2856,0.2735,-95.3351,0.0035,24.1922,0.3793
385,000385.png,False,1788872961.945643,1788872961.885643,normal_unload,12,,0.0,0.00622,0.03497,-1.27023,0.00054,-0.0006,0.00027,0.00538,0.02681,-1.26164,-0.00029,-0.00046,0.00015,-0.00328,0.01305,-1.27065,3,37.911,362.8259,36.5124,179.2854,0.2741,-95.3351,0.0072,24.2006,0.3709
386,000386.png,False,1788872962.141645,1788872962.081645,normal_unload,12,,0.0,0.00562,0.03083,-1.15546,0.00049,-0.00063,8e-05,0.00478,0.02266,-1.14686,-0.00033,-0.00049,-5e-05,-0.00253,0.011,-1.15583,3,37.9124,362.8228,36.5205,179.2858,0.2729,-95.3354,0.0017,24.2087,0.3628
387,000387.png,False,1788872962.337649,1788872962.277649,normal_unload,12,,0.0,0.00875,0.02935,-1.07153,0.00051,-0.00052,9e-05,0.00791,0.02117,-1.06292,-0.00032,-0.00037,-4e-05,0.00035,0.01263,-1.0719,3,37.911,362.8236,36.5311,179.2855,0.2732,-95.3354,0.0086,24.2193,0.3522
388,000388.png,False,1788872962.533649,1788872962.473649,normal_unload,12,,0.0,0.00626,0.03258,-1.03412,0.00056,-0.00044,8e-05,0.00542,0.02439,-1.0255,-0.00027,-0.0003,-4e-05,-0.00368,0.01478,-1.03454,3,37.9125,362.8224,36.5364,179.2859,0.2722,-95.3358,0.0033,24.2245,0.3469
389,000389.png,False,1788872962.921735,1788872962.861735,normal_unload,12,,0.0,0.00508,0.02934,-0.87815,0.00066,-0.0004,0.00024,0.00424,0.02112,-0.86951,-0.00017,-0.00026,0.00012,-0.00417,0.01388,-0.87854,3,37.9128,362.821,36.5613,179.2861,0.2718,-95.3362,0.0087,24.2494,0.322
390,000390.png,False,1788872963.313662,1788872963.253662,normal_unload,12,,0.0,0.00752,0.02819,-0.7284,0.00048,-0.00034,0.00022,0.00667,0.01995,-0.71974,-0.00035,-0.0002,9e-05,-0.00252,0.0165,-0.7288,3,37.9105,362.8253,36.584,179.2861,0.2718,-95.336,0.0078,24.2722,0.2993
391,000391.png,False,1788872963.701760,1788872963.641760,normal_unload,12,,0.0,0.00851,0.03021,-0.49497,0.00045,-0.0002,0.00012,0.00766,0.02195,-0.48628,-0.00038,-6e-05,-0.0,-0.00429,0.02249,-0.49544,3,37.9109,362.8292,36.6273,179.2857,0.2731,-95.3367,0.004,24.3155,0.256
392,000392.png,False,1788872963.897818,1788872963.837818,normal_unload,12,,0.0,0.00682,0.02448,-0.35783,0.0006,-0.00016,-0.00013,0.00597,0.01621,-0.34913,-0.00024,-2e-05,-0.00025,-0.00385,0.01888,-0.35822,3,37.9114,362.8269,36.6483,179.2856,0.2728,-95.3369,0.0093,24.3365,0.235
393,000393.png,False,1788872964.093741,1788872964.033741,normal_unload,12,,0.0,0.00708,0.02513,-0.2897,0.00052,-4e-05,1e-05,0.00623,0.01685,-0.28099,-0.00032,0.0001,-0.00012,-0.00442,0.02066,-0.29011,3,37.9104,362.8279,36.6701,179.2858,0.2728,-95.3373,0.0052,24.3583,0.2132
394,000394.png,False,1788872968.969824,1788872968.909824,normal_load,13,,2.0,-0.00137,-0.00592,-0.11028,0.00121,-0.00022,0.0,-0.00224,-0.01448,-0.10127,0.00034,-7e-05,-0.00012,0.00254,-0.00758,-0.11016,3,37.9141,362.8062,36.7907,179.2882,0.264,-95.3406,0.0007,24.4786,0.0929
395,000395.png,False,1788872969.361794,1788872969.301795,normal_load,13,,2.0,-0.00139,0.00196,-0.40589,0.00097,-0.00041,-7e-05,-0.00227,-0.00662,-0.39686,0.0001,-0.00026,-0.0002,0.00063,-0.0055,-0.40586,3,37.9142,362.8118,36.6848,179.2878,0.2654,-95.341,0.008,24.3727,0.1988
396,000396.png,False,1788872969.557864,1788872969.497864,normal_load,13,,2.0,0.00372,0.01698,-0.66243,0.00083,-0.00024,0.00015,0.00284,0.00839,-0.65338,-4e-05,-9e-05,3e-05,-0.00067,0.00596,-0.66263,3,37.9132,362.8184,36.6315,179.2873,0.2671,-95.341,0.0026,24.3196,0.2519
397,000397.png,False,1788872969.749860,1788872969.689860,normal_load,13,,2.0,0.00618,0.02178,-0.78347,0.00064,-0.0004,0.00019,0.0053,0.01318,-0.77441,-0.00023,-0.00025,6e-05,-0.0001,0.0094,-0.78374,3,37.9128,362.8178,36.6138,179.2874,0.2667,-95.3408,0.0074,24.3018,0.2697
398,000398.png,False,1788872969.945765,1788872969.885765,normal_load,13,,2.0,0.01793,0.0527,-1.04701,4e-05,-0.00025,8e-05,0.01705,0.04409,-1.03795,-0.00083,-0.0001,-4e-05,-0.00354,0.03783,-1.0478,3,37.9092,362.8336,36.5767,179.2859,0.2724,-95.3408,0.0001,24.265,0.3065
399,000399.png,False,1788872970.141850,1788872970.081850,normal_load,13,,2.0,0.01541,0.04786,-1.02333,8e-05,-0.0003,0.00011,0.01453,0.03923,-1.01426,-0.0008,-0.00015,-2e-05,-0.00346,0.03276,-1.02404,3,37.9098,362.8325,36.5736,179.2859,0.2722,-95.3408,0.0061,24.2619,0.3095
400,000400.png,False,1788872970.337924,1788872970.277924,normal_load,13,,2.0,0.02252,0.06517,-1.16708,-0.00028,-0.00019,0.00018,0.02164,0.05653,-1.15799,-0.00116,-4e-05,5e-05,-0.00496,0.049,-1.16808,3,37.909,362.8383,36.5525,179.2852,0.2747,-95.341,0.008,24.2409,0.3306
401,000401.png,False,1788872970.529876,1788872970.469876,normal_load,13,,2.0,0.01494,0.05349,-1.56442,9e-05,-0.00051,0.00017,0.01406,0.04484,-1.55532,-0.00078,-0.00036,4e-05,-0.00293,0.02873,-1.56514,3,37.9097,362.8305,36.5016,179.286,0.2717,-95.3408,0.0021,24.1899,0.3816
402,000402.png,False,1788872972.873804,1788872972.813804,normal_unload,13,,0.0,0.01891,0.05767,-1.71072,5e-05,-0.00072,0.00021,0.01801,0.04889,-1.70148,-0.00084,-0.00057,8e-05,-0.00058,0.03199,-1.7115,3,37.9101,362.8277,36.4674,179.2871,0.2677,-95.3421,0.0053,24.1556,0.4159
403,000403.png,False,1788872973.457813,1788872973.397813,normal_unload,13,,0.0,0.01144,0.03075,-1.57301,0.0006,-0.00088,0.00045,0.01054,0.02194,-1.56374,-0.00029,-0.00073,0.00031,0.00545,0.00715,-1.57333,3,37.9118,362.8191,36.4806,179.2879,0.2648,-95.3425,0.0044,24.1688,0.4027
404,000404.png,False,1788872973.653904,1788872973.593904,normal_unload,13,,0.0,0.00937,0.02896,-1.5521,0.0007,-0.00081,0.00039,0.00846,0.02014,-1.54282,-0.00019,-0.00065,0.00026,0.0044,0.0049,-1.55239,4,37.9119,362.8192,36.4831,179.2881,0.2644,-95.3425,0.0016,24.1712,0.4003
405,000405.png,False,1788872973.849880,1788872973.789880,normal_unload,13,,0.0,0.00956,0.02234,-1.4427,0.00078,-0.00082,0.0002,0.00866,0.0135,-1.4334,-0.00011,-0.00067,6e-05,0.00712,0.00101,-1.44289,3,37.9127,362.8167,36.4914,179.2886,0.2625,-95.3427,0.0077,24.1795,0.392
406,000406.png,False,1788872974.041946,1788872973.981946,normal_unload,13,,0.0,0.00996,0.02833,-1.3267,0.00058,-0.0007,0.00032,0.00905,0.01948,-1.31739,-0.00031,-0.00055,0.00019,0.00367,0.00826,-1.327,3,37.9125,362.8201,36.5053,179.2881,0.2633,-95.343,0.0036,24.1934,0.3781
407,000407.png,False,1788872974.237940,1788872974.177940,normal_unload,13,,0.0,0.00772,0.02108,-1.32388,0.00081,-0.00069,0.00025,0.00682,0.01222,-1.31456,-8e-05,-0.00054,0.00012,0.00534,0.00091,-1.32406,3,37.9131,362.8188,36.5065,179.2886,0.2632,-95.3432,0.0067,24.1946,0.3769
408,000408.png,False,1788872974.629934,1788872974.569934,normal_unload,13,,0.0,0.01058,0.0304,-1.12437,0.00061,-0.00044,0.00031,0.00967,0.02152,-1.11503,-0.00029,-0.00029,0.00017,0.00177,0.0136,-1.12475,3,37.9123,362.8235,36.5317,179.2882,0.2639,-95.3434,0.0,24.2199,0.3516
409,000409.png,False,1788872974.821908,1788872974.761909,normal_unload,13,,0.0,0.01091,0.02246,-0.99968,0.00076,-0.00049,0.00029,0.01,0.01356,-0.99033,-0.00014,-0.00033,0.00015,0.00516,0.00888,-0.99994,3,37.9115,362.8205,36.5457,179.2884,0.2631,-95.343,0.01,24.2338,0.3377
410,000410.png,False,1788872975.213921,1788872975.153921,normal_unload,13,,0.0,0.00446,0.00684,-0.78896,0.00104,-0.00048,5e-05,0.00355,-0.00207,-0.77958,0.00014,-0.00032,-8e-05,0.00592,-0.00448,-0.78897,3,37.9119,362.8152,36.571,179.2887,0.2612,-95.3436,0.0008,24.259,0.3125
411,000411.png,False,1788872975.409949,1788872975.349949,normal_unload,13,,0.0,0.00444,0.01023,-0.64269,0.00088,-0.00041,-4e-05,0.00352,0.00131,-0.6333,-2e-05,-0.00026,-0.00018,0.00319,0.00078,-0.64278,3,37.9125,362.8176,36.5918,179.2885,0.2627,-95.3438,0.0071,24.2799,0.2916
412,000412.png,False,1788872975.601914,1788872975.541914,normal_unload,13,,0.0,0.00591,0.01013,-0.62783,0.00083,-0.00039,-0.0,0.00499,0.00119,-0.61843,-8e-05,-0.00024,-0.00013,0.00441,0.00167,-0.62792,3,37.9135,362.8184,36.5969,179.2888,0.2625,-95.344,0.003,24.285,0.2865
413,000413.png,False,1788872975.797965,1788872975.737965,normal_unload,13,,0.0,0.00905,0.01788,-0.48314,0.00074,-0.00027,9e-05,0.00813,0.00894,-0.47373,-0.00016,-0.00012,-4e-05,0.00226,0.01227,-0.4834,3,37.9115,362.8235,36.6229,179.2882,0.2637,-95.344,0.0074,24.3111,0.2604
414,000414.png,False,1788872975.994000,1788872975.934000,normal_unload,13,,0.0,0.00863,0.01249,-0.45294,0.00069,-0.00026,0.00011,0.00771,0.00353,-0.44351,-0.00022,-0.0001,-2e-05,0.00438,0.00787,-0.4531,4,37.9125,362.8215,36.6294,179.2883,0.2635,-95.344,0.0069,24.3175,0.254
415,000415.png,False,1788872976.189939,1788872976.129940,normal_unload,13,,0.0,0.00774,0.0126,-0.29101,0.00081,-0.0001,-0.0,0.00682,0.00363,-0.28157,-9e-05,5e-05,-0.00013,0.00243,0.01012,-0.2912,3,37.9123,362.8235,36.6663,179.2884,0.2629,-95.3445,0.0005,24.3544,0.2171
416,000416.png,False,1788872976.385948,1788872976.325948,normal_unload,13,,0.0,0.00877,0.00628,-0.26925,0.00082,-0.00026,-0.00019,0.00785,-0.0027,-0.2598,-9e-05,-0.0001,-0.00032,0.00633,0.0055,-0.26934,3,37.9114,362.8213,36.668,179.2885,0.2627,-95.3445,0.0056,24.3561,0.2154
417,000417.png,False,1788872981.458038,1788872981.398038,normal_load,14,,2.0,0.00281,-0.00264,-0.22007,0.00117,-0.00021,0.00032,0.00186,-0.0119,-0.21032,0.00023,-5e-05,0.00018,0.00528,-0.00441,-0.22,3,37.9114,362.8238,36.7377,179.2889,0.2612,-95.3484,0.007,24.4259,0.1456
418,000418.png,False,1788872981.846030,1788872981.786031,normal_load,14,,2.0,0.00638,0.01038,-0.42116,0.00097,-0.00028,2e-05,0.00543,0.00109,-0.41138,3e-05,-0.00012,-0.00012,0.00327,0.00543,-0.42128,3,37.9131,362.8174,36.6786,179.2906,0.2551,-95.3488,0.009,24.3667,0.2048
419,000419.png,False,1788872982.430059,1788872982.370059,normal_load,14,,2.0,0.01381,0.03858,-0.97853,0.00039,-0.00034,7e-05,0.01285,0.02926,-0.96872,-0.00055,-0.00018,-7e-05,-0.00053,0.02464,-0.97908,3,37.9116,362.8303,36.582,179.289,0.2614,-95.3488,0.0037,24.2703,0.3012
420,000420.png,False,1788872982.626080,1788872982.566080,normal_load,14,,2.0,0.02196,0.05355,-1.16487,7e-05,-0.00035,-6e-05,0.02101,0.04422,-1.15505,-0.00087,-0.00019,-0.0002,0.00035,0.03869,-1.16567,3,37.9107,362.8326,36.5522,179.2883,0.2632,-95.3488,0.0024,24.2405,0.331
421,000421.png,False,1788872982.822082,1788872982.762082,normal_load,14,,2.0,0.01615,0.04744,-1.27597,0.00029,-0.00046,2e-05,0.01519,0.0381,-1.26614,-0.00065,-0.0003,-0.00012,-0.00087,0.02872,-1.27663,3,37.9105,362.8261,36.5288,179.2889,0.2611,-95.3486,0.0079,24.217,0.3545
422,000422.png,False,1788872983.018042,1788872982.958042,normal_load,14,,2.0,0.02206,0.0655,-1.51321,-4e-05,-0.00042,0.00018,0.0211,0.05614,-1.50336,-0.00098,-0.00026,4e-05,-0.00312,0.04351,-1.51416,3,37.9091,362.8365,36.5102,179.2881,0.2639,-95.3486,0.0064,24.1986,0.3729
423,000423.png,False,1788872985.162099,1788872985.102099,normal_unload,14,,0.0,0.0174,0.05523,-1.67052,8e-05,-0.00069,5e-05,0.01643,0.04575,-1.66055,-0.00088,-0.00052,-9e-05,-0.00094,0.02977,-1.67126,3,37.9089,362.8353,36.4696,179.2891,0.2605,-95.3486,0.0089,24.158,0.4135
424,000424.png,False,1788872985.554085,1788872985.494085,normal_unload,14,,0.0,0.01741,0.05534,-1.5897,0.00026,-0.0006,0.00011,0.01644,0.04584,-1.5797,-0.0007,-0.00044,-4e-05,-0.00155,0.03116,-1.59045,3,37.9106,362.8325,36.4781,179.2895,0.259,-95.349,0.0028,24.1664,0.4051
425,000425.png,False,1788872985.942114,1788872985.882114,normal_unload,14,,0.0,0.01106,0.0412,-1.41926,0.0007,-0.00053,-3e-05,0.01008,0.03168,-1.40924,-0.00027,-0.00036,-0.00017,-0.00117,0.01848,-1.41978,3,37.9114,362.8243,36.4937,179.29,0.2563,-95.3493,0.0056,24.1819,0.3895
426,000426.png,False,1788872986.530101,1788872986.470101,normal_unload,14,,0.0,0.01427,0.04347,-1.23747,0.00059,-0.0004,0.00015,0.01329,0.03392,-1.22742,-0.00038,-0.00024,1e-05,-0.00078,0.02496,-1.23806,3,37.911,362.8314,36.5183,179.2899,0.2574,-95.3497,0.0036,24.2066,0.3649
427,000427.png,False,1788872986.918132,1788872986.858132,normal_unload,14,,0.0,0.01585,0.04775,-1.00979,0.00032,-0.00033,-0.00026,0.01487,0.03818,-0.99971,-0.00065,-0.00016,-0.00041,-0.00313,0.03311,-1.01049,3,37.9104,362.8315,36.5376,179.2899,0.2565,-95.3497,0.0006,24.2259,0.3456
428,000428.png,False,1788872987.114033,1788872987.054034,normal_unload,14,,0.0,0.0129,0.03711,-0.94082,0.00058,-0.00042,-0.00016,0.01192,0.02752,-0.93073,-0.00039,-0.00025,-0.0003,-0.00084,0.02351,-0.94135,4,37.9104,362.8304,36.5473,179.2899,0.2565,-95.3503,0.0053,24.2356,0.3359
429,000429.png,False,1788872987.506092,1788872987.446092,normal_unload,14,,0.0,0.01147,0.03646,-0.75472,0.00068,-0.00031,4e-05,0.01048,0.02685,-0.74461,-0.00029,-0.00014,-0.00011,-0.00305,0.02521,-0.75526,3,37.9094,362.8295,36.5786,179.2898,0.2569,-95.3503,0.003,24.2669,0.3046
430,000430.png,False,1788872987.698110,1788872987.638110,normal_unload,14,,0.0,0.00961,0.02639,-0.58692,0.0007,-0.0002,3e-05,0.00863,0.01677,-0.5768,-0.00028,-3e-05,-0.00012,-0.00079,0.01826,-0.58731,3,37.9107,362.828,36.6041,179.2901,0.2565,-95.3503,0.007,24.2924,0.2791
431,000431.png,False,1788872987.894132,1788872987.834132,normal_unload,14,,0.0,0.01146,0.02562,-0.58456,0.00071,-0.00018,9e-05,0.01047,0.01599,-0.57442,-0.00026,-1e-05,-6e-05,0.00118,0.01855,-0.58493,3,37.9113,362.8293,36.6071,179.29,0.2569,-95.351,0.0008,24.2954,0.2761
432,000432.png,False,1788872988.286046,1788872988.226046,normal_unload,14,,0.0,0.01055,0.02422,-0.42143,0.00057,-0.00033,-0.00011,0.00956,0.01457,-0.41127,-0.00041,-0.00016,-0.00025,-4e-05,0.0195,-0.4218,3,37.911,362.8279,36.6337,179.2902,0.2556,-95.3512,0.01,24.3219,0.2496
433,000433.png,False,1788872992.578197,1788872992.518197,normal_load,15,,2.0,-5e-05,-0.00432,-0.04175,0.00136,-0.00013,0.00012,-0.00106,-0.01422,-0.03134,0.00036,4e-05,-3e-05,0.00241,-0.00444,-0.04167,3,37.9131,362.8137,36.8444,179.2929,0.2464,-95.3532,0.0054,24.5324,0.0391
434,000434.png,False,1788872992.966224,1788872992.906224,normal_load,15,,2.0,-0.00316,-0.00468,-0.13373,0.00138,-0.00016,0.0002,-0.00418,-0.0146,-0.12329,0.00038,1e-05,5e-05,0.00053,-0.00777,-0.13362,3,37.9148,362.8068,36.7799,179.2931,0.2449,-95.3532,0.0002,24.4678,0.1037
435,000435.png,False,1788872993.358250,1788872993.298250,normal_load,15,,2.0,0.0019,0.00847,-0.37532,0.00112,-0.00035,-0.00013,0.00088,-0.00148,-0.36486,0.00011,-0.00018,-0.00028,2e-05,0.00227,-0.37541,3,37.9131,362.8145,36.6826,179.2922,0.248,-95.3536,0.0084,24.3706,0.2009
436,000436.png,False,1788872993.746235,1788872993.686235,normal_load,15,,2.0,0.01068,0.02748,-0.75584,0.00078,-0.00041,0.00015,0.00966,0.01752,-0.74536,-0.00023,-0.00024,-0.0,0.00076,0.01703,-0.75623,3,37.911,362.8224,36.6097,179.2921,0.2491,-95.3536,0.007,24.2979,0.2736
437,000437.png,False,1788872994.334228,1788872994.274228,normal_load,15,,2.0,0.01972,0.06054,-1.23691,0.00015,-0.00037,-6e-05,0.01869,0.05054,-1.22639,-0.00086,-0.0002,-0.00021,-0.00459,0.04247,-1.23781,3,37.9102,362.8337,36.5389,179.2906,0.2539,-95.354,0.0052,24.2272,0.3443
438,000438.png,False,1788872997.062274,1788872997.002274,normal_unload,15,,0.0,0.01219,0.04987,-1.74924,0.00058,-0.00069,2e-05,0.01114,0.03972,-1.73856,-0.00045,-0.00052,-0.00013,-0.00223,0.02126,-1.74986,3,37.9114,362.8261,36.4578,179.2924,0.2483,-95.3551,0.0088,24.146,0.4255
439,000439.png,False,1788872997.650203,1788872997.590204,normal_unload,15,,0.0,0.01137,0.04139,-1.59615,0.00075,-0.00076,7e-05,0.01033,0.03121,-1.58543,-0.00028,-0.00058,-8e-05,0.00023,0.01596,-1.59664,3,37.9126,362.8219,36.4711,179.2932,0.2453,-95.356,0.0087,24.1593,0.4122
440,000440.png,False,1788872998.038306,1788872997.978307,normal_unload,15,,0.0,0.00922,0.02945,-1.43023,0.00096,-0.00067,0.00016,0.00817,0.01924,-1.41949,-7e-05,-0.0005,0.0,0.00318,0.0072,-1.43054,3,37.9126,362.8205,36.4927,179.293,0.2451,-95.3564,0.0083,24.1809,0.3906
441,000441.png,False,1788872998.234293,1788872998.174294,normal_unload,15,,0.0,0.01127,0.03153,-1.33772,0.00089,-0.00061,-5e-05,0.01023,0.02131,-1.32697,-0.00014,-0.00044,-0.00021,0.00329,0.01151,-1.33809,3,37.9126,362.8216,36.498,179.2933,0.2449,-95.3569,0.0023,24.1861,0.3853
442,000442.png,False,1788872998.430285,1788872998.370285,normal_unload,15,,0.0,0.01472,0.04112,-1.16466,0.00054,-0.00054,2e-05,0.01367,0.03089,-1.1539,-0.00049,-0.00036,-0.00013,0.00028,0.02431,-1.16523,3,37.9107,362.8254,36.517,179.2932,0.2451,-95.3566,0.003,24.2052,0.3663
443,000443.png,False,1788872999.014226,1788872998.954226,normal_unload,15,,0.0,0.01134,0.0298,-1.00738,0.00081,-0.00045,8e-05,0.01029,0.01953,-0.99659,-0.00023,-0.00027,-8e-05,0.00192,0.01534,-1.00777,3,37.9134,362.8175,36.5375,179.2936,0.2436,-95.3573,0.0027,24.2255,0.3459
444,000444.png,False,1788872999.406236,1788872999.346236,normal_unload,15,,0.0,0.00758,0.02558,-0.75577,0.00097,-0.00038,6e-05,0.00652,0.0153,-0.74495,-7e-05,-0.0002,-9e-05,-0.00098,0.01384,-0.75612,3,37.9113,362.8219,36.5744,179.2936,0.2438,-95.3573,0.0004,24.2625,0.3089
445,000445.png,False,1788872999.598311,1788872999.538311,normal_unload,15,,0.0,0.00734,0.01946,-0.68273,0.00112,-0.00035,0.0002,0.00629,0.00916,-0.67189,7e-05,-0.00017,5e-05,0.00137,0.00958,-0.68297,3,37.9114,362.82,36.589,179.2937,0.2432,-95.3573,0.0097,24.2771,0.2944
446,000446.png,False,1788872999.794297,1788872999.734298,normal_unload,15,,0.0,0.0076,0.01856,-0.57454,0.00104,-0.0003,0.00016,0.00655,0.00825,-0.5637,0.0,-0.00012,1e-05,0.0013,0.01067,-0.57479,3,37.9126,362.8206,36.6071,179.2937,0.2434,-95.3582,0.0042,24.2953,0.2762
447,000447.png,False,1788872999.990240,1788872999.930240,normal_unload,15,,0.0,0.00549,0.01556,-0.52028,0.00103,-0.00031,0.0002,0.00443,0.00524,-0.50943,-1e-05,-0.00014,5e-05,0.00059,0.00788,-0.52049,3,37.9125,362.82,36.6171,179.2935,0.2434,-95.3582,0.0015,24.3052,0.2663
448,000448.png,False,1788873000.186239,1788873000.126240,normal_unload,15,,0.0,0.00564,0.01813,-0.35408,0.00094,-0.00015,0.00028,0.00458,0.0078,-0.34321,-0.00011,3e-05,0.00013,-0.00172,0.01285,-0.35435,3,37.9126,362.8222,36.651,179.2938,0.243,-95.3579,0.0073,24.3391,0.2323
449,000449.png,False,1788873000.382313,1788873000.322313,normal_unload,15,,0.0,0.00533,0.01334,-0.38174,0.00117,-0.00019,0.00042,0.00427,0.003,-0.37086,0.00012,-1e-05,0.00027,0.0006,0.0081,-0.38192,3,37.9119,362.821,36.6564,179.2938,0.243,-95.3577,0.0072,24.3445,0.227
450,000450.png,False,1788873000.574327,1788873000.514328,normal_unload,15,,0.0,0.00833,0.01803,-0.23778,0.00094,-0.00011,0.00043,0.00727,0.00768,-0.22689,-0.00011,7e-05,0.00028,-0.00014,0.01597,-0.23807,3,37.9103,362.826,36.6881,179.2935,0.2434,-95.3577,0.0083,24.3763,0.1952
451,000451.png,False,1788873005.258410,1788873005.198411,normal_load,16,,2.0,0.00469,0.00672,-0.4115,0.00129,-0.00034,3e-05,0.0036,-0.0039,-0.40032,0.00022,-0.00016,-0.00012,0.00356,0.00157,-0.41156,3,37.9144,362.8077,36.6803,179.2952,0.2377,-95.3601,0.0092,24.3682,0.2033
452,000452.png,False,1788873005.842434,1788873005.782434,normal_load,16,,2.0,0.01603,0.05559,-1.0067,0.00022,-0.00029,0.00023,0.01493,0.04494,-0.9955,-0.00086,-0.0001,7e-05,-0.00691,0.04002,-1.00755,3,37.9112,362.8304,36.5774,179.2931,0.2455,-95.3603,0.0096,24.2656,0.3058
453,000453.png,False,1788873006.038434,1788873005.978434,normal_load,16,,2.0,0.0227,0.06641,-1.14718,-5e-05,-0.00027,0.00024,0.02161,0.05575,-1.13597,-0.00113,-9e-05,8e-05,-0.00557,0.05048,-1.14821,3,37.91,362.8358,36.5539,179.2926,0.2474,-95.3606,0.0046,24.2423,0.3292
454,000454.png,False,1788873006.234466,1788873006.174466,normal_load,16,,2.0,0.02186,0.07127,-1.18238,-4e-05,-0.00017,0.00016,0.02077,0.0606,-1.17115,-0.00112,1e-05,0.0,-0.00848,0.05371,-1.18348,3,37.9089,362.838,36.5489,179.2923,0.2482,-95.3601,0.0056,24.2373,0.3342
455,000455.png,False,1788873009.938416,1788873009.878416,normal_unload,16,,0.0,0.01645,0.05684,-1.4985,0.00045,-0.00051,0.00022,0.01533,0.04596,-1.48705,-0.00065,-0.00032,6e-05,-0.00376,0.03344,-1.49929,3,37.9104,362.83,36.4813,179.2942,0.2415,-95.3614,0.0081,24.1696,0.4019
456,000456.png,False,1788873010.134414,1788873010.074414,normal_unload,16,,0.0,0.01565,0.05167,-1.37048,0.00048,-0.0005,0.00016,0.01453,0.04077,-1.35902,-0.00062,-0.00031,0.0,-0.00276,0.03061,-1.3712,3,37.9119,362.8272,36.4921,179.2942,0.2413,-95.3616,0.0073,24.1803,0.3912
457,000457.png,False,1788873010.914511,1788873010.854511,normal_unload,16,,0.0,0.01274,0.03929,-1.04556,0.0007,-0.00046,0.0001,0.01162,0.02835,-1.03405,-0.00041,-0.00028,-6e-05,-0.00134,0.02365,-1.04611,3,37.912,362.8248,36.5301,179.2946,0.2398,-95.3627,0.0026,24.2183,0.3532
458,000458.png,False,1788873011.110555,1788873011.050555,normal_unload,16,,0.0,0.01267,0.03244,-0.89703,0.00079,-0.00043,9e-05,0.01155,0.02149,-0.88551,-0.00032,-0.00024,-7e-05,0.00099,0.02006,-0.89748,3,37.9108,362.8247,36.5513,179.2945,0.2402,-95.3625,0.0028,24.2395,0.332
459,000459.png,False,1788873011.306518,1788873011.246518,normal_unload,16,,0.0,0.00958,0.03632,-0.88569,0.00078,-0.00033,-9e-05,0.00846,0.02536,-0.87415,-0.00033,-0.00015,-0.00025,-0.00371,0.02205,-0.8862,3,37.9124,362.8235,36.5516,179.2946,0.24,-95.3629,0.0082,24.2398,0.3317
460,000460.png,False,1788873011.694545,1788873011.634545,normal_unload,16,,0.0,0.01219,0.0383,-0.70917,0.00087,-0.00013,-0.00017,0.01107,0.02731,-0.69761,-0.00024,6e-05,-0.00034,-0.00366,0.0279,-0.70975,3,37.9111,362.8277,36.5797,179.2948,0.2394,-95.3629,0.0086,24.2679,0.3035
461,000461.png,False,1788873011.890527,1788873011.830527,normal_unload,16,,0.0,0.00937,0.02627,-0.57799,0.00098,-0.0002,-0.00011,0.00824,0.01528,-0.56642,-0.00013,-1e-05,-0.00028,-0.001,0.01818,-0.57837,3,37.9111,362.8229,36.5979,179.2951,0.2381,-95.3632,0.0063,24.2861,0.2854
462,000462.png,False,1788873012.282549,1788873012.222549,normal_unload,16,,0.0,0.0075,0.02472,-0.41839,0.001,-9e-05,0.00025,0.00637,0.01371,-0.4068,-0.00011,0.0001,8e-05,-0.00296,0.01846,-0.41877,3,37.9125,362.8225,36.6384,179.2949,0.2387,-95.3634,0.0076,24.3265,0.2449
463,000463.png,False,1788873012.474538,1788873012.414538,normal_unload,16,,0.0,0.00872,0.02015,-0.30038,0.00102,-0.0002,0.0002,0.00759,0.00912,-0.28878,-0.0001,-1e-05,3e-05,-0.00043,0.017,-0.3007,3,37.9118,362.8198,36.6639,179.295,0.2385,-95.3632,0.0035,24.352,0.2195
464,000464.png,False,1788873012.670557,1788873012.610558,normal_unload,16,,0.0,0.00649,0.02111,-0.26086,0.00102,-6e-05,0.00015,0.00536,0.01008,-0.24925,-9e-05,0.00013,-2e-05,-0.00312,0.01735,-0.2612,3,37.9113,362.8221,36.6748,179.2949,0.2387,-95.3634,0.0013,24.363,0.2085
465,000465.png,False,1788873017.546633,1788873017.486633,normal_load,17,,2.0,0.00741,0.0218,-0.43624,0.00108,-0.00025,0.00023,0.00625,0.01048,-0.42433,-7e-05,-6e-05,6e-05,-0.00145,0.01559,-0.43656,3,37.9105,362.8257,36.676,179.2966,0.2315,-95.3666,0.0054,24.3642,0.2073
466,000466.png,False,1788873018.718650,1788873018.658650,normal_load,17,,2.0,0.02973,0.09465,-1.56616,-0.00036,-0.00027,0.00026,0.02856,0.08327,-1.55418,-0.00151,-7e-05,9e-05,-0.01068,0.07173,-1.56762,3,37.9076,362.8485,36.503,179.2943,0.2408,-95.3666,0.0063,24.1916,0.3798
467,000467.png,False,1788873021.450762,1788873021.390762,normal_unload,17,,0.0,0.01943,0.06668,-1.72652,0.00039,-0.00065,0.00021,0.01825,0.05514,-1.71439,-0.00077,-0.00045,4e-05,-0.00451,0.0398,-1.72745,3,37.9084,362.8361,36.4592,179.2958,0.2346,-95.3669,0.0047,24.1476,0.4239
468,000468.png,False,1788873022.426736,1788873022.366736,normal_unload,17,,0.0,0.01415,0.05057,-1.46576,0.00086,-0.00054,0.00032,0.01296,0.03898,-1.45356,-0.00032,-0.00034,0.00015,-0.00285,0.02739,-1.46644,3,37.9103,362.8307,36.4874,179.2967,0.2313,-95.3673,0.0066,24.1757,0.3958
469,000469.png,False,1788873023.206741,1788873023.146741,normal_unload,17,,0.0,0.01638,0.04268,-0.99531,0.001,-0.00028,8e-05,0.01518,0.03105,-0.98307,-0.00017,-8e-05,-9e-05,-0.00024,0.0292,-0.99593,3,37.9098,362.8323,36.5411,179.2967,0.232,-95.3673,0.0045,24.2294,0.3421
470,000470.png,False,1788873023.402743,1788873023.342743,normal_unload,17,,0.0,0.01238,0.04038,-0.9442,0.00093,-0.00029,0.00026,0.01118,0.02874,-0.93194,-0.00025,-9e-05,8e-05,-0.00291,0.02603,-0.94478,3,37.9106,362.8304,36.549,179.2968,0.2311,-95.3677,0.0009,24.2373,0.3342
471,000471.png,False,1788873023.790760,1788873023.730760,normal_unload,17,,0.0,0.01551,0.0434,-0.7632,0.00087,-0.00015,0.00021,0.01431,0.03174,-0.75092,-0.0003,5e-05,4e-05,-0.00296,0.03312,-0.76387,3,37.9091,362.8321,36.5732,179.2971,0.23,-95.3677,0.0011,24.2615,0.31
472,000472.png,False,1788873023.986669,1788873023.926669,normal_unload,17,,0.0,0.02144,0.06122,-0.63392,0.00029,3e-05,0.00012,0.02025,0.04954,-0.62163,-0.00089,0.00023,-6e-05,-0.00762,0.05358,-0.63492,3,37.9079,362.8426,36.594,179.2971,0.2305,-95.3679,0.0038,24.2825,0.289
473,000473.png,False,1788873024.378668,1788873024.318668,normal_unload,17,,0.0,0.01495,0.03625,-0.44613,0.00082,-4e-05,0.0001,0.01375,0.02455,-0.43382,-0.00036,0.00016,-7e-05,-0.00207,0.03172,-0.44672,3,37.9106,362.8336,36.6256,179.2974,0.2294,-95.3688,0.0054,24.3139,0.2576
474,000474.png,False,1788873024.962674,1788873024.902674,normal_unload,17,,0.0,0.0156,0.03106,-0.29791,0.00093,-9e-05,0.00032,0.01439,0.01933,-0.28557,-0.00026,0.00011,0.00015,6e-05,0.02992,-0.29844,3,37.9092,362.8354,36.6782,179.297,0.2309,-95.369,0.0053,24.3666,0.2049
475,000475.png,False,1788873029.642874,1788873029.582874,normal_load,18,,2.0,-0.00236,0.00684,-0.40473,0.00159,-0.00034,-5e-05,-0.00359,-0.00516,-0.3921,0.00038,-0.00013,-0.00023,-0.00265,-0.00174,-0.40478,3,37.9138,362.8078,36.6774,179.3,0.2191,-95.371,0.0053,24.3653,0.2062
476,000476.png,False,1788873029.838893,1788873029.778893,normal_load,18,,2.0,0.00751,0.0274,-0.69716,0.00107,-0.00038,-0.00015,0.00628,0.01539,-0.68452,-0.00015,-0.00018,-0.00033,-0.00235,0.01632,-0.69754,3,37.9129,362.8206,36.6214,179.2991,0.2231,-95.3712,0.0092,24.3095,0.262
477,000477.png,False,1788873033.742923,1788873033.682923,normal_unload,18,,0.0,0.01069,0.04282,-1.47986,0.00084,-0.0007,3e-05,0.00943,0.03059,-1.46699,-0.0004,-0.00049,-0.00015,-0.00188,0.01872,-1.4804,3,37.9119,362.8245,36.4842,179.2992,0.222,-95.3721,0.0078,24.1724,0.3991
478,000478.png,False,1788873033.934979,1788873033.874979,normal_unload,18,,0.0,0.00993,0.0391,-1.31313,0.00106,-0.00062,0.0001,0.00868,0.02686,-1.30025,-0.00018,-0.00041,-9e-05,-0.00183,0.01779,-1.31363,3,37.9107,362.8238,36.502,179.2995,0.2218,-95.3723,0.0189,24.1902,0.3813
479,000479.png,False,1788873035.106972,1788873035.046973,normal_unload,18,,0.0,0.0079,0.03375,-0.74224,0.00095,-0.00024,0.00015,0.00664,0.02144,-0.72928,-0.0003,-3e-05,-3e-05,-0.00488,0.02129,-0.74273,3,37.9107,362.8284,36.5798,179.2992,0.2222,-95.3729,0.0029,24.2681,0.3034
480,000480.png,False,1788873035.302967,1788873035.242967,normal_unload,18,,0.0,0.00909,0.03592,-0.61542,0.00094,-0.00027,0.00019,0.00783,0.0236,-0.60245,-0.00031,-5e-05,0.0,-0.0058,0.02579,-0.61596,3,37.9107,362.8285,36.6009,179.2991,0.2224,-95.3732,0.0081,24.2892,0.2823
481,000481.png,False,1788873035.690881,1788873035.630882,normal_unload,18,,0.0,0.00798,0.02981,-0.42247,0.00108,-0.00018,0.00032,0.00671,0.01747,-0.40948,-0.00017,4e-05,0.00014,-0.00506,0.02304,-0.42294,3,37.9116,362.8275,36.6357,179.2997,0.2212,-95.3736,0.003,24.3239,0.2476
482,000482.png,False,1788873039.203056,1788873039.143056,normal_load,19,,2.0,0.00138,0.0013,-0.00773,0.0016,-0.0002,0.00014,0.0001,-0.01124,0.00546,0.00033,1e-05,-5e-05,0.0006,0.0017,-0.00776,3,37.9114,362.8227,36.9108,179.3006,0.2169,-95.376,0.0076,24.5989,-0.0274
483,000483.png,False,1788873039.399048,1788873039.339048,normal_load,19,,2.0,-0.00152,0.00418,-0.00091,0.00162,-7e-05,4e-05,-0.0028,-0.00837,0.01229,0.00035,0.00014,-0.00015,-0.0034,0.00285,-0.00098,3,37.9138,362.8194,36.9031,179.3011,0.2159,-95.3764,0.007,24.5911,-0.0196
484,000484.png,False,1788873039.791068,1788873039.731068,normal_load,19,,2.0,-0.00233,0.001,-0.03827,0.00159,-0.00017,0.0002,-0.00362,-0.01157,-0.02504,0.00032,5e-05,1e-05,-0.00225,-0.00091,-0.03828,3,37.9134,362.8117,36.852,179.3025,0.2107,-95.3757,0.0043,24.5399,0.0316
485,000485.png,False,1788873039.983076,1788873039.923076,normal_load,19,,2.0,0.00013,0.0098,-0.0824,0.00138,-0.00023,-1e-05,-0.00116,-0.00279,-0.06916,0.00011,-1e-05,-0.0002,-0.00421,0.00723,-0.08256,3,37.9117,362.8241,36.7915,179.3011,0.2152,-95.376,0.0011,24.4796,0.0919
486,000486.png,False,1788873040.179064,1788873040.119064,normal_load,19,,2.0,0.00158,0.00973,-0.10089,0.00138,-0.00021,-3e-05,0.00028,-0.00287,-0.08764,0.00011,0.0,-0.00021,-0.0028,0.0076,-0.10105,3,37.9128,362.8214,36.787,179.3016,0.214,-95.376,0.0049,24.4751,0.0964
487,000487.png,False,1788873040.375046,1788873040.315046,normal_load,19,,2.0,-0.00083,0.0058,-0.34831,0.00157,-0.00042,-0.0,-0.00212,-0.00681,-0.33504,0.0003,-0.0002,-0.00019,-0.0012,-0.00097,-0.34835,3,37.9137,362.8134,36.698,179.3035,0.2078,-95.3757,0.0079,24.386,0.1855
488,000488.png,False,1788873040.571064,1788873040.511065,normal_load,19,,2.0,0.00364,0.02399,-0.40522,0.00113,-0.0003,8e-05,0.00234,0.01137,-0.39194,-0.00014,-9e-05,-0.00011,-0.00603,0.0161,-0.40558,3,37.9122,362.8243,36.6853,179.3017,0.2138,-95.376,0.0028,24.3735,0.198
489,000489.png,False,1788873040.763082,1788873040.703082,normal_load,19,,2.0,0.00966,0.03872,-0.69267,0.00083,-0.00043,1e-05,0.00837,0.02609,-0.67938,-0.00045,-0.00021,-0.00018,-0.00617,0.02726,-0.69326,3,37.9111,362.8307,36.6204,179.3011,0.2159,-95.376,0.0064,24.3087,0.2628
490,000490.png,False,1788873040.959060,1788873040.899060,normal_load,19,,2.0,0.01199,0.04536,-0.72131,0.00065,-0.00026,0.00015,0.01069,0.03272,-0.70801,-0.00063,-5e-05,-4e-05,-0.00728,0.03372,-0.72201,3,37.9103,362.8323,36.618,179.3009,0.2165,-95.3762,0.0082,24.3063,0.2652
491,000491.png,False,1788873041.155062,1788873041.095062,normal_load,19,,2.0,0.0208,0.07022,-0.96977,0.00018,-0.00023,4e-05,0.0195,0.05756,-0.95646,-0.0011,-1e-05,-0.00015,-0.01034,0.05567,-0.97088,3,37.9073,362.8446,36.5801,179.2995,0.2216,-95.3758,0.0032,24.2687,0.3028
492,000492.png,False,1788873041.350985,1788873041.290985,normal_load,19,,2.0,0.01712,0.06785,-1.03676,0.00047,-0.00015,0.00013,0.01582,0.05519,-1.02344,-0.00081,7e-05,-6e-05,-0.01188,0.05071,-1.03782,3,37.9083,362.844,36.5587,179.2994,0.2213,-95.3762,0.002,24.2472,0.3243
493,000493.png,False,1788873041.543052,1788873041.483052,normal_load,19,,2.0,0.02521,0.08496,-1.2083,-8e-05,-0.00025,-3e-05,0.02391,0.07228,-1.19496,-0.00136,-3e-05,-0.00022,-0.01223,0.06682,-1.20964,3,37.9071,362.8478,36.5428,179.2989,0.223,-95.3758,0.0093,24.2314,0.3401
494,000494.png,False,1788873041.739068,1788873041.679068,normal_load,19,,2.0,0.02601,0.09041,-1.56085,-0.00028,-0.00036,1e-05,0.02471,0.07773,-1.54751,-0.00156,-0.00015,-0.00018,-0.01182,0.0663,-1.56224,3,37.908,362.8482,36.5023,179.2991,0.223,-95.3762,0.003,24.1909,0.3806
495,000495.png,False,1788873041.935087,1788873041.875087,normal_load,19,,2.0,0.02873,0.09485,-1.53525,-0.00029,-0.00031,2e-05,0.02743,0.08215,-1.52189,-0.00157,-9e-05,-0.00017,-0.01186,0.0719,-1.53671,3,37.9074,362.8516,36.5002,179.2991,0.223,-95.3762,0.0097,24.1889,0.3826
496,000496.png,False,1788873042.131089,1788873042.071089,normal_load,19,,2.0,0.03174,0.10533,-1.79003,-0.00052,-0.00038,0.00017,0.03044,0.09263,-1.77666,-0.0018,-0.00016,-2e-05,-0.01272,0.07841,-1.79165,3,37.906,362.8535,36.4749,179.299,0.2235,-95.376,0.0042,24.1637,0.4078
497,000497.png,False,1788873042.715075,1788873042.655075,normal_load,19,,2.0,0.03733,0.12752,-2.00148,-0.00088,-0.00029,-5e-05,0.03602,0.11478,-1.98808,-0.00216,-7e-05,-0.00024,-0.0175,0.09703,-2.00346,3,37.906,362.8598,36.4437,179.2984,0.2256,-95.376,0.0052,24.1325,0.439
498,000498.png,False,1788873042.911096,1788873042.851096,normal_unload,19,,0.0,0.0371,0.12375,-1.99651,-0.00082,-0.00036,5e-05,0.03579,0.11099,-1.98309,-0.00211,-0.00015,-0.00014,-0.01585,0.09373,-1.99843,3,37.9042,362.8593,36.4425,179.2983,0.2253,-95.3758,0.0002,24.1313,0.4402
499,000499.png,False,1788873043.107142,1788873043.047143,normal_unload,19,,0.0,0.03456,0.1223,-1.98356,-0.00071,-0.00028,4e-05,0.03325,0.10954,-1.97013,-0.002,-6e-05,-0.00015,-0.01742,0.09142,-1.98545,3,37.9047,362.8597,36.4434,179.2984,0.2256,-95.3762,0.0048,24.1323,0.4392
500,000500.png,False,1788873043.299141,1788873043.239141,normal_unload,19,,0.0,0.03523,0.12057,-1.91937,-0.00062,-0.00021,3e-05,0.03392,0.1078,-1.90593,-0.00191,1e-05,-0.00016,-0.01642,0.09128,-1.92124,3,37.9054,362.8586,36.4481,179.2985,0.2247,-95.3762,0.0063,24.1369,0.4346
501,000501.png,False,1788873055.395359,1788873055.335359,shear_+X_out,1,+X,0.5,0.01086,0.05831,-1.49629,0.00081,-0.00079,0.0002,0.00884,0.04479,-1.48308,-0.00054,-0.00053,0.0,-0.00935,0.03196,-1.49709,3,37.9213,362.7701,36.4941,179.3035,0.2061,-95.3818,0.003,24.1813,0.3901
502,000502.png,False,1788873055.787372,1788873055.727372,shear_+X_out,1,+X,0.5,0.4188,-0.06492,-1.51928,0.00367,0.00936,0.00029,0.41671,-0.07847,-1.50613,0.00232,0.00963,0.0001,0.40573,0.1287,-1.51876,3,38.1286,362.8455,36.4902,179.3036,0.2059,-95.3825,0.0083,24.1772,0.3943
503,000503.png,False,1788873056.955405,1788873056.895405,shear_+X_back,1,+X,0.0,0.65351,-0.09067,-1.2137,0.00422,0.01513,0.00013,0.65125,-0.1043,-1.20074,0.00287,0.0154,-6e-05,0.6198,0.22857,-1.21325,3,38.3011,362.906,36.521,179.305,0.2014,-95.3849,0.003,24.2078,0.3637
504,000504.png,False,1788873057.151304,1788873057.091305,shear_+X_back,1,+X,0.0,-0.09205,0.05531,-1.26318,0.00086,-0.00303,5e-05,-0.09434,0.04166,-1.25025,-0.0005,-0.00276,-0.00014,-0.09861,-0.01832,-1.26376,3,37.9133,362.7301,36.4627,179.3103,0.1838,-95.3496,0.01,24.1493,0.4221
505,000505.png,False,1788873057.347382,1788873057.287382,shear_+X_back,1,+X,0.0,0.07329,0.49455,-2.17419,-0.00962,0.00046,5e-05,0.07097,0.48089,-2.16129,-0.01097,0.00074,-0.00015,-0.16853,0.43011,-2.18258,3,37.8879,362.9373,36.4375,179.3105,0.1825,-95.3448,0.0044,24.1277,0.4438
506,000506.png,False,1788873057.931396,1788873057.871396,shear_-X_out,1,-X,0.5,-0.51251,-0.13971,-1.55383,0.00576,-0.01346,6e-05,-0.51492,-0.15342,-1.54102,0.0044,-0.01318,-0.00014,-0.36337,-0.40198,-1.55015,3,37.7417,362.5941,36.4809,179.3133,0.1723,-95.3498,0.0038,24.1666,0.4049
507,000507.png,False,1788873058.323371,1788873058.263371,shear_-X_out,1,-X,0.5,-0.44455,0.12032,-1.3567,-0.00072,-0.01169,9e-05,-0.44701,0.10659,-1.34395,-0.00207,-0.01141,-0.0001,-0.43578,-0.13965,-1.35769,3,37.7158,362.6887,36.501,179.3102,0.1842,-95.3494,0.0065,24.1884,0.3831
508,000508.png,False,1788873058.519388,1788873058.459388,shear_-X_back,1,-X,0.0,-0.44646,0.08613,-1.40587,0.00011,-0.01193,2e-05,-0.44896,0.07239,-1.39315,-0.00124,-0.01164,-0.00017,-0.42002,-0.171,-1.40626,3,37.7181,362.6754,36.4967,179.3102,0.1836,-95.3496,0.0088,24.1839,0.3876
509,000509.png,False,1788873058.711327,1788873058.651327,shear_-X_back,1,-X,0.0,-0.4486,0.06819,-1.41039,0.0006,-0.01199,-0.00011,-0.45113,0.05443,-1.3977,-0.00075,-0.0117,-0.0003,-0.41288,-0.18768,-1.41046,3,37.7191,362.6681,36.4943,179.3104,0.1834,-95.3501,0.0,24.1813,0.3902
510,000510.png,False,1788873058.907335,1788873058.847335,shear_-X_back,1,-X,0.0,-0.1325,0.34694,-1.4127,-0.00613,-0.00432,0.0001,-0.13505,0.33316,-1.40005,-0.00749,-0.00403,-0.0001,-0.27832,0.21164,-1.41824,3,37.7798,362.8518,36.4968,179.3061,0.1993,-95.3492,0.0048,24.1863,0.3852
511,000511.png,False,1788873059.103333,1788873059.043333,shear_-X_back,1,-X,0.0,-0.25667,-0.06941,-0.85008,0.00377,-0.00682,3e-05,-0.25925,-0.08321,-0.83746,0.00241,-0.00653,-0.00017,-0.18176,-0.20198,-0.84823,3,37.8092,362.675,36.5587,179.3059,0.1999,-95.3283,0.0048,24.2452,0.3263
512,000512.png,False,1788873059.299339,1788873059.239339,shear_-X_back,1,-X,0.0,-0.05656,0.3564,-0.57797,-0.00653,-0.00195,0.0,-0.05917,0.3426,-0.56538,-0.00789,-0.00166,-0.00019,-0.22305,0.27115,-0.58395,3,37.7639,362.9602,36.6221,179.2931,0.2472,-95.306,0.0096,24.3135,0.258
513,000513.png,False,1788873059.495430,1788873059.435430,shear_-Y_out,1,-Y,0.5,0.14607,-0.13021,-1.52073,0.00528,0.00242,0.00023,0.14343,-0.14403,-1.50816,0.00392,0.00271,3e-05,0.20213,-0.06414,-1.51853,3,37.9928,362.7397,36.4873,179.2945,0.2418,-95.3131,0.0056,24.1736,0.3979
514,000514.png,False,1788873059.687442,1788873059.627442,shear_-Y_out,1,-Y,0.5,0.02506,-0.47468,-1.74238,0.01379,-0.00042,9e-05,0.02239,-0.48851,-1.72984,0.01243,-0.00012,-0.0001,0.27095,-0.42649,-1.73393,3,38.041,362.5725,36.4561,179.2966,0.2343,-95.3079,0.0096,24.1394,0.4321
515,000515.png,False,1788873061.247453,1788873061.187454,shear_-Y_back,1,-Y,0.0,0.10407,-0.64509,-1.19423,0.01777,0.00185,0.00027,0.10117,-0.65903,-1.18194,0.0164,0.00216,8e-05,0.42073,-0.52582,-1.18307,3,38.1691,362.4484,36.5113,179.2928,0.2479,-95.3107,0.0069,24.1917,0.3798
516,000516.png,False,1788873061.443475,1788873061.383475,shear_-Y_back,1,-Y,0.0,0.28779,-0.15776,-1.96634,0.00622,0.00574,0.00026,0.28485,-0.17172,-1.95408,0.00486,0.00605,7e-05,0.34174,-0.02433,-1.96388,3,38.1243,362.6891,36.4335,179.2904,0.2556,-95.3279,0.0076,24.118,0.4534
517,000517.png,False,1788873061.639508,1788873061.579508,shear_-Y_back,1,-Y,0.0,0.14078,-0.53999,-2.23905,0.01592,0.00211,0.00029,0.13781,-0.55396,-2.22682,0.01456,0.00242,0.0001,0.40726,-0.43319,-2.22963,3,38.1583,362.4974,36.3966,179.2988,0.2246,-95.3575,0.0002,24.0778,0.4937
518,000518.png,False,1788873061.835468,1788873061.775468,shear_-Y_back,1,-Y,0.0,0.31676,0.01588,-1.12226,0.00175,0.00668,0.00015,0.31377,0.00189,-1.11006,0.00038,0.007,-4e-05,0.27423,0.15405,-1.123,3,38.0928,362.85,36.5485,179.2901,0.2565,-95.3812,0.0027,24.2358,0.3357
519,000519.png,False,1788873062.223505,1788873062.163505,shear_+Y_out,1,+Y,0.5,-0.0151,0.62652,-1.53287,-0.01297,-0.00156,-3e-05,-0.01816,0.61251,-1.52073,-0.01433,-0.00124,-0.00023,-0.31548,0.51051,-1.54347,3,37.7872,362.9902,36.492,179.2837,0.2792,-95.3861,0.003,24.1838,0.3877
520,000520.png,False,1788873063.003545,1788873062.943545,shear_+Y_back,1,+Y,0.0,-0.09399,0.53209,-1.1801,-0.01064,-0.0033,-0.00023,-0.09716,0.51802,-1.16809,-0.01201,-0.00298,-0.00042,-0.33908,0.39496,-1.18896,3,37.748,362.9689,36.5203,179.2866,0.2687,-95.383,0.0098,24.212,0.3595
521,000521.png,False,1788873063.199526,1788873063.139526,shear_+Y_back,1,+Y,0.0,-0.02017,0.00791,-0.50258,0.00166,-0.00102,-1e-05,-0.02337,-0.00617,-0.4906,0.00029,-0.00069,-0.0002,-0.01794,-0.01127,-0.5026,3,37.9058,362.7722,36.6086,179.287,0.2672,-95.403,0.0072,24.296,0.2755
522,000522.png,False,1788873063.395515,1788873063.335515,shear_+Y_back,1,+Y,0.0,0.0676,0.25884,-0.38786,-0.00426,0.00105,6e-05,0.06437,0.24474,-0.3759,-0.00563,0.00138,-0.00014,-0.06807,0.25174,-0.39242,3,37.8767,362.9106,36.6175,179.2794,0.2937,-95.4111,0.0022,24.3074,0.2641
523,000523.png,False,1788873063.979557,1788873063.919557,shear_+X_out,2,+X,0.5,0.06153,0.30135,-1.60042,-0.00514,0.00032,7e-05,0.05821,0.28721,-1.58856,-0.00651,0.00065,-0.00012,-0.08616,0.2661,-1.60553,3,37.872,362.8937,36.4785,179.2836,0.2791,-95.4196,0.0099,24.1681,0.4034
524,000524.png,False,1788873064.175544,1788873064.115544,shear_+X_out,2,+X,0.5,0.37634,0.40721,-1.19811,-0.00787,0.00803,-0.0001,0.37299,0.39306,-1.18628,-0.00924,0.00836,-0.00029,0.13084,0.52152,-1.20574,3,37.9879,363.0222,36.5145,179.2792,0.2947,-95.4167,0.0048,24.2053,0.3661
525,000525.png,False,1788873064.371554,1788873064.311554,shear_+X_out,2,+X,0.5,0.40101,0.06575,-1.47201,0.00043,0.00865,2e-05,0.39763,0.05158,-1.4602,-0.00094,0.00898,-0.00018,0.32472,0.23373,-1.47372,2,38.0764,362.9108,36.4836,179.2836,0.2782,-95.4169,0.0002,24.172,0.3995
526,000526.png,False,1788873065.539555,1788873065.479555,shear_+X_back,2,+X,0.0,0.67699,0.02444,-1.39796,0.0015,0.01547,3e-05,0.67344,0.01019,-1.38634,0.00012,0.01581,-0.00016,0.5839,0.33705,-1.39953,3,38.252,362.977,36.4873,179.2854,0.272,-95.4202,0.0056,24.1756,0.3959
527,000527.png,False,1788873065.931598,1788873065.871598,shear_+X_back,2,+X,0.0,0.15605,0.57848,-1.24562,-0.01178,0.00276,-8e-05,0.15244,0.5642,-1.23406,-0.01316,0.00311,-0.00028,-0.14521,0.55902,-1.25577,2,37.8636,363.1323,36.5372,179.2764,0.3066,-95.3809,0.0017,24.2306,0.3408
528,000528.png,False,1788873066.127610,1788873066.067611,shear_+X_back,2,+X,0.0,-0.07778,-0.07946,-1.40173,0.00423,-0.00284,-0.0001,-0.08142,-0.09375,-1.3902,0.00285,-0.00249,-0.00029,-0.01796,-0.13013,-1.39998,3,37.9233,362.7572,36.4665,179.2811,0.2881,-95.3893,0.007,24.1536,0.4179
529,000529.png,False,1788873066.323548,1788873066.263548,shear_-X_out,2,-X,0.5,0.03969,0.22633,-1.9956,-0.00322,-0.00035,-8e-05,0.03602,0.21202,-1.9841,-0.0046,0.0,-0.00027,-0.06486,0.18388,-1.9993,3,37.9036,362.8707,36.4302,179.2863,0.2686,-95.3893,0.0017,24.1192,0.4523
530,000530.png,False,1788873067.295583,1788873067.235584,shear_-X_back,2,-X,0.0,-0.4679,0.18674,-1.84075,-0.00223,-0.01288,-8e-05,-0.47172,0.17237,-1.82941,-0.00361,-0.01252,-0.00027,-0.48584,-0.10155,-1.84278,3,37.6824,362.7463,36.441,179.2865,0.2691,-95.3884,0.0087,24.1296,0.4419
531,000531.png,False,1788873067.491607,1788873067.431607,shear_-X_back,2,-X,0.0,0.24125,0.18609,-2.45966,-0.00226,0.00408,-0.0,0.2374,0.1717,-2.44835,-0.00365,0.00444,-0.0002,0.13305,0.24231,-2.46299,2,37.9274,362.8459,36.3821,179.2856,0.2715,-95.4106,0.0024,24.0706,0.5009
532,000532.png,False,1788873067.687582,1788873067.627582,shear_-X_back,2,-X,0.0,-0.03781,-0.2395,-2.82274,0.00843,-0.00274,7e-05,-0.04168,-0.2539,-2.81145,0.00705,-0.00238,-0.00012,0.10648,-0.27153,-2.81808,3,37.9295,362.7523,36.3628,179.2912,0.2516,-95.4154,0.0116,24.0497,0.5218
533,000533.png,False,1788873067.883611,1788873067.823611,shear_-X_back,2,-X,0.0,0.15375,0.36055,-1.1845,-0.00653,0.00269,-0.00021,0.14985,0.34613,-1.17324,-0.00792,0.00305,-0.0004,-0.03875,0.37011,-1.19087,3,37.8831,363.0195,36.5433,179.2782,0.2979,-95.4155,0.0054,24.2348,0.3367
534,000534.png,False,1788873068.075588,1788873068.015589,shear_-Y_out,2,-Y,0.5,0.01773,0.15081,-1.96064,-0.00129,-0.00082,-4e-05,0.0138,0.13638,-1.94941,-0.00267,-0.00046,-0.00023,-0.04639,0.10807,-1.96299,3,37.893,362.8573,36.4357,179.2832,0.2796,-95.4159,0.0007,24.1246,0.4469
535,000535.png,False,1788873068.271590,1788873068.211590,shear_-Y_out,2,-Y,0.5,-0.04316,-0.32404,-1.71411,0.00993,-0.00229,0.00018,-0.04712,-0.33849,-1.70291,0.00855,-0.00192,-1e-05,0.1364,-0.32966,-1.70814,2,37.9846,362.6444,36.4377,179.2842,0.2757,-95.4124,0.0098,24.1225,0.449
536,000536.png,False,1788873069.831648,1788873069.771648,shear_-Y_back,2,-Y,0.0,0.0464,-0.62171,-1.48436,0.01719,0.00012,0.0004,0.0422,-0.63626,-1.47341,0.0158,0.0005,0.00021,0.3611,-0.53903,-1.47344,2,38.1235,362.4918,36.4672,179.2816,0.2864,-95.4165,0.0022,24.1486,0.4229
537,000537.png,False,1788873070.223563,1788873070.163563,shear_-Y_back,2,-Y,0.0,-0.15288,0.04859,-2.76166,0.00174,-0.00551,0.00027,-0.15714,0.034,-2.75077,0.00036,-0.00513,8e-05,-0.13755,-0.07855,-2.76178,3,37.898,362.7111,36.3644,179.2847,0.276,-95.3852,0.0089,24.0509,0.5206
538,000538.png,False,1788873070.419658,1788873070.359658,shear_-Y_back,2,-Y,0.0,-0.04362,0.29495,-2.18692,-0.0044,-0.00253,0.00029,-0.0479,0.28035,-2.17606,-0.00579,-0.00214,0.0001,-0.16998,0.19862,-2.19162,3,37.8708,362.863,36.4008,179.2897,0.2577,-95.3852,0.0009,24.0899,0.4816
539,000539.png,False,1788873071.587694,1788873071.527694,shear_+Y_back,2,+Y,0.0,0.08388,0.59913,-1.39461,-0.01241,0.00087,0.0001,0.07942,0.58445,-1.38394,-0.0138,0.00126,-9e-05,-0.21701,0.53846,-1.40496,3,37.8194,363.0605,36.4817,179.2812,0.2885,-95.39,0.0057,24.1744,0.3971
540,000540.png,False,1788873071.783701,1788873071.723701,shear_+Y_back,2,+Y,0.0,0.02427,0.08541,-0.60994,-0.00022,-0.00017,-1e-05,0.01977,0.07071,-0.59929,-0.00162,0.00022,-0.0002,-0.01742,0.07632,-0.61137,3,37.9113,362.833,36.5655,179.283,0.2814,-95.3915,0.0089,24.2539,0.3176
541,000541.png,False,1788873071.979608,1788873071.919608,shear_+Y_back,2,+Y,0.0,0.09349,0.41826,-0.50795,-0.00822,0.00163,4e-05,0.08897,0.40355,-0.49734,-0.00961,0.00203,-0.00015,-0.12446,0.40082,-0.51532,3,37.8371,363.0249,36.5911,179.2733,0.3175,-95.3837,0.0031,24.2831,0.2884
542,000542.png,False,1788873072.563720,1788873072.503720,shear_+X_out,3,+X,0.5,0.1764,0.06996,-2.30747,0.00053,0.00274,0.00017,0.17179,0.05521,-2.29694,-0.00087,0.00314,-1e-05,0.13384,0.11177,-2.30868,3,37.9541,362.8132,36.3933,179.2815,0.2876,-95.3702,0.0077,24.0811,0.4904
543,000543.png,False,1788873073.539742,1788873073.479742,shear_+X_back,3,+X,0.0,0.59987,-0.01406,-2.25693,0.00262,0.01324,0.00028,0.59511,-0.02889,-2.24656,0.00122,0.01365,9e-05,0.54229,0.2514,-2.25754,3,38.1615,362.9257,36.3941,179.2817,0.2872,-95.3693,0.0041,24.0823,0.4892
544,000544.png,False,1788873073.735712,1788873073.675712,shear_+X_back,3,+X,0.0,0.11572,-0.29795,-3.4775,0.01024,0.00071,0.00021,0.11093,-0.31278,-3.46716,0.00884,0.00112,2e-05,0.2732,-0.25593,-3.47203,3,38.056,362.714,36.2956,179.2944,0.2402,-95.3608,0.0098,23.9811,0.5904
545,000545.png,False,1788873073.931713,1788873073.871713,shear_+X_back,3,+X,0.0,0.31135,0.29334,-2.81227,-0.00449,0.00583,0.00047,0.30653,0.27849,-2.80196,-0.00589,0.00624,0.00028,0.14263,0.36457,-2.81755,3,37.9863,363.0079,36.3865,179.2842,0.2772,-95.3695,0.004,24.0771,0.4943
546,000546.png,False,1788873074.123749,1788873074.063749,shear_+X_back,3,+X,0.0,-0.07227,-0.24667,-1.928,0.00832,-0.00325,0.00028,-0.07712,-0.26154,-1.91772,0.00692,-0.00284,9e-05,0.07401,-0.28063,-1.92329,3,37.9579,362.7224,36.4054,179.292,0.2492,-95.3706,0.0016,24.0916,0.4798
547,000547.png,False,1788873074.711743,1788873074.651743,shear_-X_out,3,-X,0.5,-0.47894,0.18476,-2.13599,-0.00217,-0.01333,9e-05,-0.48388,0.16986,-2.1258,-0.00357,-0.01292,-0.0001,-0.49237,-0.11351,-2.13791,3,37.7116,362.752,36.3918,179.2902,0.2573,-95.3704,0.0036,24.0802,0.4913
548,000548.png,False,1788873075.099668,1788873075.039668,shear_-X_back,3,-X,0.0,-0.48447,0.0896,-2.23331,0.00031,-0.01358,-0.00015,-0.48946,0.07467,-2.22318,-0.0011,-0.01316,-0.00034,-0.44894,-0.20025,-2.23355,3,37.7161,362.7158,36.3846,179.2911,0.2532,-95.3704,0.0076,24.0725,0.499
549,000549.png,False,1788873075.295736,1788873075.235736,shear_-X_back,3,-X,0.0,-0.48762,0.06872,-2.28186,0.0008,-0.0137,8e-05,-0.49265,0.05378,-2.27177,-0.0006,-0.01327,-0.00011,-0.4409,-0.22068,-2.28173,3,37.7178,362.706,36.3822,179.2914,0.252,-95.3706,0.0013,24.0698,0.5017
550,000550.png,False,1788873075.491797,1788873075.431798,shear_-X_back,3,-X,0.0,-0.09641,0.35829,-2.89738,-0.00615,-0.0044,4e-05,-0.10146,0.34333,-2.88731,-0.00755,-0.00398,-0.00014,-0.24243,0.21572,-2.90296,3,37.7897,362.8691,36.3344,179.2887,0.2617,-95.3597,0.0068,24.0242,0.5473
551,000551.png,False,1788873075.687806,1788873075.627806,shear_-X_back,3,-X,0.0,-0.27563,-0.10255,-1.80978,0.00464,-0.00813,0.00017,-0.28071,-0.11752,-1.79974,0.00324,-0.00771,-2e-05,-0.17497,-0.25552,-1.80718,3,37.8168,362.7073,36.4154,179.2929,0.2479,-95.344,0.0081,24.1024,0.4691
552,000552.png,False,1788873075.879829,1788873075.819829,shear_-Y_out,3,-Y,0.5,-0.03044,0.44123,-1.17585,-0.00862,-0.00167,0.00018,-0.03555,0.42624,-1.16584,-0.01003,-0.00124,-1e-05,-0.23866,0.34809,-1.18326,3,37.7703,363.0257,36.51,179.2769,0.306,-95.3217,0.0062,24.2024,0.3691
553,000553.png,False,1788873077.051829,1788873076.991829,shear_-Y_back,3,-Y,0.0,0.13123,-0.61708,-2.22628,0.01744,0.00165,0.00046,0.12594,-0.63215,-2.21645,0.01603,0.00208,0.00027,0.43741,-0.50453,-2.2155,2,38.1007,362.579,36.3798,179.28,0.2939,-95.3315,0.0064,24.0628,0.5087
554,000554.png,False,1788873077.247796,1788873077.187796,shear_-Y_back,3,-Y,0.0,0.01742,-0.01014,-1.72481,0.0027,-0.0008,0.00034,0.0121,-0.02522,-1.71501,0.00129,-0.00036,0.00015,0.03211,-0.02771,-1.7244,3,37.9477,362.7428,36.4533,179.2738,0.3184,-95.3121,0.0039,24.14,0.4315
555,000555.png,False,1788873077.443804,1788873077.383804,shear_-Y_back,3,-Y,0.0,-0.03251,-0.21939,-1.05906,0.00745,-0.00171,0.00033,-0.03785,-0.23449,-1.0493,0.00604,-0.00127,0.00014,0.08879,-0.22321,-1.05503,3,37.9461,362.7702,36.5129,179.2707,0.329,-95.3106,0.0049,24.2,0.3715
556,000556.png,False,1788873078.807746,1788873078.747746,shear_+Y_back,3,+Y,0.0,0.07483,0.67612,-2.48882,-0.01409,3e-05,1e-05,0.06928,0.66092,-2.47927,-0.0155,0.00048,-0.00018,-0.25573,0.58309,-2.50032,3,37.8118,363.0503,36.3663,179.2763,0.3079,-95.3108,0.0037,24.0589,0.5126
557,000557.png,False,1788873079.391849,1788873079.331849,shear_+Y_back,3,+Y,0.0,-0.04502,-0.12694,-1.99473,0.00529,-0.00277,1e-05,-0.05066,-0.14217,-1.98527,0.00388,-0.00232,-0.00017,0.03825,-0.16438,-1.99214,3,37.9125,362.7656,36.3887,179.2843,0.2813,-95.2686,0.0093,24.076,0.4955
558,000558.png,False,1788873079.587840,1788873079.527840,shear_+Y_back,3,+Y,0.0,0.07152,-0.09192,-1.9398,0.00441,0.0003,0.00026,0.06585,-0.10717,-1.93037,0.003,0.00075,8e-05,0.12133,-0.07494,-1.93805,3,37.9619,362.729,36.4102,179.2848,0.2785,-95.2727,0.0041,24.0966,0.4749
559,000559.png,False,1788873080.171773,1788873080.111773,shear_+Y_back,3,+Y,0.0,-0.01066,-0.10853,-1.36515,0.00467,-0.00147,0.00013,-0.01642,-0.12382,-1.35582,0.00326,-0.00101,-6e-05,0.05445,-0.12119,-1.36304,3,37.9359,362.7561,36.4602,179.2829,0.2854,-95.2729,0.0028,24.1471,0.4243
560,000560.png,False,1788873080.951878,1788873080.891878,shear_+Y_back,3,+Y,0.0,-0.0232,-0.03513,-0.83685,0.00283,-0.00136,0.00028,-0.02907,-0.05048,-0.82764,0.00141,-0.00089,9e-05,0.00326,-0.05542,-0.83607,3,37.9136,362.7773,36.5252,179.2799,0.297,-95.2712,0.0062,24.2126,0.3589
561,000561.png,False,1788873081.147855,1788873081.087855,shear_+Y_back,3,+Y,0.0,-0.03946,-0.08626,-1.58088,0.00422,-0.00223,0.0002,-0.04536,-0.10163,-1.57169,0.0028,-0.00176,1e-05,0.01988,-0.11975,-1.57906,3,37.9199,362.7418,36.4301,179.2834,0.2833,-95.2712,0.0001,24.1169,0.4545
562,000562.png,False,1788873081.927923,1788873081.867923,shear_+Y_back,3,+Y,0.0,-0.03968,-0.07954,-1.82247,0.00429,-0.00236,0.00022,-0.0457,-0.09496,-1.81341,0.00287,-0.00188,3e-05,0.018,-0.11791,-1.82074,3,37.9188,362.745,36.4301,179.2836,0.2829,-95.271,0.0042,24.117,0.4545
563,000563.png,False,1788873082.123939,1788873082.063939,shear_+Y_back,3,+Y,0.0,-0.0035,-0.00863,-0.45581,0.00213,-0.0008,-0.00013,-0.00955,-0.02406,-0.44677,0.00071,-0.00032,-0.00032,0.00444,-0.01652,-0.45558,3,37.9097,362.7917,36.5804,179.2779,0.3037,-95.2708,0.0016,24.2681,0.3034
564,000564.png,False,1788873083.491919,1788873083.431919,shear_+X_out,4,+X,0.5,0.00493,0.03575,-1.62724,0.0013,-0.00123,5e-05,-0.00133,0.02022,-1.61842,-0.00013,-0.00075,-0.00014,-0.00231,0.00736,-1.62762,3,37.913,362.7887,36.4434,179.2821,0.2899,-95.2714,0.0087,24.131,0.4404
565,000565.png,False,1788873083.683945,1788873083.623945,shear_+X_out,4,+X,0.5,0.44379,0.18618,-1.27775,-0.00248,0.00961,7e-05,0.43751,0.17064,-1.26896,-0.0039,0.0101,-0.00012,0.30026,0.36253,-1.28167,3,38.0697,362.9645,36.4811,179.277,0.3069,-95.2745,0.002,24.1704,0.401
566,000566.png,False,1788873083.879851,1788873083.819851,shear_+X_out,4,+X,0.5,0.46402,-0.11128,-1.52605,0.00474,0.01018,0.00015,0.45771,-0.12684,-1.51729,0.00331,0.01067,-3e-05,0.46812,0.11104,-1.52482,3,38.1373,362.863,36.4572,179.2811,0.2923,-95.274,0.0085,24.1445,0.427
567,000567.png,False,1788873084.271980,1788873084.211980,shear_+X_back,4,+X,0.0,0.47945,0.00092,-1.43987,0.00216,0.01055,0.00043,0.47308,-0.01467,-1.43117,0.00073,0.01105,0.00024,0.42483,0.2173,-1.44062,3,38.1294,362.9083,36.4705,179.2809,0.2929,-95.2723,0.0002,24.1586,0.4129
568,000568.png,False,1788873084.463979,1788873084.403979,shear_+X_back,4,+X,0.0,0.47786,0.00305,-1.55216,0.00199,0.01035,0.00031,0.47146,-0.01255,-1.54349,0.00056,0.01084,0.00013,0.42317,0.21655,-1.55293,3,38.1292,362.9092,36.457,179.2815,0.2906,-95.2716,0.0099,24.1451,0.4264
569,000569.png,False,1788873084.659993,1788873084.599993,shear_+X_back,4,+X,0.0,-0.07877,-0.08928,-2.6057,0.0049,-0.00361,7e-05,-0.0852,-0.1049,-2.59707,0.00347,-0.00311,-0.00012,-0.00556,-0.15842,-2.6036,3,37.9428,362.7698,36.3703,179.2913,0.256,-95.2509,0.0033,24.0574,0.5141
570,000570.png,False,1788873084.855945,1788873084.795945,shear_+X_back,4,+X,0.0,0.10429,0.36443,-2.3964,-0.00658,0.00085,4e-05,0.09783,0.34881,-2.38779,-0.00801,0.00135,-0.00014,-0.07512,0.32935,-2.40256,3,37.9027,362.937,36.3924,179.2879,0.2686,-95.2475,0.0095,24.0825,0.489
571,000571.png,False,1788873085.051974,1788873084.991974,shear_-X_out,4,-X,0.5,-0.08634,-0.27307,-1.40719,0.00886,-0.00321,0.00015,-0.09283,-0.28871,-1.39862,0.00743,-0.00271,-3e-05,0.0714,-0.30218,-1.40207,4,37.9604,362.686,36.4582,179.2943,0.2441,-95.2551,0.0029,24.1439,0.4276
572,000572.png,False,1788873085.635981,1788873085.575981,shear_-X_out,4,-X,0.5,-0.4919,0.10687,-1.61064,-0.00027,-0.01336,2e-05,-0.49848,0.09118,-1.60215,-0.0017,-0.01286,-0.00016,-0.46832,-0.17903,-1.61126,3,37.6999,362.7085,36.4479,179.289,0.2638,-95.2577,0.009,24.1357,0.4358
573,000573.png,False,1788873086.027978,1788873085.967978,shear_-X_back,4,-X,0.0,-0.50229,0.02686,-1.70322,0.00158,-0.01361,2e-05,-0.50893,0.01114,-1.6948,0.00014,-0.0131,-0.00017,-0.43671,-0.255,-1.70243,3,37.7064,362.6713,36.4373,179.2899,0.2607,-95.2588,0.0026,24.1245,0.447
574,000574.png,False,1788873086.219980,1788873086.159981,shear_-X_back,4,-X,0.0,-0.49841,0.01238,-1.69459,0.00203,-0.01359,5e-05,-0.50508,-0.00334,-1.6862,0.0006,-0.01308,-0.00013,-0.42617,-0.26546,-1.69355,3,37.7073,362.6686,36.4402,179.2896,0.2617,-95.2594,0.0076,24.1273,0.4442
575,000575.png,False,1788873086.612010,1788873086.552010,shear_-X_back,4,-X,0.0,-0.14285,-0.1619,-0.82487,0.00598,-0.00435,0.00022,-0.14957,-0.17765,-0.81654,0.00454,-0.00384,4e-05,-0.03713,-0.2248,-0.82165,3,37.8849,362.6381,36.5255,179.2844,0.2803,-95.2716,0.0093,24.2109,0.3606
576,000576.png,False,1788873086.808015,1788873086.748015,shear_-Y_out,4,-Y,0.5,0.04394,0.35436,-1.76948,-0.00638,-0.00018,4e-05,0.03719,0.33859,-1.76118,-0.00782,0.00033,-0.00015,-0.12672,0.30051,-1.77544,3,37.8369,362.9237,36.446,179.2781,0.3041,-95.253,0.0056,24.1363,0.4352
577,000577.png,False,1788873087.196045,1788873087.136045,shear_-Y_out,4,-Y,0.5,0.01627,-0.55311,-1.29824,0.01551,-0.00057,0.0005,0.00946,-0.56891,-1.29,0.01408,-5e-05,0.00032,0.29944,-0.4917,-1.28848,3,38.0537,362.5433,36.4786,179.2783,0.3024,-95.253,0.0009,24.1614,0.4101
578,000578.png,False,1788873088.172064,1788873088.112064,shear_-Y_back,4,-Y,0.0,0.0376,-0.68672,-1.30364,0.01857,-0.00017,0.00063,0.03064,-0.70259,-1.29555,0.01713,0.00035,0.00045,0.38471,-0.59684,-1.29161,2,38.1209,362.4592,36.4806,179.2769,0.3086,-95.2523,0.0019,24.1615,0.41
579,000579.png,False,1788873088.368073,1788873088.308074,shear_-Y_back,4,-Y,0.0,0.12592,-0.15239,-1.57327,0.00606,0.00182,0.00055,0.11893,-0.16827,-1.56521,0.00462,0.00234,0.00037,0.19612,-0.09426,-1.57064,3,37.998,362.7888,36.4718,179.2704,0.3324,-95.2537,0.0001,24.1588,0.4127
580,000580.png,False,1788873088.564018,1788873088.504019,shear_-Y_back,4,-Y,0.0,0.04641,-0.47034,-0.82068,0.01329,0.00035,0.00042,0.03939,-0.48624,-0.81265,0.01185,0.00088,0.00024,0.28088,-0.39731,-0.81249,3,38.0772,362.5733,36.5464,179.2733,0.3213,-95.2721,0.0085,24.2295,0.342
581,000581.png,False,1788873088.756058,1788873088.696058,shear_-Y_back,4,-Y,0.0,0.22009,0.112,-0.41374,-0.0009,0.00458,8e-05,0.21304,0.09609,-0.40574,-0.00235,0.00511,-0.0001,0.13756,0.20034,-0.41606,3,38.02,362.881,36.6041,179.2642,0.354,-95.2913,0.0088,24.2924,0.2791
582,000582.png,False,1788873089.927983,1788873089.867983,shear_+Y_back,4,+Y,0.0,-0.11778,0.58281,-2.05763,-0.01172,-0.00445,-0.00013,-0.12501,0.56681,-2.04982,-0.01316,-0.00391,-0.00031,-0.37894,0.41294,-2.06719,3,37.7526,362.9635,36.4066,179.2691,0.337,-95.2863,0.0006,24.0982,0.4733
583,000583.png,False,1788873090.124095,1788873090.064095,shear_+Y_back,4,+Y,0.0,0.01423,-0.04514,-1.78429,0.00334,-0.00115,0.00031,0.00698,-0.06114,-1.7765,0.00189,-0.00061,0.00012,0.04725,-0.06056,-1.78326,3,37.903,362.8243,36.4216,179.2702,0.3313,-95.3148,0.0084,24.1099,0.4616
584,000584.png,False,1788873090.320061,1788873090.260061,shear_+Y_back,4,+Y,0.0,0.01908,0.28993,-1.89489,-0.00469,-0.00106,-0.00012,0.01179,0.27391,-1.88713,-0.00614,-0.00051,-0.0003,-0.11519,0.23028,-1.89966,3,37.8819,362.8129,36.4042,179.2696,0.3333,-95.317,0.002,24.0924,0.4791
585,000585.png,False,1788873090.511993,1788873090.451993,shear_+Y_back,4,+Y,0.0,-0.21119,-0.32919,-3.69193,0.01105,-0.00786,0.00028,-0.2185,-0.34522,-3.6842,0.00961,-0.00732,9e-05,0.00713,-0.44976,-3.68523,3,37.9074,362.6595,36.307,179.2778,0.3033,-95.318,0.0052,23.9926,0.5789
586,000586.png,False,1788873091.880106,1788873091.820106,shear_+X_back,5,+X,0.0,0.6188,0.21373,-2.53484,-0.00294,0.01334,0.00032,0.61128,0.1976,-2.52733,-0.00439,0.0139,0.00013,0.4468,0.45369,-2.5394,3,38.1098,362.9796,36.352,179.2768,0.3064,-95.3219,0.0053,24.0413,0.5301
587,000587.png,False,1788873092.268119,1788873092.208119,shear_+X_back,5,+X,0.0,0.56348,0.42628,-3.80899,-0.00766,0.01153,8e-05,0.5559,0.41012,-3.80154,-0.00911,0.01208,-0.00011,0.30152,0.58972,-3.81693,3,38.0573,363.0134,36.2898,179.2834,0.2806,-95.3628,0.0054,23.98,0.5915
588,000588.png,False,1788873092.660135,1788873092.600135,shear_-X_out,5,-X,0.5,-0.06791,0.45456,-3.11675,-0.00834,-0.0038,0.00017,-0.07555,0.43838,-3.10937,-0.00979,-0.00324,-1e-05,-0.26433,0.30983,-3.12402,3,37.8607,362.8794,36.2975,179.2908,0.2553,-95.3656,0.0031,23.987,0.5845
589,000589.png,False,1788873093.828131,1788873093.768131,shear_-X_back,5,-X,0.0,-0.26086,0.66418,-3.42447,-0.01357,-0.00915,-0.00013,-0.26867,0.64791,-3.41727,-0.01503,-0.00858,-0.00031,-0.53405,0.39002,-3.43495,3,37.703,362.9251,36.2919,179.287,0.2692,-95.3562,0.0096,23.9832,0.5883
590,000590.png,False,1788873094.220190,1788873094.160190,shear_-X_back,5,-X,0.0,-0.11533,0.72983,-1.89767,-0.01538,-0.00447,-0.00017,-0.12321,0.71353,-1.89052,-0.01684,-0.00389,-0.00035,-0.45138,0.54405,-1.9098,3,37.7097,363.0701,36.4079,179.2754,0.3125,-95.3076,0.0038,24.1015,0.47
591,000591.png,False,1788873094.416147,1788873094.356147,shear_-Y_out,5,-Y,0.5,0.26202,0.05758,-2.7244,0.0011,0.00443,0.0003,0.25412,0.04127,-2.71728,-0.00035,0.005,0.00012,0.21709,0.13715,-2.72551,3,37.9689,362.8573,36.3251,179.2792,0.2978,-95.3176,0.0088,24.0135,0.558
592,000592.png,False,1788873094.804093,1788873094.744093,shear_-Y_out,5,-Y,0.5,0.27129,-0.35655,-2.7173,0.0113,0.00487,0.00071,0.26333,-0.37289,-2.71025,0.00984,0.00545,0.00053,0.43197,-0.21677,-2.71125,3,38.0753,362.7086,36.321,179.2779,0.3021,-95.3171,0.0053,24.0062,0.5653
593,000593.png,False,1788873095.976110,1788873095.916111,shear_-Y_back,5,-Y,0.0,0.19575,-0.68345,-2.34121,0.01927,0.00322,0.00039,0.18761,-0.69987,-2.33434,0.01781,0.00381,0.00021,0.52726,-0.53161,-2.32939,3,38.1558,362.5531,36.3484,179.2774,0.3052,-95.3145,0.0031,24.0306,0.5409
594,000594.png,False,1788873096.172194,1788873096.112194,shear_-Y_back,5,-Y,0.0,0.38695,0.01032,-4.0284,0.00314,0.0071,0.00029,0.37878,-0.00612,-4.02156,0.00168,0.00769,0.00011,0.35796,0.13775,-4.02874,3,38.0857,362.8035,36.2383,179.2762,0.3081,-95.3282,0.0095,23.925,0.6464
595,000595.png,False,1788873096.364121,1788873096.304121,shear_-Y_back,5,-Y,0.0,0.22251,-0.42349,-3.51841,0.01353,0.00328,0.00051,0.21431,-0.43994,-3.5116,0.01206,0.00387,0.00033,0.42872,-0.31195,-3.51098,3,38.1173,362.6263,36.2622,179.2818,0.2878,-95.3452,0.0003,23.9458,0.6257
596,000596.png,False,1788873096.560202,1788873096.500202,shear_-Y_back,5,-Y,0.0,0.39056,0.14998,-1.74476,-0.00133,0.00807,0.00026,0.38234,0.13352,-1.73798,-0.0028,0.00867,8e-05,0.27547,0.2971,-1.74788,3,38.0605,362.9362,36.4104,179.2738,0.3165,-95.3654,0.0111,24.0994,0.4721
597,000597.png,False,1788873097.732216,1788873097.672216,shear_+Y_back,5,+Y,0.0,-0.06149,0.83341,-2.71744,-0.01799,-0.00367,6e-05,-0.06989,0.81686,-2.71085,-0.01945,-0.00306,-0.00012,-0.45081,0.64754,-2.73136,2,37.7506,363.0564,36.3278,179.2716,0.3252,-95.3676,0.0066,24.0209,0.5506
598,000598.png,False,1788873098.120239,1788873098.060240,shear_+Y_back,5,+Y,0.0,0.19673,0.45538,-1.29308,-0.00878,0.00357,0.0001,0.18827,0.43881,-1.28654,-0.01024,0.00418,-8e-05,-0.04815,0.47198,-1.30117,3,37.8938,363.0242,36.4428,179.2636,0.3515,-95.4079,0.0054,24.1343,0.4372
599,000599.png,False,1788873098.316258,1788873098.256258,shear_+Y_back,5,+Y,0.0,-0.11286,-0.09518,-3.69335,0.00534,-0.00519,0.00021,-0.12135,-0.11177,-3.68684,0.00388,-0.00458,3e-05,-0.0246,-0.19799,-3.69091,3,37.9033,362.7505,36.2529,179.2706,0.3265,-95.4129,0.0095,23.94,0.6314
600,000600.png,False,1788873098.512167,1788873098.452167,shear_+Y_back,5,+Y,0.0,-0.23627,0.14065,-3.95774,-0.00053,-0.00861,0.0003,-0.24479,0.12405,-3.95127,-0.002,-0.00801,0.00012,-0.24749,-0.05964,-3.95911,3,37.833,362.7892,36.2407,179.2762,0.3068,-95.4002,0.0044,23.9289,0.6426
601,000601.png,False,1788873098.708247,1788873098.648247,shear_+X_out,6,+X,0.5,0.12116,0.16005,-2.48654,-0.00161,0.00101,0.00011,0.11261,0.14343,-2.4801,-0.00308,0.00162,-7e-05,0.04223,0.15932,-2.48918,3,37.9237,362.8517,36.3231,179.272,0.3224,-95.407,0.0045,24.0117,0.5598
602,000602.png,False,1788873099.684302,1788873099.624302,shear_+X_back,6,+X,0.0,0.62511,0.08616,-2.55892,0.00031,0.01355,0.00023,0.61642,0.06947,-2.55263,-0.00116,0.01417,5e-05,0.51618,0.34598,-2.56128,3,38.1377,362.9544,36.3271,179.2711,0.3246,-95.4068,0.002,24.0159,0.5556
603,000603.png,False,1788873100.072330,1788873100.012331,shear_+X_back,6,+X,0.0,0.26535,0.53065,-3.59904,-0.01023,0.00426,0.00027,0.25659,0.51393,-3.59281,-0.0117,0.00488,9e-05,-0.01033,0.53451,-3.60823,2,37.9533,362.961,36.2469,179.2786,0.2982,-95.4007,0.0025,23.9371,0.6344
604,000604.png,False,1788873100.268270,1788873100.208270,shear_-X_out,6,-X,0.5,0.01694,-0.23304,-2.23472,0.00803,-0.00125,0.0002,0.00816,-0.24977,-2.22852,0.00655,-0.00063,3e-05,0.1466,-0.22917,-2.23038,3,37.9949,362.7544,36.3453,179.2803,0.2907,-95.4133,0.0,24.0318,0.5396
605,000605.png,False,1788873101.440353,1788873101.380353,shear_-X_back,6,-X,0.0,-0.64455,0.17785,-3.58863,-0.00141,-0.0186,8e-05,-0.65351,0.16103,-3.58261,-0.00289,-0.01797,-0.0001,-0.62229,-0.22552,-3.58988,3,37.6893,362.7289,36.2509,179.2823,0.285,-95.4156,0.0029,23.9392,0.6323
606,000606.png,False,1788873101.632322,1788873101.572322,shear_-X_back,6,-X,0.0,-0.15783,0.34984,-3.14207,-0.006,-0.00631,3e-05,-0.16682,0.33302,-3.13608,-0.00748,-0.00568,-0.00015,-0.28972,0.1738,-3.14734,3,37.8017,362.8535,36.2898,179.2773,0.3036,-95.407,0.0015,23.9793,0.5922
607,000607.png,False,1788873101.828340,1788873101.768340,shear_-X_back,6,-X,0.0,-0.25289,-0.02003,-2.26532,0.0029,-0.00802,0.00018,-0.26191,-0.03687,-2.25937,0.00142,-0.00739,1e-05,-0.19334,-0.17999,-2.26413,3,37.8134,362.8411,36.354,179.2752,0.3107,-95.3918,0.0043,24.0432,0.5283
608,000608.png,False,1788873102.024380,1788873101.964381,shear_-Y_out,6,-Y,0.5,-0.04109,0.50247,-2.0972,-0.00993,-0.00276,8e-05,-0.05014,0.48561,-2.09128,-0.01141,-0.00213,-0.0001,-0.2721,0.38104,-2.10551,3,37.8022,362.9213,36.3458,179.2702,0.3293,-95.38,0.0063,24.0363,0.5352
609,000609.png,False,1788873102.412376,1788873102.352376,shear_-Y_out,6,-Y,0.5,0.09804,-0.67561,-3.41372,0.0193,0.00011,0.00056,0.08893,-0.69249,-3.40785,0.01783,0.00075,0.00038,0.44614,-0.59082,-3.40168,3,38.068,362.5924,36.2541,179.2735,0.3174,-95.3848,0.0008,23.9375,0.634
610,000610.png,False,1788873103.196356,1788873103.136356,shear_-Y_back,6,-Y,0.0,0.06993,-0.61101,-3.34097,0.01786,-0.00053,0.00037,0.0607,-0.62795,-3.33522,0.01638,0.00012,0.00019,0.38901,-0.54775,-3.33,3,38.0641,362.5989,36.2566,179.273,0.3184,-95.3852,0.0035,23.9401,0.6314
611,000611.png,False,1788873103.388401,1788873103.328401,shear_-Y_back,6,-Y,0.0,-0.02748,-0.01469,-3.12243,0.00318,-0.00283,0.00021,-0.03673,-0.03164,-3.11671,0.0017,-0.00219,3e-05,0.00519,-0.07647,-3.12164,3,37.9516,362.6918,36.2881,179.2701,0.3298,-95.3718,0.0025,23.9739,0.5975
612,000612.png,False,1788873103.780380,1788873103.720381,shear_+Y_out,6,+Y,0.5,0.12635,0.27741,-1.8238,-0.00451,0.00137,-0.0,0.11703,0.26043,-1.81815,-0.006,0.00202,-0.00018,-0.01651,0.27417,-1.82859,3,37.9203,362.9003,36.3732,179.2601,0.3672,-95.3716,0.0018,24.0626,0.5089
613,000613.png,False,1788873104.948393,1788873104.888393,shear_+Y_back,6,+Y,0.0,0.09474,0.78074,-3.43635,-0.01648,-6e-05,6e-05,0.08525,0.76367,-3.43088,-0.01797,0.0006,-0.00012,-0.28419,0.66846,-3.44955,3,37.8151,363.0591,36.2585,179.2691,0.3336,-95.3744,0.0001,23.9512,0.6203
614,000614.png,False,1788873105.340424,1788873105.280424,shear_+Y_back,6,+Y,0.0,-0.10265,0.76625,-3.80309,-0.01612,-0.00517,0.00018,-0.1122,0.74916,-3.79768,-0.01761,-0.00451,-0.0,-0.44539,0.55141,-3.8156,3,37.7599,363.0094,36.2372,179.2713,0.3275,-95.3426,0.0032,23.9295,0.642
615,000615.png,False,1788873105.536446,1788873105.476446,shear_+Y_back,6,+Y,0.0,-0.11114,-0.1462,-3.2726,0.00613,-0.00515,0.00037,-0.12072,-0.1633,-3.26722,0.00464,-0.00448,0.00019,-0.00054,-0.23457,-3.26934,3,37.9287,362.6937,36.2448,179.2786,0.3004,-95.3398,0.0021,23.9308,0.6407
616,000616.png,False,1788873105.732430,1788873105.672431,shear_+Y_back,6,+Y,0.0,0.0544,-0.04426,-3.54328,0.00391,-0.00103,0.00036,0.04479,-0.06138,-3.53793,0.00243,-0.00036,0.00019,0.0938,-0.06791,-3.54208,3,37.9383,362.8018,36.2433,179.2756,0.3106,-95.3439,0.0078,23.931,0.6405
617,000617.png,False,1788873106.900445,1788873106.840445,shear_+X_back,7,+X,0.0,0.62709,-0.03097,-3.28324,0.00337,0.01333,0.00027,0.61731,-0.04817,-3.27807,0.00188,0.014,9e-05,0.58143,0.23392,-3.28346,3,38.1376,362.9008,36.2551,179.2757,0.3097,-95.3419,0.0001,23.943,0.6285
618,000618.png,False,1788873107.096436,1788873107.036436,shear_+X_back,7,+X,0.0,0.28989,-0.36883,-1.88705,0.01132,0.00559,0.00018,0.28008,-0.38605,-1.88191,0.00983,0.00626,0.0,0.44847,-0.20481,-1.88094,3,38.1108,362.776,36.3453,179.2746,0.3129,-95.3606,0.0015,24.0314,0.5401
619,000619.png,False,1788873107.484476,1788873107.424476,shear_+X_back,7,+X,0.0,0.17993,-0.55814,-3.9494,0.01694,0.00208,0.00025,0.17006,-0.57539,-3.94432,0.01544,0.00276,7e-05,0.4621,-0.45675,-3.93948,3,38.1085,362.6574,36.1976,179.2796,0.2926,-95.4226,0.0064,23.8818,0.6897
620,000620.png,False,1788873108.656398,1788873108.596398,shear_-X_back,7,-X,0.0,-0.68549,0.1028,-3.10489,0.00032,-0.01947,-0.00014,-0.69554,0.08547,-3.1,-0.00118,-0.01878,-0.00032,-0.62362,-0.30322,-3.10483,3,37.6822,362.6845,36.2721,179.2752,0.3108,-95.4129,0.0059,23.9597,0.6118
621,000621.png,False,1788873108.852401,1788873108.792401,shear_-X_back,7,-X,0.0,-0.2438,0.44015,-2.92385,-0.00811,-0.00837,-0.00016,-0.25388,0.42281,-2.91899,-0.00961,-0.00768,-0.00033,-0.41082,0.21254,-2.93055,3,37.7536,362.8379,36.2764,179.2712,0.3256,-95.4033,0.0023,23.966,0.6055
622,000622.png,False,1788873109.240506,1788873109.180506,shear_-X_back,7,-X,0.0,-0.15538,0.52433,-1.5329,-0.01038,-0.00535,-0.00029,-0.16552,0.50696,-1.5281,-0.01188,-0.00466,-0.00046,-0.38594,0.35191,-1.54145,3,37.7368,362.9645,36.4035,179.2609,0.3645,-95.3577,0.0083,24.0951,0.4763
623,000623.png,False,1788873110.412524,1788873110.352524,shear_-Y_back,7,-Y,0.0,0.13159,-0.7941,-3.85176,0.02274,0.00062,0.00047,0.12128,-0.81156,-3.84715,0.02124,0.00132,0.00029,0.53744,-0.6837,-3.83767,3,38.1123,362.5397,36.2108,179.2623,0.3587,-95.3614,0.0005,23.8931,0.6784
624,000624.png,False,1788873110.804536,1788873110.744536,shear_-Y_back,7,-Y,0.0,-0.07783,-0.55795,-3.56664,0.01685,-0.00455,0.00044,-0.0882,-0.57543,-3.56208,0.01535,-0.00384,0.00026,0.23607,-0.57925,-3.55626,3,38.0082,362.6072,36.2411,179.2642,0.3531,-95.347,0.0005,23.9252,0.6463
625,000625.png,False,1788873110.996530,1788873110.936530,shear_+Y_out,7,+Y,0.5,0.22624,0.21612,-3.54531,-0.0023,0.00287,0.00018,0.21584,0.19862,-3.54079,-0.0038,0.00358,0.0,0.11257,0.24342,-3.54897,3,37.9632,362.8724,36.2464,179.2568,0.3786,-95.3466,0.0084,23.9351,0.6364
626,000626.png,False,1788873111.388467,1788873111.328467,shear_+Y_out,7,+Y,0.5,0.10662,0.70428,-3.32031,-0.01449,4e-05,-2e-05,0.09617,0.68676,-3.31585,-0.016,0.00075,-0.00019,-0.2365,0.61005,-3.33223,3,37.8518,362.9523,36.246,179.2611,0.3631,-95.3492,0.0068,23.9367,0.6348
627,000627.png,False,1788873111.972599,1788873111.912599,shear_+Y_back,7,+Y,0.0,0.07315,0.54042,-3.1239,-0.01044,-0.00061,-5e-05,0.0626,0.52285,-3.11953,-0.01195,0.00011,-0.00023,-0.18498,0.45455,-3.13294,3,37.849,362.9636,36.264,179.2614,0.3618,-95.3488,0.0067,23.9549,0.6166
628,000628.png,False,1788873112.168559,1788873112.108559,shear_+Y_back,7,+Y,0.0,-0.0246,-0.04725,-2.13851,0.00372,-0.00245,0.00021,-0.03517,-0.06483,-2.13417,0.00221,-0.00173,3e-05,0.01713,-0.08747,-2.13732,3,37.9149,362.7946,36.3144,179.2628,0.3571,-95.3475,0.0077,24.0021,0.5694
629,000629.png,False,1788873112.364568,1788873112.304568,shear_+Y_back,7,+Y,0.0,-0.04111,0.46566,-1.55818,-0.00893,-0.0027,-1e-05,-0.05172,0.44806,-1.55386,-0.01043,-0.00198,-0.00018,-0.25746,0.35779,-1.56593,3,37.8111,362.9268,36.3949,179.2528,0.3955,-95.3249,0.0013,24.0855,0.486
630,000630.png,False,1788873112.560570,1788873112.500570,shear_+Y_back,7,+Y,0.0,-0.14209,-0.30679,-4.06491,0.01078,-0.00638,0.00037,-0.15272,-0.3244,-4.06062,0.00927,-0.00566,0.0002,0.05838,-0.40181,-4.05868,3,37.9489,362.6307,36.1778,179.2667,0.3431,-95.3231,0.0093,23.8627,0.7088
631,000631.png,False,1788873112.752578,1788873112.692578,shear_+Y_back,7,+Y,0.0,0.05437,-0.26971,-4.25917,0.01006,-0.00154,0.00051,0.0437,-0.28733,-4.25491,0.00855,-0.00082,0.00033,0.21137,-0.27465,-4.25395,3,37.9756,362.6973,36.1933,179.2662,0.3457,-95.3298,0.0003,23.879,0.6924
632,000632.png,False,1788873113.924516,1788873113.864516,shear_+X_back,8,+X,0.0,0.59783,0.25584,-3.66716,-0.00347,0.01215,0.00028,0.58699,0.23814,-3.66309,-0.00499,0.01288,0.00011,0.41545,0.46155,-3.67223,3,38.0587,362.9566,36.2237,179.263,0.3576,-95.3159,0.0031,23.913,0.6585
633,000633.png,False,1788873114.316612,1788873114.256613,shear_+X_back,8,+X,0.0,-0.00898,0.54144,-4.5626,-0.01027,-0.00361,0.0001,-0.01988,0.52371,-4.55859,-0.01178,-0.00287,-8e-05,-0.24666,0.39135,-4.57128,3,37.8515,362.8756,36.1598,179.2731,0.321,-95.2917,0.0126,23.8493,0.7222
634,000634.png,False,1788873114.508616,1788873114.448617,shear_-X_out,8,-X,0.5,-0.14875,-0.04643,-3.50145,0.00412,-0.00614,0.00022,-0.15968,-0.06418,-3.49748,0.00261,-0.00541,4e-05,-0.08138,-0.17063,-3.49982,3,37.8865,362.7805,36.2276,179.2723,0.3248,-95.2956,0.0055,23.9153,0.6562
635,000635.png,False,1788873115.484674,1788873115.424674,shear_-X_back,8,-X,0.0,-0.59451,0.31619,-3.88233,-0.00472,-0.01785,-0.0001,-0.60558,0.29837,-3.8785,-0.00624,-0.0171,-0.00028,-0.64603,-0.0854,-3.88603,3,37.6766,362.7692,36.2064,179.2686,0.3387,-95.3,0.0056,23.8953,0.6761
636,000636.png,False,1788873115.680643,1788873115.620643,shear_-X_back,8,-X,0.0,0.24248,0.20375,-3.15184,-0.00246,0.00349,6e-05,0.23137,0.18592,-3.14805,-0.00397,0.00424,-0.00011,0.13009,0.24713,-3.15538,3,37.9246,362.868,36.2387,179.2612,0.3623,-95.3279,0.0061,23.9275,0.644
637,000637.png,False,1788873116.068654,1788873116.008654,shear_-Y_out,8,-Y,0.5,0.22304,0.49164,-4.06836,-0.00923,0.00265,6e-05,0.21187,0.47378,-4.06462,-0.01075,0.00339,-0.00012,-0.02423,0.47207,-4.07671,3,37.894,362.9542,36.1955,179.2603,0.3663,-95.3294,0.0044,23.8859,0.6856
638,000638.png,False,1788873116.264676,1788873116.204676,shear_-Y_out,8,-Y,0.5,-0.09875,0.26398,-3.3879,-0.00372,-0.00517,0.00012,-0.10994,0.24611,-3.3842,-0.00524,-0.00442,-5e-05,-0.19394,0.12502,-3.39177,3,37.8462,362.8313,36.2353,179.2612,0.3633,-95.3242,0.0075,23.9241,0.6474
639,000639.png,False,1788873116.460683,1788873116.400683,shear_-Y_out,8,-Y,0.5,-0.06526,-0.32317,-3.2502,0.01079,-0.00409,0.0004,-0.07648,-0.34105,-3.24653,0.00928,-0.00334,0.00023,0.12747,-0.36456,-3.24397,3,37.9406,362.7018,36.241,179.2594,0.3698,-95.3235,0.0025,23.9271,0.6444
640,000640.png,False,1788873117.824711,1788873117.764711,shear_-Y_back,8,-Y,0.0,-0.02225,-0.79258,-3.17625,0.02248,-0.00292,0.00061,-0.03368,-0.81056,-3.17279,0.02096,-0.00215,0.00044,0.39874,-0.74843,-3.16198,3,38.0675,362.5038,36.2473,179.2602,0.3672,-95.3266,0.0078,23.9294,0.6421
641,000641.png,False,1788873118.020689,1788873117.960689,shear_-Y_back,8,-Y,0.0,-0.17733,0.33721,-3.84101,-0.00495,-0.00728,0.00022,-0.18878,0.31922,-3.83758,-0.00647,-0.00652,4e-05,-0.29545,0.14192,-3.84592,3,37.8238,362.8353,36.2213,179.2547,0.3879,-95.3033,0.0029,23.9104,0.6611
642,000642.png,False,1788873118.412704,1788873118.352704,shear_+Y_out,8,+Y,0.5,-0.01692,0.55387,-2.01473,-0.01098,-0.00228,0.00021,-0.02844,0.53584,-2.01137,-0.0125,-0.00152,4e-05,-0.27741,0.43896,-2.024,3,37.8077,362.9403,36.3401,179.2473,0.4148,-95.3006,0.018,24.0309,0.5406
643,000643.png,False,1788873119.388719,1788873119.328719,shear_+Y_back,8,+Y,0.0,0.14848,0.76993,-4.6557,-0.01593,0.00031,0.00031,0.13681,0.75183,-4.65248,-0.01746,0.00108,0.00014,-0.22378,0.66642,-4.66864,3,37.827,363.0314,36.1604,179.2506,0.4019,-95.3099,0.0109,23.8525,0.719
644,000644.png,False,1788873119.776726,1788873119.716726,shear_+Y_back,8,+Y,0.0,0.01823,0.75206,-4.49777,-0.01559,-0.00295,6e-05,0.00651,0.73394,-4.49462,-0.01712,-0.00217,-0.00011,-0.32877,0.5884,-4.51016,3,37.7856,363.04,36.1823,179.2492,0.4082,-95.2921,0.0007,23.8749,0.6966
645,000645.png,False,1788873119.972801,1788873119.912801,shear_+Y_back,8,+Y,0.0,-0.06746,-0.24929,-4.0129,0.00922,-0.00466,0.00042,-0.07921,-0.26743,-4.00978,0.00769,-0.00388,0.00025,0.09394,-0.31389,-4.00783,3,37.9014,362.7674,36.1931,179.2536,0.3931,-95.2844,0.0086,23.8805,0.691
646,000646.png,False,1788873120.168734,1788873120.108734,shear_+Y_back,8,+Y,0.0,0.15118,-0.12685,-4.90912,0.00641,0.00043,0.00047,0.1394,-0.145,-4.90603,0.00488,0.00121,0.0003,0.22836,-0.11296,-4.90648,3,37.9681,362.7796,36.1393,179.2556,0.384,-95.2959,0.0022,23.8264,0.7451
647,000647.png,False,1788873121.336714,1788873121.276714,shear_+X_back,9,+X,0.0,0.67702,0.01418,-4.88243,0.00303,0.01373,0.00037,0.66506,-0.00405,-4.87951,0.00149,0.01452,0.0002,0.61321,0.27236,-4.88328,3,38.1143,362.8996,36.1279,179.2565,0.3811,-95.2861,0.0092,23.816,0.7555
648,000648.png,False,1788873121.924734,1788873121.864734,shear_-X_out,9,-X,0.5,0.12871,-0.58983,-4.70423,0.01808,9e-05,0.00046,0.11666,-0.6081,-4.7014,0.01655,0.00089,0.00028,0.43879,-0.52187,-4.69354,3,38.0622,362.6659,36.1283,179.2647,0.3502,-95.3444,0.0076,23.813,0.7585
649,000649.png,False,1788873123.680840,1788873123.620841,shear_-X_back,9,-X,0.0,0.02395,0.61611,-5.40356,-0.01192,-0.0035,0.00036,0.01164,0.59771,-5.40102,-0.01346,-0.00269,0.00019,-0.24961,0.459,-5.41347,3,37.8105,362.922,36.1127,179.2535,0.3927,-95.3168,0.0113,23.8032,0.7683
650,000650.png,False,1788873124.848772,1788873124.788772,shear_-Y_back,9,-Y,0.0,0.07368,-0.74426,-4.46313,0.02188,-0.00135,0.00069,0.06119,-0.76274,-4.46077,0.02034,-0.00053,0.00052,0.46661,-0.67926,-4.44969,3,38.0623,362.5651,36.1351,179.2569,0.3801,-95.3236,0.0079,23.8181,0.7534
651,000651.png,False,1788873125.044774,1788873124.984774,shear_-Y_back,9,-Y,0.0,0.01702,-0.16418,-4.16685,0.00729,-0.00274,0.00049,0.0045,-0.18268,-4.16452,0.00574,-0.00192,0.00032,0.12566,-0.20044,-4.1634,3,37.967,362.6875,36.1544,179.2535,0.3933,-95.3195,0.0076,23.8401,0.7314
652,000652.png,False,1788873125.240782,1788873125.180782,shear_-Y_back,9,-Y,0.0,-0.01131,-0.38417,-3.63003,0.01251,-0.00302,0.0004,-0.02386,-0.40269,-3.62773,0.01097,-0.0022,0.00023,0.20731,-0.39652,-3.62279,3,37.9655,362.74,36.1998,179.2532,0.3934,-95.3208,0.0022,23.8864,0.6851
653,000653.png,False,1788873125.436813,1788873125.376813,shear_+Y_out,9,+Y,0.5,0.20966,0.21037,-2.9343,-0.00236,0.00265,0.00012,0.19708,0.19184,-2.93203,-0.0039,0.00347,-5e-05,0.09685,0.23995,-2.93792,3,37.9568,362.8212,36.2106,179.2483,0.4121,-95.3214,0.0067,23.8985,0.673
654,000654.png,False,1788873126.408893,1788873126.348893,shear_+Y_back,9,+Y,0.0,0.03779,0.7036,-5.09018,-0.0141,-0.00278,7e-05,0.02507,0.685,-5.08806,-0.01564,-0.00195,-0.0001,-0.28351,0.54671,-5.10168,3,37.8145,362.9703,36.1063,179.2505,0.4035,-95.3236,0.0112,23.7975,0.774
655,000655.png,False,1788873126.800903,1788873126.740903,shear_+Y_back,9,+Y,0.0,0.14613,0.41162,-5.92342,-0.00676,-0.00048,0.00024,0.13335,0.393,-5.92136,-0.00831,0.00035,7e-05,-0.03801,0.33463,-5.92995,3,37.8959,362.8561,36.0568,179.2515,0.4,-95.3282,0.0083,23.7457,0.8258
656,000656.png,False,1788873127.188831,1788873127.128831,shear_+Y_back,9,+Y,0.0,-0.04142,-0.0555,-4.476,0.00463,-0.00435,0.00055,-0.05426,-0.07415,-4.474,0.00308,-0.00352,0.00038,0.02288,-0.14046,-4.47427,3,37.9138,362.757,36.1287,179.2531,0.3939,-95.3282,0.0053,23.8158,0.7557
657,000657.png,False,1788873128.360955,1788873128.300955,shear_+X_back,10,+X,0.0,0.66952,0.12672,-4.27139,-3e-05,0.01371,0.00038,0.6565,0.10799,-4.26957,-0.00158,0.01456,0.00021,0.54625,0.37587,-4.27427,3,38.0955,362.9298,36.1454,179.2515,0.3997,-95.3245,0.0043,23.8341,0.7374
658,000658.png,False,1788873128.752860,1788873128.692860,shear_+X_back,10,+X,0.0,0.39836,0.27233,-2.80419,-0.0041,0.00743,0.00036,0.38528,0.25357,-2.80243,-0.00565,0.00828,0.00019,0.22844,0.38998,-2.80928,3,38.0132,362.949,36.2499,179.2393,0.4432,-95.362,0.007,23.9395,0.632
659,000659.png,False,1788873128.944870,1788873128.884871,shear_-X_out,10,-X,0.5,0.11558,-0.43564,-4.72833,0.01431,-0.00026,0.00046,0.10247,-0.45442,-4.72661,0.01276,0.00059,0.00029,0.35055,-0.39529,-4.72029,3,38.0428,362.7065,36.1224,179.2503,0.402,-95.3815,0.0038,23.8079,0.7636
660,000660.png,False,1788873130.700907,1788873130.640908,shear_-Y_out,10,-Y,0.5,-0.21041,0.70611,-3.20461,-0.01441,-0.00785,7e-05,-0.22377,0.68721,-3.20316,-0.01596,-0.00699,-0.0001,-0.51283,0.45507,-3.21594,3,37.7144,362.9303,36.2004,179.2454,0.422,-95.3208,0.0055,23.8917,0.6798
661,000661.png,False,1788873131.872931,1788873131.812931,shear_-Y_back,10,-Y,0.0,0.12293,-0.68568,-4.27973,0.0205,6e-05,0.00061,0.10939,-0.70467,-4.27846,0.01894,0.00093,0.00044,0.47874,-0.60098,-4.26743,2,38.0715,362.5936,36.1421,179.2417,0.4356,-95.33,0.0131,23.8255,0.746
662,000662.png,False,1788873132.069026,1788873132.009027,shear_-Y_back,10,-Y,0.0,0.03167,-0.0694,-3.80602,0.00488,-0.0022,0.0005,0.01809,-0.0884,-3.80478,0.00332,-0.00133,0.00033,0.08849,-0.10525,-3.8043,3,37.9581,362.7285,36.1756,179.2383,0.448,-95.3176,0.0015,23.862,0.7095
663,000663.png,False,1788873132.265033,1788873132.205033,shear_-Y_back,10,-Y,0.0,-0.03379,-0.31506,-2.66071,0.01068,-0.00293,0.00039,-0.04739,-0.33408,-2.6595,0.00912,-0.00205,0.00022,0.14659,-0.33237,-2.65477,3,37.9621,362.7319,36.248,179.2408,0.4388,-95.318,0.0109,23.9344,0.6371
664,000664.png,False,1788873132.457033,1788873132.397033,shear_+Y_out,10,+Y,0.5,0.18043,0.25923,-2.64506,-0.00352,0.00231,0.00021,0.1668,0.2402,-2.64388,-0.00508,0.00319,4e-05,0.04512,0.27229,-2.64951,3,37.9352,362.8871,36.2572,179.2292,0.4823,-95.3181,0.008,23.9463,0.6252
665,000665.png,False,1788873133.433053,1788873133.373054,shear_+Y_back,10,+Y,0.0,0.12021,0.82893,-4.76605,-0.01732,-0.00055,7e-05,0.10643,0.80984,-4.76503,-0.01889,0.00034,-0.0001,-0.27699,0.70163,-4.77994,3,37.821,363.0364,36.1226,179.2368,0.4542,-95.3231,0.0011,23.8149,0.7566
666,000666.png,False,1788873133.825046,1788873133.765046,shear_+Y_back,10,+Y,0.0,0.00167,0.85638,-2.97392,-0.01819,-0.00258,0.00016,-0.01217,0.83725,-2.97295,-0.01976,-0.00169,-1e-05,-0.4058,0.69488,-2.98832,3,37.7567,363.0618,36.2273,179.2253,0.4969,-95.304,0.0088,23.9205,0.651
667,000667.png,False,1788873134.020983,1788873133.960984,shear_+Y_back,10,+Y,0.0,-0.1449,-0.0103,-6.26838,0.00406,-0.00809,0.00052,-0.15877,-0.02944,-6.26744,0.00249,-0.0072,0.00035,-0.07691,-0.18173,-6.26695,3,37.8681,362.7985,36.0419,179.238,0.4506,-95.2911,0.0029,23.7301,0.8414
668,000668.png,False,1788873134.213049,1788873134.153049,shear_+Y_back,10,+Y,0.0,0.16035,0.05427,-6.12219,0.00253,-6e-05,0.00066,0.14645,0.03511,-6.12128,0.00097,0.00083,0.00049,0.15423,0.02905,-6.12252,3,37.933,362.827,36.0494,179.2381,0.4493,-95.2989,0.0084,23.7376,0.8339
669,000669.png,False,1788873135.969118,1788873135.909118,shear_-X_out,11,-X,0.5,0.19444,-0.81338,-4.4477,0.02379,0.00191,0.00078,0.18027,-0.83266,-4.44707,0.02222,0.00282,0.00061,0.60564,-0.67854,-4.43331,4,38.1324,362.5697,36.1047,179.2503,0.4014,-95.3869,0.0043,23.7874,0.7841
670,000670.png,False,1788873138.897169,1788873138.837169,shear_-Y_back,11,-Y,0.0,0.14705,-0.94177,-4.74541,0.02738,0.0005,0.00095,0.13245,-0.96126,-4.74524,0.0258,0.00143,0.00078,0.63081,-0.81817,-4.72865,3,38.122,362.5141,36.0956,179.2416,0.4373,-95.3259,0.0092,23.7774,0.7941
671,000671.png,False,1788873139.285207,1788873139.225207,shear_-Y_back,11,-Y,0.0,-0.01031,-0.50522,-3.16613,0.01571,-0.00277,0.0006,-0.02497,-0.52473,-3.16602,0.01413,-0.00184,0.00044,0.26544,-0.49343,-3.15687,3,38.0093,362.6449,36.1824,179.2379,0.4525,-95.312,0.0081,23.8671,0.7044
672,000672.png,False,1788873139.481226,1788873139.421226,shear_+Y_out,11,+Y,0.5,0.22359,0.13946,-2.91607,-0.00047,0.00304,0.00026,0.2089,0.11993,-2.91598,-0.00205,0.00398,9e-05,0.14422,0.18579,-2.91849,3,37.9838,362.8109,36.197,179.2291,0.4846,-95.3125,0.006,23.8846,0.6869
673,000673.png,False,1788873140.653234,1788873140.593234,shear_+Y_back,11,+Y,0.0,0.08788,0.69842,-5.45194,-0.0136,-0.00168,0.00034,0.07302,0.67881,-5.45205,-0.01519,-0.00074,0.00017,-0.23502,0.56146,-5.4634,3,37.8465,362.9648,36.0636,179.2387,0.4494,-95.3141,0.0042,23.7545,0.817
674,000674.png,False,1788873141.041256,1788873140.981256,shear_+Y_back,11,+Y,0.0,-0.1393,0.73543,-6.51243,-0.01441,-0.00819,0.00028,-0.15423,0.71579,-6.51259,-0.016,-0.00725,0.00012,-0.44295,0.46301,-6.52391,3,37.7762,362.9478,36.0229,179.2402,0.4455,-95.2848,0.0056,23.7141,0.8574
675,000675.png,False,1788873141.237283,1788873141.177284,shear_+Y_back,11,+Y,0.0,-0.22581,-0.31223,-4.87302,0.01147,-0.0092,0.00058,-0.24076,-0.33188,-4.87322,0.00989,-0.00825,0.00041,-0.00582,-0.4613,-4.86642,3,37.9397,362.6103,36.077,179.2471,0.4206,-95.2758,0.0017,23.7617,0.8098
676,000676.png,False,1788873141.433258,1788873141.373258,shear_+Y_back,11,+Y,0.0,0.03443,-0.31293,-4.83116,0.01148,-0.00268,0.00054,0.01945,-0.3326,-4.83138,0.00989,-0.00173,0.00038,0.21967,-0.33121,-4.82506,3,37.9725,362.695,36.0827,179.2444,0.4305,-95.2793,0.0068,23.7685,0.803
677,000677.png,False,1788873144.553237,1788873144.493237,shear_-X_back,12,-X,0.0,-0.18672,0.75547,-5.39425,-0.01506,-0.00884,5e-05,-0.20217,0.73558,-5.39496,-0.01665,-0.00787,-0.00011,-0.50179,0.47459,-5.40616,3,37.7435,362.9054,36.048,179.2449,0.426,-95.3356,0.0071,23.7387,0.8328
678,000678.png,False,1788873144.945246,1788873144.885246,shear_-Y_out,12,-Y,0.5,-0.11378,0.90291,-5.8565,-0.01876,-0.00719,3e-05,-0.12929,0.88299,-5.85727,-0.02036,-0.00621,-0.00013,-0.50907,0.63132,-5.87104,3,37.7475,362.9695,36.0181,179.2441,0.4312,-95.2989,0.0088,23.7099,0.8616
679,000679.png,False,1788873146.113289,1788873146.053289,shear_-Y_back,12,-Y,0.0,0.23985,-0.63991,-5.0509,0.0199,0.00246,0.00042,0.22416,-0.65992,-5.05186,0.0183,0.00344,0.00025,0.56249,-0.51528,-5.03952,2,38.094,362.6398,36.0596,179.243,0.4336,-95.3043,0.0055,23.7437,0.8278
680,000680.png,False,1788873146.309405,1788873146.249405,shear_-Y_back,12,-Y,0.0,0.11132,0.03954,-4.64933,0.00284,-0.0004,0.00058,0.0956,0.01953,-4.65031,0.00123,0.00059,0.00042,0.1089,0.01539,-4.64953,2,37.9736,362.787,36.0757,179.2403,0.4441,-95.2941,0.0004,23.763,0.8085
681,000681.png,False,1788873146.701288,1788873146.641288,shear_+Y_out,12,+Y,0.5,0.31553,0.4452,-3.3967,-0.00773,0.00511,0.00027,0.29975,0.42515,-3.39775,-0.00934,0.0061,0.00011,0.07444,0.48882,-3.40454,3,37.9541,362.9186,36.1455,179.2365,0.4584,-95.2917,0.0078,23.8349,0.7366
682,000682.png,False,1788873147.677398,1788873147.617399,shear_+Y_back,12,+Y,0.0,0.15504,0.90362,-5.99401,-0.01871,-0.00034,1e-05,0.13911,0.88351,-5.99521,-0.02031,0.00067,-0.00015,-0.27562,0.76405,-6.00907,3,37.8299,363.0435,36.0199,179.2386,0.4513,-95.2965,0.009,23.7122,0.8593
683,000683.png,False,1788873148.065423,1788873148.005423,shear_+Y_back,12,+Y,0.0,0.03988,0.91424,-5.31072,-0.01922,-0.00301,8e-05,0.02389,0.8941,-5.31198,-0.02082,-0.00201,-8e-05,-0.38542,0.72665,-5.32584,3,37.7997,362.9995,36.0497,179.2351,0.4638,-95.2822,0.0055,23.7416,0.8299
684,000684.png,False,1788873148.261334,1788873148.201334,shear_+Y_back,12,+Y,0.0,-0.07681,-0.21187,-6.086,0.00924,-0.00619,0.00072,-0.09282,-0.23203,-6.08729,0.00763,-0.00518,0.00055,0.08152,-0.31936,-6.08124,3,37.9541,362.7034,35.9668,179.2433,0.4335,-95.2806,0.004,23.6529,0.9186
685,000685.png,False,1788873150.213371,1788873150.153371,shear_-X_out,13,-X,0.5,0.1651,-0.71781,-6.38782,0.02271,0.00012,0.00037,0.1488,-0.73811,-6.38941,0.0211,0.00115,0.00021,0.54594,-0.64151,-6.37473,3,38.0912,362.6531,35.9746,179.2511,0.4027,-95.3419,0.0082,23.6589,0.9125
686,000686.png,False,1788873151.969495,1788873151.909495,shear_-X_back,13,-X,0.0,-0.27508,0.71721,-7.58218,-0.01359,-0.01245,-0.00012,-0.29166,0.69679,-7.58405,-0.01521,-0.01141,-0.00028,-0.54405,0.36224,-7.59291,3,37.731,362.8887,35.9352,179.243,0.4346,-95.2915,0.004,23.6258,0.9457
687,000687.png,False,1788873153.137548,1788873153.077548,shear_-Y_back,13,-Y,0.0,0.15151,-0.96569,-5.94444,0.02868,-7e-05,0.00058,0.13476,-0.98619,-5.94649,0.02706,0.00097,0.00042,0.65493,-0.85587,-5.9271,3,38.1116,362.5311,35.9881,179.2443,0.4302,-95.2962,0.0065,23.6703,0.9012
688,000688.png,False,1788873153.529537,1788873153.469537,shear_-Y_back,13,-Y,0.0,-0.005,-0.57153,-4.3154,0.01805,-0.00329,0.00046,-0.02181,-0.59206,-4.31751,0.01643,-0.00224,0.0003,0.31114,-0.56661,-4.30482,2,38.0075,362.6894,36.081,179.2374,0.4554,-95.2861,0.013,23.7664,0.8051
689,000689.png,False,1788873153.725577,1788873153.665577,shear_+Y_out,13,+Y,0.5,0.26779,0.14557,-6.59564,0.00088,0.00244,0.00036,0.25096,0.12502,-6.59778,-0.00074,0.00349,0.0002,0.20496,0.15422,-6.59769,3,37.991,362.7828,35.9695,179.2408,0.4439,-95.2856,0.0038,23.6566,0.9149
690,000690.png,False,1788873154.697492,1788873154.637492,shear_+Y_back,13,+Y,0.0,0.00823,0.71165,-6.38545,-0.01363,-0.00413,0.00025,-0.00875,0.69104,-6.38774,-0.01526,-0.00307,9e-05,-0.30416,0.51817,-6.39683,3,37.8252,362.9445,35.9758,179.2441,0.4322,-95.2862,0.0046,23.6666,0.9049
691,000691.png,False,1788873154.893577,1788873154.833577,shear_+Y_back,13,+Y,0.0,0.05592,0.06644,-6.53619,0.00275,-0.00299,0.00032,0.03891,0.04581,-6.53851,0.00113,-0.00193,0.00016,0.06056,-0.01922,-6.53645,3,37.9145,362.8119,35.9706,179.2467,0.4203,-95.2941,0.0027,23.6587,0.9128
692,000692.png,False,1788873155.089586,1788873155.029586,shear_+Y_back,13,+Y,0.0,0.13784,0.38829,-7.52088,-0.00525,-0.00146,7e-05,0.1208,0.36764,-7.52324,-0.00688,-0.0004,-9e-05,-0.02246,0.28468,-7.52675,3,37.9041,362.8551,35.9242,179.2468,0.4201,-95.2943,0.0051,23.613,0.9584
693,000693.png,False,1788873155.285622,1788873155.225622,shear_+Y_back,13,+Y,0.0,-0.14191,-0.31512,-5.47119,0.0121,-0.00737,0.00035,-0.15899,-0.33578,-5.47358,0.01047,-0.0063,0.00019,0.07244,-0.43147,-5.46461,3,37.9138,362.7698,36.0221,179.2452,0.4269,-95.293,0.0041,23.7095,0.862
694,000694.png,False,1788873155.477593,1788873155.417593,shear_+Y_back,13,+Y,0.0,-0.07567,-0.12997,-5.65146,0.00741,-0.00582,2e-05,-0.09277,-0.15064,-5.65387,0.00579,-0.00476,-0.00014,0.03857,-0.2409,-5.64819,3,37.9213,362.7314,35.9992,179.2476,0.4171,-95.2932,0.0066,23.6859,0.8856
695,000695.png,False,1788873156.649633,1788873156.589633,shear_+X_back,14,+X,0.0,0.78215,0.2506,-5.29853,-0.0026,0.01607,9e-05,0.76487,0.22984,-5.30113,-0.00423,0.01715,-7e-05,0.58904,0.52297,-5.30363,3,38.0983,362.9687,36.0231,179.244,0.4292,-95.2906,0.0013,23.7124,0.8591
696,000696.png,False,1788873157.041631,1788873156.981631,shear_+X_back,14,+X,0.0,0.58471,0.49839,-4.82669,-0.00896,0.0113,-0.00012,0.56737,0.47761,-4.82935,-0.01059,0.01238,-0.00028,0.29094,0.64648,-4.83576,3,38.0218,363.0047,36.0557,179.2376,0.4515,-95.3324,0.0083,23.7461,0.8254
697,000697.png,False,1788873158.601707,1788873158.541707,shear_-X_back,14,-X,0.0,-0.19285,0.84699,-6.88682,-0.01725,-0.00994,-0.00025,-0.21042,0.82609,-6.88973,-0.01889,-0.00885,-0.00041,-0.54248,0.52687,-6.90008,3,37.7153,362.9514,35.9657,179.2475,0.417,-95.3402,0.0043,23.6574,0.9141
698,000698.png,False,1788873158.989716,1788873158.929716,shear_-Y_out,14,-Y,0.5,0.07945,0.81265,-3.80468,-0.01689,-0.0012,-0.00022,0.06182,0.79173,-3.80765,-0.01853,-0.0001,-0.00038,-0.31082,0.68256,-3.81836,3,37.7798,362.9918,36.0902,179.2429,0.4337,-95.3167,0.0016,23.782,0.7894
699,000699.png,False,1788873159.381689,1788873159.321689,shear_-Y_out,14,-Y,0.5,0.08765,-0.70501,-5.57727,0.02168,-0.00163,0.00056,0.06996,-0.72596,-5.5803,0.02004,-0.00054,0.0004,0.46683,-0.65613,-5.56437,3,38.0334,362.6196,36.0141,179.2431,0.4329,-95.3224,0.0032,23.6983,0.8732
700,000700.png,False,1788873160.161716,1788873160.101717,shear_-Y_back,14,-Y,0.0,0.08617,-0.59344,-5.52012,0.019,-0.00167,0.00039,0.06836,-0.61445,-5.52327,0.01736,-0.00057,0.00024,0.40941,-0.55933,-5.50916,3,38.0301,362.6373,36.0173,179.2426,0.435,-95.3228,0.01,23.7018,0.8697
701,000701.png,False,1788873160.745719,1788873160.685719,shear_+Y_out,14,+Y,0.5,0.23133,0.48955,-5.30457,-0.00827,0.0021,0.00023,0.21344,0.4685,-5.30781,-0.00991,0.00321,7e-05,-0.00743,0.4546,-5.31272,3,37.9152,362.9306,36.032,179.2389,0.4481,-95.3409,0.0077,23.722,0.8495
702,000702.png,False,1788873161.721672,1788873161.661672,shear_+Y_back,14,+Y,0.0,0.03017,0.99681,-5.45596,-0.02125,-0.00328,0.00012,0.01213,0.9757,-5.45935,-0.0229,-0.00217,-4e-05,-0.43407,0.79099,-5.47247,3,37.7726,363.0587,36.0284,179.2413,0.4396,-95.3376,0.0093,23.7214,0.8501
703,000703.png,False,1788873162.113769,1788873162.053769,shear_+Y_back,14,+Y,0.0,0.18882,0.68582,-6.28867,-0.01339,0.0005,0.00046,0.17072,0.66468,-6.29212,-0.01504,0.00161,0.00031,-0.13549,0.58758,-6.29998,3,37.8554,363.0074,35.999,179.2411,0.4395,-95.3476,0.0096,23.6906,0.8809
704,000704.png,False,1788873162.305765,1788873162.245765,shear_+Y_back,14,+Y,0.0,-0.11884,-0.1483,-4.65755,0.00747,-0.00643,0.00037,-0.13697,-0.16946,-4.66103,0.00583,-0.00531,0.00021,0.00344,-0.26242,-4.65403,3,37.8984,362.7702,36.06,179.2456,0.4223,-95.3478,0.0053,23.7475,0.824
705,000705.png,False,1788873162.697828,1788873162.637828,shear_+X_out,15,+X,0.5,-0.11289,-0.52112,-4.92533,0.01687,-0.00619,0.00039,-0.13107,-0.54231,-4.92887,0.01523,-0.00507,0.00023,0.19673,-0.58663,-4.91532,3,37.9579,362.6645,36.0452,179.2467,0.4183,-95.3517,0.0055,23.7306,0.8409
706,000706.png,False,1788873163.869775,1788873163.809775,shear_+X_back,15,+X,0.0,0.1785,-0.70396,-2.75357,0.02031,0.00207,0.00051,0.16013,-0.72523,-2.75729,0.01866,0.0032,0.00035,0.52542,-0.5646,-2.7413,3,38.1103,362.6517,36.1543,179.2455,0.4227,-95.3587,0.0015,23.8384,0.7331
707,000707.png,False,1788873164.257725,1788873164.197726,shear_-X_out,15,-X,0.5,0.08742,-0.99631,-6.47117,0.02977,-0.00173,0.00057,0.069,-1.01761,-6.47495,0.02811,-0.0006,0.00042,0.61837,-0.92285,-6.45308,3,38.1174,362.5692,35.9957,179.249,0.4074,-95.4161,0.0077,23.6784,0.8931
708,000708.png,False,1788873167.573946,1788873167.513946,shear_-Y_back,15,-Y,0.0,-0.08262,-0.64135,-2.99803,0.01912,-0.00444,0.00038,-0.10154,-0.66288,-3.00234,0.01746,-0.00328,0.00023,0.26965,-0.64476,-2.98629,3,38.0089,362.5932,36.1609,179.2377,0.4504,-95.357,0.0092,23.8448,0.7267
709,000709.png,False,1788873167.769902,1788873167.709902,shear_+Y_out,15,+Y,0.5,0.13403,-0.06046,-3.98121,0.00514,0.00027,0.00042,0.11507,-0.08201,-3.98555,0.00348,0.00143,0.00026,0.1739,-0.04917,-3.97983,3,37.9809,362.7502,36.1109,179.2332,0.4674,-95.3566,0.0085,23.7975,0.774
710,000710.png,False,1788873168.353833,1788873168.293833,shear_+Y_out,15,+Y,0.5,-0.08074,0.3333,-5.78185,-0.00406,-0.00608,1e-05,-0.09978,0.31171,-5.78628,-0.00572,-0.00491,-0.00014,-0.19637,0.1557,-5.78659,3,37.8666,362.8113,36.0148,179.2407,0.4393,-95.3594,0.0021,23.7032,0.8683
711,000711.png,False,1788873169.329925,1788873169.269925,shear_+Y_back,15,+Y,0.0,-0.06074,0.82603,-4.85594,-0.01686,-0.00513,-0.00017,-0.07993,0.80437,-4.86052,-0.01852,-0.00395,-0.00033,-0.43165,0.60727,-4.86941,3,37.772,362.9786,36.0606,179.2407,0.4407,-95.3596,0.0033,23.7523,0.8192
712,000712.png,False,1788873169.525943,1788873169.465943,shear_+Y_back,15,+Y,0.0,-0.06779,-0.23174,-4.93537,0.0095,-0.00538,0.00027,-0.087,-0.25342,-4.93997,0.00784,-0.0042,0.00012,0.09128,-0.31363,-4.93046,3,37.9251,362.7085,36.048,179.242,0.4337,-95.3687,0.0098,23.7343,0.8372
713,000713.png,False,1788873169.721970,1788873169.661970,shear_+Y_back,15,+Y,0.0,0.08138,0.04716,-6.27013,0.00317,-0.00223,0.00039,0.06214,0.02547,-6.27476,0.0015,-0.00105,0.00024,0.0904,-0.01894,-6.27015,3,37.9196,362.8223,35.987,179.2428,0.4317,-95.3715,0.006,23.6752,0.8963
714,000714.png,False,1788873170.109877,1788873170.049877,shear_+Y_back,15,+Y,0.0,-0.13144,-0.50714,-4.84685,0.01653,-0.00687,0.00039,-0.15074,-0.52886,-4.85155,0.01486,-0.00569,0.00023,0.17313,-0.58253,-4.83706,3,37.9599,362.6113,36.0473,179.2435,0.4294,-95.3667,0.0059,23.7318,0.8397
715,000715.png,False,1788873171.281998,1788873171.221998,shear_+X_back,16,+X,0.0,0.79851,0.23766,-6.08294,-0.00201,0.01628,0.00043,0.77903,0.21586,-6.08783,-0.00368,0.01747,0.00028,0.61511,0.50738,-6.08773,3,38.102,362.9446,35.989,179.2441,0.4278,-95.3624,0.0093,23.6778,0.8936
716,000716.png,False,1788873171.673985,1788873171.613986,shear_+X_back,16,+X,0.0,0.32007,0.73566,-7.60279,-0.01404,0.00331,0.00038,0.30053,0.71383,-7.60773,-0.01571,0.00451,0.00022,-0.03759,0.67527,-7.61503,2,37.9418,362.8818,35.9088,179.2488,0.4121,-95.353,0.0085,23.5978,0.9737
717,000717.png,False,1788873171.866024,1788873171.806025,shear_-X_out,16,-X,0.5,0.02093,-0.25724,-6.10148,0.01074,-0.00347,0.0005,0.00136,-0.27908,-6.10645,0.00907,-0.00227,0.00035,0.18895,-0.31007,-6.09613,3,37.9725,362.7371,35.9821,179.2522,0.3987,-95.3704,0.0024,23.6686,0.9029
718,000718.png,False,1788873173.038045,1788873172.978045,shear_-X_back,16,-X,0.0,-0.159,0.67971,-5.11621,-0.01309,-0.0079,-7e-05,-0.17875,0.65778,-5.12137,-0.01476,-0.0067,-0.00022,-0.44186,0.42727,-5.1269,3,37.7538,362.9183,36.046,179.2423,0.4345,-95.3667,0.0052,23.7368,0.8347
719,000719.png,False,1788873173.429953,1788873173.369953,shear_-Y_out,16,-Y,0.5,-0.08475,0.76176,-4.00357,-0.0155,-0.00538,-6e-05,-0.10455,0.7398,-4.00879,-0.01718,-0.00417,-0.00021,-0.42624,0.55326,-4.016,3,37.7597,362.9506,36.093,179.2371,0.455,-95.342,0.0011,23.7843,0.7872
720,000720.png,False,1788873174.402111,1788873174.342111,shear_-Y_back,16,-Y,0.0,0.10445,-0.64603,-6.61447,0.02087,-0.00186,0.00062,0.08449,-0.66805,-6.61984,0.01919,-0.00065,0.00047,0.4591,-0.61327,-6.60247,3,38.0351,362.6196,35.9564,179.2392,0.4456,-95.3457,0.0053,23.6406,0.9309
721,000721.png,False,1788873174.598073,1788873174.538074,shear_-Y_back,16,-Y,0.0,0.05344,0.16407,-6.55577,0.0004,-0.00326,0.00027,0.03345,0.14204,-6.56117,-0.00129,-0.00205,0.00012,0.00976,0.06378,-6.55773,3,37.9244,362.7904,35.966,179.2374,0.4545,-95.3361,0.0082,23.6536,0.9179
722,000722.png,False,1788873174.793994,1788873174.733994,shear_-Y_back,16,-Y,0.0,0.01469,-0.1218,-6.0575,0.00729,-0.00384,0.00046,-0.00532,-0.14385,-6.06293,0.00561,-0.00262,0.00031,0.11557,-0.19518,-6.0545,3,37.9423,362.741,35.9777,179.2377,0.4519,-95.3372,0.0118,23.6644,0.9071
723,000723.png,False,1788873175.966103,1788873175.906103,shear_+Y_back,16,+Y,0.0,0.13347,1.09346,-6.39562,-0.02355,-0.00121,9e-05,0.11328,1.07133,-6.40123,-0.02524,2e-05,-6e-05,-0.38637,0.91125,-6.41387,3,37.7864,363.0704,35.9715,179.2392,0.4462,-95.3404,0.0029,23.6646,0.9069
724,000724.png,False,1788873176.354033,1788873176.294033,shear_+Y_back,16,+Y,0.0,-0.1939,0.80279,-7.90301,-0.01599,-0.01043,0.0002,-0.21414,0.78063,-7.90868,-0.01767,-0.0092,5e-05,-0.51426,0.47179,-7.91534,3,37.7552,362.9436,35.9102,179.2431,0.4328,-95.3169,0.0083,23.6015,0.97
725,000725.png,False,1788873176.938049,1788873176.878049,shear_+X_out,17,+X,0.5,-0.24104,-0.86154,-5.84122,0.02591,-0.0102,0.00064,-0.26138,-0.88375,-5.84698,0.02422,-0.00897,0.00049,0.26215,-0.96017,-5.82491,3,37.9591,362.6037,35.9827,179.2535,0.3949,-95.3149,0.0096,23.6671,0.9044
726,000726.png,False,1788873178.110159,1788873178.050159,shear_+X_back,17,+X,0.0,0.19588,-0.82716,-3.58309,0.02388,0.00225,0.00013,0.17537,-0.84944,-3.58904,0.02219,0.0035,-2e-05,0.60779,-0.6759,-3.56859,3,38.1206,362.6038,36.0796,179.2517,0.4011,-95.3269,0.0077,23.7629,0.8086
727,000727.png,False,1788873178.502156,1788873178.442157,shear_-X_out,17,-X,0.5,0.04918,-1.13976,-7.69104,0.03433,-0.00355,0.00065,0.02861,-1.16207,-7.69705,0.03264,-0.00231,0.0005,0.66537,-1.08574,-7.6702,3,38.1269,362.4628,35.8985,179.2601,0.3672,-95.3879,0.0029,23.5795,0.992
728,000728.png,False,1788873180.062124,1788873180.002124,shear_-X_back,17,-X,0.0,-0.74994,-0.5988,-5.65122,0.01957,-0.02301,0.00036,-0.77074,-0.62122,-5.65747,0.01787,-0.02175,0.00021,-0.31126,-0.98384,-5.63848,3,37.7985,362.5071,35.9936,179.2612,0.3648,-95.3555,0.0094,23.6776,0.8939
729,000729.png,False,1788873181.818170,1788873181.758170,shear_-Y_back,17,-Y,0.0,-0.13538,-0.76583,-5.31036,0.0237,-0.00708,0.00037,-0.15644,-0.78838,-5.31688,0.022,-0.00581,0.00022,0.30218,-0.81597,-5.296,3,38.0172,362.503,35.9999,179.2511,0.4011,-95.326,0.0098,23.6823,0.8892
730,000730.png,False,1788873182.010283,1788873181.950283,shear_+Y_out,17,+Y,0.5,-0.1195,-0.41895,-5.36144,0.01477,-0.00683,0.00014,-0.1406,-0.44151,-5.368,0.01307,-0.00556,-1e-05,0.14297,-0.50843,-5.35312,3,37.9723,362.6002,35.999,179.2482,0.4129,-95.3317,0.0094,23.6833,0.8882
731,000731.png,False,1788873182.206272,1788873182.146272,shear_+Y_out,17,+Y,0.5,0.10651,0.39228,-6.30282,-0.00521,-0.0019,-3e-05,0.08538,0.3697,-6.3094,-0.00691,-0.00063,-0.00018,-0.06003,0.292,-6.30887,3,37.9048,362.8106,35.9701,179.246,0.4198,-95.3341,0.0017,23.6582,0.9133
732,000732.png,False,1788873182.402314,1788873182.342314,shear_+Y_out,17,+Y,0.5,-0.05472,0.24981,-6.09862,-0.00175,-0.0058,-0.00012,-0.07587,0.22721,-6.10523,-0.00345,-0.00452,-0.00027,-0.12992,0.09132,-6.10191,3,37.8884,362.7761,35.9733,179.2487,0.4104,-95.3354,0.0031,23.661,0.9105
733,000733.png,False,1788873183.574294,1788873183.514294,shear_+Y_back,17,+Y,0.0,-0.08053,0.84893,-5.4398,-0.01719,-0.00598,-6e-05,-0.10186,0.82625,-5.4466,-0.01889,-0.0047,-0.00021,-0.45619,0.60785,-5.45353,3,37.769,362.9643,36.0111,179.2486,0.4113,-95.3341,0.0114,23.7026,0.8689
734,000734.png,False,1788873183.766223,1788873183.706223,shear_+Y_back,17,+Y,0.0,0.07727,-0.38863,-5.07859,0.01366,-0.00165,0.00039,0.0559,-0.41132,-5.08542,0.01196,-0.00036,0.00024,0.29631,-0.37933,-5.07123,3,37.9999,362.6252,36.0122,179.2538,0.3898,-95.3584,0.0055,23.6967,0.8748
735,000735.png,False,1788873184.354304,1788873184.294304,shear_+Y_back,17,+Y,0.0,-0.11044,-0.73583,-5.07586,0.02233,-0.00644,0.00058,-0.13189,-0.75856,-5.08278,0.02062,-0.00515,0.00043,0.30716,-0.77377,-5.06211,3,38.0031,362.5528,36.0155,179.2541,0.3893,-95.3647,0.0068,23.6987,0.8727
736,000736.png,False,1788873185.522406,1788873185.462406,shear_+X_back,18,+X,0.0,0.6675,0.33692,-6.16963,-0.00421,0.01286,0.0003,0.64587,0.3141,-6.17673,-0.00592,0.01416,0.00015,0.45263,0.52649,-6.17587,3,38.0484,362.9419,35.9702,179.2543,0.3895,-95.3573,0.0045,23.6594,0.9121
737,000737.png,False,1788873187.866411,1788873187.806411,shear_-Y_out,18,-Y,0.5,-0.02244,0.9262,-4.02194,-0.01957,-0.00388,-0.00019,-0.04442,0.90321,-4.02941,-0.02129,-0.00256,-0.00034,-0.45431,0.72651,-4.03735,3,37.751,362.9603,36.058,179.2579,0.3789,-95.3325,0.0048,23.7495,0.8219
738,000738.png,False,1788873188.058417,1788873187.998417,shear_-Y_out,18,-Y,0.5,0.07764,0.24819,-6.34654,-0.00201,-0.0025,0.0003,0.05563,0.22519,-6.35404,-0.00373,-0.00117,0.00015,-0.01275,0.15208,-6.35004,3,37.868,362.8383,35.9653,179.2577,0.3774,-95.3407,0.0092,23.6541,0.9174
739,000739.png,False,1788873188.254426,1788873188.194426,shear_-Y_out,18,-Y,0.5,-0.02113,-0.6175,-6.23732,0.01976,-0.00495,0.00058,-0.04317,-0.64051,-6.24485,0.01804,-0.00363,0.00043,0.33345,-0.64527,-6.22562,3,37.9745,362.6271,35.9642,179.2582,0.3761,-95.3379,0.0036,23.6489,0.9226
740,000740.png,False,1788873189.814494,1788873189.754494,shear_-Y_back,18,-Y,0.0,0.00831,-0.83209,-5.65191,0.02523,-0.00382,0.00041,-0.01396,-0.85522,-5.65969,0.02351,-0.00248,0.00027,0.46212,-0.80704,-5.63664,3,38.0467,362.5353,35.9866,179.2564,0.3829,-95.3382,0.0066,23.6694,0.9021
741,000741.png,False,1788873190.010498,1788873189.950498,shear_-Y_back,18,-Y,0.0,0.18135,0.11611,-6.20077,0.00166,0.00019,0.00036,0.15904,0.09297,-6.20857,-6e-05,0.00153,0.00021,0.14206,0.09184,-6.2022,3,37.9437,362.8174,35.9823,179.2502,0.405,-95.3415,0.0012,23.6703,0.9012
742,000742.png,False,1788873190.206495,1788873190.146495,shear_-Y_back,18,-Y,0.0,0.01965,-0.41567,-5.11327,0.01451,-0.00321,0.00041,-0.00269,-0.43882,-5.1211,0.01279,-0.00187,0.00026,0.26015,-0.43209,-5.10532,3,38.0044,362.6184,36.0169,179.2544,0.3893,-95.3606,0.0041,23.7013,0.8702
743,000743.png,False,1788873190.402477,1788873190.342477,shear_-Y_back,18,-Y,0.0,0.34263,0.39296,-4.18248,-0.00615,0.00537,0.0001,0.32027,0.36979,-4.19035,-0.00787,0.00671,-5e-05,0.12945,0.44453,-4.18934,3,37.9481,362.957,36.0846,179.2418,0.4334,-95.3837,0.0015,23.7747,0.7968
744,000744.png,False,1788873191.570539,1788873191.510540,shear_+Y_back,18,+Y,0.0,-0.18444,1.22304,-6.43085,-0.02675,-0.00949,7e-05,-0.20698,1.1998,-6.4389,-0.02848,-0.00814,-8e-05,-0.72624,0.86407,-6.45071,3,37.6812,363.0525,35.9618,179.2418,0.4343,-95.3831,0.002,23.6553,0.9162
745,000745.png,False,1788873192.158564,1788873192.098564,shear_+Y_back,18,+Y,0.0,-0.17888,0.04033,-6.71581,0.00326,-0.00922,0.00038,-0.20151,0.01704,-6.72395,0.00153,-0.00786,0.00023,-0.12854,-0.16203,-6.71513,3,37.8541,362.7433,35.9151,179.237,0.4504,-95.4199,0.0031,23.6025,0.969
746,000746.png,False,1788873192.350457,1788873192.290457,shear_+Y_back,18,+Y,0.0,-0.20011,0.03708,-7.97582,0.00399,-0.01042,0.00043,-0.22277,0.01378,-7.98399,0.00226,-0.00906,0.00029,-0.13657,-0.19564,-7.97484,3,37.8502,362.7579,35.8939,179.2401,0.4388,-95.4238,0.0089,23.5816,0.9899
747,000747.png,False,1788873193.522495,1788873193.462495,shear_+X_back,19,+X,0.0,0.77077,0.45253,-6.92524,-0.00722,0.01508,0.00022,0.74794,0.42915,-6.93359,-0.00895,0.01645,8e-05,0.48957,0.66612,-6.93357,3,38.0383,363.0005,35.926,179.2362,0.4525,-95.4122,0.0098,23.6162,0.9552
748,000748.png,False,1788873193.914489,1788873193.854489,shear_+X_back,19,+X,0.0,0.09812,0.96614,-8.4602,-0.01996,-0.0031,0.00025,0.07523,0.94272,-8.46861,-0.0217,-0.00173,0.0001,-0.33906,0.75025,-8.47586,3,37.8253,362.9567,35.8649,179.2463,0.4183,-95.3943,0.0069,23.5559,1.0156
749,000749.png,False,1788873194.106496,1788873194.046496,shear_-X_out,19,-X,0.5,-0.19105,-0.10615,-7.28784,0.00744,-0.00987,0.00036,-0.21397,-0.12958,-7.29629,0.00571,-0.0085,0.00021,-0.06193,-0.30414,-7.28451,3,37.8836,362.7796,35.8935,179.2496,0.4051,-95.4058,0.0075,23.5813,0.9902
750,000750.png,False,1788873195.082590,1788873195.022590,shear_-X_back,19,-X,0.0,-0.70062,0.40846,-7.18532,-0.0057,-0.02314,0.00015,-0.72369,0.38497,-7.19392,-0.00744,-0.02176,1e-05,-0.76116,-0.11142,-7.18991,3,37.6793,362.7787,35.9073,179.2452,0.4213,-95.4122,0.0047,23.5964,0.9751
751,000751.png,False,1788873195.278588,1788873195.218588,shear_-X_back,19,-X,0.0,0.31429,0.16026,-7.05731,0.00029,0.00302,0.00036,0.2912,0.13675,-7.06594,-0.00145,0.0044,0.00021,0.2411,0.18279,-7.05964,3,37.9243,362.8597,35.9034,179.2425,0.4295,-95.4355,0.01,23.5921,0.9793
752,000752.png,False,1788873195.670535,1788873195.610535,shear_-Y_out,19,-Y,0.5,0.34609,0.64455,-5.6994,-0.01211,0.00444,0.00012,0.32294,0.62101,-5.70808,-0.01385,0.00583,-2e-05,0.01727,0.63986,-5.7104,3,37.9013,362.9558,35.9407,179.2414,0.4332,-95.4396,0.0047,23.6311,0.9403
753,000753.png,False,1788873195.862542,1788873195.802542,shear_-Y_out,19,-Y,0.5,-0.06299,0.41532,-6.66243,-0.00614,-0.00639,0.00014,-0.08618,0.39177,-6.67115,-0.00789,-0.00501,-0.0,-0.21588,0.2215,-6.66849,3,37.8397,362.8722,35.926,179.2394,0.441,-95.4333,0.0063,23.6156,0.9559
754,000754.png,False,1788873196.058546,1788873195.998546,shear_-Y_out,19,-Y,0.5,-0.08916,-0.45099,-6.73223,0.01593,-0.00698,0.00038,-0.11237,-0.47456,-6.74098,0.01419,-0.00559,0.00023,0.19476,-0.54298,-6.7232,3,37.935,362.7116,35.9233,179.238,0.4459,-95.4309,0.0013,23.6097,0.9618
755,000755.png,False,1788873197.618674,1788873197.558674,shear_-Y_back,19,-Y,0.0,-0.30109,0.57765,-7.55486,-0.00944,-0.01295,6e-05,-0.32454,0.55397,-7.56386,-0.01118,-0.01155,-8e-05,-0.49704,0.22882,-7.56313,3,37.783,362.8758,35.9026,179.2339,0.4627,-95.4034,0.0034,23.5926,0.9789
756,000756.png,False,1788873197.814660,1788873197.754660,shear_-Y_back,19,-Y,0.0,-0.13989,-0.1862,-6.50183,0.00922,-0.00835,0.00038,-0.16337,-0.20989,-6.51086,0.00747,-0.00695,0.00023,0.01693,-0.33531,-6.49733,3,37.919,362.6433,35.9252,179.2396,0.4408,-95.4044,0.0051,23.6105,0.961
757,000757.png,False,1788873198.010683,1788873197.950683,shear_+Y_out,19,+Y,0.5,0.13104,0.60525,-7.17715,-0.01038,-0.0016,0.00026,0.10753,0.58154,-7.18621,-0.01213,-0.0002,0.00011,-0.13913,0.47469,-7.18682,3,37.8441,362.9237,35.9102,179.2363,0.4533,-95.4101,0.0017,23.6006,0.9709
758,000758.png,False,1788873198.986722,1788873198.926723,shear_+Y_back,19,+Y,0.0,0.0953,1.1413,-6.73098,-0.02461,-0.00244,0.00013,0.07165,1.11752,-6.74018,-0.02636,-0.00103,-2e-05,-0.441,0.92824,-6.74993,3,37.7762,363.0664,35.9328,179.2333,0.4648,-95.4047,0.0001,23.6259,0.9456
759,000759.png,False,1788873199.374721,1788873199.314721,shear_+Y_back,19,+Y,0.0,0.43981,0.76829,-4.86011,-0.01561,0.00725,1e-05,0.4161,0.74449,-4.86938,-0.01736,0.00866,-0.00013,0.03081,0.8073,-4.87357,3,37.9091,363.0434,36.0092,179.226,0.4896,-95.4347,0.0039,23.701,0.8705
760,000760.png,False,1788873199.570787,1788873199.510787,shear_+Y_back,19,+Y,0.0,0.08537,-0.03243,-8.14845,0.00606,-0.00326,0.00036,0.06163,-0.05625,-8.15775,0.00431,-0.00185,0.00022,0.14665,-0.11596,-8.14682,2,37.9483,362.7397,35.8101,179.2399,0.4371,-95.4416,0.0016,23.4968,1.0747
761,000761.png,False,1788873200.934799,1788873200.874799,shear_+X_back,20,+X,0.0,0.75133,0.17384,-6.87044,0.00011,0.01451,0.0004,0.72738,0.14992,-6.87995,-0.00164,0.01594,0.00026,0.61159,0.41591,-6.87391,2,38.0838,362.9285,35.9142,179.2352,0.4554,-95.4351,0.0026,23.6029,0.9686
762,000762.png,False,1788873201.522795,1788873201.462795,shear_-X_out,20,-X,0.5,0.15505,-0.59528,-8.48051,0.02056,-0.00141,0.00042,0.13102,-0.61924,-8.49011,0.01881,2e-05,0.00028,0.49052,-0.57393,-8.46921,3,38.0426,362.714,35.8571,179.2439,0.4215,-95.5005,0.002,23.5427,1.0288
763,000763.png,False,1788873203.278859,1788873203.218859,shear_-Y_out,20,-Y,0.5,-0.13894,0.82359,-5.67085,-0.01676,-0.00811,-0.00016,-0.16325,0.79951,-5.68072,-0.01852,-0.00667,-0.0003,-0.49252,0.55302,-5.68399,3,37.7507,362.9114,35.9413,179.2427,0.4271,-95.4718,0.0043,23.6321,0.9394
764,000764.png,False,1788873204.446774,1788873204.386775,shear_-Y_back,20,-Y,0.0,0.11458,-0.95917,-7.68861,0.02965,-0.00237,0.00054,0.0901,-0.98334,-7.69867,0.02789,-0.00092,0.0004,0.63178,-0.89662,-7.67104,3,38.0782,362.542,35.8655,179.2417,0.4297,-95.4753,0.0058,23.5481,1.0233
765,000765.png,False,1788873204.642900,1788873204.582900,shear_-Y_back,20,-Y,0.0,-0.07312,-0.20112,-6.85737,0.0098,-0.00686,0.00012,-0.09763,-0.2253,-6.86745,0.00804,-0.00541,-2e-05,0.08468,-0.32057,-6.85269,3,37.9563,362.6484,35.9004,179.2392,0.4394,-95.4581,0.0034,23.5855,0.986
766,000766.png,False,1788873204.838919,1788873204.778919,shear_-Y_back,20,-Y,0.0,-0.03416,-0.31437,-5.50401,0.01221,-0.00518,8e-05,-0.0587,-0.33857,-5.51413,0.01044,-0.00372,-6e-05,0.16563,-0.37751,-5.49765,3,37.9547,362.722,35.9663,179.2356,0.4533,-95.4597,0.0017,23.6526,0.9189
767,000767.png,False,1788873205.034918,1788873204.974918,shear_+Y_out,20,+Y,0.5,0.18013,0.24187,-8.36706,-0.00106,-0.00123,0.00021,0.15556,0.21766,-8.37721,-0.00283,0.00023,7e-05,0.09319,0.16545,-8.37034,3,37.9448,362.781,35.8416,179.2387,0.4413,-95.4599,0.0041,23.529,1.0425
768,000768.png,False,1788873206.006855,1788873205.946855,shear_+Y_back,20,+Y,0.0,0.08096,0.84581,-6.89418,-0.01704,-0.0031,-0.00015,0.05625,0.82153,-6.90448,-0.01881,-0.00163,-0.00029,-0.30466,0.66255,-6.90795,3,37.8192,362.9805,35.9071,179.2365,0.4505,-95.4616,0.0047,23.5986,0.9729
769,000769.png,False,1788873206.398932,1788873206.338933,shear_+Y_back,20,+Y,0.0,-0.04129,0.80543,-4.77825,-0.01644,-0.0051,-9e-05,-0.06606,0.78112,-4.78861,-0.01821,-0.00362,-0.00023,-0.40505,0.60039,-4.7914,3,37.7972,362.923,35.9811,179.2323,0.4653,-95.443,0.0063,23.6718,0.8997
770,000770.png,False,1788873206.594974,1788873206.534974,shear_+Y_back,20,+Y,0.0,-0.18706,-0.27138,-8.61128,0.012,-0.01099,0.00048,-0.21186,-0.2957,-8.62167,0.01023,-0.00951,0.00035,0.03325,-0.46644,-8.60489,3,37.9026,362.6891,35.8244,179.2423,0.429,-95.4322,0.0005,23.5106,1.0609
771,000771.png,False,1788873206.790940,1788873206.730940,shear_+Y_back,20,+Y,0.0,0.08645,-0.18715,-8.53811,0.00999,-0.00376,0.00034,0.06162,-0.21149,-8.54853,0.00822,-0.00229,0.0002,0.22759,-0.25566,-8.53373,3,37.9485,362.7323,35.8394,179.2427,0.4277,-95.44,0.0051,23.526,1.0455
772,000772.png,False,1788873210.299001,1788873210.239001,shear_-Y_out,21,-Y,0.5,-0.10483,0.99718,-6.92041,-0.02074,-0.00796,-0.00032,-0.13019,0.97259,-6.93138,-0.02252,-0.00645,-0.00046,-0.54104,0.70039,-6.93643,3,37.7508,362.9431,35.8749,179.2477,0.4089,-95.4896,0.0032,23.5662,1.0053
773,000773.png,False,1788873211.471056,1788873211.411056,shear_-Y_back,21,-Y,0.0,0.26673,-0.81119,-7.96215,0.02592,0.00145,0.00043,0.24119,-0.83586,-7.9733,0.02413,0.00296,0.0003,0.69153,-0.69681,-7.9474,2,38.096,362.608,35.8365,179.2458,0.4151,-95.4948,0.0028,23.5201,1.0514
774,000774.png,False,1788873211.667056,1788873211.607056,shear_-Y_back,21,-Y,0.0,0.20551,0.07223,-7.08961,0.00308,3e-05,0.00013,0.17994,0.04755,-7.10079,0.0013,0.00154,-1e-05,0.19108,0.05168,-7.09019,3,37.9822,362.7638,35.874,179.242,0.4287,-95.4836,0.0,23.5608,1.0107
775,000775.png,False,1788873212.055067,1788873211.995067,shear_+Y_out,21,+Y,0.5,0.37835,0.44377,-8.13152,-0.00627,0.00405,0.00018,0.35273,0.41906,-8.14277,-0.00806,0.00557,5e-05,0.16239,0.44313,-8.13873,3,37.9629,362.9004,35.8387,179.2398,0.4376,-95.4838,0.0097,23.5278,1.0436
776,000776.png,False,1788873213.031099,1788873212.971099,shear_+Y_back,21,+Y,0.0,0.18302,0.97908,-8.00799,-0.02023,-0.00095,-0.0002,0.15725,0.9543,-8.01939,-0.02202,0.00058,-0.00034,-0.27512,0.81112,-8.02411,2,37.8377,363.0195,35.8429,179.2411,0.4321,-95.487,0.0014,23.5348,1.0367
777,000777.png,False,1788873213.423109,1788873213.363109,shear_+Y_back,21,+Y,0.0,0.06289,0.98081,-6.84852,-0.02056,-0.00353,-0.0002,0.03706,0.956,-6.85998,-0.02235,-0.002,-0.00034,-0.38808,0.77117,-6.86461,3,37.8103,362.9833,35.8924,179.2365,0.4497,-95.4716,0.0043,23.584,0.9875
778,000778.png,False,1788873213.811086,1788873213.751086,shear_+Y_back,21,+Y,0.0,0.17456,-0.11917,-9.39266,0.00859,-0.00181,0.00041,0.14868,-0.144,-9.40418,0.0068,-0.00028,0.00028,0.27587,-0.16644,-9.38951,3,37.9687,362.7683,35.7888,179.2456,0.4151,-95.4733,0.0005,23.4758,1.0957
779,000779.png,False,1788873214.983139,1788873214.923139,shear_+X_back,22,+X,0.0,0.86107,0.17031,-8.85715,0.00099,0.01645,0.0006,0.83501,0.14539,-8.86885,-0.00081,0.01799,0.00046,0.72219,0.43587,-8.86047,3,38.1041,362.9177,35.799,179.2447,0.4189,-95.4642,0.0033,23.4874,1.0841
780,000780.png,False,1788873217.323203,1788873217.263203,shear_-Y_out,22,-Y,0.5,-0.20738,0.85444,-7.2055,-0.01699,-0.01087,-0.00012,-0.2338,0.82935,-7.21757,-0.01879,-0.00931,-0.00026,-0.55658,0.52096,-7.21881,3,37.7452,362.9364,35.8479,179.2455,0.4159,-95.4916,0.0068,23.5391,1.0324
781,000781.png,False,1788873218.495228,1788873218.435228,shear_-Y_back,22,-Y,0.0,0.15453,-0.91012,-9.03399,0.02912,-0.00222,0.00067,0.12793,-0.93529,-9.04624,0.02732,-0.00065,0.00053,0.6512,-0.85573,-9.01714,2,38.0742,362.5669,35.7737,179.246,0.4121,-95.5005,0.0073,23.4568,1.1147
782,000782.png,False,1788873218.883250,1788873218.823251,shear_-Y_back,22,-Y,0.0,0.07495,-0.17521,-8.28491,0.00991,-0.00385,0.00035,0.04829,-0.20041,-8.29722,0.0081,-0.00228,0.00022,0.2099,-0.24701,-8.28076,3,37.9781,362.6871,35.804,179.2473,0.4093,-95.49,0.0044,23.4896,1.0819
783,000783.png,False,1788873220.055302,1788873219.995302,shear_+Y_back,22,+Y,0.0,0.19062,1.12122,-9.00876,-0.02363,-0.00146,-7e-05,0.16379,1.09594,-9.02126,-0.02544,0.00012,-0.0002,-0.33261,0.92199,-9.02721,3,37.8191,363.0329,35.7811,179.2455,0.4156,-95.4931,0.0008,23.4734,1.0981
784,000784.png,False,1788873220.447297,1788873220.387297,shear_+Y_back,22,+Y,0.0,-0.06871,1.15475,-8.57996,-0.02452,-0.00803,-4e-05,-0.0956,1.12944,-8.59252,-0.02633,-0.00644,-0.00017,-0.57698,0.82832,-8.59854,3,37.7623,363.0073,35.7845,179.2451,0.4191,-95.46,0.0032,23.4768,1.0947
785,000785.png,False,1788873220.639321,1788873220.579321,shear_+Y_back,22,+Y,0.0,-0.16242,-0.13153,-7.78492,0.00815,-0.00982,0.00013,-0.18933,-0.15685,-7.7975,0.00634,-0.00824,-1e-05,-0.021,-0.31977,-7.78113,3,37.9229,362.6922,35.8045,179.2492,0.4034,-95.4502,0.0005,23.4906,1.0808
786,000786.png,False,1788873222.591259,1788873222.531259,shear_+X_back,23,+X,0.0,0.36142,-0.88397,-8.47331,0.02787,0.00366,0.00072,0.33421,-0.90943,-8.4862,0.02605,0.00526,0.00058,0.81346,-0.72073,-8.45741,3,38.1302,362.6688,35.783,179.2549,0.379,-95.5457,0.0043,23.4673,1.1042
787,000787.png,False,1788873224.347389,1788873224.287390,shear_-Y_out,23,-Y,0.5,-0.23966,0.83294,-9.47819,-0.01572,-0.01314,-6e-05,-0.26713,0.80735,-9.49135,-0.01754,-0.01153,-0.00019,-0.55804,0.4498,-9.49071,2,37.7563,362.8885,35.7455,179.2527,0.3895,-95.5044,0.0073,23.436,1.1355
788,000788.png,False,1788873225.519423,1788873225.459423,shear_-Y_back,23,-Y,0.0,0.19063,-1.06902,-8.89083,0.03315,-0.00138,0.00091,0.16298,-1.09469,-8.90418,0.03132,0.00024,0.00078,0.76087,-0.97301,-8.87132,3,38.106,362.5336,35.7681,179.2523,0.3901,-95.5107,0.007,23.4504,1.1211
789,000789.png,False,1788873225.711472,1788873225.651472,shear_-Y_back,23,-Y,0.0,0.06151,-0.35081,-8.11668,0.01434,-0.00432,0.00027,0.03383,-0.37649,-8.13005,0.01252,-0.00269,0.00014,0.28483,-0.40311,-8.10948,3,38.0036,362.6569,35.794,179.2488,0.4035,-95.5042,0.0015,23.479,1.0925
790,000790.png,False,1788873225.907449,1788873225.847449,shear_-Y_back,23,-Y,0.0,0.01964,-0.51884,-6.79244,0.01823,-0.00448,0.00029,-0.00807,-0.54454,-6.80584,0.0164,-0.00286,0.00016,0.32333,-0.54834,-6.78244,2,38.0038,362.6672,35.8495,179.2463,0.4132,-95.5024,0.0111,23.5347,1.0368
791,000791.png,False,1788873226.103444,1788873226.043444,shear_+Y_out,23,+Y,0.5,0.31988,0.23784,-9.44534,-0.00034,0.00177,0.00013,0.29214,0.21212,-9.45878,-0.00216,0.00339,-1e-05,0.22374,0.21451,-9.44867,3,37.9888,362.7529,35.7364,179.2492,0.4027,-95.5029,0.0002,23.423,1.1485
792,000792.png,False,1788873227.079488,1788873227.019488,shear_+Y_back,23,+Y,0.0,0.14178,0.82744,-9.33429,-0.01573,-0.00292,9e-05,0.11389,0.80166,-9.34788,-0.01756,-0.00128,-4e-05,-0.22589,0.63794,-9.3475,3,37.8536,362.9505,35.7567,179.2495,0.4008,-95.5083,0.0083,23.4474,1.1241
793,000793.png,False,1788873227.467481,1788873227.407481,shear_+Y_back,23,+Y,0.0,-0.03401,0.90202,-8.44874,-0.01809,-0.00727,-6e-05,-0.06196,0.87621,-8.46239,-0.01992,-0.00564,-0.00019,-0.42156,0.62888,-8.46302,2,37.8192,362.8982,35.7806,179.2483,0.4057,-95.4913,0.0082,23.4707,1.1008
794,000794.png,False,1788873227.663486,1788873227.603486,shear_+Y_back,23,+Y,0.0,-0.1454,-0.48544,-9.93102,0.01838,-0.01085,0.00057,-0.17338,-0.51126,-9.9447,0.01655,-0.00921,0.00044,0.18543,-0.65216,-9.9208,3,37.9517,362.6487,35.7142,179.2549,0.3818,-95.4852,0.0074,23.3995,1.172
795,000795.png,False,1788873229.031534,1788873228.971534,shear_+X_back,24,+X,0.0,0.8407,0.42718,-10.16131,-0.00523,0.01479,0.00022,0.81252,0.40126,-10.1752,-0.00706,0.01644,9e-05,0.58524,0.62727,-10.16885,2,38.0572,362.9489,35.7159,179.2525,0.3908,-95.4752,0.0034,23.4052,1.1663
796,000796.png,False,1788873229.419529,1788873229.359529,shear_+X_back,24,+X,0.0,0.21526,1.19491,-12.46122,-0.02434,-0.00276,-0.00012,0.18702,1.16896,-12.47518,-0.02617,-0.0011,-0.00025,-0.32415,0.94282,-12.48047,3,37.8524,362.9834,35.6448,179.259,0.3707,-95.4673,0.0074,23.3361,1.2354
797,000797.png,False,1788873230.979497,1788873230.919497,shear_-X_back,24,-X,0.0,0.27856,0.49125,-12.25197,-0.00607,-0.00147,0.00022,0.25008,0.46519,-12.26617,-0.00791,0.0002,9e-05,0.08079,0.36838,-12.25918,3,37.8946,362.8839,35.651,179.26,0.3641,-95.5048,0.0069,23.3404,1.2311
798,000798.png,False,1788873231.371619,1788873231.311619,shear_-Y_out,24,-Y,0.5,0.19183,0.98404,-9.9024,-0.01933,-0.00233,-0.00012,0.1633,0.95795,-9.91665,-0.02117,-0.00066,-0.00025,-0.25683,0.78947,-9.91833,3,37.8256,362.9689,35.7082,179.2605,0.3622,-95.4947,0.0041,23.3994,1.1721
799,000799.png,False,1788873231.759594,1788873231.699594,shear_-Y_out,24,-Y,0.5,0.06079,-0.6979,-9.91723,0.02408,-0.00538,0.00044,0.0322,-0.72401,-9.93155,0.02224,-0.00371,0.00031,0.4701,-0.73291,-9.90374,3,38.0007,362.6285,35.7118,179.2603,0.3621,-95.4958,0.004,23.3964,1.1751
800,000800.png,False,1788873231.955593,1788873231.895593,shear_-Y_out,24,-Y,0.5,0.15808,-0.42268,-9.68205,0.01694,-0.00274,0.00031,0.12946,-0.44881,-9.6964,0.01509,-0.00107,0.00018,0.41524,-0.44218,-9.67356,3,37.9903,362.6914,35.7171,179.2585,0.3683,-95.4974,0.0092,23.4027,1.1688
801,000801.png,False,1788873233.127645,1788873233.067646,shear_-Y_back,24,-Y,0.0,0.123,-0.9207,-9.2495,0.02968,-0.00354,0.00038,0.0942,-0.94692,-9.26403,0.02784,-0.00186,0.00025,0.63067,-0.8841,-9.23237,3,38.0636,362.5627,35.7315,179.2583,0.3704,-95.4967,0.0053,23.4146,1.1569
802,000802.png,False,1788873234.883714,1788873234.823714,shear_+Y_back,24,+Y,0.0,-0.12307,1.40703,-10.7763,-0.03054,-0.01102,7e-05,-0.15214,1.38069,-10.79111,-0.03239,-0.00932,-6e-05,-0.73488,0.98446,-10.79881,3,37.7138,363.0403,35.683,179.2507,0.3971,-95.5625,0.0058,23.3762,1.1953
803,000803.png,False,1788873235.271700,1788873235.211700,shear_+Y_back,24,+Y,0.0,0.04551,1.11759,-11.83494,-0.02294,-0.00715,1e-05,0.01639,1.09122,-11.84981,-0.0248,-0.00545,-0.00012,-0.43691,0.80107,-11.85261,3,37.7914,362.9546,35.65,179.2522,0.3904,-95.5805,0.0063,23.3413,1.2302
804,000804.png,False,1788873235.467699,1788873235.407699,shear_+Y_back,24,+Y,0.0,-0.23092,0.00388,-9.54077,0.00562,-0.01298,0.00012,-0.26007,-0.0225,-9.55567,0.00377,-0.01127,-1e-05,-0.13582,-0.26485,-9.53892,3,37.8503,362.7582,35.7135,179.2536,0.3845,-95.5835,0.0062,23.4012,1.1703
805,000805.png,False,1788873237.419796,1788873237.359797,shear_-X_out,25,-X,0.5,0.29019,-1.11334,-11.26069,0.03581,0.00036,0.00042,0.26075,-1.13986,-11.2759,0.03395,0.00208,0.00029,0.88569,-0.99961,-11.24025,3,38.1282,362.6105,35.6723,179.2589,0.3634,-95.6483,0.0025,23.3557,1.2157
806,000806.png,False,1788873240.343867,1788873240.283867,shear_-Y_back,25,-Y,0.0,0.12046,-1.38048,-9.59883,0.0421,-0.00378,0.00059,0.09057,-1.40721,-9.61449,0.04024,-0.00204,0.00046,0.86061,-1.28916,-9.57367,3,38.1261,362.4415,35.7108,179.2564,0.3732,-95.6148,0.0075,23.3915,1.18
807,000807.png,False,1788873240.735765,1788873240.675766,shear_-Y_back,25,-Y,0.0,-0.11559,-0.8873,-7.24134,0.02788,-0.0087,0.00025,-0.14553,-0.91406,-7.25707,0.02602,-0.00695,0.00012,0.3934,-0.94222,-7.22462,3,38.0184,362.5572,35.7993,179.2516,0.391,-95.6027,0.0023,23.4826,1.0889
808,000808.png,False,1788873240.931770,1788873240.871770,shear_+Y_out,25,+Y,0.5,0.26118,0.0897,-9.43305,0.00374,-0.00018,6e-05,0.2312,0.06293,-9.4488,0.00188,0.00157,-6e-05,0.24682,0.05708,-9.43369,3,37.9823,362.7593,35.7267,179.2467,0.4088,-95.6029,0.0083,23.4135,1.158
809,000809.png,False,1788873241.907795,1788873241.847795,shear_+Y_back,25,+Y,0.0,0.06053,0.61123,-9.82282,-0.0098,-0.0057,4e-05,0.03041,0.58439,-9.83873,-0.01167,-0.00394,-9e-05,-0.18486,0.40226,-9.83205,3,37.866,362.8666,35.7086,179.2504,0.3954,-95.6062,0.0037,23.398,1.1735
810,000810.png,False,1788873242.099929,1788873242.039929,shear_+Y_back,25,+Y,0.0,-0.08037,-0.34405,-9.99891,0.01522,-0.00934,0.00022,-0.11052,-0.37091,-10.01484,0.01335,-0.00759,9e-05,0.1716,-0.4983,-9.99126,3,37.9383,362.696,35.706,179.254,0.3829,-95.6107,0.0063,23.3921,1.1794
811,000811.png,False,1788873242.687926,1788873242.627926,shear_+Y_back,25,+Y,0.0,0.01395,-0.6748,-11.34971,0.02465,-0.00758,0.00068,-0.01629,-0.70169,-11.36573,0.02278,-0.00582,0.00055,0.42791,-0.75926,-11.33631,3,38.0021,362.5895,35.6524,179.2558,0.3759,-95.5994,0.0041,23.3364,1.2351
812,000812.png,False,1788873243.855958,1788873243.795958,shear_+X_back,26,+X,0.0,0.89683,0.33978,-10.24356,-0.00259,0.01627,0.00053,0.86642,0.31279,-10.25977,-0.00447,0.01804,0.0004,0.6781,0.5783,-10.24968,3,38.0792,362.9182,35.6895,179.2526,0.388,-95.5879,0.0059,23.3782,1.1933
813,000813.png,False,1788873244.247866,1788873244.187866,shear_+X_back,26,+X,0.0,0.41051,0.86223,-12.49412,-0.01536,0.00229,5e-05,0.38004,0.83522,-12.51039,-0.01724,0.00407,-8e-05,0.01142,0.75173,-12.50799,2,37.9388,362.9032,35.6175,179.2589,0.3675,-95.5998,0.0005,23.3069,1.2646
814,000814.png,False,1788873246.200035,1788873246.140035,shear_-Y_out,26,-Y,0.5,-0.22266,1.27611,-10.90838,-0.02684,-0.01421,-0.00053,-0.25342,1.24897,-10.92495,-0.02872,-0.01242,-0.00065,-0.75482,0.81921,-10.9284,3,37.7075,362.9285,35.6565,179.2589,0.3676,-95.5742,0.0042,23.3479,1.2236
815,000815.png,False,1788873247.368052,1788873247.308053,shear_-Y_back,26,-Y,0.0,0.25032,-0.83227,-10.0813,0.02788,-0.00084,0.00052,0.21938,-0.8595,-10.09805,0.026,0.00096,0.0004,0.70254,-0.75721,-10.06583,3,38.0713,362.5992,35.6843,179.2584,0.3686,-95.5802,0.0041,23.3679,1.2036
816,000816.png,False,1788873247.564075,1788873247.504075,shear_-Y_back,26,-Y,0.0,0.18174,0.19112,-9.14963,0.00124,-0.00224,0.00032,0.15077,0.16388,-9.16642,-0.00065,-0.00044,0.00019,0.12537,0.10977,-9.15192,3,37.9553,362.7785,35.7338,179.2527,0.3895,-95.5755,0.0107,23.4211,1.1504
817,000817.png,False,1788873248.928003,1788873248.868003,shear_+Y_back,26,+Y,0.0,0.15765,1.20587,-10.29042,-0.02524,-0.00375,-0.00027,0.12648,1.17853,-10.30742,-0.02713,-0.00194,-0.00039,-0.39458,0.9583,-10.31008,3,37.8029,363.0224,35.6844,179.2531,0.3883,-95.5783,0.0037,23.3766,1.1948
818,000818.png,False,1788873249.320072,1788873249.260072,shear_+Y_back,26,+Y,0.0,0.0376,1.08166,-8.50237,-0.02205,-0.00574,-6e-05,0.00636,1.05429,-8.51943,-0.02394,-0.00393,-0.00018,-0.44891,0.81939,-8.51991,3,37.7862,363.0044,35.7555,179.253,0.3897,-95.5661,0.0111,23.4476,1.1239
819,000819.png,False,1788873249.516108,1788873249.456108,shear_+Y_back,26,+Y,0.0,-0.31824,-0.04318,-10.54893,0.00741,-0.0162,0.00017,-0.34951,-0.07057,-10.56602,0.00552,-0.01438,4e-05,-0.18096,-0.3654,-10.54594,3,37.8619,362.6721,35.64,179.2569,0.3757,-95.5476,0.0029,23.3262,1.2453
820,000820.png,False,1788873254.392250,1788873254.332250,shear_-Y_back,27,-Y,0.0,0.32492,-0.87433,-11.40994,0.0299,0.00048,0.0006,0.29292,-0.90207,-11.4278,0.02799,0.00233,0.00048,0.79739,-0.77766,-11.3937,3,38.0905,362.6069,35.623,179.2558,0.3783,-95.5794,0.0089,23.3066,1.2649
821,000821.png,False,1788873254.588162,1788873254.528162,shear_-Y_back,27,-Y,0.0,0.24516,0.12344,-10.46583,0.00345,-0.00132,0.00028,0.21313,0.0957,-10.48371,0.00155,0.00053,0.00016,0.22324,0.06176,-10.46687,3,37.9745,362.7851,35.6585,179.2534,0.3885,-95.5668,0.0077,23.3457,1.2257
822,000822.png,False,1788873255.952204,1788873255.892204,shear_+Y_back,27,+Y,0.0,0.26496,1.31246,-11.1134,-0.0276,-0.00104,-0.0,0.23273,1.28462,-11.1315,-0.02951,0.00083,-0.00012,-0.34917,1.09106,-11.135,3,37.821,363.0515,35.6403,179.2511,0.3967,-95.5679,0.0033,23.3329,1.2386
823,000823.png,False,1788873256.344212,1788873256.284212,shear_+Y_back,27,+Y,0.0,0.0635,1.32053,-11.92508,-0.02773,-0.0069,-0.00019,0.03121,1.29266,-11.94324,-0.02964,-0.00503,-0.00031,-0.52209,0.98438,-11.94629,3,37.7883,362.9928,35.6155,179.2534,0.39,-95.5474,0.0034,23.3074,1.2641
824,000824.png,False,1788873256.536304,1788873256.476305,shear_+Y_back,27,+Y,0.0,0.04214,-0.15205,-10.18164,0.01012,-0.00646,0.00042,0.00982,-0.17993,-10.19982,0.00821,-0.00459,0.0003,0.18306,-0.27372,-10.17753,3,37.9386,362.7294,35.6573,179.2574,0.3755,-95.545,0.0046,23.344,1.2275
825,000825.png,False,1788873256.732361,1788873256.672361,shear_+Y_back,27,+Y,0.0,0.20865,-0.04088,-11.52579,0.00784,-0.00278,0.00049,0.1763,-0.06878,-11.54401,0.00593,-0.00091,0.00037,0.28106,-0.11578,-11.52375,3,37.9536,362.7884,35.6251,179.2566,0.3776,-95.55,0.0005,23.3126,1.2589
826,000826.png,False,1788873260.244417,1788873260.184417,shear_-Y_out,28,-Y,0.5,-0.15278,1.00558,-12.71915,-0.01903,-0.01343,-0.00019,-0.18566,0.97743,-12.73791,-0.02095,-0.01153,-0.00031,-0.54657,0.59082,-12.73434,3,37.7747,362.8744,35.5797,179.2635,0.3534,-95.5678,0.0083,23.2698,1.3017
827,000827.png,False,1788873261.416450,1788873261.356450,shear_-Y_back,28,-Y,0.0,0.1736,-1.14187,-10.97044,0.0369,-0.00328,0.00063,0.14055,-1.1701,-10.98939,0.03497,-0.00137,0.00051,0.79694,-1.07793,-10.94932,3,38.0954,362.5228,35.6291,179.2621,0.3557,-95.5748,0.0073,23.3113,1.2602
828,000828.png,False,1788873261.804473,1788873261.744473,shear_-Y_back,28,-Y,0.0,-0.05206,-0.65251,-8.48165,0.02276,-0.00795,0.00017,-0.08518,-0.68077,-8.50066,0.02083,-0.00604,5e-05,0.33971,-0.727,-8.46894,3,37.9927,362.6437,35.7165,179.259,0.3687,-95.5598,0.0086,23.4014,1.1701
829,000829.png,False,1788873262.000461,1788873261.940461,shear_+Y_out,28,+Y,0.5,0.30866,0.28072,-11.01171,-0.00043,0.00012,0.00027,0.27551,0.25245,-11.03075,-0.00236,0.00204,0.00015,0.20345,0.22096,-11.01552,3,37.9685,362.7785,35.6332,179.2554,0.3805,-95.5609,0.0006,23.3204,1.2511
830,000830.png,False,1788873262.976501,1788873262.916502,shear_+Y_back,28,+Y,0.0,0.2062,1.0536,-11.31531,-0.02064,-0.00269,-0.00035,0.1729,1.02525,-11.3345,-0.02257,-0.00077,-0.00047,-0.26935,0.83426,-11.33227,3,37.8441,362.9763,35.6242,179.259,0.3694,-95.5639,0.0062,23.3155,1.256
831,000831.png,False,1788873263.368496,1788873263.308496,shear_+Y_back,28,+Y,0.0,-0.11762,0.92856,-12.79073,-0.01703,-0.0122,3e-05,-0.15097,0.90018,-12.80998,-0.01896,-0.01027,-9e-05,-0.47713,0.54054,-12.80465,3,37.8032,362.8975,35.5799,179.2619,0.3598,-95.5361,0.0052,23.2701,1.3014
832,000832.png,False,1788873263.560497,1788873263.500497,shear_+Y_back,28,+Y,0.0,-0.17774,-0.27354,-10.41626,0.01353,-0.01228,0.00029,-0.21112,-0.30192,-10.43554,0.0116,-0.01035,0.00018,0.05492,-0.49257,-10.40957,3,37.9235,362.6877,35.6395,179.2654,0.3472,-95.5276,0.0089,23.3256,1.2459
833,000833.png,False,1788873268.440650,1788873268.380650,shear_-Y_back,29,-Y,0.0,0.34638,-0.91495,-10.7215,0.03087,0.00147,0.00064,0.31226,-0.94368,-10.74155,0.02892,0.00344,0.00052,0.8315,-0.79108,-10.7047,3,38.1065,362.5999,35.6357,179.2576,0.3731,-95.5672,0.0072,23.3191,1.2524
834,000834.png,False,1788873268.632659,1788873268.572659,shear_-Y_back,29,-Y,0.0,0.24962,0.06984,-10.46554,0.00497,-0.00117,0.0004,0.21547,0.04109,-10.48561,0.00303,0.00079,0.00029,0.25388,0.01757,-10.46566,3,37.9844,362.7822,35.6481,179.2561,0.3799,-95.5539,0.0101,23.3353,1.2362
835,000835.png,False,1788873269.024669,1788873268.964669,shear_+Y_out,29,+Y,0.5,0.43893,0.3754,-9.90561,-0.00296,0.00399,0.00037,0.40472,0.34662,-9.92575,-0.00491,0.00596,0.00025,0.26132,0.38576,-9.91149,3,37.9794,362.8703,35.674,179.2613,0.3606,-95.5559,0.006,23.3626,1.2089
836,000836.png,False,1788873270.000691,1788873269.940691,shear_+Y_back,29,+Y,0.0,0.24533,1.11889,-10.56101,-0.02256,-0.00137,0.00023,0.21098,1.09004,-10.5813,-0.02451,0.00061,0.00011,-0.27329,0.92244,-10.57929,3,37.8429,363.0117,35.6497,179.2572,0.3759,-95.5598,0.0081,23.3415,1.23
837,000837.png,False,1788873270.388705,1788873270.328705,shear_+Y_back,29,+Y,0.0,0.04194,1.13079,-10.17374,-0.02335,-0.00671,-0.00011,0.00753,1.10192,-10.19409,-0.0253,-0.00473,-0.00023,-0.45811,0.83733,-10.19188,3,37.801,362.9901,35.6564,179.257,0.3771,-95.5431,0.0049,23.3481,1.2234
838,000838.png,False,1788873270.584750,1788873270.524750,shear_+Y_back,29,+Y,0.0,-0.00887,-0.27503,-9.20532,0.01289,-0.00733,0.00036,-0.04331,-0.30392,-9.2257,0.01094,-0.00535,0.00024,0.19355,-0.39009,-9.19913,3,37.9619,362.7021,35.6805,179.2625,0.3571,-95.5441,0.0071,23.3665,1.205
839,000839.png,False,1788873270.780760,1788873270.720760,shear_+Y_back,29,+Y,0.0,0.20126,-0.13385,-10.17072,0.00974,-0.00238,0.00046,0.16679,-0.16275,-10.19113,0.00779,-0.0004,0.00035,0.31172,-0.17828,-10.16725,3,37.969,362.7655,35.6587,179.2605,0.3627,-95.5478,0.0018,23.3457,1.2258
840,000840.png,False,1788873271.948792,1788873271.888792,shear_+X_back,30,+X,0.0,0.96288,0.21728,-10.36142,0.0007,0.01773,0.00043,0.92823,0.18829,-10.38201,-0.00126,0.01973,0.00031,0.79733,0.50332,-10.36553,3,38.1017,362.9195,35.6515,179.2605,0.3633,-95.5387,0.0077,23.34,1.2315
841,000841.png,False,1788873275.460769,1788873275.400769,shear_-Y_back,30,-Y,0.0,0.2356,-0.96258,-9.68075,0.03131,-0.00112,0.00049,0.20043,-0.99182,-9.70189,0.02935,0.00091,0.00037,0.75212,-0.87101,-9.66306,3,38.0865,362.5764,35.6722,179.2666,0.3412,-95.5517,0.0162,23.3553,1.2162
842,000842.png,False,1788873276.048866,1788873275.988866,shear_+Y_out,30,+Y,0.5,0.3677,0.34831,-10.05825,-0.00268,0.0021,0.00032,0.33243,0.31903,-10.07948,-0.00464,0.00413,0.0002,0.21421,0.32426,-10.06349,3,37.9677,362.8232,35.6697,179.2617,0.3595,-95.5396,0.0046,23.3577,1.2138
843,000843.png,False,1788873277.024812,1788873276.964813,shear_+Y_back,30,+Y,0.0,0.14833,1.11301,-10.29398,-0.02253,-0.00387,7e-05,0.11292,1.08366,-10.31537,-0.0245,-0.00184,-4e-05,-0.35623,0.87316,-10.31201,3,37.8179,363.004,35.6633,179.2636,0.3537,-95.5424,0.0018,23.3552,1.2163
844,000844.png,False,1788873277.412826,1788873277.352826,shear_+Y_back,30,+Y,0.0,-0.09987,0.95504,-9.62658,-0.01853,-0.01002,-0.00024,-0.13534,0.92567,-9.64802,-0.0205,-0.00798,-0.00035,-0.49693,0.62303,-9.64147,3,37.7931,362.9434,35.6611,179.2631,0.3563,-95.5287,0.0079,23.3522,1.2193
845,000845.png,False,1788873277.608830,1788873277.548831,shear_+Y_back,30,+Y,0.0,0.03529,-0.34741,-9.9677,0.01513,-0.0066,0.00044,-0.00021,-0.3768,-9.98917,0.01316,-0.00456,0.00033,0.27324,-0.44292,-9.96022,3,37.9354,362.7455,35.6811,179.2655,0.3475,-95.5306,0.0013,23.368,1.2035
846,000846.png,False,1788873282.485086,1788873282.425086,shear_-Y_back,31,-Y,0.0,0.3317,-0.83269,-10.34782,0.02827,0.00107,0.00075,0.29547,-0.86243,-10.37005,0.02628,0.00315,0.00064,0.77509,-0.72119,-10.33246,3,38.086,362.6232,35.6447,179.2675,0.3387,-95.5563,0.01,23.3286,1.2428
847,000847.png,False,1788873282.681110,1788873282.621110,shear_-Y_back,31,-Y,0.0,0.13762,-0.06585,-9.26475,0.00776,-0.00359,0.00065,0.10136,-0.0956,-9.28702,0.00577,-0.00151,0.00054,0.21634,-0.13668,-9.26247,3,37.9793,362.7135,35.6687,179.2654,0.3469,-95.5417,0.0038,23.3547,1.2167
848,000848.png,False,1788873284.045146,1788873283.985147,shear_+Y_back,31,+Y,0.0,0.21574,1.20896,-11.17321,-0.02486,-0.0027,0.00014,0.17927,1.17911,-11.19569,-0.02685,-0.00061,3e-05,-0.33968,0.97586,-11.1929,3,37.82,363.0287,35.6254,179.2666,0.3427,-95.545,0.0066,23.3176,1.2539
849,000849.png,False,1788873284.437032,1788873284.377033,shear_+Y_back,31,+Y,0.0,0.01153,1.15644,-11.63178,-0.02351,-0.00841,0.00029,-0.025,1.12656,-11.65432,-0.0255,-0.00632,0.00018,-0.48716,0.82099,-11.65008,3,37.7876,362.9845,35.6106,179.2689,0.3357,-95.5241,0.0048,23.3024,1.2691
850,000850.png,False,1788873284.633169,1788873284.573169,shear_+Y_back,31,+Y,0.0,-0.0662,-0.26087,-10.10197,0.01289,-0.00947,0.00076,-0.10276,-0.29077,-10.12454,0.0109,-0.00737,0.00065,0.14303,-0.42084,-10.09577,3,37.9312,362.6882,35.6434,179.2724,0.3221,-95.5219,0.0,23.3295,1.242
851,000851.png,False,1788873284.825140,1788873284.765141,shear_+Y_back,31,+Y,0.0,0.1636,-0.15753,-11.45445,0.01099,-0.004,0.00074,0.12701,-0.18743,-11.47705,0.009,-0.0019,0.00063,0.29983,-0.23817,-11.4503,3,37.9557,362.7546,35.6112,179.2721,0.3223,-95.5284,0.0096,23.2981,1.2734
852,000852.png,False,1788873288.337153,1788873288.277153,shear_-X_back,32,-X,0.0,-0.16411,1.14774,-8.55057,-0.02359,-0.01153,-0.00036,-0.20122,1.11758,-8.57372,-0.02559,-0.0094,-0.00047,-0.65631,0.77505,-8.56884,3,37.7241,363.0151,35.7116,179.2728,0.3211,-95.556,0.0031,23.4043,1.1672
853,000853.png,False,1788873289.509236,1788873289.449236,shear_-Y_back,32,-Y,0.0,0.27914,-0.88182,-11.47268,0.03026,-0.00098,0.00074,0.24185,-0.91206,-11.49602,0.02826,0.00115,0.00063,0.76191,-0.80802,-11.4562,3,38.0785,362.608,35.6026,179.274,0.3149,-95.5636,0.003,23.2863,1.2852
854,000854.png,False,1788873289.705188,1788873289.645188,shear_-Y_back,32,-Y,0.0,0.25714,0.19939,-11.60683,0.00209,-0.00191,0.00053,0.21982,0.16914,-11.63019,9e-05,0.00023,0.00042,0.20359,0.11524,-11.60903,3,37.9667,362.7887,35.6049,179.2724,0.3205,-95.5528,0.0076,23.2923,1.2792
855,000855.png,False,1788873289.901307,1788873289.841307,shear_-Y_back,32,-Y,0.0,0.29936,0.08383,-11.80505,0.00511,-0.00071,0.00069,0.26201,0.05357,-11.82845,0.0031,0.00142,0.00058,0.29927,0.03308,-11.80531,3,37.9722,362.8166,35.6004,179.2771,0.3042,-95.5562,0.0002,23.2882,1.2833
856,000856.png,False,1788873291.069326,1788873291.009326,shear_+Y_back,32,+Y,0.0,0.29338,1.37153,-11.6725,-0.02901,-0.00098,0.00014,0.25586,1.34118,-11.69608,-0.03102,0.00117,3e-05,-0.35019,1.14746,-11.69509,3,37.8197,363.0631,35.6003,179.2778,0.3021,-95.5597,0.0001,23.2931,1.2784
857,000857.png,False,1788873291.461331,1788873291.401331,shear_+Y_back,32,+Y,0.0,0.03664,1.37638,-11.91045,-0.02914,-0.00793,0.00018,-0.00094,1.346,-11.93409,-0.03115,-0.00578,7e-05,-0.57335,1.01956,-11.93257,3,37.7677,363.0465,35.599,179.2793,0.298,-95.5355,0.0085,23.2919,1.2796
858,000858.png,False,1788873291.653332,1788873291.593332,shear_+Y_back,32,+Y,0.0,0.02214,-0.10759,-10.82317,0.00908,-0.00774,0.00034,-0.01548,-0.13798,-10.84684,0.00708,-0.00559,0.00024,0.14796,-0.25549,-10.8197,3,37.9293,362.7556,35.6121,179.2829,0.2832,-95.5336,0.008,23.2992,1.2723
859,000859.png,False,1788873291.849353,1788873291.789353,shear_+Y_back,32,+Y,0.0,0.25385,0.0256,-12.04047,0.00643,-0.00213,0.00067,0.21621,-0.00481,-12.06417,0.00442,2e-05,0.00056,0.29057,-0.04387,-12.03959,3,37.9513,362.8066,35.5837,179.2824,0.2849,-95.5368,0.0059,23.2715,1.3
860,000860.png,False,1788873293.605407,1788873293.545408,shear_-X_out,33,-X,0.5,0.1682,-0.95213,-15.06655,0.03415,-0.00552,0.00076,0.1303,-0.98266,-15.09053,0.03213,-0.00335,0.00065,0.72586,-0.98191,-15.04809,3,38.0634,362.6038,35.4883,179.2988,0.2249,-95.5848,0.0097,23.172,1.3995
861,000861.png,False,1788873295.165355,1788873295.105356,shear_-Y_out,33,-Y,0.5,0.02573,0.74791,-10.66521,-0.01241,-0.00772,-4e-05,-0.01241,0.71726,-10.68943,-0.01443,-0.00554,-0.00015,-0.27744,0.48976,-10.67661,3,37.8314,362.836,35.5999,179.2933,0.246,-95.5685,0.0003,23.289,1.2825
862,000862.png,False,1788873296.337479,1788873296.277479,shear_-Y_back,33,-Y,0.0,0.01587,-1.10789,-11.53718,0.03661,-0.00815,0.0006,-0.02244,-1.13862,-11.56158,0.03459,-0.00596,0.0005,0.64726,-1.13639,-11.51624,3,38.0525,362.5156,35.5889,179.2908,0.2548,-95.5742,0.0121,23.2714,1.3001
863,000863.png,False,1788873296.729475,1788873296.669476,shear_-Y_back,33,-Y,0.0,0.14513,-1.11588,-9.40052,0.0354,-0.00354,0.00062,0.10675,-1.14664,-9.42498,0.03338,-0.00135,0.00051,0.74841,-1.0445,-9.38003,2,38.0702,362.5662,35.6581,179.2879,0.2637,-95.5971,0.0027,23.3412,1.2303
864,000864.png,False,1788873296.921499,1788873296.861499,shear_+Y_out,33,+Y,0.5,0.12081,0.30699,-12.04279,-0.00017,-0.00575,0.00041,0.0824,0.27622,-12.06728,-0.00219,-0.00355,0.0003,0.03476,0.13332,-12.04652,3,37.9123,362.7874,35.5797,179.2856,0.273,-95.5962,0.007,23.2674,1.304
865,000865.png,False,1788873297.897540,1788873297.837540,shear_+Y_back,33,+Y,0.0,-0.03475,0.90934,-11.49964,-0.01662,-0.00976,0.00011,-0.07331,0.8785,-11.52428,-0.01864,-0.00756,1e-05,-0.4047,0.58597,-11.51359,3,37.8083,362.9149,35.5974,179.2868,0.2692,-95.594,0.008,23.2879,1.2836
866,000866.png,False,1788873298.485568,1788873298.425568,shear_+Y_back,33,+Y,0.0,-0.25486,-0.72067,-11.4118,0.02597,-0.01527,0.00043,-0.2935,-0.75155,-11.43653,0.02394,-0.01306,0.00033,0.21841,-0.9343,-11.39705,3,37.941,362.5938,35.5739,179.292,0.2498,-95.6086,0.0054,23.2584,1.3131
867,000867.png,False,1788873299.849591,1788873299.789591,shear_+X_back,34,+X,0.0,1.10156,0.34743,-12.03327,-0.00161,0.02061,0.00072,1.06271,0.31645,-12.05821,-0.00364,0.02283,0.00062,0.86403,0.65856,-12.03966,2,38.1066,362.9405,35.5767,179.2885,0.2608,-95.6058,0.0045,23.2656,1.3059
868,000868.png,False,1788873302.189676,1788873302.129676,shear_-X_back,34,-X,0.0,-0.13941,1.37421,-13.66741,-0.02814,-0.01408,-0.00015,-0.17861,1.34306,-13.69272,-0.03017,-0.01184,-0.00025,-0.71259,0.90157,-13.68887,3,37.731,362.9208,35.5252,179.2932,0.2472,-95.6077,0.0045,23.2164,1.3551
869,000869.png,False,1788873303.361599,1788873303.301600,shear_-Y_back,34,-Y,0.0,0.33271,-0.84372,-11.3108,0.0294,0.00042,0.00055,0.29333,-0.87495,-11.33629,0.02736,0.00267,0.00045,0.78815,-0.74566,-11.29511,3,38.0831,362.6217,35.5924,179.2899,0.2563,-95.6101,0.0025,23.2763,1.2952
870,000870.png,False,1788873303.557605,1788873303.497605,shear_-Y_back,34,-Y,0.0,0.19604,0.28368,-10.54321,-0.00024,-0.00302,0.0002,0.15663,0.25243,-10.56873,-0.00228,-0.00077,9e-05,0.10117,0.17475,-10.54691,3,37.9469,362.8068,35.625,179.2884,0.2633,-95.5925,0.0088,23.3128,1.2587
871,000871.png,False,1788873304.921773,1788873304.861773,shear_+Y_back,34,+Y,0.0,0.19856,1.30126,-11.23891,-0.02711,-0.00351,-2e-05,0.15895,1.26992,-11.26465,-0.02915,-0.00125,-0.00012,-0.40023,1.04616,-11.26016,3,37.8079,363.0385,35.6004,179.2856,0.2728,-95.5918,0.0052,23.2929,1.2786
872,000872.png,False,1788873305.313731,1788873305.253731,shear_+Y_back,34,+Y,0.0,0.28959,0.91425,-8.73034,-0.01775,0.0002,-0.00019,0.24992,0.88288,-8.75614,-0.0198,0.00246,-0.0003,-0.14541,0.79665,-8.74544,3,37.86,363.0067,35.7056,179.2739,0.3158,-95.5976,0.0003,23.3972,1.1743
873,000873.png,False,1788873305.505774,1788873305.445775,shear_+Y_back,34,+Y,0.0,-0.1042,-0.07071,-14.82237,0.01036,-0.01312,0.00044,-0.1439,-0.10209,-14.8482,0.00832,-0.01085,0.00034,0.04783,-0.35074,-14.81868,3,37.9033,362.7228,35.4919,179.2901,0.2569,-95.5944,0.0041,23.1786,1.3928
874,000874.png,False,1788873305.701791,1788873305.641791,shear_+Y_back,34,+Y,0.0,-0.05125,0.20298,-13.77279,0.00273,-0.01138,0.00035,-0.09098,0.17158,-13.79865,0.00068,-0.00912,0.00025,-0.05032,-0.07044,-13.77411,3,37.8847,362.7871,35.5202,179.2885,0.2628,-95.5931,0.0018,23.2081,1.3634
875,000875.png,False,1788873307.457843,1788873307.397843,shear_-X_out,35,-X,0.5,-0.19019,-0.52617,-10.70309,0.02078,-0.01298,0.0005,-0.23018,-0.55769,-10.72923,0.01873,-0.0107,0.00039,0.17234,-0.72218,-10.69196,3,37.9553,362.6789,35.6131,179.2898,0.2588,-95.6064,0.0088,23.2988,1.2727
876,000876.png,False,1788873309.017877,1788873308.957877,shear_-Y_out,35,-Y,0.5,-0.02283,0.81359,-13.81186,-0.01311,-0.01109,0.00023,-0.06306,0.78196,-13.83823,-0.01517,-0.0088,0.00013,-0.33051,0.47197,-13.82381,3,37.8188,362.8382,35.5164,179.2879,0.2664,-95.5857,0.0011,23.2056,1.3659
877,000877.png,False,1788873310.189815,1788873310.129815,shear_-Y_back,35,-Y,0.0,0.03991,-1.17243,-11.9325,0.03866,-0.00779,0.00089,-0.0005,-1.20414,-11.95906,0.0366,-0.00549,0.00079,0.70306,-1.18661,-11.91043,3,38.0662,362.5059,35.5669,179.2879,0.2654,-95.5884,0.0033,23.2491,1.3224
878,000878.png,False,1788873310.577904,1788873310.517904,shear_-Y_back,35,-Y,0.0,-0.19955,-0.85091,-9.98224,0.02918,-0.01297,0.00071,-0.24001,-0.88266,-10.00886,0.02712,-0.01067,0.00061,0.32149,-0.99656,-9.96556,3,37.9826,362.5945,35.6362,179.2861,0.2736,-95.5808,0.0029,23.3204,1.2511
879,000879.png,False,1788873310.773908,1788873310.713908,shear_+Y_out,35,+Y,0.5,0.24615,0.16701,-13.14878,0.00385,-0.00326,0.00047,0.20566,0.13525,-13.17543,0.00179,-0.00095,0.00037,0.22094,0.05701,-13.15016,3,37.9648,362.7283,35.5447,179.2846,0.2779,-95.5836,0.0054,23.2311,1.3404
880,000880.png,False,1788873311.749946,1788873311.689946,shear_+Y_back,35,+Y,0.0,0.08503,0.98776,-12.5508,-0.01834,-0.00733,0.00033,0.04439,0.95593,-12.5776,-0.0204,-0.00502,0.00023,-0.33284,0.6969,-12.56618,3,37.8274,362.9339,35.5548,179.2858,0.274,-95.5882,0.0034,23.2455,1.326
881,000881.png,False,1788873312.333986,1788873312.273986,shear_+Y_back,35,+Y,0.0,-0.04429,-0.44954,-12.97261,0.02005,-0.0107,0.00083,-0.08502,-0.48141,-12.9995,0.01798,-0.00839,0.00073,0.27617,-0.61927,-12.96275,3,37.9458,362.7015,35.5337,179.2893,0.2608,-95.5923,0.0069,23.2199,1.3516
882,000882.png,False,1788873317.406135,1788873317.346135,shear_-Y_back,36,-Y,0.0,0.28495,0.28178,-12.01124,0.00038,-0.00155,0.00049,0.24345,0.24955,-12.03893,-0.0017,0.00081,0.0004,0.18931,0.19401,-12.01487,3,37.9549,362.8223,35.5611,179.2862,0.2732,-95.6047,0.0068,23.2491,1.3224
883,000883.png,False,1788873317.798044,1788873317.738044,shear_+Y_out,36,+Y,0.5,0.56453,0.8306,-14.09196,-0.01363,0.00482,0.00047,0.52298,0.79834,-14.11971,-0.01571,0.00718,0.00037,0.17172,0.7757,-14.10535,3,37.9506,362.8996,35.5049,179.2883,0.2657,-95.6049,0.0094,23.1942,1.3773
884,000884.png,False,1788873318.774135,1788873318.714135,shear_+Y_back,36,+Y,0.0,0.20417,1.30391,-12.83915,-0.02674,-0.0042,0.00032,0.16247,1.27158,-12.86705,-0.02883,-0.00183,0.00023,-0.3856,1.02562,-12.86022,3,37.8122,363.0262,35.5348,179.2886,0.2648,-95.6077,0.0117,23.2271,1.3444
885,000885.png,False,1788873319.162147,1788873319.102147,shear_+Y_back,36,+Y,0.0,0.22247,1.17546,-12.97991,-0.02346,-0.00375,0.00028,0.18071,1.1431,-13.00787,-0.02555,-0.00137,0.00018,-0.30459,0.92127,-12.99876,3,37.8267,362.9945,35.5325,179.2889,0.2638,-95.6077,0.0058,23.2241,1.3473
886,000886.png,False,1788873319.358177,1788873319.298177,shear_+Y_back,36,+Y,0.0,-0.12398,0.00891,-11.54878,0.00678,-0.01213,0.00039,-0.16576,-0.02346,-11.57677,0.00469,-0.00976,0.00029,-0.03178,-0.23922,-11.54693,3,37.8841,362.7968,35.5763,179.2915,0.255,-95.5986,0.0013,23.2644,1.3071
887,000887.png,False,1788873319.554214,1788873319.494214,shear_+Y_back,36,+Y,0.0,0.08011,0.10767,-11.05784,0.00423,-0.00643,0.0003,0.03829,0.07528,-11.08586,0.00214,-0.00405,0.0002,0.09226,-0.04386,-11.05818,3,37.9121,362.7997,35.5828,179.2909,0.2562,-95.6023,0.0037,23.2708,1.3007
888,000888.png,False,1788873321.310218,1788873321.250218,shear_-X_out,37,-X,0.5,0.25344,-0.83975,-12.23786,0.02991,-0.00168,0.00072,0.21136,-0.87226,-12.26616,0.02781,0.00071,0.00063,0.72393,-0.79669,-12.22194,3,38.0955,362.6643,35.5639,179.2968,0.2335,-95.6632,0.0017,23.2484,1.3231
889,000889.png,False,1788873324.234311,1788873324.174311,shear_-Y_back,37,-Y,0.0,0.19577,-1.22271,-10.67253,0.03914,-0.00286,0.00088,0.15325,-1.25543,-10.70128,0.03704,-0.00045,0.00078,0.85446,-1.1321,-10.6501,3,38.1066,362.5101,35.609,179.2938,0.2459,-95.6247,0.0079,23.291,1.2805
890,000890.png,False,1788873324.626333,1788873324.566333,shear_-Y_back,37,-Y,0.0,-0.12374,-0.82755,-8.5236,0.02769,-0.01003,0.00054,-0.16632,-0.8603,-8.55241,0.02559,-0.00761,0.00045,0.36537,-0.91509,-8.5077,2,38.0013,362.583,35.6747,179.2906,0.2582,-95.6071,0.0037,23.3586,1.2129
891,000891.png,False,1788873324.822343,1788873324.762343,shear_+Y_out,37,+Y,0.5,0.287,0.20343,-11.34712,0.00233,-0.00117,0.00046,0.24439,0.17066,-11.37596,0.00023,0.00125,0.00037,0.22564,0.13782,-11.34949,3,37.9713,362.7637,35.5965,179.2892,0.2625,-95.6079,0.0019,23.2835,1.288
892,000892.png,False,1788873325.798371,1788873325.738371,shear_+Y_back,37,+Y,0.0,0.11954,0.93465,-11.15774,-0.01722,-0.00543,0.00046,0.07678,0.90182,-11.18673,-0.01932,-0.00301,0.00037,-0.28607,0.69047,-11.17248,3,37.8381,362.9377,35.5993,179.2923,0.2525,-95.6105,0.0042,23.29,1.2815
893,000893.png,False,1788873326.186420,1788873326.126420,shear_+Y_back,37,+Y,0.0,-0.11726,0.93942,-12.21854,-0.0172,-0.01239,0.00033,-0.16008,0.90656,-12.24759,-0.0193,-0.00996,0.00023,-0.48622,0.55928,-12.23273,3,37.7906,362.9216,35.5708,179.2937,0.2492,-95.592,0.0085,23.2616,1.3099
894,000894.png,False,1788873326.382375,1788873326.322375,shear_+Y_back,37,+Y,0.0,-0.13263,-0.52124,-10.33072,0.02014,-0.01166,0.00067,-0.17548,-0.55411,-10.35981,0.01804,-0.00923,0.00057,0.21715,-0.68319,-10.31984,3,37.9532,362.6565,35.6065,179.299,0.2292,-95.5946,0.0053,23.2919,1.2796
895,000895.png,False,1788873327.746439,1788873327.686439,shear_+X_back,38,+X,0.0,1.02409,0.40683,-12.01631,-0.00329,0.01825,0.00057,0.98104,0.37386,-12.04561,-0.0054,0.02069,0.00047,0.76713,0.67156,-12.02359,3,38.081,362.9421,35.5646,179.2967,0.2352,-95.5872,0.0011,23.2536,1.3179
896,000896.png,False,1788873330.090420,1788873330.030420,shear_-X_back,38,-X,0.0,-0.25927,1.29395,-9.96112,-0.02685,-0.01516,0.00014,-0.30267,1.26081,-9.99079,-0.02897,-0.0127,5e-05,-0.80201,0.83154,-9.98153,3,37.6913,362.9587,35.622,179.3086,0.1965,-95.5922,0.0006,23.3141,1.2574
897,000897.png,False,1788873331.258464,1788873331.198464,shear_-Y_back,38,-Y,0.0,0.23535,-0.82027,-12.04865,0.02921,-0.00285,0.00079,0.19177,-0.85349,-12.0785,0.02709,-0.00038,0.0007,0.69722,-0.78582,-12.03307,3,38.051,362.6141,35.555,179.3073,0.1981,-95.5998,0.0106,23.2391,1.3324
898,000898.png,False,1788873332.818587,1788873332.758587,shear_+Y_back,38,+Y,0.0,0.12914,1.39327,-11.86387,-0.02925,-0.00594,0.00019,0.08533,1.35994,-11.89396,-0.03137,-0.00346,0.0001,-0.50199,1.08115,-11.88648,3,37.7789,363.0406,35.5659,179.3037,0.2123,-95.6077,0.0067,23.2586,1.3129
899,000899.png,False,1788873333.210526,1788873333.150527,shear_+Y_back,38,+Y,0.0,0.43323,1.00425,-7.96904,-0.01986,0.00401,-2e-05,0.38935,0.97089,-7.99919,-0.02199,0.00649,-0.00012,-0.07123,0.95857,-7.98611,4,37.8712,363.0485,35.7025,179.292,0.2526,-95.6229,0.0078,23.3947,1.1768
900,000900.png,False,1788873333.406600,1788873333.346600,shear_+Y_back,38,+Y,0.0,-0.01229,-0.18539,-12.94585,0.01258,-0.01006,0.00055,-0.05619,-0.21877,-12.97603,0.01045,-0.00757,0.00046,0.17173,-0.37408,-12.94064,3,37.9224,362.7477,35.5525,179.3028,0.214,-95.6246,0.0101,23.2395,1.332
901,000901.png,False,1788873333.602591,1788873333.542591,shear_+Y_back,38,+Y,0.0,0.04112,-0.00917,-13.29169,0.00824,-0.00882,0.00062,-0.00281,-0.04256,-13.3219,0.00611,-0.00634,0.00053,0.13235,-0.20031,-13.28959,3,37.9202,362.7583,35.5241,179.3024,0.2153,-95.6262,0.0049,23.2113,1.3602
902,000902.png,False,1788873338.282796,1788873338.222796,shear_-Y_back,39,-Y,0.0,0.25018,-1.09353,-12.61429,0.03689,-0.00287,0.00079,0.20554,-1.12725,-12.64523,0.03475,-0.00034,0.0007,0.85051,-1.02413,-12.59391,3,38.0906,362.5547,35.527,179.3002,0.2207,-95.6503,0.0057,23.2097,1.3617
903,000903.png,False,1788873338.866814,1788873338.806814,shear_+Y_out,39,+Y,0.5,0.39942,0.46305,-11.03369,-0.00451,0.00153,0.00057,0.3547,0.42929,-11.06472,-0.00665,0.00406,0.00048,0.19113,0.42387,-11.04083,3,37.9481,362.8861,35.5969,179.2953,0.239,-95.6379,0.0067,23.2859,1.2856
904,000904.png,False,1788873339.842836,1788873339.782836,shear_+Y_back,39,+Y,0.0,0.16723,1.03975,-12.3216,-0.01957,-0.00541,-0.00026,0.12236,1.00591,-12.35278,-0.02172,-0.00287,-0.00035,-0.2892,0.78667,-12.33808,3,37.8358,362.9615,35.5415,179.2975,0.2324,-95.6418,0.0005,23.2325,1.339
905,000905.png,False,1788873340.234848,1788873340.174848,shear_+Y_back,39,+Y,0.0,0.18102,0.88114,-9.10064,-0.01632,-0.00336,1e-05,0.13609,0.84728,-9.13188,-0.01846,-0.00082,-8e-05,-0.22035,0.7078,-9.11489,3,37.8269,363.0389,35.6806,179.285,0.2771,-95.6378,0.0017,23.3729,1.1986
906,000906.png,False,1788873340.430793,1788873340.370793,shear_+Y_back,39,+Y,0.0,-0.13763,-0.30806,-14.04957,0.01668,-0.0143,0.00068,-0.18259,-0.34194,-14.08085,0.01454,-0.01176,0.00059,0.1321,-0.56063,-14.04181,3,37.9078,362.7368,35.5405,179.2946,0.243,-95.6321,0.0006,23.2275,1.344
907,000907.png,False,1788873343.746979,1788873343.686979,shear_-X_back,40,-X,0.0,-0.04743,1.18314,-14.0264,-0.02297,-0.01265,-3e-05,-0.09289,1.14903,-14.0582,-0.02513,-0.01008,-0.00012,-0.53496,0.77629,-14.04469,2,37.7535,362.8947,35.4638,179.3008,0.2186,-95.6694,0.0101,23.1544,1.4171
908,000908.png,False,1788873344.134994,1788873344.074994,shear_-Y_out,40,-Y,0.5,0.02931,1.36795,-15.55489,-0.02766,-0.01121,8e-05,-0.01621,1.33381,-15.58675,-0.02981,-0.00864,-1e-05,-0.55023,0.95021,-15.5763,3,37.7569,362.9901,35.4372,179.296,0.2356,-95.646,0.0017,23.1293,1.4422
909,000909.png,False,1788873345.502911,1788873345.442911,shear_-Y_back,40,-Y,0.0,0.26055,0.36332,-12.36171,-0.00147,-0.00288,0.00065,0.21483,0.32908,-12.39378,-0.00363,-0.0003,0.00056,0.12987,0.24683,-12.36665,3,37.9447,362.8225,35.543,179.29,0.2572,-95.6377,0.0097,23.2311,1.3404
910,000910.png,False,1788873346.867008,1788873346.807009,shear_+Y_back,40,+Y,0.0,0.28415,1.35754,-13.86772,-0.02754,-0.00316,0.00032,0.23822,1.32321,-13.90001,-0.0297,-0.00057,0.00023,-0.33598,1.09556,-13.88972,3,37.8239,363.0327,35.4874,179.2942,0.2432,-95.641,0.0033,23.1797,1.3918
911,000911.png,False,1788873347.259040,1788873347.199040,shear_+Y_back,40,+Y,0.0,0.23756,1.20986,-14.62464,-0.02357,-0.00494,0.00024,0.19157,1.1755,-14.65698,-0.02573,-0.00235,0.00015,-0.29731,0.93226,-14.64386,3,37.827,363.007,35.4657,179.2939,0.2445,-95.6368,0.0096,23.1575,1.414
912,000912.png,False,1788873347.451042,1788873347.391042,shear_+Y_back,40,+Y,0.0,0.00405,-0.25224,-16.60162,0.01616,-0.01218,0.00076,-0.04197,-0.28661,-16.63399,0.014,-0.00958,0.00067,0.24463,-0.48237,-16.59472,3,37.9406,362.6922,35.3963,179.3072,0.1964,-95.639,0.0054,23.0823,1.4892
913,000913.png,False,1788873347.647052,1788873347.587052,shear_+Y_back,40,+Y,0.0,0.20201,-0.0534,-16.1046,0.01088,-0.00632,0.00097,0.15596,-0.0878,-16.13701,0.00872,-0.00372,0.00089,0.31331,-0.20329,-16.10163,3,37.9504,362.7628,35.4189,179.3043,0.2066,-95.6429,0.0085,23.106,1.4655
914,000914.png,False,1788873351.159163,1788873351.099163,shear_-Y_out,41,-Y,0.5,0.12261,1.02237,-16.16644,-0.01774,-0.00912,0.00015,0.07603,0.98773,-16.19939,-0.01991,-0.00649,6e-05,-0.29252,0.68774,-16.18195,3,37.8149,362.8867,35.4116,179.3082,0.1926,-95.6644,0.0055,23.1016,1.4698
915,000915.png,False,1788873352.331202,1788873352.271202,shear_-Y_back,41,-Y,0.0,0.11768,-1.05756,-13.84364,0.03684,-0.00739,0.00073,0.07093,-1.09228,-13.87677,0.03466,-0.00475,0.00064,0.72629,-1.07888,-13.82343,3,38.0567,362.5474,35.4714,179.3065,0.1964,-95.6731,0.0007,23.1543,1.4171
916,000916.png,False,1788873352.915247,1788873352.855247,shear_+Y_out,41,+Y,0.5,0.59277,0.30153,-11.56286,-9e-05,0.00608,0.00032,0.54593,0.26676,-11.59609,-0.00227,0.00873,0.00023,0.44298,0.37211,-11.56752,3,38.0085,362.8367,35.5397,179.2976,0.2283,-95.7073,0.0068,23.2276,1.3439
917,000917.png,False,1788873353.891180,1788873353.831180,shear_+Y_back,41,+Y,0.0,-0.02137,1.24296,-15.11215,-0.02418,-0.01222,4e-05,-0.06836,1.20813,-15.14553,-0.02636,-0.00957,-4e-05,-0.53475,0.82374,-15.13136,3,37.7845,362.9537,35.4367,179.3002,0.2209,-95.6999,0.0028,23.128,1.4435
918,000918.png,False,1788873354.279305,1788873354.219305,shear_+Y_back,41,+Y,0.0,0.35393,0.76935,-16.12367,-0.01125,-0.00262,0.00052,0.30689,0.73448,-16.15711,-0.01343,4e-05,0.00043,0.03398,0.58487,-16.13526,3,37.9001,362.8802,35.411,179.301,0.2151,-95.7288,0.0003,23.1003,1.4712
919,000919.png,False,1788873354.475285,1788873354.415285,shear_+Y_back,41,+Y,0.0,-0.16967,-0.36692,-13.33623,0.01774,-0.01507,0.00061,-0.21675,-0.40179,-13.3697,0.01556,-0.01242,0.00053,0.1288,-0.61619,-13.3275,3,37.9146,362.7086,35.4721,179.3025,0.2105,-95.728,0.001,23.1586,1.4129
920,000920.png,False,1788873358.183424,1788873358.123425,shear_-X_back,42,-X,0.0,-0.1531,1.42702,-13.67745,-0.02928,-0.0156,-0.00043,-0.20073,1.39188,-13.71149,-0.03147,-0.01292,-0.00051,-0.75076,0.94031,-13.6998,3,37.7142,363.0122,35.513,179.3058,0.2007,-95.7397,0.0087,23.2057,1.3658
921,000921.png,False,1788873359.351470,1788873359.291470,shear_-Y_back,42,-Y,0.0,0.36384,-0.8697,-13.23898,0.03112,-0.0008,0.00046,0.31603,-0.90493,-13.27321,0.02892,0.0019,0.00038,0.84147,-0.7835,-13.22261,3,38.0806,362.6224,35.4881,179.3034,0.2067,-95.7514,0.0052,23.172,1.3995
922,000922.png,False,1788873359.547467,1788873359.487467,shear_-Y_back,42,-Y,0.0,0.23817,0.2833,-12.74513,0.00079,-0.00395,0.00017,0.19033,0.24806,-12.77939,-0.0014,-0.00126,8e-05,0.15312,0.1602,-12.74858,3,37.9514,362.7935,35.5018,179.3009,0.2171,-95.7338,0.0016,23.1894,1.3821
923,000923.png,False,1788873359.939454,1788873359.879454,shear_+Y_out,42,+Y,0.5,0.49165,0.72994,-14.44761,-0.01071,0.00177,0.00019,0.44375,0.69467,-14.48193,-0.01291,0.00447,0.0001,0.16134,0.6464,-14.45905,3,37.9434,362.8853,35.4718,179.3005,0.2189,-95.7254,0.0006,23.1609,1.4106
924,000924.png,False,1788873360.915493,1788873360.855493,shear_+Y_back,42,+Y,0.0,0.25916,1.23153,-13.17556,-0.02455,-0.00369,-0.00016,0.21111,1.19619,-13.21004,-0.02675,-0.00098,-0.00024,-0.29947,0.98502,-13.19543,3,37.8305,363.0126,35.4958,179.3014,0.2153,-95.7295,0.0073,23.1877,1.3838
925,000925.png,False,1788873361.303510,1788873361.243510,shear_+Y_back,42,+Y,0.0,0.25582,1.02879,-13.30459,-0.0192,-0.00394,-0.0003,0.20772,0.99342,-13.33913,-0.02141,-0.00123,-0.00039,-0.20017,0.8057,-13.32091,3,37.8476,362.9557,35.5002,179.302,0.2131,-95.7271,0.0053,23.1911,1.3804
926,000926.png,False,1788873361.499506,1788873361.439506,shear_+Y_back,42,+Y,0.0,-0.08815,-0.23706,-12.13875,0.01349,-0.0123,0.00015,-0.13628,-0.27244,-12.17331,0.01129,-0.00959,7e-05,0.12624,-0.4438,-12.13261,3,37.9129,362.7543,35.5308,179.3046,0.2043,-95.7153,0.0067,23.218,1.3535
927,000927.png,False,1788873361.695426,1788873361.635426,shear_+X_out,43,+X,0.5,0.10426,-0.02039,-11.88089,0.00789,-0.00699,0.00028,0.0561,-0.05579,-11.91549,0.00568,-0.00427,0.0002,0.18287,-0.15588,-11.87893,3,37.927,362.7794,35.5312,179.3044,0.2049,-95.7184,0.0011,23.2188,1.3527
928,000928.png,False,1788873366.375677,1788873366.315677,shear_-Y_back,43,-Y,0.0,0.20205,-1.30042,-11.63034,0.04202,-0.00413,0.00076,0.15318,-1.33615,-11.66567,0.0398,-0.00138,0.00068,0.90536,-1.2116,-11.60643,3,38.109,362.5018,35.5489,179.3072,0.1935,-95.7419,0.0068,23.2307,1.3408
929,000929.png,False,1788873366.767736,1788873366.707736,shear_-Y_back,43,-Y,0.0,-0.07813,-0.92289,-10.09602,0.03107,-0.01094,0.00051,-0.12705,-0.95865,-10.13141,0.02885,-0.00819,0.00043,0.46342,-1.00005,-10.07832,3,38.0187,362.5528,35.5942,179.3057,0.2005,-95.7271,0.0066,23.2774,1.2941
930,000930.png,False,1788873366.963619,1788873366.903619,shear_+Y_out,43,+Y,0.5,0.32795,0.13448,-12.86054,0.00486,-0.00169,0.00035,0.27899,0.09871,-12.89596,0.00264,0.00106,0.00027,0.30604,0.07432,-12.86157,3,37.9801,362.7693,35.5225,179.3034,0.2087,-95.7264,0.0077,23.2095,1.362
931,000931.png,False,1788873367.935736,1788873367.875736,shear_+Y_back,43,+Y,0.0,0.12783,0.87518,-11.54684,-0.01537,-0.00648,-0.0002,0.07873,0.83934,-11.58241,-0.01759,-0.00371,-0.00028,-0.24648,0.63688,-11.56051,3,37.8468,362.9208,35.5538,179.3037,0.207,-95.7295,0.0065,23.2441,1.3274
932,000932.png,False,1788873368.327734,1788873368.267734,shear_+Y_back,43,+Y,0.0,0.13043,0.76816,-11.70962,-0.0126,-0.00654,-3e-05,0.08127,0.73229,-11.74525,-0.01482,-0.00377,-0.00011,-0.18963,0.54288,-11.72142,3,37.8655,362.8632,35.56,179.303,0.2104,-95.7256,0.0026,23.2493,1.3222
933,000933.png,False,1788873368.523737,1788873368.463737,shear_+Y_back,43,+Y,0.0,-0.22605,-0.52131,-13.7655,0.02206,-0.01699,0.00029,-0.27524,-0.55719,-13.80116,0.01983,-0.01422,0.00021,0.16008,-0.78495,-13.75391,3,37.9229,362.6705,35.4964,179.3099,0.187,-95.7175,0.0007,23.1822,1.3893
934,000934.png,False,1788873369.887790,1788873369.827790,shear_+X_back,44,+X,0.0,1.2115,0.46792,-12.6874,-0.00449,0.02201,0.00019,1.1621,0.43194,-12.72328,-0.00671,0.02479,0.00011,0.90359,0.80736,-12.69601,3,38.1056,362.9713,35.517,179.3071,0.1939,-95.7147,0.0094,23.2064,1.3651
935,000935.png,False,1788873370.279704,1788873370.219704,shear_+X_back,44,+X,0.0,0.61764,1.04776,-15.49919,-0.0191,0.00467,0.00014,0.56818,1.01175,-15.53513,-0.02133,0.00745,6e-05,0.11897,0.96777,-15.51623,3,37.9512,362.931,35.4311,179.3142,0.1716,-95.699,0.0061,23.1209,1.4506
936,000936.png,False,1788873373.595916,1788873373.535916,shear_-Y_back,44,-Y,0.0,0.24539,0.31185,-11.77698,-0.00033,-0.00366,0.00029,0.19544,0.27561,-11.81344,-0.00256,-0.00085,0.00022,0.1384,0.20405,-11.78109,3,37.9457,362.8089,35.5483,179.302,0.2158,-95.6716,0.0071,23.2361,1.3354
937,000937.png,False,1788873374.959860,1788873374.899860,shear_+Y_back,44,+Y,0.0,0.24973,1.38895,-13.27205,-0.02863,-0.00434,-5e-05,0.19956,1.35261,-13.30871,-0.03087,-0.00152,-0.00013,-0.38562,1.1151,-13.29461,3,37.8094,363.041,35.4965,179.3052,0.2053,-95.6753,0.006,23.189,1.3825
938,000938.png,False,1788873375.351870,1788873375.291870,shear_+Y_back,44,+Y,0.0,0.01141,1.28372,-11.15628,-0.02615,-0.0096,-0.00032,-0.03881,1.24735,-11.19301,-0.02839,-0.00677,-0.0004,-0.55415,0.93878,-11.17686,3,37.7839,362.9757,35.5371,179.3043,0.2087,-95.6644,0.011,23.2288,1.3427
939,000939.png,False,1788873375.547878,1788873375.487878,shear_+Y_back,44,+Y,0.0,-0.2251,-0.15097,-13.64027,0.0122,-0.01729,0.00033,-0.27535,-0.18735,-13.67703,0.00996,-0.01447,0.00025,-0.025,-0.46172,-13.63512,3,37.877,362.7286,35.4833,179.3084,0.193,-95.6572,0.007,23.1703,1.4012
940,000940.png,False,1788873375.739883,1788873375.679883,shear_+Y_back,44,+Y,0.0,0.03187,-0.0396,-14.457,0.00967,-0.01087,0.00037,-0.01841,-0.07599,-14.49379,0.00743,-0.00805,0.0003,0.14762,-0.24995,-14.45417,3,37.9088,362.7527,35.4592,179.3112,0.1821,-95.6627,0.0035,23.1464,1.4251
941,000941.png,False,1788873380.424151,1788873380.364151,shear_-Y_back,45,-Y,0.0,0.37362,-1.02442,-13.86606,0.03601,-0.00126,0.00075,0.32264,-1.06115,-13.90358,0.03375,0.00161,0.00068,0.93159,-0.92265,-13.84693,3,38.0973,362.5854,35.4599,179.3115,0.1801,-95.6923,0.0046,23.1431,1.4284
942,000942.png,False,1788873381.008142,1788873380.948142,shear_+Y_out,45,+Y,0.5,0.5645,0.66942,-15.11603,-0.0083,0.00307,0.00059,0.51343,0.63265,-15.15364,-0.01056,0.00594,0.00052,0.25932,0.61969,-15.12646,3,37.9714,362.8435,35.4424,179.3087,0.1918,-95.6766,0.0022,23.1306,1.4409
943,000943.png,False,1788873381.984178,1788873381.924178,shear_+Y_back,45,+Y,0.0,0.24655,1.19008,-14.25827,-0.02298,-0.00527,8e-05,0.19533,1.15324,-14.29604,-0.02524,-0.0024,1e-05,-0.28218,0.92548,-14.27723,3,37.8357,362.9884,35.4549,179.3096,0.1888,-95.6796,0.0011,23.1465,1.425
944,000944.png,False,1788873382.376194,1788873382.316194,shear_+Y_back,45,+Y,0.0,0.08816,1.14115,-12.67862,-0.02184,-0.00862,-4e-05,0.03688,1.10428,-12.71644,-0.0241,-0.00574,-0.00012,-0.40588,0.82926,-12.69665,3,37.8145,362.9737,35.5053,179.3063,0.2017,-95.6703,0.0056,23.1967,1.3748
945,000945.png,False,1788873382.568173,1788873382.508173,shear_+Y_back,45,+Y,0.0,-0.1207,-0.43557,-14.07832,0.01988,-0.01489,0.00025,-0.17201,-0.47245,-14.11617,0.01761,-0.01201,0.00017,0.21067,-0.66306,-14.06838,3,37.9379,362.6684,35.437,179.3175,0.1603,-95.6716,0.0083,23.1227,1.4488
946,000946.png,False,1788873383.936276,1788873383.876276,shear_+X_back,46,+X,0.0,1.10642,0.50015,-15.31597,-0.00425,0.01767,0.00034,1.05491,0.46317,-15.35404,-0.00652,0.02056,0.00026,0.81469,0.74066,-15.32452,3,38.0701,362.948,35.4174,179.3134,0.1751,-95.664,0.0067,23.1066,1.4649
947,000947.png,False,1788873384.324248,1788873384.264248,shear_+X_back,46,+X,0.0,0.39924,1.13184,-18.63602,-0.01996,-0.00315,0.00012,0.34767,1.09483,-18.67415,-0.02223,-0.00026,5e-05,-0.09046,0.88121,-18.65361,3,37.8887,362.9757,35.345,179.3194,0.1578,-95.659,0.0059,23.036,1.5355
948,000948.png,False,1788873385.884216,1788873385.824216,shear_-X_back,46,-X,0.0,0.54281,0.31118,-16.63722,0.00132,0.00104,0.00025,0.491,0.27406,-16.6756,-0.00095,0.00395,0.00018,0.43006,0.27422,-16.64117,3,37.9484,362.8203,35.3876,179.3177,0.1598,-95.7035,0.0091,23.0756,1.4959
949,000949.png,False,1788873386.276314,1788873386.216315,shear_-Y_out,46,-Y,0.5,0.23766,1.34377,-18.40545,-0.02555,-0.00799,-0.00012,0.18579,1.30662,-18.44388,-0.02782,-0.00508,-0.0002,-0.33792,0.98771,-18.42642,3,37.829,362.9377,35.3381,179.3171,0.1633,-95.7001,0.0044,23.0288,1.5427
950,000950.png,False,1788873388.032377,1788873387.972377,shear_+Y_out,46,+Y,0.5,0.33221,0.97865,-16.24795,-0.01594,-0.00397,0.0002,0.28007,0.94138,-16.28666,-0.01822,-0.00105,0.00013,-0.08855,0.7533,-16.26311,3,37.8913,362.9048,35.3902,179.3103,0.1874,-95.7099,0.0075,23.08,1.4915
951,000951.png,False,1788873389.008408,1788873388.948408,shear_+Y_back,46,+Y,0.0,0.12549,1.5984,-15.64973,-0.03346,-0.00947,-0.00024,0.07321,1.56106,-15.68859,-0.03574,-0.00654,-0.00031,-0.5814,1.19634,-15.67531,3,37.7708,363.0356,35.4029,179.3112,0.1846,-95.7064,0.011,23.0956,1.4759
952,000952.png,False,1788873389.396422,1788873389.336422,shear_+Y_back,46,+Y,0.0,0.40952,1.30299,-16.33335,-0.02535,-0.00212,-0.00028,0.35719,1.26562,-16.37227,-0.02763,0.00082,-0.00036,-0.18303,1.07147,-16.35427,3,37.8519,362.9798,35.3791,179.312,0.1809,-95.7229,0.0008,23.0704,1.5011
953,000953.png,False,1788873389.592430,1788873389.532430,shear_+Y_back,46,+Y,0.0,-0.13736,-0.16761,-18.49806,0.01495,-0.01797,2e-05,-0.18972,-0.20499,-18.53701,0.01267,-0.01503,-5e-05,0.093,-0.51011,-18.49206,3,37.8953,362.7328,35.3296,179.3185,0.1586,-95.7225,0.0086,23.0166,1.5549
954,000954.png,False,1788873389.788429,1788873389.728430,shear_+X_out,47,+X,0.5,-0.03103,0.14338,-17.63663,0.00644,-0.01457,0.00018,-0.08342,0.10598,-17.67561,0.00416,-0.01163,0.00011,0.02376,-0.17385,-17.63637,3,37.8891,362.7675,35.3444,179.3194,0.1545,-95.7229,0.0029,23.032,1.5395
955,000955.png,False,1788873390.960474,1788873390.900475,shear_+X_back,47,+X,0.0,1.19294,0.30267,-15.11556,0.0011,0.02001,0.00032,1.14037,0.26519,-15.15472,-0.00118,0.02296,0.00025,0.98691,0.61608,-15.12089,3,38.1048,362.9224,35.4096,179.3151,0.1678,-95.719,0.0066,23.0982,1.4732
956,000956.png,False,1788873391.544472,1788873391.484472,shear_-X_out,47,-X,0.5,0.21383,-0.46459,-14.15376,0.02132,-0.00571,0.0002,0.16117,-0.50211,-14.19302,0.01904,-0.00276,0.00013,0.51547,-0.52225,-14.14398,2,38.0141,362.6979,35.4389,179.3197,0.154,-95.754,0.0081,23.1245,1.4469
957,000957.png,False,1788873392.712543,1788873392.652543,shear_-X_back,47,-X,0.0,0.02742,0.76522,-18.58854,-0.00974,-0.01433,-5e-05,-0.02542,0.72761,-18.62797,-0.01203,-0.01137,-0.00012,-0.2297,0.37867,-18.59903,3,37.8147,362.8331,35.3333,179.3179,0.1603,-95.7627,0.0041,23.0225,1.549
958,000958.png,False,1788873393.104564,1788873393.044564,shear_-Y_out,47,-Y,0.5,0.03331,1.17201,-18.39257,-0.02074,-0.01393,-4e-05,-0.01959,1.13437,-18.43207,-0.02303,-0.01096,-0.00011,-0.4292,0.73706,-18.41016,3,37.8012,362.8632,35.3331,179.3179,0.1608,-95.7416,0.0036,23.0229,1.5486
959,000959.png,False,1788873394.276573,1788873394.216573,shear_-Y_back,47,-Y,0.0,0.17266,-1.19609,-15.93459,0.04236,-0.00801,0.00086,0.11959,-1.23381,-15.97427,0.04007,-0.00503,0.00079,0.85763,-1.20488,-15.91177,3,38.0716,362.5278,35.3832,179.3164,0.1646,-95.7427,0.0037,23.0657,1.5058
960,000960.png,False,1788873394.860602,1788873394.800602,shear_+Y_out,47,+Y,0.5,0.34944,0.43584,-16.87607,-0.00104,-0.0042,0.00048,0.29628,0.39807,-16.91584,-0.00334,-0.00122,0.00041,0.20194,0.28173,-16.88175,3,37.9478,362.7835,35.3661,179.3116,0.1818,-95.7266,0.0063,23.0536,1.5179
961,000961.png,False,1788873395.836541,1788873395.776541,shear_+Y_back,47,+Y,0.0,0.17387,1.17428,-16.59886,-0.02135,-0.00883,0.00012,0.12056,1.13645,-16.63879,-0.02365,-0.00584,5e-05,-0.32101,0.838,-16.61704,3,37.8306,362.9421,35.3686,179.3131,0.1775,-95.7314,0.002,23.0594,1.5121
962,000962.png,False,1788873396.420651,1788873396.360651,shear_+Y_back,47,+Y,0.0,-0.17707,-0.64142,-14.85121,0.02625,-0.01711,0.00079,-0.23047,-0.67929,-14.89123,0.02395,-0.01412,0.00072,0.27005,-0.88189,-14.83747,3,37.9614,362.6013,35.401,179.3198,0.1536,-95.7231,0.0026,23.0854,1.4861
963,000963.png,False,1788873400.128810,1788873400.068810,shear_-X_back,48,-X,0.0,-0.00659,1.52605,-19.92895,-0.02986,-0.01611,0.00017,-0.06054,1.48791,-19.96954,-0.03217,-0.01309,0.0001,-0.62999,0.99914,-19.95236,3,37.7693,362.9882,35.2871,179.3173,0.1612,-95.7536,0.0093,22.9791,1.5924
964,000964.png,False,1788873401.884834,1788873401.824834,shear_+Y_out,48,+Y,0.5,0.44705,1.00429,-17.48167,-0.01601,-0.0017,0.0006,0.39283,0.96603,-17.52254,-0.01833,0.00133,0.00053,0.00667,0.81313,-17.49731,3,37.9124,362.9285,35.3467,179.3101,0.1861,-95.7664,0.0094,23.0367,1.5348
965,000965.png,False,1788873402.860789,1788873402.800789,shear_+Y_back,48,+Y,0.0,0.26884,1.49245,-16.01581,-0.03024,-0.00592,0.00027,0.21447,1.45412,-16.05683,-0.03255,-0.00288,0.0002,-0.40176,1.17034,-16.03979,3,37.8128,363.0282,35.3776,179.311,0.1819,-95.7632,0.0077,23.0699,1.5016
966,000966.png,False,1788873403.248790,1788873403.188790,shear_+Y_back,48,+Y,0.0,0.32828,1.32621,-14.79713,-0.02611,-0.00378,0.0004,0.27386,1.28785,-14.83821,-0.02843,-0.00073,0.00034,-0.27566,1.07559,-14.81852,2,37.8456,362.9806,35.4129,179.31,0.1862,-95.7625,0.01,23.1043,1.4672
967,000967.png,False,1788873403.444818,1788873403.384818,shear_+Y_back,48,+Y,0.0,-0.12403,-0.22927,-15.03931,0.01529,-0.01579,0.00072,-0.17849,-0.26764,-15.08042,0.01297,-0.01274,0.00065,0.11137,-0.50145,-15.03279,3,37.9083,362.7268,35.4022,179.3131,0.1748,-95.7562,0.0098,23.089,1.4825
968,000968.png,False,1788873405.200855,1788873405.140855,shear_+X_back,49,+X,0.0,0.70978,1.00108,-19.18507,-0.01551,0.00503,0.00075,0.65506,0.96258,-19.22646,-0.01784,0.00809,0.00068,0.24767,0.91434,-19.20092,3,37.9683,362.9709,35.3058,179.3159,0.1643,-95.7549,0.0019,22.9962,1.5753
969,000969.png,False,1788873406.564985,1788873406.504985,shear_-X_back,49,-X,0.0,0.22497,0.84987,-19.68706,-0.01142,-0.00949,0.00021,0.17005,0.81127,-19.72866,-0.01375,-0.00641,0.00014,-0.09325,0.53309,-19.69925,3,37.8496,362.8556,35.2881,179.3167,0.1591,-95.7682,0.0094,22.9774,1.5941
970,000970.png,False,1788873406.957011,1788873406.897012,shear_-Y_out,49,-Y,0.5,0.66451,0.93062,-19.25079,-0.01379,0.00289,0.00032,0.60953,0.892,-19.29245,-0.01612,0.00596,0.00026,0.24411,0.82964,-19.26533,3,37.9299,362.9053,35.2952,179.3156,0.1633,-95.7675,0.0059,22.9848,1.5867
971,000971.png,False,1788873408.124950,1788873408.064950,shear_-Y_back,49,-Y,0.0,-0.0036,-0.89269,-16.30429,0.03447,-0.01351,0.00082,-0.05875,-0.9314,-16.34613,0.03214,-0.01042,0.00076,0.55593,-1.03611,-16.28632,3,38.009,362.5699,35.3599,179.3154,0.1644,-95.7629,0.0039,23.0435,1.528
972,000972.png,False,1788873408.712970,1788873408.652970,shear_+Y_out,49,+Y,0.5,0.60908,0.59922,-17.17207,-0.00501,0.00284,0.00069,0.55383,0.56047,-17.214,-0.00734,0.00592,0.00063,0.34726,0.54823,-17.18106,3,37.9494,362.9207,35.3451,179.308,0.1896,-95.8123,0.0003,23.0347,1.5368
973,000973.png,False,1788873409.689095,1788873409.629095,shear_+Y_back,49,+Y,0.0,0.04286,1.43934,-15.8121,-0.02864,-0.01217,0.00023,-0.01253,1.40052,-15.85419,-0.03098,-0.00907,0.00017,-0.57238,1.0147,-15.83474,3,37.7776,362.9861,35.3789,179.31,0.1834,-95.8041,0.002,23.0708,1.5006
974,000974.png,False,1788873410.077016,1788873410.017016,shear_+Y_back,49,+Y,0.0,0.52797,0.89562,-12.01664,-0.01525,0.00271,0.00033,0.47252,0.85677,-12.05878,-0.01759,0.00581,0.00027,0.09317,0.84698,-12.03139,3,37.9001,363.0145,35.5076,179.2972,0.2269,-95.8348,0.0048,23.1991,1.3724
975,000975.png,False,1788873410.273091,1788873410.213091,shear_+Y_back,49,+Y,0.0,-0.13317,-0.33428,-17.77179,0.01979,-0.01764,0.00067,-0.18865,-0.37314,-17.81397,0.01745,-0.01454,0.0006,0.17487,-0.64073,-17.76302,3,37.9153,362.6667,35.3074,179.3155,0.1622,-95.831,0.0044,22.9932,1.5783
976,000976.png,False,1788873416.709332,1788873416.649333,shear_+Y_back,50,+Y,0.0,0.34854,1.45597,-17.00195,-0.02873,-0.00446,0.00043,0.29209,1.41665,-17.04513,-0.03109,-0.00131,0.00037,-0.30766,1.16278,-17.0253,3,37.8368,363.0207,35.338,179.3075,0.1887,-95.8663,0.0063,23.03,1.5415
977,000977.png,False,1788873417.101339,1788873417.041339,shear_+Y_back,50,+Y,0.0,0.52165,1.18512,-15.74035,-0.02173,0.00077,0.00026,0.46514,1.14577,-15.7836,-0.02409,0.00393,0.0002,-0.03113,1.03491,-15.75955,3,37.8869,362.9969,35.3866,179.3058,0.1941,-95.8696,0.0073,23.0779,1.4936
978,000978.png,False,1788873417.297355,1788873417.237355,shear_+Y_back,50,+Y,0.0,0.00573,-0.20432,-15.62455,0.01506,-0.01287,0.00078,-0.05081,-0.24369,-15.66783,0.0127,-0.00972,0.00072,0.21537,-0.42438,-15.61864,3,37.9258,362.7791,35.3835,179.3048,0.1977,-95.863,0.002,23.071,1.5004
979,000979.png,False,1788873417.493372,1788873417.433372,shear_+X_out,51,+X,0.5,0.07782,0.00894,-17.06852,0.01029,-0.01171,0.00038,0.02126,-0.03044,-17.11183,0.00793,-0.00855,0.00032,0.18128,-0.22679,-17.06623,3,37.9288,362.7587,35.3364,179.3083,0.1854,-95.8619,0.0067,23.0236,1.5478
980,000980.png,False,1788873418.661397,1788873418.601398,shear_+X_back,51,+X,0.0,1.28724,0.34754,-16.6529,0.00091,0.02148,0.00101,1.23049,0.30807,-16.69639,-0.00146,0.02465,0.00095,1.05684,0.67742,-16.65896,3,38.1171,362.93,35.3456,179.3061,0.1909,-95.86,0.0068,23.0342,1.5372
981,000981.png,False,1788873419.053433,1788873418.993433,shear_+X_back,51,+X,0.0,0.66898,0.92901,-19.91678,-0.01341,0.00299,0.00056,0.61218,0.88952,-19.96033,-0.01578,0.00616,0.00049,0.2534,0.81982,-19.93119,3,37.9653,362.9124,35.2747,179.3129,0.1695,-95.8591,0.0092,22.9641,1.6073
982,000982.png,False,1788873419.249409,1788873419.189409,shear_-X_out,51,-X,0.5,-0.4175,-0.24688,-16.08787,0.01685,-0.02436,0.00062,-0.47433,-0.28638,-16.13145,0.01448,-0.02118,0.00056,-0.12676,-0.68013,-16.0803,3,37.9031,362.722,35.3418,179.3153,0.163,-95.8556,0.0008,23.0286,1.5429
983,000983.png,False,1788873420.809438,1788873420.749439,shear_-X_back,51,-X,0.0,0.6255,1.04707,-19.38181,-0.01653,0.00154,0.00056,0.56843,1.00745,-19.42563,-0.0189,0.00472,0.0005,0.15305,0.9089,-19.39826,3,37.9225,362.9036,35.2865,179.3097,0.1799,-95.8843,0.003,22.9761,1.5954
984,000984.png,False,1788873421.977474,1788873421.917475,shear_-Y_back,51,-Y,0.0,-0.10351,-0.82785,-17.34623,0.03337,-0.01689,0.0009,-0.16075,-0.86755,-17.39024,0.031,-0.0137,0.00084,0.44421,-1.04656,-17.32903,3,37.9851,362.5718,35.3222,179.311,0.1756,-95.8763,0.0109,23.006,1.5654
985,000985.png,False,1788873422.565536,1788873422.505537,shear_+Y_out,51,+Y,0.5,0.24072,0.96944,-18.05689,-0.01449,-0.00825,0.00039,0.18339,0.9297,-18.10099,-0.01687,-0.00505,0.00033,-0.15065,0.67063,-18.07143,4,37.8784,362.8734,35.3126,179.3049,0.1976,-95.9157,0.0072,23.002,1.5695
986,000986.png,False,1788873423.541580,1788873423.481580,shear_+Y_back,51,+Y,0.0,0.1745,1.34554,-16.34391,-0.02579,-0.00909,0.00017,0.11702,1.30573,-16.38816,-0.02817,-0.00588,0.00011,-0.4078,0.99072,-16.3651,3,37.8156,362.9771,35.3511,179.3049,0.1973,-95.9124,0.0108,23.0426,1.5289
987,000987.png,False,1788873423.929586,1788873423.869586,shear_+Y_back,51,+Y,0.0,0.4062,0.92028,-13.23075,-0.01528,-0.00129,0.00043,0.34867,0.88044,-13.27506,-0.01765,0.00192,0.00037,-0.0162,0.78805,-13.24551,3,37.8987,362.9206,35.4238,179.3035,0.2017,-95.9244,0.0082,23.1138,1.4577
988,000988.png,False,1788873424.125591,1788873424.065591,shear_+Y_back,51,+Y,0.0,-0.08743,-0.4524,-15.87836,0.02212,-0.01566,0.00094,-0.145,-0.49225,-15.9227,0.01974,-0.01245,0.00088,0.26037,-0.68985,-15.86793,3,37.9416,362.6832,35.3633,179.3038,0.2006,-95.9231,0.0092,23.0492,1.5223
989,000989.png,False,1788873430.561787,1788873430.501787,shear_+Y_back,52,+Y,0.0,0.33183,1.66747,-16.78898,-0.03468,-0.00511,0.00033,0.2733,1.62716,-16.83433,-0.03707,-0.00185,0.00028,-0.42927,1.34101,-16.816,3,37.81,363.0584,35.3411,179.3047,0.2007,-95.9065,0.0114,23.0339,1.5376
990,000990.png,False,1788873430.953876,1788873430.893876,shear_+Y_back,52,+Y,0.0,0.36838,1.40393,-14.85674,-0.02808,-0.00307,0.00047,0.30978,1.3636,-14.90214,-0.03047,0.0002,0.00041,-0.27934,1.16199,-14.87956,3,37.8399,362.9871,35.3802,179.3036,0.2039,-95.9009,0.0038,23.0717,1.4998
991,000991.png,False,1788873431.149820,1788873431.089820,shear_+Y_back,52,+Y,0.0,-0.26658,0.00386,-15.98824,0.00958,-0.02073,0.00055,-0.32521,-0.0365,-16.03368,0.00719,-0.01746,0.00049,-0.122,-0.38598,-15.98534,3,37.8684,362.7172,35.3385,179.3111,0.1781,-95.8846,0.0066,23.0255,1.546
992,000992.png,False,1788873433.097918,1788873433.037918,shear_-X_out,53,-X,0.5,0.53127,-1.24525,-14.40656,0.04239,0.00223,0.00093,0.47235,-1.28574,-14.4523,0.03999,0.00552,0.00087,1.18222,-1.04379,-14.38383,3,38.1529,362.5989,35.4056,179.3115,0.1728,-95.9483,0.0014,23.0887,1.4828
993,000993.png,False,1788873436.026019,1788873435.966019,shear_-Y_back,53,-Y,0.0,0.23195,-1.50536,-16.27541,0.05108,-0.00733,0.00143,0.17259,-1.54606,-16.32161,0.04867,-0.00403,0.00138,1.06586,-1.44856,-16.2473,3,38.1206,362.4653,35.35,179.31,0.1799,-95.8933,0.0057,23.0312,1.5403
994,000994.png,False,1788873436.414000,1788873436.354000,shear_-Y_back,53,-Y,0.0,-0.0371,-0.95661,-13.43793,0.03503,-0.01285,0.0008,-0.09652,-0.99734,-13.48419,0.03261,-0.00954,0.00074,0.53897,-1.06229,-13.41922,3,38.0171,362.5938,35.4237,179.3071,0.192,-95.8802,0.0093,23.1077,1.4638
995,000995.png,False,1788873436.609998,1788873436.549999,shear_+Y_out,53,+Y,0.5,0.31873,-0.11003,-17.85932,0.01443,-0.00603,0.00088,0.25928,-0.15077,-17.90561,0.01202,-0.00272,0.00083,0.45488,-0.22212,-17.85533,3,38.0005,362.693,35.3309,179.3054,0.1969,-95.8813,0.0035,23.0165,1.5549
996,000996.png,False,1788873437.586040,1788873437.526041,shear_+Y_back,53,+Y,0.0,0.21632,1.00342,-16.59126,-0.01633,-0.00827,0.00045,0.15673,0.96261,-16.6377,-0.01874,-0.00495,0.0004,-0.19893,0.71135,-16.60656,3,37.863,362.9032,35.3437,179.3071,0.1922,-95.8861,0.0052,23.0337,1.5378
997,000997.png,False,1788873439.538097,1788873439.478097,shear_+X_back,54,+X,0.0,1.17063,0.55412,-17.07348,-0.00427,0.01776,0.00093,1.11074,0.51316,-17.12022,-0.0067,0.0211,0.00088,0.85554,0.79133,-17.08283,3,38.074,362.9314,35.3286,179.3115,0.1759,-95.853,0.0059,23.0176,1.5539
998,000998.png,False,1788873439.926098,1788873439.866098,shear_+X_back,54,+X,0.0,0.51327,1.23796,-20.44588,-0.02164,-0.00207,0.00078,0.45332,1.19698,-20.49269,-0.02406,0.00127,0.00073,-0.03216,1.0011,-20.46526,3,37.9069,362.927,35.2556,179.3183,0.1553,-95.8502,0.01,22.9457,1.6258
999,000999.png,False,1788873441.294142,1788873441.234142,shear_-X_back,54,-X,0.0,0.64594,0.51622,-19.84706,-0.00254,0.00109,0.00092,0.58578,0.47514,-19.89408,-0.00497,0.00444,0.00087,0.4392,0.45191,-19.85428,3,37.9334,362.8452,35.2614,179.3177,0.1528,-95.88,0.0051,22.95,1.6215
1000,001000.png,False,1788873442.074186,1788873442.014186,shear_-Y_out,54,-Y,0.5,-0.05426,-0.61405,-16.74999,0.02696,-0.01563,0.00091,-0.11453,-0.65519,-16.79713,0.02453,-0.01227,0.00085,0.37592,-0.82724,-16.73669,3,37.9501,362.6536,35.326,179.3145,0.1655,-95.8795,0.0044,23.0114,1.5601
