index,file,missing,t_img,t_exposure_start,segment,cycle,axis,target_N,Fx_s,Fy_s,Fz_s,Tx_s,Ty_s,Tz_s,Fx_s_corr,Fy_s_corr,Fz_s_corr,Tx_s_corr,Ty_s_corr,Tz_s_corr,Fx_base,Fy_base,Fz_base,ft_chunks,tcp_x,tcp_y,tcp_z,rx,ry,rz,pose_gap_s,height_above_plane_mm,depth_mm
1,000001.png,False,1788883026.499979,1788883026.439980,normal_load,1,,2.0,-0.00765,-0.00562,-0.04413,0.00027,-2e-05,3e-05,-0.00653,-0.00499,-0.04333,0.00023,-4e-05,3e-05,-0.00351,-0.00939,-0.04402,3,37.9202,362.8167,35.8822,179.869,0.9617,-98.288,0.0088,23.5704,-0.0034
2,000002.png,False,1788883027.280019,1788883027.220019,normal_load,1,,2.0,-0.01549,-0.03232,-0.0416,0.00072,-0.0002,-0.00011,-0.0142,-0.0316,-0.04066,0.00068,-0.00023,-0.00011,0.00302,-0.0364,-0.041,3,37.9374,362.7563,35.8594,179.8704,0.9569,-98.2891,0.0008,23.5464,0.0206
3,000003.png,False,1788883027.476049,1788883027.416049,normal_load,1,,2.0,-0.01109,-0.02757,-0.09205,0.00073,-5e-05,3e-05,-0.00975,-0.02683,-0.09109,0.00069,-8e-05,4e-05,0.00481,-0.03089,-0.09153,3,37.9368,362.7627,35.8514,179.8695,0.9598,-98.2891,0.0094,23.5385,0.0285
4,000004.png,False,1788883027.672035,1788883027.612035,normal_load,1,,2.0,-0.00207,-0.02336,-0.35196,0.00089,-4e-05,-1e-05,-0.0007,-0.02259,-0.35097,0.00085,-7e-05,-0.0,0.01231,-0.0269,-0.3515,3,37.9423,362.7666,35.7849,179.8688,0.9616,-98.29,0.0008,23.4721,0.0949
5,000005.png,False,1788883027.868036,1788883027.808036,normal_load,1,,2.0,-0.00348,-0.01832,-0.33943,0.00071,9e-05,0.00019,-0.00206,-0.01753,-0.33841,0.00066,6e-05,0.00019,0.0085,-0.02304,-0.33905,3,37.9443,362.7682,35.7835,179.869,0.9612,-98.2904,0.0072,23.4707,0.0963
6,000006.png,False,1788883028.256129,1788883028.196129,normal_load,1,,2.0,0.00646,-0.00997,-0.82403,0.00084,6e-05,0.00024,0.00797,-0.00913,-0.82295,0.00079,3e-05,0.00024,0.01629,-0.01861,-0.82375,3,37.9482,362.7634,35.7113,179.8695,0.9596,-98.2909,0.0025,23.3984,0.1686
7,000007.png,False,1788883028.648055,1788883028.588055,normal_load,1,,2.0,0.01872,0.00896,-1.10269,0.00038,1e-05,0.0001,0.02031,0.00985,-1.10154,0.00032,-3e-05,0.00011,0.01939,-0.00055,-1.10272,3,37.9455,362.7786,35.6786,179.8679,0.9645,-98.2909,0.0022,23.366,0.201
8,000008.png,False,1788883028.844065,1788883028.784065,normal_load,1,,2.0,0.02676,0.02356,-1.2294,0.0002,0.00022,0.00017,0.02839,0.02447,-1.22822,0.00014,0.00018,0.00017,0.01993,0.01408,-1.22968,3,37.9445,362.7881,35.6702,179.8668,0.9685,-98.2909,0.0038,23.3577,0.2093
9,000009.png,False,1788883029.036122,1788883028.976122,normal_load,1,,2.0,0.03062,0.03187,-1.39393,-4e-05,0.00014,0.00028,0.03229,0.03281,-1.39273,-0.0001,0.0001,0.00028,0.02026,0.02057,-1.39434,3,37.9446,362.7906,35.6567,179.8663,0.9693,-98.2911,0.0001,23.3443,0.2228
10,000010.png,False,1788883029.232102,1788883029.172102,normal_load,1,,2.0,0.02801,0.02742,-1.45493,0.00011,0.00012,0.00017,0.02972,0.02838,-1.45369,5e-05,8e-05,0.00017,0.02065,0.01444,-1.45524,3,37.9455,362.788,35.6442,179.867,0.9672,-98.2916,0.0061,23.3317,0.2353
11,000011.png,False,1788883029.624018,1788883029.564018,normal_load,1,,2.0,0.03966,0.02367,-1.89388,0.00046,2e-05,0.0001,0.04146,0.02468,-1.89258,0.0004,-2e-05,0.0001,0.03566,0.00998,-1.89408,3,37.9505,362.7813,35.6105,179.8677,0.9651,-98.2918,0.0009,23.2979,0.2691
12,000012.png,False,1788883031.184170,1788883031.124170,normal_unload,1,,0.0,0.04916,0.02161,-2.11653,0.00048,8e-05,0.00014,0.0513,0.0228,-2.11499,0.0004,3e-05,0.00014,0.04646,0.00937,-2.11668,3,37.9561,362.7831,35.5865,179.8677,0.9651,-98.2926,0.0198,23.2739,0.2931
13,000013.png,False,1788883031.380188,1788883031.320188,normal_unload,1,,0.0,0.04452,-0.00136,-1.93756,0.00099,0.0,7e-05,0.04671,-0.00014,-1.93599,0.00091,-5e-05,7e-05,0.05268,-0.00997,-1.93733,3,37.9597,362.773,35.5945,179.869,0.9612,-98.2928,0.0047,23.2817,0.2853
14,000014.png,False,1788883031.572219,1788883031.512219,normal_unload,1,,0.0,0.0449,0.00212,-1.92378,0.0008,-3e-05,6e-05,0.04712,0.00336,-1.92217,0.00072,-8e-05,6e-05,0.05117,-0.00655,-1.92361,3,37.9582,362.7735,35.5943,179.8687,0.9614,-98.2928,0.0015,23.2815,0.2855
15,000015.png,False,1788883031.768195,1788883031.708195,normal_unload,1,,0.0,0.03995,-0.00963,-1.8257,0.00108,3e-05,-1e-05,0.04222,-0.00836,-1.82407,0.001,-2e-05,-1e-05,0.05208,-0.01762,-1.82534,3,37.9599,362.7693,35.5994,179.8693,0.9595,-98.293,0.0074,23.2865,0.2805
16,000016.png,False,1788883031.964225,1788883031.904225,normal_unload,1,,0.0,0.03316,-0.01539,-1.77453,0.0014,1e-05,0.00026,0.03547,-0.0141,-1.77286,0.00132,-4e-05,0.00026,0.04872,-0.02518,-1.77406,3,37.9612,362.7648,35.6031,179.8697,0.9583,-98.2933,0.0077,23.2902,0.2768
17,000017.png,False,1788883032.160234,1788883032.100234,normal_unload,1,,0.0,0.03474,-0.01383,-1.71848,0.00118,-5e-05,0.00017,0.03709,-0.01251,-1.71678,0.0011,-0.0001,0.00018,0.04891,-0.02215,-1.71805,3,37.9612,362.7634,35.6065,179.8698,0.9581,-98.2933,0.0021,23.2935,0.2735
18,000018.png,False,1788883032.352260,1788883032.292260,normal_unload,1,,0.0,0.03337,-0.02164,-1.63196,0.00126,-7e-05,3e-05,0.03576,-0.0203,-1.63023,0.00118,-0.00012,4e-05,0.05103,-0.02821,-1.63141,3,37.9618,362.7634,35.6102,179.8702,0.9575,-98.2932,0.0076,23.2972,0.2698
19,000019.png,False,1788883032.548146,1788883032.488147,normal_unload,1,,0.0,0.02496,-0.03205,-1.51319,0.00158,-8e-05,0.00021,0.0274,-0.03069,-1.51143,0.00149,-0.00014,0.00022,0.04813,-0.03952,-1.51246,3,37.9629,362.757,35.6192,179.8712,0.9546,-98.2934,0.0043,23.3061,0.2609
20,000020.png,False,1788883032.744311,1788883032.684311,normal_unload,1,,0.0,0.02531,-0.03358,-1.37267,0.00156,-1e-05,-2e-05,0.02779,-0.03219,-1.37088,0.00148,-7e-05,-2e-05,0.04822,-0.03842,-1.37193,3,37.9637,362.7577,35.6283,179.871,0.955,-98.2937,0.0072,23.3152,0.2518
21,000021.png,False,1788883032.940233,1788883032.880234,normal_unload,1,,0.0,0.0255,-0.03385,-1.2955,0.00162,-0.0,-1e-05,0.02802,-0.03244,-1.29368,0.00153,-6e-05,-1e-05,0.04798,-0.03733,-1.29476,2,37.9631,362.7561,35.6326,179.871,0.9546,-98.2934,0.0078,23.3195,0.2475
22,000022.png,False,1788883033.328183,1788883033.268183,normal_unload,1,,0.0,0.01904,-0.0273,-1.01756,0.00129,0.00021,-4e-05,0.02165,-0.02584,-1.01568,0.0012,0.00015,-3e-05,0.03719,-0.03043,-1.01697,3,37.9644,362.758,35.6532,179.8708,0.9552,-98.2941,0.007,23.3401,0.2269
23,000023.png,False,1788883033.720364,1788883033.660364,normal_unload,1,,0.0,0.01942,-0.03235,-0.8531,0.00135,0.00019,0.00017,0.02211,-0.03084,-0.85116,0.00125,0.00012,0.00017,0.0389,-0.03198,-0.85245,3,37.964,362.756,35.6723,179.8708,0.955,-98.2939,0.0033,23.3591,0.2079
24,000024.png,False,1788883034.108303,1788883034.048303,normal_unload,1,,0.0,0.01587,-0.03487,-0.66824,0.00124,0.00012,-3e-05,0.01864,-0.03332,-0.66624,0.00114,6e-05,-3e-05,0.0358,-0.03298,-0.66757,3,37.9654,362.7553,35.6916,179.8711,0.9548,-98.2941,0.0076,23.3784,0.1886
25,000025.png,False,1788883034.304323,1788883034.244323,normal_unload,1,,0.0,0.01364,-0.04144,-0.55184,0.00136,0.00015,1e-05,0.01646,-0.03986,-0.54981,0.00126,9e-05,2e-05,0.03634,-0.03791,-0.55107,3,37.9654,362.7549,35.7032,179.8712,0.9539,-98.2945,0.0021,23.3901,0.177
26,000026.png,False,1788883034.500324,1788883034.440325,normal_unload,1,,0.0,0.01278,-0.03776,-0.44555,0.00144,0.00042,2e-05,0.01565,-0.03616,-0.44348,0.00134,0.00036,3e-05,0.03303,-0.03345,-0.44485,3,37.9652,362.7571,35.7194,179.8708,0.9552,-98.2945,0.0028,23.4063,0.1607
27,000027.png,False,1788883034.696337,1788883034.636337,normal_unload,1,,0.0,0.00834,-0.03899,-0.39685,0.00114,0.00021,3e-05,0.01124,-0.03736,-0.39475,0.00104,0.00015,4e-05,0.02945,-0.03596,-0.39613,3,37.966,362.7547,35.7266,179.8713,0.9542,-98.2943,0.0077,23.4135,0.1535
28,000028.png,False,1788883034.892246,1788883034.832247,normal_unload,1,,0.0,0.00847,-0.03095,-0.2778,0.00128,0.00053,-9e-05,0.01141,-0.0293,-0.27567,0.00118,0.00046,-8e-05,0.02472,-0.02702,-0.27724,3,37.9652,362.7589,35.75,179.8712,0.9546,-98.2945,0.0044,23.4369,0.1301
29,000029.png,False,1788883035.084347,1788883035.024347,normal_unload,1,,0.0,0.00667,-0.03459,-0.24973,0.0011,0.00037,-0.0001,0.00966,-0.03292,-0.24758,0.00099,0.0003,-9e-05,0.02479,-0.03063,-0.24911,3,37.9651,362.7572,35.7568,179.8712,0.9537,-98.2945,0.0047,23.4437,0.1233
30,000030.png,False,1788883035.280358,1788883035.220358,normal_unload,1,,0.0,0.00257,-0.04033,-0.17488,0.00107,0.00032,-2e-05,0.0056,-0.03863,-0.17269,0.00096,0.00025,-1e-05,0.02358,-0.03644,-0.17416,3,37.9655,362.7509,35.7727,179.8722,0.9508,-98.2945,0.0099,23.4594,0.1076
31,000031.png,False,1788883035.476272,1788883035.416272,normal_unload,1,,0.0,0.00077,-0.03877,-0.17726,0.00112,0.00023,-7e-05,0.00384,-0.03705,-0.17504,0.00101,0.00016,-6e-05,0.02127,-0.03603,-0.17657,3,37.9661,362.7514,35.7752,179.8722,0.9508,-98.2945,0.0051,23.4619,0.1051
32,000032.png,False,1788883035.672281,1788883035.612281,normal_unload,1,,0.0,-0.00641,-0.02764,-0.0144,0.00078,0.00035,0.00012,-0.00329,-0.02589,-0.01214,0.00067,0.00028,0.00012,0.00836,-0.02737,-0.0139,3,37.963,362.761,35.8459,179.8708,0.955,-98.2945,0.0014,23.5329,0.0342
33,000033.png,False,1788883037.036339,1788883036.976339,dwell,1,,0.0,-0.01197,-0.02153,-0.00233,0.00076,0.00034,-3e-05,-0.00856,-0.01962,0.00013,0.00064,0.00026,-3e-05,0.00041,-0.02467,-0.00193,3,37.9658,362.7602,35.8785,179.8719,0.9517,-98.2958,0.0014,23.5654,0.0016
34,000034.png,False,1788883038.208389,1788883038.148389,normal_load,2,,2.0,-0.01375,-0.00595,-0.0004,0.00028,0.00022,-9e-05,-0.01009,-0.00389,0.00224,0.00015,0.00014,-8e-05,-0.00894,-0.01203,-0.00027,3,37.9427,362.8019,35.8928,179.8712,0.9535,-98.2987,0.0043,23.5805,-0.0135
35,000035.png,False,1788883038.400491,1788883038.340491,normal_load,2,,2.0,-0.02125,-0.00011,-0.00567,0.00039,0.00026,-0.00013,-0.01754,0.00196,-0.00299,0.00026,0.00018,-0.00012,-0.01831,-0.0108,-0.00563,3,37.9251,362.8045,35.8916,179.8712,0.9535,-98.2958,0.0049,23.5795,-0.0125
36,000036.png,False,1788883038.792504,1788883038.732504,normal_load,2,,2.0,-0.02201,0.00228,-0.02503,1e-05,-0.0001,4e-05,-0.01822,0.00441,-0.02229,-0.00012,-0.00018,5e-05,-0.02003,-0.00942,-0.02502,3,37.9097,362.8074,35.8796,179.8714,0.9531,-98.2934,0.0051,23.5676,-0.0006
37,000037.png,False,1788883038.988508,1788883038.928508,normal_load,2,,2.0,-0.02569,0.00516,-0.05021,0.00021,-1e-05,-5e-05,-0.02185,0.00731,-0.04743,8e-05,-0.0001,-5e-05,-0.02448,-0.00917,-0.05024,3,37.9016,362.8089,35.861,179.8717,0.9521,-98.2923,0.0014,23.5491,0.0179
38,000038.png,False,1788883039.180512,1788883039.120512,normal_load,2,,2.0,-0.024,0.00595,-0.11225,0.00016,-4e-05,0.00024,-0.02012,0.00812,-0.10945,2e-05,-0.00013,0.00025,-0.02298,-0.00864,-0.11229,4,37.9,362.8061,35.8276,179.8723,0.9504,-98.2919,0.0089,23.5157,0.0513
39,000039.png,False,1788883039.376532,1788883039.316532,normal_load,2,,2.0,-0.02143,0.00695,-0.20648,8e-05,-0.00013,0.00013,-0.01751,0.00914,-0.20365,-6e-05,-0.00022,0.00014,-0.0206,-0.008,-0.20653,3,37.9016,362.8115,35.8063,179.872,0.9517,-98.2923,0.0031,23.4945,0.0725
40,000040.png,False,1788883039.572564,1788883039.512564,normal_load,2,,2.0,-0.02473,0.00221,-0.25062,0.00018,-0.00017,0.00011,-0.02076,0.00443,-0.24775,4e-05,-0.00026,0.00011,-0.02079,-0.01446,-0.25057,3,37.9009,362.8053,35.7906,179.872,0.951,-98.2921,0.0068,23.4786,0.0884
41,000041.png,False,1788883039.768583,1788883039.708583,normal_load,2,,2.0,-0.01865,0.01333,-0.43411,-7e-05,-0.00015,0.00029,-0.01464,0.01557,-0.43121,-0.00021,-0.00024,0.0003,-0.01981,-0.00473,-0.43424,3,37.8997,362.8133,35.7596,179.8714,0.9531,-98.2921,0.0078,23.4478,0.1192
42,000042.png,False,1788883039.964584,1788883039.904584,normal_load,2,,2.0,-0.01706,0.01301,-0.46784,-1e-05,-0.00012,0.00024,-0.01301,0.01527,-0.46491,-0.00015,-0.00021,0.00025,-0.01804,-0.00476,-0.46796,3,37.8997,362.812,35.7481,179.8715,0.9527,-98.2921,0.0094,23.4363,0.1307
43,000043.png,False,1788883040.156564,1788883040.096565,normal_load,2,,2.0,-0.01125,0.02674,-0.73231,-0.0003,-0.00017,0.00026,-0.00715,0.02903,-0.72935,-0.00045,-0.00027,0.00027,-0.01802,0.00581,-0.73264,3,37.8967,362.8215,35.7151,179.8706,0.9554,-98.2919,0.0015,23.4035,0.1635
44,000044.png,False,1788883040.352597,1788883040.292598,normal_load,2,,2.0,-0.01103,0.02775,-0.80162,-0.00027,-0.00018,8e-05,-0.00689,0.03006,-0.79863,-0.00041,-0.00027,9e-05,-0.01786,0.00568,-0.80195,3,37.898,362.8216,35.7008,179.8707,0.9552,-98.2924,0.0042,23.3892,0.1778
45,000045.png,False,1788883040.548656,1788883040.488656,normal_load,2,,2.0,-0.00813,0.03665,-1.03988,-0.00037,-0.00016,0.00013,-0.00395,0.03899,-1.03686,-0.00052,-0.00025,0.00014,-0.01814,0.01102,-1.04034,3,37.8976,362.8239,35.6803,179.8705,0.9556,-98.2924,0.01,23.3688,0.1983
46,000046.png,False,1788883040.744589,1788883040.684589,normal_load,2,,2.0,-0.00203,0.04561,-1.27842,-0.00041,-0.00023,2e-05,0.00219,0.04797,-1.27538,-0.00056,-0.00033,3e-05,-0.01568,0.018,-1.27902,3,37.8968,362.8254,35.6576,179.8707,0.9556,-98.2919,0.0047,23.346,0.221
47,000047.png,False,1788883040.936599,1788883040.876600,normal_load,2,,2.0,-0.00101,0.04513,-1.30002,-0.00045,-0.00021,0.00021,0.00325,0.04751,-1.29694,-0.0006,-0.00031,0.00022,-0.01441,0.01775,-1.3006,3,37.897,362.8269,35.6554,179.8702,0.9564,-98.2922,0.0045,23.3439,0.2231
48,000048.png,False,1788883041.328526,1788883041.268527,normal_load,2,,2.0,0.00482,0.05731,-1.56634,-0.00066,-0.00027,-9e-05,0.00917,0.05974,-1.5632,-0.00081,-0.00037,-8e-05,-0.0136,0.02695,-1.56711,3,37.8965,362.8295,35.628,179.87,0.9572,-98.2924,0.0032,23.3165,0.2505
49,000049.png,False,1788883042.304656,1788883042.244656,normal_unload,2,,0.0,0.01344,0.07241,-2.01352,-0.00081,-0.00035,0.00017,0.018,0.07496,-2.01023,-0.00097,-0.00046,0.00018,-0.01058,0.03718,-2.0145,3,37.8952,362.8363,35.5982,179.8696,0.9589,-98.2922,0.0067,23.2869,0.2801
50,000050.png,False,1788883042.500663,1788883042.440663,normal_unload,2,,0.0,0.01445,0.07539,-1.95987,-0.00097,-0.00039,-9e-05,0.01905,0.07796,-1.95655,-0.00113,-0.0005,-8e-05,-0.01156,0.04111,-1.96091,3,37.8942,362.8399,35.5978,179.8689,0.9596,-98.2924,0.0015,23.2865,0.2805
51,000051.png,False,1788883042.692657,1788883042.632658,normal_unload,2,,0.0,0.01665,0.073,-1.96376,-0.0009,-0.00033,2e-05,0.0213,0.0756,-1.9604,-0.00106,-0.00044,3e-05,-0.00843,0.04009,-1.96476,3,37.8951,362.8386,35.5987,179.869,0.9594,-98.2922,0.008,23.2874,0.2796
52,000052.png,False,1788883042.888684,1788883042.828684,normal_unload,2,,0.0,0.01598,0.07684,-1.90823,-0.00109,-0.00033,3e-05,0.02067,0.07946,-1.90484,-0.00125,-0.00044,4e-05,-0.01132,0.04396,-1.9093,3,37.8936,362.8387,35.599,179.8693,0.9591,-98.2922,0.0013,23.2877,0.2793
53,000053.png,False,1788883043.084599,1788883043.024600,normal_unload,2,,0.0,0.01269,0.07026,-1.87219,-0.00089,-0.00039,0.00012,0.01742,0.07291,-1.86877,-0.00105,-0.0005,0.00013,-0.01113,0.0372,-1.87314,3,37.8949,362.8385,35.6035,179.8695,0.9585,-98.2924,0.0085,23.2922,0.2748
54,000054.png,False,1788883043.280697,1788883043.220697,normal_unload,2,,0.0,0.01086,0.06025,-1.809,-0.00067,-0.00036,0.00012,0.01564,0.06292,-1.80555,-0.00084,-0.00047,0.00012,-0.00815,0.02863,-1.80979,3,37.8958,362.8337,35.6057,179.87,0.9572,-98.2924,0.0143,23.2943,0.2727
55,000055.png,False,1788883043.472625,1788883043.412625,normal_unload,2,,0.0,0.00638,0.04387,-1.67298,-0.00029,-0.00047,9e-05,0.01119,0.04656,-1.6695,-0.00046,-0.00058,0.0001,-0.0048,0.01438,-1.6735,3,37.8969,362.8274,35.6125,179.8709,0.9545,-98.2924,0.0059,23.301,0.266
56,000056.png,False,1788883043.668715,1788883043.608715,normal_unload,2,,0.0,0.00037,0.03541,-1.56674,-0.00017,-0.00039,0.0,0.00523,0.03813,-1.56323,-0.00034,-0.0005,1e-05,-0.00651,0.00576,-1.56712,3,37.8984,362.8219,35.6183,179.8711,0.953,-98.2926,0.0087,23.3067,0.2604
57,000057.png,False,1788883043.864636,1788883043.804636,normal_unload,2,,0.0,0.00039,0.0362,-1.54136,-0.00021,-0.0005,4e-05,0.00529,0.03894,-1.53782,-0.00038,-0.00061,5e-05,-0.00706,0.00686,-1.54175,3,37.898,362.8225,35.6188,179.8714,0.9529,-98.2926,0.0033,23.3072,0.2598
58,000058.png,False,1788883044.060645,1788883044.000645,normal_unload,2,,0.0,-0.00393,0.02794,-1.42248,-6e-05,-0.0004,-7e-05,0.00101,0.03071,-1.41891,-0.00023,-0.00051,-6e-05,-0.00751,-0.00055,-1.42274,3,37.8985,362.8187,35.6252,179.872,0.9512,-98.2926,0.0031,23.3136,0.2534
59,000059.png,False,1788883044.256737,1788883044.196738,normal_unload,2,,0.0,-0.00563,0.02683,-1.37635,-6e-05,-0.00041,0.00018,-0.00065,0.02962,-1.37275,-0.00023,-0.00053,0.00019,-0.00874,-0.00162,-1.3766,3,37.9002,362.8165,35.6321,179.8717,0.9514,-98.2928,0.0089,23.3203,0.2467
60,000060.png,False,1788883044.448667,1788883044.388667,normal_unload,2,,0.0,-0.00519,0.02504,-1.31382,3e-05,-0.0004,0.00017,-0.00016,0.02785,-1.31019,-0.00015,-0.00051,0.00018,-0.0079,-0.00196,-1.31405,3,37.8995,362.8175,35.634,179.872,0.9506,-98.293,0.0007,23.3223,0.2447
61,000061.png,False,1788883044.644779,1788883044.584780,normal_unload,2,,0.0,-0.0089,0.02218,-1.10014,0.00015,-0.00021,0.00022,-0.00383,0.02502,-1.09647,-3e-05,-0.00033,0.00023,-0.01117,-0.00286,-1.10033,3,37.8985,362.819,35.6506,179.872,0.9512,-98.2928,0.0079,23.3389,0.2281
62,000062.png,False,1788883044.840802,1788883044.780802,normal_unload,2,,0.0,-0.00461,0.01904,-0.97054,-0.00011,-0.00028,3e-05,0.0005,0.0219,-0.96684,-0.00029,-0.00039,4e-05,-0.00678,-0.00136,-0.97071,3,37.8982,362.8202,35.659,179.8718,0.9517,-98.2928,0.0029,23.3473,0.2197
63,000063.png,False,1788883045.036720,1788883044.976720,normal_unload,2,,0.0,-0.00948,0.02188,-0.94202,0.00016,-0.00016,0.00028,-0.00433,0.02476,-0.9383,-2e-05,-0.00028,0.00029,-0.01261,-0.00088,-0.94224,3,37.8994,362.8179,35.6662,179.8721,0.9508,-98.293,0.0084,23.3545,0.2125
64,000064.png,False,1788883045.228807,1788883045.168808,normal_unload,2,,0.0,-0.00915,0.01516,-0.77003,-0.00011,-0.00031,0.00025,-0.00396,0.01806,-0.76628,-0.00029,-0.00043,0.00026,-0.01016,-0.00378,-0.77016,3,37.8985,362.8186,35.6796,179.872,0.9512,-98.2928,0.0028,23.3679,0.1991
65,000065.png,False,1788883045.424708,1788883045.364708,normal_unload,2,,0.0,-0.01123,0.01555,-0.74857,5e-05,-0.00017,0.00017,-0.00599,0.01848,-0.74479,-0.00013,-0.00029,0.00018,-0.01231,-0.00414,-0.7487,3,37.8992,362.8174,35.683,179.872,0.9506,-98.293,0.0088,23.3713,0.1957
66,000066.png,False,1788883045.620713,1788883045.560713,normal_unload,2,,0.0,-0.01273,0.0068,-0.6437,0.00018,-0.00028,0.00023,-0.00745,0.00975,-0.63988,-1e-05,-0.0004,0.00024,-0.00996,-0.01078,-0.64369,3,37.9002,362.8117,35.6955,179.8729,0.9486,-98.2932,0.006,23.3837,0.1833
67,000067.png,False,1788883045.816722,1788883045.756722,normal_unload,2,,0.0,-0.0138,0.00398,-0.66522,0.00037,-0.00017,0.00014,-0.00848,0.00696,-0.66138,0.00019,-0.00029,0.00016,-0.00933,-0.01411,-0.66516,3,37.8997,362.8119,35.6953,179.8728,0.9488,-98.2932,0.0169,23.3836,0.1835
68,000068.png,False,1788883046.012862,1788883045.952862,normal_unload,2,,0.0,-0.01823,-0.00301,-0.56482,0.0005,-0.00016,0.00012,-0.01287,-0.0,-0.56094,0.00031,-0.00029,0.00013,-0.01038,-0.02076,-0.56465,3,37.9002,362.8064,35.7052,179.8733,0.9466,-98.2934,0.0088,23.3933,0.1737
69,000069.png,False,1788883046.204892,1788883046.144892,normal_unload,2,,0.0,-0.01721,0.00441,-0.38477,0.00021,-0.00012,1e-05,-0.0118,0.00744,-0.38086,2e-05,-0.00024,2e-05,-0.01444,-0.01094,-0.38475,3,37.8997,362.8122,35.7292,179.8722,0.9504,-98.2934,0.0069,23.4174,0.1496
70,000070.png,False,1788883046.400846,1788883046.340847,normal_unload,2,,0.0,-0.01742,0.00252,-0.3182,0.00034,-3e-05,0.0001,-0.01197,0.00556,-0.31426,0.00014,-0.00016,0.00011,-0.01414,-0.01162,-0.31816,3,37.9006,362.8117,35.7446,179.8724,0.9498,-98.2936,0.0079,23.4328,0.1342
71,000071.png,False,1788883046.596801,1788883046.536801,normal_unload,2,,0.0,-0.01823,0.00334,-0.2627,0.00014,-0.00014,2e-05,-0.01273,0.00641,-0.25873,-5e-05,-0.00026,3e-05,-0.01563,-0.01043,-0.26268,3,37.8999,362.8112,35.7559,179.8724,0.9498,-98.2936,0.001,23.4441,0.1229
72,000072.png,False,1788883046.984905,1788883046.924905,normal_unload,2,,0.0,-0.01971,0.01099,-0.18451,1e-05,4e-05,3e-05,-0.01413,0.01411,-0.18048,-0.00019,-9e-05,4e-05,-0.02128,-0.00329,-0.18463,3,37.8994,362.819,35.7765,179.8726,0.9494,-98.2939,0.0067,23.4648,0.1022
73,000073.png,False,1788883047.376786,1788883047.316786,normal_unload,2,,0.0,-0.01973,0.00473,-0.03012,-7e-05,1e-05,-9e-05,-0.01406,0.0079,-0.02603,-0.00026,-0.00011,-8e-05,-0.01924,-0.00624,-0.03015,3,37.898,362.8226,35.8333,179.8723,0.9502,-98.2936,0.0038,23.5217,0.0453
74,000074.png,False,1788883048.740855,1788883048.680855,dwell,2,,0.0,-0.02124,0.00133,0.00904,0.00013,1e-05,4e-05,-0.01528,0.00466,0.01334,-8e-05,-0.00012,5e-05,-0.01913,-0.00932,0.00905,3,37.8989,362.816,35.8838,179.8733,0.9473,-98.2941,0.0027,23.572,-0.005
75,000075.png,False,1788883049.716934,1788883049.656934,normal_load,3,,2.0,-0.0162,-0.0059,0.00452,0.00029,0.00023,-6e-05,-0.01002,-0.00244,0.00898,7e-05,9e-05,-5e-05,-0.01112,-0.01313,0.00465,3,37.9266,362.8126,35.894,179.8724,0.95,-98.2958,0.0067,23.582,-0.015
76,000076.png,False,1788883050.109000,1788883050.049001,normal_load,3,,2.0,-0.01601,-0.00491,0.01283,0.00045,0.00032,-0.00027,-0.00975,-0.0014,0.01735,0.00024,0.00017,-0.00026,-0.01151,-0.01204,0.01295,3,37.9258,362.8098,35.8906,179.8725,0.9498,-98.2954,0.0009,23.5785,-0.0115
77,000077.png,False,1788883051.085061,1788883051.025061,normal_load,3,,2.0,-0.01483,-0.00228,-0.07849,0.0003,0.00029,-0.00022,-0.00835,0.00134,-0.07382,7e-05,0.00014,-0.00021,-0.01116,-0.01064,-0.07841,3,37.9244,362.8177,35.831,179.8728,0.9495,-98.2954,0.0056,23.5192,0.0479
78,000078.png,False,1788883051.277060,1788883051.217060,normal_load,3,,2.0,-0.01265,0.00756,-0.15882,0.00022,0.00035,-0.00036,-0.00614,0.0112,-0.15411,-1e-05,0.0002,-0.00035,-0.01363,-0.00232,-0.1589,3,37.9231,362.829,35.8052,179.8708,0.9547,-98.2958,0.0055,23.4935,0.0735
79,000079.png,False,1788883051.473054,1788883051.413054,normal_load,3,,2.0,-0.00915,-2e-05,-0.22961,7e-05,0.00015,-9e-05,-0.00259,0.00365,-0.22488,-0.00016,0.0,-8e-05,-0.00632,-0.00826,-0.22956,3,37.9232,362.8241,35.7846,179.8717,0.9521,-98.2954,0.0001,23.4728,0.0942
80,000080.png,False,1788883051.669076,1788883051.609076,normal_load,3,,2.0,-0.00704,0.00837,-0.36857,8e-05,0.00024,-0.00011,-0.00044,0.01206,-0.3638,-0.00015,9e-05,-0.0001,-0.00773,-0.00217,-0.36864,3,37.9206,362.83,35.7619,179.8711,0.9532,-98.2952,0.0057,23.4503,0.1167
81,000081.png,False,1788883051.865096,1788883051.805096,normal_load,3,,2.0,-0.00719,0.00608,-0.51262,8e-05,-1e-05,-0.00028,-0.00055,0.00979,-0.50782,-0.00015,-0.00016,-0.00027,-0.00571,-0.00654,-0.51263,3,37.9232,362.8254,35.7305,179.8719,0.9521,-98.2956,0.009,23.4187,0.1483
82,000082.png,False,1788883052.057087,1788883051.997087,normal_load,3,,2.0,-0.00203,0.01417,-0.69009,0.0,3e-05,-0.00031,0.00465,0.01791,-0.68526,-0.00023,-0.00012,-0.0003,-0.00405,0.00021,-0.69023,3,37.9224,362.8283,35.7106,179.8714,0.9529,-98.2954,0.0004,23.3989,0.1681
83,000083.png,False,1788883052.253072,1788883052.193072,normal_load,3,,2.0,0.004,0.02953,-0.85312,-0.00024,0.00019,-0.00014,0.01073,0.03329,-0.84827,-0.00048,4e-05,-0.00012,-0.00537,0.01391,-0.85351,3,37.9216,362.8371,35.6908,179.8703,0.9557,-98.2958,0.006,23.3792,0.1878
84,000084.png,False,1788883052.449098,1788883052.389098,normal_load,3,,2.0,0.00539,0.03277,-0.97793,-0.00043,6e-05,-0.0,0.01216,0.03655,-0.97305,-0.00067,-9e-05,1e-05,-0.00492,0.01541,-0.97836,3,37.921,362.8361,35.6806,179.8706,0.9554,-98.2954,0.0051,23.369,0.198
85,000085.png,False,1788883052.645108,1788883052.585108,normal_load,3,,2.0,0.01316,0.04595,-1.15462,-0.00052,0.00015,-2e-05,0.01997,0.04976,-1.1497,-0.00075,-0.0,-1e-05,-0.00355,0.02788,-1.15526,3,37.9195,362.8417,35.6663,179.8699,0.9574,-98.2952,0.0086,23.3548,0.2122
86,000086.png,False,1788883052.841172,1788883052.781172,normal_load,3,,2.0,0.00877,0.04193,-1.15001,-0.00042,0.00022,-7e-05,0.01563,0.04576,-1.14506,-0.00066,6e-05,-6e-05,-0.00538,0.02227,-1.15058,3,37.92,362.8418,35.665,179.8699,0.9574,-98.2956,0.006,23.3535,0.2135
87,000087.png,False,1788883053.033037,1788883052.973037,normal_load,3,,2.0,0.01682,0.05176,-1.37437,-0.00055,0.00018,3e-05,0.02371,0.05561,-1.36939,-0.00079,3e-05,4e-05,-0.00176,0.03121,-1.37509,3,37.9193,362.8453,35.6473,179.8695,0.9587,-98.2956,0.0033,23.3359,0.2311
88,000088.png,False,1788883053.229046,1788883053.169046,normal_load,3,,2.0,0.01705,0.04598,-1.67447,-0.00035,-0.0001,4e-05,0.02399,0.04986,-1.66946,-0.00059,-0.00026,6e-05,0.00341,0.02152,-1.67504,3,37.9197,362.8403,35.6243,179.87,0.957,-98.2956,0.0084,23.3128,0.2542
89,000089.png,False,1788883053.425051,1788883053.365051,normal_load,3,,2.0,0.01637,0.05301,-1.72438,-0.00044,-6e-05,1e-05,0.02335,0.05691,-1.71934,-0.00069,-0.00022,2e-05,-0.00035,0.02647,-1.72507,3,37.9195,362.8418,35.6188,179.87,0.957,-98.2956,0.0068,23.3074,0.2596
90,000090.png,False,1788883054.009205,1788883053.949205,normal_unload,3,,0.0,0.01962,0.06023,-2.02238,-0.00047,-0.0001,0.00015,0.02673,0.0642,-2.01725,-0.00072,-0.00026,0.00016,0.00093,0.02957,-2.02316,3,37.9187,362.8428,35.5971,179.87,0.9572,-98.2956,0.0083,23.2857,0.2813
91,000091.png,False,1788883054.205261,1788883054.145261,normal_unload,3,,0.0,0.02046,0.05545,-1.99302,-0.00042,-7e-05,-1e-05,0.02761,0.05945,-1.98786,-0.00067,-0.00023,1e-05,0.00384,0.02632,-1.99372,3,37.9197,362.8429,35.5976,179.87,0.9572,-98.2956,0.0036,23.2862,0.2808
92,000092.png,False,1788883054.593231,1788883054.533231,normal_unload,3,,0.0,0.01955,0.0543,-1.94315,-0.00059,-0.00018,0.00012,0.02678,0.05835,-1.93792,-0.00084,-0.00034,0.00013,0.00327,0.02567,-1.94383,3,37.9194,362.8422,35.5981,179.8698,0.9569,-98.2956,0.0006,23.2867,0.2803
93,000093.png,False,1788883054.789113,1788883054.729113,normal_unload,3,,0.0,0.01934,0.04953,-1.87453,-0.00049,-0.00019,4e-05,0.02662,0.0536,-1.86927,-0.00075,-0.00035,6e-05,0.00501,0.02253,-1.87514,3,37.92,362.8392,35.5999,179.8703,0.9562,-98.2959,0.0073,23.2884,0.2786
94,000094.png,False,1788883054.985205,1788883054.925205,normal_unload,3,,0.0,0.01505,0.04626,-1.81361,-0.00039,-0.00018,-5e-05,0.02237,0.05036,-1.80832,-0.00065,-0.00035,-4e-05,0.0025,0.01854,-1.81416,3,37.919,362.8396,35.6034,179.8704,0.956,-98.2956,0.0019,23.292,0.275
95,000095.png,False,1788883055.181251,1788883055.121251,normal_unload,3,,0.0,0.01208,0.03358,-1.70616,-5e-05,-0.00017,-2e-05,0.01944,0.0377,-1.70084,-0.0003,-0.00033,-0.0,0.00552,0.00779,-1.70651,3,37.9215,362.8343,35.6101,179.8711,0.9539,-98.2961,0.0055,23.2985,0.2685
96,000096.png,False,1788883055.377221,1788883055.317221,normal_unload,3,,0.0,0.00702,0.01665,-1.56091,0.00025,-0.00029,-4e-05,0.01443,0.0208,-1.55557,-1e-05,-0.00046,-3e-05,0.00858,-0.00707,-1.56098,3,37.9222,362.8297,35.6172,179.8718,0.9517,-98.296,0.0004,23.3056,0.2614
97,000097.png,False,1788883055.569238,1788883055.509238,normal_unload,3,,0.0,0.00544,0.02183,-1.56765,1e-05,-0.00023,0.00017,0.01288,0.02599,-1.56228,-0.00025,-0.0004,0.00019,0.00467,-0.00349,-1.5678,3,37.9218,362.8281,35.6184,179.8718,0.9517,-98.2958,0.0099,23.3067,0.2603
98,000098.png,False,1788883055.765269,1788883055.705269,normal_unload,3,,0.0,0.00487,0.01839,-1.47266,0.00043,-0.00018,-7e-05,0.01236,0.02258,-1.46725,0.00017,-0.00036,-5e-05,0.00524,-0.00523,-1.47276,3,37.9232,362.8265,35.6242,179.8725,0.9505,-98.296,0.0048,23.3125,0.2545
99,000099.png,False,1788883056.157270,1788883056.097270,normal_unload,3,,0.0,0.00125,0.01254,-1.31566,0.00031,-0.00023,0.00012,0.00882,0.01678,-1.31019,5e-05,-0.0004,0.00014,0.00393,-0.00959,-1.31568,3,37.9233,362.822,35.6365,179.8726,0.9494,-98.2962,0.0047,23.3247,0.2423
100,000100.png,False,1788883056.349263,1788883056.289263,normal_unload,3,,0.0,-0.00332,0.00425,-1.24238,0.00053,-0.00012,0.00031,0.00429,0.00851,-1.23688,0.00026,-0.00029,0.00033,0.00361,-0.01788,-1.24226,3,37.9237,362.822,35.6396,179.8731,0.9479,-98.296,0.004,23.3278,0.2392
101,000101.png,False,1788883056.545301,1788883056.485301,normal_unload,3,,0.0,-0.00804,-0.00507,-1.04689,0.00058,-0.00023,-0.0001,-0.00039,-0.00079,-1.04136,0.00031,-0.00041,-8e-05,0.00282,-0.02518,-1.04663,3,37.9237,362.8173,35.6511,179.8736,0.9463,-98.296,0.0094,23.3393,0.2277
102,000102.png,False,1788883056.741303,1788883056.681304,normal_unload,3,,0.0,0.00214,0.01017,-0.89501,0.00016,-5e-05,0.00017,0.00984,0.01448,-0.88945,-0.00011,-0.00022,0.00019,0.00297,-0.00446,-0.89506,3,37.9224,362.8286,35.6698,179.8725,0.9496,-98.2965,0.004,23.3582,0.2088
103,000103.png,False,1788883056.937294,1788883056.877295,normal_unload,3,,0.0,-0.00463,0.00325,-0.7295,0.00029,0.00011,7e-05,0.00312,0.00758,-0.7239,2e-05,-7e-05,9e-05,-0.00058,-0.01118,-0.72943,3,37.922,362.8237,35.6829,179.8725,0.9498,-98.2962,0.0011,23.3711,0.1959
104,000104.png,False,1788883057.133364,1788883057.073364,normal_unload,3,,0.0,-0.00583,0.00179,-0.68972,0.00022,-6e-05,1e-05,0.00196,0.00614,-0.6841,-5e-05,-0.00024,2e-05,-0.00116,-0.01241,-0.68964,3,37.9237,362.8222,35.6878,179.8727,0.949,-98.2965,0.0064,23.376,0.191
105,000105.png,False,1788883057.521338,1788883057.461339,normal_unload,3,,0.0,-0.00914,0.00155,-0.55373,0.00033,6e-05,-0.00016,-0.00127,0.00596,-0.54804,6e-05,-0.00012,-0.00015,-0.00485,-0.01209,-0.55365,3,37.9248,362.8224,35.7018,179.8727,0.9492,-98.2969,0.0011,23.3901,0.177
106,000106.png,False,1788883057.717320,1788883057.657320,normal_unload,3,,0.0,-0.00837,-0.00148,-0.46228,0.0003,6e-05,-6e-05,-0.00046,0.00295,-0.45657,3e-05,-0.00012,-4e-05,-0.00331,-0.01287,-0.46217,3,37.9229,362.8234,35.7147,179.8731,0.9477,-98.2967,0.0068,23.4029,0.1641
107,000107.png,False,1788883057.913351,1788883057.853351,normal_unload,3,,0.0,-0.00892,-0.00276,-0.38041,0.00028,0.0001,-0.00018,-0.00097,0.00169,-0.37466,0.0,-8e-05,-0.00016,-0.00371,-0.01294,-0.38029,3,37.9234,362.8226,35.7271,179.873,0.9481,-98.2967,0.0018,23.4153,0.1517
108,000108.png,False,1788883058.105374,1788883058.045374,normal_unload,3,,0.0,-0.00993,-0.0036,-0.34817,0.00043,0.00024,-0.00016,-0.00193,0.00088,-0.34239,0.00015,5e-05,-0.00015,-0.00439,-0.01365,-0.34804,3,37.9234,362.823,35.7356,179.8731,0.9477,-98.2971,0.0095,23.4238,0.1432
109,000109.png,False,1788883058.301353,1788883058.241354,normal_unload,3,,0.0,-0.00694,0.00345,-0.21827,6e-05,0.00027,-0.00011,0.0011,0.00794,-0.21246,-0.00022,8e-05,-0.0001,-0.00622,-0.00398,-0.21828,3,37.9222,362.8303,35.758,179.8726,0.9494,-98.2969,0.0031,23.4463,0.1207
110,000110.png,False,1788883058.497346,1788883058.437346,normal_unload,3,,0.0,-0.0093,0.00345,-0.19017,0.00018,0.00035,-0.00021,-0.00122,0.00797,-0.18433,-0.0001,0.00016,-0.0002,-0.00846,-0.0047,-0.19018,3,37.9208,362.8292,35.7655,179.8725,0.9489,-98.2967,0.0047,23.4538,0.1132
111,000111.png,False,1788883058.885382,1788883058.825382,normal_unload,3,,0.0,-0.00995,-0.00058,-0.09624,0.00021,0.00026,-8e-05,-0.00178,0.00399,-0.09034,-7e-05,7e-05,-7e-05,-0.00766,-0.00701,-0.0962,3,37.9221,362.8272,35.7996,179.8727,0.9483,-98.2971,0.0003,23.4879,0.0791
112,000112.png,False,1788883059.473428,1788883059.413428,normal_unload,3,,0.0,-0.01439,0.00275,0.002,0.00018,0.00036,6e-05,-0.00609,0.00739,0.00799,-0.00011,0.00017,8e-05,-0.01385,-0.00477,0.00198,3,37.9206,362.8326,35.8622,179.8725,0.9496,-98.2969,0.0027,23.5505,0.0165
113,000113.png,False,1788883060.449490,1788883060.389490,dwell,3,,0.0,-0.01441,-0.00116,0.00701,0.00017,0.00031,5e-05,-0.0059,0.0036,0.01316,-0.00012,0.00012,6e-05,-0.01195,-0.00809,0.00706,3,37.922,362.8329,35.8835,179.8734,0.9476,-98.2973,0.0044,23.5718,-0.0048
114,000114.png,False,1788883061.421498,1788883061.361498,normal_load,4,,2.0,-0.01822,-0.00415,-0.00565,0.0002,0.00021,1e-05,-0.0095,0.00073,0.00065,-0.00011,1e-05,3e-05,-0.01367,-0.01279,-0.00554,3,37.9259,362.8119,35.8859,179.8729,0.949,-98.2978,0.0003,23.5739,-0.0069
115,000115.png,False,1788883061.813511,1788883061.753511,normal_load,4,,2.0,-0.01751,-0.00632,-0.01554,0.00038,0.00027,-6e-05,-0.00871,-0.00139,-0.00918,7e-05,7e-05,-4e-05,-0.01191,-0.01447,-0.01539,3,37.9257,362.8055,35.872,179.8732,0.9475,-98.298,0.004,23.5599,0.0071
116,000116.png,False,1788883062.009516,1788883061.949516,normal_load,4,,2.0,-0.01845,-0.0094,-0.07499,0.00038,0.00021,8e-05,-0.0096,-0.00445,-0.0686,7e-05,1e-05,0.0001,-0.01077,-0.01856,-0.07477,3,37.9263,362.7998,35.842,179.874,0.9451,-98.2977,0.0027,23.5299,0.0372
117,000117.png,False,1788883062.205549,1788883062.145550,normal_load,4,,2.0,-0.01725,-0.00999,-0.08802,0.00045,0.00028,0.00018,-0.00836,-0.00502,-0.0816,0.00014,8e-05,0.00019,-0.00934,-0.01868,-0.0878,3,37.9278,362.7986,35.8416,179.874,0.9451,-98.2982,0.0085,23.5293,0.0377
118,000118.png,False,1788883062.397555,1788883062.337555,normal_load,4,,2.0,-0.01663,-0.01001,-0.21044,0.00054,0.00022,0.00018,-0.0077,-0.00501,-0.20398,0.00023,2e-05,0.0002,-0.00794,-0.02035,-0.2102,3,37.9268,362.8044,35.797,179.8733,0.9473,-98.2982,0.0012,23.4848,0.0822
119,000119.png,False,1788883062.593452,1788883062.533453,normal_load,4,,2.0,-0.01213,-0.00505,-0.23189,0.00034,0.0002,0.00024,-0.00316,-3e-05,-0.2254,3e-05,-0.0,0.00026,-0.00638,-0.01415,-0.23174,3,37.9259,362.8054,35.7976,179.873,0.9473,-98.2982,0.0042,23.4855,0.0815
120,000120.png,False,1788883062.789575,1788883062.729575,normal_load,4,,2.0,-0.00694,0.00427,-0.45705,0.0002,0.00012,0.00026,0.00208,0.00931,-0.45054,-0.00012,-9e-05,0.00027,-0.00498,-0.00709,-0.45704,3,37.9263,362.8069,35.7506,179.8731,0.9477,-98.2984,0.0091,23.4385,0.1285
121,000121.png,False,1788883062.985559,1788883062.925559,normal_load,4,,2.0,-0.00661,0.00467,-0.45183,0.0002,0.0001,0.0003,0.00245,0.00974,-0.44529,-0.00012,-0.00011,0.00031,-0.00493,-0.0065,-0.45183,3,37.9255,362.8089,35.7509,179.8731,0.9477,-98.2984,0.0047,23.4389,0.1281
122,000122.png,False,1788883063.373577,1788883063.313577,normal_load,4,,2.0,-0.006,0.00012,-0.88262,0.00056,0.0001,0.00026,0.00314,0.00523,-0.87601,0.00024,-0.00011,0.00028,0.00086,-0.01704,-0.88247,3,37.9274,362.8012,35.6918,179.8739,0.9453,-98.2984,0.0023,23.3797,0.1873
123,000123.png,False,1788883063.569569,1788883063.509569,normal_load,4,,2.0,0.00235,0.02069,-1.12782,4e-05,-5e-05,0.00016,0.01154,0.02583,-1.12118,-0.00028,-0.00026,0.00018,-0.00048,0.00103,-1.12801,3,37.9252,362.8077,35.668,179.8732,0.9475,-98.298,0.0033,23.356,0.211
124,000124.png,False,1788883063.765584,1788883063.705585,normal_load,4,,2.0,0.00314,0.026,-1.24081,-0.0,-4e-05,0.00042,0.01237,0.03116,-1.23414,-0.00032,-0.00025,0.00044,-0.00167,0.00421,-1.24108,3,37.9259,362.8124,35.6597,179.8725,0.9496,-98.2982,0.0084,23.3478,0.2192
125,000125.png,False,1788883063.961612,1788883063.901612,normal_load,4,,2.0,0.01175,0.0368,-1.35693,-5e-05,0.00021,0.0004,0.02103,0.04199,-1.35023,-0.00038,-0.0,0.00042,0.0012,0.01601,-1.35738,3,37.9241,362.8197,35.6522,179.8718,0.9517,-98.2982,0.0054,23.3403,0.2267
126,000126.png,False,1788883064.153610,1788883064.093610,normal_load,4,,2.0,0.01394,0.04455,-1.44006,-0.00027,0.00011,0.00038,0.02325,0.04977,-1.43333,-0.00059,-0.0001,0.0004,-0.0002,0.02249,-1.44064,3,37.9236,362.8211,35.6418,179.8717,0.9521,-98.2984,0.0038,23.33,0.237
127,000127.png,False,1788883064.349612,1788883064.289613,normal_load,4,,2.0,0.01492,0.04173,-1.59336,-0.00016,4e-05,0.00043,0.02427,0.04696,-1.5866,-0.00049,-0.00017,0.00045,0.00312,0.01807,-1.59387,3,37.924,362.8195,35.6269,179.8726,0.9494,-98.2986,0.0088,23.3151,0.2519
128,000128.png,False,1788883064.545630,1788883064.485630,normal_load,4,,2.0,0.01548,0.03525,-1.85268,8e-05,-0.00018,0.00034,0.02488,0.0405,-1.84589,-0.00024,-0.0004,0.00036,0.00865,0.00858,-1.85304,3,37.9256,362.8131,35.6113,179.873,0.9481,-98.2986,0.0058,23.2993,0.2677
129,000129.png,False,1788883065.713679,1788883065.653679,normal_unload,4,,0.0,0.02034,0.05348,-2.00197,-0.00027,-0.00013,0.0003,0.02999,0.05888,-1.995,-0.00061,-0.00035,0.00032,0.00478,0.02441,-2.00263,3,37.923,362.821,35.5952,179.8725,0.9503,-98.2984,0.002,23.2834,0.2836
130,000130.png,False,1788883065.909683,1788883065.849683,normal_unload,4,,0.0,0.02179,0.04658,-1.98626,-0.00023,-0.00021,0.00023,0.03149,0.05201,-1.97925,-0.00057,-0.00043,0.00025,0.00937,0.01942,-1.98681,3,37.9243,362.8182,35.5946,179.8725,0.9496,-98.2986,0.0078,23.2827,0.2843
131,000131.png,False,1788883066.105709,1788883066.045709,normal_unload,4,,0.0,0.02302,0.04767,-1.8862,-0.00032,-0.0001,0.0001,0.03276,0.05312,-1.87917,-0.00066,-0.00032,0.00012,0.0092,0.02257,-1.88679,3,37.9237,362.8212,35.5979,179.8725,0.9496,-98.2989,0.0072,23.2861,0.2809
132,000132.png,False,1788883066.301615,1788883066.241615,normal_unload,4,,0.0,0.01714,0.04708,-1.88322,-0.00022,-0.00014,0.00022,0.02693,0.05255,-1.87616,-0.00057,-0.00036,0.00024,0.00439,0.01917,-1.88379,2,37.9244,362.8169,35.5999,179.8728,0.9486,-98.2989,0.0021,23.288,0.279
133,000133.png,False,1788883066.497725,1788883066.437725,normal_unload,4,,0.0,0.01445,0.03205,-1.80293,0.00032,-0.00017,0.00032,0.02427,0.03755,-1.79584,-2e-05,-0.00039,0.00034,0.009,0.0061,-1.80324,3,37.9245,362.8139,35.6039,179.8734,0.9469,-98.2991,0.0168,23.292,0.275
134,000134.png,False,1788883066.689726,1788883066.629726,normal_unload,4,,0.0,0.00884,0.01748,-1.67724,0.00034,-0.00033,0.00012,0.01871,0.02299,-1.67012,-0.0,-0.00055,0.00014,0.01055,-0.00732,-1.67731,3,37.9262,362.8076,35.6084,179.8742,0.9444,-98.2993,0.008,23.2964,0.2706
135,000135.png,False,1788883066.885723,1788883066.825723,normal_unload,4,,0.0,0.00789,0.01532,-1.61309,0.00048,-0.00018,4e-05,0.0178,0.02086,-1.60593,0.00013,-0.0004,6e-05,0.01036,-0.00863,-1.61312,3,37.9278,362.8056,35.6135,179.8746,0.9432,-98.3003,0.0025,23.3014,0.2656
136,000136.png,False,1788883067.081815,1788883067.021815,normal_unload,4,,0.0,0.00643,0.0094,-1.56293,0.00061,-0.00014,0.00013,0.01638,0.01496,-1.55574,0.00026,-0.00037,0.00015,0.01171,-0.01369,-1.56287,3,37.9266,362.8049,35.6169,179.8747,0.943,-98.3003,0.0032,23.3048,0.2622
137,000137.png,False,1788883067.277748,1788883067.217748,normal_unload,4,,0.0,0.00324,0.003,-1.41451,0.00051,-0.00033,0.0001,0.01324,0.00859,-1.4073,0.00016,-0.00056,0.00012,0.01112,-0.01844,-1.41436,3,37.9263,362.8034,35.6245,179.875,0.942,-98.3008,0.005,23.3124,0.2546
138,000138.png,False,1788883067.469802,1788883067.409802,normal_unload,4,,0.0,-0.00058,-0.00817,-1.36064,0.00102,-0.00035,5e-05,0.00946,-0.00255,-1.35339,0.00067,-0.00058,7e-05,0.01301,-0.02916,-1.36029,3,37.9284,362.7955,35.631,179.8754,0.9407,-98.3008,0.0073,23.3187,0.2483
139,000139.png,False,1788883067.665781,1788883067.605782,normal_unload,4,,0.0,-0.00315,-0.01101,-1.27354,0.00095,-0.00033,0.00017,0.00693,-0.00537,-1.26626,0.00059,-0.00056,0.00019,0.0116,-0.03151,-1.27315,3,37.9286,362.7943,35.6346,179.8756,0.9401,-98.3008,0.0064,23.3223,0.2447
140,000140.png,False,1788883067.861687,1788883067.801687,normal_unload,4,,0.0,-0.00692,-0.01591,-1.00099,0.0008,-0.00022,0.00018,0.0032,-0.01025,-0.99368,0.00044,-0.00045,0.0002,0.00889,-0.03327,-1.00055,3,37.9301,362.7932,35.652,179.8759,0.9393,-98.301,0.0008,23.3397,0.2273
141,000141.png,False,1788883068.057693,1788883067.997694,normal_unload,4,,0.0,0.00159,-0.00599,-0.98904,0.00064,-0.00016,7e-05,0.01175,-0.0003,-0.9817,0.00028,-0.00039,9e-05,0.01122,-0.02023,-0.98879,3,37.9272,362.8066,35.6588,179.8753,0.9411,-98.3012,0.008,23.3467,0.2203
142,000142.png,False,1788883068.445710,1788883068.385710,normal_unload,4,,0.0,-0.00273,-0.00071,-0.79843,0.00051,6e-05,0.00013,0.00751,0.00502,-0.79103,0.00015,-0.00017,0.00015,0.00352,-0.01477,-0.7983,3,37.9262,362.8059,35.6763,179.875,0.9413,-98.3008,0.0093,23.3642,0.2028
143,000143.png,False,1788883068.641716,1788883068.581716,normal_unload,4,,0.0,-0.00492,-0.00611,-0.72273,0.00063,4e-05,6e-05,0.00538,-0.00036,-0.7153,0.00027,-0.00019,8e-05,0.00381,-0.01933,-0.72251,3,37.9272,362.8023,35.6837,179.8755,0.9405,-98.3008,0.0054,23.3715,0.1955
144,000144.png,False,1788883068.837728,1788883068.777728,normal_unload,4,,0.0,-0.00873,-0.00802,-0.5628,0.00064,1e-05,-2e-05,0.0016,-0.00224,-0.55534,0.00028,-0.00022,-0.0,0.00034,-0.02032,-0.56256,3,37.9277,362.7998,35.7004,179.8756,0.9403,-98.301,0.0003,23.3882,0.1788
145,000145.png,False,1788883069.033893,1788883068.973893,normal_unload,4,,0.0,-0.0089,-0.01354,-0.4871,0.00074,0.0001,-7e-05,0.00148,-0.00773,-0.4796,0.00037,-0.00014,-5e-05,0.00244,-0.02397,-0.48677,3,37.9279,362.7988,35.7094,179.8761,0.9395,-98.3008,0.0044,23.3972,0.1698
146,000146.png,False,1788883069.225747,1788883069.165747,normal_unload,4,,0.0,-0.00996,-0.01577,-0.3744,0.0006,9e-05,2e-05,0.00046,-0.00994,-0.36688,0.00023,-0.00015,4e-05,0.00185,-0.02463,-0.37405,3,37.9288,362.8002,35.7253,179.8757,0.9406,-98.3012,0.0062,23.4131,0.1539
147,000147.png,False,1788883069.421847,1788883069.361847,normal_unload,4,,0.0,-0.01063,-0.00921,-0.40992,0.00062,0.00011,0.00029,-0.00017,-0.00336,-0.40237,0.00026,-0.00013,0.00031,-0.00176,-0.01986,-0.40968,3,37.9278,362.7987,35.7292,179.8757,0.9399,-98.301,0.0003,23.417,0.15
148,000148.png,False,1788883069.813946,1788883069.753946,normal_unload,4,,0.0,-0.00967,-0.01194,-0.2327,0.00058,0.00021,0.00019,0.00087,-0.00604,-0.22509,0.00021,-3e-05,0.00021,-0.0008,-0.0189,-0.23244,3,37.9277,362.7994,35.7651,179.8758,0.9397,-98.3012,0.0057,23.4529,0.1141
149,000149.png,False,1788883073.326009,1788883073.266009,normal_load,5,,2.0,-0.01429,-0.00687,-0.04698,0.00046,0.0004,0.00026,-0.00298,-0.00055,-0.03881,6e-05,0.00015,0.00028,-0.00862,-0.01385,-0.04682,3,37.9243,362.8149,35.8757,179.8754,0.9414,-98.3034,0.007,23.5638,0.0032
150,000150.png,False,1788883073.518042,1788883073.458042,normal_load,5,,2.0,-0.01095,-0.00323,-0.05356,0.0003,0.00034,0.00016,0.0004,0.00312,-0.04536,-9e-05,8e-05,0.00018,-0.0075,-0.00913,-0.05347,3,37.923,362.8231,35.8622,179.8734,0.9458,-98.3036,0.0035,23.5504,0.0166
151,000151.png,False,1788883073.714047,1788883073.654047,normal_load,5,,2.0,-0.01011,0.00509,-0.17299,0.00014,0.00038,0.00021,0.00128,0.01146,-0.16476,-0.00026,0.00012,0.00024,-0.0101,-0.00342,-0.17303,3,37.9219,362.8313,35.808,179.8725,0.9494,-98.3036,0.006,23.4963,0.0707
152,000152.png,False,1788883073.909954,1788883073.849954,normal_load,5,,2.0,-0.00679,0.00697,-0.20153,0.00016,0.00044,0.00023,0.00465,0.01337,-0.19327,-0.00024,0.00018,0.00025,-0.00796,-0.00058,-0.20161,3,37.9199,362.8346,35.8066,179.8724,0.9496,-98.3034,0.009,23.495,0.072
153,000153.png,False,1788883074.297971,1788883074.237972,normal_load,5,,2.0,0.00316,0.01346,-0.6551,-0.0,0.00026,0.00015,0.01468,0.01991,-0.64678,-0.0004,0.0,0.00018,0.00056,0.00274,-0.65524,3,37.9214,362.834,35.7148,179.8728,0.9485,-98.3036,0.0061,23.4032,0.1638
154,000154.png,False,1788883074.494087,1788883074.434087,normal_load,5,,2.0,0.01207,0.03774,-1.02197,-0.00044,0.00029,8e-05,0.02363,0.04421,-1.01362,-0.00085,3e-05,0.0001,-0.00132,0.02235,-1.02249,3,37.9195,362.8447,35.6807,179.8716,0.952,-98.3039,0.0056,23.3693,0.1977
155,000155.png,False,1788883074.690082,1788883074.630082,normal_load,5,,2.0,0.0105,0.03334,-1.01415,-0.00023,0.00023,0.00019,0.02211,0.03983,-1.00577,-0.00063,-3e-05,0.00021,-0.00053,0.01788,-1.0146,3,37.9203,362.84,35.6782,179.8718,0.9512,-98.3039,0.0001,23.3667,0.2003
156,000156.png,False,1788883074.886073,1788883074.826073,normal_load,5,,2.0,0.01674,0.04797,-1.13971,-0.00065,0.00037,-1e-05,0.02839,0.05449,-1.1313,-0.00106,0.0001,2e-05,-0.00156,0.03166,-1.1404,3,37.9165,362.8542,35.6657,179.8699,0.9563,-98.3039,0.0062,23.3545,0.2125
157,000157.png,False,1788883075.082091,1788883075.022091,normal_load,5,,2.0,0.02391,0.06326,-1.2777,-0.00084,0.00041,-0.00015,0.0356,0.0698,-1.26926,-0.00125,0.00015,-0.00013,-0.00203,0.04627,-1.27865,3,37.9167,362.8584,35.6525,179.8691,0.9586,-98.3041,0.0077,23.3413,0.2257
158,000158.png,False,1788883075.274122,1788883075.214123,normal_load,5,,2.0,0.02201,0.05622,-1.47485,-0.00063,0.00023,-0.00019,0.03374,0.06278,-1.46637,-0.00104,-4e-05,-0.00017,0.0012,0.03606,-1.47564,3,37.9173,362.8497,35.6277,179.8707,0.9545,-98.3037,0.0013,23.3164,0.2506
159,000159.png,False,1788883075.470021,1788883075.410021,normal_load,5,,2.0,0.02549,0.05536,-1.8307,-0.00039,0.00012,-0.00025,0.03727,0.06195,-1.82219,-0.0008,-0.00015,-0.00023,0.00711,0.03135,-1.83143,3,37.9187,362.8491,35.6111,179.871,0.9537,-98.3039,0.0077,23.2998,0.2672
160,000160.png,False,1788883076.446141,1788883076.386141,normal_unload,5,,0.0,0.02662,0.06118,-2.02505,-0.00051,0.00012,6e-05,0.03861,0.06789,-2.01639,-0.00093,-0.00015,8e-05,0.00653,0.03385,-2.02586,3,37.9189,362.8503,35.5931,179.871,0.9544,-98.3041,0.0007,23.2819,0.2852
161,000161.png,False,1788883076.642169,1788883076.582170,normal_unload,5,,0.0,0.03012,0.06713,-1.96395,-0.00063,0.0001,-0.00012,0.04215,0.07386,-1.95526,-0.00105,-0.00017,-0.0001,0.00617,0.04173,-1.96488,3,37.9176,362.8551,35.5958,179.8705,0.9551,-98.3041,0.007,23.2846,0.2825
162,000162.png,False,1788883076.834085,1788883076.774085,normal_unload,5,,0.0,0.02946,0.06583,-1.96401,-0.0006,0.00012,-2e-05,0.04153,0.07258,-1.95529,-0.00102,-0.00015,0.0,0.00624,0.04027,-1.96491,3,37.9179,362.8536,35.5971,179.8707,0.9547,-98.3039,0.0028,23.2859,0.2811
163,000163.png,False,1788883077.030184,1788883076.970184,normal_unload,5,,0.0,0.03247,0.07148,-1.89107,-0.00077,0.00024,5e-05,0.04459,0.07826,-1.88232,-0.0012,-4e-05,7e-05,0.00553,0.04784,-1.89209,3,37.9167,362.8559,35.5988,179.8708,0.9543,-98.3041,0.0078,23.2876,0.2794
164,000164.png,False,1788883077.226170,1788883077.166170,normal_unload,5,,0.0,0.0258,0.06688,-1.85966,-0.00072,0.00024,-0.00011,0.03796,0.07368,-1.85088,-0.00115,-4e-05,-8e-05,0.00183,0.04102,-1.86059,3,37.9175,362.8563,35.5997,179.8709,0.9541,-98.3041,0.0057,23.2885,0.2785
165,000165.png,False,1788883077.422228,1788883077.362228,normal_unload,5,,0.0,0.0258,0.0565,-1.80341,-0.00042,0.00024,-5e-05,0.038,0.06333,-1.7946,-0.00085,-4e-05,-3e-05,0.00662,0.03294,-1.80417,3,37.9177,362.8515,35.6021,179.8712,0.9524,-98.3043,0.0087,23.2908,0.2762
166,000166.png,False,1788883077.618202,1788883077.558203,normal_unload,5,,0.0,0.02057,0.04177,-1.67982,0.0,0.0002,3e-05,0.03281,0.04862,-1.67098,-0.00043,-7e-05,6e-05,0.00859,0.01954,-1.68033,3,37.9191,362.8468,35.6094,179.872,0.9506,-98.3045,0.003,23.298,0.269
167,000167.png,False,1788883077.810211,1788883077.750211,normal_unload,5,,0.0,0.01728,0.03681,-1.57607,-0.00011,0.00011,0.00014,0.02957,0.04368,-1.56719,-0.00054,-0.00017,0.00016,0.00751,0.01527,-1.5765,3,37.9197,362.8428,35.6155,179.8727,0.9487,-98.3043,0.0088,23.304,0.263
168,000168.png,False,1788883078.006213,1788883077.946213,normal_unload,5,,0.0,0.01138,0.02638,-1.57627,0.00021,6e-05,5e-05,0.02371,0.03328,-1.56736,-0.00022,-0.00022,7e-05,0.0076,0.00329,-1.57651,3,37.921,362.8382,35.6149,179.8728,0.9483,-98.3043,0.0055,23.3034,0.2637
169,000169.png,False,1788883078.202209,1788883078.142210,normal_unload,5,,0.0,0.00714,0.0149,-1.4382,0.00027,-9e-05,-5e-05,0.01951,0.02182,-1.42927,-0.00016,-0.00037,-3e-05,0.00871,-0.00657,-1.43826,3,37.9217,362.8325,35.6211,179.8734,0.9465,-98.3045,0.0006,23.3095,0.2575
170,000170.png,False,1788883078.398214,1788883078.338214,normal_unload,5,,0.0,0.00818,0.01821,-1.35543,0.00029,0.0,-0.0001,0.0206,0.02515,-1.34646,-0.00015,-0.00028,-7e-05,0.00739,-0.00186,-1.35555,3,37.9213,362.8345,35.6305,179.8736,0.9459,-98.3045,0.01,23.319,0.2481
171,000171.png,False,1788883078.590274,1788883078.530274,normal_unload,5,,0.0,0.00732,0.01492,-1.256,0.00021,-3e-05,-0.00017,0.01978,0.02188,-1.247,-0.00023,-0.00031,-0.00014,0.0076,-0.00354,-1.25608,3,37.923,362.8321,35.6316,179.8738,0.9454,-98.3049,0.0038,23.32,0.247
172,000172.png,False,1788883078.786173,1788883078.726173,normal_unload,5,,0.0,0.01072,0.01939,-1.11007,0.00031,0.0002,0.0002,0.02322,0.02638,-1.10104,-0.00013,-9e-05,0.00022,0.0073,0.00436,-1.11025,3,37.9197,362.8393,35.6465,179.8736,0.9459,-98.3045,0.0093,23.335,0.232
173,000173.png,False,1788883078.982284,1788883078.922284,normal_unload,5,,0.0,0.01271,0.02622,-0.94152,0.00011,0.00033,-1e-05,0.02525,0.03323,-0.93246,-0.00033,4e-05,2e-05,0.00444,0.01397,-0.94186,3,37.9211,362.8435,35.66,179.8732,0.9471,-98.3052,0.003,23.3486,0.2184
174,000174.png,False,1788883079.178277,1788883079.118278,normal_unload,5,,0.0,0.00692,0.02336,-0.86704,-2e-05,0.0003,0.00013,0.01951,0.0304,-0.85795,-0.00046,2e-05,0.00016,0.00034,0.0098,-0.86733,3,37.9204,362.8406,35.6671,179.8734,0.9465,-98.3049,0.0032,23.3556,0.2114
175,000175.png,False,1788883079.374192,1788883079.314193,normal_unload,5,,0.0,0.00627,0.02136,-0.74431,-0.0,0.00031,5e-05,0.0189,0.02842,-0.73519,-0.00044,2e-05,8e-05,-8e-05,0.00971,-0.74458,3,37.9201,362.8441,35.68,179.8734,0.9474,-98.3049,0.0086,23.3686,0.1984
176,000176.png,False,1788883079.566283,1788883079.506284,normal_unload,5,,0.0,0.00431,0.02014,-0.70287,0.00026,0.00048,-0.00012,0.01698,0.02723,-0.69372,-0.00018,0.00019,-0.0001,-0.00145,0.00834,-0.70312,3,37.9212,362.842,35.6823,179.8733,0.9469,-98.3054,0.002,23.3709,0.1961
177,000177.png,False,1788883079.762299,1788883079.702299,normal_unload,5,,0.0,0.00307,0.00951,-0.55583,0.00019,0.00038,0.00017,0.01578,0.01662,-0.54665,-0.00025,0.0001,0.00019,0.00177,0.00086,-0.55592,3,37.9209,362.8379,35.7011,179.8737,0.9457,-98.3054,0.0087,23.3896,0.1774
178,000178.png,False,1788883079.958369,1788883079.898369,normal_unload,5,,0.0,0.0025,0.00889,-0.54829,0.00026,0.00036,-2e-05,0.01526,0.01602,-0.53907,-0.00019,7e-05,1e-05,0.00153,0.00017,-0.54836,3,37.9218,362.8377,35.7035,179.8734,0.9458,-98.3056,0.0176,23.392,0.175
179,000179.png,False,1788883080.154325,1788883080.094326,normal_unload,5,,0.0,-0.00347,0.00323,-0.40342,0.00036,0.0004,0.00014,0.00932,0.01038,-0.39418,-9e-05,0.0001,0.00016,-0.00182,-0.00541,-0.40341,3,37.922,362.8361,35.7245,179.8738,0.9452,-98.3056,0.0037,23.413,0.154
180,000180.png,False,1788883080.346321,1788883080.286321,normal_unload,5,,0.0,-0.00038,0.00632,-0.40018,0.00013,0.00021,0.0,0.01245,0.0135,-0.39091,-0.00032,-9e-05,3e-05,-0.00072,-0.00113,-0.40023,3,37.9222,362.8361,35.7251,179.8738,0.9452,-98.3058,0.0071,23.4135,0.1535
181,000181.png,False,1788883080.738344,1788883080.678344,normal_unload,5,,0.0,-0.00377,0.00448,-0.25541,0.00014,0.00036,-2e-05,0.00915,0.01171,-0.24608,-0.00032,7e-05,0.0,-0.00373,-0.0021,-0.25544,3,37.9213,362.8358,35.753,179.8741,0.9451,-98.3058,0.0033,23.4415,0.1255
182,000182.png,False,1788883080.934326,1788883080.874326,normal_unload,5,,0.0,-0.00665,0.0013,-0.12372,0.00046,0.00058,0.0001,0.00631,0.00855,-0.11435,0.0,0.00028,0.00013,-0.00556,-0.00418,-0.12371,3,37.9212,362.8351,35.7957,179.8738,0.9452,-98.3058,0.0086,23.4841,0.0829
183,000183.png,False,1788883084.054468,1788883083.994468,normal_load,6,,2.0,-0.01623,-0.01073,-0.01589,0.00064,0.00044,-0.00011,-0.00259,-0.0031,-0.00603,0.00016,0.00013,-8e-05,-0.00859,-0.01766,-0.01566,3,37.9278,362.8073,35.8769,179.8741,0.9451,-98.308,0.0064,23.5648,0.0022
184,000184.png,False,1788883084.250523,1788883084.190523,normal_load,6,,2.0,-0.01317,-0.01211,-0.08743,0.00064,0.00034,0.00021,0.00052,-0.00446,-0.07754,0.00016,3e-05,0.00024,-0.00475,-0.01847,-0.08718,3,37.9276,362.8006,35.8451,179.8749,0.9419,-98.3077,0.0018,23.5329,0.0341
185,000185.png,False,1788883084.446561,1788883084.386561,normal_load,6,,2.0,-0.01617,-0.00805,-0.09778,0.00063,0.00046,0.00018,-0.00244,-0.00037,-0.08786,0.00015,0.00015,0.00021,-0.00931,-0.01662,-0.09759,3,37.9282,362.8013,35.8394,179.8747,0.9426,-98.3082,0.0071,23.5272,0.0398
186,000186.png,False,1788883084.638505,1788883084.578505,normal_load,6,,2.0,-0.01777,-0.0158,-0.12116,0.00088,0.00046,0.00017,-0.004,-0.0081,-0.11121,0.0004,0.00015,0.0002,-0.00666,-0.02451,-0.12083,3,37.9294,362.795,35.8279,179.8748,0.9415,-98.3082,0.004,23.5156,0.0514
187,000187.png,False,1788883085.030526,1788883084.970526,normal_load,6,,2.0,-0.01178,-0.00129,-0.21767,0.00049,0.00048,0.00012,0.00208,0.00646,-0.20766,0.0,0.00016,0.00015,-0.00805,-0.01049,-0.21759,3,37.9296,362.8039,35.7908,179.8741,0.9444,-98.3084,0.0059,23.4787,0.0883
188,000188.png,False,1788883085.226556,1788883085.166556,normal_load,6,,2.0,-0.00928,-0.00479,-0.47013,0.00055,0.00021,0.0002,0.00462,0.00298,-0.4601,7e-05,-0.0001,0.00023,-0.00238,-0.01632,-0.46996,3,37.9278,362.8014,35.7455,179.8747,0.9426,-98.308,0.0063,23.4334,0.1336
189,000189.png,False,1788883085.418587,1788883085.358587,normal_load,6,,2.0,-0.00791,-0.00794,-0.51042,0.00069,0.00021,0.00023,0.00603,-0.00014,-0.50035,0.0002,-0.00011,0.00026,0.00065,-0.01901,-0.51019,3,37.9294,362.7985,35.7297,179.8749,0.9419,-98.3082,0.0081,23.4175,0.1495
190,000190.png,False,1788883085.614546,1788883085.554546,normal_load,6,,2.0,-0.00132,0.00394,-0.82467,0.00037,0.00014,0.0001,0.01267,0.01176,-0.81457,-0.00011,-0.00018,0.00013,0.00261,-0.01046,-0.82461,3,37.9274,362.8049,35.6976,179.8746,0.9437,-98.308,0.0052,23.3855,0.1815
191,000191.png,False,1788883085.810580,1788883085.750580,normal_load,6,,2.0,0.00041,0.00961,-0.87779,0.00048,0.00029,-5e-05,0.01444,0.01745,-0.86766,-1e-05,-3e-05,-2e-05,0.00164,-0.00554,-0.87782,3,37.9264,362.8089,35.6887,179.8741,0.9451,-98.308,0.002,23.3767,0.1903
192,000192.png,False,1788883086.006488,1788883085.946488,normal_load,6,,2.0,0.00371,0.02444,-1.05519,0.00011,0.00016,0.00011,0.01778,0.03231,-1.04503,-0.00039,-0.00015,0.00014,-0.00168,0.00611,-1.05546,3,37.9265,362.8135,35.6734,179.8732,0.9471,-98.3084,0.0076,23.3615,0.2055
193,000193.png,False,1788883086.202608,1788883086.142608,normal_load,6,,2.0,0.01184,0.03879,-1.20761,-0.00019,0.00032,7e-05,0.02595,0.04668,-1.19742,-0.00069,-0.0,0.0001,-0.00075,0.02016,-1.20813,3,37.9243,362.8239,35.6592,179.8716,0.9511,-98.3087,0.0072,23.3474,0.2196
194,000194.png,False,1788883086.394519,1788883086.334519,normal_load,6,,2.0,0.01076,0.03816,-1.22379,-6e-05,0.00038,7e-05,0.02491,0.04608,-1.21357,-0.00056,6e-05,0.0001,-0.00126,0.01882,-1.22429,3,37.9246,362.8223,35.6572,179.8721,0.9504,-98.3087,0.0062,23.3454,0.2216
195,000195.png,False,1788883086.590603,1788883086.530603,normal_load,6,,2.0,0.01415,0.04096,-1.45261,-0.00021,0.00024,0.00019,0.02835,0.0489,-1.44236,-0.00071,-8e-05,0.00022,0.00187,0.01927,-1.45313,3,37.9254,362.8215,35.6412,179.8723,0.9503,-98.3087,0.0082,23.3294,0.2376
196,000196.png,False,1788883086.786616,1788883086.726616,normal_load,6,,2.0,0.01416,0.03921,-1.85171,6e-05,2e-05,0.0003,0.0284,0.04717,-1.84142,-0.00043,-0.0003,0.00033,0.00551,0.01137,-1.85213,3,37.9263,362.8144,35.6124,179.8735,0.9461,-98.3088,0.0022,23.3005,0.2665
197,000197.png,False,1788883086.982626,1788883086.922626,normal_load,6,,2.0,0.013,0.03773,-1.91711,0.00017,-3e-05,0.00039,0.02728,0.04572,-1.9068,-0.00033,-0.00036,0.00042,0.0057,0.00846,-1.9175,3,37.9261,362.8159,35.6071,179.8734,0.9465,-98.3084,0.008,23.2952,0.2718
198,000198.png,False,1788883088.738734,1788883088.678734,normal_unload,6,,0.0,0.0033,0.00561,-2.11877,0.00098,-0.00039,0.00036,0.01797,0.01382,-2.10818,0.00047,-0.00072,0.00039,0.01475,-0.02743,-2.11855,2,37.9307,362.7968,35.5855,179.8745,0.9432,-98.3091,0.003,23.2733,0.2937
199,000199.png,False,1788883088.930720,1788883088.870720,normal_unload,6,,0.0,0.00595,0.0154,-1.96718,0.00078,-0.00014,0.00013,0.02065,0.02363,-1.95656,0.00026,-0.00048,0.00016,0.01109,-0.0152,-1.96716,3,37.9282,362.8035,35.5927,179.8745,0.9432,-98.3091,0.0059,23.2806,0.2864
200,000200.png,False,1788883089.126713,1788883089.066713,normal_unload,6,,0.0,0.01307,0.02466,-1.78322,0.0005,2e-05,3e-05,0.02781,0.03292,-1.77256,-2e-05,-0.00032,6e-05,0.01136,-0.00068,-1.7834,3,37.9285,362.8089,35.6001,179.8749,0.9419,-98.3095,0.0086,23.2881,0.2789
201,000201.png,False,1788883089.322704,1788883089.262704,normal_unload,6,,0.0,0.01333,0.0252,-1.67214,0.00045,0.00022,2e-05,0.02812,0.03347,-1.66146,-7e-05,-0.00011,5e-05,0.01055,0.0017,-1.67235,3,37.9283,362.8103,35.6071,179.8751,0.9413,-98.3095,0.002,23.2951,0.2719
202,000202.png,False,1788883089.518742,1788883089.458742,normal_unload,6,,0.0,0.00686,0.00783,-1.64705,0.00079,-2e-05,-0.00011,0.02169,0.01613,-1.63634,0.00027,-0.00036,-7e-05,0.01345,-0.01617,-1.64695,3,37.9296,362.8021,35.6077,179.8754,0.9396,-98.3095,0.0085,23.2955,0.2715
203,000203.png,False,1788883089.710658,1788883089.650658,normal_unload,6,,0.0,-0.00175,-0.01202,-1.48332,0.00122,-0.00024,-6e-05,0.01312,-0.0037,-1.47258,0.0007,-0.00058,-3e-05,0.01477,-0.03505,-1.48288,3,37.9313,362.7947,35.6164,179.8765,0.9372,-98.3092,0.0042,23.3041,0.2629
204,000204.png,False,1788883089.906778,1788883089.846778,normal_unload,6,,0.0,-0.00255,-0.0146,-1.3727,0.00098,-0.00021,-4e-05,0.01237,-0.00625,-1.36193,0.00046,-0.00055,-1e-05,0.0146,-0.03591,-1.37224,3,37.9317,362.7945,35.6257,179.8765,0.9379,-98.3099,0.0095,23.3134,0.2536
205,000205.png,False,1788883090.102673,1788883090.042673,normal_unload,6,,0.0,-0.00454,-0.01636,-1.30426,0.00105,-0.00013,0.00014,0.01042,-0.00799,-1.29346,0.00053,-0.00047,0.00017,0.01328,-0.03733,-1.30377,3,37.9317,362.7929,35.6306,179.8766,0.9368,-98.3099,0.0037,23.3183,0.2487
206,000206.png,False,1788883090.494692,1788883090.434692,normal_unload,6,,0.0,-0.0045,-0.01614,-1.06519,0.00111,-4e-05,0.00012,0.01054,-0.00773,-1.05432,0.00058,-0.00038,0.00015,0.01155,-0.0333,-1.06474,3,37.9314,362.7919,35.648,179.8763,0.9371,-98.3105,0.0055,23.3357,0.2313
207,000207.png,False,1788883090.686846,1788883090.626847,normal_unload,6,,0.0,-0.00748,-0.01269,-0.87454,0.00115,0.00022,0.00011,0.0076,-0.00425,-0.86364,0.00063,-0.00012,0.00014,0.00592,-0.02874,-0.87417,3,37.9314,362.7937,35.6653,179.8763,0.9376,-98.3105,0.004,23.353,0.214
208,000208.png,False,1788883090.882827,1788883090.822827,normal_unload,6,,0.0,-0.00515,-0.00913,-0.88353,0.00099,6e-05,0.0003,0.00998,-0.00067,-0.8726,0.00046,-0.00028,0.00033,0.00623,-0.02463,-0.88323,3,37.9311,362.7957,35.6679,179.8764,0.9374,-98.3103,0.0095,23.3556,0.2114
209,000209.png,False,1788883091.078714,1788883091.018714,normal_unload,6,,0.0,-0.01075,-0.01477,-0.73422,0.00092,4e-05,3e-05,0.00442,-0.00628,-0.72326,0.00039,-0.00031,6e-05,0.00316,-0.02993,-0.73383,3,37.9318,362.7938,35.6776,179.877,0.9362,-98.3105,0.0055,23.3653,0.2017
210,000210.png,False,1788883091.274730,1788883091.214731,normal_unload,6,,0.0,-0.01082,-0.01869,-0.68136,0.00091,3e-05,3e-05,0.00439,-0.01017,-0.67037,0.00037,-0.00032,6e-05,0.00469,-0.0325,-0.68091,3,37.9319,362.7912,35.6884,179.877,0.9355,-98.3107,0.0003,23.3761,0.1909
211,000211.png,False,1788883091.466780,1788883091.406780,normal_unload,6,,0.0,-0.01313,-0.02427,-0.64088,0.0013,0.00024,0.00012,0.00213,-0.01574,-0.62986,0.00077,-0.00011,0.00015,0.0052,-0.03785,-0.64034,3,37.9323,362.7873,35.6929,179.877,0.9349,-98.3107,0.0094,23.3805,0.1866
212,000212.png,False,1788883091.662864,1788883091.602865,normal_unload,6,,0.0,-0.01544,-0.02759,-0.46848,0.00115,0.00024,0.00017,-0.00014,-0.01903,-0.45743,0.00062,-0.00011,0.0002,0.00366,-0.03912,-0.4679,3,37.9305,362.7903,35.7124,179.8766,0.9361,-98.3108,0.0038,23.4001,0.1669
213,000213.png,False,1788883091.858751,1788883091.798751,normal_unload,6,,0.0,-0.01487,-0.02181,-0.46963,0.00095,0.00019,0.00029,0.00048,-0.01322,-0.45854,0.00041,-0.00016,0.00032,0.00127,-0.03384,-0.46915,3,37.9321,362.7901,35.7172,179.8768,0.9362,-98.311,0.0017,23.4048,0.1622
214,000214.png,False,1788883092.246849,1788883092.186849,normal_unload,6,,0.0,-0.0117,-0.01607,-0.33049,0.00084,0.00031,0.00013,0.00373,-0.00744,-0.31934,0.0003,-4e-05,0.00016,0.00019,-0.02506,-0.33013,3,37.9325,362.7961,35.7407,179.8767,0.9373,-98.3112,0.0046,23.4284,0.1386
215,000215.png,False,1788883092.442778,1788883092.382778,normal_unload,6,,0.0,-0.01687,-0.01982,-0.1818,0.00074,0.00043,0.00014,-0.0014,-0.01116,-0.17062,0.0002,8e-05,0.00017,-0.00345,-0.0285,-0.18139,3,37.9323,362.7949,35.768,179.8767,0.9364,-98.3114,0.0041,23.4557,0.1113
216,000216.png,False,1788883092.638819,1788883092.578819,normal_unload,6,,0.0,-0.01648,-0.01607,-0.22112,0.00085,0.00039,0.00025,-0.00097,-0.00739,-0.20992,0.0003,4e-05,0.00029,-0.00472,-0.02569,-0.22078,3,37.9322,362.7955,35.7705,179.8764,0.9367,-98.3116,0.0113,23.4582,0.1088
217,000217.png,False,1788883095.759012,1788883095.699013,normal_load,7,,2.0,-0.02244,-0.01156,-0.02056,0.0006,0.00052,1e-05,-0.00625,-0.0025,-0.00887,4e-05,0.00015,4e-05,-0.01352,-0.02155,-0.02032,4,37.9276,362.8058,35.8801,179.8765,0.937,-98.3142,0.01,23.568,-0.001
218,000218.png,False,1788883096.151006,1788883096.091006,normal_load,7,,2.0,-0.02211,-0.00998,-0.04678,0.00069,0.00054,0.00018,-0.00584,-0.00088,-0.03503,0.00013,0.00017,0.00022,-0.01384,-0.02044,-0.04656,3,37.9278,362.8066,35.8763,179.8763,0.9376,-98.314,0.0011,23.5642,0.0028
219,000219.png,False,1788883096.735090,1788883096.675090,normal_load,7,,2.0,-0.01717,-0.00298,-0.05767,0.00044,0.00055,-0.00015,-0.00077,0.00619,-0.04582,-0.00014,0.00018,-0.00012,-0.01298,-0.01209,-0.05757,3,37.9264,362.8174,35.8305,179.8747,0.9428,-98.3143,0.0018,23.5186,0.0484
220,000220.png,False,1788883096.930973,1788883096.870973,normal_load,7,,2.0,-0.01286,0.00466,-0.40257,0.00042,0.00038,0.00011,0.00359,0.01386,-0.39069,-0.00015,1e-05,0.00014,-0.01067,-0.00884,-0.40256,3,37.9268,362.8118,35.7567,179.8753,0.9405,-98.314,0.0076,23.4447,0.1223
221,000221.png,False,1788883097.127088,1788883097.067088,normal_load,7,,2.0,-0.00833,0.00359,-0.56074,0.00048,0.00049,0.00014,0.00816,0.01281,-0.54883,-9e-05,0.00012,0.00017,-0.00512,-0.01004,-0.5607,3,37.9262,362.8152,35.7283,179.8749,0.9415,-98.3143,0.0054,23.4164,0.1506
222,000222.png,False,1788883097.515008,1788883097.455008,normal_load,7,,2.0,-0.00057,0.02029,-0.91537,0.00023,0.00038,0.00014,0.016,0.02956,-0.9034,-0.00035,0.0,0.00017,-0.00428,0.00262,-0.91559,3,37.9267,362.8201,35.686,179.8745,0.943,-98.3145,0.0034,23.3742,0.1928
223,000223.png,False,1788883097.711110,1788883097.651110,normal_load,7,,2.0,0.00727,0.03459,-1.02555,-4e-05,0.00043,0.00019,0.02389,0.04389,-1.01355,-0.00062,5e-05,0.00022,-0.00387,0.01716,-1.02601,3,37.9253,362.8278,35.6771,179.8734,0.9463,-98.3143,0.0017,23.3654,0.2016
224,000224.png,False,1788883097.907018,1788883097.847018,normal_load,7,,2.0,0.0148,0.05525,-1.15777,-0.00059,0.00055,4e-05,0.03145,0.06457,-1.14573,-0.00117,0.00017,7e-05,-0.00676,0.0367,-1.15858,3,37.9227,362.8419,35.6642,179.8717,0.9512,-98.3145,0.0092,23.3528,0.2142
225,000225.png,False,1788883098.103109,1788883098.043109,normal_load,7,,2.0,0.0113,0.04756,-1.24055,-0.00032,0.00056,7e-05,0.028,0.0569,-1.22849,-0.0009,0.00018,0.0001,-0.00537,0.02696,-1.24121,3,37.9224,362.8363,35.6537,179.8724,0.9491,-98.3143,0.0049,23.3421,0.2249
226,000226.png,False,1788883098.295136,1788883098.235137,normal_load,7,,2.0,0.01484,0.05173,-1.63374,-7e-05,0.00047,0.00014,0.03159,0.0611,-1.62164,-0.00066,9e-05,0.00017,-0.00166,0.02605,-1.63441,3,37.923,362.8328,35.629,179.873,0.9473,-98.3141,0.0042,23.3174,0.2496
227,000227.png,False,1788883098.491134,1788883098.431134,normal_load,7,,2.0,0.01167,0.04282,-1.84795,2e-05,0.00013,0.00011,0.02846,0.05221,-1.83583,-0.00057,-0.00025,0.00014,0.00153,0.01331,-1.84844,3,37.9238,362.8269,35.6109,179.8736,0.9447,-98.3143,0.0097,23.2992,0.2678
228,000228.png,False,1788883098.687153,1788883098.627153,normal_load,7,,2.0,0.01538,0.0498,-1.94946,-3e-05,0.00029,0.00023,0.03221,0.05922,-1.93731,-0.00062,-9e-05,0.00026,0.00195,0.01959,-1.95006,3,37.9249,362.8293,35.6046,179.8736,0.9454,-98.3143,0.0052,23.293,0.274
229,000229.png,False,1788883099.271083,1788883099.211083,normal_load,7,,2.0,0.01768,0.05238,-2.02972,-0.00016,0.00012,0.00029,0.03463,0.06187,-2.01748,-0.00075,-0.00026,0.00033,0.00321,0.02169,-2.03036,3,37.9239,362.8289,35.5949,179.8729,0.9477,-98.3143,0.0032,23.2832,0.2838
230,000230.png,False,1788883100.247236,1788883100.187236,normal_unload,7,,0.0,0.02597,0.07137,-1.9568,-0.00046,0.0004,0.00028,0.04314,0.08098,-1.9444,-0.00106,1e-05,0.00032,0.0004,0.04345,-1.95779,3,37.9232,362.8442,35.5978,179.8728,0.9477,-98.3149,0.0075,23.2864,0.2806
231,000231.png,False,1788883100.443151,1788883100.383151,normal_unload,7,,0.0,0.02128,0.06081,-1.80529,-0.00043,0.00031,-9e-05,0.03849,0.07044,-1.79286,-0.00104,-8e-05,-6e-05,0.00057,0.03438,-1.80611,3,37.923,362.8385,35.6014,179.8732,0.946,-98.3145,0.0073,23.2899,0.2771
232,000232.png,False,1788883100.831264,1788883100.771265,normal_unload,7,,0.0,0.01832,0.04771,-1.70612,-8e-05,0.00052,0.00031,0.03561,0.05739,-1.69362,-0.00068,0.00013,0.00035,0.00386,0.02315,-1.70672,3,37.9257,362.8313,35.6118,179.875,0.942,-98.3151,0.0088,23.3002,0.2668
233,000233.png,False,1788883101.027246,1788883100.967247,normal_unload,7,,0.0,0.00927,0.03308,-1.59634,0.00027,0.00032,0.00039,0.02661,0.04278,-1.58382,-0.00033,-7e-05,0.00042,0.00257,0.00771,-1.59669,3,37.9257,362.8286,35.6145,179.8753,0.9412,-98.3147,0.0022,23.3028,0.2642
234,000234.png,False,1788883101.419174,1788883101.359174,normal_unload,7,,0.0,0.00519,0.02233,-1.46239,0.00052,0.00034,0.00028,0.02261,0.03207,-1.4498,-9e-05,-6e-05,0.00031,0.00348,-0.0015,-1.46256,3,37.9285,362.8213,35.6241,179.8754,0.9394,-98.3153,0.0013,23.3122,0.2548
235,000235.png,False,1788883101.615182,1788883101.555182,normal_unload,7,,0.0,0.00358,0.01671,-1.36958,0.0004,0.00019,0.00022,0.02105,0.02648,-1.35696,-0.00022,-0.00021,0.00025,0.00425,-0.00567,-1.36966,3,37.9284,362.8197,35.6284,179.8762,0.9385,-98.3151,0.0075,23.3165,0.2505
236,000236.png,False,1788883101.807278,1788883101.747278,normal_unload,7,,0.0,0.00192,0.00996,-1.22001,0.00079,0.00035,0.00016,0.01943,0.01975,-1.20736,0.00018,-4e-05,0.00019,0.00515,-0.00996,-1.22,3,37.9285,362.8186,35.6384,179.8763,0.9374,-98.3151,0.003,23.3265,0.2405
237,000237.png,False,1788883102.003226,1788883101.943226,normal_unload,7,,0.0,0.00025,0.01061,-1.08908,0.00046,0.00039,0.00013,0.0178,0.02043,-1.0764,-0.00016,-1e-05,0.00016,0.00247,-0.00813,-1.0891,3,37.9264,362.8214,35.6485,179.8762,0.9378,-98.3151,0.0076,23.3367,0.2304
238,000238.png,False,1788883102.199235,1788883102.139235,normal_unload,7,,0.0,-0.00163,0.00795,-1.00131,0.00059,0.00035,0.00018,0.01596,0.01779,-0.98861,-3e-05,-5e-05,0.00022,0.00156,-0.00997,-1.0013,3,37.9282,362.8173,35.6556,179.8763,0.9367,-98.3151,0.0074,23.3437,0.2233
239,000239.png,False,1788883102.395305,1788883102.335305,normal_unload,7,,0.0,-0.00307,0.00713,-0.79409,0.00057,0.00046,5e-05,0.01456,0.01699,-0.78135,-4e-05,6e-05,8e-05,-0.00072,-0.00808,-0.79409,3,37.9283,362.8184,35.6729,179.8763,0.9376,-98.3155,0.0026,23.3611,0.2059
240,000240.png,False,1788883102.587301,1788883102.527301,normal_unload,7,,0.0,-0.00288,0.00873,-0.80619,0.00064,0.0005,7e-05,0.0148,0.01862,-0.79342,2e-05,0.0001,0.00011,-0.00127,-0.00679,-0.80621,3,37.928,362.8199,35.6741,179.8761,0.938,-98.3153,0.0066,23.3622,0.2048
241,000241.png,False,1788883102.979244,1788883102.919244,normal_unload,7,,0.0,0.00078,0.00647,-0.64622,0.00036,0.00053,-4e-05,0.01854,0.01641,-0.63339,-0.00026,0.00013,-0.0,0.00192,-0.00436,-0.64624,4,37.931,362.8211,35.6899,179.8764,0.9379,-98.316,0.0021,23.378,0.189
242,000242.png,False,1788883103.175256,1788883103.115257,normal_unload,7,,0.0,-0.0015,0.00464,-0.51212,0.0005,0.00074,-0.00012,0.01631,0.0146,-0.49926,-0.00012,0.00034,-8e-05,-7e-05,-0.00493,-0.51212,3,37.9322,362.8219,35.7038,179.8767,0.937,-98.316,0.0029,23.3919,0.1751
243,000243.png,False,1788883103.367341,1788883103.307341,normal_unload,7,,0.0,0.00282,0.00828,-0.48408,0.00035,0.00067,2e-05,0.02067,0.01826,-0.47119,-0.00028,0.00026,6e-05,0.00166,0.00082,-0.48415,3,37.9317,362.8249,35.7113,179.8764,0.9372,-98.3162,0.0081,23.3995,0.1675
244,000244.png,False,1788883103.563275,1788883103.503275,normal_unload,7,,0.0,-0.00295,0.00038,-0.41682,0.00068,0.00081,0.00016,0.01494,0.01039,-0.4039,6e-05,0.0004,0.00019,0.00014,-0.00782,-0.41676,3,37.9319,362.8208,35.7258,179.8766,0.9366,-98.3162,0.0031,23.4139,0.1531
245,000245.png,False,1788883103.759385,1788883103.699385,normal_unload,7,,0.0,-0.00564,-0.00018,-0.28724,0.00057,0.0008,0.00038,0.01229,0.00985,-0.27428,-6e-05,0.00039,0.00042,-0.0028,-0.00758,-0.28718,3,37.9331,362.8219,35.7493,179.8763,0.9376,-98.3164,0.0023,23.4375,0.1295
246,000246.png,False,1788883103.955452,1788883103.895452,normal_unload,7,,0.0,-0.00532,0.00081,-0.2781,0.00069,0.00082,0.00034,0.01265,0.01086,-0.26512,6e-05,0.00041,0.00038,-0.00309,-0.00642,-0.27806,3,37.9325,362.8221,35.7574,179.8763,0.9374,-98.3164,0.0077,23.4455,0.1215
247,000247.png,False,1788883104.151375,1788883104.091375,normal_unload,7,,0.0,-0.00756,0.00075,-0.15079,0.00045,0.00071,0.0002,0.01045,0.01083,-0.13778,-0.00018,0.0003,0.00024,-0.00588,-0.00555,-0.15077,3,37.9331,362.8216,35.7827,179.8762,0.9378,-98.3171,0.0039,23.4708,0.0962
248,000248.png,False,1788883107.467528,1788883107.407528,normal_load,8,,2.0,-0.02212,-0.01145,-0.08138,0.00067,0.00047,0.00021,-0.00338,-0.00097,-0.06785,1e-05,5e-05,0.00024,-0.01287,-0.02227,-0.08113,3,37.934,362.8021,35.8453,179.8775,0.9337,-98.3192,0.0042,23.5331,0.0339
249,000249.png,False,1788883107.659547,1788883107.599547,normal_load,8,,2.0,-0.02387,-0.01199,-0.12093,0.0008,0.00054,0.00029,-0.00509,-0.00148,-0.10736,0.00014,0.00011,0.00033,-0.01385,-0.02425,-0.12066,4,37.935,362.7968,35.8322,179.8779,0.9324,-98.3192,0.0058,23.5199,0.0471
250,000250.png,False,1788883107.855557,1788883107.795557,normal_load,8,,2.0,-0.01865,-0.00953,-0.23987,0.00094,0.00066,0.00046,0.00017,0.001,-0.22627,0.00029,0.00023,0.00049,-0.00973,-0.02142,-0.23963,3,37.9345,362.7999,35.8057,179.8776,0.9335,-98.3194,0.0046,23.4934,0.0736
251,000251.png,False,1788883108.051560,1788883107.991560,normal_load,8,,2.0,-0.01986,-0.00662,-0.18412,0.00075,0.00061,9e-05,-0.001,0.00393,-0.17049,9e-05,0.00018,0.00013,-0.01262,-0.01861,-0.18393,3,37.9342,362.8024,35.8042,179.8775,0.9337,-98.3192,0.0098,23.492,0.0751
252,000252.png,False,1788883108.247483,1788883108.187483,normal_load,8,,2.0,-0.00917,0.00234,-0.45055,0.0006,0.00054,0.00012,0.00974,0.01292,-0.43689,-6e-05,0.00011,0.00016,-0.00599,-0.00977,-0.45051,3,37.9328,362.8084,35.7492,179.8767,0.9359,-98.3195,0.0042,23.4371,0.1299
253,000253.png,False,1788883108.443502,1788883108.383502,normal_load,8,,2.0,-0.01367,0.00065,-0.50326,0.0007,0.00055,0.00024,0.00528,0.01125,-0.48957,4e-05,0.00012,0.00028,-0.00868,-0.01433,-0.50317,3,37.9316,362.8083,35.7387,179.8772,0.9347,-98.319,0.0014,23.4266,0.1404
254,000254.png,False,1788883108.635505,1788883108.575505,normal_load,8,,2.0,-0.00662,0.00891,-0.77182,0.00048,0.00044,0.00014,0.01238,0.01954,-0.7581,-0.00019,0.0,0.00018,-0.00483,-0.00795,-0.77185,3,37.933,362.8091,35.7044,179.8772,0.9352,-98.3192,0.0095,23.3923,0.1747
255,000255.png,False,1788883108.831614,1788883108.771615,normal_load,8,,2.0,-0.00336,0.00883,-0.91787,0.00065,0.00044,0.00019,0.01568,0.01948,-0.90412,-2e-05,1e-05,0.00023,-0.00096,-0.00873,-0.91787,3,37.9332,362.8066,35.6791,179.8778,0.9328,-98.3194,0.0017,23.367,0.2
256,000256.png,False,1788883109.223613,1788883109.163613,normal_load,8,,2.0,-0.00071,0.01991,-1.29942,0.00046,0.00025,0.00017,0.01841,0.03061,-1.28561,-0.00021,-0.00019,0.00021,-0.00155,-0.00393,-1.29957,3,37.9315,362.812,35.6512,179.8771,0.9349,-98.319,0.0095,23.3392,0.2278
257,000257.png,False,1788883109.415538,1788883109.355538,normal_load,8,,2.0,0.00395,0.03194,-1.3719,0.00037,0.00038,9e-05,0.02312,0.04266,-1.35806,-0.0003,-6e-05,0.00013,-0.00302,0.00766,-1.37225,3,37.932,362.8129,35.6451,179.8764,0.937,-98.3192,0.0006,23.3331,0.2339
258,000258.png,False,1788883109.611660,1788883109.551661,normal_load,8,,2.0,-0.00392,0.00571,-1.62339,0.00078,-2e-05,8e-05,0.01529,0.01645,-1.60952,0.0001,-0.00046,0.00012,0.00501,-0.02302,-1.62324,3,37.9335,362.8048,35.6264,179.8754,0.9399,-98.3193,0.0048,23.3143,0.2527
259,000259.png,False,1788883109.807704,1788883109.747705,normal_load,8,,2.0,0.0023,0.01893,-1.60899,0.00063,0.00022,-2e-05,0.02154,0.0297,-1.59509,-4e-05,-0.00021,2e-05,0.00368,-0.00823,-1.60908,3,37.9332,362.8064,35.6253,179.8757,0.939,-98.3193,0.0095,23.3132,0.2538
260,000260.png,False,1788883111.951804,1788883111.891804,normal_unload,8,,0.0,0.01093,0.04053,-1.95281,0.00031,0.00021,0.00044,0.03064,0.05156,-1.93857,-0.00038,-0.00024,0.00048,0.00275,0.00928,-1.95324,3,37.9327,362.8167,35.5954,179.8759,0.9384,-98.3199,0.0078,23.2835,0.2835
261,000261.png,False,1788883112.147666,1788883112.087667,normal_unload,8,,0.0,0.00343,0.0285,-1.80564,0.00051,0.00015,0.00051,0.02318,0.03956,-1.79137,-0.00018,-0.0003,0.00056,0.00124,-0.00253,-1.80587,3,37.9303,362.8125,35.6025,179.8765,0.9359,-98.3195,0.0018,23.2905,0.2765
262,000262.png,False,1788883112.539680,1788883112.479680,normal_unload,8,,0.0,0.00285,0.01973,-1.63445,0.00083,0.00032,0.00041,0.02269,0.03083,-1.62012,0.00013,-0.00013,0.00046,0.00394,-0.00768,-1.63455,3,37.9335,362.8086,35.6119,179.877,0.9344,-98.3199,0.0017,23.2999,0.2671
263,000263.png,False,1788883112.735806,1788883112.675806,normal_unload,8,,0.0,0.00097,0.01509,-1.51261,0.00065,0.00013,0.00035,0.02086,0.02622,-1.49825,-5e-05,-0.00032,0.00039,0.00379,-0.01067,-1.51265,3,37.9334,362.8082,35.6168,179.8775,0.9337,-98.3197,0.0074,23.3047,0.2623
264,000264.png,False,1788883113.123703,1788883113.063703,normal_unload,8,,0.0,-0.00183,0.01105,-1.31921,0.00081,0.00036,0.00028,0.01814,0.02223,-1.30478,0.00011,-9e-05,0.00032,0.00204,-0.01247,-1.3192,3,37.9333,362.8065,35.6311,179.8776,0.9333,-98.3199,0.0037,23.319,0.248
265,000265.png,False,1788883113.319833,1788883113.259833,normal_unload,8,,0.0,-0.00531,0.01135,-1.06917,0.00076,0.00041,0.00027,0.0147,0.02255,-1.05472,6e-05,-5e-05,0.00031,-0.00286,-0.00995,-1.0692,3,37.932,362.8101,35.6474,179.8771,0.9342,-98.3197,0.0014,23.3353,0.2317
266,000266.png,False,1788883113.515800,1788883113.455800,normal_unload,8,,0.0,-0.00185,0.0131,-0.95571,0.00031,0.00031,0.00015,0.01821,0.02432,-0.94122,-0.00039,-0.00014,0.0002,-0.00152,-0.00488,-0.95579,3,37.9337,362.8109,35.6574,179.8776,0.9335,-98.3201,0.0067,23.3453,0.2217
267,000267.png,False,1788883113.707788,1788883113.647788,normal_unload,8,,0.0,-0.00581,0.01011,-0.8959,0.00089,0.00056,0.00025,0.01429,0.02135,-0.88139,0.00019,0.00011,0.00029,-0.00387,-0.0085,-0.89593,3,37.9334,362.8102,35.6655,179.8773,0.9336,-98.3203,0.0022,23.3535,0.2135
268,000268.png,False,1788883113.903795,1788883113.843795,normal_unload,8,,0.0,-0.00641,0.00171,-0.77358,0.00089,0.00041,0.00013,0.01373,0.01298,-0.75903,0.00019,-5e-05,0.00017,-0.00104,-0.01411,-0.77348,3,37.9329,362.808,35.6754,179.8775,0.9337,-98.3203,0.009,23.3634,0.2036
269,000269.png,False,1788883114.099844,1788883114.039844,normal_unload,8,,0.0,-0.01103,-0.00016,-0.74357,0.00081,0.00035,0.00014,0.00916,0.01113,-0.72899,0.0001,-0.0001,0.00018,-0.00431,-0.01756,-0.74343,3,37.9346,362.8049,35.6785,179.8779,0.9324,-98.3205,0.0035,23.3663,0.2007
270,000270.png,False,1788883114.487839,1788883114.427839,normal_unload,8,,0.0,-0.00897,-0.00566,-0.60032,0.00084,0.0004,0.00022,0.0113,0.00568,-0.58568,0.00013,-6e-05,0.00026,-0.00078,-0.019,-0.60011,3,37.9343,362.8034,35.6986,179.8781,0.9325,-98.3205,0.0001,23.3864,0.1806
271,000271.png,False,1788883114.879893,1788883114.819893,normal_unload,8,,0.0,-0.01448,-0.00613,-0.42206,0.00079,0.00046,0.00017,0.00588,0.00526,-0.40736,8e-05,-1e-05,0.00022,-0.00655,-0.0193,-0.42186,3,37.9338,362.8041,35.7225,179.878,0.9322,-98.3205,0.0059,23.4103,0.1567
272,000272.png,False,1788883115.075951,1788883115.015951,normal_unload,8,,0.0,-0.01642,-0.00374,-0.28509,0.001,0.00074,0.00017,0.00398,0.00767,-0.27036,0.00029,0.00027,0.00021,-0.01037,-0.01601,-0.28495,3,37.9329,362.8081,35.7464,179.8776,0.9333,-98.3205,0.0005,23.4344,0.1327
273,000273.png,False,1788883115.271920,1788883115.211920,normal_unload,8,,0.0,-0.01314,0.00139,-0.24246,0.00049,0.00056,0.00016,0.0073,0.01283,-0.2277,-0.00023,9e-05,0.0002,-0.01039,-0.00924,-0.24243,3,37.9334,362.8126,35.7623,179.8774,0.9339,-98.321,0.0093,23.4503,0.1167
274,000274.png,False,1788883115.463967,1788883115.403967,normal_unload,8,,0.0,-0.01773,-0.0034,-0.16494,0.00076,0.00067,0.00012,0.00275,0.00806,-0.15015,4e-05,0.00021,0.00016,-0.01251,-0.01444,-0.16482,3,37.9329,362.8085,35.7825,179.8777,0.933,-98.321,0.0008,23.4704,0.0966
275,000275.png,False,1788883118.392015,1788883118.332015,normal_load,9,,2.0,-0.02707,-0.00952,-0.02905,0.00069,0.00061,0.00013,-0.00596,0.0023,-0.0138,-5e-05,0.00013,0.00017,-0.0185,-0.02224,-0.02883,3,37.9296,362.8065,35.8817,179.8774,0.9346,-98.3231,0.0034,23.5696,-0.0025
276,000276.png,False,1788883118.779965,1788883118.719965,normal_load,9,,2.0,-0.02373,-0.00888,-0.11974,0.00089,0.00065,0.00044,-0.00253,0.00298,-0.10442,0.00014,0.00017,0.00049,-0.01529,-0.02147,-0.11952,3,37.93,362.8019,35.8429,179.8781,0.9316,-98.3231,0.0044,23.5307,0.0363
277,000277.png,False,1788883118.976079,1788883118.916079,normal_load,9,,2.0,-0.02507,-0.01048,-0.1362,0.0009,0.00057,0.00027,-0.00382,0.00141,-0.12085,0.00015,9e-05,0.00032,-0.01553,-0.02378,-0.13594,3,37.9311,362.7987,35.8264,179.8785,0.9313,-98.3231,0.0011,23.5141,0.0529
278,000278.png,False,1788883119.172067,1788883119.112067,normal_load,9,,2.0,-0.02077,-0.00788,-0.1718,0.00086,0.00055,0.0002,0.00052,0.00403,-0.15643,0.00011,7e-05,0.00025,-0.01286,-0.01996,-0.1716,3,37.9298,362.8015,35.8127,179.878,0.932,-98.3229,0.0069,23.5005,0.0665
279,000279.png,False,1788883119.368096,1788883119.308096,normal_load,9,,2.0,-0.01612,0.00622,-0.55716,0.00066,0.00061,0.0004,0.00521,0.01815,-0.54175,-8e-05,0.00013,0.00044,-0.01321,-0.0116,-0.55715,3,37.9293,362.8054,35.7348,179.8777,0.9328,-98.3229,0.0073,23.4227,0.1443
280,000280.png,False,1788883119.564095,1788883119.504095,normal_load,9,,2.0,-0.01471,0.00187,-0.55918,0.00078,0.0005,0.00024,0.00667,0.01382,-0.54375,3e-05,1e-05,0.00028,-0.00979,-0.01469,-0.5591,3,37.9299,362.8021,35.73,179.8783,0.9312,-98.3231,0.0017,23.4178,0.1492
281,000281.png,False,1788883119.756127,1788883119.696127,normal_load,9,,2.0,-0.01293,0.00151,-0.555,0.00087,0.00058,-5e-05,0.00848,0.01349,-0.53954,0.00012,9e-05,-1e-05,-0.00811,-0.01404,-0.55492,3,37.9291,362.8055,35.7272,179.8781,0.9318,-98.3233,0.0081,23.4151,0.1519
282,000282.png,False,1788883119.952101,1788883119.892101,normal_load,9,,2.0,-0.01,0.00561,-0.64932,0.00072,0.00045,0.00022,0.01145,0.01761,-0.63382,-3e-05,-3e-05,0.00026,-0.00697,-0.01054,-0.64929,3,37.9293,362.8059,35.7174,179.8775,0.9335,-98.3231,0.0067,23.4053,0.1617
283,000283.png,False,1788883120.148107,1788883120.088107,normal_load,9,,2.0,-0.01623,-0.01172,-0.8243,0.00127,0.0003,3e-05,0.00527,0.0003,-0.80877,0.00052,-0.00019,7e-05,-0.00249,-0.03147,-0.82394,3,37.9304,362.7973,35.6968,179.876,0.9373,-98.3229,0.0076,23.3846,0.1825
284,000284.png,False,1788883120.344099,1788883120.284099,normal_load,9,,2.0,-0.01482,-0.01069,-0.91189,0.00118,0.00038,3e-05,0.00673,0.00136,-0.89633,0.00043,-0.00011,7e-05,-0.00117,-0.03127,-0.91154,3,37.9334,362.7833,35.6821,179.8773,0.9341,-98.3229,0.004,23.3697,0.1974
285,000285.png,False,1788883120.536041,1788883120.476042,normal_load,9,,2.0,0.00528,0.04765,-1.10716,-0.00024,0.00062,-5e-05,0.02687,0.05972,-1.09157,-0.001,0.00013,-1e-05,-0.01155,0.02617,-1.10783,3,37.9251,362.8236,35.6647,179.8751,0.9405,-98.323,0.0059,23.353,0.214
286,000286.png,False,1788883120.732115,1788883120.672115,normal_load,9,,2.0,0.00924,0.05078,-1.59596,-3e-05,0.00051,0.00015,0.03087,0.06288,-1.58034,-0.00078,2e-05,0.00019,-0.0063,0.02304,-1.59661,3,37.9257,362.8224,35.6287,179.8767,0.9359,-98.3232,0.0088,23.3169,0.2501
287,000287.png,False,1788883120.928124,1788883120.868124,normal_load,9,,2.0,0.00958,0.04553,-1.64419,0.00018,0.00038,7e-05,0.03125,0.05765,-1.62854,-0.00058,-0.00011,0.00012,-0.00305,0.01788,-1.64475,3,37.9268,362.8195,35.624,179.8766,0.9361,-98.3232,0.0038,23.3121,0.2549
288,000288.png,False,1788883121.124153,1788883121.064153,normal_load,9,,2.0,0.0092,0.04967,-1.73876,0.00013,0.00044,0.00033,0.03091,0.06181,-1.72308,-0.00063,-5e-05,0.00038,-0.00479,0.01976,-1.73938,3,37.9269,362.8201,35.6192,179.8763,0.937,-98.3232,0.0095,23.3074,0.2597
289,000289.png,False,1788883121.316164,1788883121.256165,normal_load,9,,2.0,0.01124,0.05235,-1.79964,-3e-05,0.00038,0.00021,0.03299,0.06452,-1.78393,-0.0008,-0.00012,0.00026,-0.00394,0.02213,-1.8003,3,37.9277,362.8218,35.6127,179.8761,0.9378,-98.3234,0.0006,23.3009,0.2661
290,000290.png,False,1788883122.292228,1788883122.232228,normal_unload,9,,0.0,0.01722,0.06307,-1.94667,-0.00012,0.00036,-3e-05,0.03918,0.07536,-1.93081,-0.00089,-0.00014,1e-05,-0.0031,0.03205,-1.94751,3,37.9266,362.8242,35.5956,179.8761,0.9376,-98.3234,0.0095,23.2838,0.2832
291,000291.png,False,1788883122.488219,1788883122.428219,normal_unload,9,,0.0,0.01112,0.05402,-1.91716,5e-05,0.00035,0.00013,0.03312,0.06633,-1.90126,-0.00072,-0.00015,0.00018,-0.00407,0.02163,-1.91783,3,37.9266,362.8231,35.597,179.8765,0.937,-98.3232,0.0042,23.2852,0.2818
292,000292.png,False,1788883122.684133,1788883122.624133,normal_unload,9,,0.0,0.00808,0.04084,-1.78661,0.00038,0.00039,0.00014,0.03013,0.05318,-1.77068,-0.00039,-0.00011,0.00018,-0.00102,0.01079,-1.78706,3,37.929,362.8171,35.605,179.8776,0.9339,-98.3236,0.0028,23.2931,0.2739
293,000293.png,False,1788883122.880144,1788883122.820144,normal_unload,9,,0.0,0.00691,0.03709,-1.77913,0.00039,0.00022,0.00016,0.029,0.04945,-1.76317,-0.00039,-0.00028,0.00021,-0.00021,0.00707,-1.77951,2,37.9274,362.8175,35.6039,179.8774,0.9343,-98.3234,0.0122,23.292,0.275
294,000294.png,False,1788883123.072258,1788883123.012258,normal_unload,9,,0.0,0.00445,0.0282,-1.70946,0.00059,0.0003,0.00022,0.02658,0.04058,-1.69347,-0.00019,-0.0002,0.00026,0.00162,-0.00074,-1.70969,3,37.9282,362.8131,35.6074,179.8778,0.9326,-98.3233,0.0032,23.2955,0.2716
295,000295.png,False,1788883123.268254,1788883123.208254,normal_unload,9,,0.0,0.00315,0.02044,-1.64511,0.00079,0.00025,0.00019,0.02533,0.03284,-1.62909,2e-05,-0.00025,0.00023,0.00392,-0.00708,-1.64522,3,37.9287,362.809,35.6116,179.8782,0.9314,-98.3233,0.0088,23.2996,0.2674
296,000296.png,False,1788883123.464169,1788883123.404169,normal_unload,9,,0.0,0.00169,0.02412,-1.60055,0.00075,0.0002,-1e-05,0.02391,0.03655,-1.5845,-3e-05,-0.0003,4e-05,0.00051,-0.0039,-1.60073,3,37.9281,362.81,35.612,179.8779,0.9315,-98.3233,0.003,23.3,0.267
297,000297.png,False,1788883123.660257,1788883123.600257,normal_unload,9,,0.0,-0.00276,0.01222,-1.52368,0.00098,0.00021,0.00027,0.0195,0.02467,-1.5076,0.0002,-0.0003,0.00032,0.00207,-0.01521,-1.52366,3,37.9296,362.8042,35.6182,179.8789,0.9293,-98.3236,0.0031,23.3061,0.2609
298,000298.png,False,1788883123.856273,1788883123.796273,normal_unload,9,,0.0,-0.00702,-0.00253,-1.38996,0.00104,5e-05,0.00011,0.01528,0.00995,-1.37384,0.00026,-0.00046,0.00015,0.00481,-0.02796,-1.38969,3,37.9299,362.7978,35.6241,179.8797,0.9271,-98.3235,0.0084,23.3119,0.2551
299,000299.png,False,1788883124.048327,1788883123.988327,normal_unload,9,,0.0,-0.0088,0.00126,-1.34756,0.00111,0.00018,4e-05,0.01355,0.01377,-1.33142,0.00032,-0.00033,9e-05,0.00109,-0.02489,-1.34736,3,37.9317,362.7988,35.6307,179.8797,0.9269,-98.3238,0.0056,23.3185,0.2486
300,000300.png,False,1788883124.244295,1788883124.184295,normal_unload,9,,0.0,-0.01345,-0.00587,-1.26816,0.00121,0.0001,0.00012,0.00894,0.00665,-1.25198,0.00043,-0.0004,0.00016,8e-05,-0.03212,-1.26783,3,37.9325,362.795,35.6328,179.8803,0.9257,-98.324,0.0091,23.3205,0.2465
301,000301.png,False,1788883124.636221,1788883124.576221,normal_unload,9,,0.0,-0.01657,-0.01535,-1.11188,0.00144,0.0002,-0.0,0.00591,-0.00278,-1.09564,0.00065,-0.00032,4e-05,0.00103,-0.03939,-1.11141,3,37.9322,362.7899,35.6476,179.8804,0.9248,-98.324,0.0043,23.3352,0.2318
302,000302.png,False,1788883124.828241,1788883124.768241,normal_unload,9,,0.0,-0.01628,-0.01344,-0.94229,0.0013,0.00027,5e-05,0.00624,-0.00084,-0.92603,0.00051,-0.00024,0.0001,-0.00085,-0.03486,-0.94188,3,37.9315,362.7937,35.6591,179.8805,0.9246,-98.324,0.0063,23.3468,0.2202
303,000303.png,False,1788883125.024312,1788883124.964312,normal_unload,9,,0.0,-0.01449,-0.01064,-0.77312,0.00118,0.00024,0.00014,0.00807,0.00199,-0.75682,0.00039,-0.00028,0.00019,-0.00188,-0.02884,-0.77279,3,37.9321,362.7954,35.6758,179.8802,0.9261,-98.324,0.0079,23.3635,0.2035
304,000304.png,False,1788883125.220334,1788883125.160334,normal_unload,9,,0.0,-0.01513,-0.00596,-0.76308,0.00117,0.00047,0.00012,0.00748,0.00668,-0.74675,0.00038,-5e-05,0.00017,-0.00483,-0.02495,-0.76283,3,37.9306,362.7973,35.6786,179.8801,0.9258,-98.324,0.0066,23.3663,0.2007
305,000305.png,False,1788883125.416260,1788883125.356261,normal_unload,9,,0.0,-0.01541,-0.00882,-0.57702,0.00098,0.00039,-0.00017,0.00723,0.00385,-0.56066,0.00019,-0.00013,-0.00012,-0.00495,-0.02458,-0.57674,3,37.9325,362.7983,35.6933,179.8803,0.9259,-98.3242,0.0007,23.3811,0.1859
306,000306.png,False,1788883125.608274,1788883125.548274,normal_unload,9,,0.0,-0.01541,-0.00882,-0.60464,0.00109,0.0004,-6e-05,0.00728,0.00387,-0.58826,0.0003,-0.00012,-1e-05,-0.00475,-0.02502,-0.60437,3,37.9297,362.7979,35.6937,179.8799,0.9255,-98.324,0.0096,23.3815,0.1856
307,000307.png,False,1788883126.000354,1788883125.940354,normal_unload,9,,0.0,-0.01971,-0.01706,-0.44532,0.00119,0.00046,-0.00023,0.00306,-0.00432,-0.42887,0.0004,-6e-05,-0.00019,-0.00546,-0.03176,-0.44491,3,37.9318,362.7967,35.7142,179.8805,0.9253,-98.3242,0.0091,23.4019,0.1651
308,000308.png,False,1788883126.392371,1788883126.332371,normal_unload,9,,0.0,-0.02,-0.01786,-0.3224,0.00116,0.00046,-5e-05,0.00286,-0.00507,-0.30589,0.00036,-6e-05,0.0,-0.00616,-0.03063,-0.322,3,37.9317,362.7958,35.7422,179.8808,0.9242,-98.3242,0.0023,23.4299,0.1371
309,000309.png,False,1788883126.584409,1788883126.524409,normal_unload,9,,0.0,-0.02536,-0.02329,-0.23464,0.00154,0.00066,-4e-05,-0.00246,-0.01048,-0.2181,0.00073,0.00014,1e-05,-0.00871,-0.0366,-0.23415,3,37.9334,362.7903,35.762,179.8813,0.9228,-98.3246,0.0117,23.4496,0.1174
310,000310.png,False,1788883131.072523,1788883131.012523,normal_load,10,,2.0,-0.02406,-0.00434,-0.08648,0.00084,0.00073,-0.0,-0.00019,0.00902,-0.06924,1e-05,0.00018,5e-05,-0.01808,-0.01716,-0.08635,3,37.9292,362.8062,35.8369,179.8803,0.925,-98.3274,0.0001,23.5248,0.0422
311,000311.png,False,1788883131.464600,1788883131.404600,normal_load,10,,2.0,-0.01647,0.00306,-0.33207,0.00079,0.00067,-8e-05,0.00749,0.01646,-0.31476,-5e-05,0.00012,-3e-05,-0.0135,-0.0109,-0.33204,3,37.9306,362.8087,35.7676,179.881,0.9236,-98.3277,0.0069,23.4555,0.1115
312,000312.png,False,1788883131.852552,1788883131.792552,normal_load,10,,2.0,-0.01084,0.00978,-0.64503,0.00058,0.00055,-5e-05,0.01321,0.02323,-0.62766,-0.00026,1e-05,-0.0,-0.0098,-0.00728,-0.64508,3,37.9289,362.8141,35.7142,179.8804,0.9255,-98.3274,0.0087,23.4022,0.1648
313,000313.png,False,1788883132.244570,1788883132.184570,normal_load,10,,2.0,-0.00642,0.01775,-0.93376,0.00052,0.00059,-1e-05,0.01771,0.03125,-0.91633,-0.00032,5e-05,4e-05,-0.00796,-0.00279,-0.93391,3,37.9283,362.817,35.6814,179.8792,0.9283,-98.3279,0.0064,23.3695,0.1975
314,000314.png,False,1788883132.436651,1788883132.376652,normal_load,10,,2.0,-0.00165,0.03561,-1.09034,0.00015,0.00058,-2e-05,0.02252,0.04913,-1.07288,-0.0007,3e-05,3e-05,-0.01166,0.01255,-1.09079,3,37.9271,362.8236,35.6676,179.8785,0.9304,-98.3279,0.0041,23.3558,0.2112
315,000315.png,False,1788883132.632675,1788883132.572675,normal_load,10,,2.0,0.00517,0.04461,-1.45513,0.00022,0.00058,2e-05,0.02938,0.05816,-1.43764,-0.00063,3e-05,7e-05,-0.00772,0.01791,-1.45569,3,37.9261,362.8262,35.6406,179.8786,0.9306,-98.3277,0.0028,23.3288,0.2382
316,000316.png,False,1788883132.828699,1788883132.768699,normal_load,10,,2.0,0.00329,0.04291,-1.48785,0.00031,0.00061,0.00017,0.02755,0.05648,-1.47033,-0.00054,6e-05,0.00022,-0.00827,0.01497,-1.48838,3,37.9268,362.8252,35.6333,179.8792,0.9288,-98.3277,0.0076,23.3216,0.2454
317,000317.png,False,1788883133.024693,1788883132.964693,normal_load,10,,2.0,0.00549,0.04344,-1.71041,0.00026,0.00039,4e-05,0.02979,0.05703,-1.69286,-0.00059,-0.00016,9e-05,-0.00509,0.01297,-1.71092,3,37.9279,362.8239,35.6188,179.8794,0.9284,-98.3279,0.0075,23.307,0.26
318,000318.png,False,1788883134.780780,1788883134.720780,normal_unload,10,,0.0,0.0098,0.04206,-1.93843,0.00049,0.00042,0.00013,0.03448,0.05587,-1.9206,-0.00038,-0.00014,0.00018,0.00092,0.01027,-1.93888,3,37.9268,362.8235,35.5933,179.8799,0.9269,-98.3279,0.0029,23.2815,0.2855
319,000319.png,False,1788883134.976799,1788883134.916799,normal_unload,10,,0.0,0.00739,0.04178,-1.91598,0.0005,0.0004,4e-05,0.03211,0.05561,-1.89813,-0.00036,-0.00016,9e-05,-0.00119,0.00919,-1.91643,3,37.928,362.8234,35.594,179.8798,0.9271,-98.3281,0.0068,23.2823,0.2848
320,000320.png,False,1788883135.168831,1788883135.108831,normal_unload,10,,0.0,0.00262,0.03112,-1.81082,0.00048,0.00022,0.00011,0.02738,0.04497,-1.79293,-0.00039,-0.00035,0.00016,-0.00073,-0.00075,-1.81109,3,37.9275,362.819,35.5982,179.8803,0.9257,-98.3283,0.0023,23.2864,0.2806
321,000321.png,False,1788883135.560804,1788883135.500804,normal_unload,10,,0.0,-0.0003,0.02511,-1.74725,0.00071,0.00023,0.00032,0.02456,0.03902,-1.7293,-0.00016,-0.00034,0.00037,-0.00069,-0.00639,-1.74742,3,37.9291,362.8169,35.6048,179.8806,0.9246,-98.3285,0.0074,23.2929,0.2741
322,000322.png,False,1788883135.756819,1788883135.696819,normal_unload,10,,0.0,-0.00659,0.01911,-1.65054,0.00107,0.00039,0.00025,0.01831,0.03304,-1.63255,0.0002,-0.00018,0.0003,-0.00381,-0.01318,-1.6506,3,37.9302,362.8111,35.6092,179.8813,0.9226,-98.3285,0.0007,23.2972,0.2698
323,000323.png,False,1788883135.948745,1788883135.888745,normal_unload,10,,0.0,-0.01199,0.00242,-1.54893,0.00142,0.00038,0.00031,0.01294,0.01637,-1.53092,0.00055,-0.00019,0.00036,-0.00086,-0.02871,-1.54871,3,37.9312,362.8054,35.6158,179.882,0.9205,-98.3285,0.009,23.3037,0.2633
324,000324.png,False,1788883136.144840,1788883136.084840,normal_unload,10,,0.0,-0.00916,-0.00236,-1.43566,0.00141,0.00031,-1e-05,0.01582,0.01162,-1.41761,0.00053,-0.00026,5e-05,0.0032,-0.02962,-1.43538,3,37.9312,362.8042,35.6221,179.8823,0.9197,-98.3285,0.0043,23.31,0.257
325,000325.png,False,1788883136.340881,1788883136.280881,normal_unload,10,,0.0,-0.0129,-0.00761,-1.38031,0.00136,0.00025,-8e-05,0.01213,0.00639,-1.36224,0.00049,-0.00031,-3e-05,0.0022,-0.03515,-1.37994,3,37.9321,362.8005,35.6219,179.8827,0.9185,-98.3287,0.0014,23.3097,0.2573
326,000326.png,False,1788883136.536871,1788883136.476871,normal_unload,10,,0.0,-0.01501,-0.0052,-1.30353,0.00139,0.0002,0.00031,0.01005,0.00883,-1.28542,0.00051,-0.00037,0.00037,-0.00137,-0.03288,-1.30321,3,37.9322,362.801,35.6292,179.8827,0.9185,-98.3287,0.0068,23.317,0.25
327,000327.png,False,1788883136.728774,1788883136.668774,normal_unload,10,,0.0,-0.01615,-0.01353,-1.09301,0.0015,0.00036,8e-05,0.00896,0.00052,-1.07488,0.00062,-0.00021,0.00013,0.00035,-0.03729,-1.09258,3,37.9317,362.8004,35.6447,179.8825,0.9184,-98.3287,0.0015,23.3325,0.2345
328,000328.png,False,1788883136.924910,1788883136.864910,normal_unload,10,,0.0,-0.01563,-0.01016,-1.05689,0.00142,0.00044,1e-05,0.00951,0.00391,-1.03872,0.00054,-0.00014,6e-05,-0.00114,-0.03354,-1.05652,3,37.9324,362.802,35.6465,179.8826,0.9189,-98.3287,0.0081,23.3343,0.2327
329,000329.png,False,1788883137.316806,1788883137.256806,normal_unload,10,,0.0,-0.01645,-0.01187,-0.88355,0.00171,0.0006,-0.00016,0.00879,0.00225,-0.86532,0.00082,2e-05,-0.00011,-0.00219,-0.03265,-0.88317,3,37.9319,362.8015,35.6641,179.8826,0.9187,-98.3287,0.0001,23.3519,0.2151
330,000330.png,False,1788883137.704952,1788883137.644952,normal_unload,10,,0.0,-0.02295,-0.01702,-0.66689,0.00139,0.0005,-8e-05,0.00237,-0.00285,-0.6486,0.0005,-7e-05,-3e-05,-0.00676,-0.03689,-0.66645,3,37.9323,362.7993,35.6861,179.883,0.9176,-98.3291,0.006,23.3738,0.1932
331,000331.png,False,1788883137.900918,1788883137.840919,normal_unload,10,,0.0,-0.02175,-0.021,-0.61097,0.00148,0.00053,0.00017,0.00361,-0.00681,-0.59265,0.00059,-5e-05,0.00022,-0.00411,-0.03884,-0.61046,3,37.9334,362.7936,35.6946,179.8835,0.916,-98.3294,0.0005,23.3823,0.1847
332,000332.png,False,1788883138.292851,1788883138.232852,normal_unload,10,,0.0,-0.02132,-0.01235,-0.43648,0.00112,0.00055,9e-05,0.00413,0.00189,-0.4181,0.00023,-3e-05,0.00015,-0.00927,-0.02834,-0.43616,3,37.9337,362.8003,35.7163,179.8833,0.9166,-98.3296,0.0083,23.4041,0.1629
333,000333.png,False,1788883138.484982,1788883138.424983,normal_unload,10,,0.0,-0.01991,-0.00723,-0.28557,0.00121,0.00075,0.00013,0.00558,0.00702,-0.26716,0.00032,0.00018,0.00019,-0.01165,-0.02079,-0.28536,3,37.932,362.8052,35.7436,179.8829,0.9178,-98.3296,0.0107,23.4315,0.1355
334,000334.png,False,1788883138.680974,1788883138.620974,normal_unload,10,,0.0,-0.02155,-0.01019,-0.27086,0.00097,0.00068,0.00013,0.00398,0.0041,-0.25242,8e-05,0.0001,0.00018,-0.0117,-0.02393,-0.2706,3,37.9317,362.8031,35.7478,179.8831,0.9172,-98.3296,0.0036,23.4357,0.1313
335,000335.png,False,1788883138.876872,1788883138.816872,normal_unload,10,,0.0,-0.02609,-0.00623,-0.17016,0.00105,0.0008,0.0002,-0.00052,0.00808,-0.15169,0.00015,0.00022,0.00025,-0.01831,-0.02116,-0.16997,3,37.9313,362.8056,35.7768,179.8829,0.9178,-98.3296,0.0021,23.4647,0.1023
336,000336.png,False,1788883143.169166,1788883143.109166,normal_load,11,,2.0,-0.02822,-0.0027,-0.10446,0.00089,0.00085,0.00011,-0.00171,0.01213,-0.08531,-4e-05,0.00024,0.00016,-0.02237,-0.01811,-0.10434,3,37.9251,362.8252,35.8194,179.8812,0.9226,-98.3333,0.0019,23.5076,0.0594
337,000337.png,False,1788883143.557158,1788883143.497159,normal_load,11,,2.0,-0.01933,0.00283,-0.56659,0.00084,0.00063,6e-05,0.00727,0.0177,-0.54738,-9e-05,3e-05,0.00011,-0.01422,-0.01628,-0.56652,3,37.9242,362.8297,35.7197,179.8813,0.9224,-98.3337,0.0014,23.4081,0.159
338,000338.png,False,1788883143.753176,1788883143.693177,normal_load,11,,2.0,-0.01146,0.01632,-0.70476,0.00046,0.00058,-9e-05,0.01518,0.03122,-0.68552,-0.00047,-2e-05,-3e-05,-0.01319,-0.00288,-0.70491,3,37.9246,362.8343,35.7069,179.8809,0.9236,-98.3335,0.0073,23.3953,0.1717
339,000339.png,False,1788883143.949104,1788883143.889104,normal_load,11,,2.0,-0.006,0.02671,-0.86778,0.00033,0.00066,-0.00024,0.02067,0.04163,-0.84851,-0.0006,5e-05,-0.00018,-0.01253,0.00623,-0.8681,3,37.9236,362.8402,35.6864,179.8797,0.9271,-98.3338,0.0003,23.3749,0.1921
340,000340.png,False,1788883144.145114,1788883144.085114,normal_load,11,,2.0,-0.00349,0.03337,-0.99512,0.0002,0.00066,9e-05,0.02323,0.04832,-0.97582,-0.00073,6e-05,0.00014,-0.0128,0.01122,-0.99554,3,37.9231,362.8413,35.6767,179.8796,0.9275,-98.3335,0.0056,23.3652,0.2018
341,000341.png,False,1788883144.341208,1788883144.281208,normal_load,11,,2.0,0.00301,0.05222,-1.06962,-8e-05,0.00083,-0.00012,0.02977,0.06719,-1.05029,-0.00102,0.00022,-6e-05,-0.01607,0.02959,-1.07037,3,37.9216,362.8523,35.6676,179.8781,0.9319,-98.3336,0.008,23.3563,0.2107
342,000342.png,False,1788883144.533237,1788883144.473238,normal_load,11,,2.0,0.00154,0.04834,-1.19435,0.00012,0.00091,4e-05,0.02835,0.06334,-1.17499,-0.00081,0.0003,9e-05,-0.01454,0.02351,-1.19501,3,37.9203,362.8536,35.66,179.8784,0.9317,-98.3334,0.001,23.3488,0.2182
343,000343.png,False,1788883144.729228,1788883144.669228,normal_load,11,,2.0,0.00623,0.05795,-1.31721,-0.00021,0.0008,4e-05,0.03308,0.07297,-1.29781,-0.00115,0.00018,9e-05,-0.01442,0.0322,-1.31802,3,37.9209,362.8568,35.648,179.878,0.9327,-98.3338,0.0066,23.3368,0.2302
344,000344.png,False,1788883144.925232,1788883144.865232,normal_load,11,,2.0,0.00846,0.06199,-1.68521,-9e-05,0.00072,-0.0001,0.03535,0.07704,-1.66578,-0.00103,0.00011,-4e-05,-0.01196,0.03092,-1.68604,3,37.9203,362.8531,35.6204,179.8785,0.9306,-98.3336,0.0062,23.3091,0.2579
345,000345.png,False,1788883145.121226,1788883145.061226,normal_load,11,,2.0,0.00859,0.05727,-1.66969,-6e-05,0.00053,-6e-05,0.03552,0.07234,-1.65023,-0.00101,-8e-05,-0.0,-0.0096,0.02715,-1.67044,4,37.9215,362.8543,35.6183,179.8787,0.9307,-98.3336,0.0011,23.307,0.26
346,000346.png,False,1788883145.313224,1788883145.253224,normal_load,11,,2.0,0.01118,0.06203,-1.92649,-0.0,0.00056,-4e-05,0.03816,0.07712,-1.90701,-0.00095,-5e-05,1e-05,-0.00795,0.02845,-1.9273,3,37.9219,362.8521,35.6019,179.8789,0.9301,-98.3338,0.0097,23.2906,0.2764
347,000347.png,False,1788883147.265345,1788883147.205345,normal_unload,11,,0.0,0.00818,0.05706,-1.91118,0.0001,0.00056,-2e-05,0.03558,0.07239,-1.89139,-0.00086,-6e-05,4e-05,-0.00817,0.02289,-1.9119,3,37.9206,362.8521,35.5924,179.8796,0.928,-98.3338,0.0084,23.2811,0.2859
348,000348.png,False,1788883147.461357,1788883147.401357,normal_unload,11,,0.0,0.00535,0.04359,-1.82159,0.00045,0.00049,0.0,0.03279,0.05894,-1.80176,-0.00051,-0.00013,6e-05,-0.00451,0.01124,-1.82208,3,37.9228,362.8475,35.597,179.8802,0.9264,-98.3342,0.0045,23.2856,0.2814
349,000349.png,False,1788883147.657378,1788883147.597378,normal_unload,11,,0.0,-0.00339,0.03202,-1.70308,0.00075,0.00048,-2e-05,0.0241,0.0474,-1.68323,-0.00021,-0.00014,4e-05,-0.00713,-0.00124,-1.70337,3,37.9239,362.8411,35.6036,179.8809,0.9243,-98.3342,0.0014,23.2921,0.2749
350,000350.png,False,1788883147.849289,1788883147.789289,normal_unload,11,,0.0,-0.00095,0.0335,-1.67764,0.00059,0.00046,-0.00014,0.02658,0.0489,-1.65776,-0.00037,-0.00017,-8e-05,-0.00593,0.00166,-1.67796,3,37.9234,362.8426,35.6042,179.8805,0.9246,-98.3342,0.0088,23.2927,0.2743
351,000351.png,False,1788883148.045381,1788883147.985381,normal_unload,11,,0.0,-0.00188,0.02562,-1.60404,0.00065,0.00036,7e-05,0.02569,0.04104,-1.58412,-0.00031,-0.00026,0.00012,-0.0033,-0.00445,-1.60423,3,37.9241,362.8401,35.6092,179.8813,0.9231,-98.334,0.0029,23.2977,0.2693
352,000352.png,False,1788883148.241305,1788883148.181305,normal_unload,11,,0.0,-0.00639,0.01884,-1.49269,0.00088,0.00045,0.0001,0.02122,0.03429,-1.47274,-8e-05,-0.00018,0.00015,-0.0046,-0.01079,-1.49277,3,37.9249,362.8359,35.6158,179.8818,0.9214,-98.3342,0.0028,23.3042,0.2628
353,000353.png,False,1788883148.437399,1788883148.377399,normal_unload,11,,0.0,-0.00761,0.01789,-1.44913,0.00077,0.00047,0.00011,0.02005,0.03336,-1.42916,-0.0002,-0.00016,0.00016,-0.00548,-0.01152,-1.44921,3,37.9243,362.837,35.6216,179.8816,0.9215,-98.3344,0.0042,23.3101,0.2569
354,000354.png,False,1788883148.633414,1788883148.573414,normal_unload,11,,0.0,-0.01136,0.01029,-1.37329,0.00108,0.0005,9e-05,0.01634,0.02579,-1.35329,0.00011,-0.00013,0.00015,-0.00546,-0.01876,-1.37324,3,37.9254,362.835,35.6232,179.8823,0.9206,-98.3342,0.0015,23.3116,0.2554
355,000355.png,False,1788883148.825421,1788883148.765421,normal_unload,11,,0.0,-0.01295,0.00926,-1.13631,0.00088,0.00054,-0.00021,0.01479,0.02478,-1.11628,-9e-05,-9e-05,-0.00015,-0.00796,-0.01666,-1.13627,3,37.9243,362.8342,35.6375,179.882,0.9208,-98.3342,0.0129,23.3259,0.2411
356,000356.png,False,1788883149.021483,1788883148.961483,normal_unload,11,,0.0,-0.00995,0.01929,-1.09795,0.00078,0.00061,7e-05,0.01783,0.03483,-1.07788,-0.00019,-2e-05,0.00013,-0.01064,-0.00585,-1.09809,3,37.9244,362.8413,35.6452,179.882,0.9217,-98.3344,0.0016,23.3338,0.2333
357,000357.png,False,1788883149.217414,1788883149.157414,normal_unload,11,,0.0,-0.01244,0.01229,-0.95673,0.00089,0.0008,-3e-05,0.01539,0.02785,-0.93663,-8e-05,0.00017,3e-05,-0.01028,-0.0109,-0.95677,3,37.9245,362.8369,35.6548,179.8818,0.9214,-98.3348,0.006,23.3432,0.2238
358,000358.png,False,1788883149.413439,1788883149.353439,normal_unload,11,,0.0,-0.01435,0.00891,-0.83874,0.00088,0.00078,-3e-05,0.01352,0.0245,-0.81861,-0.0001,0.00015,3e-05,-0.01107,-0.01289,-0.83874,3,37.9237,362.8366,35.665,179.882,0.9208,-98.3346,0.0087,23.3535,0.2135
359,000359.png,False,1788883149.605433,1788883149.545434,normal_unload,11,,0.0,-0.01569,0.00754,-0.81,0.00098,0.0007,-6e-05,0.01222,0.02316,-0.78984,1e-05,7e-05,0.0,-0.01175,-0.01428,-0.80998,3,37.9256,362.8349,35.6695,179.8824,0.9204,-98.3346,0.0008,23.3579,0.2091
360,000360.png,False,1788883149.997476,1788883149.937476,normal_unload,11,,0.0,-0.01884,-0.00141,-0.69637,0.00105,0.00071,0.00021,0.00915,0.01425,-0.67615,7e-05,8e-05,0.00027,-0.01079,-0.02179,-0.6962,3,37.9264,362.8305,35.6843,179.8827,0.9194,-98.3348,0.0007,23.3727,0.1943
361,000361.png,False,1788883150.389400,1788883150.329400,normal_unload,11,,0.0,-0.01934,-0.00461,-0.50022,0.00114,0.00091,8e-05,0.00874,0.01109,-0.47993,0.00016,0.00028,0.00014,-0.01098,-0.02167,-0.50002,3,37.9273,362.8296,35.7122,179.8828,0.9192,-98.3352,0.0087,23.4005,0.1665
362,000362.png,False,1788883150.777570,1788883150.717571,normal_unload,11,,0.0,-0.01805,0.00091,-0.33773,0.00068,0.00075,-0.0,0.01011,0.01667,-0.31739,-0.00031,0.00011,6e-05,-0.01375,-0.01364,-0.33766,3,37.926,362.8327,35.7358,179.8829,0.9188,-98.3352,0.0073,23.4241,0.1429
363,000363.png,False,1788883151.169536,1788883151.109536,normal_unload,11,,0.0,-0.02564,-0.00652,-0.19008,0.00125,0.00109,-0.0,0.00261,0.00928,-0.16967,0.00026,0.00044,6e-05,-0.01764,-0.0215,-0.18988,3,37.9265,362.8293,35.7686,179.8836,0.9167,-98.3352,0.0045,23.4569,0.1101
364,000364.png,False,1788883155.265721,1788883155.205721,normal_load,12,,2.0,-0.03211,-0.01314,-0.1865,0.00108,0.00074,-5e-05,-0.00297,0.00316,-0.16545,6e-05,8e-05,1e-05,-0.01996,-0.03041,-0.18618,3,37.9312,362.8044,35.7922,179.8831,0.9186,-98.3389,0.01,23.4801,0.0869
365,000365.png,False,1788883155.653759,1788883155.593760,normal_load,12,,2.0,-0.02863,-0.0152,-0.43606,0.00123,0.00064,-4e-05,0.0006,0.00115,-0.41495,0.0002,-2e-05,2e-05,-0.01418,-0.03445,-0.43568,3,37.9329,362.7988,35.7379,179.8843,0.9158,-98.3387,0.0061,23.4256,0.1414
366,000366.png,False,1788883156.045758,1788883155.985758,normal_load,12,,2.0,-0.02147,-0.00196,-0.90458,0.00106,0.00059,-9e-05,0.00784,0.01444,-0.88341,3e-05,-7e-05,-3e-05,-0.01135,-0.02692,-0.90436,3,37.9314,362.8038,35.6842,179.8838,0.918,-98.3387,0.0029,23.3721,0.1949
367,000367.png,False,1788883156.241760,1788883156.181760,normal_load,12,,2.0,-0.01559,0.00772,-1.05844,0.00083,0.00057,0.00023,0.01376,0.02414,-1.03724,-0.0002,-0.0001,0.00029,-0.01003,-0.01806,-1.05839,3,37.9301,362.8086,35.6725,179.883,0.9197,-98.3385,0.0025,23.3604,0.2066
368,000368.png,False,1788883156.433788,1788883156.373788,normal_load,12,,2.0,-0.01256,0.02092,-1.1376,0.00056,0.00062,-7e-05,0.01684,0.03737,-1.11637,-0.00047,-5e-05,-1e-05,-0.01345,-0.00638,-1.13777,3,37.9292,362.8157,35.6609,179.8818,0.9233,-98.3387,0.0058,23.349,0.218
369,000369.png,False,1788883156.629845,1788883156.569845,normal_load,12,,2.0,-0.01244,0.02316,-1.1613,0.00063,0.00072,-6e-05,0.01699,0.03963,-1.14004,-0.0004,5e-05,-0.0,-0.0143,-0.00476,-1.1615,3,37.9288,362.815,35.6594,179.882,0.9226,-98.3385,0.0056,23.3474,0.2196
370,000370.png,False,1788883156.825700,1788883156.765700,normal_load,12,,2.0,-0.01226,0.03411,-1.41142,0.00059,0.00081,0.00015,0.01722,0.0506,-1.39012,-0.00044,0.00014,0.00021,-0.01788,0.00081,-1.41177,3,37.9293,362.8183,35.6401,179.8819,0.923,-98.3387,0.0089,23.3282,0.2388
371,000371.png,False,1788883157.021836,1788883156.961836,normal_load,12,,2.0,-0.00944,0.02368,-1.77702,0.00093,0.00043,0.00016,0.02008,0.0402,-1.7557,-0.0001,-0.00024,0.00022,-0.00769,-0.01267,-1.77715,3,37.9298,362.8098,35.6141,179.8828,0.9204,-98.3387,0.0037,23.3021,0.265
372,000372.png,False,1788883158.385855,1788883158.325855,normal_unload,12,,0.0,-0.00176,0.03515,-1.90915,0.00064,0.0005,2e-05,0.02806,0.05183,-1.88762,-0.0004,-0.00018,8e-05,-0.00585,-0.00102,-1.90947,3,37.9294,362.8177,35.5965,179.8824,0.9216,-98.339,0.0054,23.2846,0.2824
373,000373.png,False,1788883158.581901,1788883158.521901,normal_unload,12,,0.0,-0.00415,0.03694,-1.85172,0.00071,0.00057,-7e-05,0.02571,0.05365,-1.83015,-0.00034,-0.00011,-1e-05,-0.00922,0.00025,-1.85207,3,37.929,362.8159,35.5984,179.8826,0.921,-98.3387,0.0094,23.2865,0.2805
374,000374.png,False,1788883158.777868,1788883158.717868,normal_unload,12,,0.0,-0.00596,0.02598,-1.7719,0.00071,0.00044,-2e-05,0.02394,0.0427,-1.7503,-0.00034,-0.00024,4e-05,-0.00586,-0.00887,-1.77206,3,37.9313,362.8115,35.6048,179.8834,0.9192,-98.3389,0.0035,23.2928,0.2742
375,000375.png,False,1788883158.969927,1788883158.909927,normal_unload,12,,0.0,-0.01037,0.02012,-1.73126,0.001,0.00056,0.00017,0.01958,0.03687,-1.70963,-5e-05,-0.00013,0.00023,-0.00703,-0.01549,-1.73133,3,37.9309,362.8114,35.6052,179.8833,0.9189,-98.3389,0.0054,23.2932,0.2738
376,000376.png,False,1788883159.165846,1788883159.105846,normal_unload,12,,0.0,-0.01093,0.00564,-1.59749,0.00118,0.0003,-4e-05,0.01906,0.02242,-1.57583,0.00013,-0.00039,2e-05,-0.00121,-0.02616,-1.59732,3,37.9316,362.8054,35.6101,179.8843,0.9165,-98.3389,0.0094,23.298,0.269
377,000377.png,False,1788883159.361956,1788883159.301956,normal_unload,12,,0.0,-0.01689,0.00052,-1.51289,0.00125,0.00035,8e-05,0.01315,0.01732,-1.49119,0.0002,-0.00033,0.00014,-0.0044,-0.03222,-1.51263,3,37.933,362.8024,35.6165,179.8847,0.9155,-98.3391,0.0038,23.3043,0.2627
378,000378.png,False,1788883159.557827,1788883159.497827,normal_unload,12,,0.0,-0.01552,0.00394,-1.51573,0.00115,0.00025,0.00012,0.01456,0.02077,-1.49401,0.0001,-0.00043,0.00018,-0.0049,-0.02862,-1.51554,3,37.9326,362.8045,35.6166,179.8845,0.9159,-98.3389,0.001,23.3045,0.2625
379,000379.png,False,1788883159.753942,1788883159.693942,normal_unload,12,,0.0,-0.02056,-0.00211,-1.41513,0.00155,0.00041,8e-05,0.00956,0.01474,-1.39338,0.0005,-0.00027,0.00014,-0.00694,-0.03477,-1.41484,3,37.9339,362.7979,35.6231,179.8852,0.9138,-98.3393,0.006,23.3108,0.2562
380,000380.png,False,1788883159.945842,1788883159.885842,normal_unload,12,,0.0,-0.02383,-0.01489,-1.23953,0.00178,0.00046,3e-05,0.00633,0.00198,-1.21774,0.00072,-0.00023,9e-05,-0.00461,-0.04466,-1.23903,3,37.9338,362.7942,35.6324,179.8856,0.9119,-98.3396,0.0031,23.3201,0.2469
381,000381.png,False,1788883160.141968,1788883160.081969,normal_unload,12,,0.0,-0.02123,-0.01342,-1.2083,0.00168,0.00029,2e-05,0.00898,0.00347,-1.18648,0.00062,-0.0004,9e-05,-0.0033,-0.04158,-1.20784,3,37.9343,362.7949,35.6395,179.8856,0.9128,-98.3393,0.0024,23.3272,0.2398
382,000382.png,False,1788883160.337960,1788883160.277960,normal_unload,12,,0.0,-0.02419,-0.01413,-1.06526,0.00173,0.00048,4e-05,0.00606,0.00279,-1.04341,0.00068,-0.0002,0.0001,-0.0065,-0.04139,-1.0648,3,37.9339,362.795,35.6475,179.8855,0.9123,-98.3393,0.0098,23.3352,0.2318
383,000383.png,False,1788883160.533943,1788883160.473943,normal_unload,12,,0.0,-0.02542,-0.01667,-0.82089,0.00147,0.00045,-0.00028,0.00487,0.00028,-0.79901,0.00041,-0.00024,-0.00022,-0.008,-0.04028,-0.82042,3,37.9343,362.7958,35.6658,179.8854,0.9132,-98.3396,0.0009,23.3535,0.2135
384,000384.png,False,1788883160.725986,1788883160.665986,normal_unload,12,,0.0,-0.02478,-0.0138,-0.8369,0.00148,0.0004,-0.00024,0.00555,0.00317,-0.81499,0.00042,-0.00029,-0.00017,-0.00877,-0.03774,-0.83648,2,37.9332,362.798,35.6661,179.8854,0.9132,-98.3393,0.0121,23.3538,0.2132
385,000385.png,False,1788883160.921993,1788883160.861994,normal_unload,12,,0.0,-0.02692,-0.01661,-0.6973,0.00155,0.00054,-0.00017,0.00345,0.00038,-0.67536,0.00049,-0.00015,-0.0001,-0.01018,-0.039,-0.69685,3,37.934,362.7963,35.6805,179.8856,0.9126,-98.3396,0.002,23.3683,0.1987
386,000386.png,False,1788883161.118016,1788883161.058016,normal_unload,12,,0.0,-0.02663,-0.01934,-0.74099,0.00158,0.00059,7e-05,0.00378,-0.00232,-0.71902,0.00051,-0.0001,0.00013,-0.00827,-0.04192,-0.74049,3,37.9332,362.7969,35.6801,179.8855,0.9123,-98.3396,0.0056,23.3679,0.1992
387,000387.png,False,1788883161.510022,1788883161.450022,normal_unload,12,,0.0,-0.02664,-0.0212,-0.6242,0.0017,0.00057,6e-05,0.00386,-0.00414,-0.60217,0.00063,-0.00013,0.00012,-0.00816,-0.04167,-0.62368,3,37.9335,362.7939,35.6993,179.8862,0.9107,-98.3398,0.0028,23.387,0.18
388,000388.png,False,1788883161.702028,1788883161.642028,normal_unload,12,,0.0,-0.03201,-0.0335,-0.56611,0.00193,0.00067,0.00016,-0.00147,-0.01642,-0.54405,0.00086,-3e-05,0.00023,-0.00706,-0.05408,-0.56538,3,37.9343,362.7892,35.7027,179.8867,0.9088,-98.3395,0.0077,23.3903,0.1767
389,000389.png,False,1788883166.582227,1788883166.522227,normal_load,13,,2.0,-0.02985,-0.00468,-0.24197,0.00092,0.00083,-0.0001,0.00175,0.013,-0.21915,-0.00018,0.00011,-4e-05,-0.02185,-0.02285,-0.2418,3,37.9239,362.823,35.7863,179.8839,0.9175,-98.3431,0.0012,23.4745,0.0925
390,000390.png,False,1788883167.166270,1788883167.106270,normal_load,13,,2.0,-0.02255,0.0106,-0.74708,0.0007,0.00079,-1e-05,0.00918,0.02836,-0.72416,-0.00041,7e-05,6e-05,-0.01966,-0.01405,-0.74711,3,37.923,362.8282,35.7008,179.8836,0.9184,-98.3433,0.0085,23.3891,0.1779
391,000391.png,False,1788883167.362253,1788883167.302253,normal_load,13,,2.0,-0.01331,0.02449,-0.94191,0.00047,0.00089,0.0001,0.01847,0.04227,-0.91896,-0.00064,0.00017,0.00017,-0.01723,-0.00053,-0.94216,3,37.9213,362.8375,35.6856,179.8824,0.9219,-98.3431,0.0027,23.3741,0.1929
392,000392.png,False,1788883167.750306,1788883167.690306,normal_load,13,,2.0,-0.00775,0.04133,-1.08536,0.00027,0.00102,-1e-05,0.02411,0.05915,-1.06235,-0.00085,0.00029,6e-05,-0.01983,0.01454,-1.0859,3,37.9185,362.8458,35.6673,179.8813,0.9252,-98.3429,0.0002,23.3559,0.2111
393,000393.png,False,1788883167.946337,1788883167.886338,normal_load,13,,2.0,-0.00887,0.04496,-1.18184,0.00018,0.00096,-5e-05,0.02303,0.06281,-1.1588,-0.00093,0.00023,1e-05,-0.02196,0.01557,-1.18243,3,37.9199,362.8454,35.6583,179.8811,0.9258,-98.3431,0.01,23.3469,0.2201
394,000394.png,False,1788883168.142301,1788883168.082301,normal_load,13,,2.0,-0.00707,0.02767,-1.68206,0.00061,0.00049,4e-05,0.02487,0.04554,-1.65899,-0.00051,-0.00024,0.00011,-0.00829,-0.00652,-1.68227,3,37.9224,362.8324,35.6203,179.883,0.9202,-98.3433,0.0052,23.3087,0.2583
395,000395.png,False,1788883168.338251,1788883168.278251,normal_load,13,,2.0,-0.00884,0.0355,-1.70666,0.00057,0.00055,-0.00011,0.02315,0.0534,-1.68356,-0.00055,-0.00018,-5e-05,-0.01356,-0.00101,-1.707,3,37.9224,362.8342,35.6194,179.8829,0.9211,-98.3431,0.0,23.3078,0.2592
396,000396.png,False,1788883168.530340,1788883168.470340,normal_load,13,,2.0,-0.00451,0.04238,-1.80385,0.00048,0.00062,0.0002,0.02751,0.06029,-1.78072,-0.00064,-0.0001,0.00027,-0.01258,0.00555,-1.8043,3,37.9218,362.8382,35.6122,179.8823,0.9223,-98.3433,0.0093,23.3007,0.2663
397,000397.png,False,1788883168.726324,1788883168.666324,normal_load,13,,2.0,-0.00394,0.04482,-1.85663,0.00024,0.00057,0.00025,0.02813,0.06276,-1.83347,-0.00088,-0.00016,0.00031,-0.01293,0.0071,-1.85712,3,37.921,362.839,35.6073,179.8823,0.9223,-98.3433,0.0052,23.2958,0.2712
398,000398.png,False,1788883169.898298,1788883169.838298,normal_unload,13,,0.0,-0.00162,0.05229,-2.00389,0.0003,0.00056,0.0002,0.03071,0.07038,-1.98055,-0.00083,-0.00018,0.00027,-0.01364,0.01238,-2.00449,3,37.9208,362.8406,35.5902,179.8824,0.9221,-98.3433,0.0008,23.2787,0.2883
399,000399.png,False,1788883170.090421,1788883170.030421,normal_unload,13,,0.0,-0.00671,0.0226,-1.82619,0.00074,0.0005,-0.00011,0.02565,0.04071,-1.80282,-0.00039,-0.00023,-4e-05,-0.00444,-0.01303,-1.82629,3,37.9227,362.8315,35.5985,179.8837,0.9182,-98.3433,0.0099,23.2868,0.2802
400,000400.png,False,1788883170.286403,1788883170.226403,normal_unload,13,,0.0,-0.00712,0.02351,-1.81589,0.00087,0.00044,-0.00015,0.02528,0.04164,-1.79248,-0.00026,-0.00029,-9e-05,-0.00533,-0.01229,-1.81601,3,37.9232,362.8311,35.5991,179.8837,0.9188,-98.3433,0.0048,23.2874,0.2796
401,000401.png,False,1788883170.482448,1788883170.422448,normal_unload,13,,0.0,-0.01104,0.01704,-1.73388,0.00105,0.00047,-8e-05,0.02141,0.0352,-1.71044,-9e-05,-0.00027,-2e-05,-0.00606,-0.01853,-1.73389,3,37.923,362.828,35.6043,179.884,0.9171,-98.3435,0.0005,23.2926,0.2744
402,000402.png,False,1788883170.678491,1788883170.618491,normal_unload,13,,0.0,-0.01509,0.01138,-1.62314,0.00107,0.0005,-0.00013,0.0174,0.02956,-1.59967,-6e-05,-0.00024,-7e-05,-0.0075,-0.02369,-1.62306,3,37.9245,362.8258,35.6086,179.8844,0.9159,-98.3439,0.0076,23.2969,0.2701
403,000403.png,False,1788883170.874449,1788883170.814450,normal_unload,13,,0.0,-0.01512,0.01118,-1.6558,0.00114,0.00049,0.00015,0.01742,0.02938,-1.6323,-0.0,-0.00025,0.00022,-0.0072,-0.0244,-1.65571,3,37.9254,362.8254,35.6095,179.8847,0.9158,-98.3439,0.0002,23.2978,0.2693
404,000404.png,False,1788883171.066429,1788883171.006429,normal_unload,13,,0.0,-0.01714,0.00671,-1.53778,0.00118,0.00048,5e-05,0.01544,0.02493,-1.51425,4e-05,-0.00026,0.00012,-0.00754,-0.02739,-1.53763,3,37.9241,362.8223,35.6152,179.8851,0.914,-98.3437,0.0092,23.3034,0.2636
405,000405.png,False,1788883171.262398,1788883171.202398,normal_unload,13,,0.0,-0.02221,-0.00632,-1.43518,0.00136,0.00036,0.00022,0.01042,0.01193,-1.41162,0.00022,-0.00038,0.00028,-0.00613,-0.03956,-1.43481,3,37.926,362.815,35.6208,179.8857,0.9115,-98.3443,0.0053,23.3089,0.2581
406,000406.png,False,1788883171.458439,1788883171.398439,normal_unload,13,,0.0,-0.02479,-0.00562,-1.38249,0.00163,0.00055,4e-05,0.00788,0.01265,-1.3589,0.00048,-0.0002,0.0001,-0.00908,-0.0394,-1.38213,3,37.9252,362.8159,35.6284,179.8861,0.9109,-98.3439,0.0022,23.3165,0.2505
407,000407.png,False,1788883171.654380,1788883171.594380,normal_unload,13,,0.0,-0.02624,-0.01248,-1.31803,0.0016,0.00048,-6e-05,0.00647,0.00582,-1.2944,0.00045,-0.00026,1e-05,-0.00735,-0.04503,-1.31756,3,37.9257,362.8144,35.6287,179.8862,0.9107,-98.3439,0.0077,23.3168,0.2502
408,000408.png,False,1788883171.846479,1788883171.786479,normal_unload,13,,0.0,-0.02615,-0.01396,-1.17901,0.00152,0.00047,-0.00015,0.0066,0.00436,-1.15536,0.00037,-0.00027,-8e-05,-0.0075,-0.04404,-1.17854,3,37.9261,362.8147,35.639,179.8866,0.9102,-98.3441,0.0024,23.327,0.24
409,000409.png,False,1788883172.238500,1788883172.178500,normal_unload,13,,0.0,-0.02958,-0.01981,-1.07055,0.00164,0.00049,-0.00018,0.00325,-0.00144,-1.04684,0.00049,-0.00025,-0.00012,-0.0083,-0.04908,-1.06999,4,37.9264,362.8126,35.6458,179.8871,0.9085,-98.3443,0.0066,23.3338,0.2332
410,000410.png,False,1788883172.630424,1788883172.570424,normal_unload,13,,0.0,-0.03835,-0.03406,-0.74356,0.00194,0.00055,-0.00017,-0.00543,-0.01564,-0.71979,0.00079,-0.0002,-0.00011,-0.01105,-0.06057,-0.74278,3,37.9283,362.8062,35.679,179.8865,0.9097,-98.3448,0.0062,23.3669,0.2001
411,000411.png,False,1788883173.018446,1788883172.958447,normal_unload,13,,0.0,-0.03427,-0.02127,-0.60399,0.00157,0.00076,1e-05,-0.00127,-0.00281,-0.58015,0.00041,1e-05,8e-05,-0.01487,-0.04522,-0.60346,4,37.9277,362.8125,35.697,179.8865,0.9104,-98.3448,0.0023,23.3851,0.1819
412,000412.png,False,1788883173.214559,1788883173.154559,normal_unload,13,,0.0,-0.03159,-0.02058,-0.49555,0.00151,0.00074,-0.00012,0.00146,-0.00209,-0.47168,0.00035,-1e-05,-5e-05,-0.01365,-0.04155,-0.49505,3,37.9267,362.8123,35.7066,179.8869,0.9092,-98.3445,0.0078,23.3947,0.1724
413,000413.png,False,1788883173.410563,1788883173.350564,normal_unload,13,,0.0,-0.02949,-0.01211,-0.44048,0.00129,0.00092,-5e-05,0.0036,0.0064,-0.41658,0.00013,0.00017,1e-05,-0.01644,-0.03228,-0.44014,3,37.9266,362.8186,35.716,179.8869,0.9092,-98.3452,0.0001,23.4041,0.1629
414,000414.png,False,1788883173.798521,1788883173.738521,normal_unload,13,,0.0,-0.03352,-0.0144,-0.26812,0.00111,0.00083,0.00025,-0.00035,0.00416,-0.24416,-6e-05,8e-05,0.00032,-0.01998,-0.03352,-0.26776,3,37.9265,362.819,35.7478,179.8871,0.9085,-98.3452,0.0036,23.4359,0.1311
415,000415.png,False,1788883178.090755,1788883178.030755,normal_load,14,,2.0,-0.03348,-0.00197,-0.23414,0.00087,0.00099,-1e-05,0.00062,0.01711,-0.20951,-0.00032,0.00021,6e-05,-0.0264,-0.02219,-0.23401,3,37.9232,362.8313,35.7894,179.8851,0.9143,-98.3481,0.0034,23.4777,0.0893
416,000416.png,False,1788883178.286777,1788883178.226777,normal_load,14,,2.0,-0.03007,0.00149,-0.52402,0.00099,0.00091,-5e-05,0.00408,0.02059,-0.49936,-0.00021,0.00013,2e-05,-0.02316,-0.02213,-0.52391,3,37.9238,362.8291,35.733,179.8857,0.9127,-98.3485,0.0063,23.4213,0.1457
417,000417.png,False,1788883178.870873,1788883178.810874,normal_load,14,,2.0,-0.01629,0.0226,-0.90383,0.00062,0.001,-0.00011,0.01798,0.04178,-0.87907,-0.00058,0.00022,-3e-05,-0.01914,-0.00305,-0.90405,3,37.9208,362.8421,35.686,179.884,0.9171,-98.3483,0.0078,23.3745,0.1925
418,000418.png,False,1788883179.262729,1788883179.202729,normal_load,14,,2.0,-0.01102,0.04043,-1.13156,0.00025,0.00102,0.0001,0.02334,0.05966,-1.10674,-0.00095,0.00024,0.00017,-0.0219,0.01139,-1.13207,3,37.9199,362.8505,35.6647,179.8824,0.9217,-98.3485,0.0092,23.3534,0.2136
419,000419.png,False,1788883179.458825,1788883179.398825,normal_load,14,,2.0,-0.00744,0.04558,-1.27679,0.00012,0.001,5e-05,0.02696,0.06482,-1.25194,-0.00108,0.00022,0.00012,-0.02037,0.0153,-1.27737,4,37.9186,362.8524,35.6528,179.8821,0.9225,-98.3483,0.0049,23.3415,0.2255
420,000420.png,False,1788883179.650849,1788883179.590849,normal_load,14,,2.0,-0.01294,0.02924,-1.75409,0.00086,0.00076,1e-05,0.0215,0.04851,-1.72921,-0.00034,-3e-05,8e-05,-0.01366,-0.00925,-1.75431,3,37.9218,362.8407,35.6154,179.8837,0.9177,-98.3487,0.0061,23.3039,0.2631
421,000421.png,False,1788883179.846872,1788883179.786872,normal_load,14,,2.0,-0.0106,0.03493,-1.75093,0.00069,0.00077,1e-05,0.02389,0.05423,-1.72602,-0.00051,-1e-05,8e-05,-0.0145,-0.00309,-1.75125,3,37.9215,362.8423,35.6163,179.8838,0.9182,-98.3485,0.0082,23.3049,0.2621
422,000422.png,False,1788883180.042800,1788883179.982800,normal_load,14,,2.0,-0.00488,0.03955,-1.82304,0.00057,0.00075,-0.00018,0.02966,0.05886,-1.7981,-0.00064,-4e-05,-0.00011,-0.01134,0.00261,-1.82344,3,37.9201,362.8445,35.6095,179.8834,0.9188,-98.3485,0.0002,23.2981,0.2689
423,000423.png,False,1788883182.578957,1788883182.518957,normal_unload,14,,0.0,-0.01425,0.02015,-1.66068,0.00098,0.0007,0.00023,0.02084,0.03978,-1.63534,-0.00024,-0.0001,0.0003,-0.0109,-0.01627,-1.66075,3,37.9233,362.8359,35.6081,179.8855,0.9131,-98.3489,0.0022,23.2966,0.2705
424,000424.png,False,1788883182.775007,1788883182.715007,normal_unload,14,,0.0,-0.01674,0.00608,-1.53192,0.00108,0.00054,9e-05,0.01839,0.02573,-1.50655,-0.00015,-0.00026,0.00017,-0.00692,-0.02764,-1.53176,3,37.9236,362.8322,35.6152,179.8859,0.9113,-98.3491,0.003,23.3035,0.2635
425,000425.png,False,1788883183.163008,1788883183.103009,normal_unload,14,,0.0,-0.02482,-0.01169,-1.41222,0.00148,0.00039,-8e-05,0.0104,0.008,-1.38679,0.00025,-0.00041,-1e-05,-0.00586,-0.04515,-1.41175,3,37.9265,362.8195,35.6217,179.8871,0.9085,-98.3491,0.0031,23.3098,0.2572
426,000426.png,False,1788883183.359081,1788883183.299081,normal_unload,14,,0.0,-0.02763,-0.02463,-1.30412,0.00179,0.00044,-0.0001,0.00762,-0.00491,-1.27866,0.00056,-0.00036,-3e-05,-0.00259,-0.05603,-1.30344,3,37.927,362.8162,35.6285,179.8874,0.9075,-98.3491,0.0022,23.3166,0.2504
427,000427.png,False,1788883183.751013,1788883183.691013,normal_unload,14,,0.0,-0.02635,-0.01036,-1.06694,0.00137,0.00058,4e-05,0.00899,0.00941,-1.04142,0.00014,-0.00022,0.00011,-0.01025,-0.03923,-1.06655,3,37.9248,362.8253,35.6485,179.8869,0.9085,-98.3493,0.0011,23.3368,0.2302
428,000428.png,False,1788883184.531068,1788883184.471068,normal_unload,14,,0.0,-0.02999,-0.00579,-0.7241,0.00119,0.00074,8e-05,0.00551,0.01407,-0.69846,-6e-05,-7e-05,0.00015,-0.01807,-0.0316,-0.72383,3,37.9255,362.8262,35.6839,179.8872,0.9081,-98.3495,0.0068,23.3722,0.1948
429,000429.png,False,1788883185.311135,1788883185.251135,normal_unload,14,,0.0,-0.03099,-0.01455,-0.37114,0.00115,0.00088,-7e-05,0.00469,0.00541,-0.34537,-0.0001,7e-05,1e-05,-0.017,-0.03403,-0.37077,3,37.9266,362.8261,35.7291,179.8871,0.9083,-98.35,0.0,23.4173,0.1497
430,000430.png,False,1788883185.503024,1788883185.443024,normal_unload,14,,0.0,-0.0333,-0.01186,-0.30123,0.00128,0.00097,-0.00019,0.00242,0.00813,-0.27543,3e-05,0.00016,-0.00011,-0.02083,-0.03173,-0.30091,3,37.9251,362.8268,35.7386,179.8871,0.9083,-98.3495,0.0095,23.4269,0.1401
431,000431.png,False,1788883190.967278,1788883190.907279,normal_load,15,,2.0,-0.03934,-0.02108,-0.40428,0.00147,0.00089,-0.00042,-0.00243,-0.00043,-0.37762,0.00018,5e-05,-0.00034,-0.02074,-0.04439,-0.40378,3,37.9314,362.7989,35.7459,179.8884,0.9051,-98.353,0.0073,23.4337,0.1333
432,000432.png,False,1788883191.163373,1788883191.103374,normal_load,15,,2.0,-0.03337,-0.01169,-0.84266,0.00144,0.00083,-0.00024,0.00358,0.00898,-0.81597,0.00014,-1e-05,-0.00016,-0.01722,-0.04029,-0.84226,3,37.9301,362.801,35.6924,179.8885,0.9049,-98.3526,0.0079,23.3803,0.1867
433,000433.png,False,1788883191.359415,1788883191.299415,normal_load,15,,2.0,-0.02945,-0.01063,-0.8131,0.00129,0.00075,-0.0002,0.00754,0.01007,-0.78638,-0.0,-9e-05,-0.00012,-0.01457,-0.03694,-0.81274,3,37.9303,362.8012,35.6922,179.8884,0.9051,-98.3528,0.0008,23.3801,0.1869
434,000434.png,False,1788883191.747315,1788883191.687315,normal_load,15,,2.0,-0.02437,0.0064,-1.03583,0.00106,0.00094,-2e-05,0.01271,0.02714,-1.00905,-0.00024,0.0001,6e-05,-0.01713,-0.02323,-1.03574,3,37.9299,362.81,35.6722,179.8871,0.909,-98.353,0.0018,23.3602,0.2069
435,000435.png,False,1788883191.943418,1788883191.883418,normal_load,15,,2.0,-0.02086,0.01991,-1.11037,0.00069,0.00089,-0.00017,0.01626,0.04068,-1.08356,-0.0006,5e-05,-9e-05,-0.02032,-0.01096,-1.1105,3,37.9289,362.8179,35.6635,179.886,0.9121,-98.3531,0.0057,23.3516,0.2154
436,000436.png,False,1788883194.087515,1788883194.027515,normal_unload,15,,0.0,-0.01606,0.01733,-1.95497,0.0013,0.00055,-3e-05,0.02153,0.03836,-1.92782,-2e-05,-0.0003,4e-05,-0.00902,-0.02433,-1.95494,3,37.9305,362.8076,35.592,179.8874,0.908,-98.3528,0.0087,23.2799,0.2871
437,000437.png,False,1788883194.283441,1788883194.223441,normal_unload,15,,0.0,-0.01265,0.02882,-1.86162,0.00091,0.00068,-4e-05,0.02498,0.04987,-1.83444,-0.00041,-0.00017,3e-05,-0.01245,-0.01118,-1.86181,3,37.9286,362.8142,35.5969,179.8871,0.9081,-98.353,0.0031,23.285,0.2821
438,000438.png,False,1788883194.675575,1788883194.615575,normal_unload,15,,0.0,-0.01855,0.01532,-1.71284,0.00114,0.00064,-6e-05,0.01916,0.03642,-1.6856,-0.00018,-0.00022,2e-05,-0.01185,-0.02344,-1.71281,3,37.93,362.8089,35.6039,179.8878,0.906,-98.3532,0.008,23.2918,0.2752
439,000439.png,False,1788883194.871548,1788883194.811548,normal_unload,15,,0.0,-0.0264,-0.00155,-1.56759,0.00153,0.00053,-0.00011,0.01136,0.01957,-1.54032,0.00021,-0.00033,-3e-05,-0.01123,-0.03965,-1.56728,3,37.9315,362.8021,35.6119,179.8889,0.9036,-98.353,0.0027,23.2998,0.2672
440,000440.png,False,1788883195.259547,1788883195.199548,normal_unload,15,,0.0,-0.02906,-0.01535,-1.42793,0.00166,0.00043,-0.00012,0.00879,0.00582,-1.40059,0.00033,-0.00043,-5e-05,-0.0076,-0.05069,-1.42738,3,37.9325,362.7964,35.6199,179.8894,0.902,-98.3534,0.0035,23.3076,0.2594
441,000441.png,False,1788883195.843601,1788883195.783602,normal_unload,15,,0.0,-0.03216,-0.02024,-0.99935,0.00169,0.00071,2e-05,0.00581,0.00101,-0.97193,0.00036,-0.00016,0.0001,-0.01082,-0.0496,-0.99879,3,37.9325,362.7965,35.6516,179.8893,0.9024,-98.3534,0.0042,23.3393,0.2277
442,000442.png,False,1788883196.623648,1788883196.563648,normal_unload,15,,0.0,-0.03892,-0.0234,-0.70987,0.00174,0.00079,-0.0,-0.00078,-0.00206,-0.68233,0.0004,-8e-05,7e-05,-0.0171,-0.05108,-0.70928,3,37.9328,362.7972,35.6834,179.8894,0.902,-98.3534,0.01,23.3712,0.1958
443,000443.png,False,1788883196.819675,1788883196.759675,normal_unload,15,,0.0,-0.03697,-0.02461,-0.54222,0.00158,0.00077,-0.00022,0.00121,-0.00325,-0.51464,0.00024,-9e-05,-0.00015,-0.01597,-0.04847,-0.54164,3,37.9333,362.7989,35.6988,179.8896,0.9014,-98.3539,0.0013,23.3865,0.1805
444,000444.png,False,1788883197.211673,1788883197.151673,normal_unload,15,,0.0,-0.04261,-0.02201,-0.39993,0.00145,0.00089,-0.00012,-0.00435,-0.0006,-0.37229,0.00011,2e-05,-4e-05,-0.02315,-0.04676,-0.3994,3,37.9323,362.7979,35.7204,179.8897,0.9012,-98.3539,0.0095,23.4082,0.1588
445,000445.png,False,1788883200.723828,1788883200.663828,normal_load,16,,2.0,-0.03663,-0.00849,-0.32725,0.00126,0.00112,5e-05,0.00241,0.01335,-0.29905,-0.0001,0.00023,0.00013,-0.02522,-0.0309,-0.32698,3,37.9273,362.8176,35.772,179.8881,0.9059,-98.3561,0.0074,23.4601,0.1069
446,000446.png,False,1788883200.915905,1788883200.855905,normal_load,16,,2.0,-0.03933,-0.01011,-0.29229,0.00127,0.00104,-0.00027,-0.00025,0.01174,-0.26407,-0.0001,0.00015,-0.00019,-0.02699,-0.03309,-0.29199,3,37.9267,362.8181,35.7696,179.8877,0.9062,-98.3563,0.0036,23.4578,0.1092
447,000447.png,False,1788883201.307842,1788883201.247842,normal_load,16,,2.0,-0.03031,0.00369,-0.711,0.00112,0.00103,-0.00015,0.00885,0.0256,-0.68272,-0.00025,0.00014,-7e-05,-0.02317,-0.02334,-0.7109,3,37.9263,362.8232,35.7052,179.8874,0.908,-98.3561,0.008,23.3934,0.1736
448,000448.png,False,1788883201.503838,1788883201.443838,normal_load,16,,2.0,-0.02129,0.02101,-0.98735,0.00088,0.00108,-0.0001,0.01791,0.04294,-0.95904,-0.0005,0.00019,-1e-05,-0.02209,-0.00825,-0.98752,3,37.9249,362.831,35.6793,179.8864,0.9108,-98.3563,0.0056,23.3677,0.1993
449,000449.png,False,1788883201.891904,1788883201.831904,normal_load,16,,2.0,-0.0171,0.03138,-1.07702,0.00056,0.00104,6e-05,0.02218,0.05336,-1.04864,-0.00081,0.00015,0.00015,-0.02303,0.00138,-1.07736,3,37.9242,362.8387,35.6686,179.8854,0.9139,-98.3563,0.0091,23.3571,0.2099
450,000450.png,False,1788883202.087891,1788883202.027891,normal_load,16,,2.0,-0.01465,0.03982,-1.2678,0.00043,0.00112,-0.00012,0.02468,0.06182,-1.23939,-0.00095,0.00022,-4e-05,-0.0238,0.00685,-1.26826,3,37.9233,362.8399,35.6506,179.8851,0.9148,-98.3561,0.0054,23.3391,0.228
451,000451.png,False,1788883202.479938,1788883202.419938,normal_load,16,,2.0,-0.01396,0.03118,-1.70264,0.00082,0.00074,-0.00016,0.02545,0.05323,-1.67417,-0.00056,-0.00016,-7e-05,-0.01587,-0.00725,-1.70289,3,37.9255,362.8295,35.6173,179.8863,0.9113,-98.3561,0.0159,23.3057,0.2613
452,000452.png,False,1788883205.016063,1788883204.956064,normal_unload,16,,0.0,-0.01608,0.02291,-1.71061,0.00111,0.00075,-9e-05,0.02389,0.04527,-1.68174,-0.00029,-0.00016,-0.0,-0.01352,-0.01559,-1.71071,3,37.9249,362.8306,35.6024,179.8876,0.9071,-98.3565,0.0049,23.2907,0.2763
453,000453.png,False,1788883205.600058,1788883205.540058,normal_unload,16,,0.0,-0.02187,0.00736,-1.44098,0.0013,0.00067,-0.00043,0.01822,0.02979,-1.41202,-0.0001,-0.00024,-0.00035,-0.01263,-0.02764,-1.44084,3,37.9261,362.8247,35.6166,179.8885,0.9045,-98.3565,0.0008,23.3048,0.2622
454,000454.png,False,1788883205.796080,1788883205.736080,normal_unload,16,,0.0,-0.02739,-0.00188,-1.29619,0.00154,0.00075,-0.00026,0.01274,0.02058,-1.2672,0.00014,-0.00016,-0.00018,-0.01381,-0.03608,-1.2959,3,37.9271,362.8211,35.6265,179.8889,0.9034,-98.3567,0.0062,23.3147,0.2523
455,000455.png,False,1788883206.183998,1788883206.123998,normal_unload,16,,0.0,-0.03099,-0.00436,-1.09825,0.0014,0.00066,-0.00019,0.00923,0.01814,-1.06919,-0.0,-0.00025,-0.0001,-0.01706,-0.03685,-1.09794,3,37.9274,362.8188,35.6391,179.8892,0.9024,-98.3569,0.0072,23.3272,0.2398
456,000456.png,False,1788883206.964114,1788883206.904114,normal_unload,16,,0.0,-0.03133,-0.00387,-0.7224,0.0014,0.0009,-0.00025,0.00906,0.01872,-0.69323,-1e-05,-1e-05,-0.00017,-0.02019,-0.03058,-0.72216,3,37.9278,362.8214,35.6753,179.889,0.9032,-98.3574,0.0038,23.3635,0.2036
457,000457.png,False,1788883207.160034,1788883207.100034,normal_unload,16,,0.0,-0.03468,-0.01037,-0.54011,0.00132,0.0008,-0.00017,0.00576,0.01225,-0.51091,-9e-05,-0.00011,-8e-05,-0.02111,-0.03496,-0.53978,3,37.9279,362.8193,35.695,179.8891,0.9021,-98.3573,0.0018,23.3831,0.1839
458,000458.png,False,1788883207.940161,1788883207.880161,normal_unload,16,,0.0,-0.03943,-0.01335,-0.33154,0.00165,0.00107,-0.00025,0.00117,0.00937,-0.30222,0.00023,0.00015,-0.00016,-0.02519,-0.03657,-0.33118,3,37.9287,362.8177,35.731,179.8896,0.9012,-98.3576,0.0026,23.4191,0.1479
459,000459.png,False,1788883212.624299,1788883212.564299,normal_load,17,,2.0,-0.04192,-0.00607,-0.44455,0.00152,0.00115,-7e-05,-0.0003,0.01721,-0.41449,6e-05,0.00021,2e-05,-0.0302,-0.03333,-0.4443,3,37.9287,362.8081,35.7433,179.89,0.8994,-98.3597,0.0074,23.4313,0.1357
460,000460.png,False,1788883212.820414,1788883212.760414,normal_load,17,,2.0,-0.03887,-0.00886,-0.58329,0.00153,0.00094,1e-05,0.00279,0.01445,-0.55319,7e-05,-1e-05,9e-05,-0.0252,-0.03644,-0.58297,3,37.9291,362.8057,35.723,179.8904,0.898,-98.3597,0.0015,23.4109,0.1561
461,000461.png,False,1788883213.404437,1788883213.344437,normal_load,17,,2.0,-0.03259,0.01445,-1.06778,0.00127,0.00097,-0.00013,0.0092,0.03783,-1.03759,-0.00019,2e-05,-4e-05,-0.02805,-0.02087,-1.0678,3,37.9281,362.8156,35.6682,179.8897,0.9009,-98.3599,0.0089,23.3563,0.2108
462,000462.png,False,1788883216.720573,1788883216.660573,normal_unload,17,,0.0,-0.02747,0.00523,-1.61787,0.00162,0.00076,0.00017,0.01505,0.02901,-1.58717,0.00013,-0.00021,0.00026,-0.01519,-0.03512,-1.61766,3,37.9308,362.806,35.611,179.8917,0.895,-98.3601,0.0016,23.299,0.2681
463,000463.png,False,1788883217.112504,1788883217.052504,normal_unload,17,,0.0,-0.03686,-0.00846,-1.41299,0.00186,0.00059,0.00023,0.00574,0.01537,-1.38222,0.00037,-0.00037,0.00032,-0.01791,-0.04838,-1.41256,3,37.9313,362.8029,35.6215,179.8924,0.8929,-98.3603,0.0023,23.3093,0.2577
464,000464.png,False,1788883217.304640,1788883217.244640,normal_unload,17,,0.0,-0.03733,-0.01038,-1.32455,0.00174,0.00061,-8e-05,0.00531,0.01348,-1.29375,0.00024,-0.00036,1e-05,-0.01797,-0.04886,-1.3241,3,37.9302,362.8043,35.6288,179.8924,0.8929,-98.3603,0.007,23.3167,0.2504
465,000465.png,False,1788883218.476572,1788883218.416572,normal_unload,17,,0.0,-0.04457,-0.02691,-0.72943,0.00198,0.0007,-0.00014,-0.00167,-0.00291,-0.69845,0.00047,-0.00028,-5e-05,-0.0201,-0.05726,-0.72877,3,37.9311,362.7968,35.6773,179.8931,0.8908,-98.3603,0.0033,23.365,0.202
466,000466.png,False,1788883218.672671,1788883218.612671,normal_unload,17,,0.0,-0.04425,-0.02807,-0.57475,0.00195,0.00082,-0.00022,-0.00131,-0.00405,-0.54374,0.00045,-0.00016,-0.00013,-0.02032,-0.05563,-0.57409,3,37.9325,362.7965,35.6936,179.8931,0.8906,-98.3608,0.0021,23.3813,0.1857
467,000467.png,False,1788883219.060691,1788883219.000691,normal_unload,17,,0.0,-0.04755,-0.02307,-0.39408,0.00184,0.001,5e-05,-0.00452,0.001,-0.36301,0.00034,2e-05,0.00013,-0.02693,-0.05005,-0.39353,3,37.9315,362.7993,35.7203,179.8927,0.8912,-98.3608,0.0037,23.4081,0.1589
468,000468.png,False,1788883224.328956,1788883224.268956,normal_load,18,,2.0,-0.03947,-0.00229,-0.35255,0.0013,0.00115,-0.00015,0.0047,0.02242,-0.32064,-0.00024,0.00015,-6e-05,-0.0306,-0.02735,-0.35237,3,37.9248,362.8287,35.7558,179.8905,0.8976,-98.3625,0.0005,23.4441,0.1229
469,000469.png,False,1788883224.912941,1788883224.852941,normal_load,18,,2.0,-0.0264,0.01763,-1.08423,0.00095,0.001,-1e-05,0.01789,0.04241,-1.05223,-0.0006,-1e-05,9e-05,-0.02416,-0.01529,-1.08432,3,37.9243,362.8328,35.6689,179.8901,0.899,-98.3625,0.0086,23.3573,0.2098
470,000470.png,False,1788883225.108886,1788883225.048887,normal_load,18,,2.0,-0.02559,0.01603,-1.16858,0.00116,0.00101,5e-05,0.01875,0.04083,-1.13655,-0.00039,0.0,0.00015,-0.02208,-0.01762,-1.16863,3,37.9233,362.8338,35.6591,179.8898,0.9005,-98.3623,0.004,23.3475,0.2195
471,000471.png,False,1788883225.304927,1788883225.244927,normal_load,18,,2.0,-0.02179,0.0264,-1.22042,0.00073,0.00097,-1e-05,0.0226,0.05122,-1.18836,-0.00083,-4e-05,8e-05,-0.0236,-0.00757,-1.22064,3,37.9232,362.8389,35.6545,179.8887,0.9038,-98.3626,0.0043,23.343,0.224
472,000472.png,False,1788883225.692914,1788883225.632914,normal_load,18,,2.0,-0.01353,0.0488,-1.43213,0.00045,0.00122,-7e-05,0.03094,0.07368,-1.40001,-0.00111,0.00021,2e-05,-0.02617,0.01257,-1.43273,3,37.9229,362.849,35.6348,179.8883,0.9049,-98.363,0.0008,23.3235,0.2435
473,000473.png,False,1788883227.841016,1788883227.781016,normal_unload,18,,0.0,-0.01376,0.03669,-1.55063,0.00055,0.00085,-3e-05,0.03117,0.06182,-1.51817,-0.00102,-0.00017,7e-05,-0.0195,6e-05,-1.551,3,37.9213,362.8471,35.6161,179.8892,0.9022,-98.363,0.0098,23.3048,0.2622
474,000474.png,False,1788883228.037144,1788883227.977144,normal_unload,18,,0.0,-0.01755,0.0313,-1.49974,0.00089,0.00096,1e-05,0.02743,0.05646,-1.46726,-0.00068,-6e-05,0.0001,-0.02044,-0.00568,-1.50002,3,37.9211,362.8444,35.6205,179.8896,0.9009,-98.363,0.0001,23.3091,0.2579
475,000475.png,False,1788883228.425102,1788883228.365103,normal_unload,18,,0.0,-0.02451,0.0182,-1.28355,0.00094,0.00093,1e-05,0.02055,0.04341,-1.251,-0.00064,-0.0001,0.0001,-0.02143,-0.01705,-1.28362,3,37.9218,362.8381,35.6353,179.89,0.8992,-98.363,0.005,23.3238,0.2432
476,000476.png,False,1788883228.621056,1788883228.561056,normal_unload,18,,0.0,-0.0243,0.01064,-1.13498,0.00099,0.00088,-3e-05,0.02081,0.03587,-1.1024,-0.00059,-0.00015,6e-05,-0.01849,-0.02111,-1.13494,3,37.9235,362.8383,35.6444,179.8905,0.8985,-98.3636,0.0027,23.3329,0.2341
477,000477.png,False,1788883228.817153,1788883228.757154,normal_unload,18,,0.0,-0.0253,0.01077,-0.94174,0.00109,0.00111,-0.00032,0.01984,0.03603,-0.90913,-0.00049,8e-05,-0.00022,-0.02077,-0.0184,-0.94173,3,37.9237,362.837,35.6578,179.8905,0.8985,-98.3636,0.0071,23.3462,0.2208
478,000478.png,False,1788883229.013071,1788883228.953071,normal_unload,18,,0.0,-0.02718,0.00774,-0.95014,0.00113,0.00105,-0.00016,0.01801,0.03302,-0.9175,-0.00045,2e-05,-7e-05,-0.02082,-0.0221,-0.95007,3,37.9238,362.8373,35.6587,179.8905,0.8983,-98.3639,0.0008,23.3471,0.2199
479,000479.png,False,1788883229.401212,1788883229.341213,normal_unload,18,,0.0,-0.03118,0.00343,-0.78378,0.00121,0.00109,-0.00028,0.01409,0.02875,-0.75108,-0.00038,6e-05,-0.00018,-0.02329,-0.02517,-0.78366,3,37.9229,362.8369,35.6756,179.8903,0.8989,-98.3641,0.0094,23.364,0.203
480,000480.png,False,1788883229.793108,1788883229.733109,normal_unload,18,,0.0,-0.02861,0.01295,-0.59592,0.00097,0.00123,-0.00014,0.01675,0.03832,-0.56316,-0.00062,0.0002,-4e-05,-0.02712,-0.01263,-0.596,3,37.9218,362.842,35.6964,179.8903,0.8989,-98.3643,0.0035,23.3849,0.1821
481,000481.png,False,1788883235.449461,1788883235.389462,normal_load,19,,2.0,-0.04458,-0.02475,-0.29684,0.00151,0.00111,0.00012,0.00201,0.00131,-0.26319,-0.00012,5e-05,0.00021,-0.02419,-0.04847,-0.29628,3,37.9297,362.8017,35.7773,179.8905,0.8976,-98.3678,0.0085,23.4651,0.1019
482,000482.png,False,1788883236.033498,1788883235.973498,normal_load,19,,2.0,-0.04354,-0.02774,-0.73601,0.00186,0.00092,8e-05,0.00318,-0.00161,-0.70227,0.00023,-0.00014,0.00018,-0.01875,-0.05757,-0.73533,3,37.9313,362.7886,35.7051,179.8907,0.8974,-98.3675,0.0013,23.3928,0.1743
483,000483.png,False,1788883236.425545,1788883236.365546,normal_load,19,,2.0,-0.0329,-0.00035,-0.99808,0.00117,0.00095,0.00015,0.0139,0.02583,-0.96428,-0.00046,-0.00012,0.00025,-0.02141,-0.03273,-0.99786,3,37.9284,362.8052,35.6763,179.8898,0.8996,-98.3676,0.0075,23.3642,0.2028
484,000484.png,False,1788883239.937671,1788883239.877671,normal_unload,19,,0.0,-0.03547,-0.02013,-1.38873,0.0019,0.00058,0.00011,0.01209,0.00648,-1.35437,0.00024,-0.0005,0.00021,-0.01104,-0.0574,-1.3881,3,37.9313,362.7936,35.6248,179.8918,0.8936,-98.3682,0.0021,23.3125,0.2545
485,000485.png,False,1788883240.133595,1788883240.073595,normal_unload,19,,0.0,-0.03959,-0.02761,-1.27112,0.00211,0.00068,7e-05,0.00802,-0.00098,-1.23674,0.00044,-0.00041,0.00017,-0.01169,-0.06406,-1.27037,3,37.9318,362.7902,35.6347,179.8924,0.8918,-98.3686,0.0061,23.3224,0.2446
486,000486.png,False,1788883240.325756,1788883240.265756,normal_unload,19,,0.0,-0.03856,-0.02622,-1.27093,0.00205,0.00063,9e-05,0.00909,0.00044,-1.23651,0.00038,-0.00046,0.00018,-0.01149,-0.06234,-1.2702,3,37.9306,362.7911,35.6346,179.8923,0.8922,-98.3682,0.0048,23.3223,0.2447
487,000487.png,False,1788883240.717781,1788883240.657781,normal_unload,19,,0.0,-0.04364,-0.03545,-0.98455,0.00211,0.00067,0.00026,0.00409,-0.00875,-0.95007,0.00044,-0.00041,0.00036,-0.01327,-0.06828,-0.98369,3,37.9325,362.7867,35.6575,179.8927,0.891,-98.369,0.0029,23.3451,0.2219
488,000488.png,False,1788883242.081697,1788883242.021697,normal_unload,19,,0.0,-0.05172,-0.04182,-0.39045,0.00209,0.00106,-1e-05,-0.00368,-0.01495,-0.35576,0.0004,-3e-05,9e-05,-0.0212,-0.06831,-0.38956,3,37.9324,362.7892,35.7254,179.8929,0.891,-98.3703,0.0057,23.4131,0.154
489,000489.png,False,1788883246.961920,1788883246.901921,normal_load,20,,2.0,-0.05016,-0.02646,-0.11633,0.00161,0.00119,-7e-05,-0.00107,0.001,-0.08087,-0.00011,7e-05,4e-05,-0.02943,-0.04985,-0.11575,3,37.9293,362.8049,35.8237,179.8918,0.8941,-98.3732,0.0057,23.5116,0.0554
490,000490.png,False,1788883247.349946,1788883247.289946,normal_load,20,,2.0,-0.04643,-0.01754,-0.412,0.00163,0.00118,9e-05,0.00275,0.00998,-0.37648,-9e-05,7e-05,0.00019,-0.0286,-0.04499,-0.41154,3,37.9294,362.8052,35.7529,179.892,0.8933,-98.373,0.0093,23.4408,0.1262
491,000491.png,False,1788883247.545953,1788883247.485953,normal_load,20,,2.0,-0.03733,-0.0107,-0.62512,0.00121,0.00099,8e-05,0.0119,0.01684,-0.58957,-0.00051,-0.00013,0.00018,-0.02265,-0.03793,-0.62477,3,37.9267,362.8137,35.7199,179.8914,0.8954,-98.3728,0.0035,23.4079,0.1591
492,000492.png,False,1788883247.741956,1788883247.681956,normal_load,20,,2.0,-0.03096,-0.00017,-0.80423,0.00159,0.0014,0.00015,0.0183,0.02739,-0.76865,-0.00013,0.00028,0.00025,-0.02116,-0.0285,-0.80405,3,37.9253,362.8204,35.6996,179.8902,0.8982,-98.373,0.0049,23.3877,0.1793
493,000493.png,False,1788883248.130065,1788883248.070065,normal_load,20,,2.0,-0.02532,0.01608,-1.16617,0.001,0.00121,0.00013,0.02402,0.04369,-1.13053,-0.00073,9e-05,0.00023,-0.02189,-0.01741,-1.16622,3,37.9241,362.8267,35.664,179.8895,0.9002,-98.373,0.0032,23.3523,0.2147
494,000494.png,False,1788883248.325988,1788883248.265988,normal_load,20,,2.0,-0.02623,0.01903,-1.1601,0.00115,0.0013,8e-05,0.02316,0.04666,-1.12442,-0.00058,0.00018,0.00019,-0.02419,-0.01521,-1.1602,3,37.9251,362.8261,35.6619,179.8899,0.8997,-98.373,0.0092,23.3502,0.2168
495,000495.png,False,1788883252.034256,1788883251.974256,normal_unload,20,,0.0,-0.0281,0.00052,-1.50543,0.00173,0.00095,6e-05,0.02209,0.0286,-1.46917,-3e-05,-0.00019,0.00017,-0.01417,-0.03771,-1.50515,3,37.9281,362.8148,35.6175,179.8923,0.892,-98.3736,0.0044,23.3056,0.2614
496,000496.png,False,1788883252.422288,1788883252.362288,normal_unload,20,,0.0,-0.03609,-0.01589,-1.2757,0.00175,0.00079,-0.00026,0.01419,0.01224,-1.23938,-1e-05,-0.00035,-0.00016,-0.01448,-0.05223,-1.27515,3,37.9284,362.8089,35.6275,179.8929,0.8901,-98.3736,0.0039,23.3155,0.2515
497,000497.png,False,1788883252.814289,1788883252.754289,normal_unload,20,,0.0,-0.03457,-0.01937,-1.1092,0.00184,0.00084,-8e-05,0.01579,0.00881,-1.07282,8e-05,-0.00031,3e-05,-0.01258,-0.05182,-1.10862,3,37.9301,362.8087,35.6414,179.8931,0.8902,-98.374,0.0033,23.3293,0.2377
498,000498.png,False,1788883253.790330,1788883253.730330,normal_unload,20,,0.0,-0.0412,-0.0244,-0.6414,0.00186,0.00106,-0.0001,0.00938,0.0039,-0.60487,9e-05,-9e-05,0.0,-0.01905,-0.05199,-0.6408,3,37.9289,362.8081,35.6874,179.8934,0.8892,-98.3743,0.0079,23.3754,0.1916
499,000499.png,False,1788883259.838649,1788883259.778649,normal_load,21,,2.0,-0.04214,-0.02017,-0.57559,0.00197,0.00112,-3e-05,0.00975,0.00886,-0.5381,0.00016,-6e-05,8e-05,-0.02244,-0.04775,-0.57507,3,37.9291,362.8055,35.728,179.8934,0.8885,-98.3777,0.0006,23.4159,0.1511
500,000500.png,False,1788883260.422638,1788883260.362638,normal_load,21,,2.0,-0.03158,-0.00028,-1.07758,0.00156,0.00108,0.0001,0.02045,0.02882,-1.04,-0.00026,-0.00011,0.00021,-0.01974,-0.03328,-1.07735,3,37.9277,362.8124,35.6701,179.8927,0.8912,-98.3775,0.0052,23.3581,0.2089
501,000501.png,False,1788883270.959152,1788883270.899153,shear_+X_out,1,+X,0.5,-0.04061,-0.01756,-0.95703,0.00202,0.00093,-2e-05,0.01357,0.01285,-0.91814,0.00012,-0.00029,0.0001,-0.01977,-0.05084,-0.9565,4,37.9457,362.7139,35.6694,179.9008,0.8662,-98.3822,0.0005,23.3557,0.2113
502,000502.png,False,1788883271.151194,1788883271.091194,shear_+X_out,1,+X,0.5,0.28244,0.06574,-0.84494,0.00017,0.0089,-0.00011,0.33664,0.09619,-0.80606,-0.00173,0.00767,0.0,0.21766,0.18453,-0.84651,3,38.1276,362.8801,35.6854,179.8987,0.8734,-98.3848,0.0083,23.3731,0.1939
503,000503.png,False,1788883272.907172,1788883272.847172,shear_+X_out,1,+X,0.5,0.24758,-0.07494,-0.96839,0.00322,0.0078,-2e-05,0.302,-0.04424,-0.92969,0.00132,0.00657,0.0001,0.25861,0.0433,-0.96744,3,38.1725,362.8073,35.6686,179.902,0.8637,-98.385,0.006,23.3549,0.2122
504,000504.png,False,1788883273.299270,1788883273.239270,shear_+X_out,1,+X,0.5,0.54026,-0.16247,-1.25595,0.0055,0.01481,0.00013,0.59473,-0.13171,-1.21729,0.00359,0.01358,0.00025,0.55786,0.10912,-1.25402,3,38.3865,362.8629,35.6479,179.9046,0.8569,-98.3869,0.0012,23.3336,0.2334
505,000505.png,False,1788883273.495193,1788883273.435193,shear_+X_back,1,+X,0.0,0.54311,-0.11338,-1.16486,0.00435,0.01493,0.00023,0.5976,-0.08259,-1.12621,0.00245,0.0137,0.00035,0.53517,0.15452,-1.1638,3,38.3829,362.8899,35.6559,179.9036,0.8605,-98.3861,0.0059,23.342,0.225
506,000506.png,False,1788883273.687323,1788883273.627323,shear_+X_back,1,+X,0.0,0.54653,-0.08078,-1.07578,0.00331,0.01477,0.00015,0.60104,-0.04997,-1.03715,0.0014,0.01355,0.00028,0.52123,0.18589,-1.0753,3,38.3769,362.909,35.6596,179.9028,0.8623,-98.3848,0.0053,23.346,0.221
507,000507.png,False,1788883273.883335,1788883273.823335,shear_+X_back,1,+X,0.0,0.19363,0.00161,-0.53502,0.00124,0.0067,-3e-05,0.24816,0.03244,-0.49641,-0.00067,0.00547,0.0001,0.17063,0.08957,-0.53535,3,38.1645,362.8375,35.7082,179.9025,0.8634,-98.3724,0.0082,23.395,0.172
508,000508.png,False,1788883274.079276,1788883274.019276,shear_+X_back,1,+X,0.0,0.0683,-0.00198,-0.66201,0.00151,0.00365,-0.00013,0.12286,0.02889,-0.62342,-0.0004,0.00242,-1e-05,0.06474,0.02181,-0.66201,3,38.066,362.8173,35.695,179.9002,0.87,-98.3735,0.0056,23.3822,0.1848
509,000509.png,False,1788883274.275353,1788883274.215353,shear_+X_back,1,+X,0.0,0.06187,0.03481,-0.62234,0.0004,0.00341,-0.00022,0.11645,0.06571,-0.58377,-0.00151,0.00218,-0.0001,0.04051,0.05109,-0.62297,3,38.0532,362.8239,35.6982,179.8982,0.8758,-98.3783,0.0001,23.3855,0.1815
510,000510.png,False,1788883274.663347,1788883274.603347,shear_+X_back,1,+X,0.0,-0.10406,0.00061,-0.92012,0.0014,-0.00037,-0.0003,-0.04944,0.03156,-0.8816,-0.00051,-0.0016,-0.00017,-0.08407,-0.06621,-0.91979,3,37.9631,362.7532,35.6723,179.8982,0.8749,-98.3807,0.0055,23.3591,0.2079
511,000511.png,False,1788883275.443408,1788883275.383408,shear_-X_out,1,-X,0.5,-0.10749,-0.00438,-1.00819,0.00173,-0.00043,-0.00029,-0.05278,0.02668,-0.96974,-0.00018,-0.00166,-0.00017,-0.08393,-0.07366,-1.00775,3,37.9421,362.7214,35.6621,179.8976,0.8764,-98.3801,0.0087,23.3486,0.2184
512,000512.png,False,1788883275.639298,1788883275.579298,shear_-X_out,1,-X,0.5,-0.46517,-0.09989,-1.28043,0.0042,-0.00902,-0.00017,-0.41043,-0.0688,-1.242,0.00228,-0.01025,-5e-05,-0.34415,-0.33945,-1.27757,3,37.7849,362.5509,35.6389,179.8994,0.8704,-98.3826,0.0033,23.3237,0.2433
513,000513.png,False,1788883277.007363,1788883276.947363,shear_-X_out,1,-X,0.5,-0.37843,0.02059,-1.02281,0.00118,-0.00682,-8e-05,-0.32352,0.05188,-0.98451,-0.00074,-0.00804,5e-05,-0.33099,-0.18764,-1.02226,3,37.746,362.6221,35.6594,179.8963,0.8793,-98.3836,0.0006,23.3456,0.2214
514,000514.png,False,1788883277.199379,1788883277.139380,shear_-X_out,1,-X,0.5,-0.36949,0.03782,-0.96622,0.00079,-0.00656,-0.00032,-0.31457,0.06914,-0.92794,-0.00113,-0.00779,-0.00019,-0.33226,-0.16735,-0.96599,3,37.744,362.6314,35.6605,179.8958,0.88,-98.3829,0.0091,23.3469,0.2202
515,000515.png,False,1788883277.591469,1788883277.531469,shear_-X_out,1,-X,0.5,-0.59315,0.1505,-0.78433,-0.00196,-0.01171,-0.00034,-0.53818,0.18187,-0.74609,-0.00388,-0.01294,-0.00021,-0.58355,-0.1786,-0.78563,3,37.5367,362.6019,35.6804,179.8935,0.8869,-98.3751,0.0026,23.3677,0.1993
516,000516.png,False,1788883277.787403,1788883277.727403,shear_-X_out,1,-X,0.5,-0.55996,0.0854,-0.85071,-0.00039,-0.01108,-0.00028,-0.50497,0.1168,-0.81249,-0.00232,-0.01231,-0.00015,-0.52182,-0.21946,-0.85094,3,37.5614,362.58,35.6754,179.8944,0.8842,-98.3788,0.0081,23.3622,0.2048
517,000517.png,False,1788883277.979505,1788883277.919505,shear_-X_back,1,-X,0.0,-0.55244,0.04041,-0.89721,0.00072,-0.01079,-0.00032,-0.49742,0.07184,-0.859,-0.00121,-0.01202,-0.00019,-0.4925,-0.25541,-0.89667,3,37.5778,362.5609,35.6701,179.8948,0.8823,-98.381,0.0029,23.3565,0.2105
518,000518.png,False,1788883278.175510,1788883278.115510,shear_-X_back,1,-X,0.0,-0.54598,0.01938,-0.92484,0.00095,-0.01084,-0.00016,-0.49093,0.05083,-0.88665,-0.00098,-0.01206,-3e-05,-0.4762,-0.27084,-0.92394,3,37.5882,362.5499,35.6675,179.8954,0.8811,-98.3829,0.0022,23.3537,0.2133
519,000519.png,False,1788883278.371507,1788883278.311507,shear_-X_back,1,-X,0.0,-0.21224,-0.05251,-1.1935,0.00288,-0.0032,-8e-05,-0.15718,-0.02103,-1.15534,0.00096,-0.00443,5e-05,-0.14934,-0.17065,-1.19199,3,37.8416,362.6612,35.6427,179.893,0.8881,-98.4093,0.0076,23.3289,0.2381
520,000520.png,False,1788883278.567528,1788883278.507528,shear_-X_back,1,-X,0.0,-0.07007,-0.03787,-1.17498,0.00253,0.00033,1e-05,-0.01498,-0.00636,-1.13683,0.00061,-0.00089,0.00015,-0.03363,-0.08664,-1.174,3,37.8887,362.6471,35.6402,179.8953,0.8817,-98.4047,0.0076,23.3258,0.2412
521,000521.png,False,1788883278.759542,1788883278.699542,shear_-X_back,1,-X,0.0,-0.08191,-0.07584,-1.05592,0.00345,0.00024,-0.00032,-0.02679,-0.0443,-1.0178,0.00152,-0.00099,-0.00018,-0.02574,-0.12352,-1.05428,2,37.8987,362.6559,35.6486,179.8965,0.8777,-98.4038,0.003,23.3344,0.2327
522,000522.png,False,1788883278.955614,1788883278.895614,shear_-X_back,1,-X,0.0,-0.03153,-0.00308,-0.87874,0.00162,0.00143,0.0001,0.02361,0.02849,-0.84064,-0.00031,0.0002,0.00023,-0.01968,-0.03249,-0.87849,3,37.9245,362.7359,35.6711,179.8961,0.8798,-98.399,0.0078,23.3579,0.2091
523,000523.png,False,1788883279.735601,1788883279.675601,shear_-Y_out,1,-Y,0.3128205789078952,-0.04152,-0.02614,-0.75733,0.0022,0.00136,0.00011,0.01371,0.00554,-0.7193,0.00027,0.00013,0.00025,-0.01766,-0.05552,-0.75668,3,37.9301,362.7107,35.6806,179.896,0.8802,-98.3883,0.0003,23.367,0.2
524,000524.png,False,1788883279.931602,1788883279.871602,shear_-Y_out,1,-Y,0.3128205789078952,-0.02372,-0.00461,-0.53481,0.00148,0.00172,-0.00015,0.03154,0.02709,-0.4968,-0.00045,0.00049,-1e-05,-0.01453,-0.02441,-0.5346,3,37.942,362.7275,35.6979,179.895,0.8838,-98.3879,0.0068,23.3844,0.1826
525,000525.png,False,1788883280.127640,1788883280.067640,shear_-Y_out,1,-Y,0.3128205789078952,0.01805,-0.3505,-0.63419,0.00948,0.0028,4e-05,0.07333,-0.31876,-0.5962,0.00755,0.00157,0.00018,0.19515,-0.3047,-0.62806,3,38.1048,362.5321,35.694,179.8952,0.8826,-98.3938,0.0082,23.3763,0.1907
526,000526.png,False,1788883280.711637,1788883280.651637,shear_-Y_out,1,-Y,0.3128205789078952,-0.03202,-0.42414,-0.86131,0.01143,0.00144,0.00015,0.02333,-0.39231,-0.82338,0.0095,0.00021,0.00029,0.19015,-0.39713,-0.85377,3,38.1298,362.3858,35.6685,179.8961,0.8807,-98.3905,0.0048,23.3483,0.2187
527,000527.png,False,1788883280.907665,1788883280.847665,shear_-Y_out,1,-Y,0.3128205789078952,-0.01532,-0.46992,-0.65789,0.01236,0.00216,6e-05,0.04005,-0.43808,-0.61997,0.01042,0.00093,0.0002,0.22608,-0.42518,-0.64961,3,38.164,362.3885,35.6918,179.892,0.8932,-98.3888,0.0012,23.3714,0.1957
528,000528.png,False,1788883281.295643,1788883281.235643,shear_-Y_back,1,-Y,0.0,-0.01772,-0.47479,-0.69059,0.0124,0.00201,0.00013,0.03769,-0.44288,-0.65271,0.01046,0.00078,0.00028,0.22665,-0.43112,-0.68222,3,38.1759,362.3747,35.6892,179.8923,0.8915,-98.3897,0.0041,23.3685,0.1985
529,000529.png,False,1788883281.491677,1788883281.431677,shear_-Y_back,1,-Y,0.0,0.01255,-0.51566,-0.72249,0.01338,0.00278,9e-05,0.06799,-0.48373,-0.68463,0.01144,0.00155,0.00023,0.27352,-0.4519,-0.71346,3,38.2063,362.3616,35.6866,179.893,0.8904,-98.3938,0.003,23.3655,0.2015
530,000530.png,False,1788883281.687695,1788883281.627695,shear_-Y_back,1,-Y,0.0,0.03702,-0.38985,-1.28292,0.01108,0.00282,6e-05,0.09248,-0.35789,-1.24508,0.00915,0.0016,0.0002,0.23574,-0.3397,-1.27604,3,38.1729,362.4469,35.6378,179.8955,0.8825,-98.399,0.0082,23.3182,0.2488
531,000531.png,False,1788883281.883727,1788883281.823727,shear_-Y_back,1,-Y,0.0,0.05043,-0.15382,-1.06306,0.00529,0.00322,-0.00013,0.10591,-0.12183,-1.02524,0.00335,0.00199,1e-05,0.1279,-0.12505,-1.06033,3,38.114,362.5548,35.6498,179.8973,0.877,-98.4099,0.0063,23.3324,0.2346
532,000532.png,False,1788883282.079605,1788883282.019605,shear_-Y_back,1,-Y,0.0,-0.01531,-0.13478,-0.81548,0.00479,0.00204,-9e-05,0.0402,-0.10276,-0.77768,0.00285,0.00082,5e-05,0.05973,-0.13744,-0.81298,2,38.0713,362.5866,35.6688,179.8979,0.8742,-98.4105,0.0011,23.3522,0.2148
533,000533.png,False,1788883282.859721,1788883282.799721,shear_-Y_back,1,-Y,0.0,-0.05844,0.02133,-0.64931,0.00086,0.00092,4e-05,-0.00283,0.05346,-0.61158,-0.00108,-0.00031,0.00018,-0.05678,-0.02112,-0.64946,3,37.9434,362.7242,35.6978,179.897,0.8772,-98.4049,0.0043,23.3843,0.1827
534,000534.png,False,1788883283.247772,1788883283.187772,shear_+Y_out,1,+Y,0.25509860128026196,-0.05327,-0.00257,-0.41748,0.00142,0.00111,-0.0002,0.00238,0.02962,-0.3798,-0.00053,-0.00011,-6e-05,-0.04197,-0.03553,-0.41727,3,37.9536,362.7178,35.7217,179.896,0.88,-98.4075,0.0088,23.408,0.159
535,000535.png,False,1788883283.443805,1788883283.383805,shear_+Y_out,1,+Y,0.25509860128026196,-0.01347,0.32366,-0.49085,-0.00618,0.00202,-0.00024,0.0422,0.35587,-0.45318,-0.00812,0.0008,-9e-05,-0.16997,0.26572,-0.49636,3,37.8373,362.9769,35.725,179.8941,0.8848,-98.4114,0.0021,23.4163,0.1507
536,000536.png,False,1788883283.835847,1788883283.775847,shear_+Y_out,1,+Y,0.25509860128026196,-0.05149,0.22298,-0.55573,-0.00399,0.00105,-0.00013,0.00423,0.25525,-0.5181,-0.00594,-0.00018,2e-05,-0.15215,0.15849,-0.55941,3,37.8481,362.9089,35.7123,179.8968,0.8769,-98.4099,0.0084,23.4024,0.1646
537,000537.png,False,1788883284.027818,1788883283.967818,shear_+Y_back,1,+Y,0.0,-0.04137,0.2418,-0.50781,-0.00424,0.00128,-0.00039,0.01437,0.2741,-0.4702,-0.00619,5e-05,-0.00025,-0.15313,0.18061,-0.51184,3,37.8456,362.9261,35.7166,179.8961,0.8792,-98.4099,0.0024,23.407,0.16
538,000538.png,False,1788883284.223835,1788883284.163836,shear_+Y_back,1,+Y,0.0,-0.04009,0.24122,-0.49782,-0.00441,0.00125,-0.00035,0.01567,0.27355,-0.46023,-0.00636,3e-05,-0.0002,-0.1518,0.18091,-0.50184,3,37.843,362.9319,35.7173,179.8959,0.8796,-98.4094,0.0084,23.4078,0.1592
539,000539.png,False,1788883284.419726,1788883284.359726,shear_+Y_back,1,+Y,0.0,-0.04683,0.11658,-0.21932,-0.00155,0.0014,-0.00028,0.00896,0.14894,-0.18175,-0.0035,0.00017,-0.00013,-0.09729,0.07406,-0.22122,3,37.8823,362.8596,35.765,179.8935,0.887,-98.4097,0.0064,23.4541,0.1129
540,000540.png,False,1788883284.807869,1788883284.747869,shear_+Y_back,1,+Y,0.0,-0.0525,0.05998,-0.28944,-0.00029,0.00112,-0.0001,0.00333,0.09239,-0.25191,-0.00224,-0.0001,5e-05,-0.07343,0.02107,-0.29033,3,37.8984,362.8137,35.7593,179.8911,0.894,-98.4082,0.0084,23.4475,0.1195
541,000541.png,False,1788883285.395766,1788883285.335766,shear_+Y_back,1,+Y,0.0,-0.04031,-0.04346,-0.55256,0.00239,0.00149,-0.00012,0.01559,-0.01097,-0.51509,0.00044,0.00027,4e-05,-0.00937,-0.06664,-0.55164,3,37.954,362.7205,35.7114,179.8916,0.8926,-98.4054,0.0093,23.3978,0.1693
542,000542.png,False,1788883286.371915,1788883286.311915,shear_+X_out,2,+X,0.5,-0.03699,-0.03411,-1.20198,0.00239,0.00099,3e-05,0.01903,-0.00148,-1.1646,0.00043,-0.00024,0.00018,-0.00666,-0.06728,-1.20113,3,37.9524,362.7129,35.6415,179.8927,0.8904,-98.406,0.0005,23.3278,0.2392
543,000543.png,False,1788883286.563929,1788883286.503929,shear_+X_out,2,+X,0.5,0.17534,0.13044,-0.71355,-0.0016,0.00636,-6e-05,0.23138,0.1631,-0.67619,-0.00356,0.00514,0.0001,0.09166,0.18915,-0.71605,3,38.0358,362.8865,35.6895,179.8865,0.9082,-98.4098,0.0091,23.3779,0.1891
544,000544.png,False,1788883286.956017,1788883286.896018,shear_+X_out,2,+X,0.5,0.24016,-0.08827,-0.94857,0.00344,0.00776,6e-05,0.29624,-0.05555,-0.91125,0.00148,0.00653,0.00021,0.2587,0.02836,-0.94738,3,38.1613,362.8037,35.6682,179.8918,0.8928,-98.4058,0.0014,23.3545,0.2125
545,000545.png,False,1788883287.932013,1788883287.872013,shear_+X_out,2,+X,0.5,0.22929,-0.07461,-1.20681,0.00353,0.00767,8e-05,0.28549,-0.04175,-1.16958,0.00157,0.00645,0.00024,0.24425,0.03062,-1.20579,3,38.1626,362.8051,35.6472,179.8931,0.889,-98.406,0.0069,23.3335,0.2336
546,000546.png,False,1788883288.127901,1788883288.067901,shear_+X_out,2,+X,0.5,0.61607,0.01179,-1.52339,0.00154,0.01669,0.00025,0.6723,0.04468,-1.48618,-0.00043,0.01547,0.0004,0.53832,0.29364,-1.52459,3,38.3446,362.9563,35.6306,179.8923,0.8928,-98.4123,0.0032,23.318,0.249
547,000547.png,False,1788883288.319912,1788883288.259912,shear_+X_out,2,+X,0.5,0.5946,-0.23724,-1.75909,0.0075,0.0162,0.00022,0.65085,-0.20433,-1.7219,0.00553,0.01497,0.00038,0.64578,0.06345,-1.75589,3,38.4103,362.8433,35.6108,179.897,0.879,-98.4118,0.0079,23.2959,0.2711
548,000548.png,False,1788883288.712014,1788883288.652014,shear_+X_back,2,+X,0.0,0.60675,-0.07794,-1.37419,0.00344,0.01631,0.00036,0.66305,-0.04496,-1.33704,0.00148,0.01509,0.00052,0.57404,0.21366,-1.37384,3,38.3895,362.9287,35.6361,179.8934,0.8892,-98.4093,0.0029,23.3228,0.2442
549,000549.png,False,1788883288.907976,1788883288.847976,shear_+X_back,2,+X,0.0,0.59439,-0.04564,-1.20993,0.00236,0.01595,0.00011,0.65071,-0.01263,-1.1728,0.0004,0.01472,0.00027,0.54606,0.23809,-1.21014,3,38.382,362.9389,35.6428,179.893,0.8898,-98.408,0.0101,23.3297,0.2373
550,000550.png,False,1788883289.100035,1788883289.040035,shear_+X_back,2,+X,0.0,0.17018,0.02534,-0.43048,0.00069,0.00654,7e-05,0.22652,0.05837,-0.39337,-0.00128,0.00532,0.00023,0.13774,0.10008,-0.4312,3,38.1569,362.9008,35.7209,179.8902,0.8986,-98.3921,0.0009,23.4087,0.1583
551,000551.png,False,1788883289.296063,1788883289.236063,shear_+X_back,2,+X,0.0,0.04127,0.01614,-0.4808,0.00082,0.00339,-0.0001,0.09763,0.04919,-0.44371,-0.00115,0.00217,6e-05,0.03102,0.02689,-0.48109,3,38.0432,362.8159,35.7069,179.8885,0.904,-98.3893,0.0062,23.3941,0.1729
552,000552.png,False,1788883289.492060,1788883289.432060,shear_+X_back,2,+X,0.0,0.02942,0.04041,-0.60466,0.00055,0.00305,-0.00013,0.08581,0.0735,-0.56759,-0.00142,0.00182,4e-05,0.00948,0.04001,-0.60533,3,38.0304,362.8236,35.7012,179.8867,0.9083,-98.3918,0.0044,23.3887,0.1783
553,000553.png,False,1788883289.880070,1788883289.820070,shear_+X_back,2,+X,0.0,-0.0803,-0.01039,-1.18181,0.00208,0.00041,-0.00011,-0.02386,0.02276,-1.14477,0.00011,-0.00082,5e-05,-0.05617,-0.06805,-1.18129,3,37.9808,362.7392,35.6453,179.8871,0.9071,-98.3976,0.0002,23.3318,0.2352
554,000554.png,False,1788883290.664030,1788883290.604030,shear_-X_out,2,-X,0.5,-0.0996,-0.02037,-1.41949,0.00231,-0.00032,-0.00014,-0.04307,0.01288,-1.38253,0.00033,-0.00155,3e-05,-0.06626,-0.09015,-1.41872,3,37.956,362.7125,35.6259,179.8865,0.9087,-98.397,0.0091,23.3121,0.2549
555,000555.png,False,1788883290.856137,1788883290.796137,shear_-X_out,2,-X,0.5,-0.48762,-0.15366,-1.70409,0.00563,-0.00971,-0.0003,-0.43107,-0.12038,-1.66715,0.00366,-0.01094,-0.00014,-0.3338,-0.40403,-1.70019,3,37.7873,362.5303,35.6067,179.8884,0.9021,-98.3985,0.0024,23.2912,0.2758
556,000556.png,False,1788883291.444168,1788883291.384168,shear_-X_back,2,-X,0.0,-0.42778,-0.00296,-1.32499,0.0018,-0.00821,-0.00041,-0.37116,0.03041,-1.28811,-0.00017,-0.00943,-0.00024,-0.35989,-0.23753,-1.32388,3,37.7527,362.6069,35.6267,179.8852,0.9112,-98.3996,0.0012,23.3126,0.2544
557,000557.png,False,1788883291.636076,1788883291.576077,shear_-X_back,2,-X,0.0,-0.43263,-0.02779,-1.38589,0.00234,-0.00835,-0.00012,-0.37599,0.0056,-1.34903,0.00036,-0.00957,5e-05,-0.35126,-0.26244,-1.38433,3,37.7527,362.5912,35.6229,179.8857,0.9093,-98.3994,0.0084,23.3087,0.2584
558,000558.png,False,1788883291.832186,1788883291.772186,shear_-X_back,2,-X,0.0,-0.30039,-0.05643,-1.58267,0.00312,-0.00538,-0.00014,-0.24372,-0.02301,-1.54582,0.00114,-0.0066,3e-05,-0.22104,-0.22432,-1.58085,3,37.8253,362.6172,35.6088,179.8876,0.9046,-98.4037,0.0005,23.2944,0.2726
559,000559.png,False,1788883292.028197,1788883291.968197,shear_-X_back,2,-X,0.0,-0.17885,-0.01196,-1.44309,0.0023,-0.00211,-0.00019,-0.12215,0.02149,-1.40627,0.00032,-0.00333,-2e-05,-0.13894,-0.12284,-1.4423,3,37.873,362.649,35.6173,179.8891,0.9,-98.4002,0.0097,23.3031,0.2639
560,000560.png,False,1788883292.224190,1788883292.164191,shear_-X_back,2,-X,0.0,-0.16211,-0.04477,-1.34171,0.00278,-0.00179,-1e-05,-0.10539,-0.01129,-1.30491,0.00081,-0.00302,0.00016,-0.10875,-0.14126,-1.34041,2,37.8911,362.6648,35.6245,179.8889,0.9009,-98.3978,0.0055,23.3104,0.2566
561,000561.png,False,1788883292.416237,1788883292.356237,shear_-X_back,2,-X,0.0,-0.06706,0.00837,-1.13905,0.00144,0.00059,1e-05,-0.01033,0.04188,-1.10227,-0.00054,-0.00064,0.00018,-0.05438,-0.04451,-1.13889,3,37.9531,362.7383,35.6473,179.8869,0.9068,-98.397,0.0041,23.3339,0.2331
562,000562.png,False,1788883293.200254,1788883293.140254,shear_-Y_out,2,-Y,0.5,-0.05294,-0.02342,-1.11014,0.00208,0.00079,3e-05,0.00389,0.0102,-1.07343,0.0001,-0.00044,0.0002,-0.02646,-0.06452,-1.10946,3,37.9539,362.7145,35.6438,179.886,0.9099,-98.3972,0.0053,23.3301,0.2369
563,000563.png,False,1788883293.392250,1788883293.332250,shear_-Y_out,2,-Y,0.5,-0.05571,-0.01566,-1.04284,0.00195,0.00088,0.00013,0.00115,0.01798,-1.00615,-4e-05,-0.00034,0.00031,-0.0332,-0.05811,-1.0423,3,37.9525,362.721,35.6499,179.8856,0.9112,-98.3976,0.0058,23.3363,0.2307
564,000564.png,False,1788883293.588270,1788883293.528270,shear_-Y_out,2,-Y,0.5,-0.03756,-0.39765,-1.17631,0.01108,0.00142,0.00042,0.01931,-0.36397,-1.13964,0.00909,0.0002,0.00059,0.17429,-0.382,-1.16916,3,38.0742,362.548,35.6415,179.8853,0.9129,-98.3992,0.0091,23.3243,0.2427
565,000565.png,False,1788883293.784276,1788883293.724276,shear_-Y_out,2,-Y,0.5,-0.02681,-0.32475,-1.06467,0.00914,0.00169,0.00017,0.03009,-0.29105,-1.02801,0.00716,0.00047,0.00034,0.14641,-0.31171,-1.05882,3,38.0719,362.5547,35.6456,179.8847,0.9138,-98.4003,0.0043,23.3285,0.2385
566,000566.png,False,1788883293.980269,1788883293.920269,shear_-Y_out,2,-Y,0.5,-0.03172,-0.31353,-1.0603,0.00895,0.00169,0.00036,0.02521,-0.27979,-1.02367,0.00696,0.00046,0.00053,0.13652,-0.30437,-1.05464,3,38.0716,362.5552,35.6468,179.8848,0.9136,-98.4001,0.0019,23.3297,0.2373
567,000567.png,False,1788883294.172319,1788883294.112319,shear_-Y_out,2,-Y,0.5,-0.05745,-0.38015,-1.06242,0.01055,0.00098,0.00047,-0.0005,-0.34639,-1.02581,0.00857,-0.00025,0.00065,0.14753,-0.37496,-1.05555,3,38.0878,362.4789,35.6511,179.8864,0.9089,-98.3998,0.0022,23.3327,0.2344
568,000568.png,False,1788883294.368302,1788883294.308302,shear_-Y_out,2,-Y,0.5,-0.03303,-0.50157,-0.77577,0.01318,0.00175,5e-05,0.02394,-0.46779,-0.73917,0.01119,0.00053,0.00023,0.22737,-0.46333,-0.76689,3,38.1573,362.4033,35.6729,179.8836,0.9175,-98.3983,0.0033,23.3528,0.2142
569,000569.png,False,1788883294.564327,1788883294.504328,shear_-Y_out,2,-Y,0.5,-0.03812,-0.4732,-0.76106,0.0125,0.00168,7e-05,0.01888,-0.43938,-0.72449,0.01052,0.00046,0.00024,0.20868,-0.44106,-0.75266,3,38.1573,362.4033,35.6714,179.8835,0.918,-98.3986,0.0086,23.3513,0.2157
570,000570.png,False,1788883294.760219,1788883294.700219,shear_-Y_back,2,-Y,0.0,-0.04313,-0.48658,-0.80428,0.01273,0.0014,6e-05,0.01389,-0.45273,-0.76773,0.01074,0.00017,0.00024,0.21132,-0.45584,-0.79564,3,38.1581,362.394,35.6693,179.8839,0.9167,-98.3979,0.0063,23.3491,0.2179
571,000571.png,False,1788883294.956312,1788883294.896312,shear_-Y_back,2,-Y,0.0,-0.04932,-0.49869,-0.88145,0.01331,0.00138,0.00023,0.00772,-0.46481,-0.84491,0.01132,0.00015,0.00041,0.21255,-0.47066,-0.87257,3,38.1598,362.3837,35.664,179.8843,0.9155,-98.3977,0.0043,23.3435,0.2235
572,000572.png,False,1788883295.148376,1788883295.088376,shear_-Y_back,2,-Y,0.0,-0.0367,-0.27412,-1.80631,0.00861,0.00096,0.00011,0.02036,-0.24022,-1.76979,0.00662,-0.00027,0.00029,0.11769,-0.28468,-1.80121,3,38.0748,362.5681,35.5896,179.8869,0.9074,-98.3996,0.0016,23.2728,0.2943
573,000573.png,False,1788883295.344336,1788883295.284336,shear_-Y_back,2,-Y,0.0,-0.05384,-0.144,-1.60698,0.00544,0.00064,0.00015,0.00324,-0.11007,-1.57048,0.00345,-0.00058,0.00032,0.03645,-0.17736,-1.60413,3,38.0514,362.5655,35.6003,179.8891,0.9006,-98.4006,0.0069,23.2835,0.2835
574,000574.png,False,1788883295.540344,1788883295.480345,shear_-Y_back,2,-Y,0.0,-0.04389,-0.12017,-1.44828,0.0048,0.00106,0.0002,0.01322,-0.08622,-1.4118,0.00281,-0.00016,0.00038,0.03206,-0.14921,-1.44589,3,38.0398,362.5996,35.6154,179.889,0.9008,-98.4026,0.0045,23.2993,0.2677
575,000575.png,False,1788883295.736370,1788883295.676370,shear_-Y_back,2,-Y,0.0,-0.00871,-0.02895,-1.02771,0.00222,0.00194,0.00015,0.04843,0.00503,-0.99126,0.00023,0.00071,0.00033,0.01405,-0.04589,-1.02704,3,38.0276,362.6602,35.6405,179.8885,0.9027,-98.4089,0.0006,23.3254,0.2416
576,000576.png,False,1788883296.516433,1788883296.456434,shear_-Y_back,2,-Y,0.0,-0.0828,0.04155,-0.84755,0.00061,0.00041,-0.0,-0.02557,0.07565,-0.81117,-0.00138,-0.00082,0.00018,-0.0866,-0.01897,-0.84798,3,37.9491,362.7048,35.6621,179.8871,0.9062,-98.4076,0.0061,23.3482,0.2188
577,000577.png,False,1788883296.708409,1788883296.648409,shear_+Y_out,2,+Y,0.40079710775026295,-0.08503,0.01853,-0.66874,0.00109,0.00052,-1e-05,-0.02778,0.05266,-0.63237,-0.00091,-0.0007,0.00017,-0.07828,-0.03715,-0.66879,3,37.9469,362.7096,35.6799,179.8858,0.9094,-98.4072,0.0053,23.3661,0.2009
578,000578.png,False,1788883296.904433,1788883296.844434,shear_+Y_out,2,+Y,0.40079710775026295,-0.01752,0.44445,-1.00459,-0.00869,0.00174,-0.00016,0.03975,0.47861,-0.96824,-0.01069,0.00052,2e-05,-0.23027,0.36008,-1.0121,3,37.8368,362.9725,35.6628,179.8843,0.914,-98.4088,0.0095,23.354,0.213
579,000579.png,False,1788883298.076449,1788883298.016449,shear_+Y_out,2,+Y,0.40079710775026295,-0.05923,0.32773,-0.80068,-0.00608,0.00091,-0.0004,-0.00182,0.36206,-0.76445,-0.00809,-0.00031,-0.00021,-0.2095,0.24142,-0.80612,3,37.8251,362.9777,35.6871,179.8835,0.9161,-98.4099,0.0076,23.3785,0.1885
580,000580.png,False,1788883298.464487,1788883298.404487,shear_+Y_out,2,+Y,0.40079710775026295,-0.08796,0.3984,-0.91129,-0.00778,0.00017,-2e-05,-0.0305,0.43278,-0.8751,-0.00979,-0.00105,0.00016,-0.26892,0.2865,-0.91789,3,37.7524,363.0363,35.6782,179.8881,0.902,-98.4107,0.0022,23.371,0.196
581,000581.png,False,1788883298.660506,1788883298.600506,shear_+Y_out,2,+Y,0.40079710775026295,-0.07045,0.44153,-0.8103,-0.00887,0.0006,-0.00029,-0.01297,0.47593,-0.77412,-0.01088,-0.00062,-0.0001,-0.276,0.33421,-0.81769,3,37.7462,363.0685,35.6848,179.887,0.9053,-98.4107,0.0076,23.3782,0.1889
582,000582.png,False,1788883298.856521,1788883298.796521,shear_+Y_back,2,+Y,0.0,-0.06408,0.45159,-0.83423,-0.00906,0.00078,-0.00012,-0.00657,0.48602,-0.79808,-0.01107,-0.00044,7e-05,-0.27534,0.34573,-0.84181,3,37.7445,363.0829,35.6861,179.8866,0.9071,-98.4109,0.002,23.3797,0.1873
583,000583.png,False,1788883299.052590,1788883298.992590,shear_+Y_back,2,+Y,0.0,-0.05524,0.47244,-0.95502,-0.00941,0.00096,-0.00025,0.00228,0.5069,-0.91888,-0.01142,-0.00026,-6e-05,-0.27727,0.36626,-0.96295,3,37.7431,363.0904,35.6724,179.8871,0.9058,-98.4111,0.0051,23.3661,0.2009
584,000584.png,False,1788883299.248518,1788883299.188519,shear_+Y_back,2,+Y,0.0,-0.03588,0.32075,-1.11482,-0.00608,0.00124,-0.00018,0.02167,0.35524,-1.0787,-0.00809,1e-05,0.0,-0.18361,0.24201,-1.12014,3,37.803,362.9953,35.6521,179.887,0.9049,-98.4122,0.0094,23.344,0.223
585,000585.png,False,1788883299.440520,1788883299.380520,shear_+Y_back,2,+Y,0.0,-0.07646,0.12035,-1.19401,-0.00142,0.00032,0.00017,-0.01889,0.15487,-1.15791,-0.00343,-0.00091,0.00036,-0.11808,0.0469,-1.19576,3,37.8488,362.8645,35.6435,179.8872,0.9054,-98.4102,0.0085,23.3329,0.2341
586,000586.png,False,1788883300.028564,1788883299.968565,shear_+Y_back,2,+Y,0.0,-0.12809,-0.0259,-0.66062,0.00189,-0.00047,-1e-05,-0.07045,0.0087,-0.62458,-0.00012,-0.0017,0.00018,-0.09343,-0.09702,-0.65981,3,37.8702,362.7769,35.6858,179.8861,0.9093,-98.3974,0.0029,23.3737,0.1933
587,000587.png,False,1788883300.220493,1788883300.160493,shear_+Y_back,2,+Y,0.0,-0.0618,-0.03471,-0.672,0.00228,0.001,-0.0,-0.00414,-8e-05,-0.63598,0.00027,-0.00022,0.00019,-0.03153,-0.07171,-0.67117,3,37.9209,362.7641,35.6862,179.8855,0.9114,-98.4,0.0065,23.3735,0.1935
588,000588.png,False,1788883300.808527,1788883300.748527,shear_+Y_back,2,+Y,0.0,-0.0442,-0.08812,-0.72116,0.00348,0.00137,5e-05,0.01353,-0.05341,-0.6852,0.00147,0.00015,0.00024,0.01074,-0.10996,-0.71943,3,37.9643,362.7186,35.6788,179.8835,0.9165,-98.416,0.0087,23.365,0.202
589,000589.png,False,1788883304.512824,1788883304.452824,shear_+X_out,3,+X,0.40182906872861873,-0.06058,-0.04518,-0.85655,0.00251,0.00082,8e-05,-0.00241,-0.00993,-0.82095,0.00048,-0.0004,0.00028,-0.02397,-0.08312,-0.85551,3,37.9428,362.7264,35.6628,179.882,0.921,-98.416,0.0015,23.3494,0.2176
590,000590.png,False,1788883304.708806,1788883304.648806,shear_+X_out,3,+X,0.40182906872861873,-0.06862,-0.05832,-0.73283,0.0029,0.00088,0.00016,-0.01042,-0.02305,-0.69725,0.00087,-0.00034,0.00036,-0.02522,-0.09654,-0.73157,3,37.9482,362.7236,35.6762,179.8813,0.9229,-98.4171,0.0063,23.3627,0.2044
591,000591.png,False,1788883304.904717,1788883304.844717,shear_+X_out,3,+X,0.40182906872861873,0.27745,-0.00636,-0.77214,0.00158,0.00892,0.00023,0.33568,0.02895,-0.73658,-0.00045,0.0077,0.00043,0.24887,0.12076,-0.77247,3,38.1381,362.8662,35.6788,179.8797,0.9284,-98.4232,0.0083,23.3662,0.2008
592,000592.png,False,1788883306.660893,1788883306.600893,shear_+X_out,3,+X,0.40182906872861873,0.33627,0.00444,-0.80908,0.00131,0.01026,0.00017,0.3947,0.03999,-0.7737,-0.00072,0.00904,0.00037,0.29467,0.1589,-0.80971,3,38.2105,362.9151,35.6756,179.8801,0.9274,-98.4217,0.0029,23.3633,0.2037
593,000593.png,False,1788883307.440949,1788883307.380949,shear_+X_back,3,+X,0.0,0.51272,-0.08492,-0.90532,0.00359,0.0145,0.00038,0.57124,-0.04925,-0.87001,0.00155,0.01328,0.00059,0.49283,0.16814,-0.90473,3,38.3812,362.9224,35.6711,179.8829,0.9197,-98.4192,0.0088,23.3577,0.2093
594,000594.png,False,1788883307.636990,1788883307.576990,shear_+X_back,3,+X,0.0,0.50892,-0.08323,-0.87007,0.00321,0.01425,0.00026,0.56746,-0.04754,-0.83478,0.00116,0.01303,0.00047,0.48845,0.16826,-0.86951,3,38.3809,362.924,35.673,179.883,0.9195,-98.4188,0.0,23.3597,0.2073
595,000595.png,False,1788883307.828978,1788883307.768978,shear_+X_back,3,+X,0.0,0.23913,-0.01442,-0.65959,0.00169,0.00807,0.00017,0.2977,0.0213,-0.62432,-0.00036,0.00685,0.00038,0.21891,0.09643,-0.65972,3,38.2116,362.8777,35.6911,179.8832,0.9192,-98.4116,0.0093,23.3782,0.1888
596,000596.png,False,1788883308.024992,1788883307.964992,shear_+X_back,3,+X,0.0,0.08187,-0.03358,-0.66064,0.00219,0.00453,0.00018,0.14047,0.00217,-0.62538,0.00015,0.00331,0.00039,0.09228,0.00124,-0.66012,3,38.116,362.8049,35.6837,179.884,0.9163,-98.4107,0.0056,23.3703,0.1967
597,000597.png,False,1788883308.612996,1788883308.552996,shear_+X_back,3,+X,0.0,-0.12978,-0.02232,-0.95257,0.00227,-0.00045,0.00013,-0.07112,0.01352,-0.91738,0.00022,-0.00167,0.00034,-0.09466,-0.09944,-0.95178,3,37.9568,362.7468,35.6654,179.8833,0.9171,-98.4168,0.0007,23.3521,0.2149
598,000598.png,False,1788883309.000919,1788883308.940919,shear_+X_back,3,+X,0.0,-0.13468,-0.00875,-0.71072,0.00184,-0.00045,0.00023,-0.07597,0.02714,-0.67556,-0.00021,-0.00168,0.00044,-0.10736,-0.08626,-0.71019,4,37.9442,362.7322,35.6814,179.8829,0.9184,-98.4149,0.0042,23.368,0.199
599,000599.png,False,1788883309.393066,1788883309.333066,shear_-X_out,3,-X,0.4947542650003503,-0.13045,-0.0308,-0.85553,0.00235,-0.00059,-4e-05,-0.07169,0.00515,-0.82041,0.00031,-0.00181,0.00017,-0.09167,-0.10556,-0.85461,3,37.9472,362.7164,35.6669,179.8835,0.9165,-98.416,0.0002,23.3533,0.2138
600,000600.png,False,1788883309.585037,1788883309.525037,shear_-X_out,3,-X,0.4947542650003503,-0.40989,-0.13055,-1.20517,0.00506,-0.00716,-7e-05,-0.35111,-0.09457,-1.17007,0.00302,-0.00838,0.00015,-0.28147,-0.33718,-1.2019,3,37.8255,362.5703,35.6395,179.8856,0.909,-98.415,0.0099,23.3244,0.2426
601,000601.png,False,1788883309.781043,1788883309.721043,shear_-X_out,3,-X,0.4947542650003503,-0.40466,0.08362,-0.71204,-0.00038,-0.007,-0.00026,-0.34585,0.11963,-0.67697,-0.00243,-0.00822,-4e-05,-0.38736,-0.14118,-0.71258,3,37.7282,362.6623,35.6749,179.8807,0.9237,-98.4162,0.004,23.3619,0.2051
602,000602.png,False,1788883311.149122,1788883311.089122,shear_-X_out,3,-X,0.4947542650003503,-0.37442,0.04631,-0.80208,0.00058,-0.00627,-0.00012,-0.31545,0.08251,-0.76713,-0.00148,-0.00749,9e-05,-0.3419,-0.15983,-0.80201,3,37.732,362.6438,35.6708,179.8812,0.9221,-98.4171,0.01,23.3574,0.2096
603,000603.png,False,1788883311.341133,1788883311.281133,shear_-X_out,3,-X,0.4947542650003503,-0.56772,0.01604,-0.88728,0.00137,-0.01085,-0.00031,-0.50873,0.05227,-0.85235,-0.00069,-0.01207,-9e-05,-0.49363,-0.284,-0.88629,3,37.6301,362.5658,35.6643,179.8813,0.9208,-98.4175,0.0012,23.3504,0.2166
604,000604.png,False,1788883311.537121,1788883311.477121,shear_-X_out,3,-X,0.4947542650003503,-0.58196,0.10267,-0.79706,-0.00076,-0.01121,-0.00021,-0.52295,0.13893,-0.76215,-0.00281,-0.01243,1e-05,-0.54988,-0.21464,-0.79755,3,37.5754,362.5983,35.6761,179.8793,0.927,-98.4173,0.004,23.3632,0.2038
605,000605.png,False,1788883311.929157,1788883311.869158,shear_-X_back,3,-X,0.0,-0.56062,0.06035,-0.81586,0.00022,-0.01078,-0.00032,-0.50156,0.09666,-0.781,-0.00184,-0.012,-0.0001,-0.51011,-0.24093,-0.81567,3,37.5793,362.5772,35.6713,179.8801,0.9245,-98.4177,0.0059,23.3579,0.2091
606,000606.png,False,1788883312.121169,1788883312.061169,shear_-X_back,3,-X,0.0,-0.55842,0.04557,-0.82505,0.00028,-0.0109,-0.00033,-0.49934,0.08192,-0.7902,-0.00178,-0.01212,-0.00011,-0.50076,-0.25277,-0.8246,2,37.5802,362.5684,35.669,179.8803,0.9234,-98.418,0.0034,23.3556,0.2114
607,000607.png,False,1788883312.317084,1788883312.257084,shear_-X_back,3,-X,0.0,-0.34782,-0.02684,-0.86119,0.00229,-0.00579,-9e-05,-0.28872,0.00954,-0.82636,0.00023,-0.00701,0.00013,-0.28191,-0.21083,-0.8599,3,37.7194,362.6008,35.6637,179.8808,0.9229,-98.4234,0.0056,23.3498,0.2172
608,000608.png,False,1788883312.513089,1788883312.453089,shear_-X_back,3,-X,0.0,-0.21784,-0.02041,-0.75441,0.00212,-0.00271,5e-05,-0.15871,0.01599,-0.7196,6e-05,-0.00394,0.00027,-0.17327,-0.13861,-0.75351,3,37.8151,362.7105,35.6917,179.8782,0.9313,-98.4228,0.0,23.3789,0.1881
609,000609.png,False,1788883312.709117,1788883312.649117,shear_-X_back,3,-X,0.0,-0.15322,-0.05969,-0.6238,0.00277,-0.00114,8e-05,-0.09407,-0.02326,-0.58901,0.00071,-0.00236,0.0003,-0.09858,-0.13825,-0.62237,3,37.859,362.6516,35.6872,179.8807,0.9244,-98.4208,0.0049,23.3731,0.1939
610,000610.png,False,1788883312.905102,1788883312.845103,shear_-X_back,3,-X,0.0,-0.11617,-0.05781,-0.56478,0.00273,-0.00017,-5e-05,-0.05699,-0.02135,-0.53,0.00067,-0.00139,0.00017,-0.06783,-0.11716,-0.56345,3,37.8927,362.6731,35.6944,179.8798,0.9261,-98.421,0.0098,23.3804,0.1866
611,000611.png,False,1788883313.877240,1788883313.817240,shear_-Y_out,3,-Y,0.5,-0.0491,-0.02379,-0.86944,0.00213,0.00123,-0.00011,0.01019,0.0128,-0.83476,6e-05,1e-05,0.00011,-0.02462,-0.05907,-0.8688,3,37.9364,362.7191,35.6652,179.8842,0.9133,-98.4231,0.0054,23.3517,0.2153
612,000612.png,False,1788883314.073257,1788883314.013257,shear_-Y_out,3,-Y,0.5,-0.13047,-0.26545,-0.6004,0.00765,-0.00038,9e-05,-0.07116,-0.22882,-0.56575,0.00558,-0.0016,0.00031,0.02377,-0.30471,-0.59545,3,37.9816,362.5567,35.687,179.8873,0.905,-98.4202,0.0002,23.3705,0.1965
613,000613.png,False,1788883315.245312,1788883315.185313,shear_-Y_out,3,-Y,0.5,-0.05598,-0.25452,-0.76988,0.00746,0.00116,5e-05,0.00348,-0.21772,-0.73533,0.00539,-6e-05,0.00028,0.08401,-0.26073,-0.76523,3,38.0375,362.5511,35.6723,179.8829,0.9179,-98.4223,0.0043,23.3554,0.2116
614,000614.png,False,1788883315.441314,1788883315.381315,shear_-Y_out,3,-Y,0.5,-0.05184,-0.47111,-1.24759,0.0131,0.00129,-0.0,0.00764,-0.43429,-1.21307,0.01103,7e-05,0.00023,0.19913,-0.4539,-1.23913,3,38.1088,362.4318,35.6332,179.8855,0.9105,-98.4255,0.0101,23.3139,0.2532
615,000615.png,False,1788883315.633240,1788883315.573240,shear_-Y_out,3,-Y,0.5,-0.06588,-0.53388,-1.21749,0.01424,0.00072,8e-05,-0.00638,-0.49703,-1.18299,0.01217,-0.0005,0.00031,0.21811,-0.5148,-1.20792,3,38.1238,362.3873,35.6353,179.885,0.9119,-98.4214,0.0003,23.3151,0.2519
616,000616.png,False,1788883316.221399,1788883316.161399,shear_-Y_back,3,-Y,0.0,-0.05859,-0.51741,-0.82487,0.01355,0.00117,0.00041,0.00098,-0.48047,-0.79042,0.01147,-5e-05,0.00064,0.21348,-0.4906,-0.81565,3,38.1429,362.3731,35.6694,179.8825,0.9196,-98.4214,0.0048,23.3489,0.2181
617,000617.png,False,1788883316.413283,1788883316.353283,shear_-Y_back,3,-Y,0.0,-0.05354,-0.52201,-0.729,0.01368,0.00132,0.00024,0.00606,-0.48504,-0.69457,0.01161,0.0001,0.00047,0.21949,-0.49052,-0.71973,3,38.1515,362.3632,35.6766,179.8827,0.9196,-98.4225,0.0087,23.3558,0.2112
618,000618.png,False,1788883316.609288,1788883316.549289,shear_-Y_back,3,-Y,0.0,-0.03325,-0.37976,-0.59502,0.01003,0.00187,0.00026,0.02636,-0.34277,-0.56062,0.00796,0.00065,0.00049,0.16506,-0.35505,-0.58828,3,38.1288,362.4492,35.6943,179.8812,0.923,-98.4275,0.0041,23.3751,0.1919
619,000619.png,False,1788883316.805418,1788883316.745418,shear_-Y_back,3,-Y,0.0,-0.0093,-0.28395,-0.48887,0.00785,0.00228,0.00047,0.05034,-0.24693,-0.45448,0.00577,0.00106,0.0007,0.1372,-0.2584,-0.48386,3,38.1173,362.5127,35.7137,179.8802,0.9257,-98.4334,0.0075,23.3956,0.1714
620,000620.png,False,1788883317.001308,1788883316.941308,shear_-Y_back,3,-Y,0.0,0.02281,-0.1394,-0.25955,0.00433,0.00316,0.00023,0.08247,-0.10235,-0.22518,0.00225,0.00194,0.00046,0.0912,-0.11349,-0.25713,3,38.0842,362.6752,35.7609,179.874,0.9441,-98.4459,0.0023,23.4456,0.1214
621,000621.png,False,1788883317.389333,1788883317.329334,shear_-Y_back,3,-Y,0.0,-0.09254,-0.0851,-0.67819,0.00336,0.00026,0.00022,-0.03283,-0.048,-0.64386,0.00128,-0.00096,0.00046,-0.03294,-0.13081,-0.67643,3,37.9769,362.6435,35.6892,179.8783,0.9309,-98.44,0.0071,23.3742,0.1928
622,000622.png,False,1788883317.781435,1788883317.721436,shear_-Y_back,3,-Y,0.0,-0.05702,-0.01141,-1.12612,0.00194,0.00086,0.00017,0.00274,0.02575,-1.09182,-0.00014,-0.00036,0.00041,-0.03588,-0.05641,-1.12564,3,37.9558,362.6752,35.6418,179.8849,0.9115,-98.4346,0.0101,23.3275,0.2395
623,000623.png,False,1788883317.977463,1788883317.917463,shear_-Y_back,3,-Y,0.0,-0.0171,-0.05044,-0.95214,0.00263,0.00173,0.00012,0.04268,-0.01325,-0.91786,0.00055,0.00051,0.00035,0.01699,-0.06748,-0.95108,2,37.9868,362.6917,35.6561,179.8858,0.9086,-98.4425,0.0028,23.3418,0.2253
624,000624.png,False,1788883318.365506,1788883318.305506,shear_+Y_out,3,+Y,0.43785024635292036,-0.04136,-0.01456,-0.74529,0.00203,0.00142,0.00018,0.01847,0.02268,-0.71105,-6e-05,0.0002,0.00042,-0.02338,-0.04522,-0.74484,3,37.9691,362.7077,35.6787,179.8845,0.9119,-98.4529,0.0054,23.3647,0.2023
625,000625.png,False,1788883318.561383,1788883318.501383,shear_+Y_out,3,+Y,0.43785024635292036,-0.02884,0.2017,-0.4661,-0.0032,0.00178,0.00019,0.03101,0.23897,-0.43188,-0.00528,0.00057,0.00043,-0.12252,0.15281,-0.46947,3,37.8935,362.8691,35.719,179.8807,0.9228,-98.4523,0.0073,23.4081,0.1589
626,000626.png,False,1788883318.757472,1788883318.697472,shear_+Y_out,3,+Y,0.43785024635292036,-0.04085,0.25838,-0.6417,-0.00453,0.00152,0.00017,0.01903,0.29568,-0.6075,-0.00661,0.0003,0.00041,-0.16003,0.19309,-0.646,2,37.86,362.9134,35.7003,179.8822,0.9181,-98.4532,0.0074,23.3904,0.1766
627,000627.png,False,1788883319.925574,1788883319.865574,shear_+Y_out,3,+Y,0.43785024635292036,-0.05542,0.22772,-1.04832,-0.00371,0.00082,0.00015,0.00459,0.26519,-1.01424,-0.00579,-0.0004,0.00039,-0.15452,0.15274,-1.052,3,37.8542,362.8915,35.6618,179.8848,0.9095,-98.4533,0.0031,23.3516,0.2154
628,000628.png,False,1788883320.121546,1788883320.061546,shear_+Y_out,3,+Y,0.43785024635292036,-0.03373,0.36823,-1.08201,-0.0069,0.00138,0.00041,0.02631,0.40573,-1.04795,-0.00899,0.00016,0.00065,-0.20569,0.28473,-1.08816,3,37.823,362.9733,35.6635,179.8826,0.9161,-98.4534,0.0084,23.3548,0.2122
629,000629.png,False,1788883320.317548,1788883320.257548,shear_+Y_out,3,+Y,0.43785024635292036,-0.03224,0.44956,-1.06283,-0.00895,0.0013,1e-05,0.02782,0.48709,-1.02879,-0.01104,8e-05,0.00026,-0.24517,0.35621,-1.0704,3,37.7907,363.0319,35.6652,179.8828,0.9167,-98.4536,0.0065,23.3577,0.2093
630,000630.png,False,1788883320.513474,1788883320.453475,shear_+Y_out,3,+Y,0.43785024635292036,-0.04439,0.52608,-1.09515,-0.01064,0.00105,-5e-05,0.01569,0.56364,-1.06112,-0.01273,-0.00017,0.00019,-0.2937,0.4159,-1.10401,3,37.7583,363.0741,35.6632,179.8844,0.9115,-98.4542,0.0011,23.3566,0.2104
631,000631.png,False,1788883320.705575,1788883320.645575,shear_+Y_out,3,+Y,0.43785024635292036,-0.06888,0.53436,-1.18718,-0.0108,0.00048,-5e-05,-0.00878,0.57195,-1.15317,-0.01289,-0.00074,0.00019,-0.31842,0.40936,-1.19612,3,37.7407,363.0756,35.6554,179.8862,0.9061,-98.4548,0.0124,23.349,0.2181
632,000632.png,False,1788883321.293517,1788883321.233517,shear_+Y_back,3,+Y,0.0,-0.05091,0.55586,-1.1057,-0.01128,0.00089,-8e-05,0.00926,0.59352,-1.07175,-0.01338,-0.00033,0.00016,-0.31416,0.43826,-1.11507,3,37.7336,363.1036,35.6619,179.8848,0.9098,-98.4544,0.0093,23.356,0.211
633,000633.png,False,1788883321.489527,1788883321.429527,shear_+Y_back,3,+Y,0.0,-0.10697,0.40762,-1.37671,-0.00795,-0.00065,-1e-05,-0.04677,0.44532,-1.34278,-0.01005,-0.00187,0.00023,-0.28677,0.27753,-1.38336,3,37.7508,363.0087,35.6376,179.8879,0.9,-98.4518,0.0053,23.33,0.237
634,000634.png,False,1788883321.681619,1788883321.621619,shear_+Y_back,3,+Y,0.0,-0.10014,0.39836,-1.41788,-0.00768,-0.00041,-3e-05,-0.03992,0.43608,-1.38397,-0.00978,-0.00163,0.00022,-0.27594,0.27226,-1.42437,3,37.7539,363.0115,35.6358,179.887,0.9041,-98.4492,0.0045,23.3282,0.2388
635,000635.png,False,1788883321.877650,1788883321.817651,shear_+Y_back,3,+Y,0.0,-0.13903,0.26982,-1.98482,-0.00465,-0.0018,0.00012,-0.07879,0.30757,-1.95093,-0.00674,-0.00302,0.00036,-0.24148,0.13242,-1.98892,3,37.7747,362.9166,35.596,179.8887,0.8996,-98.4394,0.006,23.2868,0.2802
636,000636.png,False,1788883322.073673,1788883322.013674,shear_+Y_back,3,+Y,0.0,-0.13362,0.07571,-1.23249,-0.00011,-0.00109,3e-05,-0.07336,0.11349,-1.19862,-0.00221,-0.00231,0.00027,-0.14503,-0.02094,-1.23335,3,37.8298,362.8443,35.6358,179.8876,0.9033,-98.4387,0.0009,23.325,0.242
637,000637.png,False,1788883322.461707,1788883322.401707,shear_+Y_back,3,+Y,0.0,-0.02097,0.06924,-0.48372,-0.0003,0.00198,3e-05,0.03934,0.10707,-0.44988,-0.0024,0.00076,0.00028,-0.0494,0.04174,-0.4848,3,37.9129,362.8459,35.7069,179.883,0.9169,-98.4484,0.0064,23.3956,0.1714
638,000638.png,False,1788883322.657702,1788883322.597703,shear_+Y_back,3,+Y,0.0,-0.00506,0.06423,-0.61326,-0.00017,0.00217,-0.00011,0.05527,0.1021,-0.57944,-0.00227,0.00095,0.00014,-0.03222,0.04328,-0.61427,4,37.9249,362.8572,35.6954,179.8809,0.9231,-98.4504,0.0007,23.3842,0.1829
639,000639.png,False,1788883322.853704,1788883322.793705,shear_+Y_back,3,+Y,0.0,-0.02455,0.01541,-0.8263,0.00097,0.00164,-4e-05,0.03581,0.0533,-0.7925,-0.00113,0.00042,0.00021,-0.02324,-0.01216,-0.82639,3,37.9406,362.7678,35.6628,179.8838,0.914,-98.4503,0.007,23.35,0.217
640,000640.png,False,1788883323.049752,1788883322.989753,shear_+Y_back,3,+Y,0.0,-0.04438,-0.02248,-0.96566,0.00197,0.00132,0.00017,0.01601,0.01544,-0.93189,-0.00013,0.0001,0.00041,-0.02051,-0.05711,-0.96504,3,37.9478,362.721,35.6496,179.8844,0.9121,-98.4492,0.0,23.3361,0.2309
641,000641.png,False,1788883327.533827,1788883327.473827,shear_+X_out,4,+X,0.5,-0.06283,-0.04263,-1.68462,0.00306,0.00035,6e-05,-0.00191,-0.00406,-1.65128,0.00094,-0.00087,0.00032,-0.02145,-0.0953,-1.6835,3,37.9507,362.7044,35.5998,179.8801,0.9253,-98.4415,0.0064,23.286,0.281
642,000642.png,False,1788883327.925842,1788883327.865842,shear_+X_out,4,+X,0.5,-0.03694,0.02724,-1.71567,0.00116,0.00084,0.00013,0.02402,0.06586,-1.68237,-0.00096,-0.00038,0.00039,-0.03372,-0.02235,-1.71581,3,37.944,362.7416,35.5953,179.8787,0.9296,-98.4391,0.0011,23.2821,0.2849
643,000643.png,False,1788883328.317966,1788883328.257966,shear_+X_out,4,+X,0.5,0.09277,0.00972,-1.49089,0.00148,0.00401,7e-05,0.15378,0.0484,-1.45763,-0.00064,0.0028,0.00034,0.08584,0.03089,-1.49102,3,38.0038,362.7715,35.6077,179.8779,0.9325,-98.4376,0.01,23.2945,0.2725
644,000644.png,False,1788883328.509977,1788883328.449977,shear_+X_out,4,+X,0.5,0.18415,-0.0169,-1.41172,0.00203,0.00616,0.00026,0.24518,0.02181,-1.37848,-0.0001,0.00494,0.00053,0.17774,0.05476,-1.41158,3,38.0578,362.7931,35.6137,179.8776,0.9336,-98.4413,0.0009,23.3005,0.2665
645,000645.png,False,1788883328.705879,1788883328.645879,shear_+X_out,4,+X,0.5,0.2305,-0.01582,-1.49633,0.002,0.00722,0.00026,0.29155,0.02292,-1.46311,-0.00012,0.006,0.00052,0.21794,0.0775,-1.49629,3,38.0889,362.8074,35.6077,179.8788,0.9303,-98.4419,0.006,23.2945,0.2725
646,000646.png,False,1788883328.902010,1788883328.842010,shear_+X_out,4,+X,0.5,0.2973,-0.01721,-1.79158,0.00241,0.00886,0.00027,0.35838,0.02155,-1.75838,0.00029,0.00765,0.00053,0.27855,0.10495,-1.79161,3,38.1186,362.8188,35.5925,179.8794,0.9275,-98.4415,0.008,23.2793,0.2877
647,000647.png,False,1788883329.097988,1788883329.037988,shear_+X_out,4,+X,0.5,0.35299,-0.02306,-1.88983,0.0025,0.01001,0.00021,0.41409,0.01574,-1.85665,0.00038,0.00879,0.00047,0.33039,0.12614,-1.88985,4,38.1494,362.8331,35.5865,179.8796,0.9271,-98.4408,0.0006,23.2734,0.2936
648,000648.png,False,1788883330.658038,1788883330.598038,shear_+X_out,4,+X,0.5,0.36762,-0.04888,-1.47405,0.00285,0.0105,7e-05,0.4289,-0.00986,-1.44102,0.00072,0.00928,0.00034,0.35307,0.11774,-1.47371,3,38.1821,362.8414,35.6068,179.8809,0.9236,-98.441,0.0057,23.2935,0.2735
649,000649.png,False,1788883330.854053,1788883330.794054,shear_+X_out,4,+X,0.5,0.41803,-0.01185,-1.33425,0.00179,0.01165,0.00029,0.47934,0.02719,-1.30124,-0.00034,0.01044,0.00056,0.37728,0.17724,-1.33468,3,38.2048,362.8759,35.6171,179.8798,0.9271,-98.4421,0.0084,23.3042,0.2628
650,000650.png,False,1788883331.046000,1788883330.986001,shear_+X_out,4,+X,0.5,0.44851,-0.01554,-1.25974,0.00208,0.01261,0.00027,0.50984,0.02353,-1.22674,-5e-05,0.01139,0.00054,0.405,0.19047,-1.26017,3,38.2272,362.8877,35.624,179.8795,0.9279,-98.443,0.0007,23.3112,0.2558
651,000651.png,False,1788883331.242002,1788883331.182003,shear_+X_out,4,+X,0.5,0.47287,-0.03412,-1.23449,0.00238,0.01303,0.00021,0.53422,0.00498,-1.20152,0.00025,0.01181,0.00048,0.43521,0.18695,-1.23466,3,38.249,362.889,35.6265,179.8796,0.928,-98.443,0.0057,23.3135,0.2535
652,000652.png,False,1788883331.438112,1788883331.378112,shear_+X_out,4,+X,0.5,0.49259,-0.04386,-1.17161,0.00267,0.01364,1e-05,0.55397,-0.00473,-1.13866,0.00053,0.01242,0.00028,0.45672,0.18938,-1.17166,3,38.2671,362.894,35.629,179.8798,0.9276,-98.4426,0.0071,23.316,0.251
653,000653.png,False,1788883331.634156,1788883331.574156,shear_+X_out,4,+X,0.5,0.51973,-0.04537,-1.13606,0.00264,0.01433,5e-05,0.58114,-0.00622,-1.10313,0.0005,0.01311,0.00032,0.48074,0.2022,-1.13614,3,38.2917,362.906,35.6331,179.8797,0.9282,-98.443,0.002,23.3201,0.2469
654,000654.png,False,1788883331.826124,1788883331.766124,shear_+X_out,4,+X,0.5,0.54467,-0.04712,-1.26294,0.00267,0.01479,0.00021,0.60609,-0.00794,-1.23003,0.00054,0.01357,0.00048,0.5041,0.21111,-1.26302,3,38.31,362.9144,35.6268,179.8804,0.927,-98.4421,0.0077,23.3138,0.2532
655,000655.png,False,1788883332.022047,1788883331.962047,shear_+X_out,4,+X,0.5,0.58637,-0.04184,-1.62193,0.00274,0.01578,0.00024,0.64782,-0.00262,-1.58903,0.00061,0.01456,0.00051,0.54007,0.23078,-1.62213,3,38.3271,362.9227,35.6047,179.8812,0.9239,-98.4423,0.0069,23.2917,0.2753
656,000656.png,False,1788883332.610158,1788883332.550158,shear_+X_back,4,+X,0.0,0.605,-0.04658,-1.82386,0.00288,0.01607,0.00054,0.66652,-0.00728,-1.79102,0.00074,0.01485,0.00081,0.55998,0.23274,-1.82398,3,38.342,362.9237,35.5921,179.8818,0.9215,-98.4434,0.0065,23.279,0.288
657,000657.png,False,1788883332.802184,1788883332.742184,shear_+X_back,4,+X,0.0,0.60348,-0.04534,-1.82104,0.00305,0.01618,0.00039,0.66502,-0.00602,-1.78822,0.00091,0.01496,0.00066,0.55802,0.2331,-1.82118,2,38.3418,362.9265,35.5927,179.8819,0.922,-98.4427,0.003,23.2797,0.2873
658,000658.png,False,1788883332.998185,1788883332.938185,shear_+X_back,4,+X,0.0,0.54366,-0.14967,-2.06495,0.00558,0.01467,0.00034,0.60523,-0.11032,-2.03215,0.00344,0.01345,0.00062,0.56002,0.10895,-2.06313,3,38.34,362.8636,35.5767,179.884,0.9152,-98.4514,0.0083,23.2627,0.3043
659,000659.png,False,1788883333.194101,1788883333.134101,shear_+X_back,4,+X,0.0,0.36653,-0.07246,-2.17843,0.00374,0.01048,0.0,0.42812,-0.03308,-2.14565,0.0016,0.00926,0.00028,0.3688,0.08549,-2.17757,3,38.2462,362.8621,35.5702,179.8834,0.9159,-98.4473,0.0065,23.2568,0.3102
660,000660.png,False,1788883333.390197,1788883333.330197,shear_+X_back,4,+X,0.0,0.23023,-0.05341,-2.35383,0.00363,0.00729,6e-05,0.29185,-0.014,-2.32107,0.00149,0.00608,0.00034,0.24244,0.03108,-2.35301,3,38.1823,362.8201,35.5577,179.885,0.9112,-98.4459,0.0023,23.2441,0.3229
661,000661.png,False,1788883333.582268,1788883333.522268,shear_+X_back,4,+X,0.0,0.19373,-0.00888,-2.31728,0.00241,0.00622,-0.00014,0.25537,0.03056,-2.28454,0.00027,0.005,0.00014,0.18832,0.05199,-2.31716,3,38.1515,362.8252,35.5562,179.8842,0.914,-98.4466,0.0073,23.2429,0.3242
662,000662.png,False,1788883333.778132,1788883333.718132,shear_+X_back,4,+X,0.0,0.04833,0.01197,-2.47029,0.00181,0.00261,0.00016,0.10999,0.05144,-2.43757,-0.00033,0.00139,0.00043,0.05301,-0.00505,-2.47022,3,38.0854,362.8018,35.5503,179.8837,0.915,-98.4477,0.0021,23.2371,0.3299
663,000663.png,False,1788883334.362242,1788883334.302243,shear_+X_back,4,+X,0.0,-0.10996,-0.06784,-1.48775,0.00341,-0.00061,-0.00024,-0.04823,-0.02829,-1.45509,0.00127,-0.00182,3e-05,-0.05104,-0.13753,-1.48613,3,37.9984,362.7205,35.5953,179.8827,0.9177,-98.4482,0.002,23.2814,0.2857
664,000664.png,False,1788883334.754297,1788883334.694298,shear_+X_back,4,+X,0.0,-0.17989,-0.00705,-1.74877,0.00203,-0.0025,0.00015,-0.11812,0.03256,-1.71614,-0.00012,-0.00371,0.00043,-0.14018,-0.124,-1.74802,3,37.9416,362.7252,35.585,179.8803,0.9243,-98.4475,0.0033,23.2715,0.2955
665,000665.png,False,1788883335.146283,1788883335.086283,shear_+X_back,4,+X,0.0,-0.16416,-0.0033,-1.68825,0.0019,-0.00208,7e-05,-0.10234,0.03636,-1.65566,-0.00025,-0.0033,0.00034,-0.12884,-0.11193,-1.68761,3,37.942,362.7241,35.5865,179.8802,0.9247,-98.4475,0.0084,23.2731,0.2939
666,000666.png,False,1788883335.338288,1788883335.278288,shear_-X_out,4,-X,0.5,-0.15734,-0.00846,-1.70675,0.00228,-0.0019,-7e-05,-0.0955,0.03123,-1.67418,0.00013,-0.00312,0.00021,-0.12023,-0.11328,-1.70603,3,37.943,362.7246,35.5868,179.8802,0.9247,-98.448,0.003,23.2733,0.2937
667,000667.png,False,1788883335.730307,1788883335.670307,shear_-X_out,4,-X,0.5,-0.16759,-0.04115,-1.92709,0.00294,-0.00235,0.00028,-0.10569,-0.0014,-1.89456,0.00079,-0.00357,0.00056,-0.11125,-0.15024,-1.92575,3,37.9472,362.6988,35.5741,179.8801,0.924,-98.4519,0.0017,23.2602,0.3068
668,000668.png,False,1788883335.926318,1788883335.866318,shear_-X_out,4,-X,0.5,-0.23281,-0.02385,-1.95014,0.00262,-0.00395,0.00011,-0.1709,0.01592,-1.91763,0.00047,-0.00516,0.00039,-0.17623,-0.16823,-1.94896,3,37.9143,362.6892,35.573,179.88,0.924,-98.451,0.007,23.2592,0.3078
669,000669.png,False,1788883336.118370,1788883336.058370,shear_-X_out,4,-X,0.5,-0.31253,-0.0037,-1.84678,0.00217,-0.00558,7e-05,-0.25059,0.0361,-1.81429,2e-05,-0.00679,0.00035,-0.25606,-0.18895,-1.84581,3,37.8738,362.6772,35.5772,179.8801,0.9242,-98.4489,0.0044,23.2635,0.3035
670,000670.png,False,1788883336.314361,1788883336.254361,shear_-X_out,4,-X,0.5,-0.36096,-0.01614,-1.68686,0.00228,-0.00673,0.00018,-0.299,0.02369,-1.65438,0.00013,-0.00795,0.00046,-0.29291,-0.22136,-1.6856,3,37.8458,362.6588,35.5873,179.8797,0.925,-98.4489,0.0008,23.2734,0.2936
671,000671.png,False,1788883336.510359,1788883336.450359,shear_-X_out,4,-X,0.5,-0.41079,-0.0306,-1.64185,0.0026,-0.00805,3e-05,-0.3488,0.00926,-1.60939,0.00045,-0.00927,0.00031,-0.32916,-0.25806,-1.64024,3,37.8211,362.6361,35.5882,179.8803,0.9237,-98.4502,0.0082,23.2741,0.2929
672,000672.png,False,1788883336.706381,1788883336.646381,shear_-X_out,4,-X,0.5,-0.44589,-0.03427,-1.69164,0.00281,-0.00889,8e-05,-0.38388,0.00561,-1.6592,0.00065,-0.01011,0.00036,-0.35738,-0.27958,-1.68989,3,37.7997,362.6227,35.5865,179.8802,0.9241,-98.4493,0.0063,23.2724,0.2946
673,000673.png,False,1788883336.902401,1788883336.842401,shear_-X_out,4,-X,0.5,-0.48549,-0.01609,-1.73152,0.00236,-0.00986,0.00026,-0.42346,0.02383,-1.6991,0.00021,-0.01108,0.00055,-0.4005,-0.28425,-1.73,3,37.7734,362.6163,35.5871,179.8799,0.9252,-98.4489,0.0016,23.273,0.294
674,000674.png,False,1788883337.682439,1788883337.622439,shear_-X_back,4,-X,0.0,-0.53491,-0.01675,-1.70634,0.0023,-0.01101,1e-05,-0.47279,0.02328,-1.674,0.00014,-0.01223,0.00029,-0.44315,-0.30912,-1.70472,3,37.7338,362.5966,35.5855,179.8797,0.9249,-98.4491,0.0093,23.2714,0.2956
675,000675.png,False,1788883337.874443,1788883337.814443,shear_-X_back,4,-X,0.0,-0.52973,-0.01776,-1.71083,0.00244,-0.01104,-2e-05,-0.46758,0.02229,-1.67851,0.00028,-0.01225,0.00026,-0.43813,-0.30748,-1.70921,3,37.7356,362.5939,35.5858,179.88,0.9245,-98.4495,0.0002,23.2716,0.2954
676,000676.png,False,1788883338.070421,1788883338.010422,shear_-X_back,4,-X,0.0,-0.46512,0.06652,-1.47298,0.00037,-0.00925,-0.00017,-0.40295,0.10661,-1.44067,-0.00179,-0.01047,0.00012,-0.42592,-0.19839,-1.47298,3,37.7391,362.6452,35.5983,179.8779,0.93,-98.4437,0.0087,23.2849,0.2821
677,000677.png,False,1788883338.266437,1788883338.206437,shear_-X_back,4,-X,0.0,-0.41181,0.04064,-1.41074,0.00084,-0.00797,-0.0002,-0.34962,0.08075,-1.37846,-0.00133,-0.00919,9e-05,-0.36724,-0.19317,-1.41041,3,37.7671,362.6589,35.6041,179.8777,0.9315,-98.4411,0.0038,23.2908,0.2762
678,000678.png,False,1788883338.462358,1788883338.402358,shear_-X_back,4,-X,0.0,-0.29198,0.03534,-1.25645,0.00098,-0.00504,-0.00011,-0.22977,0.07548,-1.22419,-0.00118,-0.00626,0.00018,-0.26187,-0.13541,-1.25629,3,37.828,362.6838,35.6105,179.8766,0.9352,-98.4393,0.0018,23.2972,0.2698
679,000679.png,False,1788883338.654479,1788883338.594479,shear_-X_back,4,-X,0.0,-0.20582,-0.02604,-1.29505,0.00236,-0.00294,-0.00011,-0.14358,0.01412,-1.26281,0.0002,-0.00415,0.00018,-0.15629,-0.14614,-1.29399,3,37.8841,362.6766,35.6079,179.8771,0.934,-98.4432,0.0022,23.2941,0.2729
680,000680.png,False,1788883338.850474,1788883338.790474,shear_-X_back,4,-X,0.0,-0.1559,-0.03497,-1.33209,0.00267,-0.0017,-7e-05,-0.09363,0.00523,-1.29987,0.00051,-0.00292,0.00022,-0.10834,-0.12952,-1.33097,3,37.9051,362.6918,35.6073,179.8765,0.9354,-98.443,0.0084,23.2935,0.2735
681,000681.png,False,1788883339.242487,1788883339.182487,shear_-X_back,4,-X,0.0,-0.08702,-0.02174,-1.79262,0.00256,-0.00045,0.0,-0.02471,0.01851,-1.76043,0.0004,-0.00166,0.00029,-0.05208,-0.09103,-1.79179,3,37.9371,362.7106,35.581,179.8779,0.9315,-98.4432,0.0087,23.2673,0.2997
682,000682.png,False,1788883340.022531,1788883339.962531,shear_-Y_out,4,-Y,0.5,-0.08347,-0.02449,-1.8027,0.00242,-0.00038,-0.00023,-0.02106,0.01587,-1.77059,0.00025,-0.0016,6e-05,-0.04756,-0.0918,-1.80183,4,37.9488,362.7046,35.5756,179.8788,0.9288,-98.4358,0.0002,23.2618,0.3052
683,000683.png,False,1788883340.218530,1788883340.158530,shear_-Y_out,4,-Y,0.5,-0.09484,-0.07218,-1.9249,0.00384,-0.00059,-3e-05,-0.03241,-0.03179,-1.89281,0.00167,-0.00181,0.00026,-0.03274,-0.14074,-1.92317,3,37.9538,362.6878,35.5724,179.8798,0.927,-98.4362,0.0051,23.2582,0.3088
684,000684.png,False,1788883340.410453,1788883340.350453,shear_-Y_out,4,-Y,0.5,-0.0967,-0.09516,-1.97853,0.00433,-0.00065,8e-05,-0.03425,-0.05474,-1.94646,0.00216,-0.00187,0.00037,-0.0225,-0.16242,-1.97638,3,37.9595,362.6753,35.5691,179.8801,0.9257,-98.4356,0.0054,23.2547,0.3123
685,000685.png,False,1788883340.606544,1788883340.546544,shear_-Y_out,4,-Y,0.5,-0.09242,-0.14204,-2.01036,0.00551,-0.00065,0.0,-0.02995,-0.10159,-1.97831,0.00334,-0.00187,0.0003,0.00485,-0.2014,-2.0074,3,37.9732,362.6551,35.5672,179.8801,0.9257,-98.4354,0.0002,23.2524,0.3146
686,000686.png,False,1788883340.802567,1788883340.742568,shear_-Y_out,4,-Y,0.5,-0.09652,-0.23027,-1.87805,0.00746,-0.00074,-4e-05,-0.03403,-0.18979,-1.84602,0.00529,-0.00195,0.00025,0.04446,-0.27774,-1.87358,3,37.9953,362.618,35.571,179.8799,0.9264,-98.4362,0.0059,23.2555,0.3115
687,000687.png,False,1788883340.998480,1788883340.938480,shear_-Y_out,4,-Y,0.5,-0.09023,-0.28366,-1.81734,0.0087,-0.00043,-0.00015,-0.02771,-0.24316,-1.78533,0.00653,-0.00164,0.00015,0.07616,-0.31987,-1.81197,3,38.0103,362.5979,35.573,179.8788,0.929,-98.4367,0.0086,23.257,0.31
688,000688.png,False,1788883341.386620,1788883341.326620,shear_-Y_out,4,-Y,0.5,-0.07668,-0.33118,-1.65445,0.00966,-2e-05,-2e-05,-0.01412,-0.29061,-1.62248,0.00749,-0.00124,0.00028,0.11051,-0.35164,-1.6483,3,38.0346,362.5739,35.5819,179.8781,0.9319,-98.4361,0.006,23.2654,0.3016
689,000689.png,False,1788883341.582511,1788883341.522511,shear_-Y_out,4,-Y,0.5,-0.09146,-0.40979,-1.6875,0.01166,-0.00031,1e-05,-0.02887,-0.3692,-1.65555,0.00949,-0.00153,0.0003,0.13722,-0.42764,-1.67996,3,38.0505,362.5329,35.5819,179.8791,0.9291,-98.4358,0.0084,23.2646,0.3024
690,000690.png,False,1788883342.754565,1788883342.694566,shear_-Y_out,4,-Y,0.5,-0.08246,-0.43525,-1.31568,0.01191,6e-05,-7e-05,-0.01973,-0.39449,-1.28384,0.00973,-0.00116,0.00023,0.15515,-0.43923,-1.30777,3,38.0747,362.4994,35.6027,179.8786,0.9307,-98.4369,0.0045,23.2847,0.2823
691,000691.png,False,1788883343.534709,1788883343.474710,shear_-Y_out,4,-Y,0.5,-0.10053,-0.46051,-1.09422,0.01243,-6e-05,6e-05,-0.03771,-0.41964,-1.06245,0.01024,-0.00128,0.00036,0.15059,-0.4666,-1.08586,3,38.0848,362.4648,35.6224,179.8793,0.9286,-98.436,0.0019,23.3038,0.2632
692,000692.png,False,1788883343.730631,1788883343.670631,shear_-Y_out,4,-Y,0.5,-0.10758,-0.49393,-1.07594,0.01334,-0.00013,0.0,-0.04474,-0.45303,-1.04419,0.01116,-0.00135,0.00031,0.16105,-0.49877,-1.067,3,38.0945,362.444,35.6235,179.8797,0.9276,-98.4354,0.0096,23.3045,0.2625
693,000693.png,False,1788883343.922629,1788883343.862629,shear_-Y_out,4,-Y,0.5,-0.09662,-0.52424,-1.09889,0.01388,-6e-05,2e-05,-0.03375,-0.48331,-1.06716,0.01169,-0.00128,0.00032,0.18585,-0.5199,-1.08944,3,38.1094,362.4252,35.6215,179.8798,0.9274,-98.4362,0.0007,23.302,0.265
694,000694.png,False,1788883344.118804,1788883344.058805,shear_-Y_out,4,-Y,0.5,-0.09293,-0.54778,-1.13194,0.01456,0.00012,0.0001,-0.03004,-0.50683,-1.10023,0.01238,-0.00109,0.0004,0.20104,-0.53898,-1.12208,3,38.121,362.4103,35.6223,179.8794,0.9284,-98.4369,0.0059,23.3026,0.2644
695,000695.png,False,1788883344.510783,1788883344.450783,shear_-Y_out,4,-Y,0.5,-0.08744,-0.58028,-1.22235,0.01543,0.00028,0.00026,-0.0245,-0.53926,-1.19069,0.01324,-0.00094,0.00056,0.22265,-0.56583,-1.21193,3,38.1375,362.3866,35.6174,179.8788,0.9298,-98.4371,0.001,23.2971,0.2699
696,000696.png,False,1788883344.702788,1788883344.642788,shear_-Y_out,4,-Y,0.5,-0.08397,-0.60367,-1.26887,0.01583,0.00029,0.00047,-0.02101,-0.56263,-1.23722,0.01365,-0.00093,0.00077,0.23767,-0.5851,-1.25804,3,38.1467,362.3741,35.6162,179.8786,0.9304,-98.4373,0.0096,23.2957,0.2713
697,000697.png,False,1788883345.094846,1788883345.034847,shear_-Y_out,4,-Y,0.5,-0.07684,-0.63635,-1.24265,0.01673,0.0005,8e-05,-0.01384,-0.59526,-1.21104,0.01455,-0.00072,0.00039,0.25999,-0.60943,-1.23127,3,38.1623,362.3516,35.6147,179.8784,0.9304,-98.4376,0.0013,23.2937,0.2733
698,000698.png,False,1788883345.482813,1788883345.422813,shear_-Y_back,4,-Y,0.0,-0.07367,-0.62844,-1.25273,0.01668,0.00059,0.00021,-0.01062,-0.58729,-1.22115,0.01449,-0.00062,0.00052,0.25885,-0.60116,-1.24149,3,38.1657,362.3502,35.6155,179.8786,0.9304,-98.4378,0.0039,23.2945,0.2725
699,000699.png,False,1788883345.678713,1788883345.618713,shear_-Y_back,4,-Y,0.0,-0.07284,-0.62454,-1.21654,0.01625,0.00047,0.00014,-0.00976,-0.58336,-1.18498,0.01406,-0.00074,0.00045,0.25737,-0.59678,-1.20538,3,38.1673,362.3513,35.6178,179.8786,0.9311,-98.438,0.0022,23.2968,0.2702
700,000700.png,False,1788883345.874722,1788883345.814722,shear_-Y_back,4,-Y,0.0,-0.0258,-0.47976,-0.95586,0.01265,0.00161,0.00025,0.0373,-0.43855,-0.92432,0.01046,0.0004,0.00056,0.22397,-0.44371,-0.94734,3,38.1513,362.432,35.6354,179.8757,0.9389,-98.4402,0.0076,23.3158,0.2512
701,000701.png,False,1788883346.070729,1788883346.010730,shear_-Y_back,4,-Y,0.0,-0.01074,-0.41172,-0.84518,0.01117,0.00212,0.00012,0.05238,-0.37048,-0.81366,0.00898,0.00091,0.00043,0.20226,-0.37548,-0.83789,3,38.1442,362.4538,35.6421,179.876,0.9379,-98.4426,0.0069,23.3229,0.2441
702,000702.png,False,1788883346.266777,1788883346.206777,shear_-Y_back,4,-Y,0.0,0.01708,-0.30596,-0.71102,0.00852,0.00278,0.00015,0.08023,-0.26469,-0.67952,0.00633,0.00157,0.00046,0.17259,-0.26783,-0.70564,3,38.1283,362.5373,35.6577,179.8729,0.9458,-98.4505,0.009,23.3399,0.2271
703,000703.png,False,1788883346.458866,1788883346.398866,shear_-Y_back,4,-Y,0.0,0.00332,-0.28339,-1.12471,0.0083,0.00235,0.00014,0.06649,-0.2421,-1.09323,0.00611,0.00114,0.00045,0.15226,-0.26179,-1.11963,3,38.113,362.5538,35.6271,179.8752,0.9397,-98.4494,0.0016,23.3097,0.2573
704,000704.png,False,1788883346.654804,1788883346.594804,shear_-Y_back,4,-Y,0.0,-0.04437,-0.24024,-1.46088,0.00752,0.00101,0.00023,0.01882,-0.19892,-1.42943,0.00532,-0.0002,0.00054,0.09172,-0.25364,-1.45641,3,38.0751,362.5582,35.6069,179.8763,0.9362,-98.4509,0.0064,23.2898,0.2772
705,000705.png,False,1788883346.850848,1788883346.790848,shear_-Y_back,4,-Y,0.0,-0.12385,-0.1291,-2.12385,0.00539,-0.00131,0.00027,-0.06063,-0.08775,-2.09241,0.00319,-0.00252,0.00058,-0.02806,-0.20771,-2.12104,3,38.0064,362.5812,35.5674,179.8787,0.9287,-98.4439,0.0008,23.2512,0.3158
706,000706.png,False,1788883347.046831,1788883346.986831,shear_-Y_back,4,-Y,0.0,-0.11454,-0.0531,-1.9124,0.00334,-0.00111,9e-05,-0.05131,-0.01172,-1.88098,0.00115,-0.00233,0.0004,-0.05943,-0.13385,-1.91096,3,37.9877,362.6187,35.5756,179.8792,0.9282,-98.4426,0.008,23.2601,0.3069
707,000707.png,False,1788883348.410969,1788883348.350969,shear_+Y_out,4,+Y,0.5,-0.08866,0.09272,-2.94818,0.00045,-0.0012,-0.00026,-0.02526,0.13429,-2.9169,-0.00175,-0.00241,5e-05,-0.10269,-0.01122,-2.94917,3,37.9483,362.7031,35.5215,179.8832,0.9154,-98.4568,0.0067,23.2076,0.3594
708,000708.png,False,1788883348.606951,1788883348.546951,shear_+Y_out,4,+Y,0.5,-0.08266,0.12136,-2.76856,-0.00041,-0.00104,4e-05,-0.01924,0.16296,-2.7373,-0.00261,-0.00226,0.00035,-0.11304,0.01945,-2.77008,3,37.9394,362.7244,35.5286,179.8825,0.9174,-98.4564,0.008,23.2152,0.3518
709,000709.png,False,1788883348.802867,1788883348.742867,shear_+Y_out,4,+Y,0.5,-0.07942,0.16018,-2.53769,-0.00144,-0.0008,-0.00015,-0.01598,0.20181,-2.50645,-0.00364,-0.00201,0.00016,-0.13124,0.05839,-2.53993,3,37.9304,362.742,35.5369,179.8822,0.9183,-98.4573,0.0026,23.2238,0.3432
710,000710.png,False,1788883348.994975,1788883348.934975,shear_+Y_out,4,+Y,0.5,-0.07513,0.20797,-2.27476,-0.00289,-0.00071,-0.00018,-0.01166,0.24963,-2.24353,-0.00509,-0.00193,0.00014,-0.15322,0.10614,-2.27787,3,37.92,362.767,35.5479,179.882,0.9194,-98.4586,0.0079,23.2353,0.3317
711,000711.png,False,1788883349.191071,1788883349.131071,shear_+Y_out,4,+Y,0.5,-0.06744,0.29106,-2.03749,-0.00482,-0.00026,-4e-05,-0.00395,0.33274,-2.00628,-0.00702,-0.00147,0.00027,-0.18971,0.18574,-2.04209,3,37.8997,362.8127,35.563,179.8807,0.9224,-98.4591,0.0071,23.2513,0.3157
712,000712.png,False,1788883349.387009,1788883349.327009,shear_+Y_out,4,+Y,0.5,-0.07963,0.3464,-1.91638,-0.00612,-0.00039,-0.00011,-0.01611,0.38811,-1.88519,-0.00832,-0.00161,0.00021,-0.22876,0.22952,-1.92193,3,37.8789,362.8365,35.567,179.8803,0.9227,-98.4575,0.0021,23.2558,0.3112
713,000713.png,False,1788883349.582902,1788883349.522902,shear_+Y_out,4,+Y,0.5,-0.0833,0.39193,-2.27867,-0.00706,-0.00086,-0.00016,-0.01976,0.43368,-2.2475,-0.00926,-0.00207,0.00015,-0.25218,0.26132,-2.28495,3,37.863,362.8551,35.5512,179.8816,0.9197,-98.4567,0.0039,23.2404,0.3266
714,000714.png,False,1788883349.775033,1788883349.715033,shear_+Y_out,4,+Y,0.5,-0.08216,0.44166,-2.74663,-0.00815,-0.00097,-9e-05,-0.0186,0.48343,-2.71548,-0.01036,-0.00219,0.00023,-0.27279,0.29746,-2.75371,3,37.8522,362.8729,35.5312,179.8825,0.9168,-98.4566,0.0069,23.2207,0.3463
715,000715.png,False,1788883349.971030,1788883349.911031,shear_+Y_out,4,+Y,0.5,-0.07488,0.49757,-2.90957,-0.00942,-0.00095,-0.00017,-0.0113,0.53937,-2.87844,-0.01163,-0.00217,0.00015,-0.29329,0.34691,-2.91761,3,37.8401,362.8969,35.5256,179.8829,0.9156,-98.4571,0.0013,23.2156,0.3514
716,000716.png,False,1788883350.559062,1788883350.499062,shear_+Y_back,4,+Y,0.0,-0.08535,0.53353,-2.94573,-0.01043,-0.00114,-0.00026,-0.02169,0.57541,-2.91466,-0.01264,-0.00235,6e-05,-0.32007,0.37224,-2.95436,3,37.8245,362.9165,35.5195,179.883,0.9152,-98.4571,0.0048,23.2099,0.3571
717,000717.png,False,1788883350.751050,1788883350.691050,shear_+Y_back,4,+Y,0.0,-0.084,0.53336,-3.17163,-0.01025,-0.0012,-8e-05,-0.02032,0.57527,-3.14058,-0.01246,-0.00242,0.00024,-0.31725,0.36915,-3.18023,3,37.8248,362.9143,35.511,179.8835,0.9139,-98.4573,0.0073,23.2014,0.3656
718,000718.png,False,1788883350.947068,1788883350.887068,shear_+Y_back,4,+Y,0.0,-0.15143,0.33682,-3.63174,-0.00526,-0.0032,-2e-05,-0.08773,0.37876,-3.6007,-0.00747,-0.00441,0.0003,-0.27428,0.15787,-3.63672,3,37.8417,362.8244,35.4878,179.8869,0.9045,-98.4548,0.0001,23.1767,0.3903
719,000719.png,False,1788883351.143142,1788883351.083142,shear_+Y_back,4,+Y,0.0,-0.15938,0.31334,-3.67757,-0.00487,-0.00352,0.00016,-0.09565,0.35531,-3.64655,-0.00709,-0.00473,0.00048,-0.26911,0.13283,-3.68212,3,37.8435,362.8092,35.4843,179.8875,0.9022,-98.4533,0.0115,23.1729,0.3941
720,000720.png,False,1788883351.339096,1788883351.279096,shear_+Y_back,4,+Y,0.0,-0.19486,0.20449,-3.92183,-0.00201,-0.00445,7e-05,-0.13111,0.24649,-3.89083,-0.00422,-0.00566,0.00039,-0.24377,0.01692,-3.92439,3,37.8546,362.7564,35.4723,179.889,0.8981,-98.447,0.0031,23.16,0.407
721,000721.png,False,1788883351.531112,1788883351.471112,shear_+Y_back,4,+Y,0.0,-0.20515,0.15762,-3.92858,-0.00097,-0.00481,1e-05,-0.14138,0.19964,-3.8976,-0.00318,-0.00603,0.00033,-0.22922,-0.02893,-3.93031,3,37.8602,362.7363,35.4694,179.8898,0.8965,-98.4433,0.0063,23.1567,0.4103
722,000722.png,False,1788883351.727133,1788883351.667133,shear_+Y_back,4,+Y,0.0,-0.16989,0.10335,-3.55964,0.0003,-0.00364,0.00019,-0.10609,0.1454,-3.52868,-0.00191,-0.00485,0.00051,-0.17412,-0.0524,-3.56055,3,37.883,362.7324,35.4822,179.8893,0.8975,-98.4422,0.0082,23.1692,0.3978
723,000723.png,False,1788883351.923115,1788883351.863115,shear_+Y_back,4,+Y,0.0,-0.0207,0.0712,-2.33319,0.00049,0.00066,0.00011,0.04312,0.11328,-2.30225,-0.00172,-0.00056,0.00043,-0.03733,0.01394,-2.33402,3,37.9377,362.7612,35.5269,179.8857,0.9084,-98.4479,0.0026,23.2141,0.3529
724,000724.png,False,1788883352.119118,1788883352.059119,shear_+Y_back,4,+Y,0.0,-0.05568,0.00555,-2.11458,0.00186,-7e-05,-7e-05,0.00816,0.04765,-2.08366,-0.00036,-0.00129,0.00025,-0.03635,-0.05689,-2.11424,3,37.9466,362.7322,35.5395,179.8832,0.9158,-98.4497,0.007,23.2261,0.3409
725,000725.png,False,1788883352.899136,1788883352.839136,shear_+Y_back,4,+Y,0.0,-0.07053,0.00742,-2.6561,0.00227,-0.00059,0.00025,-0.00659,0.04964,-2.62526,5e-05,-0.00181,0.00057,-0.04639,-0.07136,-2.65569,3,37.9494,362.7081,35.5197,179.8811,0.9227,-98.4499,0.0026,23.206,0.361
726,000726.png,False,1788883356.799340,1788883356.739340,shear_+X_out,5,+X,0.5,-0.04342,0.03811,-1.8802,0.00116,0.0005,-7e-05,0.02098,0.08089,-1.84974,-0.00107,-0.00072,0.00026,-0.04362,-0.01881,-1.88049,3,37.9482,362.721,35.577,179.8827,0.9177,-98.4506,0.0045,23.2634,0.3036
727,000727.png,False,1788883357.191399,1788883357.131399,shear_+X_out,5,+X,0.5,-0.03965,0.02014,-1.72329,0.0015,0.00076,-8e-05,0.0248,0.06298,-1.69286,-0.00074,-0.00045,0.00025,-0.03246,-0.02997,-1.72329,3,37.9524,362.7357,35.5834,179.8818,0.9199,-98.448,0.0057,23.27,0.297
728,000728.png,False,1788883357.387381,1788883357.327381,shear_+X_out,5,+X,0.5,0.04329,-0.01268,-1.58882,0.00197,0.00288,-0.00012,0.10776,0.03018,-1.55842,-0.00027,0.00166,0.00021,0.05485,-0.01481,-1.58844,3,37.9951,362.7472,35.5892,179.8815,0.9212,-98.4493,0.007,23.2757,0.2913
729,000729.png,False,1788883357.579399,1788883357.519399,shear_+X_out,5,+X,0.5,0.10176,-0.01161,-1.45929,0.00208,0.00443,-7e-05,0.16625,0.03128,-1.42891,-0.00015,0.00322,0.00026,0.10406,0.01741,-1.45907,3,38.0222,362.765,35.5985,179.8808,0.9221,-98.4499,0.0024,23.2851,0.2819
730,000730.png,False,1788883357.775422,1788883357.715422,shear_+X_out,5,+X,0.5,0.1461,-0.0009,-1.34675,0.00181,0.00552,0.00011,0.21061,0.04203,-1.31638,-0.00043,0.00431,0.00045,0.13634,0.05065,-1.34682,3,38.047,362.7866,35.6078,179.8809,0.9233,-98.4504,0.0078,23.2946,0.2724
731,000731.png,False,1788883357.971418,1788883357.911418,shear_+X_out,5,+X,0.5,0.20886,-0.00425,-1.3344,0.00177,0.00681,0.00012,0.2734,0.0387,-1.30405,-0.00046,0.0056,0.00046,0.19229,0.07931,-1.33454,3,38.0802,362.804,35.6086,179.8809,0.9237,-98.4508,0.006,23.2954,0.2716
732,000732.png,False,1788883358.167415,1788883358.107415,shear_+X_out,5,+X,0.5,0.25564,-0.00528,-1.56098,0.00187,0.0079,0.0003,0.32021,0.0377,-1.53065,-0.00037,0.00669,0.00064,0.2349,0.09816,-1.56116,3,38.1056,362.8127,35.5949,179.8814,0.9209,-98.4517,0.0006,23.2817,0.2853
733,000733.png,False,1788883358.359437,1788883358.299438,shear_+X_out,5,+X,0.5,0.29859,0.00515,-1.74642,0.00191,0.0089,0.00019,0.36317,0.04815,-1.71612,-0.00033,0.00769,0.00053,0.26818,0.12568,-1.74684,3,38.1238,362.8273,35.5852,179.8823,0.92,-98.4503,0.01,23.2722,0.2949
734,000734.png,False,1788883358.555472,1788883358.495472,shear_+X_out,5,+X,0.5,0.33933,0.0012,-1.84964,0.00185,0.00979,0.00025,0.40393,0.04423,-1.81935,-0.00039,0.00857,0.00059,0.30615,0.14096,-1.85006,3,38.1467,362.8391,35.58,179.882,0.9195,-98.451,0.0045,23.267,0.3001
735,000735.png,False,1788883358.947370,1788883358.887370,shear_+X_out,5,+X,0.5,0.36478,-0.02097,-1.88524,0.00228,0.01028,9e-05,0.42943,0.02212,-1.85499,4e-05,0.00907,0.00043,0.33952,0.13391,-1.88532,3,38.1657,362.8392,35.5767,179.8827,0.9176,-98.4512,0.0095,23.2636,0.3035
736,000736.png,False,1788883360.311439,1788883360.251439,shear_+X_out,5,+X,0.5,0.39239,-0.01432,-1.36767,0.00186,0.01124,0.00024,0.4572,0.02897,-1.33756,-0.00039,0.01002,0.00058,0.35653,0.16175,-1.368,3,38.195,362.8675,35.6069,179.883,0.9172,-98.4501,0.0029,23.294,0.273
737,000737.png,False,1788883360.507443,1788883360.447443,shear_+X_out,5,+X,0.5,0.42995,-0.02429,-1.27734,0.00224,0.01227,5e-05,0.49479,0.01903,-1.24724,-1e-05,0.01106,0.0004,0.39342,0.17333,-1.27758,3,38.2236,362.8753,35.611,179.8829,0.9176,-98.4508,0.0021,23.298,0.269
738,000738.png,False,1788883360.895537,1788883360.835537,shear_+X_out,5,+X,0.5,0.4755,-0.01549,-1.16518,0.00184,0.01314,0.00012,0.54039,0.02788,-1.13512,-0.00041,0.01192,0.00047,0.42771,0.20551,-1.16568,3,38.2536,362.8987,35.6227,179.8824,0.9193,-98.4503,0.0036,23.3098,0.2572
739,000739.png,False,1788883361.091562,1788883361.031562,shear_+X_out,5,+X,0.5,0.49452,-0.00855,-1.12497,0.00179,0.01378,0.00031,0.55943,0.03485,-1.09493,-0.00046,0.01257,0.00065,0.44043,0.22167,-1.12564,3,38.2702,362.9164,35.6283,179.8821,0.9205,-98.4506,0.003,23.3157,0.2513
740,000740.png,False,1788883361.287563,1788883361.227563,shear_+X_out,5,+X,0.5,0.54002,-0.0149,-1.21188,0.0019,0.01473,0.00033,0.60495,0.02852,-1.18185,-0.00035,0.01351,0.00068,0.48362,0.23751,-1.21251,3,38.2983,362.9261,35.6224,179.8825,0.9195,-98.4529,0.0089,23.3097,0.2573
741,000741.png,False,1788883361.483596,1788883361.423596,shear_+X_out,5,+X,0.5,0.56738,-0.01575,-1.49688,0.00221,0.01561,0.0004,0.63233,0.02771,-1.46688,-4e-05,0.0144,0.00075,0.50972,0.24588,-1.49751,3,38.3147,362.9284,35.606,179.8835,0.9166,-98.4516,0.0058,23.2932,0.2738
742,000742.png,False,1788883361.679568,1788883361.619568,shear_+X_out,5,+X,0.5,0.60195,-0.01452,-1.61715,0.00215,0.01615,0.00042,0.66693,0.02897,-1.58716,-0.0001,0.01494,0.00077,0.53988,0.2623,-1.61785,3,38.3288,362.9365,35.5993,179.8835,0.9162,-98.4505,0.001,23.2865,0.2805
743,000743.png,False,1788883362.263643,1788883362.203643,shear_+X_back,5,+X,0.0,0.59755,-0.02689,-1.66387,0.00227,0.01606,0.00021,0.6626,0.01668,-1.63394,2e-05,0.01484,0.00055,0.54258,0.24864,-1.66434,3,38.3348,362.9328,35.5934,179.884,0.9147,-98.4505,0.0006,23.2806,0.2864
744,000744.png,False,1788883362.459543,1788883362.399544,shear_+X_back,5,+X,0.0,0.60468,0.00228,-1.6754,0.00177,0.01637,0.00039,0.66975,0.04587,-1.64549,-0.00048,0.01516,0.00074,0.53426,0.27727,-1.67639,3,38.333,362.9495,35.5944,179.8833,0.9161,-98.451,0.0061,23.2819,0.2852
745,000745.png,False,1788883362.651554,1788883362.591554,shear_+X_back,5,+X,0.0,0.56014,-0.07992,-1.87241,0.00386,0.01521,0.00027,0.62524,-0.0363,-1.84253,0.00161,0.014,0.00062,0.53812,0.18067,-1.87186,3,38.3292,362.8948,35.5802,179.885,0.9105,-98.4586,0.0042,23.2667,0.3003
746,000746.png,False,1788883362.847676,1788883362.787676,shear_+X_back,5,+X,0.0,0.38234,-0.02652,-2.06616,0.00259,0.01091,0.0001,0.44745,0.01713,-2.0363,0.00033,0.0097,0.00045,0.35876,0.13498,-2.06615,3,38.2456,362.8797,35.5696,179.8852,0.9099,-98.4562,0.0016,23.2565,0.3105
747,000747.png,False,1788883363.043675,1788883362.983675,shear_+X_back,5,+X,0.0,0.24225,-0.03151,-2.35086,0.003,0.00749,0.00016,0.30739,0.01217,-2.32101,0.00075,0.00627,0.00051,0.24188,0.0561,-2.35044,3,38.181,362.8328,35.5524,179.8869,0.905,-98.4557,0.0026,23.2391,0.328
748,000748.png,False,1788883363.239716,1788883363.179716,shear_+X_back,5,+X,0.0,0.23032,0.03527,-2.57295,0.00146,0.00697,0.00034,0.29548,0.07898,-2.54312,-0.0008,0.00575,0.0007,0.19972,0.10441,-2.57363,2,38.1571,362.8445,35.5412,179.8846,0.9118,-98.4564,0.01,23.2282,0.3388
749,000749.png,False,1788883363.431596,1788883363.371596,shear_+X_back,5,+X,0.0,0.05388,0.02496,-2.58014,0.00175,0.00294,-4e-05,0.11907,0.0687,-2.55033,-0.00051,0.00172,0.00031,0.05209,0.00721,-2.58029,3,38.0871,362.8112,35.5392,179.8849,0.9104,-98.4562,0.0003,23.2261,0.3409
750,000750.png,False,1788883363.627607,1788883363.567607,shear_+X_back,5,+X,0.0,-0.02178,0.01481,-2.20542,0.00182,0.00112,-8e-05,0.04343,0.05858,-2.17563,-0.00044,-9e-05,0.00027,-0.01098,-0.03338,-2.2053,3,38.0445,362.7834,35.5524,179.885,0.9097,-98.4557,0.0091,23.2392,0.3279
751,000751.png,False,1788883364.019724,1788883363.959724,shear_+X_back,5,+X,0.0,-0.10929,-0.04395,-1.50727,0.0027,-0.0007,-0.0002,-0.04403,-0.00013,-1.47752,0.00044,-0.00191,0.00015,-0.06226,-0.11682,-1.50606,3,37.9991,362.73,35.5849,179.884,0.9122,-98.4573,0.0,23.2711,0.2959
752,000752.png,False,1788883364.215730,1788883364.155730,shear_+X_back,5,+X,0.0,-0.12365,-0.01029,-1.51181,0.0022,-0.00088,-0.00016,-0.05837,0.03356,-1.48208,-6e-05,-0.00209,0.00019,-0.09148,-0.09492,-1.51116,3,37.9801,362.6917,35.58,179.884,0.9124,-98.4579,0.0057,23.2657,0.3013
753,000753.png,False,1788883364.995748,1788883364.935748,shear_-X_out,5,-X,0.5,-0.14241,0.00019,-1.69984,0.00183,-0.0017,-6e-05,-0.07704,0.04415,-1.67018,-0.00043,-0.00291,0.0003,-0.11167,-0.09822,-1.6993,3,37.9539,362.7283,35.5792,179.8786,0.9283,-98.4602,0.0039,23.2657,0.3013
754,000754.png,False,1788883365.187778,1788883365.127779,shear_-X_out,5,-X,0.5,-0.14537,-0.00334,-1.5623,0.00187,-0.00176,-0.00028,-0.07997,0.04065,-1.53266,-0.00039,-0.00297,8e-05,-0.11342,-0.10056,-1.56171,3,37.951,362.726,35.5843,179.8777,0.9299,-98.4626,0.0064,23.2708,0.2962
755,000755.png,False,1788883365.383693,1788883365.323694,shear_-X_out,5,-X,0.5,-0.18217,0.00279,-1.71349,0.00174,-0.00253,-3e-05,-0.11675,0.0468,-1.68387,-0.00053,-0.00374,0.00033,-0.14731,-0.11606,-1.71291,3,37.9344,362.7173,35.5777,179.8779,0.9297,-98.4643,0.0,23.2642,0.3028
756,000756.png,False,1788883365.579777,1788883365.519777,shear_-X_out,5,-X,0.5,-0.25556,0.01415,-1.8249,0.00166,-0.00425,2e-05,-0.19012,0.0582,-1.7953,-0.00061,-0.00546,0.00037,-0.21579,-0.14467,-1.82435,3,37.901,362.703,35.573,179.8784,0.9281,-98.4617,0.0053,23.2595,0.3075
757,000757.png,False,1788883365.775703,1788883365.715703,shear_-X_out,5,-X,0.5,-0.31007,0.02082,-2.02147,0.00156,-0.00577,7e-05,-0.2446,0.06489,-1.99189,-0.00071,-0.00699,0.00043,-0.26497,-0.16928,-2.02091,3,37.8726,362.6878,35.5626,179.8783,0.9283,-98.4608,0.0096,23.2491,0.318
758,000758.png,False,1788883365.971816,1788883365.911816,shear_-X_out,5,-X,0.5,-0.36133,-0.00675,-2.07171,0.00209,-0.0072,-6e-05,-0.29584,0.03735,-2.04214,-0.00018,-0.00841,0.0003,-0.29525,-0.21958,-2.07055,3,37.852,362.6641,35.5597,179.8793,0.9256,-98.4626,0.004,23.2459,0.3212
759,000759.png,False,1788883366.163834,1788883366.103834,shear_-X_out,5,-X,0.5,-0.41012,-0.00624,-1.80238,0.00224,-0.00807,-0.00029,-0.34461,0.03789,-1.77284,-3e-05,-0.00928,7e-05,-0.33964,-0.2392,-1.80118,3,37.8277,362.6534,35.5709,179.8779,0.9291,-98.4622,0.0056,23.2571,0.3099
760,000760.png,False,1788883366.359823,1788883366.299824,shear_-X_out,5,-X,0.5,-0.44204,-0.01062,-1.55391,0.00208,-0.00873,-0.00023,-0.3765,0.03354,-1.52439,-0.00019,-0.00995,0.00013,-0.36683,-0.25496,-1.55261,3,37.8024,362.639,35.5843,179.8778,0.9297,-98.4615,0.0085,23.2704,0.2966
761,000761.png,False,1788883366.555822,1788883366.495822,shear_-X_out,5,-X,0.5,-0.47271,0.00186,-1.56069,0.0019,-0.00944,-0.00036,-0.40715,0.04604,-1.53118,-0.00037,-0.01065,-0.0,-0.39957,-0.25959,-1.55954,3,37.779,362.6314,35.5837,179.8776,0.9306,-98.4635,0.003,23.2698,0.2972
762,000762.png,False,1788883366.751817,1788883366.691818,shear_-X_out,5,-X,0.5,-0.51965,0.00322,-1.55282,0.00181,-0.01056,-0.00044,-0.45406,0.04743,-1.52334,-0.00046,-0.01177,-8e-05,-0.44097,-0.28174,-1.5516,3,37.7522,362.6185,35.585,179.8775,0.9301,-98.4622,0.0031,23.2712,0.2958
763,000763.png,False,1788883367.335879,1788883367.275879,shear_-X_back,5,-X,0.0,-0.52026,0.00892,-1.53207,0.00157,-0.01053,-0.00033,-0.4546,0.05322,-1.50264,-0.00071,-0.01174,3e-05,-0.44449,-0.27677,-1.53095,3,37.738,362.6159,35.5884,179.8773,0.9314,-98.4624,0.0045,23.2747,0.2924
764,000764.png,False,1788883367.531831,1788883367.471831,shear_-X_back,5,-X,0.0,-0.51487,0.00952,-1.54207,0.00167,-0.01049,-0.00034,-0.4492,0.05384,-1.51266,-0.0006,-0.01171,2e-05,-0.44005,-0.27372,-1.54097,3,37.738,362.6138,35.5873,179.8772,0.9314,-98.463,0.01,23.2735,0.2935
765,000765.png,False,1788883367.723917,1788883367.663918,shear_-X_back,5,-X,0.0,-0.44344,0.08854,-1.33112,-0.00036,-0.00866,-0.00026,-0.37774,0.1329,-1.30174,-0.00264,-0.00987,0.00011,-0.41913,-0.16621,-1.33157,3,37.747,362.6626,35.5984,179.8754,0.9367,-98.4581,0.0019,23.2853,0.2817
766,000766.png,False,1788883367.919816,1788883367.859816,shear_-X_back,5,-X,0.0,-0.3607,0.06086,-1.2384,0.00037,-0.00645,-0.00029,-0.29498,0.10525,-1.20903,-0.00191,-0.00766,8e-05,-0.33427,-0.14735,-1.23855,3,37.7867,362.68,35.6045,179.8746,0.9387,-98.4542,0.0077,23.2914,0.2756
767,000767.png,False,1788883368.116013,1788883368.056013,shear_-X_back,5,-X,0.0,-0.26645,0.02699,-1.12878,0.00092,-0.00423,-0.00044,-0.2007,0.0714,-1.09943,-0.00136,-0.00544,-7e-05,-0.23646,-0.12784,-1.12854,3,37.8507,362.6949,35.6114,179.874,0.941,-98.4548,0.0027,23.2981,0.2689
768,000768.png,False,1788883368.311833,1788883368.251833,shear_-X_back,5,-X,0.0,-0.18525,0.0045,-1.09539,0.00141,-0.00228,-0.00029,-0.11948,0.04894,-1.06606,-0.00087,-0.00349,8e-05,-0.15512,-0.10622,-1.09493,3,37.8878,362.7047,35.6149,179.8737,0.9421,-98.4572,0.0059,23.3015,0.2655
769,000769.png,False,1788883368.507970,1788883368.447970,shear_-X_back,5,-X,0.0,-0.14698,-0.00333,-1.12019,0.00166,-0.00145,-0.00037,-0.08119,0.04114,-1.09088,-0.00062,-0.00266,-1e-05,-0.11789,-0.09427,-1.11967,3,37.9103,362.7179,35.6132,179.8737,0.9423,-98.4572,0.0094,23.2998,0.2672
770,000770.png,False,1788883368.699853,1788883368.639853,shear_-X_back,5,-X,0.0,-0.08494,-0.01385,-1.19421,0.00188,-1e-05,-0.00043,-0.01912,0.03064,-1.16492,-0.0004,-0.00122,-6e-05,-0.05837,-0.07357,-1.19362,3,37.9368,362.7265,35.6073,179.8735,0.9433,-98.4564,0.0005,23.2939,0.2731
771,000771.png,False,1788883369.676022,1788883369.616022,shear_-Y_out,5,-Y,0.5,-0.08277,-0.00419,-1.79595,0.0019,-0.00032,-0.00015,-0.01684,0.04044,-1.76675,-0.00038,-0.00153,0.00021,-0.05715,-0.07376,-1.79543,3,37.9461,362.7274,35.5728,179.8772,0.9328,-98.4506,0.0003,23.2593,0.3077
772,000772.png,False,1788883370.068020,1788883370.008020,shear_-Y_out,5,-Y,0.5,-0.10074,-0.0655,-1.90717,0.00343,-0.00085,-9e-05,-0.03476,-0.02081,-1.87801,0.00115,-0.00207,0.00028,-0.04131,-0.13762,-1.90555,3,37.9544,362.695,35.5667,179.8781,0.93,-98.4502,0.0099,23.2527,0.3143
773,000773.png,False,1788883370.264056,1788883370.204056,shear_-Y_out,5,-Y,0.5,-0.09822,-0.09532,-1.84085,0.00422,-0.0007,-0.00018,-0.03222,-0.0506,-1.81171,0.00194,-0.00191,0.00018,-0.02469,-0.16112,-1.83872,3,37.9637,362.6821,35.5683,179.8778,0.9303,-98.4493,0.0046,23.254,0.313
774,000774.png,False,1788883370.456006,1788883370.396006,shear_-Y_out,5,-Y,0.5,-0.0944,-0.15887,-1.72531,0.00556,-0.0005,-0.00023,-0.02838,-0.11412,-1.69619,0.00327,-0.00171,0.00014,0.00956,-0.2124,-1.72211,3,37.9815,362.6548,35.5734,179.8778,0.9303,-98.4504,0.0049,23.2585,0.3085
775,000775.png,False,1788883370.652033,1788883370.592033,shear_-Y_out,5,-Y,0.5,-0.09335,-0.22872,-1.75013,0.00735,-0.00047,-0.0002,-0.02731,-0.18394,-1.72103,0.00506,-0.00168,0.00017,0.04554,-0.27277,-1.74571,3,38.0015,362.6252,35.5709,179.8777,0.9316,-98.45,0.0098,23.2554,0.3116
776,000776.png,False,1788883370.848055,1788883370.788055,shear_-Y_out,5,-Y,0.5,-0.09621,-0.28298,-1.82168,0.00869,-0.00046,-0.00014,-0.03014,-0.23817,-1.7926,0.0064,-0.00167,0.00023,0.07067,-0.32233,-1.81631,3,38.0147,362.6009,35.5685,179.8775,0.9313,-98.4511,0.0042,23.2525,0.3145
777,000777.png,False,1788883371.043967,1788883370.983967,shear_-Y_out,5,-Y,0.5,-0.09211,-0.32112,-1.84672,0.00967,-0.00032,0.00011,-0.02602,-0.27629,-1.81766,0.00738,-0.00153,0.00048,0.09345,-0.35372,-1.84069,3,38.0278,362.5794,35.5669,179.8777,0.9309,-98.4502,0.0021,23.2505,0.3165
778,000778.png,False,1788883371.236065,1788883371.176065,shear_-Y_out,5,-Y,0.5,-0.10101,-0.38425,-1.86735,0.01104,-0.00052,-1e-05,-0.03489,-0.33939,-1.83831,0.00875,-0.00173,0.00036,0.11743,-0.41317,-1.8602,3,38.0422,362.5481,35.565,179.8781,0.9299,-98.4508,0.0094,23.2481,0.319
779,000779.png,False,1788883371.432069,1788883371.372069,shear_-Y_out,5,-Y,0.5,-0.10312,-0.43387,-1.82845,0.01215,-0.00067,-0.00017,-0.03698,-0.38898,-1.79943,0.00985,-0.00188,0.0002,0.14013,-0.45658,-1.82044,3,38.056,362.5207,35.5624,179.8785,0.9287,-98.4513,0.0004,23.2449,0.3222
780,000780.png,False,1788883371.628082,1788883371.568082,shear_-Y_out,5,-Y,0.5,-0.10483,-0.47253,-1.82699,0.01327,-0.00051,-0.00012,-0.03867,-0.42761,-1.79799,0.01098,-0.00172,0.00025,0.15794,-0.49089,-1.81831,3,38.0672,362.5016,35.5651,179.8783,0.9295,-98.4504,0.0053,23.2472,0.3198
781,000781.png,False,1788883372.212126,1788883372.152127,shear_-Y_back,5,-Y,0.0,-0.09586,-0.4776,-1.77524,0.01323,-0.00048,0.00013,-0.02963,-0.4326,-1.7463,0.01094,-0.00169,0.0005,0.16789,-0.48997,-1.7665,3,38.0772,362.4941,35.5689,179.8779,0.9307,-98.4513,0.0107,23.2508,0.3162
782,000782.png,False,1788883372.408149,1788883372.348150,shear_-Y_back,5,-Y,0.0,-0.09667,-0.47181,-1.64422,0.01315,-0.00026,0.0001,-0.03041,-0.42678,-1.61529,0.01086,-0.00148,0.00047,0.16339,-0.48326,-1.63559,3,38.0774,362.4904,35.5747,179.8777,0.9314,-98.4511,0.004,23.2566,0.3104
783,000783.png,False,1788883372.800120,1788883372.740120,shear_-Y_back,5,-Y,0.0,-0.027,-0.25378,-1.18413,0.00761,0.00143,4e-05,0.0393,-0.20869,-1.15523,0.00531,0.00022,0.00042,0.11161,-0.25225,-1.17949,3,38.0553,362.6082,35.6053,179.8734,0.9435,-98.4561,0.0032,23.2892,0.2778
784,000784.png,False,1788883372.992160,1788883372.932160,shear_-Y_back,5,-Y,0.0,-0.02244,-0.21357,-1.11614,0.00677,0.00184,2e-05,0.04388,-0.16846,-1.08727,0.00447,0.00063,0.00039,0.095,-0.21406,-1.11223,3,38.05,362.6358,35.6133,179.8727,0.9456,-98.4607,0.0059,23.2977,0.2694
785,000785.png,False,1788883373.188179,1788883373.128179,shear_-Y_back,5,-Y,0.0,-0.02104,-0.19759,-1.22163,0.00629,0.00169,0.00016,0.04531,-0.15245,-1.19278,0.00399,0.00048,0.00054,0.08897,-0.2012,-1.21797,3,38.0457,362.6415,35.6054,179.8728,0.9451,-98.4627,0.0059,23.2899,0.2771
786,000786.png,False,1788883373.384203,1788883373.324203,shear_-Y_back,5,-Y,0.0,-0.02052,-0.08156,-1.53462,0.00375,0.00154,0.00029,0.04585,-0.03639,-1.50579,0.00145,0.00033,0.00067,0.03361,-0.10547,-1.53293,3,38.0127,362.6874,35.5894,179.8725,0.946,-98.4681,0.0038,23.2748,0.2922
787,000787.png,False,1788883374.552146,1788883374.492146,shear_+Y_out,5,+Y,0.5,-0.09847,0.03581,-1.97612,0.00114,-0.00067,-0.00022,-0.03195,0.08115,-1.9474,-0.00116,-0.00188,0.00016,-0.08948,-0.04984,-1.97625,3,37.9441,362.7356,35.5606,179.8765,0.9334,-98.4624,0.0067,23.2473,0.3197
788,000788.png,False,1788883374.944250,1788883374.884250,shear_+Y_out,5,+Y,0.5,-0.07596,0.08728,-1.86043,-5e-05,2e-05,-0.00011,-0.0094,0.13267,-1.83175,-0.00236,-0.00119,0.00027,-0.0965,0.00783,-1.86151,3,37.9415,362.7497,35.5661,179.8772,0.9313,-98.4637,0.0002,23.253,0.314
789,000789.png,False,1788883375.140295,1788883375.080295,shear_+Y_out,5,+Y,0.5,-0.05433,0.14234,-1.67809,-0.0015,0.00052,8e-05,0.01226,0.18777,-1.64943,-0.00381,-0.00069,0.00046,-0.10654,0.06925,-1.68019,3,37.9352,362.7808,35.5779,179.8766,0.9338,-98.4652,0.005,23.2654,0.3016
790,000790.png,False,1788883375.336293,1788883375.276294,shear_+Y_out,5,+Y,0.5,-0.04258,0.17576,-1.49259,-0.00242,0.00083,-0.0002,0.02402,0.22122,-1.46395,-0.00472,-0.00038,0.00019,-0.11435,0.10704,-1.49532,3,37.9271,362.8107,35.5891,179.876,0.9346,-98.4672,0.0099,23.2771,0.2899
791,000791.png,False,1788883375.528291,1788883375.468292,shear_+Y_out,5,+Y,0.5,-0.04683,0.23771,-1.66291,-0.00369,0.00067,-0.00019,0.0198,0.28319,-1.63429,-0.006,-0.00054,0.00019,-0.1478,0.15584,-1.66669,3,37.908,362.8367,35.5793,179.8764,0.9334,-98.4657,0.0012,23.2678,0.2992
792,000792.png,False,1788883375.724204,1788883375.664204,shear_+Y_out,5,+Y,0.5,-0.09379,0.3309,-2.037,-0.00583,-0.00072,-0.00025,-0.02714,0.37641,-2.0084,-0.00814,-0.00193,0.00013,-0.23244,0.20709,-2.04224,3,37.8666,362.8634,35.5639,179.877,0.9322,-98.4615,0.0043,23.2531,0.3139
793,000793.png,False,1788883375.920331,1788883375.860331,shear_+Y_out,5,+Y,0.5,-0.09299,0.38262,-2.12876,-0.00706,-0.00083,-4e-05,-0.02632,0.42816,-2.10018,-0.00937,-0.00204,0.00034,-0.25696,0.25081,-2.13488,3,37.8536,362.8829,35.5593,179.8771,0.9311,-98.4635,0.0096,23.249,0.318
794,000794.png,False,1788883376.116312,1788883376.056312,shear_+Y_out,5,+Y,0.5,-0.08561,0.43047,-2.23291,-0.00813,-0.00067,-0.00016,-0.01892,0.47604,-2.20435,-0.01044,-0.00187,0.00022,-0.27375,0.29427,-2.23987,3,37.8415,362.9088,35.5547,179.8775,0.9305,-98.463,0.005,23.2449,0.3221
795,000795.png,False,1788883376.504375,1788883376.444375,shear_+Y_out,5,+Y,0.5,-0.08136,0.47531,-2.26935,-0.00921,-0.00052,-0.00033,-0.01462,0.52093,-2.24082,-0.01152,-0.00173,5e-05,-0.29222,0.33465,-2.27708,3,37.8289,362.9335,35.5508,179.8779,0.9293,-98.4635,0.0076,23.2414,0.3256
796,000796.png,False,1788883376.896383,1788883376.836383,shear_+Y_back,5,+Y,0.0,-0.08565,0.47259,-2.26663,-0.00917,-0.00065,-0.00026,-0.01886,0.51827,-2.23814,-0.01148,-0.00186,0.00012,-0.29459,0.33019,-2.2743,3,37.8253,362.9347,35.5503,179.8782,0.9291,-98.463,0.0025,23.241,0.326
797,000797.png,False,1788883377.092390,1788883377.032390,shear_+Y_back,5,+Y,0.0,-0.08928,0.46817,-2.27422,-0.00912,-0.00076,-0.00018,-0.02246,0.51388,-2.24576,-0.01143,-0.00197,0.00021,-0.29547,0.32443,-2.28182,3,37.8232,362.935,35.5498,179.878,0.9291,-98.4628,0.0081,23.2405,0.3265
798,000798.png,False,1788883377.480407,1788883377.420408,shear_+Y_back,5,+Y,0.0,-0.17204,0.23236,-2.88391,-0.00323,-0.00306,-0.00017,-0.10518,0.27812,-2.85548,-0.00554,-0.00427,0.00022,-0.24512,0.06908,-2.88716,3,37.8472,362.8176,35.5192,179.8819,0.918,-98.4582,0.0021,23.2079,0.3591
799,000799.png,False,1788883377.676393,1788883377.616393,shear_+Y_back,5,+Y,0.0,-0.17967,0.20261,-2.97216,-0.00235,-0.00329,-0.00019,-0.11278,0.2484,-2.94374,-0.00466,-0.0045,0.0002,-0.23625,0.03809,-2.97486,3,37.8491,362.8059,35.5158,179.8816,0.9183,-98.4512,0.0072,23.2043,0.3627
800,000800.png,False,1788883377.872391,1788883377.812391,shear_+Y_back,5,+Y,0.0,-0.19479,0.14179,-3.02298,-0.00101,-0.00367,-0.0002,-0.12788,0.18761,-2.99459,-0.00332,-0.00488,0.00019,-0.21861,-0.02295,-3.02459,3,37.8547,362.7916,35.5142,179.8821,0.9176,-98.449,0.0015,23.2024,0.3646
801,000801.png,False,1788883378.064401,1788883378.004401,shear_+Y_back,5,+Y,0.0,-0.16473,0.12319,-2.53175,-0.00078,-0.0028,-0.00032,-0.0978,0.16904,-2.50338,-0.0031,-0.00401,7e-05,-0.18669,-0.01617,-2.53317,3,37.8662,362.7841,35.5281,179.8811,0.9202,-98.4471,0.0096,23.2161,0.3509
802,000802.png,False,1788883378.260324,1788883378.200325,shear_+Y_back,5,+Y,0.0,-0.07112,0.07739,-1.7909,0.00011,0.00012,-0.00023,-0.00417,0.12326,-1.76255,-0.00221,-0.00109,0.00016,-0.08786,0.0028,-1.79183,3,37.9168,362.782,35.5608,179.8787,0.9274,-98.451,0.0027,23.2484,0.3186
803,000803.png,False,1788883382.944556,1788883382.884556,shear_+X_out,6,+X,0.5,-0.0765,-0.04791,-1.66911,0.00302,9e-05,-6e-05,-0.00899,-0.00137,-1.64121,0.00069,-0.00112,0.00034,-0.03076,-0.10646,-1.66787,3,37.9521,362.7027,35.5828,179.8771,0.9333,-98.4565,0.0072,23.2689,0.2981
804,000804.png,False,1788883383.136568,1788883383.076568,shear_+X_out,6,+X,0.5,-0.07981,-0.05882,-1.6787,0.00333,-0.00018,-0.00027,-0.01228,-0.01225,-1.65082,0.00099,-0.00139,0.00014,-0.02811,-0.11771,-1.67726,3,37.9532,362.6959,35.5811,179.8775,0.9316,-98.4565,0.0013,23.2671,0.2999
805,000805.png,False,1788883383.528675,1788883383.468675,shear_+X_out,6,+X,0.5,-0.03707,0.03383,-1.42892,0.00098,0.00105,-0.00039,0.03051,0.08046,-1.40108,-0.00135,-0.00016,1e-05,-0.03911,-0.01211,-1.42921,3,37.9478,362.7501,35.5951,179.8755,0.9369,-98.4511,0.0092,23.282,0.285
806,000806.png,False,1788883383.920740,1788883383.860740,shear_+X_out,6,+X,0.5,0.12364,-0.03213,-1.27084,0.00255,0.00501,-0.00022,0.19126,0.01456,-1.24304,0.00021,0.0038,0.00018,0.13196,0.0136,-1.27034,3,38.0422,362.7706,35.6065,179.8759,0.937,-98.4567,0.0,23.2931,0.274
807,000807.png,False,1788883384.112746,1788883384.052746,shear_+X_out,6,+X,0.5,0.17201,-0.04332,-1.28108,0.00263,0.00601,-0.00019,0.23966,0.0034,-1.2533,0.00029,0.0048,0.00022,0.17952,0.02791,-1.28047,3,38.0719,362.7799,35.6045,179.8761,0.9359,-98.457,0.0095,23.2911,0.276
808,000808.png,False,1788883384.308719,1788883384.248719,shear_+X_out,6,+X,0.5,0.21743,-0.0525,-1.4799,0.00305,0.0071,-9e-05,0.2851,-0.00576,-1.45214,0.00071,0.00589,0.00032,0.22483,0.03946,-1.4792,3,38.096,362.7855,35.5943,179.8771,0.9332,-98.4565,0.0049,23.2808,0.2863
809,000809.png,False,1788883384.504639,1788883384.444639,shear_+X_out,6,+X,0.5,0.27697,-0.0465,-1.72845,0.00306,0.00831,6e-05,0.34466,0.00027,-1.70071,0.00072,0.00711,0.00047,0.27513,0.07043,-1.72794,3,38.1226,362.8034,35.5817,179.8777,0.9325,-98.4565,0.0021,23.2682,0.2988
810,000810.png,False,1788883384.700733,1788883384.640733,shear_+X_out,6,+X,0.5,0.33495,-0.05553,-1.78039,0.00331,0.00969,-6e-05,0.40267,-0.00873,-1.75267,0.00096,0.00848,0.00034,0.33023,0.09076,-1.77982,3,38.155,362.8139,35.5788,179.8775,0.9319,-98.4567,0.0073,23.2652,0.3018
811,000811.png,False,1788883385.088788,1788883385.028788,shear_+X_out,6,+X,0.5,0.35488,-0.06782,-1.82906,0.00377,0.01031,0.00022,0.42265,-0.02096,-1.80137,0.00143,0.0091,0.00063,0.35397,0.08929,-1.82831,3,38.1744,362.8157,35.5764,179.878,0.9314,-98.4574,0.0094,23.2628,0.3042
812,000812.png,False,1788883386.456737,1788883386.396737,shear_+X_out,6,+X,0.5,0.36969,-0.05722,-1.32564,0.00313,0.01088,5e-05,0.43761,-0.01016,-1.29809,0.00078,0.00967,0.00046,0.35801,0.11393,-1.32518,3,38.2009,362.8394,35.604,179.8782,0.9303,-98.4563,0.003,23.2906,0.2764
813,000813.png,False,1788883386.648799,1788883386.588799,shear_+X_out,6,+X,0.5,0.41864,-0.07902,-1.25911,0.00361,0.01196,7e-05,0.48659,-0.03193,-1.23158,0.00125,0.01075,0.00048,0.41084,0.12058,-1.25838,3,38.2317,362.8463,35.6101,179.8781,0.9307,-98.4578,0.0084,23.2966,0.2704
814,000814.png,False,1788883387.040885,1788883386.980886,shear_+X_out,6,+X,0.5,0.46186,-0.05314,-1.08547,0.00292,0.01314,6e-05,0.52986,-0.00601,-1.05798,0.00057,0.01193,0.00047,0.43415,0.16736,-1.0853,3,38.2602,362.8822,35.6246,179.8773,0.9334,-98.4563,0.0007,23.3114,0.2556
815,000815.png,False,1788883387.236917,1788883387.176918,shear_+X_out,6,+X,0.5,0.48833,-0.05861,-1.0683,0.00295,0.01367,8e-05,0.55635,-0.01145,-1.04083,0.00059,0.01246,0.00049,0.45969,0.17613,-1.0681,4,38.2847,362.8896,35.6279,179.8772,0.9338,-98.4576,0.0049,23.3147,0.2523
816,000816.png,False,1788883387.428785,1788883387.368785,shear_+X_out,6,+X,0.5,0.52351,-0.05902,-1.07652,0.0031,0.01458,0.00014,0.59155,-0.01183,-1.04906,0.00074,0.01337,0.00055,0.49042,0.19322,-1.07638,3,38.3082,362.9017,35.6273,179.8772,0.9341,-98.4591,0.0059,23.3141,0.2529
817,000817.png,False,1788883387.624957,1788883387.564957,shear_+X_out,6,+X,0.5,0.55041,-0.05343,-1.35286,0.00308,0.01508,-2e-05,0.61848,-0.00621,-1.32543,0.00073,0.01388,0.00039,0.51285,0.20707,-1.35283,3,38.3213,362.9097,35.6098,179.8781,0.9316,-98.4569,0.0007,23.2966,0.2704
818,000818.png,False,1788883387.820975,1788883387.760975,shear_+X_out,6,+X,0.5,0.58978,-0.06253,-1.64981,0.00349,0.01611,0.00021,0.65787,-0.01528,-1.6224,0.00113,0.0149,0.00063,0.55356,0.21411,-1.64965,3,38.3395,362.9125,35.5951,179.8789,0.9289,-98.4574,0.007,23.2819,0.2851
819,000819.png,False,1788883388.404938,1788883388.344938,shear_+X_back,6,+X,0.0,0.60181,-0.06575,-1.69623,0.00354,0.01628,0.00026,0.66997,-0.01841,-1.66888,0.00118,0.01507,0.00067,0.56591,0.2166,-1.69604,3,38.352,362.9147,35.5902,179.8795,0.9277,-98.4582,0.0074,23.2769,0.2901
820,000820.png,False,1788883388.600963,1788883388.540963,shear_+X_back,6,+X,0.0,0.59929,-0.05765,-1.69396,0.00347,0.01637,0.0002,0.66747,-0.01029,-1.66662,0.00111,0.01516,0.00061,0.55966,0.22238,-1.6939,3,38.3513,362.9189,35.5911,179.8792,0.928,-98.4578,0.0061,23.2779,0.2891
821,000821.png,False,1788883388.796853,1788883388.736853,shear_+X_back,6,+X,0.0,0.55039,-0.14385,-1.8876,0.00538,0.01498,7e-05,0.61859,-0.09646,-1.86028,0.00302,0.01378,0.00049,0.56171,0.12019,-1.88592,2,38.3466,362.8665,35.577,179.8809,0.9224,-98.4636,0.0069,23.263,0.304
822,000822.png,False,1788883388.992862,1788883388.932863,shear_+X_back,6,+X,0.0,0.36243,-0.08968,-2.08386,0.00434,0.01058,-0.0,0.43066,-0.04227,-2.05656,0.00198,0.00937,0.00041,0.3732,0.07004,-2.08271,3,38.2544,362.8439,35.5652,179.8814,0.9204,-98.4619,0.0073,23.2514,0.3156
823,000823.png,False,1788883389.185017,1788883389.125017,shear_+X_back,6,+X,0.0,0.26171,-0.07764,-2.21408,0.004,0.00804,-1e-05,0.32996,-0.0302,-2.18679,0.00164,0.00683,0.00041,0.28084,0.02805,-2.21291,3,38.1999,362.816,35.5554,179.8821,0.9179,-98.4593,0.0015,23.2416,0.3254
824,000824.png,False,1788883389.380878,1788883389.320879,shear_+X_back,6,+X,0.0,0.17955,-0.03512,-2.29112,0.00311,0.0061,-6e-05,0.24782,0.01235,-2.26386,0.00075,0.00489,0.00036,0.18896,0.0226,-2.29052,3,38.1589,362.8115,35.5505,179.8818,0.9198,-98.4617,0.0073,23.237,0.33
825,000825.png,False,1788883389.772973,1788883389.712973,shear_+X_back,6,+X,0.0,0.01033,-0.04416,-1.93438,0.0031,0.00206,-0.00018,0.07865,0.00337,-1.90716,0.00074,0.00086,0.00024,0.04442,-0.06407,-1.93334,3,38.0702,362.76,35.567,179.8797,0.9245,-98.4617,0.0001,23.2533,0.3138
826,000826.png,False,1788883390.161029,1788883390.101029,shear_+X_back,6,+X,0.0,-0.06041,-0.02747,-1.32748,0.00259,0.0007,-3e-05,0.00795,0.02012,-1.3003,0.00023,-0.0005,0.00039,-0.0294,-0.07524,-1.32668,3,38.0191,362.7501,35.598,179.8781,0.9293,-98.4641,0.0054,23.2844,0.2826
827,000827.png,False,1788883390.748946,1788883390.688946,shear_+X_back,6,+X,0.0,-0.17136,-0.05203,-1.70942,0.00311,-0.00239,-0.00011,-0.10292,-0.00436,-1.68229,0.00075,-0.0036,0.00031,-0.11059,-0.15806,-1.70791,3,37.9609,362.7066,35.5773,179.8772,0.9313,-98.4652,0.0043,23.2634,0.3036
828,000828.png,False,1788883391.137067,1788883391.077067,shear_-X_out,6,-X,0.5,-0.15711,-0.03213,-1.68137,0.00274,-0.00187,-0.00016,-0.08862,0.01559,-1.65429,0.00038,-0.00308,0.00026,-0.10838,-0.13327,-1.68025,4,37.9602,362.7064,35.5763,179.8767,0.9325,-98.4713,0.0045,23.2624,0.3046
829,000829.png,False,1788883391.333065,1788883391.273065,shear_-X_out,6,-X,0.5,-0.14849,-0.02396,-1.87493,0.00265,-0.00185,0.00011,-0.07998,0.0238,-1.84786,0.00028,-0.00305,0.00053,-0.10366,-0.12498,-1.87393,3,37.9571,362.7091,35.5685,179.877,0.9317,-98.4728,0.0009,23.2546,0.3124
830,000830.png,False,1788883391.529061,1788883391.469061,shear_-X_out,6,-X,0.5,-0.19966,-0.0449,-1.90934,0.00325,-0.00304,-0.00019,-0.13113,0.00288,-1.88229,0.00088,-0.00425,0.00024,-0.13728,-0.16924,-1.90787,3,37.9414,362.6894,35.5655,179.8775,0.9298,-98.4743,0.0063,23.2515,0.3156
831,000831.png,False,1788883391.721107,1788883391.661108,shear_-X_out,6,-X,0.5,-0.26722,-0.00779,-1.95835,0.00233,-0.00447,3e-05,-0.19867,0.04002,-1.93132,-4e-05,-0.00568,0.00046,-0.214,-0.17164,-1.95738,3,37.905,362.687,35.5645,179.8769,0.9315,-98.4722,0.0048,23.2507,0.3163
832,000832.png,False,1788883391.917090,1788883391.857090,shear_-X_out,6,-X,0.5,-0.31839,-0.00484,-1.82563,0.00222,-0.00585,-5e-05,-0.24981,0.043,-1.79861,-0.00015,-0.00705,0.00037,-0.26072,-0.19252,-1.82463,3,37.8788,362.674,35.5699,179.8767,0.9326,-98.4715,0.0008,23.2561,0.3109
833,000833.png,False,1788883392.505148,1788883392.445148,shear_-X_out,6,-X,0.5,-0.4461,-0.02785,-1.74139,0.00284,-0.00875,-5e-05,-0.37745,0.02007,-1.71443,0.00047,-0.00996,0.00038,-0.36043,-0.27492,-1.73975,3,37.8112,362.6263,35.574,179.8765,0.9323,-98.473,0.0058,23.2599,0.3071
834,000834.png,False,1788883392.697181,1788883392.637181,shear_-X_out,6,-X,0.5,-0.49381,-0.018,-1.80096,0.00247,-0.01,-0.00015,-0.42514,0.02995,-1.77403,0.0001,-0.01121,0.00028,-0.40627,-0.29118,-1.79939,3,37.7851,362.6175,35.571,179.8762,0.9331,-98.4731,0.005,23.2569,0.3101
835,000835.png,False,1788883392.893168,1788883392.833168,shear_-X_out,6,-X,0.5,-0.53767,-0.01925,-1.88301,0.00258,-0.01124,-0.00044,-0.46897,0.02873,-1.85609,0.00021,-0.01244,-2e-05,-0.44306,-0.31549,-1.88131,3,37.7612,362.602,35.5656,179.8766,0.9317,-98.4737,0.0014,23.2515,0.3156
836,000836.png,False,1788883393.477179,1788883393.417179,shear_-X_back,6,-X,0.0,-0.5492,-0.0315,-1.61774,0.00268,-0.01122,-0.00015,-0.48044,0.01656,-1.59088,0.00031,-0.01243,0.00027,-0.44877,-0.32762,-1.61585,2,37.7433,362.5877,35.5797,179.876,0.9331,-98.4735,0.001,23.2654,0.3016
837,000837.png,False,1788883393.673214,1788883393.613214,shear_-X_back,6,-X,0.0,-0.54364,-0.03352,-1.63741,0.0028,-0.01105,-0.00021,-0.47486,0.01457,-1.61057,0.00042,-0.01226,0.00022,-0.44281,-0.3269,-1.6355,3,37.7434,362.5872,35.5789,179.876,0.9331,-98.4735,0.0067,23.2647,0.3024
838,000838.png,False,1788883394.065223,1788883394.005223,shear_-X_back,6,-X,0.0,-0.39075,0.08239,-1.2462,7e-05,-0.00702,-0.00023,-0.32192,0.13054,-1.2194,-0.00231,-0.00823,0.0002,-0.371,-0.14385,-1.24666,3,37.7729,362.6788,35.6021,179.8728,0.9441,-98.464,0.0041,23.2891,0.2779
839,000839.png,False,1788883394.257132,1788883394.197132,shear_-X_back,6,-X,0.0,-0.29601,0.04344,-1.17246,0.00083,-0.00496,-0.0003,-0.22716,0.09161,-1.14567,-0.00155,-0.00617,0.00013,-0.26998,-0.12907,-1.17244,2,37.8361,362.686,35.6061,179.8722,0.9451,-98.4633,0.0056,23.2928,0.2742
840,000840.png,False,1788883394.453222,1788883394.393222,shear_-X_back,6,-X,0.0,-0.19795,-0.03761,-1.30961,0.00288,-0.00249,-6e-05,-0.12908,0.0106,-1.28285,0.0005,-0.00369,0.00038,-0.1436,-0.15246,-1.30837,3,37.9011,362.6774,35.6007,179.8727,0.944,-98.4681,0.001,23.2867,0.2803
841,000841.png,False,1788883394.649214,1788883394.589214,shear_-X_back,6,-X,0.0,-0.14718,-0.0449,-1.37417,0.00285,-0.00165,-0.00017,-0.07828,0.00333,-1.34742,0.00047,-0.00286,0.00026,-0.09553,-0.13444,-1.37289,3,37.9193,362.6875,35.593,179.8727,0.9441,-98.4677,0.0057,23.2791,0.2879
842,000842.png,False,1788883394.845150,1788883394.785150,shear_-X_back,6,-X,0.0,-0.10078,-0.03444,-1.51948,0.00265,-0.00053,-1e-05,-0.03185,0.01382,-1.49276,0.00026,-0.00173,0.00042,-0.05955,-0.10452,-1.51845,3,37.9372,362.7014,35.5878,179.8727,0.9445,-98.467,0.0095,23.274,0.293
843,000843.png,False,1788883395.821307,1788883395.761307,shear_-Y_out,6,-Y,0.5,-0.09659,-0.04207,-2.10127,0.00318,-0.00072,-0.00012,-0.02755,0.00633,-2.07464,0.00079,-0.00193,0.00032,-0.04808,-0.11836,-2.10003,3,37.955,362.6727,35.5449,179.8755,0.936,-98.4596,0.0002,23.2305,0.3365
844,000844.png,False,1788883396.013300,1788883395.953300,shear_-Y_out,6,-Y,0.5,-0.10024,-0.0691,-2.18019,0.00388,-0.00077,-2e-05,-0.03118,-0.02067,-2.15358,0.00149,-0.00198,0.00042,-0.03719,-0.14486,-2.17846,3,37.956,362.6871,35.55,179.8751,0.9379,-98.4596,0.0065,23.2358,0.3312
845,000845.png,False,1788883396.209224,1788883396.149224,shear_-Y_out,6,-Y,0.5,-0.10705,-0.08373,-2.17477,0.00415,-0.00115,1e-05,-0.03796,-0.03527,-2.14818,0.00176,-0.00236,0.00044,-0.03582,-0.16084,-2.17277,3,37.9599,362.6778,35.549,179.8752,0.9375,-98.4589,0.001,23.2346,0.3324
846,000846.png,False,1788883396.405231,1788883396.345232,shear_-Y_out,6,-Y,0.5,-0.11368,-0.13642,-2.19429,0.00556,-0.00117,-0.00027,-0.04457,-0.08793,-2.16771,0.00317,-0.00237,0.00017,-0.0151,-0.2101,-2.19136,3,37.9677,362.6575,35.5481,179.8754,0.9369,-98.4587,0.0046,23.2334,0.3336
847,000847.png,False,1788883396.601360,1788883396.541360,shear_-Y_out,6,-Y,0.5,-0.10916,-0.1978,-2.12185,0.00693,-0.001,-5e-05,-0.04003,-0.14929,-2.0953,0.00454,-0.00221,0.00039,0.01898,-0.25985,-2.11788,3,37.9854,362.6317,35.5506,179.8746,0.9387,-98.4581,0.01,23.2354,0.3316
848,000848.png,False,1788883396.793400,1788883396.733400,shear_-Y_out,6,-Y,0.5,-0.1019,-0.25298,-1.99692,0.00812,-0.00082,-4e-05,-0.03274,-0.20444,-1.97038,0.00573,-0.00203,0.00039,0.05197,-0.302,-1.99202,3,38.0032,362.608,35.5542,179.8745,0.9391,-98.4592,0.0012,23.2385,0.3285
849,000849.png,False,1788883396.989371,1788883396.929371,shear_-Y_out,6,-Y,0.5,-0.10281,-0.31097,-2.02145,0.00963,-0.00069,0.00011,-0.03363,-0.2624,-1.99494,0.00724,-0.00189,0.00055,0.08033,-0.35307,-2.01555,3,38.0187,362.5838,35.5547,179.8744,0.9395,-98.4596,0.0093,23.2384,0.3286
850,000850.png,False,1788883397.185393,1788883397.125393,shear_-Y_out,6,-Y,0.5,-0.10129,-0.36172,-2.00647,0.0108,-0.00066,6e-05,-0.03209,-0.31312,-1.97998,0.00841,-0.00186,0.0005,0.10689,-0.39603,-1.99969,3,38.0319,362.5613,35.555,179.8743,0.9399,-98.4583,0.0053,23.2383,0.3287
851,000851.png,False,1788883397.381366,1788883397.321366,shear_-Y_out,6,-Y,0.5,-0.09531,-0.41969,-2.00224,0.01217,-0.00052,-0.0002,-0.02608,-0.37106,-1.97577,0.00977,-0.00173,0.00024,0.14101,-0.44318,-1.99447,3,38.052,362.5345,35.5522,179.8748,0.9392,-98.4602,0.0019,23.2349,0.3321
852,000852.png,False,1788883398.941478,1788883398.881478,shear_-Y_back,6,-Y,0.0,-0.03741,-0.28217,-1.43752,0.00859,0.00118,-0.00016,0.03201,-0.23332,-1.4112,0.00619,-3e-05,0.00028,0.11854,-0.28609,-1.43233,3,38.0581,362.5884,35.582,179.8709,0.95,-98.4651,0.0056,23.2656,0.3015
853,000853.png,False,1788883399.137454,1788883399.077454,shear_-Y_back,6,-Y,0.0,-0.01864,-0.21877,-1.26641,0.00701,0.00166,-0.00039,0.0508,-0.16989,-1.24011,0.00461,0.00045,6e-05,0.10194,-0.21907,-1.26238,3,38.051,362.6211,35.5907,179.8702,0.9516,-98.4695,0.0074,23.2748,0.2922
854,000854.png,False,1788883399.333478,1788883399.273479,shear_-Y_back,6,-Y,0.0,-0.0093,-0.16215,-1.24459,0.00558,0.002,-0.00011,0.06016,-0.11324,-1.21831,0.00318,0.00079,0.00034,0.08158,-0.16502,-1.24157,3,38.0442,362.6496,35.5953,179.8692,0.9543,-98.4745,0.0015,23.2799,0.2871
855,000855.png,False,1788883399.525443,1788883399.465443,shear_-Y_back,6,-Y,0.0,-0.02893,-0.12444,-1.43202,0.00498,0.00127,-0.00034,0.04055,-0.0755,-1.40576,0.00258,6e-05,0.0001,0.04704,-0.14516,-1.42959,3,38.0245,362.6539,35.5836,179.8699,0.9527,-98.4766,0.0097,23.2684,0.2986
856,000856.png,False,1788883399.721483,1788883399.661483,shear_-Y_back,6,-Y,0.0,-0.14365,-0.05445,-2.29501,0.00364,-0.00189,-0.00017,-0.07414,-0.00548,-2.26876,0.00124,-0.0031,0.00027,-0.08132,-0.15569,-2.29343,3,37.9643,362.6559,35.5457,179.8718,0.9469,-98.4716,0.0043,23.2309,0.3361
857,000857.png,False,1788883400.697550,1788883400.637550,shear_+Y_out,6,+Y,0.5,-0.12494,-0.03725,-2.17372,0.00314,-0.00139,-0.00051,-0.05532,0.01186,-2.14757,0.00073,-0.00259,-6e-05,-0.07455,-0.12951,-2.17249,2,37.9536,362.6804,35.5429,179.8753,0.936,-98.4696,0.0003,23.2286,0.3384
858,000858.png,False,1788883401.085545,1788883401.025545,shear_+Y_out,6,+Y,0.5,-0.08714,0.06447,-2.13797,0.00066,-0.00058,-0.00015,-0.01747,0.11363,-2.11186,-0.00175,-0.00178,0.0003,-0.09287,-0.02195,-2.13859,3,37.9461,362.7304,35.5475,179.8751,0.9371,-98.4718,0.0038,23.2341,0.3329
859,000859.png,False,1788883401.281567,1788883401.221567,shear_+Y_out,6,+Y,0.5,-0.06782,0.11575,-1.90828,-0.00054,0.00012,-0.00021,0.00187,0.16494,-1.88218,-0.00295,-0.00109,0.00023,-0.10335,0.03579,-1.90986,3,37.9401,362.7576,35.5579,179.8746,0.9387,-98.4724,0.0014,23.245,0.322
860,000860.png,False,1788883401.477569,1788883401.417569,shear_+Y_out,6,+Y,0.5,-0.05027,0.1621,-1.7134,-0.00169,0.00069,-0.00014,0.01945,0.21132,-1.68732,-0.0041,-0.00052,0.00031,-0.11266,0.08783,-1.71585,3,37.9336,362.7868,35.5691,179.8739,0.9399,-98.475,0.0067,23.2567,0.3103
861,000861.png,False,1788883401.673585,1788883401.613585,shear_+Y_out,6,+Y,0.5,-0.04847,0.20365,-1.75565,-0.00279,0.00055,-0.0001,0.02127,0.25289,-1.7296,-0.0052,-0.00066,0.00035,-0.13156,0.12403,-1.75882,3,37.9213,362.812,35.5673,179.8741,0.9399,-98.475,0.0083,23.2554,0.3116
862,000862.png,False,1788883401.869501,1788883401.809501,shear_+Y_out,6,+Y,0.5,-0.09765,0.29585,-2.21486,-0.00468,-0.00083,-0.00012,-0.02789,0.34512,-2.18882,-0.00709,-0.00204,0.00033,-0.21705,0.17195,-2.21945,3,37.8815,362.8347,35.5491,179.8754,0.9365,-98.4707,0.0025,23.2378,0.3292
863,000863.png,False,1788883402.061634,1788883402.001634,shear_+Y_out,6,+Y,0.5,-0.10548,0.3628,-2.38321,-0.00637,-0.00124,-0.00031,-0.03569,0.4121,-2.35719,-0.00878,-0.00245,0.00014,-0.2561,0.22333,-2.38893,3,37.8613,362.8593,35.5404,179.8755,0.9356,-98.4698,0.0067,23.2296,0.3374
864,000864.png,False,1788883402.257527,1788883402.197527,shear_+Y_out,6,+Y,0.5,-0.09756,0.41528,-2.40432,-0.00769,-0.00101,-0.00031,-0.02775,0.46461,-2.37832,-0.0101,-0.00221,0.00015,-0.27533,0.2724,-2.41096,3,37.8497,362.886,35.5396,179.8756,0.9359,-98.4702,0.0031,23.2294,0.3376
865,000865.png,False,1788883402.453618,1788883402.393618,shear_+Y_out,6,+Y,0.5,-0.0908,0.46375,-2.3893,-0.00875,-0.00083,-0.00025,-0.02097,0.51311,-2.36332,-0.01116,-0.00203,0.0002,-0.29379,0.31799,-2.39679,3,37.8387,362.9075,35.54,179.8756,0.9352,-98.4709,0.0022,23.2302,0.3368
866,000866.png,False,1788883403.037673,1788883402.977673,shear_+Y_back,6,+Y,0.0,-0.09631,0.47883,-2.42586,-0.00909,-0.00104,-0.00019,-0.02641,0.52827,-2.39994,-0.0115,-0.00224,0.00026,-0.30584,0.32772,-2.4336,3,37.827,362.9207,35.5386,179.8756,0.9352,-98.4702,0.0038,23.2291,0.3379
867,000867.png,False,1788883403.233573,1788883403.173573,shear_+Y_back,6,+Y,0.0,-0.10097,0.47592,-2.51241,-0.00913,-0.00116,-0.00014,-0.03105,0.52539,-2.48651,-0.01155,-0.00236,0.00031,-0.30782,0.32148,-2.52007,3,37.827,362.9203,35.5341,179.876,0.9346,-98.4707,0.0101,23.2245,0.3425
868,000868.png,False,1788883403.625683,1788883403.565683,shear_+Y_back,6,+Y,0.0,-0.1855,0.22762,-3.1774,-0.00291,-0.00366,-0.00027,-0.11553,0.27715,-3.15154,-0.00533,-0.00487,0.00019,-0.25238,0.05355,-3.18049,3,37.8474,362.8061,35.5023,179.8801,0.9229,-98.4656,0.0065,23.1908,0.3762
869,000869.png,False,1788883403.817691,1788883403.757691,shear_+Y_back,6,+Y,0.0,-0.20125,0.17588,-3.27891,-0.00172,-0.00405,-0.00016,-0.13126,0.22544,-3.25306,-0.00414,-0.00525,0.0003,-0.23947,-0.00076,-3.28105,3,37.8525,362.7792,35.497,179.8806,0.921,-98.4586,0.0016,23.185,0.382
870,000870.png,False,1788883404.013697,1788883403.953697,shear_+Y_back,6,+Y,0.0,-0.22438,0.09536,-3.38241,0.00027,-0.00462,-4e-05,-0.15436,0.14494,-3.35659,-0.00215,-0.00582,0.00042,-0.21856,-0.08371,-3.3831,3,37.8609,362.7553,35.495,179.881,0.9198,-98.4562,0.0038,23.1826,0.3844
871,000871.png,False,1788883404.209769,1788883404.149770,shear_+Y_back,6,+Y,0.0,-0.20067,0.04978,-3.00096,0.00148,-0.00375,-9e-05,-0.13063,0.09939,-2.97516,-0.00094,-0.00496,0.00037,-0.17789,-0.10523,-3.00097,3,37.876,362.7461,35.5057,179.8808,0.9206,-98.4545,0.0087,23.1931,0.374
872,000872.png,False,1788883404.597719,1788883404.537719,shear_+Y_back,6,+Y,0.0,-0.07092,-0.02237,-1.74946,0.0027,0.00025,-0.00012,-0.00084,0.0273,-1.72369,0.00028,-0.00096,0.00034,-0.03813,-0.08284,-1.74866,4,37.9483,362.7398,35.5584,179.8757,0.9352,-98.4604,0.0047,23.2452,0.3218
873,000873.png,False,1788883409.477989,1788883409.417989,shear_+X_out,7,+X,0.5,-0.0417,0.06112,-1.8936,0.00081,0.00094,-5e-05,0.02896,0.11149,-1.86831,-0.00163,-0.00027,0.00042,-0.05353,0.00176,-1.89429,3,37.9411,362.7596,35.5687,179.8752,0.9375,-98.4607,0.0081,23.2558,0.3112
874,000874.png,False,1788883409.865911,1788883409.805911,shear_+X_out,7,+X,0.5,0.05625,0.06081,-1.64289,0.00057,0.00342,-0.00018,0.12697,0.11124,-1.61764,-0.00187,0.00221,0.00029,0.02973,0.05446,-1.64381,3,37.9866,362.7877,35.5807,179.8745,0.9393,-98.4589,0.0058,23.2679,0.2991
875,000875.png,False,1788883410.062001,1788883410.002001,shear_+X_out,7,+X,0.5,0.14289,0.02623,-1.54057,0.00129,0.0055,-9e-05,0.21362,0.07668,-1.51534,-0.00115,0.0043,0.00038,0.12135,0.06943,-1.54108,3,38.0326,362.8005,35.5854,179.8745,0.9395,-98.4631,0.0066,23.2725,0.2945
876,000876.png,False,1788883410.257921,1788883410.197921,shear_+X_out,7,+X,0.5,0.18723,0.04894,-1.53571,0.00088,0.00668,-1e-05,0.25799,0.09942,-1.5105,-0.00157,0.00548,0.00046,0.14838,0.11133,-1.5367,3,38.052,362.8236,35.5883,179.8743,0.9403,-98.4613,0.0005,23.2757,0.2913
877,000877.png,False,1788883410.454080,1788883410.394080,shear_+X_out,7,+X,0.5,0.24398,0.04128,-1.82929,0.00115,0.00792,0.00024,0.31476,0.09179,-1.8041,-0.00129,0.00672,0.00071,0.20339,0.12836,-1.83022,3,38.0816,362.8351,35.5736,179.8752,0.9379,-98.4626,0.0048,23.261,0.3061
878,000878.png,False,1788883410.646020,1788883410.586020,shear_+X_out,7,+X,0.5,0.30765,0.03795,-1.94886,0.00122,0.00931,-5e-05,0.37845,0.08848,-1.92368,-0.00122,0.00811,0.00042,0.26104,0.15537,-1.94983,3,38.1116,362.849,35.5668,179.8753,0.9372,-98.4633,0.0059,23.2542,0.3128
879,000879.png,False,1788883410.842040,1788883410.782040,shear_+X_out,7,+X,0.5,0.36477,0.03595,-1.95601,0.00111,0.0106,-3e-05,0.4356,0.08651,-1.93086,-0.00134,0.00939,0.00044,0.31157,0.18206,-1.95707,3,38.1398,362.8622,35.5642,179.8755,0.9368,-98.4641,0.0022,23.2515,0.3155
880,000880.png,False,1788883411.038052,1788883410.978052,shear_+X_out,7,+X,0.5,0.40027,0.02685,-2.01385,0.00153,0.01164,0.00014,0.47112,0.07745,-1.98871,-0.00092,0.01044,0.00061,0.34726,0.191,-2.01481,3,38.1613,362.8702,35.5632,179.8758,0.9362,-98.4635,0.0079,23.2506,0.3165
881,000881.png,False,1788883411.818121,1788883411.758121,shear_+X_out,7,+X,0.5,0.37473,0.01911,-1.80893,0.00137,0.01088,-3e-05,0.44567,0.06982,-1.78387,-0.00108,0.00967,0.00045,0.32759,0.17482,-1.80973,3,38.1637,362.8688,35.5713,179.8766,0.9344,-98.4637,0.0052,23.2586,0.3084
882,000882.png,False,1788883412.598143,1788883412.538143,shear_+X_out,7,+X,0.5,0.39469,0.01822,-1.49782,0.00142,0.01165,2e-05,0.46572,0.06904,-1.47284,-0.00104,0.01044,0.00049,0.34316,0.189,-1.49869,3,38.182,362.8861,35.589,179.8766,0.9339,-98.462,0.0062,23.2764,0.2906
883,000883.png,False,1788883412.794051,1788883412.734051,shear_+X_out,7,+X,0.5,0.4399,0.00831,-1.42717,0.00166,0.01271,4e-05,0.51096,0.05916,-1.4022,-0.00079,0.01151,0.00052,0.38679,0.20414,-1.42797,3,38.2114,362.8974,35.5942,179.8764,0.9355,-98.4639,0.0005,23.2816,0.2854
884,000884.png,False,1788883412.990160,1788883412.930161,shear_+X_out,7,+X,0.5,0.47134,0.0092,-1.34619,0.0017,0.01357,-9e-05,0.54242,0.06008,-1.32125,-0.00076,0.01237,0.00038,0.41301,0.22192,-1.34709,3,38.2324,362.911,35.6007,179.8758,0.9366,-98.465,0.0064,23.2882,0.2788
885,000885.png,False,1788883413.378190,1788883413.318190,shear_+X_out,7,+X,0.5,0.50956,0.02715,-1.19456,0.00112,0.01447,-0.00012,0.58069,0.07809,-1.16966,-0.00134,0.01327,0.00036,0.4361,0.25899,-1.19587,3,38.2583,362.9399,35.6122,179.8754,0.9383,-98.4631,0.0049,23.3,0.267
886,000886.png,False,1788883413.574178,1788883413.514179,shear_+X_out,7,+X,0.5,0.54301,-0.00014,-1.19207,0.00178,0.0152,-0.0001,0.61416,0.05082,-1.16719,-0.00068,0.014,0.00038,0.47869,0.25211,-1.19297,3,38.2895,362.9434,35.6149,179.8754,0.9378,-98.4652,0.0092,23.3026,0.2644
887,000887.png,False,1788883413.770212,1788883413.710212,shear_+X_out,7,+X,0.5,0.57126,0.00737,-1.64216,0.00185,0.01591,7e-05,0.64243,0.05836,-1.6173,-0.00061,0.0147,0.00055,0.50254,0.26551,-1.64318,3,38.2993,362.9475,35.5878,179.8769,0.934,-98.4635,0.0019,23.2754,0.2916
888,000888.png,False,1788883413.962109,1788883413.902109,shear_+X_out,7,+X,0.5,0.61281,0.02613,-1.84511,0.0015,0.01687,0.00019,0.68401,0.07714,-1.82026,-0.00096,0.01567,0.00067,0.53057,0.29927,-1.84651,3,38.3132,362.9601,35.5794,179.8771,0.9336,-98.4635,0.008,23.2671,0.2999
889,000889.png,False,1788883414.158206,1788883414.098207,shear_+X_out,7,+X,0.5,0.64407,0.00802,-1.84761,0.00181,0.01758,-6e-05,0.71529,0.05906,-1.82278,-0.00065,0.01638,0.00042,0.56671,0.29917,-1.84876,3,38.3339,362.962,35.5763,179.8772,0.9327,-98.4643,0.0044,23.2639,0.3031
890,000890.png,False,1788883414.550231,1788883414.490232,shear_+X_back,7,+X,0.0,0.63056,-0.00572,-1.83366,0.00209,0.01732,-3e-05,0.70183,0.04538,-1.80887,-0.00038,0.01612,0.00045,0.56177,0.28075,-1.83454,3,38.3349,362.9588,35.5772,179.8772,0.9327,-98.4641,0.0065,23.2648,0.3023
891,000891.png,False,1788883414.938158,1788883414.878158,shear_+X_back,7,+X,0.0,0.54277,-0.07771,-2.06252,0.00412,0.01531,-8e-05,0.61408,-0.02655,-2.03777,0.00166,0.01411,0.00041,0.52327,0.17086,-2.06194,3,38.315,362.9064,35.5626,179.8789,0.9271,-98.471,0.0036,23.2495,0.3175
892,000892.png,False,1788883415.134252,1788883415.074252,shear_+X_back,7,+X,0.0,0.38373,-0.00687,-2.20732,0.00247,0.01142,-7e-05,0.45507,0.04432,-2.18259,1e-05,0.01021,0.00042,0.35113,0.15043,-2.20764,3,38.2348,362.8982,35.5553,179.8788,0.9271,-98.468,0.0057,23.2425,0.3245
893,000893.png,False,1788883415.330261,1788883415.270261,shear_+X_back,7,+X,0.0,0.25913,0.02109,-2.36417,0.00171,0.00827,-0.00026,0.33049,0.0723,-2.33946,-0.00075,0.00707,0.00022,0.23031,0.10987,-2.3647,3,38.1718,362.8676,35.5416,179.8798,0.9242,-98.4667,0.0093,23.2289,0.3381
894,000894.png,False,1788883416.306350,1788883416.246350,shear_+X_back,7,+X,0.0,-0.12187,-0.00337,-1.49197,0.00187,-0.00074,-0.00029,-0.05039,0.04799,-1.46735,-0.00059,-0.00195,0.00019,-0.09354,-0.08771,-1.49144,3,37.9836,362.761,35.5786,179.8761,0.9341,-98.4694,0.0087,23.2654,0.3016
895,000895.png,False,1788883416.498243,1788883416.438243,shear_+X_back,7,+X,0.0,-0.1996,-0.06205,-1.97484,0.00364,-0.00255,-0.00033,-0.1281,-0.01067,-1.95024,0.00117,-0.00375,0.00016,-0.1282,-0.18511,-1.97306,3,37.9609,362.7028,35.5564,179.8769,0.9314,-98.4706,0.0009,23.2425,0.3245
896,000896.png,False,1788883417.282358,1788883417.222358,shear_-X_out,7,-X,0.5,-0.1495,0.00424,-1.95575,0.00204,-0.00154,-0.0004,-0.07791,0.05573,-1.93123,-0.00043,-0.00275,9e-05,-0.11806,-0.10236,-1.95522,4,37.9568,362.7246,35.5527,179.8753,0.936,-98.4713,0.0066,23.2392,0.3278
897,000897.png,False,1788883417.474385,1788883417.414385,shear_-X_out,7,-X,0.5,-0.15975,-0.02205,-2.03068,0.00264,-0.00197,-0.00048,-0.08814,0.02947,-2.00618,0.00017,-0.00317,1e-05,-0.11329,-0.13145,-2.02967,3,37.9539,362.7259,35.5513,179.875,0.9373,-98.4744,0.0025,23.2377,0.3293
898,000898.png,False,1788883417.670380,1788883417.610380,shear_-X_out,7,-X,0.5,-0.18522,-0.0062,-2.11229,0.00238,-0.00243,-0.00039,-0.11358,0.04535,-2.08781,-9e-05,-0.00363,0.0001,-0.1427,-0.13175,-2.11149,3,37.9382,362.7251,35.5493,179.8743,0.9384,-98.4759,0.0093,23.2359,0.3312
899,000899.png,False,1788883417.866302,1788883417.806303,shear_-X_out,7,-X,0.5,-0.27696,0.04508,-2.22384,0.00124,-0.00465,-0.00028,-0.2053,0.09666,-2.19938,-0.00123,-0.00585,0.00021,-0.24702,-0.13497,-2.22373,3,37.8926,362.7202,35.5438,179.8742,0.9393,-98.4724,0.0056,23.2306,0.3364
900,000900.png,False,1788883418.062311,1788883418.002311,shear_-X_out,7,-X,0.5,-0.33265,0.02305,-2.02215,0.00166,-0.00593,-0.00051,-0.26096,0.07465,-1.99771,-0.00082,-0.00713,-2e-05,-0.28564,-0.17865,-2.02158,3,37.8681,362.701,35.5526,179.8743,0.9389,-98.4709,0.0014,23.2392,0.3278
901,000901.png,False,1788883418.450337,1788883418.390337,shear_-X_out,7,-X,0.5,-0.42028,0.00198,-1.88876,0.00223,-0.00798,-0.0001,-0.34854,0.05364,-1.86435,-0.00025,-0.00918,0.00039,-0.35194,-0.23854,-1.88766,3,37.825,362.6631,35.5603,179.8744,0.9387,-98.4726,0.0042,23.2467,0.3203
902,000902.png,False,1788883418.646429,1788883418.586429,shear_-X_out,7,-X,0.5,-0.46541,0.00882,-1.94364,0.00193,-0.00922,-0.00024,-0.39365,0.06051,-1.91926,-0.00055,-0.01042,0.00025,-0.39408,-0.25605,-1.94257,3,37.7997,362.6541,35.5568,179.8739,0.9395,-98.4716,0.0016,23.2432,0.3238
903,000903.png,False,1788883418.842411,1788883418.782411,shear_-X_out,7,-X,0.5,-0.51347,0.00288,-1.97409,0.00201,-0.0104,-2e-05,-0.44169,0.0546,-1.94973,-0.00047,-0.0116,0.00047,-0.43253,-0.28569,-1.97282,3,37.7777,362.6381,35.5562,179.8743,0.9385,-98.4731,0.0084,23.2425,0.3245
904,000904.png,False,1788883419.034455,1788883418.974455,shear_-X_out,7,-X,0.5,-0.56347,0.00164,-2.0052,0.00223,-0.01155,5e-05,-0.49167,0.05338,-1.98085,-0.00025,-0.01275,0.00054,-0.475,-0.31225,-2.00379,3,37.7506,362.6201,35.556,179.8747,0.9373,-98.4722,0.0018,23.2422,0.3248
905,000905.png,False,1788883419.622468,1788883419.562468,shear_-X_back,7,-X,0.0,-0.56635,0.00357,-1.96258,0.00203,-0.01163,-7e-05,-0.49448,0.05541,-1.93829,-0.00045,-0.01283,0.00043,-0.47876,-0.31133,-1.96122,3,37.7391,362.6157,35.5567,179.8742,0.9385,-98.472,0.0059,23.2429,0.3241
906,000906.png,False,1788883419.818485,1788883419.758486,shear_-X_back,7,-X,0.0,-0.55999,0.00421,-1.95716,0.00208,-0.01155,-0.0001,-0.48809,0.05607,-1.93289,-0.0004,-0.01275,0.0004,-0.4736,-0.30751,-1.95582,3,37.7384,362.6144,35.5591,179.8742,0.9385,-98.4722,0.0009,23.2453,0.3217
907,000907.png,False,1788883420.010515,1788883419.950515,shear_-X_back,7,-X,0.0,-0.49272,0.09628,-1.68572,-0.0002,-0.00972,-0.00029,-0.4208,0.14817,-1.66147,-0.00268,-0.01092,0.0002,-0.46322,-0.18981,-1.68615,3,37.7413,362.669,35.5698,179.8721,0.9442,-98.4685,0.0095,23.2568,0.3102
908,000908.png,False,1788883420.206427,1788883420.146427,shear_-X_back,7,-X,0.0,-0.43348,0.05927,-1.64554,0.00061,-0.00823,-0.00017,-0.36154,0.11118,-1.62131,-0.00187,-0.00943,0.00033,-0.39369,-0.19162,-1.64545,3,37.7733,362.6797,35.5748,179.8719,0.9461,-98.4646,0.0033,23.2618,0.3052
909,000909.png,False,1788883420.402554,1788883420.342554,shear_-X_back,7,-X,0.0,-0.30307,0.04848,-1.47908,0.00091,-0.00493,-0.00011,-0.2311,0.10042,-1.45486,-0.00158,-0.00613,0.00039,-0.27649,-0.13314,-1.47909,3,37.8352,362.6977,35.5809,179.8712,0.9482,-98.462,0.0085,23.2677,0.2993
910,000910.png,False,1788883420.598532,1788883420.538532,shear_-X_back,7,-X,0.0,-0.19542,-0.02623,-1.49826,0.00264,-0.00231,8e-05,-0.12343,0.02575,-1.47407,0.00016,-0.00351,0.00058,-0.14579,-0.14436,-1.49719,3,37.8905,362.6955,35.5808,179.8714,0.948,-98.4651,0.0033,23.2672,0.2998
911,000911.png,False,1788883420.790452,1788883420.730453,shear_-X_back,7,-X,0.0,-0.17394,-0.01286,-1.56669,0.00246,-0.00195,-1e-05,-0.10193,0.03914,-1.54251,-3e-05,-0.00315,0.00049,-0.13339,-0.12314,-1.56588,3,37.9058,362.7128,35.5779,179.8709,0.9496,-98.4647,0.0058,23.2645,0.3025
912,000912.png,False,1788883420.986567,1788883420.926567,shear_-X_back,7,-X,0.0,-0.11287,-0.01276,-1.65427,0.00222,-0.00061,0.00014,-0.04083,0.03926,-1.63011,-0.00026,-0.00181,0.00063,-0.07992,-0.09395,-1.65357,3,37.9304,362.7217,35.5725,179.871,0.9494,-98.4642,0.0079,23.2591,0.308
913,000913.png,False,1788883422.354638,1788883422.294638,shear_-Y_out,7,-Y,0.5,-0.0916,-0.04679,-2.56279,0.00366,-0.00066,0.0001,-0.0194,0.00544,-2.53877,0.00117,-0.00186,0.0006,-0.0382,-0.12734,-2.56141,3,37.9564,362.7095,35.5268,179.874,0.9405,-98.4557,0.008,23.213,0.354
914,000914.png,False,1788883422.546742,1788883422.486742,shear_-Y_out,7,-Y,0.5,-0.09351,-0.10343,-2.46188,0.00486,-0.0006,5e-05,-0.02129,-0.05118,-2.43787,0.00237,-0.0018,0.00055,-0.01226,-0.17574,-2.45952,3,37.9706,362.6897,35.5308,179.8742,0.9401,-98.4561,0.0029,23.2166,0.3504
915,000915.png,False,1788883422.742619,1788883422.682619,shear_-Y_out,7,-Y,0.5,-0.09208,-0.14918,-2.12933,0.00588,-0.00031,-0.00023,-0.01983,-0.0969,-2.10534,0.00339,-0.00152,0.00027,0.00954,-0.20931,-2.12623,3,37.9831,362.6732,35.5429,179.8735,0.9422,-98.4561,0.0024,23.2284,0.3387
916,000916.png,False,1788883422.938666,1788883422.878666,shear_-Y_out,7,-Y,0.5,-0.08884,-0.19076,-2.23322,0.00686,-0.00023,4e-05,-0.01658,-0.13845,-2.20926,0.00436,-0.00143,0.00055,0.03383,-0.24538,-2.2294,3,37.9938,362.6564,35.5393,179.8725,0.9453,-98.4559,0.0081,23.2244,0.3426
917,000917.png,False,1788883423.326583,1788883423.266583,shear_-Y_out,7,-Y,0.5,-0.08543,-0.32175,-2.25873,0.00999,-0.00023,0.00012,-0.01311,-0.26938,-2.2348,0.00749,-0.00143,0.00062,0.10242,-0.35752,-2.25263,3,38.03,362.6008,35.5368,179.8732,0.9432,-98.4574,0.002,23.2207,0.3463
918,000918.png,False,1788883423.522711,1788883423.462711,shear_-Y_out,7,-Y,0.5,-0.07832,-0.38429,-2.26301,0.01142,-2e-05,0.00028,-0.00598,-0.3319,-2.2391,0.00893,-0.00122,0.00079,0.13985,-0.40821,-2.25585,3,38.0496,362.5743,35.536,179.8735,0.9431,-98.4577,0.0074,23.2194,0.3476
919,000919.png,False,1788883423.718705,1788883423.658705,shear_-Y_out,7,-Y,0.5,-0.08788,-0.43041,-2.33589,0.01259,-0.00027,0.00025,-0.01552,-0.37799,-2.312,0.01009,-0.00147,0.00076,0.15511,-0.4541,-2.32789,4,38.0596,362.5501,35.5334,179.8731,0.9438,-98.4574,0.0074,23.2163,0.3507
920,000920.png,False,1788883424.302719,1788883424.242719,shear_-Y_back,7,-Y,0.0,-0.09663,-0.45846,-2.32268,0.01329,-0.00055,0.00021,-0.0242,-0.40596,-2.29884,0.01079,-0.00175,0.00071,0.16146,-0.48255,-2.31418,3,38.0682,362.5269,35.5323,179.8735,0.9433,-98.4564,0.0021,23.2148,0.3522
921,000921.png,False,1788883424.498720,1788883424.438720,shear_-Y_back,7,-Y,0.0,-0.09645,-0.45313,-2.3159,0.01304,-0.00068,0.00023,-0.02399,-0.4006,-2.29209,0.01055,-0.00188,0.00074,0.1589,-0.47773,-2.3075,2,38.0667,362.5283,35.5321,179.8732,0.9436,-98.4561,0.0082,23.2146,0.3524
922,000922.png,False,1788883424.694769,1788883424.634769,shear_-Y_back,7,-Y,0.0,-0.03557,-0.26755,-1.85791,0.00848,0.00122,0.0001,0.03691,-0.21499,-1.83412,0.00598,2e-05,0.00061,0.11574,-0.27926,-1.85292,3,38.0505,362.618,35.5535,179.8704,0.9524,-98.4586,0.0001,23.2376,0.3295
923,000923.png,False,1788883425.082672,1788883425.022672,shear_-Y_back,7,-Y,0.0,-0.02519,-0.22003,-1.60934,0.00727,0.00145,-0.0001,0.04733,-0.16741,-1.58559,0.00477,0.00025,0.00041,0.09927,-0.22892,-1.60523,3,38.0423,362.652,35.5698,179.869,0.954,-98.4671,0.0043,23.2545,0.3125
924,000924.png,False,1788883425.474795,1788883425.414795,shear_-Y_back,7,-Y,0.0,0.00446,-0.08686,-1.50868,0.00398,0.00226,-3e-05,0.07703,-0.03419,-1.48497,0.00147,0.00106,0.00048,0.05772,-0.09717,-1.50696,3,38.0298,362.6967,35.5741,179.8681,0.9569,-98.4745,0.0027,23.2595,0.3075
925,000925.png,False,1788883425.670842,1788883425.610842,shear_-Y_back,7,-Y,0.0,-0.06693,-0.02293,-1.99588,0.00278,0.00032,-9e-05,0.00567,0.02977,-1.97218,0.00027,-0.00088,0.00042,-0.03268,-0.08528,-1.99505,3,37.9855,362.7117,35.553,179.8689,0.9549,-98.4745,0.0022,23.239,0.328
926,000926.png,False,1788883427.034769,1788883426.974769,shear_+Y_out,7,+Y,0.5,-0.06114,0.0967,-2.43043,0.00011,2e-05,-0.0002,0.01162,0.1496,-2.40687,-0.0024,-0.00118,0.00032,-0.08442,0.01427,-2.43161,3,37.9464,362.7644,35.5281,179.8723,0.945,-98.4696,0.0074,23.2153,0.3517
927,000927.png,False,1788883427.230823,1788883427.170823,shear_+Y_out,7,+Y,0.5,-0.04736,0.14548,-2.1622,-0.00118,0.00057,-0.0003,0.02542,0.1984,-2.13865,-0.00369,-0.00063,0.00022,-0.09872,0.06769,-2.1643,3,37.94,362.7924,35.5406,179.8717,0.9467,-98.4705,0.0073,23.2283,0.3387
928,000928.png,False,1788883427.426896,1788883427.366896,shear_+Y_out,7,+Y,0.5,-0.02615,0.2071,-1.95897,-0.00282,0.00098,-0.00037,0.04665,0.26005,-1.93544,-0.00533,-0.00022,0.00015,-0.11254,0.13492,-1.96221,3,37.9314,362.825,35.5504,179.871,0.9485,-98.4718,0.0015,23.2386,0.3284
929,000929.png,False,1788883427.618798,1788883427.558798,shear_+Y_out,7,+Y,0.5,-0.02265,0.26095,-2.1621,-0.00386,0.00113,-0.00024,0.05018,0.31393,-2.1386,-0.00637,-7e-05,0.00027,-0.135,0.18005,-2.16625,3,37.921,362.8475,35.5425,179.8717,0.9465,-98.4731,0.0076,23.2311,0.3359
930,000930.png,False,1788883427.814811,1788883427.754811,shear_+Y_out,7,+Y,0.5,-0.07662,0.3591,-2.53506,-0.00623,-0.00043,-0.00023,-0.00377,0.41211,-2.51157,-0.00874,-0.00163,0.00028,-0.22821,0.23211,-2.54075,3,37.8768,362.873,35.5272,179.8721,0.945,-98.4694,0.0061,23.2165,0.3505
931,000931.png,False,1788883428.010898,1788883427.950898,shear_+Y_out,7,+Y,0.5,-0.08207,0.43479,-2.683,-0.00792,-0.00077,-0.00047,-0.0092,0.48783,-2.65953,-0.01043,-0.00197,5e-05,-0.26972,0.29258,-2.68996,3,37.8583,362.9001,35.521,179.8722,0.9446,-98.4701,0.0008,23.211,0.3561
932,000932.png,False,1788883428.206945,1788883428.146945,shear_+Y_out,7,+Y,0.5,-0.0717,0.48656,-2.85154,-0.00912,-0.00064,-0.00049,0.0012,0.53963,-2.8281,-0.01163,-0.00184,3e-05,-0.28543,0.33989,-2.8594,3,37.8501,362.9225,35.5151,179.8722,0.9446,-98.4703,0.0054,23.2054,0.3616
933,000933.png,False,1788883428.986953,1788883428.926954,shear_+Y_back,7,+Y,0.0,-0.07251,0.54234,-2.76403,-0.01038,-0.00049,-0.00031,0.00048,0.59552,-2.74066,-0.0129,-0.00169,0.00021,-0.31461,0.38919,-2.77287,3,37.8309,362.9551,35.5175,179.8723,0.9442,-98.4709,0.0082,23.2085,0.3585
934,000934.png,False,1788883429.182957,1788883429.122957,shear_+Y_back,7,+Y,0.0,-0.07276,0.54214,-2.72832,-0.01063,-0.00055,-0.00031,0.00026,0.59535,-2.70497,-0.01315,-0.00176,0.00021,-0.31497,0.38947,-2.73716,3,37.8277,362.9576,35.5182,179.8723,0.9442,-98.4709,0.0028,23.2093,0.3577
935,000935.png,False,1788883429.374896,1788883429.314896,shear_+Y_back,7,+Y,0.0,-0.1428,0.35935,-3.18865,-0.006,-0.00239,-0.00028,-0.06977,0.41259,-3.16531,-0.00851,-0.00359,0.00024,-0.28113,0.18879,-3.19411,3,37.8445,362.8718,35.4971,179.8751,0.9359,-98.4689,0.0086,23.1867,0.3803
936,000936.png,False,1788883429.570966,1788883429.510966,shear_+Y_back,7,+Y,0.0,-0.13187,0.36937,-3.23978,-0.00619,-0.00214,-0.00019,-0.05882,0.42263,-3.21646,-0.00871,-0.00334,0.00033,-0.27631,0.20211,-3.24542,3,37.8473,362.8562,35.4908,179.8757,0.9343,-98.4676,0.0014,23.1801,0.3869
937,000937.png,False,1788883429.767040,1788883429.707040,shear_+Y_back,7,+Y,0.0,-0.1552,0.2961,-3.41337,-0.0045,-0.00304,-0.00016,-0.08212,0.3494,-3.39008,-0.00702,-0.00424,0.00036,-0.25871,0.12422,-3.41767,3,37.8525,362.8302,35.4832,179.8765,0.932,-98.4648,0.0068,23.172,0.395
938,000938.png,False,1788883429.963016,1788883429.903016,shear_+Y_back,7,+Y,0.0,-0.19333,0.17769,-3.67038,-0.00143,-0.00394,-8e-05,-0.12023,0.23101,-3.6471,-0.00396,-0.00514,0.00045,-0.2308,-0.0015,-3.67251,3,37.8617,362.7939,35.4764,179.8777,0.9296,-98.4591,0.0079,23.1647,0.4024
939,000939.png,False,1788883430.351027,1788883430.291027,shear_+Y_back,7,+Y,0.0,-0.07073,0.0579,-2.3137,0.00089,-0.00027,-0.00027,0.00242,0.11128,-2.29046,-0.00163,-0.00147,0.00025,-0.07416,-0.02225,-2.31421,3,37.9223,362.7865,35.5205,179.8745,0.9382,-98.4583,0.0072,23.2082,0.3588
940,000940.png,False,1788883436.011302,1788883435.951303,shear_+X_out,8,+X,0.5,0.0489,0.08487,-1.43627,1e-05,0.00338,3e-05,0.12272,0.13906,-1.41359,-0.00254,0.00218,0.00057,0.00991,0.07493,-1.43762,3,37.9772,362.8073,35.5929,179.8681,0.9574,-98.4588,0.0054,23.2806,0.2865
941,000941.png,False,1788883436.203315,1788883436.143316,shear_+X_out,8,+X,0.5,0.1412,0.03852,-1.48567,0.00106,0.00539,-3e-05,0.21504,0.09274,-1.463,-0.00149,0.00419,0.00051,0.11336,0.08011,-1.48639,3,38.0285,362.8119,35.5876,179.8688,0.9555,-98.4632,0.0051,23.275,0.2921
942,000942.png,False,1788883436.399364,1788883436.339364,shear_+X_out,8,+X,0.5,0.1987,0.02766,-1.60616,0.00115,0.00669,0.00011,0.27257,0.0819,-1.58351,-0.00139,0.00549,0.00065,0.16944,0.09751,-1.60679,3,38.0606,362.8212,35.5823,179.8694,0.9534,-98.4627,0.0005,23.2696,0.2974
943,000943.png,False,1788883436.595334,1788883436.535334,shear_+X_out,8,+X,0.5,0.24,0.03002,-1.66741,0.00135,0.00768,6e-05,0.31389,0.0843,-1.64479,-0.0012,0.00648,0.0006,0.20445,0.11921,-1.66816,3,38.0843,362.8346,35.5781,179.8698,0.9533,-98.4632,0.0084,23.2654,0.3016
944,000944.png,False,1788883436.791339,1788883436.731339,shear_+X_out,8,+X,0.5,0.29372,0.02323,-1.68429,0.00133,0.009,0.00012,0.36763,0.07754,-1.66168,-0.00122,0.0078,0.00066,0.25449,0.1399,-1.68502,3,38.1107,362.8485,35.5763,179.87,0.9529,-98.464,0.0056,23.2636,0.3034
945,000945.png,False,1788883436.987345,1788883436.927345,shear_+X_out,8,+X,0.5,0.3416,0.01899,-1.71833,0.00141,0.01007,0.00014,0.41554,0.07332,-1.69574,-0.00114,0.00887,0.00068,0.29832,0.1596,-1.71908,3,38.1389,362.8603,35.5758,179.8698,0.9528,-98.4645,0.0043,23.2632,0.3039
946,000946.png,False,1788883437.767304,1788883437.707304,shear_+X_out,8,+X,0.5,0.3671,0.00471,-1.6791,0.00193,0.01076,1e-05,0.44114,0.05915,-1.65659,-0.00062,0.00956,0.00056,0.32728,0.16061,-1.67966,3,38.1614,362.8667,35.5785,179.8702,0.9511,-98.4647,0.0004,23.2658,0.3012
947,000947.png,False,1788883438.739446,1788883438.679446,shear_+X_out,8,+X,0.5,0.3873,0.00562,-1.25608,0.00156,0.0114,-0.00018,0.46145,0.06021,-1.23367,-0.00099,0.0102,0.00036,0.34138,0.17827,-1.25676,3,38.19,362.8882,35.6014,179.8706,0.9503,-98.4638,0.0002,23.2888,0.2782
948,000948.png,False,1788883438.935477,1788883438.875477,shear_+X_out,8,+X,0.5,0.43395,-0.01087,-1.22785,0.00199,0.01239,-2e-05,0.50812,0.04375,-1.20546,-0.00056,0.01119,0.00052,0.38984,0.18775,-1.22834,3,38.2203,362.898,35.606,179.8705,0.9516,-98.4662,0.0054,23.2934,0.2737
949,000949.png,False,1788883439.327450,1788883439.267450,shear_+X_out,8,+X,0.5,0.4742,0.01233,-1.13378,0.00186,0.01366,2e-05,0.54842,0.067,-1.11143,-0.0007,0.01246,0.00057,0.41246,0.22946,-1.13477,3,38.2461,362.9248,35.6148,179.8699,0.9537,-98.4649,0.0006,23.3025,0.2645
950,000950.png,False,1788883439.523399,1788883439.463399,shear_+X_out,8,+X,0.5,0.49337,0.01513,-1.07849,0.00141,0.01386,0.00016,0.56761,0.06983,-1.05615,-0.00115,0.01266,0.00071,0.42728,0.24235,-1.07957,3,38.2627,362.9388,35.623,179.8693,0.9548,-98.4647,0.0046,23.3107,0.2563
951,000951.png,False,1788883441.275588,1788883441.215588,shear_+X_back,8,+X,0.0,0.36663,-0.02108,-2.03448,0.00257,0.0108,-0.0003,0.44108,0.03387,-2.01232,0.0,0.00961,0.00025,0.34221,0.13234,-2.03454,3,38.2357,362.8955,35.5621,179.8727,0.9429,-98.4696,0.0075,23.2493,0.3177
952,000952.png,False,1788883441.471576,1788883441.411577,shear_+X_back,8,+X,0.0,0.25262,-0.00404,-2.19825,0.00244,0.00809,-0.0001,0.32709,0.05093,-2.17611,-0.00013,0.00689,0.00045,0.23608,0.08751,-2.19835,3,38.1784,362.8648,35.5514,179.8738,0.9392,-98.4681,0.007,23.2385,0.3285
953,000953.png,False,1788883442.643656,1788883442.583657,shear_+X_back,8,+X,0.0,-0.12619,0.0243,-1.37584,0.0013,-0.00067,-0.00021,-0.05158,0.07944,-1.35381,-0.00127,-0.00186,0.00034,-0.11191,-0.06405,-1.3758,3,37.9724,362.7687,35.5881,179.8691,0.9518,-98.4716,0.0075,23.2751,0.2919
954,000954.png,False,1788883443.227665,1788883443.167665,shear_+X_back,8,+X,0.0,-0.16581,0.02713,-1.4381,0.00128,-0.00169,-0.00036,-0.09113,0.08236,-1.41613,-0.00129,-0.00289,0.0002,-0.14722,-0.08239,-1.43802,3,37.9391,362.7563,35.5851,179.8683,0.9552,-98.4703,0.0076,23.2722,0.2948
955,000955.png,False,1788883443.619681,1788883443.559681,shear_-X_out,8,-X,0.5,-0.16864,0.0018,-1.35178,0.00182,-0.00166,-1e-05,-0.09391,0.05709,-1.32984,-0.00076,-0.00286,0.00054,-0.1376,-0.10436,-1.35127,3,37.941,362.7483,35.5925,179.8673,0.9576,-98.4704,0.0035,23.2794,0.2876
956,000956.png,False,1788883444.007716,1788883443.947716,shear_-X_out,8,-X,0.5,-0.17604,-0.00687,-1.50876,0.0021,-0.00194,-0.00025,-0.10127,0.04847,-1.48687,-0.00047,-0.00314,0.00031,-0.1386,-0.11808,-1.50806,3,37.9382,362.7341,35.5825,179.8673,0.9578,-98.4758,0.0053,23.2692,0.2978
957,000957.png,False,1788883444.203732,1788883444.143732,shear_-X_out,8,-X,0.5,-0.27339,0.02539,-1.61665,0.00133,-0.00442,-0.00023,-0.19859,0.08077,-1.59477,-0.00125,-0.00562,0.00033,-0.2383,-0.14051,-1.6163,3,37.8884,362.7216,35.5771,179.8675,0.9563,-98.4717,0.0031,23.264,0.303
958,000958.png,False,1788883444.399724,1788883444.339724,shear_-X_out,8,-X,0.5,-0.33204,0.00022,-1.7703,0.00212,-0.00576,-0.00022,-0.25721,0.05562,-1.74844,-0.00046,-0.00696,0.00034,-0.27545,-0.19408,-1.76937,3,37.8673,362.6942,35.5682,179.8688,0.9531,-98.4712,0.0093,23.2548,0.3123
959,000959.png,False,1788883444.787713,1788883444.727713,shear_-X_out,8,-X,0.5,-0.42037,-0.00176,-1.56432,0.00193,-0.00796,-0.00046,-0.3455,0.0537,-1.5425,-0.00065,-0.00916,0.0001,-0.3524,-0.23662,-1.56321,3,37.8172,362.6698,35.5772,179.8676,0.9562,-98.4721,0.0039,23.2637,0.3033
960,000960.png,False,1788883444.983757,1788883444.923757,shear_-X_out,8,-X,0.5,-0.45311,0.01631,-1.30361,0.00158,-0.00853,-0.00057,-0.37822,0.0718,-1.28181,-0.001,-0.00973,-1e-05,-0.3916,-0.23316,-1.30279,3,37.7866,362.663,35.5916,179.8664,0.9585,-98.4706,0.0098,23.2783,0.2888
961,000961.png,False,1788883445.179685,1788883445.119685,shear_-X_out,8,-X,0.5,-0.48554,0.00414,-1.33673,0.00196,-0.00928,-0.00049,-0.41063,0.05965,-1.31495,-0.00062,-0.01047,8e-05,-0.41339,-0.26044,-1.33563,3,37.7695,362.6464,35.5913,179.8671,0.9572,-98.4721,0.0015,23.2778,0.2892
962,000962.png,False,1788883446.543756,1788883446.483757,shear_-X_back,8,-X,0.0,-0.36873,0.10394,-0.89852,-0.00081,-0.0063,-0.00047,-0.29366,0.15965,-0.87688,-0.00339,-0.0075,0.0001,-0.36511,-0.10861,-0.89945,3,37.7604,362.7175,35.6245,179.863,0.9689,-98.4622,0.0099,23.3121,0.2549
963,000963.png,False,1788883446.739907,1788883446.679907,shear_-X_back,8,-X,0.0,-0.26535,0.0839,-0.83267,-0.00023,-0.0037,-0.00023,-0.19025,0.13964,-0.81104,-0.00282,-0.00489,0.00033,-0.266,-0.07326,-0.83347,3,37.8098,362.7348,35.6311,179.8625,0.9718,-98.4585,0.0045,23.3187,0.2483
964,000964.png,False,1788883446.935846,1788883446.875846,shear_-X_back,8,-X,0.0,-0.18642,0.00656,-0.89675,0.00165,-0.0018,-7e-05,-0.1113,0.06233,-0.87514,-0.00094,-0.003,0.00049,-0.15854,-0.10183,-0.89635,3,37.8842,362.722,35.6276,179.8627,0.9708,-98.4639,0.0022,23.3145,0.2525
965,000965.png,False,1788883448.691978,1788883448.631979,shear_-Y_out,8,-Y,0.5,-0.09578,-0.06826,-1.70829,0.00371,-0.00015,-0.00018,-0.02045,-0.01224,-1.68686,0.00112,-0.00134,0.00039,-0.03702,-0.13434,-1.70666,3,37.9548,362.7111,35.5749,179.8671,0.9595,-98.4549,0.0087,23.2611,0.3059
966,000966.png,False,1788883449.079952,1788883449.019952,shear_-Y_out,8,-Y,0.5,-0.09121,-0.16039,-1.52013,0.00565,0.0,-0.00013,-0.01583,-0.10431,-1.49873,0.00306,-0.00119,0.00045,0.01166,-0.20883,-1.51694,3,37.9792,362.6752,35.5835,179.8663,0.9609,-98.4549,0.0056,23.269,0.298
967,000967.png,False,1788883449.275995,1788883449.215995,shear_-Y_out,8,-Y,0.5,-0.09307,-0.20401,-1.5031,0.00672,3e-05,-0.00038,-0.01767,-0.14791,-1.48172,0.00412,-0.00117,0.00019,0.03173,-0.24727,-1.49914,3,37.9943,362.6528,35.5822,179.8661,0.9622,-98.4558,0.0093,23.2672,0.2998
968,000968.png,False,1788883449.472027,1788883449.412027,shear_-Y_out,8,-Y,0.5,-0.09114,-0.26101,-1.58833,0.00804,-0.00019,-0.00014,-0.01572,-0.20488,-1.56698,0.00545,-0.00139,0.00043,0.06247,-0.29704,-1.58338,3,38.0076,362.6238,35.5779,179.866,0.9617,-98.4556,0.0039,23.2623,0.3047
969,000969.png,False,1788883449.667907,1788883449.607907,shear_-Y_out,8,-Y,0.5,-0.08728,-0.30654,-1.59365,0.00925,4e-05,-0.00024,-0.01183,-0.25038,-1.57231,0.00665,-0.00116,0.00033,0.0886,-0.33462,-1.58792,3,38.0236,362.6015,35.5765,179.8661,0.9615,-98.4556,0.003,23.2605,0.3065
970,000970.png,False,1788883449.860011,1788883449.800011,shear_-Y_out,8,-Y,0.5,-0.07821,-0.36336,-1.63548,0.01057,0.00026,-7e-05,-0.00273,-0.30718,-1.61416,0.00797,-0.00094,0.00051,0.12514,-0.37997,-1.62878,3,38.0457,362.5759,35.5738,179.8664,0.9616,-98.4562,0.0079,23.2572,0.3098
971,000971.png,False,1788883450.056005,1788883449.996005,shear_-Y_out,8,-Y,0.5,-0.08972,-0.41335,-1.67341,0.01182,0.00014,-1e-05,-0.01422,-0.35713,-1.65211,0.00922,-0.00106,0.00056,0.1404,-0.42962,-1.66581,3,38.0585,362.5475,35.5747,179.8664,0.9616,-98.4567,0.0026,23.2576,0.3094
972,000972.png,False,1788883452.396136,1788883452.336136,shear_-Y_out,8,-Y,0.5,-0.10124,-0.49346,-0.99839,0.01307,9e-05,0.00011,-0.02547,-0.43691,-0.97732,0.01046,-0.00111,0.00069,0.16577,-0.49395,-0.98948,3,38.1,362.4574,35.6208,179.8664,0.9611,-98.4551,0.003,23.3019,0.2651
973,000973.png,False,1788883452.592160,1788883452.532160,shear_-Y_out,8,-Y,0.5,-0.09238,-0.51854,-1.06897,0.01382,0.00028,5e-05,-0.01659,-0.46196,-1.04792,0.01121,-0.00091,0.00063,0.18646,-0.51238,-1.05963,3,38.113,362.4428,35.6174,179.8659,0.9625,-98.4558,0.009,23.2982,0.2688
974,000974.png,False,1788883452.788169,1788883452.728169,shear_-Y_out,8,-Y,0.5,-0.07832,-0.54028,-1.02994,0.01434,0.00065,-3e-05,-0.0025,-0.48367,-1.0089,0.01173,-0.00054,0.00055,0.20924,-0.52355,-1.02025,3,38.13,362.4299,35.6184,179.8655,0.9645,-98.4569,0.006,23.299,0.2681
975,000975.png,False,1788883452.984163,1788883452.924163,shear_-Y_out,8,-Y,0.5,-0.07193,-0.57424,-1.06388,0.0152,0.00088,3e-05,0.00391,-0.51761,-1.04286,0.01259,-0.00031,0.00061,0.23197,-0.55032,-1.05361,3,38.1436,362.4126,35.6183,179.8656,0.9643,-98.4573,0.0008,23.2985,0.2685
976,000976.png,False,1788883453.180167,1788883453.120167,shear_-Y_out,8,-Y,0.5,-0.07881,-0.59817,-1.08634,0.01574,0.00065,-4e-05,-0.00295,-0.5415,-1.06534,0.01312,-0.00055,0.00054,0.23812,-0.57484,-1.07564,3,38.1503,362.3939,35.6171,179.8656,0.9636,-98.4567,0.0047,23.2969,0.2701
977,000977.png,False,1788883453.764112,1788883453.704112,shear_-Y_back,8,-Y,0.0,-0.08151,-0.59808,-1.08874,0.01574,0.00061,-1e-05,-0.00557,-0.54133,-1.0678,0.01313,-0.00059,0.00057,0.23576,-0.57615,-1.07804,3,38.154,362.3843,35.6171,179.8654,0.9644,-98.456,0.0055,23.2967,0.2703
978,000978.png,False,1788883454.152248,1788883454.092248,shear_-Y_back,8,-Y,0.0,-0.04149,-0.47314,-0.82554,0.01274,0.00168,-0.00032,0.0345,-0.41634,-0.80464,0.01012,0.00048,0.00027,0.20618,-0.44373,-0.81712,3,38.141,362.4543,35.6345,179.8628,0.9718,-98.4587,0.0051,23.3153,0.2517
979,000979.png,False,1788883454.544226,1788883454.484226,shear_-Y_back,8,-Y,0.0,0.00764,-0.29396,-0.54182,0.00839,0.00279,-0.00033,0.08366,-0.23709,-0.52096,0.00577,0.0016,0.00025,0.15724,-0.25945,-0.53666,3,38.1198,362.557,35.6601,179.8604,0.9784,-98.4681,0.0037,23.3427,0.2243
980,000980.png,False,1788883454.740162,1788883454.680162,shear_-Y_back,8,-Y,0.0,-0.00252,-0.29409,-0.83089,0.00847,0.00237,-0.00011,0.07353,-0.2372,-0.81005,0.00585,0.00117,0.00047,0.15051,-0.26928,-0.82566,3,38.1107,362.5647,35.6404,179.8618,0.9743,-98.4681,0.007,23.3232,0.2439
981,000981.png,False,1788883455.520319,1788883455.460319,shear_-Y_back,8,-Y,0.0,-0.05811,0.0706,-1.34951,0.00028,0.00071,-0.00028,0.01804,0.1276,-1.32874,-0.00235,-0.00049,0.00031,-0.07625,0.01049,-1.35041,3,37.9736,362.72,35.5971,179.8632,0.9709,-98.4643,0.0033,23.2834,0.2836
982,000982.png,False,1788883456.688361,1788883456.628361,shear_+Y_out,8,+Y,0.5,-0.0829,0.09038,-2.05855,-4e-05,-0.00036,-0.00027,-0.00662,0.14755,-2.0379,-0.00266,-0.00156,0.00032,-0.1027,0.00388,-2.05963,3,37.9435,362.7448,35.5499,179.8708,0.9471,-98.4714,0.0083,23.2368,0.3302
983,000983.png,False,1788883456.884356,1788883456.824356,shear_+Y_out,8,+Y,0.5,-0.08411,0.09876,-2.05202,-6e-05,-0.00032,-0.00051,-0.00781,0.15596,-2.03139,-0.00269,-0.00152,9e-05,-0.10798,0.01063,-2.05325,3,37.9415,362.7428,35.5532,179.8704,0.9476,-98.4712,0.0035,23.24,0.327
984,000984.png,False,1788883457.276364,1788883457.216364,shear_+Y_out,8,+Y,0.5,-0.05385,0.21221,-1.64415,-0.00299,0.00063,-0.00019,0.0225,0.26946,-1.62355,-0.00562,-0.00056,0.0004,-0.14127,0.13054,-1.64747,3,37.9206,362.81,35.5777,179.869,0.9522,-98.4729,0.0067,23.2658,0.3012
985,000985.png,False,1788883457.472395,1788883457.412395,shear_+Y_out,8,+Y,0.5,-0.06313,0.26922,-1.50961,-0.00438,0.00038,-0.00025,0.01325,0.3265,-1.48903,-0.00701,-0.00081,0.00034,-0.17873,0.17743,-1.51392,3,37.9016,362.8342,35.5848,179.869,0.9522,-98.4729,0.0082,23.2734,0.2937
986,000986.png,False,1788883457.664316,1788883457.604316,shear_+Y_out,8,+Y,0.5,-0.08579,0.32562,-1.56146,-0.00577,-0.00018,-0.00034,-0.00939,0.38293,-1.54091,-0.0084,-0.00138,0.00025,-0.22617,0.21413,-1.5667,3,37.8772,362.858,35.5805,179.8694,0.9517,-98.4714,0.0009,23.2696,0.2974
987,000987.png,False,1788883457.860426,1788883457.800426,shear_+Y_out,8,+Y,0.5,-0.08158,0.38025,-2.1062,-0.00698,-0.00056,-0.00043,-0.00516,0.43759,-2.08566,-0.00961,-0.00176,0.00017,-0.24605,0.25482,-2.11231,3,37.8632,362.8748,35.5561,179.8709,0.9471,-98.4707,0.0064,23.2456,0.3214
988,000988.png,False,1788883458.056431,1788883457.996431,shear_+Y_out,8,+Y,0.5,-0.08304,0.42381,-2.36448,-0.00778,-0.00053,-0.00033,-0.00659,0.48118,-2.34397,-0.01041,-0.00173,0.00026,-0.26728,0.28768,-2.3713,3,37.8515,362.8969,35.5457,179.871,0.946,-98.4712,0.0063,23.2356,0.3314
989,000989.png,False,1788883458.252342,1788883458.192342,shear_+Y_out,8,+Y,0.5,-0.07664,0.47572,-2.30072,-0.00927,-0.00054,-0.00035,-0.00017,0.53312,-2.28022,-0.0119,-0.00174,0.00024,-0.28811,0.33686,-2.30846,3,37.8413,362.9205,35.5474,179.8712,0.9461,-98.4718,0.0011,23.2378,0.3292
990,000990.png,False,1788883459.032381,1788883458.972381,shear_+Y_back,8,+Y,0.0,-0.08525,0.50584,-2.28937,-0.00998,-0.0007,-0.00037,-0.00869,0.56335,-2.26895,-0.01262,-0.0019,0.00022,-0.3107,0.35882,-2.29763,3,37.8241,362.9395,35.546,179.871,0.9458,-98.472,0.0076,23.2368,0.3302
991,000991.png,False,1788883459.228483,1788883459.168483,shear_+Y_back,8,+Y,0.0,-0.08256,0.50819,-2.29402,-0.00989,-0.00059,-0.00051,-0.00597,0.56572,-2.27362,-0.01253,-0.00178,9e-05,-0.30951,0.36213,-2.30232,3,37.8223,362.9438,35.5453,179.8711,0.9463,-98.4718,0.0071,23.2362,0.3308
992,000992.png,False,1788883459.616410,1788883459.556410,shear_+Y_back,8,+Y,0.0,-0.14667,0.33184,-2.74813,-0.00577,-0.00257,-0.00042,-0.07004,0.38944,-2.72777,-0.00841,-0.00377,0.00018,-0.27379,0.17009,-2.75317,3,37.842,362.8353,35.5175,179.8748,0.9356,-98.4674,0.0021,23.2065,0.3605
993,000993.png,False,1788883459.812506,1788883459.752506,shear_+Y_back,8,+Y,0.0,-0.16641,0.26838,-2.92593,-0.00402,-0.00288,-0.00043,-0.08976,0.326,-2.90559,-0.00666,-0.00408,0.00016,-0.25795,0.10241,-2.92981,3,37.8488,362.804,35.5087,179.8759,0.9327,-98.4615,0.0077,23.1972,0.3698
994,000994.png,False,1788883465.080691,1788883465.020691,shear_+Y_back,8,+Y,0.0,-0.0832,-0.04211,-1.85864,0.00296,-0.00035,-0.00026,-0.00592,0.01627,-1.83881,0.0003,-0.00155,0.00035,-0.03814,-0.10781,-1.85746,3,37.9491,362.706,35.5703,179.872,0.944,-98.4607,0.0033,23.2565,0.3105
995,000995.png,False,1788883466.640857,1788883466.580858,shear_+X_out,9,+X,0.5,0.24858,0.00282,-1.90463,0.00201,0.00765,-4e-05,0.32605,0.06142,-1.88496,-0.00066,0.00646,0.00058,0.22712,0.09614,-1.90489,3,38.0904,362.8177,35.5672,179.871,0.9477,-98.4609,0.0069,23.2542,0.3128
996,000996.png,False,1788883466.836899,1788883466.776899,shear_+X_out,9,+X,0.5,0.30869,0.00091,-1.95105,0.002,0.00896,0.0001,0.38618,0.05955,-1.93139,-0.00067,0.00776,0.00072,0.28046,0.12378,-1.95138,4,38.1189,362.8297,35.5642,179.8712,0.9473,-98.4614,0.0076,23.2512,0.3159
997,000997.png,False,1788883468.980889,1788883468.920889,shear_+X_out,9,+X,0.5,0.39849,-0.05345,-1.4283,0.00294,0.01143,-0.00027,0.47623,0.00549,-1.40886,0.00026,0.01023,0.00035,0.38178,0.12994,-1.42795,3,38.2009,362.8529,35.5901,179.8725,0.9442,-98.4616,0.0115,23.2769,0.2901
998,000998.png,False,1788883469.176978,1788883469.116978,shear_+X_out,9,+X,0.5,0.45234,-0.05101,-1.30726,0.00278,0.01256,-0.00028,0.53011,0.00796,-1.28784,0.00011,0.01137,0.00035,0.42638,0.1609,-1.30708,3,38.2327,362.8712,35.5961,179.8718,0.9458,-98.4633,0.0033,23.2829,0.2841
999,000999.png,False,1788883469.372997,1788883469.312997,shear_+X_out,9,+X,0.5,0.47113,-0.03531,-1.23331,0.00248,0.01302,-0.00021,0.54893,0.02369,-1.21391,-0.0002,0.01183,0.00042,0.43429,0.18507,-1.23346,3,38.2445,362.8909,35.6068,179.8712,0.9472,-98.4627,0.0027,23.2939,0.2731
1000,001000.png,False,1788883471.321115,1788883471.261116,shear_+X_back,9,+X,0.0,0.373,-0.02955,-2.09843,0.00272,0.01069,-0.00032,0.45103,0.02973,-2.07921,3e-05,0.00949,0.00031,0.35241,0.12717,-2.09834,3,38.2387,362.8764,35.5576,179.8741,0.9376,-98.4663,0.0009,23.2445,0.3225
