t,x,y,z,rx,ry,rz
1788774727.055463,37.8345,363.0946,42.1308,179.4005,1.002,-122.3475
1788774727.075541,37.8351,363.096,42.133,179.4002,1.002,-122.3475
1788774727.095712,37.8345,363.0945,42.1325,179.4005,1.002,-122.3475
1788774727.115736,37.8338,363.0956,42.1334,179.4003,1.0018,-122.3475
1788774727.155879,37.8337,363.0961,42.1347,179.4002,1.002,-122.3475
1788774727.176028,37.8354,363.0939,42.1312,179.4005,1.0017,-122.3477
1788774727.196177,37.8336,363.0966,42.1343,179.4,1.0021,-122.3472
1788774727.217730,37.834,363.0944,42.1325,179.4003,1.0018,-122.3475
1788774727.237908,37.8346,363.0954,42.1334,179.4002,1.0017,-122.3477
1788774727.258737,37.8327,363.0941,42.1329,179.4005,1.0017,-122.3472
1788774727.278927,37.8336,363.0967,42.1326,179.4,1.0021,-122.3475
1788774727.299008,37.834,363.0945,42.1308,179.4003,1.0018,-122.3475
1788774727.319082,37.8341,363.0939,42.1329,179.4005,1.0017,-122.3475
1788774727.339165,37.8344,363.0949,42.1339,179.4003,1.0021,-122.3472
1788774727.359246,37.8342,363.0963,42.133,179.4003,1.0021,-122.3477
1788774727.379328,37.8337,363.0962,42.133,179.4002,1.002,-122.3475
1788774727.479704,37.8356,363.0961,42.133,179.4003,1.0021,-122.3477
1788774727.499816,37.8338,363.0958,42.1317,179.4003,1.0018,-122.3472
1788774727.519897,37.8335,363.0971,42.134,179.3999,1.0023,-122.3472
1788774727.540132,37.8337,363.0962,42.133,179.4002,1.002,-122.3475
1788774727.560288,37.8339,363.0949,42.1322,179.4002,1.002,-122.3472
1788774727.580367,37.8338,363.0954,42.1335,179.4,1.0021,-122.3472
1788774727.600544,37.8336,363.0966,42.1343,179.4,1.0021,-122.3475
1788774727.620748,37.8354,363.0943,42.1325,179.4003,1.0018,-122.3477
1788774727.640869,37.834,363.0944,42.1325,179.4003,1.0018,-122.3475
1788774727.660953,37.8352,363.0955,42.1334,179.4003,1.0018,-122.3477
1788774727.681122,37.8337,363.0962,42.133,179.4002,1.002,-122.3475
1788774727.701339,37.8351,363.096,42.133,179.4002,1.002,-122.3475
1788774727.721508,37.8335,363.0943,42.1325,179.4002,1.0017,-122.3472
1788774727.741668,37.8342,363.0935,42.1316,179.4006,1.0015,-122.3475
1788774727.761855,37.8355,363.0934,42.1316,179.4006,1.0015,-122.3475
1788774727.782037,37.8341,363.0939,42.1329,179.4005,1.0017,-122.3475
1788774727.802113,37.8334,363.0948,42.1339,179.4,1.0018,-122.3472
1788774727.822216,37.8337,363.0962,42.133,179.4002,1.002,-122.3475
1788774727.842281,37.834,363.0944,42.1325,179.4003,1.0018,-122.3475
1788774727.882540,37.8337,363.0962,42.133,179.4002,1.002,-122.3472
1788774727.902754,37.835,363.0966,42.1326,179.4,1.0021,-122.3477
1788774727.922923,37.836,363.094,42.1312,179.4006,1.0018,-122.3475
1788774727.943110,37.8335,363.0943,42.1325,179.4002,1.0017,-122.3475
1788774727.963268,37.8345,363.0945,42.1325,179.4005,1.002,-122.3472
1788774727.983421,37.8354,363.0943,42.1325,179.4003,1.0018,-122.3477
1788774728.003590,37.8351,363.0956,42.1317,179.4003,1.0018,-122.3477
1788774728.023667,37.8345,363.0945,42.1325,179.4005,1.002,-122.3472
1788774728.043828,37.834,363.0944,42.1325,179.4003,1.0018,-122.3477
1788774728.063940,37.8335,363.0943,42.1325,179.4002,1.0017,-122.3475
1788774728.084083,37.8341,363.094,42.1312,179.4005,1.0017,-122.3475
1788774728.104152,37.8335,363.0972,42.1322,179.3999,1.0023,-122.3475
1788774728.124227,37.8337,363.0962,42.133,179.4002,1.002,-122.3472
1788774728.144298,37.8335,363.0943,42.1325,179.4002,1.0017,-122.3475
1788774728.164474,37.8349,363.0941,42.1342,179.4002,1.0017,-122.3479
1788774728.184668,37.8359,363.0944,42.1325,179.4005,1.002,-122.3475
1788774728.204787,37.834,363.0944,42.1325,179.4003,1.0018,-122.3475
1788774728.244891,37.8338,363.0956,42.1334,179.4003,1.0018,-122.3475
1788774728.264966,37.8337,363.0962,42.133,179.4002,1.002,-122.3475
1788774728.285039,37.8353,363.0948,42.1322,179.4002,1.002,-122.3477
1788774728.305113,37.8341,363.094,42.1312,179.4005,1.0017,-122.3472
1788774728.325280,37.834,363.0944,42.1325,179.4003,1.0018,-122.3472
1788774728.345352,37.8354,363.0943,42.1325,179.4003,1.0018,-122.3477
1788774728.365535,37.8351,363.0956,42.1317,179.4003,1.0018,-122.3477
1788774728.385674,37.834,363.0944,42.1325,179.4003,1.0018,-122.3472
1788774728.426049,37.8354,363.0943,42.1325,179.4003,1.0018,-122.3477
1788774728.446122,37.834,363.0944,42.1325,179.4003,1.0018,-122.3475
1788774728.466197,37.834,363.0944,42.1325,179.4003,1.0018,-122.3472
1788774728.486378,37.8327,363.0941,42.1329,179.4005,1.0017,-122.347
1788774728.506540,37.8338,363.0956,42.1334,179.4003,1.0018,-122.3472
1788774728.526654,37.8337,363.0962,42.133,179.4002,1.002,-122.3472
1788774728.546701,37.8333,363.0952,42.132,179.4003,1.0015,-122.3472
1788774728.566783,37.8351,363.096,42.133,179.4002,1.002,-122.3477
1788774728.586851,37.8337,363.0962,42.133,179.4002,1.002,-122.3475
1788774728.606918,37.834,363.0944,42.1325,179.4003,1.0018,-122.3475
1788774728.647062,37.8337,363.0962,42.133,179.4002,1.002,-122.3475
1788774728.667167,37.8354,363.0939,42.1312,179.4005,1.0017,-122.3477
1788774728.687240,37.8346,363.094,42.1329,179.4006,1.0018,-122.3472
1788774728.707418,37.834,363.0944,42.1325,179.4003,1.0018,-122.3472
1788774728.727491,37.8337,363.0962,42.133,179.4002,1.002,-122.3472
1788774728.747565,37.8338,363.0956,42.1334,179.4003,1.0018,-122.3472
1788774728.767652,37.8341,363.094,42.1312,179.4005,1.0017,-122.3475
1788774728.787855,37.8337,363.0962,42.133,179.4002,1.002,-122.3472
1788774728.808030,37.834,363.0944,42.1325,179.4003,1.0018,-122.3475
1788774728.828101,37.8338,363.0954,42.1335,179.4,1.0021,-122.3472
1788774728.848176,37.834,363.0944,42.1325,179.4003,1.0018,-122.3472
1788774728.868250,37.8334,363.0948,42.1322,179.4,1.0018,-122.3475
1788774728.888350,37.8354,363.0943,42.1325,179.4003,1.0018,-122.3477
1788774728.908441,37.8335,363.0971,42.134,179.3999,1.0023,-122.3472
1788774728.928517,37.8355,363.0938,42.1329,179.4005,1.0017,-122.3475
1788774728.948625,37.834,363.0944,42.1325,179.4003,1.0018,-122.3472
1788774728.968736,37.8337,363.0962,42.133,179.4002,1.002,-122.3475
1788774728.988839,37.8341,363.0939,42.1329,179.4005,1.0017,-122.3472
1788774729.008945,37.8341,363.094,42.1312,179.4005,1.0017,-122.3472
1788774729.029019,37.8341,363.0939,42.1329,179.4005,1.0017,-122.3472
1788774729.049092,37.8337,363.0962,42.133,179.4002,1.002,-122.3475
1788774729.069164,37.8332,363.0961,42.133,179.4,1.0018,-122.3472
1788774729.089230,37.8354,363.0943,42.1325,179.4003,1.0018,-122.3477
1788774729.109299,37.8335,363.0943,42.1325,179.4002,1.0017,-122.3475
1788774729.129369,37.8327,363.0956,42.1317,179.4,1.0015,-122.3472
1788774729.149449,37.8342,363.0932,42.1317,179.4003,1.0018,-122.3475
1788774729.169525,37.834,363.0944,42.1325,179.4003,1.0018,-122.3475
1788774729.189629,37.834,363.0944,42.1325,179.4003,1.0018,-122.3472
1788774729.209728,37.8342,363.0935,42.1316,179.4006,1.0015,-122.3472
1788774729.229794,37.8343,363.0957,42.1334,179.4005,1.002,-122.3472
1788774729.249872,37.8346,363.0941,42.1312,179.4006,1.0018,-122.3472
1788774729.269977,37.8338,363.0956,42.1334,179.4003,1.0018,-122.3472
1788774729.290061,37.8342,363.0935,42.1316,179.4006,1.0015,-122.3475
1788774729.310123,37.8341,363.0939,42.1329,179.4005,1.0017,-122.3475
1788774729.330201,37.8352,363.0951,42.132,179.4005,1.0017,-122.3475
1788774729.350366,37.8332,363.0961,42.133,179.4,1.0018,-122.3475
1788774729.370555,37.834,363.0944,42.1325,179.4003,1.0018,-122.3475
1788774729.390661,37.8341,363.094,42.1312,179.4005,1.0017,-122.3475
1788774729.410747,37.8339,363.0949,42.1322,179.4002,1.002,-122.3475
1788774729.430822,37.834,363.0944,42.1325,179.4003,1.0018,-122.3475
1788774729.451092,37.8335,363.0943,42.1325,179.4002,1.0017,-122.3477
1788774729.471285,37.8337,363.0962,42.133,179.4002,1.002,-122.3475
1788774729.491353,37.8338,363.0958,42.1317,179.4003,1.0018,-122.3475
1788774729.511563,37.834,363.0944,42.1325,179.4003,1.0018,-122.3475
1788774729.551768,37.8341,363.094,42.1312,179.4005,1.0017,-122.3475
1788774729.571917,37.8341,363.094,42.1312,179.4005,1.0017,-122.3472
1788774729.592060,37.8351,363.096,42.133,179.4002,1.002,-122.3477
1788774729.612214,37.834,363.0944,42.1325,179.4003,1.0018,-122.3475
1788774729.632365,37.8332,363.0957,42.1317,179.4002,1.0017,-122.3475
1788774729.652517,37.834,363.0945,42.1308,179.4003,1.0018,-122.3472
1788774729.672669,37.8351,363.096,42.133,179.4002,1.002,-122.3477
1788774729.692703,37.8337,363.0962,42.133,179.4002,1.002,-122.3472
1788774729.712842,37.834,363.0944,42.1325,179.4003,1.0018,-122.3472
1788774729.732998,37.8335,363.0943,42.1325,179.4002,1.0017,-122.3472
1788774729.753281,37.8334,363.0948,42.1322,179.4,1.0018,-122.3472
1788774729.773363,37.834,363.0944,42.1325,179.4003,1.0018,-122.3475
1788774729.793533,37.8359,363.0944,42.1325,179.4005,1.002,-122.3475
1788774729.813704,37.8355,363.0934,42.1316,179.4006,1.0015,-122.3477
1788774729.833839,37.834,363.0944,42.1325,179.4003,1.0018,-122.3475
1788774729.854009,37.8341,363.0939,42.1329,179.4005,1.0017,-122.3475
1788774729.874083,37.8341,363.094,42.1312,179.4005,1.0017,-122.3472
1788774729.894158,37.834,363.0944,42.1325,179.4003,1.0018,-122.3475
1788774729.914296,37.8335,363.0943,42.1325,179.4002,1.0017,-122.3475
1788774729.934398,37.8341,363.0939,42.1329,179.4005,1.0017,-122.3472
1788774729.954503,37.8349,363.0924,42.1308,179.4008,1.0017,-122.3475
1788774729.974618,37.8339,363.0949,42.1322,179.4002,1.002,-122.3475
1788774729.994788,37.8337,363.0962,42.133,179.4002,1.002,-122.3477
1788774730.014841,37.8342,363.0935,42.1316,179.4006,1.0015,-122.3472
1788774730.034998,37.8339,363.0948,42.1339,179.4002,1.002,-122.3475
1788774730.055070,37.8342,363.0963,42.133,179.4003,1.0021,-122.3475
1788774730.075139,37.834,363.0945,42.1308,179.4003,1.0018,-122.3472
1788774730.095295,37.834,363.0944,42.1325,179.4003,1.0018,-122.3472
1788774730.115445,37.8341,363.094,42.1312,179.4005,1.0017,-122.3475
1788774730.135597,37.835,363.0937,42.1329,179.4003,1.0015,-122.3475
1788774730.155779,37.8342,363.0935,42.1316,179.4006,1.0015,-122.3475
1788774730.175812,37.8341,363.0939,42.1329,179.4005,1.0017,-122.3472
1788774730.196004,37.8331,363.0948,42.1308,179.4005,1.002,-122.3472
1788774730.216151,37.8337,363.0963,42.1313,179.4002,1.002,-122.3475
1788774730.236303,37.8334,363.095,42.1337,179.4003,1.0015,-122.3472
1788774730.256500,37.8338,363.0958,42.1317,179.4003,1.0018,-122.3472
1788774730.276649,37.8356,363.0961,42.133,179.4003,1.0021,-122.3475
1788774730.296907,37.8341,363.0939,42.1329,179.4005,1.0017,-122.3475
1788774730.317097,37.8341,363.094,42.1312,179.4005,1.0017,-122.3475
1788774730.337237,37.8351,363.0955,42.1334,179.4003,1.0018,-122.3475
1788774730.357485,37.8338,363.0958,42.1317,179.4003,1.0018,-122.3472
1788774730.377671,37.8341,363.094,42.1312,179.4005,1.0017,-122.3477
1788774730.397807,37.834,363.0944,42.1325,179.4003,1.0018,-122.3475
1788774730.417966,37.8341,363.094,42.1312,179.4005,1.0017,-122.3475
1788774730.438114,37.8335,363.0943,42.1325,179.4002,1.0017,-122.3475
1788774730.461774,37.8337,363.0963,42.1313,179.4002,1.002,-122.3475
1788774730.481941,37.8336,363.0967,42.1326,179.4,1.0021,-122.3475
1788774730.502113,37.8342,363.0932,42.1317,179.4003,1.0018,-122.3472
1788774730.522250,37.837,363.078,42.0806,179.405,0.9967,-122.3474
1788774730.542406,37.8404,363.0562,42.0204,179.4083,0.9929,-122.3473
1788774730.562569,37.84,363.0541,41.9924,179.4081,0.9933,-122.3471
1788774730.582761,37.8425,363.0475,41.9312,179.4081,0.9933,-122.3473
1788774730.602934,37.8415,363.0532,41.8894,179.4068,0.9948,-122.3471
1788774730.623096,37.8414,363.0539,41.8447,179.4067,0.9949,-122.3473
1788774730.643268,37.8401,363.0609,41.7744,179.4055,0.9962,-122.3474
1788774730.663611,37.8399,363.0618,41.7181,179.4055,0.9962,-122.3471
1788774730.683767,37.839,363.0639,41.661,179.4053,0.9961,-122.3474
1788774730.703932,37.8391,363.0663,41.5907,179.4053,0.9964,-122.3474
1788774730.724137,37.8408,363.0676,41.5291,179.4051,0.997,-122.3476
1788774730.744290,37.8383,363.0706,41.4713,179.4043,0.9975,-122.3474
1788774730.764381,37.8379,363.0728,41.401,179.4042,0.9977,-122.3474
1788774730.784550,37.8394,363.0753,41.3452,179.4042,0.998,-122.3476
1788774730.804706,37.8377,363.0743,41.2902,179.4042,0.9977,-122.3472
1788774730.824831,37.8368,363.0793,41.2115,179.4037,0.9981,-122.3472
1788774730.845016,37.8376,363.0748,41.1524,179.4046,0.9972,-122.3472
1788774730.865173,37.8372,363.0767,41.1019,179.4042,0.9977,-122.3476
1788774730.885351,37.838,363.0724,41.0344,179.4048,0.997,-122.3472
1788774730.905529,37.8386,363.0736,40.9792,179.404,0.9975,-122.3474
1788774730.925691,37.8374,363.0758,40.8957,179.4031,0.9988,-122.3474
1788774730.945880,37.8367,363.0794,40.8423,179.4023,0.9997,-122.3474
1788774730.966024,37.8377,363.0739,40.7773,179.4031,0.9988,-122.3472
1788774730.986101,37.8376,363.0744,40.7211,179.4028,0.9991,-122.3472
1788774731.006260,37.8361,363.0756,40.6661,179.4019,1.0001,-122.3472
1788774731.026505,37.8372,363.0766,40.598,179.4017,1.0004,-122.3472
1788774731.046728,37.8369,363.0786,40.5439,179.4005,1.0017,-122.3472
1788774731.066838,37.8361,363.0798,40.4955,179.4,1.0018,-122.3472
1788774731.093103,37.8364,363.0842,40.4581,179.3997,1.0028,-122.3473
1788774731.113262,37.8338,363.0956,40.4763,179.3974,1.005,-122.3475
1788774731.133493,37.8336,363.0968,40.4771,179.3974,1.005,-122.3475
1788774731.153655,37.837,363.0826,40.4267,179.4015,1.0002,-122.3474
1788774731.173822,37.8346,363.0939,40.3633,179.4001,1.0025,-122.347
1788774731.193999,37.8335,363.0969,40.3317,179.3999,1.0023,-122.347
1788774731.214072,37.8335,363.0971,40.284,179.3999,1.0023,-122.3472
1788774731.234223,37.8324,363.1033,40.2533,179.3986,1.0037,-122.347
1788774731.254389,37.8336,363.1041,40.2248,179.3984,1.0039,-122.3477
1788774731.274548,37.8315,363.1081,40.1827,179.398,1.0044,-122.3473
1788774731.294729,37.8303,363.1116,40.1506,179.3969,1.0052,-122.3475
1788774731.314825,37.8301,363.1161,40.1605,179.3956,1.0069,-122.3473
1788774731.334975,37.8309,363.1187,40.1764,179.3941,1.0085,-122.3473
1788774731.355053,37.8298,363.1175,40.1741,179.3946,1.0081,-122.3471
1788774731.375082,37.8289,363.1221,40.1807,179.3938,1.0089,-122.3471
1788774731.395215,37.8297,363.1179,40.1754,179.3944,1.0082,-122.3471
1788774731.415346,37.8296,363.1187,40.1781,179.3941,1.0085,-122.3471
1788774731.435515,37.8312,363.1169,40.176,179.3943,1.0084,-122.3473
1788774731.455654,37.8317,363.1147,40.1759,179.3946,1.0081,-122.3473
1788774731.475818,37.8305,363.1108,40.1736,179.3949,1.0074,-122.3471
1788774731.495878,37.8309,363.1115,40.1716,179.3949,1.0077,-122.3473
1788774731.515954,37.8332,363.106,40.1719,179.3953,1.0073,-122.3473
1788774731.536106,37.8317,363.1071,40.1697,179.3955,1.0071,-122.3471
1788774731.556175,37.8318,363.1063,40.1702,179.3953,1.0073,-122.3471
1788774731.576320,37.8322,363.1045,40.1698,179.3955,1.0071,-122.3471
1788774731.596515,37.8338,363.1003,40.1692,179.3958,1.0065,-122.3473
1788774731.616718,37.8329,363.1006,40.1675,179.3959,1.0066,-122.3471
1788774731.656934,37.835,363.0964,40.167,179.3963,1.0061,-122.3475
1788774731.677009,37.832,363.1052,40.1628,179.3958,1.0068,-122.3473
1788774731.697082,37.8158,363.1941,40.1498,179.3878,1.0154,-122.3472
1788774731.717157,37.8259,363.1362,40.1348,179.3918,1.0108,-122.3474
1788774731.737312,37.8304,363.1169,40.1268,179.3939,1.0092,-122.3471
1788774731.757503,37.8302,363.1151,40.1295,179.3934,1.0093,-122.3474
1788774731.777664,37.8318,363.1067,40.1254,179.3944,1.0082,-122.3473
1788774731.797818,37.8318,363.1066,40.1271,179.3944,1.0082,-122.3473
1788774731.817988,37.8328,363.1082,40.1276,179.3943,1.0084,-122.3473
1788774731.838154,37.8319,363.1089,40.1272,179.3943,1.0087,-122.3471
1788774731.858325,37.833,363.1074,40.1281,179.3941,1.0085,-122.3473
1788774731.878525,37.8328,363.1082,40.1276,179.3943,1.0084,-122.3473
1788774731.898730,37.8332,363.106,40.1258,179.3946,1.0081,-122.3473
1788774731.918919,37.8327,363.1087,40.1272,179.3941,1.0085,-122.3476
1788774731.939116,37.8319,363.1062,40.1258,179.3946,1.0081,-122.3471
1788774731.959289,37.8314,363.1089,40.1272,179.3941,1.0085,-122.3471
1788774731.979445,37.8318,363.1067,40.1254,179.3944,1.0082,-122.3471
1788774731.999608,37.8315,363.1083,40.1276,179.3943,1.0084,-122.3473
1788774732.019811,37.8311,363.1101,40.128,179.3941,1.0085,-122.3471
1788774732.039881,37.8312,363.1097,40.1267,179.3943,1.0084,-122.3471
1788774732.059957,37.8333,363.1055,40.1262,179.3947,1.0079,-122.3473
1788774732.080029,37.8346,363.0983,40.1133,179.3963,1.0061,-122.3473
1788774732.100103,37.8417,363.0596,40.0243,179.4052,0.9965,-122.3474
1788774732.120257,37.8427,363.044,39.9861,179.4077,0.9935,-122.3469
1788774732.140465,37.8366,363.0801,40.0412,179.4015,1.0005,-122.347
1788774732.160626,37.8384,363.0701,40.0268,179.4028,0.9991,-122.347
1788774732.180701,37.8368,363.0789,40.0436,179.4011,1.001,-122.347
1788774732.200804,37.8387,363.0759,40.0374,179.4017,1.0004,-122.3474
1788774732.220876,37.8361,363.0828,40.0458,179.4006,1.0015,-122.347
1788774732.240983,37.8379,363.0806,40.0423,179.4009,1.0012,-122.3474
1788774732.261089,37.8376,363.0819,40.0463,179.4005,1.0017,-122.3475
1788774732.281209,37.8363,363.082,40.0463,179.4005,1.0017,-122.347
1788774732.301280,37.8372,363.084,40.0481,179.4002,1.002,-122.3472
1788774732.321389,37.8358,363.0843,40.0464,179.4002,1.002,-122.347
1788774732.341489,37.8356,363.0858,40.0502,179.4,1.0021,-122.3472
1788774732.361593,37.8356,363.0855,40.0504,179.3997,1.0025,-122.3472
1788774732.381714,37.8366,363.0876,40.0521,179.3994,1.0028,-122.3475
1788774732.401819,37.8347,363.0903,40.0553,179.399,1.0033,-122.3473
1788774732.421923,37.8361,363.0906,40.0566,179.3988,1.0034,-122.3475
1788774732.441997,37.836,363.091,40.0579,179.3987,1.0036,-122.3473
1788774732.462110,37.8356,363.0931,40.0597,179.3984,1.0039,-122.3473
1788774732.482181,37.8355,363.0937,40.0593,179.3983,1.0041,-122.3473
1788774732.502287,37.8334,363.0974,40.0617,179.3975,1.0049,-122.3471
1788774732.522392,37.8331,363.0991,40.0638,179.3974,1.005,-122.3471
1788774732.542468,37.8332,363.0988,40.064,179.3971,1.0053,-122.3471
1788774732.562540,37.8324,363.1004,40.0644,179.3968,1.0054,-122.3473
1788774732.582646,37.8328,363.101,40.0658,179.3968,1.0057,-122.3471
1788774732.602713,37.8327,363.1015,40.0654,179.3966,1.0058,-122.3473
1788774732.622794,37.8326,363.1023,40.068,179.3963,1.0061,-122.3471
1788774732.642900,37.8321,363.1046,40.0681,179.3961,1.0065,-122.3473
1788774732.663071,37.8321,363.105,40.0694,179.3959,1.0066,-122.3471
1788774732.683143,37.8328,363.1053,40.0691,179.3956,1.0066,-122.3473
1788774732.703326,37.8315,363.1081,40.0722,179.3953,1.0073,-122.3471
1788774732.723503,37.8329,363.1079,40.0722,179.3953,1.0073,-122.3473
1788774732.743681,37.8315,363.1081,40.0722,179.3953,1.0073,-122.3471
1788774732.763882,37.8313,363.109,40.0731,179.395,1.0076,-122.3471
1788774732.804135,37.8309,363.1113,40.0732,179.3947,1.0079,-122.3471
1788774732.824220,37.8324,363.1103,40.0737,179.3946,1.0081,-122.3473
1788774732.844416,37.8326,363.1094,40.0728,179.3949,1.0077,-122.3473
1788774732.864605,37.8309,363.1114,40.0747,179.3943,1.0084,-122.3471
1788774732.884810,37.8321,363.1121,40.0742,179.3944,1.0082,-122.3476
1788774732.904885,37.8306,363.1132,40.0751,179.3941,1.0085,-122.3471
1788774732.925053,37.8306,363.1132,40.0751,179.3941,1.0085,-122.3473
1788774732.945203,37.8304,363.1141,40.0761,179.3938,1.0089,-122.3474
1788774732.965380,37.8318,363.114,40.0761,179.3938,1.0089,-122.3476
1788774732.985542,37.8321,363.1122,40.0756,179.394,1.0087,-122.3473
1788774733.005708,37.8326,363.1123,40.0756,179.3941,1.0089,-122.3476
1788774733.025869,37.8309,363.1141,40.0778,179.394,1.009,-122.3474
1788774733.045946,37.8308,363.1146,40.0774,179.3939,1.0092,-122.3474
1788774733.066023,37.8305,363.1136,40.0765,179.394,1.0087,-122.3473
1788774733.086098,37.8317,363.1143,40.0774,179.3937,1.009,-122.3476
1788774733.106173,37.83,363.1162,40.0779,179.3935,1.0092,-122.3474
1788774733.126351,37.8304,363.114,40.0778,179.3938,1.0089,-122.3471
1788774733.151862,37.8318,363.1138,40.0778,179.3938,1.0089,-122.3476
1788774733.171939,37.8307,363.1128,40.077,179.3938,1.0089,-122.3474
1788774733.192015,37.8342,363.1038,40.0407,179.3965,1.0063,-122.3473
1788774733.212090,37.8322,363.1042,39.9745,179.3947,1.0079,-122.3473
1788774733.232164,37.8279,363.128,40.0103,179.3905,1.0125,-122.3472
1788774733.252249,37.828,363.1349,40.0298,179.3884,1.0148,-122.3474
1788774733.272363,37.8266,363.135,40.0315,179.3884,1.0148,-122.3472
1788774733.292447,37.8278,363.136,40.0372,179.3879,1.0153,-122.3477
1788774733.312656,37.8267,363.1343,40.0336,179.3885,1.0146,-122.3472
1788774733.332793,37.8278,363.1359,40.0357,179.3884,1.0148,-122.3474
1788774733.352868,37.8283,363.1333,40.0326,179.3888,1.0143,-122.3477
1788774733.372943,37.8268,363.1337,40.0356,179.3887,1.0145,-122.3472
1788774733.393017,37.8286,363.1314,40.0339,179.389,1.0141,-122.3477
1788774733.413092,37.827,363.1327,40.0364,179.389,1.0141,-122.3474
1788774733.433167,37.827,363.1328,40.0347,179.389,1.0141,-122.3474
1788774733.453241,37.8267,363.1345,40.0368,179.3888,1.0143,-122.3474
1788774733.473346,37.8287,363.1311,40.0358,179.3894,1.0137,-122.3476
1788774733.493412,37.8275,363.1302,40.0366,179.3897,1.0133,-122.3474
1788774733.513473,37.8276,363.1297,40.0369,179.3899,1.0132,-122.3474
1788774733.553729,37.8289,363.1295,40.0369,179.3899,1.0132,-122.3476
1788774733.573796,37.8278,363.1287,40.0377,179.3902,1.0129,-122.3474
1788774733.593858,37.8292,363.1281,40.0364,179.3903,1.0127,-122.3476
1788774733.613997,37.8371,363.0879,40.0114,179.3941,1.0089,-122.3474
1788774733.634075,37.8485,363.0148,39.9531,179.4015,1.0005,-122.3472
1788774733.654144,37.8388,363.0757,39.9916,179.3949,1.0077,-122.3475
1788774733.674293,37.8342,363.0931,40.0076,179.3925,1.0103,-122.3474
1788774733.694454,37.8353,363.0974,40.0095,179.3921,1.0111,-122.3476
1788774733.714622,37.8319,363.1088,40.0165,179.3909,1.0124,-122.3472
1788774733.734817,37.8332,363.1061,40.0117,179.3912,1.0117,-122.3476
1788774733.754987,37.8309,363.1087,40.0148,179.3906,1.0121,-122.3474
1788774733.775148,37.8324,363.1063,40.0117,179.3913,1.0119,-122.3474
1788774733.795253,37.8328,363.1082,40.0135,179.3909,1.0121,-122.3476
1788774733.815431,37.8321,363.1095,40.0126,179.3907,1.0119,-122.3474
1788774733.835608,37.8311,363.1103,40.0123,179.3907,1.0122,-122.3474
1788774733.855766,37.831,363.1107,40.0136,179.3906,1.0124,-122.3474
1788774733.875839,37.831,363.1108,40.0119,179.3906,1.0124,-122.3474
1788774733.896001,37.8318,363.1138,40.0129,179.39,1.013,-122.3474
1788774733.916166,37.8317,363.1142,40.0093,179.3896,1.0135,-122.3476
1788774733.936331,37.8297,363.1181,40.0099,179.3888,1.0143,-122.3472
1788774733.956496,37.8314,363.1163,40.0078,179.389,1.0141,-122.3477
1788774733.976653,37.8309,363.1191,40.0075,179.3885,1.0146,-122.3474
1788774733.996833,37.8307,363.1201,40.0067,179.3882,1.0149,-122.3475
1788774734.017003,37.8293,363.1204,40.005,179.3882,1.0149,-122.3472
1788774734.037180,37.8302,363.1198,40.0051,179.3878,1.0151,-122.3477
1788774734.057369,37.8293,363.1201,40.0034,179.3879,1.0153,-122.3475
1788774734.077443,37.8292,363.1206,40.0047,179.3878,1.0154,-122.3472
1788774734.097517,37.8306,363.1204,40.0047,179.3878,1.0154,-122.3475
1788774734.117684,37.829,363.1219,40.0039,179.3878,1.0154,-122.3472
1788774734.137840,37.8308,363.1192,40.0039,179.3878,1.0154,-122.3475
1788774734.157916,37.8288,363.1228,40.0048,179.3875,1.0157,-122.3475
1788774734.177990,37.8289,363.1224,40.0035,179.3876,1.0156,-122.3472
1788774734.198065,37.8297,363.1223,40.0018,179.3875,1.0154,-122.3475
1788774734.218226,37.831,363.1212,40.0027,179.3878,1.0157,-122.3475
1788774734.238405,37.8307,363.1198,40.0018,179.3876,1.0156,-122.3477
1788774734.258598,37.8301,363.1233,40.0027,179.3873,1.0159,-122.3477
1788774734.278752,37.8304,363.1216,40.0023,179.3875,1.0157,-122.3477
1788774734.298800,37.8294,363.1195,40.0005,179.3878,1.0154,-122.3475
1788774734.318898,37.8299,363.1215,40.0023,179.3873,1.0156,-122.3477
1788774734.338973,37.831,363.1212,40.001,179.3878,1.0157,-122.3475
1788774734.359051,37.8305,363.1212,40.001,179.3876,1.0156,-122.3475
1788774734.379123,37.8293,363.1201,40.0001,179.3876,1.0156,-122.3475
1788774734.399295,37.829,363.1219,39.9989,179.3875,1.0157,-122.3475
1788774734.419449,37.8289,363.1223,40.0002,179.3873,1.0159,-122.3475
1788774734.439640,37.829,363.1219,39.9989,179.3875,1.0157,-122.3475
1788774734.459847,37.8289,363.1224,39.9985,179.3873,1.0159,-122.3475
1788774734.482937,37.8308,363.1224,39.9985,179.3875,1.016,-122.3477
1788774734.503093,37.829,363.122,39.9972,179.3875,1.0157,-122.3475
1788774734.523230,37.8292,363.1207,39.9981,179.3875,1.0157,-122.3475
1788774734.543417,37.8296,363.1217,39.9958,179.3878,1.0157,-122.3472
1788774734.563581,37.8289,363.1224,39.9985,179.3873,1.0159,-122.3475
1788774734.589206,37.8293,363.1203,39.9967,179.3876,1.0156,-122.3472
1788774734.609364,37.8293,363.1203,39.9967,179.3876,1.0156,-122.3475
1788774734.629519,37.8373,363.0837,39.9298,179.3916,1.0113,-122.3476
1788774734.649673,37.8355,363.0892,39.903,179.3903,1.013,-122.3474
1788774734.669852,37.8296,363.1183,39.9417,179.3857,1.0177,-122.3475
1788774734.689930,37.832,363.1052,39.9214,179.3881,1.0151,-122.3475
1788774734.710037,37.8293,363.1204,39.9421,179.3859,1.0175,-122.3473
1788774734.730111,37.8316,363.1122,39.928,179.3872,1.0158,-122.3475
1788774734.750261,37.8302,363.1229,39.9403,179.3859,1.0175,-122.3477
1788774734.770468,37.8301,363.1157,39.9323,179.3871,1.0162,-122.3475
1788774734.790584,37.8283,363.123,39.9386,179.3857,1.0174,-122.3475
1788774734.810698,37.8295,363.116,39.9336,179.3867,1.0162,-122.3473
1788774734.830772,37.8293,363.1199,39.9376,179.3865,1.0169,-122.3475
1788774734.850843,37.8305,363.1183,39.9353,179.3867,1.0162,-122.3477
1788774734.871020,37.8304,363.1215,39.9397,179.3863,1.017,-122.3477
1788774734.891090,37.83,363.1191,39.9366,179.3869,1.0167,-122.3475
1788774734.911165,37.8314,363.1161,39.9369,179.3872,1.0161,-122.3475
1788774734.931241,37.8316,363.1147,39.9378,179.3872,1.0161,-122.3477
1788774734.951434,37.8299,363.1166,39.9383,179.3871,1.0162,-122.3475
1788774734.971604,37.8298,363.1174,39.9395,179.3872,1.0161,-122.3475
1788774734.991677,37.8306,363.1161,39.9403,179.3874,1.0162,-122.3475
1788774735.011834,37.8315,363.1154,39.9407,179.3873,1.0159,-122.3477
1788774735.031908,37.8298,363.1173,39.9412,179.3872,1.0161,-122.3475
1788774735.051980,37.8307,363.1169,39.9429,179.387,1.0159,-122.3477
1788774735.072053,37.8316,363.1147,39.9428,179.3875,1.0157,-122.3475
1788774735.092128,37.8314,363.116,39.9436,179.3875,1.0157,-122.3477
1788774735.112201,37.8313,363.1164,39.9449,179.3873,1.0159,-122.3477
1788774735.132352,37.8301,363.1158,39.9487,179.3875,1.0157,-122.3475
1788774735.152503,37.8315,363.1157,39.9487,179.3875,1.0157,-122.3477
1788774735.172699,37.8306,363.1131,39.949,179.3879,1.0153,-122.3475
1788774735.192864,37.832,363.1129,39.949,179.3879,1.0153,-122.3475
1788774735.212943,37.8315,363.1127,39.9507,179.3878,1.0151,-122.3477
1788774735.233020,37.8303,363.1146,39.9529,179.3878,1.0154,-122.3472
1788774735.253093,37.8319,363.1132,39.9521,179.3878,1.0154,-122.3475
1788774735.273166,37.8314,363.1161,39.9551,179.3876,1.0156,-122.3477
1788774735.293239,37.8317,363.1144,39.9546,179.3878,1.0154,-122.3477
1788774735.313415,37.8316,363.1149,39.9542,179.3876,1.0156,-122.3477
1788774735.333758,37.832,363.1126,39.9542,179.3879,1.0153,-122.3479
1788774735.353940,37.8315,363.1125,39.9542,179.3878,1.0151,-122.3477
1788774735.374121,37.832,363.113,39.9555,179.3878,1.0154,-122.3475
1788774735.394283,37.8306,363.1131,39.9572,179.3878,1.0154,-122.3475
1788774735.414467,37.832,363.1157,39.9586,179.3875,1.016,-122.3477
1788774735.434662,37.8302,363.1153,39.959,179.3875,1.0157,-122.3475
1788774735.454859,37.8303,363.1147,39.9593,179.3876,1.0156,-122.3475
1788774735.475064,37.832,363.1129,39.9589,179.3878,1.0154,-122.3479
1788774735.495140,37.832,363.1129,39.9589,179.3878,1.0154,-122.3477
1788774735.515298,37.8319,363.1134,39.9585,179.3876,1.0156,-122.3477
1788774735.535470,37.8302,363.1151,39.9607,179.3875,1.0157,-122.3475
1788774735.555646,37.8303,363.1146,39.9611,179.3876,1.0156,-122.3475
1788774735.575829,37.8319,363.1132,39.9619,179.3876,1.0156,-122.3477
1788774735.595989,37.8319,363.1133,39.9602,179.3876,1.0156,-122.3477
1788774735.616062,37.8306,363.1128,39.9623,179.3878,1.0154,-122.3472
1788774735.636228,37.8303,363.1145,39.9628,179.3876,1.0156,-122.3475
1788774735.656407,37.8311,363.1103,39.9607,179.3878,1.0154,-122.3475
1788774735.676586,37.8336,363.0966,39.9051,179.3921,1.0108,-122.3476
1788774735.696687,37.8356,363.096,39.8973,179.3925,1.0106,-122.3478
1788774735.716814,37.8328,363.1083,39.9294,179.3893,1.0138,-122.3479
1788774735.736922,37.8319,363.1059,39.9295,179.3893,1.0138,-122.3476
1788774735.757028,37.8314,363.1088,39.9356,179.3887,1.0145,-122.3474
1788774735.777152,37.8327,363.1088,39.9339,179.3887,1.0145,-122.3477
1788774735.797226,37.8311,363.1101,39.9347,179.3887,1.0145,-122.3474
1788774735.817303,37.8327,363.1088,39.9339,179.3887,1.0145,-122.3477
1788774735.837380,37.8323,363.1109,39.9357,179.3884,1.0148,-122.3479
1788774735.857530,37.8316,363.1103,39.933,179.3888,1.0146,-122.3477
1788774735.877712,37.8324,363.1105,39.9344,179.3885,1.0146,-122.3479
1788774735.897825,37.8314,363.1089,39.9339,179.3887,1.0145,-122.3474
1788774735.917899,37.8309,363.1111,39.934,179.3884,1.0148,-122.3474
1788774735.937970,37.8326,363.1093,39.9335,179.3885,1.0146,-122.3479
1788774735.958174,37.8323,363.1111,39.9323,179.3884,1.0148,-122.3477
1788774735.978248,37.8332,363.1094,39.9335,179.3887,1.0148,-122.3479
1788774735.998407,37.8312,363.1095,39.9318,179.3885,1.0146,-122.3477
1788774736.018562,37.8322,363.1115,39.9336,179.3882,1.0149,-122.3479
1788774736.038735,37.8321,363.1125,39.9346,179.3879,1.0153,-122.3479
1788774736.058812,37.8323,363.1113,39.932,179.3879,1.0153,-122.3479
1788774736.078883,37.8352,363.1058,39.9228,179.3891,1.0143,-122.3481
1788774736.098958,37.8339,363.095,39.8537,179.3927,1.0101,-122.3476
1788774736.119032,37.8318,363.1138,39.8863,179.3891,1.014,-122.3474
1788774736.139107,37.8304,363.1139,39.8944,179.3882,1.0149,-122.3477
1788774736.159188,37.8307,363.1125,39.8969,179.3882,1.0149,-122.3475
1788774736.179260,37.8325,363.1102,39.8952,179.3885,1.0146,-122.3481
1788774736.199378,37.832,363.1125,39.8935,179.3882,1.0149,-122.3477
1788774736.219535,37.8314,363.1159,39.8961,179.3879,1.0153,-122.3479
1788774736.239721,37.8324,363.1108,39.8931,179.3884,1.0148,-122.3479
1788774736.259846,37.8317,363.1146,39.897,179.3879,1.0153,-122.3479
1788774736.279920,37.8316,363.1147,39.8953,179.3879,1.0153,-122.3477
1788774736.299989,37.8313,363.1169,39.8971,179.3876,1.0156,-122.3477
1788774736.320060,37.8326,363.1121,39.8939,179.3885,1.0149,-122.3479
1788774736.340130,37.8306,363.113,39.8966,179.3881,1.0151,-122.3477
1788774736.360329,37.8321,363.112,39.8939,179.3884,1.0148,-122.3479
1788774736.380507,37.8316,363.1147,39.8953,179.3879,1.0153,-122.3479
1788774736.400674,37.8321,363.112,39.8939,179.3884,1.0148,-122.3479
1788774736.420810,37.832,363.113,39.8949,179.3881,1.0151,-122.3479
1788774736.440884,37.8316,363.1119,39.8939,179.3882,1.0146,-122.3481
1788774736.460958,37.8317,363.1143,39.894,179.3881,1.0151,-122.3477
1788774736.481034,37.8317,363.1143,39.894,179.3881,1.0151,-122.3479
1788774736.501108,37.8303,363.1149,39.8953,179.3879,1.0153,-122.3477
1788774736.521183,37.8314,363.1161,39.8944,179.3879,1.0153,-122.3479
1788774736.541259,37.8306,363.1132,39.8932,179.3881,1.0151,-122.3475
1788774736.561415,37.8311,363.1147,39.8936,179.3878,1.0151,-122.3479
1788774736.581607,37.8306,363.1132,39.8932,179.3881,1.0151,-122.3477
1788774736.601770,37.8309,363.1145,39.894,179.3882,1.0152,-122.3475
1788774736.621927,37.8319,363.1135,39.8945,179.3879,1.0153,-122.3479
1788774736.642115,37.8306,363.1132,39.8932,179.3881,1.0151,-122.3477
1788774736.662270,37.8316,363.1148,39.8936,179.3879,1.0153,-122.3479
1788774736.682421,37.8305,363.1137,39.8928,179.3879,1.0153,-122.3477
1788774736.702582,37.8323,363.1142,39.8924,179.388,1.0156,-122.3479
1788774736.722754,37.8318,363.1141,39.8924,179.3878,1.0154,-122.3477
1788774736.742979,37.8299,363.1169,39.8938,179.3873,1.0159,-122.3477
1788774736.763171,37.8308,363.1149,39.892,179.3878,1.0157,-122.3477
1788774736.783255,37.8324,363.1135,39.8912,179.3878,1.0157,-122.3479
1788774736.803435,37.8331,363.1095,39.8907,179.3882,1.0152,-122.3477
1788774736.843575,37.8328,363.1086,39.8912,179.3879,1.0153,-122.3479
1788774736.863712,37.8321,363.1121,39.8921,179.3876,1.0156,-122.3479
1788774736.883780,37.8324,363.1104,39.8899,179.3878,1.0154,-122.3479
1788774736.903841,37.8341,363.1089,39.8908,179.3878,1.0154,-122.3481
1788774736.923903,37.8319,363.1089,39.8895,179.3881,1.0154,-122.3477
1788774736.944094,37.8328,363.1082,39.8881,179.3881,1.0151,-122.3479
1788774736.964284,37.8324,363.1104,39.8899,179.3878,1.0154,-122.3479
1788774737.004608,37.8328,363.1082,39.8881,179.3881,1.0151,-122.3479
1788774737.024821,37.8327,363.1092,39.8891,179.3878,1.0154,-122.3479
1788774737.045004,37.8324,363.1104,39.8899,179.3878,1.0154,-122.3479
1788774737.067410,37.8318,363.1108,39.8896,179.3875,1.0154,-122.3477
1788774737.087587,37.8334,363.1053,39.8869,179.3882,1.0149,-122.3479
1788774737.107718,37.8336,363.0964,39.8294,179.3907,1.0122,-122.3476
1788774737.127944,37.8383,363.0782,39.7565,179.3928,1.01,-122.3478
1788774737.148015,37.8335,363.112,39.8081,179.3868,1.0165,-122.3481
1788774737.168112,37.8315,363.1053,39.8014,179.3876,1.0153,-122.3479
1788774737.188186,37.8327,363.1091,39.8085,179.3869,1.0164,-122.3479
1788774737.208373,37.8328,363.1085,39.8106,179.387,1.0162,-122.3483
1788774737.228554,37.8326,363.1093,39.8133,179.3867,1.0165,-122.3481
1788774737.248741,37.8326,363.1093,39.8133,179.3868,1.0165,-122.3479
1788774737.268951,37.8329,363.1106,39.8141,179.3869,1.0167,-122.3479
1788774737.289108,37.8299,363.1168,39.8181,179.386,1.0173,-122.3475
1788774737.309186,37.8315,363.1157,39.8172,179.3863,1.017,-122.3481
1788774737.329383,37.8317,363.1175,39.8176,179.3863,1.0173,-122.3477
1788774737.349550,37.8309,363.1188,39.8167,179.3862,1.0172,-122.3479
1788774737.369758,37.83,363.1193,39.8198,179.3862,1.0175,-122.3477
1788774737.389962,37.8306,363.1203,39.8206,179.386,1.0173,-122.3479
1788774737.410310,37.8318,363.1214,39.8214,179.386,1.0173,-122.3481
1788774737.430478,37.8308,363.1193,39.8214,179.3863,1.017,-122.3479
1788774737.450634,37.8304,363.1215,39.8231,179.386,1.0173,-122.3479
1788774737.470834,37.8304,363.1214,39.8248,179.386,1.0173,-122.3479
1788774737.491041,37.8303,363.1222,39.8243,179.3862,1.0172,-122.3481
1788774737.511197,37.8306,363.1207,39.8269,179.3862,1.0172,-122.3479
1788774737.531341,37.8303,363.122,39.8277,179.3862,1.0172,-122.3479
1788774737.551461,37.831,363.1184,39.8286,179.3865,1.0169,-122.3479
1788774737.571597,37.8304,363.1186,39.8284,179.3866,1.0164,-122.3479
1788774737.591737,37.8308,363.1191,39.8298,179.3866,1.0167,-122.3479
1788774737.611913,37.8294,363.1198,39.8294,179.3865,1.0169,-122.3479
1788774737.632086,37.8309,363.1186,39.8301,179.3868,1.0165,-122.3479
1788774737.652295,37.8295,363.119,39.8332,179.3866,1.0167,-122.3477
1788774737.672472,37.8306,363.1208,39.8319,179.3865,1.0169,-122.3479
1788774737.692631,37.8293,363.1203,39.834,179.3866,1.0167,-122.3477
1788774737.712811,37.8296,363.1185,39.8335,179.3868,1.0165,-122.3477
1788774737.732967,37.8308,363.1196,39.8344,179.3867,1.0165,-122.3481
1788774737.753123,37.8309,363.119,39.8364,179.3869,1.0164,-122.3479
1788774737.773196,37.8313,363.1167,39.8364,179.3872,1.0161,-122.3481
1788774737.793376,37.8319,363.1164,39.835,179.3875,1.016,-122.3479
1788774737.813629,37.831,363.1184,39.8385,179.3871,1.0162,-122.3479
1788774737.833694,37.8313,363.1165,39.8398,179.3872,1.0161,-122.3479
1788774737.853761,37.8311,363.1179,39.8389,179.3872,1.0161,-122.3479
1788774737.873823,37.8306,363.1158,39.8388,179.3876,1.0159,-122.3477
1788774737.893885,37.8301,363.1157,39.8405,179.3875,1.0157,-122.3477
1788774737.913945,37.8316,363.1151,39.8392,179.3876,1.0156,-122.3479
1788774737.934005,37.8313,363.1167,39.8414,179.3875,1.0157,-122.3481
1788774737.954066,37.8315,363.1155,39.8405,179.3875,1.0157,-122.3481
1788774737.974126,37.8316,363.115,39.8409,179.3876,1.0156,-122.3479
1788774737.994186,37.8305,363.1138,39.8418,179.3876,1.0156,-122.3479
1788774738.014246,37.8313,363.1167,39.8414,179.3875,1.0157,-122.3481
1788774738.034308,37.8315,363.1154,39.8422,179.3875,1.0157,-122.3481
1788774738.054368,37.831,363.1135,39.8405,179.3879,1.0156,-122.3479
1788774738.074430,37.8316,363.115,39.8409,179.3876,1.0156,-122.3479
1788774738.094497,37.8319,363.1133,39.8405,179.3878,1.0154,-122.3479
1788774738.114558,37.8333,363.1131,39.8405,179.3878,1.0154,-122.3481
1788774738.134617,37.8319,363.1133,39.8405,179.3878,1.0154,-122.3479
1788774738.154678,37.8334,363.1051,39.8168,179.3899,1.0132,-122.3479
1788774738.174692,37.8371,363.0848,39.767,179.3937,1.009,-122.3474
1788774738.194752,37.8339,363.1053,39.8101,179.3897,1.0137,-122.3474
1788774738.214813,37.8327,363.1091,39.8203,179.3882,1.0149,-122.3477
1788774738.234875,37.8325,363.1101,39.8196,179.3879,1.0153,-122.3475
1788774738.254937,37.834,363.1094,39.82,179.3881,1.0151,-122.3479
1788774738.274997,37.8328,363.1085,39.8174,179.3881,1.0151,-122.3475
1788774738.295057,37.8325,363.1101,39.8196,179.3879,1.0153,-122.3477
1788774738.315116,37.8324,363.1106,39.8192,179.3878,1.0154,-122.3479
1788774738.335178,37.8328,363.1111,39.8205,179.3878,1.0157,-122.3479
1788774738.355240,37.8324,363.1106,39.8192,179.3878,1.0154,-122.3477
1788774738.375304,37.831,363.1107,39.8192,179.3878,1.0154,-122.3477
1788774738.395365,37.831,363.1109,39.8175,179.3878,1.0154,-122.3475
1788774738.415425,37.8308,363.1117,39.8202,179.3875,1.0157,-122.3475
1788774738.435488,37.8324,363.1107,39.8175,179.3878,1.0154,-122.3479
1788774738.455548,37.8323,363.1112,39.8171,179.3876,1.0156,-122.3477
1788774738.475609,37.8308,363.1118,39.8185,179.3875,1.0157,-122.3477
1788774738.495672,37.8325,363.11,39.8163,179.3876,1.0156,-122.3479
1788774738.515691,37.8312,363.1124,39.8181,179.3875,1.016,-122.3475
1788774738.535751,37.8321,363.1123,39.8164,179.3873,1.0159,-122.3477
1788774738.555813,37.8331,363.1069,39.8054,179.3884,1.0148,-122.3479
1788774738.575873,37.8322,363.1044,39.773,179.3897,1.0133,-122.3481
1788774738.595933,37.8305,363.1136,39.7927,179.3878,1.0154,-122.3477
1788774738.615992,37.8331,363.1098,39.7871,179.3884,1.0151,-122.3479
1788774738.636054,37.8308,363.1149,39.7967,179.3875,1.016,-122.3479
1788774738.656115,37.8322,363.1144,39.7937,179.3876,1.0159,-122.3479
1788774738.676175,37.8316,363.1152,39.7964,179.3872,1.0161,-122.3479
1788774738.696237,37.8324,363.1108,39.7928,179.3878,1.0154,-122.3481
1788774738.716297,37.8313,363.112,39.7938,179.3876,1.0159,-122.3477
1788774738.736356,37.8323,363.1114,39.7924,179.3876,1.0156,-122.3479
1788774738.756418,37.8321,363.1124,39.7917,179.3873,1.0159,-122.3481
1788774738.776500,37.8314,363.1163,39.7939,179.3869,1.0164,-122.3479
1788774738.796657,37.83,363.1165,39.7922,179.3869,1.0164,-122.3475
1788774738.816947,37.8318,363.1139,39.7923,179.3869,1.0164,-122.3479
1788774738.837022,37.8314,363.1162,39.7906,179.3866,1.0167,-122.3479
1788774738.877169,37.8302,363.1151,39.7898,179.3866,1.0167,-122.3477
1788774738.897309,37.8298,363.1173,39.7916,179.3863,1.017,-122.3477
1788774738.917444,37.8312,363.1172,39.7899,179.3863,1.017,-122.3479
1788774738.937599,37.8299,363.1169,39.7902,179.3865,1.0169,-122.3477
1788774738.957732,37.8312,363.1172,39.7899,179.3863,1.017,-122.3479
1788774738.977872,37.8308,363.1194,39.7917,179.386,1.0173,-122.3479
1788774738.997948,37.8314,363.116,39.789,179.3863,1.017,-122.3479
1788774739.018021,37.8301,363.1156,39.7894,179.3865,1.0169,-122.3475
1788774739.038095,37.8311,363.1178,39.7895,179.3862,1.0172,-122.3479
1788774739.058170,37.8306,363.1177,39.7895,179.386,1.017,-122.3479
1788774739.078298,37.8319,363.1161,39.789,179.3865,1.0172,-122.3479
1788774739.098443,37.8314,363.116,39.789,179.3863,1.017,-122.3479
1788774739.118575,37.8313,363.1165,39.7887,179.3862,1.0172,-122.3479
1788774739.138709,37.8311,363.1179,39.7878,179.3862,1.0172,-122.3481
1788774739.158758,37.8311,363.1178,39.7895,179.3862,1.0172,-122.3479
1788774739.178877,37.8328,363.1159,39.789,179.3863,1.017,-122.3479
1788774739.198957,37.8313,363.1165,39.7887,179.3862,1.0172,-122.3479
1788774739.219032,37.8318,363.1166,39.7887,179.3863,1.0173,-122.3477
1788774739.239105,37.8313,363.1165,39.7887,179.3862,1.0172,-122.3479
1788774739.259181,37.8311,363.1179,39.7878,179.3862,1.0172,-122.3479
1788774739.279255,37.8315,363.1156,39.7877,179.3865,1.0169,-122.3481
1788774739.299437,37.8312,363.117,39.7883,179.386,1.0173,-122.3479
1788774739.319603,37.8309,363.1188,39.7887,179.3859,1.0175,-122.3481
1788774739.339676,37.8311,363.1176,39.7879,179.3859,1.0175,-122.3481
1788774739.359937,37.8302,363.115,39.7865,179.3863,1.017,-122.3477
1788774739.380010,37.8311,363.1176,39.7879,179.3859,1.0175,-122.3479
1788774739.400084,37.8312,363.1171,39.7883,179.386,1.0173,-122.3481
1788774739.420157,37.8312,363.1172,39.7866,179.386,1.0173,-122.3479
1788774739.440239,37.8313,363.1166,39.787,179.3862,1.0172,-122.3479
1788774739.460316,37.8301,363.1155,39.7861,179.3862,1.0172,-122.3477
1788774739.480533,37.8327,363.1166,39.7853,179.3862,1.0172,-122.3481
1788774739.500676,37.8307,363.1171,39.7866,179.3859,1.0172,-122.3479
1788774739.520880,37.8313,363.1166,39.787,179.3862,1.0172,-122.3479
1788774739.546019,37.8312,363.1172,39.7866,179.386,1.0173,-122.3477
1788774739.566093,37.8296,363.1159,39.7875,179.3859,1.0172,-122.3477
1788774739.586164,37.8367,363.0795,39.7529,179.3879,1.0153,-122.3479
1788774739.606237,37.835,363.099,39.7541,179.3853,1.0184,-122.3482
1788774739.626380,37.8319,363.106,39.7576,179.3846,1.0189,-122.3477
1788774739.646585,37.8348,363.0977,39.7501,179.3856,1.0178,-122.3479
1788774739.666794,37.8337,363.1036,39.7575,179.3848,1.0186,-122.3479
1788774739.686881,37.8343,363.1029,39.7532,179.3853,1.0184,-122.3479
1788774739.706956,37.8333,363.1057,39.761,179.3846,1.0189,-122.3479
1788774739.727031,37.8337,363.1033,39.7545,179.385,1.0185,-122.3479
1788774739.747106,37.8313,363.1094,39.7602,179.3842,1.0193,-122.348
1788774739.767345,37.8324,363.103,39.7532,179.3851,1.0183,-122.3477
1788774739.787598,37.8325,363.1074,39.7598,179.3842,1.0189,-122.348
1788774739.807844,37.8341,363.1042,39.754,179.3853,1.0184,-122.3479
1788774739.827920,37.8331,363.1066,39.7588,179.3847,1.0188,-122.3482
1788774739.847995,37.8333,363.1057,39.7562,179.385,1.0185,-122.3482
1788774739.868068,37.8329,363.1078,39.7596,179.3847,1.0188,-122.3479
1788774739.888144,37.833,363.1075,39.7566,179.3848,1.0186,-122.3477
1788774739.908217,37.8328,363.1086,39.7591,179.3848,1.0186,-122.3479
1788774739.928358,37.8325,363.1073,39.7583,179.3847,1.0185,-122.3479
1788774739.948613,37.8327,363.1091,39.7588,179.3847,1.0188,-122.3479
1788774739.968938,37.8344,363.1072,39.7583,179.3848,1.0186,-122.3484
1788774739.989014,37.8323,363.1113,39.7605,179.3844,1.0191,-122.3482
1788774740.009088,37.8324,363.1104,39.7596,179.3847,1.0188,-122.3479
1788774740.029168,37.8325,363.1098,39.76,179.3848,1.0186,-122.3479
1788774740.049238,37.8309,363.1116,39.7621,179.3847,1.0188,-122.3477
1788774740.069328,37.8325,363.1098,39.76,179.3848,1.0186,-122.3482
1788774740.089465,37.8326,363.1093,39.7603,179.385,1.0185,-122.3479
1788774740.109608,37.832,363.1128,39.7612,179.3847,1.0188,-122.3477
1788774740.129925,37.8324,363.1106,39.7612,179.385,1.0185,-122.3482
1788774740.150001,37.8325,363.11,39.7615,179.3851,1.0183,-122.3477
1788774740.170263,37.8322,363.1118,39.762,179.385,1.0185,-122.3479
1788774740.190507,37.8307,363.1123,39.7633,179.3848,1.0186,-122.3475
1788774740.210725,37.8327,363.1091,39.7606,179.3854,1.018,-122.3479
1788774740.230866,37.8324,363.1136,39.7624,179.385,1.0188,-122.3479
1788774740.250939,37.8306,363.1132,39.7628,179.385,1.0185,-122.3477
1788774740.271012,37.8311,363.1147,39.7633,179.3847,1.0185,-122.3479
1788774740.291087,37.8317,363.1143,39.7636,179.385,1.0185,-122.3479
1788774740.311151,37.832,363.113,39.7628,179.385,1.0185,-122.3479
1788774740.331212,37.8324,363.1133,39.7644,179.3854,1.0183,-122.3482
1788774740.351274,37.8315,363.1155,39.7645,179.385,1.0185,-122.3479
1788774740.371335,37.8314,363.1159,39.7658,179.3848,1.0186,-122.3482
1788774740.391396,37.8321,363.1151,39.7631,179.3853,1.0184,-122.3482
1788774740.411458,37.8316,363.115,39.7649,179.3851,1.0183,-122.3477
1788774740.431519,37.8312,363.1144,39.7635,179.3851,1.018,-122.3479
1788774740.451579,37.8317,363.1144,39.7652,179.3853,1.0181,-122.3479
1788774740.471645,37.8314,363.1163,39.764,179.3851,1.0183,-122.3479
1788774740.491695,37.8314,363.1162,39.7657,179.3851,1.0183,-122.3479
1788774740.511762,37.8317,363.1144,39.7652,179.3853,1.0181,-122.3479
1788774740.531823,37.8314,363.1162,39.7657,179.3851,1.0183,-122.3479
1788774740.551885,37.8314,363.1161,39.7674,179.3851,1.0183,-122.3482
1788774740.571946,37.8317,363.1147,39.7668,179.3856,1.0178,-122.3481
1788774740.592008,37.8315,363.1156,39.7678,179.3853,1.0181,-122.3479
1788774740.612079,37.8305,363.1136,39.7643,179.3856,1.0178,-122.3477
1788774740.632145,37.8355,363.0936,39.7145,179.3904,1.0125,-122.3478
1788774740.652207,37.8416,363.0631,39.6493,179.3974,1.0053,-122.3479
1788774740.672268,37.8366,363.0877,39.6846,179.3931,1.0097,-122.3478
1788774740.692330,37.8341,363.0939,39.6966,179.3915,1.0114,-122.3476
1788774740.712392,37.8353,363.0945,39.701,179.3912,1.0117,-122.3478
1788774740.732453,37.8366,363.0952,39.7037,179.3909,1.0121,-122.3481
1788774740.752514,37.8361,363.0946,39.7023,179.3909,1.0118,-122.3478
1788774740.772580,37.8348,363.0976,39.7037,179.3906,1.0124,-122.3478
1788774740.792803,37.8364,363.0962,39.7029,179.3906,1.0124,-122.3481
1788774740.812865,37.8348,363.0972,39.7056,179.3903,1.0127,-122.3478
1788774740.832930,37.8352,363.0954,39.7051,179.3904,1.0125,-122.3481
1788774740.852992,37.8348,363.0972,39.7056,179.3903,1.0127,-122.3478
1788774740.873054,37.8349,363.0968,39.7042,179.3904,1.0125,-122.3481
1788774740.893115,37.8346,363.0985,39.7079,179.3899,1.0132,-122.3479
1788774740.913177,37.8345,363.0991,39.7075,179.3897,1.0133,-122.3481
1788774740.933237,37.8341,363.101,39.7077,179.3891,1.014,-122.3479
1788774740.953302,37.8345,363.0993,39.7072,179.3893,1.0138,-122.3479
1788774740.973363,37.8339,363.1025,39.7083,179.3887,1.0145,-122.3479
1788774740.993425,37.8341,363.1011,39.7091,179.3887,1.0145,-122.3479
1788774741.013487,37.8356,363.1034,39.7092,179.3885,1.0149,-122.3481
1788774741.033550,37.8335,363.1043,39.7102,179.3881,1.0151,-122.3481
1788774741.053610,37.8347,363.1057,39.7108,179.3876,1.0156,-122.3481
1788774741.073673,37.8332,363.106,39.7105,179.3872,1.0161,-122.3479
1788774741.113755,37.8331,363.1065,39.7101,179.3871,1.0162,-122.3479
1788774741.133817,37.8343,363.1078,39.7107,179.3866,1.0167,-122.3481
1788774741.153878,37.8327,363.1089,39.7117,179.3863,1.017,-122.3479
1788774741.173939,37.834,363.1093,39.7113,179.3862,1.0172,-122.3481
1788774741.194000,37.8314,363.1114,39.7117,179.3862,1.0175,-122.3475
1788774741.214060,37.8319,363.1103,39.7122,179.3857,1.0173,-122.3479
1788774741.234121,37.8337,363.1107,39.7119,179.3857,1.0177,-122.3481
1788774741.254181,37.8326,363.1096,39.711,179.3857,1.0177,-122.3479
1788774741.274241,37.8335,363.1122,39.7124,179.3853,1.0181,-122.3482
1788774741.294301,37.8306,363.1131,39.7104,179.3851,1.0183,-122.3475
1788774741.314363,37.8327,363.1117,39.7112,179.3853,1.0184,-122.3477
1788774741.334493,37.8323,363.1141,39.7096,179.385,1.0188,-122.3477
1788774741.354660,37.8317,363.1144,39.7109,179.3847,1.0188,-122.3479
1788774741.374892,37.8316,363.1148,39.7123,179.3846,1.0189,-122.3479
1788774741.395192,37.8315,363.1154,39.7119,179.3844,1.0191,-122.3477
1788774741.415394,37.8316,363.1152,39.7136,179.3844,1.0191,-122.3482
1788774741.435599,37.8333,363.1129,39.7118,179.3847,1.0188,-122.3484
1788774741.455887,37.8319,363.1136,39.7114,179.3846,1.0189,-122.3479
1788774741.475963,37.8329,363.1152,39.7119,179.3844,1.0191,-122.3482
1788774741.496038,37.8315,363.1154,39.7119,179.3844,1.0191,-122.348
1788774741.516273,37.8319,363.1135,39.7132,179.3846,1.0189,-122.3479
1788774741.536411,37.8313,363.1167,39.7142,179.384,1.0196,-122.3482
1788774741.556619,37.8313,363.1166,39.7159,179.384,1.0196,-122.3482
1788774741.576922,37.8316,363.1152,39.7136,179.3844,1.0191,-122.348
1788774741.617069,37.8315,363.1157,39.7149,179.3842,1.0193,-122.348
1788774741.637145,37.835,363.1065,39.7096,179.3853,1.0184,-122.3482
1788774741.657424,37.8362,363.097,39.657,179.3862,1.0172,-122.3481
1788774741.677697,37.832,363.1128,39.649,179.382,1.0217,-122.348
1788774741.697819,37.8288,363.1277,39.6843,179.3783,1.0253,-122.3481
1788774741.717938,37.8307,363.1201,39.6764,179.3794,1.0245,-122.348
1788774741.738014,37.8294,363.1269,39.6865,179.3784,1.0257,-122.3481
1788774741.758148,37.8314,363.1234,39.679,179.3791,1.0249,-122.3485
1788774741.778221,37.8311,363.1254,39.6842,179.3788,1.0252,-122.3483
1788774741.798454,37.8302,363.1229,39.6811,179.3792,1.0247,-122.348
1788774741.818592,37.8295,363.1267,39.685,179.3788,1.0252,-122.3481
1788774741.838741,37.8307,363.1244,39.6815,179.3789,1.0247,-122.3483
1788774741.858885,37.8317,363.1245,39.6833,179.3792,1.025,-122.3485
1788774741.878960,37.8304,363.1214,39.6822,179.3797,1.0242,-122.348
1788774741.899033,37.8314,363.1234,39.684,179.3794,1.0245,-122.3483
1788774741.919108,37.8302,363.1226,39.683,179.3797,1.0242,-122.348
1788774741.939183,37.8316,363.1224,39.6848,179.3797,1.0242,-122.3483
1788774741.959371,37.8318,363.1214,39.6838,179.38,1.0239,-122.3485
1788774741.979504,37.8317,363.1217,39.6868,179.3798,1.0241,-122.3483
1788774741.999750,37.8305,363.1211,39.6842,179.3801,1.0237,-122.348
1788774742.019867,37.8306,363.1206,39.6828,179.3803,1.0236,-122.348
1788774742.039941,37.8325,363.1204,39.6863,179.3804,1.0237,-122.3485
1788774742.060015,37.8306,363.1205,39.6863,179.3803,1.0236,-122.348
1788774742.100170,37.832,363.1201,39.6865,179.3807,1.0231,-122.3482
1788774742.120465,37.8316,363.118,39.6864,179.3812,1.0229,-122.348
1788774742.140635,37.8328,363.1156,39.6846,179.3813,1.0225,-122.3482
1788774742.160979,37.8312,363.1174,39.6868,179.3811,1.0226,-122.3482
1788774742.181198,37.8309,363.1188,39.6859,179.3811,1.0226,-122.3482
1788774742.201350,37.8324,363.1181,39.6863,179.3813,1.0225,-122.3482
1788774742.241750,37.8328,363.1158,39.6862,179.3816,1.0221,-122.3482
1788774742.261996,37.832,363.1156,39.6866,179.3819,1.0221,-122.348
1788774742.282198,37.8332,363.1136,39.6861,179.3819,1.0218,-122.3482
1788774742.302333,37.8317,363.1145,39.6856,179.382,1.0217,-122.348
1788774742.322528,37.8318,363.114,39.686,179.3822,1.0215,-122.348
1788774742.342772,37.8318,363.114,39.686,179.3822,1.0215,-122.3478
1788774742.362954,37.8328,363.1156,39.6865,179.382,1.0217,-122.3484
1788774742.383183,37.8305,363.1136,39.6864,179.3823,1.0213,-122.348
1788774742.403258,37.8318,363.1139,39.6877,179.3822,1.0215,-122.348
1788774742.423336,37.832,363.113,39.6868,179.3825,1.0212,-122.348
1788774742.443549,37.8326,363.1126,39.6854,179.3828,1.0212,-122.348
1788774742.463685,37.8338,363.113,39.6851,179.3826,1.0213,-122.3482
1788774742.483872,37.834,363.112,39.6858,179.3829,1.021,-122.3484
1788774742.503948,37.8335,363.1119,39.6858,179.3828,1.0209,-122.3484
1788774742.524166,37.8322,363.1116,39.6845,179.3829,1.0207,-122.348
1788774742.564675,37.834,363.1092,39.6844,179.3832,1.0204,-122.3482
1788774742.584868,37.8335,363.1118,39.6843,179.3832,1.0204,-122.3482
1788774742.605702,37.832,363.1129,39.6836,179.3829,1.0207,-122.348
1788774742.625845,37.8324,363.1107,39.6835,179.3832,1.0204,-122.348
1788774742.645918,37.8338,363.1101,39.6822,179.3834,1.0202,-122.3482
1788774742.671391,37.8339,363.1096,39.6826,179.3835,1.0201,-122.3484
1788774742.691621,37.8338,363.1101,39.6822,179.3834,1.0202,-122.3484
1788774742.711831,37.8382,363.079,39.6189,179.3896,1.0135,-122.3479
1788774742.731917,37.8414,363.0613,39.5773,179.3932,1.0095,-122.3478
1788774742.751991,37.8355,363.0937,39.6237,179.3885,1.0146,-122.3479
1788774742.772303,37.8377,363.0816,39.6059,179.3902,1.0129,-122.3478
1788774742.792607,37.8351,363.096,39.627,179.3878,1.0154,-122.3477
1788774742.812699,37.8378,363.0883,39.6142,179.3891,1.014,-122.3483
1788774742.832764,37.8356,363.0962,39.6253,179.388,1.0156,-122.3479
1788774742.852825,37.8374,363.0908,39.619,179.3887,1.0145,-122.3479
1788774742.873693,37.8371,363.0921,39.6213,179.3882,1.0149,-122.3479
1788774742.893754,37.8373,363.0913,39.6187,179.3885,1.0146,-122.3481
1788774742.913814,37.837,363.0927,39.621,179.3881,1.0151,-122.3483
1788774742.933874,37.8367,363.0944,39.6214,179.3879,1.0153,-122.3483
1788774742.953934,37.8367,363.0943,39.6231,179.3879,1.0153,-122.3481
1788774742.973996,37.8369,363.093,39.6223,179.3879,1.0153,-122.3481
1788774742.994058,37.8369,363.093,39.6223,179.3879,1.0153,-122.3483
1788774743.014121,37.8374,363.0937,39.6219,179.388,1.0156,-122.3481
1788774743.034184,37.8351,363.0959,39.6237,179.3875,1.0157,-122.3479
1788774743.054246,37.836,363.0984,39.6251,179.3871,1.0162,-122.3481
1788774743.074310,37.8347,363.0977,39.6256,179.3869,1.0164,-122.3477
1788774743.094372,37.8377,363.0966,39.6278,179.3868,1.0165,-122.3481
1788774743.114433,37.8359,363.099,39.6279,179.3865,1.0169,-122.3479
1788774743.134496,37.8347,363.0979,39.6271,179.3865,1.0169,-122.3479
1788774743.154560,37.8362,363.0974,39.6289,179.3862,1.0172,-122.3479
1788774743.174621,37.8348,363.1002,39.6288,179.3863,1.0173,-122.3479
1788774743.194684,37.8354,363.1014,39.6294,179.3857,1.0177,-122.3481
1788774743.214745,37.8344,363.0997,39.6307,179.3859,1.0175,-122.3477
1788774743.234805,37.8355,363.104,39.6325,179.3854,1.0183,-122.3482
1788774743.254865,37.8336,363.1013,39.6343,179.3851,1.018,-122.3477
1788774743.274928,37.8351,363.1035,39.6361,179.385,1.0185,-122.3479
1788774743.294987,37.8336,363.1041,39.6357,179.3848,1.0186,-122.3477
1788774743.315047,37.8336,363.104,39.6374,179.3848,1.0186,-122.3477
1788774743.335107,37.8352,363.1027,39.6366,179.3848,1.0186,-122.3482
1788774743.355166,37.8356,363.1031,39.6379,179.3849,1.0189,-122.3482
1788774743.375227,37.835,363.1035,39.6392,179.3846,1.0189,-122.3482
1788774743.395416,37.8337,363.1036,39.6392,179.3846,1.0189,-122.3477
1788774743.415643,37.8351,363.1058,39.6393,179.3844,1.0194,-122.3482
1788774743.435931,37.8345,363.1067,39.6403,179.384,1.0196,-122.3482
1788774743.456141,37.8335,363.1046,39.6402,179.3842,1.0193,-122.348
1788774743.476347,37.8347,363.1056,39.6377,179.384,1.0196,-122.3482
1788774743.496627,37.8343,363.1077,39.6395,179.3837,1.0199,-122.3482
1788774743.516771,37.8333,363.1058,39.6392,179.3835,1.0201,-122.348
1788774743.536841,37.8329,363.108,39.641,179.3832,1.0204,-122.3482
1788774743.556914,37.8343,363.1073,39.6414,179.3834,1.0202,-122.3482
1788774743.577214,37.8327,363.1089,39.6419,179.3829,1.0207,-122.348
1788774743.597486,37.8347,363.1085,39.6406,179.3832,1.0207,-122.3482
1788774743.617626,37.8339,363.1096,39.6414,179.3831,1.0205,-122.3482
1788774743.637892,37.8323,363.1112,39.642,179.3826,1.021,-122.3478
1788774743.657959,37.8336,363.1087,39.6419,179.3828,1.0205,-122.3484
1788774743.678274,37.834,363.1093,39.6416,179.3828,1.0209,-122.3482
1788774743.698433,37.8365,363.1032,39.6358,179.3835,1.0201,-122.3486
1788774743.718647,37.8341,363.1089,39.5811,179.3828,1.0209,-122.3482
1788774743.738934,37.8309,363.1115,39.5645,179.3816,1.0221,-122.3478
1788774743.759007,37.8316,363.1295,39.6055,179.3773,1.0268,-122.3483
1788774743.779372,37.831,363.1255,39.5985,179.3779,1.0261,-122.3481
1788774743.799455,37.8304,363.1289,39.606,179.3772,1.0269,-122.3481
1788774743.819525,37.8323,363.1261,39.6029,179.3776,1.0265,-122.3483
1788774743.839602,37.8309,363.129,39.606,179.3773,1.0271,-122.3481
1788774743.859890,37.8292,363.1282,39.6033,179.3775,1.0266,-122.3483
1788774743.879960,37.8291,363.1286,39.6047,179.3773,1.0268,-122.3481
1788774743.900035,37.831,363.1257,39.605,179.3778,1.0263,-122.3483
1788774743.920285,37.8307,363.1274,39.6054,179.3776,1.0265,-122.3483
1788774743.940516,37.8299,363.1244,39.6044,179.3782,1.0258,-122.3478
1788774743.960765,37.8298,363.1248,39.6057,179.3781,1.026,-122.3481
1788774743.980922,37.83,363.1238,39.6048,179.3784,1.0257,-122.3481
1788774744.000999,37.8327,363.124,39.6061,179.3782,1.0258,-122.3485
1788774744.021068,37.8301,363.1233,39.6051,179.3785,1.0255,-122.3478
1788774744.041137,37.8292,363.1254,39.6069,179.378,1.0257,-122.3483
1788774744.061206,37.8316,363.1223,39.6042,179.3788,1.0252,-122.3483
1788774744.081275,37.8315,363.1231,39.6069,179.3785,1.0255,-122.3483
1788774744.101338,37.8313,363.1239,39.6063,179.3786,1.0253,-122.3483
1788774744.121400,37.8304,363.1218,39.6063,179.3789,1.025,-122.348
1788774744.141462,37.8315,363.1229,39.6071,179.3789,1.025,-122.3483
1788774744.161525,37.8319,363.1206,39.607,179.3792,1.0247,-122.3483
1788774744.181586,37.832,363.1229,39.6088,179.3791,1.0252,-122.3483
1788774744.201651,37.8316,363.1223,39.6075,179.3791,1.0249,-122.3483
1788774744.221695,37.8305,363.121,39.6069,179.3795,1.0244,-122.348
1788774744.241756,37.8319,363.1208,39.6086,179.3795,1.0244,-122.3483
1788774744.262012,37.8306,363.1205,39.6073,179.3797,1.0242,-122.348
1788774744.282232,37.832,363.12,39.6059,179.3798,1.0241,-122.348
1788774744.302434,37.8306,363.1204,39.609,179.3797,1.0242,-122.348
1788774744.322685,37.8324,363.1181,39.6072,179.38,1.0239,-122.3483
1788774744.342992,37.8325,363.1176,39.6076,179.3801,1.0237,-122.3482
1788774744.363203,37.8325,363.1174,39.6078,179.3806,1.0233,-122.3482
1788774744.383450,37.8327,363.1165,39.6083,179.3804,1.0234,-122.3482
1788774744.403703,37.8329,363.1152,39.606,179.3809,1.0229,-122.3482
1788774744.423993,37.8323,363.1183,39.6088,179.3803,1.0236,-122.3482
1788774744.444248,37.8325,363.1174,39.6078,179.3806,1.0233,-122.3482
1788774744.464450,37.833,363.1147,39.6064,179.381,1.0228,-122.3482
1788774744.484833,37.8329,363.1151,39.6077,179.3809,1.0229,-122.3482
1788774744.505103,37.8316,363.1152,39.6077,179.3809,1.0229,-122.3482
1788774744.525336,37.8316,363.1152,39.6077,179.3809,1.0229,-122.348
1788774744.545497,37.8316,363.1148,39.6064,179.381,1.0228,-122.3482
1788774744.565766,37.833,363.1146,39.6081,179.381,1.0228,-122.3484
1788774744.585961,37.8317,363.1144,39.6051,179.3811,1.0226,-122.3482
1788774744.606042,37.8328,363.1159,39.6072,179.381,1.0228,-122.3482
1788774744.626117,37.8317,363.1143,39.6068,179.3811,1.0226,-122.348
1788774744.646192,37.8326,363.1141,39.6068,179.381,1.0225,-122.3482
1788774744.666265,37.8317,363.1143,39.6068,179.3811,1.0226,-122.348
1788774744.686368,37.8332,363.1137,39.6055,179.3813,1.0225,-122.3482
1788774744.708511,37.8318,363.1139,39.6055,179.3813,1.0225,-122.348
1788774744.728650,37.8334,363.1125,39.6046,179.3813,1.0225,-122.3482
1788774744.748828,37.8445,363.0514,39.5466,179.3887,1.0145,-122.3481
1788774744.768997,37.8399,363.0721,39.5524,179.3872,1.0164,-122.3479
1788774744.789081,37.8384,363.0849,39.5712,179.3851,1.0183,-122.3484
1788774744.809168,37.8396,363.0783,39.5594,179.3862,1.0172,-122.3481
1788774744.829247,37.8379,363.0881,39.5691,179.385,1.0185,-122.3482
1788774744.849405,37.8406,363.0804,39.5564,179.3863,1.017,-122.3484
1788774744.869603,37.8376,363.0894,39.5682,179.385,1.0185,-122.3482
1788774744.889795,37.8388,363.0859,39.5609,179.3856,1.0181,-122.3482
1788774744.909962,37.8379,363.0881,39.5691,179.385,1.0185,-122.3482
1788774744.930142,37.837,363.0854,39.5612,179.3856,1.0178,-122.3479
1788774744.950323,37.8365,363.0883,39.5674,179.385,1.0185,-122.3479
1788774744.970504,37.8379,363.0879,39.5644,179.3851,1.0183,-122.3482
1788774744.990694,37.8376,363.0895,39.5665,179.385,1.0185,-122.3484
1788774745.010882,37.8381,363.087,39.5617,179.3854,1.018,-122.3482
1788774745.031034,37.8372,363.0918,39.5666,179.3847,1.0188,-122.3482
1788774745.051196,37.8375,363.0901,39.5644,179.3848,1.0186,-122.3479
1788774745.071273,37.836,363.0907,39.5658,179.3847,1.0188,-122.3479
1788774745.091453,37.8372,363.0919,39.5649,179.3847,1.0188,-122.3482
1788774745.111609,37.8366,363.0922,39.5662,179.3844,1.0188,-122.3484
1788774745.131792,37.8372,363.0919,39.5649,179.3847,1.0188,-122.3484
1788774745.151973,37.8371,363.0924,39.5645,179.3846,1.0189,-122.3482
1788774745.172057,37.837,363.0929,39.5641,179.3844,1.0191,-122.3482
1788774745.192227,37.8367,363.0945,39.5663,179.3842,1.0193,-122.3482
1788774745.212412,37.8358,363.0949,39.5646,179.3844,1.0194,-122.3477
1788774745.232565,37.8366,363.0951,39.5659,179.3841,1.0194,-122.3484
1788774745.252731,37.8351,363.0957,39.5655,179.384,1.0196,-122.348
1788774745.272955,37.8364,363.0961,39.5652,179.3838,1.0197,-122.3482
1788774745.293056,37.8364,363.0961,39.5652,179.3838,1.0197,-122.3484
1788774745.313157,37.8345,363.0962,39.5652,179.3837,1.0196,-122.348
1788774745.333226,37.8347,363.098,39.5656,179.3837,1.0199,-122.348
1788774745.353394,37.8377,363.0965,39.5648,179.3837,1.0199,-122.3484
1788774745.373562,37.8363,363.0966,39.5648,179.3837,1.0199,-122.3482
1788774745.393784,37.8345,363.0989,39.5666,179.3834,1.0202,-122.348
1788774745.413966,37.8363,363.0966,39.5648,179.3837,1.0199,-122.348
1788774745.434130,37.8359,363.0988,39.5666,179.3834,1.0202,-122.3482
1788774745.454213,37.8358,363.0993,39.5662,179.3832,1.0204,-122.3482
1788774745.474365,37.8344,363.0995,39.5662,179.3832,1.0204,-122.348
1788774745.494543,37.8356,363.1003,39.5672,179.3829,1.0207,-122.3482
1788774745.514747,37.8344,363.0995,39.5662,179.3832,1.0204,-122.348
1788774745.534945,37.8353,363.0993,39.5645,179.3831,1.0202,-122.3482
1788774745.555127,37.8357,363.0998,39.5658,179.3831,1.0205,-122.3482
1788774745.575302,37.8352,363.1026,39.5655,179.3826,1.021,-122.348
1788774745.595454,37.8341,363.101,39.5651,179.3828,1.0209,-122.348
1788774745.615617,37.8356,363.1032,39.5651,179.3826,1.0213,-122.3482
1788774745.635808,37.835,363.1035,39.5665,179.3823,1.0213,-122.3482
1788774745.655884,37.8348,363.1022,39.5656,179.3822,1.0212,-122.3482
1788774745.676062,37.8348,363.1021,39.5674,179.3822,1.0212,-122.348
1788774745.696254,37.8336,363.1042,39.5661,179.3822,1.0215,-122.348
1788774745.716356,37.8349,363.1045,39.5674,179.382,1.0217,-122.3482
1788774745.736424,37.8349,363.1046,39.5657,179.382,1.0217,-122.3482
1788774745.756586,37.8351,363.1033,39.5649,179.382,1.0217,-122.3482
1788774745.776731,37.8334,363.1126,39.4982,179.3831,1.0205,-122.348
1788774745.796825,37.8317,363.122,39.5209,179.3803,1.0236,-122.3482
1788774745.816999,37.8314,363.1235,39.5328,179.3792,1.0247,-122.3483
1788774745.837070,37.8321,363.1197,39.5289,179.3797,1.0242,-122.3483
1788774745.857232,37.8313,363.1239,39.5342,179.3791,1.0249,-122.3485
1788774745.877377,37.8317,363.1219,39.5307,179.3794,1.0245,-122.3483
1788774745.897516,37.8312,363.1245,39.5338,179.3789,1.025,-122.3483
1788774745.917712,37.8303,363.1219,39.5324,179.3794,1.0245,-122.348
1788774745.937816,37.8317,363.1221,39.5354,179.3792,1.0247,-122.348
1788774745.957886,37.8317,363.1219,39.5307,179.3794,1.0245,-122.348
1788774745.978069,37.8329,363.1226,39.5333,179.3791,1.0249,-122.3483
1788774745.998231,37.8316,363.1194,39.5323,179.3795,1.0241,-122.3483
1788774746.018382,37.8311,363.122,39.5354,179.3791,1.0245,-122.3483
1788774746.038550,37.8339,363.1199,39.5336,179.3797,1.0245,-122.3485
1788774746.058706,37.8318,363.1212,39.5345,179.3795,1.0244,-122.3483
1788774746.078829,37.832,363.1202,39.5335,179.3798,1.0241,-122.348
1788774746.098897,37.8306,363.1204,39.5335,179.3798,1.0241,-122.348
1788774746.119031,37.8327,363.119,39.5344,179.38,1.0242,-122.3483
1788774746.139180,37.8342,363.1183,39.5348,179.3801,1.024,-122.3485
1788774746.159331,37.831,363.1185,39.5348,179.38,1.0239,-122.3483
1788774746.179505,37.8318,363.1211,39.5362,179.3795,1.0244,-122.3485
1788774746.199657,37.8324,363.118,39.5334,179.3801,1.0237,-122.3482
1788774746.219806,37.8307,363.1198,39.5356,179.38,1.0239,-122.348
1788774746.239839,37.8324,363.1179,39.5351,179.3801,1.0237,-122.3482
1788774746.280086,37.8325,363.1174,39.5338,179.3803,1.0236,-122.3482
1788774746.300253,37.8313,363.1165,39.5346,179.3806,1.0233,-122.348
1788774746.320397,37.8323,363.1158,39.5349,179.3806,1.0229,-122.3482
1788774746.340571,37.832,363.1176,39.5354,179.3804,1.0231,-122.3482
1788774746.360726,37.8348,363.1153,39.5353,179.381,1.0231,-122.3484
1788774746.380830,37.8335,363.115,39.5357,179.3812,1.0229,-122.3482
1788774746.400908,37.833,363.1149,39.5357,179.381,1.0228,-122.3484
1788774746.420982,37.8325,363.1147,39.5374,179.3808,1.0226,-122.3482
1788774746.441166,37.8316,363.115,39.5357,179.381,1.0228,-122.348
1788774746.461318,37.8329,363.1153,39.537,179.3809,1.0229,-122.3484
1788774746.481495,37.8334,363.1126,39.5356,179.3813,1.0225,-122.3482
1788774746.501652,37.8329,363.1153,39.537,179.3809,1.0229,-122.348
1788774746.521847,37.833,363.1149,39.5357,179.381,1.0228,-122.3482
1788774746.541920,37.8347,363.1129,39.5369,179.3811,1.0226,-122.3487
1788774746.561995,37.8334,363.1126,39.5356,179.3813,1.0225,-122.3482
1788774746.582065,37.8331,363.1143,39.5361,179.3811,1.0226,-122.3482
1788774746.602134,37.8336,363.1144,39.5361,179.3813,1.0228,-122.3482
1788774746.622299,37.8332,363.1138,39.5364,179.3813,1.0225,-122.3482
1788774746.642443,37.8335,363.112,39.5377,179.3814,1.0223,-122.3484
1788774746.665074,37.8337,363.1138,39.5382,179.3815,1.0226,-122.3482
1788774746.685147,37.8319,363.1133,39.5385,179.3815,1.0223,-122.348
1788774746.705306,37.8339,363.1128,39.5389,179.3818,1.0223,-122.348
1788774746.725460,37.8322,363.1116,39.5381,179.3816,1.0221,-122.348
1788774746.745657,37.8338,363.1105,39.5371,179.3819,1.0218,-122.3482
1788774746.765821,37.8324,363.1107,39.5371,179.3819,1.0218,-122.348
1788774746.789964,37.8336,363.1116,39.5364,179.3816,1.0221,-122.3482
1788774746.810040,37.8346,363.1058,39.5354,179.3822,1.0215,-122.3482
1788774746.830109,37.8386,363.0839,39.4998,179.3859,1.0175,-122.3484
1788774746.850183,37.8384,363.0776,39.4846,179.3869,1.0164,-122.3479
1788774746.870265,37.8355,363.0934,39.5162,179.384,1.0196,-122.3482
1788774746.890413,37.8403,363.0822,39.5008,179.3856,1.0178,-122.3484
1788774746.910618,37.8363,363.0937,39.5158,179.3836,1.0196,-122.3484
1788774746.930819,37.8363,363.0889,39.5062,179.3847,1.0188,-122.3479
1788774746.950986,37.8368,363.0939,39.5141,179.3838,1.0197,-122.3482
1788774746.971144,37.836,363.0911,39.5079,179.3844,1.0191,-122.348
1788774746.991322,37.837,363.0927,39.5133,179.3838,1.0197,-122.3482
1788774747.011488,37.8364,363.0916,39.5093,179.3844,1.0194,-122.348
1788774747.031677,37.8363,363.0924,39.5136,179.3841,1.0197,-122.348
1788774747.051859,37.8368,363.0941,39.5107,179.3838,1.0197,-122.3484
1788774747.071930,37.8356,363.0929,39.5116,179.3838,1.0197,-122.348
1788774747.092169,37.8371,363.0923,39.5102,179.384,1.0196,-122.3482
1788774747.112389,37.8367,363.0945,39.512,179.3837,1.0199,-122.3484
1788774747.132595,37.8367,363.0945,39.512,179.3837,1.0199,-122.3482
1788774747.152749,37.837,363.0927,39.5116,179.3838,1.0197,-122.3482
1788774747.172816,37.8364,363.0962,39.5125,179.3835,1.0201,-122.3482
1788774747.192999,37.8366,363.095,39.5116,179.3835,1.0201,-122.3482
1788774747.213171,37.8367,363.0945,39.512,179.3837,1.0199,-122.3482
1788774747.233304,37.8369,363.0964,39.5108,179.3837,1.0202,-122.3482
1788774747.253449,37.8363,363.0967,39.5121,179.3834,1.0202,-122.3484
1788774747.273585,37.8385,363.0951,39.5099,179.3837,1.0202,-122.3486
1788774747.293745,37.8366,363.0951,39.5099,179.3835,1.0201,-122.3484
1788774747.313902,37.8366,363.0948,39.5101,179.3832,1.0204,-122.3482
1788774747.334069,37.8353,363.0945,39.5087,179.3834,1.0202,-122.348
1788774747.354138,37.837,363.0927,39.5083,179.3835,1.0201,-122.3482
1788774747.374210,37.8371,363.095,39.5084,179.3834,1.0205,-122.3482
1788774747.394279,37.8364,363.0958,39.5093,179.3829,1.0207,-122.3482
1788774747.414346,37.8346,363.0959,39.5093,179.3828,1.0205,-122.348
1788774747.434438,37.8363,363.0965,39.5072,179.3828,1.0209,-122.3484
1788774747.454524,37.8362,363.097,39.5069,179.3826,1.021,-122.3482
1788774747.474664,37.8357,363.0996,39.5083,179.3822,1.0215,-122.3482
1788774747.494792,37.8347,363.0981,39.5078,179.3823,1.0213,-122.348
1788774747.514864,37.836,363.0984,39.5074,179.3822,1.0215,-122.3482
1788774747.535049,37.8356,363.1003,39.5062,179.382,1.0217,-122.3484
1788774747.555164,37.8343,363.1004,39.5062,179.382,1.0217,-122.3478
1788774747.575329,37.8357,363.1,39.5063,179.3817,1.022,-122.3482
1788774747.595491,37.834,363.1019,39.5068,179.3816,1.0221,-122.3482
1788774747.615649,37.8339,363.1024,39.5064,179.3815,1.0223,-122.348
1788774747.635860,37.8356,363.1006,39.5042,179.3816,1.0221,-122.3484
1788774747.656012,37.8355,363.101,39.5056,179.3815,1.0223,-122.3482
1788774747.676161,37.8355,363.1011,39.5039,179.3814,1.0223,-122.3484
1788774747.696310,37.8352,363.1028,39.5043,179.3813,1.0225,-122.3482
1788774747.716383,37.8353,363.1019,39.5033,179.3816,1.0221,-122.3482
1788774747.736445,37.8343,363.1031,39.5043,179.3815,1.0226,-122.348
1788774747.756505,37.8373,363.1016,39.5035,179.3815,1.0226,-122.3487
1788774747.776567,37.8342,363.1035,39.5056,179.3813,1.0228,-122.348
1788774747.796627,37.8337,363.1035,39.5039,179.3811,1.0226,-122.3482
1788774747.816805,37.8344,363.1069,39.5048,179.3809,1.0229,-122.3484
1788774747.836881,37.837,363.1004,39.4929,179.3822,1.0215,-122.3484
1788774747.856954,37.8336,363.1039,39.4398,179.3817,1.022,-122.348
1788774747.877094,37.8322,363.1191,39.4619,179.3791,1.0249,-122.3483
1788774747.897147,37.8319,363.1208,39.4672,179.3785,1.0255,-122.3483
1788774747.917211,37.8317,363.1219,39.4729,179.3781,1.026,-122.3483
1788774747.937275,37.8325,363.122,39.4759,179.3777,1.026,-122.3485
1788774747.957337,37.8318,363.1242,39.4747,179.3779,1.0264,-122.3483
1788774747.977398,37.8328,363.1234,39.475,179.3779,1.0261,-122.3485
1788774747.997458,37.8323,363.1216,39.4716,179.3784,1.026,-122.3485
1788774748.017519,37.8334,363.123,39.4754,179.3782,1.0261,-122.3487
1788774748.037579,37.8318,363.1214,39.4733,179.3782,1.0258,-122.3483
1788774748.057639,37.8327,363.121,39.4767,179.378,1.0257,-122.3485
1788774748.077691,37.8333,363.1202,39.474,179.3785,1.0255,-122.3483
1788774748.097754,37.832,363.123,39.4771,179.3782,1.0261,-122.3483
1788774748.117813,37.8337,363.1185,39.4736,179.3786,1.0253,-122.3485
1788774748.137874,37.8334,363.1201,39.4757,179.3785,1.0255,-122.3485
1788774748.157933,37.8308,363.1195,39.4748,179.3788,1.0252,-122.3481
1788774748.177994,37.8321,363.1198,39.4761,179.3786,1.0253,-122.3481
1788774748.198055,37.8326,363.1171,39.4747,179.3791,1.0249,-122.3483
1788774748.218122,37.833,363.1175,39.4777,179.3791,1.0252,-122.3485
1788774748.238185,37.8341,363.1159,39.4754,179.3794,1.0245,-122.3485
1788774748.258247,37.8326,363.1172,39.478,179.3794,1.0245,-122.3483
1788774748.278309,37.8328,363.1159,39.4771,179.3794,1.0245,-122.3483
1788774748.298371,37.8326,363.1172,39.478,179.3794,1.0245,-122.3483
1788774748.318433,37.8333,363.1158,39.4774,179.38,1.0242,-122.3483
1788774748.338698,37.8328,363.1157,39.4774,179.3798,1.0241,-122.3485
1788774748.358786,37.8331,363.1144,39.4783,179.3798,1.0241,-122.3483
1788774748.378951,37.8328,363.1156,39.4791,179.3798,1.0241,-122.3485
1788774748.399158,37.8331,363.1144,39.4783,179.3798,1.0241,-122.3483
1788774748.419299,37.8323,363.1155,39.4791,179.3797,1.0239,-122.3483
1788774748.439377,37.8321,363.1149,39.4781,179.3803,1.0239,-122.3478
1788774748.459506,37.8329,363.1151,39.4795,179.38,1.0239,-122.3483
1788774748.479632,37.8332,363.1134,39.479,179.3801,1.0237,-122.348
1788774748.499707,37.8334,363.1123,39.4798,179.3804,1.0234,-122.348
1788774748.519787,37.8329,363.1122,39.4798,179.3802,1.0233,-122.3482
1788774748.539860,37.8331,363.1141,39.4802,179.3803,1.0236,-122.3482
1788774748.560065,37.8335,363.1118,39.4801,179.3806,1.0233,-122.3482
1788774748.580141,37.8341,363.1114,39.4805,179.3809,1.0232,-122.348
1788774748.600378,37.8335,363.1118,39.4801,179.3806,1.0233,-122.3482
1788774748.620612,37.8337,363.1108,39.4809,179.3809,1.0229,-122.3482
1788774748.640851,37.8337,363.1109,39.4792,179.3809,1.0229,-122.3482
1788774748.661099,37.8352,363.1102,39.4796,179.381,1.0228,-122.3482
1788774748.681287,37.8338,363.1104,39.4796,179.381,1.0228,-122.3482
1788774748.701419,37.8337,363.1108,39.4809,179.3809,1.0229,-122.3482
1788774748.721556,37.8344,363.1098,39.4816,179.3813,1.0228,-122.3482
1788774748.741703,37.8324,363.1104,39.4813,179.381,1.0228,-122.348
1788774748.761767,37.8343,363.1104,39.4813,179.3812,1.0229,-122.3484
1788774748.781836,37.8342,363.108,39.4812,179.3813,1.0225,-122.3482
1788774748.801924,37.8343,363.1104,39.4813,179.3812,1.0229,-122.3482
1788774748.829547,37.8348,363.108,39.4829,179.3815,1.0226,-122.3482
1788774748.849709,37.8366,363.1053,39.4798,179.3819,1.0221,-122.3482
1788774748.869778,37.8373,363.0984,39.4535,179.3838,1.0197,-122.3484
1788774748.890037,37.8386,363.0837,39.4261,179.386,1.0173,-122.3484
1788774748.910173,37.8372,363.0989,39.4612,179.3828,1.0209,-122.3484
1788774748.930251,37.8362,363.0945,39.4512,179.3833,1.0199,-122.3482
1788774748.950367,37.835,363.1039,39.4644,179.382,1.0217,-122.3484
1788774748.970513,37.8361,363.0977,39.4539,179.3829,1.0207,-122.3482
1788774748.990599,37.8353,363.1023,39.4622,179.3822,1.0215,-122.3482
1788774749.010721,37.8375,363.0974,39.4556,179.3829,1.0207,-122.3484
1788774749.030892,37.8357,363.1001,39.4604,179.3825,1.0212,-122.3484
1788774749.050963,37.8371,363.0995,39.4591,179.3826,1.021,-122.3484
1788774749.071086,37.8361,363.1007,39.46,179.3825,1.0215,-122.3482
1788774749.091210,37.8357,363.0997,39.4591,179.3826,1.021,-122.3484
1788774749.111291,37.8362,363.1003,39.4587,179.3826,1.0213,-122.3482
1788774749.131414,37.8375,363.1006,39.46,179.3825,1.0215,-122.3486
1788774749.151536,37.8369,363.101,39.4597,179.3822,1.0215,-122.3484
1788774749.171614,37.8356,363.1007,39.4583,179.3823,1.0213,-122.3484
1788774749.191763,37.8355,363.1011,39.4597,179.3822,1.0215,-122.3482
1788774749.211912,37.8356,363.1007,39.4583,179.3823,1.0213,-122.3482
1788774749.232084,37.8366,363.1023,39.4588,179.3822,1.0215,-122.3484
1788774749.252168,37.8359,363.1017,39.4593,179.3822,1.0218,-122.3482
1788774749.272296,37.8354,363.1018,39.4559,179.382,1.0217,-122.348
1788774749.292420,37.8358,363.1024,39.4572,179.382,1.022,-122.3482
1788774749.312562,37.8352,363.1027,39.4585,179.3817,1.022,-122.3484
1788774749.332671,37.8366,363.1026,39.4568,179.3817,1.022,-122.3484
1788774749.352760,37.8352,363.1028,39.4568,179.3817,1.022,-122.3484
1788774749.372886,37.8346,363.1031,39.4582,179.3814,1.022,-122.3482
1788774749.392956,37.8351,363.1033,39.4565,179.3816,1.0221,-122.3482
1788774749.413089,37.8365,363.1031,39.4565,179.3816,1.0221,-122.3484
1788774749.433230,37.8361,363.1049,39.4569,179.3815,1.0223,-122.3484
1788774749.453370,37.8347,363.1056,39.4565,179.3813,1.0225,-122.3482
1788774749.473467,37.835,363.1038,39.4561,179.3815,1.0223,-122.3482
1788774749.493599,37.8363,363.1042,39.4557,179.3813,1.0225,-122.3484
1788774749.513736,37.8354,363.1044,39.4557,179.3815,1.0226,-122.3482
1788774749.533808,37.8349,363.1044,39.454,179.3813,1.0225,-122.3482
1788774749.553957,37.8362,363.1047,39.4553,179.3811,1.0226,-122.3484
1788774749.574100,37.8349,363.1044,39.454,179.3813,1.0225,-122.3482
1788774749.594173,37.837,363.103,39.4549,179.3815,1.0226,-122.3484
1788774749.614292,37.836,363.1056,39.4563,179.3809,1.0229,-122.3484
1788774749.634370,37.8344,363.1071,39.4554,179.3809,1.0229,-122.3484
1788774749.654449,37.8361,363.1053,39.4533,179.381,1.0228,-122.3484
1788774749.674522,37.8358,363.1068,39.4538,179.3806,1.0233,-122.3487
1788774749.694599,37.8347,363.1052,39.4534,179.3807,1.0231,-122.3484
1788774749.714734,37.8353,363.1048,39.4521,179.381,1.0231,-122.3482
1788774749.734805,37.8345,363.1065,39.4525,179.3807,1.0231,-122.3482
1788774749.754877,37.8349,363.107,39.4538,179.3807,1.0234,-122.3485
1788774749.774948,37.8359,363.1063,39.4525,179.3807,1.0231,-122.3484
1788774749.795017,37.8345,363.1065,39.4525,179.3807,1.0231,-122.348
1788774749.815090,37.8344,363.1069,39.4538,179.3806,1.0233,-122.3482
1788774749.835254,37.8354,363.109,39.4539,179.3803,1.0236,-122.3485
1788774749.855334,37.8345,363.1065,39.4525,179.3807,1.0231,-122.3484
1788774749.875562,37.8361,363.105,39.4534,179.3807,1.0231,-122.3484
1788774749.895642,37.8343,363.1074,39.4535,179.3804,1.0234,-122.3482
1788774749.915790,37.8363,363.1043,39.4522,179.3806,1.0233,-122.3485
1788774749.935870,37.8374,363.0982,39.414,179.3826,1.021,-122.3484
1788774749.956008,37.837,363.1001,39.3861,179.381,1.0228,-122.3487
1788774749.976161,37.8325,363.1173,39.4216,179.3776,1.0265,-122.3485
1788774749.996311,37.8337,363.1108,39.4081,179.3786,1.0253,-122.3483
1788774750.016378,37.832,363.12,39.423,179.3772,1.0269,-122.3483
1788774750.036441,37.8346,363.1132,39.4129,179.3782,1.0258,-122.3487
1788774750.056504,37.8335,363.1195,39.4217,179.3773,1.0268,-122.3485
1788774750.076566,37.8343,363.1148,39.4151,179.3781,1.026,-122.3485
1788774750.096628,37.8341,363.1191,39.4204,179.3776,1.0268,-122.3487
1788774750.116692,37.8344,363.1147,39.4168,179.3781,1.026,-122.3485
1788774750.136753,37.8343,363.115,39.4198,179.3779,1.0261,-122.3487
1788774750.156816,37.8344,363.1143,39.4155,179.3782,1.0258,-122.3487
1788774750.176877,37.8329,363.1152,39.4198,179.3779,1.0261,-122.3485
1788774750.196941,37.8344,363.1142,39.4172,179.3782,1.0258,-122.3487
1788774750.217011,37.8354,363.1161,39.4207,179.3779,1.0261,-122.3489
1788774750.237076,37.8333,363.1133,39.4179,179.3785,1.0255,-122.3483
1788774750.257139,37.8344,363.1145,39.4202,179.3781,1.026,-122.3487
1788774750.277202,37.8327,363.1136,39.4193,179.3782,1.0255,-122.3485
1788774750.297264,37.8352,363.1132,39.4196,179.3786,1.0256,-122.3487
1788774750.337388,37.835,363.1113,39.4192,179.3786,1.0253,-122.3487
1788774750.357451,37.8349,363.1117,39.4205,179.3785,1.0255,-122.3485
1788774750.377513,37.833,363.1144,39.4205,179.3785,1.0255,-122.3483
1788774750.397575,37.8348,363.112,39.4204,179.3788,1.0252,-122.3485
1788774750.417638,37.8347,363.113,39.4213,179.3785,1.0255,-122.3487
1788774750.437693,37.8352,363.1103,39.4199,179.3789,1.025,-122.3487
1788774750.457762,37.8335,363.1122,39.4204,179.3788,1.0252,-122.3483
1788774750.477831,37.8348,363.112,39.4204,179.3788,1.0252,-122.3485
1788774750.517975,37.835,363.111,39.4211,179.3791,1.0249,-122.3485
1788774750.538047,37.8337,363.1111,39.4211,179.3791,1.0249,-122.3485
1788774750.558122,37.835,363.111,39.4211,179.3791,1.0249,-122.3487
1788774750.578255,37.8346,363.1132,39.4229,179.3788,1.0252,-122.3485
1788774750.598405,37.8338,363.1101,39.4219,179.3794,1.0245,-122.3483
1788774750.618635,37.8335,363.1119,39.4206,179.3792,1.0247,-122.3485
1788774750.638707,37.8338,363.1101,39.4219,179.3794,1.0245,-122.3483
1788774750.658953,37.8345,363.1111,39.4227,179.3792,1.0244,-122.3485
1788774750.679027,37.8357,363.1072,39.4222,179.3798,1.0241,-122.3485
1788774750.699100,37.8351,363.1107,39.4231,179.3795,1.0244,-122.3487
1788774750.719172,37.8359,363.109,39.4226,179.3798,1.0244,-122.3487
1788774750.739426,37.8354,363.1089,39.4226,179.3797,1.0242,-122.3487
1788774750.759621,37.8359,363.109,39.4226,179.3798,1.0244,-122.3489
1788774750.779836,37.8342,363.108,39.4234,179.38,1.0239,-122.3483
1788774750.800281,37.8357,363.1074,39.4238,179.3801,1.0237,-122.3487
1788774750.840419,37.8343,363.1075,39.4238,179.3801,1.0237,-122.3485
1788774750.860482,37.8356,363.1079,39.4234,179.38,1.0239,-122.3489
1788774750.880543,37.8362,363.1075,39.4238,179.3803,1.0239,-122.3487
1788774750.900609,37.8357,363.1074,39.4238,179.3801,1.0237,-122.3487
1788774750.920671,37.8348,363.1076,39.4238,179.3803,1.0239,-122.3485
1788774750.940694,37.8358,363.1067,39.4226,179.38,1.0239,-122.3487
1788774750.960754,37.8402,363.0828,39.3706,179.3853,1.0181,-122.3484
1788774750.980815,37.8387,363.0832,39.3655,179.3853,1.0181,-122.3482
1788774751.000875,37.8374,363.098,39.3993,179.3822,1.0215,-122.3486
1788774751.021035,37.839,363.0923,39.3901,179.3831,1.0208,-122.3484
1788774751.041128,37.8372,363.0992,39.4032,179.3817,1.022,-122.3484
1788774751.061203,37.8393,363.0951,39.3946,179.3823,1.0213,-122.3489
1788774751.081276,37.8358,363.0996,39.3998,179.3817,1.022,-122.3484
1788774751.101350,37.8393,363.0951,39.3946,179.3823,1.0213,-122.3489
1788774751.121454,37.8385,363.0993,39.3998,179.3817,1.022,-122.3489
1788774751.141592,37.8365,363.0953,39.3946,179.3823,1.0213,-122.3484
1788774751.161749,37.8374,363.0982,39.399,179.3817,1.022,-122.3486
1788774751.181797,37.8374,363.0978,39.3977,179.3819,1.0218,-122.3486
1788774751.222140,37.8361,363.0979,39.3977,179.3819,1.0218,-122.3484
1788774751.242326,37.8374,363.0982,39.399,179.3817,1.022,-122.3484
1788774751.262547,37.8375,363.0974,39.3963,179.382,1.0217,-122.3486
1788774751.282701,37.836,363.0984,39.399,179.3817,1.022,-122.3484
1788774751.302884,37.839,363.0964,39.3969,179.3819,1.0218,-122.3489
1788774751.323071,37.8358,363.0994,39.3983,179.3814,1.0223,-122.3484
1788774751.343242,37.8367,363.0987,39.3969,179.3814,1.022,-122.3489
1788774751.363394,37.8373,363.0988,39.3969,179.3816,1.0221,-122.3487
1788774751.383559,37.8381,363.0972,39.3965,179.3819,1.0221,-122.3487
1788774751.403710,37.8362,363.0973,39.3948,179.3817,1.022,-122.3484
1788774751.423837,37.8372,363.0989,39.3952,179.3816,1.0221,-122.3484
1788774751.444007,37.8371,363.0999,39.3962,179.3813,1.0225,-122.3487
1788774751.464082,37.8358,363.0995,39.3966,179.3815,1.0223,-122.3482
1788774751.484251,37.8377,363.0995,39.3948,179.3816,1.0224,-122.3487
1788774751.504406,37.8376,363.0972,39.3948,179.3817,1.022,-122.3486
1788774751.524555,37.8365,363.1003,39.3958,179.381,1.0225,-122.3484
1788774751.544711,37.8355,363.101,39.3954,179.381,1.0228,-122.3484
1788774751.564810,37.837,363.1004,39.3958,179.3811,1.0226,-122.3487
1788774751.605169,37.8369,363.1009,39.3954,179.381,1.0228,-122.3484
1788774751.625262,37.8373,363.0986,39.3954,179.3813,1.0224,-122.3489
1788774751.645425,37.8387,363.0985,39.3954,179.3813,1.0225,-122.3489
1788774751.665561,37.837,363.0999,39.3945,179.3813,1.0225,-122.3484
1788774751.685706,37.8373,363.1015,39.3951,179.381,1.0231,-122.3487
1788774751.705897,37.8371,363.0996,39.3946,179.381,1.0228,-122.3484
1788774751.726055,37.8357,363.0998,39.3946,179.381,1.0228,-122.3482
1788774751.746288,37.8371,363.0997,39.3946,179.381,1.0228,-122.3487
1788774751.766455,37.8373,363.1015,39.3951,179.381,1.0231,-122.3487
1788774751.786607,37.8369,363.1006,39.3956,179.3807,1.0231,-122.3487
1788774751.806775,37.8367,363.1019,39.3947,179.3807,1.0231,-122.3487
1788774751.827000,37.8352,363.1027,39.3926,179.3806,1.0233,-122.3482
1788774751.847080,37.8366,363.1025,39.3926,179.3806,1.0233,-122.3485
1788774751.867254,37.8364,363.1035,39.3936,179.3803,1.0236,-122.3487
1788774751.887414,37.8377,363.1039,39.3932,179.3801,1.0237,-122.3487
1788774751.907556,37.8367,363.1018,39.3914,179.3804,1.0234,-122.3487
1788774751.932480,37.8359,363.1032,39.392,179.3798,1.0237,-122.3487
1788774751.952612,37.8363,363.1038,39.3916,179.3798,1.0241,-122.3487
1788774751.972822,37.8368,363.1013,39.3576,179.3819,1.0218,-122.3486
1788774751.992898,37.8362,363.1044,39.3304,179.3795,1.0244,-122.3487
1788774752.013061,37.8338,363.1206,39.3681,179.3761,1.0284,-122.3485
1788774752.033213,37.8346,363.1135,39.355,179.3772,1.0269,-122.3487
1788774752.053462,37.8332,363.121,39.3695,179.3758,1.0284,-122.349
1788774752.073633,37.8341,363.116,39.3598,179.3767,1.0274,-122.3487
1788774752.093839,37.8336,363.1188,39.3677,179.3761,1.028,-122.3488
1788774752.114074,37.8353,363.1171,39.3607,179.3767,1.0274,-122.349
1788774752.134145,37.8335,363.1196,39.3672,179.3763,1.0279,-122.3487
1788774752.154327,37.8342,363.1158,39.3632,179.3767,1.0274,-122.3487
1788774752.174470,37.834,363.1169,39.3658,179.3767,1.0274,-122.3487
1788774752.194621,37.8343,363.1147,39.364,179.377,1.0271,-122.3487
1788774752.214808,37.8345,363.117,39.3658,179.3769,1.0276,-122.3487
1788774752.234877,37.8329,363.1184,39.3666,179.3769,1.0276,-122.3487
1788774752.255045,37.8341,363.1159,39.3665,179.377,1.0271,-122.349
1788774752.275207,37.8352,363.1128,39.3655,179.3778,1.0266,-122.3485
1788774752.295393,37.8344,363.1144,39.3659,179.3775,1.0266,-122.3487
1788774752.315552,37.8348,363.1121,39.3676,179.3778,1.0263,-122.3485
1788774752.335752,37.8346,363.1133,39.3684,179.3778,1.0263,-122.3487
1788774752.355926,37.8347,363.1129,39.3671,179.3779,1.0261,-122.3487
1788774752.376117,37.8353,363.1125,39.3675,179.3782,1.0261,-122.3487
1788774752.396285,37.835,363.1111,39.3683,179.3781,1.026,-122.3487
1788774752.416433,37.8352,363.1101,39.3674,179.3783,1.0257,-122.3487
1788774752.436588,37.8352,363.1101,39.3674,179.3783,1.0256,-122.3489
1788774752.456804,37.8351,363.1108,39.3686,179.3785,1.0255,-122.3487
1788774752.476973,37.8352,363.1103,39.3689,179.3786,1.0253,-122.3487
1788774752.497050,37.8356,363.108,39.3689,179.3789,1.025,-122.3489
1788774752.517160,37.8358,363.107,39.3696,179.3792,1.0247,-122.3489
1788774752.537234,37.8354,363.1088,39.3701,179.3791,1.0249,-122.3487
1788774752.597642,37.8341,363.1089,39.3701,179.3791,1.0249,-122.3485
1788774752.617846,37.8369,363.1081,39.3705,179.3792,1.0247,-122.3489
1788774752.638031,37.8351,363.1062,39.3704,179.3797,1.0245,-122.3485
1788774752.658182,37.8356,363.1076,39.3725,179.3794,1.0245,-122.3489
1788774752.678257,37.8349,363.1088,39.3734,179.3792,1.0244,-122.3487
1788774752.698436,37.8364,363.1064,39.3703,179.38,1.0242,-122.3487
1788774752.718588,37.8354,363.1089,39.3717,179.3794,1.0245,-122.3487
1788774752.738766,37.8358,363.1067,39.3716,179.3797,1.0242,-122.3489
1788774752.759008,37.8355,363.1057,39.3706,179.3798,1.0237,-122.3489
1788774752.779083,37.8364,363.1062,39.3737,179.38,1.0242,-122.3487
1788774752.799241,37.836,363.1057,39.3723,179.38,1.0239,-122.3487
1788774752.819397,37.8354,363.1061,39.372,179.3797,1.0239,-122.3487
1788774752.839558,37.836,363.1057,39.3723,179.38,1.0239,-122.3487
1788774752.859718,37.8356,363.105,39.3727,179.38,1.0236,-122.3487
1788774752.879831,37.8362,363.1047,39.3714,179.3803,1.0236,-122.3487
1788774752.899948,37.8362,363.1046,39.3731,179.3803,1.0236,-122.3489
1788774752.920060,37.8363,363.1042,39.3717,179.3804,1.0234,-122.3487
1788774752.940189,37.8362,363.1046,39.3731,179.3803,1.0236,-122.3487
1788774752.980528,37.8376,363.1045,39.3731,179.3803,1.0236,-122.3489
1788774753.000690,37.8361,363.1051,39.3727,179.3801,1.0237,-122.3487
1788774753.020815,37.8362,363.1046,39.3731,179.3803,1.0236,-122.3487
1788774753.040996,37.8365,363.1029,39.3726,179.3804,1.0234,-122.3487
1788774753.061151,37.8351,363.103,39.3726,179.3804,1.0234,-122.3487
1788774753.081226,37.8341,363.1086,39.3883,179.3792,1.0247,-122.3485
1788774753.101300,37.833,363.1222,39.4605,179.3751,1.0292,-122.349
1788774753.121470,37.8353,363.1094,39.4383,179.3778,1.0263,-122.3487
1788774753.141644,37.8358,363.1069,39.4287,179.3786,1.0253,-122.3489
1788774753.161762,37.8349,363.1147,39.4365,179.3779,1.0264,-122.3487
1788774753.181827,37.8341,363.1088,39.4259,179.3789,1.025,-122.3485
1788774753.201903,37.835,363.1113,39.4291,179.3785,1.0255,-122.3487
1788774753.221982,37.8363,363.1043,39.4224,179.3795,1.0244,-122.3487
1788774753.242123,37.8355,363.1087,39.4259,179.3789,1.025,-122.3489
1788774753.262268,37.8358,363.1067,39.4207,179.3792,1.0247,-122.3489
1788774753.282394,37.8354,363.1088,39.4242,179.3789,1.025,-122.3487
1788774753.302463,37.8358,363.1067,39.4207,179.3792,1.0247,-122.3487
1788774753.322531,37.8355,363.1083,39.4229,179.3791,1.0249,-122.3487
1788774753.342598,37.836,363.1057,39.4198,179.3795,1.0244,-122.3487
1788774753.362668,37.8373,363.1061,39.4194,179.3794,1.0245,-122.3491
1788774753.382718,37.836,363.1057,39.4198,179.3795,1.0244,-122.3487
1788774753.402856,37.8358,363.107,39.4206,179.3795,1.0244,-122.3489
1788774753.422926,37.8356,363.1034,39.4167,179.3801,1.024,-122.3485
1788774753.443055,37.8358,363.1067,39.4176,179.3797,1.0242,-122.3489
1788774753.463124,37.8349,363.1074,39.4172,179.3797,1.0245,-122.3485
1788774753.483246,37.8354,363.1043,39.4145,179.3803,1.0239,-122.3485
1788774753.503319,37.8362,363.1046,39.4141,179.38,1.0239,-122.3487
1788774753.523384,37.8377,363.104,39.4128,179.3801,1.0237,-122.3491
1788774753.548686,37.8351,363.1034,39.4118,179.3804,1.0234,-122.3485
1788774753.568810,37.8356,363.1081,39.415,179.3797,1.0242,-122.3489
1788774753.588959,37.8355,363.1111,39.4553,179.3779,1.0264,-122.3489
1788774753.609158,37.8335,363.1197,39.4868,179.3754,1.0288,-122.3488
1788774753.629316,37.8368,363.1013,39.4409,179.3801,1.0237,-122.3489
1788774753.649444,37.8358,363.1065,39.4423,179.3797,1.0242,-122.3487
1788774753.669579,37.8365,363.103,39.4382,179.3804,1.0234,-122.3489
1788774753.690037,37.8361,363.1025,39.4369,179.3804,1.0231,-122.3489
1788774753.710252,37.837,363.1004,39.4351,179.3809,1.0229,-122.3487
1788774753.730398,37.8366,363.1026,39.4369,179.3806,1.0233,-122.3487
1788774753.750564,37.8366,363.1022,39.4356,179.3807,1.0231,-122.3487
1788774753.770699,37.8369,363.1009,39.4364,179.3807,1.0231,-122.3489
1788774753.790879,37.8362,363.1043,39.4373,179.3804,1.0234,-122.3487
1788774753.810941,37.8367,363.1021,39.4373,179.3807,1.0231,-122.3489
1788774753.831011,37.8366,363.1022,39.4356,179.3807,1.0231,-122.3489
1788774753.851084,37.8369,363.1009,39.4364,179.3807,1.0231,-122.3489
1788774753.891221,37.8355,363.1009,39.4381,179.3807,1.0231,-122.3484
1788774753.911373,37.8366,363.1026,39.4369,179.3806,1.0232,-122.3489
1788774753.931517,37.8353,363.1022,39.4373,179.3807,1.0231,-122.3484
1788774753.951649,37.8369,363.1009,39.4364,179.3807,1.0231,-122.3489
1788774753.971814,37.8352,363.1028,39.4369,179.3806,1.0233,-122.3485
1788774753.991883,37.8357,363.1001,39.4355,179.381,1.0228,-122.3487
1788774754.011951,37.8368,363.1039,39.4377,179.3807,1.0234,-122.3487
1788774754.032019,37.8367,363.1021,39.4373,179.3807,1.0231,-122.3487
1788774754.052089,37.8353,363.1022,39.4373,179.3807,1.0231,-122.3484
1788774754.072158,37.8361,363.102,39.4373,179.3805,1.0229,-122.3487
1788774754.092226,37.8364,363.1035,39.4397,179.381,1.0228,-122.3487
1788774754.112295,37.8372,363.1064,39.4541,179.381,1.0228,-122.3491
1788774754.132370,37.8369,363.1034,39.4449,179.3819,1.0221,-122.3489
1788774754.152443,37.8359,363.1062,39.451,179.3811,1.0226,-122.3487
1788774754.172518,37.8364,363.1033,39.4449,179.3817,1.022,-122.3489
1788774754.192591,37.8364,363.1035,39.4496,179.3816,1.0221,-122.3487
1788774754.212663,37.8368,363.1014,39.4462,179.3819,1.0218,-122.3489
1788774754.232811,37.8363,363.104,39.4493,179.3814,1.0223,-122.3489
1788774754.252885,37.8363,363.1041,39.4476,179.3814,1.0223,-122.3489
1788774754.272964,37.8363,363.104,39.4493,179.3814,1.0223,-122.3489
1788774754.293070,37.8367,363.1019,39.4475,179.3817,1.022,-122.3489
1788774754.313150,37.8358,363.1025,39.4488,179.3817,1.0223,-122.3487
1788774754.333259,37.8368,363.1042,39.4476,179.3816,1.0224,-122.3489
1788774754.353435,37.8384,363.1028,39.4484,179.3816,1.0224,-122.3491
1788774754.373624,37.8363,363.1041,39.4476,179.3814,1.0223,-122.3489
1788774754.393835,37.8366,363.1051,39.4502,179.3813,1.0228,-122.3489
1788774754.413910,37.8349,363.1042,39.4493,179.3814,1.0223,-122.3487
1788774754.434034,37.8371,363.1024,39.4488,179.3817,1.0223,-122.3489
1788774754.454108,37.8366,363.1023,39.4488,179.3816,1.0221,-122.3489
1788774754.474256,37.8348,363.1051,39.4502,179.3811,1.0226,-122.3487
1788774754.494456,37.8362,363.1045,39.4506,179.3813,1.0224,-122.3489
1788774754.514619,37.8361,363.1022,39.4488,179.3814,1.022,-122.3489
1788774754.534880,37.8362,363.1017,39.4492,179.3816,1.0218,-122.3489
1788774754.554970,37.8365,363.1027,39.4501,179.3814,1.0223,-122.3487
1788774754.575045,37.8356,363.1076,39.4534,179.3814,1.0223,-122.3489
1788774754.595120,37.833,363.122,39.4926,179.3788,1.0252,-122.3489
1788774754.615199,37.8331,363.1144,39.4864,179.3797,1.0242,-122.3487
1788774754.635336,37.8339,363.1069,39.4833,179.3802,1.0233,-122.3487
1788774754.655565,37.835,363.111,39.4903,179.3798,1.024,-122.3489
1788774754.675827,37.8348,363.1049,39.4815,179.3807,1.0231,-122.3487
1788774754.695903,37.8356,363.1108,39.4872,179.3801,1.024,-122.3487
1788774754.716119,37.8362,363.1047,39.4815,179.3807,1.0231,-122.3489
1788774754.736417,37.8356,363.108,39.4858,179.3804,1.0234,-122.3489
1788774754.756696,37.8359,363.106,39.4806,179.3807,1.0231,-122.3489
1788774754.776848,37.8338,363.1103,39.4876,179.3801,1.0237,-122.3487
1788774754.796955,37.8363,363.1042,39.4819,179.3809,1.0229,-122.3487
1788774754.817125,37.8355,363.1084,39.4872,179.3803,1.0236,-122.3487
1788774754.837292,37.836,363.1059,39.4823,179.3807,1.0231,-122.3487
1788774754.857482,37.8356,363.1077,39.486,179.3801,1.0237,-122.3489
1788774754.877805,37.8351,363.1061,39.484,179.3809,1.0232,-122.3487
1788774754.898047,37.8358,363.1068,39.485,179.3804,1.0234,-122.3489
1788774754.918247,37.8365,363.106,39.4823,179.3809,1.0232,-122.3487
1788774754.938464,37.8359,363.1091,39.4851,179.3803,1.0239,-122.3489
1788774754.958704,37.836,363.1059,39.4823,179.3807,1.0231,-122.3489
1788774754.978774,37.8355,363.1085,39.4854,179.3803,1.0236,-122.3489
1788774754.998852,37.8358,363.1068,39.485,179.3804,1.0234,-122.3489
1788774755.039307,37.8359,363.1064,39.4837,179.3806,1.0232,-122.3491
1788774755.059510,37.8359,363.1064,39.4837,179.3806,1.0232,-122.3489
1788774755.079708,37.8355,363.1084,39.484,179.3807,1.0231,-122.3487
1788774755.099941,37.834,363.1094,39.5402,179.3776,1.0264,-122.3487
1788774755.120172,37.8338,363.1177,39.5589,179.3763,1.0279,-122.349
1788774755.140244,37.8368,363.1012,39.5198,179.38,1.0239,-122.3489
1788774755.160368,37.8355,363.1082,39.5298,179.3792,1.0247,-122.3489
1788774755.180630,37.8363,363.1041,39.5179,179.3803,1.0236,-122.3489
1788774755.200792,37.8358,363.1066,39.5227,179.3798,1.024,-122.3489
1788774755.220899,37.837,363.1002,39.5157,179.3807,1.0231,-122.3487
1788774755.241701,37.8363,363.104,39.5196,179.3803,1.0236,-122.3487
1788774755.261953,37.8363,363.1041,39.5179,179.3803,1.0236,-122.3489
1788774755.282150,37.8374,363.1057,39.5201,179.3801,1.0237,-122.3491
1788774755.302346,37.8364,363.1036,39.5183,179.3804,1.0234,-122.3489
1788774755.322607,37.8366,363.1023,39.5192,179.3804,1.0234,-122.3489
1788774755.342845,37.8365,363.1032,39.517,179.3806,1.0232,-122.3489
1788774755.362932,37.8364,363.1036,39.5183,179.3804,1.0234,-122.3491
1788774755.383007,37.8363,363.1041,39.5179,179.3803,1.0236,-122.3489
1788774755.423151,37.8365,363.1032,39.517,179.3806,1.0232,-122.3489
1788774755.443346,37.8364,363.1037,39.5166,179.3804,1.0234,-122.3489
1788774755.463572,37.8368,363.1014,39.5165,179.3807,1.0231,-122.3489
1788774755.483823,37.835,363.1038,39.5183,179.3804,1.0234,-122.3487
1788774755.504042,37.836,363.1055,39.517,179.3803,1.0236,-122.3489
1788774755.524258,37.8354,363.1044,39.5179,179.3804,1.0237,-122.3487
1788774755.552243,37.835,363.1039,39.5166,179.3804,1.0234,-122.3487
1788774755.572439,37.836,363.1084,39.52,179.3803,1.0239,-122.3489
1788774755.592695,37.8348,363.1122,39.5646,179.3782,1.0258,-122.3489
1788774755.612932,37.8346,363.1134,39.5671,179.3782,1.0258,-122.3492
1788774755.633176,37.8368,363.1015,39.5346,179.3811,1.0226,-122.3491
1788774755.653439,37.8352,363.11,39.5452,179.38,1.0239,-122.3489
1788774755.673697,37.8368,363.1012,39.5316,179.3813,1.0224,-122.3489
1788774755.693971,37.8348,363.1049,39.5389,179.3808,1.0229,-122.3489
1788774755.714046,37.8374,363.1007,39.532,179.3816,1.0224,-122.3489
1788774755.734126,37.8367,363.105,39.5372,179.381,1.0231,-122.3491
1788774755.754199,37.8371,363.0997,39.531,179.3817,1.022,-122.3489
1788774755.774280,37.8362,363.1044,39.5376,179.381,1.0228,-122.3489
1788774755.794421,37.8369,363.1006,39.5337,179.3814,1.0223,-122.3489
1788774755.814662,37.8365,363.1027,39.5355,179.3811,1.0226,-122.3489
1788774755.834791,37.8366,363.1023,39.5341,179.3813,1.0224,-122.3491
1788774755.854868,37.8363,363.1041,39.5346,179.3811,1.0226,-122.3491
1788774755.874945,37.8372,363.1019,39.5345,179.3816,1.0224,-122.3487
1788774755.895021,37.8364,363.1032,39.5351,179.381,1.0228,-122.3489
1788774755.915096,37.8362,363.1046,39.5342,179.381,1.0228,-122.3491
1788774755.935271,37.8371,363.1028,39.5355,179.3813,1.0228,-122.3489
1788774755.955510,37.8365,363.1027,39.5355,179.3811,1.0226,-122.3489
1788774755.975731,37.8361,363.1049,39.5372,179.3808,1.0229,-122.3491
1788774755.996012,37.8367,363.1018,39.5345,179.3814,1.0223,-122.3491
1788774756.016211,37.8362,363.1045,39.5359,179.381,1.0228,-122.3491
1788774756.036466,37.836,363.1026,39.5355,179.381,1.0225,-122.3491
1788774756.056670,37.8365,363.1031,39.5368,179.381,1.0228,-122.3489
1788774756.076880,37.8353,363.1068,39.5376,179.3808,1.0226,-122.3491
1788774756.096954,37.8339,363.1172,39.5811,179.3783,1.0256,-122.3489
1788774756.117028,37.8359,363.1139,39.58,179.3789,1.025,-122.3491
1788774756.137128,37.8358,363.1066,39.5607,179.3807,1.0231,-122.3489
1788774756.157191,37.8338,363.1135,39.5725,179.3798,1.0244,-122.3487
1788774756.177251,37.8344,363.1071,39.5589,179.381,1.0228,-122.3487
1788774756.197315,37.8356,363.1107,39.5694,179.3803,1.0239,-122.3489
1788774756.217377,37.8363,363.1039,39.5593,179.3811,1.0226,-122.3491
1788774756.237626,37.8357,363.1104,39.568,179.3804,1.0237,-122.3491
1788774756.257876,37.8357,363.1073,39.5619,179.3808,1.0229,-122.3489
1788774756.278086,37.8352,363.1098,39.5667,179.3804,1.0234,-122.3491
1788774756.298323,37.8356,363.1078,39.5632,179.3807,1.0231,-122.3489
1788774756.318538,37.8357,363.1104,39.5663,179.3804,1.0237,-122.3489
1788774756.338751,37.8356,363.1078,39.5632,179.3807,1.0231,-122.3489
1788774756.359032,37.8338,363.1105,39.5663,179.3803,1.0236,-122.3487
1788774756.379108,37.8356,363.1078,39.5632,179.3807,1.0231,-122.3489
1788774756.399350,37.8374,363.1053,39.5649,179.381,1.0228,-122.3491
1788774756.419624,37.8354,363.109,39.5641,179.3807,1.0231,-122.3489
1788774756.439763,37.8342,363.1079,39.5632,179.3807,1.0231,-122.3487
1788774756.459839,37.8351,363.1076,39.5649,179.3805,1.0229,-122.3491
1788774756.479968,37.8352,363.1099,39.565,179.3804,1.0234,-122.3491
1788774756.500285,37.8357,363.1072,39.5636,179.3808,1.0229,-122.3491
1788774756.520458,37.8356,363.1077,39.5649,179.3807,1.0231,-122.3491
1788774756.540660,37.8362,363.1073,39.5636,179.381,1.0231,-122.3489
1788774756.560891,37.8356,363.1077,39.5649,179.3807,1.0231,-122.3491
1788774756.581095,37.8354,363.1092,39.59,179.3798,1.024,-122.3491
1788774756.601322,37.8346,363.121,39.6356,179.377,1.0271,-122.3498
1788774756.621454,37.8367,363.1017,39.5904,179.3813,1.0224,-122.3495
1788774756.641593,37.8356,363.1078,39.6025,179.3804,1.0234,-122.3498
1788774756.661819,37.8372,363.1023,39.595,179.3816,1.0224,-122.3495
1788774756.681889,37.8359,363.1062,39.5955,179.381,1.0228,-122.3498
1788774756.702149,37.8365,363.1031,39.5928,179.3816,1.0221,-122.3497
1788774756.722362,37.8364,363.1036,39.5924,179.3814,1.0223,-122.3497
1788774756.742603,37.8364,363.1036,39.5924,179.3814,1.0223,-122.3495
1788774756.762906,37.8369,363.1037,39.5924,179.3816,1.0224,-122.3497
1788774756.782977,37.8362,363.1048,39.5949,179.3814,1.0223,-122.3497
1788774756.803051,37.8366,363.1023,39.5933,179.3814,1.0223,-122.3497
1788774756.823134,37.8369,363.1036,39.5941,179.3816,1.0224,-122.3497
1788774756.843213,37.8362,363.1049,39.5932,179.3814,1.0223,-122.3495
1788774756.863473,37.8363,363.104,39.5937,179.3813,1.0224,-122.3495
1788774756.883858,37.8364,363.1036,39.5924,179.3814,1.0223,-122.3497
1788774756.904151,37.8358,363.1067,39.5951,179.3808,1.0229,-122.3495
1788774756.924376,37.8363,363.1041,39.592,179.3813,1.0224,-122.3497
1788774756.944624,37.8363,363.104,39.5937,179.3813,1.0224,-122.3497
1788774756.964848,37.8366,363.1023,39.5933,179.3814,1.0223,-122.3497
1788774756.984922,37.8354,363.1043,39.5937,179.3814,1.0226,-122.3495
1788774757.004993,37.835,363.1038,39.5924,179.3814,1.0223,-122.3493
1788774757.025067,37.8362,363.1045,39.5951,179.3811,1.0226,-122.3497
1788774757.052580,37.8353,363.102,39.5919,179.3816,1.0221,-122.3493
1788774757.072830,37.8372,363.1064,39.5954,179.3813,1.0224,-122.35
1788774757.093071,37.8334,363.1128,39.6419,179.3798,1.024,-122.3498
1788774757.113282,37.832,363.1249,39.6677,179.3774,1.0263,-122.3503
1788774757.133416,37.8357,363.0998,39.6231,179.3824,1.0212,-122.3499
1788774757.153638,37.8355,363.1084,39.6384,179.3811,1.0226,-122.3504
1788774757.173876,37.8354,363.1016,39.6236,179.3823,1.0213,-122.3499
1788774757.194064,37.8359,363.1064,39.6332,179.3814,1.0223,-122.3502
1788774757.214137,37.8372,363.0992,39.6235,179.3826,1.021,-122.3502
1788774757.234218,37.836,363.1056,39.6306,179.3817,1.022,-122.3502
1788774757.254414,37.8366,363.1027,39.6244,179.3823,1.0213,-122.3504
1788774757.274576,37.8363,363.1039,39.6284,179.3819,1.0218,-122.3502
1788774757.294813,37.8366,363.1022,39.628,179.382,1.0216,-122.3502
1788774757.314890,37.8363,363.1039,39.6284,179.3819,1.0218,-122.3502
1788774757.334965,37.8359,363.1034,39.6271,179.3819,1.0215,-122.3502
1788774757.375111,37.8366,363.1023,39.6263,179.382,1.0216,-122.3502
1788774757.395337,37.8353,363.1019,39.6266,179.3822,1.0215,-122.3497
1788774757.415589,37.8366,363.1022,39.628,179.382,1.0216,-122.3502
1788774757.435663,37.8363,363.104,39.6267,179.3819,1.0218,-122.3502
1788774757.455768,37.8363,363.104,39.6267,179.3819,1.0218,-122.35
1788774757.475842,37.8362,363.1045,39.628,179.3817,1.022,-122.3502
1788774757.516016,37.8373,363.106,39.6285,179.3816,1.0221,-122.3504
1788774757.536089,37.8368,363.1041,39.6267,179.382,1.0219,-122.3502
1788774757.556163,37.8363,363.104,39.6267,179.3819,1.0218,-122.35
1788774757.576413,37.8355,363.1087,39.6301,179.3816,1.0221,-122.3502
1788774757.596637,37.8325,363.1178,39.6745,179.3789,1.025,-122.35
1788774757.616929,37.8344,363.1177,39.6875,179.3785,1.0258,-122.3505
1788774757.637211,37.835,363.1037,39.6532,179.3816,1.0221,-122.3502
1788774757.657450,37.8345,363.114,39.669,179.3801,1.0237,-122.3504
1788774757.677704,37.836,363.106,39.6549,179.3816,1.0221,-122.3506
1788774757.697780,37.835,363.1115,39.6642,179.3805,1.0232,-122.3504
1788774757.717907,37.8356,363.1082,39.6567,179.3813,1.0224,-122.3504
1788774757.737982,37.8353,363.1093,39.6624,179.3808,1.0229,-122.3506
1788774757.758279,37.8347,363.1056,39.6553,179.3817,1.022,-122.3502
1788774757.778501,37.8352,363.1102,39.6602,179.381,1.0228,-122.3504
1788774757.798774,37.8361,363.1054,39.657,179.3817,1.022,-122.3504
1788774757.819016,37.8359,363.1062,39.6596,179.3814,1.0223,-122.3506
1788774757.839229,37.8363,363.1041,39.6562,179.3817,1.022,-122.3504
1788774757.859448,37.8363,363.104,39.6579,179.3817,1.022,-122.3504
1788774757.879576,37.8348,363.1047,39.6575,179.3816,1.0221,-122.3502
1788774757.899837,37.8369,363.101,39.6583,179.3819,1.0218,-122.3504
1788774757.919912,37.8376,363.1044,39.6575,179.3816,1.0221,-122.3504
1788774757.939984,37.8357,363.103,39.657,179.3819,1.0221,-122.3504
1788774757.960197,37.835,363.1011,39.6566,179.3817,1.0216,-122.3502
1788774757.980457,37.8352,363.1024,39.6574,179.3819,1.0218,-122.3502
1788774758.000666,37.8365,363.1028,39.657,179.3817,1.022,-122.3504
1788774758.020934,37.8374,363.101,39.6583,179.382,1.0219,-122.3506
1788774758.041010,37.838,363.1021,39.6574,179.3819,1.0218,-122.3508
1788774758.061083,37.8363,363.104,39.6579,179.3817,1.022,-122.3504
1788774758.081156,37.8346,363.1059,39.6813,179.3816,1.0221,-122.3504
1788774758.101229,37.8355,363.1111,39.7038,179.3805,1.0235,-122.3504
1788774758.121303,37.8386,363.0916,39.6699,179.3841,1.0194,-122.3506
1788774758.141528,37.8362,363.1047,39.6871,179.3822,1.0215,-122.3504
1788774758.161800,37.8365,363.0956,39.6739,179.3836,1.0199,-122.3501
1788774758.181878,37.837,363.1004,39.6835,179.3827,1.0208,-122.3506
1788774758.202076,37.8377,363.0963,39.6765,179.3833,1.0202,-122.3506
1788774758.222268,37.8376,363.0996,39.6808,179.3832,1.0207,-122.3504
1788774758.242491,37.839,363.0969,39.676,179.3835,1.02,-122.3508
1788774758.262658,37.8359,363.099,39.6796,179.3829,1.0207,-122.3502
1788774758.282887,37.8371,363.0996,39.6791,179.383,1.0205,-122.3506
1788774758.302958,37.8369,363.1009,39.68,179.383,1.0205,-122.3506
1788774758.323031,37.837,363.1002,39.6787,179.3829,1.0207,-122.3504
1788774758.343227,37.8362,363.1049,39.6805,179.3826,1.021,-122.3506
1788774758.363389,37.8369,363.1038,39.6797,179.3828,1.0211,-122.3504
1788774758.383544,37.8367,363.1018,39.6809,179.3827,1.0208,-122.3506
1788774758.403752,37.8369,363.1037,39.6814,179.3828,1.0211,-122.3504
1788774758.423895,37.8363,363.1041,39.681,179.3824,1.0212,-122.3504
1788774758.443971,37.8354,363.1043,39.681,179.3826,1.0213,-122.3502
1788774758.464046,37.835,363.1038,39.6796,179.3826,1.021,-122.3502
1788774758.484118,37.8364,363.1037,39.6796,179.3826,1.021,-122.3506
1788774758.504196,37.8359,363.1036,39.6796,179.3824,1.0208,-122.3506
1788774758.524456,37.8361,363.1053,39.6818,179.3824,1.0212,-122.3506
1788774758.570981,37.836,363.1134,39.6844,179.3819,1.0218,-122.3508
1788774758.591123,37.8332,363.1238,39.7315,179.3801,1.024,-122.3509
1788774758.611192,37.8317,363.1293,39.744,179.3792,1.0247,-122.3509
1788774758.631333,37.8348,363.1125,39.7083,179.3829,1.0207,-122.351
1788774758.651460,37.8325,363.1223,39.7211,179.3811,1.0223,-122.3508
1788774758.671608,37.8347,363.1126,39.7066,179.3829,1.0207,-122.3508
1788774758.691755,37.8325,363.1173,39.7149,179.3821,1.0215,-122.3506
1788774758.711847,37.8348,363.1125,39.7083,179.3829,1.0207,-122.3508
1788774758.731984,37.8325,363.1173,39.7149,179.3821,1.0215,-122.3508
1788774758.752133,37.8353,363.1122,39.707,179.3832,1.0207,-122.351
1788774758.772289,37.8343,363.1151,39.7131,179.3824,1.0211,-122.3508
1788774758.792447,37.8347,363.113,39.7096,179.3827,1.0208,-122.3508
1788774758.812615,37.8326,363.1169,39.7136,179.3823,1.0213,-122.3506
1788774758.832805,37.8345,363.1142,39.7105,179.3827,1.0208,-122.3508
1788774758.852912,37.8348,363.1151,39.7131,179.3826,1.0213,-122.3508
1788774758.873027,37.8345,363.1142,39.7105,179.3827,1.0208,-122.3508
1788774758.893198,37.8343,363.1151,39.7114,179.3824,1.0211,-122.351
1788774758.913267,37.8361,363.1127,39.7113,179.3827,1.0208,-122.3512
1788774758.933428,37.8344,363.1146,39.7118,179.3826,1.021,-122.3508
1788774758.953609,37.8338,363.1131,39.7113,179.3829,1.021,-122.3506
1788774758.973784,37.836,363.1133,39.711,179.3826,1.021,-122.351
1788774758.994012,37.8347,363.1129,39.7113,179.3827,1.0208,-122.3508
1788774759.014095,37.8349,363.1116,39.7105,179.3827,1.0208,-122.3508
1788774759.034178,37.8343,363.1151,39.7114,179.3824,1.0211,-122.3508
1788774759.054405,37.8334,363.1126,39.71,179.3829,1.0207,-122.3508
1788774759.074578,37.8339,363.1175,39.7148,179.3824,1.0211,-122.3508
1788774759.094742,37.8332,363.1183,39.7531,179.3802,1.0232,-122.3511
1788774759.114820,37.8327,363.1236,39.7805,179.3787,1.0251,-122.3513
1788774759.135029,37.8348,363.1094,39.7462,179.3818,1.0215,-122.351
1788774759.155206,37.8338,363.1178,39.7602,179.3808,1.0229,-122.3511
1788774759.175369,37.8352,363.1099,39.7444,179.3823,1.0213,-122.351
1788774759.195533,37.8346,363.1132,39.7536,179.3815,1.0221,-122.3511
1788774759.215710,37.8341,363.1086,39.747,179.3823,1.0213,-122.3508
1788774759.235805,37.8348,363.1123,39.7509,179.3819,1.0218,-122.351
1788774759.255960,37.8366,363.1097,39.7461,179.3823,1.0213,-122.3512
1788774759.276120,37.8346,363.1132,39.7487,179.382,1.0216,-122.351
1788774759.296258,37.8353,363.1098,39.7461,179.3823,1.0213,-122.351
1788774759.316389,37.8354,363.1121,39.7479,179.3821,1.0218,-122.3513
1788774759.336560,37.8355,363.1116,39.7483,179.3823,1.0216,-122.351
1788774759.356719,37.8332,363.1139,39.7483,179.3819,1.0218,-122.3508
1788774759.376896,37.8338,363.1104,39.7474,179.3821,1.0215,-122.351
1788774759.396968,37.8352,363.1102,39.7474,179.3821,1.0215,-122.351
1788774759.417119,37.8349,363.1116,39.7465,179.3821,1.0215,-122.351
1788774759.437272,37.8353,363.1097,39.7478,179.3823,1.0213,-122.3512
1788774759.457434,37.8349,363.112,39.7479,179.382,1.0216,-122.3513
1788774759.477610,37.8356,363.1107,39.7488,179.3821,1.0218,-122.3513
1788774759.497795,37.8353,363.1097,39.7478,179.3823,1.0213,-122.3512
1788774759.517947,37.835,363.111,39.7486,179.3823,1.0213,-122.3512
1788774759.538085,37.835,363.1115,39.7483,179.3821,1.0215,-122.3513
1788774759.558254,37.834,363.1093,39.7482,179.3824,1.0211,-122.351
1788774759.578392,37.8334,363.1129,39.7491,179.3821,1.0215,-122.351
1788774759.598460,37.8343,363.1179,39.7994,179.3799,1.0242,-122.3513
1788774759.618597,37.8339,363.1246,39.8255,179.378,1.0259,-122.3515
1788774759.638762,37.834,363.1092,39.7859,179.3818,1.0218,-122.351
1788774759.658972,37.8344,363.1145,39.792,179.3813,1.0224,-122.3513
1788774759.679160,37.8358,363.1069,39.7793,179.3826,1.021,-122.3512
1788774759.699236,37.8339,363.11,39.7854,179.382,1.0216,-122.351
1788774759.719400,37.8351,363.1031,39.7787,179.383,1.0205,-122.351
1788774759.739567,37.8353,363.1093,39.7858,179.3821,1.0215,-122.3513
1788774759.759789,37.834,363.1092,39.7827,179.3823,1.0213,-122.3508
1788774759.780041,37.8352,363.1102,39.7836,179.3823,1.0213,-122.3512
1788774759.800112,37.8357,363.1073,39.7823,179.3824,1.0211,-122.3512
1788774759.820271,37.8358,363.1068,39.7827,179.3826,1.021,-122.3512
1788774759.840425,37.8359,363.1063,39.7813,179.3827,1.0208,-122.3515
1788774759.860516,37.8354,363.109,39.7827,179.3823,1.0213,-122.3512
1788774759.880664,37.8357,363.1073,39.7823,179.3824,1.0211,-122.3512
1788774759.900723,37.8368,363.1089,39.7827,179.3823,1.0213,-122.3512
1788774759.920885,37.8357,363.1073,39.7823,179.3824,1.0211,-122.3512
1788774759.941039,37.8332,363.1107,39.7849,179.382,1.0213,-122.351
1788774759.961225,37.8357,363.1073,39.7823,179.3824,1.0211,-122.351
1788774759.981383,37.8353,363.1094,39.7841,179.3821,1.0215,-122.3513
1788774760.001544,37.834,363.1092,39.7827,179.3823,1.0213,-122.351
1788774760.021728,37.8359,363.1091,39.7827,179.3824,1.0215,-122.3513
1788774760.041819,37.8354,363.109,39.7827,179.3823,1.0213,-122.3512
1788774760.067150,37.8352,363.1072,39.7823,179.3823,1.021,-122.3512
1788774760.087228,37.8353,363.1094,39.7841,179.3821,1.0215,-122.3515
1788774760.107376,37.833,363.1148,39.8116,179.3813,1.0224,-122.3511
1788774760.127560,37.8306,363.1356,39.8724,179.3774,1.0266,-122.3518
1788774760.147704,37.8333,363.1208,39.8499,179.3799,1.0239,-122.3515
1788774760.167848,37.8355,363.1087,39.8322,179.3823,1.0213,-122.3515
1788774760.188027,37.8347,363.113,39.8326,179.3821,1.0215,-122.3515
1788774760.208175,37.8352,363.1102,39.8247,179.3827,1.0208,-122.3515
1788774760.228309,37.8339,363.1125,39.8282,179.3826,1.0213,-122.3515
1788774760.248459,37.8359,363.1062,39.8242,179.3832,1.0203,-122.3515
1788774760.268661,37.8371,363.11,39.8281,179.3829,1.021,-122.3517
1788774760.288857,37.8354,363.1089,39.8256,179.3827,1.0208,-122.3515
1788774760.309077,37.8358,363.1097,39.8268,179.383,1.0208,-122.3515
1788774760.329149,37.8356,363.108,39.8246,179.383,1.0205,-122.3515
1788774760.349229,37.8355,363.1083,39.8277,179.3829,1.0207,-122.3517
1788774760.369415,37.8352,363.1101,39.8264,179.3827,1.0208,-122.3515
1788774760.389577,37.8351,363.1107,39.826,179.3826,1.021,-122.3515
1788774760.409730,37.8355,363.1084,39.826,179.3829,1.0207,-122.3515
1788774760.429809,37.8354,363.1088,39.8273,179.3827,1.0208,-122.3515
1788774760.449885,37.8352,363.1101,39.8264,179.3827,1.0208,-122.3515
1788774760.469960,37.8357,363.1102,39.8264,179.3829,1.021,-122.3517
1788774760.490035,37.8355,363.1084,39.826,179.3829,1.0207,-122.3517
1788774760.510112,37.8344,363.1099,39.8268,179.383,1.0208,-122.3512
1788774760.530272,37.8356,363.1079,39.8263,179.383,1.0205,-122.3515
1788774760.550426,37.8353,363.1096,39.8268,179.3829,1.0207,-122.3517
1788774760.570582,37.8338,363.1103,39.8264,179.3827,1.0208,-122.3512
1788774760.592581,37.8353,363.1096,39.8268,179.3829,1.0207,-122.3517
1788774760.612655,37.8345,363.1138,39.8289,179.3827,1.0208,-122.3515
1788774760.632707,37.8343,363.115,39.8769,179.3808,1.0229,-122.3517
1788774760.652779,37.8327,363.1236,39.9053,179.3789,1.025,-122.352
1788774760.672847,37.8357,363.1001,39.8597,179.384,1.0194,-122.3517
1788774760.692914,37.835,363.111,39.8734,179.3824,1.0211,-122.3519
1788774760.712986,37.8364,363.1036,39.8572,179.3837,1.0197,-122.3519
1788774760.733059,37.8343,363.1078,39.8659,179.3832,1.0203,-122.3515
1788774760.753127,37.8351,363.1032,39.8593,179.3839,1.0195,-122.3517
1788774760.773296,37.8356,363.1078,39.8642,179.3831,1.0203,-122.3519
1788774760.793508,37.8364,363.1035,39.8589,179.3837,1.0197,-122.3519
1788774760.813710,37.8357,363.1074,39.8629,179.3833,1.0202,-122.3519
1788774760.833787,37.8363,363.1039,39.862,179.3836,1.0199,-122.3517
1788774760.853896,37.836,363.106,39.8637,179.3833,1.0202,-122.3519
1788774760.873969,37.8359,363.106,39.8637,179.3833,1.0202,-122.3517
1788774760.894040,37.8357,363.1074,39.8629,179.3833,1.0202,-122.3517
1788774760.914225,37.8361,363.1052,39.8611,179.3836,1.0199,-122.3519
1788774760.934298,37.8348,363.108,39.8642,179.3833,1.0205,-122.3517
1788774760.954402,37.8356,363.1079,39.8625,179.3831,1.0203,-122.3519
1788774760.974476,37.8356,363.1079,39.8625,179.3832,1.0203,-122.3517
1788774760.994544,37.8355,363.1055,39.8624,179.3833,1.0199,-122.3519
1788774761.014651,37.8344,363.107,39.8632,179.3835,1.02,-122.3519
1788774761.034736,37.8353,363.1068,39.8632,179.3833,1.0199,-122.3519
1788774761.054897,37.8357,363.1074,39.8629,179.3833,1.0202,-122.3517
1788774761.075063,37.8353,363.1068,39.8632,179.3833,1.0199,-122.3519
1788774761.095136,37.8361,363.1079,39.8642,179.3833,1.0205,-122.3519
1788774761.115211,37.8359,363.1064,39.8619,179.3836,1.0199,-122.3517
1788774761.135288,37.8334,363.1128,39.8967,179.3815,1.0221,-122.3517
1788774761.155394,37.8327,363.1237,39.9315,179.3792,1.0247,-122.3517
1788774761.175501,37.8355,363.1085,39.8916,179.3829,1.0207,-122.3517
1788774761.195604,37.8343,363.115,39.9019,179.3823,1.0213,-122.3519
1788774761.215677,37.8348,363.1051,39.8875,179.3836,1.0199,-122.3517
1788774761.235799,37.8351,363.1107,39.8966,179.3829,1.0207,-122.3521
1788774761.255873,37.8369,363.1081,39.8918,179.3833,1.0202,-122.3521
1788774761.275948,37.8337,363.1109,39.8966,179.3829,1.0207,-122.3517
1788774761.296021,37.835,363.1068,39.8914,179.3836,1.0202,-122.3517
1788774761.316096,37.8356,363.1082,39.8935,179.3833,1.0202,-122.3519
1788774761.336189,37.8343,363.1079,39.8922,179.3835,1.02,-122.3517
1788774761.356302,37.8356,363.1082,39.8935,179.3833,1.0202,-122.3519
1788774761.376405,37.834,363.1095,39.8943,179.3833,1.0202,-122.3517
1788774761.396477,37.8352,363.1099,39.894,179.3831,1.0203,-122.3519
1788774761.416547,37.8356,363.1077,39.8922,179.3835,1.02,-122.3519
1788774761.436623,37.8352,363.1099,39.894,179.3831,1.0203,-122.3521
1788774761.456730,37.8339,363.11,39.894,179.3831,1.0203,-122.3519
1788774761.476804,37.8362,363.1073,39.8926,179.3838,1.02,-122.3519
1788774761.496873,37.8357,363.1076,39.8939,179.3835,1.02,-122.3521
1788774761.516945,37.8352,363.1099,39.894,179.3831,1.0203,-122.3519
1788774761.537017,37.8356,363.1082,39.8935,179.3833,1.0202,-122.3519
1788774761.557095,37.8357,363.1076,39.8939,179.3835,1.02,-122.3519
1788774761.577167,37.8338,363.1073,39.8926,179.3834,1.0197,-122.3517
1788774761.597241,37.837,363.1075,39.8939,179.3835,1.02,-122.3519
1788774761.617316,37.8355,363.1086,39.8948,179.3831,1.0203,-122.3521
1788774761.637391,37.835,363.1112,39.8981,179.3835,1.02,-122.3521
1788774761.657565,37.8321,363.1227,39.9575,179.3815,1.0224,-122.3521
1788774761.677726,37.831,363.1333,39.9859,179.3792,1.0246,-122.3526
1788774761.697855,37.8339,363.1128,39.9383,179.384,1.0197,-122.3521
1788774761.717931,37.8336,363.1187,39.9505,179.383,1.0205,-122.3523
1788774761.738006,37.8354,363.1117,39.9374,179.3843,1.0194,-122.3523
1788774761.758081,37.8343,363.1152,39.9447,179.3837,1.0197,-122.3523
1788774761.778209,37.8349,363.1119,39.9372,179.3845,1.0189,-122.3525
1788774761.798283,37.8342,363.1154,39.9413,179.3837,1.0197,-122.3523
1788774761.818351,37.8348,363.1124,39.9369,179.3843,1.0191,-122.3523
1788774761.838455,37.8344,363.1145,39.9404,179.384,1.0194,-122.3525
1788774761.858557,37.8356,363.1107,39.9381,179.3846,1.019,-122.3525
1788774761.878717,37.836,363.113,39.9412,179.384,1.0194,-122.3527
1788774761.898848,37.8347,363.1129,39.9382,179.3842,1.0192,-122.3525
1788774761.939110,37.8339,363.113,39.9399,179.3843,1.0194,-122.3523
1788774761.959296,37.8334,363.1125,39.9386,179.3843,1.0191,-122.3523
1788774761.979369,37.8346,363.1133,39.9395,179.384,1.0194,-122.3525
1788774761.999436,37.8334,363.1125,39.9386,179.3843,1.0191,-122.3521
1788774762.019503,37.8346,363.1134,39.9378,179.384,1.0194,-122.3527
1788774762.039606,37.8333,363.1134,39.9395,179.384,1.0194,-122.3525
1788774762.059717,37.8347,363.1129,39.9382,179.3842,1.0192,-122.3525
1788774762.079819,37.835,363.111,39.9395,179.3843,1.0191,-122.3523
1788774762.099960,37.833,363.1147,39.9404,179.384,1.0194,-122.3525
1788774762.120113,37.8333,363.1129,39.9399,179.3842,1.0192,-122.3523
1788774762.140270,37.8345,363.1142,39.9423,179.3845,1.0189,-122.3523
1788774762.160452,37.8322,363.1194,39.9827,179.3823,1.0213,-122.3523
1788774762.180530,37.8307,363.1349,40.0422,179.3789,1.025,-122.3528
1788774762.200605,37.8335,363.1197,40.0022,179.3826,1.021,-122.3528
1788774762.220708,37.8336,363.1191,40.0011,179.3831,1.0203,-122.3528
1788774762.240780,37.8331,363.1144,39.9898,179.384,1.0194,-122.3525
1788774762.260850,37.8343,363.118,39.9954,179.3837,1.02,-122.3528
1788774762.280918,37.8349,363.112,39.9897,179.3843,1.019,-122.3527
1788774762.300991,37.8343,363.115,39.9941,179.3837,1.0197,-122.353
1788774762.321064,37.8351,363.1138,39.9902,179.3843,1.0194,-122.353
1788774762.341227,37.8347,363.1131,39.9922,179.3843,1.019,-122.353
1788774762.361402,37.8337,363.114,39.9902,179.3843,1.0194,-122.3525
1788774762.381475,37.8346,363.1136,39.9919,179.3842,1.0192,-122.3527
1788774762.401537,37.8349,363.1118,39.9914,179.3843,1.019,-122.353
1788774762.421613,37.8351,363.1137,39.9919,179.3843,1.0194,-122.353
1788774762.441674,37.8338,363.1134,39.9905,179.3845,1.0192,-122.3527
1788774762.461809,37.8345,363.114,39.9932,179.384,1.0194,-122.353
1788774762.482009,37.835,363.1141,39.9932,179.3842,1.0195,-122.353
1788774762.502170,37.8348,363.1124,39.991,179.3842,1.0192,-122.353
1788774762.522325,37.8346,363.1132,39.9905,179.3843,1.019,-122.3527
1788774762.542485,37.8346,363.1136,39.9919,179.3842,1.0192,-122.353
1788774762.562641,37.8365,363.1136,39.9919,179.3843,1.0194,-122.353
1788774762.582705,37.8347,363.1127,39.9909,179.3845,1.0189,-122.3527
1788774762.602862,37.8345,363.1112,39.9918,179.3843,1.0187,-122.3527
1788774762.628701,37.8352,363.1133,39.9905,179.3845,1.0192,-122.353
1788774762.648775,37.8332,363.1137,39.9919,179.3842,1.0192,-122.3525
1788774762.668850,37.8333,363.1129,40.0185,179.3836,1.0198,-122.3528
1788774762.688926,37.8302,363.1302,40.0915,179.3794,1.0243,-122.3533
1788774762.709115,37.8329,363.1184,40.0688,179.3824,1.0214,-122.353
1788774762.729188,37.8351,363.108,40.0481,179.3843,1.0187,-122.3532
1788774762.749269,37.8337,363.1108,40.0512,179.384,1.0194,-122.353
1788774762.769420,37.8342,363.1082,40.0449,179.3849,1.0184,-122.3532
1788774762.789492,37.8335,363.1122,40.0503,179.384,1.0194,-122.3532
1788774762.809560,37.8356,363.1081,40.0449,179.3849,1.0184,-122.3534
1788774762.829646,37.8352,363.11,40.0501,179.3846,1.0187,-122.3534
1788774762.849710,37.8349,363.1092,40.0457,179.3847,1.0183,-122.3534
1788774762.869780,37.8351,363.1106,40.0497,179.3845,1.0189,-122.3534
1788774762.889846,37.8342,363.1081,40.0466,179.3849,1.0184,-122.3529
1788774762.910127,37.8346,363.109,40.0493,179.3848,1.0189,-122.3532
1788774762.930201,37.835,363.1084,40.0462,179.3846,1.0184,-122.3532
1788774762.950354,37.8369,363.1082,40.048,179.3848,1.0186,-122.3538
1788774762.970513,37.8341,363.1091,40.0476,179.3846,1.0187,-122.3532
1788774762.990584,37.8338,363.1103,40.0484,179.3846,1.0187,-122.3532
1788774763.010822,37.8356,363.108,40.0466,179.3849,1.0184,-122.3536
1788774763.030893,37.8337,363.1108,40.048,179.3844,1.0189,-122.3534
1788774763.051038,37.8353,363.1096,40.0488,179.3848,1.0186,-122.3534
1788774763.071212,37.8354,363.1089,40.0476,179.3846,1.0187,-122.3534
1788774763.091381,37.8354,363.1088,40.0493,179.3846,1.0187,-122.3536
1788774763.111530,37.8355,363.1084,40.048,179.3848,1.0186,-122.3534
1788774763.131867,37.8338,363.1103,40.0484,179.3846,1.0187,-122.3532
1788774763.152046,37.8353,363.1097,40.0471,179.3848,1.0186,-122.3534
1788774763.172204,37.8338,363.1105,40.05,179.3849,1.0184,-122.3532
1788774763.192383,37.8323,363.1263,40.1206,179.3812,1.0224,-122.3539
1788774763.212544,37.8304,363.1367,40.1675,179.3796,1.0241,-122.3546
1788774763.232672,37.8316,363.1299,40.1641,179.3809,1.0227,-122.3548
1788774763.252872,37.8345,363.1167,40.1342,179.384,1.0197,-122.3545
1788774763.272946,37.832,363.1201,40.1368,179.3835,1.0198,-122.3545
1788774763.293020,37.8341,363.1161,40.1314,179.3844,1.0189,-122.3545
1788774763.313093,37.8329,363.1156,40.1335,179.3846,1.0187,-122.3543
1788774763.353320,37.8323,363.116,40.1331,179.3843,1.0187,-122.3545
1788774763.373455,37.8344,363.1143,40.131,179.3846,1.0187,-122.3545
1788774763.393606,37.8328,363.1161,40.1331,179.3844,1.0189,-122.3543
1788774763.413790,37.8328,363.1157,40.1318,179.3846,1.0187,-122.3543
1788774763.433964,37.8329,363.1156,40.1335,179.3846,1.0187,-122.3543
1788774763.454124,37.8343,363.1151,40.1305,179.3847,1.0186,-122.3545
1788774763.474286,37.8333,363.1134,40.1317,179.3849,1.0184,-122.3542
1788774763.494436,37.8323,363.1156,40.1318,179.3844,1.0186,-122.3543
1788774763.514587,37.8331,363.1144,40.1327,179.3846,1.0187,-122.3543
1788774763.534758,37.8343,363.1151,40.1322,179.3847,1.0186,-122.3543
1788774763.554942,37.8329,363.1152,40.1322,179.3847,1.0186,-122.3543
1788774763.582146,37.8333,363.1134,40.1317,179.3849,1.0184,-122.354
1788774763.602306,37.8336,363.119,40.1295,179.3847,1.0186,-122.354
1788774763.622418,37.8355,363.101,40.0819,179.3895,1.0134,-122.3542
1788774763.642577,37.8345,363.1065,40.0994,179.3883,1.0147,-122.3542
1788774763.662762,37.8372,363.099,40.0945,179.389,1.0139,-122.3544
1788774763.682806,37.8359,363.0988,40.0932,179.3892,1.0138,-122.3544
1788774763.702843,37.8369,363.1011,40.098,179.3887,1.0142,-122.3542
1788774763.722918,37.8354,363.1014,40.0946,179.3887,1.0142,-122.3542
1788774763.742990,37.8364,363.1037,40.1011,179.3883,1.0147,-122.3544
1788774763.763064,37.8369,363.1011,40.098,179.3887,1.0142,-122.3544
1788774763.783175,37.8349,363.1043,40.1007,179.3881,1.0149,-122.3542
1788774763.803254,37.8354,363.1018,40.0976,179.3886,1.0144,-122.3542
1788774763.823355,37.8363,363.1042,40.1007,179.3881,1.0149,-122.3544
1788774763.843559,37.8352,363.1026,40.1003,179.3883,1.0147,-122.3542
1788774763.863784,37.8359,363.1032,40.1029,179.3878,1.0149,-122.3542
1788774763.883854,37.8359,363.1037,40.1026,179.3877,1.015,-122.3544
1788774763.903924,37.8362,363.1046,40.1021,179.388,1.015,-122.3544
1788774763.923994,37.8364,363.1037,40.1043,179.3878,1.0152,-122.3544
1788774763.944069,37.8347,363.1055,40.1064,179.3877,1.0154,-122.3542
1788774763.964167,37.8363,363.1041,40.1056,179.3877,1.0154,-122.3542
1788774763.984270,37.8363,363.1041,40.1056,179.3877,1.0154,-122.3544
1788774764.004371,37.8346,363.1063,40.1091,179.3874,1.0157,-122.3542
1788774764.024475,37.8364,363.1036,40.1091,179.3874,1.0157,-122.3544
1788774764.044548,37.8342,363.1081,40.1127,179.3868,1.0163,-122.3542
1788774764.064616,37.8353,363.1065,40.1136,179.3866,1.0162,-122.3547
1788774764.084691,37.8358,363.1071,40.1132,179.3866,1.0165,-122.3544
1788774764.104761,37.8343,363.1076,40.1163,179.3865,1.0166,-122.3542
1788774764.124829,37.8357,363.1101,40.1194,179.3862,1.0173,-122.3544
1788774764.144897,37.8353,363.1095,40.1197,179.3862,1.017,-122.3544
1788774764.164964,37.8356,363.1078,40.1193,179.3864,1.0168,-122.3542
1788774764.185031,37.8351,363.1109,40.122,179.3858,1.0174,-122.3545
1788774764.205106,37.8349,363.1118,40.123,179.3855,1.0178,-122.3542
1788774764.225179,37.8331,363.1114,40.1234,179.3855,1.0174,-122.3542
1788774764.245255,37.8335,363.1119,40.1247,179.3855,1.0178,-122.3542
1788774764.285593,37.8348,363.1127,40.1256,179.3852,1.0181,-122.3547
1788774764.305806,37.833,363.1122,40.126,179.3852,1.0178,-122.3542
1788774764.325882,37.8347,363.1131,40.127,179.385,1.0182,-122.3545
1788774764.346039,37.8338,363.1133,40.127,179.3852,1.0184,-122.3542
1788774764.366203,37.835,363.1112,40.1282,179.3852,1.0181,-122.3545
1788774764.386278,37.8348,363.1125,40.1291,179.3852,1.0181,-122.3545
1788774764.406353,37.8352,363.1131,40.1287,179.3852,1.0184,-122.3545
1788774764.426530,37.8347,363.113,40.1287,179.385,1.0182,-122.3545
1788774764.446689,37.8349,363.1117,40.1296,179.385,1.0182,-122.3545
1788774764.466919,37.8345,363.1138,40.1313,179.3847,1.0186,-122.3543
1788774764.487051,37.835,363.1112,40.1282,179.3852,1.0181,-122.3545
1788774764.507126,37.8351,363.1135,40.13,179.385,1.0185,-122.3543
1788774764.527201,37.8347,363.1158,40.1301,179.3848,1.0189,-122.3545
1788774764.547272,37.8346,363.1134,40.13,179.3849,1.0184,-122.3545
1788774764.567422,37.8347,363.113,40.1287,179.385,1.0182,-122.3545
1788774764.587602,37.8345,363.1139,40.1296,179.3847,1.0186,-122.3543
1788774764.607759,37.8345,363.1138,40.1313,179.3847,1.0186,-122.3545
1788774764.627847,37.8328,363.1157,40.1318,179.3846,1.0187,-122.354
1788774764.647922,37.8344,363.1143,40.131,179.3846,1.0187,-122.3545
