sensor,width_px,height_px,split,seed,fx_mae,fy_mae,fz_mae,fz_rmse,res_mae,res_rmse,mag_mae,res_mae_shear,res_mae_normal,fz_mae_baseline,fz_r2,lat_mae,lat_mae_baseline,lat_r2,lat_mae_shear,fz_mae_normal,n_test_shear,n_test_normal,norm,rep,n_train,n_val,n_test,fz_range,tx_mae,ty_mae,tz_mae,epochs,epochs_run,best_epoch,train_loss,val_loss,batch,micro_batch,accum,seconds,sh,res,res_kind,density_px_per_mm2
hard_1mm_r1,1920,1080,cycle,0,0.0217834245413541,0.023322744295001,0.0981520563364029,0.1240167394280433,0.1102405562996864,0.1317424923181533,0.0963330864906311,0.1174732595682144,0.1039377823472023,0.4310285151004791,0.9475429058074952,0.0229617618024349,0.1646454185247421,0.9716132283210754,0.0345768891274929,0.0997246503829956,61,70,none,grey,735,134,131,2.8247201442718506,0.000486397446366,0.0004176140355411,0.0001438213366782,30,30,24,0.1441214552541979,0.2252178550211351,64,4,16,267.9,0.02255308441817755,0.1102405562996864,실측,16384.0
hard_1mm_r1,1920,1080,cycle,1,0.0230856742709875,0.0248752944171428,0.0892146527767181,0.1145896464586258,0.1016923785209655,0.1228345483541488,0.0861636772751808,0.1320071518421173,0.075275219976902,0.4310285151004791,0.95521479845047,0.0255268737673759,0.1646454185247421,0.9677210450172424,0.0346586443483829,0.0686713233590126,61,70,none,grey,735,134,131,2.8247201442718506,0.0005201539606787,0.0004753874673042,0.0001474599121138,30,30,30,0.1361224956050211,0.2206257079074632,64,4,16,267.6,0.023980484344065148,0.1016923785209655,실측,16384.0
hard_1mm_r1,1920,1080,cycle,2,0.0207139793783426,0.0211810786277055,0.1484506875276565,0.1857302784919738,0.1555643230676651,0.1905733048915863,0.143747866153717,0.2282036244869232,0.0922643914818763,0.4310285151004791,0.8823453187942505,0.0232370886951684,0.1646454185247421,0.9681336879730223,0.0378649942576885,0.0880023688077926,61,70,none,grey,735,134,131,2.8247201442718506,0.0006342875421978,0.0004583740665111,0.0001337838039034,30,30,30,0.1255447970361125,0.2145592679283512,64,4,16,266.3,0.020947529003024053,0.1555643230676651,실측,16384.0
hard_1mm_r1,1280,720,cycle,0,0.0260965637862682,0.0211333185434341,0.1188131421804428,0.1505745202302932,0.1295393109321594,0.1574010998010635,0.11326265335083,0.1759747564792633,0.0890741273760795,0.4310285151004791,0.9226702451705932,0.0301751364022493,0.1646454185247421,0.9553133845329284,0.0426107458770275,0.0804996117949485,61,70,none,grey,735,134,131,2.8247201442718506,0.0005434879567474,0.0005078031681478,0.0001459898921893,30,30,29,0.1179932096377522,0.2407347035052171,64,8,8,117.2,0.02361494116485115,0.1295393109321594,실측,7281.777777777777
hard_1mm_r1,1280,720,cycle,1,0.0261767264455556,0.0303090699017047,0.1426103264093399,0.1734824329614639,0.153083398938179,0.1814376413822174,0.1377133429050445,0.215593159198761,0.0986105948686599,0.4310285151004791,0.8973509669303894,0.029749309644103,0.1646454185247421,0.955547571182251,0.043635819107294,0.0908314287662506,61,70,none,grey,735,134,131,2.8247201442718506,0.0007391183171421,0.0004316698177717,0.0001454933662898,30,30,29,0.1328868675394123,0.2395916394333341,64,8,8,116.2,0.02824289817363015,0.153083398938179,실측,7281.777777777777
hard_1mm_r1,1280,720,cycle,2,0.0191789232194423,0.0248327460139989,0.1438990235328674,0.1783539652824401,0.1516880989074707,0.1827998161315918,0.1400067061185836,0.2128201425075531,0.0984158888459205,0.4310285151004791,0.8915051221847534,0.0272790230810642,0.1646454185247421,0.9692774415016174,0.029624281451106,0.0906241312623024,61,70,none,grey,735,134,131,2.8247201442718506,0.0006162411882542,0.0004686424799729,0.0001503206440247,30,30,30,0.1074181646311364,0.242157129209433,64,8,8,116.2,0.0220058346167206,0.1516880989074707,실측,7281.777777777777
hard_1mm_r1,854,480,cycle,0,0.017889130860567,0.0289889816194772,0.098429687321186,0.1287348121404647,0.1113459765911102,0.1357211619615554,0.0951069220900535,0.1416547745466232,0.0849340036511421,0.4310285151004791,0.943475604057312,0.0245087631046772,0.1646454185247421,0.9715978503227234,0.0299807768315076,0.0719352066516876,61,70,none,grey,735,134,131,2.8247201442718506,0.001118070911616,0.0004397323937155,0.0001407555682817,30,30,21,0.1945981171666359,0.2496231625329202,64,16,4,54.6,0.0234390562400221,0.1113459765911102,실측,3241.404444444444
hard_1mm_r1,854,480,cycle,1,0.0174327120184898,0.0304840672761201,0.1474185734987259,0.1808345019817352,0.1557342410087585,0.1874787360429763,0.141611635684967,0.2151756584644317,0.1039352864027023,0.4310285151004791,0.8884662389755249,0.0262900982052087,0.1646454185247421,0.9585648775100708,0.0422560460865497,0.1000594720244407,61,70,none,grey,735,134,131,2.8247201442718506,0.0007746479823254,0.0004748812352772,0.0001421695778844,30,30,28,0.1691987203091991,0.2438704398140978,64,16,4,53.3,0.02395838964730495,0.1557342410087585,실측,3241.404444444444
hard_1mm_r1,854,480,cycle,2,0.0271437130868434,0.0246006064116954,0.1038904711604118,0.1323860138654709,0.1182101145386695,0.1407621502876281,0.1015717461705207,0.1422704011201858,0.0972433164715766,0.4310285151004791,0.9402238130569458,0.0292678922414779,0.1646454185247421,0.960160791873932,0.0334696508944034,0.085454486310482,61,70,none,grey,735,134,131,2.8247201442718506,0.0005798536003567,0.0007923036464489,0.000139183117426,30,30,26,0.1758941470360269,0.2416761134987446,64,16,4,53.2,0.025872159749269402,0.1182101145386695,실측,3241.404444444444
hard_1mm_r1,640,360,cycle,0,0.0304776206612586,0.0382143221795558,0.1830132603645324,0.2204100042581558,0.1961035579442978,0.2292390018701553,0.1764611154794693,0.2649794220924377,0.1360832005739212,0.4310285151004791,0.8343061208724976,0.0387086346745491,0.1646454185247421,0.9267370700836182,0.0545997098088264,0.1246767863631248,61,70,none,grey,735,134,131,2.8247201442718506,0.0008421435486525,0.0006142155034467,0.0001584255514899,30,30,26,0.1981122493743896,0.2836970784770908,64,32,2,30.6,0.0343459714204072,0.1961035579442978,실측,1820.4444444444443
hard_1mm_r1,640,360,cycle,1,0.0200294367969036,0.0348084568977355,0.162490114569664,0.189694195985794,0.1744621247053146,0.1976253241300583,0.1577180176973343,0.1800431609153747,0.1695986539125442,0.4310285151004791,0.8772696852684021,0.0323089770972728,0.1646454185247421,0.9439305663108826,0.0461939200758934,0.1655664443969726,61,70,none,grey,735,134,131,2.8247201442718506,0.000989475636743,0.0004205288714729,0.0001370708487229,30,30,26,0.156962658434498,0.2564496424660754,64,32,2,29.9,0.027418946847319547,0.1744621247053146,실측,1820.4444444444443
hard_1mm_r1,640,360,cycle,2,0.0235670451074838,0.0242932979017496,0.1649111062288284,0.2016807347536087,0.173482671380043,0.2065828293561935,0.1607738584280014,0.2262333482503891,0.1275142580270767,0.4310285151004791,0.8612692952156067,0.0287761390209198,0.1646454185247421,0.9633227586746216,0.0320090502500534,0.1204586550593376,61,70,none,grey,735,134,131,2.8247201442718506,0.0006844698218628,0.0004317359125707,0.0001456159370718,30,30,29,0.1444770331285437,0.2547180323458429,64,32,2,30.1,0.023930171504616703,0.173482671380043,실측,1820.4444444444443
hard_1mm_r1,426,240,cycle,0,0.0403743907809257,0.030889481306076,0.1400687098503112,0.1847384124994278,0.1575460433959961,0.1940324455499649,0.1364292353391647,0.2189651429653167,0.1040236949920654,0.4310285151004791,0.8835986256599426,0.0387496091425418,0.1646454185247421,0.9401504397392272,0.0387950055301189,0.0841186940670013,61,70,none,grey,735,134,131,2.8247201442718506,0.0006299771484918,0.00072069541784,0.0001408258831361,30,30,29,0.188125518227921,0.2730945686795818,64,64,1,15.6,0.03563193604350085,0.1575460433959961,실측,806.56
hard_1mm_r1,426,240,cycle,1,0.0178668219596147,0.0231769625097513,0.1309045106172561,0.1552564948797226,0.1398956924676895,0.1603318154811859,0.1309961229562759,0.1415913999080658,0.1384180188179016,0.4310285151004791,0.9177864789962769,0.0234002638608217,0.1646454185247421,0.97053200006485,0.0344425179064273,0.134301483631134,61,70,none,grey,735,134,131,2.8247201442718506,0.0006657759658992,0.0004592618497554,0.0001487300760345,30,30,30,0.1389995646314556,0.2683657496722776,64,64,1,13.9,0.020521892234683002,0.1398956924676895,실측,806.56
hard_1mm_r1,426,240,cycle,2,0.02076256275177,0.0243699587881565,0.0959577411413192,0.1151662096381187,0.1077949404716491,0.1225378587841987,0.0951678827404975,0.1079710125923156,0.1076415106654167,0.4310285151004791,0.9547629952430724,0.0264153257012367,0.1646454185247421,0.9672382473945618,0.0335018523037433,0.1003866642713546,61,70,none,grey,735,134,131,2.8247201442718506,0.0007294554379768,0.0006449352949857,0.0001517572381999,30,30,24,0.1867373187525742,0.2530119890597329,64,64,1,13.8,0.02256626076996325,0.1077949404716491,실측,806.56
hard_1mm_r1,320,180,cycle,0,0.0199647899717092,0.0273499526083469,0.1064034402370452,0.1363736987113952,0.1183411926031112,0.1433968394994735,0.1043413504958152,0.1532713919878006,0.0879020094871521,0.4310285151004791,0.9365684986114502,0.0240065660327672,0.1646454185247421,0.9747076630592346,0.0281563811004161,0.0767258629202842,61,70,none,grey,735,134,131,2.8247201442718506,0.0007256477256305,0.0006370970513671,0.0001610951148904,30,30,21,0.2196627506593457,0.2420285477567074,64,64,1,9.3,0.02365737129002805,0.1183411926031112,실측,455.1111111111111
hard_1mm_r1,320,180,cycle,1,0.0180592890828847,0.0253836400806903,0.097161553800106,0.1223505809903144,0.1080614924430847,0.1296385079622268,0.0954944491386413,0.1393456757068634,0.0807995498180389,0.4310285151004791,0.9489429593086244,0.0212877001613378,0.1646454185247421,0.974048674106598,0.0302205812186002,0.0728079006075859,61,70,none,grey,735,134,131,2.8247201442718506,0.0005400070222094,0.0003824442683253,0.0001518934295745,30,30,29,0.1572798112622734,0.227449824560934,64,64,1,8.2,0.0217214645817875,0.1080614924430847,실측,455.1111111111111
hard_1mm_r1,320,180,cycle,2,0.0189978685230016,0.0234991870820522,0.0843226239085197,0.1067558825016021,0.0959627106785774,0.1147636324167251,0.0820063725113868,0.1200540736317634,0.0749687999486923,0.4310285151004791,0.961128830909729,0.0238534081727266,0.1646454185247421,0.969265639781952,0.0321258418262004,0.0677656158804893,61,70,none,grey,735,134,131,2.8247201442718506,0.0005353721207939,0.0003972373961005,0.0001532905589556,30,30,30,0.1341322671799432,0.2163566786851456,64,64,1,8.2,0.021248527802526902,0.0959627106785774,실측,455.1111111111111
hard_1mm_r1,160,90,cycle,0,0.0194268394261598,0.0245448816567659,0.0822371840476989,0.0988800302147865,0.0937491133809089,0.1067441999912262,0.0794645249843597,0.1074908971786499,0.0817741155624389,0.4310285151004791,0.9666526913642884,0.0260967910289764,0.1646454185247421,0.9682300686836244,0.0289916675537824,0.0715175569057464,61,70,none,grey,735,134,131,2.8247201442718506,0.000683423015289,0.0003972848935518,0.0001535243645776,30,30,26,0.2461798531668526,0.2399289554624415,64,64,1,4.0,0.02198586054146285,0.0937491133809089,실측,113.77777777777777
hard_1mm_r1,160,90,cycle,1,0.0172471646219491,0.0212830789387226,0.0865143164992332,0.1066839545965194,0.0958367213606834,0.112576276063919,0.0846572592854499,0.0968517065048217,0.0949522480368614,0.4310285151004791,0.9611812233924866,0.0241236798465251,0.1646454185247421,0.973902702331543,0.026201220229268,0.0876503884792327,61,70,none,grey,735,134,131,2.8247201442718506,0.0007179130916483,0.000429026549682,0.0001484119566157,30,30,26,0.1956827611339335,0.2339441198021618,64,64,1,3.0,0.019265121780335848,0.0958367213606834,실측,113.77777777777777
hard_1mm_r1,160,90,cycle,2,0.0222805310040712,0.0212008357048034,0.0741022825241088,0.096604511141777,0.0865033566951751,0.1048195213079452,0.072479672729969,0.0995478108525276,0.0751360356807708,0.4310285151004791,0.9681698679924012,0.0251033473759889,0.1646454185247421,0.971968948841095,0.025574654340744,0.0646594986319542,61,70,none,grey,735,134,131,2.8247201442718506,0.0007101130322553,0.0004435965965967,0.0001481574581703,30,30,28,0.1769485129791052,0.2401086572390883,64,64,1,3.0,0.021740683354437303,0.0865033566951751,실측,113.77777777777777
hard_1mm_r1,80,45,cycle,0,0.020210213959217,0.0392676405608654,0.0935757309198379,0.1139005646109581,0.1114965826272964,0.1259584575891494,0.0936328545212745,0.1239566206932067,0.100638560950756,0.4310285151004791,0.9557518362998962,0.0300414394587278,0.1646454185247421,0.9567866325378418,0.0423772446811199,0.0899978503584861,61,70,none,grey,735,134,131,2.8247201442718506,0.0006008060881868,0.0004523055977188,0.0001388628297718,30,30,21,0.2928876915756537,0.2288770497734867,64,64,1,3.0,0.029738927260041202,0.1114965826272964,실측,28.444444444444443
hard_1mm_r1,80,45,cycle,1,0.0206828825175762,0.026467340067029,0.0639812797307968,0.0842838883399963,0.0809226781129837,0.0951008051633834,0.0630845203995704,0.0981583297252655,0.0659030526876449,0.4310285151004791,0.9757711291313172,0.0232747290283441,0.1646454185247421,0.9716027975082396,0.0321757718920707,0.0551771111786365,61,70,none,grey,735,134,131,2.8247201442718506,0.0004325238987803,0.0004629890900105,0.0001413347490597,30,30,30,0.2178258740172094,0.2143962151968657,64,64,1,2.1,0.0235751112923026,0.0809226781129837,실측,28.444444444444443
hard_1mm_r1,80,45,cycle,2,0.0413152761757373,0.0224387887865304,0.1135498061776161,0.1445113867521286,0.1306196749210357,0.1549413204193115,0.1100222468376159,0.1595050692558288,0.1054481193423271,0.4310285151004791,0.9287724494934082,0.0303947255015373,0.1646454185247421,0.9582019448280334,0.0408659353852272,0.0945703387260437,61,70,none,grey,735,134,131,2.8247201442718506,0.0004538167850114,0.0004723111051134,0.0001305932237301,30,30,23,0.2919991318060427,0.2229918205915992,64,64,1,2.0,0.03187703248113385,0.1306196749210357,실측,28.444444444444443
hard_1mm_r1,48,27,cycle,0,0.0236424915492534,0.0246810894459486,0.1624139696359634,0.2561819553375244,0.1696655005216598,0.2623052895069122,0.1592562049627304,0.2694290578365326,0.0827287063002586,0.4310285151004791,0.776158332824707,0.0211565122008323,0.1646454185247421,0.972431480884552,0.0356032364070415,0.0798230245709419,61,70,none,grey,735,134,131,2.8247201442718506,0.0005889431922696,0.0003897576534654,0.0001375344290863,30,30,28,0.2549716456406781,0.2892240125741531,64,64,1,3.0,0.024161790497601,0.1696655005216598,실측,10.240000000000002
hard_1mm_r1,48,27,cycle,1,0.0180763844400644,0.0278459247201681,0.1181494891643524,0.1560436189174652,0.126560777425766,0.1640226244926452,0.1151409074664115,0.1794373244047165,0.0804826542735099,0.4310285151004791,0.9169507026672364,0.0257544443011283,0.1646454185247421,0.952599287033081,0.0440494641661644,0.0776774957776069,61,70,none,grey,735,134,131,2.8247201442718506,0.0004747924685943,0.000540557608474,0.0001470099814468,30,30,28,0.2490567369525935,0.2623806302227191,64,64,1,2.0,0.02296115458011625,0.126560777425766,실측,10.240000000000002
hard_1mm_r1,48,27,cycle,2,0.0175018142908811,0.0255725625902414,0.1178498566150665,0.1470904499292373,0.1272985786199569,0.1558039486408233,0.1172340810298919,0.1724561005830764,0.0879470184445381,0.4310285151004791,0.926207423210144,0.0265417173504829,0.1646454185247421,0.9452502131462096,0.0440785065293312,0.084365427494049,61,70,none,grey,735,134,131,2.8247201442718506,0.0005446056602522,0.0005584809696301,0.000147902581375,30,30,29,0.2540899523261453,0.2488771054282117,64,64,1,2.0,0.021537188440561253,0.1272985786199569,실측,10.240000000000002
hard_1mm_r1,32,18,cycle,0,0.0410196930170059,0.0425933934748172,0.107426568865776,0.1396267563104629,0.1377963572740554,0.1721545755863189,0.1035602390766143,0.1891087144613266,0.0930813178420066,0.4310285151004791,0.933506190776825,0.0527930818498134,0.1646454185247421,0.7629951238632202,0.0962262898683548,0.0856615751981735,61,70,none,grey,735,134,131,2.8247201442718506,0.0007081372896209,0.0008492086199112,0.0001492207811679,30,30,26,0.2829030912749621,0.3256135876499005,64,64,1,3.4,0.04180654324591155,0.1377963572740554,실측,4.551111111111111
hard_1mm_r1,32,18,cycle,1,0.0292125325649976,0.0267552658915519,0.1199356094002723,0.1552119702100753,0.1325269788503646,0.1658306419849395,0.1159949302673339,0.19170643389225,0.0809563025832176,0.4310285151004791,0.9178336262702942,0.0325122661888599,0.1646454185247421,0.9274787902832032,0.0543141737580299,0.0745424255728721,61,70,none,grey,735,134,131,2.8247201442718506,0.0007699239649809,0.0006337098893709,0.0001495297328801,30,30,30,0.2535306943517152,0.278312519415101,64,64,1,2.3,0.02798389922827475,0.1325269788503646,실측,4.551111111111111
hard_1mm_r1,32,18,cycle,2,0.0203002598136663,0.0256602056324481,0.1479820758104324,0.180468738079071,0.1558324098587036,0.1874650120735168,0.1431570798158645,0.2141579687595367,0.1050058454275131,0.4310285151004791,0.8889169692993164,0.0280319564044475,0.1646454185247421,0.9450924396514891,0.0481178984045982,0.1023017987608909,61,70,none,grey,735,134,131,2.8247201442718506,0.0005562651786021,0.00050660391571,0.0001441686035832,30,30,30,0.2578499346363301,0.2601920811098013,64,64,1,2.4,0.0229802327230572,0.1558324098587036,실측,4.551111111111111
hard_1mm_r1,16,9,cycle,0,0.0216477140784263,0.0323142111301422,0.1533136218786239,0.2203696072101593,0.1637286096811294,0.227826178073883,0.1490121632814407,0.2575854957103729,0.0819390267133712,0.4310285151004791,0.8343669176101685,0.031127056106925,0.1646454185247421,0.9420674443244934,0.0525089092552661,0.0781165361404419,61,70,none,grey,735,134,131,2.8247201442718506,0.0008147623739205,0.0005803363746963,0.0001463800726924,30,30,30,0.3057471333717813,0.2892275461510046,64,64,1,3.8,0.02698096260428425,0.1637286096811294,실측,1.1377777777777778
hard_1mm_r1,16,9,cycle,1,0.0216452702879905,0.0286747012287378,0.1029044911265373,0.1430250257253646,0.1153767704963684,0.1537066102027893,0.1013038009405136,0.154758334159851,0.0810585618019104,0.4310285151004791,0.9302301406860352,0.0267601516097784,0.1646454185247421,0.956625998020172,0.0409204587340354,0.0770969688892364,61,70,none,grey,735,134,131,2.8247201442718506,0.0007343457546085,0.0004655922821257,0.0001434857840649,30,30,30,0.2868873687017532,0.2589110385126142,64,64,1,2.3,0.025159985758364152,0.1153767704963684,실측,1.1377777777777778
hard_1mm_r1,16,9,cycle,2,0.0395378209650516,0.0318739153444767,0.1270458847284317,0.1677606403827667,0.146119475364685,0.1828579604625702,0.1274101883172989,0.2036301642656326,0.0960030183196067,0.4310285151004791,0.9040104746818542,0.0356005765497684,0.1646454185247421,0.9288930296897888,0.0600061863660812,0.0876076444983482,61,70,none,grey,735,134,131,2.8247201442718506,0.0012432220391929,0.0007552721071988,0.0001429746043868,30,30,15,0.3601568857828776,0.3431055012033946,64,64,1,2.3,0.03570586815476415,0.146119475364685,실측,1.1377777777777778
hard_1mm_r1,8,5,cycle,0,0.0359000042080879,0.0405922196805477,0.1384800523519516,0.1931679397821426,0.1584433913230896,0.2098706364631652,0.1385474801063537,0.2411737591028213,0.0863497778773307,0.4310285151004791,0.8727335929870605,0.0414581932127475,0.1646454185247421,0.8783931136131287,0.0719556435942649,0.0785893052816391,61,70,none,grey,735,134,131,2.8247201442718506,0.0008882918045856,0.0010259983828291,0.0001441417407477,30,30,30,0.3033218254037454,0.3277617532815506,64,64,1,3.8,0.038246111944317804,0.1584433913230896,실측,0.28444444444444444
hard_1mm_r1,8,5,cycle,1,0.0327373072504997,0.037367220968008,0.2364838719367981,0.2998581230640411,0.2491528987884521,0.3099146485328674,0.2314260303974151,0.3592055439949035,0.1532499343156814,0.4310285151004791,0.6933270692825317,0.0403936691582202,0.1646454185247421,0.8814744353294373,0.0670514702796936,0.1477615386247635,61,70,none,grey,735,134,131,2.8247201442718506,0.0010411842959001,0.0007244311273097,0.0001404217182425,30,30,30,0.3299739474341983,0.4024902742300461,64,64,1,2.3,0.03505226410925385,0.2491528987884521,실측,0.28444444444444444
hard_1mm_r1,8,5,cycle,2,0.0560344457626342,0.0493121482431888,0.2639092803001404,0.650280773639679,0.2880341708660126,0.6682950854301453,0.2652185559272766,0.4984645545482635,0.1046591028571128,0.4310285151004791,-0.4422669410705566,0.0663852021098136,0.1646454185247421,0.4507066011428833,0.1238820329308509,0.0985755249857902,61,70,none,grey,735,134,131,2.8247201442718506,0.0012939352309331,0.001160837826319,0.0001435598533134,30,30,29,0.2991393121732335,0.4097397896780896,64,64,1,2.3,0.0526732970029115,0.2880341708660126,실측,0.28444444444444444
hard_2mm_r1,1920,1080,cycle,0,0.0181933306157588,0.0153745245188474,0.0778085440397262,0.097381941974163,0.0870331078767776,0.1030024290084838,0.0745325088500976,0.0859816372394561,0.0876902937889099,0.4006738662719726,0.9499924182891846,0.0188387352973222,0.1413746774196624,0.9770256876945496,0.0277867428958416,0.0832049995660781,50,80,none,grey,692,178,130,1.9554100036621092,0.0003495353739708,0.000618458376266,0.0001438746694475,30,30,28,0.14664083318731,0.2642595413025845,64,4,16,256.6,0.016783927567303097,0.0870331078767776,실측,13271.04
hard_2mm_r1,1920,1080,cycle,1,0.028233828023076,0.0297431387007236,0.0868323892354965,0.1070112064480781,0.1042414829134941,0.1182248294353485,0.0849520340561866,0.1091871336102485,0.1011504381895065,0.4006738662719726,0.9396138191223145,0.0220041275024414,0.1413746774196624,0.969519019126892,0.0269049815833568,0.0874293744564056,50,80,none,grey,692,178,130,1.9554100036621092,0.0006890225340612,0.0006596614257432,0.0001702449808362,30,30,23,0.2028750355619226,0.2244073882531584,64,4,16,256.5,0.028988483361899797,0.1042414829134941,실측,13271.04
hard_2mm_r1,1920,1080,cycle,2,0.0204191077500581,0.0374437049031257,0.1992198526859283,0.2268130332231521,0.2092965990304947,0.2329513877630233,0.1943654268980026,0.2331360280513763,0.1943969428539276,0.4006738662719726,0.7287217378616333,0.0341375358402729,0.1413746774196624,0.9348323941230774,0.0255593247711658,0.1856675297021865,50,80,none,grey,692,178,130,1.9554100036621092,0.0006525827338919,0.0005777811165899,0.0001504460669821,30,30,20,0.1836111467180913,0.2665290233124508,64,4,16,257.0,0.0289314063265919,0.2092965990304947,실측,13271.04
hard_2mm_r1,1280,720,cycle,0,0.0260764937847852,0.0310139656066894,0.0926510095596313,0.1204764097929,0.110769435763359,0.1317971050739288,0.0938645303249359,0.110760785639286,0.110774852335453,0.4006738662719726,0.9234609603881836,0.0307204816490411,0.1413746774196624,0.9440268874168396,0.0372379049658775,0.1001531481742858,50,80,none,grey,692,178,130,1.9554100036621092,0.0009626812534406,0.0005328128463588,0.0001403000787831,30,30,11,0.3136430692810543,0.2518268733212117,64,8,8,112.5,0.0285452296957373,0.110769435763359,실측,5898.24
hard_2mm_r1,1280,720,cycle,1,0.0299913398921489,0.0245853271335363,0.0833379700779914,0.102084033191204,0.100128635764122,0.1133320331573486,0.0778680071234703,0.1089388877153396,0.0946222245693206,0.4006738662719726,0.945046603679657,0.0281268674880266,0.1413746774196624,0.9517500400543212,0.0464250221848487,0.0840676128864288,50,80,none,grey,692,178,130,1.9554100036621092,0.0003887305501848,0.0007029369007796,0.0001343424955848,30,30,7,0.3112449539190083,0.2492333069611131,64,8,8,111.4,0.0272883335128426,0.100128635764122,실측,5898.24
hard_2mm_r1,1280,720,cycle,2,0.0253031179308891,0.0222212467342615,0.085797294974327,0.1113247573375701,0.0991700068116188,0.1197458133101463,0.0830682292580604,0.1323520690202713,0.0784312263131141,0.4006738662719726,0.9346474409103394,0.0256598610430955,0.1413746774196624,0.9600313305854796,0.0372627563774585,0.0689524859189987,50,80,none,grey,692,178,130,1.9554100036621092,0.0005579453427344,0.0006562321796081,0.000143530749483,30,30,28,0.1547881408750666,0.2532091730096367,64,8,8,111.9,0.0237621823325753,0.0991700068116188,실측,5898.24
hard_2mm_r1,854,480,cycle,0,0.0338202863931655,0.0364632233977317,0.1069804653525352,0.1372095495462417,0.1310034245252609,0.1528791040182113,0.107254646718502,0.1390579640865326,0.1259693205356598,0.4006738662719726,0.9007232189178468,0.0320539213716983,0.1413746774196624,0.926824688911438,0.0497776791453361,0.1132407188415527,50,80,none,grey,692,178,130,1.9554100036621092,0.0007123817922547,0.0009565427317284,0.0001509825524408,30,30,11,0.2903530587350702,0.299122481198793,64,16,4,52.7,0.0351417548954486,0.1310034245252609,실측,2625.5376
hard_2mm_r1,854,480,cycle,1,0.0312230512499809,0.0293232984840869,0.0848105326294899,0.1113840863108635,0.1042675450444221,0.1233921870589256,0.0825731307268142,0.133890300989151,0.085753321647644,0.4006738662719726,0.9345777630805968,0.031776089221239,0.1413746774196624,0.9440775513648988,0.0396036468446254,0.0701864510774612,50,80,none,grey,692,178,130,1.9554100036621092,0.0005310002015903,0.0006290837773121,0.0001368711382383,30,30,23,0.2009490828293596,0.2396242936675468,64,16,4,51.5,0.0302731748670339,0.1042675450444221,실측,2625.5376
hard_2mm_r1,854,480,cycle,2,0.0532046779990196,0.0261641219258308,0.1295334100723266,0.1551205962896347,0.1514343917369842,0.170841708779335,0.1258937418460846,0.1778070032596588,0.1349515169858932,0.4006738662719726,0.8731127977371216,0.0472267493605613,0.1413746774196624,0.8721836805343628,0.0694522112607956,0.1209838986396789,50,80,none,grey,692,178,130,1.9554100036621092,0.0009170650155283,0.0010348730720579,0.0001367307559121,30,30,19,0.2153883202572089,0.284183797541629,64,16,4,51.2,0.039684399962425204,0.1514343917369842,실측,2625.5376
hard_2mm_r1,640,360,cycle,0,0.0751271620392799,0.029467424377799,0.1139996722340583,0.1372911632061004,0.1514867395162582,0.1638218164443969,0.1095029041171073,0.1584794968366623,0.1471162587404251,0.4006738662719726,0.9006050825119019,0.0673745945096015,0.1413746774196624,0.7952601313591003,0.068992756307125,0.1097200140357017,50,80,none,grey,692,178,130,1.9554100036621092,0.0008274856954813,0.0009463013848289,0.0001434715086361,30,30,13,0.2835376131741298,0.3268513491984163,64,32,2,29.2,0.052297293208539444,0.1514867395162582,실측,1474.56
hard_2mm_r1,640,360,cycle,1,0.0336314290761947,0.0625901967287063,0.0820145085453987,0.1041784510016441,0.1229771822690963,0.1349001377820968,0.0816382840275764,0.1386902779340744,0.1131564825773239,0.4006738662719726,0.9427685737609864,0.0428436920046806,0.1413746774196624,0.8870289921760559,0.0577275790274143,0.077116347849369,50,80,none,grey,692,178,130,1.9554100036621092,0.0008857593638822,0.0009191018762066,0.0001672972430242,30,30,22,0.1960791046219754,0.2887448568022653,64,32,2,28.7,0.048110812902450506,0.1229771822690963,실측,1474.56
hard_2mm_r1,640,360,cycle,2,0.0347384214401245,0.0425470024347305,0.1131340414285659,0.1355930119752884,0.1351408213376999,0.1507941335439682,0.1105096116662025,0.147597387433052,0.1273554563522339,0.4006738662719726,0.9030486941337584,0.033698171377182,0.1413746774196624,0.9296620488166808,0.0535782910883426,0.1117034703493118,50,80,none,grey,692,178,130,1.9554100036621092,0.0005478897946886,0.0008466900326311,0.0001530684967292,30,30,27,0.1596942754150126,0.3312081486991282,64,32,2,29.0,0.0386427119374275,0.1351408213376999,실측,1474.56
hard_2mm_r1,426,240,cycle,0,0.0269465502351522,0.0345023721456527,0.0848269686102867,0.1053146943449974,0.1049386262893676,0.1186503395438194,0.0815203860402107,0.1220295056700706,0.0942568182945251,0.4006738662719726,0.9415132999420166,0.0285158306360244,0.1413746774196624,0.9508192539215088,0.0381285101175308,0.0778472051024437,50,80,none,grey,692,178,130,1.9554100036621092,0.0007135875057429,0.000746214936953,0.0001420980406692,30,30,24,0.1712644906402323,0.2734435917286391,64,64,1,14.9,0.030724461190402452,0.1049386262893676,실측,653.3136000000001
hard_2mm_r1,426,240,cycle,1,0.0352167710661888,0.0261856596916914,0.0850355103611946,0.1031893193721771,0.1044202670454979,0.1167597919702529,0.0805579796433448,0.1193354353308677,0.0950982794165611,0.4006738662719726,0.9438501596450806,0.0272886902093887,0.1413746774196624,0.9561647176742554,0.0328575149178504,0.078304037451744,50,80,none,grey,692,178,130,1.9554100036621092,0.0005520139820873,0.0008616062696091,0.0001487442932557,30,30,30,0.1852532411586342,0.2642412185668945,64,64,1,13.3,0.0307012153789401,0.1044202670454979,실측,653.3136000000001
hard_2mm_r1,426,240,cycle,2,0.027431521564722,0.0246601868420839,0.1314590722322464,0.1573090255260467,0.1441006809473037,0.1642023622989654,0.1252615749835968,0.1247955039143562,0.1561664044857025,0.4006738662719726,0.8695072531700134,0.0275221671909093,0.1413746774196624,0.95473313331604,0.0370928011834621,0.1494574248790741,50,80,none,grey,692,178,130,1.9554100036621092,0.0005720239132642,0.0012006335891783,0.0001381250331178,30,30,15,0.2086404003848919,0.2942303432507461,64,64,1,13.4,0.026045854203402947,0.1441006809473037,실측,653.3136000000001
hard_2mm_r1,320,180,cycle,0,0.069025844335556,0.0254267863929271,0.1122089549899101,0.1395530104637146,0.1473316848278045,0.1624731719493866,0.1111200824379921,0.1536448448896408,0.143385961651802,0.4006738662719726,0.8973031044006348,0.0450187996029853,0.1413746774196624,0.8796260952949524,0.0529760122299194,0.1104278191924095,50,80,none,grey,692,178,130,1.9554100036621092,0.0006527322693727,0.0007879374898038,0.000193045445485,30,30,14,0.3046088990448527,0.2881722825296809,64,64,1,9.0,0.04722631536424155,0.1473316848278045,실측,368.64
hard_2mm_r1,320,180,cycle,1,0.0279061421751976,0.0238968189805746,0.1205081641674041,0.1450615674257278,0.1328152865171432,0.1527400910854339,0.1144938543438911,0.1495878547430038,0.1223324388265609,0.4006738662719726,0.8890355825424194,0.0273765791207551,0.1413746774196624,0.9554212093353271,0.0403364561498165,0.1148985624313354,50,80,none,grey,692,178,130,1.9554100036621092,0.0005789348506368,0.0006240719812922,0.000161533433129,30,30,27,0.141155991251069,0.2544031464651729,64,64,1,7.9,0.0259014805778861,0.1328152865171432,실측,368.64
hard_2mm_r1,320,180,cycle,2,0.0405654422938823,0.0423257425427436,0.0746440663933754,0.0978553593158721,0.105950191617012,0.1191778182983398,0.075680673122406,0.1210841834545135,0.0964914560317993,0.4006738662719726,0.9495050311088562,0.0386136062443256,0.1413746774196624,0.921748697757721,0.0381439700722694,0.0684703737497329,50,80,none,grey,692,178,130,1.9554100036621092,0.0008409633301198,0.0009456092957407,0.0001438593899365,30,30,6,0.3191240715842716,0.2955458887507406,64,64,1,7.8,0.04144559241831295,0.105950191617012,실측,368.64
hard_2mm_r1,160,90,cycle,0,0.025694515556097,0.0352339446544647,0.132054328918457,0.150936484336853,0.1465167701244354,0.1609108299016952,0.1267726272344589,0.1687866002321243,0.1325981169939041,0.4006738662719726,0.8798655867576599,0.0313452780246734,0.1413746774196624,0.9429713487625122,0.0443908274173736,0.1198659390211105,50,80,none,grey,692,178,130,1.9554100036621092,0.0008791110594756,0.0007099153008311,0.0001953720638994,30,30,27,0.2114164291778741,0.2472678034493092,64,64,1,3.8,0.03046423010528085,0.1465167701244354,실측,92.16
hard_2mm_r1,160,90,cycle,1,0.0233792942017316,0.0425543412566185,0.0813554003834724,0.1027286872267723,0.1049310564994812,0.1195191666483879,0.0791059210896492,0.1247091740369796,0.0925697088241577,0.4006738662719726,0.9443503618240356,0.0334880463778972,0.1413746774196624,0.9344910979270936,0.0401937216520309,0.071515716612339,50,80,none,grey,692,178,130,1.9554100036621092,0.0009265990229323,0.0006247304845601,0.0001685575844021,30,30,28,0.1910117919734447,0.2877017460512311,64,64,1,2.8,0.03296681772917505,0.1049310564994812,실측,92.16
hard_2mm_r1,160,90,cycle,2,0.0398143455386161,0.0208275262266397,0.0955186709761619,0.1141930595040321,0.1141859292984008,0.1270328164100647,0.0886753648519516,0.1167929619550705,0.1125565320253372,0.4006738662719726,0.931236445903778,0.0348257422447204,0.1413746774196624,0.928848385810852,0.0495607294142246,0.0990660786628723,50,80,none,grey,692,178,130,1.9554100036621092,0.0005141230649314,0.0006551075493916,0.0001516885386081,30,30,28,0.196498628296604,0.2496908541475788,64,64,1,2.8,0.030320935882627898,0.1141859292984008,실측,92.16
hard_2mm_r1,80,45,cycle,0,0.0298984181135892,0.0323153473436832,0.0772150829434394,0.0960466638207435,0.0980335399508476,0.1122779101133346,0.0782625302672386,0.1263836920261383,0.0803147107362747,0.4006738662719726,0.9513543844223022,0.0311464890837669,0.1413746774196624,0.930670440196991,0.0419652685523033,0.0654031485319137,50,80,none,grey,692,178,130,1.9554100036621092,0.0007260590209625,0.0007097988273017,0.000177223351784,30,30,30,0.2291198769056728,0.3044081484333852,64,64,1,2.9,0.031106882728636202,0.0980335399508476,실측,23.04
hard_2mm_r1,80,45,cycle,1,0.0239630471915006,0.0244788359850645,0.1160695776343345,0.1415672749280929,0.1282779723405838,0.1490504145622253,0.1130092293024063,0.1254487484693527,0.1300462186336517,0.4006738662719726,0.894317090511322,0.0288469828665256,0.1413746774196624,0.9482963681221008,0.0442083738744258,0.124235413968563,50,80,none,grey,692,178,130,1.9554100036621092,0.0006657251506112,0.0006812353385612,0.0001490649301558,30,30,26,0.2579933025933414,0.2900104469127869,64,64,1,2.0,0.02422094158828255,0.1282779723405838,실측,23.04
hard_2mm_r1,80,45,cycle,2,0.0265985280275344,0.0456627644598484,0.0848753452301025,0.1013872697949409,0.1088824346661567,0.1186050623655319,0.0778645873069763,0.120942585170269,0.1013448387384414,0.4006738662719726,0.94579416513443,0.0350989215075969,0.1413746774196624,0.9379302859306335,0.030331278219819,0.073907196521759,50,80,none,grey,692,178,130,1.9554100036621092,0.0006337609374895,0.0006416977848857,0.0001539632794447,30,30,15,0.2844179158954951,0.2916887369048729,64,64,1,1.9,0.0361306462436914,0.1088824346661567,실측,23.04
hard_2mm_r1,48,27,cycle,0,0.0362078808248043,0.026586914435029,0.0875307098031044,0.1098167672753334,0.1109676510095596,0.1315914541482925,0.0812122821807861,0.1446322500705719,0.0899272710084915,0.4006738662719726,0.9364059567451476,0.0374356098473072,0.1413746774196624,0.8590006828308105,0.0718882977962493,0.0818414539098739,50,80,none,grey,692,178,130,1.9554100036621092,0.0004915336030535,0.0007966046687215,0.0001768184883985,30,30,25,0.3041758992079365,0.3180130197760764,64,64,1,2.8,0.03139739762991665,0.1109676510095596,실측,8.294400000000001
hard_2mm_r1,48,27,cycle,1,0.0371634475886821,0.0295576080679893,0.0727916583418846,0.0935696959495544,0.0994208827614784,0.1155148670077323,0.0701752007007598,0.1292966902256012,0.0807485058903694,0.4006738662719726,0.953831136226654,0.0436742939054966,0.1413746774196624,0.8655377626419067,0.0690143108367919,0.0678327083587646,50,80,none,grey,692,178,130,1.9554100036621092,0.0007029439439065,0.0007756958948448,0.000200350608793,30,30,30,0.2263704903552987,0.3323277998506353,64,64,1,1.9,0.0333605278283357,0.0994208827614784,실측,8.294400000000001
hard_2mm_r1,48,27,cycle,2,0.0382758937776088,0.0234319325536489,0.0857425183057785,0.1056570932269096,0.1100832000374794,0.129078209400177,0.0865852907299995,0.1390721350908279,0.0919651240110397,0.4006738662719726,0.941132426261902,0.0429472923278808,0.1413746774196624,0.82869553565979,0.0762065351009368,0.0851117148995399,50,80,none,grey,692,178,130,1.9554100036621092,0.0006357822567224,0.000934257521294,0.0001762294123182,30,30,26,0.2427478856434022,0.3155193757475092,64,64,1,1.9,0.03085391316562885,0.1100832000374794,실측,8.294400000000001
hard_2mm_r1,32,18,cycle,0,0.0521522685885429,0.0294871795922517,0.1253730207681656,0.1709035336971283,0.1500452607870102,0.2059340327978134,0.1335265636444091,0.2066165804862976,0.1146881803870201,0.4006738662719726,0.8459785580635071,0.0594258122146129,0.1413746774196624,0.5651028156280518,0.1053488031029701,0.1042876690626144,50,80,none,grey,692,178,130,1.9554100036621092,0.0009555193246342,0.001136599574238,0.0001665588351897,30,30,23,0.3067482758119616,0.3146257400512695,64,64,1,3.2,0.0408197240903973,0.1500452607870102,실측,3.686400000000001
hard_2mm_r1,32,18,cycle,1,0.0473640672862529,0.0237705055624246,0.0895154997706413,0.1132285445928573,0.1176267936825752,0.1546753644943237,0.0982171446084976,0.1822986155748367,0.0772068947553634,0.4006738662719726,0.9323931336402892,0.0509265251457691,0.1413746774196624,0.6373775005340576,0.107314720749855,0.0719560012221336,50,80,none,grey,692,178,130,1.9554100036621092,0.0006228284910321,0.0010412266710773,0.000193400439457,30,30,30,0.296351543051659,0.3392339020632626,64,64,1,2.2,0.03556728642433875,0.1176267936825752,실측,3.686400000000001
hard_2mm_r1,32,18,cycle,2,0.0399931706488132,0.0380560122430324,0.1225945949554443,0.1485688388347625,0.1510191708803177,0.1709784567356109,0.1220995262265205,0.1657606661319732,0.1418057382106781,0.4006738662719726,0.8836049437522888,0.0518496893346309,0.1413746774196624,0.8012820482254028,0.0819010958075523,0.1314752101898193,50,80,none,grey,692,178,130,1.9554100036621092,0.0008066570735536,0.0009316094219684,0.0001642690476728,30,30,26,0.2809466709291315,0.3312054751964097,64,64,1,2.2,0.039024591445922796,0.1510191708803177,실측,3.686400000000001
hard_2mm_r1,16,9,cycle,0,0.0645912811160087,0.0716667845845222,0.1749089956283569,0.2043754309415817,0.224219799041748,0.2407916337251663,0.1752320528030395,0.2330585122108459,0.2186956107616424,0.4006738662719726,0.7797396183013916,0.0758906081318855,0.1413746774196624,0.6039218902587891,0.1001346558332443,0.1871111690998077,50,80,none,grey,692,178,130,1.9554100036621092,0.000922113773413,0.0017925574211403,0.0001758844300638,30,30,17,0.405849214234104,0.4023072960671414,64,64,1,3.6,0.06812903285026545,0.224219799041748,실측,0.9216000000000002
hard_2mm_r1,16,9,cycle,1,0.0765113532543182,0.0368813015520572,0.1276423931121826,0.1511485129594802,0.1786189377307891,0.2116010189056396,0.1241927817463874,0.2523283064365387,0.1325506120920181,0.4006738662719726,0.8795278072357178,0.0735913291573524,0.1413746774196624,0.4643069505691528,0.1334132552146911,0.1115505844354629,50,80,none,grey,692,178,130,1.9554100036621092,0.0009127295343205,0.0015378636308014,0.0001778649748302,30,30,30,0.3331100692638772,0.3795999462684888,64,64,1,2.2,0.056696327403187696,0.1786189377307891,실측,0.9216000000000002
hard_2mm_r1,16,9,cycle,2,0.0448863506317138,0.0280691105872392,0.1114342883229255,0.1426775306463241,0.1353946328163147,0.1672309190034866,0.1148974150419235,0.1939966380596161,0.098768375813961,0.4006738662719726,0.8926529288291931,0.0463938266038894,0.1413746774196624,0.7895724177360535,0.0844875425100326,0.0894402638077735,50,80,none,grey,692,178,130,1.9554100036621092,0.0006494877161458,0.0010406061774119,0.0001759585720719,30,30,28,0.3286507791177386,0.3590456930439124,64,64,1,2.1,0.0364777306094765,0.1353946328163147,실측,0.9216000000000002
hard_2mm_r1,8,5,cycle,0,0.0807498022913932,0.0361249893903732,0.1417172402143478,0.1697563380002975,0.19630728662014,0.2333439439535141,0.1232069134712219,0.2826443612575531,0.1423466205596923,0.4006738662719726,0.8480393886566162,0.0865480974316597,0.1413746774196624,0.1784644126892089,0.1798888444900512,0.1308818161487579,50,80,none,grey,692,178,130,1.9554100036621092,0.0008971524657681,0.0019838395528495,0.0001843538047978,30,30,28,0.3736303803548647,0.4205466066853384,64,64,1,3.7,0.0584373958408832,0.19630728662014,실측,0.23040000000000005
hard_2mm_r1,8,5,cycle,1,0.0912345573306083,0.0350255146622657,0.1207906976342201,0.1562127023935318,0.1951318234205246,0.2486822754144668,0.1282377690076828,0.3022233247756958,0.1281996220350265,0.4006738662719726,0.8713198304176331,0.0825133323669433,0.1413746774196624,0.2751863002777099,0.1680034399032592,0.117163099348545,50,80,none,grey,692,178,130,1.9554100036621092,0.0008156205294653,0.0023155189119279,0.0001722076558507,30,30,29,0.3598063005877368,0.4156932509347294,64,64,1,2.1,0.063130035996437,0.1951318234205246,실측,0.23040000000000005
hard_2mm_r1,8,5,cycle,2,0.0770686641335487,0.0527988523244857,0.1382184475660324,0.183918297290802,0.1997957974672317,0.2492424547672271,0.1293958127498626,0.2900600433349609,0.1433806419372558,0.4006738662719726,0.821627140045166,0.0816182345151901,0.1413746774196624,0.4092894196510315,0.1589635014533996,0.1287528276443481,50,80,none,grey,692,178,130,1.9554100036621092,0.0010287995683029,0.0020064504351466,0.0001839823817135,30,30,30,0.3496320647311348,0.4173997493272417,64,64,1,2.1,0.0649337582290172,0.1997957974672317,실측,0.23040000000000005
hard_3mm_r1,1920,1080,cycle,0,0.0349360406398773,0.0354450270533561,0.0740569308400154,0.0933048874139785,0.1043075546622276,0.1233957931399345,0.078052818775177,0.1313567161560058,0.0803794339299202,0.3240051865577698,0.9504175186157228,0.0419962294399738,0.1864441782236099,0.9191313982009888,0.0676914229989051,0.0705647617578506,69,78,none,grey,694,159,147,1.882449984550476,0.001004267251119,0.0008447807049378,0.0001478148042224,30,30,22,0.1586366173856883,0.2725417591490836,64,4,16,255.1,0.0351905338466167,0.1043075546622276,실측,9528.102544
hard_3mm_r1,1920,1080,cycle,1,0.0263704527169466,0.0329652614891529,0.063204638659954,0.0817147269845008,0.0877115130424499,0.1061095520853996,0.0619818046689033,0.1182813197374343,0.0606689862906932,0.3240051865577698,0.9619705677032472,0.0361662805080413,0.1864441782236099,0.942956268787384,0.0587618798017501,0.0540795810520648,69,78,none,grey,694,159,147,1.882449984550476,0.00078604061855,0.0006754290661774,0.0001260028366232,30,30,26,0.1500415931689292,0.2473714152971903,64,4,16,255.1,0.029667857103049748,0.0877115130424499,실측,9528.102544
hard_3mm_r1,1920,1080,cycle,2,0.0251729730516672,0.0309598334133625,0.0673931762576103,0.0864685773849487,0.08963543176651,0.1074878126382827,0.0678708851337432,0.1113494411110878,0.0704268887639045,0.3240051865577698,0.9574170112609864,0.0301296636462211,0.1864441782236099,0.9590877294540404,0.0478404834866523,0.0652600675821304,69,78,none,grey,694,159,147,1.882449984550476,0.000792718026787,0.0007181226392276,0.0001330271625192,30,30,30,0.1186496223341834,0.2497614192887672,64,4,16,255.2,0.02806640323251485,0.08963543176651,실측,9528.102544
hard_3mm_r1,1280,720,cycle,0,0.032939076423645,0.0363622307777404,0.0823117867112159,0.1038489341735839,0.1113186776638031,0.1290715783834457,0.0855521857738494,0.1293612420558929,0.0953579470515251,0.3240051865577698,0.9385780692100524,0.0406421236693859,0.1864441782236099,0.93043452501297,0.0676320344209671,0.0895512849092483,69,78,none,grey,694,159,147,1.882449984550476,0.0011410496663302,0.0007524788379669,0.0001276904949918,30,30,26,0.1574149845484697,0.2724169402752282,64,8,8,111.9,0.0346506536006927,0.1113186776638031,실측,4234.712241777776
hard_3mm_r1,1280,720,cycle,1,0.0313351340591907,0.0345067307353019,0.0727383121848106,0.0916651934385299,0.0975831896066665,0.1154696345329284,0.0743283182382583,0.1303857266902923,0.0685655400156974,0.3240051865577698,0.9521448612213136,0.0380301773548126,0.1864441782236099,0.9385355710983276,0.0625008344650268,0.0602109171450138,69,78,none,grey,694,159,147,1.882449984550476,0.0009028337080962,0.0007753482204861,0.0001313005050178,30,30,27,0.1392372199025552,0.2605764041156889,64,8,8,110.4,0.032920932397246305,0.0975831896066665,실측,4234.712241777776
hard_3mm_r1,1280,720,cycle,2,0.0312002077698707,0.0307010281831026,0.0700755715370178,0.0920482277870178,0.0933542847633361,0.113264113664627,0.0724357664585113,0.1223186999559402,0.0677319094538688,0.3240051865577698,0.9517441391944884,0.0365998856723308,0.1864441782236099,0.9473581314086914,0.0603426769375801,0.0610513612627983,69,78,none,grey,694,159,147,1.882449984550476,0.000796818640083,0.0008003039984032,0.0001320948358625,30,30,30,0.1225585176123665,0.2525860221131042,64,8,8,110.9,0.030950617976486648,0.0933542847633361,실측,4234.712241777776
hard_3mm_r1,854,480,cycle,0,0.0392961651086807,0.0386151447892189,0.0859449133276939,0.1078553721308708,0.1141910031437873,0.1341317892074585,0.0889931693673133,0.1421346366405487,0.0894716307520866,0.3240051865577698,0.933747410774231,0.0452540926635265,0.1864441782236099,0.9212836623191832,0.0680359527468681,0.0790539756417274,69,78,none,grey,694,159,147,1.882449984550476,0.0010355062549933,0.0009741759859025,0.0001439269835827,30,30,27,0.1899973384241549,0.279805487806692,64,16,4,52.2,0.0389556549489498,0.1141910031437873,실측,1885.0362508083506
hard_3mm_r1,854,480,cycle,1,0.0330913476645946,0.0451639592647552,0.0752656683325767,0.0960327982902526,0.1052590534090995,0.1222448125481605,0.074843980371952,0.1278582513332367,0.085267461836338,0.3240051865577698,0.9474759101867676,0.0484003163874149,0.1864441782236099,0.92729914188385,0.0607600286602973,0.0658623799681663,69,78,none,grey,694,159,147,1.882449984550476,0.0009014760726131,0.0007664594450034,0.0001410972763551,30,30,18,0.2348384436338023,0.2726079697878855,64,16,4,50.8,0.0391276534646749,0.1052590534090995,실측,1885.0362508083506
hard_3mm_r1,854,480,cycle,2,0.0329052917659282,0.0331594683229923,0.0677538365125656,0.0872354358434677,0.0959602072834968,0.1150686368346214,0.0700204670429229,0.1340169012546539,0.0622946918010711,0.3240051865577698,0.9566583633422852,0.0411969833076,0.1864441782236099,0.9218704700469972,0.0698333233594894,0.0548139736056327,69,78,none,grey,694,159,147,1.882449984550476,0.0009221963700838,0.0008476346265524,0.0001347275829175,30,30,30,0.1686178389131507,0.2611089007659528,64,16,4,50.8,0.03303238004446025,0.0959602072834968,실측,1885.0362508083506
hard_3mm_r1,640,360,cycle,0,0.0454234927892684,0.0329940915107727,0.0680876597762107,0.0871223360300064,0.1003619059920311,0.114108920097351,0.0703818276524543,0.1225472465157508,0.0807364210486412,0.3240051865577698,0.956770658493042,0.0468854270875453,0.1864441782236099,0.9342620968818665,0.0618141144514083,0.0619913190603256,69,78,none,grey,694,159,147,1.882449984550476,0.0008912563207559,0.0008554981905035,0.000124420155771,30,30,27,0.1956577479667553,0.2721180046129526,64,32,2,29.3,0.03920879215002055,0.1003619059920311,실측,1058.678060444444
hard_3mm_r1,640,360,cycle,1,0.0316748097538948,0.0329557470977306,0.0678606256842613,0.0878374874591827,0.0943433418869972,0.1136534437537193,0.0714507400989532,0.1200099065899849,0.0716382935643196,0.3240051865577698,0.9560580849647522,0.041074015200138,0.1864441782236099,0.9293118715286256,0.0650726780295372,0.0618305876851081,69,78,none,grey,694,159,147,1.882449984550476,0.0008495239308103,0.0010719374986365,0.0001344529009656,30,30,29,0.1499719698765779,0.2866967189237007,64,32,2,28.7,0.0323152784258127,0.0943433418869972,실측,1058.678060444444
hard_3mm_r1,640,360,cycle,2,0.0339234806597232,0.0358818620443344,0.0660253092646598,0.084367386996746,0.0947038009762764,0.1117510572075843,0.0679167136549949,0.124860905110836,0.0680263489484787,0.3240051865577698,0.9594613909721376,0.0428831204771995,0.1864441782236099,0.9264050126075744,0.068301074206829,0.0573133006691932,69,78,none,grey,694,159,147,1.882449984550476,0.0010051903082057,0.0008374181343242,0.0001311033120146,30,30,29,0.141131726396874,0.2748843259031667,64,32,2,28.5,0.0349026713520288,0.0947038009762764,실측,1058.678060444444
hard_3mm_r1,426,240,cycle,0,0.0311107374727726,0.033318243920803,0.0868270769715309,0.1068160980939865,0.1086464673280716,0.1263590008020401,0.0859618261456489,0.1305720508098602,0.0892507508397102,0.3240051865577698,0.9350180625915528,0.0366628319025039,0.1864441782236099,0.9474114775657654,0.0572621114552021,0.0809988230466842,69,78,none,grey,694,159,147,1.882449984550476,0.0008811251027509,0.0008217690628953,0.0001391493424307,30,30,27,0.1496404014334555,0.2761380117644304,64,64,1,15.0,0.0322144906967878,0.1086464673280716,실측,469.05434496390626
hard_3mm_r1,426,240,cycle,1,0.0354794822633266,0.0313711799681186,0.0613214075565338,0.082275815308094,0.0898862853646278,0.1050718501210212,0.0636042952537536,0.1121972873806953,0.0701496377587318,0.3240051865577698,0.9614465236663818,0.0376741550862789,0.1864441782236099,0.9519361853599548,0.0491347424685955,0.0538491085171699,69,78,none,grey,694,159,147,1.882449984550476,0.0007926001562736,0.0008768420084379,0.0001659966219449,30,30,25,0.200096108384366,0.2848789047145244,64,64,1,13.2,0.0334253311157226,0.0898862853646278,실측,469.05434496390626
hard_3mm_r1,426,240,cycle,2,0.0330759026110172,0.0450655408203601,0.072712205350399,0.091388888657093,0.1042748615145683,0.1210330724716186,0.0737952217459678,0.1405049264430999,0.0722251832485199,0.3240051865577698,0.9524329304695128,0.0417536981403827,0.1864441782236099,0.9317309856414796,0.0630635768175125,0.0563496574759483,69,78,none,grey,694,159,147,1.882449984550476,0.0011467718286439,0.0009675893816165,0.0001322656462434,30,30,30,0.1338048695830859,0.2893706567632327,64,64,1,13.3,0.03907072171568865,0.1042748615145683,실측,469.05434496390626
hard_3mm_r1,320,180,cycle,0,0.0382760427892208,0.0285020228475332,0.0662495121359825,0.085114449262619,0.0914442762732505,0.1050603613257408,0.0651375949382782,0.1100522652268409,0.0749833732843399,0.3240051865577698,0.9587402939796448,0.0412994436919689,0.1864441782236099,0.9499870538711548,0.0451960526406765,0.054611537605524,69,78,none,grey,694,159,147,1.882449984550476,0.0008495112415403,0.0008471633773297,0.0001538843207526,30,30,29,0.1770839072785391,0.2997349673097239,64,64,1,9.0,0.033389032818377004,0.0914442762732505,실측,264.669515111111
hard_3mm_r1,320,180,cycle,1,0.0281147435307502,0.0290453284978866,0.0714882910251617,0.0907468125224113,0.0915313959121704,0.1070326194167137,0.0723441615700721,0.117889180779457,0.0682148858904838,0.3240051865577698,0.953099012374878,0.031616311520338,0.1864441782236099,0.9655159711837769,0.0478510186076164,0.0594427399337291,69,78,none,grey,694,159,147,1.882449984550476,0.0007878324249759,0.0007530282600782,0.0001479554775869,30,30,30,0.1328040564094565,0.2687082350628931,64,64,1,7.9,0.028580036014318397,0.0915313959121704,실측,264.669515111111
hard_3mm_r1,320,180,cycle,2,0.0356471985578537,0.0297555234283208,0.0800710394978523,0.1031690016388893,0.1041433438658714,0.1216560676693916,0.0791123211383819,0.129934161901474,0.0813283994793891,0.3240051865577698,0.9393797516822816,0.036695796996355,0.1864441782236099,0.948900580406189,0.0531682334840297,0.0682891234755516,69,78,none,grey,694,159,147,1.882449984550476,0.000684235303197,0.0007842440973035,0.0001470730639994,30,30,30,0.1301656051053094,0.2673779313669264,64,64,1,7.8,0.03270136099308725,0.1041433438658714,실측,264.669515111111
hard_3mm_r1,160,90,cycle,0,0.0356864184141159,0.0242658853530883,0.0639712065458297,0.0828275457024574,0.0861018449068069,0.1004057303071022,0.0659803822636604,0.1087805703282356,0.0660398975014686,0.3240051865577698,0.9609277248382568,0.0306893698871135,0.1864441782236099,0.966799795627594,0.0458458885550498,0.0536220334470272,69,78,none,grey,694,159,147,1.882449984550476,0.0007257054676301,0.0008763487567193,0.0001460482890252,30,30,30,0.1965424870207948,0.2767670709382063,64,64,1,3.8,0.0299761518836021,0.0861018449068069,실측,66.16737877777776
hard_3mm_r1,160,90,cycle,1,0.0297026075422763,0.0439966395497322,0.0564292334020137,0.0765440911054611,0.0863990634679794,0.0997267737984657,0.0575417093932628,0.0997322648763656,0.0746042877435684,0.3240051865577698,0.9666310548782348,0.0431686528027057,0.1864441782236099,0.950448215007782,0.0494513884186744,0.05047357827425,69,78,none,grey,694,159,147,1.882449984550476,0.0011511241318657,0.000713542161975,0.0001462906802771,30,30,27,0.2557859984186266,0.2896393889901023,64,64,1,2.8,0.036849623546004254,0.0863990634679794,실측,66.16737877777776
hard_3mm_r1,160,90,cycle,2,0.0279651377350091,0.0335927382111549,0.0721690133213996,0.0907950550317764,0.0936653092503547,0.1076840385794639,0.0710601955652237,0.1139088198542594,0.075757585465908,0.3240051865577698,0.9530491232872008,0.0285426881164312,0.1864441782236099,0.9698308110237122,0.041593138128519,0.060593444854021,69,78,none,grey,694,159,147,1.882449984550476,0.0008761606877669,0.0008116330136545,0.0001595516368979,30,30,30,0.2124923615359435,0.271974005789127,64,64,1,2.8,0.030778937973082003,0.0936653092503547,실측,66.16737877777776
hard_3mm_r1,80,45,cycle,0,0.026776822283864,0.0286742877215147,0.0786621943116188,0.1017050594091415,0.0969691649079322,0.117456242442131,0.0786132141947746,0.1298737972974777,0.0678611993789672,0.3240051865577698,0.9410879015922546,0.0308034215122461,0.1864441782236099,0.9620654582977296,0.0511705391108989,0.0607877820730209,69,78,none,grey,694,159,147,1.882449984550476,0.000807448697742,0.0006504758493974,0.0001300828153034,30,30,29,0.2580024694503212,0.2517441083800117,64,64,1,2.8,0.027725555002689348,0.0969691649079322,실측,16.54184469444444
hard_3mm_r1,80,45,cycle,1,0.0299243759363889,0.027156762778759,0.0800109431147575,0.10565035790205,0.0998833030462265,0.121138297021389,0.0831066966056823,0.1256827414035797,0.0770607218146324,0.3240051865577698,0.9364286661148072,0.03302913159132,0.1864441782236099,0.957931101322174,0.0511579029262065,0.0700166374444961,69,78,none,grey,694,159,147,1.882449984550476,0.0008430489106103,0.0006589325494132,0.0001342893810942,30,30,27,0.2783155262642016,0.2384656570242636,64,64,1,1.9,0.02854056935757395,0.0998833030462265,실측,16.54184469444444
hard_3mm_r1,80,45,cycle,2,0.027233999222517,0.0280810445547103,0.0792382583022117,0.1035484373569488,0.0982126891613006,0.1180504411458969,0.0795189589262008,0.1223043650388717,0.0769008323550224,0.3240051865577698,0.93893301486969,0.0321873947978019,0.1864441782236099,0.9620797634124756,0.0448618195950984,0.0690754652023315,69,78,none,grey,694,159,147,1.882449984550476,0.0006602953653782,0.0008544658194296,0.0001298972056247,30,30,30,0.2588500152060209,0.2501410478316013,64,64,1,2.0,0.027657521888613652,0.0982126891613006,실측,16.54184469444444
hard_3mm_r1,48,27,cycle,0,0.0306476727128028,0.03899747133255,0.0826999992132186,0.1087357774376869,0.1103251948952674,0.1370929181575775,0.0858027264475822,0.1575912237167358,0.0685129538178443,0.3240051865577698,0.9326613545417786,0.0394440069794654,0.1864441782236099,0.9238194823265076,0.0670171454548835,0.0630377009510994,69,78,none,grey,694,159,147,1.882449984550476,0.0009101855102926,0.0007220057887025,0.0001309661602135,30,30,29,0.2640182552832348,0.2811234312237434,64,64,1,2.8,0.0348225720226764,0.1103251948952674,실측,5.9550640900000005
hard_3mm_r1,48,27,cycle,1,0.0328330397605896,0.0401040762662887,0.0904522612690925,0.1241975054144859,0.1155984476208686,0.1503400057554245,0.0939768999814987,0.168706327676773,0.0686184018850326,0.3240051865577698,0.9121493101119996,0.0456892810761928,0.1864441782236099,0.9052886962890624,0.0748343244194984,0.0615575723350048,69,78,none,grey,694,159,147,1.882449984550476,0.000986540922895,0.0006702364771626,0.0001314377732342,30,30,30,0.2613064603778058,0.279702198580376,64,64,1,1.9,0.03646855801343915,0.1155984476208686,실측,5.9550640900000005
hard_3mm_r1,48,27,cycle,2,0.0340057052671909,0.0424349792301654,0.0742989256978035,0.0963178500533104,0.1079479753971099,0.1265210807323455,0.0800987780094146,0.1314844638109207,0.0871272385120391,0.3240051865577698,0.9471636414527892,0.0419386103749275,0.1864441782236099,0.9220974445343018,0.0592367053031921,0.0689315944910049,69,78,none,grey,694,159,147,1.882449984550476,0.0009802277199923,0.0007769773364998,0.0001313511020271,30,30,30,0.2855819006818172,0.2643408805319348,64,64,1,1.9,0.03822034224867815,0.1079479753971099,실측,5.9550640900000005
hard_3mm_r1,32,18,cycle,0,0.0445337407290935,0.0411752015352249,0.0964634045958519,0.1295282989740371,0.1310802102088928,0.163086399435997,0.0988650843501091,0.1758609563112259,0.0914664790034294,0.3240051865577698,0.9044460654258728,0.0495579726994037,0.1864441782236099,0.8863198757171631,0.0815656334161758,0.0834629386663436,69,78,none,grey,694,159,147,1.882449984550476,0.0012415070086717,0.0011180174769833,0.0001288679923163,30,30,26,0.3530603760601121,0.3032596276241278,64,64,1,3.2,0.042854471132159205,0.1310802102088928,실측,2.646695151111111
hard_3mm_r1,32,18,cycle,1,0.0345098488032817,0.050603050738573,0.0811193138360977,0.1061560288071632,0.1154208555817604,0.1403537541627884,0.0862963274121284,0.1593042016029358,0.0766009390354156,0.3240051865577698,0.9358186721801758,0.053071841597557,0.1864441782236099,0.889500617980957,0.077603667974472,0.06326624751091,69,78,none,grey,694,159,147,1.882449984550476,0.0009781076805666,0.0007221443811431,0.0001295040274271,30,30,30,0.2974759701006007,0.281405047050812,64,64,1,2.2,0.042556449770927346,0.1154208555817604,실측,2.646695151111111
hard_3mm_r1,32,18,cycle,2,0.0345127917826175,0.0456185229122638,0.0756542384624481,0.0963443517684936,0.1090306937694549,0.1281082034111023,0.0782929733395576,0.1423107087612152,0.0795906707644462,0.3240051865577698,0.9471345543861388,0.0431245863437652,0.1864441782236099,0.927783727645874,0.0648964568972587,0.0694009438157081,69,78,none,grey,694,159,147,1.882449984550476,0.001082150847651,0.0009358579991385,0.00013200804824,30,30,30,0.3075520133422499,0.2849848165452105,64,64,1,2.2,0.04006565734744065,0.1090306937694549,실측,2.646695151111111
hard_3mm_r1,16,9,cycle,0,0.0414386987686157,0.0613139793276786,0.1196793392300605,0.1626663953065872,0.1575136184692382,0.2137351483106613,0.1285888254642486,0.2130274474620819,0.1084052249789238,0.3240051865577698,0.8492993712425232,0.0653629973530769,0.1864441782236099,0.714382529258728,0.1109151318669319,0.101672425866127,69,78,none,grey,694,159,147,1.882449984550476,0.001336473156698,0.0010758030693978,0.0001309536164626,30,30,28,0.3275280438513852,0.3308477041856298,64,64,1,3.7,0.051376339048147146,0.1575136184692382,실측,0.6616737877777777
hard_3mm_r1,16,9,cycle,1,0.055789403617382,0.0533785000443458,0.10157972574234,0.152200698852539,0.1507254093885421,0.2149900496006012,0.1008637025952339,0.224147081375122,0.0857754871249198,0.3240051865577698,0.8680672645568848,0.0711241066455841,0.1864441782236099,0.6569013595581055,0.1283063292503357,0.0760999545454979,69,78,none,grey,694,159,147,1.882449984550476,0.0015023930463939,0.0013652134221047,0.0001345522614428,30,30,29,0.3354708743026689,0.3232729330002886,64,64,1,2.2,0.0545839518308639,0.1507254093885421,실측,0.6616737877777777
hard_3mm_r1,16,9,cycle,2,0.0423930659890174,0.0485034324228763,0.1406062096357345,0.1735689342021942,0.1733534485101699,0.2038984149694442,0.138975590467453,0.2309592217206955,0.1223944649100303,0.3240051865577698,0.8284212946891785,0.0545653775334358,0.1864441782236099,0.8594772219657898,0.0974930301308631,0.1177795231342315,69,78,none,grey,694,159,147,1.882449984550476,0.0013616713695228,0.0009274366893805,0.0001368190860375,30,30,29,0.3464924897515464,0.3326521339656422,64,64,1,2.2,0.04544824920594685,0.1733534485101699,실측,0.6616737877777777
hard_3mm_r1,8,5,cycle,0,0.0512711033225059,0.0615334399044513,0.1254203766584396,0.1613896787166595,0.1738387495279312,0.2107372730970382,0.1364466398954391,0.2292637079954147,0.1248089596629142,0.3240051865577698,0.8516557216644287,0.070157304406166,0.1864441782236099,0.7484948039054871,0.1024057939648628,0.1016285121440887,69,78,none,grey,694,159,147,1.882449984550476,0.0013706139288842,0.0013167414581403,0.0001364468043902,30,30,30,0.3578535486710518,0.3822617080976378,64,64,1,3.7,0.056402271613478605,0.1738387495279312,실측,0.16541844694444444
hard_3mm_r1,8,5,cycle,1,0.0537811145186424,0.0459827370941638,0.1080966889858245,0.1351284831762313,0.1497958749532699,0.1789775043725967,0.1107388958334922,0.2002754360437393,0.1051408722996711,0.3240051865577698,0.8960047960281372,0.0607945844531059,0.1864441782236099,0.8242642879486084,0.1084167435765266,0.0974612906575203,69,78,none,grey,694,159,147,1.882449984550476,0.0011914753122255,0.0013982808450236,0.000130794593133,30,30,30,0.3315105135914915,0.3563282804669074,64,64,1,2.1,0.0498819258064031,0.1497958749532699,실측,0.16541844694444444
hard_3mm_r1,8,5,cycle,2,0.0525423772633075,0.0491722300648689,0.1377137303352356,0.1814779192209243,0.1755634099245071,0.2178918719291687,0.1300582885742187,0.2487184256315231,0.110849343240261,0.3240051865577698,0.8124284148216248,0.0615843050181865,0.1864441782236099,0.8083478808403015,0.1080689430236816,0.102881371974945,69,78,none,grey,694,159,147,1.882449984550476,0.001286496524699,0.0013680743286386,0.0001257215772056,30,30,27,0.3489689620839759,0.3568090702752647,64,64,1,2.1,0.0508573036640882,0.1755634099245071,실측,0.16541844694444444
medium_1mm_r1,1920,1080,cycle,0,0.0307418648153543,0.0602324493229389,0.210140973329544,0.2690987288951874,0.2293069660663604,0.2867594361305237,0.2014390975236892,0.3240566253662109,0.1345572769641876,0.4648659825325012,0.7887018918991089,0.0515792742371559,0.2040708512067794,0.8962336778640747,0.0730125159025192,0.1252673119306564,80,80,none,grey,704,136,160,3.3207101821899414,0.0013476280728355,0.0007589114247821,0.0001844302460085,30,30,23,0.1756844535808671,0.2824675666497034,64,4,16,255.8,0.0454871570691466,0.2293069660663604,실측,12904.96
medium_1mm_r1,1920,1080,cycle,1,0.0338326320052146,0.0548032410442829,0.1601572334766388,0.4351605176925659,0.1895553320646286,0.4476380348205566,0.1595983058214187,0.1970146596431732,0.1820960193872451,0.4648659825325012,0.4474503397941589,0.048341829329729,0.2040708512067794,0.8811718225479126,0.0638182312250137,0.1717812567949295,80,80,none,grey,704,136,160,3.3207101821899414,0.0013263839064165,0.0007536332122981,0.0001685681927483,30,30,21,0.229961751663888,0.286088403314352,64,4,16,256.1,0.04431793652474875,0.1895553320646286,실측,12904.96
medium_1mm_r1,1920,1080,cycle,2,0.0361324474215507,0.0513828992843627,0.1282365024089813,0.1991356909275055,0.155787706375122,0.2209151834249496,0.1252657920122146,0.1959071308374405,0.1156682968139648,0.4648659825325012,0.8842900991439819,0.0473453775048255,0.2040708512067794,0.8984577059745789,0.0728197544813156,0.1028876528143882,80,80,none,grey,704,136,160,3.3207101821899414,0.0011724544456228,0.0007106228149496,0.0001772298273863,30,30,28,0.1856529288713566,0.2788176501498502,64,4,16,255.3,0.0437576733529567,0.155787706375122,실측,12904.96
medium_1mm_r1,1280,720,cycle,0,0.0351707451045513,0.0589438304305076,0.1209360584616661,0.185586467385292,0.1531164348125457,0.2097864001989364,0.1226574182510376,0.1854536086320877,0.1207792535424232,0.4648659825325012,0.8995002508163452,0.0540839806199073,0.2040708512067794,0.886481761932373,0.0702564939856529,0.1058786958456039,80,80,none,grey,704,136,160,3.3207101821899414,0.0013052840949967,0.0007350841769948,0.0001751631789375,30,30,26,0.151250393722545,0.2769075921353172,64,8,8,112.5,0.047057287767529446,0.1531164348125457,실측,5735.537777777778
medium_1mm_r1,1280,720,cycle,1,0.0321232751011848,0.0562934353947639,0.1414403617382049,0.1903088986873626,0.1700505912303924,0.2127598822116851,0.1405772268772125,0.2029750794172287,0.1371261179447174,0.4648659825325012,0.894320547580719,0.0432592220604419,0.2040708512067794,0.9174891710281372,0.0644574984908104,0.1274416148662567,80,80,none,grey,704,136,160,3.3207101821899414,0.0012421741848811,0.0007521478692069,0.0001985956041608,30,30,20,0.1885570677166635,0.2787724733352661,64,8,8,111.2,0.044208355247974354,0.1700505912303924,실측,5735.537777777778
medium_1mm_r1,1280,720,cycle,2,0.031420312821865,0.0625018626451492,0.1309380829334259,0.1877947747707367,0.1634228229522705,0.2102681398391723,0.1307959109544754,0.1846572905778885,0.1421883553266525,0.4648659825325012,0.8970943093299866,0.0566015057265758,0.2040708512067794,0.8943067789077759,0.0653193742036819,0.1190460473299026,80,80,none,grey,704,136,160,3.3207101821899414,0.0012980748433619,0.0007141955429688,0.0001913120795506,30,30,24,0.2070104257965629,0.2821508891442242,64,8,8,111.1,0.0469610877335071,0.1634228229522705,실측,5735.537777777778
medium_1mm_r1,854,480,cycle,0,0.0406056828796863,0.0591540336608886,0.1333241462707519,0.1813127547502517,0.164639264345169,0.2078721523284912,0.1305475831031799,0.200626939535141,0.1286515891551971,0.4648659825325012,0.9040756225585938,0.0550043769180774,0.2040708512067794,0.886929988861084,0.0775476470589637,0.1133274063467979,80,80,none,grey,704,136,160,3.3207101821899414,0.0014172665541991,0.0008988336776383,0.0001688858319539,30,30,27,0.1545338727195154,0.2902005998527302,64,16,4,52.6,0.04987985827028745,0.164639264345169,실측,2553.112469444444
medium_1mm_r1,854,480,cycle,1,0.0326056890189647,0.0541854202747345,0.1760192364454269,0.2206684201955795,0.196423128247261,0.2382580488920211,0.1707741022109985,0.248820424079895,0.144025832414627,0.4648659825325012,0.8579135537147522,0.0460621491074562,0.2040708512067794,0.9236469268798828,0.0600974932312965,0.1333092004060745,80,80,none,grey,704,136,160,3.3207101821899414,0.0012430085334926,0.0007580340607091,0.0001767862559063,30,30,28,0.1705461576242338,0.2969622997676625,64,16,4,51.4,0.0433955546468496,0.196423128247261,실측,2553.112469444444
medium_1mm_r1,854,480,cycle,2,0.0378341116011142,0.0542359948158264,0.1216155067086219,0.1647998094558715,0.1527228653430938,0.1919236630201339,0.1217023357748985,0.1813370883464813,0.1241086348891258,0.4648659825325012,0.9207524657249452,0.050816498696804,0.2040708512067794,0.8967649340629578,0.0713791996240615,0.1080589294433593,80,80,none,grey,704,136,160,3.3207101821899414,0.0013953960733488,0.0008463935228064,0.0001955333864316,30,30,27,0.1539217601106925,0.2940192047287436,64,16,4,51.0,0.0460350532084703,0.1527228653430938,실측,2553.112469444444
medium_1mm_r1,640,360,cycle,0,0.0385615862905979,0.0566052794456481,0.1144084930419921,0.1546638756990432,0.1465224325656891,0.1827824562788009,0.1132709980010986,0.195334106683731,0.0977107658982276,0.4648659825325012,0.9302008748054504,0.0455197766423225,0.2040708512067794,0.9113167524337769,0.0677676349878311,0.0820797681808471,80,80,none,grey,704,136,160,3.3207101821899414,0.001251375535503,0.0008603000314906,0.0001723393506836,30,30,18,0.1945327760821039,0.293251286534702,64,32,2,29.2,0.047583432868123,0.1465224325656891,실측,1433.8844444444444
medium_1mm_r1,640,360,cycle,1,0.0372028872370719,0.0563759915530681,0.1223015636205673,0.1643991321325302,0.1544588506221771,0.1912488341331482,0.1203907281160354,0.1808431446552276,0.1280745714902877,0.4648659825325012,0.9211373329162598,0.0505678541958332,0.2040708512067794,0.9005650877952576,0.0713260322809219,0.1149608865380287,80,80,none,grey,704,136,160,3.3207101821899414,0.0014325166121125,0.0009554435382597,0.0001578765950398,30,30,27,0.1876163530078801,0.3062413089415606,64,32,2,28.6,0.04678943939507,0.1544588506221771,실측,1433.8844444444444
medium_1mm_r1,640,360,cycle,2,0.0432189628481864,0.052101869136095,0.1264507472515106,0.1794147044420242,0.1577993929386139,0.2021499276161193,0.1281059235334396,0.1937989890575409,0.1217997819185257,0.4648659825325012,0.9060734510421752,0.0506906397640705,0.2040708512067794,0.9010022282600404,0.0686699077486991,0.1009113192558288,80,80,none,grey,704,136,160,3.3207101821899414,0.0012713179457932,0.0010346911149099,0.0001684754533926,30,30,29,0.1452973840588873,0.3200026925872354,64,32,2,28.7,0.0476604159921407,0.1577993929386139,실측,1433.8844444444444
medium_1mm_r1,426,240,cycle,0,0.0496883019804954,0.0611711144447326,0.1623540818691253,0.1986138373613357,0.1934720277786255,0.2231494039297104,0.1616211682558059,0.2201375067234039,0.166806548833847,0.4648659825325012,0.8848957419395447,0.0649106204509735,0.2040708512067794,0.8829061985015869,0.0638179630041122,0.1432295143604278,80,80,none,grey,704,136,160,3.3207101821899414,0.0015713777393102,0.0007385500357486,0.0001894312154036,30,30,27,0.1514373807744546,0.3225612359888413,64,64,1,14.8,0.055429708212614,0.1934720277786255,실측,635.292025
medium_1mm_r1,426,240,cycle,1,0.0463194660842418,0.0521455518901348,0.1530331820249557,0.1979357451200485,0.1816398650407791,0.2190814167261123,0.1505943685770034,0.2462096512317657,0.1170700788497924,0.4648659825325012,0.8856803774833679,0.055637888610363,0.2040708512067794,0.8994196057319641,0.0670979768037796,0.0949664041399955,80,80,none,grey,704,136,160,3.3207101821899414,0.0012825721642002,0.0007686585886403,0.0002023987763095,30,30,14,0.2728998417204076,0.3051465539371266,64,64,1,13.2,0.0492325089871883,0.1816398650407791,실측,635.292025
medium_1mm_r1,426,240,cycle,2,0.0376637317240238,0.0489299222826957,0.1515272259712219,0.1934234201908111,0.1783683598041534,0.2133635729551315,0.1493455171585083,0.1931127607822418,0.163623958826065,0.4648659825325012,0.8908332586288452,0.0469812825322151,0.2040708512067794,0.9179474115371704,0.0620197765529155,0.1526663154363632,80,80,none,grey,704,136,160,3.3207101821899414,0.0011845260160043,0.0009610154666006,0.0001640768896322,30,30,27,0.1303164579651572,0.308407748446745,64,64,1,13.3,0.04329682700335975,0.1783683598041534,실측,635.292025
medium_1mm_r1,320,180,cycle,0,0.0364801511168479,0.0576848164200782,0.1827656030654907,0.2130458801984787,0.2058316171169281,0.2308686226606369,0.1792525053024292,0.1833371371030807,0.2283261269330978,0.4648659825325012,0.8675601482391357,0.0551901273429393,0.2040708512067794,0.9082981944084167,0.0581433176994323,0.2178473025560379,80,80,none,grey,704,136,160,3.3207101821899414,0.0013672759523615,0.0007923628436401,0.0001874485460575,30,30,29,0.1693301702087575,0.3150876024190117,64,64,1,9.0,0.04708248376846305,0.2058316171169281,실측,358.4711111111111
medium_1mm_r1,320,180,cycle,1,0.0308651085942983,0.0579990446567535,0.1194736212491989,0.1569691002368927,0.148239716887474,0.1821548640727996,0.1190084815025329,0.1747362315654754,0.1217432022094726,0.4648659825325012,0.9281046390533448,0.0450247712433338,0.2040708512067794,0.915421187877655,0.0615580379962921,0.1067900508642196,80,80,none,grey,704,136,160,3.3207101821899414,0.0012671740259975,0.0008181538432836,0.0001814451825339,30,30,27,0.2108140750364824,0.2985440019299002,64,64,1,7.8,0.044432076625525896,0.148239716887474,실측,358.4711111111111
medium_1mm_r1,320,180,cycle,2,0.0434182174503803,0.0499584451317787,0.1376767456531524,0.1792850494384765,0.167612075805664,0.200087085366249,0.1333561688661575,0.19150210916996,0.1437220275402069,0.4648659825325012,0.906209111213684,0.051223300397396,0.2040708512067794,0.9145541787147522,0.062957264482975,0.1262314766645431,80,80,none,grey,704,136,160,3.3207101821899414,0.0012584218056872,0.000874554272741,0.0001730543590383,30,30,28,0.1149461553855375,0.3175045427154092,64,64,1,7.9,0.0466883312910795,0.167612075805664,실측,358.4711111111111
medium_1mm_r1,160,90,cycle,0,0.0413696505129337,0.042916927486658,0.1177522391080856,0.147593691945076,0.144954040646553,0.1664071977138519,0.1141424775123596,0.1475776135921478,0.1423304826021194,0.4648659825325012,0.9364364743232728,0.0487971939146518,0.2040708512067794,0.9301186800003052,0.0480526238679885,0.1210163980722427,80,80,none,grey,704,136,160,3.3207101821899414,0.0009807704482227,0.0008000271627679,0.0002291663113282,30,30,21,0.226526986468922,0.266584063277525,64,64,1,3.7,0.04214328899979585,0.144954040646553,실측,89.61777777777777
medium_1mm_r1,160,90,cycle,1,0.0450529940426349,0.0504887588322162,0.108418084681034,0.1402516216039657,0.1393139660358429,0.1638982743024826,0.1057114973664283,0.1497337520122528,0.1288941800594329,0.4648659825325012,0.9426031112670898,0.0579118952155113,0.2040708512067794,0.9068686366081238,0.0596151165664196,0.1045949310064315,80,80,none,grey,704,136,160,3.3207101821899414,0.0011051574256271,0.0011893834453076,0.0001966570562217,30,30,29,0.1405624205415899,0.2966441599761738,64,64,1,2.8,0.04777087643742555,0.1393139660358429,실측,89.61777777777777
medium_1mm_r1,160,90,cycle,2,0.0511144287884235,0.0425277054309845,0.0965011268854141,0.1222784593701362,0.1296498328447342,0.1495452374219894,0.0973154306411743,0.1436648964881897,0.115634761750698,0.4648659825325012,0.9563713073730468,0.0392474643886089,0.2040708512067794,0.939179301261902,0.0582783408463001,0.097025454044342,80,80,none,grey,704,136,160,3.3207101821899414,0.0008818016503937,0.0006832558428868,0.0001912667648866,30,30,29,0.1768366233869032,0.2896067973445443,64,64,1,2.8,0.046821067109704,0.1296498328447342,실측,89.61777777777777
medium_1mm_r1,80,45,cycle,0,0.0318398401141166,0.0474367663264274,0.161344900727272,0.2148260772228241,0.1834077090024948,0.2288723737001419,0.156120017170906,0.2167560160160064,0.1500594168901443,0.4648659825325012,0.865337610244751,0.0389621071517467,0.2040708512067794,0.9408627152442932,0.046977262943983,0.1370569765567779,80,80,none,grey,704,136,160,3.3207101821899414,0.0012904704781249,0.0009271543240174,0.0002004744310397,30,30,26,0.273877817121419,0.2710210084915161,64,64,1,2.8,0.039638303220271995,0.1834077090024948,실측,22.404444444444444
medium_1mm_r1,80,45,cycle,1,0.035038061439991,0.0455306842923164,0.1511710733175277,0.2058573514223098,0.173564150929451,0.2219655364751815,0.147976741194725,0.2319822311401367,0.115146055817604,0.4648659825325012,0.8763468861579895,0.0446128547191619,0.2040708512067794,0.9303821325302124,0.0610220804810524,0.1038572341203689,80,80,none,grey,704,136,160,3.3207101821899414,0.0010250934865325,0.0008851662278175,0.0001826268417062,30,30,28,0.2598965533755042,0.2688113889273475,64,64,1,2.0,0.0402843728661537,0.173564150929451,실측,22.404444444444444
medium_1mm_r1,80,45,cycle,2,0.0356641262769699,0.0461297743022441,0.1744790971279144,0.2804171144962311,0.1944936364889145,0.2919912934303283,0.1725015938282013,0.1948158740997314,0.1941713988780975,0.4648659825325012,0.7705535292625427,0.0411125272512435,0.2040708512067794,0.9394641518592834,0.047470461577177,0.185098111629486,80,80,none,grey,704,136,160,3.3207101821899414,0.0012220500502735,0.0007575800991617,0.0001685208844719,30,30,28,0.2457970001480796,0.2792179479318507,64,64,1,2.0,0.040896950289607006,0.1944936364889145,실측,22.404444444444444
medium_1mm_r1,48,27,cycle,0,0.0419381037354469,0.0513775832951068,0.1569285094738006,0.2339189797639846,0.182747334241867,0.2529239356517792,0.1565670520067215,0.2557277083396911,0.1097669601440429,0.4648659825325012,0.8403373956680298,0.0483817644417285,0.2040708512067794,0.9029464721679688,0.0703072100877761,0.0986101850867271,80,80,none,grey,704,136,160,3.3207101821899414,0.0015410660998895,0.0008626625058241,0.0001754194963723,30,30,28,0.2966046766801314,0.2837180845877703,64,64,1,2.8,0.04665784351527685,0.182747334241867,실측,8.065599999999996
medium_1mm_r1,48,27,cycle,1,0.0521265789866447,0.0661413893103599,0.1907524764537811,0.3316519558429718,0.2220632582902908,0.3598697781562805,0.1900801360607147,0.3571155667304992,0.0870109051465988,0.4648659825325012,0.6790499687194824,0.0604338943958282,0.2040708512067794,0.8005833029747009,0.1054365411400795,0.0810064151883125,80,80,none,grey,704,136,160,3.3207101821899414,0.0016974987229332,0.0010440397309139,0.0001894141314551,30,30,30,0.2879170152274045,0.2966762728550854,64,64,1,1.9,0.0591339841485023,0.2220632582902908,실측,8.065599999999996
medium_1mm_r1,48,27,cycle,2,0.0331888906657695,0.0421875938773155,0.1155588999390602,0.1587521880865097,0.1390802711248397,0.1789408773183822,0.1119877323508262,0.1900612264871597,0.0880993157625198,0.4648659825325012,0.9264619946479796,0.0387468561530113,0.2040708512067794,0.9350824356079102,0.060924969613552,0.0812458842992782,80,80,none,grey,704,136,160,3.3207101821899414,0.0011975453235208,0.0008610957302153,0.0001809983077691,30,30,29,0.2404150569980794,0.2654282853883855,64,64,1,1.9,0.0376882422715425,0.1390802711248397,실측,8.065599999999996
medium_1mm_r1,32,18,cycle,0,0.0394263677299022,0.0516286715865135,0.1470924615859985,0.23245869576931,0.1745191812515258,0.2544590830802917,0.1486035287380218,0.2507451772689819,0.098293200135231,0.4648659825325012,0.8423246145248413,0.0509951114654541,0.2040708512067794,0.8738791346549988,0.0782997012138366,0.0883738547563552,80,80,none,grey,704,136,160,3.3207101821899414,0.0012073516845703,0.0010480843484401,0.0001607745944056,30,30,30,0.3180003247477792,0.3171567916870117,64,64,1,3.2,0.04552751965820785,0.1745191812515258,실측,3.584711111111111
medium_1mm_r1,32,18,cycle,1,0.0505355671048164,0.0554231591522693,0.1992749273777008,0.2749224901199341,0.2280519902706146,0.2955259978771209,0.1957271844148636,0.3295167088508606,0.1265872716903686,0.4648659825325012,0.7794572114944458,0.0540515892207622,0.2040708512067794,0.8841889500617981,0.0743059962987899,0.1115045994520187,80,80,none,grey,704,136,160,3.3207101821899414,0.0014899127418175,0.0012534020934253,0.0001917897752719,30,30,29,0.3274242010983554,0.2865496435586144,64,64,1,2.2,0.05297936312854285,0.2280519902706146,실측,3.584711111111111
medium_1mm_r1,32,18,cycle,2,0.0376971736550331,0.0630144029855728,0.1311018764972686,0.19562728703022,0.1656560450792312,0.2195419371128082,0.1322772651910781,0.2289606630802154,0.102351427078247,0.4648659825325012,0.8883313536643982,0.0589727647602558,0.2040708512067794,0.8822547793388367,0.0765767693519592,0.0815454944968223,80,80,none,grey,704,136,160,3.3207101821899414,0.0012840420240536,0.0008448559674434,0.0001717931445455,30,30,30,0.2815134809775786,0.2864770468543557,64,64,1,2.2,0.05035578832030295,0.1656560450792312,실측,3.584711111111111
medium_1mm_r1,16,9,cycle,0,0.0735636800527572,0.1286562532186508,0.20500048995018,0.462639182806015,0.2786447405815124,0.6628953814506531,0.2092896401882171,0.4173288941383362,0.1399606168270111,0.4648659825325012,0.3754644393920898,0.1060899123549461,0.2040708512067794,-2.175604343414306,0.15745310485363,0.1144099682569503,80,80,none,grey,704,136,160,3.3207101821899414,0.002367993351072,0.0019950207788497,0.0001939119392773,30,30,29,0.3816076273267919,0.3864269046222462,64,64,1,3.6,0.10110996663570399,0.2786447405815124,실측,0.8961777777777777
medium_1mm_r1,16,9,cycle,1,0.0496301464736461,0.0903234407305717,0.1691231578588485,0.2586115896701813,0.2184395790100097,0.3085349500179291,0.1645898520946502,0.3161221146583557,0.1207570061087608,0.4648659825325012,0.8048501014709473,0.0698951333761215,0.2040708512067794,0.787237823009491,0.1084012761712074,0.1109764352440834,80,80,none,grey,704,136,160,3.3207101821899414,0.0020082988776266,0.0010584414703771,0.000170517785591,30,30,30,0.3443595252253792,0.3704314161749447,64,64,1,2.2,0.0699767936021089,0.2184395790100097,실측,0.8961777777777777
medium_1mm_r1,16,9,cycle,2,0.0482843108475208,0.0891815274953842,0.1687419563531875,0.2620708048343658,0.2184284478425979,0.3106521070003509,0.1705219000577926,0.3131000101566314,0.1237569004297256,0.4648659825325012,0.799594521522522,0.0689157992601394,0.2040708512067794,0.7497764229774475,0.1047838702797889,0.1078659743070602,80,80,none,grey,704,136,160,3.3207101821899414,0.0021625203080475,0.0011646809289231,0.0001748794165905,30,30,29,0.3416548804803328,0.3553123333874871,64,64,1,2.1,0.0687329191714525,0.2184284478425979,실측,0.8961777777777777
medium_1mm_r1,8,5,cycle,0,0.1108033061027526,0.1290454119443893,0.257357656955719,0.6890258193016052,0.3456634879112243,0.8129729628562927,0.261125773191452,0.535199761390686,0.1561272144317627,0.4648659825325012,-0.3852983713150024,0.1490251123905182,0.2040708512067794,-1.509002923965454,0.2653357088565826,0.1444507539272308,80,80,none,grey,704,136,160,3.3207101821899414,0.0025982861407101,0.0026646652258932,0.0001913968444569,30,30,30,0.4232438287951729,0.4669405677739311,64,64,1,3.7,0.11992435902357095,0.3456634879112243,실측,0.22404444444444443
medium_1mm_r1,8,5,cycle,1,0.1448660939931869,0.1161612048745155,0.2007717788219452,0.3542753159999847,0.315768152475357,0.8108690977096558,0.2294171154499054,0.3830701410770416,0.2484661638736724,0.4648659825325012,0.6337698101997375,0.1725372374057769,0.2040708512067794,-8.684885025024414,0.1863931119441986,0.1451024264097213,80,80,none,grey,704,136,160,3.3207101821899414,0.0042286557145416,0.0035796668380498,0.0001882960059447,30,30,29,0.3902141018347306,0.4023369550704956,64,64,1,2.1,0.1305136494338512,0.315768152475357,실측,0.22404444444444443
medium_1mm_r1,8,5,cycle,2,0.0912855640053749,0.1172855719923973,0.2045310288667678,0.3063589334487915,0.2939984202384949,0.4048158526420593,0.2129897326231002,0.3691884875297546,0.2188083678483963,0.4648659825325012,0.7261369228363037,0.116783283650875,0.2040708512067794,0.1027674078941345,0.139557272195816,0.1592527329921722,80,80,none,grey,704,136,160,3.3207101821899414,0.0026371472049504,0.002169070765376,0.0001903716038214,30,30,28,0.4159418425776742,0.4164885177331812,64,64,1,2.1,0.1042855679988861,0.2939984202384949,실측,0.22404444444444443
medium_2mm_r1,1920,1080,cycle,0,0.0233758743852376,0.0240823775529861,0.0732189640402793,0.089495912194252,0.0888383537530899,0.1019640117883682,0.0741842240095138,0.1045418009161949,0.0737547948956489,0.4535104036331177,0.9697707295417786,0.0290821567177772,0.1674191057682037,0.9562712907791138,0.0445241406559944,0.0683141723275184,73,76,none,grey,693,158,149,1.980449914932251,0.0005746312672272,0.0006194302695803,0.0001789604284567,30,30,29,0.1171670098282386,0.1916518905494786,64,4,16,254.4,0.02372912596911185,0.0888383537530899,실측,13091.021056
medium_2mm_r1,1920,1080,cycle,1,0.0226709507405757,0.0350194238126277,0.072267509996891,0.0926381796598434,0.0924156680703163,0.1066902428865432,0.0708754137158393,0.1060005575418472,0.0793670192360878,0.4535104036331177,0.9676107168197632,0.029530145227909,0.1674191057682037,0.9649808406829834,0.0395605713129043,0.0674009323120117,73,76,none,grey,693,158,149,1.980449914932251,0.0005362078663893,0.0005051764892414,0.0001935438194777,30,30,27,0.2007448567026449,0.2024368736185605,64,4,16,253.5,0.0288451872766017,0.0924156680703163,실측,13091.021056
medium_2mm_r1,1920,1080,cycle,2,0.0198582615703344,0.0209744181483984,0.0662735551595687,0.0839064866304397,0.0790812820196151,0.0933038294315338,0.0633256882429122,0.0944342315196991,0.0643343701958656,0.4535104036331177,0.9734287261962892,0.0219085067510604,0.1674191057682037,0.9743624925613404,0.0291208792477846,0.0579250678420066,73,76,none,grey,693,158,149,1.980449914932251,0.0005568762426264,0.0004563574620988,0.0002020383544731,30,30,30,0.1551946243338426,0.203495556606522,64,4,16,254.6,0.0204163398593664,0.0790812820196151,실측,13091.021056
medium_2mm_r1,1280,720,cycle,0,0.0240192413330078,0.0256549455225467,0.0736214518547058,0.0903990492224693,0.0902300700545311,0.103188619017601,0.073618046939373,0.1039991453289985,0.0770045071840286,0.4535104036331177,0.9691575169563292,0.0308447517454624,0.1674191057682037,0.9539816975593568,0.0472501590847969,0.0691979527473449,73,76,none,grey,693,158,149,1.980449914932251,0.0006628034752793,0.0006370819173753,0.0001670444762567,30,30,28,0.14394934610887,0.2038519276848322,64,8,8,111.4,0.02483709342777725,0.0902300700545311,실측,5818.2315804444415
medium_2mm_r1,1280,720,cycle,1,0.0217034015804529,0.029830327257514,0.0796281099319458,0.0989612489938736,0.0956574231386184,0.1110348105430603,0.0765956118702888,0.1127869859337806,0.0792040154337883,0.4535104036331177,0.9630383253097534,0.0264249127358198,0.1674191057682037,0.9677422642707824,0.0372021272778511,0.0707958415150642,73,76,none,grey,693,158,149,1.980449914932251,0.0006357302190735,0.0005660387105308,0.0001752683601807,30,30,27,0.1644014407373954,0.2042527021486548,64,8,8,110.3,0.025766864418983453,0.0956574231386184,실측,5818.2315804444415
medium_2mm_r1,1280,720,cycle,2,0.0265527497977018,0.025439029559493,0.0721096321940422,0.0878012627363205,0.0905928239226341,0.1036943271756172,0.0681949704885482,0.1105566397309303,0.0714170634746551,0.4535104036331177,0.9709047079086304,0.0332058109343051,0.1674191057682037,0.9409247040748596,0.0518899224698543,0.0655534863471984,73,76,none,grey,693,158,149,1.980449914932251,0.0006130146211944,0.0005638080765493,0.0001857949391705,30,30,27,0.1467369864513347,0.2060232283193853,64,8,8,110.4,0.0259958896785974,0.0905928239226341,실측,5818.2315804444415
medium_2mm_r1,854,480,cycle,0,0.0282754730433225,0.0261798538267612,0.0834680050611496,0.1061058789491653,0.1003307327628135,0.1182959079742431,0.0814439207315445,0.1277217268943786,0.0740209743380546,0.4535104036331177,0.9575086832046508,0.0325360484421253,0.1674191057682037,0.9548729062080384,0.0449286140501499,0.0656705722212791,73,76,none,grey,693,158,149,1.980449914932251,0.0007383442716673,0.0007013352587819,0.0001719983847578,30,30,25,0.1859564813872608,0.2094199521632134,64,16,4,52.0,0.02722766343504185,0.1003307327628135,실측,2589.922719313611
medium_2mm_r1,854,480,cycle,1,0.0230020862072706,0.0346745923161506,0.0811026245355606,0.0992959961295127,0.1016715168952941,0.1150235831737518,0.0810819119215011,0.1101874262094497,0.09349175542593,0.4535104036331177,0.9627878665924072,0.0357427783310413,0.1674191057682037,0.9391584992408752,0.0503021441400051,0.0847126767039299,73,76,none,grey,693,158,149,1.980449914932251,0.0009194720769301,0.0006252153543755,0.0001848753745434,30,30,30,0.1575840629024423,0.2160888638677476,64,16,4,50.9,0.028838339261710602,0.1016715168952941,실측,2589.922719313611
medium_2mm_r1,854,480,cycle,2,0.0251787062734365,0.0274249464273452,0.0871570482850074,0.10785523802042,0.1045013293623924,0.1201877668499946,0.0884538665413856,0.1212261393666267,0.0884367004036903,0.4535104036331177,0.956096053123474,0.0321663804352283,0.1674191057682037,0.9505193829536438,0.0493858158588409,0.0816944763064384,73,76,none,grey,693,158,149,1.980449914932251,0.0008245355566032,0.0006329662282951,0.0001916997571242,30,30,30,0.1808352807555535,0.2228026706961136,64,16,4,50.9,0.02630182635039085,0.1045013293623924,실측,2589.922719313611
medium_2mm_r1,640,360,cycle,0,0.0242195036262273,0.0281028840690851,0.0686529427766799,0.0849299356341362,0.0869961678981781,0.0993884280323982,0.0661560520529747,0.1082908436655998,0.0665420666337013,0.4535104036331177,0.9727765917778016,0.0324095375835895,0.1674191057682037,0.9550637602806092,0.0426562614738941,0.0564705207943916,73,76,none,grey,693,158,149,1.980449914932251,0.0007847583619877,0.0006101329345256,0.0001737037673592,30,30,27,0.1672833000254665,0.2147269460219371,64,32,2,29.1,0.0261611938476562,0.0869961678981781,실측,1454.5578951111104
medium_2mm_r1,640,360,cycle,1,0.0505124442279338,0.0275470111519098,0.0738710835576057,0.0920152515172958,0.1048901230096817,0.114825040102005,0.0742347538471221,0.1090413033962249,0.1009027957916259,0.4535104036331177,0.9680448174476624,0.0423361249268054,0.1674191057682037,0.9303251504898072,0.0494144447147846,0.0754035115242004,73,76,none,grey,693,158,149,1.980449914932251,0.0006838678382337,0.0008784178644418,0.0001697344705462,30,30,28,0.1771822061717596,0.2267533314378955,64,32,2,28.5,0.0390297276899218,0.1048901230096817,실측,1454.5578951111104
medium_2mm_r1,640,360,cycle,2,0.028447026386857,0.0273506212979555,0.0675811767578125,0.0842572301626205,0.0871431231498718,0.0977297946810722,0.0671611726284027,0.0982205420732498,0.0765029713511467,0.4535104036331177,0.973206102848053,0.030127951875329,0.1674191057682037,0.9628391861915588,0.0380005426704883,0.0616589076817035,73,76,none,grey,693,158,149,1.980449914932251,0.0007837100420147,0.0008036238141357,0.0001801055477699,30,30,29,0.1706338971208184,0.2198952451536927,64,32,2,28.4,0.027898823842406252,0.0871431231498718,실측,1454.5578951111104
medium_2mm_r1,426,240,cycle,0,0.022202368825674,0.0315610244870185,0.0724444612860679,0.0877964794635772,0.088205836713314,0.1003028228878974,0.0721656456589698,0.1038344129920005,0.0731941610574722,0.4535104036331177,0.9709078669548036,0.0299845952540636,0.1674191057682037,0.9660616517066956,0.0380708053708076,0.0642060115933418,73,76,none,grey,693,158,149,1.980449914932251,0.0006949407397769,0.0013749270001426,0.0001727112103253,30,30,19,0.2149898782264962,0.2206490915032881,64,64,1,14.7,0.02688169665634625,0.088205836713314,실측,644.4515346025
medium_2mm_r1,426,240,cycle,1,0.0356046706438064,0.0255428571254014,0.0726256668567657,0.0922750160098075,0.0929898023605346,0.1066648811101913,0.0709363520145416,0.1073292642831802,0.0792163759469986,0.4535104036331177,0.967864155769348,0.0334344953298568,0.1674191057682037,0.9612901210784912,0.0396876484155654,0.0637997537851333,73,76,none,grey,693,158,149,1.980449914932251,0.0006475897389464,0.0013062887592241,0.0001673993392614,30,30,28,0.1651917735563556,0.2252940980693962,64,64,1,13.2,0.0305737638846039,0.0929898023605346,실측,644.4515346025
medium_2mm_r1,426,240,cycle,2,0.0416141748428344,0.0262021496891975,0.0754558965563774,0.0920355394482612,0.0982657596468925,0.1093806028366088,0.0743170455098152,0.1025567352771759,0.0941441655158996,0.4535104036331177,0.9680307507514954,0.029969772323966,0.1674191057682037,0.962981641292572,0.0397345200181007,0.0776123106479644,73,76,none,grey,693,158,149,1.980449914932251,0.0006405656458809,0.0006697633652947,0.0001822975900722,30,30,29,0.1469200493453385,0.2310818780826617,64,64,1,13.3,0.03390816226601595,0.0982657596468925,실측,644.4515346025
medium_2mm_r1,320,180,cycle,0,0.0298384111374616,0.0498278252780437,0.0804046615958213,0.1046631634235382,0.1106200888752937,0.1239925771951675,0.0814827531576156,0.137995108962059,0.0843256562948226,0.4535104036331177,0.9586563110351562,0.0445036403834819,0.1674191057682037,0.9340775609016418,0.045264046639204,0.0519000031054019,73,76,none,grey,693,158,149,1.980449914932251,0.0007603619014844,0.0005787362460978,0.0001606530277058,30,30,9,0.3180140967320914,0.2282399316377277,64,64,1,8.9,0.03983311820775265,0.1106200888752937,실측,363.6394737777776
medium_2mm_r1,320,180,cycle,1,0.0319277569651603,0.0245877038687467,0.0772973522543907,0.0981738418340683,0.0955833345651626,0.1103046685457229,0.0776973366737365,0.1092602312564849,0.082446314394474,0.4535104036331177,0.9636241793632508,0.0323094055056571,0.1674191057682037,0.9606345891952516,0.0360500887036323,0.0673206448554992,73,76,none,grey,693,158,149,1.980449914932251,0.0008786425460129,0.0006115516880527,0.0001827476517064,30,30,24,0.2184668316641583,0.227130491522294,64,64,1,7.8,0.0282577304169535,0.0955833345651626,실측,363.6394737777776
medium_2mm_r1,320,180,cycle,2,0.036481138318777,0.0296970605850219,0.0743416771292686,0.0919110029935836,0.0967751666903495,0.1092295795679092,0.074926920235157,0.1111926734447479,0.0829267725348472,0.4535104036331177,0.9681172370910645,0.0311598032712936,0.1674191057682037,0.9586085081100464,0.0423942320048809,0.0670510903000831,73,76,none,grey,693,158,149,1.980449914932251,0.0008270377875305,0.0006377933896146,0.0001586686848895,30,30,24,0.1551139612734575,0.2240593644637095,64,64,1,7.8,0.03308909945189945,0.0967751666903495,실측,363.6394737777776
medium_2mm_r1,160,90,cycle,0,0.0176780354231596,0.021009624004364,0.0668197721242904,0.0852169618010521,0.0776670351624488,0.0929645299911499,0.0657745972275734,0.1033427119255065,0.0530048497021198,0.4535104036331177,0.9725922346115112,0.0174599718302488,0.1674191057682037,0.986248016357422,0.0239714235067367,0.0470722913742065,73,76,none,grey,693,158,149,1.980449914932251,0.0006042426102794,0.0003850024950224,0.0002229132660431,30,30,30,0.2016883288627063,0.1829198976106281,64,64,1,3.7,0.0193438297137618,0.0776670351624488,실측,90.9098684444444
medium_2mm_r1,160,90,cycle,1,0.0193583350628614,0.0230743251740932,0.0652874112129211,0.0840813443064689,0.0791634395718574,0.0931802242994308,0.0644793435931205,0.0769107937812805,0.0813271775841713,0.4535104036331177,0.9733178615570068,0.0236313957720994,0.1674191057682037,0.9772390127182008,0.0294640660285949,0.0750708580017089,73,76,none,grey,693,158,149,1.980449914932251,0.0007492432487197,0.0004897543112747,0.0002355883771087,30,30,21,0.2539914504102126,0.2157366185248652,64,64,1,2.8,0.021216330118477303,0.0791634395718574,실측,90.9098684444444
medium_2mm_r1,160,90,cycle,2,0.0195155199617147,0.0326925329864025,0.0829330682754516,0.106309674680233,0.0975013971328735,0.1163248866796493,0.0816371813416481,0.1297314316034317,0.0665436163544654,0.4535104036331177,0.9573453068733216,0.0271649081259965,0.1674191057682037,0.9706397652626038,0.03200389072299,0.055983655154705,73,76,none,grey,693,158,149,1.980449914932251,0.0005364153767004,0.000673062284477,0.0001942992093972,30,30,20,0.244366173792367,0.2177187128912044,64,64,1,2.8,0.0261040264740586,0.0975013971328735,실측,90.9098684444444
medium_2mm_r1,80,45,cycle,0,0.0240595024079084,0.0245923493057489,0.0598721206188201,0.0768703669309616,0.07761762291193,0.0883661061525344,0.0585772991180419,0.0741907581686973,0.080909214913845,0.4535104036331177,0.9776982069015504,0.027171628549695,0.1674191057682037,0.9727240800857544,0.0293202996253967,0.0697973743081092,73,76,none,grey,693,158,149,1.980449914932251,0.0007677297107875,0.0005936949746683,0.0001843630598159,30,30,25,0.2327386008368598,0.1928110635733302,64,64,1,2.9,0.02432592585682865,0.07761762291193,실측,22.7274671111111
medium_2mm_r1,80,45,cycle,1,0.0189094133675098,0.0308858212083578,0.0852150470018386,0.1028391271829605,0.1031847074627876,0.1182034462690353,0.0840205922722816,0.1046706885099411,0.1017573773860931,0.4535104036331177,0.9600847959518432,0.0226225983351469,0.1674191057682037,0.9735191464424132,0.0339139774441719,0.0985307320952415,73,76,none,grey,693,158,149,1.980449914932251,0.0006645787507295,0.0004447202081792,0.0002335183671675,30,30,30,0.2130656455674384,0.2195311196242706,64,64,1,1.9,0.0248976172879338,0.1031847074627876,실측,22.7274671111111
medium_2mm_r1,80,45,cycle,2,0.0216853693127632,0.0288822408765554,0.0778710916638374,0.0962114706635475,0.0926982089877128,0.1066035032272338,0.0805869251489639,0.0998807847499847,0.0857991650700569,0.4535104036331177,0.9650638699531556,0.0290485490113496,0.1674191057682037,0.9666612148284912,0.0355236195027828,0.0747139230370521,73,76,none,grey,693,158,149,1.980449914932251,0.0005326648824848,0.0006829694029875,0.0002106164611177,30,30,26,0.2568841042456689,0.2087155173096475,64,64,1,2.0,0.0252838050946593,0.0926982089877128,실측,22.7274671111111
medium_2mm_r1,48,27,cycle,0,0.0233164392411708,0.0290644373744726,0.1275840401649475,0.1701326668262481,0.1419136822223663,0.1806560754776001,0.124732919037342,0.1651630997657776,0.1195820122957229,0.4535104036331177,0.8907562494277954,0.0308174677193164,0.1674191057682037,0.940372884273529,0.0491602905094623,0.1170486807823181,73,76,none,grey,693,158,149,1.980449914932251,0.0008236721623688,0.000614917546045,0.0002159230789402,30,30,26,0.2551009135500865,0.2320947043503387,64,64,1,2.8,0.026190438307821702,0.1419136822223663,실측,8.18188816
medium_2mm_r1,48,27,cycle,1,0.0331973508000373,0.0277302246540784,0.0831331312656402,0.1002866774797439,0.1033973470330238,0.114870436489582,0.0815845057368278,0.1006525307893753,0.1060338169336319,0.4535104036331177,0.9620416164398192,0.0334005467593669,0.1674191057682037,0.9537606239318848,0.048257365822792,0.097790241241455,73,76,none,grey,693,158,149,1.980449914932251,0.000753782922402,0.0006971879047341,0.0001997126819333,30,30,28,0.2264409925342466,0.2093147627915008,64,64,1,1.8,0.03046378772705785,0.1033973470330238,실측,8.18188816
medium_2mm_r1,48,27,cycle,2,0.025264099240303,0.0274981558322906,0.1130971983075141,0.1615862697362899,0.1264311373233795,0.1723873317241668,0.1135183498263359,0.1490421742200851,0.1047126576304435,0.4535104036331177,0.9014559984207152,0.027306493371725,0.1674191057682037,0.952358067035675,0.0422988757491111,0.1010242626070976,73,76,none,grey,693,158,149,1.980449914932251,0.0008891893667168,0.000830445496831,0.0002006890572374,30,30,30,0.2333085636727909,0.2317210752752762,64,64,1,1.8,0.026381127536296803,0.1264311373233795,실측,8.18188816
medium_2mm_r1,32,18,cycle,0,0.0260244850069284,0.0291028078645467,0.068070575594902,0.0848309025168418,0.0875798016786575,0.0992238149046897,0.0668473169207573,0.0954311043024063,0.0800384059548378,0.4535104036331177,0.9728400111198424,0.0287061855196952,0.1674191057682037,0.9655529856681824,0.0348951779305934,0.0678111463785171,73,76,none,grey,693,158,149,1.980449914932251,0.0007309383363462,0.0006603958900086,0.0002155347465304,30,30,30,0.2359029486409857,0.2168949103053612,64,64,1,3.2,0.027563646435737547,0.0875798016786575,실측,3.636394737777778
medium_2mm_r1,32,18,cycle,1,0.0267298053950071,0.0272584352642297,0.0651292577385902,0.0821139141917228,0.0865195468068122,0.0979870036244392,0.0682954564690589,0.0908476486802101,0.0823622941970825,0.4535104036331177,0.9745519161224364,0.0302832424640655,0.1674191057682037,0.9570301175117492,0.0394367650151252,0.0719742551445961,73,76,none,grey,693,158,149,1.980449914932251,0.0007436488522216,0.0005750357522629,0.0002159908763132,30,30,30,0.2818381404463863,0.2195038614393789,64,64,1,2.1,0.0269941203296184,0.0865195468068122,실측,3.636394737777778
medium_2mm_r1,32,18,cycle,2,0.0467489212751388,0.0679412856698036,0.1384476721286773,0.270144909620285,0.1774336844682693,0.3108670711517334,0.1493022590875625,0.2551535665988922,0.1027816832065582,0.4535104036331177,0.7245677709579468,0.0698080509901046,0.1674191057682037,0.5693151950836182,0.1141315624117851,0.0868509486317634,73,76,none,grey,693,158,149,1.980449914932251,0.0010405200300738,0.0011066438164561,0.0002058258978649,30,30,26,0.3056212971564839,0.309379535385325,64,64,1,2.1,0.0573451034724712,0.1774336844682693,실측,3.636394737777778
medium_2mm_r1,16,9,cycle,0,0.0291906017810106,0.0327213034033775,0.1007702946662902,0.1278994381427765,0.1200826242566108,0.1414459645748138,0.0994474068284034,0.139404758810997,0.1015231981873512,0.4535104036331177,0.9382611513137816,0.0359439179301261,0.1674191057682037,0.9406589865684508,0.052656453102827,0.093376412987709,73,76,none,grey,693,158,149,1.980449914932251,0.0007356806891039,0.0007259506965056,0.0002047793532256,30,30,29,0.2733677799395496,0.2472309341913537,64,64,1,3.7,0.03095595259219405,0.1200826242566108,실측,0.9090986844444445
medium_2mm_r1,16,9,cycle,1,0.0735279247164726,0.074088454246521,0.1738588362932205,0.2283988893032074,0.2258362770080566,0.2825530171394348,0.1795362830162048,0.3117025792598724,0.1433594226837158,0.4535104036331177,0.803116500377655,0.0907199084758758,0.1674191057682037,0.4833859801292419,0.1560422629117965,0.1304882913827896,73,76,none,grey,693,158,149,1.980449914932251,0.0014571116771548,0.002077521989122,0.0002053184871328,30,30,7,0.5185558709919367,0.3832107254221469,64,64,1,2.1,0.0738081894814968,0.2258362770080566,실측,0.9090986844444445
medium_2mm_r1,16,9,cycle,2,0.0283905286341905,0.0320848375558853,0.0958995148539543,0.1234178245067596,0.1162865161895752,0.1366020441055297,0.0954974964261055,0.1114815846085548,0.1209017634391784,0.4535104036331177,0.942512035369873,0.0309659428894519,0.1674191057682037,0.957938015460968,0.0406867824494838,0.1122050434350967,73,76,none,grey,693,158,149,1.980449914932251,0.0009038388379849,0.0008630401571281,0.0001964320981642,30,30,30,0.2698909902641439,0.2507548754728293,64,64,1,2.2,0.030237683095037902,0.1162865161895752,실측,0.9090986844444445
medium_2mm_r1,8,5,cycle,0,0.0576117150485515,0.0769617035984993,0.1515964120626449,0.1950790286064148,0.2021493911743164,0.2393203526735305,0.1546768844127655,0.2541342973709106,0.1522164791822433,0.4535104036331177,0.8563708662986755,0.0760816782712936,0.1674191057682037,0.6667595505714417,0.1218697801232338,0.1319715231657028,73,76,none,grey,693,158,149,1.980449914932251,0.0014949522446841,0.0013957454357296,0.0001833020214689,30,30,30,0.3093775629481196,0.3304490801654284,64,64,1,3.7,0.0672867093235254,0.2021493911743164,실측,0.22727467111111113
medium_2mm_r1,8,5,cycle,1,0.0820419490337371,0.06271443516016,0.1377382427453994,0.1729373633861541,0.1990148425102234,0.231960728764534,0.1363780200481414,0.2581449151039123,0.1422188878059387,0.4535104036331177,0.8871246576309204,0.082429863512516,0.1674191057682037,0.5882759094238281,0.1390461027622223,0.1238412111997604,73,76,none,grey,693,158,149,1.980449914932251,0.0014094666112214,0.0018796300282701,0.0001937699562404,30,30,30,0.3547484905688793,0.321750387360778,64,64,1,2.2,0.07237819209694854,0.1990148425102234,실측,0.22727467111111113
medium_2mm_r1,8,5,cycle,2,0.0586471818387508,0.04799759760499,0.1254791319370269,0.1547199487686157,0.1640829294919967,0.1928664892911911,0.1235351040959358,0.2129497230052948,0.1171450987458229,0.4535104036331177,0.9096529483795166,0.0616638213396072,0.1674191057682037,0.7812092304229736,0.1045382544398307,0.1079439520835876,73,76,none,grey,693,158,149,1.980449914932251,0.0012118555605411,0.0016081513604149,0.0001940398942679,30,30,28,0.301840522072532,0.2781199382830269,64,64,1,2.1,0.053322389721870395,0.1640829294919967,실측,0.22727467111111113
medium_3mm_r1,1920,1080,cycle,0,0.0140734398737549,0.0203812643885612,0.0809750333428382,0.100340187549591,0.0901053100824356,0.105743795633316,0.0798103213310241,0.0839223265647888,0.0949331223964691,0.4195187985897064,0.959217369556427,0.0199583172798156,0.1249407827854156,0.9715049862861632,0.0266622453927993,0.0907404050230979,57,73,none,grey,725,145,130,1.8863900899887085,0.0005454857600852,0.000304810993839,0.0002578585699666,30,30,29,0.1093919690107477,0.1930632780338156,64,4,16,263.9,0.01722735213115805,0.0901053100824356,실측,10163.059344
medium_3mm_r1,1920,1080,cycle,1,0.0137096168473362,0.0183196626603603,0.0843479186296463,0.1053283363580703,0.0923049598932266,0.1095475032925605,0.0819899514317512,0.1049604639410972,0.0824232697486877,0.4195187985897064,0.9550617933273317,0.018529986962676,0.1249407827854156,0.97719544172287,0.0200693476945161,0.0757128074765205,57,73,none,grey,725,145,130,1.8863900899887085,0.000474783941172,0.0003412052756175,0.000219436828047,30,30,25,0.137441695702487,0.1952253800013969,64,4,16,263.7,0.016014639753848252,0.0923049598932266,실측,10163.059344
medium_3mm_r1,1920,1080,cycle,2,0.0147646451368927,0.0183876398950815,0.0686863288283348,0.0867377594113349,0.0772286802530288,0.0925713181495666,0.0672301277518272,0.0807793214917182,0.0744562596082687,0.4195187985897064,0.969525158405304,0.0181721746921539,0.1249407827854156,0.9732792973518372,0.0239115953445434,0.0695902928709983,57,73,none,grey,725,145,130,1.8863900899887085,0.0004233132640365,0.0003402566653676,0.0002416772622382,30,30,30,0.1148137403151084,0.1805736755502635,64,4,16,264.9,0.0165761425159871,0.0772286802530288,실측,10163.059344
medium_3mm_r1,1280,720,cycle,0,0.017208095639944,0.0269551649689674,0.095504991710186,0.1186870262026786,0.1067336499691009,0.1253165453672409,0.0950360670685768,0.1288385242223739,0.0894736871123313,0.4195187985897064,0.9429399967193604,0.0252331029623746,0.1249407827854156,0.9558218717575072,0.0297759547829628,0.0789126753807067,57,73,none,grey,725,145,130,1.8863900899887085,0.0005171939847059,0.0004205091681797,0.0002132433437509,30,30,29,0.1290848897654434,0.2024211556747042,64,8,8,115.4,0.0220816303044557,0.1067336499691009,실측,4516.915264
medium_3mm_r1,1280,720,cycle,1,0.0135984867811203,0.0202739033848047,0.0747805014252662,0.0936468541622161,0.0837285295128822,0.0990833416581153,0.0736938193440437,0.0884782671928405,0.0800198167562484,0.4195187985897064,0.9644768238067628,0.0194612946361303,0.1249407827854156,0.9754337072372437,0.0212208218872547,0.0731611102819442,57,73,none,grey,725,145,130,1.8863900899887085,0.0004309966752771,0.0003181062929797,0.0002331164432689,30,30,30,0.1097532736021896,0.1941018918464923,64,8,8,115.3,0.0169361950829625,0.0837285295128822,실측,4516.915264
medium_3mm_r1,1280,720,cycle,2,0.0152946542948484,0.0180644262582063,0.0651608407497406,0.0836135447025299,0.0743216276168823,0.089169718325138,0.0647808089852333,0.0837969556450843,0.066923089325428,0.4195187985897064,0.9716809391975404,0.0184902250766754,0.1249407827854156,0.9761637449264526,0.0218137465417385,0.0599124282598495,57,73,none,grey,725,145,130,1.8863900899887085,0.0005292043206281,0.0003265527775511,0.0002445363497827,30,30,30,0.1167042645092668,0.1854475459148143,64,8,8,114.8,0.01667954027652735,0.0743216276168823,실측,4516.915264
medium_3mm_r1,854,480,cycle,0,0.0174905322492122,0.0232543647289276,0.1038015857338905,0.128064826130867,0.1132581308484077,0.1334434747695922,0.1022918000817298,0.125430092215538,0.1037539988756179,0.4195187985897064,0.9335668087005616,0.0219284687191247,0.1249407827854156,0.967664122581482,0.0243801530450582,0.0966980680823326,57,73,none,grey,725,145,130,1.8863900899887085,0.0004811342514585,0.0004109398287255,0.0002483733987901,30,30,30,0.117938894732245,0.2070658708440846,64,16,4,54.2,0.020372448489069897,0.1132581308484077,실측,2010.6558671139067
medium_3mm_r1,854,480,cycle,1,0.0138100162148475,0.0250436794012784,0.0624001137912273,0.0800284147262573,0.0751470774412155,0.0879861116409301,0.0616053938865661,0.0724477171897888,0.0772548019886016,0.4195187985897064,0.9740573763847352,0.0221203137189149,0.1249407827854156,0.9655369520187378,0.024113243445754,0.0662629678845405,57,73,none,grey,725,145,130,1.8863900899887085,0.0005551408394239,0.0003884770849253,0.0002333835873287,30,30,30,0.1263516570781839,0.1904178146658272,64,16,4,52.7,0.01942684780806295,0.0751470774412155,실측,2010.6558671139067
medium_3mm_r1,854,480,cycle,2,0.0203782226890325,0.0304516907781362,0.0682348683476448,0.0841923356056213,0.0845587626099586,0.0952667891979217,0.0674363672733306,0.0968464836478233,0.074964240193367,0.4195187985897064,0.9712875485420228,0.0203239955008029,0.1249407827854156,0.9652039408683776,0.031760536134243,0.0610867738723754,57,73,none,grey,725,145,130,1.8863900899887085,0.0005433363257907,0.0003506125649437,0.0002581184962764,30,30,30,0.1364820904567323,0.2135689077706172,64,16,4,52.9,0.02541495673358435,0.0845587626099586,실측,2010.6558671139067
medium_3mm_r1,640,360,cycle,0,0.0251628253608942,0.036182589828968,0.0723834857344627,0.0874228402972221,0.0930629149079322,0.102531611919403,0.0702108293771743,0.1004721522331237,0.0872776359319686,0.4195187985897064,0.9690418243408204,0.0350196436047554,0.1249407827854156,0.9290640950202942,0.042162362486124,0.0756265744566917,57,73,none,grey,725,145,130,1.8863900899887085,0.0005362086230888,0.000432413566159,0.0002542738511692,30,30,30,0.1544052482473439,0.2119376018129546,64,32,2,30.3,0.030672707594931098,0.0930629149079322,실측,1129.228816
medium_3mm_r1,640,360,cycle,1,0.0175724271684885,0.0215385723859071,0.0749630630016326,0.0912642553448677,0.0857828855514526,0.0987616702914238,0.0727308988571167,0.0905338004231453,0.082073263823986,0.4195187985897064,0.966261386871338,0.0213027093559503,0.1249407827854156,0.9667645692825316,0.0290007963776588,0.0751744583249092,57,73,none,grey,725,145,130,1.8863900899887085,0.0005441656103357,0.0004867799580097,0.0002289890981046,30,30,27,0.1628593931526973,0.1986602717432482,64,32,2,29.6,0.0195554997771978,0.0857828855514526,실측,1129.228816
medium_3mm_r1,640,360,cycle,2,0.0155334090813994,0.0215215738862752,0.0888683870434761,0.106431171298027,0.0974137932062149,0.1124003678560257,0.0862615704536438,0.0954333841800689,0.0989601537585258,0.4195187985897064,0.9541158080101012,0.0199326705187559,0.1249407827854156,0.9689620733261108,0.0286264177411794,0.0945738106966018,57,73,none,grey,725,145,130,1.8863900899887085,0.0008105845190584,0.0004890077980235,0.0002679601311683,30,30,27,0.1389885807037353,0.2081443227570632,64,32,2,29.6,0.0185274914838373,0.0974137932062149,실측,1129.228816
medium_3mm_r1,426,240,cycle,0,0.0147785637527704,0.0179392267018556,0.079621598124504,0.0999123901128768,0.0885350853204727,0.1044864282011985,0.0792988091707229,0.0857943221926689,0.0906751304864883,0.4195187985897064,0.9595643877983092,0.0187167506664991,0.1249407827854156,0.9763112664222716,0.0232330802828073,0.0843124389648437,57,73,none,grey,725,145,130,1.8863900899887085,0.0005676770815625,0.0003605747770052,0.0002790164144244,30,30,30,0.1319074989187306,0.2044119703358617,64,64,1,15.3,0.016358895227313,0.0885350853204727,실측,500.31232571390615
medium_3mm_r1,426,240,cycle,1,0.0230462327599525,0.0204567350447177,0.0776653364300727,0.0982797294855117,0.0904372483491897,0.105416789650917,0.0777875334024429,0.0870832949876785,0.0930560752749443,0.4195187985897064,0.9608750939369202,0.0237820595502853,0.1249407827854156,0.9631951451301576,0.0222786422818899,0.0822022259235382,57,73,none,grey,725,145,130,1.8863900899887085,0.0005669927340932,0.0005889335297979,0.0002662858460098,30,30,29,0.133898911969415,0.2130872134504647,64,64,1,13.7,0.021751483902335098,0.0904372483491897,실측,500.31232571390615
medium_3mm_r1,426,240,cycle,2,0.0151553470641374,0.017492426559329,0.0645944029092788,0.0800534412264823,0.0736509189009666,0.0857793539762497,0.0639980435371398,0.0723956078290939,0.0746310874819755,0.4195187985897064,0.9740411639213562,0.0175307411700487,0.1249407827854156,0.9787932634353638,0.0220615025609731,0.0690550804138183,57,73,none,grey,725,145,130,1.8863900899887085,0.0010084290988743,0.0003578372416086,0.0002138409909093,30,30,29,0.1660039303220551,0.2032703399658203,64,64,1,13.8,0.0163238868117332,0.0736509189009666,실측,500.31232571390615
medium_3mm_r1,320,180,cycle,0,0.0135778551921248,0.0219174604862928,0.06925730407238,0.0846103206276893,0.0790877863764762,0.0908486172556877,0.0675520822405815,0.0728586316108703,0.0839516520500183,0.4195187985897064,0.9710017442703248,0.0207186881452798,0.1249407827854156,0.9725605845451356,0.0239018853753805,0.0772276073694229,57,73,none,grey,725,145,130,1.8863900899887085,0.0006639242637902,0.0006315821665339,0.0002402398677077,30,30,27,0.1423037357988028,0.207909815886925,64,64,1,9.4,0.0177476578392088,0.0790877863764762,실측,282.307204
medium_3mm_r1,320,180,cycle,1,0.0125020602717995,0.0234426353126764,0.0795502513647079,0.0984818413853645,0.0889961123466491,0.1048226952552795,0.0789222493767738,0.1041770502924919,0.0771424993872642,0.4195187985897064,0.9607139825820924,0.01851512119174,0.1249407827854156,0.9721420407295228,0.0275993347167968,0.0723772346973419,57,73,none,grey,725,145,130,1.8863900899887085,0.0006209248676896,0.0003147280367556,0.0002734329900704,30,30,27,0.1314316368103027,0.1995294669578815,64,64,1,8.1,0.01797234779223795,0.0889961123466491,실측,282.307204
medium_3mm_r1,320,180,cycle,2,0.014173237606883,0.0312425531446933,0.0721011310815811,0.0900215879082679,0.0864069834351539,0.0991545915603637,0.0710658878087997,0.0799661129713058,0.0914361625909805,0.4195187985897064,0.9671739339828492,0.0282821953296661,0.1249407827854156,0.9517256617546082,0.024580679833889,0.0768693313002586,57,73,none,grey,725,145,130,1.8863900899887085,0.0009541625040583,0.0003388508339412,0.0002324819943169,30,30,27,0.1105248859010893,0.2144278871602025,64,64,1,8.1,0.02270789537578815,0.0864069834351539,실측,282.307204
medium_3mm_r1,160,90,cycle,0,0.0130018293857574,0.0341349616646766,0.0708049982786178,0.0912822037935257,0.0880720764398574,0.1019994691014289,0.0699419602751731,0.0819154605269432,0.0928793027997016,0.4195187985897064,0.9662481546401978,0.0201388821005821,0.1249407827854156,0.9655014276504515,0.0294243283569812,0.0843172222375869,57,73,none,grey,725,145,130,1.8863900899887085,0.0005339211202226,0.000326020293869,0.0002645424683578,30,30,30,0.1654575104549013,0.2108403534724794,64,64,1,3.9,0.023568395525216997,0.0880720764398574,실측,70.576801
medium_3mm_r1,160,90,cycle,1,0.0174387320876121,0.0232656188309192,0.0664405971765518,0.0830624401569366,0.077616237103939,0.0903290957212448,0.0667950809001922,0.074032999575138,0.0804141089320182,0.4195187985897064,0.972053050994873,0.0244516562670469,0.1249407827854156,0.9631195068359376,0.0212309118360281,0.0699896514415741,57,73,none,grey,725,145,130,1.8863900899887085,0.0008459416567347,0.0004148088046349,0.0002331204304937,30,30,28,0.1818951633058745,0.21647996409186,64,64,1,2.9,0.02035217545926565,0.077616237103939,실측,70.576801
medium_3mm_r1,160,90,cycle,2,0.0164052527397871,0.0389172323048114,0.0647938475012779,0.0807316303253173,0.0843106284737587,0.0953129604458808,0.0663022771477699,0.0888663902878761,0.0807533785700798,0.4195187985897064,0.9735994338989258,0.0244403760880231,0.1249407827854156,0.9515409469604492,0.0350453108549118,0.0687549114227294,57,73,none,grey,725,145,130,1.8863900899887085,0.0006841254653409,0.0003305815916974,0.0002645887434482,30,30,29,0.1570238119980384,0.2338309912846006,64,64,1,3.0,0.027661242522299248,0.0843106284737587,실측,70.576801
medium_3mm_r1,80,45,cycle,0,0.0122868968173861,0.0180323999375104,0.0610971450805664,0.0786369740962982,0.0699104964733123,0.0844358205795288,0.0611342042684555,0.0702567100524902,0.0696401745080947,0.4195187985897064,0.9749516248703004,0.0169785246253013,0.1249407827854156,0.977622926235199,0.0231315456330776,0.0655309036374092,57,73,none,grey,725,145,130,1.8863900899887085,0.0005860917153768,0.0003950048412661,0.0003124620125163,30,30,30,0.1986969592653472,0.1984400749206543,64,64,1,3.1,0.015159648377448251,0.0699104964733123,실측,17.64420025
medium_3mm_r1,80,45,cycle,1,0.0145007539540529,0.0206567030400037,0.0635276436805725,0.0769989490509033,0.0726658850908279,0.0840731859207153,0.0630378872156143,0.0720231309533119,0.0731677636504173,0.4195187985897064,0.9759843349456788,0.0204735919833183,0.1249407827854156,0.9703076481819152,0.0236619133502244,0.0680319964885711,57,73,none,grey,725,145,130,1.8863900899887085,0.0004602463159244,0.000279583473457,0.0002838696236722,30,30,30,0.167256269454956,0.1891351502517174,64,64,1,2.1,0.017578728497028302,0.0726658850908279,실측,17.64420025
medium_3mm_r1,80,45,cycle,2,0.0216071363538503,0.0219926051795482,0.060976255685091,0.078862078487873,0.0767611488699913,0.0945834293961525,0.0605188570916652,0.0865562185645103,0.0691129490733146,0.4195187985897064,0.9748080372810364,0.0241452753543853,0.1249407827854156,0.9211907386779784,0.0399173274636268,0.0650419816374778,57,73,none,grey,725,145,130,1.8863900899887085,0.0005461146938614,0.0004933301825076,0.0002806781267281,30,30,26,0.2032195347753064,0.1966248249185496,64,64,1,2.1,0.02179987076669925,0.0767611488699913,실측,17.64420025
medium_3mm_r1,48,27,cycle,0,0.0212423931807279,0.022153029218316,0.0747129917144775,0.118198350071907,0.0880345180630683,0.1273496001958847,0.0720891058444976,0.1079374551773071,0.0724938735365867,0.4195187985897064,0.9434089064598083,0.0220005866140127,0.1249407827854156,0.96061509847641,0.0338217541575431,0.068178191781044,57,73,none,grey,725,145,130,1.8863900899887085,0.0005208121147006,0.0004724015307147,0.0002991239889524,30,30,30,0.2355783587488635,0.201897696791024,64,64,1,2.9,0.02169771119952195,0.0880345180630683,실측,6.351912089999999
medium_3mm_r1,48,27,cycle,1,0.0154335666447877,0.0237267259508371,0.0573446154594421,0.0758229419589042,0.0704220086336135,0.0839330106973648,0.0568434745073318,0.0675506740808487,0.0726640075445175,0.4195187985897064,0.9767122864723206,0.01807451993227,0.1249407827854156,0.9755936861038208,0.0262517184019088,0.065390944480896,57,73,none,grey,725,145,130,1.8863900899887085,0.000563800742384,0.0003341567353345,0.0002977909753099,30,30,30,0.1947059973354997,0.1966776124362287,64,64,1,2.0,0.0195801462978124,0.0704220086336135,실측,6.351912089999999
medium_3mm_r1,48,27,cycle,2,0.0169457476586103,0.0276307333260774,0.0731067880988121,0.0925872921943664,0.0873097777366638,0.1042141616344451,0.070651039481163,0.0920616090297699,0.0835994333028793,0.4195187985897064,0.9652761220932008,0.0230879560112953,0.1249407827854156,0.9495287537574768,0.0368537753820419,0.0797751620411872,57,73,none,grey,725,145,130,1.8863900899887085,0.000767369987443,0.0004454501031432,0.0002508535690139,30,30,27,0.1962832641601562,0.2277450528638116,64,64,1,1.9,0.022288240492343847,0.0873097777366638,실측,6.351912089999999
medium_3mm_r1,32,18,cycle,0,0.02658755145967,0.0430497899651527,0.0597349926829338,0.0744791328907013,0.087979182600975,0.096709094941616,0.0620323196053504,0.0869469046592712,0.0887852013111114,0.4195187985897064,0.9775304198265076,0.0463394671678543,0.1249407827854156,0.8739303350448608,0.0431499816477298,0.0638951212167739,57,73,none,grey,725,145,130,1.8863900899887085,0.0006227016565389,0.0006393262301571,0.0002860186505131,30,30,30,0.2378062741509799,0.2257780897206273,64,64,1,3.3,0.03481867071241135,0.087979182600975,실측,2.8230720399999996
medium_3mm_r1,32,18,cycle,1,0.0257711187005043,0.025625804439187,0.0660432502627372,0.0843528732657432,0.0829523801803588,0.1035582944750785,0.0614206902682781,0.0963454768061637,0.0724947601556778,0.4195187985897064,0.9711779356002808,0.0304994620382785,0.1249407827854156,0.8916662335395813,0.0481858924031257,0.0669466257095336,57,73,none,grey,725,145,130,1.8863900899887085,0.0006681726081296,0.0006264176918193,0.000281354994513,30,30,27,0.2658443740318561,0.2226370416838547,64,64,1,2.3,0.02569846156984565,0.0829523801803588,실측,2.8230720399999996
medium_3mm_r1,32,18,cycle,2,0.0331934615969657,0.0307939015328884,0.0744324475526809,0.0915093347430229,0.0965290367603302,0.1077481210231781,0.0752989202737808,0.1018554344773292,0.0923700630664825,0.4195187985897064,0.9660799503326416,0.0402973778545856,0.1249407827854156,0.8980042338371277,0.0393805205821991,0.0737473368644714,57,73,none,grey,725,145,130,1.8863900899887085,0.0007683832664042,0.0005451510078273,0.0002927755995187,30,30,30,0.2938813781738281,0.2314462497316557,64,64,1,2.3,0.031993681564927046,0.0965290367603302,실측,2.8230720399999996
medium_3mm_r1,16,9,cycle,0,0.0286457948386669,0.0500209964811801,0.0916342586278915,0.1172563731670379,0.1211375668644905,0.1383139491081237,0.0911168009042739,0.1157812252640724,0.1253199279308319,0.4195187985897064,0.944307267665863,0.0442347079515457,0.1249407827854156,0.873692512512207,0.0462834388017654,0.1096186190843582,57,73,none,grey,725,145,130,1.8863900899887085,0.000732819258701,0.0007590277236886,0.0002581904118414,30,30,27,0.2901747407584354,0.2611313622573326,64,64,1,3.8,0.0393333956599235,0.1211375668644905,실측,0.7057680099999999
medium_3mm_r1,16,9,cycle,1,0.0211021322757005,0.0274926535785198,0.0804998874664306,0.1039283126592636,0.0973086282610893,0.1168223842978477,0.081130176782608,0.0974363461136818,0.0972089022397995,0.4195187985897064,0.9562484622001648,0.0292486269026994,0.1249407827854156,0.9248173832893372,0.0474439151585102,0.0927344933152198,57,73,none,grey,725,145,130,1.8863900899887085,0.0006985779618844,0.000564542482607,0.0002787338162306,30,30,30,0.2832159581677667,0.2265141388465618,64,64,1,2.3,0.02429739292711015,0.0973086282610893,실측,0.7057680099999999
medium_3mm_r1,16,9,cycle,2,0.0212848410010337,0.0417510792613029,0.0863521248102188,0.1101821660995483,0.1102086156606674,0.1276799142360687,0.08742356300354,0.1124608144164085,0.1084500476717948,0.4195187985897064,0.9508245587348938,0.0377807319164276,0.1249407827854156,0.8920340538024902,0.0553799383342266,0.0996710285544395,57,73,none,grey,725,145,130,1.8863900899887085,0.0006931365351192,0.0005174739053472,0.0002573739911895,30,30,30,0.2688250232564992,0.24932426584178,64,64,1,2.3,0.031517960131168296,0.1102086156606674,실측,0.7057680099999999
medium_3mm_r1,8,5,cycle,0,0.0297425501048564,0.0374790057539939,0.1345743238925933,0.1784890741109848,0.1571816056966781,0.1933124512434005,0.1305844187736511,0.1340228766202926,0.1752644181251526,0.4195187985897064,0.8709527254104614,0.0413860343396663,0.1249407827854156,0.8429425358772278,0.0664742514491081,0.1716956794261932,57,73,none,grey,725,145,130,1.8863900899887085,0.0009393517975695,0.0007495243917219,0.0002346627734368,30,30,30,0.2869776732346107,0.2898780822753906,64,64,1,3.9,0.03361077792942515,0.1571816056966781,실측,0.17644200249999997
medium_3mm_r1,8,5,cycle,1,0.0675111711025238,0.0615608878433704,0.1927494406700134,0.2506314516067505,0.2410095483064651,0.2835401892662048,0.1938176155090332,0.2206142693758011,0.256934642791748,0.4195187985897064,0.7455534338951111,0.0651683211326599,0.1249407827854156,0.6325679421424866,0.1047055572271347,0.2452511936426162,57,73,none,grey,725,145,130,1.8863900899887085,0.0013881098711863,0.0016712808283045,0.0002272857673233,30,30,26,0.4241337743298761,0.374729873394144,64,64,1,2.2,0.0645360294729471,0.2410095483064651,실측,0.17644200249999997
medium_3mm_r1,8,5,cycle,2,0.0428506582975387,0.0448265857994556,0.1163517385721206,0.1542255878448486,0.1560437977313995,0.1832905411720276,0.1157878786325454,0.1697675585746765,0.1453279703855514,0.4195187985897064,0.9036529660224916,0.0595149919390678,0.1249407827854156,0.6716274619102478,0.1093753576278686,0.1390209197998047,57,73,none,grey,725,145,130,1.8863900899887085,0.0010798126459121,0.0010926033137366,0.0002450947940815,30,30,22,0.3257329164702316,0.2962985268954573,64,64,1,2.3,0.04383862204849715,0.1560437977313995,실측,0.17644200249999997
soft_1mm_r1,1920,1080,cycle,0,0.0214003585278987,0.0333779044449329,0.1170134544372558,0.1530896723270416,0.1325048059225082,0.1631927192211151,0.1153934672474861,0.1451343744993209,0.1156653687357902,0.5193020701408386,0.9407526850700378,0.031208137050271,0.1857951134443283,0.9537535309791564,0.0417740866541862,0.1101241707801818,100,75,none,grey,674,151,175,2.8559999465942383,0.000911642157007,0.0004941512597724,0.0002002138789976,30,30,30,0.1279499656589873,0.237072282279564,64,4,16,246.9,0.0273891314864158,0.1325048059225082,실측,15576.038416000001
soft_1mm_r1,1920,1080,cycle,1,0.0233244374394416,0.0345961526036262,0.124766431748867,0.164633110165596,0.1424456536769867,0.1751130670309066,0.1218803077936172,0.1543269604444503,0.126603901386261,0.5193020701408386,0.9314810037612916,0.0323428474366664,0.1857951134443283,0.9470885992050172,0.0397014580667018,0.1181545779109001,100,75,none,grey,674,151,175,2.8559999465942383,0.0009019102435559,0.000530892284587,0.0002017289225477,30,30,28,0.1285448738039424,0.228902571051326,64,4,16,246.6,0.028960295021533904,0.1424456536769867,실측,15576.038416000001
soft_1mm_r1,1920,1080,cycle,2,0.0260884035378694,0.0308469273149967,0.1292277574539184,0.1689156591892242,0.1433037966489792,0.1774867922067642,0.1283298581838607,0.1384889930486679,0.1497235000133514,0.5193020701408386,0.9278699159622192,0.026772852987051,0.1857951134443283,0.9673007130622864,0.0349495932459831,0.1435343623161316,100,75,none,grey,674,151,175,2.8559999465942383,0.00068781391019,0.0004728861385956,0.0002045880682999,30,30,24,0.1413412353670561,0.2307694360909872,64,4,16,247.1,0.02846766542643305,0.1433037966489792,실측,15576.038416000001
soft_1mm_r1,1280,720,cycle,0,0.0218356382101774,0.0414066463708877,0.1319905370473861,0.1663337796926498,0.1496674716472625,0.1782997250556945,0.1310833096504211,0.1526646763086319,0.1456712335348129,0.5193020701408386,0.9300580620765686,0.0372714586555957,0.1857951134443283,0.941087007522583,0.0414072126150131,0.1349759697914123,100,75,none,grey,674,151,175,2.8559999465942383,0.0009928381768986,0.0005811712471768,0.0002087317843688,30,30,27,0.140808161933981,0.2473128568257717,64,8,8,108.6,0.03162114229053255,0.1496674716472625,실측,6922.683740444443
soft_1mm_r1,1280,720,cycle,1,0.0244780890643596,0.0414384976029396,0.1350251138210296,0.1719571948051452,0.1527837961912155,0.1840733587741851,0.1344513744115829,0.1679666936397552,0.1325399577617645,0.5193020701408386,0.925248920917511,0.0388368852436542,0.1857951134443283,0.9336233735084534,0.0418684519827365,0.1216804236173629,100,75,none,grey,674,151,175,2.8559999465942383,0.0008907601004466,0.0005480408435687,0.000184835618711,30,30,30,0.1357591708000053,0.2529042138169143,64,8,8,107.4,0.0329582933336496,0.1527837961912155,실측,6922.683740444443
soft_1mm_r1,1280,720,cycle,2,0.0233865212649106,0.0360849313437938,0.1272188574075698,0.1634528636932373,0.1429355889558792,0.1749114841222763,0.126539871096611,0.157185286283493,0.1239360198378562,0.5193020701408386,0.9324598908424376,0.0327782854437828,0.1857951134443283,0.9429607391357422,0.0444291681051254,0.1159499585628509,100,75,none,grey,674,151,175,2.8559999465942383,0.0009815042139962,0.0006782331038266,0.0002093060902552,30,30,25,0.1462402912824019,0.2432973598012861,64,8,8,107.6,0.0297357263043522,0.1429355889558792,실측,6922.683740444443
soft_1mm_r1,854,480,cycle,0,0.023420775309205,0.0506362803280353,0.1288020312786102,0.1630511879920959,0.153899073600769,0.1810939311981201,0.130094364285469,0.1559703350067138,0.1511374115943908,0.5193020701408386,0.9327914118766784,0.0413912571966648,0.1857951134443283,0.9130203723907472,0.0584854334592819,0.1474928557872772,100,75,none,grey,674,151,175,2.8559999465942383,0.0012362111592665,0.000757688190788,0.0002208209625678,30,30,30,0.1357562280196464,0.2784762461453873,64,16,4,50.8,0.03702852781862015,0.153899073600769,실측,3081.557626248767
soft_1mm_r1,854,480,cycle,1,0.0264487266540527,0.0402921177446842,0.1235977634787559,0.155518040060997,0.1431045234203338,0.167743295431137,0.1231615990400314,0.1453208923339843,0.1401493698358535,0.5193020701408386,0.9388582110404968,0.0409382618963718,0.1857951134443283,0.9390213489532472,0.0429186858236789,0.1271616369485855,100,75,none,grey,674,151,175,2.8559999465942383,0.0008605019538663,0.0007136195199564,0.0001941038644872,30,30,30,0.1337395864884294,0.2609986690495977,64,16,4,49.6,0.03337042219936845,0.1431045234203338,실측,3081.557626248767
soft_1mm_r1,854,480,cycle,2,0.0286928936839103,0.0400310009717941,0.1278824359178543,0.1681234687566757,0.1473527252674102,0.1801199615001678,0.1269807368516922,0.1550154387950897,0.1371358036994934,0.5193020701408386,0.9285448789596558,0.0415539219975471,0.1857951134443283,0.9325517416000366,0.0414534658193588,0.1211140304803848,100,75,none,grey,674,151,175,2.8559999465942383,0.0008434189367108,0.0004808297671843,0.0002071795752272,30,30,28,0.1449343380836068,0.260499674752848,64,16,4,49.6,0.0343619473278522,0.1473527252674102,실측,3081.557626248767
soft_1mm_r1,640,360,cycle,0,0.0223795436322689,0.0383795611560344,0.1495698392391204,0.1842021346092224,0.1638921052217483,0.1932038068771362,0.1456072330474853,0.1774069815874099,0.1458722800016403,0.5193020701408386,0.9142239093780518,0.0373244434595108,0.1857951134443283,0.9484131932258606,0.0421237125992774,0.1373466849327087,100,75,none,grey,674,151,175,2.8559999465942383,0.0008827906567603,0.0005285363295115,0.0001981908571906,30,30,30,0.1427984745283155,0.2683812924568227,64,32,2,28.4,0.03037955239415165,0.1638921052217483,실측,1730.6709351111108
soft_1mm_r1,640,360,cycle,1,0.0376103520393371,0.0471053048968315,0.1158644780516624,0.1513970345258712,0.145496517419815,0.1705914884805679,0.1146662756800651,0.1551961600780487,0.1325636357069015,0.5193020701408386,0.9420555830001832,0.0425537265837192,0.1857951134443283,0.9244320392608644,0.0551555901765823,0.1180557534098625,100,75,none,grey,674,151,175,2.8559999465942383,0.0010669203475117,0.0005207506474107,0.0002079364930978,30,30,26,0.2013039311244862,0.2622583591385393,64,32,2,27.8,0.0423578284680843,0.145496517419815,실측,1730.6709351111108
soft_1mm_r1,640,360,cycle,2,0.02279051579535,0.045420367270708,0.1489144414663314,0.1952295005321502,0.1669553220272064,0.2062214165925979,0.149133875966072,0.1544564664363861,0.1836204975843429,0.5193020701408386,0.9036464691162108,0.0440367199480533,0.1857951134443283,0.9255796074867249,0.0434936396777629,0.1692373603582382,100,75,none,grey,674,151,175,2.8559999465942383,0.0010092044249176,0.0006026681512594,0.0001839610486058,30,30,17,0.1954887132616354,0.2653248673243238,64,32,2,27.8,0.034105441533028996,0.1669553220272064,실측,1730.6709351111108
soft_1mm_r1,426,240,cycle,0,0.0301167871803045,0.0389608666300773,0.1617024689912796,0.2014771103858947,0.1796422451734542,0.2122653573751449,0.1587615013122558,0.2017747163772583,0.1501323133707046,0.5193020701408386,0.8973808884620667,0.0398565270006656,0.1857951134443283,0.9358338713645936,0.0451804585754871,0.1345456391572952,100,75,none,grey,674,151,175,2.8559999465942383,0.000872396165505,0.0006265281699597,0.0001910176943056,30,30,30,0.1385200922142504,0.2613903576175108,64,64,1,14.5,0.0345388269051909,0.1796422451734542,실측,766.7852505376562
soft_1mm_r1,426,240,cycle,1,0.0271711684763431,0.0398109480738639,0.1210673227906227,0.1525185853242874,0.1391498446464538,0.1643211096525192,0.1209475845098495,0.1364006996154785,0.1428153663873672,0.5193020701408386,0.9411938786506652,0.0404438190162181,0.1857951134443283,0.9434432983398438,0.0382237881422042,0.1290282905101776,100,75,none,grey,674,151,175,2.8559999465942383,0.0010523037053644,0.0012077766004949,0.0001848835963755,30,30,28,0.1544023911394068,0.2562634360711306,64,64,1,12.8,0.0334910582751035,0.1391498446464538,실측,766.7852505376562
soft_1mm_r1,426,240,cycle,2,0.0361525602638721,0.0553694851696491,0.1290907263755798,0.1675105541944503,0.1600388437509536,0.1883638799190521,0.1278342604637146,0.1683066487312317,0.1490150839090347,0.5193020701408386,0.929064929485321,0.0486390963196754,0.1857951134443283,0.8939070701599121,0.0678716450929641,0.1384302079677581,100,75,none,grey,674,151,175,2.8559999465942383,0.0012742285616695,0.0005286280065774,0.0001909419515868,30,30,26,0.1710108324045243,0.2744725271566025,64,64,1,12.9,0.0457610227167606,0.1600388437509536,실측,766.7852505376562
soft_1mm_r1,320,180,cycle,0,0.0341132618486881,0.0443088188767433,0.1551029086112976,0.1955068409442901,0.175264835357666,0.2075595706701278,0.1531789302825927,0.186721995472908,0.1599886268377304,0.5193020701408386,0.9033725261688232,0.0461293794214725,0.1857951134443283,0.9274650812149048,0.0461702980101108,0.1399072557687759,100,75,none,grey,674,151,175,2.8559999465942383,0.0009462290327064,0.0007186018628999,0.0002063961583189,30,30,30,0.1468165982017177,0.2774799549026994,64,64,1,8.8,0.0392110403627157,0.175264835357666,실측,432.6677337777777
soft_1mm_r1,320,180,cycle,1,0.0312772803008556,0.0437340065836906,0.1267203837633133,0.1589174121618271,0.1491911262273788,0.1739305257797241,0.1279725283384323,0.1592973321676254,0.1357161700725555,0.5193020701408386,0.9361560344696044,0.0405426695942878,0.1857951134443283,0.934234082698822,0.055672250688076,0.1262144148349762,100,75,none,grey,674,151,175,2.8559999465942383,0.0012288708239793,0.0013597160577774,0.0001888210827019,30,30,28,0.1568600438115151,0.279661317534794,64,64,1,7.6,0.0375056434422731,0.1491911262273788,실측,432.6677337777777
soft_1mm_r1,320,180,cycle,2,0.0278543531894683,0.0433689765632152,0.1268679350614547,0.1604402661323547,0.1486226320266723,0.1748378574848175,0.1237328201532363,0.159658133983612,0.1339086294174194,0.5193020701408386,0.9349266290664672,0.0392093881964683,0.1857951134443283,0.9306139945983888,0.0545801073312759,0.1237594112753868,100,75,none,grey,674,151,175,2.8559999465942383,0.0010860724141821,0.0006730174645781,0.0001911548606585,30,30,29,0.1410338312652769,0.2862502912811885,64,64,1,7.7,0.03561166487634175,0.1486226320266723,실측,432.6677337777777
soft_1mm_r1,160,90,cycle,0,0.0255322381854057,0.0321733951568603,0.1211655884981155,0.1560668796300888,0.1368826925754547,0.165556788444519,0.1208350583910942,0.1340862810611724,0.1406112611293792,0.5193020701408386,0.9384258985519408,0.0308794453740119,0.1857951134443283,0.9605201482772828,0.0388766638934612,0.1336423903703689,100,75,none,grey,674,151,175,2.8559999465942383,0.0007990360027179,0.0005645058117806,0.0002566471521276,30,30,29,0.1427375506222778,0.2700819306026231,64,64,1,3.7,0.028852816671133,0.1368826925754547,실측,108.16693344444442
soft_1mm_r1,160,90,cycle,1,0.0244131386280059,0.0419646687805652,0.1418727040290832,0.1781811565160751,0.1586070656776428,0.1902983337640762,0.1388668864965438,0.1650591790676117,0.1500042527914047,0.5193020701408386,0.9197397828102112,0.0386316254734993,0.1857951134443283,0.9349241256713868,0.0473486185073852,0.141905590891838,100,75,none,grey,674,151,175,2.8559999465942383,0.0012531784595921,0.000932807859499,0.0002107383770635,30,30,27,0.2494942307118492,0.2856434828398243,64,64,1,2.8,0.03318890370428555,0.1586070656776428,실측,108.16693344444442
soft_1mm_r1,160,90,cycle,2,0.0346214734017849,0.0364352613687515,0.11957648396492,0.152062177658081,0.1406098008155822,0.1661121249198913,0.1183691844344139,0.139910489320755,0.1415421962738037,0.5193020701408386,0.9415453672409058,0.037012692540884,0.1857951134443283,0.9432206153869628,0.045734729617834,0.1309234350919723,100,75,none,grey,674,151,175,2.8559999465942383,0.0009214634774252,0.0007828202215023,0.0002195372944697,30,30,27,0.1807524018896086,0.2589192800963951,64,64,1,2.7,0.0355283673852682,0.1406098008155822,실측,108.16693344444442
soft_1mm_r1,80,45,cycle,0,0.033293105661869,0.0430769175291061,0.137684017419815,0.2152026146650314,0.1585809588432312,0.2348751574754715,0.1332572102546692,0.195489764213562,0.1093692108988761,0.5193020701408386,0.882922887802124,0.0321544930338859,0.1857951134443283,0.954509735107422,0.0433475673198699,0.1035231053829193,100,75,none,grey,674,151,175,2.8559999465942383,0.0010209890315309,0.0008387488196603,0.000219259149162,30,30,28,0.2174344190150411,0.2350500119442971,64,64,1,2.8,0.03818501159548755,0.1585809588432312,실측,27.041733361111106
soft_1mm_r1,80,45,cycle,1,0.0411886498332023,0.0377696454524993,0.1394447684288025,0.1704508066177368,0.161494493484497,0.1868300288915634,0.1377095878124237,0.1635636538267135,0.1587356179952621,0.5193020701408386,0.9265528321266174,0.0404222011566162,0.1857951134443283,0.9282243251800536,0.0505337230861187,0.1435437649488449,100,75,none,grey,674,151,175,2.8559999465942383,0.0008713903371244,0.0007074893219396,0.0002345485409023,30,30,29,0.2512809713799451,0.2655018496987046,64,64,1,2.0,0.0394791476428508,0.161494493484497,실측,27.041733361111106
soft_1mm_r1,80,45,cycle,2,0.0348664335906505,0.0451491773128509,0.1288302391767501,0.1769202947616577,0.1534108370542526,0.1963050067424774,0.1261827051639557,0.1698159724473953,0.1315372586250305,0.5193020701408386,0.9208716750144958,0.0493145547807216,0.1857951134443283,0.882519006729126,0.061355210840702,0.1226616650819778,100,75,none,grey,674,151,175,2.8559999465942383,0.0009022466838359,0.0010136519558727,0.0001810964022297,30,30,19,0.2699026000252109,0.2586786636453591,64,64,1,2.0,0.0400078054517507,0.1534108370542526,실측,27.041733361111106
soft_1mm_r1,48,27,cycle,0,0.0289003662765026,0.0413234122097492,0.127615749835968,0.1706273555755615,0.1489967852830886,0.1854968070983886,0.1279013603925705,0.1611769795417785,0.1327564716339111,0.5193020701408386,0.9264006018638612,0.0394567362964153,0.1857951134443283,0.9294347763061525,0.0516710467636585,0.1261958628892898,100,75,none,grey,674,151,175,2.8559999465942383,0.0008676114957779,0.000724940735381,0.0002258368476759,30,30,30,0.2319275505111196,0.2450308073435398,64,64,1,2.8,0.0351118892431259,0.1489967852830886,실측,9.735024010000002
soft_1mm_r1,48,27,cycle,1,0.0223047100007534,0.0412718951702117,0.123231716454029,0.1747182160615921,0.1412746012210846,0.1860694289207458,0.124154508113861,0.1590247601270675,0.1176077499985694,0.5193020701408386,0.9228291511535645,0.038081619888544,0.1857951134443283,0.938989758491516,0.0472048334777355,0.1085818484425544,100,75,none,grey,674,151,175,2.8559999465942383,0.0009302597609348,0.0005077939131297,0.0002105764870066,30,30,30,0.2395873020240036,0.2384463809183891,64,64,1,1.8,0.03178830258548255,0.1412746012210846,실측,9.735024010000002
soft_1mm_r1,48,27,cycle,2,0.0272245071828365,0.0456414446234703,0.1688890010118484,0.2831348478794098,0.1896235048770904,0.2932561337947845,0.1663786172866821,0.2441116124391555,0.1169727072119712,0.5193020701408386,0.7973421812057495,0.0423309467732906,0.1857951134443283,0.9164047837257384,0.0574916563928127,0.1094091534614563,100,75,none,grey,674,151,175,2.8559999465942383,0.0009440894355066,0.0008275358122773,0.0002421384415356,30,30,28,0.2463427240841466,0.2535705819035208,64,64,1,1.9,0.0364329759031534,0.1896235048770904,실측,9.735024010000002
soft_1mm_r1,32,18,cycle,0,0.0281020384281873,0.0437260419130325,0.1345632076263427,0.1858883500099182,0.1556649506092071,0.2027986645698547,0.1354729086160659,0.1699696332216262,0.1365920454263687,0.5193020701408386,0.9126463532447816,0.0416964218020439,0.1857951134443283,0.9043287634849548,0.0551711283624172,0.1291258335113525,100,75,none,grey,674,151,175,2.8559999465942383,0.0012139558093622,0.0007111594313755,0.0002338673657504,30,30,28,0.2983587587622577,0.2835874431180638,64,64,1,3.2,0.035914040170609896,0.1556649506092071,실측,4.326677337777778
soft_1mm_r1,32,18,cycle,1,0.0319005846977233,0.0558857731521129,0.1528164446353912,0.1969120353460312,0.1815088093280792,0.2181707918643951,0.1514099389314651,0.1962435692548751,0.1618625074625015,0.5193020701408386,0.9019784927368164,0.0470575019717216,0.1857951134443283,0.8999441862106323,0.0607724413275718,0.1535408794879913,100,75,none,grey,674,151,175,2.8559999465942383,0.0014186437474563,0.0007987787248566,0.0001941202208399,30,30,26,0.3077376957109491,0.2876731102040272,64,64,1,2.1,0.0438931789249181,0.1815088093280792,실측,4.326677337777778
soft_1mm_r1,32,18,cycle,2,0.03651824593544,0.0494356378912925,0.1229995936155319,0.1648981124162674,0.1521776765584945,0.187825471162796,0.1222744062542915,0.1662575006484985,0.1334045976400375,0.5193020701408386,0.9312602281570436,0.0445321910083293,0.1857951134443283,0.9180108308792114,0.0603662766516208,0.1242993175983429,100,75,none,grey,674,151,175,2.8559999465942383,0.0011546433670446,0.0013943994417786,0.0002472009218763,30,30,30,0.2889178188335294,0.294154160859569,64,64,1,2.2,0.04297694191336625,0.1521776765584945,실측,4.326677337777778
soft_1mm_r1,16,9,cycle,0,0.0410033799707889,0.0639128014445304,0.1837318837642669,0.2585660219192505,0.2164699882268905,0.2833569347858429,0.1814000010490417,0.2394503653049469,0.1858294755220413,0.5193020701408386,0.8309871554374695,0.0606736056506633,0.1857951134443283,0.8334549069404602,0.081152431666851,0.1780185252428054,100,75,none,grey,674,151,175,2.8559999465942383,0.0015480380970984,0.0009821620769798,0.0002303626097273,30,30,26,0.296637117685833,0.2987054546937248,64,64,1,3.6,0.05245809070765965,0.2164699882268905,실측,1.0816693344444446
soft_1mm_r1,16,9,cycle,1,0.0634882897138595,0.117530956864357,0.2497665882110595,0.5597801804542542,0.305930346250534,0.6838277578353882,0.2685613632202148,0.4197242259979248,0.1542052030563354,0.5193020701408386,0.2078419923782348,0.1162678673863411,0.1857951134443283,-2.1330313682556152,0.1885728687047958,0.1483692079782486,100,75,none,grey,674,151,175,2.8559999465942383,0.0016765145119279,0.0015274947509169,0.0002921523409895,30,30,30,0.3245930699990835,0.3318899293609013,64,64,1,2.2,0.09050962328910825,0.305930346250534,실측,1.0816693344444446
soft_1mm_r1,16,9,cycle,2,0.0422401987016201,0.0740531384944915,0.1538920700550079,0.194110706448555,0.1961840540170669,0.2266822755336761,0.1536791175603866,0.2243425250053405,0.1586394160985946,0.5193020701408386,0.9047476649284364,0.068064272403717,0.1857951134443283,0.7836095690727234,0.102411076426506,0.1499365717172622,100,75,none,grey,674,151,175,2.8559999465942383,0.0014845724217593,0.0007970763836055,0.0002263407222926,30,30,29,0.2976651686942895,0.3212926750940992,64,64,1,2.1,0.0581466685980558,0.1961840540170669,실측,1.0816693344444446
soft_1mm_r1,8,5,cycle,0,0.069918967783451,0.1014796420931816,0.2794211804866791,0.6023266911506653,0.3238386511802673,0.6655141115188599,0.287120521068573,0.4395799338817596,0.169516921043396,0.5193020701408386,0.0828486680984497,0.106870986521244,0.1857951134443283,-0.5143966674804688,0.1627100557088852,0.1585753560066223,100,75,none,grey,674,151,175,2.8559999465942383,0.0036033825017511,0.0021385666914284,0.0003144404327031,30,30,26,0.3464711752418948,0.3237105363252147,64,64,1,3.7,0.08569930493831629,0.3238386511802673,실측,0.27041733361111114
soft_1mm_r1,8,5,cycle,1,0.0653983578085899,0.0779188424348831,0.1790051609277725,0.2355213612318039,0.2318446189165115,0.2757912278175354,0.1772128492593765,0.2630110681056976,0.1902893632650375,0.5193020701408386,0.8597711324691772,0.0865894630551338,0.1857951134443283,0.7196868658065796,0.0992006212472915,0.1642784774303436,100,75,none,grey,674,151,175,2.8559999465942383,0.0020619861315935,0.0014419760555028,0.0002363222010899,30,30,29,0.3713983994209448,0.3698444998027473,64,64,1,2.1,0.0716586001217365,0.2318446189165115,실측,0.27041733361111114
soft_1mm_r1,8,5,cycle,2,0.0654230937361717,0.0952812433242797,0.1990016996860504,0.2698552906513214,0.2584131956100464,0.3127190768718719,0.1950735002756118,0.3006766736507416,0.2020618766546249,0.5193020701408386,0.8159064054489136,0.0991287231445312,0.1857951134443283,0.6002235412597656,0.1420999765396118,0.1851372569799423,100,75,none,grey,674,151,175,2.8559999465942383,0.0021671515423804,0.0017302132910117,0.0001963932008948,30,30,30,0.3807394497472384,0.3917498178039955,64,64,1,2.1,0.0803521685302257,0.2584131956100464,실측,0.27041733361111114
soft_2mm_r1,1920,1080,cycle,0,0.0362320579588413,0.0502493381500244,0.1260799020528793,0.2048385441303253,0.1524468064308166,0.2234929352998733,0.1264978051185608,0.2172366231679916,0.0836576223373413,0.549440324306488,0.9012075662612916,0.0483245328068733,0.1910722404718399,0.9070110321044922,0.0669233053922653,0.0701943412423133,86,81,none,grey,680,153,167,3.1895198822021484,0.0011758569162338,0.000947663502302,0.0002091923815896,30,30,29,0.1389613583903102,0.2424771454599168,64,4,16,249.9,0.043240698054432855,0.1524468064308166,실측,13001.472576000004
soft_2mm_r1,1920,1080,cycle,1,0.041628573089838,0.0511325635015964,0.1500128209590912,0.2375707179307937,0.1782806366682052,0.2554792761802673,0.1518465429544448,0.2375331073999405,0.1153705939650535,0.549440324306488,0.8671119213104248,0.0557148195803165,0.1910722404718399,0.8814760446548462,0.07566899061203,0.101916879415512,86,81,none,grey,680,153,167,3.1895198822021484,0.0011917065130546,0.0011364320525899,0.0001983164111152,30,30,23,0.2005314053419758,0.2399431652103374,64,4,16,249.4,0.0463805682957172,0.1782806366682052,실측,13001.472576000004
soft_2mm_r1,1920,1080,cycle,2,0.0376461595296859,0.0493008457124233,0.1222589090466499,0.1774087101221084,0.1519263088703155,0.2013141959905624,0.1196334511041641,0.2040796428918838,0.0965536236763,0.549440324306488,0.925894558429718,0.0518414676189422,0.1910722404718399,0.8821894526481628,0.0818201676011085,0.0893013179302215,86,81,none,grey,680,153,167,3.1895198822021484,0.0010947132250294,0.000922908890061,0.0001810737885534,30,30,29,0.1411427810788154,0.2514837339423061,64,4,16,250.5,0.043473502621054594,0.1519263088703155,실측,13001.472576000004
soft_2mm_r1,1280,720,cycle,0,0.0361402742564678,0.0546528361737728,0.133378267288208,0.2032519876956939,0.1634124666452407,0.2253085523843765,0.130885824561119,0.2266910225152969,0.0962278097867965,0.549440324306488,0.9027320146560668,0.0519536472856998,0.1910722404718399,0.8845810294151306,0.0809112191200256,0.086820363998413,86,81,none,grey,680,153,167,3.1895198822021484,0.0013657408999279,0.0009798191022127,0.000212443381315,30,30,29,0.1360597236191525,0.2583338376743341,64,8,8,109.0,0.0453965552151203,0.1634124666452407,실측,5778.432256000001
soft_2mm_r1,1280,720,cycle,1,0.0343041643500328,0.0445840619504451,0.13832588493824,0.1982263028621673,0.1640637665987014,0.2149859964847564,0.1368400752544403,0.2044732570648193,0.1211598739027977,0.549440324306488,0.9074827432632446,0.0466399155557155,0.1910722404718399,0.9062055349349976,0.0712036564946174,0.1135682836174964,86,81,none,grey,680,153,167,3.1895198822021484,0.0010696684475988,0.0008022555266506,0.0001926478289533,30,30,25,0.1568371471236734,0.2296599545120413,64,8,8,108.5,0.03944411315023895,0.1640637665987014,실측,5778.432256000001
soft_2mm_r1,1280,720,cycle,2,0.0381661988794803,0.0574979782104492,0.1395607590675354,0.2007250487804412,0.1680124551057815,0.2211436480283737,0.1365707963705063,0.2192069590091705,0.1136577501893043,0.549440324306488,0.9051355719566344,0.060898408293724,0.1910722404718399,0.8788024187088013,0.0705252289772033,0.0923560932278633,86,81,none,grey,680,153,167,3.1895198822021484,0.0012037663254886,0.000878280843608,0.000203312607482,30,30,30,0.1280671649557702,0.2519558765529807,64,8,8,108.6,0.04783208854496475,0.1680124551057815,실측,5778.432256000001
soft_2mm_r1,854,480,cycle,0,0.040865920484066,0.0551303476095199,0.1169452667236328,0.1679578870534896,0.1501819342374801,0.1945578455924987,0.1172289326786995,0.1968763023614883,0.1006051898002624,0.549440324306488,0.933579683303833,0.0545843429863452,0.1910722404718399,0.879594087600708,0.0767122060060501,0.0854036435484886,86,81,none,grey,680,153,167,3.1895198822021484,0.0013695502420887,0.0010129865258932,0.0002086671011056,30,30,29,0.1468307808918111,0.2573815280315922,64,16,4,50.9,0.047998134046792956,0.1501819342374801,실측,2572.2064814556247
soft_2mm_r1,854,480,cycle,1,0.0353125371038913,0.0472870171070098,0.1168656349182128,0.1676106005907058,0.1434552818536758,0.1888554245233535,0.1166694313287735,0.2000408172607422,0.0833768025040626,0.549440324306488,0.933854043483734,0.0433271862566471,0.1910722404718399,0.9173264503479004,0.0668370798230171,0.0739227011799812,86,81,none,grey,680,153,167,3.1895198822021484,0.0010956720216199,0.0008187385974451,0.0001813150156522,30,30,29,0.1527063110295464,0.2343962535359501,64,16,4,49.8,0.04129977710545055,0.1434552818536758,실측,2572.2064814556247
soft_2mm_r1,854,480,cycle,2,0.040561843663454,0.0548063144087791,0.1269060224294662,0.1900972872972488,0.1595978438854217,0.2132219970226287,0.1276090741157531,0.2109237015247345,0.1051036939024925,0.549440324306488,0.9149152040481568,0.0555784963071346,0.1910722404718399,0.8903449177742004,0.0718079060316085,0.0885515660047531,86,81,none,grey,680,153,167,3.1895198822021484,0.001265094266273,0.0009769856696948,0.0001921697403304,30,30,27,0.1680049240589141,0.2522277863197077,64,16,4,49.9,0.04768407903611655,0.1595978438854217,실측,2572.2064814556247
soft_2mm_r1,640,360,cycle,0,0.0370414219796657,0.0539976507425308,0.1068901941180229,0.1571845710277557,0.140181079506874,0.1800917237997055,0.1076262816786766,0.1765151917934417,0.1016041412949562,0.549440324306488,0.9418271780014038,0.056019265204668,0.1910722404718399,0.8987615704536438,0.0638569593429565,0.0753554925322532,86,81,none,grey,680,153,167,3.1895198822021484,0.001752147800289,0.0009901797166094,0.0001953082537511,30,30,30,0.1678407332476447,0.2538905206069448,64,32,2,28.7,0.04551953636109825,0.140181079506874,실측,1444.6080640000002
soft_2mm_r1,640,360,cycle,1,0.0495338849723339,0.0542368330061435,0.1655009090900421,0.2271407544612884,0.1956254839897155,0.2497659176588058,0.1661480814218521,0.2400586605072021,0.148449569940567,0.549440324306488,0.8785240650177002,0.0564673654735088,0.1910722404718399,0.8699659705162048,0.0826228484511375,0.1357834637165069,86,81,none,grey,680,153,167,3.1895198822021484,0.0013306647306308,0.0013284244341775,0.0002054142678389,30,30,29,0.17295463681221,0.2846557610954334,64,32,2,28.1,0.0518853589892387,0.1956254839897155,실측,1444.6080640000002
soft_2mm_r1,640,360,cycle,2,0.0437358804047107,0.0602512247860431,0.1263182163238525,0.1836715340614318,0.162087932229042,0.2084676325321197,0.1254772096872329,0.2121623456478119,0.1089225262403488,0.549440324306488,0.9205701351165771,0.0646325945854187,0.1910722404718399,0.8743456602096558,0.0736066326498985,0.0826379582285881,86,81,none,grey,680,153,167,3.1895198822021484,0.0014354083687067,0.0011038345983251,0.0001967402058653,30,30,29,0.165331552659764,0.2711616964901195,64,32,2,28.1,0.0519935525953769,0.162087932229042,실측,1444.6080640000002
soft_2mm_r1,426,240,cycle,0,0.0387939140200614,0.0549854934215545,0.1391840577125549,0.1817224025726318,0.169458270072937,0.2043270915746688,0.1409560292959213,0.1844726651906967,0.1535170376300811,0.549440324306488,0.9222469925880432,0.0565251857042312,0.1910722404718399,0.8851928114891052,0.0747586488723754,0.1438947319984436,86,81,none,grey,680,153,167,3.1895198822021484,0.001336146495305,0.0009247458074241,0.0002122038713423,30,30,28,0.1385571532389697,0.2645234002007378,64,64,1,14.6,0.04688970372080795,0.169458270072937,실측,640.0431958556251
soft_2mm_r1,426,240,cycle,1,0.0332914441823959,0.0544796176254749,0.121599406003952,0.1753235310316085,0.151204839348793,0.1960340589284896,0.1192037388682365,0.1927864849567413,0.1070564314723014,0.549440324306488,0.9276263117790222,0.0528457649052143,0.1910722404718399,0.9027718305587769,0.0643770024180412,0.0871523395180702,86,81,none,grey,680,153,167,3.1895198822021484,0.0013516031904146,0.0009002032456919,0.0002070368500426,30,30,29,0.1668257629170137,0.258785917868022,64,64,1,12.9,0.043885530903935405,0.151204839348793,실측,640.0431958556251
soft_2mm_r1,426,240,cycle,2,0.040295485407114,0.0498627535998821,0.1106530278921127,0.1567711979150772,0.1439035683870315,0.1825477033853531,0.1103628724813461,0.1905524730682373,0.0943750813603401,0.549440324306488,0.9421327710151672,0.0498196668922901,0.1910722404718399,0.8893073797225952,0.0753225460648536,0.0803631320595741,86,81,none,grey,680,153,167,3.1895198822021484,0.0011126050958409,0.0010110357543453,0.0001826453662943,30,30,26,0.2002063288408167,0.2649232203664343,64,64,1,12.9,0.04507911950349805,0.1439035683870315,실측,640.0431958556251
soft_2mm_r1,320,180,cycle,0,0.0354555696249008,0.0508034937083721,0.1457259356975555,0.1792743057012558,0.169301301240921,0.1979546248912811,0.1454226374626159,0.1800861954689026,0.1578506678342819,0.549440324306488,0.924327790737152,0.0497962944209575,0.1910722404718399,0.9110944271087646,0.0597054921090602,0.1474887728691101,86,81,none,grey,680,153,167,3.1895198822021484,0.0011762754293158,0.000918488309253,0.0002280307671753,30,30,30,0.1620864836608662,0.2646005169238919,64,64,1,8.9,0.04312953166663645,0.169301301240921,실측,361.15201600000006
soft_2mm_r1,320,180,cycle,1,0.040494505316019,0.0531346388161182,0.1170533671975135,0.1694921851158142,0.1507073640823364,0.1944873183965683,0.1198281422257423,0.1948897540569305,0.1037976145744323,0.549440324306488,0.9323606491088868,0.0575366206467151,0.1910722404718399,0.8769252300262451,0.0818368643522262,0.0910940542817115,86,81,none,grey,680,153,167,3.1895198822021484,0.001276405644603,0.0012845392338931,0.0002072505740216,30,30,22,0.1960727607502657,0.2614816590851428,64,64,1,7.6,0.0468145720660686,0.1507073640823364,실측,361.15201600000006
soft_2mm_r1,320,180,cycle,2,0.040229570120573,0.0436350889503955,0.099048338830471,0.1415419727563858,0.1284784227609634,0.163267970085144,0.1006938219070434,0.169335052371025,0.085099771618843,0.549440324306488,0.9528294801712036,0.0476034954190254,0.1910722404718399,0.9162425994873048,0.0640970841050148,0.0649434328079223,86,81,none,grey,680,153,167,3.1895198822021484,0.0011563730658963,0.001173180527985,0.0002169360523112,30,30,28,0.1612697447047514,0.2624931958765765,64,64,1,7.7,0.04193232953548425,0.1284784227609634,실측,361.15201600000006
soft_2mm_r1,160,90,cycle,0,0.0305384639650583,0.0414361022412776,0.1313512027263641,0.1636552810668945,0.1510117650032043,0.1785690486431121,0.1319398730993271,0.1620539873838424,0.139287918806076,0.549440324306488,0.9369391202926636,0.043241199105978,0.1910722404718399,0.9303568601608276,0.0582675114274024,0.1297931671142578,86,81,none,grey,680,153,167,3.1895198822021484,0.0010340973967686,0.0007362824399024,0.0002368760178796,30,30,30,0.1836156438378726,0.248653146955702,64,64,1,3.7,0.03598728310316795,0.1510117650032043,실측,90.28800400000002
soft_2mm_r1,160,90,cycle,1,0.0300398245453834,0.0404677651822567,0.0993353798985481,0.1435078978538513,0.1218358799815177,0.1594314575195312,0.0988369584083557,0.1536219865083694,0.088087685406208,0.549440324306488,0.9515100717544556,0.040790356695652,0.1910722404718399,0.9456729888916016,0.0469136834144592,0.0717998147010803,86,81,none,grey,680,153,167,3.1895198822021484,0.0009422238217666,0.0007997916545718,0.0002156475820811,30,30,29,0.190549051060396,0.2429390514598173,64,64,1,2.7,0.03525379486382005,0.1218358799815177,실측,90.28800400000002
soft_2mm_r1,160,90,cycle,2,0.0565229393541812,0.0558267459273338,0.1463555097579956,0.2186099588871002,0.1832601279020309,0.2420675158500671,0.1473612785339355,0.2380873411893844,0.1250485330820083,0.549440324306488,0.8874773383140564,0.0590714886784553,0.1910722404718399,0.8764834403991699,0.079674519598484,0.1003089100122451,86,81,none,grey,680,153,167,3.1895198822021484,0.001401247922331,0.0007872896385379,0.0002048693713732,30,30,16,0.2765107407289393,0.2687050376842224,64,64,1,2.7,0.0561748426407575,0.1832601279020309,실측,90.28800400000002
soft_2mm_r1,80,45,cycle,0,0.0319366715848445,0.0436641983687877,0.1150615140795707,0.168064683675766,0.1380530893802642,0.1846871972084045,0.1139131188392639,0.1908933967351913,0.0819510221481323,0.549440324306488,0.9334951639175416,0.0431472919881343,0.1910722404718399,0.9284918904304504,0.0593363344669342,0.0708490833640098,86,81,none,grey,680,153,167,3.1895198822021484,0.0010543387616053,0.0007788598886691,0.0002059605467366,30,30,28,0.2355903359020457,0.2439338148029801,64,64,1,2.8,0.0378004349768161,0.1380530893802642,실측,22.572001000000004
soft_2mm_r1,80,45,cycle,1,0.0344886444509029,0.052874632179737,0.1186092644929885,0.1742542386054992,0.1486260890960693,0.1926599740982055,0.1176071017980575,0.2010443955659866,0.0929720848798751,0.549440324306488,0.9285064339637756,0.0549213290214538,0.1910722404718399,0.9079381227493286,0.0606186240911483,0.0683348402380943,86,81,none,grey,680,153,167,3.1895198822021484,0.0010782335884869,0.0011933931382372,0.0002223772171419,30,30,22,0.2648163585101857,0.2579876332501181,64,64,1,1.9,0.043681638315319946,0.1486260890960693,실측,22.572001000000004
soft_2mm_r1,80,45,cycle,2,0.0391267947852611,0.0448652878403663,0.1523674577474594,0.2307662516832351,0.1778690814971923,0.2476783990859985,0.1519124507904052,0.2513684928417206,0.0998326390981674,0.549440324306488,0.8746151924133301,0.0455959998071193,0.1910722404718399,0.9145432710647584,0.0688096955418586,0.0917084217071533,86,81,none,grey,680,153,167,3.1895198822021484,0.0012166907545179,0.0006784296710975,0.0002002565888687,30,30,30,0.2122488512712366,0.2554081062865413,64,64,1,2.0,0.0419960413128137,0.1778690814971923,실측,22.572001000000004
soft_2mm_r1,48,27,cycle,0,0.0447346679866313,0.0536721237003803,0.1338808238506317,0.1810704916715622,0.1682150363922119,0.2093504071235656,0.132841944694519,0.2225576937198639,0.1105178892612457,0.549440324306488,0.9228038787841796,0.0550594329833984,0.1910722404718399,0.8809621334075928,0.0842196196317672,0.1041582748293876,86,81,none,grey,680,153,167,3.1895198822021484,0.0011077001690864,0.0011256324360147,0.0001800431637093,30,30,30,0.2545955966500675,0.2484519621905158,64,64,1,2.7,0.049203395843505804,0.1682150363922119,실측,8.12592036
soft_2mm_r1,48,27,cycle,1,0.0349456518888473,0.0523479245603084,0.1183130070567131,0.1676722466945648,0.1476770788431167,0.1940063089132309,0.1193189546465873,0.2150992304086685,0.0760930702090263,0.549440324306488,0.9338054060935974,0.0503719933331012,0.1910722404718399,0.8915469646453857,0.0790094435214996,0.0679070800542831,86,81,none,grey,680,153,167,3.1895198822021484,0.0011904542334377,0.0009763321722857,0.0001996551000047,30,30,30,0.2468113240073708,0.2456699383804221,64,64,1,1.9,0.04364678822457785,0.1476770788431167,실측,8.12592036
soft_2mm_r1,48,27,cycle,2,0.0304760541766881,0.0498827397823333,0.1166373416781425,0.1560289561748504,0.1439665853977203,0.1786416918039322,0.1160226240754127,0.2002746909856796,0.0841826647520065,0.549440324306488,0.9426794052124025,0.0461840592324733,0.1910722404718399,0.9202046394348145,0.067172534763813,0.0770254805684089,86,81,none,grey,680,153,167,3.1895198822021484,0.0016700625419616,0.0009438520646654,0.0001994418707909,30,30,29,0.2386055525611428,0.2508526845695146,64,64,1,1.9,0.0401793969795107,0.1439665853977203,실측,8.12592036
soft_2mm_r1,32,18,cycle,0,0.0501554608345031,0.0782269537448883,0.172285109758377,0.2416312396526336,0.2168079763650894,0.2763311564922333,0.1694571375846862,0.3148427605628967,0.1127216666936874,0.549440324306488,0.8625304698944092,0.0751177370548248,0.1910722404718399,0.7746971845626831,0.1059096008539199,0.0947011858224868,86,81,none,grey,680,153,167,3.1895198822021484,0.001714716781862,0.0011767923133447,0.0002015273639699,30,30,28,0.3375593984828275,0.2871850269292694,64,64,1,3.2,0.0641912072896957,0.2168079763650894,실측,3.6115201600000004
soft_2mm_r1,32,18,cycle,1,0.0369843877851963,0.0568859092891216,0.1430809050798416,0.1992591768503189,0.1724308580160141,0.2223274856805801,0.14068403840065,0.232739582657814,0.1083993688225746,0.549440324306488,0.9065160751342772,0.0559554696083068,0.1910722404718399,0.8765641450881958,0.0732095316052436,0.0953210219740867,86,81,none,grey,680,153,167,3.1895198822021484,0.0013244051951915,0.0010086736874654,0.0001859486947068,30,30,30,0.2678132407805499,0.2697249456168779,64,64,1,2.1,0.04693514853715895,0.1724308580160141,실측,3.6115201600000004
soft_2mm_r1,32,18,cycle,2,0.0522821843624115,0.0593611262738704,0.1801760196685791,0.2296086102724075,0.2171553373336792,0.260832279920578,0.1822522580623626,0.2581653892993927,0.17361381649971,0.549440324306488,0.8758700489997864,0.0602242089807987,0.1910722404718399,0.8156001567840576,0.0848147869110107,0.1595097929239273,86,81,none,grey,680,153,167,3.1895198822021484,0.0015014611417427,0.0013217645464465,0.000197045810637,30,30,25,0.3435461324803969,0.2766497244242749,64,64,1,2.2,0.05582165531814095,0.2171553373336792,실측,3.6115201600000004
soft_2mm_r1,16,9,cycle,0,0.0507950223982334,0.0864718556404113,0.1805492937564849,0.2776356339454651,0.2306518107652664,0.3229132294654846,0.180718645453453,0.3577817678451538,0.095674343407154,0.549440324306488,0.818510890007019,0.080406554043293,0.1910722404718399,0.6901794672012329,0.1318752169609069,0.0861351042985916,86,81,none,grey,680,153,167,3.1895198822021484,0.0021024832967668,0.0013860446633771,0.000186953227967,30,30,29,0.3512182544259464,0.3198170506097132,64,64,1,3.6,0.06863343901932234,0.2306518107652664,실측,0.9028800400000001
soft_2mm_r1,16,9,cycle,1,0.0484901182353496,0.0909924283623695,0.2209456264972686,0.3188470602035522,0.2681426107883453,0.3564468622207641,0.223311960697174,0.3704098463058471,0.1595625877380371,0.549440324306488,0.7606326341629028,0.080937847495079,0.1910722404718399,0.6798763275146484,0.122981458902359,0.1498734056949615,86,81,none,grey,680,153,167,3.1895198822021484,0.0021149273961782,0.0015098699368536,0.0001719474530545,30,30,27,0.3248577678904814,0.3328683454226824,64,64,1,2.1,0.06974127329885954,0.2681426107883453,실측,0.9028800400000001
soft_2mm_r1,16,9,cycle,2,0.0511364266276359,0.0900848954916,0.1887301504611969,0.2828778028488159,0.241561159491539,0.3272054493427276,0.1861349493265152,0.3416661024093628,0.1352768987417221,0.549440324306488,0.8115925788879395,0.0734118819236755,0.1910722404718399,0.7295112609863281,0.1241927072405815,0.1294060498476028,86,81,none,grey,680,153,167,3.1895198822021484,0.0023261168971657,0.0013553834287449,0.0001742066961014,30,30,28,0.3345483793931849,0.308735573213864,64,64,1,2.1,0.07061066105961794,0.241561159491539,실측,0.9028800400000001
soft_2mm_r1,8,5,cycle,0,0.0807257667183876,0.1282702684402465,0.2634585797786712,0.4656305611133575,0.3343496322631836,0.5698685646057129,0.2723371386528015,0.5039407014846802,0.154289960861206,0.549440324306488,0.4895148277282715,0.1131936237215995,0.1910722404718399,-0.5228770971298218,0.1717255115509033,0.1293349266052246,86,81,none,grey,680,153,167,3.1895198822021484,0.0029836799949407,0.0019136134069412,0.0001724194153212,30,30,30,0.3530730345669914,0.3514503154879302,64,64,1,3.7,0.10449801757931705,0.3343496322631836,실측,0.22572001000000003
soft_2mm_r1,8,5,cycle,1,0.0868294909596443,0.1095145121216774,0.2850241959095001,0.4439597427845001,0.3566664159297943,0.502271294593811,0.2679207026958465,0.5690563917160034,0.1311660408973693,0.549440324306488,0.5359258651733398,0.1167468652129173,0.1910722404718399,0.3092013597488403,0.2044624984264373,0.1236964538693428,86,81,none,grey,680,153,167,3.1895198822021484,0.0031814824324101,0.0021655135788023,0.0001660283160163,30,30,20,0.4401569843292236,0.3817364063138276,64,64,1,2.1,0.09817200154066086,0.3566664159297943,실측,0.22572001000000003
soft_2mm_r1,8,5,cycle,2,0.0644754841923713,0.1035223603248596,0.2612014710903168,0.3820865452289581,0.3204259276390075,0.4323160946369171,0.2577784955501556,0.4648658335208893,0.1670699715614318,0.549440324306488,0.6562650203704834,0.0932200476527214,0.1910722404718399,0.5058767199516296,0.1570696532726287,0.1584254652261734,86,81,none,grey,680,153,167,3.1895198822021484,0.0026847112458199,0.0014998008264228,0.00016540318029,30,30,20,0.4311266225927016,0.3644590315475962,64,64,1,2.0,0.08399892225861545,0.3204259276390075,실측,0.22572001000000003
soft_3mm_r1,1920,1080,cycle,0,0.0261042844504117,0.0512693002820014,0.0858743488788604,0.1218871772289276,0.1142956539988517,0.140849083662033,0.0859673619270324,0.1453608721494674,0.0913850665092468,0.4425259232521057,0.9496203064918518,0.0466972328722476,0.186479166150093,0.93942791223526,0.0465762913227081,0.0678239911794662,59,80,none,grey,706,155,139,2.3746001720428467,0.0014025350101292,0.000632551847957,0.0001771027746144,30,30,30,0.1354198233559516,0.3200563050085498,64,4,16,258.5,0.03868679236620655,0.1142956539988517,실측,10322.56
soft_3mm_r1,1920,1080,cycle,1,0.0417740792036056,0.0408665798604488,0.0897516682744026,0.1179418116807937,0.1191231161355972,0.1407551169395446,0.0872094556689262,0.1613210886716842,0.0880021303892135,0.4425259232521057,0.9528290033340454,0.0354142487049102,0.186479166150093,0.943817675113678,0.0513311177492141,0.0650798827409744,59,80,none,grey,706,155,139,2.3746001720428467,0.0009564137435518,0.0010531580774113,0.0001482468069298,30,30,26,0.1604868139195712,0.2907671557318779,64,4,16,258.3,0.0413203295320272,0.1191231161355972,실측,10322.56
soft_3mm_r1,1920,1080,cycle,2,0.0421552062034606,0.0364155732095241,0.1121318712830543,0.141473039984703,0.1396634578704834,0.1637590229511261,0.1045192405581474,0.1651882231235504,0.1208389550447464,0.4425259232521057,0.932128608226776,0.0413283817470073,0.186479166150093,0.9068275094032288,0.0679347664117813,0.1130489259958267,59,80,none,grey,706,155,139,2.3746001720428467,0.0010533767053857,0.0009938034927472,0.0001285089674638,30,30,21,0.1909844416903368,0.2813836059262675,64,4,16,258.3,0.039285389706492355,0.1396634578704834,실측,10322.56
soft_3mm_r1,1280,720,cycle,0,0.0303618609905242,0.0386386029422283,0.0740565210580825,0.1018864512443542,0.0995876118540763,0.121854580938816,0.0730207860469818,0.1423280239105224,0.0680665522813797,0.4425259232521057,0.9647976160049438,0.0389280654489994,0.186479166150093,0.9424686431884766,0.0545406267046928,0.0532079823315143,59,80,none,grey,706,155,139,2.3746001720428467,0.0011633331887423,0.0007533983443863,0.0001775995624484,30,30,23,0.1926602325257093,0.3154508875262353,64,8,8,112.9,0.03450023196637625,0.0995876118540763,실측,4587.804444444445
soft_3mm_r1,1280,720,cycle,1,0.0426675826311111,0.0496661178767681,0.084948293864727,0.1078585460782051,0.1198157146573066,0.1366683095693588,0.082561008632183,0.1481034755706787,0.0989534854888916,0.4425259232521057,0.9605498909950256,0.0511842295527458,0.186479166150093,0.9079481363296508,0.0654476210474968,0.0732138529419899,59,80,none,grey,706,155,139,2.3746001720428467,0.0010658053215593,0.0006909988005645,0.0001708505733404,30,30,26,0.1579044702708214,0.3151785673633698,64,8,8,113.0,0.0461668502539396,0.1198157146573066,실측,4587.804444444445
soft_3mm_r1,1280,720,cycle,2,0.0321448408067226,0.0424108542501926,0.0851263627409935,0.1179178953170776,0.1129534170031547,0.1386194080114364,0.0808980241417884,0.1450275778770446,0.0892987102270126,0.4425259232521057,0.9528481364250184,0.0371830239892005,0.186479166150093,0.9476783871650696,0.0481569617986679,0.0733568519353866,59,80,none,grey,706,155,139,2.3746001720428467,0.0012238165363669,0.0007580447127111,0.0001473673182772,30,30,28,0.1486199429791642,0.2820234375615273,64,8,8,112.9,0.0372778475284576,0.1129534170031547,실측,4587.804444444445
soft_3mm_r1,854,480,cycle,0,0.0291839372366666,0.0395994968712329,0.0834595337510109,0.1135195195674896,0.1072613000869751,0.1309894770383834,0.0791191384196281,0.1386357545852661,0.0841226428747177,0.4425259232521057,0.9563000798225404,0.0386912859976291,0.186479166150093,0.9480940699577332,0.0433785393834114,0.0684544071555137,59,80,none,grey,706,155,139,2.3746001720428467,0.0012060985900461,0.0006822753930464,0.0001870635314844,30,30,30,0.151368812866319,0.3226488574858634,64,16,4,52.9,0.03439171705394975,0.1072613000869751,실측,2042.2114173611108
soft_3mm_r1,854,480,cycle,1,0.051962710916996,0.0505031906068325,0.1000397577881813,0.1297274827957153,0.1388764977455139,0.1564169824123382,0.0918393284082412,0.170602485537529,0.1154785603284835,0.4425259232521057,0.9429305791854858,0.0552554465830326,0.186479166150093,0.9062671661376952,0.0660324692726135,0.0809463411569595,59,80,none,grey,706,155,139,2.3746001720428467,0.0009495240519754,0.0010612453334033,0.0001382477494189,30,30,20,0.2228692173113566,0.3065343626083866,64,16,4,51.5,0.05123295076191425,0.1388764977455139,실측,2042.2114173611108
soft_3mm_r1,854,480,cycle,2,0.0313018374145031,0.0393859148025512,0.0861534178256988,0.1120484843850135,0.1116614416241645,0.1310989409685135,0.0787488669157028,0.1278654336929321,0.0997110158205032,0.4425259232521057,0.9574253559112548,0.0436361096799373,0.186479166150093,0.9327208995819092,0.0505048781633377,0.0816796645522117,59,80,none,grey,706,155,139,2.3746001720428467,0.0010993882315233,0.0010339167201891,0.0001476352190366,30,30,23,0.1820952371818148,0.2881713051949778,64,16,4,51.6,0.03534387610852715,0.1116614416241645,실측,2042.2114173611108
soft_3mm_r1,640,360,cycle,0,0.0318595506250858,0.0573484189808368,0.1183990389108657,0.1451657563447952,0.149283304810524,0.1699215173721313,0.1150708571076393,0.1862956285476684,0.1219867095351219,0.4425259232521057,0.928539216518402,0.0418569445610046,0.186479166150093,0.9370583295822144,0.0645376294851303,0.1040240973234176,59,80,none,grey,706,155,139,2.3746001720428467,0.0012915937695652,0.0009078126167878,0.0001367832446703,30,30,23,0.1688014964121934,0.300160777184271,64,32,2,29.8,0.0446039848029613,0.149283304810524,실측,1146.9511111111112
soft_3mm_r1,640,360,cycle,1,0.0414271689951419,0.0353754013776779,0.139678344130516,0.1664232760667801,0.1607841104269027,0.1816344261169433,0.1234889924526214,0.1566789597272873,0.1638116687536239,0.4425259232521057,0.9060779809951782,0.0391198359429836,0.186479166150093,0.9399592280387878,0.0559535399079322,0.1540118902921676,59,80,none,grey,706,155,139,2.3746001720428467,0.0009515761630609,0.0012025188188999,0.0001378424203721,30,30,27,0.1666700112245576,0.2971228414966214,64,32,2,29.1,0.038401285186409895,0.1607841104269027,실측,1146.9511111111112
soft_3mm_r1,640,360,cycle,2,0.0450603552162647,0.0924491882324218,0.1489914953708648,0.1799031347036361,0.1975544989109039,0.2144152820110321,0.1243387833237648,0.1655772030353546,0.2211377322673797,0.4425259232521057,0.8902468681335449,0.0911808833479881,0.186479166150093,0.7887479662895203,0.0641601756215095,0.177734836935997,59,80,none,grey,706,155,139,2.3746001720428467,0.0013043581275269,0.0010534434113651,0.0001330591912847,30,30,20,0.1924915587260432,0.3223373166976436,64,32,2,29.0,0.06875477172434324,0.1975544989109039,실측,1146.9511111111112
soft_3mm_r1,426,240,cycle,0,0.0611437670886516,0.0688671767711639,0.0720649734139442,0.0981053411960601,0.1309670954942703,0.1441822946071624,0.0677328556776046,0.15473672747612,0.1134369745850563,0.4425259232521057,0.9673619270324708,0.048192523419857,0.186479166150093,0.9232092499732972,0.0631405934691429,0.0585448257625103,59,80,none,grey,706,155,139,2.3746001720428467,0.001028387225233,0.0008153697126545,0.0001349087542621,30,30,27,0.2824347448923094,0.3032270123881678,64,64,1,15.0,0.06500547192990774,0.1309670954942703,실측,508.16430625000004
soft_3mm_r1,426,240,cycle,1,0.0366925001144409,0.0423478409647941,0.1272586286067962,0.1471755057573318,0.1471896767616272,0.1627119481563568,0.1224970668554306,0.1601674556732177,0.1376185864210128,0.4425259232521057,0.92654687166214,0.0482729598879814,0.186479166150093,0.9294400811195374,0.0488801673054695,0.1228639632463455,59,80,none,grey,706,155,139,2.3746001720428467,0.0012037090491503,0.0010092835873365,0.0001417839812347,30,30,22,0.187604995101437,0.2933561386600617,64,64,1,13.5,0.0395201705396175,0.1471896767616272,실측,508.16430625000004
soft_3mm_r1,426,240,cycle,2,0.0338497906923294,0.0357277020812034,0.0771167650818824,0.1002002581954002,0.1021347716450691,0.1199147999286651,0.0739135444164276,0.1387754827737808,0.0751122534275055,0.4425259232521057,0.9659531712532043,0.0335838347673416,0.186479166150093,0.9590479135513306,0.0493741780519485,0.0613740310072898,59,80,none,grey,706,155,139,2.3746001720428467,0.0010253695072606,0.000847204006277,0.0001604334102012,30,30,28,0.1812538120040812,0.2920129345309349,64,64,1,13.5,0.0347887463867664,0.1021347716450691,실측,508.16430625000004
soft_3mm_r1,320,180,cycle,0,0.0342172533273696,0.0525949746370315,0.0934777334332466,0.114958144724369,0.1249488592147827,0.1396370232105255,0.0877682045102119,0.1456136554479599,0.1097085699439048,0.4425259232521057,0.9551854729652404,0.0374070852994918,0.186479166150093,0.9529485702514648,0.0467818267643451,0.0856162086129188,59,80,none,grey,706,155,139,2.3746001720428467,0.001078656874597,0.0007087510894052,0.0001728729112073,30,30,30,0.1356160257423228,0.3109010019610005,64,64,1,9.1,0.04340611398220055,0.1249488592147827,실측,286.7377777777778
soft_3mm_r1,320,180,cycle,1,0.0399826727807521,0.0363364033401012,0.0975518673658371,0.1206840127706527,0.1241422817111015,0.1394197642803192,0.0881849899888038,0.1279824525117874,0.1213101595640182,0.4425259232521057,0.9506100416183472,0.0353571511805057,0.186479166150093,0.9484811425209044,0.0530578009784221,0.109235867857933,59,80,none,grey,706,155,139,2.3746001720428467,0.0010097454069182,0.0008039778331294,0.0001630479528103,30,30,22,0.1948788240340884,0.2808444115423387,64,64,1,8.0,0.03815953806042665,0.1241422817111015,실측,286.7377777777778
soft_3mm_r1,320,180,cycle,2,0.0409465506672859,0.0298616457730531,0.0724498927593231,0.0939121693372726,0.0977891758084297,0.1143297329545021,0.0705442205071449,0.1215045675635337,0.0802990570664405,0.4425259232521057,0.9700922966003418,0.0365222729742527,0.186479166150093,0.951426327228546,0.0451554507017135,0.0601386055350303,59,80,none,grey,706,155,139,2.3746001720428467,0.0009584294748492,0.0011196301784366,0.0001543616090202,30,30,30,0.1618996615450375,0.2775661345451108,64,64,1,8.0,0.0354040982201695,0.0977891758084297,실측,286.7377777777778
soft_3mm_r1,160,90,cycle,0,0.0367995128035545,0.0301282349973917,0.0629093423485755,0.0822994410991668,0.0887954235076904,0.1032637879252433,0.0591762736439704,0.1124744489789009,0.0713321417570114,0.4425259232521057,0.9770314693450928,0.0325395204126834,0.186479166150093,0.9556506872177124,0.0460941940546035,0.0529445298016071,59,80,none,grey,706,155,139,2.3746001720428467,0.0010439248289912,0.0007242620922625,0.0001645537558943,30,30,22,0.2862776575277614,0.2855193291940996,64,64,1,3.9,0.033463873900473104,0.0887954235076904,실측,71.68444444444445
soft_3mm_r1,160,90,cycle,1,0.0286497753113508,0.0460478067398071,0.06484105437994,0.0877823382616043,0.0951064154505729,0.1094006597995758,0.0656583234667778,0.1061120107769966,0.0869897827506065,0.4425259232521057,0.9738691449165344,0.0429590828716754,0.186479166150093,0.948821187019348,0.0487430952489376,0.0652019158005714,59,80,none,grey,706,155,139,2.3746001720428467,0.0016286378959193,0.0006126995431259,0.0001607182348379,30,30,27,0.2319663102836176,0.2974556215347782,64,64,1,2.9,0.03734879102557895,0.0951064154505729,실측,71.68444444444445
soft_3mm_r1,160,90,cycle,2,0.0313446298241615,0.0392958112061023,0.0709111392498016,0.0905995070934295,0.0962963923811912,0.1107534989714622,0.0670093819499015,0.1211259514093399,0.0779846161603927,0.4425259232521057,0.9721649885177612,0.0339967533946037,0.186479166150093,0.9604219198226928,0.0438709370791912,0.0592200867831707,59,80,none,grey,706,155,139,2.3746001720428467,0.0010133817559108,0.0008697739103808,0.0001604433491593,30,30,28,0.2366160777405368,0.2921157959968813,64,64,1,2.9,0.0353202205151319,0.0962963923811912,실측,71.68444444444445
soft_3mm_r1,80,45,cycle,0,0.0912960171699523,0.0614592246711254,0.1151469275355339,0.1999599039554596,0.1793102771043777,0.2455586344003677,0.1210551112890243,0.2629515528678894,0.1176248341798782,0.4425259232521057,0.8644107580184937,0.0846307501196861,0.186479166150093,0.6974263191223145,0.102967195212841,0.0572380237281322,59,80,none,grey,706,155,139,2.3746001720428467,0.0015657413750886,0.0022725553717464,0.0002311471907887,30,30,22,0.2862596241678124,0.4724709295457409,64,64,1,3.0,0.07637762092053885,0.1793102771043777,실측,17.921111111111113
soft_3mm_r1,80,45,cycle,1,0.0385001599788665,0.0578755587339401,0.1310049593448639,0.1775003671646118,0.1617333889007568,0.2124524414539337,0.1354446113109588,0.1563291698694229,0.1657190024852752,0.4425259232521057,0.893159031867981,0.053063977509737,0.186479166150093,0.7676421403884888,0.0477097183465957,0.1379108726978302,59,80,none,grey,706,155,139,2.3746001720428467,0.0026755644939839,0.0006542660994455,0.0001489400892751,30,30,30,0.2471741091766033,0.29781737789031,64,64,1,2.0,0.048187859356403295,0.1617333889007568,실측,17.921111111111113
soft_3mm_r1,80,45,cycle,2,0.0695008412003517,0.0693585723638534,0.1093710958957672,0.1416368931531906,0.1630603820085525,0.1851564645767212,0.1001586765050888,0.2025965452194214,0.1339024752378463,0.4425259232521057,0.931971311569214,0.0900327935814857,0.186479166150093,0.7634970545768738,0.0967402756214141,0.0918514505028724,59,80,none,grey,706,155,139,2.3746001720428467,0.0020512270275503,0.0007456666789948,0.0002250827965326,30,30,27,0.2447056974635245,0.4148146229405557,64,64,1,2.1,0.06942970678210256,0.1630603820085525,실측,17.921111111111113
soft_3mm_r1,48,27,cycle,0,0.0958236977458,0.0866124927997589,0.197483405470848,0.3052026331424713,0.2567320466041565,0.3591828644275665,0.1760172694921493,0.431107223033905,0.1281303614377975,0.4425259232521057,0.6841245889663696,0.0971632376313209,0.186479166150093,0.5844618082046509,0.1635282188653946,0.0812225714325904,59,80,none,grey,706,155,139,2.3746001720428467,0.0026796390302479,0.0013913303846493,0.0001775739074219,30,30,14,0.4514527901711612,0.4368519444619456,64,64,1,2.8,0.09121809527277945,0.2567320466041565,실측,6.451599999999998
soft_3mm_r1,48,27,cycle,1,0.0372066386044025,0.050047393888235,0.1190706714987754,0.172178566455841,0.1470727920532226,0.1929866075515747,0.1140400320291519,0.2085927128791809,0.1017018780112266,0.4425259232521057,0.8994695544242859,0.044779997318983,0.186479166150093,0.9318081140518188,0.0618405751883983,0.0865937024354934,59,80,none,grey,706,155,139,2.3746001720428467,0.0012918420834466,0.0010955119505524,0.0002111423527821,30,30,27,0.2695879929464194,0.3563705075171686,64,64,1,2.0,0.04362701624631875,0.1470727920532226,실측,6.451599999999998
soft_3mm_r1,48,27,cycle,2,0.0566651821136474,0.0702457949519157,0.1223074570298194,0.1667328923940658,0.1687054336071014,0.217520385980606,0.1148603782057762,0.2510826885700226,0.1079522222280502,0.4425259232521057,0.9057281613349916,0.0823156088590622,0.186479166150093,0.7193120121955872,0.1134523749351501,0.0783578008413314,59,80,none,grey,706,155,139,2.3746001720428467,0.0013115091715008,0.0009778059320524,0.0002206436765845,30,30,29,0.2448163265547063,0.3875588017125284,64,64,1,1.9,0.06345548853278155,0.1687054336071014,실측,6.451599999999998
soft_3mm_r1,32,18,cycle,0,0.071407563984394,0.0800158828496933,0.1861704438924789,0.2359843701124191,0.238060250878334,0.2801324427127838,0.1901956051588058,0.2796005606651306,0.2074242383241653,0.4425259232521057,0.811154842376709,0.0832238718867302,0.186479166150093,0.6923621296882629,0.1078946068882942,0.1775163859128952,59,80,none,grey,706,155,139,2.3746001720428467,0.0021922904998064,0.0012333947233855,0.0001755531266098,30,30,22,0.3660516104009266,0.4392147925592238,64,64,1,3.3,0.07571172341704366,0.238060250878334,실측,2.867377777777777
soft_3mm_r1,32,18,cycle,1,0.0503916069865226,0.1104564741253852,0.1882860958576202,0.2356564402580261,0.2439192831516266,0.2805414497852325,0.1923525631427765,0.3040064573287964,0.1996050328016281,0.4425259232521057,0.8116793632507324,0.0998793020844459,0.186479166150093,0.719696044921875,0.0867966562509536,0.1536953151226043,59,80,none,grey,706,155,139,2.3746001720428467,0.0017721117474138,0.0024603733327239,0.000187520738109,30,30,24,0.3459380908998484,0.4612268078711725,64,64,1,2.3,0.0804240405559539,0.2439192831516266,실측,2.867377777777777
soft_3mm_r1,32,18,cycle,2,0.05769769474864,0.060831569135189,0.1597976833581924,0.2088779956102371,0.198727861046791,0.239994004368782,0.161125510931015,0.2495886087417602,0.1612180769443512,0.4425259232521057,0.8520467281341553,0.0639693588018417,0.186479166150093,0.8305599093437195,0.0912006422877311,0.1407017260789871,59,80,none,grey,706,155,139,2.3746001720428467,0.0019545170944184,0.0011819738429039,0.0002199495938839,30,30,28,0.3837163215318415,0.4130303659746723,64,64,1,2.3,0.0592646319419145,0.198727861046791,실측,2.867377777777777
soft_3mm_r1,16,9,cycle,0,0.1040467843413353,0.106519877910614,0.2390092760324478,0.3913999199867248,0.3130037188529968,0.6431020498275757,0.2436591982841491,0.4107791483402252,0.2408943623304367,0.4425259232521057,0.4805056452751159,0.1208931729197502,0.186479166150093,-3.391291618347168,0.2202947437763214,0.2195321023464203,59,80,none,grey,706,155,139,2.3746001720428467,0.0028235558420419,0.0016459750477224,0.0002091642818413,30,30,27,0.3932989278528575,0.463149163030809,64,64,1,3.8,0.10528333112597466,0.3130037188529968,실측,0.7168444444444443
soft_3mm_r1,16,9,cycle,1,0.0628480836749076,0.0807844102382659,0.3065058887004852,0.3582410514354706,0.3507851362228393,0.3953723907470703,0.3021584749221802,0.3676484823226928,0.3383484184741974,0.4425259232521057,0.5647988319396973,0.0879817306995391,0.186479166150093,0.6132451891899109,0.1359167397022247,0.3258723616600036,59,80,none,grey,706,155,139,2.3746001720428467,0.0020755461882799,0.0031974301673471,0.0001746433408698,30,30,24,0.4121164019317194,0.5059130268712198,64,64,1,2.2,0.07181624695658675,0.3507851362228393,실측,0.7168444444444443
soft_3mm_r1,16,9,cycle,2,0.1069627255201339,0.1126066297292709,0.3562667965888977,0.4013159275054931,0.4213522672653198,0.4720079898834228,0.3603926002979278,0.4736989140510559,0.3827466368675232,0.4425259232521057,0.4538497924804687,0.1373109817504882,0.186479166150093,0.018847107887268,0.1315228044986724,0.3235134184360504,59,80,none,grey,706,155,139,2.3746001720428467,0.0032899554353207,0.0023877331987023,0.0001409377291565,30,30,16,0.4288165191077646,0.4684287655738092,64,64,1,2.2,0.1097846776247024,0.4213522672653198,실측,0.7168444444444443
soft_3mm_r1,8,5,cycle,0,0.1565881669521331,0.1115135326981544,0.2414937764406204,0.4165225028991699,0.3626361191272735,0.5127407312393188,0.2341799288988113,0.5680104494094849,0.2111726105213165,0.4425259232521057,0.4116763472557068,0.1384174972772598,0.186479166150093,0.1476243734359741,0.2409647554159164,0.1762864589691162,59,80,none,grey,706,155,139,2.3746001720428467,0.0027286037802696,0.0030517054256051,0.0002091448695864,30,30,11,0.5613978915444177,0.620148172686177,64,64,1,3.8,0.13405084982514376,0.3626361191272735,실측,0.17921111111111107
soft_3mm_r1,8,5,cycle,1,0.1464461386203766,0.203101098537445,0.3783541917800903,1.2550597190856934,0.496951699256897,1.3260128498077393,0.3468788564205169,0.7082574963569641,0.3411136567592621,0.4425259232521057,-4.341560363769531,0.2094093114137649,0.186479166150093,-1.6467335224151611,0.2595719993114471,0.2652063369750976,59,80,none,grey,706,155,139,2.3746001720428467,0.0036658609751611,0.0039390800520777,0.0002236038417322,30,30,22,0.4129981839285356,0.6079777502244519,64,64,1,2.2,0.1747736185789108,0.496951699256897,실측,0.17921111111111107
soft_3mm_r1,8,5,cycle,2,0.1242443621158599,0.1527773588895797,0.4065934717655182,0.4793019294738769,0.502906322479248,0.550663411617279,0.3929688632488251,0.5566715598106384,0.4632543921470642,0.4425259232521057,0.220963716506958,0.1273881644010543,0.186479166150093,0.3226467370986938,0.20838662981987,0.4074537754058838,59,80,none,grey,706,155,139,2.3746001720428467,0.0029258448630571,0.0025840287562459,0.0001612116175238,30,30,14,0.5324072040849637,0.6176710682530557,64,64,1,2.2,0.1385108605027198,0.502906322479248,실측,0.17921111111111107
