sensor,width_px,height_px,split,seed,fx_mae,fy_mae,fz_mae,fz_rmse,res_mae,res_rmse,mag_mae,res_mae_shear,res_mae_normal,fz_mae_baseline,fz_r2,lat_mae,lat_mae_baseline,lat_r2,lat_mae_shear,fz_mae_normal,n_test_shear,n_test_normal,norm,rep,n_train,n_val,n_test,fz_range,tx_mae,ty_mae,tz_mae,epochs,epochs_run,best_epoch,train_loss,val_loss,batch,micro_batch,accum,seconds,sh,res,res_kind,density_px_per_mm2
hard_1mm_r1,1920,1080,cycle,0,0.0200487598776817,0.026297939941287,0.1038620024919509,0.137797325849533,0.1156440451741218,0.1442430764436721,0.100760743021965,0.1558117270469665,0.0806407704949379,0.4310285151004791,0.9352372288703918,0.0294823236763477,0.1646454185247421,0.9635815024375916,0.0330936312675476,0.0692598670721054,61,70,none,inpaint,735,134,131,2.8247201442718506,0.0007654824294149,0.0004740027070511,0.0001363473857054,30,30,25,0.1528531680301744,0.2394824099184861,64,4,16,279.2,0.023173349909484352,0.1156440451741218,실측,16384.0
hard_1mm_r1,1920,1080,cycle,1,0.0158650632947683,0.0236307401210069,0.1125820130109787,0.1456573009490966,0.1209363415837287,0.1502947956323623,0.10929786413908,0.1646508872509002,0.0828422382473945,0.4310285151004791,0.9276383519172668,0.0251945182681083,0.1646454185247421,0.971980631351471,0.0271808225661516,0.0741122737526893,61,70,none,inpaint,735,134,131,2.8247201442718506,0.0005218004225753,0.0003513567207846,0.0001464483939344,30,30,30,0.1255478917538714,0.231360150584534,64,4,16,268.8,0.0197479017078876,0.1209363415837287,실측,16384.0
hard_1mm_r1,1920,1080,cycle,2,0.022482743486762,0.0256109628826379,0.12664395570755,0.1619924157857895,0.1369281262159347,0.1684319376945495,0.1213202178478241,0.1922777593135833,0.0886948853731155,0.4310285151004791,0.9104979038238524,0.0263374559581279,0.1646454185247421,0.9648649096488952,0.0404421612620353,0.082865685224533,61,70,none,inpaint,735,134,131,2.8247201442718506,0.0005514052463695,0.0004608102317433,0.0001462749933125,30,30,26,0.1423860624736669,0.2180195877801126,64,4,16,271.9,0.02404685318469995,0.1369281262159347,실측,16384.0
hard_1mm_r1,1280,720,cycle,0,0.0205030962824821,0.0271334368735551,0.1457219570875167,0.1868263036012649,0.155874565243721,0.1920188069343567,0.1422963142395019,0.2332111299037933,0.0884813070297241,0.4310285151004791,0.8809525966644287,0.0280861929059028,0.1646454185247421,0.9656137824058532,0.0296056773513555,0.0771862566471099,61,70,none,inpaint,735,134,131,2.8247201442718506,0.0006346976733766,0.0004937883350066,0.0001389654062222,30,30,30,0.1632678024622858,0.2431687703773156,64,8,8,119.2,0.0238182665780186,0.155874565243721,실측,7281.777777777777
hard_1mm_r1,1280,720,cycle,1,0.0188722144812345,0.0296170432120561,0.1438096463680267,0.1768667548894882,0.1524978280067443,0.1833741664886474,0.1397384852170944,0.2143613696098327,0.098588153719902,0.4310285151004791,0.8933069109916687,0.0296554993838071,0.1646454185247421,0.9536128044128418,0.0427760630846023,0.0919262692332267,61,70,none,inpaint,735,134,131,2.8247201442718506,0.0007990236044861,0.000662978622131,0.000146159043652,30,30,29,0.1254521815955233,0.2466175066891001,64,8,8,118.3,0.0242446288466453,0.1524978280067443,실측,7281.777777777777
hard_1mm_r1,1280,720,cycle,2,0.0189826041460037,0.023713793605566,0.0965621694922447,0.1228074803948402,0.1070984899997711,0.1300289183855056,0.0930618569254875,0.1404696553945541,0.0780178979039192,0.4310285151004791,0.948560893535614,0.0238697938621044,0.1646454185247421,0.9696312546730042,0.0381457805633544,0.0740178003907203,61,70,none,inpaint,735,134,131,2.8247201442718506,0.0006072131218388,0.0003891192318405,0.000144181161886,30,30,29,0.118704524737637,0.2226501818913132,64,8,8,117.9,0.02134819887578485,0.1070984899997711,실측,7281.777777777777
hard_1mm_r1,854,480,cycle,0,0.0214183796197175,0.0269210822880268,0.1216911226511001,0.1491128206253051,0.1308653801679611,0.1563297659158706,0.1180639490485191,0.1829135864973068,0.0855090618133544,0.4310285151004791,0.9241642951965332,0.0232146717607975,0.1646454185247421,0.9699693918228148,0.0337575115263462,0.0800693184137344,61,70,none,inpaint,735,134,131,2.8247201442718506,0.0006940211169421,0.000401899422286,0.0001434566511306,30,30,30,0.1472789779001352,0.2379975674757317,64,16,4,55.2,0.02416973095387215,0.1308653801679611,실측,3241.404444444444
hard_1mm_r1,854,480,cycle,1,0.0208002254366874,0.0317244008183479,0.1516831368207931,0.1900124549865722,0.1627715080976486,0.1965889483690261,0.1462607085704803,0.2351826876401901,0.099670335650444,0.4310285151004791,0.8768575191497803,0.0286261234432458,0.1646454185247421,0.9566725492477416,0.0413093790411949,0.0909619927406311,61,70,none,inpaint,735,134,131,2.8247201442718506,0.0007196570513769,0.0004523014649748,0.0001445881061954,30,30,26,0.1513279386118155,0.2468145534173766,64,16,4,54.1,0.02626231312751765,0.1627715080976486,실측,3241.404444444444
hard_1mm_r1,854,480,cycle,2,0.0368492640554904,0.0242582727223634,0.1115425005555152,0.1438459753990173,0.1298404484987259,0.1532185971736908,0.1079484224319458,0.1458750069141388,0.1158674657344818,0.4310285151004791,0.929426908493042,0.0374754481017589,0.1646454185247421,0.9441577196121216,0.0363956801593303,0.0996147766709327,61,70,none,inpaint,735,134,131,2.8247201442718506,0.0006437751580961,0.0005315341404639,0.0001410078839398,30,30,20,0.2041246464463318,0.2534247512248025,64,16,4,53.6,0.0305537683889269,0.1298404484987259,실측,3241.404444444444
hard_1mm_r1,640,360,cycle,0,0.019560283049941,0.0417572446167469,0.1773945689201355,0.2111526131629943,0.1896179467439651,0.2180272042751312,0.1735313236713409,0.2429122328758239,0.143175795674324,0.4310285151004791,0.8479323983192444,0.0402520634233951,0.1646454185247421,0.9402463436126708,0.0328885838389396,0.1265069991350174,61,70,none,inpaint,735,134,131,2.8247201442718506,0.0009256211924366,0.0005486671580001,0.0001551126915728,30,30,27,0.1598618053254627,0.2792453178718908,64,32,2,30.6,0.03065876383334395,0.1896179467439651,실측,1820.4444444444443
hard_1mm_r1,640,360,cycle,1,0.019496988505125,0.0239496640861034,0.086469754576683,0.1093867644667625,0.0985925421118736,0.1169683933258056,0.0849181041121482,0.1064432859420776,0.0917511880397796,0.4310285151004791,0.9591893553733826,0.0238902755081653,0.1646454185247421,0.9689055681228638,0.0318480134010314,0.0838526338338851,61,70,none,inpaint,735,134,131,2.8247201442718506,0.0005995097453705,0.0005065910518169,0.0001486128458054,30,30,30,0.1408392215261654,0.2442352131231507,64,32,2,29.9,0.0217233262956142,0.0985925421118736,실측,1820.4444444444443
hard_1mm_r1,640,360,cycle,2,0.0442306213080883,0.0265589319169521,0.1104264259338378,0.1348192542791366,0.1299709230661392,0.1473733484745025,0.1071374341845512,0.1307830959558487,0.1292631775140762,0.4310285151004791,0.9380062818527222,0.0350466892123222,0.1646454185247421,0.950343668460846,0.0430228002369403,0.1141791194677352,61,70,none,inpaint,735,134,131,2.8247201442718506,0.0006361825508065,0.000654813775327,0.0001349543599644,30,30,30,0.1660429724219705,0.2580219774103876,64,32,2,29.8,0.035394776612520204,0.1299709230661392,실측,1820.4444444444443
hard_1mm_r1,426,240,cycle,0,0.0218964871019125,0.0260061025619506,0.0871480554342269,0.108848787844181,0.1009036302566528,0.1182486563920974,0.0850215777754783,0.1212576329708099,0.0831665620207786,0.4310285151004791,0.9595897793769836,0.0290684960782527,0.1646454185247421,0.957762897014618,0.0318781845271587,0.072766974568367,61,70,none,inpaint,735,134,131,2.8247201442718506,0.0005891735781915,0.0004800435854122,0.000170068044099,30,30,29,0.201553404412302,0.2491352335730595,64,64,1,15.4,0.02395129483193155,0.1009036302566528,실측,806.56
hard_1mm_r1,426,240,cycle,1,0.0282346196472644,0.0249579604715108,0.0843355283141136,0.1030271649360656,0.0999053195118904,0.1137690991163253,0.0823154747486114,0.1067393571138382,0.093949943780899,0.4310285151004791,0.9637967944145204,0.0264667384326457,0.1646454185247421,0.9663058519363404,0.0355407558381557,0.0845060124993324,61,70,none,inpaint,735,134,131,2.8247201442718506,0.0007417789893224,0.0005224312772043,0.0001515282492619,30,30,30,0.1223680866007902,0.2471415489467222,64,64,1,13.9,0.0265962900593876,0.0999053195118904,실측,806.56
hard_1mm_r1,426,240,cycle,2,0.021301906555891,0.0378261059522628,0.0946277156472206,0.1236128583550453,0.1121497824788093,0.1337978392839431,0.0929474830627441,0.1226545870304107,0.1029955968260765,0.4310285151004791,0.9478840231895448,0.039008229970932,0.1646454185247421,0.9420392513275146,0.0281837619841098,0.0821029767394065,61,70,none,inpaint,735,134,131,2.8247201442718506,0.0008843601681292,0.0004103660176042,0.0001420647313352,30,30,28,0.1410615823706802,0.2670440789478928,64,64,1,13.9,0.029564006254076902,0.1121497824788093,실측,806.56
hard_1mm_r1,320,180,cycle,0,0.0293325278908014,0.0520597882568836,0.0789076909422874,0.1001295074820518,0.1079312264919281,0.120472714304924,0.0778810903429985,0.1066616028547287,0.1090375930070877,0.4310285151004791,0.9658045768737792,0.0524238124489784,0.1646454185247421,0.8996706008911133,0.0352062433958053,0.0757941007614135,61,70,none,inpaint,735,134,131,2.8247201442718506,0.0006601729546673,0.0005078387330286,0.0001584962446941,30,30,30,0.1805099837634028,0.2888917771737967,64,64,1,9.4,0.0406961580738425,0.1079312264919281,실측,455.1111111111111
hard_1mm_r1,320,180,cycle,1,0.0213109645992517,0.0299300737679004,0.0814378187060356,0.1069136932492256,0.0973838791251182,0.1171407848596572,0.079372189939022,0.1171267181634903,0.0801794156432151,0.4310285151004791,0.9610138535499572,0.0252070575952529,0.1646454185247421,0.9659563302993774,0.0352164059877395,0.0699450597167015,61,70,none,inpaint,735,134,131,2.8247201442718506,0.0006509609520435,0.000444151344709,0.0001425374211976,30,30,30,0.1297936063234498,0.2463437389971605,64,64,1,8.2,0.02562051918357605,0.0973838791251182,실측,455.1111111111111
hard_1mm_r1,320,180,cycle,2,0.0158450342714786,0.0302305687218904,0.0823885351419448,0.1089538931846618,0.0966678634285926,0.1164940074086189,0.0811932981014251,0.109286218881607,0.0856718644499778,0.4310285151004791,0.9595117568969728,0.0290337372571229,0.1646454185247421,0.965061366558075,0.0222802273929119,0.069583348929882,61,70,none,inpaint,735,134,131,2.8247201442718506,0.0007386496290564,0.0003818620753008,0.0001510543661424,30,30,28,0.1472308528666593,0.2504032067398526,64,64,1,8.2,0.023037801496684503,0.0966678634285926,실측,455.1111111111111
hard_1mm_r1,160,90,cycle,0,0.0188805516809225,0.0221836660057306,0.0826938822865486,0.1034940853714943,0.0929089188575744,0.1104752421379089,0.0796496570110321,0.1141804978251457,0.0743722543120384,0.4310285151004791,0.9634678959846495,0.0244388245046138,0.1646454185247421,0.9711937308311462,0.0297944825142622,0.0668165758252143,61,70,none,inpaint,735,134,131,2.8247201442718506,0.0005132354563102,0.0004272106743883,0.0001882421493064,30,30,24,0.2094413043690376,0.2550135050246964,64,64,1,3.9,0.02053210884332655,0.0929089188575744,실측,113.77777777777777
hard_1mm_r1,160,90,cycle,1,0.0233065523207187,0.0321417711675167,0.0777393728494644,0.0993281155824661,0.0949898660182952,0.1111075356602668,0.0767331421375274,0.1093388348817825,0.0824857652187347,0.4310285151004791,0.9663497805595398,0.0282764714211225,0.1646454185247421,0.96354341506958,0.0378774292767047,0.0716221258044242,61,70,none,inpaint,735,134,131,2.8247201442718506,0.0006074653356336,0.0005006227875128,0.0001731909724185,30,30,26,0.18756644579829,0.2349920699845499,64,64,1,3.0,0.027724161744117702,0.0949898660182952,실측,113.77777777777777
hard_1mm_r1,160,90,cycle,2,0.0178536083549261,0.0237844139337539,0.0789662599563598,0.1024418026208877,0.0916143506765365,0.1100624352693557,0.0765532329678535,0.1049980074167251,0.0799514278769493,0.4310285151004791,0.9642069935798644,0.0244307518005371,0.1646454185247421,0.9717987179756165,0.0308672674000263,0.0707238167524337,61,70,none,inpaint,735,134,131,2.8247201442718506,0.0005591883091256,0.0004268084303475,0.0001570107851875,30,30,30,0.1648076556977771,0.2196162476468442,64,64,1,3.0,0.02081901114434,0.0916143506765365,실측,113.77777777777777
hard_1mm_r1,80,45,cycle,0,0.0469117388129234,0.0219769570976495,0.0804525464773178,0.1057435870170593,0.1053017526865005,0.1224760711193084,0.0789578706026077,0.1332040280103683,0.0809869170188903,0.4310285151004791,0.9618625044822692,0.0310810022056102,0.1646454185247421,0.9468887448310852,0.0444090701639652,0.0618560574948787,61,70,none,inpaint,735,134,131,2.8247201442718506,0.0004563325492199,0.0008787197293713,0.0001374410785501,30,30,26,0.2400051519173343,0.2516112372056762,64,64,1,3.2,0.03444434795528645,0.1053017526865005,실측,28.444444444444443
hard_1mm_r1,80,45,cycle,1,0.0240615606307983,0.0197393391281366,0.1057636588811874,0.1295230984687805,0.1153530105948448,0.1366857588291168,0.103623017668724,0.1371219158172607,0.0963829681277275,0.4310285151004791,0.9427812695503236,0.02337396889925,0.1646454185247421,0.9667597413063048,0.0374309420585632,0.09224234521389,61,70,none,inpaint,735,134,131,2.8247201442718506,0.0005549906636588,0.0005594156100414,0.0001385408395435,30,30,29,0.2114164598945046,0.2355580952630114,64,64,1,2.1,0.021900449879467453,0.1153530105948448,실측,28.444444444444443
hard_1mm_r1,80,45,cycle,2,0.0217654723674058,0.0181843545287847,0.1098744869232177,0.1353284567594528,0.1178555637598037,0.1409533768892288,0.1087430417537689,0.1370427906513214,0.1011352837085723,0.4310285151004791,0.9375371336936952,0.0219381190836429,0.1646454185247421,0.9718061089515686,0.033242180943489,0.0968842059373855,61,70,none,inpaint,735,134,131,2.8247201442718506,0.0003858508134726,0.00045794819016,0.0001384039933327,30,30,30,0.2356303779446348,0.2130370317999996,64,64,1,2.1,0.019974913448095252,0.1178555637598037,실측,28.444444444444443
hard_1mm_r1,48,27,cycle,0,0.0169591661542654,0.0244579277932643,0.1193685457110405,0.1528120934963226,0.1267584264278412,0.1579264402389526,0.1193078607320785,0.1829785406589508,0.0777666196227073,0.4310285151004791,0.9203548431396484,0.0256441738456487,0.1646454185247421,0.9693526029586792,0.0352736450731754,0.0727768391370773,61,70,none,inpaint,735,134,131,2.8247201442718506,0.0005568102351389,0.0004405523068271,0.0001391059631714,30,30,29,0.2402971228774713,0.2507618131922252,64,64,1,3.0,0.020708546973764848,0.1267584264278412,실측,10.240000000000002
hard_1mm_r1,48,27,cycle,1,0.0190862193703651,0.0245462674647569,0.10910414904356,0.1416803747415542,0.1188903152942657,0.1491931974887848,0.1046725586056709,0.1730896979570388,0.0716594159603118,0.4310285151004791,0.9315358400344848,0.0232280995696783,0.1646454185247421,0.9631251692771912,0.0394128449261188,0.0687123164534568,61,70,none,inpaint,735,134,131,2.8247201442718506,0.000745280936826,0.0003868615604005,0.0001416260347468,30,30,29,0.2386628079576557,0.2145983069690305,64,64,1,2.0,0.021816243417561,0.1188903152942657,실측,10.240000000000002
hard_1mm_r1,48,27,cycle,2,0.0161011256277561,0.0231510549783706,0.1418596059083938,0.1854260563850402,0.1473369151353836,0.1903922855854034,0.1386978179216385,0.228869616985321,0.076286993920803,0.4310285151004791,0.8827304244041443,0.022885724902153,0.1646454185247421,0.9685031771659852,0.0397690795361995,0.0743768662214279,61,70,none,inpaint,735,134,131,2.8247201442718506,0.0006613684236072,0.0003753196506295,0.000146148042404,30,30,30,0.2275185695310839,0.238550150572364,64,64,1,2.1,0.01962609030306335,0.1473369151353836,실측,10.240000000000002
hard_1mm_r1,32,18,cycle,0,0.0283457059413194,0.0248982273042202,0.105417214334011,0.1378751695156097,0.1209636703133583,0.1506483107805252,0.1023320630192756,0.1785858273506164,0.0707500576972961,0.4310285151004791,0.9351640343666076,0.0358311906456947,0.1646454185247421,0.9165381193161012,0.0638980492949485,0.0671808347105979,61,70,none,inpaint,735,134,131,2.8247201442718506,0.0010308135533705,0.0006401257123798,0.0001441742788301,30,30,25,0.281346203031994,0.2904710200295519,64,64,1,3.4,0.026621966622769798,0.1209636703133583,실측,4.551111111111111
hard_1mm_r1,32,18,cycle,1,0.0258729252964258,0.0251399688422679,0.1429170817136764,0.185783714056015,0.1521637737751007,0.1929654479026794,0.1384005099534988,0.2116463482379913,0.1003289818763732,0.4310285151004791,0.8822776079177856,0.0298003759235143,0.1646454185247421,0.9485946297645568,0.046532355248928,0.0939276292920112,61,70,none,inpaint,735,134,131,2.8247201442718506,0.0006090830429457,0.0004203811404295,0.0001438687613699,30,30,28,0.2778824462371618,0.2721946506357904,64,64,1,2.3,0.02550644706934685,0.1521637737751007,실측,4.551111111111111
hard_1mm_r1,32,18,cycle,2,0.0220709573477506,0.0197846200317144,0.1114846095442771,0.1502367109060287,0.1198096647858619,0.1555299609899521,0.1084124073386192,0.1681128591299057,0.0777168646454811,0.4310285151004791,0.9230167865753174,0.0232694968581199,0.1646454185247421,0.9707445502281188,0.0343360602855682,0.0723413899540901,61,70,none,inpaint,735,134,131,2.8247201442718506,0.001066101831384,0.0005533819203265,0.0001414738653693,30,30,29,0.2735485998140711,0.2632961566768475,64,64,1,2.2,0.020927788689732503,0.1198096647858619,실측,4.551111111111111
hard_1mm_r1,16,9,cycle,0,0.0330140963196754,0.0354866571724414,0.1042365729808807,0.1330252438783645,0.1267551332712173,0.1494024246931076,0.1037951782345771,0.1519970744848251,0.1047585681080818,0.4310285151004791,0.9396451711654664,0.0445200689136981,0.1646454185247421,0.9013469815254213,0.0646816939115524,0.0957949012517929,61,70,none,inpaint,735,134,131,2.8247201442718506,0.0006984563078731,0.0007915453752502,0.0001412299025105,30,30,30,0.2725917271205357,0.2729378458279282,64,64,1,3.7,0.034250376746058395,0.1267551332712173,실측,1.1377777777777778
hard_1mm_r1,16,9,cycle,1,0.0288440957665443,0.0411026366055011,0.1081112772226333,0.1557209342718124,0.1294834315776825,0.1785746067762375,0.101999282836914,0.1755957901477813,0.0892997980117797,0.4310285151004791,0.9172938466072084,0.0421816520392894,0.1646454185247421,0.8883423805236816,0.0690319016575813,0.0833708718419075,61,70,none,inpaint,735,134,131,2.8247201442718506,0.0008847087738104,0.0007199086248874,0.000141075841384,30,30,30,0.3191324532437486,0.238501864582745,64,64,1,2.2,0.0349733661860227,0.1294834315776825,실측,1.1377777777777778
hard_1mm_r1,16,9,cycle,2,0.0251186806708574,0.0265684444457292,0.1159705221652984,0.1544117182493209,0.1292897462844848,0.163774088025093,0.1142304614186286,0.1787689626216888,0.0861721187829971,0.4310285151004791,0.9186787009239196,0.0251905862241983,0.1646454185247421,0.9600791931152344,0.0416047796607017,0.0826267004013061,61,70,none,inpaint,735,134,131,2.8247201442718506,0.0008672747062519,0.0005926196463406,0.0001384913048241,30,30,30,0.2879601459113919,0.2564987264462371,64,64,1,2.3,0.0258435625582933,0.1292897462844848,실측,1.1377777777777778
hard_1mm_r1,8,5,cycle,0,0.0328432060778141,0.0359779968857765,0.1391927599906921,0.1843900978565216,0.1563233584165573,0.1992926448583603,0.1352196484804153,0.2228400707244873,0.0983587801456451,0.4310285151004791,0.8840371370315552,0.0427975468337535,0.1646454185247421,0.8869626522064209,0.0707856342196464,0.092313639819622,61,70,none,inpaint,735,134,131,2.8247201442718506,0.0011624034959822,0.0007951550069265,0.0001402789785061,30,30,30,0.3093776936433753,0.3000567439776748,64,64,1,4.0,0.0344106014817953,0.1563233584165573,실측,0.28444444444444444
hard_1mm_r1,8,5,cycle,1,0.0469225160777568,0.0399395264685153,0.1309264451265335,0.1610137522220611,0.1594561487436294,0.1884184330701828,0.1322327107191085,0.1807581931352615,0.1408929377794265,0.4310285151004791,0.9115760922431946,0.0557761080563068,0.1646454185247421,0.7859079837799072,0.0619351118803024,0.1141582503914833,61,70,none,inpaint,735,134,131,2.8247201442718506,0.001052021048963,0.0012347149895504,0.0001371972757624,30,30,28,0.3413987347868835,0.3171363464042322,64,64,1,2.2,0.04343102127313605,0.1594561487436294,실측,0.28444444444444444
hard_1mm_r1,8,5,cycle,2,0.0359178446233272,0.0374443717300891,0.1934770494699478,0.2419674098491668,0.2106134295463562,0.2551352381706238,0.1917607486248016,0.2761794030666351,0.1534773409366607,0.4310285151004791,0.800309419631958,0.0463945381343364,0.1646454185247421,0.8626717329025269,0.0816837921738624,0.1500842422246933,61,70,none,inpaint,735,134,131,2.8247201442718506,0.0010201160330325,0.0008406243869103,0.0001433594006812,30,30,30,0.2829094452111899,0.2908296086894932,64,64,1,2.3,0.03668110817670815,0.2106134295463562,실측,0.28444444444444444
hard_2mm_r1,1920,1080,cycle,0,0.0270789116621017,0.0290545225143432,0.0801983028650283,0.1040951386094093,0.0988002717494964,0.1151791214942932,0.0769101381301879,0.1072009727358818,0.0935498178005218,0.4006738662719726,0.9428600668907166,0.0314398556947708,0.1413746774196624,0.9444460868835448,0.0328220352530479,0.0777044892311096,50,80,none,inpaint,692,178,130,1.9554100036621092,0.0005099229165352,0.0007518456550315,0.0001374042039969,30,30,18,0.2121725687057296,0.2819390417484755,64,4,16,258.1,0.028066717088222448,0.0988002717494964,실측,13271.04
hard_2mm_r1,1920,1080,cycle,1,0.0417791008949279,0.0384038276970386,0.1024461835622787,0.1263230741024017,0.1253821849822998,0.1424220502376556,0.098021000623703,0.1523134112358093,0.1085501760244369,0.4006738662719726,0.915851891040802,0.0449155382812023,0.1413746774196624,0.9137566685676576,0.0414791740477085,0.0863807126879692,50,80,none,inpaint,692,178,130,1.9554100036621092,0.0006555955042131,0.0006743366247974,0.000137009716127,30,30,21,0.1836527333611008,0.2681991548350688,64,4,16,257.2,0.04009146429598325,0.1253821849822998,실측,13271.04
hard_2mm_r1,1920,1080,cycle,2,0.02452596090734,0.0297279823571443,0.0789080038666725,0.1010013446211814,0.0955134034156799,0.1155214756727218,0.0781278610229492,0.1272098273038864,0.0757031291723251,0.4006738662719726,0.9462060928344728,0.0236191004514694,0.1413746774196624,0.9639544486999512,0.0394740849733352,0.0689877942204475,50,80,none,inpaint,692,178,130,1.9554100036621092,0.0006826308672316,0.0005683634080924,0.0001570367312524,30,30,27,0.162643227403219,0.271805596150709,64,4,16,256.8,0.02712697163224215,0.0955134034156799,실측,13271.04
hard_2mm_r1,1280,720,cycle,0,0.0318672470748424,0.0291074402630329,0.0745586082339286,0.0954999253153801,0.0959330946207046,0.111132837831974,0.0704376548528671,0.1245318204164505,0.0780588835477829,0.4006738662719726,0.9519066214561462,0.0249308850616216,0.1413746774196624,0.9561315178871156,0.035105001181364,0.0647435560822486,50,80,none,inpaint,692,178,130,1.9554100036621092,0.00055636750767,0.0006656009354628,0.0001547156862216,30,30,24,0.1590845338526488,0.2965227894568711,64,8,8,112.2,0.03048734366893765,0.0959330946207046,실측,5898.24
hard_2mm_r1,1280,720,cycle,1,0.0225357301533222,0.0267305113375186,0.1071111857891082,0.1295840442180633,0.117859162390232,0.1373196244239807,0.1028058156371116,0.1402138471603393,0.1038875132799148,0.4006738662719726,0.9114513397216796,0.0273049715906381,0.1413746774196624,0.9552631378173828,0.0350538380444049,0.0975093618035316,50,80,none,inpaint,692,178,130,1.9554100036621092,0.0006860369467176,0.0006700265803374,0.0001415760780218,30,30,18,0.2004505926473981,0.269636921333463,64,8,8,111.3,0.0246331207454204,0.117859162390232,실측,5898.24
hard_2mm_r1,1280,720,cycle,2,0.0282360538840293,0.0255382359027862,0.1093140542507171,0.1336528807878494,0.1227441430091857,0.1433759033679962,0.1099570617079734,0.1446980535984039,0.1090229377150535,0.4006738662719726,0.9058033227920532,0.033507440239191,0.1413746774196624,0.9308350086212158,0.0484588891267776,0.1020659655332565,50,80,none,inpaint,692,178,130,1.9554100036621092,0.0006044266046956,0.0010373129043728,0.0001398618187522,30,30,26,0.151532976182899,0.2489865140968494,64,8,8,111.5,0.026887144893407752,0.1227441430091857,실측,5898.24
hard_2mm_r1,854,480,cycle,0,0.0416985861957073,0.0226665306836366,0.1020794361829757,0.1298219263553619,0.12355387955904,0.146753579378128,0.1042626500129699,0.1637428998947143,0.0984357446432113,0.4006738662719726,0.911125898361206,0.0425355285406112,0.1413746774196624,0.866950511932373,0.0758985206484794,0.0882846489548683,50,80,none,inpaint,692,178,130,1.9554100036621092,0.0014996968675404,0.0008843323448672,0.0001527502172393,30,30,6,0.3016581249374874,0.2873851013987252,64,16,4,52.3,0.03218255843967195,0.12355387955904,실측,2625.5376
hard_2mm_r1,854,480,cycle,1,0.0314769744873046,0.0377981103956699,0.0805603638291359,0.1058818325400352,0.1040929779410362,0.1221157163381576,0.0819441303610801,0.1348835229873657,0.0848488882184028,0.4006738662719726,0.9408817291259766,0.0430075339972972,0.1413746774196624,0.9091262817382812,0.0456259809434413,0.0657368153333664,50,80,none,inpaint,692,178,130,1.9554100036621092,0.0009410677012056,0.0008781318319961,0.0001514166651759,30,30,20,0.1900751466695973,0.2858858446726638,64,16,4,51.3,0.03463754244148725,0.1040929779410362,실측,2625.5376
hard_2mm_r1,854,480,cycle,2,0.0329807177186012,0.0405556820333004,0.0911189541220665,0.1141065284609794,0.1160258054733276,0.1327883601188659,0.0917562395334243,0.1421418040990829,0.0997032970190048,0.4006738662719726,0.9313405752182008,0.0512604713439941,0.1413746774196624,0.8680093288421631,0.0642449185252189,0.0826813355088234,50,80,none,inpaint,692,178,130,1.9554100036621092,0.0007571089663542,0.0010454640723764,0.0001461320352973,30,30,28,0.156239704761891,0.298995688390196,64,16,4,51.3,0.0367681998759508,0.1160258054733276,실측,2625.5376
hard_2mm_r1,640,360,cycle,0,0.0340365096926689,0.0448233969509601,0.1047588065266609,0.1342093497514724,0.1310838907957077,0.1515932977199554,0.1044680699706077,0.147003948688507,0.1211338490247726,0.4006738662719726,0.9050172567367554,0.0456870160996913,0.1413746774196624,0.8905812501907349,0.0441253334283828,0.1022207364439964,50,80,none,inpaint,692,178,130,1.9554100036621092,0.0011200095759704,0.0009780747350305,0.0001416542945662,30,30,11,0.2383908353789004,0.3158088748374681,64,32,2,29.3,0.039429953321814495,0.1310838907957077,실측,1474.56
hard_2mm_r1,640,360,cycle,1,0.0295365210622549,0.0249904934316873,0.1045243069529533,0.1245940774679184,0.1195008009672164,0.1344718635082245,0.0968597382307052,0.1350962221622467,0.1097536534070968,0.4006738662719726,0.918139636516571,0.0285174045711755,0.1413746774196624,0.9457963705062866,0.038542341440916,0.0990473702549934,50,80,none,inpaint,692,178,130,1.9554100036621092,0.0005787864211015,0.0007903656223788,0.0001431259152013,30,30,22,0.1949365328502103,0.2418403545122468,64,32,2,28.8,0.0272635072469711,0.1195008009672164,실측,1474.56
hard_2mm_r1,640,360,cycle,2,0.0366649217903614,0.0587621554732322,0.0996606200933456,0.1268084943294525,0.1341965943574905,0.1493530124425888,0.1006539613008499,0.1267174184322357,0.1388710886240005,0.4006738662719726,0.9152039289474488,0.0445164442062377,0.1413746774196624,0.8995833396911621,0.0410810708999633,0.1038900837302208,50,80,none,inpaint,692,178,130,1.9554100036621092,0.001291740569286,0.0009837405523285,0.0001392053236486,30,30,19,0.217666089879295,0.3042194816503631,64,32,2,28.7,0.047713538631796795,0.1341965943574905,실측,1474.56
hard_2mm_r1,426,240,cycle,0,0.0571839697659015,0.0309031456708908,0.1956114023923874,0.2222671657800674,0.2130223512649536,0.2351729124784469,0.1831088811159134,0.2037132233381271,0.2188405990600586,0.4006738662719726,0.7394868731498718,0.0470166951417923,0.1413746774196624,0.8748008608818054,0.064564049243927,0.2074227780103683,50,80,none,inpaint,692,178,130,1.9554100036621092,0.0006504099583253,0.0006694750045426,0.0001406969968229,30,30,18,0.2056947981002014,0.3229415014888463,64,64,1,14.8,0.04404355771839615,0.2130223512649536,실측,653.3136000000001
hard_2mm_r1,426,240,cycle,1,0.0348557941615581,0.0248300582170486,0.1431097984313964,0.1648638397455215,0.1554113179445266,0.1734318733215332,0.1369801163673401,0.195223718881607,0.1305285543203354,0.4006738662719726,0.8566724061965942,0.0314633697271347,0.1413746774196624,0.9401081204414368,0.0401670262217521,0.1194211468100547,50,80,none,inpaint,692,178,130,1.9554100036621092,0.0007191856275312,0.0007709495257586,0.0001467142574256,30,30,27,0.1367596456770263,0.2526822733075431,64,64,1,13.3,0.02984292618930335,0.1554113179445266,실측,653.3136000000001
hard_2mm_r1,426,240,cycle,2,0.0291747581213712,0.0293755512684583,0.0721659883856773,0.0887985676527023,0.0921579673886299,0.1035174950957298,0.0675577744841575,0.0979053378105163,0.088565856218338,0.4006738662719726,0.958419382572174,0.0353241860866546,0.1413746774196624,0.9294383525848388,0.041708830744028,0.073892556130886,50,80,none,inpaint,692,178,130,1.9554100036621092,0.0006765126017853,0.0007015960291028,0.0001655553933233,30,30,28,0.1670663267201771,0.2812859128030498,64,64,1,13.3,0.02927515469491475,0.0921579673886299,실측,653.3136000000001
hard_2mm_r1,320,180,cycle,0,0.0546333007514476,0.0302244387567043,0.0993853583931922,0.1229412108659744,0.1289899349212646,0.1443527191877365,0.1000562235713005,0.1402784436941146,0.1219346150755882,0.4006738662719726,0.920297145843506,0.0512521788477897,0.1413746774196624,0.8594081997871399,0.0587748512625694,0.0971248149871826,50,80,none,inpaint,692,178,130,1.9554100036621092,0.0007386356592178,0.0009151004487648,0.0001452676806366,30,30,21,0.2093482224238401,0.2925467008955023,64,64,1,9.1,0.04242886975407595,0.1289899349212646,실측,368.64
hard_2mm_r1,320,180,cycle,1,0.0335747376084327,0.0330833792686462,0.0749317780137062,0.0944733247160911,0.097245454788208,0.1103080064058303,0.0714233219623565,0.1051635295152664,0.0922966599464416,0.4006738662719726,0.9529350399971008,0.0285474956035614,0.1413746774196624,0.9521767497062684,0.0313780792057514,0.0715400055050849,50,80,none,inpaint,692,178,130,1.9554100036621092,0.000829747703392,0.0009705176926217,0.0001472813892178,30,30,28,0.1536684249866904,0.2879769293110022,64,64,1,8.2,0.03332905843853945,0.097245454788208,실측,368.64
hard_2mm_r1,320,180,cycle,2,0.0460311062633991,0.0608898103237152,0.1015368551015853,0.1208315566182136,0.1396329253911972,0.1503053903579712,0.0974839106202125,0.143181711435318,0.1374149322509765,0.4006738662719726,0.9230090379714966,0.0438209809362888,0.1413746774196624,0.887187123298645,0.0580497607588768,0.1008902341127395,50,80,none,inpaint,692,178,130,1.9554100036621092,0.0014290157705545,0.001212267903611,0.0001529692963231,30,30,23,0.1739381255442007,0.3294687378272581,64,64,1,8.4,0.05346045829355715,0.1396329253911972,실측,368.64
hard_2mm_r1,160,90,cycle,0,0.0281585101038217,0.0443965829908847,0.0758207812905311,0.095277190208435,0.103197693824768,0.114417165517807,0.0740559622645378,0.1117071732878685,0.0978792682290077,0.4006738662719726,0.9521307349205016,0.0336457975208759,0.1413746774196624,0.9411213994026184,0.0411946065723896,0.0796914920210838,50,80,none,inpaint,692,178,130,1.9554100036621092,0.0012477419804781,0.0006244967808015,0.0001619946997379,30,30,20,0.2466572888324715,0.3028138621469562,64,64,1,3.8,0.0362775465473532,0.103197693824768,실측,92.16
hard_2mm_r1,160,90,cycle,1,0.0436796471476554,0.0267915073782205,0.1324979066848755,0.1548772156238556,0.1521251946687698,0.1678400039672851,0.128036767244339,0.1476283073425293,0.154935747385025,0.4006738662719726,0.8735105991363525,0.0370399132370948,0.1413746774196624,0.9146357774734496,0.0599243156611919,0.145171970129013,50,80,none,inpaint,692,178,130,1.9554100036621092,0.0007441983325406,0.0007158622611314,0.0001327239006059,30,30,8,0.2951086049824091,0.2881036179788996,64,64,1,2.9,0.035235577262937946,0.1521251946687698,실측,92.16
hard_2mm_r1,160,90,cycle,2,0.0271571855992078,0.0285766776651144,0.0728234946727752,0.0954561233520507,0.0927886962890625,0.1080721244215965,0.07281344383955,0.0976719781756401,0.0897366404533386,0.4006738662719726,0.95195072889328,0.0288543235510587,0.1413746774196624,0.9493594765663148,0.0353494845330715,0.0750861763954162,50,80,none,inpaint,692,178,130,1.9554100036621092,0.0006452198140323,0.0006186647806316,0.0001548756990814,30,30,29,0.1732538559533268,0.2556670596090595,64,64,1,2.8,0.0278669316321611,0.0927886962890625,실측,92.16
hard_2mm_r1,80,45,cycle,0,0.0680673345923423,0.0306137949228286,0.0816703364253044,0.1019693240523338,0.1211251616477966,0.1317364424467086,0.0789240226149559,0.1180821359157562,0.1230270639061927,0.4006738662719726,0.9451700448989868,0.0396068319678306,0.1413746774196624,0.9114819169044496,0.0437949076294899,0.0817349851131439,50,80,none,inpaint,692,178,130,1.9554100036621092,0.0007930912543088,0.0015304730040952,0.0001401946356054,30,30,19,0.2901040956464117,0.3108040456021769,64,64,1,2.9,0.04934056475758545,0.1211251616477966,실측,23.04
hard_2mm_r1,80,45,cycle,1,0.0333937518298625,0.0257961694151163,0.074749581515789,0.095059834420681,0.0965044349431991,0.1116066873073577,0.0732894390821456,0.1122270300984382,0.0866778120398521,0.4006738662719726,0.9523488879203796,0.0356657467782497,0.1413746774196624,0.909055769443512,0.0501548200845718,0.0742155760526657,50,80,none,inpaint,692,178,130,1.9554100036621092,0.0007831642869859,0.0007997358916327,0.0001605354627827,30,30,29,0.2347559611921365,0.2917301413718234,64,64,1,2.0,0.029594960622489397,0.0965044349431991,실측,23.04
hard_2mm_r1,80,45,cycle,2,0.026751060038805,0.0406081825494766,0.0812930837273597,0.1059525683522224,0.1058125272393226,0.1242402195930481,0.0768495723605156,0.1114197745919227,0.1023080125451088,0.4006738662719726,0.9408026933670044,0.0357951521873474,0.1413746774196624,0.9264777898788452,0.0410246960818767,0.0902732461690902,50,80,none,inpaint,692,178,130,1.9554100036621092,0.0008305255323648,0.0006659819628112,0.0001776631834218,30,30,30,0.2407483393057233,0.3145253149311194,64,64,1,2.0,0.0336796212941408,0.1058125272393226,실측,23.04
hard_2mm_r1,48,27,cycle,0,0.0333463586866855,0.0246713142842054,0.0841694399714469,0.105923518538475,0.1060773134231567,0.124594546854496,0.0806811228394508,0.1280846148729324,0.092322751879692,0.4006738662719726,0.9408351182937622,0.0354581773281097,0.1413746774196624,0.8872818350791931,0.0610762387514114,0.0844903141260147,50,80,none,inpaint,692,178,130,1.9554100036621092,0.0006299968808889,0.000744096469134,0.0001758891157805,30,30,30,0.2825225254014737,0.3266947885577598,64,64,1,2.8,0.02900883648544545,0.1060773134231567,실측,8.294400000000001
hard_2mm_r1,48,27,cycle,1,0.0388671457767486,0.0298570673912763,0.0652116015553474,0.0842694118618965,0.0981685817241668,0.1201088577508926,0.0716581270098686,0.1370695233345031,0.0738554820418357,0.4006738662719726,0.962552845478058,0.0488207302987575,0.1413746774196624,0.7733513712882996,0.0830244645476341,0.0609625205397605,50,80,none,inpaint,692,178,130,1.9554100036621092,0.0005219968734309,0.0009706188575364,0.0001850724365795,30,30,24,0.2527970289219322,0.3656982250427932,64,64,1,1.9,0.03436210658401245,0.0981685817241668,실측,8.294400000000001
hard_2mm_r1,48,27,cycle,2,0.0330712758004665,0.0250130854547023,0.0953369960188865,0.1175817847251892,0.1137511655688285,0.1348052024841308,0.0921131744980812,0.1453098356723785,0.094027005136013,0.4006738662719726,0.9270946979522704,0.0401069335639476,0.1413746774196624,0.8722795248031616,0.0694698020815849,0.0880115777254104,50,80,none,inpaint,692,178,130,1.9554100036621092,0.000594905228354,0.0007982569513842,0.0001761299936333,30,30,28,0.2432351057240039,0.3161607270830133,64,64,1,1.8,0.029042180627584402,0.1137511655688285,실측,8.294400000000001
hard_2mm_r1,32,18,cycle,0,0.0552168525755405,0.0304186809808015,0.1000882312655448,0.1275780498981475,0.135918453335762,0.1770178824663162,0.1095582768321037,0.1912698149681091,0.1013238653540611,0.4006738662719726,0.9141716361045836,0.0619218535721302,0.1413746774196624,0.5002382397651672,0.119306705892086,0.0905769616365432,50,80,none,inpaint,692,178,130,1.9554100036621092,0.0008209207444451,0.0014603333547711,0.0001802227197913,30,30,28,0.2641057664948392,0.332506812020634,64,64,1,3.2,0.042817766778171,0.135918453335762,실측,3.686400000000001
hard_2mm_r1,32,18,cycle,1,0.0642900541424751,0.0621697343885898,0.1357733458280563,0.1727259010076522,0.1845615059137344,0.229721114039421,0.1502353250980377,0.2515460848808288,0.1426961123943328,0.4006738662719726,0.8426764011383057,0.0784493535757064,0.1413746774196624,0.3826921582221985,0.1233792528510093,0.1106908097863197,50,80,none,inpaint,692,178,130,1.9554100036621092,0.0008013262413442,0.0016403417102992,0.0001793506526155,30,30,20,0.388357655850449,0.3496277091208468,64,64,1,2.2,0.06322989426553245,0.1845615059137344,실측,3.686400000000001
hard_2mm_r1,32,18,cycle,2,0.0443034209311008,0.0283176079392433,0.1230922564864158,0.1750457733869552,0.1475400328636169,0.1950430572032928,0.1297460943460464,0.2228600531816482,0.1004650220274925,0.4006738662719726,0.8384219408035278,0.0504893437027931,0.1413746774196624,0.7766737937927246,0.1020105481147766,0.0952479839324951,50,80,none,inpaint,692,178,130,1.9554100036621092,0.0006678100908175,0.0007711490616202,0.0001710060896584,30,30,30,0.3315369104374351,0.3451284344276685,64,64,1,2.2,0.036310514435172046,0.1475400328636169,실측,3.686400000000001
hard_2mm_r1,16,9,cycle,0,0.0639110133051872,0.0473999343812465,0.1090391352772712,0.1420062482357025,0.1518743634223938,0.1984462738037109,0.1172297000885009,0.2270913571119308,0.104863740503788,0.4006738662719726,0.8936606645584106,0.0628924146294593,0.1413746774196624,0.6301702857017517,0.1093856543302536,0.0884462743997573,50,80,none,inpaint,692,178,130,1.9554100036621092,0.000976036011707,0.0013972910819575,0.0001744292239891,30,30,30,0.308159006813358,0.3686725102113873,64,64,1,3.7,0.05565547384321685,0.1518743634223938,실측,0.9216000000000002
hard_2mm_r1,16,9,cycle,1,0.0284870509058237,0.031261820346117,0.0950935184955596,0.1229184865951538,0.1146920695900917,0.1356632113456726,0.0935310795903205,0.1471515148878097,0.0944049134850502,0.4006738662719726,0.9203265905380248,0.034147772938013,0.1413746774196624,0.9225740432739258,0.0537485070526599,0.0850754827260971,50,80,none,inpaint,692,178,130,1.9554100036621092,0.0008959230035543,0.0007045990787446,0.000199270187295,30,30,30,0.2840284391634726,0.3556607385699669,64,64,1,2.1,0.02987443562597035,0.1146920695900917,실측,0.9216000000000002
hard_2mm_r1,16,9,cycle,2,0.0497274175286293,0.0263346917927265,0.0843045711517334,0.1078841090202331,0.1222981587052345,0.153413712978363,0.0889331847429275,0.1711246371269226,0.0917816013097763,0.4006738662719726,0.938624620437622,0.0572754815220832,0.1413746774196624,0.5991309285163879,0.1108141988515853,0.0813640281558036,50,80,none,inpaint,692,178,130,1.9554100036621092,0.0007353532710112,0.0012009781785309,0.0001749851799104,30,30,30,0.2864911790528049,0.3213366069150775,64,64,1,2.1,0.0380310546606779,0.1222981587052345,실측,0.9216000000000002
hard_2mm_r1,8,5,cycle,0,0.0734378322958946,0.0433954261243343,0.1122999489307403,0.1368505358695984,0.172584980726242,0.2204726785421371,0.1130380630493164,0.2545042634010315,0.1213854104280471,0.4006738662719726,0.9012420773506165,0.0740690603852272,0.1413746774196624,0.4345020651817322,0.1424577981233596,0.1092832311987876,50,80,none,inpaint,692,178,130,1.9554100036621092,0.0012762990081682,0.0020345097873359,0.0001830875116866,30,30,29,0.3456087636120746,0.3970663306418429,64,64,1,3.7,0.05841662921011445,0.172584980726242,실측,0.23040000000000005
hard_2mm_r1,8,5,cycle,1,0.0564942210912704,0.0520131140947341,0.1208451017737388,0.1574532240629196,0.1619387418031692,0.2125015407800674,0.1187227219343185,0.2676362097263336,0.095877818763256,0.4006738662719726,0.8692679405212402,0.0490390919148922,0.1413746774196624,0.8059340119361877,0.0909634009003639,0.0858857631683349,50,80,none,inpaint,692,178,130,1.9554100036621092,0.0014490183675661,0.0015523520996794,0.0001817738084355,30,30,27,0.3529046284670085,0.3806006935205352,64,64,1,2.0,0.05425366759300225,0.1619387418031692,실측,0.23040000000000005
hard_2mm_r1,8,5,cycle,2,0.0420359969139099,0.0483328811824321,0.13691146671772,0.187878206372261,0.1683928966522216,0.2154586613178253,0.1357142478227615,0.2409194111824035,0.123063825070858,0.4006738662719726,0.8138633966445923,0.0556320771574974,0.1413746774196624,0.7410104274749756,0.100095197558403,0.1148020476102829,50,80,none,inpaint,692,178,130,1.9554100036621092,0.0011158806737512,0.0010350533993914,0.0001727396884234,30,30,30,0.3266116180860927,0.3735725209954079,64,64,1,2.1,0.045184439048171,0.1683928966522216,실측,0.23040000000000005
hard_3mm_r1,1920,1080,cycle,0,0.0357711724936962,0.0398986153304576,0.0680473893880844,0.0858480781316757,0.1006959378719329,0.1177486851811409,0.0702051296830177,0.130921185016632,0.0739582255482673,0.3240051865577698,0.9580259919166564,0.044909082353115,0.1864441782236099,0.9151942729949952,0.0719794183969497,0.0617908015847206,69,78,none,inpaint,694,159,147,1.882449984550476,0.0010184461716562,0.0009310678578913,0.0001302417949773,30,30,27,0.1392019727087501,0.2699802502896051,64,4,16,255.1,0.037834893912076895,0.1006959378719329,실측,9528.102544
hard_3mm_r1,1920,1080,cycle,1,0.0291985291987657,0.031402014195919,0.0630080997943878,0.0811372399330139,0.0895084366202354,0.1068333536386489,0.0668940991163253,0.1152298599481582,0.0667548850178718,0.3240051865577698,0.9625061750411988,0.0363131463527679,0.1864441782236099,0.9391475915908812,0.0600035861134529,0.0599224828183651,69,78,none,inpaint,694,159,147,1.882449984550476,0.0008223075419664,0.0007393450359813,0.0001327599893556,30,30,29,0.1332746072100631,0.2485961743495749,64,4,16,255.3,0.03030027169734235,0.0895084366202354,실측,9528.102544
hard_3mm_r1,1920,1080,cycle,2,0.0258416663855314,0.0285547729581594,0.0777917951345443,0.0957440510392189,0.0978115871548652,0.1129451766610145,0.0775481462478637,0.1105749681591987,0.0865208953619003,0.3240051865577698,0.9477912783622742,0.0319577902555465,0.1864441782236099,0.957491099834442,0.0509895794093608,0.0803236290812492,69,78,none,inpaint,694,159,147,1.882449984550476,0.0007591365720145,0.0006710603483952,0.0001393211714457,30,30,30,0.1501748612531667,0.2424897056705547,64,4,16,258.4,0.0271982196718454,0.0978115871548652,실측,9528.102544
hard_3mm_r1,1280,720,cycle,0,0.0389630943536758,0.0364196896553039,0.0694455951452255,0.0881796777248382,0.100578099489212,0.1159723475575447,0.0742680430412292,0.1254617422819137,0.0785656720399856,0.3240051865577698,0.955715000629425,0.041802667081356,0.1864441782236099,0.934138834476471,0.0616655983030796,0.0630863904953002,69,78,none,inpaint,694,159,147,1.882449984550476,0.0009526663343422,0.0009405756136402,0.0001296434056712,30,30,27,0.1752568819165573,0.2730227896252518,64,8,8,111.8,0.03769139200448985,0.100578099489212,실측,4234.712241777776
hard_3mm_r1,1280,720,cycle,1,0.0342296622693538,0.033008337020874,0.0689034089446067,0.0901564806699752,0.095908910036087,0.1154634654521942,0.0721902772784233,0.1261797398328781,0.0691308826208114,0.3240051865577698,0.953707218170166,0.0402023866772651,0.1864441782236099,0.9338175058364868,0.0611757338047027,0.0587871670722961,69,78,none,inpaint,694,159,147,1.882449984550476,0.000859938096255,0.0008204016485251,0.0001349509839201,30,30,29,0.1271181739544662,0.2567942622322706,64,8,8,110.9,0.0336189996451139,0.095908910036087,실측,4234.712241777776
hard_3mm_r1,1280,720,cycle,2,0.0351177901029586,0.0354004278779029,0.0632843822240829,0.0824910849332809,0.0932187885046005,0.1115916222333908,0.066720962524414,0.1268164217472076,0.0634978339076042,0.3240051865577698,0.9612444639205932,0.0425070375204086,0.1864441782236099,0.927136480808258,0.0667775049805641,0.0523263178765773,69,78,none,inpaint,694,159,147,1.882449984550476,0.0009339072857983,0.0008447382133454,0.000135794703965,30,30,29,0.1285484737209353,0.2667066945969683,64,8,8,111.1,0.03525910899043075,0.0932187885046005,실측,4234.712241777776
hard_3mm_r1,854,480,cycle,0,0.0390010066330432,0.0405371263623237,0.0759598314762115,0.0957427695393562,0.1079015433788299,0.1249197795987129,0.0770960822701454,0.12800894677639,0.0901142358779907,0.3240051865577698,0.947792649269104,0.0472973138093948,0.1864441782236099,0.9167662858963012,0.0723072737455368,0.077868528664112,69,78,none,inpaint,694,159,147,1.882449984550476,0.0009204649832099,0.0008893262129276,0.0001306172052863,30,30,26,0.1912597477951379,0.2699612896397428,64,16,4,52.0,0.03976906649768345,0.1079015433788299,실측,1885.0362508083506
hard_3mm_r1,854,480,cycle,1,0.0351544804871082,0.0330277867615222,0.069085456430912,0.087906539440155,0.097297228872776,0.1157790794968605,0.0712537616491317,0.1250283271074295,0.0727658718824386,0.3240051865577698,0.9559889435768129,0.0418579019606113,0.1864441782236099,0.9235008955001832,0.0671916455030441,0.0638119205832481,69,78,none,inpaint,694,159,147,1.882449984550476,0.0008963012951426,0.0009027116466313,0.0001351646933471,30,30,29,0.1559155557615956,0.2699820455515159,64,16,4,50.9,0.034091133624315206,0.097297228872776,실측,1885.0362508083506
hard_3mm_r1,854,480,cycle,2,0.0368194617331028,0.0370981693267822,0.063577726483345,0.0801948457956314,0.0962875857949256,0.1127748861908912,0.0677362456917762,0.1248961314558982,0.0709800198674202,0.3240051865577698,0.9633720517158508,0.0434720069169998,0.1864441782236099,0.9169044494628906,0.0701836720108985,0.0611687935888767,69,78,none,inpaint,694,159,147,1.882449984550476,0.0008980500278994,0.0009103462216444,0.0001310641237068,30,30,30,0.1623070976919674,0.2842844447249886,64,16,4,51.0,0.0369588155299425,0.0962875857949256,실측,1885.0362508083506
hard_3mm_r1,640,360,cycle,0,0.0320629961788654,0.0357449501752853,0.06531722843647,0.0859950631856918,0.0933345481753349,0.1124533414840698,0.0669580996036529,0.1255086958408355,0.0648727864027023,0.3240051865577698,0.9578821063041688,0.0401293858885765,0.1864441782236099,0.9372957348823548,0.0628474727272987,0.0537326075136661,69,78,none,inpaint,694,159,147,1.882449984550476,0.0010462920181453,0.0008055926300585,0.0001339257432846,30,30,27,0.1992306771127222,0.2608403619730247,64,32,2,29.1,0.033903973177075344,0.0933345481753349,실측,1058.678060444444
hard_3mm_r1,640,360,cycle,1,0.0369872339069843,0.0442027226090431,0.0768318399786949,0.0943478494882583,0.111773669719696,0.1252929121255874,0.0799619555473327,0.1288372427225113,0.0966789722442627,0.3240051865577698,0.949302852153778,0.0452236235141754,0.1864441782236099,0.9192726016044616,0.072545975446701,0.0816412568092346,69,78,none,inpaint,694,159,147,1.882449984550476,0.0010963889071717,0.0008232374675571,0.0001349792728433,30,30,29,0.1504268318157031,0.2914499966603405,64,32,2,28.5,0.0405949782580137,0.111773669719696,실측,1058.678060444444
hard_3mm_r1,640,360,cycle,2,0.0371372029185295,0.0398609079420566,0.0769544839859008,0.0984607189893722,0.1079369112849235,0.1264999657869339,0.0771053209900856,0.1422310322523117,0.0775998160243034,0.3240051865577698,0.9447864890098572,0.0479886978864669,0.1864441782236099,0.9182504415512084,0.0709424763917923,0.0629833564162254,69,78,none,inpaint,694,159,147,1.882449984550476,0.001037631300278,0.0009905075421556,0.0001342883333563,30,30,30,0.1608198125355525,0.280805359846391,64,32,2,28.6,0.03849905543029305,0.1079369112849235,실측,1058.678060444444
hard_3mm_r1,426,240,cycle,0,0.0377073511481285,0.0458653084933757,0.0996550247073173,0.1204843744635582,0.127509519457817,0.142138198018074,0.1012199148535728,0.1466250419616699,0.1105996668338775,0.3240051865577698,0.9173237085342408,0.0540901608765125,0.1864441782236099,0.9215678572654724,0.0592462569475173,0.0922485664486885,69,78,none,inpaint,694,159,147,1.882449984550476,0.0009404582087881,0.000904296117369,0.0001410810509696,30,30,27,0.1661483362016485,0.2982556085166691,64,64,1,14.7,0.0417863298207521,0.127509519457817,실측,469.05434496390626
hard_3mm_r1,426,240,cycle,1,0.0401244945824146,0.0392308346927166,0.0655771642923355,0.081682413816452,0.0978592559695243,0.1122147217392921,0.0662643015384674,0.1218228936195373,0.0766606405377388,0.3240051865577698,0.962000608444214,0.0420764796435833,0.1864441782236099,0.9321930408477784,0.0650313049554824,0.0594684667885303,69,78,none,inpaint,694,159,147,1.882449984550476,0.0010854820720851,0.000847206742037,0.0001380211178911,30,30,29,0.1387756509808367,0.2867318159379299,64,64,1,13.3,0.0396776646375656,0.0978592559695243,실측,469.05434496390626
hard_3mm_r1,426,240,cycle,2,0.0472776629030704,0.0374544858932495,0.0683554708957672,0.0880511924624443,0.1053503826260566,0.1222429126501083,0.0719059556722641,0.1363476067781448,0.07792978733778,0.3240051865577698,0.955843985080719,0.0482223071157932,0.1864441782236099,0.9080839157104492,0.0749324336647987,0.0580883882939815,69,78,none,inpaint,694,159,147,1.882449984550476,0.0009297318174503,0.0010087294504046,0.0001321856543654,30,30,29,0.1448043485196248,0.29235385199013,64,64,1,13.2,0.04236607439815995,0.1053503826260566,실측,469.05434496390626
hard_3mm_r1,320,180,cycle,0,0.045206245034933,0.040794339030981,0.0629635825753212,0.0811603590846061,0.1007072180509567,0.113863781094551,0.0630649626255035,0.1151594668626785,0.0879225581884384,0.3240051865577698,0.9624847769737244,0.0422659516334533,0.1864441782236099,0.93725848197937,0.0582611784338951,0.0631750002503395,69,78,none,inpaint,694,159,147,1.882449984550476,0.0009383872384205,0.0012219443451613,0.0001393402344547,30,30,27,0.2120316777517885,0.3182686679768112,64,64,1,9.0,0.043000292032957,0.1007072180509567,실측,264.669515111111
hard_3mm_r1,320,180,cycle,1,0.0306586995720863,0.040821436792612,0.0606916844844818,0.0765885412693023,0.0878999307751655,0.1000146195292472,0.063370257616043,0.1037312075495719,0.0738953426480293,0.3240051865577698,0.966592252254486,0.0437245219945907,0.1864441782236099,0.9476114511489868,0.0494044497609138,0.0516001060605049,69,78,none,inpaint,694,159,147,1.882449984550476,0.0008026214200071,0.000886647903826,0.0001373281993437,30,30,30,0.1253528292653196,0.263132707127985,64,64,1,7.8,0.03574006818234915,0.0878999307751655,실측,264.669515111111
hard_3mm_r1,320,180,cycle,2,0.0317237935960292,0.0364572368562221,0.0661439150571823,0.082681804895401,0.0925865843892097,0.1052977740764617,0.0680965781211853,0.1139540150761604,0.0736846402287483,0.3240051865577698,0.9610650539398192,0.0338693149387836,0.1864441782236099,0.9615462422370912,0.0496107451617717,0.0631435140967369,69,78,none,inpaint,694,159,147,1.882449984550476,0.0010843443451449,0.0010838381713256,0.0001471240975661,30,30,30,0.1511556202121701,0.2825957664153861,64,64,1,7.8,0.03409051522612565,0.0925865843892097,실측,264.669515111111
hard_3mm_r1,160,90,cycle,0,0.0354675129055976,0.04160912707448,0.092289350926876,0.1100798323750495,0.1178072690963745,0.130017802119255,0.0941064804792404,0.1316181272268295,0.1055899634957313,0.3240051865577698,0.9309863448143004,0.049421340227127,0.1864441782236099,0.9366504549980164,0.0532719083130359,0.0895557552576065,69,78,none,inpaint,694,159,147,1.882449984550476,0.000958492688369,0.0008741538040339,0.0001287918566958,30,30,13,0.3249489539638376,0.2778066779082676,64,64,1,3.7,0.0385383199900388,0.1178072690963745,실측,66.16737877777776
hard_3mm_r1,160,90,cycle,1,0.031967107206583,0.0268876887857913,0.0665823444724083,0.0873526632785797,0.088775560259819,0.1061889976263046,0.067050352692604,0.111682653427124,0.0685115978121757,0.3240051865577698,0.9565417766571044,0.0363786965608596,0.1864441782236099,0.954451858997345,0.0539663210511207,0.058127012103796,69,78,none,inpaint,694,159,147,1.882449984550476,0.0007368649821728,0.0007917087059468,0.0001587706356076,30,30,30,0.1668895836865867,0.2713124497131731,64,64,1,2.8,0.02942739799618715,0.088775560259819,실측,66.16737877777776
hard_3mm_r1,160,90,cycle,2,0.0338803306221962,0.0271559301763772,0.0864213109016418,0.1071213483810424,0.105846107006073,0.1228569000959396,0.0848453193902969,0.133602887392044,0.0812920108437538,0.3240051865577698,0.9346461296081544,0.0321648120880126,0.1864441782236099,0.9649922251701356,0.049858458340168,0.0722040608525276,69,78,none,inpaint,694,159,147,1.882449984550476,0.0007043515215627,0.0010238630929961,0.0001522516977274,30,30,29,0.1803710027799139,0.2902532853420425,64,64,1,2.8,0.0305181303992867,0.105846107006073,실측,66.16737877777776
hard_3mm_r1,80,45,cycle,0,0.0328581035137176,0.0383823923766613,0.0797384232282638,0.1063472181558609,0.107260413467884,0.1296025961637497,0.0793948844075203,0.1330882310867309,0.0844127163290977,0.3240051865577698,0.9355872869491576,0.0372286289930343,0.1864441782236099,0.943422257900238,0.0601487718522548,0.0715753883123397,69,78,none,inpaint,694,159,147,1.882449984550476,0.0009580992627888,0.0007785171037539,0.0001306211634073,30,30,29,0.2789235252468318,0.2672670772240597,64,64,1,2.9,0.03562024794518945,0.107260413467884,실측,16.54184469444444
hard_3mm_r1,80,45,cycle,1,0.0366500914096832,0.0314387008547782,0.0716085880994796,0.0931432694196701,0.0978818982839584,0.1164437234401702,0.0723429024219513,0.1198779568076133,0.0784238576889038,0.3240051865577698,0.950589120388031,0.03570356965065,0.1864441782236099,0.9509352445602416,0.0559233501553535,0.0707969516515731,69,78,none,inpaint,694,159,147,1.882449984550476,0.0008631593664176,0.0009280402446165,0.0001301869342569,30,30,29,0.2706616962333921,0.280305358598817,64,64,1,2.0,0.0340443961322307,0.0978818982839584,실측,16.54184469444444
hard_3mm_r1,80,45,cycle,2,0.0369793064892292,0.034907117486,0.0810725167393684,0.1027930006384849,0.1078000664710998,0.1268897652626037,0.0827978253364563,0.1340696513652801,0.0845616087317466,0.3240051865577698,0.9398207664489746,0.038314014673233,0.1864441782236099,0.943022072315216,0.0586946681141853,0.0751239657402038,69,78,none,inpaint,694,159,147,1.882449984550476,0.0008841876406222,0.0008090948103927,0.0001326429337495,30,30,26,0.31237846836233,0.2776302241679257,64,64,1,1.9,0.035943211987614604,0.1078000664710998,실측,16.54184469444444
hard_3mm_r1,48,27,cycle,0,0.0353985466063022,0.0371371656656265,0.0708105340600013,0.0965519696474075,0.1010374203324318,0.1246560364961624,0.0759949684143066,0.1412355452775955,0.0654775574803352,0.3240051865577698,0.9469064474105836,0.0426138937473297,0.1864441782236099,0.9239175319671632,0.0728164538741111,0.0574515461921691,69,78,none,inpaint,694,159,147,1.882449984550476,0.0009876128751784,0.0007646029698662,0.0001344576739938,30,30,30,0.2935152658468021,0.2832788791296617,64,64,1,2.8,0.03626785613596435,0.1010374203324318,실측,5.9550640900000005
hard_3mm_r1,48,27,cycle,1,0.0294141341000795,0.0356539376080036,0.0822445526719093,0.1075158715248107,0.1059372946619987,0.1285744309425354,0.0828602090477943,0.1396946609020233,0.0760750249028205,0.3240051865577698,0.9341638088226318,0.0392254628241062,0.1864441782236099,0.9359749555587769,0.06294596940279,0.0696683526039123,69,78,none,inpaint,694,159,147,1.882449984550476,0.0009081703028641,0.0007567414431832,0.0001321403542533,30,30,29,0.2758324290558653,0.2783281758146466,64,64,1,2.0,0.03253403585404155,0.1059372946619987,실측,5.9550640900000005
hard_3mm_r1,48,27,cycle,2,0.0378024093806743,0.0367320962250232,0.0696578025817871,0.0890378206968307,0.0998093709349632,0.1178134828805923,0.0754744186997413,0.1239776313304901,0.0784297436475753,0.3240051865577698,0.9548488855361938,0.0457888022065162,0.1864441782236099,0.9209068417549132,0.06612329185009,0.0648017451167106,69,78,none,inpaint,694,159,147,1.882449984550476,0.000919813523069,0.0008362953085452,0.0001293705572606,30,30,30,0.2971414049351937,0.280002659971609,64,64,1,1.9,0.037267252802848747,0.0998093709349632,실측,5.9550640900000005
hard_3mm_r1,32,18,cycle,0,0.045890349894762,0.0550490990281105,0.0968217998743057,0.1336282789707183,0.1406155526638031,0.17375148832798,0.1002178713679313,0.1936747580766677,0.0936785638332367,0.3240051865577698,0.8983011245727539,0.0544349588453769,0.1864441782236099,0.8612427115440369,0.0855664759874343,0.0785801038146019,69,78,none,inpaint,694,159,147,1.882449984550476,0.0016315423417836,0.0009995433501899,0.0001283615274587,30,30,22,0.3947208937719164,0.3251303546833542,64,64,1,3.2,0.050469724461436244,0.1406155526638031,실측,2.646695151111111
hard_3mm_r1,32,18,cycle,1,0.0308046657592058,0.0417886972427368,0.089898332953453,0.1205174848437309,0.1158267930150032,0.1442198008298874,0.0874088406562805,0.1649049222469329,0.0724115073680877,0.3240051865577698,0.917278289794922,0.0392593145370483,0.1864441782236099,0.9406692981719972,0.0637260004878044,0.0649709552526474,69,78,none,inpaint,694,159,147,1.882449984550476,0.0011064077261835,0.0007685984601266,0.0001289958599954,30,30,29,0.316986894744961,0.2805841373947431,64,64,1,2.2,0.0362966815009713,0.1158267930150032,실측,2.646695151111111
hard_3mm_r1,32,18,cycle,2,0.043626070022583,0.0466626957058906,0.0737844482064247,0.0961897671222686,0.1123418733477592,0.1336593478918075,0.082505352795124,0.143693670630455,0.0846075639128685,0.3240051865577698,0.94730406999588,0.0537297278642654,0.1864441782236099,0.8871824741363525,0.0771161764860153,0.0654004886746406,69,78,none,inpaint,694,159,147,1.882449984550476,0.0011479745153337,0.0010066016111522,0.0001312720123678,30,30,26,0.3357933000460138,0.2933171890066854,64,64,1,2.2,0.045144382864236804,0.1123418733477592,실측,2.646695151111111
hard_3mm_r1,16,9,cycle,0,0.0486875958740711,0.0515481606125831,0.0912456288933754,0.117113284766674,0.1345587372779846,0.1598355174064636,0.0992167592048645,0.1760926842689514,0.0978171527385711,0.3240051865577698,0.9218854904174804,0.0641616433858871,0.1864441782236099,0.8327924609184265,0.1005122661590576,0.0830357670783996,69,78,none,inpaint,694,159,147,1.882449984550476,0.0012881085276603,0.0011212158715352,0.0001302613964071,30,30,25,0.3445481759326946,0.3174065403968283,64,64,1,3.7,0.0501178782433271,0.1345587372779846,실측,0.6616737877777777
hard_3mm_r1,16,9,cycle,1,0.0420950390398502,0.0459729544818401,0.0932674184441566,0.1168003380298614,0.1291024982929229,0.153914600610733,0.0943335741758346,0.1667529046535492,0.0957963690161705,0.3240051865577698,0.9223024249076844,0.050269991159439,0.1864441782236099,0.8836106061935425,0.0799454748630523,0.0867862403392791,69,78,none,inpaint,694,159,147,1.882449984550476,0.0011965292505919,0.0010033097350969,0.000127716557472,30,30,30,0.2939716237422712,0.2993809682018352,64,64,1,2.2,0.04403399676084515,0.1291024982929229,실측,0.6616737877777777
hard_3mm_r1,16,9,cycle,2,0.0405789092183113,0.043625634163618,0.0815824344754219,0.1048653200268745,0.1153071150183677,0.1405992805957794,0.0832690894603729,0.1522825062274933,0.0825981125235557,0.3240051865577698,0.9373698830604552,0.0454502627253532,0.1864441782236099,0.9007653594017028,0.0737219154834747,0.0731211528182029,69,78,none,inpaint,694,159,147,1.882449984550476,0.0013897208264097,0.0010467580286785,0.0001303828612435,30,30,30,0.3132116334239069,0.307836262684948,64,64,1,2.2,0.04210227169096465,0.1153071150183677,실측,0.6616737877777777
hard_3mm_r1,8,5,cycle,0,0.0452870056033134,0.0849419236183166,0.133565604686737,0.2273555248975753,0.1873993575572967,0.3125695288181305,0.1569126397371292,0.2797086834907532,0.1057410985231399,0.3240051865577698,0.7056050300598145,0.0936312302947044,0.1864441782236099,0.2151843309402465,0.1595306396484375,0.0868531316518783,69,78,none,inpaint,694,159,147,1.882449984550476,0.0016349932411685,0.0017539905384182,0.0001378337765345,30,30,30,0.3563030940998528,0.3800391071247604,64,64,1,3.7,0.06511446461081499,0.1873993575572967,실측,0.16541844694444444
hard_3mm_r1,8,5,cycle,1,0.0596984438598156,0.0816834867000579,0.1276551187038421,0.1895924806594848,0.1881300508975982,0.2595297396183014,0.1369721293449401,0.2601920068264007,0.1243829354643821,0.3240051865577698,0.7952793836593628,0.0839620605111122,0.1864441782236099,0.6217660307884216,0.1286743730306625,0.1014617756009101,69,78,none,inpaint,694,159,147,1.882449984550476,0.0020804705563932,0.0016287169419229,0.0001459264021832,30,30,25,0.3811856827749643,0.3671426953009839,64,64,1,2.2,0.07069096527993675,0.1881300508975982,실측,0.16541844694444444
hard_3mm_r1,8,5,cycle,2,0.0514399521052837,0.0527823381125927,0.1126270964741706,0.1431690752506256,0.1559072136878967,0.1852429509162902,0.1177782863378524,0.2126387655735016,0.1057216227054596,0.3240051865577698,0.8832604885101318,0.0661845207214355,0.1864441782236099,0.8189389109611511,0.111161470413208,0.096648097038269,69,78,none,inpaint,694,159,147,1.882449984550476,0.0012217465555295,0.0012874389067292,0.0001270605425816,30,30,30,0.3481484696226092,0.3378087649555326,64,64,1,2.1,0.0521111451089382,0.1559072136878967,실측,0.16541844694444444
medium_1mm_r1,1920,1080,cycle,0,0.0351015962660312,0.0556838437914848,0.1489365249872207,0.2267436683177948,0.1732693910598755,0.2469916492700576,0.1463026255369186,0.2083605080842971,0.1381782740354538,0.4648659825325012,0.8499822020530701,0.0518023446202278,0.2040708512067794,0.8927344083786011,0.0699916929006576,0.1292760670185089,80,80,none,inpaint,704,136,160,3.3207101821899414,0.0012580666225403,0.0008386053377762,0.0001747496280586,30,30,27,0.1680155561347915,0.2688836170470013,64,4,16,256.6,0.045392720028758,0.1732693910598755,실측,12904.96
medium_1mm_r1,1920,1080,cycle,1,0.0346872135996818,0.0640423148870468,0.1377303451299667,0.3774509131908417,0.1720787733793258,0.3934657275676727,0.1408034563064575,0.1928939521312713,0.1512636095285415,0.4648659825325012,0.5842872858047485,0.0531177408993244,0.2040708512067794,0.8705493807792664,0.0729096531867981,0.1404177248477935,80,80,none,inpaint,704,136,160,3.3207101821899414,0.0015578586608171,0.0008667148649692,0.000155483096023,30,30,27,0.1818385332060808,0.2894371557323372,64,4,16,256.1,0.0493647642433643,0.1720787733793258,실측,12904.96
medium_1mm_r1,1920,1080,cycle,2,0.0313119366765022,0.0552577152848243,0.1343346238136291,0.2850347757339477,0.1644699424505233,0.3013941347599029,0.1307576447725296,0.1963151693344116,0.1326247155666351,0.4648659825325012,0.762934684753418,0.0471555702388286,0.2040708512067794,0.901078462600708,0.070196121931076,0.1222113817930221,80,80,none,inpaint,704,136,160,3.3207101821899414,0.0012940929736942,0.0007164464332163,0.00017890802701,30,30,27,0.1853957142765549,0.2731250717359431,64,4,16,257.2,0.04328482598066325,0.1644699424505233,실측,12904.96
medium_1mm_r1,1280,720,cycle,0,0.0298548992723226,0.0533445477485656,0.1194034218788147,0.1924899816513061,0.1475731432437896,0.2144781351089477,0.1208156570792198,0.1876229643821716,0.1075232997536659,0.4648659825325012,0.8918843269348145,0.045776966959238,0.2040708512067794,0.9089945554733276,0.0702475756406784,0.1003192439675331,80,80,none,inpaint,704,136,160,3.3207101821899414,0.0012539678718894,0.0007045370293781,0.0001681213907431,30,30,27,0.1479436876252293,0.2877377315479166,64,8,8,112.6,0.041599723510444095,0.1475731432437896,실측,5735.537777777778
medium_1mm_r1,1280,720,cycle,1,0.0355303920805454,0.0554462261497974,0.1340141892433166,0.1897232085466385,0.1630544662475586,0.2114690691232681,0.1317909508943557,0.2094019949436187,0.116706945002079,0.4648659825325012,0.8949699997901917,0.051219243556261,0.2040708512067794,0.899681031703949,0.0699007734656333,0.102678045630455,80,80,none,inpaint,704,136,160,3.3207101821899414,0.0012926021590828,0.0009280377998948,0.0001695638929959,30,30,21,0.1920742238448425,0.2818812061758602,64,8,8,111.6,0.0454883091151714,0.1630544662475586,실측,5735.537777777778
medium_1mm_r1,1280,720,cycle,2,0.0333773829042911,0.0531413778662681,0.1381210386753082,0.2096175402402877,0.1647450625896453,0.2299025952816009,0.1333488821983337,0.2006022483110427,0.1288878768682479,0.4648659825325012,0.8717883229255676,0.0504865460097789,0.2040708512067794,0.9032431840896606,0.0731812864542007,0.119250476360321,80,80,none,inpaint,704,136,160,3.3207101821899414,0.0012189634144306,0.0007578780059702,0.0001664731535129,30,30,30,0.1450874360955574,0.2852634787559509,64,8,8,111.3,0.0432593803852796,0.1647450625896453,실측,5735.537777777778
medium_1mm_r1,854,480,cycle,0,0.0363801978528499,0.0606819093227386,0.1676786839962005,0.2246196120977401,0.1949551850557327,0.2480571120977401,0.1701915264129638,0.2253169268369674,0.1645934283733368,0.4648659825325012,0.8527796864509583,0.0492506101727485,0.2040708512067794,0.8980799913406372,0.0747569352388382,0.157126098871231,80,80,none,inpaint,704,136,160,3.3207101821899414,0.00137574900873,0.0007911194115877,0.0001677379041211,30,30,21,0.1904915860769423,0.2944623389664818,64,16,4,52.3,0.04853105358779425,0.1949551850557327,실측,2553.112469444444
medium_1mm_r1,854,480,cycle,1,0.0304561518132686,0.0561229512095451,0.1955462992191314,0.2403641641139984,0.2175949364900589,0.2591842710971832,0.1880381852388382,0.2565691769123077,0.1786206811666488,0.4648659825325012,0.8314177989959717,0.0486843958497047,0.2040708512067794,0.9032866954803468,0.0710949525237083,0.1720739305019378,80,80,none,inpaint,704,136,160,3.3207101821899414,0.0013435216387733,0.0007940031355246,0.0001706810726318,30,30,28,0.1631594845517115,0.2884659118512097,64,16,4,51.0,0.04328955151140685,0.2175949364900589,실측,2553.112469444444
medium_1mm_r1,854,480,cycle,2,0.0364711359143257,0.0623583123087883,0.1283403933048248,0.1903559416532516,0.1609148383140564,0.21463543176651,0.1252576559782028,0.1872461140155792,0.1345835626125335,0.4648659825325012,0.894268274307251,0.0588677152991294,0.2040708512067794,0.885036289691925,0.068901389837265,0.1131085976958274,80,80,none,inpaint,704,136,160,3.3207101821899414,0.0014697008300572,0.0008056156220845,0.0001968480355571,30,30,28,0.1746442641385577,0.2959822942228878,64,16,4,51.0,0.049414724111557,0.1609148383140564,실측,2553.112469444444
medium_1mm_r1,640,360,cycle,0,0.0329174920916557,0.0595825240015983,0.1167841553688049,0.1545008271932602,0.1469090282917022,0.1805106699466705,0.1141572445631027,0.1788365542888641,0.1149814948439598,0.4648659825325012,0.9303479194641112,0.0534623973071575,0.2040708512067794,0.9064972400665284,0.0641477331519126,0.0958633199334144,80,80,none,inpaint,704,136,160,3.3207101821899414,0.0013006221270188,0.0008081360720098,0.0001573640183778,30,30,30,0.1385211978446353,0.3092545533881468,64,32,2,29.2,0.046250008046627,0.1469090282917022,실측,1433.8844444444444
medium_1mm_r1,640,360,cycle,1,0.0326217301189899,0.0558644905686378,0.1115902885794639,0.1551414728164672,0.141459435224533,0.1822936236858368,0.107877567410469,0.1735127866268158,0.1094060912728309,0.4648659825325012,0.9297690987586976,0.0480966344475746,0.2040708512067794,0.9049317240715028,0.0668674036860466,0.0979120507836341,80,80,none,inpaint,704,136,160,3.3207101821899414,0.0014185258187353,0.0008769937558099,0.0001695240935077,30,30,27,0.2039579268206249,0.2917434713419746,64,32,2,28.8,0.044243110343813855,0.141459435224533,실측,1433.8844444444444
medium_1mm_r1,640,360,cycle,2,0.0431507602334022,0.0607636794447898,0.114241637289524,0.166115403175354,0.152132362127304,0.1975212693214416,0.1166894659399986,0.1910243928432464,0.1132403388619422,0.4648659825325012,0.919482171535492,0.0503656268119812,0.2040708512067794,0.8997845649719238,0.0747121945023536,0.0987570434808731,80,80,none,inpaint,704,136,160,3.3207101821899414,0.0014078136300668,0.0009124530479311,0.0001873546571005,30,30,29,0.1475400179624557,0.304450990522609,64,32,2,28.8,0.051957219839096,0.152132362127304,실측,1433.8844444444444
medium_1mm_r1,426,240,cycle,0,0.0317788980901241,0.0551577396690845,0.1163171753287315,0.1607592105865478,0.1457928419113159,0.1873246133327484,0.1146627068519592,0.1711171716451645,0.1204685196280479,0.4648659825325012,0.924590826034546,0.0444222018122673,0.2040708512067794,0.9181534051895142,0.0586357600986957,0.1066136360168457,80,80,none,inpaint,704,136,160,3.3207101821899414,0.0012865726603195,0.0007130866870284,0.0001949010475073,30,30,30,0.1596353629773313,0.3007293448728673,64,64,1,14.8,0.0434683188796043,0.1457928419113159,실측,635.292025
medium_1mm_r1,426,240,cycle,1,0.0320167019963264,0.0564661808311939,0.1172427684068679,0.158035546541214,0.1471215486526489,0.1845011264085769,0.1148551926016807,0.1850054413080215,0.1092376485466957,0.4648659825325012,0.9271244406700134,0.0452087670564651,0.2040708512067794,0.9152950644493104,0.0631584525108337,0.0947380512952804,80,80,none,inpaint,704,136,160,3.3207101821899414,0.0014927329029887,0.0007466577808372,0.0001659955887589,30,30,19,0.2659592411734841,0.3082914352416992,64,64,1,13.3,0.04424144141376015,0.1471215486526489,실측,635.292025
medium_1mm_r1,426,240,cycle,2,0.0427422896027565,0.0522154346108436,0.1147611364722251,0.159355342388153,0.1493909358978271,0.185261383652687,0.1131365448236465,0.166346475481987,0.1324354112148285,0.4648659825325012,0.9259021282196044,0.0504033677279949,0.2040708512067794,0.9088274836540222,0.0676571279764175,0.1136224046349525,80,80,none,inpaint,704,136,160,3.3207101821899414,0.0012736949138343,0.001062209601514,0.0001770349044818,30,30,29,0.1338736455548893,0.3074674921877244,64,64,1,13.3,0.04747886210680005,0.1493909358978271,실측,635.292025
medium_1mm_r1,320,180,cycle,0,0.0472642108798027,0.051871158182621,0.1260082125663757,0.1678231358528137,0.1575589627027511,0.1923766434192657,0.1232556104660034,0.1679636538028717,0.1471542865037918,0.4648659825325012,0.9178181290626526,0.0599802732467651,0.2040708512067794,0.8898816108703613,0.0645840913057327,0.1254145205020904,80,80,none,inpaint,704,136,160,3.3207101821899414,0.0014988861512392,0.0008530165068805,0.000173998894752,30,30,22,0.1802443306554447,0.3243008291020113,64,64,1,9.0,0.04956768453121185,0.1575589627027511,실측,358.4711111111111
medium_1mm_r1,320,180,cycle,1,0.0472869761288166,0.0537358224391937,0.1091807708144187,0.1460230201482772,0.1449704766273498,0.1762694716453552,0.1096743121743202,0.1611751317977905,0.1287658214569091,0.4648659825325012,0.9377821683883668,0.0545474663376808,0.2040708512067794,0.9069367051124572,0.0572626963257789,0.1040451154112815,80,80,none,inpaint,704,136,160,3.3207101821899414,0.001452661701478,0.0008271044935099,0.000183880154509,30,30,29,0.1384726329283281,0.30624799693332,64,64,1,7.9,0.05051139928400515,0.1449704766273498,실측,358.4711111111111
medium_1mm_r1,320,180,cycle,2,0.0393608435988426,0.0538443438708782,0.1142700314521789,0.1523318588733673,0.1457478255033493,0.1783356368541717,0.1146652251482009,0.1667110174894333,0.1247846335172653,0.4648659825325012,0.9322898387908936,0.0509831309318542,0.2040708512067794,0.9040735960006714,0.0712054818868637,0.1092351227998733,80,80,none,inpaint,704,136,160,3.3207101821899414,0.001237095799297,0.0016429157694801,0.000183739059139,30,30,29,0.1636876782233065,0.3093230584088494,64,64,1,7.9,0.0466025937348604,0.1457478255033493,실측,358.4711111111111
medium_1mm_r1,160,90,cycle,0,0.0332854501903057,0.0521709434688091,0.1508425027132034,0.1861684769392013,0.1762164086103439,0.2044503688812255,0.1499621123075485,0.1833751797676086,0.1690576523542404,0.4648659825325012,0.8988689184188843,0.0441692918539047,0.2040708512067794,0.9298288822174072,0.0468189343810081,0.151011660695076,80,80,none,inpaint,704,136,160,3.3207101821899414,0.0012892747763544,0.0009817634709179,0.0001908540434669,30,30,27,0.1903123638846657,0.295626864713781,64,64,1,3.7,0.042728196829557405,0.1762164086103439,실측,89.61777777777777
medium_1mm_r1,160,90,cycle,1,0.0365697816014289,0.0500197634100914,0.1534560024738311,0.1885931193828582,0.1769276410341262,0.2070576697587967,0.1500967442989349,0.209460973739624,0.1443943083286285,0.4648659825325012,0.8962175250053406,0.0454104617238044,0.2040708512067794,0.9306995272636414,0.0518680922687053,0.1303669661283493,80,80,none,inpaint,704,136,160,3.3207101821899414,0.0011080099502578,0.0008198035066016,0.0002092141658067,30,30,21,0.2358338372273878,0.3021658062934875,64,64,1,2.8,0.04329477250576015,0.1769276410341262,실측,89.61777777777777
medium_1mm_r1,160,90,cycle,2,0.0344666764140129,0.0562114045023918,0.1317550390958786,0.1752249151468277,0.1618564277887344,0.1981639117002487,0.1299783289432525,0.1923211514949798,0.1313916891813278,0.4648659825325012,0.9104090929031372,0.0467461720108985,0.2040708512067794,0.911674439907074,0.0613190755248069,0.1142275333404541,80,80,none,inpaint,704,136,160,3.3207101821899414,0.0012613650178536,0.0010604981798678,0.0001823901402531,30,30,11,0.3130932043899189,0.316203401369207,64,64,1,2.8,0.04533904045820235,0.1618564277887344,실측,89.61777777777777
medium_1mm_r1,80,45,cycle,0,0.0351840071380138,0.0550971552729606,0.138148158788681,0.186982586979866,0.1669768542051315,0.2091819494962692,0.1385171115398407,0.1862608343362808,0.1476928889751434,0.4648659825325012,0.8979824781417847,0.0493150576949119,0.2040708512067794,0.9052587151527404,0.0590160265564918,0.1325331628322601,80,80,none,inpaint,704,136,160,3.3207101821899414,0.0011107105528935,0.0008908174932003,0.0001842015481088,30,30,29,0.2619911703196438,0.2767179941429811,64,64,1,2.9,0.045140581205487196,0.1669768542051315,실측,22.404444444444444
medium_1mm_r1,80,45,cycle,1,0.0351720191538333,0.0568027086555957,0.1253041923046112,0.1847962886095047,0.155811607837677,0.210463285446167,0.1265573352575302,0.2180502414703369,0.0935729667544364,0.4648659825325012,0.900354266166687,0.0441056117415428,0.2040708512067794,0.9099439978599548,0.0654566660523414,0.0830815881490707,80,80,none,inpaint,704,136,160,3.3207101821899414,0.0013550911098718,0.0009559784084558,0.0001904766249936,30,30,30,0.2213768268173391,0.2508099377155304,64,64,1,1.9,0.0459873639047145,0.155811607837677,실측,22.404444444444444
medium_1mm_r1,80,45,cycle,2,0.0592817291617393,0.0465370677411556,0.0993439555168151,0.133375197649002,0.1403489410877227,0.1647665947675705,0.0986972898244857,0.166478082537651,0.1142197698354721,0.4648659825325012,0.9480934143066406,0.0609937235713005,0.2040708512067794,0.89278244972229,0.0603769421577453,0.0824650824069976,80,80,none,inpaint,704,136,160,3.3207101821899414,0.0011400276562198,0.0010722468141466,0.0001985384878935,30,30,28,0.2023572285066951,0.2737180836060467,64,64,1,1.9,0.052909398451447445,0.1403489410877227,실측,22.404444444444444
medium_1mm_r1,48,27,cycle,0,0.0383959449827671,0.0535296201705932,0.1274335533380508,0.1792922616004943,0.1548765450716018,0.2034811228513717,0.1286967098712921,0.2112923115491867,0.0984607636928558,0.4648659825325012,0.9062016010284424,0.0502777323126792,0.2040708512067794,0.8950234651565552,0.064845860004425,0.0827527791261673,80,80,none,inpaint,704,136,160,3.3207101821899414,0.0012478060089051,0.0011426338460296,0.0001769256487023,30,30,29,0.2677552483298562,0.2739528645487392,64,64,1,2.8,0.04596278257668015,0.1548765450716018,실측,8.065599999999996
medium_1mm_r1,48,27,cycle,1,0.0422393716871738,0.0576205067336559,0.1339296996593475,0.1810645908117294,0.1645958125591278,0.210836261510849,0.1289424747228622,0.2232499569654464,0.1059416681528091,0.4648659825325012,0.904338002204895,0.0528371222317218,0.2040708512067794,0.8883775472640991,0.0670819580554962,0.091428704559803,80,80,none,inpaint,704,136,160,3.3207101821899414,0.0012255464680492,0.0008857793291099,0.0001682662259554,30,30,30,0.2568732459436763,0.2625890794922323,64,64,1,1.9,0.04992993921041485,0.1645958125591278,실측,8.065599999999996
medium_1mm_r1,48,27,cycle,2,0.0397487021982669,0.058297611773014,0.183330625295639,0.3412297666072845,0.2117955237627029,0.3573819696903229,0.1806413978338241,0.3175563514232635,0.1060347110033035,0.4648659825325012,0.6602448225021362,0.0544201135635376,0.2040708512067794,0.8758916258811951,0.0731472894549369,0.0882611721754074,80,80,none,inpaint,704,136,160,3.3207101821899414,0.0016011241823434,0.0011676672147586,0.0001710339274723,30,30,27,0.2559592710299925,0.2723012251012465,64,64,1,1.9,0.04902315698564045,0.2117955237627029,실측,8.065599999999996
medium_1mm_r1,32,18,cycle,0,0.0412379205226898,0.0735123232007026,0.1475423276424408,0.2026338279247284,0.1832425445318222,0.2329043447971344,0.1478350907564163,0.2355682849884033,0.1309168040752411,0.4648659825325012,0.8801891207695007,0.0702828839421272,0.2040708512067794,0.8207063674926758,0.0760124549269676,0.1006032675504684,80,80,none,inpaint,704,136,160,3.3207101821899414,0.0015230206772685,0.0009801334235817,0.0001633942738408,30,30,29,0.289970037612048,0.3082735713790445,64,64,1,3.3,0.0573751218616962,0.1832425445318222,실측,3.584711111111111
medium_1mm_r1,32,18,cycle,1,0.0471782647073268,0.0735546126961708,0.1636289656162262,0.2783618867397308,0.208283469080925,0.3100748658180237,0.1612294465303421,0.2886795997619629,0.127887338399887,0.4648659825325012,0.7739045023918152,0.063386358320713,0.2040708512067794,0.8160817623138428,0.0956008955836296,0.1129745244979858,80,80,none,inpaint,704,136,160,3.3207101821899414,0.0018571313703432,0.0013251572381705,0.0001653936342336,30,30,28,0.3986431360244751,0.3382820311714621,64,64,1,2.2,0.060366438701748806,0.208283469080925,실측,3.584711111111111
medium_1mm_r1,32,18,cycle,2,0.0401139147579669,0.0684795975685119,0.1360118687152862,0.1931865513324737,0.1758359968662262,0.226385623216629,0.1391796171665191,0.2259846627712249,0.1256873160600662,0.4648659825325012,0.8911004066467285,0.0616141855716705,0.2040708512067794,0.8192223310470581,0.0800711363554,0.1020755916833877,80,80,none,inpaint,704,136,160,3.3207101821899414,0.0016331985825672,0.0010746100451797,0.0001664256124058,30,30,30,0.2934249192476272,0.2871530091061312,64,64,1,2.2,0.054296756163239396,0.1758359968662262,실측,3.584711111111111
medium_1mm_r1,16,9,cycle,0,0.0603380016982555,0.0885637924075126,0.160111516714096,0.2422154992818832,0.212812453508377,0.2986690998077392,0.1615431010723114,0.307263433933258,0.1183614507317543,0.4648659825325012,0.8288108706474304,0.0767181366682052,0.2040708512067794,0.7512289881706238,0.1154412031173706,0.1054382100701332,80,80,none,inpaint,704,136,160,3.3207101821899414,0.0021788000594824,0.0012889712816104,0.0001624011638341,30,30,30,0.3531979105689309,0.3731454821193919,64,64,1,3.7,0.07445089705288405,0.212812453508377,실측,0.8961777777777777
medium_1mm_r1,16,9,cycle,1,0.0569045916199684,0.0884474366903305,0.1516636461019516,0.2339371740818023,0.2075695544481277,0.2917454838752746,0.1480196267366409,0.3115220367908478,0.1036170870065689,0.4648659825325012,0.8403125405311584,0.0687845200300216,0.2040708512067794,0.7803434133529663,0.1204060316085815,0.0969444066286087,80,80,none,inpaint,704,136,160,3.3207101821899414,0.0022334591485559,0.0014652489917352,0.0001621271367184,30,30,30,0.4095772884108803,0.3770403195829952,64,64,1,2.2,0.07267601415514946,0.2075695544481277,실측,0.8961777777777777
medium_1mm_r1,16,9,cycle,2,0.0583212077617645,0.1006795987486839,0.1738759130239486,0.3175359070301056,0.2309161722660064,0.3750530779361725,0.1786368787288665,0.3505592942237854,0.1112730279564857,0.4648659825325012,0.7057895660400391,0.0806490927934646,0.2040708512067794,0.6898401975631714,0.123663879930973,0.0953222066164016,80,80,none,inpaint,704,136,160,3.3207101821899414,0.0020687945652753,0.0014118755934759,0.0001731980446493,30,30,26,0.36879286440936,0.362174440832699,64,64,1,2.2,0.0795004032552242,0.2309161722660064,실측,0.8961777777777777
medium_1mm_r1,8,5,cycle,0,0.0765233486890792,0.1024379506707191,0.2242241352796554,0.6031852960586548,0.2900302410125732,0.64266437292099,0.2250066697597503,0.3779141008853912,0.2021463811397552,0.4648659825325012,-0.0616316795349121,0.0958121791481971,0.2040708512067794,0.4564336538314819,0.1462366282939911,0.1890647113323211,80,80,none,inpaint,704,136,160,3.3207101821899414,0.0026756916195154,0.0017676005372777,0.0001786470820661,30,30,30,0.4060315841978246,0.407131272203782,64,64,1,3.7,0.08948064967989916,0.2900302410125732,실측,0.22404444444444443
medium_1mm_r1,8,5,cycle,1,0.0790630802512168,0.1265217363834381,0.1908413916826248,0.2963510453701019,0.2733405530452728,0.3636236786842346,0.1948018968105316,0.3672865927219391,0.1793945431709289,0.4648659825325012,0.7437373399734497,0.1253891736268997,0.2040708512067794,0.4785603880882263,0.1619210541248321,0.1381813585758209,80,80,none,inpaint,704,136,160,3.3207101821899414,0.0024473739322274,0.0019335758406668,0.0001628446480026,30,30,26,0.4535904499617489,0.4096772320130292,64,64,1,2.1,0.10279240831732746,0.2733405530452728,실측,0.22404444444444443
medium_1mm_r1,8,5,cycle,2,0.078528955578804,0.1119539961218833,0.17573943734169,0.2970750033855438,0.25020831823349,0.3886612951755523,0.1780614852905273,0.3694077134132385,0.1310089379549026,0.4648659825325012,0.7424837946891785,0.1073646396398544,0.2040708512067794,0.3188585042953491,0.1713133603334427,0.1088238582015037,80,80,none,inpaint,704,136,160,3.3207101821899414,0.0023783172946423,0.0018775754142552,0.0001680472923908,30,30,30,0.4075203673406081,0.4026114590027753,64,64,1,2.1,0.09524147585034365,0.25020831823349,실측,0.22404444444444443
medium_2mm_r1,1920,1080,cycle,0,0.0177346877753734,0.0288838148117065,0.0699560418725013,0.0873498246073722,0.0848227813839912,0.0983975380659103,0.0697112083435058,0.0906116217374801,0.0792624503374099,0.4535104036331177,0.9712031483650208,0.0264450162649154,0.1674191057682037,0.969369888305664,0.0325630977749824,0.070395328104496,73,76,none,inpaint,693,158,149,1.980449914932251,0.0007367797661572,0.0004746888298541,0.000170747473021,30,30,25,0.1382681769124013,0.1949785172562056,64,4,16,253.8,0.023309251293539952,0.0848227813839912,실측,13091.021056
medium_2mm_r1,1920,1080,cycle,1,0.02093724347651,0.0235273763537406,0.0838957726955413,0.1054415181279182,0.0962924063205719,0.113848902285099,0.0828155428171157,0.119744524359703,0.0737660378217697,0.4535104036331177,0.9580391049385072,0.0211014039814472,0.1674191057682037,0.9769129157066344,0.0272160600870847,0.0649940371513366,73,76,none,inpaint,693,158,149,1.980449914932251,0.000486302858917,0.0005256669828668,0.0001624771830393,30,30,30,0.1325797185108259,0.1927538642400427,64,4,16,255.7,0.0222323099151253,0.0962924063205719,실측,13091.021056
medium_2mm_r1,1920,1080,cycle,2,0.0288400147110223,0.0229539163410663,0.0989737659692764,0.1249715834856033,0.1125678792595863,0.1333508044481277,0.0996633619070053,0.1387355029582977,0.08743317425251,0.4535104036331177,0.941055417060852,0.0278999414294958,0.1674191057682037,0.9693767428398132,0.032947402447462,0.0745196491479873,73,76,none,inpaint,693,158,149,1.980449914932251,0.0005762675427831,0.0007170966709963,0.0001715819234959,30,30,25,0.1820199682254984,0.2102731998208203,64,4,16,254.4,0.0258969655260443,0.1125678792595863,실측,13091.021056
medium_2mm_r1,1280,720,cycle,0,0.0270208232104778,0.0300481785088777,0.0791205391287803,0.0981409326195716,0.0994472354650497,0.1144316792488098,0.0825089514255523,0.1225342825055122,0.0772715285420417,0.4535104036331177,0.963648557662964,0.035353947430849,0.1674191057682037,0.9367421269416808,0.055531121790409,0.070590853691101,73,76,none,inpaint,693,158,149,1.980449914932251,0.0007602088735438,0.0006841856520622,0.0001660982961766,30,30,26,0.1368610921274188,0.2029937460452695,64,8,8,111.2,0.02853450085967775,0.0994472354650497,실측,5818.2315804444415
medium_2mm_r1,1280,720,cycle,1,0.0259543322026729,0.0333476364612579,0.0785828530788421,0.0952796190977096,0.0994154289364814,0.1118836402893066,0.0768837854266166,0.1238384619355201,0.0759564489126205,0.4535104036331177,0.9657373428344728,0.0345137491822242,0.1674191057682037,0.9404995441436768,0.0552321523427963,0.0692732036113739,73,76,none,inpaint,693,158,149,1.980449914932251,0.0007797926082275,0.0006169087719172,0.000173553431523,30,30,28,0.134938294495339,0.2038834890987299,64,8,8,110.6,0.029650984331965398,0.0994154289364814,실측,5818.2315804444415
medium_2mm_r1,1280,720,cycle,2,0.0298223551362752,0.0252460278570652,0.0858694389462471,0.1084840223193168,0.10236856341362,0.1199252232909202,0.0836264863610267,0.1350479871034622,0.0709791183471679,0.4535104036331177,0.9555826187133788,0.0313404314219951,0.1674191057682037,0.9608579874038696,0.0394685678184032,0.0579725578427314,73,76,none,inpaint,693,158,149,1.980449914932251,0.0008586269104853,0.000621058337856,0.0001627969613764,30,30,22,0.1739845781615286,0.2122393220285826,64,8,8,110.6,0.0275341914966702,0.10236856341362,실측,5818.2315804444415
medium_2mm_r1,854,480,cycle,0,0.025451885536313,0.0331600569188594,0.0820389911532402,0.0989415124058723,0.1011047884821891,0.1145219951868057,0.085065096616745,0.1183653697371482,0.0845255479216575,0.4535104036331177,0.9630530476570128,0.0344143249094486,0.1674191057682037,0.9424608945846558,0.0530240312218666,0.076820783317089,73,76,none,inpaint,693,158,149,1.980449914932251,0.0008483144338242,0.0012274729087948,0.0001599990791874,30,30,25,0.1870539965911689,0.229010016103334,64,16,4,51.8,0.0293059712275862,0.1011047884821891,실측,2589.922719313611
medium_2mm_r1,854,480,cycle,1,0.0264485701918602,0.0353665873408317,0.0675023347139358,0.0840573012828826,0.0919639244675636,0.1033224314451217,0.0695550292730331,0.1000415161252021,0.084205187857151,0.4535104036331177,0.9733331203460692,0.0369113311171531,0.1674191057682037,0.9403172135353088,0.0529431141912937,0.0717993080615997,73,76,none,inpaint,693,158,149,1.980449914932251,0.000806086405646,0.0007121014059521,0.0001792843540897,30,30,29,0.1369393777537655,0.2150633621819411,64,16,4,50.8,0.03090757876634595,0.0919639244675636,실측,2589.922719313611
medium_2mm_r1,854,480,cycle,2,0.0485314019024372,0.028428915888071,0.0943854376673698,0.1157696470618248,0.1224977374076843,0.13616943359375,0.0948877781629562,0.1356808394193649,0.1098350211977958,0.4535104036331177,0.9494162797927856,0.0441962741315364,0.1674191057682037,0.9176616072654724,0.0585545264184474,0.0939509719610214,73,76,none,inpaint,693,158,149,1.980449914932251,0.0006465769256465,0.0007157404907047,0.0001544483529869,30,30,24,0.1686277410168668,0.2178916508638406,64,16,4,51.1,0.0384801588952541,0.1224977374076843,실측,2589.922719313611
medium_2mm_r1,640,360,cycle,0,0.0324254967272281,0.0294524654746055,0.0873669013381004,0.1084038093686103,0.1082454174757003,0.1235480904579162,0.0848621502518653,0.1244138926267623,0.0927151441574096,0.4535104036331177,0.9556483030319214,0.0353637300431728,0.1674191057682037,0.946933388710022,0.0494448579847812,0.0841569006443023,73,76,none,inpaint,693,158,149,1.980449914932251,0.0007421597838401,0.0009072264074347,0.0001835398288676,30,30,28,0.1601485363160721,0.2255303829531126,64,32,2,29.2,0.0309389811009168,0.1082454174757003,실측,1454.5578951111104
medium_2mm_r1,640,360,cycle,1,0.0262954365462064,0.0307850260287523,0.076504498720169,0.0954596847295761,0.0976445451378822,0.1102017164230346,0.0760643854737281,0.1026001274585723,0.0928845629096031,0.4535104036331177,0.9656077027320862,0.0294521581381559,0.1674191057682037,0.9593960046768188,0.042301669716835,0.0841666013002395,73,76,none,inpaint,693,158,149,1.980449914932251,0.0006571926060132,0.000717225135304,0.0001551325985928,30,30,25,0.2017907755715506,0.209988910940629,64,32,2,28.7,0.028540231287479352,0.0976445451378822,실측,1454.5578951111104
medium_2mm_r1,640,360,cycle,2,0.0237309392541646,0.0406078211963176,0.0759317055344581,0.0967336222529411,0.0989684090018272,0.1132450401782989,0.0755558907985687,0.1086426302790641,0.0896760448813438,0.4535104036331177,0.9646835923194884,0.0386516042053699,0.1674191057682037,0.9458854794502258,0.041417546570301,0.0744126215577125,73,76,none,inpaint,693,158,149,1.980449914932251,0.0006878836429677,0.0011514369398355,0.0001712520897854,30,30,25,0.1599903165175973,0.2318937989729869,64,32,2,28.6,0.0321693802252411,0.0989684090018272,실측,1454.5578951111104
medium_2mm_r1,426,240,cycle,0,0.0333108007907867,0.0378543734550476,0.0802800059318542,0.1000123023986816,0.104867048561573,0.1175744980573654,0.0828114375472068,0.1125224158167839,0.0975138917565345,0.4535104036331177,0.9622490406036376,0.0469507128000259,0.1674191057682037,0.925305187702179,0.039189726114273,0.0673267319798469,73,76,none,inpaint,693,158,149,1.980449914932251,0.0007908347179181,0.0007002657512202,0.0001835521688917,30,30,21,0.2005420770135964,0.2320124650303321,64,64,1,14.9,0.03558258712291715,0.104867048561573,실측,644.4515346025
medium_2mm_r1,426,240,cycle,1,0.0269837211817502,0.0410109497606754,0.0660020783543586,0.0831437483429908,0.0918996557593345,0.1023275479674339,0.0657168924808502,0.1012202426791191,0.0829469785094261,0.4535104036331177,0.9739096164703368,0.0449017286300659,0.1674191057682037,0.9345629811286926,0.0440311208367347,0.0589309744536876,73,76,none,inpaint,693,158,149,1.980449914932251,0.000927967717871,0.000809307093732,0.0001785159693099,30,30,30,0.1543695909464342,0.2162615196614326,64,64,1,13.3,0.0339973354712128,0.0918996557593345,실측,644.4515346025
medium_2mm_r1,426,240,cycle,2,0.0251240916550159,0.0294563714414834,0.0695528090000152,0.087154284119606,0.0891963168978691,0.1004741191864013,0.0700565502047538,0.092176467180252,0.0863338112831115,0.4535104036331177,0.9713318943977356,0.0284776296466588,0.1674191057682037,0.9683349132537842,0.0330965965986251,0.0711760371923446,73,76,none,inpaint,693,158,149,1.980449914932251,0.0007153368205763,0.0006064355839043,0.0002148687926819,30,30,30,0.1922480877687748,0.2294669634179224,64,64,1,13.3,0.027290231548249652,0.0891963168978691,실측,644.4515346025
medium_2mm_r1,320,180,cycle,0,0.0291962586343288,0.0288564208894968,0.0751871764659881,0.0950267985463142,0.0947844684123992,0.1084524542093277,0.0745037719607353,0.1111177131533622,0.0790959745645523,0.4535104036331177,0.9659188985824584,0.0311531387269496,0.1674191057682037,0.9626377820968628,0.0361006408929824,0.064940445125103,73,76,none,inpaint,693,158,149,1.980449914932251,0.0008163372403942,0.0006512224208563,0.0001768813526723,30,30,27,0.1571709975535735,0.2149629079842869,64,64,1,8.9,0.029026339761912802,0.0947844684123992,실측,363.6394737777776
medium_2mm_r1,320,180,cycle,1,0.025861918926239,0.028582826256752,0.0616864189505577,0.0789812952280044,0.0825765803456306,0.0932697206735611,0.0614752359688282,0.0934214517474174,0.0721597895026207,0.4535104036331177,0.976456582546234,0.0306194573640823,0.1674191057682037,0.9631344079971312,0.0370717905461788,0.0563296005129814,73,76,none,inpaint,693,158,149,1.980449914932251,0.0008735004812479,0.0007767247734591,0.0001820771431084,30,30,24,0.2237901247252977,0.2135426334187954,64,64,1,7.8,0.0272223725914955,0.0825765803456306,실측,363.6394737777776
medium_2mm_r1,320,180,cycle,2,0.0218076072633266,0.0307366903871297,0.0724013298749923,0.087918609380722,0.08905840665102,0.1012250185012817,0.0721228197216987,0.10121950507164,0.0773773714900016,0.4535104036331177,0.9708268642425536,0.0302849039435386,0.1674191057682037,0.9627171158790588,0.0347479991614818,0.0663976520299911,73,76,none,inpaint,693,158,149,1.980449914932251,0.0010432807030156,0.0005516728269867,0.0002061913692159,30,30,30,0.1992568261007554,0.2206527975541126,64,64,1,7.8,0.026272148825228152,0.08905840665102,실측,363.6394737777776
medium_2mm_r1,160,90,cycle,0,0.0210099164396524,0.025649270042777,0.084005057811737,0.1031810939311981,0.0971292182803154,0.1115830615162849,0.082218199968338,0.1108269989490509,0.0839721411466598,0.4535104036331177,0.9598188996315002,0.0260417908430099,0.1674191057682037,0.9736929535865784,0.0302690025418996,0.074117936193943,73,76,none,inpaint,693,158,149,1.980449914932251,0.0006876114057376,0.0005150007782503,0.0002235618012491,30,30,28,0.1646896963683729,0.2251406862765927,64,64,1,3.7,0.0233295932412147,0.0971292182803154,실측,90.9098684444444
medium_2mm_r1,160,90,cycle,1,0.024433871731162,0.0298842191696167,0.0633718371391296,0.0820853933691978,0.0833605155348777,0.096499778330326,0.061235062777996,0.0852737724781036,0.0815227925777435,0.4535104036331177,0.9745696187019348,0.029807673767209,0.1674191057682037,0.9653119444847108,0.0334729813039302,0.0677710101008415,73,76,none,inpaint,693,158,149,1.980449914932251,0.000748342485167,0.000722040887922,0.0001838315220084,30,30,26,0.214849341311324,0.2279150636890266,64,64,1,2.8,0.02715904545038935,0.0833605155348777,실측,90.9098684444444
medium_2mm_r1,160,90,cycle,2,0.0398810058832168,0.030281601473689,0.0964367538690567,0.1154471486806869,0.118372231721878,0.1318008154630661,0.1012822985649108,0.1272609084844589,0.1098344102501869,0.4535104036331177,0.949697732925415,0.0384599044919014,0.1674191057682037,0.9410175681114196,0.0394583567976951,0.0856563299894332,73,76,none,inpaint,693,158,149,1.980449914932251,0.0007356536225415,0.0006699769292026,0.0001540953235235,30,30,12,0.3312459370446584,0.2256857383100292,64,64,1,2.8,0.0350813036784529,0.118372231721878,실측,90.9098684444444
medium_2mm_r1,80,45,cycle,0,0.0203582271933555,0.0226321090012788,0.0601933375000953,0.0745461136102676,0.073925033211708,0.0848100334405899,0.0594823583960533,0.0784931480884552,0.0695372521877288,0.4535104036331177,0.97902649641037,0.022602092474699,0.1674191057682037,0.9782950282096864,0.0310984645038843,0.0641228631138801,73,76,none,inpaint,693,158,149,1.980449914932251,0.0005860741948708,0.0004663406289182,0.0002039657410932,30,30,30,0.2146986043470418,0.1911650669725635,64,64,1,2.9,0.02149516809731715,0.073925033211708,실측,22.7274671111111
medium_2mm_r1,80,45,cycle,1,0.0270494520664215,0.0267267432063817,0.0846241787075996,0.1018437445163726,0.0994115695357322,0.1127027943730354,0.0864485129714012,0.1061335280537605,0.0929549485445022,0.4535104036331177,0.9608537554740906,0.0274105351418256,0.1674191057682037,0.9689443111419678,0.0368333533406257,0.0818485915660858,73,76,none,inpaint,693,158,149,1.980449914932251,0.0007924389792606,0.000645124586299,0.0001942431554198,30,30,23,0.2460279753713896,0.2155183478246761,64,64,1,1.9,0.026888097636401598,0.0994115695357322,실측,22.7274671111111
medium_2mm_r1,80,45,cycle,2,0.02068399079144,0.0223429463803768,0.0678714960813522,0.0833045989274978,0.0807192921638488,0.0926703587174415,0.0687993466854095,0.0845143496990203,0.0770740360021591,0.4535104036331177,0.9738085865974426,0.0216010808944702,0.1674191057682037,0.9779533743858336,0.0300443638116121,0.0710504278540611,73,76,none,inpaint,693,158,149,1.980449914932251,0.0006266916170716,0.0005053071654401,0.0002191405510529,30,30,30,0.2293761392348428,0.2035268590420107,64,64,1,1.9,0.0215134685859084,0.0807192921638488,실측,22.7274671111111
medium_2mm_r1,48,27,cycle,0,0.0211191941052675,0.0384977087378501,0.0823171734809875,0.1010436490178108,0.104579858481884,0.1193868592381477,0.0816222354769706,0.1124874427914619,0.0969844087958335,0.4535104036331177,0.9614664316177368,0.0299909710884094,0.1674191057682037,0.9605336785316468,0.0421162508428096,0.0873634666204452,73,76,none,inpaint,693,158,149,1.980449914932251,0.0007360824383795,0.0010291929356753,0.0002037150552496,30,30,22,0.2573429137941391,0.2120176085942908,64,64,1,2.7,0.0298084514215588,0.104579858481884,실측,8.18188816
medium_2mm_r1,48,27,cycle,1,0.0295542385429143,0.027914511039853,0.1115237474441528,0.1442971974611282,0.126093715429306,0.1552771180868148,0.112219713628292,0.1422175914049148,0.1106063351035118,0.4535104036331177,0.9214154481887816,0.0266775656491518,0.1674191057682037,0.9661777019500732,0.0401416569948196,0.1065830662846565,73,76,none,inpaint,693,158,149,1.980449914932251,0.0007696390966884,0.0008737221942283,0.0001899649651022,30,30,29,0.2552074718612957,0.2308918132057673,64,64,1,1.9,0.02873437479138365,0.126093715429306,실측,8.18188816
medium_2mm_r1,48,27,cycle,2,0.0388854518532753,0.0370490960776805,0.0821982622146606,0.0989239588379859,0.1120982468128204,0.1424254924058914,0.0823173224925994,0.134738951921463,0.09035125374794,0.4535104036331177,0.9630661606788636,0.0344504378736019,0.1674191057682037,0.9280276298522948,0.0511639341711998,0.083977460861206,73,76,none,inpaint,693,158,149,1.980449914932251,0.0006292490288615,0.0007058507762849,0.0002202477335231,30,30,30,0.2199055615269604,0.2342134246343298,64,64,1,1.8,0.0379672739654779,0.1120982468128204,실측,8.18188816
medium_2mm_r1,32,18,cycle,0,0.0349401943385601,0.0425274670124053,0.0917839184403419,0.1098130941390991,0.1186256930232048,0.132971778512001,0.0870979130268096,0.133025661110878,0.1047941371798515,0.4535104036331177,0.9544876217842102,0.0361633859574794,0.1674191057682037,0.9392411708831788,0.0430436991155147,0.0941382870078086,73,76,none,inpaint,693,158,149,1.980449914932251,0.0012563192285597,0.0008307805401273,0.0002049930044449,30,30,22,0.2557313349339869,0.2453889303569552,64,64,1,3.3,0.038733830675482694,0.1186256930232048,실측,3.636394737777778
medium_2mm_r1,32,18,cycle,1,0.0231398232281208,0.0375289507210254,0.0789594203233718,0.0935946628451347,0.0984990447759628,0.1121735349297523,0.0774102285504341,0.1154100745916366,0.0822555497288703,0.4535104036331177,0.9669384360313416,0.0335851460695266,0.1674191057682037,0.9451964497566224,0.0435742251574993,0.0719111189246177,73,76,none,inpaint,693,158,149,1.980449914932251,0.0007570614689029,0.0006457700510509,0.000201110553462,30,30,28,0.2569882735545501,0.2186484155775625,64,64,1,2.2,0.0303343869745731,0.0984990447759628,실측,3.636394737777778
medium_2mm_r1,32,18,cycle,2,0.0240623503923416,0.0332264341413974,0.0774397179484367,0.0925824716687202,0.0954267457127571,0.1072690710425376,0.076349601149559,0.1114624589681625,0.0800240114331245,0.4535104036331177,0.9676496386528016,0.0305714383721351,0.1674191057682037,0.9622495770454408,0.0321078263223171,0.0678622499108314,73,76,none,inpaint,693,158,149,1.980449914932251,0.0009026608313433,0.0005312344874255,0.0001958945940714,30,30,27,0.2335333445715526,0.2149762141553661,64,64,1,2.1,0.0286443922668695,0.0954267457127571,실측,3.636394737777778
medium_2mm_r1,16,9,cycle,0,0.0275247748941183,0.0348416194319725,0.0822919383645057,0.1070521250367164,0.1043094024062156,0.1223063990473747,0.0816808193922042,0.1220981925725936,0.0872227847576141,0.4535104036331177,0.9567474126815796,0.031868640333414,0.1674191057682037,0.9580453038215636,0.0457045957446098,0.0776788964867591,73,76,none,inpaint,693,158,149,1.980449914932251,0.0010000688489526,0.0008597421110607,0.0001958076900336,30,30,25,0.3303918907308647,0.2283571219142479,64,64,1,3.6,0.0311831971630454,0.1043094024062156,실측,0.9090986844444445
medium_2mm_r1,16,9,cycle,1,0.0303273703902959,0.037306610494852,0.0933612287044525,0.1161954924464225,0.1154707297682762,0.1370743811130523,0.0934930294752121,0.1211415752768516,0.1100236997008323,0.4535104036331177,0.9490434527397156,0.0363207571208477,0.1674191057682037,0.9150611162185668,0.0488530732691288,0.0991693511605262,73,76,none,inpaint,693,158,149,1.980449914932251,0.0008799353963695,0.0007155226776376,0.0001869697443908,30,30,29,0.2903120679428739,0.2304133523868609,64,64,1,2.2,0.03381699044257395,0.1154707297682762,실측,0.9090986844444445
medium_2mm_r1,16,9,cycle,2,0.0278024394065141,0.0327594950795173,0.0913841724395752,0.1107933446764946,0.1114558652043342,0.1268825232982635,0.0922015383839607,0.1244963407516479,0.0989301428198814,0.4535104036331177,0.9536714553833008,0.0325089283287525,0.1674191057682037,0.950512170791626,0.0467693544924259,0.091787539422512,73,76,none,inpaint,693,158,149,1.980449914932251,0.0007985777920112,0.0008522369898855,0.000180671835551,30,30,27,0.2638716842188979,0.2282382506358472,64,64,1,2.2,0.0302809672430157,0.1114558652043342,실측,0.9090986844444445
medium_2mm_r1,8,5,cycle,0,0.0615159086883068,0.1162207201123237,0.1607167273759842,0.2343039363622665,0.2305418699979782,0.31697878241539,0.1765699833631515,0.3405724465847015,0.124854601919651,0.4535104036331177,0.7928044199943542,0.1137046590447425,0.1674191057682037,0.0970273613929748,0.2046560198068618,0.1042319685220718,73,76,none,inpaint,693,158,149,1.980449914932251,0.0028182037640362,0.0016185928834602,0.0001962678361451,30,30,30,0.2998416564853332,0.4113138899018493,64,64,1,3.6,0.08886831440031526,0.2305418699979782,실측,0.22727467111111113
medium_2mm_r1,8,5,cycle,1,0.0573629848659038,0.0643657371401786,0.1150473654270172,0.145863801240921,0.1630952507257461,0.2017616927623748,0.1162492111325264,0.1853672116994857,0.1417024582624435,0.4535104036331177,0.9196998476982116,0.0615230649709701,0.1674191057682037,0.6703914403915405,0.0861816331744194,0.1131649017333984,73,76,none,inpaint,693,158,149,1.980449914932251,0.0018667781259864,0.0012261604424566,0.0002061835111817,30,30,28,0.3235041713301753,0.3001155732553216,64,64,1,2.0,0.0608643610030412,0.1630952507257461,실측,0.22727467111111113
medium_2mm_r1,8,5,cycle,2,0.0905273854732513,0.0764225795865058,0.1561518311500549,0.2668505012989044,0.2213998585939407,0.5163972973823547,0.1840888410806656,0.2244851887226104,0.2184363454580307,0.4535104036331177,0.7312445640563965,0.1013716831803321,0.1674191057682037,-3.667759895324707,0.0865554586052894,0.1506389528512954,73,76,none,inpaint,693,158,149,1.980449914932251,0.0022191568277776,0.0022856988944113,0.0001953971077455,30,30,26,0.2941444267614235,0.2839628352394587,64,64,1,2.1,0.08347498252987856,0.2213998585939407,실측,0.22727467111111113
medium_3mm_r1,1920,1080,cycle,0,0.0161683373153209,0.0238500852137804,0.0772792249917984,0.1024919748306274,0.0890368521213531,0.108647920191288,0.0780453607439994,0.0967186614871025,0.0830387324094772,0.4195187985897064,0.957449436187744,0.0248886030167341,0.1249407827854156,0.9616247415542604,0.0224994197487831,0.0729135945439338,57,73,none,inpaint,725,145,130,1.8863900899887085,0.0005269668763503,0.0003663079405669,0.0002282480127178,30,30,26,0.141452116493521,0.1912942164930804,64,4,16,264.2,0.02000921126455065,0.0890368521213531,실측,10163.059344
medium_3mm_r1,1920,1080,cycle,1,0.0171173214912414,0.0177677813917398,0.071312166750431,0.0906257480382919,0.0805855020880699,0.0965483635663986,0.0700803324580192,0.0891249254345893,0.073917731642723,0.4195187985897064,0.96673184633255,0.0205558817833662,0.1249407827854156,0.9716415405273438,0.0274514947086572,0.0684151947498321,57,73,none,inpaint,725,145,130,1.8863900899887085,0.000411855551647,0.0003593625151552,0.0002805672993417,30,30,30,0.1122561481081206,0.1898201414223375,64,4,16,263.8,0.0174425514414906,0.0805855020880699,실측,10163.059344
medium_3mm_r1,1920,1080,cycle,2,0.0134409004822373,0.0172600299119949,0.0758291184902191,0.0975036174058914,0.083042100071907,0.1018719896674156,0.0749058797955513,0.0915790274739265,0.0763762816786766,0.4195187985897064,0.9614905714988708,0.016920605674386,0.1249407827854156,0.9787903428077698,0.0209539271891117,0.0719002336263656,57,73,none,inpaint,725,145,130,1.8863900899887085,0.0004697548865806,0.0003917177964467,0.0003076737339142,30,30,29,0.1172170296619678,0.1980561751743842,64,4,16,264.3,0.0153504651971161,0.083042100071907,실측,10163.059344
medium_3mm_r1,1280,720,cycle,0,0.018608845770359,0.0211622454226017,0.066583327949047,0.08896504342556,0.0797081068158149,0.0970135256648063,0.0657612308859825,0.0889477506279945,0.0724935829639434,0.4195187985897064,0.9679399728775024,0.0213752575218677,0.1249407827854156,0.9656034708023072,0.0292060039937496,0.064511589705944,57,73,none,inpaint,725,145,130,1.8863900899887085,0.0005577002302743,0.0004572147445287,0.000232765218243,30,30,29,0.1182559660796461,0.2025878550677464,64,8,8,115.5,0.01988554559648035,0.0797081068158149,실측,4516.915264
medium_3mm_r1,1280,720,cycle,1,0.0162262581288814,0.0224059000611305,0.0709746852517128,0.0914440527558326,0.0815002769231796,0.0986332520842552,0.0704601258039474,0.0903123989701271,0.0746195688843727,0.4195187985897064,0.9661283493041992,0.0199950877577066,0.1249407827854156,0.9682721495628356,0.0258160140365362,0.0683872550725936,57,73,none,inpaint,725,145,130,1.8863900899887085,0.0005521011771634,0.0004136652569286,0.0002126623876392,30,30,30,0.1105223969755501,0.2128321902505282,64,8,8,115.5,0.019316079095005947,0.0815002769231796,실측,4516.915264
medium_3mm_r1,1280,720,cycle,2,0.0155745632946491,0.0222557839006185,0.0825677067041397,0.1018807142972946,0.0924791172146797,0.1076270416378974,0.0820029899477958,0.0960764437913894,0.08967025578022,0.4195187985897064,0.9579554796218872,0.0201605204492807,0.1249407827854156,0.9719417095184326,0.0247783660888671,0.083636000752449,57,73,none,inpaint,725,145,130,1.8863900899887085,0.0005004534614272,0.0004029345291201,0.0002616528072394,30,30,27,0.1203661483320696,0.1953680718767232,64,8,8,114.9,0.0189151735976338,0.0924791172146797,실측,4516.915264
medium_3mm_r1,854,480,cycle,0,0.0167897976934909,0.0233964119106531,0.0896828472614288,0.1114439591765403,0.100389689207077,0.118177592754364,0.0889313295483589,0.1154044941067695,0.0886657908558845,0.4195187985897064,0.9496918320655824,0.0230454877018928,0.1249407827854156,0.9594981074333192,0.0308197978883981,0.0826769322156906,57,73,none,inpaint,725,145,130,1.8863900899887085,0.0005859250668436,0.0003898275317624,0.0002318620827281,30,30,26,0.1616626262664794,0.2091415175076188,64,16,4,53.9,0.020093104802072,0.100389689207077,실측,2010.6558671139067
medium_3mm_r1,854,480,cycle,1,0.0150053072720766,0.0296867862343788,0.0631333738565445,0.0796420723199844,0.077919565141201,0.0898508951067924,0.0633274987339973,0.0852795541286468,0.0721727237105369,0.4195187985897064,0.9743072390556335,0.0257260147482156,0.1249407827854156,0.9586448669433594,0.0258698929101228,0.0583719164133071,57,73,none,inpaint,725,145,130,1.8863900899887085,0.0006042210152372,0.0003677821950986,0.0002304814552189,30,30,30,0.1343095220368484,0.1925122041126777,64,16,4,52.6,0.0223460467532277,0.077919565141201,실측,2010.6558671139067
medium_3mm_r1,854,480,cycle,2,0.0157039500772953,0.0252781305462121,0.0689326524734497,0.0853985249996185,0.0802329555153846,0.0938407182693481,0.0667372345924377,0.0898192301392555,0.0727477893233299,0.4195187985897064,0.9704589247703552,0.0236524902284145,0.1249407827854156,0.960918426513672,0.0312967225909233,0.0652680993080139,57,73,none,inpaint,725,145,130,1.8863900899887085,0.0004692415823228,0.0004190910840407,0.0002212131075793,30,30,24,0.1705953602955259,0.2044969867015707,64,16,4,52.6,0.0204910403117537,0.0802329555153846,실측,2010.6558671139067
medium_3mm_r1,640,360,cycle,0,0.0155984675511717,0.0280958916991949,0.0777908340096473,0.0954688936471939,0.0901069045066833,0.1035134196281433,0.0763347446918487,0.0961664244532585,0.0853754952549934,0.4195187985897064,0.9630810618400574,0.0204158127307891,0.1249407827854156,0.9691251516342164,0.0293069668114185,0.0767047256231308,57,73,none,inpaint,725,145,130,1.8863900899887085,0.00067581073381,0.0004323223838582,0.0002308998082298,30,30,30,0.1627379081989156,0.2139282127906536,64,32,2,30.0,0.021847179625183302,0.0901069045066833,실측,1129.228816
medium_3mm_r1,640,360,cycle,1,0.0157542303204536,0.0201648455113172,0.0812021940946579,0.0988510623574256,0.0906881168484687,0.1049078255891799,0.0792789831757545,0.0862743481993675,0.0941344872117042,0.4195187985897064,0.9604188799858092,0.020432274788618,0.1249407827854156,0.968129813671112,0.0292765218764543,0.0897288173437118,57,73,none,inpaint,725,145,130,1.8863900899887085,0.0004911966971121,0.0003717321960721,0.0002454294008202,30,30,27,0.1573032241032041,0.2030158585515515,64,32,2,29.7,0.0179595379158854,0.0906881168484687,실측,1129.228816
medium_3mm_r1,640,360,cycle,2,0.0169148854911327,0.0238926224410533,0.0750014632940292,0.0920329913496971,0.0866744816303253,0.1001054421067237,0.075156845152378,0.1002294644713401,0.0760904625058174,0.4195187985897064,0.9656906723976136,0.0228984039276838,0.1249407827854156,0.9608715772628784,0.0275359041988849,0.0676633715629577,57,73,none,inpaint,725,145,130,1.8863900899887085,0.0005970565252937,0.0004154140478931,0.0002489837352186,30,30,28,0.1701816364814495,0.2006808807109964,64,32,2,29.5,0.020403753966093,0.0866744816303253,실측,1129.228816
medium_3mm_r1,426,240,cycle,0,0.0355109609663486,0.024287985637784,0.0760561376810073,0.0906141698360443,0.0943019315600395,0.1046806424856185,0.0739250183105468,0.1053462475538253,0.0856782868504524,0.4195187985897064,0.9667403697967528,0.031827338039875,0.1249407827854156,0.9374483823776244,0.0410746820271015,0.0749310702085495,57,73,none,inpaint,725,145,130,1.8863900899887085,0.0005094772786833,0.0005441288813017,0.0002360791550017,30,30,29,0.1468396048710264,0.2169735020604626,64,64,1,15.3,0.0298994733020663,0.0943019315600395,실측,500.31232571390615
medium_3mm_r1,426,240,cycle,1,0.0205255560576915,0.0285026803612709,0.0695293694734573,0.0878537893295288,0.0846059992909431,0.0979351699352264,0.0710312873125076,0.0858019590377807,0.0836721658706665,0.4195187985897064,0.9687358736991882,0.0306337550282478,0.1249407827854156,0.9438619017601012,0.0288121253252029,0.0711168050765991,57,73,none,inpaint,725,145,130,1.8863900899887085,0.0006169340922497,0.0004910799325443,0.0002816374762915,30,30,29,0.1323833968721587,0.213211362115268,64,64,1,13.8,0.0245141182094812,0.0846059992909431,실측,500.31232571390615
medium_3mm_r1,426,240,cycle,2,0.0154962390661239,0.0266355369240045,0.0754907131195068,0.0933246165513992,0.0876724272966384,0.1014384478330612,0.074158675968647,0.0917680561542511,0.0844744816422462,0.4195187985897064,0.9647208452224731,0.0217578969895839,0.1249407827854156,0.963901162147522,0.0282353181391954,0.0759211406111717,57,73,none,inpaint,725,145,130,1.8863900899887085,0.0006793346256017,0.0004094023606739,0.0002825006959028,30,30,28,0.1661720045681657,0.2140675774936018,64,64,1,13.7,0.0210658879950642,0.0876724272966384,실측,500.31232571390615
medium_3mm_r1,320,180,cycle,0,0.0149287618696689,0.0292555056512355,0.0858556032180786,0.1018970534205436,0.0970885157585144,0.1098034530878067,0.085000067949295,0.1037209406495094,0.0919097661972045,0.4195187985897064,0.957942008972168,0.0218772776424884,0.1249407827854156,0.9656956791877748,0.0256357565522193,0.0833537578582763,57,73,none,inpaint,725,145,130,1.8863900899887085,0.0004810706886928,0.0004867107782047,0.0002753018634393,30,30,27,0.1409859203470164,0.2219450457342739,64,64,1,9.3,0.0220921337604522,0.0970885157585144,실측,282.307204
medium_3mm_r1,320,180,cycle,1,0.0158240608870983,0.0386940278112888,0.065765842795372,0.0820818319916725,0.0848863273859024,0.0953512042760849,0.0658569112420082,0.0820685178041458,0.0870865583419799,0.4195187985897064,0.9727090001106262,0.0345685072243213,0.1249407827854156,0.933774709701538,0.0281742122024297,0.0667333900928497,57,73,none,inpaint,725,145,130,1.8863900899887085,0.0005831881426274,0.0003492171235848,0.0002692503039725,30,30,27,0.1367179383902714,0.2114142319251751,64,64,1,8.1,0.02725904434919355,0.0848863273859024,실측,282.307204
medium_3mm_r1,320,180,cycle,2,0.0173453874886035,0.0382340922951698,0.0714069306850433,0.0880225822329521,0.0899671092629432,0.1009416654706001,0.068758875131607,0.0859311893582344,0.0931184291839599,0.4195187985897064,0.9686155915260316,0.0261613801121711,0.1249407827854156,0.954835057258606,0.0296556297689676,0.077348843216896,57,73,none,inpaint,725,145,130,1.8863900899887085,0.0005383758689276,0.0003939710150007,0.0002691176778171,30,30,28,0.1767501291735418,0.216754413473195,64,64,1,8.2,0.027789739891886652,0.0899671092629432,실측,282.307204
medium_3mm_r1,160,90,cycle,0,0.0278939921408891,0.0200857315212488,0.0721687898039817,0.0906166955828666,0.0874433144927024,0.1008482873439788,0.0722732245922088,0.0992807820439338,0.0782003700733184,0.4195187985897064,0.9667385220527648,0.0246208515018224,0.1249407827854156,0.9543341994285583,0.0367418378591537,0.0695502460002899,57,73,none,inpaint,725,145,130,1.8863900899887085,0.0004759529838338,0.000713069573976,0.0001978579821297,30,30,29,0.1707198504743904,0.2228327438749116,64,64,1,3.9,0.02398986183106895,0.0874433144927024,실측,70.576801
medium_3mm_r1,160,90,cycle,1,0.0190891847014427,0.0320457965135574,0.0826865509152412,0.0974963307380676,0.0977430343627929,0.1088396608829498,0.0822286009788513,0.0961193516850471,0.0990108475089073,0.4195187985897064,0.961496353149414,0.0290373265743255,0.1249407827854156,0.9460089206695556,0.040149163454771,0.0926586687564849,57,73,none,inpaint,725,145,130,1.8863900899887085,0.0005839201621711,0.0004191642219666,0.0002198580041294,30,30,27,0.1739506412374562,0.216744118723376,64,64,1,3.0,0.02556749060750005,0.0977430343627929,실측,70.576801
medium_3mm_r1,160,90,cycle,2,0.0235834829509258,0.0278803594410419,0.0885325968265533,0.1058206930756568,0.1038510203361511,0.1165390983223915,0.0873112007975578,0.1093561425805091,0.099552497267723,0.4195187985897064,0.9546406865119934,0.0280706882476806,0.1249407827854156,0.9451981782913208,0.0418048724532127,0.0943292751908302,57,73,none,inpaint,725,145,130,1.8863900899887085,0.0006732635665684,0.0004703765152953,0.0002881242253351,30,30,28,0.1945161240676353,0.2317478574555495,64,64,1,2.9,0.025731921195983852,0.1038510203361511,실측,70.576801
medium_3mm_r1,80,45,cycle,0,0.0156139703467488,0.0267130453139543,0.0915949791669845,0.1118404194712638,0.1019534021615982,0.1183696240186691,0.0916761383414268,0.124591052532196,0.08427744358778,0.4195187985897064,0.9493332505226136,0.023840308189392,0.1249407827854156,0.9620158672332764,0.0254638437181711,0.0726502835750579,57,73,none,inpaint,725,145,130,1.8863900899887085,0.0006953518022783,0.0003928844234906,0.0002754039014689,30,30,28,0.2000211452615672,0.2175031596216662,64,64,1,3.0,0.02116350783035155,0.1019534021615982,실측,17.64420025
medium_3mm_r1,80,45,cycle,1,0.0155490199103951,0.02587734721601,0.0747670084238052,0.0920539796352386,0.0856732130050659,0.0992685183882713,0.0740865767002105,0.0950502753257751,0.0783514007925987,0.4195187985897064,0.9656749963760376,0.0236132219433784,0.1249407827854156,0.9660748839378356,0.0249942857772111,0.069824643433094,57,73,none,inpaint,725,145,130,1.8863900899887085,0.0008783306693658,0.0003971776750404,0.000377741002012,30,30,26,0.2142342968644767,0.2355559546371986,64,64,1,2.0,0.02071318356320255,0.0856732130050659,실측,17.64420025
medium_3mm_r1,80,45,cycle,2,0.0202389061450958,0.0296716596931219,0.0631902068853378,0.0787532702088356,0.0820686146616935,0.1077042445540428,0.0632438734173774,0.101410411298275,0.0669661089777946,0.4195187985897064,0.9748775362968444,0.0208086818456649,0.1249407827854156,0.9611642360687256,0.0286488570272922,0.0614367723464965,57,73,none,inpaint,725,145,130,1.8863900899887085,0.000592948810663,0.0004434706061147,0.0003020450822077,30,30,30,0.156872642122466,0.2201223603610334,64,64,1,2.0,0.02495528291910885,0.0820686146616935,실측,17.64420025
medium_3mm_r1,48,27,cycle,0,0.024603160098195,0.0238067656755447,0.0831259340047836,0.1499033272266388,0.0969425439834594,0.1612752228975296,0.0743749216198921,0.1444046646356582,0.059883065521717,0.4195187985897064,0.9089776873588562,0.030215909704566,0.1249407827854156,0.8776098489761353,0.052054975181818,0.0528326742351055,57,73,none,inpaint,725,145,130,1.8863900899887085,0.0006308769807219,0.0003930410894099,0.000286849332042,30,30,30,0.2021891363735856,0.2204533149456155,64,64,1,2.9,0.024204962886869852,0.0969425439834594,실측,6.351912089999999
medium_3mm_r1,48,27,cycle,1,0.0314431488513946,0.0275139193981885,0.066705510020256,0.0810272097587585,0.0881505832076072,0.1080595627427101,0.0690400749444961,0.1077209040522575,0.0728696584701538,0.4195187985897064,0.9734057784080504,0.0306566599756479,0.1249407827854156,0.8592689037322998,0.0519398264586925,0.0657868906855583,57,73,none,inpaint,725,145,130,1.8863900899887085,0.0006887855124659,0.0006035515689291,0.0002695863950066,30,30,29,0.2368130203773235,0.2360586445907066,64,64,1,2.0,0.02947853412479155,0.0881505832076072,실측,6.351912089999999
medium_3mm_r1,48,27,cycle,2,0.0348282903432846,0.031202683225274,0.0612867437303066,0.0782487615942955,0.0875977799296379,0.1198087707161903,0.060687631368637,0.1075459867715835,0.0720217823982238,0.4195187985897064,0.9751983880996704,0.0302551947534084,0.1249407827854156,0.925034523010254,0.03971703723073,0.0614467710256576,57,73,none,inpaint,725,145,130,1.8863900899887085,0.0006008540512993,0.0007714793318882,0.0002931708004325,30,30,30,0.2021267410804485,0.238554783525138,64,64,1,2.0,0.0330154867842793,0.0875977799296379,실측,6.351912089999999
medium_3mm_r1,32,18,cycle,0,0.0202919095754623,0.032332144677639,0.0877913683652877,0.1084209829568862,0.1023299843072891,0.1222284138202667,0.0859562680125236,0.1336557418107986,0.0778701305389404,0.4195187985897064,0.952384114265442,0.0300469528883695,0.1249407827854156,0.9244754314422609,0.0468491502106189,0.0710493698716163,57,73,none,inpaint,725,145,130,1.8863900899887085,0.0009334367350675,0.0004856106825172,0.0003176473546773,30,30,28,0.3044847672561119,0.2423854762110217,64,64,1,3.4,0.02631202712655065,0.1023299843072891,실측,2.8230720399999996
medium_3mm_r1,32,18,cycle,1,0.0449775196611881,0.0338299609720706,0.0747746229171752,0.0927405059337616,0.1067306548357009,0.1306658536195755,0.0701643452048301,0.1394693702459335,0.0811675414443016,0.4195187985897064,0.9651610851287842,0.0475044585764408,0.1249407827854156,0.8097429275512695,0.0717719495296478,0.0712344050407409,57,73,none,inpaint,725,145,130,1.8863900899887085,0.0009855678072199,0.0009620708879083,0.000284937210381,30,30,25,0.3184790604690025,0.2367708633685934,64,64,1,2.3,0.03940374031662935,0.1067306548357009,실측,2.8230720399999996
medium_3mm_r1,32,18,cycle,2,0.0183293558657169,0.0383525565266609,0.0786783993244171,0.0992788299918174,0.0992018282413482,0.1125695332884788,0.0761344581842422,0.0959740504622459,0.1017221435904502,0.4195187985897064,0.9600755572319032,0.0311209391802549,0.1249407827854156,0.9387638568878174,0.0384215749800205,0.090901218354702,57,73,none,inpaint,725,145,130,1.8863900899887085,0.0007873119902797,0.0004915873869322,0.0002941774437204,30,30,29,0.2850040883031384,0.2273611002954943,64,64,1,2.3,0.0283409561961889,0.0992018282413482,실측,2.8230720399999996
medium_3mm_r1,16,9,cycle,0,0.0254136659204959,0.035840518772602,0.1055176854133606,0.1433268636465072,0.1264815181493759,0.156600996851921,0.1041624248027801,0.12149578332901,0.1303744614124298,0.4195187985897064,0.9167889952659608,0.0333529710769653,0.1249407827854156,0.9157858490943908,0.0483295209705829,0.1209876015782356,57,73,none,inpaint,725,145,130,1.8863900899887085,0.0008993693627417,0.0007845905493013,0.0002641973842401,30,30,30,0.2385469364297801,0.2686945421942349,64,64,1,3.8,0.03062709234654895,0.1264815181493759,실측,0.7057680099999999
medium_3mm_r1,16,9,cycle,1,0.0344453789293766,0.0342871136963367,0.1056414023041725,0.1352513581514358,0.1301977783441543,0.1551604866981506,0.1029610410332679,0.1466732174158096,0.1173333823680877,0.4195187985897064,0.9259015917778016,0.0357118472456932,0.1249407827854156,0.8479485511779785,0.0609933584928512,0.1097059920430183,57,73,none,inpaint,725,145,130,1.8863900899887085,0.000892957788892,0.0007958864443935,0.0002808050485327,30,30,29,0.2854649767382392,0.2599412227499074,64,64,1,2.3,0.034366246312856646,0.1301977783441543,실측,0.7057680099999999
medium_3mm_r1,16,9,cycle,2,0.0311472229659557,0.031780794262886,0.0941723957657814,0.1161634400486946,0.1170665472745895,0.1339356750249862,0.0930417105555534,0.1166686713695526,0.1173772141337394,0.4195187985897064,0.945340633392334,0.039761584252119,0.1249407827854156,0.8732489347457886,0.065923772752285,0.1113104745745658,57,73,none,inpaint,725,145,130,1.8863900899887085,0.0008678294252604,0.001066316734068,0.0002854915219359,30,30,30,0.2799934499017124,0.2611893325016416,64,64,1,2.3,0.03146400861442085,0.1170665472745895,실측,0.7057680099999999
medium_3mm_r1,8,5,cycle,0,0.0331946276128292,0.0415665693581104,0.1167453005909919,0.154783621430397,0.1471392065286636,0.1758397817611694,0.1171759441494941,0.1435308307409286,0.1499567031860351,0.4195187985897064,0.9029544591903688,0.047338169068098,0.1249407827854156,0.8002181053161621,0.0798836499452591,0.14263217151165,57,73,none,inpaint,725,145,130,1.8863900899887085,0.0011530952760949,0.0007939053466543,0.0002769643615465,30,30,30,0.2905313399742389,0.273849684616615,64,64,1,3.8,0.037380598485469804,0.1471392065286636,실측,0.17644200249999997
medium_3mm_r1,8,5,cycle,1,0.0471036918461322,0.052178930491209,0.1880528032779693,0.2366434037685394,0.228304848074913,0.2635725140571594,0.1896588802337646,0.1999832987785339,0.2504189014434814,0.4195187985897064,0.7731627821922302,0.0606491491198539,0.1249407827854156,0.6160072088241577,0.0987424999475479,0.2439179122447967,57,73,none,inpaint,725,145,130,1.8863900899887085,0.0013750676298514,0.0010947047267109,0.0002582044980954,30,30,28,0.4072620931164972,0.346354629253519,64,64,1,2.2,0.0496413111686706,0.228304848074913,실측,0.17644200249999997
medium_3mm_r1,8,5,cycle,2,0.0484435930848121,0.0681313276290893,0.1479160040616989,0.2713117897510528,0.1934579759836197,0.317661702632904,0.151413008570671,0.2737517356872558,0.1307628601789474,0.4195187985897064,0.7018308043479919,0.065856322646141,0.1249407827854156,0.3091174960136413,0.1226973533630371,0.125363752245903,57,73,none,inpaint,725,145,130,1.8863900899887085,0.0022760943975299,0.0014167614281177,0.0002491583290975,30,30,24,0.3479134395204741,0.3899288506343447,64,64,1,2.2,0.058287460356950704,0.1934579759836197,실측,0.17644200249999997
soft_1mm_r1,1920,1080,cycle,0,0.0250819567590951,0.0388563349843025,0.110849030315876,0.1458265930414199,0.1296782791614532,0.1576064974069595,0.1110521480441093,0.1336263418197631,0.1244141906499862,0.5193020701408386,0.9462411403656006,0.0372651182115078,0.1857951134443283,0.9514046907424928,0.0419541634619236,0.113020159304142,100,75,none,inpaint,674,151,175,2.8559999465942383,0.0008983509615063,0.000563874898944,0.0001801514445105,30,30,30,0.1289116188397393,0.2235885986823909,64,4,16,247.8,0.0319691458716988,0.1296782791614532,실측,15576.038416000001
soft_1mm_r1,1920,1080,cycle,1,0.0248294994235038,0.0386961475014686,0.1225270107388496,0.1649991571903228,0.1396591812372207,0.1752860993146896,0.121450237929821,0.1423253417015075,0.1361043155193328,0.5193020701408386,0.931175947189331,0.0368360430002212,0.1857951134443283,0.9520687460899352,0.0368708744645118,0.1239665448665618,100,75,none,inpaint,674,151,175,2.8559999465942383,0.000827326264698,0.0005934976506978,0.0001920451904879,30,30,28,0.1421055630601124,0.2373793456728095,64,4,16,247.8,0.0317628234624862,0.1396591812372207,실측,15576.038416000001
soft_1mm_r1,1920,1080,cycle,2,0.0271782502532005,0.0373628437519073,0.1327246129512787,0.1838827729225158,0.1524910628795623,0.1933944076299667,0.1292575299739837,0.1482962965965271,0.1580840796232223,0.5193020701408386,0.914521098136902,0.0376834943890571,0.1857951134443283,0.947759747505188,0.0425778627395629,0.1472751945257187,100,75,none,inpaint,674,151,175,2.8559999465942383,0.0008133322116918,0.0007737121195532,0.0001931244187289,30,30,24,0.1717312623158053,0.2420705963444236,64,4,16,247.5,0.0322705470025539,0.1524910628795623,실측,15576.038416000001
soft_1mm_r1,1280,720,cycle,0,0.0193276740610599,0.0483746789395809,0.1333421319723129,0.1739173233509063,0.1538433134555816,0.1883325278759002,0.1325375735759735,0.1592386811971664,0.146649494767189,0.5193020701408386,0.9235350489616394,0.0421315804123878,0.1857951134443283,0.919523537158966,0.0482847988605499,0.13493013381958,100,75,none,inpaint,674,151,175,2.8559999465942383,0.0009517166181467,0.0005664202035404,0.0002021032560151,30,30,28,0.1462879036760471,0.2523945498940171,64,8,8,108.1,0.0338511765003204,0.1538433134555816,실측,6922.683740444443
soft_1mm_r1,1280,720,cycle,1,0.0275750048458576,0.036889798939228,0.1431085467338562,0.1758319437503814,0.1594613939523697,0.1869012862443924,0.1403713524341583,0.1713018417358398,0.1436740756034851,0.5193020701408386,0.9218422174453736,0.0364404171705246,0.1857951134443283,0.939089059829712,0.0450520068407058,0.1375047117471695,100,75,none,inpaint,674,151,175,2.8559999465942383,0.0008666435023769,0.000537697924301,0.0001909379061544,30,30,30,0.1067863614782027,0.2504492627074386,64,8,8,107.5,0.0322324018925428,0.1594613939523697,실측,6922.683740444443
soft_1mm_r1,1280,720,cycle,2,0.025365712121129,0.0618174783885479,0.1368366032838821,0.1708896309137344,0.1654762327671051,0.1930562406778335,0.1335390955209732,0.1899362951517105,0.1328628063201904,0.5193020701408386,0.9261741638183594,0.0484962239861488,0.1857951134443283,0.8891106843948364,0.07158774882555,0.123315542936325,100,75,none,inpaint,674,151,175,2.8559999465942383,0.0010727542685344,0.0008577990811318,0.0001988584699574,30,30,30,0.1106356303663565,0.2704404742512482,64,8,8,107.2,0.04359159525483845,0.1654762327671051,실측,6922.683740444443
soft_1mm_r1,854,480,cycle,0,0.0310691501945257,0.0367414765059948,0.1260166466236114,0.1625013202428817,0.1446280628442764,0.1755184978246688,0.1244649589061737,0.151198074221611,0.135868027806282,0.5193020701408386,0.933243989944458,0.0328238010406494,0.1857951134443283,0.9524140357971193,0.040779959410429,0.1264387667179107,100,75,none,inpaint,674,151,175,2.8559999465942383,0.0007986496784724,0.0011498661478981,0.000203751202207,30,30,22,0.1829145287193954,0.2603549941486081,64,16,4,50.5,0.03390531335026025,0.1446280628442764,실측,3081.557626248767
soft_1mm_r1,854,480,cycle,1,0.025373425334692,0.0561541430652141,0.1216451451182365,0.1620690673589706,0.1516475677490234,0.1826647818088531,0.1231840103864669,0.1566695570945739,0.144951581954956,0.5193020701408386,0.9335986375808716,0.0434326119720935,0.1857951134443283,0.9042552709579468,0.0612569190561771,0.1375891417264938,100,75,none,inpaint,674,151,175,2.8559999465942383,0.001212177448906,0.000622134830337,0.0001923795061884,30,30,24,0.2020022145718424,0.2737183223496999,64,16,4,49.7,0.04076378419995305,0.1516475677490234,실측,3081.557626248767
soft_1mm_r1,854,480,cycle,2,0.0250582974404096,0.0488682352006435,0.1234054267406463,0.1570461541414261,0.1486423164606094,0.1762049198150634,0.123253546655178,0.1678704470396042,0.1230048239231109,0.5193020701408386,0.937650740146637,0.0421231314539909,0.1857951134443283,0.9033056497573853,0.0603763908147811,0.1175086349248886,100,75,none,inpaint,674,151,175,2.8559999465942383,0.0011599838035181,0.0006457193521782,0.0002037810190813,30,30,22,0.200896616947757,0.2556087497054346,64,16,4,49.6,0.03696326632052655,0.1486423164606094,실측,3081.557626248767
soft_1mm_r1,640,360,cycle,0,0.0215506218373775,0.0425639301538467,0.1219318583607673,0.1596053689718246,0.1421636939048767,0.1720835566520691,0.1217875853180885,0.1478495001792907,0.1345826238393783,0.5193020701408386,0.935602068901062,0.0403262004256248,0.1857951134443283,0.931505799293518,0.0489498861134052,0.1253047436475753,100,75,none,inpaint,674,151,175,2.8559999465942383,0.0011183844180777,0.0007910557906143,0.0001830040273489,30,30,24,0.1915696757660421,0.26329912413035,64,32,2,28.4,0.0320572759956121,0.1421636939048767,실측,1730.6709351111108
soft_1mm_r1,640,360,cycle,1,0.0326264090836048,0.0450966395437717,0.1308688819408416,0.1671335846185684,0.1544050872325897,0.1820116192102432,0.1312932670116424,0.1588790267705917,0.1484398245811462,0.5193020701408386,0.9293838143348694,0.0449354499578475,0.1857951134443283,0.9268710017204284,0.0502631328999996,0.1326718777418136,100,75,none,inpaint,674,151,175,2.8559999465942383,0.0010171358007937,0.0006145116058178,0.0002118909178534,30,30,27,0.1812786030132622,0.2664840300351578,64,32,2,27.8,0.03886152431368825,0.1544050872325897,실측,1730.6709351111108
soft_1mm_r1,640,360,cycle,2,0.0327491573989391,0.0502424798905849,0.1255778968334198,0.1626886278390884,0.152892604470253,0.182111382484436,0.1245742067694664,0.159575417637825,0.1439821720123291,0.5193020701408386,0.9330899715423584,0.0471197739243507,0.1857951134443283,0.8943840861320496,0.0633578523993492,0.1333046704530716,100,75,none,inpaint,674,151,175,2.8559999465942383,0.0016247408930212,0.000500816386193,0.0001913600572152,30,30,29,0.1798177011288945,0.2729905393739409,64,32,2,28.0,0.041495818644762,0.152892604470253,실측,1730.6709351111108
soft_1mm_r1,426,240,cycle,0,0.0254914090037345,0.0605362392961978,0.1160687580704689,0.14932382106781,0.147188127040863,0.1725998669862747,0.1172950714826583,0.1626790016889572,0.1265336275100708,0.5193020701408386,0.9436317086219788,0.0488775856792926,0.1857951134443283,0.9000849723815918,0.0671403110027313,0.1176438927650451,100,75,none,inpaint,674,151,175,2.8559999465942383,0.0012650361750274,0.0005573357339017,0.0002120520803146,30,30,29,0.1018664808584603,0.2629043250683917,64,64,1,14.5,0.04301382414996615,0.147188127040863,실측,766.7852505376562
soft_1mm_r1,426,240,cycle,1,0.0269928518682718,0.053756158798933,0.1276917904615402,0.158006802201271,0.15227971971035,0.1744785159826278,0.1266972720623016,0.1501598209142685,0.155106246471405,0.5193020701408386,0.9368855953216552,0.0509885624051094,0.1857951134443283,0.9129566550254822,0.0438679940998554,0.132002517580986,100,75,none,inpaint,674,151,175,2.8559999465942383,0.0015583479544147,0.0005976918619126,0.0001847337989602,30,30,18,0.2370280144122658,0.2899733031822356,64,64,1,12.8,0.0403745053336024,0.15227971971035,실측,766.7852505376562
soft_1mm_r1,426,240,cycle,2,0.0259476397186517,0.0432704128324985,0.1379018574953079,0.1750240921974182,0.1599917709827423,0.189252957701683,0.1341471821069717,0.1761401295661926,0.1384606212377548,0.5193020701408386,0.9225587248802184,0.0454138405621051,0.1857951134443283,0.9092053174972534,0.0598316080868244,0.1293872147798538,100,75,none,inpaint,674,151,175,2.8559999465942383,0.0012122007319703,0.000579900748562,0.0001999202359002,30,30,29,0.1486902583600505,0.2628356099918189,64,64,1,12.9,0.0346090262755751,0.1599917709827423,실측,766.7852505376562
soft_1mm_r1,320,180,cycle,0,0.0279016196727752,0.0433682613074779,0.1306467056274414,0.1640133261680603,0.151842787861824,0.1775221824645996,0.1294882595539093,0.1529377847909927,0.1503827720880508,0.5193020701408386,0.931995928287506,0.0407334677875041,0.1857951134443283,0.9338605403900146,0.0507540218532085,0.141536146402359,100,75,none,inpaint,674,151,175,2.8559999465942383,0.0011354890884831,0.0005778797785751,0.0002138661657227,30,30,29,0.1381760952380715,0.2595361179073915,64,64,1,8.8,0.035634940490126554,0.151842787861824,실측,432.6677337777777
soft_1mm_r1,320,180,cycle,1,0.0255228020250797,0.0529178455471992,0.1498825848102569,0.1893215328454971,0.172942653298378,0.2038116008043289,0.1479045152664184,0.1846136450767517,0.1573813110589981,0.5193020701408386,0.909389853477478,0.048581026494503,0.1857951134443283,0.9125908613204956,0.0522262528538703,0.142339289188385,100,75,none,inpaint,674,151,175,2.8559999465942383,0.0013890528352931,0.0008665980421938,0.0002642390318214,30,30,27,0.190155725450827,0.300069038441639,64,64,1,7.6,0.03922032378613945,0.172942653298378,실측,432.6677337777777
soft_1mm_r1,320,180,cycle,2,0.0287704188376665,0.0453778579831123,0.1277815848588943,0.15802001953125,0.1483892351388931,0.1724840104579925,0.1265220791101455,0.1538038700819015,0.1411696821451187,0.5193020701408386,0.93687504529953,0.0439782552421093,0.1857951134443283,0.9285026788711548,0.0484457500278949,0.1279529333114624,100,75,none,inpaint,674,151,175,2.8559999465942383,0.0010037751635536,0.000874571618624,0.0001996226346818,30,30,24,0.226401347434839,0.2705262417824852,64,64,1,7.6,0.0370741384103894,0.1483892351388931,실측,432.6677337777777
soft_1mm_r1,160,90,cycle,0,0.0272182319313287,0.0670205280184745,0.1229317784309387,0.1553992927074432,0.1578798592090606,0.1823811531066894,0.121282584965229,0.1658303886651992,0.1472791731357574,0.5193020701408386,0.9389514923095704,0.0549995861947536,0.1857951134443283,0.8636816143989563,0.0771751180291175,0.1377697736024856,100,75,none,inpaint,674,151,175,2.8559999465942383,0.001504334853962,0.0006082922336645,0.0002162102318834,30,30,29,0.1346505714099555,0.2856620763311323,64,64,1,3.6,0.0471193799749016,0.1578798592090606,실측,108.16693344444442
soft_1mm_r1,160,90,cycle,1,0.0322403237223625,0.0459820516407489,0.130883440375328,0.1626547425985336,0.1550016552209854,0.1796338111162185,0.1298864036798477,0.1629500389099121,0.1444038450717926,0.5193020701408386,0.9331178665161132,0.0415915846824646,0.1857951134443283,0.9217758178710938,0.0526832342147827,0.1348730772733688,100,75,none,inpaint,674,151,175,2.8559999465942383,0.0010032046120613,0.0005725407390855,0.0002239596797153,30,30,29,0.1984512247034633,0.2798144233147829,64,64,1,2.8,0.0391111876815557,0.1550016552209854,실측,108.16693344444442
soft_1mm_r1,160,90,cycle,2,0.0263816583901643,0.044307317584753,0.1296053677797317,0.1646626591682434,0.1511671692132949,0.1788921803236007,0.1288058459758758,0.1615938544273376,0.1372649073600769,0.5193020701408386,0.9314563870429992,0.0410597324371337,0.1857951134443283,0.9271313548088074,0.0523251444101333,0.127188503742218,100,75,none,inpaint,674,151,175,2.8559999465942383,0.0009859905112534,0.0005605633486993,0.0002275992010254,30,30,29,0.1430483971575954,0.2758056564836312,64,64,1,2.8,0.03534448798745865,0.1511671692132949,실측,108.16693344444442
soft_1mm_r1,80,45,cycle,0,0.0321888960897922,0.0493146143853664,0.1322930008172989,0.1802556663751602,0.1572032868862152,0.1992334127426147,0.13129323720932,0.1662200540304184,0.1451809406280517,0.5193020701408386,0.9178600311279296,0.0463136285543441,0.1857951134443283,0.9095865488052368,0.0512709841132164,0.133159801363945,100,75,none,inpaint,674,151,175,2.8559999465942383,0.0009912019595503,0.0007150219753384,0.0002097608812619,30,30,26,0.2337426028548787,0.2485673222320758,64,64,1,2.9,0.040751755237579304,0.1572032868862152,실측,27.041733361111106
soft_1mm_r1,80,45,cycle,1,0.0435548536479473,0.0446966886520385,0.120245449244976,0.1495324820280075,0.1518342643976211,0.1733779013156891,0.1192002221941948,0.1645142436027526,0.1349276155233383,0.5193020701408386,0.943474054336548,0.0461722500622272,0.1857951134443283,0.9047257900238036,0.0610959306359291,0.1183385699987411,100,75,none,inpaint,674,151,175,2.8559999465942383,0.0012152009876444,0.0011784124653786,0.0002269813412567,30,30,28,0.2127819853649648,0.2930662837249553,64,64,1,1.9,0.0441257711499929,0.1518342643976211,실측,27.041733361111106
soft_1mm_r1,80,45,cycle,2,0.0285605154931545,0.0415391810238361,0.1282738894224167,0.1713934987783432,0.1497511267662048,0.1846579909324646,0.1194018572568893,0.1479903310537338,0.1520988792181015,0.5193020701408386,0.9257382154464722,0.040747869759798,0.1857951134443283,0.934254229068756,0.0438340194523334,0.139182910323143,100,75,none,inpaint,674,151,175,2.8559999465942383,0.0010034430306404,0.0007199461688287,0.0002019648527493,30,30,22,0.2637373573348501,0.2672018025884565,64,64,1,1.9,0.0350498482584953,0.1497511267662048,실측,27.041733361111106
soft_1mm_r1,48,27,cycle,0,0.0266786981374025,0.0438498258590698,0.1212576478719711,0.1729107350111007,0.1441685259342193,0.1880247145891189,0.1233729571104049,0.1604538857936859,0.1224546954035759,0.5193020701408386,0.9244176149368286,0.0432398989796638,0.1857951134443283,0.919215738773346,0.055013071745634,0.1145409122109413,100,75,none,inpaint,674,151,175,2.8559999465942383,0.0010361449094489,0.0006935414858162,0.00018654622545,30,30,28,0.2252433491036163,0.2600192834209922,64,64,1,2.8,0.03526426199823615,0.1441685259342193,실측,9.735024010000002
soft_1mm_r1,48,27,cycle,1,0.0256738532334566,0.0603293441236019,0.1453476101160049,0.1919979155063629,0.1746760159730911,0.2130904495716095,0.1480043977499008,0.2042299062013626,0.1352708786725998,0.5193020701408386,0.90680992603302,0.0473085418343544,0.1857951134443283,0.8892051577568054,0.0671259611845016,0.1288179010152816,100,75,none,inpaint,674,151,175,2.8559999465942383,0.0012718938523903,0.0007767817005515,0.0001972400932572,30,30,24,0.2551942366874536,0.2792545343866411,64,64,1,1.8,0.04300159867852925,0.1746760159730911,실측,9.735024010000002
soft_1mm_r1,48,27,cycle,2,0.0366285257041454,0.0491795688867569,0.1066188588738441,0.1530474871397018,0.1383944898843765,0.1735960990190506,0.1097657531499862,0.1561133712530136,0.11476930975914,0.5193020701408386,0.9407853484153748,0.0441267155110836,0.1857951134443283,0.9214211702346802,0.0610347837209701,0.1024151220917701,100,75,none,inpaint,674,151,175,2.8559999465942383,0.0011295611038804,0.0006566880620084,0.0001868884282885,30,30,22,0.2891872247531789,0.2578510322318171,64,64,1,1.8,0.04290404729545115,0.1383944898843765,실측,9.735024010000002
soft_1mm_r1,32,18,cycle,0,0.0291967559605836,0.0742206871509552,0.122562788426876,0.1822756826877594,0.166377380490303,0.2158779799938202,0.123097188770771,0.1788104623556137,0.1497999280691146,0.5193020701408386,0.916008710861206,0.0666897520422935,0.1857951134443283,0.7783811092376709,0.0845892429351806,0.132558673620224,100,75,none,inpaint,674,151,175,2.8559999465942383,0.0017231251113116,0.0005963204312138,0.0001894860179163,30,30,29,0.2657917868843418,0.2652176484366916,64,64,1,3.2,0.0517087215557694,0.166377380490303,실측,4.326677337777778
soft_1mm_r1,32,18,cycle,1,0.0333187617361545,0.0762512609362602,0.1353320926427841,0.1803359687328338,0.1812176257371902,0.2180158793926239,0.1368353217840194,0.1952546238899231,0.1625015884637832,0.5193020701408386,0.9177868366241456,0.0687900707125663,0.1857951134443283,0.768905758857727,0.0993055552244186,0.1548230499029159,100,75,none,inpaint,674,151,175,2.8559999465942383,0.0019562020897865,0.0007786490023136,0.0001893306471174,30,30,28,0.2855975705721258,0.3055250723630387,64,64,1,2.1,0.05478501133620735,0.1812176257371902,실측,4.326677337777778
soft_1mm_r1,32,18,cycle,2,0.027174636721611,0.0603207349777221,0.1465668827295303,0.1972630023956298,0.1739339530467987,0.2239541858434677,0.1481659412384033,0.1978775411844253,0.1420091688632965,0.5193020701408386,0.9016287922859192,0.047957818955183,0.1857951134443283,0.8423995971679688,0.0687540248036384,0.134816512465477,100,75,none,inpaint,674,151,175,2.8559999465942383,0.0012239743955433,0.0006225722027011,0.0002401074743829,30,30,29,0.2485352736906057,0.2818279329514661,64,64,1,2.2,0.04374768584966655,0.1739339530467987,실측,4.326677337777778
soft_1mm_r1,16,9,cycle,0,0.0531500130891799,0.0876509398221969,0.2332168370485305,0.4336176216602325,0.275504320859909,0.4883584678173065,0.2385855466127395,0.3291966915130615,0.2039145529270172,0.5193020701408386,0.5246750116348267,0.0905678942799568,0.1857951134443283,0.0322195291519165,0.1174747347831726,0.1838001310825348,100,75,none,inpaint,674,151,175,2.8559999465942383,0.0019059950718656,0.0010644876165315,0.0002617215213831,30,30,29,0.3186195979132497,0.311937616360898,64,64,1,3.7,0.07040047645568841,0.275504320859909,실측,1.0816693344444446
soft_1mm_r1,16,9,cycle,1,0.0369105339050293,0.051250584423542,0.1902854889631271,0.2615776360034942,0.2143752127885818,0.27519491314888,0.1872892528772354,0.2606783211231231,0.1526377648115158,0.5193020701408386,0.8270271420478821,0.0500390827655792,0.1857951134443283,0.9029868245124816,0.0573433749377727,0.136059895157814,100,75,none,inpaint,674,151,175,2.8559999465942383,0.0012672528391703,0.0007990593439899,0.0001987259020097,30,30,29,0.3403714997832074,0.3023422064370667,64,64,1,2.1,0.044080559164285646,0.2143752127885818,실측,1.0816693344444446
soft_1mm_r1,16,9,cycle,2,0.0469279326498508,0.0739753544330596,0.1924305260181427,0.279911994934082,0.2276790291070938,0.3017905354499817,0.194019466638565,0.2756575345993042,0.1637077778577804,0.5193020701408386,0.8019294738769531,0.0684894099831581,0.1857951134443283,0.815815806388855,0.0861129313707351,0.1463224291801452,100,75,none,inpaint,674,151,175,2.8559999465942383,0.0015191830461844,0.0012575828004628,0.0002043218555627,30,30,30,0.3429755004294194,0.3214377851675677,64,64,1,2.2,0.0604516435414552,0.2276790291070938,실측,1.0816693344444446
soft_1mm_r1,8,5,cycle,0,0.056598026305437,0.061676699668169,0.1989552080631256,0.288004606962204,0.2386852651834488,0.3122410476207733,0.1984984874725341,0.2626891732215881,0.2066800594329834,0.5193020701408386,0.7903109788894653,0.0625267550349235,0.1857951134443283,0.8341851234436035,0.0831991732120513,0.1943714767694473,100,75,none,inpaint,674,151,175,2.8559999465942383,0.0020125268492847,0.0014172650407999,0.0002253472193842,30,30,28,0.3226973083677207,0.31165128038419,64,64,1,3.8,0.059137362986803,0.2386852651834488,실측,0.27041733361111114
soft_1mm_r1,8,5,cycle,1,0.0925944745540618,0.1221507266163826,0.2768371999263763,0.7005900144577026,0.3454295992851257,0.7862198948860168,0.2812797725200653,0.437845230102539,0.2222087830305099,0.5193020701408386,-0.2408082485198974,0.1319934129714965,0.1857951134443283,-1.2891597747802734,0.1700157672166824,0.1884603947401046,100,75,none,inpaint,674,151,175,2.8559999465942383,0.0030824006535112,0.0020242985337972,0.0002300916239619,30,30,28,0.3653289543061299,0.3641360832365933,64,64,1,2.1,0.1073726005852222,0.3454295992851257,실측,0.27041733361111114
soft_1mm_r1,8,5,cycle,2,0.0462568998336792,0.0851297229528427,0.186436578631401,0.2542445063591003,0.2316756397485733,0.2857582569122314,0.1845623850822448,0.2575234174728393,0.1972119808197021,0.5193020701408386,0.836589515209198,0.0653910562396049,0.1857951134443283,0.8055511713027954,0.0919389799237251,0.186680182814598,100,75,none,inpaint,674,151,175,2.8559999465942383,0.0015556645812466,0.0010187772568315,0.0002411509631201,30,30,29,0.3000637855303393,0.3514558590011091,64,64,1,2.1,0.06569331139326096,0.2316756397485733,실측,0.27041733361111114
soft_2mm_r1,1920,1080,cycle,0,0.0360393226146698,0.0578899383544921,0.1352935433387756,0.2170158624649047,0.1665824651718139,0.2399946004152298,0.1349042803049087,0.2277055084705352,0.101686380803585,0.549440324306488,0.8891123533248901,0.0490306690335273,0.1910722404718399,0.895638644695282,0.0690317973494529,0.0888115763664245,86,81,none,inpaint,680,153,167,3.1895198822021484,0.0013519290369004,0.0008776910835877,0.0002056747034657,30,30,29,0.1487131250912652,0.2537294573643628,64,4,16,250.1,0.04696463048458095,0.1665824651718139,실측,13001.472576000004
soft_2mm_r1,1920,1080,cycle,1,0.0338943004608154,0.0485275387763977,0.1240340396761894,0.19580639898777,0.1508035659790039,0.2149207442998886,0.1232836842536926,0.216599702835083,0.0809459537267685,0.549440324306488,0.9097278118133544,0.0452872179448604,0.1910722404718399,0.9103348851203918,0.0672227069735527,0.0710181519389152,86,81,none,inpaint,680,153,167,3.1895198822021484,0.0011882007820531,0.0008268092060461,0.000194467313122,30,30,25,0.1761256002327975,0.2284306194268021,64,4,16,249.8,0.041210919618606554,0.1508035659790039,실측,13001.472576000004
soft_2mm_r1,1920,1080,cycle,2,0.0366486236453056,0.0565960071980953,0.1407402902841568,0.2125352323055267,0.1707697957754135,0.2333106845617294,0.1366903930902481,0.2337622493505478,0.1038888916373252,0.549440324306488,0.8936439752578735,0.0557247996330261,0.1910722404718399,0.8839371204376221,0.0724860578775405,0.0890010073781013,86,81,none,inpaint,680,153,167,3.1895198822021484,0.0013576635392382,0.0009813914075493,0.0001864574296632,30,30,30,0.1549003875430892,0.2422929883392807,64,4,16,250.4,0.04662231542170045,0.1707697957754135,실측,13001.472576000004
soft_2mm_r1,1280,720,cycle,0,0.0381611622869968,0.0644701495766639,0.1505595743656158,0.2288159877061844,0.1862264573574066,0.2555035948753357,0.1510404199361801,0.2521659135818481,0.1162166446447372,0.549440324306488,0.8767256140708923,0.0599437914788723,0.1910722404718399,0.8390811085700989,0.090453952550888,0.1050862893462181,86,81,none,inpaint,680,153,167,3.1895198822021484,0.0015058278804644,0.0009915783302858,0.0001745323097566,30,30,30,0.156109255376984,0.2627824357911652,64,8,8,109.5,0.05131565593183035,0.1862264573574066,실측,5778.432256000001
soft_2mm_r1,1280,720,cycle,1,0.0327539630234241,0.0617460384964942,0.1385730803012848,0.1946683675050735,0.1680990159511566,0.2173525840044021,0.1360451281070709,0.2095671147108078,0.1240711212158203,0.549440324306488,0.9107741117477416,0.060312133282423,0.1910722404718399,0.8764917254447937,0.0710465759038925,0.1060879081487655,86,81,none,inpaint,680,153,167,3.1895198822021484,0.0015983724733814,0.0007908190018497,0.0002058998070424,30,30,23,0.1771970810259089,0.258568809507719,64,8,8,108.2,0.04725000075995915,0.1680990159511566,실측,5778.432256000001
soft_2mm_r1,1280,720,cycle,2,0.0374814830720424,0.0546648576855659,0.1302851438522339,0.2037769258022308,0.1635604202747345,0.2238682955503463,0.1274514496326446,0.2227273136377334,0.1007412448525428,0.549440324306488,0.9022289514541626,0.0580919384956359,0.1910722404718399,0.8815564513206482,0.0768348276615142,0.0825687944889068,86,81,none,inpaint,680,153,167,3.1895198822021484,0.0014274863060563,0.0011548153124749,0.0001771425449987,30,30,26,0.1584172373308855,0.2715465346582574,64,8,8,108.9,0.04607317037880415,0.1635604202747345,실측,5778.432256000001
soft_2mm_r1,854,480,cycle,0,0.0411881320178508,0.0632453188300132,0.146589308977127,0.2169113606214523,0.1798263639211654,0.2394797205924987,0.1471008211374282,0.2385368198156356,0.1174918189644813,0.549440324306488,0.8892191052436829,0.0607776194810867,0.1910722404718399,0.8770588636398315,0.0715386569499969,0.0923083946108818,86,81,none,inpaint,680,153,167,3.1895198822021484,0.0014356200117617,0.0009694719337858,0.0002117324329447,30,30,29,0.1520726777174893,0.269559991125967,64,16,4,50.8,0.052216725423932006,0.1798263639211654,실측,2572.2064814556247
soft_2mm_r1,854,480,cycle,1,0.0428837463259696,0.0615588724613189,0.1249938011169433,0.1888908445835113,0.1627669036388397,0.2155541777610778,0.1265810430049896,0.2183912694454193,0.1037089377641677,0.549440324306488,0.9159917235374452,0.0590966269373893,0.1910722404718399,0.8684056997299194,0.0799267813563346,0.0822458565235138,86,81,none,inpaint,680,153,167,3.1895198822021484,0.0015555716818198,0.0010549272410571,0.0001935621112352,30,30,29,0.1494950145483017,0.2477874163708655,64,16,4,49.8,0.05222130939364425,0.1627669036388397,실측,2572.2064814556247
soft_2mm_r1,854,480,cycle,2,0.0389229021966457,0.0698571801185607,0.1496936380863189,0.1981329768896103,0.1837487667798996,0.2259079813957214,0.149631530046463,0.2329712063074112,0.1314879059791565,0.549440324306488,0.9075698256492616,0.0669510290026664,0.1910722404718399,0.8511714935302734,0.0843867883086204,0.1139859706163406,86,81,none,inpaint,680,153,167,3.1895198822021484,0.0016767361667007,0.0011016961652785,0.000182670293725,30,30,26,0.1916643256650251,0.2622458124472425,64,16,4,49.8,0.054390041157603194,0.1837487667798996,실측,2572.2064814556247
soft_2mm_r1,640,360,cycle,0,0.049598854035139,0.0587771795690059,0.1296736896038055,0.1874791830778122,0.1681715548038482,0.2146744281053543,0.1316727846860885,0.2164269834756851,0.1169373914599418,0.549440324306488,0.917242705821991,0.0558266043663024,0.1910722404718399,0.8825043439865112,0.0760466605424881,0.0918761864304542,86,81,none,inpaint,680,153,167,3.1895198822021484,0.0013752513332292,0.0009859799174591,0.0001821448386181,30,30,21,0.2057829976081848,0.2804943097183128,64,32,2,28.4,0.05418801680207245,0.1681715548038482,실측,1444.6080640000002
soft_2mm_r1,640,360,cycle,1,0.0383520498871803,0.0633059963583946,0.1203464120626449,0.1814712733030319,0.1571737080812454,0.2069582939147949,0.1219173818826675,0.2011186480522155,0.1105161160230636,0.549440324306488,0.922461748123169,0.0641670525074005,0.1910722404718399,0.8657546639442444,0.0740672349929809,0.085471399128437,86,81,none,inpaint,680,153,167,3.1895198822021484,0.0015073857503011,0.001064964570105,0.0001947950222529,30,30,29,0.1652814090251922,0.2489163766499438,64,32,2,28.1,0.05082902312278745,0.1571737080812454,실측,1444.6080640000002
soft_2mm_r1,640,360,cycle,2,0.0475537255406379,0.065060369670391,0.1271731257438659,0.1922194212675094,0.1695807427167892,0.2236872762441635,0.1293418258428573,0.2317949086427688,0.103526197373867,0.549440324306488,0.9130049347877502,0.0621506795287132,0.1910722404718399,0.85055011510849,0.0855371579527854,0.0819645896553993,86,81,none,inpaint,680,153,167,3.1895198822021484,0.0014766796957701,0.0009952520485967,0.000193914209376,30,30,29,0.1843707915614633,0.270479738322738,64,32,2,28.0,0.05630704760551445,0.1695807427167892,실측,1444.6080640000002
soft_2mm_r1,426,240,cycle,0,0.0364173576235771,0.0677860900759697,0.1378694772720337,0.192726582288742,0.1768980920314788,0.2253001928329467,0.1386914551258087,0.2295927852392196,0.1209506168961525,0.549440324306488,0.9125452637672424,0.0591039322316646,0.1910722404718399,0.8405646085739136,0.091328889131546,0.1127337217330932,86,81,none,inpaint,680,153,167,3.1895198822021484,0.0014903489500284,0.0009770853212103,0.0001861688215285,30,30,29,0.1197552737067727,0.2771026231105031,64,64,1,14.5,0.05210172384977339,0.1768980920314788,실측,640.0431958556251
soft_2mm_r1,426,240,cycle,1,0.0386591367423534,0.0657690539956092,0.1140737682580947,0.1621211916208267,0.1534168571233749,0.189624547958374,0.1110696941614151,0.1747825145721435,0.1307323426008224,0.549440324306488,0.9381157755851746,0.0655314847826957,0.1910722404718399,0.8673864603042603,0.0666999742388725,0.1005117371678352,86,81,none,inpaint,680,153,167,3.1895198822021484,0.0011783534428104,0.0009705604752525,0.0002215170970885,30,30,26,0.2238217935842626,0.2722056145761527,64,64,1,12.9,0.0522140953689813,0.1534168571233749,실측,640.0431958556251
soft_2mm_r1,426,240,cycle,2,0.0391341708600521,0.0679464861750602,0.1249892562627792,0.1793453991413116,0.1632627844810485,0.2074737101793289,0.1225017309188842,0.2054309993982315,0.1184915974736213,0.549440324306488,0.9242677688598632,0.06678157299757,0.1910722404718399,0.862360417842865,0.0775614976882934,0.0929382145404815,86,81,none,inpaint,680,153,167,3.1895198822021484,0.0021258348133414,0.000962950696703,0.0001951994781848,30,30,28,0.1486224623287425,0.2718346477334016,64,64,1,13.0,0.05354032851755615,0.1632627844810485,실측,640.0431958556251
soft_2mm_r1,320,180,cycle,0,0.0379747338593006,0.0598498359322547,0.1085978373885154,0.1517224311828613,0.142844557762146,0.1785108000040054,0.1079098358750343,0.18654365837574,0.0964479893445968,0.549440324306488,0.9457999467849731,0.0575535371899604,0.1910722404718399,0.8865058422088623,0.0744795501232147,0.0766987651586532,86,81,none,inpaint,680,153,167,3.1895198822021484,0.0014172180090099,0.00089803757146,0.0002029927418334,30,30,30,0.1549620950923246,0.2505340451508566,64,64,1,8.8,0.04891228489577765,0.142844557762146,실측,361.15201600000006
soft_2mm_r1,320,180,cycle,1,0.042593490332365,0.0654023960232734,0.1487657725811004,0.2089030146598816,0.1822071820497512,0.230967715382576,0.1477354317903518,0.2291218489408493,0.1323965638875961,0.549440324306488,0.8972481489181519,0.0688845440745353,0.1910722404718399,0.8626643419265747,0.0732355788350105,0.0996102914214134,86,81,none,inpaint,680,153,167,3.1895198822021484,0.001498551457189,0.0012681628577411,0.0002009990130318,30,30,29,0.1499059270409976,0.2830466413809583,64,64,1,7.7,0.053997943177819197,0.1822071820497512,실측,361.15201600000006
soft_2mm_r1,320,180,cycle,2,0.0681312903761863,0.0532437115907669,0.1327421516180038,0.1919577568769455,0.1716840118169784,0.2223550975322723,0.1352326422929763,0.2317409962415695,0.1079198122024536,0.549440324306488,0.9132416248321532,0.0545467287302017,0.1910722404718399,0.8786342740058899,0.0805537551641464,0.0834681168198585,86,81,none,inpaint,680,153,167,3.1895198822021484,0.0012197877513244,0.0008809005958028,0.0001759328879415,30,30,26,0.1809061457129085,0.2798768055984397,64,64,1,7.7,0.0606875009834766,0.1716840118169784,실측,361.15201600000006
soft_2mm_r1,160,90,cycle,0,0.037535510957241,0.0591562241315841,0.1226298660039901,0.1570918411016464,0.15521140396595,0.1826867014169693,0.1236280873417854,0.1679427623748779,0.1416941583156585,0.549440324306488,0.9418958425521852,0.0593411438167095,0.1910722404718399,0.887711763381958,0.0691270753741264,0.1239336356520652,86,81,none,inpaint,680,153,167,3.1895198822021484,0.0013338779099285,0.0008365866378881,0.0001945345284184,30,30,30,0.1903955922407262,0.2564377566568213,64,64,1,3.8,0.04834586754441255,0.15521140396595,실측,90.28800400000002
soft_2mm_r1,160,90,cycle,1,0.047485027462244,0.0555348582565784,0.1193689107894897,0.168154701590538,0.1548859477043151,0.1987320184707641,0.1205469891428947,0.2139225900173187,0.0922050699591636,0.549440324306488,0.9334239363670348,0.0521674565970897,0.1910722404718399,0.8898007273674011,0.0741951465606689,0.0754324719309806,86,81,none,inpaint,680,153,167,3.1895198822021484,0.0013453388819471,0.0011411054292693,0.0002101365971611,30,30,27,0.223674360443564,0.2868858069376229,64,64,1,2.8,0.0515099428594112,0.1548859477043151,실측,90.28800400000002
soft_2mm_r1,160,90,cycle,2,0.0451333411037921,0.0480204783380031,0.1431298404932022,0.1742761433124542,0.1693739295005798,0.1943960487842559,0.1438704580068588,0.1594326645135879,0.1799288839101791,0.549440324306488,0.9284884929656982,0.0481064096093177,0.1910722404718399,0.9134794473648072,0.0560861863195896,0.1662167906761169,86,81,none,inpaint,680,153,167,3.1895198822021484,0.0010992729803547,0.0010596599895507,0.000217698587221,30,30,27,0.1825798946268418,0.2591606401929668,64,64,1,2.8,0.046576909720897605,0.1693739295005798,실측,90.28800400000002
soft_2mm_r1,80,45,cycle,0,0.0486074201762676,0.0462220944464206,0.0985198691487312,0.1519341766834259,0.1328095048666,0.1738704293966293,0.1004145294427871,0.1608521044254303,0.1030359044671058,0.549440324306488,0.9456485509872437,0.0536659955978393,0.1910722404718399,0.9113589525222778,0.0550150200724601,0.0714336633682251,86,81,none,inpaint,680,153,167,3.1895198822021484,0.0011838397476822,0.0009066429338417,0.000212910133996,30,30,28,0.2278725876527674,0.2759132260590597,64,64,1,2.9,0.047414757311344105,0.1328095048666,실측,22.572001000000004
soft_2mm_r1,80,45,cycle,1,0.0494848638772964,0.0571706779301166,0.1016884967684745,0.1449059545993805,0.1419461369514465,0.1775306165218353,0.101505197584629,0.1894365549087524,0.0915241986513137,0.549440324306488,0.9505606889724731,0.0540932975709438,0.1910722404718399,0.8821037411689758,0.0760476216673851,0.0709427818655967,86,81,none,inpaint,680,153,167,3.1895198822021484,0.0012276946799829,0.0010964216198772,0.0002033507480518,30,30,27,0.2662725504706887,0.2815830723132962,64,64,1,1.9,0.053327770903706495,0.1419461369514465,실측,22.572001000000004
soft_2mm_r1,80,45,cycle,2,0.0369785577058792,0.071225494146347,0.1255622059106826,0.1723074167966842,0.168470948934555,0.2008289098739624,0.123242899775505,0.203715369105339,0.1310509294271469,0.549440324306488,0.9300950169563292,0.0729627236723899,0.1910722404718399,0.8357299566268921,0.0630208179354667,0.083628736436367,86,81,none,inpaint,680,153,167,3.1895198822021484,0.0012697027996182,0.0009106047800742,0.0002101925201714,30,30,18,0.2813968097462374,0.2795244541043549,64,64,1,1.9,0.0541020259261131,0.168470948934555,실측,22.572001000000004
soft_2mm_r1,48,27,cycle,0,0.040219746530056,0.0544291585683822,0.1222575381398201,0.1637603342533111,0.1570792347192764,0.1934295147657394,0.1223780959844589,0.2013849467039108,0.1100386157631874,0.549440324306488,0.9368581175804138,0.05538946762681,0.1910722404718399,0.8704363107681274,0.0800249204039573,0.0995463654398918,86,81,none,inpaint,680,153,167,3.1895198822021484,0.001335303299129,0.0009829433402046,0.0002094588708132,30,30,30,0.2433233836117912,0.2441235211939593,64,64,1,2.8,0.047324452549219104,0.1570792347192764,실측,8.12592036
soft_2mm_r1,48,27,cycle,1,0.0472468771040439,0.056126195937395,0.1182787418365478,0.1680682748556137,0.1560790240764618,0.2037985622882843,0.1220627725124359,0.2218539863824844,0.0862438976764679,0.549440324306488,0.9334923624992372,0.0585875026881694,0.1910722404718399,0.8471291661262512,0.0930081978440284,0.0783557444810867,86,81,none,inpaint,680,153,167,3.1895198822021484,0.0015607657842338,0.0012703051324933,0.0001959243963938,30,30,28,0.2557596809723798,0.2609855988446404,64,64,1,1.8,0.051686536520719445,0.1560790240764618,실측,8.12592036
soft_2mm_r1,48,27,cycle,2,0.0493502132594585,0.0618386007845401,0.1255912780761718,0.1884711533784866,0.1644705384969711,0.2226215153932571,0.1285872608423233,0.1997293829917907,0.1270352005958557,0.549440324306488,0.91636461019516,0.0655427947640419,0.1910722404718399,0.8151918649673462,0.0842493325471878,0.113061748445034,86,81,none,inpaint,680,153,167,3.1895198822021484,0.0012703087413683,0.0011018381919711,0.0001914750610012,30,30,30,0.256348479495329,0.2619587081709718,64,64,1,1.9,0.055594407021999304,0.1644705384969711,실측,8.12592036
soft_2mm_r1,32,18,cycle,0,0.0663360059261322,0.077017456293106,0.1736515462398529,0.2640037834644317,0.224526435136795,0.3114020228385925,0.1726812720298767,0.3425435125827789,0.0992243513464927,0.549440324306488,0.8358954787254333,0.0573715269565582,0.1910722404718399,0.8510154485702515,0.0807105079293251,0.082437977194786,86,81,none,inpaint,680,153,167,3.1895198822021484,0.001827476429753,0.0010689833434298,0.0001932713348651,30,30,27,0.3097452360041001,0.2815909229852015,64,64,1,3.2,0.0716767311096191,0.224526435136795,실측,3.6115201600000004
soft_2mm_r1,32,18,cycle,1,0.0465472228825092,0.0717062503099441,0.1598232686519622,0.2377760708332061,0.2020500153303146,0.2737633287906647,0.1641578823328018,0.2856643497943878,0.1132742315530777,0.549440324306488,0.8668820858001709,0.0631041005253791,0.1910722404718399,0.7996088266372681,0.1008396595716476,0.1053720787167549,86,81,none,inpaint,680,153,167,3.1895198822021484,0.0017650957452133,0.0011136821703985,0.0001985207491088,30,30,27,0.3071138241711785,0.2873537213194604,64,64,1,2.2,0.05912673659622665,0.2020500153303146,실측,3.6115201600000004
soft_2mm_r1,32,18,cycle,2,0.052227608859539,0.0629094541072845,0.1363249123096466,0.1850689947605133,0.1807266771793365,0.2292830944061279,0.137897327542305,0.2381069213151931,0.1198044195771217,0.549440324306488,0.9193568229675292,0.0588413923978805,0.1910722404718399,0.822368860244751,0.0941590145230293,0.1147628799080848,86,81,none,inpaint,680,153,167,3.1895198822021484,0.0015184909570962,0.0012246797559782,0.0001958912907866,30,30,29,0.2734555651159847,0.2800587797476575,64,64,1,2.2,0.05756853148341175,0.1807266771793365,실측,3.6115201600000004
soft_2mm_r1,16,9,cycle,0,0.0482358857989311,0.0875218659639358,0.171523705124855,0.2594131529331207,0.2218838334083557,0.3099031448364258,0.1728915870189666,0.3281722962856293,0.1090343371033668,0.549440324306488,0.8415529131889343,0.0780598670244216,0.1910722404718399,0.6485695838928223,0.125525951385498,0.0973417460918426,86,81,none,inpaint,680,153,167,3.1895198822021484,0.0019686163868755,0.0012124438071623,0.0001747635396895,30,30,29,0.3047288193422205,0.2978284187566221,64,64,1,3.6,0.06787887588143345,0.2218838334083557,실측,0.9028800400000001
soft_2mm_r1,16,9,cycle,1,0.0521149262785911,0.0873939916491508,0.1893454492092132,0.3012952506542206,0.2423397451639175,0.3493985831737518,0.1956956088542938,0.3605092465877533,0.11687583476305,0.549440324306488,0.7862604856491089,0.0840158388018608,0.1910722404718399,0.6059896945953369,0.1465124934911728,0.1108781546354293,86,81,none,inpaint,680,153,167,3.1895198822021484,0.0021230934653431,0.0013298023259267,0.0001759171718731,30,30,29,0.3201954406850478,0.3196716682583678,64,64,1,2.1,0.06975445896387095,0.2423397451639175,실측,0.9028800400000001
soft_2mm_r1,16,9,cycle,2,0.0590243376791477,0.0869730040431022,0.1795005053281784,0.2839882373809814,0.2349022924900055,0.334053635597229,0.1819743812084198,0.3565100133419037,0.1057879254221916,0.549440324306488,0.8101105690002441,0.0815125256776809,0.1910722404718399,0.6377787590026855,0.1371568143367767,0.0940431505441665,86,81,none,inpaint,680,153,167,3.1895198822021484,0.0020705147180706,0.0014889525482431,0.0001735046680551,30,30,30,0.352438071194817,0.3237510942945293,64,64,1,2.1,0.07299867086112495,0.2349022924900055,실측,0.9028800400000001
soft_2mm_r1,8,5,cycle,0,0.0711853951215744,0.1010937243700027,0.1913143843412399,0.2691577970981598,0.2571456432342529,0.3376383781433105,0.190372884273529,0.3914340138435364,0.1145678833127021,0.549440324306488,0.8294254541397095,0.0973067507147789,0.1910722404718399,0.5697441101074219,0.1560218781232834,0.0987828448414802,86,81,none,inpaint,680,153,167,3.1895198822021484,0.0024983435869216,0.0015027746558189,0.0001734575780574,30,30,30,0.3659403618644266,0.3502401464125689,64,64,1,3.8,0.08613955974578855,0.2571456432342529,실측,0.22572001000000003
soft_2mm_r1,8,5,cycle,1,0.0573904179036617,0.1044240817427635,0.1951132714748382,0.2909747064113617,0.2562422156333923,0.3498220145702362,0.1967175900936126,0.3818621635437011,0.122867926955223,0.549440324306488,0.8006525635719299,0.0970195159316062,0.1910722404718399,0.5418946743011475,0.1587805598974228,0.1103144362568855,86,81,none,inpaint,680,153,167,3.1895198822021484,0.0025396710261702,0.0014568794285878,0.0001780348393367,30,30,29,0.3408628267400405,0.3493744158277325,64,64,1,2.1,0.0809072498232126,0.2562422156333923,실측,0.22572001000000003
soft_2mm_r1,8,5,cycle,2,0.0623373202979564,0.0984018296003341,0.2091320306062698,0.2988797128200531,0.2678510546684265,0.3574162125587463,0.2050797641277313,0.3993021845817566,0.1282856613397598,0.549440324306488,0.789673924446106,0.088334135711193,0.1910722404718399,0.5651120543479919,0.1514648348093032,0.1215488165616989,86,81,none,inpaint,680,153,167,3.1895198822021484,0.0025675045326352,0.0014408439164981,0.0001698888518149,30,30,30,0.3778931112850414,0.3434054680119932,64,64,1,2.1,0.08036957494914525,0.2678510546684265,실측,0.22572001000000003
soft_3mm_r1,1920,1080,cycle,0,0.0369876623153686,0.0452050529420375,0.0864968821406364,0.1241074427962303,0.116788737475872,0.1453322619199752,0.0880747884511947,0.1498396098613739,0.0924137234687805,0.4425259232521057,0.947768211364746,0.0480111502110958,0.186479166150093,0.9251692891120912,0.0521552115678787,0.0709940940141677,59,80,none,inpaint,706,155,139,2.3746001720428467,0.0014197074342519,0.0009630802669562,0.0001774397969711,30,30,23,0.1717983517616396,0.3115012611112287,64,4,16,258.7,0.04109635762870305,0.116788737475872,실측,10322.56
soft_3mm_r1,1920,1080,cycle,1,0.0280389450490474,0.0417896844446659,0.0870564505457878,0.1226233169436454,0.1111538708209991,0.140738695859909,0.0856779217720031,0.1423831582069397,0.0881222859025001,0.4425259232521057,0.9490099549293518,0.032453004270792,0.186479166150093,0.9544235467910768,0.0515531338751316,0.0769213289022445,59,80,none,inpaint,706,155,139,2.3746001720428467,0.0010059033520519,0.0007391134859062,0.0001484974054619,30,30,23,0.1855626579046924,0.2810224863790697,64,4,16,258.5,0.03491431474685665,0.1111538708209991,실측,10322.56
soft_3mm_r1,1920,1080,cycle,2,0.0323595106601715,0.0383892469108104,0.0921668335795402,0.1252446323633194,0.1156447827816009,0.1427251994609832,0.0833006128668785,0.1512174308300018,0.0894099771976471,0.4425259232521057,0.9468066096305848,0.041093748062849,0.186479166150093,0.9409323930740356,0.0525911711156368,0.074995182454586,59,80,none,inpaint,706,155,139,2.3746001720428467,0.0010576896602287,0.0008877453510649,0.0001651635975576,30,30,28,0.1438079344441127,0.2876163632638993,64,4,16,259.3,0.03537437878549095,0.1156447827816009,실측,10322.56
soft_3mm_r1,1280,720,cycle,0,0.0346352197229862,0.0553875006735324,0.110053464770317,0.1449873000383377,0.1409247070550918,0.1653385609388351,0.1050075590610504,0.1599667072296142,0.1268812268972396,0.4425259232521057,0.9287148118019104,0.0574490837752819,0.186479166150093,0.9068645238876344,0.0581636056303978,0.1003723591566085,59,80,none,inpaint,706,155,139,2.3746001720428467,0.0010738546261563,0.0010829092934727,0.0001347219222225,30,30,23,0.1649800082272915,0.3053031029239778,64,8,8,113.0,0.0450113601982593,0.1409247070550918,실측,4587.804444444445
soft_3mm_r1,1280,720,cycle,1,0.0312793813645839,0.0632678866386413,0.0779293924570083,0.1041429042816162,0.1197466850280761,0.1337531805038452,0.0797202214598655,0.1358155161142349,0.1078959107398986,0.4425259232521057,0.9632210731506348,0.0628507435321807,0.186479166150093,0.8922638893127441,0.0525156781077384,0.0633944272994995,59,80,none,inpaint,706,155,139,2.3746001720428467,0.0013014484429731,0.0010892291320487,0.0001500287035014,30,30,27,0.1579471107245167,0.3055139926172072,64,8,8,112.6,0.0472736340016126,0.1197466850280761,실측,4587.804444444445
soft_3mm_r1,1280,720,cycle,2,0.0373029746115207,0.040039449930191,0.0904333442449569,0.1158400624990463,0.1171802133321762,0.1377189457416534,0.0829733535647392,0.1462461650371551,0.0957440733909607,0.4425259232521057,0.9544952511787416,0.0437893345952034,0.186479166150093,0.9293810129165648,0.0587399415671825,0.0800995603203773,59,80,none,inpaint,706,155,139,2.3746001720428467,0.0011678345035761,0.0010426950175315,0.0001591402542544,30,30,28,0.1565370305992726,0.2985424303239392,64,8,8,112.8,0.03867121227085585,0.1171802133321762,실측,4587.804444444445
soft_3mm_r1,854,480,cycle,0,0.0511867441236972,0.0478274077177047,0.1048856750130653,0.1321251839399337,0.1388462036848068,0.1590000241994857,0.1058296486735344,0.1829677373170852,0.1063065305352211,0.4425259232521057,0.9408015012741088,0.0420825816690921,0.186479166150093,0.9327740669250488,0.060018740594387,0.0835411995649337,59,80,none,inpaint,706,155,139,2.3746001720428467,0.0013932802248746,0.0010108507703989,0.0001655201194807,30,30,29,0.1597301047348098,0.3310253558620329,64,16,4,52.8,0.049507075920700944,0.1388462036848068,실측,2042.2114173611108
soft_3mm_r1,854,480,cycle,1,0.0397173054516315,0.0401149280369281,0.1369423270225525,0.1727075576782226,0.1615245193243026,0.1909479051828384,0.1311629712581634,0.1963876336812973,0.1358129680156707,0.4425259232521057,0.8988509178161621,0.0437897741794586,0.186479166150093,0.9149835109710692,0.0637973621487617,0.1258406937122345,59,80,none,inpaint,706,155,139,2.3746001720428467,0.0012713124742731,0.0010108825517818,0.0001293768000323,30,30,21,0.2480617047369311,0.3047735214233398,64,16,4,52.0,0.0399161167442798,0.1615245193243026,실측,2042.2114173611108
soft_3mm_r1,854,480,cycle,2,0.0336484275758266,0.0423674881458282,0.0934949293732643,0.1161938905715942,0.11721121519804,0.1367117613554,0.0893872752785682,0.1520380824804306,0.0915263965725898,0.4425259232521057,0.9542168378829956,0.0384490191936492,0.186479166150093,0.9465506672859192,0.0547655411064624,0.0784114003181457,59,80,none,inpaint,706,155,139,2.3746001720428467,0.0012642232468351,0.0008257179288193,0.0001760332961566,30,30,30,0.1331864694191443,0.3223816225605626,64,16,4,51.7,0.038007957860827404,0.11721121519804,실측,2042.2114173611108
soft_3mm_r1,640,360,cycle,0,0.0387618988752365,0.0504754818975925,0.1224459931254386,0.1507991552352905,0.1526698023080825,0.1741348952054977,0.1182849258184433,0.192759171128273,0.1231038942933082,0.4425259232521057,0.9228852987289428,0.0442870296537876,0.186479166150093,0.9249897003173828,0.0689955949783325,0.1063747182488441,59,80,none,inpaint,706,155,139,2.3746001720428467,0.0014009417500346,0.0009679225040599,0.0001780860184226,30,30,29,0.188325606898613,0.336539428464828,64,32,2,29.5,0.0446186903864145,0.1526698023080825,실측,1146.9511111111112
soft_3mm_r1,640,360,cycle,1,0.0409913212060928,0.0500765666365623,0.084102101624012,0.108473427593708,0.1192513853311538,0.1356476545333862,0.0823269039392471,0.1515507102012634,0.0954306572675705,0.4425259232521057,0.9600988030433656,0.0562148727476596,0.186479166150093,0.904259443283081,0.0564301013946533,0.0639502629637718,59,80,none,inpaint,706,155,139,2.3746001720428467,0.0011411525774747,0.000854370300658,0.0001374859857605,30,30,26,0.1952296799370655,0.2908276219521799,64,32,2,29.2,0.04553394392132755,0.1192513853311538,실측,1146.9511111111112
soft_3mm_r1,640,360,cycle,2,0.0447225533425807,0.0474837459623813,0.085885539650917,0.1160698682069778,0.1214487925171852,0.1442544758319854,0.0827534049749374,0.1609953194856643,0.0922832265496254,0.4425259232521057,0.9543145298957824,0.0428647361695766,0.186479166150093,0.9347113966941832,0.0615760535001754,0.0711111053824424,59,80,none,inpaint,706,155,139,2.3746001720428467,0.0013296123361214,0.0008977891411632,0.0001591761247254,30,30,28,0.1929417695776261,0.3158019219675371,64,32,2,29.1,0.046103149652480996,0.1214487925171852,실측,1146.9511111111112
soft_3mm_r1,426,240,cycle,0,0.0413449630141258,0.045808833092451,0.1213153079152107,0.1462844461202621,0.1473000645637512,0.1666857153177261,0.1188801005482673,0.1894412487745285,0.1162209659814834,0.4425259232521057,0.9274336099624634,0.0441046841442585,0.186479166150093,0.9359859228134156,0.0536126270890235,0.0966315940022468,59,80,none,inpaint,706,155,139,2.3746001720428467,0.0011751328129321,0.001233318937011,0.0001805687788873,30,30,29,0.1546119905733859,0.354848523293772,64,64,1,15.0,0.043576898053288404,0.1473000645637512,실측,508.16430625000004
soft_3mm_r1,426,240,cycle,1,0.0346826538443565,0.0571111179888248,0.0784240961074829,0.0988114103674888,0.1162817403674125,0.1303919106721878,0.0785533711314201,0.1426288485527038,0.0968507528305053,0.4425259232521057,0.9668904542922974,0.0382929556071758,0.186479166150093,0.9471287131309508,0.059796754270792,0.072008766233921,59,80,none,inpaint,706,155,139,2.3746001720428467,0.0015069297514855,0.0009909137152135,0.0001384317874908,30,30,26,0.1514235230073037,0.3035551071166992,64,64,1,13.4,0.04589688591659065,0.1162817403674125,실측,508.16430625000004
soft_3mm_r1,426,240,cycle,2,0.0348643697798252,0.0429034829139709,0.1108002960681915,0.1335909366607666,0.1350220143795013,0.1526427865028381,0.1034241691231727,0.1706674695014953,0.1087334975600242,0.4425259232521057,0.9394807815551758,0.0396321564912796,0.186479166150093,0.9376516938209534,0.0586616583168506,0.0940887480974197,59,80,none,inpaint,706,155,139,2.3746001720428467,0.0011834532488137,0.0008748298860155,0.0001485282991779,30,30,23,0.1662218950625519,0.2916856150473317,64,64,1,13.4,0.03888392634689805,0.1350220143795013,실측,508.16430625000004
soft_3mm_r1,320,180,cycle,0,0.0358467251062393,0.0368115380406379,0.1022762954235076,0.1325926631689071,0.126675546169281,0.1496182978153228,0.0919533297419548,0.1409717202186584,0.1161321029067039,0.4425259232521057,0.94038188457489,0.0378057360649108,0.186479166150093,0.9450821280479432,0.0516469739377498,0.103895328938961,59,80,none,inpaint,706,155,139,2.3746001720428467,0.0011039609089493,0.0012559931492432,0.000165316654602,30,30,27,0.261946502977998,0.3195138562110162,64,64,1,9.1,0.0363291315734386,0.126675546169281,실측,286.7377777777778
soft_3mm_r1,320,180,cycle,1,0.0414015688002109,0.0563852563500404,0.0996456295251846,0.1199375018477439,0.1341612339019775,0.1481270939111709,0.1019550412893295,0.1358668953180313,0.1329032927751541,0.4425259232521057,0.9512191414833068,0.0590008944272995,0.186479166150093,0.8904085159301758,0.0488171651959419,0.10144804418087,59,80,none,inpaint,706,155,139,2.3746001720428467,0.0013579396763816,0.0011479946551844,0.0001354255655314,30,30,22,0.2010219147370827,0.301791037282636,64,64,1,8.0,0.04889341257512565,0.1341612339019775,실측,286.7377777777778
soft_3mm_r1,320,180,cycle,2,0.0578377246856689,0.0431011468172073,0.0798082202672958,0.1036080569028854,0.1232830584049224,0.1374853700399398,0.073203407227993,0.1400666981935501,0.1109051257371902,0.4425259232521057,0.9635978937149048,0.0367670506238937,0.186479166150093,0.9471083283424376,0.0544310919940471,0.0806960389018058,59,80,none,inpaint,706,155,139,2.3746001720428467,0.0013693149667233,0.000736873538699,0.0001553733600303,30,30,28,0.2018287612003915,0.3172921580653037,64,64,1,8.0,0.0504694357514381,0.1232830584049224,실측,286.7377777777778
soft_3mm_r1,160,90,cycle,0,0.0327420346438884,0.0384617187082767,0.0690434202551841,0.0870806649327278,0.0959879755973815,0.1088072285056114,0.0660455226898193,0.123607225716114,0.0756187885999679,0.4425259232521057,0.9742852449417114,0.0311720836907625,0.186479166150093,0.9652520418167114,0.0417204163968563,0.0567456781864166,59,80,none,inpaint,706,155,139,2.3746001720428467,0.0019679814577102,0.0007795558776706,0.0001559022057335,30,30,28,0.2237661399010558,0.2955418248330393,64,64,1,3.9,0.03560187667608255,0.0959879755973815,실측,71.68444444444445
soft_3mm_r1,160,90,cycle,1,0.0349531508982181,0.0390304699540138,0.1179396510124206,0.1420287191867828,0.139170691370964,0.1573385000228881,0.1093474850058555,0.1580146551132202,0.1252733021974563,0.4425259232521057,0.9315943717956544,0.0417710989713668,0.186479166150093,0.9411678314208984,0.0490699857473373,0.1124374866485595,59,80,none,inpaint,706,155,139,2.3746001720428467,0.0013596026692539,0.0011226703645661,0.0001404177455697,30,30,24,0.2234828635501456,0.3078346929242534,64,64,1,2.9,0.03699181042611595,0.139170691370964,실측,71.68444444444445
soft_3mm_r1,160,90,cycle,2,0.0433884263038635,0.0471752882003784,0.0869345664978027,0.1037946045398712,0.1191743537783622,0.1311573237180709,0.0797172635793685,0.1303177028894424,0.1109561324119567,0.4425259232521057,0.9634667038917542,0.034524630755186,0.186479166150093,0.9548860788345336,0.0516506619751453,0.0875791758298873,59,80,none,inpaint,706,155,139,2.3746001720428467,0.0012454631505534,0.0013267567846924,0.0001583444391144,30,30,28,0.2496153269036971,0.3168654103432932,64,64,1,2.9,0.045281857252120944,0.1191743537783622,실측,71.68444444444445
soft_3mm_r1,80,45,cycle,0,0.0318842940032482,0.0424347780644893,0.0924396216869354,0.116628848016262,0.1176405400037765,0.1372703313827514,0.0887640640139579,0.1494700312614441,0.0941662788391113,0.4425259232521057,0.9538733959197998,0.0338770113885402,0.186479166150093,0.9604915380477904,0.0453165359795093,0.0794111415743827,59,80,none,inpaint,706,155,139,2.3746001720428467,0.0011343912919983,0.0013965078396722,0.0001678457483649,30,30,23,0.2495835894143615,0.313051531391759,64,64,1,2.9,0.03715953603386875,0.1176405400037765,실측,17.921111111111113
soft_3mm_r1,80,45,cycle,1,0.0366679206490516,0.0653099045157432,0.1669647395610809,0.2161205261945724,0.1960910558700561,0.2341325432062149,0.1643472611904144,0.2317127883434295,0.1698200404644012,0.4425259232521057,0.8416087031364441,0.0687985569238662,0.186479166150093,0.8688716292381287,0.0551136471331119,0.1364570409059524,59,80,none,inpaint,706,155,139,2.3746001720428467,0.0073220017366111,0.002102892845869,0.0001186242152471,30,30,11,0.3497961911533777,0.5165750195903163,64,64,1,2.0,0.0509889125823974,0.1960910558700561,실측,17.921111111111113
soft_3mm_r1,80,45,cycle,2,0.0660163238644599,0.0813983231782913,0.1661461442708969,0.4413675367832184,0.2147522121667862,0.4768269658088684,0.1731684505939483,0.168374553322792,0.2489556968212127,0.4425259232521057,0.339397668838501,0.0781891196966171,0.186479166150093,0.461007297039032,0.0699477791786193,0.2106055319309234,59,80,none,inpaint,706,155,139,2.3746001720428467,0.0014553737128153,0.001044335309416,0.0001788025110727,30,30,24,0.2701376784624527,0.3060984457692792,64,64,1,2.0,0.0737073235213756,0.2147522121667862,실측,17.921111111111113
soft_3mm_r1,48,27,cycle,0,0.0473944582045078,0.0735708177089691,0.1613313257694244,0.1952141970396042,0.2013761550188064,0.2278390675783157,0.1374450474977493,0.2551339566707611,0.1617297679185867,0.4425259232521057,0.8707703351974487,0.0706286877393722,0.186479166150093,0.8637818694114685,0.0719967857003212,0.1373387277126312,59,80,none,inpaint,706,155,139,2.3746001720428467,0.0019791787490248,0.0010295367101207,0.000285132206045,30,30,29,0.273722992402636,0.4757561529836347,64,64,1,2.9,0.06048263795673845,0.2013761550188064,실측,6.451599999999998
soft_3mm_r1,48,27,cycle,1,0.0469384379684925,0.0557280294597148,0.3543525040149688,0.5859745740890503,0.3700864911079407,0.597289502620697,0.3374842703342438,0.3214268088340759,0.4059730172157287,0.4425259232521057,-0.1643857955932617,0.0576197132468223,0.186479166150093,0.7903082966804504,0.0630178973078727,0.3993942737579345,59,80,none,inpaint,706,155,139,2.3746001720428467,0.002096681157127,0.0014439583756029,0.00018724417896,30,30,16,0.364017641240409,0.3780206126551474,64,64,1,1.9,0.05133323371410365,0.3700864911079407,실측,6.451599999999998
soft_3mm_r1,48,27,cycle,2,0.0607520304620265,0.0714555531740188,0.1235646978020668,0.1800194382667541,0.1793360859155655,0.2417380511760711,0.1056681796908378,0.2789101004600525,0.105900265276432,0.4425259232521057,0.8901049494743347,0.0829829722642898,0.186479166150093,0.7947459816932678,0.0957016348838806,0.065077044069767,59,80,none,inpaint,706,155,139,2.3746001720428467,0.0013623401755467,0.0011874352348968,0.0002087299071718,30,30,26,0.2694679076543273,0.4031767383698494,64,64,1,2.0,0.06610379181802264,0.1793360859155655,실측,6.451599999999998
soft_3mm_r1,32,18,cycle,0,0.0392073094844818,0.0566644221544265,0.1106143221259117,0.1577976197004318,0.1463358253240585,0.1859984099864959,0.1088668927550315,0.200255811214447,0.1065698117017746,0.4425259232521057,0.9155615568161012,0.0593139305710792,0.186479166150093,0.8705246448516846,0.0740554705262184,0.0837215557694435,59,80,none,inpaint,706,155,139,2.3746001720428467,0.0015490624355152,0.0012005992466583,0.0002583279565442,30,30,30,0.3500784919214654,0.4183830876504221,64,64,1,3.3,0.04793586581945415,0.1463358253240585,실측,2.867377777777777
soft_3mm_r1,32,18,cycle,1,0.0844187662005424,0.0585505403578281,0.1368088275194168,0.1844681203365326,0.1913746297359466,0.2274147421121597,0.146913543343544,0.2464154362678527,0.1507820636034011,0.4425259232521057,0.8846063613891602,0.0827702283859252,0.186479166150093,0.7771170139312744,0.0893955454230308,0.1022261157631874,59,80,none,inpaint,706,155,139,2.3746001720428467,0.0013857753947377,0.0011674171546474,0.0001726939954096,30,30,27,0.3226769983599611,0.358168226672757,64,64,1,2.3,0.07148465327918524,0.1913746297359466,실측,2.867377777777777
soft_3mm_r1,32,18,cycle,2,0.0707582831382751,0.0984200537204742,0.1509966254234314,0.203456774353981,0.2130940109491348,0.2537904977798462,0.1405677050352096,0.2839886546134949,0.1608092039823532,0.4425259232521057,0.8596270084381104,0.0603706240653991,0.186479166150093,0.8240228891372681,0.104582630097866,0.1213308572769165,59,80,none,inpaint,706,155,139,2.3746001720428467,0.0014545160811394,0.0012884106254205,0.0001639537658775,30,30,14,0.4169365022405348,0.4078691482543945,64,64,1,2.3,0.08458916842937465,0.2130940109491348,실측,2.867377777777777
soft_3mm_r1,16,9,cycle,0,0.0621272921562194,0.1265149414539337,0.1379170268774032,0.1960523575544357,0.2218018770217895,0.2711132764816284,0.1498176902532577,0.3246737718582153,0.1459338963031768,0.4425259232521057,0.8696582913398743,0.1213697642087936,0.186479166150093,0.5560450553894043,0.1496494114398956,0.0918899327516555,59,80,none,inpaint,706,155,139,2.3746001720428467,0.0026488557923585,0.0016451891278848,0.0001856298185884,30,30,29,0.3932243467390368,0.4779144040999874,64,64,1,3.7,0.09432111680507654,0.2218018770217895,실측,0.7168444444444443
soft_3mm_r1,16,9,cycle,1,0.0673790350556373,0.0932954996824264,0.202313557267189,0.2666932344436645,0.262429803609848,0.3099936544895172,0.1953513622283935,0.3263450562953949,0.2152922600507736,0.4425259232521057,0.7588077783584595,0.0809070244431495,0.186479166150093,0.7508809566497803,0.122313492000103,0.1850369423627853,59,80,none,inpaint,706,155,139,2.3746001720428467,0.0026703595649451,0.0019872689153999,0.0002215991262346,30,30,21,0.4195419377713298,0.5060568655690839,64,64,1,2.2,0.08033726736903185,0.262429803609848,실측,0.7168444444444443
soft_3mm_r1,16,9,cycle,2,0.0810359492897987,0.1214995384216308,0.3311193287372589,0.4125500917434692,0.4018941521644592,0.4757201969623565,0.3401558399200439,0.4253271818161011,0.3846122622489929,0.4425259232521057,0.4228447079658508,0.1009751185774803,0.186479166150093,0.5517629384994507,0.1408137530088424,0.3586240708827972,59,80,none,inpaint,706,155,139,2.3746001720428467,0.0028833679389208,0.0022910125553607,0.0001653145882301,30,30,16,0.4900362491607666,0.5427795040991998,64,64,1,2.2,0.10126774385571474,0.4018941521644592,실측,0.7168444444444443
soft_3mm_r1,8,5,cycle,0,0.1040285155177116,0.0904293581843376,0.2258540391921997,0.4432875514030456,0.3098747134208679,0.5289519429206848,0.2334339171648025,0.4800778031349182,0.184349924325943,0.4425259232521057,0.3336377143859863,0.0891995429992675,0.186479166150093,0.3499995470046997,0.178730309009552,0.1714891344308853,59,80,none,inpaint,706,155,139,2.3746001720428467,0.0031861001625657,0.0033012239728122,0.0002011897013289,30,30,30,0.417118076562206,0.7028641485398816,64,64,1,3.9,0.0972289368510246,0.3098747134208679,실측,0.17921111111111107
soft_3mm_r1,8,5,cycle,1,0.1420053392648697,0.20811428129673,0.2540088295936584,0.5176010131835938,0.4035241901874542,0.8904253840446472,0.2916588485240936,0.5263313055038452,0.3129539787769317,0.4425259232521057,0.0914902687072753,0.2061649709939956,0.186479166150093,-7.92322826385498,0.2451174110174179,0.2356029003858566,59,80,none,inpaint,706,155,139,2.3746001720428467,0.0038149694446474,0.0039208838716149,0.0002538053959142,30,30,30,0.3900976326242723,0.5776786558089718,64,64,1,2.2,0.17505981028079987,0.4035241901874542,실측,0.17921111111111107
soft_3mm_r1,8,5,cycle,2,0.2540000975131988,0.1700354665517807,0.154869943857193,0.2171046435832977,0.4030288755893707,0.7598605155944824,0.3221761584281921,0.3484649360179901,0.4432697892189026,0.4425259232521057,0.8401628732681274,0.2509792745113373,0.186479166150093,-9.611316680908203,0.1419968456029892,0.1198191046714782,59,80,none,inpaint,706,155,139,2.3746001720428467,0.0039103813469409,0.0044240020215511,0.0002813481551129,30,30,29,0.4008846627416421,0.5867997569422568,64,64,1,2.3,0.21201778203248975,0.4030288755893707,실측,0.17921111111111107
