index,file,missing,t_img,t_exposure_start,segment,cycle,axis,target_N,Fx_s,Fy_s,Fz_s,Tx_s,Ty_s,Tz_s,Fx_s_corr,Fy_s_corr,Fz_s_corr,Tx_s_corr,Ty_s_corr,Tz_s_corr,Fx_base,Fy_base,Fz_base,ft_chunks,tcp_x,tcp_y,tcp_z,rx,ry,rz,pose_gap_s,height_above_plane_mm,depth_mm
1,000001.png,False,1788871626.762713,1788871626.702713,normal_load,1,,2.0,-7e-05,0.00772,-0.01163,0.0001,6e-05,0.0001,-0.00102,0.0064,-0.01243,8e-05,6e-05,5e-05,-0.00384,0.00647,-0.01177,3,37.9034,362.8695,36.9543,179.242,0.3639,-95.1312,0.0094,24.6433,-0.0233
2,000002.png,False,1788871627.346740,1788871627.286741,normal_load,1,,2.0,-0.00484,-0.00715,-0.03042,0.00044,-1e-05,0.00016,-0.00591,-0.00863,-0.03131,0.00042,0.0,0.00011,-0.00041,-0.0091,-0.03029,3,37.9267,362.7969,36.9279,179.2439,0.3575,-95.132,0.0038,24.6155,0.0045
3,000003.png,False,1788871627.734807,1788871627.674807,normal_load,1,,2.0,-0.00342,-0.00958,-0.04323,0.00047,1e-05,5e-05,-0.00457,-0.01116,-0.04418,0.00044,2e-05,-1e-05,0.00212,-0.0107,-0.04305,3,37.9355,362.7908,36.8939,179.2434,0.3593,-95.1336,0.0071,24.5813,0.0387
4,000004.png,False,1788871627.930798,1788871627.870798,normal_load,1,,2.0,-0.00063,-0.00356,-0.36796,0.00042,-0.00014,0.00031,-0.00181,-0.0052,-0.36895,0.00039,-0.00012,0.00025,0.00378,-0.0093,-0.36785,3,37.9395,362.7734,36.7561,179.245,0.3526,-95.1335,0.0013,24.4433,0.1767
5,000005.png,False,1788871628.126831,1788871628.066831,normal_load,1,,2.0,-0.00259,-0.00145,-0.35534,0.00041,-0.00012,0.0004,-0.00381,-0.00313,-0.35635,0.00038,-0.00011,0.00034,0.00094,-0.00824,-0.35526,3,37.9393,362.7755,36.7543,179.2453,0.3524,-95.1338,0.0048,24.4415,0.1784
6,000006.png,False,1788871628.322824,1788871628.262824,normal_load,1,,2.0,0.00473,0.01529,-0.62104,1e-05,-9e-05,0.00014,0.00348,0.01355,-0.62208,-2e-05,-8e-05,9e-05,0.00077,0.00566,-0.62122,3,37.9367,362.788,36.687,179.244,0.3566,-95.1335,0.0095,24.3744,0.2455
7,000007.png,False,1788871628.518770,1788871628.458770,normal_load,1,,2.0,0.00497,0.01893,-0.60353,-0.00031,-0.00017,0.00011,0.00368,0.01713,-0.60461,-0.00033,-0.00016,5e-05,-0.00097,0.00921,-0.60378,3,37.9363,362.7921,36.6873,179.2435,0.3582,-95.1338,0.0028,24.3748,0.2451
8,000008.png,False,1788871628.710834,1788871628.650834,normal_load,1,,2.0,0.01315,0.04646,-0.82826,-0.00066,0.0,-3e-05,0.01182,0.04462,-0.82937,-0.00069,1e-05,-9e-05,-0.00608,0.03354,-0.82897,3,37.9337,362.8038,36.6463,179.2423,0.3626,-95.1338,0.0075,24.334,0.2859
9,000009.png,False,1788871628.906872,1788871628.846872,normal_load,1,,2.0,0.01015,0.03908,-0.93358,-0.00047,-0.00011,0.00014,0.00878,0.03718,-0.93472,-0.0005,-0.0001,8e-05,-0.00426,0.02396,-0.93414,3,37.9357,362.7984,36.618,179.243,0.3608,-95.1338,0.0014,24.3056,0.3143
10,000010.png,False,1788871629.102865,1788871629.042866,normal_load,1,,2.0,0.01907,0.0602,-1.15031,-0.00099,-8e-05,-5e-05,0.01766,0.05825,-1.15148,-0.00102,-7e-05,-0.00012,-0.00558,0.04324,-1.15121,3,37.9334,362.8088,36.5923,179.2418,0.3645,-95.1338,0.0052,24.2801,0.3399
11,000011.png,False,1788871629.490930,1788871629.430930,normal_load,1,,2.0,0.01798,0.06037,-1.40862,-0.00091,-0.00036,-6e-05,0.0165,0.05832,-1.40985,-0.00094,-0.00035,-0.00013,-0.00482,0.0387,-1.40949,3,37.9338,362.8063,36.555,179.2423,0.3629,-95.1338,0.0074,24.2428,0.3772
12,000012.png,False,1788871629.686930,1788871629.626930,normal_load,1,,2.0,0.02213,0.07064,-1.78276,-0.00096,-0.00025,0.00017,0.02061,0.06854,-1.78402,-0.00099,-0.00024,0.0001,-0.00377,0.04368,-1.78376,3,37.9335,362.8082,36.5155,179.2422,0.3631,-95.134,0.0066,24.2033,0.4167
13,000013.png,False,1788871629.882957,1788871629.822958,normal_load,1,,2.0,0.02226,0.0748,-1.75596,-0.00114,-0.00027,0.00013,0.02071,0.07264,-1.75725,-0.00117,-0.00026,6e-05,-0.00592,0.04778,-1.75703,3,37.9335,362.8107,36.5099,179.2423,0.3635,-95.134,0.0005,24.1977,0.4222
14,000014.png,False,1788871630.274990,1788871630.214990,normal_load,1,,2.0,0.03284,0.08934,-1.96596,-0.00134,-0.00025,8e-05,0.03121,0.08708,-1.96731,-0.00138,-0.00024,1e-05,-0.00256,0.06229,-1.96727,3,37.9346,362.8171,36.4844,179.2415,0.3658,-95.1347,0.0084,24.1723,0.4476
15,000015.png,False,1788871630.662998,1788871630.602998,normal_unload,1,,0.0,0.0322,0.09755,-1.96791,-0.00147,-0.00013,0.00022,0.0305,0.09519,-1.96933,-0.00151,-0.00011,0.00014,-0.0072,0.06905,-1.96937,3,37.9353,362.8184,36.4813,179.241,0.3666,-95.1347,0.0075,24.1693,0.4507
16,000016.png,False,1788871631.054995,1788871630.994995,normal_unload,1,,0.0,0.04037,0.09664,-1.96286,-0.00149,-1e-05,0.00022,0.03859,0.09417,-1.96434,-0.00153,1e-05,0.00013,0.0003,0.07243,-1.96431,3,37.9359,362.8195,36.4771,179.2414,0.366,-95.1347,0.0059,24.1651,0.4549
17,000017.png,False,1788871631.247052,1788871631.187052,normal_unload,1,,0.0,0.03502,0.09175,-1.9228,-0.00136,-4e-05,0.00014,0.0332,0.08923,-1.92432,-0.00139,-3e-05,6e-05,-0.00218,0.06616,-1.92417,3,37.9358,362.8192,36.4796,179.2415,0.3658,-95.1349,0.0043,24.1675,0.4524
18,000018.png,False,1788871631.443057,1788871631.383057,normal_unload,1,,0.0,0.03724,0.08414,-1.83216,-0.00119,5e-05,0.00011,0.03538,0.08157,-1.83371,-0.00123,6e-05,2e-05,0.00292,0.06213,-1.83342,3,37.9375,362.816,36.486,179.242,0.3639,-95.1355,0.0007,24.1739,0.4461
19,000019.png,False,1788871631.639065,1788871631.579065,normal_unload,1,,0.0,0.03578,0.07476,-1.78912,-0.00116,-0.00013,0.00013,0.03388,0.07214,-1.79069,-0.0012,-0.00011,4e-05,0.00604,0.05397,-1.79021,3,37.9377,362.8147,36.4925,179.2426,0.3616,-95.1362,0.0073,24.1804,0.4396
20,000020.png,False,1788871631.835084,1788871631.775084,normal_unload,1,,0.0,0.02938,0.06318,-1.70051,-0.00074,-0.00014,-4e-05,0.02745,0.06051,-1.70212,-0.00078,-0.00012,-0.00013,0.00567,0.04216,-1.70141,3,37.9395,362.8078,36.4962,179.243,0.361,-95.1357,0.0271,24.1839,0.436
21,000021.png,False,1788871632.027089,1788871631.967089,normal_unload,1,,0.0,0.02162,0.04252,-1.60954,-0.0003,-0.00023,0.0001,0.01966,0.0398,-1.61118,-0.00034,-0.00021,0.0,0.00864,0.02185,-1.61008,3,37.9397,362.8009,36.5039,179.2434,0.3577,-95.1359,0.002,24.1916,0.4284
22,000022.png,False,1788871632.419133,1788871632.359133,normal_unload,1,,0.0,0.01958,0.03516,-1.51887,-0.0002,-0.00028,0.00014,0.01753,0.03233,-1.52057,-0.00024,-0.00026,4e-05,0.00992,0.0159,-1.51929,3,37.9408,362.7974,36.513,179.244,0.3565,-95.1359,0.0011,24.2006,0.4193
23,000023.png,False,1788871632.615114,1788871632.555115,normal_unload,1,,0.0,0.02359,0.03542,-1.3888,-0.00011,-0.00016,5e-05,0.02151,0.03254,-1.39054,-0.00015,-0.00014,-5e-05,0.01236,0.02022,-1.38925,3,37.9419,362.799,36.5255,179.2437,0.3574,-95.1362,0.0065,24.2131,0.4069
24,000024.png,False,1788871632.811126,1788871632.751126,normal_unload,1,,0.0,0.0281,0.04818,-1.17475,-0.00058,7e-05,5e-05,0.02598,0.04524,-1.17651,-0.00063,9e-05,-5e-05,0.00841,0.03695,-1.17546,3,37.939,362.8074,36.5488,179.2431,0.3597,-95.1357,0.0087,24.2366,0.3834
25,000025.png,False,1788871633.003148,1788871632.943148,normal_unload,1,,0.0,0.02676,0.03966,-1.16093,-0.00044,1e-05,0.00012,0.02461,0.03667,-1.16272,-0.00049,3e-05,2e-05,0.01141,0.02912,-1.16149,3,37.9405,362.8067,36.5542,179.2432,0.3593,-95.1364,0.0007,24.2419,0.3781
26,000026.png,False,1788871633.199069,1788871633.139070,normal_unload,1,,0.0,0.02612,0.04081,-1.0659,-0.00042,0.0001,0.00017,0.02392,0.03777,-1.06773,-0.00047,0.00012,7e-05,0.00962,0.03132,-1.0665,3,37.9398,362.8051,36.5655,179.2434,0.3586,-95.1362,0.0061,24.2531,0.3668
27,000027.png,False,1788871633.395164,1788871633.335164,normal_unload,1,,0.0,0.02462,0.03817,-1.04245,-0.00037,0.0,0.00025,0.02239,0.03508,-1.04431,-0.00041,2e-05,0.00014,0.00948,0.02866,-1.043,3,37.941,362.8041,36.5704,179.2435,0.3582,-95.1364,0.009,24.2581,0.3619
28,000028.png,False,1788871633.783204,1788871633.723204,normal_unload,1,,0.0,0.02106,0.02012,-0.90874,4e-05,-1e-05,0.00025,0.01875,0.01692,-0.91066,-1e-05,1e-05,0.00014,0.01449,0.01339,-0.90899,3,37.9421,362.7978,36.5918,179.244,0.3563,-95.1366,0.0054,24.2794,0.3406
29,000029.png,False,1788871634.175215,1788871634.115216,normal_unload,1,,0.0,0.02111,0.02449,-0.73075,-0.0001,9e-05,0.00029,0.01873,0.02119,-0.73273,-0.00015,0.00011,0.00018,0.01111,0.02005,-0.7311,3,37.9399,362.8024,36.6194,179.2438,0.357,-95.1366,0.0037,24.3071,0.3129
30,000030.png,False,1788871634.567240,1788871634.507240,normal_unload,1,,0.0,0.02259,0.02446,-0.50625,-0.00031,0.0001,0.00037,0.02013,0.02106,-0.5083,-0.00036,0.00012,0.00025,0.01086,0.02437,-0.50665,3,37.941,362.8024,36.6645,179.2436,0.358,-95.1368,0.0061,24.3522,0.2678
31,000031.png,False,1788871634.955277,1788871634.895278,normal_unload,1,,0.0,0.01765,0.00771,-0.35347,4e-05,8e-05,0.00045,0.01512,0.00421,-0.35557,-1e-05,0.0001,0.00034,0.01389,0.00984,-0.35358,3,37.9425,362.7968,36.6986,179.2443,0.356,-95.1368,0.0089,24.3861,0.2339
32,000032.png,False,1788871635.151285,1788871635.091285,normal_unload,1,,0.0,0.01382,0.00705,-0.29525,0.00031,0.00012,0.0003,0.01125,0.00349,-0.29739,0.00025,0.00014,0.00018,0.01049,0.00828,-0.29536,3,37.9431,362.7947,36.716,179.2444,0.3551,-95.1372,0.0055,24.4035,0.2165
33,000033.png,False,1788871635.347298,1788871635.287298,normal_unload,1,,0.0,0.01739,0.01312,-0.13939,-3e-05,0.00022,0.00018,0.01478,0.00951,-0.14156,-9e-05,0.00024,6e-05,0.00948,0.01782,-0.13963,3,37.9415,362.8008,36.759,179.2437,0.3576,-95.137,0.0004,24.4466,0.1733
34,000034.png,False,1788871635.539320,1788871635.479321,normal_unload,1,,0.0,0.01483,0.00434,-0.13679,5e-05,9e-05,0.00037,0.01219,0.00068,-0.13899,-0.0,0.00012,0.00025,0.01162,0.00898,-0.13688,3,37.9416,362.8004,36.772,179.244,0.357,-95.137,0.0095,24.4596,0.1604
35,000035.png,False,1788871635.931344,1788871635.871344,normal_unload,1,,0.0,0.01166,0.00098,-0.03416,0.00013,0.00014,0.00031,0.00894,-0.00279,-0.03642,7e-05,0.00016,0.00018,0.00985,0.00613,-0.03419,3,37.9425,362.8028,36.8356,179.2437,0.3574,-95.1375,0.0002,24.5232,0.0968
36,000036.png,False,1788871636.319396,1788871636.259396,normal_unload,1,,0.0,0.00699,-0.0015,0.04841,0.00026,-6e-05,-0.00012,0.0042,-0.00537,0.04609,0.0002,-3e-05,-0.00025,0.00647,0.00297,0.04842,3,37.9417,362.8076,36.9304,179.2433,0.359,-95.1375,0.0049,24.618,0.0019
37,000037.png,False,1788871637.103441,1788871637.043441,dwell,1,,0.0,0.01172,0.00307,0.01751,0.00018,-3e-05,0.00014,0.00877,-0.00101,0.01506,0.00012,-1e-05,1e-05,0.00849,0.00879,0.01743,3,37.9367,362.8212,36.9411,179.2434,0.3584,-95.1418,0.0026,24.629,-0.009
38,000038.png,False,1788871637.883493,1788871637.823493,normal_load,2,,2.0,0.01032,0.00432,0.01659,0.00022,-2e-05,0.00019,0.00722,3e-05,0.01401,0.00015,1e-05,5e-05,0.00667,0.00916,0.01649,3,37.9349,362.8186,36.9428,179.2435,0.3581,-95.1412,0.0085,24.6307,-0.0108
39,000039.png,False,1788871638.467571,1788871638.407572,normal_load,2,,2.0,0.00945,0.00585,0.01078,8e-05,-0.0002,0.00012,0.00624,0.00141,0.00812,1e-05,-0.00017,-3e-05,0.00519,0.00996,0.01066,3,37.9304,362.82,36.9313,179.2432,0.3599,-95.1405,0.0086,24.6192,0.0007
40,000040.png,False,1788871638.859504,1788871638.799504,normal_load,2,,2.0,0.0104,0.00917,-0.00072,0.0001,-0.00017,9e-05,0.00712,0.00463,-0.00345,3e-05,-0.00014,-6e-05,0.00443,0.01313,-0.0009,3,37.9246,362.8278,36.9097,179.2418,0.3644,-95.1399,0.006,24.5978,0.0221
41,000041.png,False,1788871639.247586,1788871639.187587,normal_load,2,,2.0,0.00998,0.01433,-0.18017,2e-05,-0.00021,-3e-05,0.00662,0.00968,-0.18296,-6e-05,-0.00018,-0.00018,0.00273,0.01451,-0.18041,3,37.9257,362.8138,36.763,179.2437,0.3571,-95.1399,0.0001,24.4509,0.169
42,000042.png,False,1788871639.443622,1788871639.383622,normal_load,2,,2.0,0.0174,0.03294,-0.42695,-0.00042,-0.00018,2e-05,0.01401,0.02823,-0.42977,-0.00049,-0.00015,-0.00014,0.00158,0.03038,-0.42749,3,37.9235,362.8263,36.7099,179.2426,0.3615,-95.1394,0.0051,24.398,0.222
43,000043.png,False,1788871639.639646,1788871639.579646,normal_load,2,,2.0,0.02106,0.03978,-0.56024,-0.00034,-0.00022,0.00032,0.01763,0.03502,-0.56309,-0.00041,-0.00019,0.00016,0.00226,0.036,-0.56088,3,37.9222,362.8321,36.68,179.2424,0.3628,-95.1396,0.0095,24.3682,0.2517
44,000044.png,False,1788871640.027631,1788871639.967631,normal_load,2,,2.0,0.02265,0.06102,-0.89074,-0.00082,-0.00025,0.00017,0.01914,0.05616,-0.89366,-0.00089,-0.00022,0.0,-0.00469,0.04989,-0.89171,3,37.9189,362.8436,36.616,179.2409,0.3678,-95.1397,0.0094,24.3044,0.3155
45,000045.png,False,1788871640.223653,1788871640.163653,normal_load,2,,2.0,0.03086,0.08165,-0.97819,-0.00127,-0.00026,0.0001,0.02732,0.07674,-0.98114,-0.00134,-0.00023,-7e-05,-0.00728,0.07047,-0.97952,3,37.9164,362.849,36.6051,179.2399,0.3707,-95.1394,0.0041,24.2937,0.3263
46,000046.png,False,1788871640.419676,1788871640.359676,normal_load,2,,2.0,0.03643,0.09914,-1.11331,-0.00184,-0.00017,0.0001,0.03285,0.09418,-1.11629,-0.00191,-0.00014,-7e-05,-0.01026,0.08624,-1.11493,3,37.9167,362.8567,36.5855,179.2391,0.3743,-95.1397,0.0015,24.2741,0.3458
47,000047.png,False,1788871640.611593,1788871640.551593,normal_load,2,,2.0,0.02783,0.07823,-1.5246,-0.00113,-0.00054,2e-05,0.02421,0.07322,-1.52761,-0.00121,-0.0005,-0.00015,-0.00441,0.05724,-1.52578,3,37.9185,362.8433,36.5338,179.2408,0.368,-95.1397,0.009,24.2222,0.3977
48,000048.png,False,1788871640.807697,1788871640.747697,normal_load,2,,2.0,0.03481,0.09397,-1.62429,-0.0015,-0.00063,3e-05,0.03115,0.0889,-1.62733,-0.00158,-0.0006,-0.00014,-0.00553,0.07276,-1.62574,3,37.9177,362.8443,36.5191,179.2405,0.3691,-95.1397,0.0041,24.2076,0.4124
49,000049.png,False,1788871641.003688,1788871640.943688,normal_load,2,,2.0,0.03315,0.09014,-1.70373,-0.00131,-0.00063,0.00012,0.02946,0.08503,-1.7068,-0.00139,-0.00059,-6e-05,-0.00451,0.06734,-1.7051,3,37.9175,362.8453,36.5081,179.2404,0.3695,-95.1397,0.0014,24.1966,0.4234
50,000050.png,False,1788871641.199726,1788871641.139726,normal_load,2,,2.0,0.03386,0.10003,-1.81309,-0.00143,-0.00063,0.00015,0.03013,0.09486,-1.81619,-0.00151,-0.00059,-3e-05,-0.00807,0.07451,-1.81461,3,37.9186,362.844,36.4943,179.2406,0.3686,-95.1397,0.0069,24.1828,0.4372
51,000051.png,False,1788871641.395766,1788871641.335766,normal_load,2,,2.0,0.04304,0.12007,-1.96606,-0.00193,-0.00056,0.00015,0.03927,0.11484,-1.96919,-0.00201,-0.00052,-3e-05,-0.00908,0.094,-1.96792,3,37.916,362.855,36.4775,179.2396,0.3717,-95.1395,0.0075,24.1662,0.4538
52,000052.png,False,1788871641.783801,1788871641.723801,normal_unload,2,,0.0,0.04001,0.11542,-1.94602,-0.00182,-0.00055,0.0001,0.03617,0.1101,-1.94922,-0.0019,-0.00051,-8e-05,-0.00952,0.08878,-1.94781,3,37.9164,362.8562,36.476,179.2396,0.3724,-95.1399,0.0072,24.1647,0.4552
53,000053.png,False,1788871642.175852,1788871642.115852,normal_unload,2,,0.0,0.043,0.11511,-1.90416,-0.00184,-0.00051,0.00022,0.03908,0.10968,-1.90742,-0.00193,-0.00048,4e-05,-0.00706,0.09068,-1.90595,3,37.9155,362.8555,36.4774,179.2397,0.372,-95.1397,0.0027,24.1661,0.4539
54,000054.png,False,1788871642.367815,1788871642.307816,normal_unload,2,,0.0,0.03824,0.10788,-1.87836,-0.0017,-0.00055,0.0002,0.03428,0.1024,-1.88165,-0.00179,-0.00051,2e-05,-0.00776,0.08245,-1.88002,3,37.9173,362.855,36.4787,179.2398,0.3716,-95.1401,0.0067,24.1673,0.4526
55,000055.png,False,1788871642.563826,1788871642.503826,normal_unload,2,,0.0,0.03242,0.0844,-1.79127,-0.00116,-0.00082,0.00044,0.02843,0.07886,-1.7946,-0.00124,-0.00079,0.00025,-0.00166,0.0606,-1.79253,3,37.918,362.8448,36.4868,179.2409,0.3678,-95.1401,0.0072,24.1752,0.4447
56,000056.png,False,1788871642.759852,1788871642.699852,normal_unload,2,,0.0,0.03122,0.08503,-1.80926,-0.001,-0.00063,0.00052,0.02719,0.07944,-1.81261,-0.00109,-0.00059,0.00033,-0.00289,0.06026,-1.81052,3,37.9178,362.846,36.4871,179.2412,0.3674,-95.1399,0.0027,24.1756,0.4443
57,000057.png,False,1788871642.955866,1788871642.895866,normal_unload,2,,0.0,0.02941,0.08179,-1.74054,-0.00091,-0.00071,0.00039,0.02534,0.07615,-1.74393,-0.00099,-0.00067,0.0002,-0.00332,0.05765,-1.74176,3,37.9179,362.8435,36.4912,179.2413,0.3668,-95.1401,0.0082,24.1797,0.4403
58,000058.png,False,1788871643.147851,1788871643.087852,normal_unload,2,,0.0,0.03063,0.07655,-1.65132,-0.001,-0.00078,0.00038,0.02652,0.07086,-1.65473,-0.00109,-0.00074,0.00019,-0.00027,0.05515,-1.65245,3,37.9194,362.8411,36.498,179.2417,0.3649,-95.1403,0.0028,24.1864,0.4336
59,000059.png,False,1788871643.343818,1788871643.283818,normal_unload,2,,0.0,0.02947,0.07635,-1.53556,-0.00091,-0.00074,0.00023,0.02532,0.07061,-1.53901,-0.001,-0.0007,4e-05,-0.00198,0.05625,-1.53671,3,37.9199,362.8386,36.5086,179.2422,0.3628,-95.1405,0.0027,24.1969,0.423
60,000060.png,False,1788871643.539920,1788871643.479920,normal_unload,2,,0.0,0.02644,0.06373,-1.53592,-0.00076,-0.00075,0.00037,0.02226,0.05794,-1.5394,-0.00085,-0.00071,0.00018,0.00171,0.04381,-1.53685,3,37.9195,362.8385,36.5104,179.2422,0.363,-95.1403,0.0082,24.1987,0.4212
61,000061.png,False,1788871643.735833,1788871643.675833,normal_unload,2,,0.0,0.0242,0.05251,-1.42934,-0.00051,-0.00081,0.00045,0.01998,0.04667,-1.43285,-0.0006,-0.00077,0.00025,0.00463,0.03468,-1.43008,3,37.9195,362.8306,36.5192,179.2427,0.3602,-95.1403,0.0059,24.2074,0.4125
62,000062.png,False,1788871643.931920,1788871643.871920,normal_unload,2,,0.0,0.02284,0.05668,-1.28615,-0.00069,-0.00071,0.00043,0.01858,0.05078,-1.28969,-0.00078,-0.00067,0.00023,0.00038,0.0399,-1.28698,3,37.9194,362.835,36.5357,179.2424,0.3619,-95.1403,0.0014,24.224,0.396
63,000063.png,False,1788871644.123927,1788871644.063927,normal_unload,2,,0.0,0.02463,0.05541,-1.29909,-0.00054,-0.00064,0.00054,0.02033,0.04946,-1.30266,-0.00064,-0.0006,0.00034,0.00265,0.03949,-1.2999,3,37.9198,362.8348,36.5366,179.2426,0.3615,-95.1405,0.0092,24.2249,0.3951
64,000064.png,False,1788871644.319941,1788871644.259941,normal_unload,2,,0.0,0.02768,0.06315,-1.1022,-0.00062,-0.00046,0.00059,0.02335,0.05715,-1.10581,-0.00071,-0.00042,0.00039,7e-05,0.05087,-1.10319,3,37.9188,362.8404,36.5603,179.2424,0.363,-95.1405,0.0017,24.2487,0.3713
65,000065.png,False,1788871644.515982,1788871644.455982,normal_unload,2,,0.0,0.02556,0.06166,-1.05537,-0.00078,-0.00053,0.00027,0.02118,0.0556,-1.05901,-0.00087,-0.00049,7e-05,-0.00135,0.04926,-1.05633,3,37.9187,362.8396,36.5629,179.2423,0.3623,-95.1407,0.0075,24.2513,0.3687
66,000066.png,False,1788871644.903980,1788871644.843980,normal_unload,2,,0.0,0.02411,0.04834,-0.90495,-0.0004,-0.00054,0.00033,0.01966,0.04218,-0.90864,-0.00049,-0.0005,0.00012,0.00301,0.03941,-0.90569,3,37.9189,362.8376,36.5905,179.2426,0.3613,-95.1407,0.0026,24.2789,0.3411
67,000067.png,False,1788871645.296020,1788871645.236020,normal_unload,2,,0.0,0.02286,0.04204,-0.68598,-0.00033,-0.00042,0.00045,0.01834,0.03578,-0.68974,-0.00043,-0.00038,0.00024,0.00355,0.03685,-0.68665,3,37.9197,362.8349,36.6227,179.2426,0.3613,-95.1407,0.0062,24.311,0.309
68,000068.png,False,1788871645.492019,1788871645.432019,normal_unload,2,,0.0,0.02491,0.04201,-0.61222,-0.00047,-0.00045,0.00057,0.02035,0.03569,-0.61601,-0.00057,-0.00041,0.00036,0.00483,0.03902,-0.6129,3,37.9195,362.8342,36.636,179.2427,0.3609,-95.141,0.0006,24.3243,0.2957
69,000069.png,False,1788871645.687948,1788871645.627949,normal_unload,2,,0.0,0.02484,0.04598,-0.47969,-0.00056,-0.00034,0.00035,0.02024,0.03961,-0.48352,-0.00066,-0.0003,0.00014,0.00187,0.04455,-0.48047,3,37.9188,362.838,36.6585,179.2424,0.3619,-95.1412,0.0053,24.3469,0.2731
70,000070.png,False,1788871645.879965,1788871645.819965,normal_unload,2,,0.0,0.02294,0.04486,-0.43343,-0.00043,-0.00023,0.00037,0.01831,0.03844,-0.43728,-0.00053,-0.00019,0.00016,0.00046,0.04337,-0.43418,3,37.9189,362.8391,36.6711,179.2424,0.3619,-95.1412,0.005,24.3594,0.2605
71,000071.png,False,1788871646.076062,1788871646.016062,normal_unload,2,,0.0,0.02302,0.04207,-0.29745,-0.00041,-0.00018,0.00039,0.01835,0.03559,-0.30134,-0.00051,-0.00014,0.00017,0.00099,0.04317,-0.29818,3,37.9197,362.8385,36.6999,179.2428,0.3606,-95.1412,0.0076,24.3882,0.2318
72,000072.png,False,1788871646.271991,1788871646.211992,normal_unload,2,,0.0,0.02181,0.04033,-0.28647,-0.00037,-0.00018,0.00037,0.0171,0.0338,-0.29039,-0.00047,-0.00013,0.00015,0.00073,0.04123,-0.28717,3,37.9196,362.8382,36.7101,179.2428,0.3606,-95.1414,0.0069,24.3985,0.2215
73,000073.png,False,1788871646.468118,1788871646.408118,normal_unload,2,,0.0,0.02685,0.04369,-0.12725,-0.00056,-0.0001,0.00028,0.02211,0.03711,-0.1312,-0.00066,-6e-05,6e-05,0.00232,0.04921,-0.12804,3,37.9181,362.8444,36.7505,179.2428,0.3615,-95.1414,0.0014,24.4389,0.181
74,000074.png,False,1788871646.660108,1788871646.600108,normal_unload,2,,0.0,0.02179,0.03113,-0.14934,-0.00027,-0.00015,0.0004,0.01701,0.02451,-0.15332,-0.00037,-0.00011,0.00018,0.00436,0.03546,-0.1499,3,37.9196,362.8384,36.7608,179.2427,0.3608,-95.1416,0.0074,24.4491,0.1708
75,000075.png,False,1788871646.856138,1788871646.796139,normal_unload,2,,0.0,0.02463,0.03423,-0.02483,-0.00036,-8e-05,0.00042,0.0198,0.02755,-0.02884,-0.00046,-4e-05,0.00019,0.0044,0.04155,-0.02547,3,37.9189,362.8452,36.8172,179.242,0.3634,-95.1418,0.0074,24.5057,0.1143
76,000076.png,False,1788871647.052130,1788871646.992131,normal_unload,2,,0.0,0.02152,0.02849,-0.04441,-0.0002,-0.00015,0.0004,0.01667,0.02175,-0.04845,-0.0003,-0.0001,0.00017,0.00472,0.03471,-0.04494,3,37.9182,362.8419,36.8227,179.2423,0.3625,-95.1418,0.0019,24.5111,0.1089
77,000077.png,False,1788871647.832191,1788871647.772191,normal_unload,2,,0.0,0.01656,0.01431,-0.01143,6e-05,-0.00012,0.00044,0.01155,0.00737,-0.0156,-5e-05,-8e-05,0.00021,0.00727,0.02048,-0.01171,3,37.9191,362.844,36.9136,179.2424,0.3621,-95.1425,0.0081,24.602,0.018
78,000078.png,False,1788871650.564397,1788871650.504397,normal_load,3,,2.0,0.01745,0.01411,-0.0096,8e-05,-0.00027,0.00031,0.01191,0.00644,-0.01421,-4e-05,-0.00021,5e-05,0.00813,0.02078,-0.00988,3,37.921,362.8226,36.9521,179.2433,0.3585,-95.1444,0.0067,24.6401,-0.0202
79,000079.png,False,1788871651.148431,1788871651.088431,normal_load,3,,2.0,0.01737,0.00877,-0.02792,6e-05,-0.00042,0.00031,0.01172,0.00095,-0.03262,-6e-05,-0.00037,5e-05,0.01086,0.01583,-0.02811,3,37.923,362.8083,36.8795,179.2455,0.3514,-95.1442,0.0059,24.5673,0.0526
80,000080.png,False,1788871651.344350,1788871651.284350,normal_load,3,,2.0,0.01858,0.016,-0.12691,4e-05,-0.0004,0.00029,0.0129,0.00812,-0.13164,-8e-05,-0.00035,3e-05,0.00898,0.02111,-0.1272,3,37.9227,362.808,36.7999,179.2453,0.3514,-95.1442,0.0035,24.4877,0.1323
81,000081.png,False,1788871651.540362,1788871651.480362,normal_load,3,,2.0,0.01572,0.0173,-0.1664,-0.0,-0.00042,0.00032,0.00999,0.00937,-0.17116,-0.00012,-0.00037,5e-05,0.00613,0.02017,-0.1667,3,37.9223,362.8106,36.7909,179.2451,0.3518,-95.1444,0.0018,24.4788,0.1412
82,000082.png,False,1788871651.732380,1788871651.672380,normal_load,3,,2.0,0.02077,0.02854,-0.55491,-0.00013,-0.00054,0.00028,0.01501,0.02056,-0.5597,-0.00025,-0.00049,1e-05,0.00758,0.02621,-0.55536,3,37.9216,362.8125,36.6829,179.245,0.3515,-95.1442,0.0074,24.3708,0.2491
83,000083.png,False,1788871651.928392,1788871651.868392,normal_load,3,,2.0,0.02201,0.03146,-0.62116,-0.00021,-0.00055,0.00058,0.01622,0.02343,-0.62599,-0.00033,-0.0005,0.00031,0.00766,0.02829,-0.62166,3,37.9205,362.8136,36.6766,179.245,0.3522,-95.1442,0.002,24.3646,0.2554
84,000084.png,False,1788871652.124411,1788871652.064411,normal_load,3,,2.0,0.02742,0.05539,-0.89375,-0.00071,-0.00047,0.00042,0.02158,0.0473,-0.89861,-0.00084,-0.00042,0.00014,0.00227,0.04735,-0.89463,3,37.9198,362.8244,36.6238,179.2438,0.3568,-95.1442,0.0031,24.3119,0.308
85,000085.png,False,1788871652.320488,1788871652.260489,normal_load,3,,2.0,0.02996,0.05473,-0.88225,-0.00073,-0.00055,0.00035,0.02409,0.0466,-0.88714,-0.00086,-0.0005,7e-05,0.00472,0.04824,-0.88313,3,37.9195,362.8243,36.622,179.244,0.3569,-95.144,0.0077,24.3102,0.3098
86,000086.png,False,1788871652.516428,1788871652.456428,normal_load,3,,2.0,0.03771,0.07491,-1.04956,-0.00136,-0.00045,0.00038,0.0318,0.06672,-1.05448,-0.00149,-0.00039,0.0001,0.00252,0.06691,-1.05078,3,37.9178,362.835,36.5948,179.243,0.3613,-95.1444,0.0069,24.2831,0.3368
87,000087.png,False,1788871652.708448,1788871652.648448,normal_load,3,,2.0,0.03384,0.08145,-1.23723,-0.0013,-0.00062,0.00032,0.0279,0.07322,-1.24218,-0.00143,-0.00056,4e-05,-0.0028,0.06764,-1.23852,3,37.9171,362.839,36.56,179.2421,0.3631,-95.1444,0.0025,24.2484,0.3716
88,000088.png,False,1788871652.904573,1788871652.844573,normal_load,3,,2.0,0.04079,0.09119,-1.3322,-0.00144,-0.0005,0.00048,0.03481,0.0829,-1.33717,-0.00157,-0.00044,0.0002,-0.00099,0.07802,-1.33366,3,37.9164,362.8392,36.5565,179.2421,0.3629,-95.1444,0.0081,24.2449,0.375
89,000089.png,False,1788871653.100537,1788871653.040537,normal_load,3,,2.0,0.03672,0.08904,-1.8077,-0.00121,-0.00071,0.00041,0.0307,0.08069,-1.81271,-0.00134,-0.00066,0.00013,-0.00014,0.0665,-1.80904,3,37.9179,362.8308,36.5036,179.2436,0.3581,-95.1444,0.0063,24.1918,0.4281
90,000090.png,False,1788871653.296574,1788871653.236574,normal_load,3,,2.0,0.03695,0.08706,-1.75936,-0.00126,-0.00087,0.00028,0.03089,0.07867,-1.7644,-0.00139,-0.00081,-0.0,0.0007,0.06568,-1.76067,3,37.9173,362.831,36.4995,179.2434,0.3583,-95.1444,0.0047,24.1878,0.4321
91,000091.png,False,1788871653.684591,1788871653.624591,normal_load,3,,2.0,0.04171,0.10075,-1.91493,-0.00144,-0.00076,0.0004,0.03557,0.09225,-1.92003,-0.00157,-0.0007,0.00011,-0.00094,0.07742,-1.91647,3,37.9152,362.8358,36.4813,179.243,0.3598,-95.144,0.0006,24.1697,0.4503
92,000092.png,False,1788871653.880610,1788871653.820610,normal_load,3,,2.0,0.05092,0.12375,-1.98786,-0.00204,-0.00061,0.00038,0.04474,0.1152,-1.993,-0.00217,-0.00055,0.0001,-0.00394,0.10078,-1.9898,3,37.9144,362.848,36.4738,179.2417,0.3644,-95.1444,0.0045,24.1623,0.4576
93,000093.png,False,1788871654.076638,1788871654.016639,normal_load,3,,2.0,0.0512,0.1197,-1.95648,-0.00216,-0.0007,0.00033,0.04499,0.1111,-1.96164,-0.00229,-0.00065,4e-05,-0.00189,0.09792,-1.95836,3,37.9138,362.8454,36.4723,179.2419,0.3637,-95.1442,0.0101,24.1608,0.4591
94,000094.png,False,1788871654.268676,1788871654.208676,normal_unload,3,,0.0,0.04706,0.11811,-1.95619,-0.00201,-0.00066,0.00033,0.04081,0.10946,-1.96139,-0.00215,-0.0006,4e-05,-0.00469,0.09447,-1.95804,3,37.9162,362.8444,36.4696,179.242,0.3633,-95.1444,0.001,24.1581,0.4618
95,000095.png,False,1788871654.660691,1788871654.600692,normal_unload,3,,0.0,0.04741,0.11146,-1.98012,-0.00167,-0.00076,0.00042,0.04109,0.1027,-1.98539,-0.00181,-0.0007,0.00013,-0.00089,0.0885,-1.98185,3,37.916,362.8382,36.4661,179.2428,0.3604,-95.1444,0.0093,24.1545,0.4655
96,000096.png,False,1788871654.856719,1788871654.796720,normal_unload,3,,0.0,0.04197,0.10056,-1.94631,-0.00147,-0.00087,0.00056,0.03561,0.09174,-1.95161,-0.00161,-0.00081,0.00026,-0.00039,0.07688,-1.94784,3,37.9165,362.8357,36.4685,179.2431,0.3593,-95.1446,0.0061,24.1568,0.4631
97,000097.png,False,1788871655.052705,1788871654.992705,normal_unload,3,,0.0,0.03431,0.07835,-1.82892,-0.00104,-0.00093,0.00049,0.02791,0.06949,-1.83424,-0.00118,-0.00087,0.0002,0.00325,0.0557,-1.83006,3,37.9194,362.8294,36.4777,179.2442,0.356,-95.1449,0.0009,24.1659,0.454
98,000098.png,False,1788871655.244725,1788871655.184726,normal_unload,3,,0.0,0.03442,0.08665,-1.80264,-0.00105,-0.00082,0.00048,0.02798,0.07774,-1.808,-0.00119,-0.00076,0.00018,-0.00098,0.06337,-1.80394,3,37.9175,362.8301,36.4811,179.2442,0.3553,-95.1449,0.0079,24.1693,0.4506
99,000099.png,False,1788871655.440764,1788871655.380764,normal_unload,3,,0.0,0.03107,0.0766,-1.74924,-0.00082,-0.00088,0.00034,0.0246,0.06764,-1.75462,-0.00095,-0.00082,4e-05,0.00077,0.05385,-1.75036,3,37.9182,362.8257,36.4828,179.2444,0.3545,-95.1449,0.0074,24.171,0.449
100,000100.png,False,1788871655.636768,1788871655.576768,normal_unload,3,,0.0,0.0296,0.06514,-1.6784,-0.00071,-0.00098,0.00026,0.02309,0.05612,-1.68381,-0.00085,-0.00092,-4e-05,0.00473,0.04432,-1.67933,3,37.9192,362.8232,36.4875,179.245,0.3531,-95.1446,0.0021,24.1756,0.4444
101,000101.png,False,1788871655.832782,1788871655.772782,normal_unload,3,,0.0,0.02453,0.04995,-1.60266,-0.00041,-0.00108,0.00035,0.01798,0.04088,-1.60811,-0.00054,-0.00101,5e-05,0.0074,0.02984,-1.60333,3,37.9198,362.8182,36.4953,179.2454,0.3509,-95.1446,0.0099,24.1833,0.4366
102,000102.png,False,1788871656.024807,1788871655.964808,normal_unload,3,,0.0,0.02622,0.05042,-1.60728,-0.00045,-0.00113,0.00036,0.01964,0.04129,-1.61276,-0.00059,-0.00107,5e-05,0.00867,0.03102,-1.60796,3,37.9216,362.8168,36.4958,179.2456,0.351,-95.1451,0.0011,24.1838,0.4362
103,000103.png,False,1788871656.220788,1788871656.160788,normal_unload,3,,0.0,0.02043,0.03919,-1.51169,-0.00014,-0.00109,0.00029,0.01381,0.03001,-1.5172,-0.00028,-0.00103,-2e-05,0.0086,0.01994,-1.51218,3,37.9221,362.8131,36.5046,179.2462,0.3487,-95.1451,0.004,24.1925,0.4274
104,000104.png,False,1788871656.416815,1788871656.356815,normal_unload,3,,0.0,0.01939,0.03533,-1.36657,5e-05,-0.00106,0.00019,0.01273,0.0261,-1.37212,-9e-05,-0.001,-0.00012,0.00862,0.0184,-1.36702,3,37.9206,362.8122,36.5198,179.2462,0.348,-95.1451,0.0091,24.2078,0.4122
105,000105.png,False,1788871656.612831,1788871656.552831,normal_unload,3,,0.0,0.01975,0.03479,-1.36825,-8e-05,-0.00117,0.00028,0.01305,0.02551,-1.37382,-0.00023,-0.00111,-4e-05,0.00921,0.01808,-1.36869,3,37.9219,362.8115,36.5189,179.2462,0.3478,-95.1455,0.0059,24.2068,0.4132
106,000106.png,False,1788871657.000844,1788871656.940844,normal_unload,3,,0.0,0.02631,0.04774,-1.16797,-0.00045,-0.00091,0.00038,0.01954,0.03836,-1.17361,-0.00059,-0.00085,7e-05,0.00704,0.03579,-1.16867,3,37.9206,362.8174,36.5475,179.2458,0.3499,-95.1453,0.0086,24.2356,0.3844
107,000107.png,False,1788871657.196813,1788871657.136813,normal_unload,3,,0.0,0.02443,0.04291,-1.06656,-0.0004,-0.00086,0.00045,0.01762,0.03348,-1.07223,-0.00054,-0.0008,0.00013,0.00712,0.03229,-1.06719,3,37.9195,362.8161,36.5563,179.2457,0.3497,-95.1455,0.0061,24.2443,0.3757
108,000108.png,False,1788871657.392879,1788871657.332879,normal_unload,3,,0.0,0.02143,0.03302,-0.95753,-0.00013,-0.00084,0.00037,0.01458,0.02353,-0.96323,-0.00028,-0.00078,5e-05,0.0087,0.02396,-0.958,3,37.921,362.8144,36.5718,179.2458,0.3483,-95.1457,0.0007,24.2598,0.3602
109,000109.png,False,1788871657.588911,1788871657.528911,normal_unload,3,,0.0,0.01942,0.03493,-0.90504,-0.00012,-0.0008,0.00032,0.01254,0.02539,-0.91077,-0.00026,-0.00074,-0.0,0.00565,0.02546,-0.90555,3,37.921,362.8133,36.5766,179.2463,0.3482,-95.1455,0.0046,24.2646,0.3554
110,000110.png,False,1788871657.780898,1788871657.720898,normal_unload,3,,0.0,0.02109,0.02767,-0.77611,-4e-05,-0.00075,0.00034,0.01417,0.01808,-0.78187,-0.00019,-0.00068,1e-05,0.00983,0.02207,-0.77651,3,37.9221,362.8113,36.5991,179.2463,0.3476,-95.1457,0.0009,24.287,0.3329
111,000111.png,False,1788871657.976931,1788871657.916931,normal_unload,3,,0.0,0.02004,0.02931,-0.75843,-1e-05,-0.00076,0.00028,0.01307,0.01967,-0.76422,-0.00016,-0.0007,-4e-05,0.00797,0.02325,-0.75886,3,37.9206,362.8128,36.6023,179.2462,0.348,-95.1457,0.0045,24.2903,0.3297
112,000112.png,False,1788871658.368911,1788871658.308911,normal_unload,3,,0.0,0.02069,0.03074,-0.57964,-0.0001,-0.0007,0.00034,0.01365,0.02099,-0.58549,-0.00025,-0.00063,1e-05,0.00658,0.02768,-0.58012,3,37.9214,362.8119,36.6322,179.2463,0.3482,-95.1455,0.0042,24.3201,0.2999
113,000113.png,False,1788871658.756944,1788871658.696944,normal_unload,3,,0.0,0.02466,0.03258,-0.42579,-0.0001,-0.00055,0.00027,0.01755,0.02273,-0.43171,-0.00025,-0.00048,-6e-05,0.00803,0.03372,-0.42634,3,37.92,362.8186,36.6685,179.2461,0.3491,-95.1457,0.0092,24.3565,0.2634
114,000114.png,False,1788871659.148960,1788871659.088960,normal_unload,3,,0.0,0.02184,0.02755,-0.23699,-1e-05,-0.0005,0.00023,0.01465,0.0176,-0.24297,-0.00017,-0.00044,-0.00011,0.00679,0.03098,-0.23748,3,37.9206,362.8128,36.7157,179.246,0.3486,-95.1459,0.0019,24.4036,0.2163
115,000115.png,False,1788871659.344990,1788871659.284991,normal_unload,3,,0.0,0.01832,0.02245,-0.09907,7e-05,-0.00043,0.0004,0.0111,0.01244,-0.10508,-8e-05,-0.00036,6e-05,0.00535,0.02701,-0.09948,3,37.9207,362.8137,36.7632,179.246,0.3486,-95.1462,0.0075,24.4512,0.1688
116,000116.png,False,1788871663.441294,1788871663.381294,normal_load,4,,2.0,0.02109,0.01926,-0.04548,0.00025,-0.00035,0.00046,0.01308,0.00816,-0.05214,8e-05,-0.00028,9e-05,0.00896,0.02649,-0.04585,3,37.9205,362.807,36.8797,179.2478,0.3416,-95.1477,0.0022,24.5675,0.0525
117,000117.png,False,1788871663.637330,1788871663.577330,normal_load,4,,2.0,0.02025,0.02146,-0.04897,0.00023,-0.00042,0.00042,0.0122,0.0103,-0.05567,5e-05,-0.00035,4e-05,0.00716,0.02792,-0.04938,3,37.9218,362.8113,36.8784,179.2476,0.3434,-95.1479,0.0073,24.5663,0.0537
118,000118.png,False,1788871663.829320,1788871663.769320,normal_load,4,,2.0,0.02144,0.02713,-0.1361,1e-05,-0.00038,0.00055,0.01336,0.01592,-0.14283,-0.00016,-0.00031,0.00018,0.00597,0.03203,-0.13659,3,37.9219,362.8156,36.8077,179.2472,0.3448,-95.1481,0.0038,24.4956,0.1243
119,000119.png,False,1788871664.025335,1788871663.965335,normal_load,4,,2.0,0.02408,0.0257,-0.1668,-0.0,-0.00041,0.00039,0.01595,0.01445,-0.17356,-0.00018,-0.00034,1e-05,0.00917,0.03162,-0.16727,3,37.9215,362.8148,36.7898,179.2473,0.3435,-95.1479,0.0016,24.4778,0.1422
120,000120.png,False,1788871664.221347,1788871664.161347,normal_load,4,,2.0,0.0278,0.0412,-0.44469,-0.0001,-0.00047,0.00034,0.01963,0.0299,-0.45148,-0.00027,-0.0004,-4e-05,0.00657,0.04245,-0.44539,3,37.9201,362.818,36.702,179.2471,0.3444,-95.1479,0.0071,24.39,0.23
121,000121.png,False,1788871664.417387,1788871664.357388,normal_load,4,,2.0,0.0308,0.05173,-0.52352,-0.0004,-0.00052,0.0004,0.0226,0.04037,-0.53035,-0.00058,-0.00045,2e-05,0.00446,0.0518,-0.5244,3,37.9186,362.8247,36.6881,179.2465,0.3467,-95.1479,0.0075,24.3762,0.2437
122,000122.png,False,1788871664.609400,1788871664.549400,normal_load,4,,2.0,0.03576,0.06915,-0.88656,-0.00071,-0.00035,0.00069,0.02752,0.05773,-0.89341,-0.00089,-0.00027,0.00031,0.00257,0.06355,-0.88769,3,37.9179,362.8314,36.6238,179.2458,0.3499,-95.1479,0.0017,24.3121,0.3079
123,000123.png,False,1788871664.805394,1788871664.745394,normal_load,4,,2.0,0.03789,0.07042,-0.88952,-0.00078,-0.00046,0.00065,0.02961,0.05896,-0.89641,-0.00096,-0.00038,0.00026,0.0038,0.06567,-0.89068,3,37.9169,362.8324,36.6246,179.2453,0.3502,-95.1479,0.0078,24.3129,0.3071
124,000124.png,False,1788871665.001385,1788871664.941386,normal_load,4,,2.0,0.04469,0.09626,-1.05893,-0.00141,-0.0003,0.0006,0.03638,0.08474,-1.06585,-0.00159,-0.00023,0.00021,-0.00204,0.08873,-1.06053,3,37.9148,362.8452,36.5951,179.2443,0.3547,-95.1477,0.0022,24.2836,0.3363
125,000125.png,False,1788871665.197420,1788871665.137420,normal_load,4,,2.0,0.04686,0.10397,-1.27991,-0.00154,-0.00051,0.00048,0.03851,0.0924,-1.28686,-0.00171,-0.00043,9e-05,-0.00248,0.09295,-1.28161,3,37.9148,362.8455,36.5622,179.244,0.3557,-95.1481,0.0033,24.2507,0.3693
126,000126.png,False,1788871665.393436,1788871665.333436,normal_load,4,,2.0,0.0466,0.10644,-1.2823,-0.00156,-0.00041,0.00047,0.03821,0.09482,-1.28928,-0.00174,-0.00033,8e-05,-0.00393,0.09492,-1.28404,3,37.9149,362.8464,36.5608,179.2442,0.356,-95.1479,0.0088,24.2493,0.3707
127,000127.png,False,1788871665.781475,1788871665.721475,normal_load,4,,2.0,0.04643,0.09881,-1.70849,-0.00137,-0.00082,0.00047,0.03796,0.08709,-1.71553,-0.00155,-0.00074,8e-05,0.00269,0.08141,-1.71003,3,37.9162,362.8402,36.5059,179.2451,0.3524,-95.1479,0.002,24.1943,0.4257
128,000128.png,False,1788871665.977468,1788871665.917469,normal_load,4,,2.0,0.05398,0.11852,-1.89633,-0.00172,-0.00075,0.00039,0.04548,0.10675,-1.9034,-0.0019,-0.00067,-0.0,0.00069,0.09925,-1.8982,3,37.9149,362.845,36.4863,179.2444,0.3542,-95.1479,0.0068,24.1748,0.4452
129,000129.png,False,1788871666.173477,1788871666.113477,normal_load,4,,2.0,0.05104,0.11633,-1.85692,-0.00168,-0.0007,0.00037,0.0425,0.1045,-1.86402,-0.00187,-0.00062,-3e-05,-0.00103,0.0965,-1.85875,3,37.9146,362.8465,36.485,179.2443,0.3547,-95.1477,0.0083,24.1735,0.4464
130,000130.png,False,1788871667.733589,1788871667.673589,normal_unload,4,,0.0,0.06008,0.13456,-2.00236,-0.00205,-0.00061,0.00051,0.05124,0.12232,-2.00971,-0.00224,-0.00053,9e-05,-0.00131,0.11449,-2.00451,3,37.913,362.8558,36.4608,179.2439,0.3561,-95.1483,0.0091,24.1495,0.4705
131,000131.png,False,1788871667.929595,1788871667.869595,normal_unload,4,,0.0,0.0568,0.12986,-1.95385,-0.00191,-0.00071,0.00054,0.04792,0.11756,-1.96123,-0.0021,-0.00062,0.00012,-0.00213,0.10955,-1.95592,3,37.9136,362.8527,36.4638,179.2443,0.3547,-95.1483,0.0032,24.1525,0.4675
132,000132.png,False,1788871668.121542,1788871668.061542,normal_unload,4,,0.0,0.05271,0.11611,-1.89827,-0.00168,-0.00084,0.00054,0.0438,0.10376,-1.90568,-0.00187,-0.00075,0.00012,0.00081,0.09649,-1.9001,3,37.9144,362.8473,36.4672,179.2447,0.3532,-95.1486,0.0065,24.1557,0.4642
133,000133.png,False,1788871668.317656,1788871668.257656,normal_unload,4,,0.0,0.04699,0.10308,-1.80178,-0.00126,-0.00082,0.00054,0.03804,0.09068,-1.80923,-0.00146,-0.00074,0.00012,0.00169,0.08389,-1.80339,3,37.9157,362.8431,36.4756,179.2455,0.3511,-95.1486,0.0081,24.1641,0.4558
134,000134.png,False,1788871668.513656,1788871668.453656,normal_unload,4,,0.0,0.04599,0.10007,-1.79605,-0.00123,-0.00086,0.00062,0.037,0.08761,-1.80353,-0.00142,-0.00078,0.0002,0.00229,0.08087,-1.7976,3,37.9153,362.8422,36.4766,179.2455,0.3505,-95.1488,0.0032,24.165,0.4549
135,000135.png,False,1788871668.709662,1788871668.649662,normal_unload,4,,0.0,0.04465,0.088,-1.71183,-0.00102,-0.00095,0.00049,0.03563,0.0755,-1.71934,-0.00121,-0.00087,7e-05,0.00658,0.07111,-1.71318,3,37.9165,362.8362,36.4828,179.246,0.3486,-95.149,0.0019,24.1711,0.4488
136,000136.png,False,1788871668.901668,1788871668.841668,normal_unload,4,,0.0,0.0435,0.08753,-1.61457,-0.00102,-0.00091,0.00057,0.03444,0.07498,-1.62211,-0.00122,-0.00083,0.00015,0.00514,0.07169,-1.61593,3,37.9163,362.8351,36.4934,179.2464,0.3469,-95.149,0.0085,24.1818,0.4382
137,000137.png,False,1788871669.097670,1788871669.037670,normal_unload,4,,0.0,0.04078,0.08216,-1.59282,-0.00073,-0.00081,0.0004,0.03168,0.06955,-1.60039,-0.00093,-0.00073,-3e-05,0.00532,0.06602,-1.59408,3,37.9167,362.8347,36.4947,179.2463,0.3473,-95.149,0.023,24.183,0.4369
138,000138.png,False,1788871669.293710,1788871669.233711,normal_unload,4,,0.0,0.04308,0.0789,-1.48986,-0.00083,-0.00091,0.00058,0.03394,0.06624,-1.49746,-0.00102,-0.00082,0.00015,0.00822,0.066,-1.49109,3,37.9179,362.8339,36.506,179.2466,0.3471,-95.1496,0.0091,24.1943,0.4256
139,000139.png,False,1788871669.489728,1788871669.429729,normal_unload,4,,0.0,0.03998,0.07404,-1.41252,-0.00078,-0.00088,0.00066,0.0308,0.06133,-1.42016,-0.00097,-0.00079,0.00024,0.00743,0.06148,-1.41367,3,37.9168,362.8347,36.5195,179.2461,0.3481,-95.1494,0.0056,24.2078,0.4121
140,000140.png,False,1788871669.681726,1788871669.621726,normal_unload,4,,0.0,0.0386,0.07364,-1.29602,-0.00083,-0.0008,0.00051,0.02938,0.06088,-1.30369,-0.00102,-0.00071,8e-05,0.00563,0.0623,-1.29718,3,37.917,362.8348,36.5265,179.2461,0.3479,-95.1494,0.0039,24.2148,0.4051
141,000141.png,False,1788871669.877734,1788871669.817734,normal_unload,4,,0.0,0.03975,0.07377,-1.16172,-0.00084,-0.00064,0.00049,0.0305,0.06095,-1.16942,-0.00104,-0.00055,6e-05,0.00563,0.06514,-1.1629,3,37.9168,362.8361,36.541,179.2463,0.3473,-95.1494,0.0095,24.2293,0.3906
142,000142.png,False,1788871670.073775,1788871670.013775,normal_unload,4,,0.0,0.04139,0.07437,-1.13913,-0.00088,-0.00064,0.00043,0.0321,0.0615,-1.14686,-0.00108,-0.00055,-1e-05,0.00659,0.06684,-1.14033,3,37.9165,362.8357,36.5446,179.2462,0.3475,-95.1496,0.0151,24.2329,0.3871
143,000143.png,False,1788871670.465814,1788871670.405814,normal_unload,4,,0.0,0.03742,0.06937,-1.01116,-0.00064,-0.00056,0.00061,0.02805,0.0564,-1.01895,-0.00084,-0.00047,0.00017,0.00476,0.06258,-1.01228,3,37.9171,362.8346,36.5643,179.2465,0.3467,-95.1498,0.0062,24.2526,0.3674
144,000144.png,False,1788871670.657826,1788871670.597826,normal_unload,4,,0.0,0.03703,0.06232,-0.75972,-0.00055,-0.00059,0.00047,0.02763,0.0493,-0.76754,-0.00075,-0.0005,4e-05,0.00621,0.06031,-0.76075,3,37.9177,362.833,36.5955,179.2467,0.3465,-95.1498,0.0043,24.2838,0.3361
145,000145.png,False,1788871670.853801,1788871670.793801,normal_unload,4,,0.0,0.03861,0.06051,-0.75788,-0.00069,-0.00071,0.00048,0.02917,0.04743,-0.76573,-0.00089,-0.00063,4e-05,0.00846,0.05956,-0.75889,4,37.9162,362.8302,36.6042,179.2464,0.3469,-95.1496,0.0013,24.2925,0.3275
146,000146.png,False,1788871671.245839,1788871671.185839,normal_unload,4,,0.0,0.03959,0.06589,-0.59952,-0.00067,-0.00052,0.00035,0.03007,0.05271,-0.60744,-0.00087,-0.00043,-0.0001,0.00553,0.06724,-0.60065,3,37.9163,362.839,36.6306,179.2464,0.3476,-95.1501,0.0045,24.319,0.301
147,000147.png,False,1788871671.633912,1788871671.573912,normal_unload,4,,0.0,0.03548,0.04897,-0.38227,-0.00059,-0.00058,0.00052,0.02589,0.03568,-0.39025,-0.00079,-0.0005,8e-05,0.00892,0.05401,-0.38313,3,37.9183,362.8307,36.6722,179.247,0.3455,-95.1501,0.0089,24.3604,0.2595
148,000148.png,False,1788871671.829953,1788871671.769953,normal_unload,4,,0.0,0.03372,0.0491,-0.32756,-0.00038,-0.00043,0.00054,0.0241,0.03577,-0.33557,-0.00058,-0.00034,9e-05,0.00695,0.05413,-0.32843,3,37.9192,362.8312,36.6888,179.2471,0.3452,-95.1505,0.0036,24.377,0.2429
149,000149.png,False,1788871672.025811,1788871671.965811,normal_unload,4,,0.0,0.03874,0.06431,-0.23996,-0.00069,-0.00024,0.00061,0.02907,0.05092,-0.248,-0.0009,-0.00015,0.00016,0.00309,0.07121,-0.24112,3,37.9169,362.841,36.7209,179.2463,0.3473,-95.1507,0.002,24.4093,0.2107
150,000150.png,False,1788871672.221828,1788871672.161828,normal_unload,4,,0.0,0.03534,0.05319,-0.18005,-0.00062,-0.00039,0.00059,0.02564,0.03975,-0.18812,-0.00082,-0.0003,0.00014,0.00529,0.06084,-0.18102,3,37.9168,362.839,36.739,179.2464,0.3469,-95.1505,0.0075,24.4273,0.1926
151,000151.png,False,1788871672.413848,1788871672.353848,normal_unload,4,,0.0,0.0394,0.05489,-0.08192,-0.0007,-0.00029,0.00069,0.02966,0.0414,-0.09002,-0.00091,-0.0002,0.00023,0.00727,0.06592,-0.08294,3,37.9161,362.8447,36.7777,179.2458,0.349,-95.1507,0.0032,24.4661,0.1538
152,000152.png,False,1788871675.730079,1788871675.670079,normal_load,5,,2.0,0.02672,0.01374,-0.00719,0.00016,-0.00058,0.00026,0.01634,-0.00064,-0.01582,-6e-05,-0.00049,-0.00023,0.01633,0.02513,-0.00748,3,37.9224,362.8064,36.8813,179.25,0.3336,-95.1529,0.0082,24.5691,0.0509
153,000153.png,False,1788871675.926093,1788871675.866093,normal_load,5,,2.0,0.02725,0.01601,-0.11259,0.0001,-0.00061,0.00054,0.01683,0.00158,-0.12126,-0.00012,-0.00052,6e-05,0.01638,0.02568,-0.11291,3,37.9215,362.8094,36.8121,179.2502,0.3337,-95.1527,0.0058,24.5,0.12
154,000154.png,False,1788871676.122106,1788871676.062106,normal_load,5,,2.0,0.03026,0.02612,-0.18903,-0.00015,-0.00059,0.00041,0.01981,0.01164,-0.19772,-0.00038,-0.0005,-8e-05,0.01447,0.03471,-0.18951,3,37.9206,362.817,36.7751,179.2493,0.3361,-95.1529,0.009,24.4631,0.1569
155,000155.png,False,1788871676.318116,1788871676.258116,normal_load,5,,2.0,0.03081,0.02972,-0.39666,-0.00015,-0.00071,0.0006,0.02032,0.01519,-0.40539,-0.00038,-0.00061,0.00011,0.01459,0.03478,-0.39718,3,37.9201,362.8152,36.7107,179.2496,0.3351,-95.1529,0.0014,24.3987,0.2213
156,000156.png,False,1788871676.514131,1788871676.454131,normal_load,5,,2.0,0.03565,0.04504,-0.58163,-0.00055,-0.00067,0.00049,0.02513,0.03045,-0.59039,-0.00077,-0.00057,-0.0,0.01241,0.0475,-0.58239,3,37.92,362.8219,36.6727,179.2489,0.3374,-95.1529,0.0069,24.3607,0.2592
157,000157.png,False,1788871676.706149,1788871676.646149,normal_load,5,,2.0,0.03945,0.06082,-0.77865,-0.00077,-0.00063,0.00047,0.02889,0.04618,-0.78744,-0.001,-0.00053,-2e-05,0.00919,0.05991,-0.77966,3,37.9184,362.8279,36.629,179.2484,0.3404,-95.1529,0.004,24.3172,0.3028
158,000158.png,False,1788871676.902167,1788871676.842167,normal_load,5,,2.0,0.04128,0.06644,-0.91505,-0.00093,-0.00067,0.00048,0.03068,0.05175,-0.92387,-0.00115,-0.00057,-2e-05,0.00891,0.06351,-0.91614,3,37.9183,362.8287,36.6103,179.2482,0.3408,-95.1529,0.0014,24.2985,0.3214
159,000159.png,False,1788871677.098174,1788871677.038174,normal_load,5,,2.0,0.04705,0.08386,-1.09778,-0.00138,-0.00067,0.00037,0.03641,0.06912,-1.10664,-0.00161,-0.00057,-0.00013,0.00646,0.07855,-1.09916,3,37.917,362.8356,36.5822,179.2472,0.3437,-95.1527,0.0069,24.2705,0.3494
160,000160.png,False,1788871677.294188,1788871677.234189,normal_load,5,,2.0,0.04612,0.07894,-1.11898,-0.0012,-0.00071,0.00041,0.03544,0.06415,-1.12787,-0.00142,-0.00062,-9e-05,0.00826,0.07348,-1.12027,3,37.9179,362.8354,36.5725,179.2473,0.3444,-95.1533,0.0079,24.2608,0.3592
161,000161.png,False,1788871677.486212,1788871677.426212,normal_load,5,,2.0,0.04898,0.08458,-1.4752,-0.00124,-0.00088,0.00052,0.03826,0.06974,-1.48412,-0.00147,-0.00078,2e-05,0.01039,0.0741,-1.47654,3,37.9175,362.8332,36.534,179.2476,0.3433,-95.1529,0.0018,24.2223,0.3977
162,000162.png,False,1788871677.682217,1788871677.622217,normal_load,5,,2.0,0.04693,0.09136,-1.6781,-0.00146,-0.00108,0.00043,0.03618,0.07646,-1.68705,-0.00169,-0.00098,-7e-05,0.00664,0.07569,-1.67952,3,37.9174,362.8342,36.5051,179.2478,0.3416,-95.1529,0.0072,24.1934,0.4266
163,000163.png,False,1788871677.878228,1788871677.818228,normal_load,5,,2.0,0.04942,0.09837,-1.74784,-0.00146,-0.00096,0.00044,0.03863,0.08342,-1.75682,-0.00169,-0.00086,-7e-05,0.00578,0.08189,-1.74938,3,37.9171,362.8354,36.4975,179.2478,0.3425,-95.1531,0.0072,24.1858,0.4342
164,000164.png,False,1788871678.074240,1788871678.014240,normal_load,5,,2.0,0.05636,0.11124,-1.95441,-0.00185,-0.001,0.00029,0.04553,0.09624,-1.96342,-0.00208,-0.0009,-0.00021,0.00679,0.09319,-1.95615,3,37.9168,362.8406,36.4727,179.2473,0.3433,-95.1535,0.0034,24.1611,0.4589
165,000165.png,False,1788871678.266261,1788871678.206261,normal_load,5,,2.0,0.05335,0.10721,-1.9897,-0.00163,-0.00095,0.00025,0.04249,0.09216,-1.99874,-0.00186,-0.00085,-0.00026,0.00645,0.08764,-1.99136,3,37.9173,362.8369,36.4664,179.2475,0.3428,-95.1531,0.0075,24.1548,0.4652
166,000166.png,False,1788871678.462274,1788871678.402274,normal_unload,5,,0.0,0.05325,0.10283,-1.97921,-0.00167,-0.00104,0.00044,0.04235,0.08773,-1.98828,-0.0019,-0.00093,-7e-05,0.00847,0.08396,-1.9808,3,37.9179,362.8401,36.4674,179.2477,0.3436,-95.1531,0.0022,24.1558,0.4642
167,000167.png,False,1788871678.658384,1788871678.598384,normal_unload,5,,0.0,0.0535,0.10467,-1.99328,-0.00157,-0.001,0.00066,0.04256,0.08951,-2.00239,-0.00181,-0.0009,0.00015,0.00787,0.08545,-1.9949,3,37.9164,362.8391,36.4666,179.2475,0.3435,-95.1531,0.0031,24.155,0.4649
168,000168.png,False,1788871678.854300,1788871678.794300,normal_unload,5,,0.0,0.05295,0.10772,-1.92917,-0.00151,-0.00084,0.00045,0.04197,0.09251,-1.9383,-0.00175,-0.00074,-6e-05,0.00542,0.08885,-1.93085,3,37.9168,362.8394,36.4687,179.2473,0.3433,-95.1535,0.0087,24.1571,0.4629
169,000169.png,False,1788871679.050314,1788871678.990314,normal_unload,5,,0.0,0.05353,0.10373,-1.91337,-0.00146,-0.00089,0.00051,0.04251,0.08847,-1.92254,-0.0017,-0.00079,0.0,0.00781,0.08593,-1.91499,3,37.9163,362.8391,36.4694,179.2475,0.3435,-95.1533,0.006,24.1578,0.4621
170,000170.png,False,1788871679.242328,1788871679.182328,normal_unload,5,,0.0,0.05028,0.09153,-1.87807,-0.0013,-0.00114,0.00031,0.03923,0.07621,-1.88727,-0.00154,-0.00104,-0.00021,0.01085,0.07431,-1.87947,3,37.9187,362.8324,36.4688,179.2479,0.342,-95.1535,0.0035,24.1571,0.4629
171,000171.png,False,1788871679.438365,1788871679.378365,normal_unload,5,,0.0,0.04646,0.08427,-1.84194,-0.00112,-0.00104,0.00056,0.03537,0.06891,-1.85117,-0.00136,-0.00094,5e-05,0.01091,0.06669,-1.84321,3,37.9173,362.8327,36.4745,179.2479,0.3414,-95.1533,0.0091,24.1628,0.4571
172,000172.png,False,1788871679.634351,1788871679.574351,normal_unload,5,,0.0,0.04329,0.07403,-1.71141,-0.00096,-0.00107,0.00046,0.03216,0.05862,-1.72067,-0.00119,-0.00097,-6e-05,0.01237,0.05833,-1.71252,3,37.9182,362.8284,36.4824,179.2486,0.3393,-95.1535,0.0055,24.1706,0.4493
173,000173.png,False,1788871679.830465,1788871679.770465,normal_unload,5,,0.0,0.04503,0.07496,-1.72931,-0.00101,-0.00113,0.0006,0.03386,0.05949,-1.7386,-0.00125,-0.00103,8e-05,0.01354,0.05971,-1.73043,3,37.9182,362.8289,36.4841,179.2486,0.3395,-95.1535,0.0001,24.1723,0.4476
174,000174.png,False,1788871680.022387,1788871679.962387,normal_unload,5,,0.0,0.04069,0.06902,-1.65402,-0.0008,-0.00114,0.00067,0.02949,0.0535,-1.66334,-0.00104,-0.00103,0.00015,0.01223,0.05361,-1.65504,3,37.9199,362.8273,36.4911,179.249,0.3378,-95.1537,0.0094,24.1793,0.4407
175,000175.png,False,1788871680.414417,1788871680.354417,normal_unload,5,,0.0,0.0374,0.06041,-1.49705,-0.00057,-0.00108,0.00054,0.02612,0.04479,-1.50643,-0.00081,-0.00098,1e-05,0.0126,0.04703,-1.49794,3,37.9188,362.8224,36.5072,179.249,0.3372,-95.1537,0.0002,24.1953,0.4246
176,000176.png,False,1788871680.610421,1788871680.550421,normal_unload,5,,0.0,0.03905,0.05484,-1.36066,-0.00055,-0.00107,0.00055,0.02773,0.03917,-1.37008,-0.00079,-0.00097,2e-05,0.01586,0.04521,-1.36149,3,37.919,362.822,36.5192,179.2493,0.3361,-95.1535,0.0052,24.2073,0.4127
177,000177.png,False,1788871680.806436,1788871680.746436,normal_unload,5,,0.0,0.03893,0.05981,-1.24359,-0.00077,-0.00093,0.00078,0.02757,0.04408,-1.25303,-0.00101,-0.00083,0.00025,0.01246,0.05133,-1.24451,3,37.9183,362.8263,36.5347,179.249,0.3372,-95.154,0.0043,24.2229,0.3971
178,000178.png,False,1788871680.998455,1788871680.938455,normal_unload,5,,0.0,0.04114,0.05855,-1.22088,-0.00079,-0.00094,0.0007,0.02975,0.04277,-1.23035,-0.00103,-0.00083,0.00017,0.01485,0.05171,-1.22179,3,37.9186,362.8257,36.538,179.2491,0.3369,-95.154,0.0048,24.2262,0.3938
179,000179.png,False,1788871681.194470,1788871681.134470,normal_unload,5,,0.0,0.04232,0.06311,-1.04229,-0.00065,-0.00073,0.00051,0.03089,0.04728,-1.0518,-0.0009,-0.00063,-3e-05,0.01235,0.05911,-1.04331,3,37.9185,362.8299,36.5574,179.2491,0.3369,-95.1542,0.0079,24.2456,0.3744
180,000180.png,False,1788871681.390477,1788871681.330477,normal_unload,5,,0.0,0.03877,0.05839,-1.06452,-0.00072,-0.00076,0.00065,0.0273,0.04251,-1.07406,-0.00097,-0.00065,0.00012,0.01179,0.05289,-1.06544,2,37.9186,362.8274,36.5584,179.2494,0.3366,-95.154,0.0024,24.2465,0.3734
181,000181.png,False,1788871681.586563,1788871681.526563,normal_unload,5,,0.0,0.03927,0.05213,-0.84387,-0.00067,-0.00083,0.00031,0.02777,0.03619,-0.85344,-0.00092,-0.00072,-0.00022,0.01382,0.05125,-0.84473,3,37.9192,362.8274,36.5798,179.2492,0.3365,-95.1546,0.0027,24.268,0.352
182,000182.png,False,1788871681.778587,1788871681.718587,normal_unload,5,,0.0,0.04112,0.05622,-0.89689,-0.00071,-0.00078,0.00078,0.02958,0.04023,-0.90649,-0.00096,-0.00067,0.00025,0.01375,0.05487,-0.89781,3,37.9188,362.83,36.5839,179.2492,0.3363,-95.1542,0.0082,24.2721,0.3478
183,000183.png,False,1788871681.974592,1788871681.914592,normal_unload,5,,0.0,0.04032,0.05202,-0.74487,-0.0006,-0.00066,0.00088,0.02874,0.03598,-0.7545,-0.00085,-0.00056,0.00034,0.0141,0.05327,-0.74574,3,37.9183,362.8279,36.6069,179.2494,0.3366,-95.1542,0.0033,24.2951,0.3249
184,000184.png,False,1788871682.170537,1788871682.110537,normal_unload,5,,0.0,0.04257,0.05476,-0.61266,-0.0007,-0.00063,0.00076,0.03095,0.03867,-0.62232,-0.00094,-0.00052,0.00022,0.01376,0.05888,-0.6136,3,37.9188,362.8303,36.6244,179.2491,0.3369,-95.1546,0.0019,24.3126,0.3074
185,000185.png,False,1788871682.366621,1788871682.306621,normal_unload,5,,0.0,0.04154,0.05172,-0.56479,-0.00059,-0.00063,0.00083,0.02989,0.03557,-0.57449,-0.00084,-0.00053,0.00029,0.01406,0.0565,-0.56569,3,37.9194,362.8289,36.6391,179.2492,0.3372,-95.1546,0.0067,24.3273,0.2926
186,000186.png,False,1788871682.558569,1788871682.498569,normal_unload,5,,0.0,0.04084,0.05438,-0.45936,-0.00079,-0.00059,0.00066,0.02915,0.03819,-0.46909,-0.00104,-0.00048,0.00011,0.01139,0.06015,-0.46032,3,37.9187,362.8308,36.6555,179.2488,0.3378,-95.1546,0.0008,24.3437,0.2762
187,000187.png,False,1788871682.754583,1788871682.694583,normal_unload,5,,0.0,0.04028,0.04383,-0.41047,-0.00055,-0.00062,0.00064,0.02855,0.02758,-0.42023,-0.0008,-0.00052,9e-05,0.01584,0.05151,-0.41125,3,37.9194,362.8292,36.6689,179.2492,0.3372,-95.1546,0.0063,24.3571,0.2628
188,000188.png,False,1788871682.950588,1788871682.890589,normal_unload,5,,0.0,0.03849,0.03746,-0.28943,-0.00029,-0.00055,0.00065,0.02673,0.02116,-0.29922,-0.00055,-0.00044,0.0001,0.01663,0.04704,-0.29011,3,37.9199,362.8253,36.7006,179.2492,0.3363,-95.1546,0.0082,24.3888,0.2312
189,000189.png,False,1788871683.146605,1788871683.086605,normal_unload,5,,0.0,0.03672,0.03596,-0.26886,-0.0003,-0.00062,0.00062,0.02492,0.0196,-0.27868,-0.00055,-0.00051,7e-05,0.01571,0.04518,-0.26952,3,37.9182,362.8265,36.7071,179.2492,0.3363,-95.1546,0.0035,24.3952,0.2247
190,000190.png,False,1788871687.634921,1788871687.574921,normal_load,6,,2.0,0.03201,0.01645,-0.00692,0.00017,-0.00072,0.00039,0.01934,-0.00109,-0.01746,-0.0001,-0.0006,-0.0002,0.01955,0.03013,-0.00727,3,37.922,362.8091,36.8818,179.252,0.326,-95.1563,0.0093,24.5696,0.0503
191,000191.png,False,1788871687.827029,1788871687.767029,normal_load,6,,2.0,0.03421,0.02265,-0.15383,-3e-05,-0.00077,0.00055,0.02151,0.00505,-0.1644,-0.0003,-0.00065,-4e-05,0.01939,0.03425,-0.15427,3,37.9209,362.8116,36.7805,179.2519,0.3262,-95.1563,0.0017,24.4684,0.1515
192,000192.png,False,1788871688.023019,1788871687.963019,normal_load,6,,2.0,0.0322,0.02602,-0.20891,0.00017,-0.00069,0.00061,0.01946,0.00837,-0.21951,-0.0001,-0.00058,2e-05,0.01634,0.03528,-0.20939,3,37.9223,362.8124,36.7744,179.252,0.3269,-95.1566,0.0032,24.4623,0.1576
193,000193.png,False,1788871688.219035,1788871688.159035,normal_load,6,,2.0,0.03887,0.04486,-0.59128,-0.00033,-0.0008,0.00066,0.02609,0.02716,-0.60192,-0.0006,-0.00068,7e-05,0.01536,0.04881,-0.59205,3,37.92,362.8187,36.665,179.252,0.3267,-95.1563,0.0082,24.3531,0.2669
194,000194.png,False,1788871688.415051,1788871688.355052,normal_load,6,,2.0,0.04056,0.04806,-0.6015,-0.00036,-0.00083,0.00058,0.02774,0.0303,-0.61216,-0.00064,-0.00071,-1e-05,0.01529,0.05226,-0.60232,3,37.9205,362.819,36.6652,179.2516,0.3275,-95.1566,0.0071,24.3533,0.2667
195,000195.png,False,1788871688.803011,1788871688.743011,normal_load,6,,2.0,0.04595,0.06847,-0.92076,-0.00088,-0.00089,0.00052,0.03306,0.05061,-0.93149,-0.00115,-0.00078,-8e-05,0.01198,0.06751,-0.9219,3,37.918,362.8302,36.6034,179.2505,0.3321,-95.1563,0.007,24.2916,0.3284
196,000196.png,False,1788871688.999099,1788871688.939099,normal_load,6,,2.0,0.04999,0.08503,-1.10904,-0.0011,-0.00077,0.00035,0.03706,0.06712,-1.1198,-0.00138,-0.00065,-0.00025,0.00851,0.08085,-1.11045,3,37.9173,362.8369,36.5797,179.2494,0.3356,-95.1568,0.0082,24.2681,0.3519
197,000197.png,False,1788871689.195109,1788871689.135109,normal_load,6,,2.0,0.05331,0.0916,-1.45852,-0.00122,-0.00087,0.00061,0.04035,0.07363,-1.46931,-0.0015,-0.00075,0.0,0.01053,0.0826,-1.45999,3,37.9169,362.8347,36.5376,179.2495,0.3352,-95.1564,0.0029,24.226,0.394
198,000198.png,False,1788871689.387054,1788871689.327055,normal_load,6,,2.0,0.05397,0.09347,-1.41915,-0.00118,-0.00094,0.00049,0.04096,0.07545,-1.42997,-0.00146,-0.00082,-0.00012,0.00989,0.08519,-1.42067,3,37.9174,362.8353,36.5328,179.2494,0.3357,-95.1566,0.0086,24.2211,0.3988
199,000199.png,False,1788871689.779082,1788871689.719082,normal_load,6,,2.0,0.05761,0.10836,-1.80165,-0.00158,-0.00106,0.00059,0.04453,0.09023,-1.81253,-0.00185,-0.00094,-2e-05,0.00825,0.09377,-1.80337,3,37.9167,362.8389,36.4885,179.2496,0.3355,-95.1564,0.0069,24.1769,0.4431
200,000200.png,False,1788871690.171192,1788871690.111192,normal_load,6,,2.0,0.06054,0.11762,-1.95864,-0.00166,-0.00105,0.00054,0.04738,0.0994,-1.96959,-0.00194,-0.00093,-7e-05,0.00725,0.10074,-1.9605,3,37.9155,362.8415,36.4692,179.2493,0.3359,-95.1566,0.0025,24.1577,0.4623
201,000201.png,False,1788871690.951242,1788871690.891243,normal_unload,6,,0.0,0.06126,0.12451,-2.0077,-0.00175,-0.00101,0.00072,0.04795,0.10608,-2.01877,-0.00204,-0.00088,0.0001,0.00478,0.10628,-2.00968,3,37.9159,362.8427,36.46,179.2493,0.3368,-95.1566,0.0028,24.1485,0.4715
202,000202.png,False,1788871691.143238,1788871691.083238,normal_unload,6,,0.0,0.05855,0.11956,-1.98698,-0.0016,-0.001,0.00079,0.04521,0.10108,-1.99808,-0.00189,-0.00088,0.00017,0.00476,0.10098,-1.98887,3,37.9169,362.8429,36.4608,179.2494,0.3363,-95.1568,0.0083,24.1492,0.4707
203,000203.png,False,1788871691.339262,1788871691.279262,normal_unload,6,,0.0,0.05718,0.1104,-1.95824,-0.00137,-0.0011,0.00063,0.0438,0.09187,-1.96937,-0.00166,-0.00098,1e-05,0.00794,0.09282,-1.95997,3,37.9168,362.8408,36.4619,179.2494,0.3354,-95.157,0.0034,24.1503,0.4696
204,000204.png,False,1788871691.535267,1788871691.475267,normal_unload,6,,0.0,0.05209,0.09354,-1.84899,-0.00107,-0.00124,0.00068,0.03867,0.07495,-1.86015,-0.00136,-0.00111,6e-05,0.01121,0.07742,-1.85043,3,37.9185,362.8327,36.4703,179.2502,0.3327,-95.1572,0.0063,24.1586,0.4613
205,000205.png,False,1788871691.731278,1788871691.671278,normal_unload,6,,0.0,0.04519,0.08189,-1.77089,-0.00077,-0.00109,0.00099,0.03174,0.06324,-1.78209,-0.00106,-0.00096,0.00036,0.01051,0.06513,-1.77213,3,37.919,362.8263,36.4781,179.251,0.3295,-95.1577,0.0077,24.1663,0.4537
206,000206.png,False,1788871691.927326,1788871691.867326,normal_unload,6,,0.0,0.04361,0.07952,-1.75534,-0.00075,-0.00122,0.00092,0.03012,0.06082,-1.76657,-0.00104,-0.00109,0.00029,0.01022,0.06254,-1.75654,3,37.9179,362.8286,36.4792,179.2509,0.33,-95.1572,0.0078,24.1674,0.4525
207,000207.png,False,1788871692.119308,1788871692.059308,normal_unload,6,,0.0,0.04437,0.068,-1.66949,-0.00053,-0.00129,0.00075,0.03084,0.04925,-1.68075,-0.00082,-0.00117,0.00012,0.01604,0.05432,-1.6705,3,37.9193,362.8224,36.4857,179.2517,0.3279,-95.1572,0.0036,24.1738,0.4461
208,000208.png,False,1788871692.315323,1788871692.255323,normal_unload,6,,0.0,0.04266,0.06261,-1.576,-0.00037,-0.00135,0.00057,0.02909,0.04381,-1.58729,-0.00066,-0.00122,-6e-05,0.0166,0.0503,-1.57694,3,37.9189,362.8223,36.4947,179.2516,0.3274,-95.1579,0.0094,24.1828,0.4372
209,000209.png,False,1788871692.511269,1788871692.451269,normal_unload,6,,0.0,0.03909,0.06615,-1.5542,-0.00047,-0.00119,0.0006,0.02548,0.0473,-1.56553,-0.00076,-0.00106,-3e-05,0.01158,0.05193,-1.55519,3,37.9194,362.8221,36.4956,179.2518,0.3275,-95.1579,0.0057,24.1837,0.4362
210,000210.png,False,1788871692.707346,1788871692.647346,normal_unload,6,,0.0,0.03856,0.06191,-1.43349,-0.00031,-0.00119,0.00054,0.02492,0.04301,-1.44484,-0.0006,-0.00106,-9e-05,0.01241,0.04992,-1.43442,3,37.9191,362.821,36.508,179.2518,0.3268,-95.1581,0.0002,24.1961,0.4239
211,000211.png,False,1788871692.899386,1788871692.839386,normal_unload,6,,0.0,0.04209,0.0615,-1.33803,-0.00035,-0.0012,0.00091,0.02841,0.04254,-1.34941,-0.00065,-0.00107,0.00028,0.01501,0.05286,-1.33898,3,37.9192,362.8227,36.5241,179.2516,0.3274,-95.1579,0.0094,24.2123,0.4077
212,000212.png,False,1788871693.095396,1788871693.035396,normal_unload,6,,0.0,0.04077,0.05887,-1.30603,-0.00043,-0.00115,0.0009,0.02705,0.03986,-1.31744,-0.00072,-0.00102,0.00026,0.01496,0.05043,-1.30693,3,37.9192,362.8227,36.5258,179.2515,0.3276,-95.1581,0.0055,24.2139,0.4061
213,000213.png,False,1788871693.487438,1788871693.427438,normal_unload,6,,0.0,0.03952,0.06534,-1.1401,-0.00049,-0.00098,0.00077,0.02572,0.04623,-1.15157,-0.00078,-0.00086,0.00012,0.00949,0.05808,-1.14114,3,37.9185,362.8236,36.5443,179.2515,0.3276,-95.1583,0.0045,24.2324,0.3875
214,000214.png,False,1788871693.875467,1788871693.815467,normal_unload,6,,0.0,0.04047,0.05443,-0.93106,-0.00023,-0.00105,0.00058,0.0266,0.03522,-0.9426,-0.00053,-0.00092,-7e-05,0.01431,0.05245,-0.93195,3,37.9215,362.8178,36.571,179.2521,0.3264,-95.159,0.0018,24.259,0.361
215,000215.png,False,1788871694.071454,1788871694.011454,normal_unload,6,,0.0,0.03648,0.05294,-0.77953,-0.00018,-0.00082,0.00059,0.02258,0.03368,-0.7911,-0.00048,-0.00069,-5e-05,0.01055,0.0516,-0.7804,3,37.919,362.8216,36.5906,179.2518,0.3266,-95.1592,0.003,24.2787,0.3413
216,000216.png,False,1788871694.267463,1788871694.207464,normal_unload,6,,0.0,0.03827,0.05524,-0.69309,-0.00028,-0.00091,0.00051,0.02433,0.03592,-0.70469,-0.00058,-0.00078,-0.00014,0.01035,0.05586,-0.69402,3,37.9188,362.8248,36.6073,179.2517,0.3279,-95.159,0.0049,24.2954,0.3245
217,000217.png,False,1788871694.463406,1788871694.403406,normal_unload,6,,0.0,0.03252,0.05208,-0.59803,-0.00019,-0.00075,0.00053,0.01854,0.03271,-0.60966,-0.00049,-0.00062,-0.00012,0.00629,0.05178,-0.59891,3,37.9202,362.8224,36.6214,179.2517,0.327,-95.1592,0.0002,24.3095,0.3105
218,000218.png,False,1788871694.655423,1788871694.595423,normal_unload,6,,0.0,0.03947,0.05698,-0.46805,-0.00044,-0.00074,0.00053,0.02545,0.03756,-0.47972,-0.00073,-0.00061,-0.00012,0.00896,0.06158,-0.46905,3,37.9194,362.827,36.6431,179.2516,0.3272,-95.1596,0.0098,24.3313,0.2887
219,000219.png,False,1788871694.851531,1788871694.791531,normal_unload,6,,0.0,0.03979,0.05354,-0.47791,-0.00042,-0.0007,0.00077,0.02574,0.03407,-0.48961,-0.00072,-0.00057,0.00011,0.01103,0.0586,-0.47885,3,37.9196,362.827,36.6514,179.2518,0.3275,-95.1594,0.0055,24.3396,0.2804
220,000220.png,False,1788871695.047446,1788871694.987446,normal_unload,6,,0.0,0.04325,0.05594,-0.31489,-0.00038,-0.0006,0.00081,0.02915,0.03641,-0.32661,-0.00069,-0.00047,0.00015,0.0117,0.06501,-0.3159,3,37.9193,362.8303,36.6873,179.2517,0.3279,-95.1596,0.0004,24.3755,0.2444
221,000221.png,False,1788871695.243464,1788871695.183465,normal_unload,6,,0.0,0.04102,0.0497,-0.29628,-0.00031,-0.00068,0.00059,0.02689,0.03013,-0.30804,-0.00061,-0.00055,-7e-05,0.01275,0.0588,-0.29718,3,37.9191,362.8277,36.6941,179.2516,0.3274,-95.1596,0.0048,24.3823,0.2377
222,000222.png,False,1788871695.827584,1788871695.767584,normal_unload,6,,0.0,0.03386,0.04659,-0.01273,-0.00026,-0.00053,0.00079,0.01962,0.02685,-0.02458,-0.00057,-0.0004,0.00012,0.00615,0.05706,-0.0136,3,37.9185,362.8275,36.8007,179.2518,0.3275,-95.1596,0.0047,24.4888,0.1311
223,000223.png,False,1788871699.143889,1788871699.083889,normal_load,7,,2.0,0.02886,0.03257,-0.00936,0.00016,-0.00078,0.00068,0.01398,0.01195,-0.02174,-0.00016,-0.00064,-1e-05,0.00879,0.04248,-0.00998,3,37.9214,362.8076,36.8837,179.2545,0.3167,-95.162,0.0003,24.5715,0.0485
224,000224.png,False,1788871699.535835,1788871699.475835,normal_load,7,,2.0,0.03067,0.03756,-0.20431,0.00011,-0.00074,0.00076,0.01571,0.01683,-0.21676,-0.00021,-0.00061,6e-05,0.00922,0.04458,-0.205,3,37.9211,362.8124,36.7702,179.2546,0.3169,-95.162,0.0093,24.4581,0.1619
225,000225.png,False,1788871699.727932,1788871699.667932,normal_load,7,,2.0,0.03878,0.06039,-0.60314,-0.00043,-0.00082,0.00058,0.02379,0.03962,-0.61561,-0.00075,-0.00068,-0.00011,0.0076,0.06202,-0.60417,3,37.9176,362.8247,36.6675,179.2538,0.3201,-95.1618,0.0002,24.3557,0.2643
226,000226.png,False,1788871699.923805,1788871699.863806,normal_load,7,,2.0,0.04014,0.06291,-0.61416,-0.00044,-0.0008,0.00095,0.0251,0.04209,-0.62667,-0.00076,-0.00066,0.00025,0.00759,0.06471,-0.61524,3,37.9183,362.8212,36.6635,179.2538,0.3192,-95.1618,0.006,24.3516,0.2684
227,000227.png,False,1788871700.315987,1788871700.255987,normal_load,7,,2.0,0.04917,0.09052,-1.02463,-0.00091,-0.00082,0.00066,0.03407,0.06959,-1.0372,-0.00123,-0.00068,-4e-05,0.00447,0.08655,-1.02614,3,37.917,362.8335,36.5852,179.2525,0.324,-95.162,0.003,24.2735,0.3464
228,000228.png,False,1788871700.507946,1788871700.447946,normal_load,7,,2.0,0.05528,0.10211,-1.12631,-0.00119,-0.0008,0.00076,0.04014,0.08112,-1.13891,-0.00151,-0.00066,6e-05,0.00468,0.09801,-1.12802,3,37.9171,362.8378,36.5764,179.2522,0.326,-95.162,0.0066,24.2648,0.3552
229,000229.png,False,1788871700.899961,1788871700.839962,normal_load,7,,2.0,0.05588,0.11796,-1.46012,-0.00138,-0.00081,0.00091,0.04066,0.09687,-1.47278,-0.0017,-0.00067,0.0002,-0.0004,0.10669,-1.46205,3,37.9171,362.8353,36.5251,179.2526,0.3243,-95.162,0.0031,24.2134,0.4066
230,000230.png,False,1788871701.096005,1788871701.036005,normal_load,7,,2.0,0.05918,0.12041,-1.72561,-0.00147,-0.001,0.00091,0.04393,0.09927,-1.7383,-0.0018,-0.00085,0.0002,0.00307,0.10621,-1.72755,3,37.9164,362.838,36.5009,179.2525,0.3249,-95.1618,0.0084,24.1893,0.4307
231,000231.png,False,1788871701.292004,1788871701.232004,normal_load,7,,2.0,0.05558,0.11379,-1.85627,-0.00127,-0.00115,0.00087,0.04029,0.0926,-1.86899,-0.0016,-0.00101,0.00015,0.00417,0.09659,-1.85807,3,37.917,362.833,36.4842,179.2525,0.3238,-95.162,0.0063,24.1725,0.4474
232,000232.png,False,1788871702.852149,1788871702.792150,normal_unload,7,,0.0,0.05964,0.1329,-1.97105,-0.00163,-0.00105,0.00068,0.04405,0.1113,-1.98403,-0.00196,-0.00091,-4e-05,-0.00107,0.11333,-1.97317,3,37.9142,362.8424,36.4575,179.2523,0.3247,-95.1618,0.0088,24.146,0.474
233,000233.png,False,1788871703.048102,1788871702.988102,normal_unload,7,,0.0,0.06532,0.14776,-1.93375,-0.00202,-0.00088,0.00084,0.04969,0.1261,-1.94676,-0.00235,-0.00073,0.00011,-0.00384,0.12963,-1.93615,3,37.915,362.8451,36.461,179.2526,0.3245,-95.1622,0.0052,24.1495,0.4704
234,000234.png,False,1788871703.240119,1788871703.180120,normal_unload,7,,0.0,0.05864,0.12513,-1.89594,-0.00134,-0.00105,0.00081,0.04297,0.10342,-1.90898,-0.00167,-0.0009,8e-05,0.00142,0.1073,-1.89794,3,37.9157,362.8374,36.4646,179.2534,0.3216,-95.1618,0.0047,24.153,0.4669
235,000235.png,False,1788871703.436128,1788871703.376128,normal_unload,7,,0.0,0.05194,0.10757,-1.78914,-0.00111,-0.00126,0.00072,0.03623,0.08581,-1.80221,-0.00144,-0.00111,-1e-05,0.00365,0.09045,-1.79084,3,37.9166,362.8327,36.4697,179.2535,0.32,-95.162,0.0098,24.158,0.4619
236,000236.png,False,1788871703.632146,1788871703.572146,normal_unload,7,,0.0,0.04457,0.0964,-1.74017,-0.00077,-0.00116,0.001,0.02883,0.07458,-1.75327,-0.0011,-0.00102,0.00026,0.00251,0.07788,-1.74166,3,37.918,362.8279,36.4766,179.2543,0.3182,-95.1622,0.0041,24.1648,0.4551
237,000237.png,False,1788871703.828195,1788871703.768195,normal_unload,7,,0.0,0.0485,0.09558,-1.75229,-0.00082,-0.00129,0.0011,0.03272,0.07372,-1.76542,-0.00116,-0.00115,0.00036,0.00641,0.07895,-1.75378,3,37.9181,362.8266,36.4775,179.2541,0.3181,-95.1622,0.0015,24.1657,0.4542
238,000238.png,False,1788871704.020163,1788871703.960163,normal_unload,7,,0.0,0.04428,0.08688,-1.67951,-0.0006,-0.00126,0.00103,0.02846,0.06496,-1.69268,-0.00093,-0.00111,0.0003,0.00659,0.07047,-1.68085,3,37.9182,362.8257,36.4833,179.2547,0.3167,-95.1624,0.0091,24.1715,0.4484
239,000239.png,False,1788871704.216224,1788871704.156224,normal_unload,7,,0.0,0.04313,0.08468,-1.5586,-0.00066,-0.00127,0.00103,0.02727,0.06271,-1.5718,-0.001,-0.00112,0.00029,0.00586,0.06993,-1.55992,3,37.9188,362.8241,36.4955,179.2547,0.3165,-95.1624,0.0035,24.1836,0.4363
240,000240.png,False,1788871704.412221,1788871704.352221,normal_unload,7,,0.0,0.04443,0.08173,-1.4644,-0.00059,-0.00125,0.00099,0.02853,0.05971,-1.47763,-0.00092,-0.0011,0.00025,0.0078,0.06953,-1.46569,3,37.9178,362.8262,36.507,179.2543,0.3173,-95.1626,0.01,24.1952,0.4247
241,000241.png,False,1788871704.608212,1788871704.548213,normal_unload,7,,0.0,0.04465,0.07874,-1.38979,-0.00046,-0.00115,0.001,0.02872,0.05667,-1.40304,-0.0008,-0.00101,0.00026,0.00897,0.06824,-1.39103,3,37.919,362.8219,36.5129,179.2549,0.3157,-95.1626,0.0046,24.2011,0.4189
242,000242.png,False,1788871704.996226,1788871704.936226,normal_unload,7,,0.0,0.04183,0.07564,-1.21737,-0.00033,-0.00104,0.00086,0.02583,0.05346,-1.23069,-0.00067,-0.00089,0.00012,0.00689,0.06691,-1.21858,3,37.9184,362.8221,36.534,179.2548,0.3161,-95.1624,0.0084,24.2221,0.3978
243,000243.png,False,1788871705.388273,1788871705.328273,normal_unload,7,,0.0,0.04212,0.07845,-1.06329,-0.00056,-0.0009,0.00094,0.02604,0.05616,-1.07667,-0.0009,-0.00075,0.00019,0.00466,0.07195,-1.06457,3,37.9187,362.8262,36.5575,179.2549,0.3159,-95.1628,0.0012,24.2457,0.3743
244,000244.png,False,1788871705.584270,1788871705.524270,normal_unload,7,,0.0,0.04074,0.07572,-0.92365,-0.00044,-0.00093,0.00118,0.02462,0.05339,-0.93707,-0.00079,-0.00078,0.00042,0.00386,0.07114,-0.92491,3,37.9181,362.826,36.5729,179.2549,0.3157,-95.1628,0.0065,24.2611,0.3589
245,000245.png,False,1788871705.776270,1788871705.716270,normal_unload,7,,0.0,0.04213,0.07686,-0.76952,-0.00048,-0.00083,0.00098,0.02597,0.05448,-0.78296,-0.00083,-0.00068,0.00023,0.00342,0.07529,-0.77082,3,37.9172,362.8301,36.5932,179.2546,0.3162,-95.1628,0.0044,24.2814,0.3385
246,000246.png,False,1788871705.972311,1788871705.912312,normal_unload,7,,0.0,0.03885,0.072,-0.75629,-0.00049,-0.00074,0.00091,0.02266,0.04956,-0.76976,-0.00083,-0.00059,0.00015,0.00293,0.06966,-0.7575,3,37.9171,362.8274,36.5986,179.255,0.3155,-95.1626,0.0006,24.2868,0.3331
247,000247.png,False,1788871706.168299,1788871706.108299,normal_unload,7,,0.0,0.04268,0.07571,-0.60181,-0.00059,-0.00073,0.00097,0.02645,0.05322,-0.61532,-0.00094,-0.00058,0.00021,0.00332,0.07726,-0.60312,3,37.9178,362.8308,36.6246,179.2549,0.3157,-95.1628,0.0057,24.3129,0.3071
248,000248.png,False,1788871706.364255,1788871706.304255,normal_unload,7,,0.0,0.04158,0.06962,-0.55222,-0.00048,-0.00075,0.00067,0.02531,0.04707,-0.56575,-0.00082,-0.0006,-9e-05,0.00507,0.07222,-0.55342,3,37.9175,362.8296,36.6277,179.2549,0.3157,-95.1628,0.0096,24.3159,0.304
249,000249.png,False,1788871706.752366,1788871706.692366,normal_unload,7,,0.0,0.03913,0.0692,-0.36422,-0.00043,-0.00052,0.00075,0.02278,0.04655,-0.37782,-0.00078,-0.00037,-1e-05,0.00184,0.07365,-0.36544,2,37.917,362.832,36.6699,179.2547,0.3167,-95.1629,0.0109,24.3581,0.2618
250,000250.png,False,1788871706.948378,1788871706.888378,normal_unload,7,,0.0,0.04052,0.06485,-0.25254,-0.00041,-0.00059,0.0008,0.02414,0.04215,-0.26617,-0.00076,-0.00044,4e-05,0.00445,0.07237,-0.25371,3,37.918,362.8302,36.7028,179.2547,0.3167,-95.1631,0.0019,24.391,0.2289
251,000251.png,False,1788871707.144437,1788871707.084437,normal_unload,7,,0.0,0.03561,0.06332,-0.24348,-0.00027,-0.00059,0.00059,0.01919,0.04057,-0.25715,-0.00062,-0.00044,-0.00017,0.0009,0.06873,-0.24462,3,37.9176,362.8301,36.7048,179.2545,0.3164,-95.1633,0.0035,24.3931,0.2269
252,000252.png,False,1788871707.340426,1788871707.280427,normal_unload,7,,0.0,0.03734,0.05448,-0.09233,-8e-05,-0.00057,0.0007,0.02088,0.03168,-0.10602,-0.00043,-0.00042,-7e-05,0.00576,0.06436,-0.09333,3,37.9174,362.8272,36.7543,179.2548,0.3154,-95.1633,0.0084,24.4424,0.1775
253,000253.png,False,1788871712.020778,1788871711.960778,normal_load,8,,2.0,0.02664,0.03808,0.00821,0.00023,-0.00074,0.00058,0.00928,0.01403,-0.00624,-0.00014,-0.00058,-0.00023,0.004,0.04642,0.00749,3,37.9213,362.8116,36.8857,179.257,0.3079,-95.1657,0.0061,24.5736,0.0464
254,000254.png,False,1788871712.216784,1788871712.156784,normal_load,8,,2.0,0.02732,0.03735,-0.112,0.00034,-0.0008,0.00064,0.00992,0.01325,-0.12647,-3e-05,-0.00063,-0.00017,0.00578,0.0442,-0.11268,3,37.9199,362.8115,36.8014,179.2573,0.3068,-95.1655,0.0003,24.4893,0.1306
255,000255.png,False,1788871712.412790,1788871712.352790,normal_load,8,,2.0,0.02458,0.04373,-0.15997,0.00021,-0.00073,0.00088,0.00715,0.01958,-0.17448,-0.00016,-0.00057,6e-05,0.00055,0.0476,-0.16075,3,37.9204,362.8134,36.7846,179.2569,0.3074,-95.1657,0.0058,24.4725,0.1475
256,000256.png,False,1788871712.604830,1788871712.544830,normal_load,8,,2.0,0.02934,0.05822,-0.41415,-4e-05,-0.00082,0.00071,0.01187,0.03401,-0.42869,-0.00042,-0.00066,-0.00011,-0.0008,0.05845,-0.41516,3,37.9193,362.8199,36.6929,179.2564,0.3093,-95.1657,0.0009,24.381,0.239
257,000257.png,False,1788871712.800821,1788871712.740821,normal_load,8,,2.0,0.0315,0.06543,-0.56516,-0.00039,-0.0009,0.00077,0.01399,0.04117,-0.57973,-0.00076,-0.00074,-4e-05,-0.00148,0.06335,-0.56627,3,37.9191,362.8233,36.6678,179.2562,0.3108,-95.1655,0.0062,24.3559,0.264
258,000258.png,False,1788871712.996800,1788871712.936800,normal_load,8,,2.0,0.03679,0.08028,-0.78948,-0.00052,-0.00089,0.00058,0.01924,0.05596,-0.80408,-0.0009,-0.00073,-0.00024,-0.00276,0.07526,-0.79082,3,37.9185,362.8276,36.6212,179.256,0.3119,-95.1657,0.0083,24.3094,0.3105
259,000259.png,False,1788871713.192869,1788871713.132869,normal_load,8,,2.0,0.04327,0.08917,-0.86305,-0.00079,-0.00083,0.00072,0.02568,0.06481,-0.87768,-0.00117,-0.00066,-0.0001,-0.00109,0.08502,-0.86455,3,37.9171,362.8324,36.6134,179.255,0.3145,-95.1657,0.0036,24.3017,0.3183
260,000260.png,False,1788871713.384890,1788871713.324890,normal_load,8,,2.0,0.04791,0.111,-0.99717,-0.00108,-0.00065,0.0007,0.03028,0.08658,-1.01183,-0.00146,-0.00049,-0.00012,-0.00705,0.10409,-0.99904,3,37.9157,362.841,36.5914,179.254,0.3181,-95.1655,0.0062,24.2799,0.3401
261,000261.png,False,1788871713.580896,1788871713.520896,normal_load,8,,2.0,0.04465,0.10435,-1.31162,-0.00107,-0.00101,0.00059,0.02699,0.07988,-1.32631,-0.00145,-0.00085,-0.00024,-0.00436,0.09167,-1.31332,3,37.9163,362.8366,36.5424,179.2549,0.3156,-95.1659,0.0082,24.2308,0.3892
262,000262.png,False,1788871713.776839,1788871713.716839,normal_load,8,,2.0,0.053,0.11658,-1.43434,-0.00122,-0.00093,0.00073,0.0353,0.09206,-1.44906,-0.0016,-0.00077,-9e-05,-0.00239,0.10447,-1.43625,3,37.9157,362.8404,36.5329,179.2542,0.3175,-95.1657,0.0027,24.2213,0.3986
263,000263.png,False,1788871713.972903,1788871713.912904,normal_load,8,,2.0,0.04974,0.1252,-1.71585,-0.00125,-0.00101,0.00068,0.032,0.10063,-1.73061,-0.00163,-0.00084,-0.00015,-0.00757,0.1058,-1.71786,3,37.9161,362.8388,36.4993,179.2545,0.3162,-95.1659,0.0025,24.1877,0.4322
264,000264.png,False,1788871714.948997,1788871714.888998,normal_unload,8,,0.0,0.05391,0.13598,-1.91099,-0.00147,-0.00111,0.00074,0.03598,0.11115,-1.9259,-0.00185,-0.00094,-9e-05,-0.008,0.1141,-1.91317,3,37.917,362.843,36.4679,179.2543,0.3179,-95.1661,0.002,24.1564,0.4636
265,000265.png,False,1788871715.140970,1788871715.080970,normal_unload,8,,0.0,0.05501,0.1399,-1.8601,-0.00162,-0.0011,0.00086,0.03705,0.11501,-1.87505,-0.002,-0.00093,3e-05,-0.00935,0.11885,-1.86236,3,37.9147,362.843,36.4704,179.2542,0.3175,-95.1659,0.0082,24.1589,0.461
266,000266.png,False,1788871715.533086,1788871715.473086,normal_unload,8,,0.0,0.05686,0.13674,-1.84446,-0.0014,-0.00093,0.00089,0.03882,0.11175,-1.85946,-0.00178,-0.00077,5e-05,-0.00628,0.11729,-1.84666,3,37.9144,362.8456,36.4723,179.2546,0.3169,-95.1659,0.0101,24.1608,0.4592
267,000267.png,False,1788871715.921016,1788871715.861016,normal_unload,8,,0.0,0.04985,0.1196,-1.7536,-0.00108,-0.00113,0.00091,0.03174,0.09451,-1.76867,-0.00146,-0.00096,7e-05,-0.00442,0.1004,-1.75551,3,37.9162,362.8405,36.4807,179.255,0.3154,-95.1661,0.0064,24.1692,0.4508
268,000268.png,False,1788871716.117052,1788871716.057052,normal_unload,8,,0.0,0.04439,0.10591,-1.66838,-0.00085,-0.00124,0.00093,0.02624,0.08077,-1.68348,-0.00123,-0.00107,8e-05,-0.0029,0.08719,-1.67005,3,37.9172,362.8328,36.4847,179.2556,0.3124,-95.1661,0.0075,24.173,0.447
269,000269.png,False,1788871716.313029,1788871716.253029,normal_unload,8,,0.0,0.03911,0.09709,-1.59583,-0.00043,-0.00116,0.00092,0.02092,0.07189,-1.61096,-0.00081,-0.00099,7e-05,-0.00357,0.07806,-1.59735,3,37.9175,362.8302,36.4928,179.256,0.3107,-95.1661,0.0011,24.181,0.4389
270,000270.png,False,1788871716.509049,1788871716.449049,normal_unload,8,,0.0,0.03742,0.09695,-1.56175,-0.0006,-0.00115,0.0009,0.01919,0.0717,-1.57691,-0.00099,-0.00098,5e-05,-0.0052,0.07764,-1.56327,3,37.918,362.8279,36.4979,179.2562,0.3101,-95.1661,0.0045,24.1862,0.4338
271,000271.png,False,1788871716.704988,1788871716.644988,normal_unload,8,,0.0,0.04028,0.08369,-1.50365,-0.00045,-0.00142,0.0009,0.02201,0.05839,-1.51884,-0.00084,-0.00125,5e-05,0.0035,0.06852,-1.50495,3,37.9185,362.8259,36.5001,179.2567,0.3089,-95.1663,0.0096,24.1883,0.4317
272,000272.png,False,1788871716.897072,1788871716.837072,normal_unload,8,,0.0,0.03738,0.0828,-1.43443,-0.00037,-0.0013,0.00103,0.01909,0.05745,-1.44965,-0.00076,-0.00113,0.00018,0.00096,0.06741,-1.43572,3,37.9194,362.822,36.5072,179.257,0.3081,-95.1665,0.0003,24.1953,0.4246
273,000273.png,False,1788871717.093089,1788871717.033089,normal_unload,8,,0.0,0.03578,0.08098,-1.33399,-0.00028,-0.00119,0.00077,0.01744,0.05558,-1.34925,-0.00067,-0.00102,-8e-05,-0.00022,0.06664,-1.33527,4,37.9184,362.8273,36.5229,179.2563,0.3097,-95.1663,0.0082,24.2111,0.4088
274,000274.png,False,1788871717.289087,1788871717.229087,normal_unload,8,,0.0,0.03735,0.08219,-1.20235,-0.00045,-0.00123,0.00073,0.01897,0.05673,-1.21764,-0.00084,-0.00106,-0.00013,-0.00038,0.07058,-1.20367,3,37.918,362.825,36.5295,179.2563,0.3088,-95.1665,0.0031,24.2176,0.4023
275,000275.png,False,1788871717.485046,1788871717.425046,normal_unload,8,,0.0,0.04271,0.08856,-1.08721,-0.00054,-0.00099,0.00069,0.0243,0.06305,-1.10253,-0.00093,-0.00082,-0.00017,0.00029,0.08063,-1.08866,3,37.9179,362.8302,36.5457,179.2564,0.3102,-95.1668,0.0031,24.234,0.386
276,000276.png,False,1788871717.677145,1788871717.617145,normal_unload,8,,0.0,0.04192,0.08735,-1.08893,-0.00045,-0.00104,0.00097,0.02347,0.06179,-1.10428,-0.00084,-0.00087,0.00011,0.00022,0.07915,-1.09037,3,37.9182,362.8299,36.5485,179.2565,0.31,-95.1668,0.0078,24.2367,0.3832
277,000277.png,False,1788871718.069191,1788871718.009192,normal_unload,8,,0.0,0.0357,0.07518,-0.91391,-0.00024,-0.001,0.00099,0.01717,0.04951,-0.92933,-0.00064,-0.00083,0.00013,-0.0003,0.06831,-0.91515,3,37.9185,362.8246,36.5719,179.2567,0.3082,-95.167,0.0029,24.26,0.36
278,000278.png,False,1788871718.461112,1788871718.401113,normal_unload,8,,0.0,0.03251,0.06462,-0.7416,0.00012,-0.001,0.0008,0.01391,0.03885,-0.75708,-0.00028,-0.00083,-7e-05,0.00101,0.06033,-0.74267,3,37.9193,362.8195,36.5986,179.2572,0.307,-95.1672,0.0066,24.2867,0.3333
279,000279.png,False,1788871718.653254,1788871718.593254,normal_unload,8,,0.0,0.03355,0.06286,-0.56022,0.00015,-0.00082,0.00088,0.01491,0.03704,-0.57573,-0.00024,-0.00065,1e-05,0.00154,0.06223,-0.56129,3,37.9189,362.8222,36.6264,179.2568,0.3078,-95.1674,0.0021,24.3145,0.3054
280,000280.png,False,1788871718.849235,1788871718.789235,normal_unload,8,,0.0,0.03578,0.06634,-0.57216,1e-05,-0.00089,0.00085,0.01711,0.04047,-0.5877,-0.00038,-0.00071,-2e-05,0.00182,0.06617,-0.5733,3,37.9174,362.8261,36.6313,179.2569,0.3076,-95.167,0.0078,24.3194,0.3005
281,000281.png,False,1788871719.045224,1788871718.985224,normal_unload,8,,0.0,0.0379,0.07003,-0.37013,-0.00026,-0.00083,0.0009,0.01919,0.04411,-0.3857,-0.00066,-0.00066,2e-05,0.00041,0.07366,-0.37136,3,37.918,362.8297,36.6652,179.2566,0.3093,-95.1674,0.003,24.3534,0.2665
282,000282.png,False,1788871719.241249,1788871719.181249,normal_unload,8,,0.0,0.03829,0.06888,-0.3863,-0.00021,-0.00077,0.00104,0.01954,0.04291,-0.40189,-0.00061,-0.0006,0.00017,0.00143,0.0726,-0.38751,3,37.9178,362.8286,36.6709,179.2567,0.3082,-95.1672,0.0026,24.3591,0.2608
283,000283.png,False,1788871719.433279,1788871719.373279,normal_unload,8,,0.0,0.03768,0.06827,-0.22328,-0.00011,-0.00075,0.0009,0.01889,0.04224,-0.23891,-0.00051,-0.00058,3e-05,7e-05,0.07437,-0.22451,3,37.918,362.827,36.7078,179.2565,0.3088,-95.1674,0.0085,24.396,0.224
284,000284.png,False,1788871719.629284,1788871719.569284,normal_unload,8,,0.0,0.04075,0.06192,-0.21602,3e-05,-0.00073,0.00078,0.02193,0.03584,-0.23168,-0.00038,-0.00056,-9e-05,0.00586,0.07053,-0.21714,3,37.918,362.8286,36.7201,179.2564,0.3095,-95.1678,0.0036,24.4083,0.2117
285,000285.png,False,1788871719.825310,1788871719.765310,normal_unload,8,,0.0,0.03838,0.06459,-0.1005,-8e-05,-0.00062,0.00088,0.01952,0.03846,-0.11619,-0.00048,-0.00045,0.0,0.00167,0.07351,-0.10168,3,37.9175,362.8301,36.7536,179.2565,0.3088,-95.1678,0.0022,24.4418,0.1782
286,000286.png,False,1788871724.117604,1788871724.057604,normal_load,9,,2.0,0.03782,0.04765,0.00886,0.00033,-0.00085,0.00077,0.01813,0.02038,-0.00752,-9e-05,-0.00066,-0.00014,0.00889,0.06031,0.00796,3,37.9213,362.8106,36.884,179.2595,0.2986,-95.1702,0.0072,24.5718,0.0481
287,000287.png,False,1788871724.313606,1788871724.253606,normal_load,9,,2.0,0.03491,0.05412,-0.15426,0.0003,-0.00077,0.00075,0.01519,0.02679,-0.17068,-0.00012,-0.00059,-0.00017,0.00427,0.06184,-0.15525,3,37.9205,362.8101,36.7735,179.2594,0.2974,-95.1704,0.0014,24.4614,0.1586
288,000288.png,False,1788871724.505633,1788871724.445633,normal_load,9,,2.0,0.03558,0.05335,-0.15582,0.0001,-0.00085,0.00084,0.01582,0.02597,-0.17226,-0.00032,-0.00067,-8e-05,0.00525,0.06149,-0.15679,3,37.9214,362.8125,36.7734,179.2594,0.2981,-95.1707,0.0078,24.4613,0.1586
289,000289.png,False,1788871724.701663,1788871724.641664,normal_load,9,,2.0,0.04252,0.07081,-0.54087,-6e-05,-0.00093,0.00083,0.02272,0.04338,-0.55735,-0.00048,-0.00074,-0.0001,0.00521,0.07391,-0.5421,3,37.9201,362.8174,36.6624,179.2593,0.2994,-95.1704,0.0012,24.3504,0.2696
290,000290.png,False,1788871724.897654,1788871724.837654,normal_load,9,,2.0,0.04409,0.07429,-0.56544,-0.00018,-0.00096,0.00068,0.02425,0.04681,-0.58194,-0.0006,-0.00078,-0.00024,0.005,0.07731,-0.56673,3,37.9186,362.8211,36.6629,179.259,0.3005,-95.1704,0.0044,24.351,0.2689
291,000291.png,False,1788871725.093693,1788871725.033693,normal_load,9,,2.0,0.05226,0.10005,-0.93483,-0.00074,-0.00092,0.00084,0.03238,0.07251,-0.95136,-0.00116,-0.00074,-9e-05,0.00176,0.09779,-0.93652,3,37.9159,362.833,36.6032,179.2579,0.3046,-95.1707,0.0099,24.2915,0.3285
292,000292.png,False,1788871725.289690,1788871725.229690,normal_load,9,,2.0,0.05097,0.09703,-0.92321,-0.00069,-0.0009,0.00094,0.03106,0.06945,-0.93978,-0.00112,-0.00072,1e-05,0.00208,0.09472,-0.92486,3,37.916,362.8313,36.601,179.2578,0.304,-95.1704,0.0041,24.2893,0.3307
293,000293.png,False,1788871725.481726,1788871725.421726,normal_load,9,,2.0,0.05714,0.11376,-1.10153,-0.00082,-0.00084,0.00091,0.03719,0.08612,-1.11813,-0.00125,-0.00065,-2e-05,0.00029,0.10943,-1.10345,3,37.9163,362.8375,36.5771,179.257,0.3071,-95.1707,0.0056,24.2655,0.3545
294,000294.png,False,1788871725.677715,1788871725.617715,normal_load,9,,2.0,0.067,0.13816,-1.28848,-0.00157,-0.0009,0.00088,0.04702,0.11047,-1.30511,-0.002,-0.00071,-5e-05,-0.00206,0.1325,-1.29081,3,37.9148,362.8469,36.5513,179.2559,0.3111,-95.1707,0.0088,24.2399,0.3801
295,000295.png,False,1788871725.873740,1788871725.813740,normal_load,9,,2.0,0.06218,0.13205,-1.33501,-0.00143,-0.00093,0.001,0.04216,0.10431,-1.35167,-0.00186,-0.00075,7e-05,-0.00285,0.12405,-1.33722,3,37.913,362.848,36.5374,179.2561,0.3103,-95.1702,0.0033,24.226,0.394
296,000296.png,False,1788871726.069741,1788871726.009742,normal_load,9,,2.0,0.0615,0.13227,-1.64828,-0.00127,-0.00107,0.00094,0.04144,0.10448,-1.66498,-0.0017,-0.00089,0.0,-0.00138,0.11889,-1.65045,3,37.9158,362.8399,36.5066,179.2567,0.308,-95.1707,0.0023,24.195,0.425
297,000297.png,False,1788871726.849809,1788871726.789809,normal_unload,9,,0.0,0.06473,0.13764,-1.9068,-0.0013,-0.00128,0.00108,0.04452,0.10963,-1.92362,-0.00173,-0.00109,0.00014,0.00052,0.121,-1.90903,3,37.915,362.84,36.4699,179.2569,0.3073,-95.1707,0.0085,24.1583,0.4617
298,000298.png,False,1788871727.045830,1788871726.985830,normal_unload,9,,0.0,0.06221,0.13938,-1.89425,-0.00135,-0.00116,0.00112,0.04196,0.11132,-1.9111,-0.00178,-0.00097,0.00018,-0.00262,0.12145,-1.8965,3,37.9159,362.8414,36.4702,179.2569,0.308,-95.1709,0.0061,24.1587,0.4613
299,000299.png,False,1788871727.433784,1788871727.373785,normal_unload,9,,0.0,0.06377,0.13668,-1.82856,-0.00122,-0.00107,0.00115,0.04344,0.10852,-1.84547,-0.00166,-0.00088,0.00021,-0.00038,0.12095,-1.83078,3,37.9155,362.843,36.4754,179.2567,0.3082,-95.1709,0.0094,24.1639,0.456
300,000300.png,False,1788871727.629890,1788871727.569890,normal_unload,9,,0.0,0.06513,0.13845,-1.74037,-0.00144,-0.00111,0.00111,0.04477,0.11023,-1.75731,-0.00188,-0.00092,0.00016,-0.00069,0.12457,-1.74263,3,37.9151,362.8446,36.4802,179.2569,0.3073,-95.1709,0.0058,24.1687,0.4512
301,000301.png,False,1788871727.825851,1788871727.765851,normal_unload,9,,0.0,0.06445,0.14706,-1.6645,-0.00157,-0.00085,0.00109,0.04405,0.1188,-1.68147,-0.002,-0.00066,0.00014,-0.00611,0.1329,-1.66692,3,37.9139,362.8433,36.4863,179.2572,0.3063,-95.1707,0.0008,24.1748,0.4451
302,000302.png,False,1788871728.017884,1788871727.957884,normal_unload,9,,0.0,0.06658,0.13782,-1.60047,-0.00149,-0.00104,0.00093,0.04614,0.10951,-1.61748,-0.00192,-0.00085,-2e-05,-9e-05,0.12699,-1.60275,3,37.9149,362.8478,36.4935,179.2577,0.3053,-95.1711,0.0083,24.1821,0.4379
303,000303.png,False,1788871728.213923,1788871728.153923,normal_unload,9,,0.0,0.06016,0.1247,-1.56565,-0.00105,-0.00112,0.00107,0.03968,0.09634,-1.58269,-0.00149,-0.00093,0.00011,0.00066,0.11298,-1.5677,3,37.9164,362.8384,36.4955,179.258,0.3042,-95.1711,0.007,24.1839,0.4361
304,000304.png,False,1788871728.409931,1788871728.349931,normal_unload,9,,0.0,0.05569,0.1139,-1.44085,-0.0008,-0.00113,0.00111,0.03517,0.08548,-1.45792,-0.00124,-0.00094,0.00015,0.00132,0.10339,-1.44272,3,37.9164,362.837,36.5078,179.2579,0.3035,-95.1713,0.002,24.1961,0.4238
305,000305.png,False,1788871728.605941,1788871728.545941,normal_unload,9,,0.0,0.0571,0.11329,-1.30521,-0.00094,-0.00104,0.00098,0.03654,0.08482,-1.32231,-0.00138,-0.00085,2e-05,0.00191,0.10574,-1.30709,3,37.9157,362.8404,36.5223,179.2575,0.305,-95.1713,0.003,24.2107,0.4092
306,000306.png,False,1788871728.797941,1788871728.737942,normal_unload,9,,0.0,0.05817,0.11641,-1.27503,-0.00102,-0.00107,0.00112,0.03758,0.08789,-1.29216,-0.00146,-0.00088,0.00017,0.00106,0.10946,-1.27697,3,37.9159,362.8394,36.5257,179.2576,0.3046,-95.1711,0.0079,24.2141,0.4058
307,000307.png,False,1788871728.993944,1788871728.933944,normal_unload,9,,0.0,0.0603,0.11711,-1.07132,-0.00092,-0.00088,0.00098,0.03967,0.08854,-1.08848,-0.00136,-0.00069,2e-05,0.00114,0.1144,-1.07331,3,37.9157,362.8405,36.5491,179.2576,0.3046,-95.1713,0.0172,24.2375,0.3824
308,000308.png,False,1788871729.189876,1788871729.129876,normal_unload,9,,0.0,0.05914,0.11523,-1.06757,-0.0009,-0.00089,0.00103,0.03848,0.0866,-1.08476,-0.00134,-0.0007,7e-05,0.00106,0.11225,-1.06953,3,37.9165,362.8413,36.5509,179.2581,0.3047,-95.1713,0.0019,24.2394,0.3806
309,000309.png,False,1788871729.581996,1788871729.521996,normal_unload,9,,0.0,0.05488,0.10725,-0.93016,-0.00065,-0.00086,0.00109,0.03414,0.07852,-0.94742,-0.00109,-0.00067,0.00012,0.0004,0.10541,-0.93199,3,37.9155,362.8401,36.5718,179.2578,0.304,-95.1715,0.0036,24.2602,0.3597
310,000310.png,False,1788871729.774009,1788871729.714009,normal_unload,9,,0.0,0.05421,0.09969,-0.73614,-0.00064,-0.00083,0.00108,0.03343,0.0709,-0.75342,-0.00108,-0.00063,0.00012,0.00226,0.10163,-0.73786,3,37.9159,362.8373,36.598,179.2579,0.3035,-95.1718,0.006,24.2863,0.3336
311,000311.png,False,1788871729.970047,1788871729.910048,normal_unload,9,,0.0,0.05371,0.10027,-0.7515,-0.00062,-0.0009,0.00122,0.03289,0.07144,-0.76882,-0.00107,-0.0007,0.00025,0.00163,0.10164,-0.75323,3,37.9164,362.837,36.6051,179.2578,0.3042,-95.1718,0.0029,24.2935,0.3265
312,000312.png,False,1788871730.165949,1788871730.105949,normal_unload,9,,0.0,0.05366,0.09933,-0.55219,-0.00062,-0.00079,0.00119,0.03281,0.07044,-0.56953,-0.00107,-0.0006,0.00022,0.00068,0.10399,-0.55393,3,37.9159,362.8396,36.6303,179.2577,0.3044,-95.172,0.0026,24.3187,0.3013
313,000313.png,False,1788871730.362033,1788871730.302033,normal_unload,9,,0.0,0.06217,0.11418,-0.50262,-0.00101,-0.00053,0.00102,0.04128,0.08525,-0.52,-0.00146,-0.00033,5e-05,0.00029,0.1219,-0.50465,3,37.9134,362.8507,36.6476,179.2574,0.3056,-95.1718,0.008,24.3362,0.2837
314,000314.png,False,1788871730.750104,1788871730.690104,normal_unload,9,,0.0,0.05739,0.09803,-0.33824,-0.00068,-0.00066,0.0009,0.03642,0.06898,-0.35568,-0.00113,-0.00047,-7e-05,0.00308,0.10815,-0.34,3,37.9145,362.8425,36.6857,179.258,0.304,-95.1722,0.0014,24.3741,0.2458
315,000315.png,False,1788871730.946068,1788871730.886068,normal_unload,9,,0.0,0.05347,0.09055,-0.23731,-0.00046,-0.00063,0.00116,0.03247,0.06146,-0.25478,-0.00091,-0.00043,0.00018,0.00272,0.10134,-0.23895,3,37.9146,362.8445,36.7086,179.2578,0.3046,-95.1722,0.0063,24.3971,0.2228
316,000316.png,False,1788871731.142018,1788871731.082018,normal_unload,9,,0.0,0.05461,0.08789,-0.12505,-0.00049,-0.00066,0.00112,0.03358,0.05875,-0.14255,-0.00094,-0.00046,0.00014,0.00426,0.10141,-0.12666,3,37.9154,362.844,36.7388,179.2576,0.3055,-95.1724,0.009,24.4273,0.1927
317,000317.png,False,1788871731.334037,1788871731.274037,normal_unload,9,,0.0,0.05152,0.07956,-0.11458,-0.00023,-0.00071,0.0012,0.03044,0.05036,-0.13211,-0.00068,-0.00052,0.00022,0.00567,0.09281,-0.11604,3,37.9163,362.8372,36.7562,179.2579,0.3037,-95.1726,0.0001,24.4446,0.1754
318,000318.png,False,1788871735.434396,1788871735.374396,normal_load,10,,2.0,0.04155,0.04895,-0.00891,0.00042,-0.00083,0.00105,0.01968,0.01866,-0.0271,-5e-05,-0.00063,3e-05,0.01159,0.06301,-0.00984,3,37.9213,362.8106,36.8847,179.2607,0.2939,-95.1759,0.0082,24.5725,0.0474
319,000319.png,False,1788871735.626424,1788871735.566424,normal_load,10,,2.0,0.04344,0.05134,-0.07919,0.00034,-0.00091,0.00098,0.02153,0.02099,-0.09741,-0.00013,-0.00071,-4e-05,0.01252,0.0649,-0.08015,3,37.9218,362.8089,36.8059,179.2609,0.2932,-95.1759,0.0014,24.4937,0.1262
320,000320.png,False,1788871735.822444,1788871735.762444,normal_load,10,,2.0,0.04428,0.06102,-0.13695,0.00031,-0.00076,0.00111,0.02234,0.03063,-0.15521,-0.00015,-0.00056,8e-05,0.00882,0.07278,-0.13808,3,37.9195,362.8142,36.7879,179.2606,0.2945,-95.1757,0.007,24.4758,0.1441
321,000321.png,False,1788871736.214466,1788871736.154466,normal_load,10,,2.0,0.04753,0.07713,-0.5485,-5e-05,-0.00091,0.0011,0.02551,0.04663,-0.56682,-0.00052,-0.00071,8e-05,0.00644,0.08176,-0.54985,3,37.9181,362.8198,36.673,179.26,0.2957,-95.1759,0.0023,24.3611,0.2589
322,000322.png,False,1788871736.410490,1788871736.350490,normal_load,10,,2.0,0.05769,0.1,-0.85811,-0.00053,-0.00081,0.00134,0.03564,0.06945,-0.87646,-0.001,-0.0006,0.00031,0.00596,0.10169,-0.85983,3,37.9168,362.8297,36.6098,179.2593,0.2991,-95.1763,0.0032,24.2981,0.3219
323,000323.png,False,1788871736.602413,1788871736.542413,normal_load,10,,2.0,0.05708,0.10376,-0.87874,-0.00063,-0.00092,0.00113,0.03499,0.07315,-0.89712,-0.0011,-0.00072,0.0001,0.0037,0.10431,-0.88052,3,37.9174,362.8283,36.609,179.2595,0.2992,-95.1761,0.0074,24.2972,0.3228
324,000324.png,False,1788871736.994558,1788871736.934558,normal_load,10,,2.0,0.06356,0.12272,-1.17461,-0.00107,-0.00099,0.00117,0.04139,0.09201,-1.19305,-0.00155,-0.00078,0.00014,0.00189,0.11922,-1.17669,3,37.9165,362.836,36.5613,179.2585,0.3021,-95.1763,0.0076,24.2496,0.3703
325,000325.png,False,1788871737.190535,1788871737.130535,normal_load,10,,2.0,0.06758,0.13546,-1.31216,-0.00128,-0.00093,0.00112,0.04538,0.1047,-1.33063,-0.00175,-0.00072,8e-05,-4e-05,0.13007,-1.31444,3,37.9153,362.8395,36.5468,179.2579,0.3044,-95.1761,0.0072,24.2352,0.3848
326,000326.png,False,1788871737.578564,1788871737.518564,normal_load,10,,2.0,0.07071,0.14939,-1.74414,-0.0015,-0.00096,0.00133,0.04844,0.11853,-1.76267,-0.00198,-0.00076,0.00029,-0.00129,0.13678,-1.7466,3,37.9145,362.8424,36.4944,179.2582,0.3033,-95.1768,0.0078,24.1829,0.4371
327,000327.png,False,1788871737.774597,1788871737.714597,normal_load,10,,2.0,0.07196,0.14642,-1.89797,-0.00147,-0.00126,0.00116,0.04964,0.11551,-1.91654,-0.00195,-0.00106,0.00012,0.00233,0.13236,-1.90037,3,37.9147,362.8409,36.4747,179.2581,0.3026,-95.1768,0.0067,24.1632,0.4568
328,000328.png,False,1788871739.726739,1788871739.666739,normal_unload,10,,0.0,0.06723,0.14032,-1.88152,-0.00111,-0.00118,0.00148,0.04454,0.10889,-1.9004,-0.00159,-0.00097,0.00042,0.00117,0.12498,-1.8838,3,37.916,362.8407,36.4653,179.2588,0.301,-95.1776,0.0025,24.1537,0.4662
329,000329.png,False,1788871739.918740,1788871739.858740,normal_unload,10,,0.0,0.06251,0.12246,-1.79831,-0.00086,-0.00131,0.00136,0.03978,0.09097,-1.81721,-0.00134,-0.0011,0.0003,0.00543,0.10848,-1.80028,3,37.9167,362.8356,36.4694,179.259,0.2995,-95.1781,0.0079,24.1577,0.4622
330,000330.png,False,1788871740.114788,1788871740.054788,normal_unload,10,,0.0,0.05867,0.11783,-1.71566,-0.00079,-0.00141,0.00119,0.0359,0.08629,-1.7346,-0.00128,-0.0012,0.00013,0.00384,0.10388,-1.71756,3,37.9165,362.8313,36.4744,179.2597,0.2976,-95.1778,0.0023,24.1627,0.4573
331,000331.png,False,1788871740.310794,1788871740.250794,normal_unload,10,,0.0,0.05877,0.11702,-1.671,-0.0007,-0.00125,0.00121,0.03597,0.08543,-1.68997,-0.00118,-0.00104,0.00015,0.00403,0.10395,-1.67289,3,37.9167,362.8308,36.4817,179.2599,0.2968,-95.1778,0.0028,24.17,0.45
332,000332.png,False,1788871740.506819,1788871740.446819,normal_unload,10,,0.0,0.05822,0.11311,-1.65303,-0.00061,-0.00137,0.00127,0.03537,0.08147,-1.67204,-0.0011,-0.00116,0.00021,0.00537,0.10057,-1.65486,3,37.9164,362.8302,36.4819,179.2597,0.2967,-95.1776,0.0123,24.1701,0.4498
333,000333.png,False,1788871740.702826,1788871740.642827,normal_unload,10,,0.0,0.05887,0.1131,-1.5298,-0.00056,-0.00122,0.00124,0.03599,0.08141,-1.54883,-0.00105,-0.00101,0.00017,0.00509,0.10286,-1.53164,3,37.9167,362.8307,36.4934,179.2603,0.2955,-95.1778,0.002,24.1817,0.4383
334,000334.png,False,1788871740.894818,1788871740.834818,normal_unload,10,,0.0,0.06393,0.1268,-1.37527,-0.00098,-0.00103,0.00127,0.04102,0.09505,-1.39433,-0.00147,-0.00082,0.00021,0.00156,0.11973,-1.37738,3,37.916,362.8369,36.5107,179.2601,0.2955,-95.1785,0.0087,24.1991,0.4209
335,000335.png,False,1788871741.090820,1788871741.030820,normal_unload,10,,0.0,0.06162,0.11702,-1.38028,-0.00072,-0.00116,0.00132,0.03867,0.08522,-1.39937,-0.00121,-0.00095,0.00025,0.00448,0.11003,-1.38222,3,37.9155,362.8343,36.5108,179.2601,0.2953,-95.1783,0.0031,24.1992,0.4208
336,000336.png,False,1788871741.482852,1788871741.422853,normal_unload,10,,0.0,0.05855,0.10704,-1.21278,-0.00058,-0.00114,0.00147,0.03553,0.07513,-1.23194,-0.00107,-0.00093,0.00039,0.00565,0.10253,-1.21457,3,37.9157,362.833,36.5329,179.2599,0.2959,-95.1785,0.0074,24.2212,0.3987
337,000337.png,False,1788871741.674840,1788871741.614840,normal_unload,10,,0.0,0.05866,0.10644,-1.04252,-0.00058,-0.00105,0.00146,0.03559,0.07448,-1.06171,-0.00107,-0.00084,0.00039,0.00486,0.10479,-1.04432,3,37.9159,362.8319,36.5506,179.26,0.2957,-95.1787,0.0037,24.2389,0.381
338,000338.png,False,1788871741.870863,1788871741.810863,normal_unload,10,,0.0,0.05503,0.09984,-0.95815,-0.00038,-0.00091,0.00149,0.03193,0.06783,-0.97737,-0.00087,-0.00069,0.00041,0.00443,0.09862,-0.95984,3,37.9162,362.8308,36.5675,179.26,0.2954,-95.1796,0.0018,24.2558,0.3642
339,000339.png,False,1788871742.066800,1788871742.006800,normal_unload,10,,0.0,0.05633,0.09953,-0.84295,-0.00033,-0.00093,0.00133,0.03319,0.06747,-0.86221,-0.00083,-0.00072,0.00026,0.00491,0.10085,-0.84466,3,37.9173,362.8293,36.578,179.2604,0.2949,-95.1798,0.0073,24.2662,0.3538
340,000340.png,False,1788871742.262918,1788871742.202918,normal_unload,10,,0.0,0.06048,0.10953,-0.75698,-0.0007,-0.00084,0.0012,0.0373,0.07742,-0.77626,-0.0012,-0.00063,0.00012,0.00292,0.11296,-0.75888,3,37.9154,362.8372,36.5908,179.2602,0.2957,-95.18,0.0074,24.2792,0.3408
341,000341.png,False,1788871742.650840,1788871742.590840,normal_unload,10,,0.0,0.05841,0.10078,-0.52812,-0.00048,-0.00078,0.00123,0.03516,0.06856,-0.54747,-0.00098,-0.00056,0.00015,0.00391,0.10801,-0.52991,3,37.9167,362.8332,36.6312,179.2605,0.2947,-95.1798,0.0075,24.3195,0.3005
342,000342.png,False,1788871742.846853,1788871742.786853,normal_unload,10,,0.0,0.05708,0.09385,-0.52717,-0.00039,-0.00088,0.0013,0.03378,0.06158,-0.54655,-0.00089,-0.00067,0.00021,0.00621,0.10135,-0.52883,3,37.9164,362.8324,36.6331,179.2606,0.2942,-95.18,0.0022,24.3214,0.2985
343,000343.png,False,1788871743.239000,1788871743.179000,normal_unload,10,,0.0,0.05327,0.09014,-0.35316,-0.00032,-0.00078,0.00115,0.0299,0.05777,-0.3726,-0.00081,-0.00056,7e-05,0.00355,0.09903,-0.35477,3,37.9163,362.8306,36.6688,179.2603,0.2944,-95.1804,0.008,24.3571,0.2629
344,000344.png,False,1788871743.627021,1788871743.567021,normal_unload,10,,0.0,0.05505,0.08844,-0.2523,-0.0003,-0.0007,0.00148,0.03161,0.05597,-0.2718,-0.0008,-0.00048,0.00038,0.00525,0.10006,-0.2539,3,37.9175,362.8331,36.7076,179.2604,0.2949,-95.1809,0.0027,24.3959,0.2241
345,000345.png,False,1788871743.823013,1788871743.763013,normal_unload,10,,0.0,0.05232,0.08336,-0.04812,-0.00017,-0.00059,0.00119,0.02884,0.05083,-0.06765,-0.00067,-0.00037,9e-05,0.004,0.09756,-0.04966,3,37.9154,362.8355,36.7661,179.26,0.2954,-95.1807,0.0081,24.4545,0.1655
346,000346.png,False,1788871747.335251,1788871747.275251,normal_load,11,,2.0,0.04459,0.06356,-0.10829,0.00017,-0.00083,0.00103,0.02043,0.0301,-0.12839,-0.00035,-0.00061,-9e-05,0.00762,0.07559,-0.10947,3,37.9185,362.8142,36.7869,179.2607,0.2922,-95.1826,0.0008,24.4749,0.1451
347,000347.png,False,1788871747.531275,1788871747.471275,normal_load,11,,2.0,0.04492,0.07088,-0.52721,0.00015,-0.00106,0.00111,0.02072,0.03737,-0.54734,-0.00037,-0.00084,-2e-05,0.00715,0.07539,-0.52845,3,37.9201,362.811,36.6619,179.2616,0.2906,-95.183,0.01,24.3498,0.2701
348,000348.png,False,1788871747.723326,1788871747.663326,normal_load,11,,2.0,0.04931,0.08621,-0.61655,-0.00015,-0.00095,0.00124,0.02508,0.05264,-0.63671,-0.00066,-0.00073,0.00011,0.00392,0.08943,-0.61805,3,37.9205,362.816,36.6499,179.2612,0.2919,-95.1831,0.0005,24.3379,0.282
349,000349.png,False,1788871747.919291,1788871747.859292,normal_load,11,,2.0,0.05821,0.11602,-1.06058,-0.00064,-0.00086,0.00132,0.03394,0.0824,-1.08077,-0.00116,-0.00063,0.00019,-0.00019,0.11258,-1.06255,3,37.9182,362.8292,36.5866,179.2599,0.2967,-95.1833,0.0051,24.2749,0.3451
350,000350.png,False,1788871748.115325,1788871748.055326,normal_load,11,,2.0,0.0568,0.10932,-1.00864,-0.00048,-0.00086,0.0012,0.03249,0.07565,-1.02887,-0.001,-0.00063,7e-05,0.00157,0.1069,-1.0105,3,37.917,362.827,36.5844,179.26,0.2956,-95.1828,0.0095,24.2726,0.3473
351,000351.png,False,1788871748.311239,1788871748.251240,normal_load,11,,2.0,0.06615,0.13479,-1.1389,-0.00115,-0.00082,0.00129,0.04181,0.10107,-1.15915,-0.00167,-0.0006,0.00016,-0.00215,0.13155,-1.1412,3,37.916,362.8395,36.567,179.2584,0.3015,-95.1831,0.004,24.2554,0.3646
352,000352.png,False,1788871748.503267,1788871748.443267,normal_load,11,,2.0,0.06872,0.14691,-1.33271,-0.00145,-0.00079,0.0013,0.04434,0.11313,-1.353,-0.00197,-0.00057,0.00016,-0.00463,0.14022,-1.3352,3,37.9136,362.8457,36.5398,179.2576,0.3044,-95.1828,0.0056,24.2283,0.3916
353,000353.png,False,1788871748.895363,1788871748.835363,normal_load,11,,2.0,0.06981,0.15799,-1.84438,-0.00152,-0.00095,0.00143,0.04535,0.12411,-1.86473,-0.00204,-0.00073,0.00029,-0.00568,0.14217,-1.84698,3,37.9147,362.8427,36.4855,179.2583,0.3026,-95.1831,0.0036,24.1739,0.446
354,000354.png,False,1788871751.823576,1788871751.763576,normal_unload,11,,0.0,0.06372,0.1395,-1.73258,-0.00107,-0.00114,0.00152,0.0387,0.10484,-1.7534,-0.00161,-0.0009,0.00035,-0.00249,0.1249,-1.73487,3,37.9168,362.8354,36.4724,179.2596,0.2969,-95.1841,0.0096,24.1608,0.4592
355,000355.png,False,1788871752.015615,1788871751.955615,normal_unload,11,,0.0,0.05512,0.12532,-1.5816,-0.00072,-0.0011,0.00139,0.03006,0.0906,-1.60245,-0.00125,-0.00087,0.00022,-0.0039,0.11074,-1.58365,3,37.9171,362.8353,36.4849,179.26,0.2963,-95.1839,0.0006,24.1732,0.4467
356,000356.png,False,1788871752.211614,1788871752.151614,normal_unload,11,,0.0,0.05719,0.13213,-1.43697,-0.00077,-0.0009,0.00122,0.03209,0.09736,-1.45785,-0.0013,-0.00067,6e-05,-0.00652,0.11999,-1.43916,3,37.9171,362.8353,36.499,179.2597,0.2973,-95.1846,0.0049,24.1874,0.4326
357,000357.png,False,1788871752.407537,1788871752.347537,normal_unload,11,,0.0,0.06063,0.13072,-1.39642,-0.00091,-0.001,0.00132,0.03549,0.09591,-1.41733,-0.00145,-0.00077,0.00015,-0.00312,0.12114,-1.39859,3,37.9151,362.8362,36.5034,179.2596,0.2971,-95.1846,0.01,24.1918,0.4281
358,000358.png,False,1788871752.603647,1788871752.543648,normal_unload,11,,0.0,0.06009,0.13894,-1.29392,-0.00103,-0.00078,0.00147,0.03492,0.10407,-1.31486,-0.00156,-0.00054,0.0003,-0.0084,0.12963,-1.29625,3,37.9149,362.8388,36.5172,179.2594,0.2977,-95.1846,0.0022,24.2056,0.4143
359,000359.png,False,1788871752.795648,1788871752.735648,normal_unload,11,,0.0,0.0581,0.13302,-1.23904,-0.0009,-0.00078,0.00132,0.0329,0.0981,-1.26001,-0.00143,-0.00054,0.00014,-0.00754,0.12439,-1.24128,3,37.9159,362.8366,36.5192,179.2598,0.2971,-95.1844,0.0088,24.2075,0.4124
360,000360.png,False,1788871753.187702,1788871753.127702,normal_unload,11,,0.0,0.05627,0.12608,-1.13694,-0.00079,-0.00084,0.00147,0.03099,0.09106,-1.15797,-0.00133,-0.00061,0.0003,-0.00637,0.1191,-1.13906,3,37.9165,362.8364,36.5357,179.26,0.2956,-95.1846,0.0018,24.224,0.3959
361,000361.png,False,1788871753.579742,1788871753.519742,normal_unload,11,,0.0,0.05432,0.11534,-0.88452,-0.00064,-0.00073,0.00135,0.02896,0.08021,-0.90561,-0.00118,-0.0005,0.00017,-0.00444,0.11286,-0.88649,3,37.916,362.8371,36.5718,179.2597,0.2966,-95.185,0.0072,24.2601,0.3598
362,000362.png,False,1788871753.771730,1788871753.711730,normal_unload,11,,0.0,0.05376,0.12096,-0.77825,-0.00062,-0.00059,0.00143,0.02837,0.08578,-0.79938,-0.00116,-0.00036,0.00025,-0.00847,0.11916,-0.78034,4,37.9168,362.8361,36.5837,179.2599,0.2965,-95.185,0.0024,24.272,0.348
363,000363.png,False,1788871753.967716,1788871753.907717,normal_unload,11,,0.0,0.05809,0.12857,-0.69251,-0.00098,-0.00058,0.00122,0.03266,0.09334,-0.71367,-0.00152,-0.00035,4e-05,-0.00911,0.12928,-0.69475,3,37.9151,362.8406,36.5981,179.2595,0.2973,-95.1854,0.0081,24.2866,0.3334
364,000364.png,False,1788871754.359773,1788871754.299773,normal_unload,11,,0.0,0.05946,0.12725,-0.53048,-0.00095,-0.00051,0.00135,0.03395,0.09191,-0.5517,-0.00149,-0.00028,0.00016,-0.0084,0.13142,-0.53273,3,37.9156,362.8407,36.626,179.2597,0.2964,-95.1859,0.0011,24.3144,0.3055
365,000365.png,False,1788871754.551697,1788871754.491698,normal_unload,11,,0.0,0.05399,0.11095,-0.42629,-0.00068,-0.0006,0.00123,0.02845,0.07556,-0.44754,-0.00122,-0.00036,4e-05,-0.00571,0.11624,-0.42826,3,37.9156,362.8382,36.6452,179.2602,0.2954,-95.1861,0.0081,24.3336,0.2864
366,000366.png,False,1788871754.747802,1788871754.687803,normal_unload,11,,0.0,0.05242,0.11156,-0.35176,-0.00049,-0.00046,0.00137,0.02684,0.07612,-0.37304,-0.00104,-0.00022,0.00018,-0.00789,0.11718,-0.35375,3,37.9161,362.8384,36.6694,179.2598,0.296,-95.1863,0.0036,24.3577,0.2622
367,000367.png,False,1788871754.943840,1788871754.883840,normal_unload,11,,0.0,0.04913,0.10459,-0.29365,-0.0003,-0.00052,0.00144,0.02351,0.06909,-0.31496,-0.00085,-0.00028,0.00025,-0.00766,0.11042,-0.29552,3,37.9157,362.8363,36.6853,179.2603,0.2952,-95.1861,0.002,24.3736,0.2464
368,000368.png,False,1788871755.139852,1788871755.079852,normal_unload,11,,0.0,0.04765,0.10523,-0.1418,-0.00045,-0.00039,0.00131,0.02199,0.06968,-0.16315,-0.00099,-0.00015,0.00012,-0.01032,0.11267,-0.1437,3,37.9153,362.8386,36.7211,179.2599,0.2965,-95.1859,0.0074,24.4095,0.2105
369,000369.png,False,1788871759.236105,1788871759.176105,normal_load,12,,2.0,0.03474,0.06507,-0.13029,0.00039,-0.00086,0.00128,0.00829,0.02844,-0.15229,-0.00017,-0.00062,5e-05,-0.00152,0.07163,-0.13147,3,37.9212,362.8066,36.7782,179.2636,0.283,-95.1896,0.0077,24.466,0.1539
370,000370.png,False,1788871759.432132,1788871759.372132,normal_load,12,,2.0,0.0367,0.07932,-0.57209,0.00018,-0.00093,0.00138,0.01022,0.04264,-0.59412,-0.00038,-0.00068,0.00014,-0.00388,0.07787,-0.57345,3,37.921,362.8107,36.6475,179.2634,0.2829,-95.1896,0.0028,24.3354,0.2845
371,000371.png,False,1788871759.624138,1788871759.564138,normal_load,12,,2.0,0.04121,0.08682,-0.60776,5e-05,-0.00095,0.00122,0.01469,0.05008,-0.62982,-0.00052,-0.0007,-1e-05,-0.00346,0.08605,-0.60925,3,37.9203,362.8142,36.6484,179.263,0.2842,-95.1898,0.0064,24.3364,0.2836
372,000372.png,False,1788871759.820158,1788871759.760158,normal_load,12,,2.0,0.05196,0.11714,-0.92663,-0.00054,-0.00077,0.00112,0.0254,0.08035,-0.94872,-0.00111,-0.00053,-0.00011,-0.00709,0.11257,-0.92862,3,37.9166,362.8293,36.5952,179.2612,0.29,-95.1896,0.0089,24.2834,0.3365
373,000373.png,False,1788871760.016167,1788871759.956167,normal_load,12,,2.0,0.04965,0.11654,-0.9092,-0.00064,-0.0009,0.00119,0.02306,0.07969,-0.93132,-0.00121,-0.00065,-5e-05,-0.00891,0.11118,-0.91118,3,37.9167,362.8275,36.5934,179.2615,0.2896,-95.1894,0.004,24.2816,0.3384
374,000374.png,False,1788871760.212205,1788871760.152205,normal_load,12,,2.0,0.0598,0.13526,-1.09871,-0.00089,-0.00074,0.00117,0.03317,0.09836,-1.12086,-0.00146,-0.00049,-7e-05,-0.00816,0.12942,-1.101,3,37.9173,362.8342,36.5679,179.2607,0.2935,-95.1896,0.0017,24.2562,0.3638
375,000375.png,False,1788871760.408212,1788871760.348212,normal_load,12,,2.0,0.06242,0.15031,-1.24809,-0.0012,-0.00067,0.00132,0.03575,0.11336,-1.27028,-0.00177,-0.00043,8e-05,-0.01238,0.14138,-1.25063,3,37.9146,362.842,36.549,179.2595,0.297,-95.1896,0.007,24.2375,0.3825
376,000376.png,False,1788871762.748344,1788871762.688344,normal_unload,12,,0.0,0.05866,0.13364,-1.78304,-0.00076,-0.00121,0.00132,0.03154,0.09607,-1.8056,-0.00134,-0.00096,6e-05,-0.0036,0.11649,-1.7852,3,37.917,362.8317,36.4676,179.2614,0.2901,-95.1902,0.0116,24.1558,0.4641
377,000377.png,False,1788871763.136303,1788871763.076303,normal_unload,12,,0.0,0.05422,0.12235,-1.64154,-0.00051,-0.00124,0.00146,0.02702,0.08467,-1.66416,-0.00109,-0.00099,0.0002,-0.00279,0.10676,-1.64352,3,37.9181,362.8237,36.4795,179.2622,0.2864,-95.1904,0.0093,24.1677,0.4523
378,000378.png,False,1788871763.332319,1788871763.272319,normal_unload,12,,0.0,0.05319,0.12185,-1.63021,-0.0005,-0.00132,0.00146,0.02596,0.08412,-1.65287,-0.00108,-0.00107,0.00019,-0.0035,0.106,-1.63218,2,37.917,362.8232,36.4799,179.2622,0.2864,-95.19,0.0035,24.1681,0.4519
379,000379.png,False,1788871763.528403,1788871763.468403,normal_unload,12,,0.0,0.04747,0.11185,-1.5864,-0.00026,-0.00122,0.00146,0.0202,0.07407,-1.60909,-0.00084,-0.00097,0.00019,-0.00376,0.09518,-1.58819,3,37.9178,362.8232,36.4866,179.2626,0.2859,-95.1902,0.0097,24.1748,0.4452
380,000380.png,False,1788871763.724407,1788871763.664407,normal_unload,12,,0.0,0.0488,0.11053,-1.46047,-9e-05,-0.00123,0.00139,0.02149,0.0727,-1.48319,-0.00067,-0.00098,0.00011,-0.00283,0.09672,-1.46226,3,37.9181,362.8194,36.4964,179.2632,0.2836,-95.19,0.0009,24.1844,0.4355
381,000381.png,False,1788871763.916470,1788871763.856470,normal_unload,12,,0.0,0.04811,0.10156,-1.46346,-5e-05,-0.00134,0.00147,0.02076,0.06368,-1.48621,-0.00063,-0.00109,0.0002,0.00108,0.08855,-1.46509,3,37.9181,362.819,36.4966,179.2632,0.2835,-95.1904,0.0085,24.1846,0.4353
382,000382.png,False,1788871764.112446,1788871764.052446,normal_unload,12,,0.0,0.04436,0.10356,-1.3642,-1e-05,-0.00125,0.00168,0.01698,0.06563,-1.38698,-0.0006,-0.001,0.0004,-0.00386,0.09001,-1.36588,3,37.9191,362.8173,36.5096,179.2631,0.2829,-95.1909,0.0061,24.1976,0.4223
383,000383.png,False,1788871764.308470,1788871764.248470,normal_unload,12,,0.0,0.0524,0.11553,-1.24642,-0.00038,-0.00108,0.00155,0.02498,0.07754,-1.26924,-0.00096,-0.00082,0.00027,-0.00369,0.10627,-1.24834,3,37.9183,362.8228,36.5271,179.263,0.2835,-95.1907,0.0005,24.2152,0.4048
384,000384.png,False,1788871764.700485,1788871764.640486,normal_unload,12,,0.0,0.05262,0.09789,-1.03906,-2e-05,-0.00115,0.00158,0.02513,0.0598,-1.06194,-0.0006,-0.0009,0.0003,0.00388,0.09443,-1.0407,3,37.9181,362.8197,36.5468,179.2632,0.2826,-95.1907,0.0099,24.2348,0.3851
385,000385.png,False,1788871764.892503,1788871764.832503,normal_unload,12,,0.0,0.04906,0.09708,-1.02808,-5e-05,-0.00119,0.00131,0.02153,0.05894,-1.05098,-0.00063,-0.00094,3e-05,0.00112,0.09213,-1.0297,3,37.9187,362.8205,36.547,179.2632,0.2824,-95.1909,0.0007,24.2351,0.3849
386,000386.png,False,1788871765.088510,1788871765.028510,normal_unload,12,,0.0,0.04559,0.09112,-0.83224,0.00011,-0.00102,0.00139,0.01802,0.05292,-0.85518,-0.00048,-0.00077,0.00011,-0.00026,0.08837,-0.83379,3,37.9187,362.8177,36.5719,179.2634,0.2818,-95.1909,0.005,24.2599,0.36
387,000387.png,False,1788871765.284517,1788871765.224517,normal_unload,12,,0.0,0.04804,0.09856,-0.85225,-3e-05,-0.00094,0.00153,0.02043,0.06031,-0.87522,-0.00062,-0.00068,0.00025,-0.00172,0.09571,-0.85392,3,37.9185,362.8234,36.5766,179.2635,0.2823,-95.1911,0.01,24.2647,0.3552
388,000388.png,False,1788871765.672566,1788871765.612566,normal_unload,12,,0.0,0.04787,0.10175,-0.64687,-0.00017,-0.00084,0.00156,0.02018,0.0634,-0.66991,-0.00076,-0.00059,0.00027,-0.00489,0.10168,-0.64864,4,37.9162,362.8268,36.6125,179.2629,0.2837,-95.1911,0.0095,24.3007,0.3193
389,000389.png,False,1788871766.064604,1788871766.004604,normal_unload,12,,0.0,0.04764,0.10047,-0.46934,-0.00017,-0.00069,0.00159,0.01988,0.06202,-0.49244,-0.00076,-0.00044,0.0003,-0.00568,0.1033,-0.47111,3,37.917,362.8259,36.647,179.2632,0.2835,-95.1915,0.0026,24.3352,0.2848
390,000390.png,False,1788871766.260603,1788871766.200603,normal_unload,12,,0.0,0.04847,0.09011,-0.38503,7e-05,-0.00083,0.00154,0.02067,0.0516,-0.40815,-0.00052,-0.00057,0.00024,-0.00037,0.09609,-0.38663,3,37.9183,362.8211,36.6601,179.263,0.2824,-95.1915,0.0079,24.3482,0.2718
391,000391.png,False,1788871766.452618,1788871766.392618,normal_unload,12,,0.0,0.04864,0.08728,-0.22284,6e-05,-0.00076,0.00163,0.02081,0.04872,-0.246,-0.00054,-0.0005,0.00033,7e-05,0.09633,-0.22441,3,37.9176,362.8228,36.6993,179.2633,0.2831,-95.1915,0.0035,24.3874,0.2326
392,000392.png,False,1788871771.333010,1788871771.273010,normal_load,13,,2.0,0.04513,0.07239,-0.11191,0.00054,-0.00089,0.00164,0.01635,0.03253,-0.13584,-7e-05,-0.00063,0.0003,0.0037,0.08345,-0.11323,3,37.9196,362.8123,36.8028,179.2646,0.2782,-95.1941,0.0063,24.4908,0.1292
393,000393.png,False,1788871771.528980,1788871771.468981,normal_load,13,,2.0,0.04471,0.07518,-0.18932,0.00048,-0.00097,0.00171,0.0159,0.03527,-0.21329,-0.00014,-0.0007,0.00037,0.00248,0.08442,-0.19069,3,37.921,362.8103,36.7723,179.265,0.2766,-95.1943,0.001,24.4601,0.1598
394,000394.png,False,1788871771.721014,1788871771.661014,normal_load,13,,2.0,0.04631,0.07706,-0.40292,0.00048,-0.00105,0.00186,0.01746,0.03709,-0.42692,-0.00014,-0.00078,0.00052,0.00441,0.08342,-0.40429,3,37.9201,362.8137,36.6968,179.2649,0.2772,-95.1943,0.0083,24.3848,0.2352
395,000395.png,False,1788871771.917031,1788871771.857031,normal_load,13,,2.0,0.05314,0.09458,-0.65131,0.00014,-0.00105,0.00187,0.02426,0.05456,-0.67534,-0.00048,-0.00078,0.00053,0.0033,0.09803,-0.65296,3,37.9181,362.82,36.6567,179.2644,0.2789,-95.1939,0.0066,24.3447,0.2752
396,000396.png,False,1788871772.113054,1788871772.053054,normal_load,13,,2.0,0.05963,0.11537,-0.81488,-0.00028,-0.00091,0.00179,0.03071,0.0753,-0.83894,-0.0009,-0.00064,0.00045,-0.00034,0.11666,-0.81687,3,37.9166,362.8275,36.62,179.2636,0.2818,-95.1943,0.0012,24.3082,0.3117
397,000397.png,False,1788871772.697063,1788871772.637064,normal_load,13,,2.0,0.07019,0.14818,-1.15476,-0.00099,-0.00087,0.00152,0.04115,0.10796,-1.17892,-0.0016,-0.0006,0.00017,-0.00523,0.14491,-1.1573,3,37.9149,362.8427,36.5591,179.2622,0.2871,-95.1944,0.0058,24.2475,0.3724
398,000398.png,False,1788871776.013309,1788871775.953309,normal_unload,13,,0.0,0.0589,0.12432,-1.67432,-0.00029,-0.00136,0.00177,0.02922,0.08321,-1.69901,-0.00092,-0.00109,0.00039,0.00051,0.11028,-1.67634,3,37.9163,362.8295,36.4784,179.2641,0.2799,-95.195,0.0013,24.1667,0.4533
399,000399.png,False,1788871776.209335,1788871776.149335,normal_unload,13,,0.0,0.05609,0.11772,-1.60155,-0.00017,-0.00134,0.0018,0.02638,0.07656,-1.62627,-0.0008,-0.00107,0.00042,0.00087,0.10433,-1.60346,3,37.918,362.8258,36.4846,179.2647,0.2785,-95.1954,0.0157,24.1727,0.4472
400,000400.png,False,1788871776.601371,1788871776.541371,normal_unload,13,,0.0,0.05783,0.11085,-1.42158,-5e-05,-0.0014,0.00157,0.02804,0.06959,-1.44636,-0.00068,-0.00112,0.00018,0.00456,0.10213,-1.4234,3,37.9173,362.8245,36.5018,179.2646,0.2782,-95.1954,0.0032,24.19,0.43
401,000401.png,False,1788871776.793391,1788871776.733391,normal_unload,13,,0.0,0.05192,0.10468,-1.26387,0.00014,-0.00122,0.00154,0.0221,0.06336,-1.28868,-0.0005,-0.00095,0.00015,0.00144,0.09636,-1.26559,3,37.9188,362.8231,36.5158,179.2649,0.277,-95.1961,0.0076,24.2039,0.416
402,000402.png,False,1788871776.989393,1788871776.929393,normal_unload,13,,0.0,0.05333,0.10456,-1.20342,0.00016,-0.00111,0.00178,0.02347,0.06319,-1.22826,-0.00047,-0.00083,0.00039,0.0023,0.09793,-1.20515,3,37.9178,362.8241,36.5291,179.2651,0.277,-95.1956,0.0015,24.2173,0.4027
403,000403.png,False,1788871777.185385,1788871777.125385,normal_unload,13,,0.0,0.05247,0.10157,-1.13946,0.00023,-0.00121,0.00161,0.02257,0.06014,-1.16434,-0.00041,-0.00093,0.00022,0.00261,0.09593,-1.14116,3,37.9195,362.8201,36.5339,179.2655,0.2758,-95.1961,0.0036,24.222,0.398
404,000404.png,False,1788871777.381447,1788871777.321447,normal_unload,13,,0.0,0.05328,0.09814,-0.95316,0.00022,-0.00115,0.0016,0.02334,0.05667,-0.97807,-0.00042,-0.00088,0.0002,0.00372,0.09635,-0.95482,3,37.9187,362.8219,36.5565,179.2654,0.276,-95.1961,0.0089,24.2446,0.3754
405,000405.png,False,1788871777.573472,1788871777.513472,normal_unload,13,,0.0,0.05371,0.09509,-0.94017,-1e-05,-0.00123,0.00158,0.02373,0.05356,-0.96511,-0.00065,-0.00095,0.00018,0.00553,0.09413,-0.94178,2,37.919,362.8219,36.5585,179.2651,0.2761,-95.1963,0.0015,24.2466,0.3733
406,000406.png,False,1788871777.769462,1788871777.709462,normal_unload,13,,0.0,0.0564,0.10669,-0.77635,-1e-05,-0.00093,0.00174,0.02639,0.06511,-0.80132,-0.00065,-0.00065,0.00034,0.00094,0.10814,-0.7782,3,37.9182,362.8286,36.5817,179.265,0.2774,-95.1965,0.0037,24.27,0.35
407,000407.png,False,1788871778.357474,1788871778.297474,normal_unload,13,,0.0,0.05642,0.10977,-0.55356,-0.00012,-0.00083,0.00164,0.02629,0.06804,-0.57863,-0.00077,-0.00055,0.00024,-0.00214,0.11439,-0.55549,3,37.9172,362.8312,36.6252,179.2648,0.2783,-95.1974,0.007,24.3134,0.3065
408,000408.png,False,1788871778.549496,1788871778.489496,normal_unload,13,,0.0,0.05477,0.09958,-0.45069,-4e-05,-0.00081,0.00169,0.02461,0.05779,-0.47578,-0.00068,-0.00054,0.00029,0.00082,0.10639,-0.45245,3,37.9177,362.8277,36.6427,179.2649,0.277,-95.1974,0.0041,24.3309,0.2891
409,000409.png,False,1788871778.745505,1788871778.685505,normal_unload,13,,0.0,0.05142,0.10014,-0.44608,7e-05,-0.00073,0.00168,0.02122,0.0583,-0.4712,-0.00057,-0.00045,0.00027,-0.0024,0.10527,-0.44785,3,37.9183,362.8259,36.65,179.265,0.2767,-95.1976,0.0022,24.3382,0.2818
410,000410.png,False,1788871784.013794,1788871783.953794,normal_load,14,,2.0,0.03896,0.07137,-0.13957,0.00049,-0.00093,0.00162,0.00775,0.02813,-0.16554,-0.00018,-0.00064,0.00016,-0.00094,0.07905,-0.14086,3,37.9218,362.8081,36.7779,179.2681,0.2658,-95.2011,0.0074,24.4657,0.1542
411,000411.png,False,1788871784.209809,1788871784.149809,normal_load,14,,2.0,0.03944,0.0723,-0.31802,0.00064,-0.00093,0.00176,0.00819,0.02901,-0.34402,-2e-05,-0.00064,0.0003,0.00024,0.07723,-0.31931,3,37.9207,362.8138,36.7076,179.2678,0.2671,-95.2009,0.0026,24.3956,0.2244
412,000412.png,False,1788871784.405855,1788871784.345855,normal_load,14,,2.0,0.04434,0.09322,-0.60536,0.00027,-0.00086,0.00168,0.01305,0.04988,-0.6314,-0.00039,-0.00057,0.00022,-0.00397,0.0932,-0.60698,3,37.9206,362.8155,36.6558,179.2679,0.2667,-95.2011,0.0022,24.3438,0.2762
413,000413.png,False,1788871784.597840,1788871784.537840,normal_load,14,,2.0,0.04915,0.11668,-0.77082,-0.00036,-0.00085,0.00159,0.01782,0.07328,-0.79689,-0.00103,-0.00056,0.00013,-0.01038,0.11326,-0.77283,3,37.9182,362.8277,36.6185,179.2663,0.2717,-95.2011,0.0086,24.3066,0.3133
414,000414.png,False,1788871784.793853,1788871784.733853,normal_load,14,,2.0,0.05267,0.12072,-0.95523,-0.00031,-0.0009,0.00188,0.02131,0.07727,-0.98133,-0.00098,-0.00061,0.00042,-0.00807,0.11557,-0.95729,3,37.9172,362.8271,36.5954,179.2666,0.2715,-95.2009,0.0033,24.2836,0.3363
415,000415.png,False,1788871785.185964,1788871785.125964,normal_load,14,,2.0,0.05854,0.13414,-1.10129,-0.00077,-0.00093,0.00191,0.0271,0.09058,-1.12745,-0.00144,-0.00064,0.00045,-0.00868,0.12778,-1.10356,3,37.9159,362.8329,36.5645,179.2655,0.2748,-95.2009,0.0078,24.2528,0.3672
416,000416.png,False,1788871788.698193,1788871788.638193,normal_unload,14,,0.0,0.05573,0.12991,-1.65927,-0.00046,-0.00129,0.00173,0.02362,0.08542,-1.68599,-0.00114,-0.001,0.00024,-0.00513,0.11377,-1.66138,3,37.9168,362.8294,36.4742,179.267,0.27,-95.2011,0.0082,24.1624,0.4575
417,000417.png,False,1788871788.890235,1788871788.830235,normal_unload,14,,0.0,0.05292,0.12312,-1.57154,-0.00016,-0.00127,0.00177,0.02077,0.07857,-1.59829,-0.00085,-0.00097,0.00027,-0.00477,0.1079,-1.57354,3,37.9188,362.826,36.4827,179.2675,0.2681,-95.2015,0.001,24.1709,0.4491
418,000418.png,False,1788871789.086162,1788871789.026162,normal_unload,14,,0.0,0.0517,0.12034,-1.51341,-8e-05,-0.00116,0.00172,0.01951,0.07575,-1.54019,-0.00077,-0.00087,0.00022,-0.00485,0.10581,-1.51537,3,37.9179,362.8288,36.4929,179.2675,0.2674,-95.2015,0.006,24.1812,0.4388
419,000419.png,False,1788871789.282171,1788871789.222171,normal_unload,14,,0.0,0.05101,0.11807,-1.45811,-9e-05,-0.0013,0.00173,0.01879,0.07342,-1.48492,-0.00078,-0.001,0.00023,-0.00469,0.10439,-1.46004,3,37.9182,362.8241,36.4942,179.2678,0.2669,-95.2013,0.0091,24.1823,0.4376
420,000420.png,False,1788871789.478184,1788871789.418185,normal_unload,14,,0.0,0.05297,0.11836,-1.33733,-0.00011,-0.00119,0.00179,0.02071,0.07366,-1.36417,-0.0008,-0.00089,0.00029,-0.00398,0.10755,-1.33928,3,37.9181,362.8268,36.5088,179.2675,0.2674,-95.2015,0.0042,24.1969,0.423
421,000421.png,False,1788871790.062362,1788871790.002362,normal_unload,14,,0.0,0.05459,0.11885,-1.03303,-0.00024,-0.00103,0.00158,0.02222,0.07399,-1.05997,-0.00093,-0.00073,7e-05,-0.00493,0.11366,-1.03505,3,37.9181,362.8302,36.5425,179.2675,0.2679,-95.2015,0.0027,24.2308,0.3892
422,000422.png,False,1788871790.258327,1788871790.198328,normal_unload,14,,0.0,0.05357,0.11685,-1.01742,-0.00016,-0.00098,0.00162,0.02115,0.07194,-1.04439,-0.00085,-0.00068,0.00011,-0.00493,0.11167,-1.0194,3,37.9182,362.8287,36.5464,179.2675,0.2674,-95.2017,0.0084,24.2346,0.3854
423,000423.png,False,1788871790.646397,1788871790.586397,normal_unload,14,,0.0,0.05125,0.10752,-0.87667,6e-05,-0.001,0.0017,0.01876,0.06252,-0.9037,-0.00063,-0.0007,0.00019,-0.00325,0.10469,-0.8785,3,37.9192,362.8214,36.5692,179.268,0.2653,-95.2017,0.0037,24.2573,0.3627
424,000424.png,False,1788871790.842353,1788871790.782353,normal_unload,14,,0.0,0.05109,0.10962,-0.69159,-4e-05,-0.00093,0.00182,0.01857,0.06456,-0.71865,-0.00073,-0.00063,0.00031,-0.00572,0.10939,-0.69349,3,37.9184,362.8265,36.5938,179.2678,0.2662,-95.2017,0.0089,24.282,0.338
425,000425.png,False,1788871791.038393,1788871790.978394,normal_unload,14,,0.0,0.04996,0.103,-0.55628,9e-05,-0.00088,0.00163,0.01739,0.05789,-0.58337,-0.0006,-0.00058,0.00011,-0.00433,0.10526,-0.55808,3,37.9181,362.8269,36.6163,179.2674,0.2677,-95.2019,0.0056,24.3045,0.3155
426,000426.png,False,1788871791.426419,1788871791.366419,normal_unload,14,,0.0,0.05383,0.10959,-0.44793,5e-05,-0.00071,0.00177,0.02119,0.06437,-0.47509,-0.00064,-0.00041,0.00025,-0.00502,0.11464,-0.44987,3,37.9182,362.8292,36.6452,179.2678,0.2671,-95.2022,0.0092,24.3334,0.2866
427,000427.png,False,1788871795.526734,1788871795.466734,normal_load,15,,2.0,0.04449,0.07078,-0.21842,0.00095,-0.00095,0.00166,0.01107,0.02447,-0.24623,0.00024,-0.00065,0.0001,0.00469,0.08004,-0.2197,3,37.9226,362.8039,36.7236,179.2699,0.2593,-95.2043,0.0028,24.4114,0.2086
428,000428.png,False,1788871795.914809,1788871795.854809,normal_load,15,,2.0,0.06139,0.11577,-0.68764,-0.00016,-0.00098,0.00145,0.02789,0.06936,-0.71551,-0.00088,-0.00067,-0.00011,0.00011,0.11993,-0.68967,3,37.9179,362.8307,36.6243,179.2675,0.2681,-95.2043,0.0012,24.3125,0.3074
429,000429.png,False,1788871796.110747,1788871796.050747,normal_load,15,,2.0,0.06462,0.13049,-0.95953,-0.00033,-0.00094,0.00167,0.03108,0.08402,-0.98743,-0.00104,-0.00063,0.00011,-0.00257,0.12993,-0.96177,3,37.9177,362.8305,36.587,179.2673,0.2678,-95.2046,0.0069,24.2752,0.3447
430,000430.png,False,1788871796.498815,1788871796.438815,normal_load,15,,2.0,0.06728,0.14454,-1.06024,-0.00069,-0.00074,0.00168,0.03366,0.09797,-1.08821,-0.00141,-0.00043,0.00012,-0.00659,0.14181,-1.06272,3,37.9156,362.8396,36.5695,179.266,0.2727,-95.2046,0.0076,24.2579,0.362
431,000431.png,False,1788871796.694815,1788871796.634815,normal_load,15,,2.0,0.07657,0.16547,-1.29592,-0.00117,-0.0009,0.00156,0.04291,0.11884,-1.32392,-0.00189,-0.00059,-1e-05,-0.00736,0.1608,-1.29875,3,37.9146,362.8474,36.5373,179.2655,0.2752,-95.205,0.0073,24.2259,0.3941
432,000432.png,False,1788871800.206954,1788871800.146955,normal_unload,15,,0.0,0.06716,0.14069,-1.67017,-0.00058,-0.0014,0.00195,0.03283,0.09314,-1.69874,-0.00131,-0.00108,0.00036,-0.00054,0.12866,-1.67249,3,37.9162,362.8362,36.4704,179.2674,0.2674,-95.205,0.0073,24.1588,0.4612
433,000433.png,False,1788871800.402968,1788871800.342968,normal_unload,15,,0.0,0.06554,0.13496,-1.59911,-0.00042,-0.0013,0.00219,0.03117,0.08735,-1.6277,-0.00115,-0.00098,0.00059,0.00043,0.12402,-1.60134,3,37.9165,362.8341,36.4795,179.2677,0.2663,-95.2056,0.0082,24.1678,0.4521
434,000434.png,False,1788871800.598979,1788871800.538980,normal_unload,15,,0.0,0.0674,0.13502,-1.54266,-0.00039,-0.00126,0.00241,0.033,0.08736,-1.57128,-0.00112,-0.00094,0.00081,0.00162,0.1259,-1.5449,3,37.9165,362.8353,36.4911,179.2676,0.2668,-95.2059,0.0016,24.1795,0.4405
435,000435.png,False,1788871801.571055,1788871801.511055,normal_unload,15,,0.0,0.07062,0.14132,-1.06397,-0.00076,-0.0009,0.00187,0.03603,0.0934,-1.09275,-0.0015,-0.00058,0.00025,-0.00205,0.14064,-1.0664,3,37.9156,362.8413,36.5397,179.2675,0.267,-95.2059,0.0054,24.2282,0.3918
436,000436.png,False,1788871801.767151,1788871801.707151,normal_unload,15,,0.0,0.06625,0.12938,-0.98038,-0.00051,-0.00095,0.00189,0.03162,0.08141,-1.00919,-0.00125,-0.00063,0.00027,-0.00046,0.12945,-0.9826,3,37.9163,362.8371,36.5485,179.2678,0.2659,-95.2059,0.0002,24.2369,0.3831
437,000437.png,False,1788871801.963081,1788871801.903081,normal_unload,15,,0.0,0.06692,0.12597,-0.81349,-0.00045,-0.00091,0.00191,0.03225,0.07795,-0.84233,-0.00119,-0.00059,0.0003,0.00066,0.12951,-0.81568,3,37.9165,362.8371,36.5729,179.2677,0.2663,-95.2059,0.0065,24.2612,0.3587
438,000438.png,False,1788871802.159173,1788871802.099173,normal_unload,15,,0.0,0.06129,0.11864,-0.74423,-0.0002,-0.00085,0.00172,0.02658,0.07056,-0.77311,-0.00094,-0.00053,0.0001,-0.00103,0.12145,-0.7463,3,37.9161,362.8352,36.5814,179.2679,0.2657,-95.2059,0.0085,24.2698,0.3502
439,000439.png,False,1788871802.547230,1788871802.487230,normal_unload,15,,0.0,0.06562,0.11763,-0.56435,-0.00023,-0.00087,0.00176,0.03084,0.06945,-0.59328,-0.00098,-0.00055,0.00014,0.00198,0.12562,-0.56643,3,37.9165,362.8364,36.6132,179.2677,0.2666,-95.2061,0.0054,24.3015,0.3184
440,000440.png,False,1788871802.743136,1788871802.683136,normal_unload,15,,0.0,0.06331,0.11695,-0.46877,-0.00011,-0.00062,0.00206,0.02849,0.06872,-0.49774,-0.00085,-0.0003,0.00044,-0.00034,0.12541,-0.47086,3,37.9163,362.837,36.6338,179.2675,0.267,-95.2061,0.0098,24.3222,0.2978
441,000441.png,False,1788871802.939151,1788871802.879151,normal_unload,15,,0.0,0.06151,0.11322,-0.43368,-0.00027,-0.00075,0.00183,0.02666,0.06494,-0.46268,-0.00102,-0.00043,0.0002,-0.00028,0.12185,-0.4357,3,37.9154,362.8361,36.6401,179.2679,0.2664,-95.2059,0.0049,24.3284,0.2915
442,000442.png,False,1788871807.619496,1788871807.559496,normal_load,16,,2.0,0.0502,0.07189,-0.14028,0.00062,-0.00079,0.00188,0.01444,0.02235,-0.17003,-0.00014,-0.00046,0.00021,0.00854,0.08509,-0.14161,3,37.9208,362.8091,36.7721,179.2715,0.2531,-95.2087,0.0084,24.46,0.16
443,000443.png,False,1788871808.011637,1788871807.951638,normal_load,16,,2.0,0.05588,0.09943,-0.57852,9e-05,-0.00088,0.00187,0.02005,0.04979,-0.60833,-0.00068,-0.00055,0.00021,0.00274,0.10476,-0.58027,3,37.9175,362.8226,36.6512,179.2703,0.2569,-95.2087,0.0016,24.3393,0.2807
444,000444.png,False,1788871808.207530,1788871808.147531,normal_load,16,,2.0,0.06613,0.11657,-0.86259,-0.00039,-0.00091,0.00188,0.03026,0.06688,-0.89244,-0.00116,-0.00057,0.00021,0.00502,0.12018,-0.86462,3,37.9172,362.8289,36.603,179.2697,0.2596,-95.2085,0.0037,24.2913,0.3287
445,000445.png,False,1788871808.791685,1788871808.731685,normal_load,16,,2.0,0.07545,0.15409,-1.32152,-0.00113,-0.00081,0.00194,0.03947,0.10425,-1.35145,-0.0019,-0.00048,0.00026,-0.00247,0.14999,-1.32414,3,37.9142,362.8447,36.5368,179.268,0.2662,-95.2087,0.0031,24.2253,0.3946
446,000446.png,False,1788871811.523864,1788871811.463864,normal_unload,16,,0.0,0.06765,0.13721,-1.71132,-0.00057,-0.00128,0.002,0.03114,0.08664,-1.74169,-0.00135,-0.00094,0.0003,0.00191,0.12522,-1.71358,3,37.917,362.8327,36.4699,179.2697,0.2587,-95.2093,0.0019,24.1582,0.4618
447,000447.png,False,1788871811.719901,1788871811.659901,normal_unload,16,,0.0,0.06492,0.1258,-1.63125,-0.00031,-0.00131,0.00201,0.02838,0.07517,-1.66165,-0.00109,-0.00098,0.00031,0.0047,0.11526,-1.63331,3,37.9175,362.8294,36.4789,179.2703,0.2568,-95.2095,0.0034,24.1671,0.4528
448,000448.png,False,1788871811.911919,1788871811.851919,normal_unload,16,,0.0,0.06242,0.11948,-1.52655,-7e-05,-0.00131,0.00201,0.02583,0.06881,-1.55699,-0.00085,-0.00098,0.00031,0.00495,0.11021,-1.52852,3,37.9173,362.8274,36.4871,179.2706,0.2556,-95.2091,0.0067,24.1754,0.4446
449,000449.png,False,1788871812.107932,1788871812.047932,normal_unload,16,,0.0,0.063,0.1201,-1.48086,-0.00018,-0.0013,0.00205,0.02639,0.06937,-1.51133,-0.00096,-0.00096,0.00034,0.00484,0.11177,-1.48285,3,37.9169,362.8294,36.4989,179.2705,0.2567,-95.2091,0.0,24.1872,0.4328
450,000450.png,False,1788871812.303946,1788871812.243946,normal_unload,16,,0.0,0.06257,0.12174,-1.35427,-0.00022,-0.00119,0.00197,0.02592,0.07096,-1.38477,-0.001,-0.00085,0.00026,0.00277,0.11501,-1.3563,3,37.9178,362.8273,36.5049,179.2703,0.2559,-95.2098,0.0049,24.1931,0.4268
451,000451.png,False,1788871812.499959,1788871812.439960,normal_unload,16,,0.0,0.06371,0.11599,-1.17713,-0.00017,-0.00107,0.00188,0.02701,0.06515,-1.20766,-0.00095,-0.00073,0.00017,0.00539,0.11343,-1.17909,3,37.9172,362.828,36.5231,179.2704,0.2562,-95.2093,0.01,24.2113,0.4087
452,000452.png,False,1788871812.691957,1788871812.631957,normal_unload,16,,0.0,0.0635,0.11623,-1.17176,-4e-05,-0.00106,0.00178,0.02677,0.06535,-1.20232,-0.00082,-0.00072,7e-05,0.00506,0.11363,-1.17372,3,37.9182,362.8269,36.5254,179.2704,0.2562,-95.2098,0.0011,24.2136,0.4064
453,000453.png,False,1788871813.476012,1788871813.416012,normal_unload,16,,0.0,0.06178,0.11095,-0.83166,-8e-05,-0.00097,0.00185,0.0249,0.05985,-0.86234,-0.00087,-0.00063,0.00013,0.00385,0.11364,-0.83358,3,37.9178,362.8287,36.5732,179.2703,0.2566,-95.2102,0.0099,24.2615,0.3585
454,000454.png,False,1788871813.668005,1788871813.608005,normal_unload,16,,0.0,0.05861,0.10813,-0.72172,0.0001,-0.0008,0.00191,0.02169,0.05698,-0.75243,-0.00069,-0.00046,0.00019,0.00175,0.11137,-0.7236,3,37.918,362.8271,36.5886,179.2707,0.2554,-95.2104,0.0007,24.2767,0.3432
455,000455.png,False,1788871813.863935,1788871813.803935,normal_unload,16,,0.0,0.06192,0.10973,-0.57433,-0.00019,-0.00089,0.00173,0.02496,0.05853,-0.60508,-0.00097,-0.00055,1e-05,0.0028,0.11677,-0.57627,3,37.9164,362.8308,36.6105,179.2702,0.257,-95.2102,0.0045,24.2988,0.3212
456,000456.png,False,1788871814.059949,1788871813.999949,normal_unload,16,,0.0,0.06402,0.10846,-0.52332,-0.00012,-0.00086,0.00183,0.02702,0.05721,-0.5541,-0.00091,-0.00052,0.0001,0.00489,0.11754,-0.52525,3,37.9176,362.8299,36.6205,179.2705,0.256,-95.2104,0.0094,24.3087,0.3112
457,000457.png,False,1788871814.256043,1788871814.196043,normal_unload,16,,0.0,0.06317,0.10687,-0.40711,-0.00024,-0.00085,0.00193,0.02614,0.05556,-0.43792,-0.00103,-0.0005,0.0002,0.00415,0.1176,-0.40903,3,37.9176,362.8309,36.6426,179.2707,0.2561,-95.2104,0.0058,24.3308,0.2891
458,000458.png,False,1788871814.447989,1788871814.387989,normal_unload,16,,0.0,0.06197,0.10771,-0.38515,-0.00013,-0.00066,0.00196,0.0249,0.05635,-0.41599,-0.00092,-0.00032,0.00023,0.00254,0.11808,-0.38708,3,37.9166,362.8337,36.6535,179.2705,0.2558,-95.2106,0.0032,24.3418,0.2782
459,000459.png,False,1788871814.643992,1788871814.583992,normal_unload,16,,0.0,0.06316,0.10531,-0.22129,-0.00017,-0.00072,0.00198,0.02605,0.0539,-0.25216,-0.00096,-0.00038,0.00025,0.00363,0.11922,-0.22321,3,37.9161,362.8353,36.6911,179.2707,0.2554,-95.2106,0.0084,24.3794,0.2405
460,000460.png,False,1788871819.524417,1788871819.464417,normal_load,17,,2.0,0.06049,0.10166,-0.57309,0.00012,-0.00088,0.00181,0.02244,0.04896,-0.60474,-0.0007,-0.00053,4e-05,0.00558,0.10909,-0.57488,3,37.918,362.8258,36.6531,179.2734,0.2459,-95.2139,0.0095,24.3412,0.2787
461,000461.png,False,1788871819.716356,1788871819.656356,normal_load,17,,2.0,0.06643,0.11057,-0.79473,-0.0001,-0.00092,0.00206,0.02835,0.05781,-0.82641,-0.00092,-0.00057,0.00029,0.00781,0.11623,-0.79665,3,37.9165,362.8298,36.6164,179.2721,0.249,-95.2137,0.0078,24.3047,0.3153
462,000462.png,False,1788871819.912372,1788871819.852372,normal_load,17,,2.0,0.07172,0.13088,-0.94183,-0.00043,-0.0008,0.00183,0.0336,0.07807,-0.97355,-0.00124,-0.00044,5e-05,0.00327,0.1341,-0.9441,3,37.916,362.8388,36.589,179.2716,0.2517,-95.2143,0.0074,24.2774,0.3425
463,000463.png,False,1788871823.816761,1788871823.756762,normal_unload,17,,0.0,0.05637,0.11431,-1.74579,0.00015,-0.00138,0.00224,0.0175,0.06046,-1.77813,-0.00068,-0.00102,0.00043,0.00382,0.0992,-1.74762,3,37.9184,362.8278,36.4619,179.2734,0.2461,-95.215,0.0043,24.1501,0.4699
464,000464.png,False,1788871824.204787,1788871824.144787,normal_unload,17,,0.0,0.05878,0.12116,-1.5432,0.00012,-0.00105,0.00219,0.01984,0.0672,-1.5756,-0.00071,-0.00069,0.00037,0.00108,0.10958,-1.54518,3,37.9171,362.8308,36.4831,179.273,0.2465,-95.215,0.0099,24.1714,0.4486
465,000465.png,False,1788871825.180834,1788871825.120834,normal_unload,17,,0.0,0.06051,0.12387,-1.10477,-5e-05,-0.00075,0.00191,0.02138,0.06966,-1.13733,-0.00088,-0.00039,8e-05,-0.00181,0.11982,-1.10687,3,37.9152,362.8366,36.5288,179.273,0.2467,-95.2154,0.0009,24.2171,0.4028
466,000466.png,False,1788871825.568877,1788871825.508877,normal_unload,17,,0.0,0.06066,0.11296,-0.95729,4e-05,-0.00092,0.00185,0.02145,0.05864,-0.98992,-0.0008,-0.00056,2e-05,0.00275,0.1128,-0.95923,3,37.9167,362.8346,36.5484,179.2731,0.2463,-95.2156,0.0013,24.2368,0.3832
467,000467.png,False,1788871826.352869,1788871826.292869,normal_unload,17,,0.0,0.05762,0.10648,-0.61274,0.00012,-0.00075,0.00196,0.01826,0.05196,-0.64549,-0.00072,-0.00039,0.00012,0.00096,0.1112,-0.61461,3,37.9168,362.8345,36.6117,179.2732,0.2458,-95.2163,0.0,24.3,0.32
468,000468.png,False,1788871832.009337,1788871831.949337,normal_load,18,,2.0,0.05185,0.0731,-0.10148,0.00088,-0.00071,0.00207,0.01141,0.01706,-0.13513,1e-05,-0.00034,0.00018,0.0091,0.08759,-0.10283,3,37.9208,362.8138,36.792,179.2752,0.2393,-95.2206,0.0055,24.48,0.14
469,000469.png,False,1788871832.205332,1788871832.145332,normal_load,18,,2.0,0.05197,0.07994,-0.37225,0.00082,-0.00085,0.00197,0.01149,0.02385,-0.40593,-4e-05,-0.00048,8e-05,0.00766,0.08924,-0.37368,3,37.9201,362.8109,36.6912,179.2756,0.2379,-95.2204,0.0032,24.3791,0.2408
470,000470.png,False,1788871832.397353,1788871832.337353,normal_load,18,,2.0,0.0555,0.09477,-0.4662,0.00028,-0.00093,0.00194,0.01498,0.03863,-0.49992,-0.00058,-0.00056,5e-05,0.00396,0.10234,-0.46789,3,37.9195,362.8189,36.6686,179.2748,0.2406,-95.2208,0.0066,24.3567,0.2633
471,000471.png,False,1788871832.593364,1788871832.533364,normal_load,18,,2.0,0.06438,0.118,-0.7835,-0.00018,-0.00085,0.00213,0.02382,0.0618,-0.81724,-0.00104,-0.00048,0.00024,0.00224,0.12181,-0.78555,3,37.9179,362.8303,36.6066,179.2737,0.2448,-95.2206,0.0075,24.2948,0.3251
472,000472.png,False,1788871832.789377,1788871832.729377,normal_load,18,,2.0,0.06657,0.12454,-0.8343,-0.00029,-0.00079,0.00209,0.02597,0.0683,-0.86808,-0.00116,-0.00042,0.00019,0.00122,0.12776,-0.83647,3,37.9163,362.833,36.6044,179.2733,0.2461,-95.2206,0.0009,24.2927,0.3272
473,000473.png,False,1788871832.985424,1788871832.925424,normal_load,18,,2.0,0.08096,0.15547,-0.98902,-0.00089,-0.00058,0.00198,0.04032,0.09918,-1.02282,-0.00175,-0.00021,9e-05,-0.0007,0.15926,-0.99172,3,37.9131,362.8491,36.5816,179.2713,0.2527,-95.2206,0.0048,24.2701,0.3498
474,000474.png,False,1788871833.181386,1788871833.121387,normal_load,18,,2.0,0.07776,0.1558,-1.06876,-0.00096,-0.00064,0.00204,0.03708,0.09945,-1.1026,-0.00183,-0.00026,0.00014,-0.00308,0.15666,-1.07146,3,37.9131,362.852,36.5663,179.2711,0.2536,-95.2208,0.0095,24.2549,0.3651
475,000475.png,False,1788871836.689667,1788871836.629668,normal_unload,18,,0.0,0.06128,0.11401,-1.69077,0.0003,-0.00129,0.00226,0.01994,0.05673,-1.72517,-0.00058,-0.00091,0.00033,0.00785,0.10228,-1.69261,3,37.9182,362.8256,36.466,179.2749,0.2401,-95.223,0.0081,24.1542,0.4657
476,000476.png,False,1788871836.885680,1788871836.825680,normal_unload,18,,0.0,0.0575,0.10914,-1.56756,0.00033,-0.00132,0.00218,0.01612,0.0518,-1.602,-0.00055,-0.00094,0.00026,0.00615,0.09814,-1.56933,3,37.9192,362.821,36.4777,179.2753,0.2378,-95.2234,0.0043,24.1658,0.4541
477,000477.png,False,1788871837.081753,1788871837.021753,normal_unload,18,,0.0,0.05898,0.10641,-1.53991,0.0003,-0.00133,0.00221,0.01756,0.04902,-1.57437,-0.00058,-0.00095,0.00028,0.0086,0.09696,-1.54164,3,37.9196,362.8219,36.4797,179.2755,0.238,-95.2234,0.0102,24.1678,0.4522
478,000478.png,False,1788871837.473732,1788871837.413733,normal_unload,18,,0.0,0.06473,0.11118,-1.29194,7e-05,-0.0012,0.00192,0.02323,0.05369,-1.32647,-0.00081,-0.00081,-2e-05,0.00948,0.10794,-1.2938,4,37.9171,362.8281,36.5055,179.275,0.2397,-95.2237,0.0017,24.1938,0.4262
479,000479.png,False,1788871838.253804,1788871838.193805,normal_unload,18,,0.0,0.05796,0.0922,-0.81786,0.00039,-0.00108,0.0019,0.01631,0.0345,-0.85251,-0.0005,-0.00069,-4e-05,0.00981,0.09572,-0.81945,3,37.918,362.8217,36.565,179.2754,0.2376,-95.2239,0.0045,24.2531,0.3668
480,000480.png,False,1788871838.641793,1788871838.581794,normal_unload,18,,0.0,0.05891,0.09064,-0.63247,0.00037,-0.00097,0.00199,0.01719,0.03283,-0.66718,-0.00052,-0.00059,4e-05,0.01013,0.0978,-0.63406,3,37.9185,362.8236,36.5915,179.2756,0.2383,-95.2243,0.0048,24.2796,0.3403
481,000481.png,False,1788871839.229753,1788871839.169753,normal_unload,18,,0.0,0.05958,0.09368,-0.46618,0.00043,-0.00078,0.00198,0.01774,0.03572,-0.50099,-0.00046,-0.00039,3e-05,0.00804,0.10343,-0.46786,3,37.9183,362.8289,36.6305,179.2755,0.2378,-95.2245,0.0015,24.3187,0.3013
482,000482.png,False,1788871844.494210,1788871844.434211,normal_load,19,,2.0,0.04444,0.06723,-0.12538,0.0009,-0.00074,0.00212,0.00159,0.00787,-0.16103,-1e-05,-0.00034,0.00012,0.00577,0.07842,-0.12662,2,37.9201,362.8114,36.7718,179.279,0.225,-95.2278,0.0024,24.4597,0.1602
483,000483.png,False,1788871844.690231,1788871844.630231,normal_load,19,,2.0,0.0497,0.08271,-0.46715,0.00058,-0.00076,0.00205,0.00681,0.0233,-0.50284,-0.00033,-0.00037,6e-05,0.00496,0.08899,-0.46862,3,37.9188,362.8185,36.6654,179.2784,0.2271,-95.2276,0.0028,24.3534,0.2665
484,000484.png,False,1788871844.886255,1788871844.826255,normal_load,19,,2.0,0.05337,0.09791,-0.53984,0.00028,-0.00069,0.00205,0.01044,0.03844,-0.57555,-0.00063,-0.00029,5e-05,0.00105,0.10282,-0.54156,3,37.9193,362.8235,36.6555,179.278,0.2287,-95.228,0.0088,24.3436,0.2764
485,000485.png,False,1788871845.470290,1788871845.410290,normal_load,19,,2.0,0.07013,0.14676,-1.13093,-0.00071,-0.00072,0.00215,0.02709,0.08714,-1.16674,-0.00163,-0.00032,0.00015,-0.00474,0.14403,-1.13344,3,37.9155,362.8434,36.5604,179.2759,0.2365,-95.228,0.0041,24.2489,0.3711
486,000486.png,False,1788871849.374562,1788871849.314562,normal_unload,19,,0.0,0.06089,0.13568,-1.66856,-0.00032,-0.00093,0.00212,0.0171,0.07501,-1.70499,-0.00125,-0.00052,8e-05,-0.00347,0.1212,-1.67078,3,37.9152,362.839,36.4651,179.2773,0.231,-95.2287,0.0079,24.1535,0.4664
487,000487.png,False,1788871849.566589,1788871849.506589,normal_unload,19,,0.0,0.05721,0.12476,-1.54944,-9e-05,-0.00104,0.00214,0.01338,0.06404,-1.5859,-0.00103,-0.00063,9e-05,-0.00204,0.11181,-1.55148,3,37.9176,362.8332,36.4743,179.278,0.2287,-95.2287,0.0029,24.1627,0.4573
488,000488.png,False,1788871849.762624,1788871849.702624,normal_unload,19,,0.0,0.0603,0.12229,-1.46543,-0.00014,-0.00108,0.00196,0.01644,0.06152,-1.50192,-0.00108,-0.00068,-9e-05,0.00129,0.11257,-1.46745,3,37.9149,362.8376,36.4843,179.2778,0.2294,-95.2284,0.0086,24.1727,0.4472
489,000489.png,False,1788871850.154652,1788871850.094652,normal_unload,19,,0.0,0.06091,0.12632,-1.2185,-0.00035,-0.00088,0.00203,0.01697,0.06545,-1.25505,-0.00129,-0.00048,-2e-05,-0.0019,0.12032,-1.22062,3,37.9158,362.8356,36.5093,179.2778,0.2294,-95.2284,0.0005,24.1976,0.4223
490,000490.png,False,1788871851.322690,1788871851.262691,normal_unload,19,,0.0,0.05294,0.10519,-0.77656,0.00023,-0.0007,0.00203,0.00878,0.044,-0.81331,-0.00071,-0.0003,-3e-05,-0.00131,0.10511,-0.77837,3,37.9164,362.8311,36.5691,179.2784,0.2271,-95.2289,0.0076,24.2573,0.3626
491,000491.png,False,1788871852.102813,1788871852.042813,normal_unload,19,,0.0,0.05497,0.10657,-0.45842,-7e-05,-0.00058,0.002,0.01065,0.04518,-0.49529,-0.00101,-0.00017,-6e-05,-0.00246,0.11242,-0.46031,3,37.9159,362.8366,36.6232,179.2779,0.2283,-95.2291,0.0082,24.3116,0.3084
492,000492.png,False,1788871856.983032,1788871856.923032,normal_load,20,,2.0,0.07224,0.14688,-1.0848,-0.00075,-0.00058,0.00218,0.02699,0.08419,-1.12245,-0.00171,-0.00016,7e-05,-0.00329,0.14593,-1.08733,3,37.9148,362.8472,36.5578,179.2761,0.2356,-95.2326,0.0089,24.2463,0.3737
493,000493.png,False,1788871860.495351,1788871860.435351,normal_unload,20,,0.0,0.06922,0.13276,-1.5676,-0.00039,-0.00103,0.00206,0.0233,0.06913,-1.60582,-0.00137,-0.00061,-8e-05,0.0045,0.12446,-1.56981,4,37.9147,362.84,36.4739,179.2775,0.2297,-95.233,0.0025,24.1624,0.4576
494,000494.png,False,1788871861.663371,1788871861.603371,normal_unload,20,,0.0,0.06739,0.11699,-1.07877,-0.00026,-0.00076,0.0021,0.02124,0.05305,-1.11717,-0.00124,-0.00034,-5e-05,0.0074,0.11772,-1.08077,3,37.9172,362.8356,36.5255,179.2781,0.2282,-95.2343,0.0045,24.2139,0.4061
495,000495.png,False,1788871863.031466,1788871862.971466,normal_unload,20,,0.0,0.07046,0.12066,-0.38357,-0.00039,-0.00038,0.00191,0.02404,0.05636,-0.42219,-0.00138,5e-05,-0.00025,0.00341,0.13356,-0.38575,3,37.9147,362.8436,36.6273,179.2781,0.228,-95.2343,0.0063,24.3158,0.3042
496,000496.png,False,1788871863.223484,1788871863.163484,normal_unload,20,,0.0,0.06658,0.11626,-0.43065,-0.00023,-0.00039,0.00201,0.02013,0.0519,-0.4693,-0.00122,4e-05,-0.00015,0.00258,0.12706,-0.43273,3,37.914,362.8457,36.6294,179.2781,0.228,-95.2345,0.0047,24.3179,0.3021
497,000497.png,False,1788871866.151823,1788871866.091823,normal_load,21,,2.0,0.04867,0.06085,0.03993,0.00109,-0.00045,0.00221,0.00166,-0.00429,0.00081,9e-05,-2e-05,2e-05,0.01148,0.07766,0.03877,3,37.9161,362.8313,36.9618,179.2775,0.2294,-95.2382,0.0029,24.65,-0.03
498,000498.png,False,1788871866.543833,1788871866.483833,normal_load,21,,2.0,0.04951,0.06197,0.06084,0.00103,-0.0005,0.00205,0.00241,-0.00327,0.02166,3e-05,-6e-05,-0.00015,0.0115,0.07939,0.05965,3,37.9183,362.8204,36.9231,179.2786,0.2261,-95.238,0.0073,24.6111,0.0089
499,000499.png,False,1788871866.931786,1788871866.871786,normal_load,21,,2.0,0.05191,0.06651,0.01988,0.00098,-0.00039,0.00221,0.00474,0.00117,-0.01936,-3e-05,4e-05,2e-05,0.0116,0.08386,0.01862,3,37.9199,362.82,36.8411,179.2799,0.2213,-95.2382,0.0056,24.5291,0.0909
500,000500.png,False,1788871867.127855,1788871867.067855,normal_load,21,,2.0,0.05236,0.06628,-0.06239,0.00085,-0.00055,0.00233,0.00516,0.00088,-0.10166,-0.00016,-0.00011,0.00014,0.01267,0.08257,-0.06363,3,37.9201,362.8189,36.7973,179.2799,0.2215,-95.2384,0.0003,24.4853,0.1347
501,000501.png,False,1788871883.125016,1788871883.065017,shear_+X_out,1,+X,0.5,0.0468,0.07262,-1.44955,0.00151,-0.00133,0.00217,-0.00253,0.00427,-1.4906,0.00046,-0.00087,-0.00013,0.01431,0.06306,-1.45068,3,37.9334,362.7415,36.4936,179.2853,0.2021,-95.2447,0.0072,24.1803,0.4396
502,000502.png,False,1788871883.320928,1788871883.260928,shear_+X_out,1,+X,0.5,0.36546,0.36596,-1.07481,-0.00574,0.00653,0.00224,0.31613,0.29761,-1.11586,-0.0068,0.00699,-6e-05,0.14118,0.48234,-1.08172,3,38.0023,362.9525,36.5398,179.2785,0.2267,-95.2413,0.0066,24.2294,0.3905
503,000503.png,False,1788871883.905057,1788871883.845057,shear_+X_back,1,+X,0.0,0.45654,0.07704,-1.16254,0.00132,0.00877,0.00243,0.40721,0.00869,-1.20358,0.00027,0.00923,0.00013,0.36503,0.27622,-1.16461,3,38.1309,362.8691,36.526,179.2838,0.2069,-95.243,0.0035,24.2134,0.4066
504,000504.png,False,1788871884.101079,1788871884.041079,shear_+X_back,1,+X,0.0,0.45605,0.09531,-1.22369,0.00097,0.00891,0.00248,0.40672,0.02697,-1.26473,-8e-05,0.00936,0.00018,0.3559,0.29082,-1.22607,3,38.1286,362.8761,36.5211,179.2841,0.2061,-95.2423,0.0023,24.2086,0.4114
505,000505.png,False,1788871884.297077,1788871884.237077,shear_+X_back,1,+X,0.0,0.16167,-0.2759,-2.33369,0.01048,0.00129,0.00247,0.11234,-0.34425,-2.37474,0.00943,0.00175,0.00017,0.29407,-0.19555,-2.32888,3,38.0951,362.6728,36.4078,179.2949,0.1655,-95.2506,0.0071,24.0924,0.5276
506,000506.png,False,1788871884.685117,1788871884.625118,shear_-X_out,1,-X,0.5,0.12774,-0.26478,-1.11556,0.00948,0.00093,0.00253,0.07841,-0.33313,-1.15661,0.00843,0.00138,0.00024,0.25068,-0.18336,-1.11106,3,38.0858,362.6065,36.5126,179.2954,0.1626,-95.2954,0.0028,24.1961,0.4238
507,000507.png,False,1788871885.857109,1788871885.797109,shear_-X_back,1,-X,0.0,-0.50502,-0.00426,-1.91972,0.00381,-0.01499,0.00223,-0.55435,-0.0726,-1.96077,0.00275,-0.01453,-7e-05,-0.42202,-0.28678,-1.91834,2,37.7425,362.5568,36.4355,179.2996,0.1487,-95.2882,0.0157,24.1206,0.4994
508,000508.png,False,1788871886.053202,1788871885.993202,shear_-X_back,1,-X,0.0,-0.02538,0.13082,-1.71658,0.0003,-0.00317,0.00231,-0.07472,0.06247,-1.75762,-0.00076,-0.00271,1e-05,-0.07545,0.07311,-1.71853,3,37.8993,362.6828,36.4477,179.2956,0.1621,-95.2999,0.0014,24.1337,0.4862
509,000509.png,False,1788871886.249213,1788871886.189213,shear_-X_back,1,-X,0.0,-0.20555,-0.28165,-1.585,0.01018,-0.00746,0.00242,-0.25488,-0.34999,-1.62604,0.00913,-0.007,0.00012,-0.02634,-0.37202,-1.57946,3,37.9153,362.5313,36.4681,179.3002,0.1463,-95.2906,0.0045,24.1516,0.4684
510,000510.png,False,1788871886.441229,1788871886.381229,shear_-Y_out,1,-Y,0.5,0.02511,0.31373,-1.444,-0.00419,-0.00173,0.00228,-0.02422,0.24539,-1.48505,-0.00524,-0.00127,-2e-05,-0.12499,0.26113,-1.44927,3,37.8711,362.8216,36.506,179.2919,0.176,-95.2762,0.0066,24.1944,0.4256
511,000511.png,False,1788871886.637254,1788871886.577254,shear_-Y_out,1,-Y,0.5,-0.02248,0.03617,-1.03838,0.00221,-0.00268,0.00211,-0.07182,-0.03218,-1.07943,0.00115,-0.00222,-0.00019,-0.03034,0.00346,-1.03881,4,37.9381,362.6435,36.5183,179.2948,0.1655,-95.2767,0.0074,24.2034,0.4165
512,000512.png,False,1788871886.833278,1788871886.773278,shear_-Y_out,1,-Y,0.5,0.01024,-0.28429,-0.97011,0.00997,-0.0018,0.00235,-0.03909,-0.35263,-1.01115,0.00892,-0.00135,5e-05,0.15764,-0.25663,-0.96505,3,37.9983,362.6161,36.5407,179.2918,0.1779,-95.2739,0.0012,24.2249,0.395
513,000513.png,False,1788871887.029274,1788871886.969275,shear_-Y_out,1,-Y,0.5,0.02514,-0.20445,-0.98828,0.00796,-0.00134,0.00241,-0.0242,-0.2728,-1.02932,0.00691,-0.00088,0.00011,0.13078,-0.18034,-0.98463,3,38.0012,362.6046,36.5297,179.2922,0.1753,-95.2749,0.0052,24.2138,0.4062
514,000514.png,False,1788871888.197343,1788871888.137343,shear_-Y_back,1,-Y,0.0,0.04209,-0.63341,-1.23752,0.0185,-0.0011,0.0025,-0.00725,-0.70176,-1.27856,0.01745,-0.00065,0.0002,0.3615,-0.54737,-1.22643,2,38.1419,362.3838,36.5034,179.2921,0.1762,-95.2773,0.0101,24.183,0.437
515,000515.png,False,1788871888.393378,1788871888.333378,shear_-Y_back,1,-Y,0.0,-0.08547,0.11772,-1.3527,0.00059,-0.00433,0.00216,-0.1348,0.04937,-1.39374,-0.00046,-0.00387,-0.00014,-0.12347,0.03758,-1.35436,3,37.888,362.7115,36.5,179.2886,0.1888,-95.2556,0.0037,24.1866,0.4334
516,000516.png,False,1788871888.785409,1788871888.725410,shear_+Y_out,1,+Y,0.5,-0.06781,0.11724,-1.18875,0.00047,-0.00385,0.0024,-0.11714,0.04889,-1.22979,-0.00058,-0.0034,0.0001,-0.10907,0.04861,-1.19047,3,37.8751,362.7408,36.525,179.2989,0.152,-95.2512,0.0069,24.2121,0.4079
517,000517.png,False,1788871889.173454,1788871889.113454,shear_+Y_out,1,+Y,0.5,-0.04221,0.52038,-1.15736,-0.00937,-0.00318,0.0023,-0.09154,0.45204,-1.1984,-0.01042,-0.00272,0.0,-0.28853,0.41106,-1.16612,3,37.7841,362.8899,36.5238,179.3001,0.147,-95.2538,0.0027,24.2139,0.4061
518,000518.png,False,1788871889.761497,1788871889.701497,shear_+Y_back,1,+Y,0.0,-0.00278,0.56553,-1.08241,-0.01046,-0.00223,0.00242,-0.05212,0.49718,-1.12346,-0.01152,-0.00178,0.00013,-0.27746,0.47106,-1.09205,3,37.773,362.9607,36.5384,179.2982,0.1548,-95.2547,0.0043,24.2297,0.3902
519,000519.png,False,1788871890.149422,1788871890.089422,shear_+Y_back,1,+Y,0.0,-0.15498,0.43131,-1.40808,-0.00717,-0.00616,0.00236,-0.20432,0.36296,-1.44913,-0.00823,-0.00571,6e-05,-0.33998,0.27355,-1.41504,3,37.7468,362.8318,36.4916,179.3017,0.1424,-95.2312,0.0059,24.1811,0.4389
520,000520.png,False,1788871890.345557,1788871890.285558,shear_+Y_back,1,+Y,0.0,-0.24435,0.02092,-1.98242,0.003,-0.0086,0.00235,-0.29368,-0.04743,-2.02347,0.00195,-0.00814,5e-05,-0.20837,-0.13573,-1.982,3,37.7957,362.7082,36.4498,179.3094,0.1138,-95.2155,0.001,24.137,0.483
521,000521.png,False,1788871890.541510,1788871890.481510,shear_+Y_back,1,+Y,0.0,-0.05227,0.07544,-1.09352,0.00121,-0.00343,0.00225,-0.10161,0.0071,-1.13456,0.00016,-0.00298,-5e-05,-0.07539,0.0217,-1.09455,3,37.8771,362.7083,36.5256,179.307,0.1227,-95.2238,0.0074,24.2122,0.4077
522,000522.png,False,1788871890.929476,1788871890.869476,shear_+Y_back,1,+Y,0.0,0.09134,0.05966,-2.30741,0.00211,-0.00046,0.00244,0.04201,-0.00868,-2.34845,0.00106,-1e-05,0.00014,0.06531,0.06035,-2.30827,3,37.9458,362.745,36.4128,179.3021,0.1409,-95.2255,0.0033,24.0995,0.5204
523,000523.png,False,1788871891.513611,1788871891.453611,shear_+X_out,2,+X,0.5,0.46969,0.35442,-1.34464,-0.00544,0.00915,0.00239,0.42036,0.28607,-1.38569,-0.00649,0.00961,0.0001,0.2391,0.5201,-1.35152,3,38.0593,362.9566,36.4907,179.2957,0.1645,-95.2203,0.0053,24.18,0.44
524,000524.png,False,1788871892.297692,1788871892.237692,shear_+X_back,2,+X,0.0,0.55168,0.08603,-1.66637,0.00112,0.01111,0.00248,0.50235,0.01768,-1.70741,6e-05,0.01157,0.00018,0.44645,0.32347,-1.66871,3,38.148,362.881,36.4592,179.3002,0.1469,-95.2244,0.0095,24.1467,0.4733
525,000525.png,False,1788871892.685692,1788871892.625692,shear_+X_back,2,+X,0.0,0.51191,0.22573,-3.02724,-0.00169,0.00977,0.0027,0.46257,0.15739,-3.06829,-0.00274,0.01022,0.0004,0.35163,0.40279,-3.03172,3,38.1208,362.8558,36.3446,179.3105,0.1081,-95.2705,0.005,24.0319,0.5881
526,000526.png,False,1788871892.881700,1788871892.821700,shear_-X_out,2,-X,0.5,0.1354,-0.2978,-1.56876,0.01052,0.001,0.00247,0.08607,-0.36614,-1.60981,0.00947,0.00145,0.00017,0.27695,-0.21539,-1.56363,3,38.0828,362.5823,36.4327,179.3151,0.0913,-95.2921,0.0011,24.1158,0.5041
527,000527.png,False,1788871894.049804,1788871893.989805,shear_-X_back,2,-X,0.0,-0.52637,-0.0217,-1.84245,0.00404,-0.01528,0.00218,-0.57571,-0.09004,-1.8835,0.00299,-0.01482,-0.00012,-0.43234,-0.31132,-1.84074,3,37.7366,362.5654,36.4299,179.3151,0.0928,-95.2823,0.0085,24.1152,0.5048
528,000528.png,False,1788871894.245862,1788871894.185863,shear_-X_back,2,-X,0.0,-0.14298,0.2808,-1.04891,-0.00365,-0.0057,0.0023,-0.19231,0.21246,-1.08995,-0.00471,-0.00525,-0.0,-0.25687,0.15495,-1.05333,3,37.7845,362.7859,36.5328,179.3059,0.127,-95.2795,0.0066,24.2213,0.3987
529,000529.png,False,1788871894.441826,1788871894.381826,shear_-X_back,2,-X,0.0,-0.2174,-0.0994,-0.76059,0.00523,-0.00722,0.00241,-0.26673,-0.16774,-0.80163,0.00417,-0.00676,0.00011,-0.13338,-0.20689,-0.75831,3,37.8259,362.5464,36.5573,179.3065,0.1245,-95.2562,0.0074,24.2417,0.3783
530,000530.png,False,1788871894.637866,1788871894.577866,shear_-Y_out,2,-Y,0.5,-0.02714,0.46268,-2.04964,-0.00764,-0.00334,0.00223,-0.07647,0.39433,-2.09069,-0.00869,-0.00288,-7e-05,-0.24046,0.35431,-2.0573,3,37.7921,362.7656,36.4174,179.3062,0.1267,-95.2344,0.001,24.1056,0.5144
531,000531.png,False,1788871894.833851,1788871894.773851,shear_-Y_out,2,-Y,0.5,0.00916,0.28089,-1.52868,-0.00369,-0.00223,0.00209,-0.04018,0.21255,-1.56972,-0.00474,-0.00177,-0.00021,-0.12181,0.22336,-1.53334,3,37.8374,362.7838,36.4774,179.3017,0.1428,-95.231,0.0042,24.1655,0.4545
532,000532.png,False,1788871895.025929,1788871894.965929,shear_-Y_out,2,-Y,0.5,0.04652,-0.2612,-1.32435,0.00948,-0.00122,0.00232,-0.00282,-0.32955,-1.36539,0.00843,-0.00077,2e-05,0.17998,-0.22419,-1.31971,3,37.973,362.6163,36.4856,179.3008,0.1463,-95.2336,0.0065,24.1701,0.4499
533,000533.png,False,1788871896.393958,1788871896.333958,shear_-Y_back,2,-Y,0.0,0.03911,-0.69407,-1.57499,0.02025,-0.00129,0.00272,-0.01022,-0.76241,-1.61604,0.01919,-0.00084,0.00042,0.39157,-0.6068,-1.56279,3,38.1214,362.3602,36.4572,179.3,0.1488,-95.2332,0.0013,24.1366,0.4834
534,000534.png,False,1788871896.589997,1788871896.529997,shear_-Y_back,2,-Y,0.0,0.04547,0.13849,-1.86133,0.00021,-0.00147,0.00243,-0.00386,0.07015,-1.90238,-0.00085,-0.00101,0.00014,-0.0169,0.11285,-1.86354,3,37.9244,362.724,36.4397,179.2958,0.1647,-95.2343,0.0081,24.1263,0.4937
535,000535.png,False,1788871896.781990,1788871896.721990,shear_-Y_back,2,-Y,0.0,-0.07033,0.02596,-1.04776,0.00257,-0.00373,0.00245,-0.11967,-0.04238,-1.0888,0.00152,-0.00328,0.00015,-0.06663,-0.02944,-1.04791,3,37.9061,362.6246,36.5143,179.2959,0.1633,-95.2416,0.0057,24.1993,0.4206
536,000536.png,False,1788871896.978002,1788871896.918002,shear_+Y_out,2,+Y,0.5,0.11213,0.3134,-1.11209,-0.00448,0.00069,0.00246,0.0628,0.24505,-1.15314,-0.00553,0.00114,0.00017,-0.05174,0.30964,-1.11758,4,37.8865,362.8562,36.5027,179.2943,0.1695,-95.2558,0.0087,24.1916,0.4284
537,000537.png,False,1788871897.954114,1788871897.894114,shear_+Y_back,2,+Y,0.0,0.04639,0.8276,-1.56327,-0.0168,-0.00137,0.00208,-0.00294,0.75926,-1.60432,-0.01785,-0.00092,-0.00022,-0.36247,0.7149,-1.57748,3,37.7284,363.0559,36.471,179.2954,0.1659,-95.2582,0.003,24.1642,0.4557
538,000538.png,False,1788871898.342117,1788871898.282117,shear_+Y_back,2,+Y,0.0,0.31462,0.50321,-2.17201,-0.00884,0.00501,0.00216,0.26529,0.43487,-2.21306,-0.0099,0.00546,-0.00014,0.03617,0.55823,-2.18104,3,37.9181,362.9693,36.4132,179.2992,0.1504,-95.3099,0.0038,24.1037,0.5163
539,000539.png,False,1788871898.538131,1788871898.478132,shear_+Y_back,2,+Y,0.0,-0.18907,0.13929,-2.6394,0.0003,-0.00762,0.00223,-0.23841,0.07094,-2.68044,-0.00075,-0.00716,-7e-05,-0.21507,-0.01612,-2.64103,4,37.819,362.7149,36.3528,179.311,0.1083,-95.2919,0.0023,24.0399,0.58
540,000540.png,False,1788871898.734127,1788871898.674127,shear_+X_out,3,+X,0.5,-0.1508,0.31804,-2.29229,-0.00426,-0.00655,0.00221,-0.20013,0.2497,-2.33333,-0.00531,-0.0061,-9e-05,-0.27363,0.16338,-2.29715,3,37.7972,362.8008,36.3899,179.3087,0.1176,-95.2899,0.0032,24.0785,0.5415
541,000541.png,False,1788871898.930144,1788871898.870144,shear_+X_out,3,+X,0.5,-0.0773,0.24248,-2.27078,-0.00246,-0.00464,0.00248,-0.12663,0.17413,-2.31182,-0.00351,-0.00419,0.00018,-0.17236,0.135,-2.27448,3,37.8774,362.8298,36.4029,179.3077,0.1204,-95.2993,0.0088,24.0915,0.5285
542,000542.png,False,1788871899.126129,1788871899.066129,shear_+X_out,3,+X,0.5,0.42523,-0.00026,-2.13886,0.00341,0.00787,0.00266,0.3759,-0.0686,-2.17991,0.00236,0.00833,0.00036,0.3833,0.17799,-2.13938,3,38.0621,362.8103,36.4012,179.3116,0.1048,-95.2936,0.0056,24.0881,0.5318
543,000543.png,False,1788871900.686264,1788871900.626264,shear_+X_back,3,+X,0.0,0.73441,0.12043,-2.05121,0.0005,0.01568,0.00267,0.68508,0.05208,-2.09226,-0.00055,0.01613,0.00037,0.59021,0.4384,-2.05446,3,38.1976,362.9367,36.4091,179.3114,0.108,-95.2903,0.0082,24.0972,0.5228
544,000544.png,False,1788871900.882342,1788871900.822342,shear_+X_back,3,+X,0.0,0.24833,-0.11264,-1.44407,0.00598,0.00399,0.00242,0.19899,-0.18098,-1.48511,0.00493,0.00445,0.00012,0.28139,0.0034,-1.44239,3,38.0701,362.735,36.4488,179.3144,0.0959,-95.3114,0.0033,24.1345,0.4855
545,000545.png,False,1788871901.074296,1788871901.014297,shear_+X_back,3,+X,0.0,0.20894,0.40613,-1.42665,-0.00658,0.00281,0.00237,0.15961,0.33778,-1.46769,-0.00764,0.00326,7e-05,-0.01203,0.43328,-1.43389,3,37.9114,362.962,36.4834,179.3079,0.1207,-95.3323,0.0063,24.1738,0.4461
546,000546.png,False,1788871901.270352,1788871901.210352,shear_-X_out,3,-X,0.5,-0.22474,0.03469,-2.03576,0.00276,-0.00799,0.00259,-0.27407,-0.03366,-2.07681,0.00171,-0.00754,0.00029,-0.19789,-0.11487,-2.0356,3,37.829,362.7295,36.4242,179.3098,0.1158,-95.3315,0.0068,24.1115,0.5085
547,000547.png,False,1788871903.026437,1788871902.966437,shear_-Y_out,3,-Y,0.5,-0.28929,0.60495,-3.63975,-0.01077,-0.01117,0.00216,-0.33862,0.5366,-3.6808,-0.01182,-0.01071,-0.00013,-0.5276,0.32107,-3.64911,3,37.6653,362.847,36.2882,179.311,0.113,-95.2666,0.0045,23.9785,0.6415
548,000548.png,False,1788871903.222438,1788871903.162438,shear_-Y_out,3,-Y,0.5,-0.2579,0.12142,-2.83322,0.00059,-0.00988,0.00227,-0.30723,0.05307,-2.87426,-0.00046,-0.00942,-3e-05,-0.26442,-0.06909,-2.83438,3,37.7814,362.6478,36.3265,179.3126,0.1066,-95.2723,0.0096,24.0128,0.6072
549,000549.png,False,1788871903.418454,1788871903.358454,shear_-Y_out,3,-Y,0.5,-0.1415,-0.05942,-2.53104,0.00516,-0.00659,0.0026,-0.19083,-0.12777,-2.57208,0.00411,-0.00614,0.0003,-0.07533,-0.16271,-2.52934,3,37.8378,362.6403,36.3435,179.3084,0.1216,-95.2682,0.0052,24.0293,0.5906
550,000550.png,False,1788871904.782475,1788871904.722476,shear_-Y_back,3,-Y,0.0,-0.16815,-0.84083,-2.48203,0.02437,-0.0071,0.00291,-0.21748,-0.90917,-2.52307,0.02332,-0.00664,0.00061,0.29165,-0.85199,-2.46673,3,38.0177,362.3127,36.3497,179.3089,0.1192,-95.2682,0.005,24.029,0.591
551,000551.png,False,1788871905.174503,1788871905.114503,shear_-Y_back,3,-Y,0.0,-0.31521,0.32006,-2.63841,-0.00396,-0.01102,0.00215,-0.36454,0.25172,-2.67946,-0.00501,-0.01056,-0.00015,-0.41466,0.07743,-2.64293,3,37.7387,362.6849,36.341,179.3044,0.1366,-95.2636,0.0126,24.0282,0.5917
552,000552.png,False,1788871906.538603,1788871906.478603,shear_+Y_back,3,+Y,0.0,-0.17783,1.11174,-2.83365,-0.02355,-0.00794,0.00206,-0.22716,1.04339,-2.87469,-0.0246,-0.00748,-0.00024,-0.68984,0.82859,-2.85214,3,37.5934,363.0347,36.3266,179.3054,0.1332,-95.2777,0.0048,24.0204,0.5996
553,000553.png,False,1788871906.926761,1788871906.866761,shear_+Y_back,3,+Y,0.0,0.00588,0.88164,-3.49431,-0.01785,-0.00371,0.00227,-0.04345,0.8133,-3.53535,-0.0189,-0.00326,-3e-05,-0.41117,0.71053,-3.50908,3,37.7095,362.9617,36.2727,179.3098,0.1169,-95.3043,0.0097,23.9645,0.6554
554,000554.png,False,1788871907.122721,1788871907.062721,shear_+Y_back,3,+Y,0.0,-0.2527,0.19787,-4.08406,-0.00068,-0.01042,0.0026,-0.30203,0.12952,-4.12511,-0.00173,-0.00996,0.0003,-0.28943,-0.02032,-4.08636,3,37.7401,362.7831,36.2434,179.3182,0.0856,-95.3043,0.0006,23.9321,0.6878
555,000555.png,False,1788871907.318788,1788871907.258788,shear_+X_out,4,+X,0.5,-0.14692,0.45657,-2.91198,-0.00741,-0.00706,0.00227,-0.19626,0.38822,-2.95303,-0.00847,-0.00661,-3e-05,-0.33519,0.27536,-2.91916,3,37.7324,362.8277,36.3069,179.3168,0.0906,-95.3045,0.0061,23.9964,0.6236
556,000556.png,False,1788871907.710690,1788871907.650690,shear_+X_out,4,+X,0.5,0.46735,0.43157,-2.57734,-0.00704,0.00835,0.00241,0.41802,0.36323,-2.61839,-0.00809,0.0088,0.00011,0.20707,0.56601,-2.58537,3,37.94,362.8892,36.3173,179.3186,0.0836,-95.3047,0.001,24.0063,0.6136
557,000557.png,False,1788871909.074901,1788871909.014901,shear_+X_back,4,+X,0.0,0.78474,0.28844,-2.74537,-0.00331,0.01635,0.00275,0.73541,0.22009,-2.78642,-0.00436,0.01681,0.00046,0.55468,0.59794,-2.75153,3,38.1166,362.9733,36.3212,179.3194,0.0806,-95.3062,0.0025,24.0104,0.6095
558,000558.png,False,1788871909.462927,1788871909.402927,shear_+X_back,4,+X,0.0,-0.08176,0.90408,-2.81954,-0.01832,-0.00546,0.00231,-0.13109,0.83573,-2.86059,-0.01937,-0.005,1e-05,-0.50297,0.69698,-2.83463,3,37.695,363.0114,36.3303,179.3169,0.0941,-95.2801,0.001,24.023,0.597
559,000559.png,False,1788871909.658960,1788871909.598960,shear_-X_out,4,-X,0.5,-0.27867,0.25299,-2.88738,-0.00241,-0.01022,0.00245,-0.32801,0.18465,-2.92843,-0.00346,-0.00976,0.00015,-0.34777,0.03361,-2.89077,2,37.7549,362.7054,36.2802,179.3216,0.0767,-95.2812,0.0051,23.9676,0.6523
560,000560.png,False,1788871911.415035,1788871911.355035,shear_-Y_out,4,-Y,0.5,-0.33067,0.07467,-3.19379,0.00201,-0.01195,0.00264,-0.38,0.00633,-3.23483,0.00096,-0.01149,0.00034,-0.30159,-0.15171,-3.19393,3,37.7352,362.6581,36.2646,179.321,0.08,-95.2246,0.0039,23.9514,0.6686
561,000561.png,False,1788871911.611105,1788871911.551105,shear_-Y_out,4,-Y,0.5,-0.22516,0.03037,-2.80705,0.00308,-0.00911,0.00251,-0.27449,-0.03798,-2.84809,0.00203,-0.00865,0.00021,-0.19075,-0.13117,-2.80669,3,37.7676,362.6659,36.296,179.3168,0.0948,-95.219,0.0014,23.9827,0.6373
562,000562.png,False,1788871912.975155,1788871912.915155,shear_-Y_back,4,-Y,0.0,-0.23867,-0.8054,-2.70156,0.02382,-0.00889,0.00298,-0.288,-0.87375,-2.74261,0.02277,-0.00843,0.00069,0.21439,-0.86007,-2.68671,2,37.9618,362.3274,36.3114,179.3168,0.0948,-95.2201,0.0081,23.9913,0.6287
563,000563.png,False,1788871914.927289,1788871914.867289,shear_+Y_back,4,+Y,0.0,-0.13136,0.92486,-1.9472,-0.01887,-0.00608,0.00209,-0.18069,0.85652,-1.98825,-0.01992,-0.00562,-0.00021,-0.56237,0.70417,-1.96268,3,37.6128,362.9676,36.3518,179.3098,0.1217,-95.2218,0.0043,24.0444,0.5756
