index,file,missing,t_img,t_exposure_start,segment,cycle,axis,target_N,Fx_s,Fy_s,Fz_s,Tx_s,Ty_s,Tz_s,Fx_s_corr,Fy_s_corr,Fz_s_corr,Tx_s_corr,Ty_s_corr,Tz_s_corr,Fx_base,Fy_base,Fz_base,ft_chunks,tcp_x,tcp_y,tcp_z,rx,ry,rz,pose_gap_s,height_above_plane_mm,depth_mm
1,000001.png,False,1788775148.258712,1788775148.054012,normal_load,1,,0.0,-5e-05,0.00385,0.01988,0.00015,0.00017,-0.00015,0.0013,0.00168,0.01154,-0.0,0.00018,-0.00017,-0.0021,0.00363,0.01981,10,37.8976,362.8194,40.2291,179.4344,0.9504,-122.3558,0.0079,27.9167,-0.0947
2,000002.png,False,1788775148.670737,1788775148.466037,normal_load,1,,0.1,-0.00177,0.00717,0.01496,3e-05,0.00017,-7e-05,-0.00039,0.00495,0.00642,-0.00013,0.00017,-0.0001,-0.00522,0.00556,0.01483,10,37.899,362.8218,40.175,179.4317,0.9533,-122.3561,0.002,27.8627,-0.0407
3,000003.png,False,1788775149.086757,1788775148.882057,normal_load,1,,0.11120069263970721,-0.00036,0.00337,-0.0072,8e-05,0.00013,-0.00013,0.00105,0.0011,-0.01593,-8e-05,0.00014,-0.00016,-0.00194,0.00262,-0.00726,10,37.9046,362.8196,40.1245,179.4317,0.9533,-122.3567,0.0043,27.8121,0.0099
4,000004.png,False,1788775149.290768,1788775149.086068,normal_load,1,,0.11120069263970721,-0.00633,-0.01819,-0.13642,0.00077,-7e-05,-0.00014,-0.0049,-0.02049,-0.14524,0.00062,-7e-05,-0.00017,0.00455,-0.02111,-0.13607,10,37.9099,362.7925,40.0452,179.4369,0.9477,-122.3573,0.001,27.7324,0.0896
5,000005.png,False,1788775149.702797,1788775149.498097,normal_load,1,,0.20205583212253658,0.00185,0.01073,-0.05848,-4e-05,0.00011,-0.00013,0.00331,0.00839,-0.0675,-0.0002,0.00011,-0.00016,-0.00335,0.00928,-0.05866,10,37.9033,362.8256,40.0849,179.431,0.9541,-122.3574,0.0094,27.7727,0.0493
6,000006.png,False,1788775150.322825,1788775150.118125,normal_load,1,,0.18906228864613012,0.00867,0.02895,-0.09612,-0.00046,0.00037,-0.00015,0.01018,0.02653,-0.10543,-0.00063,0.00037,-0.00017,-0.00629,0.02787,-0.09663,10,37.8977,362.8524,40.0545,179.4242,0.9611,-122.3588,0.0069,27.7427,0.0793
7,000007.png,False,1788775150.530831,1788775150.326131,normal_load,1,,0.25633128060953825,0.00118,0.00461,-0.12296,0.00016,0.00012,-0.00019,0.0027,0.00217,-0.13236,-1e-05,0.00012,-0.00021,-0.00043,0.00261,-0.12302,10,37.905,362.8155,40.023,179.4277,0.9572,-122.3596,0.0074,27.7106,0.1114
8,000008.png,False,1788775150.734845,1788775150.530145,normal_load,1,,0.25633128060953825,0.00304,0.01568,-0.14604,-0.00014,0.00017,-6e-05,0.00458,0.01321,-0.15554,-0.00031,0.00018,-9e-05,-0.00419,0.01276,-0.1463,11,37.9022,362.8299,40.0275,179.4255,0.9596,-122.3594,0.01,27.7153,0.1067
9,000009.png,False,1788775151.150866,1788775150.946166,normal_load,1,,0.25633128060953825,0.00881,0.0265,-0.27833,-0.00042,0.00018,9e-05,0.01037,0.02398,-0.28802,-0.00059,0.00019,6e-05,-0.00368,0.02289,-0.27876,10,37.8995,362.843,39.9628,179.4243,0.9612,-122.3601,0.0025,27.6509,0.1711
10,000010.png,False,1788775151.354886,1788775151.150186,normal_load,1,,0.25633128060953825,0.00776,0.02543,-0.26629,-0.00035,0.00022,6e-05,0.00935,0.02288,-0.27607,-0.00052,0.00022,4e-05,-0.00413,0.02164,-0.2667,11,37.8998,362.8411,39.9679,179.4244,0.9611,-122.3601,0.0055,27.6559,0.1661
11,000011.png,False,1788775152.182922,1788775151.978222,normal_load,1,,0.37930120171891135,-0.0016,0.00051,-0.27557,0.00037,-6e-05,-0.00014,5e-05,-0.00214,-0.28574,0.00018,-6e-05,-0.00016,0.00027,-0.00477,-0.27553,10,37.9041,362.8177,39.9506,179.4266,0.9586,-122.3612,0.0086,27.6382,0.1838
12,000012.png,False,1788775152.798974,1788775152.594274,normal_load,1,,0.3742637307675324,0.00436,0.02003,-0.30324,-0.00014,0.00012,-8e-05,0.00605,0.01731,-0.3137,-0.00033,0.00012,-0.0001,-0.00413,0.01467,-0.30355,10,37.9014,362.8321,39.9402,179.4234,0.9622,-122.3614,0.0013,27.6281,0.1939
13,000013.png,False,1788775153.215078,1788775153.010378,normal_load,1,,0.3742637307675324,0.00785,0.03037,-0.43208,-0.00033,0.00011,0.00011,0.00957,0.0276,-0.44274,-0.00052,0.00011,9e-05,-0.00538,0.0233,-0.43256,11,37.899,362.8378,39.8908,179.4218,0.9639,-122.3613,0.0089,27.5787,0.2433
14,000014.png,False,1788775153.418989,1788775153.214289,normal_load,1,,0.3742637307675324,0.00717,0.02647,-0.40761,-0.00021,4e-05,4e-05,0.00891,0.02368,-0.41836,-0.00041,5e-05,1e-05,-0.00419,0.01998,-0.40802,10,37.8994,362.8331,39.896,179.4232,0.962,-122.3612,0.0085,27.584,0.238
15,000015.png,False,1788775153.831022,1788775153.626322,normal_load,1,,0.5327322840226885,0.00322,0.01987,-0.37781,-4e-05,0.0001,2e-05,0.00499,0.01703,-0.38875,-0.00024,0.00011,-1e-05,-0.00452,0.01277,-0.3781,10,37.8997,362.8315,39.908,179.4232,0.962,-122.3617,0.0002,27.5958,0.2262
16,000016.png,False,1788775154.247031,1788775154.042331,normal_load,1,,0.564723758567925,0.00405,0.01298,-0.46849,0.00013,-6e-05,0.00012,0.00585,0.01009,-0.47963,-7e-05,-6e-05,9e-05,0.00027,0.00576,-0.46865,10,37.901,362.8243,39.8704,179.425,0.9601,-122.3618,0.0077,27.5582,0.2638
17,000017.png,False,1788775155.071077,1788775154.866377,normal_load,1,,0.6367375217116773,0.00622,0.02729,-0.54001,-7e-05,9e-05,9e-05,0.00808,0.02429,-0.55153,-0.00028,0.0001,6e-05,-0.0045,0.01809,-0.54041,10,37.8992,362.8339,39.8409,179.4236,0.9615,-122.3625,0.0105,27.5288,0.2932
18,000018.png,False,1788775155.279180,1788775155.074480,normal_load,1,,0.6367375217116773,0.00683,0.02486,-0.51612,-0.00011,3e-05,-8e-05,0.00871,0.02184,-0.52774,-0.00032,3e-05,-0.00011,-0.00293,0.01668,-0.51648,10,37.8994,362.8347,39.8388,179.424,0.9615,-122.3625,0.0026,27.5267,0.2953
19,000019.png,False,1788775155.691196,1788775155.486496,normal_load,1,,0.6367375217116773,0.00298,0.01267,-0.74458,0.00039,-0.00014,-4e-05,0.00489,0.0096,-0.75639,0.00018,-0.00014,-7e-05,0.00141,0.00054,-0.74469,10,37.902,362.8208,39.7627,179.4241,0.9614,-122.3625,0.0017,27.4504,0.3716
20,000020.png,False,1788775155.899118,1788775155.694418,normal_load,1,,0.6367375217116773,0.00485,0.01896,-0.69492,0.0002,-9e-05,-7e-05,0.00677,0.01587,-0.70682,-1e-05,-8e-05,-0.0001,-0.00046,0.00771,-0.69515,11,37.8999,362.8241,39.7753,179.4238,0.9614,-122.3625,0.008,27.4631,0.3589
21,000021.png,False,1788775156.103147,1788775155.898447,normal_load,1,,0.8495826584795338,0.00601,0.02041,-0.65996,0.00022,-5e-05,-5e-05,0.00795,0.01729,-0.67196,-0.0,-4e-05,-8e-05,-0.00042,0.01011,-0.66022,10,37.8995,362.8267,39.7866,179.4241,0.9613,-122.3625,0.0097,27.4745,0.3475
22,000022.png,False,1788775156.515224,1788775156.310524,normal_load,1,,0.8495826584795338,0.00579,0.02271,-0.67391,0.00012,-8e-05,-8e-05,0.00776,0.01954,-0.68611,-0.0001,-8e-05,-0.00011,-0.00166,0.01177,-0.67422,11,37.9008,362.8251,39.765,179.4245,0.9606,-122.3627,0.0004,27.4528,0.3692
23,000023.png,False,1788775157.135194,1788775156.930494,normal_load,1,,0.8073612131237098,0.00863,0.03481,-0.73399,-5e-05,8e-05,6e-05,0.01066,0.03157,-0.74648,-0.00027,9e-05,2e-05,-0.00483,0.02271,-0.7345,11,37.8982,362.8322,39.761,179.4225,0.9628,-122.3625,0.004,27.4489,0.3731
24,000024.png,False,1788775157.343283,1788775157.138583,normal_load,1,,0.8073612131237098,0.01015,0.03749,-0.75101,-0.00019,1e-05,0.00018,0.01218,0.03422,-0.76359,-0.00042,1e-05,0.00014,-0.00474,0.02551,-0.75156,10,37.8998,362.8335,39.7555,179.4223,0.9633,-122.3628,0.0031,27.4434,0.3786
25,000025.png,False,1788775157.755332,1788775157.550632,normal_load,1,,0.8073612131237098,0.00544,0.02255,-0.80841,0.00019,-0.00011,0.00016,0.00751,0.01923,-0.82118,-4e-05,-0.00011,0.00013,-0.00095,0.0093,-0.80869,11,37.8993,362.8262,39.7395,179.421,0.9644,-122.3628,0.0096,27.4273,0.3947
26,000026.png,False,1788775158.375252,1788775158.170552,normal_load,1,,0.9094706457262276,0.0104,0.03865,-0.78405,-0.00018,0.00011,3e-05,0.01251,0.03525,-0.79712,-0.00041,0.00012,0.0,-0.00487,0.02611,-0.78463,11,37.8977,362.836,39.7417,179.4211,0.9642,-122.363,0.0048,27.4297,0.3923
27,000027.png,False,1788775158.579393,1788775158.374693,normal_load,1,,0.9094706457262276,0.00086,0.01048,-0.93035,0.00058,-0.00031,0.0001,0.00299,0.00706,-0.94351,0.00034,-0.00031,7e-05,0.00196,-0.0054,-0.93039,10,37.9033,362.8072,39.6514,179.43,0.9549,-122.3631,0.0074,27.3389,0.4831
28,000028.png,False,1788775158.787339,1788775158.582639,normal_load,1,,0.9094706457262276,0.00205,0.01081,-1.00607,0.00063,-0.00031,0.00013,0.00419,0.00736,-1.01932,0.00039,-0.00031,9e-05,0.00335,-0.00573,-1.0061,10,37.9011,362.817,39.6721,179.4257,0.9593,-122.3634,0.006,27.3598,0.4622
29,000029.png,False,1788775159.199421,1788775158.994721,normal_load,1,,1.092469947962792,0.01335,0.04126,-0.91874,-0.00021,1e-05,4e-05,0.01553,0.03777,-0.93219,-0.00045,2e-05,0.0,-0.00268,0.02769,-0.91934,10,37.8982,362.8331,39.693,179.4207,0.9647,-122.3634,0.0034,27.381,0.441
30,000030.png,False,1788775159.407310,1788775159.202610,normal_load,1,,1.092469947962792,0.01275,0.04279,-0.90109,-0.00017,8e-05,4e-05,0.01494,0.03927,-0.91463,-0.00042,9e-05,0.0,-0.00409,0.029,-0.90172,10,37.8991,362.8324,39.6951,179.4207,0.965,-122.3634,0.0099,27.383,0.439
31,000031.png,False,1788775160.027344,1788775159.822644,normal_load,1,,1.092469947962792,0.01379,0.04565,-1.00513,-0.00026,-0.0,1e-05,0.01603,0.04206,-1.01896,-0.00051,0.0,-3e-05,-0.00389,0.03033,-1.00579,10,37.8983,362.8345,39.6618,179.4171,0.9689,-122.3642,0.0014,27.3498,0.4722
32,000032.png,False,1788775160.439463,1788775160.234763,normal_load,1,,1.1213076950433134,0.0073,0.03055,-1.01594,0.00017,-0.00014,6e-05,0.00957,0.0269,-1.02996,-8e-05,-0.00013,2e-05,-0.00189,0.01383,-1.01633,10,37.8991,362.8283,39.6582,179.4192,0.9663,-122.3641,0.0093,27.346,0.476
33,000033.png,False,1788775160.643457,1788775160.438757,normal_load,1,,1.1213076950433134,0.00243,0.00909,-1.10847,0.00071,-0.00039,-5e-05,0.00472,0.00542,-1.1226,0.00045,-0.00038,-9e-05,0.00525,-0.00867,-1.10847,10,37.9024,362.811,39.6056,179.4241,0.9613,-122.3645,0.0069,27.2931,0.5289
34,000034.png,False,1788775161.059530,1788775160.854830,normal_load,1,,1.1213076950433134,0.00621,0.01893,-1.1571,0.00056,-0.00035,-3e-05,0.00852,0.0152,-1.17142,0.0003,-0.00034,-6e-05,0.00394,0.00096,-1.15727,10,37.9011,362.8191,39.6134,179.4223,0.9632,-122.3645,0.0065,27.3011,0.5209
35,000035.png,False,1788775161.471502,1788775161.266802,normal_load,1,,1.2607857783660366,0.01172,0.0334,-1.13259,0.00018,-0.00016,4e-05,0.01407,0.02963,-1.1471,-8e-05,-0.00015,-0.0,0.00132,0.01664,-1.13302,10,37.9,362.825,39.6211,179.4199,0.9658,-122.3645,0.0046,27.3089,0.5131
36,000036.png,False,1788775161.675430,1788775161.470730,normal_load,1,,1.2607857783660366,0.01517,0.04265,-1.19822,-0.0001,-0.00014,0.0001,0.01754,0.03886,-1.21282,-0.00036,-0.00014,6e-05,0.00014,0.02533,-1.19881,11,37.8957,362.8437,39.5879,179.4152,0.9709,-122.3646,0.0098,27.276,0.546
37,000037.png,False,1788775162.503603,1788775162.298903,normal_load,1,,1.314457191293846,0.01472,0.04325,-1.22631,-5e-05,-0.00011,4e-05,0.01715,0.03935,-1.2413,-0.00032,-0.0001,0.0,-0.00035,0.02517,-1.22691,10,37.8997,362.832,39.5902,179.418,0.9679,-122.365,0.0059,27.2781,0.5439
38,000038.png,False,1788775162.707608,1788775162.502908,normal_load,1,,1.314457191293846,0.00512,0.01657,-1.2632,0.00066,-0.0004,7e-05,0.00756,0.01265,-1.27829,0.00039,-0.00039,3e-05,0.00491,-0.00332,-1.26331,10,37.9023,362.8119,39.5705,179.4201,0.9656,-122.3652,0.0028,27.2581,0.5639
39,000039.png,False,1788775163.535614,1788775163.330914,normal_load,1,,1.394748458204211,0.01235,0.03036,-1.30099,0.00031,-0.00026,5e-05,0.01485,0.02634,-1.31646,4e-05,-0.00025,1e-05,0.00455,0.01163,-1.30135,11,37.9,362.8226,39.5665,179.4183,0.9673,-122.365,0.0001,27.2543,0.5677
40,000040.png,False,1788775163.739645,1788775163.534945,normal_load,1,,1.394748458204211,0.01323,0.03656,-1.41633,0.00015,-0.00039,3e-05,0.01575,0.03251,-1.43189,-0.00013,-0.00038,-0.0,0.00301,0.01559,-1.41677,10,37.899,362.8312,39.5146,179.418,0.9679,-122.3654,0.0032,27.2025,0.6195
41,000041.png,False,1788775163.947551,1788775163.742851,normal_load,1,,1.394748458204211,0.01785,0.04507,-1.49015,0.00019,-0.00018,5e-05,0.02039,0.04099,-1.50581,-0.0001,-0.00017,1e-05,0.00328,0.02408,-1.49074,10,37.8986,362.8299,39.5172,179.418,0.9676,-122.365,0.0098,27.2052,0.6168
42,000042.png,False,1788775164.155714,1788775163.951014,normal_load,1,,1.394748458204211,0.01865,0.04635,-1.43537,2e-05,-0.0002,-4e-05,0.0212,0.04226,-1.45113,-0.00026,-0.00019,-8e-05,0.00295,0.02647,-1.43599,11,37.8992,362.8304,39.5281,179.4176,0.9684,-122.3655,0.0026,27.216,0.606
43,000043.png,False,1788775164.359736,1788775164.155036,normal_load,1,,1.5817067129150502,0.01769,0.04691,-1.39858,7e-05,-0.00011,-5e-05,0.02026,0.04278,-1.41443,-0.00022,-0.00011,-9e-05,0.00158,0.02706,-1.39922,10,37.899,362.8305,39.5348,179.4174,0.9685,-122.3652,0.0001,27.2227,0.5993
44,000044.png,False,1788775164.567692,1788775164.362992,normal_load,1,,1.5817067129150502,0.01786,0.04379,-1.36528,0.00011,-0.00022,-0.0001,0.02044,0.03964,-1.38124,-0.00018,-0.00021,-0.00014,0.00306,0.02498,-1.36587,10,37.8989,362.8308,39.5405,179.4171,0.9685,-122.3655,0.0067,27.2285,0.5935
45,000045.png,False,1788775164.771683,1788775164.566983,normal_load,1,,1.554493845529663,0.01254,0.0248,-1.4397,0.00056,-0.00043,8e-05,0.01513,0.02063,-1.45575,0.00027,-0.00042,4e-05,0.00845,0.00468,-1.43994,10,37.9016,362.8153,39.5147,179.4193,0.9664,-122.3652,0.0076,27.2024,0.6196
46,000046.png,False,1788775165.599731,1788775165.395031,normal_load,1,,1.554493845529663,0.02139,0.05581,-1.50877,-0.00013,-0.00019,-0.00012,0.02405,0.05154,-1.5252,-0.00042,-0.00018,-0.00016,0.0011,0.03486,-1.50955,10,37.8986,362.8341,39.4986,179.4165,0.9692,-122.3655,0.0086,27.1866,0.6354
47,000047.png,False,1788775166.011833,1788775165.807133,normal_load,1,,1.6124947721484717,0.01782,0.04783,-1.51789,0.00012,-0.00021,-0.00013,0.02051,0.04351,-1.53452,-0.00018,-0.0002,-0.00018,0.00206,0.02601,-1.51853,10,37.8996,362.8299,39.4972,179.417,0.9687,-122.3655,0.0052,27.1852,0.6368
48,000048.png,False,1788775166.219754,1788775166.015054,normal_load,1,,1.6124947721484717,0.00516,0.01305,-1.63543,0.00115,-0.00064,7e-05,0.00787,0.0087,-1.65215,0.00085,-0.00063,3e-05,0.00929,-0.01231,-1.63541,10,37.9017,362.8046,39.4558,179.4169,0.9684,-122.3652,0.0034,27.1433,0.6787
49,000049.png,False,1788775166.423810,1788775166.219110,normal_load,1,,1.6124947721484717,0.01267,0.02327,-1.66009,0.00083,-0.00054,7e-05,0.0154,0.0189,-1.67691,0.00053,-0.00053,3e-05,0.01086,-0.00011,-1.66027,10,37.8994,362.8186,39.4637,179.4159,0.9698,-122.3653,0.0006,27.1514,0.6706
50,000050.png,False,1788775167.043720,1788775166.839020,normal_load,1,,1.7688356486557213,0.01913,0.04687,-1.64957,0.00035,-0.00022,0.00029,0.0219,0.04242,-1.66668,4e-05,-0.00021,0.00025,0.00459,0.02373,-1.65017,10,37.8981,362.8269,39.4716,179.4164,0.9693,-122.3655,0.0037,27.1595,0.6625
51,000051.png,False,1788775167.251805,1788775167.047105,normal_load,1,,1.7688356486557213,0.01349,0.02947,-1.76205,0.00069,-0.00065,0.00029,0.01628,0.02499,-1.77925,0.00038,-0.00064,0.00025,0.00918,0.00404,-1.76232,10,37.9021,362.8171,39.4275,179.4201,0.9653,-122.3658,0.0032,27.1152,0.7068
52,000052.png,False,1788775167.455841,1788775167.251141,normal_load,1,,1.7688356486557213,0.01301,0.02821,-1.81178,0.00085,-0.00051,0.00031,0.01581,0.02371,-1.82908,0.00054,-0.0005,0.00027,0.00974,0.00191,-1.81201,11,37.9008,362.8178,39.4305,179.4198,0.9656,-122.3658,0.006,27.1182,0.7038
53,000053.png,False,1788775167.663872,1788775167.459172,normal_load,1,,1.7688356486557213,0.01562,0.03637,-1.79202,0.00057,-0.0005,0.00042,0.01843,0.03185,-1.80942,0.00026,-0.00049,0.00038,0.00778,0.0106,-1.79241,10,37.9008,362.8209,39.4357,179.4184,0.9674,-122.3657,0.0074,27.1235,0.6985
54,000054.png,False,1788775167.867868,1788775167.663168,normal_load,1,,1.9077545658969286,0.01731,0.04086,-1.74994,0.00046,-0.00036,0.00018,0.02014,0.03631,-1.76743,0.00014,-0.00035,0.00013,0.00671,0.01601,-1.75041,10,37.8992,362.8244,39.439,179.4172,0.9684,-122.3661,0.0044,27.1268,0.6952
55,000055.png,False,1788775168.075872,1788775167.871172,normal_load,1,,1.9077545658969286,0.01945,0.04405,-1.76377,0.00035,-0.00039,0.00041,0.02229,0.03948,-1.78136,3e-05,-0.00038,0.00037,0.00706,0.01962,-1.7643,11,37.901,362.8244,39.4398,179.4164,0.9693,-122.3663,0.0023,27.1276,0.6944
56,000056.png,False,1788775168.487904,1788775168.283204,normal_load,1,,1.9077545658969286,0.02959,0.07475,-1.87525,-0.00032,-9e-05,0.00027,0.03247,0.07013,-1.89303,-0.00064,-8e-05,0.00022,0.00129,0.04949,-1.87632,10,37.8975,362.8362,39.4095,179.4118,0.9743,-122.366,0.0084,27.0976,0.7244
57,000057.png,False,1788775169.107852,1788775168.903152,normal_load,1,,1.9668792611474402,0.02043,0.0456,-1.86968,0.00043,-0.00033,0.0003,0.02336,0.0409,-1.88775,0.0001,-0.00032,0.00025,0.00788,0.01975,-1.87023,10,37.8997,362.824,39.408,179.4158,0.97,-122.3659,0.0082,27.0958,0.7262
58,000058.png,False,1788775169.315838,1788775169.111138,normal_load,1,,1.9668792611474402,0.01088,0.0209,-1.93891,0.00118,-0.0006,0.00038,0.01382,0.01617,-1.95708,0.00085,-0.00059,0.00034,0.01243,-0.00752,-1.939,11,37.9025,362.8078,39.3814,179.4178,0.9677,-122.3659,0.0048,27.069,0.753
59,000059.png,False,1788775169.931880,1788775169.727180,normal_unload,1,,1.9668792611474402,0.01417,0.03304,-1.99818,0.0009,-0.00054,0.00046,0.01716,0.02824,-2.01663,0.00057,-0.00053,0.00042,0.00962,0.00369,-1.99847,10,37.9001,362.819,39.3796,179.4164,0.969,-122.3659,0.0083,27.0673,0.7547
60,000060.png,False,1788775170.140006,1788775169.935306,normal_unload,1,,1.9052684087293015,0.01561,0.03962,-2.00521,0.00075,-0.00052,0.00053,0.01861,0.03479,-2.02376,0.00042,-0.00051,0.00048,0.00763,0.00999,-2.00562,10,37.8999,362.8205,39.3794,179.4159,0.9695,-122.3657,0.0052,27.0672,0.7548
61,000061.png,False,1788775170.347991,1788775170.143291,normal_unload,1,,1.9052684087293015,0.0194,0.05088,-1.98321,0.00036,-0.00036,0.00045,0.02242,0.04603,-2.00186,2e-05,-0.00035,0.0004,0.00513,0.02199,-1.98383,10,37.8936,362.857,39.4276,179.4102,0.976,-122.366,0.0016,27.116,0.706
62,000062.png,False,1788775170.760021,1788775170.555321,normal_unload,1,,1.7411522560374122,0.02561,0.07493,-1.85348,-0.00034,-7e-05,0.00033,0.02866,0.07003,-1.87232,-0.00068,-6e-05,0.00028,-0.0024,0.048,-1.85455,10,37.8967,362.8378,39.4091,179.4129,0.9727,-122.366,0.0094,27.0971,0.7249
63,000063.png,False,1788775171.172033,1788775170.967333,normal_unload,1,,1.6857050104720173,0.00111,0.00945,-1.78345,0.00147,-0.00067,0.00042,0.00419,0.0045,-1.80249,0.00113,-0.00066,0.00037,0.00861,-0.01983,-1.78335,10,37.9016,362.8106,39.4339,179.414,0.9716,-122.3659,0.0005,27.1215,0.7005
64,000064.png,False,1788775171.379946,1788775171.175246,normal_unload,1,,1.6857050104720173,0.01446,0.04571,-1.75098,0.00038,-0.00033,0.0005,0.01755,0.04074,-1.77011,4e-05,-0.00032,0.00045,0.00182,0.01877,-1.75153,10,37.891,362.8686,39.4638,179.411,0.9748,-122.366,0.0067,27.1525,0.6695
65,000065.png,False,1788775171.583969,1788775171.379269,normal_unload,1,,1.5912142454113563,0.02436,0.07901,-1.68053,-0.00059,9e-05,0.00045,0.02747,0.07401,-1.69976,-0.00093,0.0001,0.0004,-0.00673,0.05368,-1.68169,10,37.8957,362.8389,39.4554,179.4144,0.9711,-122.3655,0.0095,27.1435,0.6785
66,000066.png,False,1788775171.792068,1788775171.587368,normal_unload,1,,1.5912142454113563,0.01185,0.04674,-1.69649,0.00043,-0.00022,0.00042,0.01498,0.04172,-1.71582,8e-05,-0.00021,0.00037,-0.00133,0.01923,-1.69707,10,37.899,362.8224,39.4522,179.4153,0.9698,-122.3657,0.0044,27.1401,0.6819
67,000067.png,False,1788775172.204098,1788775171.999398,normal_unload,1,,1.4276188855677219,0.00759,0.03414,-1.52529,0.00053,-0.00035,0.0003,0.01075,0.02906,-1.5448,0.00017,-0.00034,0.00025,0.0001,0.00893,-1.52566,10,37.8988,362.8233,39.493,179.4134,0.9719,-122.3657,0.0053,27.1808,0.6412
68,000068.png,False,1788775172.824027,1788775172.619327,normal_unload,1,,1.3579392145650473,0.00119,0.01947,-1.45172,0.001,-0.00041,0.0002,0.0044,0.01431,-1.47153,0.00065,-0.0004,0.00014,0.00137,-0.0058,-1.45184,10,37.8998,362.8187,39.5149,179.4146,0.9706,-122.3659,0.0151,27.2026,0.6194
69,000069.png,False,1788775173.032036,1788775172.827336,normal_unload,1,,1.2581191146625825,0.02202,0.07806,-1.33647,-0.00071,0.00012,6e-05,0.02524,0.07288,-1.35637,-0.00107,0.00013,1e-05,-0.01066,0.0572,-1.33767,10,37.8955,362.8393,39.5383,179.4147,0.9702,-122.3659,0.0023,27.2264,0.5956
70,000070.png,False,1788775173.236115,1788775173.031415,normal_unload,1,,1.2581191146625825,0.0124,0.04701,-1.35514,0.00017,-0.00016,0.00011,0.01563,0.04181,-1.37514,-0.00019,-0.00015,6e-05,-0.00336,0.0252,-1.35577,11,37.8979,362.8282,39.5363,179.4156,0.9695,-122.3657,0.0052,27.2242,0.5978
71,000071.png,False,1788775173.444118,1788775173.239419,normal_unload,1,,1.2581191146625825,0.00749,0.04119,-1.2687,0.00031,-0.00022,5e-05,0.01074,0.03596,-1.2888,-5e-05,-0.00021,0.0,-0.0053,0.01909,-1.26924,10,37.9001,362.8248,39.5761,179.4155,0.9697,-122.3661,0.0085,27.2639,0.5581
72,000072.png,False,1788775174.268103,1788775174.063403,normal_unload,1,,1.0587852747482542,0.00043,0.0298,-1.15896,0.00059,-0.00032,8e-05,0.00375,0.02447,-1.17944,0.00022,-0.00031,3e-05,-0.00648,0.00746,-1.1593,10,37.8982,362.8214,39.5959,179.4154,0.9687,-122.3657,0.01,27.2837,0.5383
73,000073.png,False,1788775174.476114,1788775174.271414,normal_unload,1,,1.0587852747482542,0.00633,0.04223,-1.07178,0.00016,-0.00022,0.00011,0.00966,0.03687,-1.09236,-0.00021,-0.00021,6e-05,-0.00818,0.02257,-1.07236,11,37.8949,362.829,39.6275,179.4154,0.9684,-122.3655,0.0095,27.3155,0.5065
74,000074.png,False,1788775174.680128,1788775174.475428,normal_unload,1,,0.9701384084062169,0.00447,0.0407,-1.06044,0.00024,-0.00018,0.00015,0.00781,0.03532,-1.08111,-0.00013,-0.00017,9e-05,-0.00911,0.02049,-1.061,10,37.8962,362.8284,39.6273,179.415,0.9689,-122.3657,0.0066,27.3152,0.5068
75,000075.png,False,1788775174.888135,1788775174.683435,normal_unload,1,,0.9701384084062169,0.00728,0.04347,-1.02029,0.00015,-0.00014,0.00012,0.01064,0.03807,-1.04106,-0.00023,-0.00013,7e-05,-0.00834,0.02494,-1.0209,10,37.8957,362.8329,39.6759,179.4127,0.971,-122.3659,0.0003,27.3639,0.4581
76,000076.png,False,1788775175.300159,1788775175.095459,normal_unload,1,,0.8898144249018373,0.001,0.03409,-0.97657,0.0004,-0.00016,0.00011,0.0044,0.02864,-0.99753,2e-05,-0.00015,6e-05,-0.00939,0.01438,-0.97702,10,37.8956,362.8265,39.6557,179.4148,0.9688,-122.3657,0.0095,27.3436,0.4784
77,000077.png,False,1788775175.508168,1788775175.303468,normal_unload,1,,0.8041946424478397,0.00191,0.03187,-0.88421,0.00038,-0.00018,-5e-05,0.00532,0.0264,-0.90526,-0.0,-0.00016,-0.00011,-0.00814,0.01439,-0.88463,10,37.8972,362.8235,39.6774,179.4154,0.9681,-122.3655,0.0024,27.3652,0.4568
78,000078.png,False,1788775175.712183,1788775175.507483,normal_unload,1,,0.8041946424478397,0.00085,0.02859,-0.9013,0.00054,-0.00013,4e-05,0.00428,0.02309,-0.92245,0.00016,-0.00012,-1e-05,-0.0073,0.01075,-0.90166,10,37.8961,362.824,39.6778,179.4154,0.9681,-122.3652,0.0009,27.3656,0.4564
79,000079.png,False,1788775175.920197,1788775175.715497,normal_unload,1,,0.8041946424478397,0.00279,0.03536,-0.83529,0.00031,-5e-05,9e-05,0.00623,0.02984,-0.85654,-7e-05,-4e-05,3e-05,-0.00946,0.01864,-0.83578,10,37.8961,362.8247,39.7166,179.4158,0.9674,-122.3648,0.0081,27.4044,0.4176
80,000080.png,False,1788775176.332217,1788775176.127517,normal_unload,1,,0.6754964314869313,-0.00094,0.02947,-0.78243,0.00036,-0.00015,1e-05,0.00253,0.0239,-0.80387,-3e-05,-0.00014,-4e-05,-0.01011,0.01252,-0.78282,10,37.8955,362.8263,39.7171,179.4156,0.968,-122.365,0.002,27.405,0.417
81,000081.png,False,1788775176.744236,1788775176.539536,normal_unload,1,,0.6000315104182675,-0.00432,0.02635,-0.70895,0.00043,-8e-05,0.00017,-0.00082,0.02073,-0.73059,4e-05,-7e-05,0.00012,-0.01199,0.00931,-0.70929,10,37.8964,362.8245,39.7483,179.4161,0.967,-122.3652,0.0078,27.4362,0.3858
82,000082.png,False,1788775176.952363,1788775176.747663,normal_unload,1,,0.6000315104182675,0.00076,0.03447,-0.64368,0.00013,-0.00011,0.00022,0.00427,0.02882,-0.66541,-0.00026,-0.0001,0.00016,-0.01211,0.01992,-0.64418,10,37.8966,362.8255,39.7875,179.4166,0.9666,-122.3652,0.0073,27.4754,0.3466
83,000083.png,False,1788775177.364275,1788775177.159575,normal_unload,1,,0.5203740702641995,-0.00051,0.02839,-0.59349,0.00026,-7e-05,0.0001,0.00304,0.02269,-0.61542,-0.00013,-6e-05,5e-05,-0.01052,0.01483,-0.59389,10,37.8933,362.8396,39.8415,179.4129,0.9702,-122.3651,0.0041,27.5296,0.2924
84,000084.png,False,1788775177.776293,1788775177.571593,normal_unload,1,,0.42094768491457735,-0.00168,0.02485,-0.52646,0.00032,-4e-05,0.00016,0.0019,0.0191,-0.54857,-8e-05,-3e-05,0.0001,-0.01022,0.01225,-0.5268,11,37.8963,362.8259,39.8213,179.4166,0.9662,-122.365,0.0061,27.5091,0.3129
85,000085.png,False,1788775178.192335,1788775177.987635,normal_unload,1,,0.32076237829870136,-0.00357,0.02439,-0.42008,0.00021,-2e-05,0.0002,4e-05,0.01859,-0.44239,-0.00019,-1e-05,0.00014,-0.01236,0.01261,-0.42043,10,37.896,362.8286,39.8689,179.4175,0.9656,-122.365,0.0001,27.5568,0.2652
86,000086.png,False,1788775178.396441,1788775178.191741,normal_unload,1,,0.32076237829870136,0.00057,0.02977,-0.38104,8e-05,8e-05,8e-05,0.0042,0.02394,-0.40345,-0.00032,9e-05,2e-05,-0.01173,0.01997,-0.3815,11,37.892,362.8518,39.9408,179.4124,0.971,-122.3651,0.0026,27.6291,0.1929
87,000087.png,False,1788775178.808429,1788775178.603729,normal_unload,1,,0.2556421795313355,-0.00296,0.02321,-0.35267,0.00032,0.00011,0.00012,0.0007,0.01733,-0.37527,-9e-05,0.00012,7e-05,-0.01172,0.01297,-0.35302,10,37.8957,362.8305,39.9023,179.417,0.9658,-122.3652,0.0081,27.5902,0.2318
88,000088.png,False,1788775179.224365,1788775179.019665,normal_unload,1,,0.17497149996264624,-0.0034,0.01816,-0.266,0.00027,1e-05,0.00013,0.00029,0.01223,-0.28879,-0.00015,2e-05,7e-05,-0.01017,0.00977,-0.26626,10,37.8955,362.8284,39.9429,179.4176,0.9651,-122.365,0.0005,27.6308,0.1912
89,000089.png,False,1788775179.840403,1788775179.635703,normal_unload,1,,0.0766986575384351,-0.00389,0.02131,-0.18154,0.00014,0.00012,0.00013,-0.00016,0.01531,-0.20462,-0.00027,0.00013,8e-05,-0.01276,0.0136,-0.18187,10,37.8946,362.8345,39.9936,179.4173,0.9655,-122.3648,0.0063,27.6815,0.1405
90,000090.png,False,1788775180.256418,1788775180.051718,normal_unload,1,,0.0,-0.00461,0.01696,-0.07987,0.00011,0.0001,0.00023,-0.00084,0.01091,-0.10314,-0.00031,0.00011,0.00017,-0.01191,0.01111,-0.08014,11,37.8951,362.8334,40.0626,179.4174,0.965,-122.365,0.0074,27.7505,0.0715
91,000091.png,False,1788775180.460432,1788775180.255732,normal_unload,1,,0.0,-0.00491,0.01923,-0.03657,0.00017,0.00018,3e-05,-0.00113,0.01315,-0.05994,-0.00025,0.00019,-3e-05,-0.01361,0.01361,-0.03689,10,37.8917,362.8478,40.1769,179.4144,0.9687,-122.3648,0.0098,27.865,-0.043
92,000092.png,False,1788775181.700579,1788775181.495879,normal_load,2,,0.0,-0.00726,0.01003,-0.00206,0.00034,0.00013,4e-05,-0.00338,0.0038,-0.02601,-9e-05,0.00014,-2e-05,-0.01128,0.00502,-0.00222,10,37.8959,362.8268,40.1327,179.4186,0.9634,-122.365,0.0022,27.8205,0.0015
93,000093.png,False,1788775181.904638,1788775181.699938,normal_load,2,,0.1,-0.00871,0.00946,0.01507,0.00032,0.00014,-0.00011,-0.00482,0.00321,-0.00897,-0.00011,0.00015,-0.00018,-0.01238,0.00408,0.01492,10,37.8954,362.8276,40.1354,179.4182,0.9636,-122.365,0.0002,27.8232,-0.0012
94,000094.png,False,1788775182.112595,1788775181.907895,normal_load,2,,0.1,-0.00672,0.01089,-0.00029,0.00034,9e-05,2e-05,-0.00282,0.00461,-0.02443,-0.0001,0.0001,-4e-05,-0.01126,0.00606,-0.00047,10,37.8946,362.8317,40.1299,179.418,0.964,-122.3647,0.0068,27.8178,0.0042
95,000095.png,False,1788775182.524553,1788775182.319853,normal_load,2,,0.13970324691503322,-0.00356,0.01738,-0.03909,0.00024,0.00017,0.00013,0.00038,0.01106,-0.06342,-0.0002,0.00018,6e-05,-0.0115,0.01265,-0.03938,10,37.8954,362.8335,40.0997,179.4168,0.965,-122.3652,0.0043,27.7876,0.0344
96,000096.png,False,1788775182.936568,1788775182.731868,normal_load,2,,0.16284945709518012,-0.00395,0.01574,-0.06217,0.00029,0.00013,-9e-05,2e-05,0.00937,-0.0867,-0.00015,0.00014,-0.00015,-0.01086,0.01066,-0.06243,11,37.8977,362.8253,40.0405,179.4161,0.9661,-122.3652,0.0058,27.7283,0.0937
97,000097.png,False,1788775183.556607,1788775183.351907,normal_load,2,,0.22585290487179463,-0.00273,0.01988,-0.14622,0.00024,0.00015,4e-05,0.00128,0.01343,-0.17104,-0.00021,0.00017,-2e-05,-0.01129,0.01351,-0.14654,11,37.8935,362.8368,40.0184,179.4149,0.9668,-122.365,0.0026,27.7064,0.1156
98,000098.png,False,1788775183.764673,1788775183.559973,normal_load,2,,0.22585290487179463,-0.00198,0.01914,-0.14184,0.00027,0.00014,1e-05,0.00205,0.01266,-0.16675,-0.00018,0.00016,-5e-05,-0.0103,0.01332,-0.14214,10,37.8944,362.8357,40.0178,179.4152,0.9665,-122.3654,0.01,27.7057,0.1163
99,000099.png,False,1788775184.384737,1788775184.180037,normal_load,2,,0.22585290487179463,-0.00091,0.01714,-0.22778,0.00036,0.00015,0.00024,0.00317,0.01059,-0.25298,-0.0001,0.00016,0.00017,-0.00778,0.01074,-0.22804,10,37.8941,362.8344,39.9818,179.4146,0.9671,-122.3652,0.007,27.6697,0.1523
100,000100.png,False,1788775184.588654,1788775184.383954,normal_load,2,,0.3341687273034666,-0.00099,0.01645,-0.20759,0.00023,3e-05,6e-05,0.00311,0.00987,-0.23288,-0.00023,5e-05,-0.0,-0.00763,0.01043,-0.20784,10,37.8949,362.8348,39.9812,179.4147,0.9669,-122.3652,0.01,27.6692,0.1528
101,000101.png,False,1788775184.796766,1788775184.592066,normal_load,2,,0.3341687273034666,0.00041,0.01755,-0.20258,0.00019,5e-05,6e-05,0.00452,0.01095,-0.22798,-0.00027,7e-05,-0.0,-0.00701,0.01216,-0.20286,11,37.8955,362.8346,39.9803,179.4145,0.9676,-122.3655,0.0031,27.6682,0.1538
102,000102.png,False,1788775185.620712,1788775185.416012,normal_load,2,,0.42747432054209755,0.00134,0.01642,-0.33595,0.00031,0.0,0.00024,0.00551,0.00971,-0.36172,-0.00015,2e-05,0.00018,-0.00471,0.00951,-0.33618,10,37.8951,362.834,39.9227,179.4139,0.9679,-122.365,0.0072,27.6107,0.2113
103,000103.png,False,1788775185.828719,1788775185.624019,normal_load,2,,0.42747432054209755,0.00032,0.01504,-0.31411,0.00035,-2e-05,0.00012,0.00451,0.00831,-0.33998,-0.00012,-1e-05,5e-05,-0.00506,0.00816,-0.31432,10,37.8954,362.8324,39.9259,179.4143,0.9674,-122.3648,0.0013,27.6138,0.2082
104,000104.png,False,1788775186.032733,1788775185.828033,normal_load,2,,0.45171485068877926,-0.0004,0.00705,-0.33995,0.00055,-2e-05,0.0,0.0038,0.00029,-0.36592,8e-05,-1e-05,-6e-05,-0.00151,0.00046,-0.34002,10,37.8963,362.8272,39.899,179.4156,0.966,-122.3652,0.0015,27.5868,0.2352
105,000105.png,False,1788775186.240809,1788775186.036109,normal_load,2,,0.45171485068877926,0.00054,0.01369,-0.35017,0.00051,5e-05,-4e-05,0.00476,0.00691,-0.37624,4e-05,6e-05,-0.0001,-0.00394,0.00652,-0.35036,10,37.8967,362.8308,39.9029,179.4146,0.9671,-122.3654,0.0083,27.5908,0.2312
106,000106.png,False,1788775186.448760,1788775186.244060,normal_load,2,,0.45171485068877926,0.00313,0.01354,-0.40525,0.00034,-3e-05,1e-05,0.00737,0.00673,-0.43141,-0.00013,-1e-05,-6e-05,-0.00124,0.0068,-0.40542,10,37.8953,362.8421,39.8674,179.4119,0.97,-122.3653,0.0046,27.5555,0.2665
107,000107.png,False,1788775187.272798,1788775187.068098,normal_load,2,,0.531830640201315,0.00515,0.01811,-0.42638,0.00029,-2e-05,-7e-05,0.00945,0.0112,-0.45293,-0.00019,-0.0,-0.00014,-0.00163,0.01143,-0.42664,10,37.8961,362.8379,39.8627,179.4131,0.969,-122.3657,0.0047,27.5507,0.2713
108,000108.png,False,1788775187.892830,1788775187.688130,normal_load,2,,0.531830640201315,-0.00054,-0.00034,-0.55336,0.00079,-0.00019,0.00013,0.0038,-0.00732,-0.5802,0.0003,-0.00018,6e-05,0.00353,-0.00943,-0.55327,10,37.8999,362.8193,39.8174,179.4156,0.966,-122.3659,0.0084,27.5051,0.3169
109,000109.png,False,1788775188.304975,1788775188.100275,normal_load,2,,0.6585906317643634,0.004,0.01058,-0.52888,0.00057,-1e-05,-8e-05,0.00838,0.00355,-0.55591,8e-05,1e-05,-0.00015,0.00185,0.00269,-0.52899,10,37.8997,362.8262,39.8215,179.4139,0.9682,-122.3659,0.0015,27.5093,0.3127
110,000110.png,False,1788775188.716880,1788775188.512180,normal_load,2,,0.6585906317643634,0.01339,0.03434,-0.65338,-4e-05,0.00012,8e-05,0.01779,0.02726,-0.6806,-0.00054,0.00013,1e-05,-0.00103,0.02597,-0.6539,11,37.8962,362.8439,39.7803,179.4094,0.9727,-122.3662,0.0082,27.4684,0.3536
111,000111.png,False,1788775189.336910,1788775189.132210,normal_load,2,,0.7603296484712558,0.00537,0.01594,-0.64811,0.00059,-0.0,0.00015,0.00982,0.00878,-0.67562,0.0001,1e-05,8e-05,0.00118,0.00611,-0.6483,11,37.8988,362.8323,39.7829,179.4127,0.9695,-122.3661,0.0022,27.4708,0.3512
112,000112.png,False,1788775189.545054,1788775189.340354,normal_load,2,,0.7603296484712558,0.0001,-0.0014,-0.74237,0.00108,-0.00021,0.00029,0.00457,-0.00858,-0.76998,0.00059,-0.00019,0.00022,0.00593,-0.01305,-0.74224,10,37.9026,362.8168,39.7335,179.4165,0.9653,-122.3663,0.0091,27.4212,0.4008
113,000113.png,False,1788775189.956943,1788775189.752243,normal_load,2,,0.7603296484712558,0.00342,0.0046,-0.78506,0.00097,-0.00014,0.00025,0.00792,-0.00263,-0.81286,0.00047,-0.00013,0.00018,0.00611,-0.00688,-0.78502,11,37.9004,362.8226,39.7372,179.4152,0.9668,-122.3663,0.0011,27.425,0.397
114,000114.png,False,1788775190.165024,1788775189.960324,normal_load,2,,0.8788834124741441,0.00729,0.01418,-0.75943,0.00068,-0.00016,0.00021,0.01181,0.00692,-0.78733,0.00018,-0.00015,0.00014,0.0045,0.00376,-0.75958,10,37.9011,362.8255,39.7421,179.414,0.968,-122.3665,0.0059,27.4299,0.3921
115,000115.png,False,1788775190.369085,1788775190.164385,normal_load,2,,0.8788834124741441,0.00892,0.01634,-0.75551,0.00069,-6e-05,0.00018,0.01345,0.00906,-0.7835,0.00019,-4e-05,0.00011,0.0048,0.0065,-0.7557,10,37.8998,362.8286,39.7443,179.413,0.9689,-122.3666,0.0088,27.4321,0.3899
116,000116.png,False,1788775190.577052,1788775190.372352,normal_load,2,,0.8788834124741441,0.01294,0.02909,-0.83179,0.00042,3e-05,0.00023,0.01749,0.02179,-0.85988,-9e-05,4e-05,0.00016,0.00244,0.01834,-0.83219,11,37.8964,362.8486,39.6994,179.4074,0.9752,-122.3664,0.0086,27.3876,0.4344
117,000117.png,False,1788775191.401043,1788775191.196343,normal_load,2,,0.9722863739418187,0.00917,0.02255,-0.85063,0.00066,-4e-05,0.00018,0.01378,0.01514,-0.8791,0.00015,-3e-05,0.00011,0.00258,0.01048,-0.85091,10,37.8995,362.8334,39.7104,179.4115,0.9704,-122.3672,0.0099,27.3983,0.4237
118,000118.png,False,1788775191.609025,1788775191.404325,normal_load,2,,0.9722863739418187,-0.00019,-0.0049,-0.94213,0.00136,-0.00042,0.00018,0.00443,-0.01233,-0.9707,0.00084,-0.0004,0.00011,0.00881,-0.01943,-0.9419,10,37.9024,362.8094,39.6619,179.4154,0.9661,-122.3693,0.003,27.3494,0.4726
119,000119.png,False,1788775192.021058,1788775191.816358,normal_load,2,,0.9722863739418187,0.00323,-0.0013,-0.98481,0.00132,-0.00033,7e-05,0.00789,-0.00878,-1.01357,0.0008,-0.00032,-1e-05,0.01027,-0.01528,-0.98464,10,37.9028,362.815,39.6583,179.4144,0.9672,-122.3687,0.0065,27.346,0.476
120,000120.png,False,1788775192.229136,1788775192.024436,normal_load,2,,1.1004517537156204,0.0072,0.01008,-0.98164,0.00102,-0.00023,0.00016,0.01187,0.00257,-1.0105,0.0005,-0.00022,8e-05,0.008,-0.0034,-0.98168,10,37.9004,362.8224,39.6631,179.4129,0.9691,-122.3679,0.0068,27.3509,0.4711
121,000121.png,False,1788775192.433160,1788775192.228460,normal_load,2,,1.1004517537156204,0.0106,0.01702,-0.95043,0.00083,-0.00022,-6e-05,0.01529,0.00948,-0.97939,0.0003,-0.00021,-0.00013,0.00727,0.00481,-0.9506,10,37.8996,362.8263,39.6652,179.4119,0.9703,-122.3677,0.0037,27.353,0.469
122,000122.png,False,1788775193.261112,1788775193.056412,normal_load,2,,1.1836323958232982,0.01595,0.03249,-1.08204,0.00048,-0.00014,0.00016,0.02069,0.02485,-1.11138,-5e-05,-0.00013,8e-05,0.00508,0.01877,-1.08247,10,37.8991,362.833,39.6296,179.4101,0.9719,-122.3683,0.0067,27.3176,0.5044
123,000123.png,False,1788775193.465223,1788775193.260523,normal_load,2,,1.1836323958232982,0.01392,0.0262,-1.06329,0.00077,-0.00014,-0.0,0.01868,0.01855,-1.09272,0.00024,-0.00012,-8e-05,0.00633,0.01261,-1.06361,10,37.8995,362.8318,39.6283,179.4106,0.9714,-122.3681,0.0067,27.3162,0.5058
124,000124.png,False,1788775194.085253,1788775193.880553,normal_load,2,,1.1836323958232982,0.00701,0.00549,-1.23219,0.00137,-0.00049,8e-05,0.01182,-0.00225,-1.26192,0.00083,-0.00047,0.0,0.01188,-0.01148,-1.23211,10,37.9017,362.8174,39.5811,179.4137,0.9683,-122.3681,0.009,27.2688,0.5532
125,000125.png,False,1788775194.497271,1788775194.292571,normal_load,2,,1.3403617029966342,0.0141,0.0239,-1.22491,0.00089,-0.00029,0.00029,0.01895,0.01612,-1.25483,0.00035,-0.00027,0.00022,0.00877,0.00813,-1.22517,11,37.9002,362.8261,39.5865,179.4112,0.9714,-122.3683,0.0017,27.2744,0.5476
126,000126.png,False,1788775194.705272,1788775194.500572,normal_load,2,,1.3403617029966342,0.01845,0.03843,-1.29454,0.00058,-0.00019,0.00029,0.02331,0.03062,-1.32455,4e-05,-0.00018,0.00021,0.00576,0.02177,-1.29504,10,37.8973,362.8462,39.5635,179.4051,0.9776,-122.3687,0.0018,27.2517,0.5703
127,000127.png,False,1788775194.909329,1788775194.704629,normal_load,2,,1.3403617029966342,0.02666,0.05908,-1.31901,2e-05,-0.0,0.00033,0.03153,0.05125,-1.34913,-0.00052,1e-05,0.00026,0.00272,0.04335,-1.31989,10,37.8978,362.8439,39.5617,179.406,0.9767,-122.3684,0.0011,27.2499,0.5721
128,000128.png,False,1788775195.325220,1788775195.120520,normal_load,2,,1.4196073238168196,0.01882,0.03896,-1.28317,0.00056,-0.00023,0.00015,0.02372,0.03108,-1.31347,1e-05,-0.00022,7e-05,0.00573,0.02259,-1.28369,10,37.8993,362.8339,39.5657,179.4084,0.9738,-122.3684,0.0052,27.2537,0.5683
129,000129.png,False,1788775195.529323,1788775195.324623,normal_load,2,,1.4196073238168196,0.0164,0.03481,-1.28,0.0007,-0.00019,0.00016,0.02132,0.0269,-1.3104,0.00015,-0.00018,8e-05,0.00569,0.01784,-1.28044,10,37.8982,362.832,39.5653,179.409,0.9732,-122.3681,0.0019,27.2533,0.5687
130,000130.png,False,1788775195.737248,1788775195.532548,normal_load,2,,1.4196073238168196,0.00616,0.00325,-1.38397,0.00162,-0.00064,0.00012,0.0111,-0.00468,-1.41446,0.00107,-0.00063,5e-05,0.01331,-0.01628,-1.38382,11,37.9047,362.8008,39.5015,179.4155,0.9664,-122.368,0.0044,27.1889,0.6331
131,000131.png,False,1788775196.149378,1788775195.944678,normal_load,2,,1.4196073238168196,0.0071,0.00712,-1.46402,0.00157,-0.00053,0.00021,0.01207,-0.00086,-1.49471,0.00102,-0.00051,0.00013,0.01274,-0.01374,-1.46393,10,37.9022,362.8142,39.5101,179.4119,0.9703,-122.3681,0.0067,27.1977,0.6243
132,000132.png,False,1788775196.561372,1788775196.356672,normal_load,2,,1.5614474930608453,0.01357,0.03064,-1.4425,0.00101,-0.00039,0.00012,0.01857,0.0226,-1.47339,0.00045,-0.00038,4e-05,0.00645,0.01021,-1.44284,10,37.9015,362.8241,39.5148,179.4093,0.9731,-122.3681,0.0018,27.2026,0.6194
133,000133.png,False,1788775196.769395,1788775196.564695,normal_load,2,,1.5614474930608453,0.01604,0.04398,-1.51025,0.00076,-0.00018,0.00024,0.02106,0.03593,-1.54123,0.0002,-0.00016,0.00016,0.00239,0.02192,-1.51082,10,37.8976,362.8411,39.4863,179.4036,0.9789,-122.3685,0.0032,27.1744,0.6476
134,000134.png,False,1788775197.593454,1788775197.388754,normal_load,2,,1.622609181349111,0.01032,0.04058,-1.49399,0.00079,-0.00028,0.00012,0.0154,0.03242,-1.52536,0.00022,-0.00026,4e-05,-0.00098,0.01637,-1.49449,10,37.8989,362.8285,39.4969,179.4078,0.9744,-122.3684,0.0017,27.1848,0.6372
135,000135.png,False,1788775197.801454,1788775197.596754,normal_load,2,,1.622609181349111,0.00064,0.01694,-1.60353,0.0015,-0.00058,0.00011,0.00573,0.00875,-1.635,0.00093,-0.00056,3e-05,0.00321,-0.0107,-1.60358,10,37.9012,362.8181,39.4573,179.4103,0.9714,-122.3683,0.0086,27.145,0.677
136,000136.png,False,1788775198.421490,1788775198.216790,normal_load,2,,1.7323300281735017,0.00541,0.03201,-1.64627,0.00118,-0.00046,0.00012,0.01055,0.02375,-1.67802,0.00061,-0.00045,4e-05,0.00011,0.00405,-1.64659,10,37.8993,362.8206,39.4541,179.4091,0.9724,-122.3686,0.0055,27.1419,0.6801
137,000137.png,False,1788775198.625400,1788775198.420700,normal_load,2,,1.7323300281735017,0.00479,0.03762,-1.63011,0.00104,-0.00042,1e-05,0.00995,0.02934,-1.66195,0.00046,-0.00041,-7e-05,-0.00334,0.00886,-1.63052,10,37.8997,362.825,39.4573,179.4083,0.9735,-122.369,0.0084,27.1452,0.6768
138,000138.png,False,1788775198.833411,1788775198.628711,normal_load,2,,1.7323300281735017,0.00623,0.04215,-1.68057,0.00102,-0.00032,-5e-05,0.0114,0.03384,-1.71251,0.00044,-0.0003,-0.00013,-0.00401,0.0127,-1.68105,10,37.8977,362.8315,39.4288,179.4055,0.9765,-122.3686,0.01,27.1168,0.7052
139,000139.png,False,1788775199.657525,1788775199.452825,normal_load,2,,1.8156873156557936,0.00682,0.04776,-1.72559,0.00083,-0.00032,6e-05,0.01205,0.03935,-1.75792,0.00025,-0.00031,-2e-05,-0.00599,0.01713,-1.72617,11,37.8987,362.829,39.43,179.4062,0.9751,-122.3688,0.0073,27.118,0.704
140,000140.png,False,1788775200.069539,1788775199.864839,normal_load,2,,1.8156873156557936,-0.00663,0.00302,-1.81797,0.00211,-0.00075,0.0001,-0.00136,-0.00544,-1.85049,0.00152,-0.00074,2e-05,0.00536,-0.02982,-1.81773,10,37.9022,362.8102,39.4087,179.4085,0.973,-122.3688,0.0036,27.0963,0.7257
141,000141.png,False,1788775200.689512,1788775200.484812,normal_load,2,,1.9128735603648979,0.00474,0.04571,-1.81175,0.00087,-0.0004,9e-05,0.01005,0.03718,-1.84456,0.00028,-0.00039,1e-05,-0.00617,0.01294,-1.81228,10,37.8989,362.8268,39.4061,179.4058,0.9756,-122.3686,0.0073,27.094,0.728
142,000142.png,False,1788775201.101536,1788775200.896836,normal_load,2,,1.9128735603648979,0.00979,0.06245,-2.00568,0.00056,-0.00029,0.00018,0.01513,0.05387,-2.03868,-4e-05,-0.00028,0.0001,-0.00882,0.02685,-2.00647,10,37.8973,362.8332,39.36,179.4045,0.977,-122.3684,0.0097,27.0481,0.7739
143,000143.png,False,1788775201.309636,1788775201.104936,normal_load,2,,1.9128735603648979,0.00951,0.05729,-1.9916,0.0007,-0.00038,0.00024,0.01487,0.04868,-2.0247,0.0001,-0.00037,0.00015,-0.00658,0.02246,-1.99231,10,37.8972,362.8311,39.3668,179.4048,0.9767,-122.3686,0.0161,27.0548,0.7672
144,000144.png,False,1788775201.517555,1788775201.312855,normal_unload,2,,1.9128735603648979,0.00657,0.05411,-1.95307,0.00091,-0.00032,0.00022,0.01194,0.04548,-1.98626,0.00031,-0.00031,0.00014,-0.0078,0.01886,-1.95372,11,37.8981,362.8274,39.3724,179.4052,0.9759,-122.3689,0.0029,27.0603,0.7617
145,000145.png,False,1788775201.929579,1788775201.724879,normal_unload,2,,1.8194198926810372,0.00219,0.04453,-1.91353,0.00102,-0.00046,0.00017,0.00759,0.03584,-1.94692,0.00042,-0.00044,8e-05,-0.00709,0.009,-1.91401,10,37.8979,362.8296,39.3969,179.403,0.9786,-122.3689,0.0076,27.0848,0.7372
146,000146.png,False,1788775202.137707,1788775201.933007,normal_unload,2,,1.6214387487098973,0.00919,0.05917,-1.61932,0.00053,-0.00018,0.00014,0.0146,0.05046,-1.65281,-8e-05,-0.00016,5e-05,-0.01038,0.0299,-1.62012,11,37.898,362.8346,39.442,179.4018,0.9802,-122.3689,0.0008,27.13,0.692
147,000147.png,False,1788775202.549691,1788775202.344991,normal_unload,2,,1.6214387487098973,0.00136,0.03848,-1.68265,0.00112,-0.00037,0.00026,0.00681,0.02973,-1.71633,0.00052,-0.00035,0.00017,-0.00639,0.00705,-1.68306,10,37.8984,362.8222,39.4398,179.4043,0.9772,-122.3687,0.0018,27.1276,0.6944
148,000148.png,False,1788775202.961719,1788775202.757019,normal_unload,2,,1.5586419848520647,0.00032,0.0352,-1.64235,0.0013,-0.00043,0.00014,0.0058,0.02639,-1.67622,0.00069,-0.00041,5e-05,-0.00592,0.00434,-1.64271,10,37.8978,362.8265,39.4631,179.4037,0.9775,-122.3693,0.009,27.151,0.671
149,000149.png,False,1788775203.373653,1788775203.168953,normal_unload,2,,1.4477071420686256,0.00134,0.03527,-1.55056,0.00122,-0.00037,-1e-05,0.00686,0.02641,-1.58462,0.00061,-0.00035,-9e-05,-0.00571,0.00638,-1.55093,10,37.8994,362.8239,39.4663,179.4045,0.977,-122.3689,0.0005,27.1541,0.6679
150,000150.png,False,1788775203.581758,1788775203.377058,normal_unload,2,,1.3316233840051437,0.00434,0.04563,-1.41678,0.00088,-0.00021,0.00012,0.00987,0.03675,-1.45094,0.00026,-0.00019,3e-05,-0.00922,0.01899,-1.41736,10,37.8976,362.8287,39.5069,179.4029,0.9788,-122.3685,0.0059,27.1948,0.6272
151,000151.png,False,1788775203.785761,1788775203.581061,normal_unload,2,,1.3316233840051437,0.00394,0.03816,-1.42025,0.00101,-0.00031,0.00016,0.00949,0.02925,-1.45451,0.00039,-0.00029,8e-05,-0.0058,0.01227,-1.42071,10,37.8987,362.8279,39.505,179.4035,0.9781,-122.3687,0.0073,27.1929,0.6291
152,000152.png,False,1788775204.405710,1788775204.201010,normal_unload,2,,1.229990747174048,-0.00136,0.02636,-1.32865,0.00136,-0.00036,-4e-05,0.00424,0.01738,-1.36319,0.00074,-0.00035,-0.00013,-0.00513,0.00087,-1.3289,10,37.9002,362.8207,39.5256,179.404,0.9769,-122.3691,0.0021,27.2134,0.6086
153,000153.png,False,1788775204.817756,1788775204.613056,normal_unload,2,,1.1408010836082467,0.00471,0.03812,-1.24984,0.00099,-0.00023,0.00011,0.01033,0.02908,-1.28458,0.00037,-0.00021,2e-05,-0.0063,0.01534,-1.25032,11,37.8974,362.829,39.5547,179.4042,0.9773,-122.3687,0.0072,27.2426,0.5794
154,000154.png,False,1788775205.025786,1788775204.821086,normal_unload,2,,1.1408010836082467,0.00466,0.04211,-1.18129,0.00081,-0.0002,0.00015,0.0103,0.03305,-1.21612,0.00018,-0.00018,6e-05,-0.00881,0.01987,-1.18185,10,37.8983,362.8302,39.5923,179.4027,0.9789,-122.3691,0.0064,27.2802,0.5418
155,000155.png,False,1788775205.437769,1788775205.233069,normal_unload,2,,1.0407052738056448,0.00196,0.03353,-1.13545,0.00106,-0.00025,7e-05,0.00763,0.02442,-1.17048,0.00042,-0.00023,-2e-05,-0.00718,0.01183,-1.13587,11,37.898,362.8257,39.587,179.4036,0.9774,-122.3689,0.0058,27.2748,0.5472
156,000156.png,False,1788775205.645774,1788775205.441074,normal_unload,2,,0.9549552483972917,0.00062,0.03082,-1.01651,0.0012,-0.00021,-3e-05,0.0063,0.02169,-1.05164,0.00057,-0.00019,-0.00012,-0.00782,0.01072,-1.01689,10,37.8995,362.823,39.6146,179.4042,0.9773,-122.3687,0.0013,27.3023,0.5197
157,000157.png,False,1788775205.849786,1788775205.645086,normal_unload,2,,0.9549552483972917,-0.00122,0.02596,-1.04649,0.00116,-0.00027,8e-05,0.00448,0.0168,-1.0817,0.00053,-0.00026,-1e-05,-0.00677,0.00511,-1.04678,10,37.8981,362.8232,39.6144,179.404,0.9772,-122.3687,0.0044,27.3022,0.5198
158,000158.png,False,1788775206.057951,1788775205.853251,normal_unload,2,,0.9549552483972917,0.0012,0.02467,-0.97728,0.00119,-0.00025,-1e-05,0.00691,0.01548,-1.0126,0.00055,-0.00023,-0.0001,-0.00451,0.00631,-0.97756,11,37.8996,362.8202,39.6371,179.4048,0.9764,-122.3689,0.0089,27.3248,0.4972
159,000159.png,False,1788775206.469820,1788775206.265120,normal_unload,2,,0.8692415353664785,0.0002,0.02975,-0.94636,0.00113,-0.0002,-3e-05,0.00595,0.02052,-0.98187,0.00049,-0.00018,-0.00012,-0.00813,0.01071,-0.94674,10,37.8948,362.8492,39.6975,179.4009,0.9809,-122.3694,0.0004,27.3858,0.4362
160,000160.png,False,1788775206.881841,1788775206.677141,normal_unload,2,,0.7937262602322591,0.00328,0.03253,-0.88562,0.00103,-0.00015,1e-05,0.00905,0.02324,-0.92132,0.00038,-0.00014,-8e-05,-0.00727,0.01562,-0.88606,10,37.8974,362.827,39.6646,179.4049,0.9759,-122.3689,0.0099,27.3524,0.4696
161,000161.png,False,1788775207.297949,1788775207.093249,normal_unload,2,,0.6863579040505841,-0.0004,0.02863,-0.78857,0.001,-0.00013,-2e-05,0.00541,0.0193,-0.82446,0.00035,-0.00011,-0.00011,-0.00918,0.01196,-0.78894,11,37.8987,362.8252,39.6956,179.4051,0.9761,-122.3691,0.0035,27.3834,0.4386
162,000162.png,False,1788775207.502023,1788775207.297323,normal_unload,2,,0.6863579040505841,0.00279,0.03225,-0.75409,0.00093,-4e-05,0.00011,0.00861,0.02289,-0.79008,0.00028,-2e-05,1e-05,-0.00847,0.01724,-0.75454,10,37.8951,362.8423,39.769,179.4002,0.9814,-122.3692,0.0062,27.4571,0.3649
163,000163.png,False,1788775207.913985,1788775207.709285,normal_unload,2,,0.6067353263689853,0.0,0.02584,-0.71148,0.00112,-0.00014,0.00017,0.00586,0.01643,-0.74766,0.00047,-0.00012,8e-05,-0.00798,0.01099,-0.71182,11,37.8984,362.8252,39.7338,179.4057,0.9754,-122.3688,0.0036,27.4216,0.4004
164,000164.png,False,1788775208.330013,1788775208.125313,normal_unload,2,,0.4979539863637058,-0.00246,0.01856,-0.59881,0.00116,-0.00014,0.00013,0.00343,0.0091,-0.63518,0.00051,-0.00012,4e-05,-0.00725,0.00525,-0.59903,10,37.898,362.8233,39.7734,179.4067,0.9743,-122.3688,0.006,27.4612,0.3608
165,000165.png,False,1788775208.533931,1788775208.329231,normal_unload,2,,0.4979539863637058,-0.00196,0.02994,-0.54438,0.0009,1e-05,6e-05,0.00394,0.02045,-0.58085,0.00024,3e-05,-3e-05,-0.01288,0.01623,-0.54481,10,37.8973,362.8326,39.8101,179.4062,0.9748,-122.3688,0.0089,27.498,0.324
166,000166.png,False,1788775208.945955,1788775208.741255,normal_unload,2,,0.39246297867554747,-0.00349,0.02877,-0.50705,0.00079,-1e-05,0.0002,0.00244,0.01923,-0.54371,0.00013,1e-05,0.00011,-0.01388,0.01505,-0.50746,10,37.8975,362.8319,39.8092,179.4064,0.9746,-122.3693,0.0016,27.4971,0.3249
167,000167.png,False,1788775209.362073,1788775209.157373,normal_unload,2,,0.27470612327020094,-0.00738,0.02169,-0.37515,0.00096,-1e-05,6e-05,-0.00142,0.0121,-0.41201,0.0003,1e-05,-3e-05,-0.01463,0.00909,-0.37545,10,37.8973,362.8277,39.8622,179.4061,0.9746,-122.369,0.01,27.5501,0.2719
168,000168.png,False,1788775209.566085,1788775209.361385,normal_unload,2,,0.27470612327020094,-0.00682,0.02332,-0.3152,0.00085,0.00013,-4e-05,-0.00084,0.01371,-0.35215,0.00018,0.00015,-0.00013,-0.01538,0.01174,-0.31554,10,37.8976,362.8309,39.9136,179.4056,0.9754,-122.3695,0.0077,27.6015,0.2205
169,000169.png,False,1788775209.978076,1788775209.773376,normal_unload,2,,0.1738988632266427,-0.00971,0.02184,-0.28287,0.00101,0.0001,8e-05,-0.0037,0.01218,-0.32001,0.00033,0.00012,-2e-05,-0.01736,0.00954,-0.28318,11,37.8985,362.8285,39.9098,179.407,0.9743,-122.3693,0.0061,27.5977,0.2243
170,000170.png,False,1788775210.394035,1788775210.189335,normal_unload,2,,0.0918196597719401,-0.01128,0.01767,-0.18705,0.00108,9e-05,0.0001,-0.00524,0.00796,-0.22438,0.00041,0.00011,1e-05,-0.0173,0.00667,-0.1873,10,37.8994,362.823,39.9617,179.4082,0.973,-122.3692,0.0054,27.6494,0.1726
171,000171.png,False,1788775210.598037,1788775210.393337,normal_unload,2,,0.0918196597719401,-0.00844,0.0267,-0.14082,0.00073,0.00014,0.00019,-0.00239,0.01696,-0.17825,5e-05,0.00016,9e-05,-0.01968,0.01664,-0.14124,11,37.8944,362.8483,40.0431,179.4053,0.9757,-122.3695,0.0072,27.7313,0.0907
172,000172.png,False,1788775211.010064,1788775210.805364,normal_unload,2,,0.0,-0.01072,0.02898,-0.07756,0.00064,0.00018,0.00015,-0.00463,0.01919,-0.11519,-4e-05,0.0002,6e-05,-0.02323,0.0185,-0.07803,10,37.8966,362.8372,40.0316,179.4079,0.9733,-122.3692,0.0092,27.7195,0.1025
173,000173.png,False,1788775212.458266,1788775212.253567,normal_load,3,,0.1,-0.01266,0.01888,0.02363,0.00087,0.00013,0.00011,-0.00646,0.00892,-0.01467,0.00018,0.00015,1e-05,-0.02056,0.0104,0.02333,11,37.8981,362.8275,40.1281,179.4093,0.9717,-122.3694,0.0099,27.8159,0.0061
174,000174.png,False,1788775212.662157,1788775212.457457,normal_load,3,,0.1,-0.01315,0.01969,0.02763,0.00076,5e-05,8e-05,-0.00693,0.0097,-0.01076,7e-05,7e-05,-1e-05,-0.02142,0.01092,0.02731,10,37.8981,362.8264,40.1281,179.409,0.9718,-122.3694,0.0073,27.8159,0.0061
175,000175.png,False,1788775213.074171,1788775212.869471,normal_load,3,,0.1,-0.01384,0.0199,0.0048,0.00087,0.00011,-2e-05,-0.0076,0.00987,-0.03378,0.00017,0.00013,-0.00012,-0.02197,0.0104,0.00449,11,37.8977,362.824,40.0883,179.4109,0.9697,-122.3692,0.003,27.776,0.046
176,000176.png,False,1788775213.490196,1788775213.285496,normal_load,3,,0.15846103577736984,-0.00903,0.03138,-0.05716,0.00055,0.00019,0.00012,-0.00275,0.02129,-0.09595,-0.00015,0.00021,3e-05,-0.0231,0.02175,-0.05768,10,37.8947,362.84,40.0508,179.409,0.9717,-122.3697,0.0026,27.7388,0.0832
177,000177.png,False,1788775213.902339,1788775213.697639,normal_load,3,,0.15846103577736984,-0.00724,0.03399,-0.131,0.00064,0.0002,0.00016,-0.00093,0.02386,-0.16997,-7e-05,0.00022,6e-05,-0.02235,0.02373,-0.13155,10,37.8972,362.835,40.0094,179.4076,0.9737,-122.3699,0.0075,27.6973,0.1247
178,000178.png,False,1788775214.522320,1788775214.317620,normal_load,3,,0.23816706834562923,-0.00789,0.03424,-0.11965,0.00055,0.0002,0.00012,-0.00153,0.02403,-0.15892,-0.00016,0.00022,2e-05,-0.02311,0.0238,-0.12021,10,37.8952,362.8383,40.0085,179.4071,0.9738,-122.3697,0.0046,27.6965,0.1255
179,000179.png,False,1788775214.726258,1788775214.521558,normal_load,3,,0.23816706834562923,-0.0105,0.02665,-0.19069,0.0009,0.00016,0.00013,-0.00413,0.01642,-0.23005,0.00019,0.00018,3e-05,-0.02109,0.01478,-0.1911,10,37.8985,362.826,39.9389,179.4105,0.9701,-122.3699,0.0,27.6267,0.1953
180,000180.png,False,1788775214.934269,1788775214.729569,normal_load,3,,0.23816706834562923,-0.00919,0.03209,-0.24158,0.00074,0.00014,0.00017,-0.0028,0.02183,-0.28103,3e-05,0.00016,7e-05,-0.02232,0.01933,-0.24208,10,37.8978,362.8316,39.9513,179.4092,0.9719,-122.3701,0.0067,27.6392,0.1828
181,000181.png,False,1788775215.554385,1788775215.349685,normal_load,3,,0.338733390817751,-0.0065,0.03641,-0.22292,0.00072,0.00021,0.00016,-7e-05,0.02607,-0.26267,1e-05,0.00023,6e-05,-0.02228,0.02471,-0.2235,11,37.8955,362.8352,39.9586,179.4071,0.9738,-122.3699,0.0029,27.6466,0.1754
182,000182.png,False,1788775215.758411,1788775215.553711,normal_load,3,,0.338733390817751,-0.00639,0.03738,-0.27213,0.00066,0.00019,0.00012,6e-05,0.02702,-0.31198,-6e-05,0.00021,2e-05,-0.02232,0.02482,-0.27273,11,37.8958,362.8418,39.9114,179.4028,0.9785,-122.3704,0.005,27.5995,0.2225
183,000183.png,False,1788775216.586458,1788775216.381758,normal_load,3,,0.38038011470742106,-0.00422,0.03517,-0.28594,0.00072,9e-05,0.0001,0.00229,0.0247,-0.32617,-1e-05,0.00011,0.0,-0.01924,0.02377,-0.2865,10,37.8972,362.8333,39.9203,179.4058,0.9753,-122.3704,0.0074,27.6082,0.2138
184,000184.png,False,1788775216.790452,1788775216.585752,normal_load,3,,0.38038011470742106,-0.01187,0.01974,-0.38207,0.00127,-3e-05,0.00018,-0.00534,0.00925,-0.4224,0.00055,-1e-05,8e-05,-0.01749,0.00505,-0.38234,10,37.8995,362.8163,39.8614,179.4103,0.9703,-122.3701,0.0056,27.5491,0.2729
185,000185.png,False,1788775216.998378,1788775216.793678,normal_load,3,,0.38038011470742106,-0.00932,0.02007,-0.42632,0.00113,-0.00018,0.0002,-0.00278,0.00956,-0.46674,0.0004,-0.00016,0.0001,-0.01515,0.0059,-0.42658,11,37.9001,362.8184,39.8613,179.41,0.9706,-122.3703,0.0073,27.5489,0.2731
186,000186.png,False,1788775217.206387,1788775217.001687,normal_load,3,,0.38038011470742106,-0.00793,0.02652,-0.40486,0.00111,-4e-05,3e-05,-0.00137,0.01598,-0.44537,0.00038,-2e-05,-7e-05,-0.01731,0.01252,-0.40524,10,37.8989,362.8238,39.8661,179.4086,0.9722,-122.3705,0.0002,27.5538,0.2682
187,000187.png,False,1788775218.030435,1788775217.825735,normal_load,3,,0.5524295784186848,0.00449,0.05827,-0.45105,0.00025,0.00029,6e-05,0.01111,0.04763,-0.49195,-0.00048,0.00031,-4e-05,-0.0221,0.04549,-0.452,10,37.8951,362.848,39.8482,179.4011,0.9807,-122.3707,0.0011,27.5364,0.2856
188,000188.png,False,1788775218.650586,1788775218.445886,normal_load,3,,0.5524295784186848,-0.00065,0.03928,-0.52635,0.00067,3e-05,7e-05,0.00602,0.02857,-0.56754,-7e-05,5e-05,-3e-05,-0.01654,0.02526,-0.52695,10,37.8979,362.8323,39.8103,179.4005,0.9813,-122.3709,0.0042,27.4982,0.3238
189,000189.png,False,1788775219.062488,1788775218.857788,normal_load,3,,0.6209266562392486,0.00381,0.04979,-0.57135,0.00057,0.00011,0.00027,0.01051,0.03903,-0.61274,-0.00018,0.00013,0.00017,-0.01761,0.03587,-0.57214,10,37.8967,362.8356,39.8053,179.3994,0.9824,-122.3711,0.0059,27.4933,0.3287
190,000190.png,False,1788775219.474576,1788775219.269876,normal_load,3,,0.6209266562392486,0.00612,0.05463,-0.61815,0.00039,0.00017,0.00021,0.01285,0.04382,-0.65973,-0.00036,0.00019,0.00011,-0.01771,0.04047,-0.61902,11,37.8958,362.8408,39.7874,179.3957,0.9861,-122.3712,0.0087,27.4755,0.3465
191,000191.png,False,1788775219.682519,1788775219.477819,normal_load,3,,0.6209266562392486,0.00681,0.04987,-0.59957,0.00042,0.0001,0.00017,0.01356,0.03903,-0.64124,-0.00033,0.00012,6e-05,-0.01486,0.03699,-0.60036,10,37.897,362.8377,39.7896,179.3972,0.9851,-122.3712,0.0047,27.4776,0.3444
192,000192.png,False,1788775220.094620,1788775219.889920,normal_load,3,,0.7198994914705593,0.00243,0.03916,-0.60855,0.0008,6e-05,0.0003,0.00921,0.02827,-0.65041,4e-05,8e-05,0.0002,-0.01324,0.02538,-0.60914,11,37.8973,362.8299,39.7894,179.3991,0.9828,-122.3711,0.005,27.4773,0.3447
193,000193.png,False,1788775220.302548,1788775220.097848,normal_load,3,,0.7198994914705593,-0.0059,0.0214,-0.74265,0.0013,-0.00024,0.00045,0.00089,0.01048,-0.78461,0.00054,-0.00022,0.00034,-0.01066,0.00368,-0.7429,10,37.9016,362.8092,39.7135,179.4059,0.9754,-122.371,0.008,27.4011,0.4209
194,000194.png,False,1788775220.506575,1788775220.301875,normal_load,3,,0.7198994914705593,-0.00505,0.01839,-0.80701,0.00145,-0.00024,0.00043,0.00175,0.00745,-0.84906,0.00069,-0.00022,0.00032,-0.00797,0.00048,-0.80719,10,37.9003,362.8189,39.7324,179.4036,0.978,-122.3711,0.0052,27.4201,0.4019
195,000195.png,False,1788775220.714658,1788775220.509958,normal_load,3,,0.7198994914705593,-0.00208,0.03171,-0.73523,0.00108,-0.00012,0.00044,0.00474,0.02075,-0.77738,0.00032,-0.0001,0.00033,-0.01255,0.01465,-0.73566,11,37.8984,362.8225,39.7507,179.4016,0.98,-122.3713,0.0017,27.4385,0.3835
196,000196.png,False,1788775220.918689,1788775220.713989,normal_load,3,,0.9062982731742153,0.00131,0.03589,-0.71483,0.00092,-5e-05,0.00044,0.00815,0.0249,-0.75708,0.00016,-3e-05,0.00034,-0.01184,0.02028,-0.71534,10,37.8989,362.8272,39.7532,179.4,0.9818,-122.3711,0.0048,27.4411,0.3809
197,000197.png,False,1788775221.126708,1788775220.922008,normal_load,3,,0.9062982731742153,0.00273,0.04077,-0.68327,0.00069,-0.0001,0.00029,0.00959,0.02976,-0.72562,-8e-05,-7e-05,0.00018,-0.01327,0.02573,-0.68388,10,37.8981,362.8297,39.7567,179.3993,0.9823,-122.3713,0.01,27.4446,0.3774
198,000198.png,False,1788775221.334604,1788775221.129904,normal_load,3,,0.863935564693449,0.006,0.05091,-0.73968,0.00054,1e-05,0.00019,0.01287,0.03987,-0.78212,-0.00023,3e-05,8e-05,-0.01511,0.03524,-0.74046,11,37.8954,362.8457,39.7197,179.394,0.9884,-122.3714,0.0088,27.4079,0.4141
199,000199.png,False,1788775221.950706,1788775221.746006,normal_load,3,,0.863935564693449,0.0013,0.03675,-0.8315,0.00099,-0.00019,0.0003,0.00821,0.02563,-0.87423,0.00021,-0.00017,0.00019,-0.01147,0.01916,-0.83201,10,37.8991,362.8254,39.7059,179.3943,0.988,-122.3714,0.0018,27.3937,0.4283
200,000200.png,False,1788775222.366660,1788775222.161960,normal_load,3,,0.9335092796717986,0.00656,0.04684,-0.86934,0.00077,-3e-05,0.00031,0.0135,0.03567,-0.91227,-0.0,-1e-05,0.00021,-0.0117,0.02991,-0.87004,10,37.8979,362.8298,39.6899,179.3938,0.9882,-122.3714,0.0043,27.3778,0.4442
201,000201.png,False,1788775222.570686,1788775222.365986,normal_load,3,,0.9335092796717986,0.0075,0.04688,-0.88217,0.00065,-9e-05,0.00026,0.01446,0.03569,-0.92519,-0.00012,-7e-05,0.00015,-0.01081,0.03021,-0.88287,10,37.8995,362.8303,39.6861,179.3938,0.9885,-122.3719,0.0011,27.374,0.448
202,000202.png,False,1788775222.778687,1788775222.573987,normal_load,3,,0.9335092796717986,0.00617,0.04614,-0.96583,0.00083,-0.00014,0.0002,0.01315,0.03493,-1.00895,5e-05,-0.00012,9e-05,-0.01102,0.02757,-0.9665,11,37.8979,362.8322,39.6342,179.394,0.9884,-122.3714,0.006,27.3221,0.4999
203,000203.png,False,1788775223.190705,1788775222.986005,normal_load,3,,0.9335092796717986,0.00678,0.0461,-1.03523,0.00094,-0.00018,0.00028,0.01379,0.03484,-1.07854,0.00016,-0.00016,0.00017,-0.00998,0.02673,-1.03589,10,37.8982,362.8301,39.6459,179.3941,0.9882,-122.3714,0.0042,27.3338,0.4882
204,000204.png,False,1788775223.398715,1788775223.194015,normal_load,3,,1.1334418605836563,0.00645,0.04523,-0.99712,0.00086,-0.0001,0.00037,0.01347,0.03394,-1.04052,7e-05,-8e-05,0.00026,-0.0101,0.02642,-0.99776,11,37.8977,362.8309,39.6549,179.3937,0.9884,-122.3714,0.003,27.3429,0.4791
205,000205.png,False,1788775223.602731,1788775223.398031,normal_load,3,,1.1334418605836563,0.00505,0.04578,-0.96125,0.00088,-0.0001,0.00031,0.0121,0.03446,-1.00475,0.0001,-7e-05,0.0002,-0.01183,0.02678,-0.9619,10,37.8984,362.8294,39.6634,179.3937,0.9887,-122.3714,0.0029,27.3513,0.4707
206,000206.png,False,1788775224.634784,1788775224.430084,normal_load,3,,1.1580648271279417,0.00836,0.05079,-1.0738,0.00085,-9e-05,0.00029,0.01548,0.03935,-1.11778,6e-05,-7e-05,0.00018,-0.01069,0.03097,-1.07453,11,37.8977,362.8309,39.6262,179.3919,0.9903,-122.3717,0.0034,27.3141,0.5079
207,000207.png,False,1788775225.046816,1788775224.842116,normal_load,3,,1.1580648271279417,0.01102,0.05342,-1.17172,0.00072,-0.00021,0.00037,0.01817,0.04193,-1.21589,-7e-05,-0.00019,0.00026,-0.00902,0.03301,-1.17249,10,37.8978,362.8316,39.5994,179.3897,0.993,-122.3719,0.0064,27.2874,0.5346
208,000208.png,False,1788775225.666848,1788775225.462148,normal_load,3,,1.2703510157890834,0.01081,0.05154,-1.13696,0.00077,-0.00019,0.00031,0.018,0.03997,-1.18143,-3e-05,-0.00017,0.0002,-0.00851,0.03182,-1.1377,10,37.8989,362.8305,39.6057,179.3914,0.9911,-122.3719,0.0093,27.2936,0.5284
209,000209.png,False,1788775225.874851,1788775225.670151,normal_load,3,,1.2703510157890834,0.00243,0.0266,-1.26414,0.0015,-0.00054,0.00024,0.00964,0.01501,-1.3087,0.00069,-0.00051,0.00012,-0.00242,0.004,-1.26441,11,37.9018,362.8082,39.521,179.3987,0.9829,-122.3718,0.0024,27.2085,0.6135
210,000210.png,False,1788775226.078957,1788775225.874257,normal_load,3,,1.2703510157890834,0.00086,0.02104,-1.36481,0.00176,-0.00062,0.00019,0.00809,0.00943,-1.40946,0.00095,-0.0006,7e-05,-0.00031,-0.00321,-1.36497,11,37.9013,362.8136,39.5387,179.3968,0.9853,-122.3716,0.0001,27.2263,0.5957
211,000211.png,False,1788775226.494881,1788775226.290181,normal_load,3,,1.4621193973855555,0.01062,0.04973,-1.28312,0.00101,-0.00025,0.00034,0.01788,0.03807,-1.32797,0.0002,-0.00023,0.00022,-0.00676,0.02782,-1.28381,11,37.8986,362.8279,39.5614,179.3913,0.9909,-122.3717,0.0057,27.2493,0.5727
212,000212.png,False,1788775226.698895,1788775226.494195,normal_load,3,,1.4621193973855555,0.01224,0.05038,-1.25249,0.00088,-0.00022,0.00019,0.01951,0.03869,-1.29744,7e-05,-0.0002,8e-05,-0.00588,0.02968,-1.2532,10,37.8981,362.8284,39.562,179.391,0.9912,-122.3719,0.0031,27.2499,0.5721
213,000213.png,False,1788775227.731043,1788775227.526343,normal_load,3,,1.4704038765842853,0.0144,0.05279,-1.38935,0.001,-0.00028,0.00034,0.02175,0.04097,-1.43478,0.00018,-0.00025,0.00022,-0.00427,0.03066,-1.39008,10,37.898,362.829,39.5241,179.3897,0.9927,-122.3717,0.0037,27.212,0.61
214,000214.png,False,1788775228.559083,1788775228.354383,normal_load,3,,1.5605640988476353,0.01046,0.03707,-1.45924,0.00134,-0.00053,0.00034,0.01788,0.02515,-1.50505,0.00052,-0.00051,0.00023,0.00066,0.01395,-1.45968,10,37.8994,362.8216,39.5057,179.3905,0.9917,-122.3719,0.0027,27.1934,0.6286
215,000215.png,False,1788775228.763013,1788775228.558313,normal_load,3,,1.5605640988476353,0.01221,0.04136,-1.47566,0.00132,-0.00053,0.00044,0.01964,0.02942,-1.52157,0.00049,-0.0005,0.00032,0.00014,0.01829,-1.47617,10,37.9012,362.8213,39.5058,179.3904,0.9922,-122.3722,0.0007,27.1936,0.6284
216,000216.png,False,1788775228.971016,1788775228.766316,normal_load,3,,1.5605640988476353,0.009,0.03589,-1.53393,0.00149,-0.00051,0.00032,0.01645,0.02392,-1.57994,0.00066,-0.00049,0.0002,0.0005,0.01101,-1.53433,10,37.9017,362.8189,39.4551,179.3938,0.9885,-122.3721,0.0002,27.1428,0.6792
217,000217.png,False,1788775229.383035,1788775229.178335,normal_load,3,,1.5605640988476353,0.01104,0.03495,-1.61546,0.00158,-0.00058,0.00026,0.01852,0.02293,-1.66166,0.00074,-0.00055,0.00015,0.0033,0.00991,-1.61584,10,37.8996,362.8201,39.4657,179.3923,0.9898,-122.3719,0.0087,27.1535,0.6685
218,000218.png,False,1788775229.795058,1788775229.590358,normal_load,3,,1.7423683305582955,0.01464,0.04984,-1.55734,0.00114,-0.00044,0.0003,0.02215,0.03777,-1.60373,0.0003,-0.00042,0.00018,-0.00142,0.02553,-1.55799,11,37.8989,362.8252,39.4739,179.3904,0.9919,-122.3719,0.0029,27.1618,0.6602
219,000219.png,False,1788775230.003070,1788775229.798370,normal_load,3,,1.7423683305582955,0.02067,0.06081,-1.62849,0.00094,-0.0004,0.00021,0.02819,0.04872,-1.67498,0.0001,-0.00038,0.0001,-0.00119,0.03691,-1.62934,10,37.8958,362.8439,39.4315,179.3848,0.9983,-122.372,0.0041,27.1197,0.7023
220,000220.png,False,1788775230.827114,1788775230.622414,normal_load,3,,1.8120831240726432,0.01844,0.05614,-1.67883,0.00111,-0.00039,0.00024,0.02602,0.04394,-1.72571,0.00027,-0.00037,0.00012,-0.00044,0.03094,-1.67959,10,37.8981,362.8291,39.4384,179.3888,0.9936,-122.372,0.0057,27.1263,0.6957
221,000221.png,False,1788775231.859178,1788775231.654478,normal_load,3,,1.899409873755107,0.01583,0.04286,-1.82484,0.00159,-0.00054,0.00034,0.02349,0.03055,-1.87219,0.00074,-0.00052,0.00022,0.00495,0.0158,-1.82533,10,37.9012,362.8184,39.404,179.3894,0.993,-122.3724,0.0003,27.0918,0.7302
222,000222.png,False,1788775232.067281,1788775231.862581,normal_load,3,,1.899409873755107,0.01592,0.04408,-1.89641,0.00152,-0.00066,0.00032,0.0236,0.03173,-1.94386,0.00067,-0.00063,0.0002,0.00492,0.01575,-1.89692,10,37.8998,362.8265,39.3754,179.3897,0.9927,-122.3724,0.0006,27.0633,0.7587
223,000223.png,False,1788775232.479267,1788775232.274567,normal_load,3,,1.899409873755107,0.01941,0.05071,-1.92371,0.00144,-0.00055,0.00019,0.02712,0.03832,-1.97135,0.00058,-0.00052,7e-05,0.00482,0.0228,-1.92433,10,37.9001,362.8233,39.3746,179.3898,0.9922,-122.3724,0.01,27.0624,0.7596
224,000224.png,False,1788775233.719342,1788775233.514642,normal_unload,3,,2.0,0.02727,0.06428,-1.97547,0.001,-0.00046,0.00041,0.03508,0.05174,-2.02369,0.00013,-0.00043,0.00028,0.0052,0.03766,-1.97634,11,37.8992,362.8302,39.3628,179.387,0.9955,-122.3733,0.0034,27.0508,0.7712
225,000225.png,False,1788775233.923356,1788775233.718656,normal_unload,3,,1.8800052628369683,0.02548,0.05989,-1.98994,0.00122,-0.00046,0.00054,0.0333,0.04733,-2.03826,0.00035,-0.00043,0.00042,0.00594,0.03273,-1.99072,10,37.9009,362.8284,39.3624,179.3874,0.9951,-122.3735,0.0058,27.0503,0.7717
226,000226.png,False,1788775234.131390,1788775233.926690,normal_unload,3,,1.8800052628369683,0.02427,0.055,-1.9682,0.00128,-0.00047,0.00029,0.03211,0.0424,-2.01661,0.0004,-0.00045,0.00017,0.00719,0.02823,-1.9689,10,37.9003,362.8264,39.3847,179.3876,0.9952,-122.3731,0.0092,27.0726,0.7494
227,000227.png,False,1788775234.543433,1788775234.338733,normal_unload,3,,1.698605009892023,0.02003,0.04291,-1.80542,0.00148,-0.00056,0.00017,0.0279,0.03027,-1.85403,0.0006,-0.00054,4e-05,0.00843,0.01825,-1.80593,10,37.901,362.823,39.3956,179.3871,0.9957,-122.3733,0.0014,27.0834,0.7386
228,000228.png,False,1788775234.751441,1788775234.546741,normal_unload,3,,1.698605009892023,0.01837,0.04424,-1.74511,0.00148,-0.00052,0.00032,0.02625,0.03158,-1.79382,0.0006,-0.0005,0.0002,0.00591,0.01954,-1.74565,10,37.902,362.818,39.4188,179.3886,0.9941,-122.3735,0.0016,27.1065,0.7155
229,000229.png,False,1788775234.955416,1788775234.750716,normal_unload,3,,1.6410540048239766,0.01334,0.03271,-1.75321,0.00187,-0.0005,0.00044,0.02124,0.02002,-1.80201,0.00099,-0.00048,0.00032,0.00737,0.00692,-1.75353,11,37.9019,362.818,39.4192,179.3886,0.9941,-122.3735,0.0042,27.107,0.715
230,000230.png,False,1788775235.575444,1788775235.370744,normal_unload,3,,1.5801458966176283,0.01849,0.04647,-1.68,0.00143,-0.00047,0.00021,0.02644,0.0337,-1.72909,0.00054,-0.00044,9e-05,0.00445,0.02257,-1.68059,11,37.9004,362.8259,39.4316,179.3883,0.9944,-122.3737,0.0004,27.1194,0.7026
231,000231.png,False,1788775235.783462,1788775235.578762,normal_unload,3,,1.43237088052868,0.01856,0.04917,-1.53682,0.00128,-0.00039,0.00016,0.02653,0.03638,-1.586,0.00039,-0.00036,3e-05,0.00217,0.02724,-1.53747,10,37.9018,362.8254,39.4737,179.3873,0.9955,-122.3744,0.002,27.1615,0.6605
232,000232.png,False,1788775235.987491,1788775235.782791,normal_unload,3,,1.43237088052868,0.01709,0.0418,-1.54217,0.00148,-0.00036,0.00034,0.02507,0.02898,-1.59145,0.00059,-0.00034,0.00021,0.00462,0.02003,-1.54269,10,37.9015,362.8247,39.4692,179.3877,0.995,-122.3744,0.0053,27.157,0.665
233,000233.png,False,1788775236.195471,1788775235.990771,normal_unload,3,,1.43237088052868,0.01622,0.04414,-1.48496,0.00141,-0.00037,0.00033,0.02422,0.0313,-1.53433,0.00052,-0.00035,0.00021,0.0023,0.02255,-1.48553,11,37.9022,362.8208,39.4971,179.388,0.995,-122.375,0.0084,27.1848,0.6372
234,000234.png,False,1788775236.607418,1788775236.402718,normal_unload,3,,1.3624885689418988,0.01334,0.0341,-1.46483,0.00163,-0.00042,0.00033,0.02136,0.02121,-1.5144,0.00073,-0.0004,0.00021,0.00467,0.01274,-1.46522,10,37.9031,362.818,39.4912,179.3889,0.9937,-122.3754,0.0011,27.1789,0.6431
235,000235.png,False,1788775237.019439,1788775236.814739,normal_unload,3,,1.268990543346075,0.01225,0.04114,-1.37489,0.00146,-0.00027,0.0005,0.0203,0.0282,-1.42465,0.00056,-0.00025,0.00038,-0.00041,0.01973,-1.37542,10,37.9006,362.8236,39.5216,179.3883,0.9944,-122.3761,0.0093,27.2094,0.6126
236,000236.png,False,1788775237.227569,1788775237.022869,normal_unload,3,,1.268990543346075,0.01452,0.04031,-1.28501,0.0014,-0.00028,0.00033,0.02259,0.02734,-1.33487,0.0005,-0.00025,0.0002,0.00134,0.02158,-1.28555,10,37.9014,362.8205,39.5489,179.3892,0.9934,-122.3765,0.004,27.2367,0.5853
237,000237.png,False,1788775237.639562,1788775237.434862,normal_unload,3,,1.1530411471996955,0.01204,0.03635,-1.23691,0.00143,-0.00036,0.00017,0.02014,0.02333,-1.28697,0.00053,-0.00033,4e-05,0.00084,0.01768,-1.23738,10,37.8982,362.8359,39.579,179.3878,0.9945,-122.3763,0.0056,27.267,0.555
238,000238.png,False,1788775237.847483,1788775237.642783,normal_unload,3,,1.0489286009957537,0.01631,0.05142,-1.14418,0.00102,-0.00016,0.00022,0.02443,0.03837,-1.19433,0.00012,-0.00014,9e-05,-0.00363,0.03435,-1.14493,10,37.9014,362.828,39.5756,179.3887,0.9939,-122.3765,0.0079,27.2635,0.5585
239,000239.png,False,1788775238.051493,1788775237.846793,normal_unload,3,,1.0489286009957537,0.01586,0.04598,-1.15007,0.00112,-0.00027,0.00015,0.02399,0.03292,-1.20032,0.00021,-0.00025,2e-05,-0.00127,0.02932,-1.15073,10,37.9001,362.8297,39.5769,179.3884,0.9942,-122.3763,0.0054,27.2648,0.5572
240,000240.png,False,1788775238.259507,1788775238.054807,normal_unload,3,,1.0489286009957537,0.01281,0.04191,-1.06344,0.00113,-0.0002,7e-05,0.02096,0.02882,-1.11378,0.00022,-0.00018,-6e-05,-0.00247,0.02566,-1.06403,10,37.8999,362.8264,39.6049,179.3884,0.9939,-122.3765,0.0017,27.2927,0.5293
241,000241.png,False,1788775238.467588,1788775238.262888,normal_unload,3,,0.9697703954095972,0.01038,0.03792,-1.07141,0.00139,-0.00025,0.00017,0.01854,0.0248,-1.12185,0.00048,-0.00023,4e-05,-0.00253,0.02087,-1.07192,10,37.9012,362.825,39.6033,179.3889,0.9937,-122.3765,0.0086,27.2911,0.5309
242,000242.png,False,1788775239.083703,1788775238.879003,normal_unload,3,,0.8673885607244074,0.00794,0.03457,-0.9631,0.00133,-0.00025,0.0001,0.01615,0.02138,-1.01383,0.00042,-0.00023,-2e-05,-0.00372,0.01848,-0.96357,10,37.9009,362.8234,39.6325,179.3892,0.9934,-122.3765,0.0044,27.3203,0.5017
243,000243.png,False,1788775239.499568,1788775239.294868,normal_unload,3,,0.7908538914026906,0.00406,0.02979,-0.88354,0.00144,-0.0002,0.00015,0.0123,0.01655,-0.93446,0.00052,-0.00017,2e-05,-0.00524,0.01368,-0.88393,10,37.9013,362.8212,39.66,179.3896,0.9929,-122.377,0.0092,27.3477,0.4743
244,000244.png,False,1788775239.703582,1788775239.498882,normal_unload,3,,0.7908538914026906,0.00841,0.0402,-0.82623,0.00116,-0.00015,0.0001,0.01666,0.02693,-0.87724,0.00024,-0.00013,-3e-05,-0.00707,0.02578,-0.82682,10,37.9007,362.8316,39.6931,179.3887,0.9939,-122.3776,0.0077,27.381,0.441
245,000245.png,False,1788775240.115703,1788775239.911003,normal_unload,3,,0.7000978764512212,0.00745,0.04053,-0.80931,0.0011,-0.00015,0.00021,0.01574,0.02721,-0.86052,0.00018,-0.00012,8e-05,-0.00818,0.02586,-0.80991,11,37.8995,362.8285,39.6916,179.3896,0.9926,-122.3772,0.0018,27.3794,0.4426
246,000246.png,False,1788775240.531627,1788775240.326927,normal_unload,3,,0.5892592066494956,0.00392,0.03673,-0.68947,0.00119,-0.00011,0.00011,0.01224,0.02336,-0.74087,0.00026,-8e-05,-3e-05,-0.01018,0.02273,-0.69001,10,37.9016,362.8259,39.7307,179.3897,0.9928,-122.3776,0.0047,27.4185,0.4035
247,000247.png,False,1788775240.735638,1788775240.530938,normal_unload,3,,0.5892592066494956,0.00497,0.03617,-0.62277,0.00108,-8e-05,8e-05,0.01331,0.02277,-0.67427,0.00015,-5e-05,-5e-05,-0.00944,0.02383,-0.62332,11,37.9009,362.8239,39.7644,179.39,0.9924,-122.3776,0.0016,27.4522,0.3698
248,000248.png,False,1788775241.147663,1788775240.942963,normal_unload,3,,0.5043420444058938,0.00316,0.03276,-0.59455,0.00127,-5e-05,3e-05,0.01153,0.01931,-0.64624,0.00034,-2e-05,-0.00011,-0.00951,0.02043,-0.59504,10,37.8997,362.8298,39.7669,179.3899,0.9926,-122.3776,0.0013,27.4548,0.3672
249,000249.png,False,1788775241.355669,1788775241.150969,normal_unload,3,,0.4179021066048251,0.00372,0.03617,-0.51117,0.0011,-1e-05,0.00022,0.0121,0.0227,-0.56296,0.00016,2e-05,9e-05,-0.01131,0.02499,-0.51173,11,37.9015,362.826,39.7951,179.39,0.9924,-122.3785,0.0085,27.4829,0.3391
250,000250.png,False,1788775241.563680,1788775241.358980,normal_unload,3,,0.4179021066048251,0.00206,0.03324,-0.5072,0.00115,-0.00011,-1e-05,0.01046,0.01975,-0.55908,0.00022,-8e-05,-0.00014,-0.01131,0.02169,-0.5077,10,37.9005,362.8257,39.7946,179.3902,0.9923,-122.3783,0.0045,27.4824,0.3396
251,000251.png,False,1788775241.767698,1788775241.562998,normal_unload,3,,0.4179021066048251,0.00074,0.03558,-0.43771,0.00106,-1e-05,0.0,0.00915,0.02206,-0.48969,0.00012,1e-05,-0.00013,-0.0141,0.02417,-0.43826,10,37.899,362.8266,39.83,179.3905,0.992,-122.378,0.0013,27.5178,0.3042
252,000252.png,False,1788775242.179716,1788775241.975016,normal_unload,3,,0.3348865946149573,0.00309,0.03907,-0.39897,0.00087,-5e-05,8e-05,0.01154,0.0255,-0.45114,-7e-05,-2e-05,-5e-05,-0.01407,0.02899,-0.3996,10,37.8974,362.8447,39.8961,179.3879,0.9947,-122.3792,0.0089,27.5842,0.2378
253,000253.png,False,1788775242.387723,1788775242.183023,normal_unload,3,,0.24894703477355903,0.00129,0.03707,-0.33782,0.00097,7e-05,0.00012,0.00975,0.02348,-0.39009,2e-05,9e-05,-2e-05,-0.01506,0.02734,-0.33841,10,37.9001,362.8314,39.8733,179.3897,0.9924,-122.3793,0.0042,27.5612,0.2608
254,000254.png,False,1788775242.595736,1788775242.391036,normal_unload,3,,0.24894703477355903,0.00262,0.03629,-0.35273,0.00092,-2e-05,0.00025,0.01109,0.02267,-0.40509,-3e-05,1e-05,0.00011,-0.01342,0.02708,-0.35331,11,37.8987,362.8324,39.8729,179.3898,0.9923,-122.3791,0.0031,27.5608,0.2612
255,000255.png,False,1788775242.799818,1788775242.595118,normal_unload,3,,0.24894703477355903,-0.00085,0.03501,-0.25083,0.00096,-2e-05,0.00028,0.00764,0.02137,-0.3033,2e-05,0.0,0.00015,-0.01649,0.02588,-0.2514,10,37.8987,362.8283,39.9308,179.3901,0.992,-122.3789,0.006,27.6186,0.2034
256,000256.png,False,1788775243.007761,1788775242.803061,normal_unload,3,,0.13904676774382096,-0.00299,0.02661,-0.23724,0.00114,1e-05,0.00023,0.00552,0.01294,-0.2898,0.0002,3e-05,9e-05,-0.01424,0.01776,-0.23766,10,37.9008,362.8275,39.9279,179.3909,0.9915,-122.3795,0.0071,27.6157,0.2063
257,000257.png,False,1788775243.211782,1788775243.007082,normal_unload,3,,0.13904676774382096,-0.00192,0.03117,-0.22257,0.00103,2e-05,0.00019,0.00661,0.01747,-0.27522,8e-05,4e-05,6e-05,-0.01569,0.02247,-0.22307,10,37.8946,362.8533,39.9932,179.3844,0.9985,-122.3794,0.0089,27.6815,0.1405
258,000258.png,False,1788775243.419791,1788775243.215091,normal_unload,3,,0.051520715066385475,0.00095,0.03721,-0.13871,0.00076,0.00011,0.00018,0.00949,0.02349,-0.19146,-0.00019,0.00013,5e-05,-0.01681,0.03048,-0.13933,10,37.8962,362.8391,39.9783,179.3898,0.9923,-122.3793,0.0017,27.6663,0.1557
259,000259.png,False,1788775243.627800,1788775243.423100,normal_unload,3,,0.051520715066385475,-0.00161,0.03589,-0.15619,0.00087,0.0001,0.00026,0.00695,0.02214,-0.20904,-9e-05,0.00012,0.00012,-0.01824,0.02778,-0.15679,10,37.8974,362.8386,39.98,179.3898,0.9923,-122.3796,0.0052,27.668,0.154
260,000260.png,False,1788775243.831805,1788775243.627105,normal_unload,3,,0.051520715066385475,-0.00478,0.03178,-0.06236,0.00095,6e-05,0.00017,0.00379,0.01801,-0.1153,-1e-05,8e-05,3e-05,-0.01958,0.02414,-0.06289,10,37.8982,362.8287,40.0508,179.3911,0.9908,-122.3804,0.0066,27.7386,0.0834
261,000261.png,False,1788775244.039814,1788775243.835114,dwell,3,,0.0,-0.00677,0.025,-0.02902,0.00108,-0.0,0.00018,0.00182,0.0112,-0.08206,0.00012,2e-05,4e-05,-0.01815,0.01781,-0.02943,10,37.8996,362.8276,40.0493,179.391,0.991,-122.3804,0.0066,27.7371,0.0849
262,000262.png,False,1788775245.275885,1788775245.071185,normal_load,4,,0.1,-0.00901,0.02381,0.02566,0.00109,2e-05,0.00025,-0.00034,0.00987,-0.02795,0.00012,5e-05,0.00012,-0.01988,0.01653,0.02526,11,37.8993,362.8294,40.1287,179.3911,0.9908,-122.3806,0.0019,27.8165,0.0055
263,000263.png,False,1788775245.691987,1788775245.487287,normal_load,4,,0.1664370745552816,-0.01025,0.02081,-0.06675,0.00131,0.0,0.00046,-0.00154,0.00681,-0.12056,0.00034,3e-05,0.00032,-0.01881,0.01183,-0.06708,10,37.9011,362.8178,40.0657,179.396,0.9855,-122.3814,0.007,27.7533,0.0687
264,000264.png,False,1788775246.312022,1788775246.107322,normal_load,4,,0.1664370745552816,-0.00469,0.03567,-0.08884,0.0009,0.00018,0.00038,0.00406,0.0216,-0.14294,-8e-05,0.0002,0.00024,-0.02127,0.02713,-0.08943,10,37.8964,362.8413,40.0364,179.3932,0.9889,-122.3819,0.0019,27.7244,0.0976
265,000265.png,False,1788775246.515949,1788775246.311249,normal_load,4,,0.18256229306983018,-0.00569,0.03202,-0.09751,0.00103,0.00012,0.00038,0.00308,0.01793,-0.1517,5e-05,0.00014,0.00024,-0.02025,0.02333,-0.09804,11,37.8979,362.8373,40.0329,179.3938,0.9882,-122.3823,0.0047,27.7209,0.1011
266,000266.png,False,1788775246.723959,1788775246.519259,normal_load,4,,0.18256229306983018,-0.00795,0.03204,-0.11473,0.00108,0.00011,0.0005,0.00084,0.01792,-0.16902,0.0001,0.00014,0.00036,-0.0221,0.02194,-0.11525,10,37.8974,362.8367,40.0298,179.3939,0.9878,-122.3817,0.0085,27.7178,0.1042
267,000267.png,False,1788775247.344110,1788775247.139410,normal_load,4,,0.18256229306983018,-0.00572,0.02803,-0.15159,0.00112,5e-05,0.00045,0.00311,0.01384,-0.20617,0.00014,8e-05,0.00031,-0.01791,0.01899,-0.15204,10,37.9001,362.828,40.0049,179.3947,0.9873,-122.3823,0.0122,27.6927,0.1293
268,000268.png,False,1788775247.756074,1788775247.551374,normal_load,4,,0.28108661807672775,-0.00427,0.03495,-0.15736,0.001,0.0001,0.00054,0.00459,0.0207,-0.21213,2e-05,0.00013,0.0004,-0.02007,0.02561,-0.15793,11,37.8989,362.8343,40.005,179.3938,0.9882,-122.3823,0.0045,27.693,0.129
269,000269.png,False,1788775247.960123,1788775247.755423,normal_load,4,,0.28108661807672775,-0.0037,0.03461,-0.2695,0.00102,3e-05,0.00044,0.00518,0.02034,-0.32437,3e-05,5e-05,0.0003,-0.01863,0.02381,-0.27005,10,37.8981,362.8372,39.9118,179.3944,0.9876,-122.3827,0.0044,27.5998,0.2222
270,000270.png,False,1788775248.168029,1788775247.963329,normal_load,4,,0.28108661807672775,1e-05,0.04411,-0.28166,0.00079,9e-05,0.00032,0.00891,0.02982,-0.33662,-0.0002,0.00012,0.00018,-0.02007,0.0337,-0.28238,10,37.8975,362.8385,39.9302,179.3938,0.9879,-122.3828,0.0027,27.6182,0.2038
271,000271.png,False,1788775248.580051,1788775248.375351,normal_load,4,,0.38282835312080576,-0.0027,0.03765,-0.20453,0.00093,8e-05,0.0002,0.00622,0.02331,-0.25969,-7e-05,0.00011,6e-05,-0.01973,0.02798,-0.20515,10,37.8974,362.8353,39.9542,179.3939,0.9881,-122.3825,0.0076,27.6422,0.1798
272,000272.png,False,1788775249.200202,1788775248.995502,normal_load,4,,0.35028154590563365,-0.00736,0.02873,-0.24932,0.00127,0.0,0.00019,0.00162,0.01431,-0.30477,0.00027,3e-05,4e-05,-0.019,0.01721,-0.24977,10,37.8993,362.8249,39.9302,179.3945,0.9874,-122.3825,0.0096,27.618,0.204
273,000273.png,False,1788775249.612109,1788775249.407409,normal_load,4,,0.43215317873196,-0.003,0.03686,-0.33774,0.00109,2e-05,0.0001,0.00601,0.02239,-0.39338,8e-05,5e-05,-4e-05,-0.01867,0.02502,-0.33832,10,37.8993,362.8321,39.8882,179.3935,0.9885,-122.3832,0.0002,27.5761,0.2459
274,000274.png,False,1788775250.440148,1788775250.235448,normal_load,4,,0.5088204608544686,-0.00213,0.04023,-0.41453,0.00117,0.0,0.0002,0.00693,0.02565,-0.47056,0.00015,3e-05,6e-05,-0.01907,0.02713,-0.41516,10,37.8978,362.8332,39.858,179.3929,0.9892,-122.3834,0.0033,27.5459,0.2761
275,000275.png,False,1788775250.644256,1788775250.439556,normal_load,4,,0.5088204608544686,-0.0016,0.04017,-0.40467,0.00106,0.0,0.00015,0.00749,0.02558,-0.46079,5e-05,3e-05,1e-05,-0.01865,0.02751,-0.4053,10,37.8982,362.832,39.8577,179.3929,0.9892,-122.3832,0.0065,27.5456,0.2764
276,000276.png,False,1788775250.852173,1788775250.647473,normal_load,4,,0.5088204608544686,-0.00207,0.03367,-0.48085,0.00123,-0.0001,0.00021,0.00703,0.01905,-0.53707,0.00021,-7e-05,6e-05,-0.01528,0.02042,-0.48136,10,37.8993,362.8292,39.7994,179.3945,0.9874,-122.3847,0.008,27.4873,0.3347
277,000277.png,False,1788775251.056191,1788775250.851491,normal_load,4,,0.5088204608544686,-0.00036,0.04186,-0.52277,0.00104,-2e-05,9e-05,0.00876,0.02721,-0.57909,3e-05,1e-05,-5e-05,-0.0176,0.0277,-0.52342,11,37.8979,362.8309,39.8087,179.3931,0.9885,-122.3845,0.0098,27.4966,0.3254
278,000278.png,False,1788775251.472275,1788775251.267575,normal_load,4,,0.6233419712685645,0.00041,0.04374,-0.50335,0.0011,-0.0,3e-05,0.00955,0.02905,-0.55986,8e-05,3e-05,-0.00011,-0.01801,0.03003,-0.50403,10,37.8989,362.8336,39.8133,179.3927,0.9893,-122.3845,0.003,27.5012,0.3208
279,000279.png,False,1788775251.676297,1788775251.471597,normal_load,4,,0.6233419712685645,0.00097,0.0427,-0.4962,0.00106,-3e-05,3e-05,0.01013,0.02798,-0.55281,4e-05,0.0,-0.00011,-0.01706,0.02952,-0.49687,11,37.8979,362.834,39.8143,179.3926,0.9895,-122.3841,0.0044,27.5023,0.3197
280,000280.png,False,1788775251.884339,1788775251.679639,normal_load,4,,0.6233419712685645,-0.00126,0.03922,-0.57475,0.00128,-0.00013,4e-05,0.00792,0.02447,-0.63145,0.00025,-0.0001,-0.00011,-0.0167,0.02413,-0.57534,10,37.898,362.8322,39.7725,179.3914,0.9908,-122.3843,0.0088,27.4605,0.3615
281,000281.png,False,1788775252.708365,1788775252.503665,normal_load,4,,0.7288499642764804,0.00084,0.04638,-0.63337,0.0011,-2e-05,0.00034,0.01008,0.03154,-0.69046,7e-05,0.0,0.00019,-0.01806,0.03044,-0.63408,10,37.8977,362.8334,39.7723,179.3915,0.9906,-122.3841,0.0094,27.4603,0.3617
282,000282.png,False,1788775252.916286,1788775252.711586,normal_load,4,,0.7288499642764804,-0.00185,0.03908,-0.69961,0.0014,-0.00019,0.00024,0.00741,0.02421,-0.75679,0.00036,-0.00016,9e-05,-0.01628,0.02172,-0.70018,11,37.8995,362.8239,39.7252,179.3924,0.9897,-122.3845,0.0082,27.413,0.409
283,000283.png,False,1788775253.740327,1788775253.535627,normal_load,4,,0.8337263180653878,-0.00017,0.04486,-0.74812,0.00127,-0.00012,0.00041,0.00914,0.02989,-0.80569,0.00023,-9e-05,0.00027,-0.01738,0.02678,-0.74879,10,37.8987,362.8283,39.7331,179.3923,0.9898,-122.3845,0.0099,27.4209,0.4011
284,000284.png,False,1788775253.948438,1788775253.743738,normal_load,4,,0.8337263180653878,0.0011,0.04496,-0.79287,0.00132,-0.00016,0.00045,0.01044,0.02996,-0.85053,0.00028,-0.00013,0.0003,-0.01601,0.02679,-0.79353,10,37.899,362.8303,39.7077,179.3913,0.9912,-122.3845,0.0033,27.3956,0.4264
285,000285.png,False,1788775254.152477,1788775253.947777,normal_load,4,,0.8337263180653878,0.00405,0.0555,-0.79231,0.00103,-1e-05,0.00026,0.0134,0.04048,-0.85006,-2e-05,1e-05,0.00011,-0.01873,0.0374,-0.79315,10,37.8974,362.8353,39.7133,179.3902,0.992,-122.3848,0.0004,27.4013,0.4207
286,000286.png,False,1788775254.772435,1788775254.567735,normal_load,4,,0.8942431741098005,0.00349,0.05171,-0.81901,0.00115,-4e-05,0.0005,0.01289,0.03661,-0.87706,0.0001,-1e-05,0.00035,-0.01713,0.03341,-0.81979,10,37.8976,362.8341,39.7111,179.3904,0.9919,-122.3846,0.0054,27.3991,0.4229
287,000287.png,False,1788775255.184411,1788775254.979711,normal_load,4,,0.9453473232149605,-0.00743,0.02684,-0.84706,0.00187,-0.00035,0.00044,0.002,0.01169,-0.9053,0.00082,-0.00033,0.00029,-0.01397,0.00596,-0.84738,10,37.9007,362.8174,39.7005,179.3915,0.9906,-122.385,0.004,27.3882,0.4338
288,000288.png,False,1788775255.392411,1788775255.187711,normal_load,4,,0.9453473232149605,-0.00051,0.03796,-0.95821,0.00152,-0.00026,0.00046,0.00893,0.02279,-1.01655,0.00047,-0.00023,0.00031,-0.01276,0.01727,-0.95872,10,37.8989,362.8272,39.6437,179.3928,0.9892,-122.3852,0.0033,27.3316,0.4904
289,000289.png,False,1788775255.600426,1788775255.395726,normal_load,4,,0.9453473232149605,0.00296,0.05065,-0.98821,0.00142,-0.00015,0.00029,0.01242,0.03545,-1.04665,0.00037,-0.00012,0.00014,-0.01589,0.02951,-0.98895,10,37.8992,362.829,39.6499,179.392,0.9901,-122.3852,0.0094,27.3378,0.4842
290,000290.png,False,1788775256.012451,1788775255.807751,normal_load,4,,1.0868571832204907,0.00409,0.05241,-0.93762,0.00129,-7e-05,0.00027,0.01358,0.03717,-0.99624,0.00023,-4e-05,0.00012,-0.01614,0.03242,-0.93839,10,37.898,362.8322,39.6646,179.3908,0.9914,-122.3852,0.0011,27.3526,0.4694
291,000291.png,False,1788775256.216547,1788775256.011847,normal_load,4,,1.0868571832204907,0.00477,0.05305,-0.90288,0.00116,-8e-05,0.00018,0.01428,0.03778,-0.9616,0.0001,-5e-05,3e-05,-0.01611,0.03387,-0.90367,11,37.898,362.8322,39.6678,179.3906,0.9916,-122.3852,0.0042,27.3557,0.4663
292,000292.png,False,1788775256.424554,1788775256.219854,normal_load,4,,1.0868571832204907,-0.00182,0.03672,-0.99414,0.00172,-0.00025,0.00037,0.0077,0.02143,-1.05295,0.00065,-0.00022,0.00022,-0.01303,0.01497,-0.99462,10,37.8998,362.8207,39.628,179.3905,0.9917,-122.3854,0.0093,27.3157,0.5063
293,000293.png,False,1788775257.248517,1788775257.043817,normal_load,4,,1.1502582724483774,0.00501,0.05057,-1.03655,0.00129,-0.00019,0.00033,0.0146,0.03517,-1.09576,0.00022,-0.00016,0.00018,-0.01374,0.0297,-1.03728,10,37.8985,362.8294,39.6299,179.3891,0.9932,-122.3857,0.009,27.3178,0.5042
294,000294.png,False,1788775257.868650,1788775257.663950,normal_load,4,,1.1502582724483774,0.00278,0.04898,-1.1806,0.00143,-0.00029,0.00027,0.01241,0.0335,-1.24009,0.00036,-0.00026,0.00012,-0.01388,0.02489,-1.18127,10,37.8989,362.8268,39.5827,179.3903,0.9919,-122.3856,0.0002,27.2706,0.5514
295,000295.png,False,1788775258.280569,1788775258.075869,normal_load,4,,1.2830439791386823,0.00423,0.05062,-1.15266,0.0014,-0.0002,0.00028,0.01389,0.03509,-1.21234,0.00033,-0.00017,0.00012,-0.01363,0.02749,-1.15337,10,37.8991,362.8267,39.5915,179.3894,0.9925,-122.3857,0.01,27.2794,0.5426
296,000296.png,False,1788775258.488577,1788775258.283877,normal_load,4,,1.2830439791386823,0.00722,0.05566,-1.21523,0.0013,-0.00025,0.00026,0.01689,0.04011,-1.27501,0.00022,-0.00022,0.00011,-0.01313,0.03235,-1.21602,10,37.8968,362.8386,39.5639,179.3858,0.9968,-122.3855,0.003,27.252,0.57
297,000297.png,False,1788775258.696585,1788775258.491885,normal_load,4,,1.2830439791386823,0.01269,0.07114,-1.2414,0.00095,-8e-05,0.00022,0.02238,0.05556,-1.30128,-0.00014,-5e-05,7e-05,-0.01594,0.04806,-1.24247,11,37.8977,362.8373,39.5632,179.3862,0.996,-122.3859,0.0036,27.2513,0.5707
298,000298.png,False,1788775259.312692,1788775259.107992,normal_load,4,,1.3455887474682102,0.0081,0.05936,-1.22115,0.00126,-0.0002,6e-05,0.01784,0.04371,-1.28132,0.00017,-0.00017,-0.0001,-0.01417,0.0359,-1.22201,10,37.8976,362.8328,39.5631,179.3877,0.9948,-122.3855,0.0033,27.251,0.571
299,000299.png,False,1788775259.520633,1788775259.315933,normal_load,4,,1.3455887474682102,-0.00188,0.02687,-1.30811,0.00213,-0.00056,0.00018,0.00787,0.0112,-1.36837,0.00105,-0.00053,3e-05,-0.00599,0.00138,-1.30837,10,37.9018,362.8087,39.5319,179.3902,0.9917,-122.3854,0.0041,27.2195,0.6025
300,000300.png,False,1788775260.344819,1788775260.140119,normal_load,4,,1.4410641260940509,0.00505,0.04771,-1.36019,0.00172,-0.00034,0.00014,0.01487,0.03194,-1.42084,0.00063,-0.00031,-1e-05,-0.01003,0.02206,-1.36082,10,37.9,362.8233,39.5247,179.3875,0.9946,-122.3859,0.0053,27.2126,0.6094
301,000301.png,False,1788775260.964816,1788775260.760116,normal_load,4,,1.4410641260940509,0.01273,0.06669,-1.47184,0.00123,-0.00025,0.00036,0.02259,0.05084,-1.53278,0.00013,-0.00022,0.00021,-0.01209,0.04054,-1.4728,10,37.8984,362.8317,39.4989,179.3862,0.996,-122.3855,0.0092,27.1869,0.6351
302,000302.png,False,1788775261.172722,1788775260.968022,normal_load,4,,1.577737063897132,0.01189,0.06049,-1.44869,0.00136,-0.00031,0.00022,0.02177,0.04462,-1.50972,0.00026,-0.00028,6e-05,-0.00988,0.03513,-1.44954,10,37.8993,362.8299,39.4994,179.3868,0.9954,-122.3857,0.0021,27.1874,0.6346
303,000303.png,False,1788775261.380731,1788775261.176031,normal_load,4,,1.577737063897132,0.01003,0.05705,-1.44672,0.00152,-0.00033,0.00023,0.01992,0.04115,-1.50785,0.00041,-0.0003,7e-05,-0.00978,0.03124,-1.44751,10,37.8983,362.8279,39.501,179.3871,0.9951,-122.3857,0.0024,27.1889,0.6331
304,000304.png,False,1788775261.584838,1788775261.380138,normal_load,4,,1.577737063897132,0.00615,0.04522,-1.51637,0.00181,-0.00048,0.00028,0.01606,0.0293,-1.5776,0.0007,-0.00045,0.00013,-0.00676,0.01795,-1.51693,10,37.8991,362.8259,39.4778,179.3886,0.9938,-122.3855,0.0,27.1657,0.6563
305,000305.png,False,1788775261.792926,1788775261.588226,normal_load,4,,1.577737063897132,0.0088,0.05086,-1.54003,0.00171,-0.00046,0.00027,0.01873,0.03491,-1.60136,0.0006,-0.00043,0.00012,-0.00711,0.02378,-1.5407,10,37.8993,362.8236,39.4749,179.3886,0.9938,-122.3855,0.0069,27.1628,0.6592
306,000306.png,False,1788775262.412782,1788775262.208082,normal_load,4,,1.6394232456617432,0.0116,0.06039,-1.54951,0.00139,-0.00033,0.00022,0.02157,0.04437,-1.61112,0.00027,-0.00029,6e-05,-0.00939,0.03328,-1.55034,10,37.8985,362.8286,39.4688,179.3866,0.9959,-122.3855,0.0034,27.1567,0.6653
307,000307.png,False,1788775262.824911,1788775262.620211,normal_load,4,,1.6394232456617432,0.01704,0.0744,-1.64337,0.0011,-0.00022,0.00031,0.02704,0.05833,-1.70517,-1e-05,-0.00019,0.00016,-0.01102,0.04663,-1.64444,10,37.8974,362.8341,39.449,179.384,0.9988,-122.3857,0.0075,27.137,0.685
308,000308.png,False,1788775263.028819,1788775262.824119,normal_load,4,,1.6394232456617432,0.01513,0.06641,-1.65888,0.00138,-0.00027,0.00052,0.02515,0.05031,-1.72078,0.00026,-0.00024,0.00036,-0.00857,0.0385,-1.6598,10,37.8977,362.8309,39.4506,179.3844,0.998,-122.3853,0.0052,27.1385,0.6835
309,000309.png,False,1788775263.444839,1788775263.240139,normal_load,4,,1.7494765410908117,0.01054,0.05644,-1.61199,0.00158,-0.0004,0.00034,0.02059,0.04029,-1.67408,0.00045,-0.00037,0.00018,-0.00789,0.02832,-1.61274,10,37.8987,362.828,39.4545,179.3859,0.9967,-122.3857,0.0075,27.1424,0.6796
310,000310.png,False,1788775263.648847,1788775263.444147,normal_load,4,,1.7494765410908117,0.00585,0.03955,-1.69371,0.00205,-0.00064,0.00033,0.01591,0.02337,-1.7559,0.00093,-0.0006,0.00017,-0.00295,0.01004,-1.69415,10,37.9011,362.8128,39.4111,179.389,0.993,-122.3854,0.005,27.0988,0.7232
311,000311.png,False,1788775263.856865,1788775263.652165,normal_load,4,,1.7494765410908117,0.00435,0.03647,-1.7542,0.00229,-0.0006,0.00026,0.01443,0.02027,-1.81648,0.00116,-0.00057,0.0001,-0.0023,0.00566,-1.75457,11,37.9006,362.8166,39.4156,179.3885,0.9938,-122.3857,0.0093,27.1034,0.7186
312,000312.png,False,1788775264.476891,1788775264.272191,normal_load,4,,1.858324143893546,0.01222,0.05229,-1.75154,0.00181,-0.00051,0.00014,0.02235,0.03601,-1.81412,0.00068,-0.00048,-2e-05,-0.00339,0.02334,-1.75221,11,37.8991,362.8232,39.4112,179.386,0.9962,-122.3857,0.0069,27.099,0.723
313,000313.png,False,1788775264.680969,1788775264.476269,normal_load,4,,1.858324143893546,0.01828,0.07237,-1.82447,0.00136,-0.00028,0.00021,0.02842,0.05607,-1.88714,0.00023,-0.00025,5e-05,-0.00767,0.04258,-1.82548,10,37.8966,362.8421,39.3874,179.3809,1.0018,-122.386,0.01,27.0755,0.7465
314,000314.png,False,1788775264.888986,1788775264.684286,normal_load,4,,1.858324143893546,0.02666,0.08781,-1.85574,0.00088,-0.0002,0.00027,0.03682,0.07148,-1.91851,-0.00026,-0.00016,0.00011,-0.00791,0.05964,-1.85703,10,37.8969,362.8388,39.3902,179.3819,1.001,-122.3856,0.0032,27.0783,0.7437
315,000315.png,False,1788775265.509049,1788775265.304349,normal_load,4,,1.9535844568132745,0.01613,0.0581,-1.82652,0.00167,-0.00038,0.00029,0.02633,0.0417,-1.88958,0.00053,-0.00035,0.00012,-0.00239,0.02911,-1.82728,10,37.8998,362.8271,39.3925,179.3852,0.9975,-122.3859,0.0132,27.0804,0.7416
316,000316.png,False,1788775266.332991,1788775266.128291,normal_unload,4,,1.9535844568132745,0.00692,0.0363,-1.97416,0.00239,-0.00072,0.00018,0.01719,0.0198,-2.0376,0.00124,-0.00069,2e-05,0.00154,0.00327,-1.9745,10,37.9013,362.816,39.3519,179.3865,0.9957,-122.3859,0.0072,27.0396,0.7824
317,000317.png,False,1788775266.541006,1788775266.336306,normal_unload,4,,1.861905237124401,0.01093,0.0415,-1.97595,0.00217,-0.00064,0.00024,0.02121,0.02498,-2.03949,0.00102,-0.00061,8e-05,0.00243,0.00975,-1.97639,10,37.9005,362.8166,39.3539,179.386,0.9962,-122.3855,0.0021,27.0416,0.7804
318,000318.png,False,1788775266.745020,1788775266.540320,normal_unload,4,,1.861905237124401,0.01328,0.05167,-1.93591,0.00193,-0.00051,0.00019,0.02358,0.03512,-1.99955,0.00078,-0.00047,3e-05,-0.00089,0.02037,-1.93654,10,37.897,362.8374,39.3996,179.3807,1.0023,-122.3856,0.0011,27.0877,0.7343
319,000319.png,False,1788775266.953127,1788775266.748427,normal_unload,4,,1.6470145087261954,0.03107,0.09911,-1.67405,0.00051,5e-05,3e-05,0.04138,0.08254,-1.73778,-0.00065,8e-05,-0.00013,-0.011,0.07455,-1.67557,10,37.8972,362.8418,39.4143,179.3794,1.0034,-122.386,0.0056,27.1024,0.7196
320,000320.png,False,1788775267.157130,1788775266.952430,normal_unload,4,,1.6470145087261954,0.02315,0.07815,-1.75933,0.00101,-0.00022,0.00017,0.03348,0.06155,-1.82316,-0.00014,-0.00018,1e-05,-0.0068,0.05107,-1.76046,11,37.8983,362.8351,39.3957,179.3819,1.0007,-122.3858,0.008,27.0837,0.7383
321,000321.png,False,1788775267.573056,1788775267.368356,normal_unload,4,,1.5688933325047087,0.00043,0.01622,-1.67882,0.00268,-0.00074,0.00014,0.01079,-0.00043,-1.74284,0.00153,-0.0007,-3e-05,0.00391,-0.01263,-1.67885,10,37.9009,362.8133,39.4256,179.3831,0.9994,-122.3855,0.0022,27.1133,0.7087
322,000322.png,False,1788775267.777169,1788775267.572469,normal_unload,4,,1.5688933325047087,0.01267,0.05004,-1.65204,0.0018,-0.00039,0.00016,0.02304,0.03337,-1.71616,0.00064,-0.00036,-0.0,-0.00258,0.02321,-1.65268,11,37.8942,362.8582,39.4534,179.3816,1.0013,-122.386,0.0053,27.1418,0.6802
323,000323.png,False,1788775268.189137,1788775267.984437,normal_unload,4,,1.4743957769050722,0.01453,0.05529,-1.57749,0.00161,-0.00034,3e-05,0.02494,0.03856,-1.6418,0.00045,-0.0003,-0.00013,-0.0041,0.02987,-1.57824,10,37.8988,362.8263,39.4454,179.3843,0.9981,-122.3853,0.0045,27.1333,0.6887
324,000324.png,False,1788775268.605110,1788775268.400410,normal_unload,4,,1.32168604397157,0.01017,0.04767,-1.42729,0.00172,-0.00036,0.00016,0.02061,0.03089,-1.49179,0.00055,-0.00033,-1e-05,-0.00511,0.0235,-1.42792,10,37.8994,362.8252,39.4876,179.3828,0.9997,-122.3858,0.0098,27.1755,0.6465
325,000325.png,False,1788775268.809124,1788775268.604424,normal_unload,4,,1.32168604397157,0.0111,0.04536,-1.36779,0.00173,-0.00034,0.00015,0.02156,0.02856,-1.43238,0.00057,-0.00031,-1e-05,-0.00356,0.02292,-1.36839,10,37.9009,362.8208,39.5213,179.3828,0.9997,-122.3858,0.0073,27.209,0.613
326,000326.png,False,1788775269.221148,1788775269.016448,normal_unload,4,,1.2100612483436037,0.00663,0.03582,-1.29988,0.00195,-0.00043,-0.00011,0.01711,0.01897,-1.36467,0.00078,-0.00039,-0.00028,-0.00315,0.01352,-1.30032,10,37.8993,362.8217,39.5188,179.3832,0.9992,-122.3858,0.0027,27.2066,0.6154
327,000327.png,False,1788775269.637249,1788775269.432549,normal_unload,4,,1.159787672866352,0.0061,0.03769,-1.26025,0.00185,-0.00035,0.00029,0.01662,0.02079,-1.32523,0.00068,-0.00031,0.00013,-0.00481,0.0155,-1.26072,11,37.899,362.8205,39.5395,179.3842,0.9978,-122.386,0.0089,27.2272,0.5948
328,000328.png,False,1788775269.841291,1788775269.636591,normal_unload,4,,1.159787672866352,0.00964,0.04731,-1.18759,0.00165,-0.00022,0.00016,0.02018,0.03038,-1.25267,0.00048,-0.00018,-0.0,-0.00705,0.02677,-1.18825,10,37.8998,362.8256,39.5715,179.3847,0.9976,-122.3859,0.006,27.2593,0.5627
329,000329.png,False,1788775270.253296,1788775270.048596,normal_unload,4,,1.0619638677267886,0.00749,0.04106,-1.14615,0.00174,-0.00019,0.0001,0.01805,0.02408,-1.21142,0.00056,-0.00016,-7e-05,-0.00608,0.02094,-1.1467,10,37.8973,362.8321,39.5918,179.3835,0.9986,-122.3857,0.0037,27.2798,0.5422
330,000330.png,False,1788775270.461298,1788775270.256598,normal_unload,4,,0.9921683480078541,0.00598,0.0408,-1.05641,0.00169,-0.00025,9e-05,0.01656,0.0238,-1.12178,0.00051,-0.00021,-8e-05,-0.00788,0.0214,-1.05697,10,37.9008,362.8239,39.5944,179.3846,0.9978,-122.3864,0.0094,27.2822,0.5398
331,000331.png,False,1788775270.669309,1788775270.464609,normal_unload,4,,0.9921683480078541,0.00613,0.04075,-1.08607,0.00173,-0.00017,0.00029,0.01673,0.02372,-1.15154,0.00055,-0.00014,0.00013,-0.00751,0.02096,-1.08662,10,37.9002,362.8243,39.5944,179.3846,0.9978,-122.386,0.0025,27.2822,0.5398
332,000332.png,False,1788775270.873234,1788775270.668534,normal_unload,4,,0.9921683480078541,0.00596,0.04237,-1.00349,0.00167,-0.00019,0.00017,0.01657,0.02531,-1.06905,0.00049,-0.00016,1e-05,-0.00905,0.02359,-1.00408,10,37.8997,362.8245,39.6236,179.3845,0.9975,-122.3862,0.0002,27.3115,0.5105
333,000333.png,False,1788775271.081246,1788775270.876546,normal_unload,4,,0.8967963876788673,0.00535,0.03555,-0.99151,0.00181,-0.00023,0.0002,0.01598,0.01847,-1.05717,0.00063,-0.0002,3e-05,-0.00625,0.01758,-0.99199,10,37.8988,362.8235,39.6206,179.3847,0.9976,-122.3862,0.0072,27.3084,0.5136
334,000334.png,False,1788775271.701272,1788775271.496572,normal_unload,4,,0.7954846062294934,0.00528,0.03612,-0.90759,0.00168,-0.00019,0.00024,0.01595,0.01897,-0.97354,0.00048,-0.00015,7e-05,-0.00718,0.01938,-0.90809,10,37.8991,362.8244,39.6514,179.385,0.9973,-122.3862,0.0043,27.3392,0.4828
335,000335.png,False,1788775272.113302,1788775271.908602,normal_unload,4,,0.6822926643897205,0.00244,0.03061,-0.78014,0.00182,-0.00022,0.00015,0.01314,0.01341,-0.84628,0.00062,-0.00018,-2e-05,-0.00777,0.01523,-0.78055,10,37.8999,362.8214,39.6902,179.3857,0.9965,-122.3864,0.0077,27.378,0.444
336,000336.png,False,1788775272.733436,1788775272.528736,normal_unload,4,,0.5855760273649224,0.00311,0.03999,-0.67723,0.00142,-7e-05,0.00019,0.01386,0.02271,-0.74366,0.00022,-4e-05,2e-05,-0.01259,0.02534,-0.67783,10,37.8994,362.8286,39.7293,179.3854,0.9968,-122.387,0.004,27.4171,0.4049
337,000337.png,False,1788775273.145349,1788775272.940649,normal_unload,4,,0.4877258164686594,0.00148,0.03517,-0.59297,0.00152,-9e-05,0.00015,0.01227,0.01784,-0.65959,0.00031,-6e-05,-2e-05,-0.01218,0.0217,-0.59349,10,37.8981,362.8264,39.7575,179.3857,0.9962,-122.3877,0.0062,27.4453,0.3767
338,000338.png,False,1788775273.349368,1788775273.144668,normal_unload,4,,0.4877258164686594,0.00285,0.03672,-0.52204,0.0015,-2e-05,0.00019,0.01364,0.01937,-0.58876,0.0003,1e-05,2e-05,-0.01226,0.02486,-0.52261,10,37.8983,362.8238,39.8012,179.3861,0.9954,-122.3877,0.003,27.489,0.333
339,000339.png,False,1788775273.557379,1788775273.352679,normal_unload,4,,0.35590028342972746,-0.0027,0.02866,-0.46599,0.00165,-7e-05,4e-05,0.00812,0.01128,-0.5328,0.00045,-3e-05,-0.00013,-0.01343,0.01601,-0.46641,11,37.9005,362.822,39.8035,179.3867,0.9954,-122.3879,0.0042,27.4912,0.3308
340,000340.png,False,1788775273.765505,1788775273.560805,normal_unload,4,,0.35590028342972746,-0.00182,0.03083,-0.47582,0.00155,-0.0001,0.00013,0.00901,0.01343,-0.54273,0.00034,-7e-05,-4e-05,-0.01369,0.01817,-0.47628,10,37.8984,362.83,39.81,179.3851,0.9971,-122.3879,0.009,27.4979,0.3241
341,000341.png,False,1788775274.177473,1788775273.972773,normal_unload,4,,0.2694368929115285,0.0015,0.04052,-0.375,0.00132,0.0001,0.00023,0.01236,0.02306,-0.4421,0.00011,0.00013,6e-05,-0.01635,0.02983,-0.37565,11,37.8987,362.8325,39.8554,179.3872,0.9949,-122.3883,0.0005,27.5433,0.2787
342,000342.png,False,1788775274.381428,1788775274.176728,normal_unload,4,,0.2694368929115285,0.003,0.04352,-0.30043,0.00114,8e-05,0.00021,0.01388,0.02605,-0.36763,-8e-05,0.00012,4e-05,-0.01706,0.03438,-0.30114,10,37.8984,362.8339,39.9057,179.386,0.9962,-122.3881,0.0018,27.5936,0.2284
343,000343.png,False,1788775274.797437,1788775274.592737,normal_unload,4,,0.2099862147993349,-0.0007,0.03695,-0.30283,0.00126,6e-05,0.00055,0.01021,0.01943,-0.37022,5e-05,0.0001,0.00038,-0.01697,0.0268,-0.30342,11,37.8977,362.8327,39.9034,179.3863,0.9956,-122.3877,0.0094,27.5913,0.2307
344,000344.png,False,1788775275.209460,1788775275.004760,normal_unload,4,,0.1209454963799459,-0.00431,0.0272,-0.21825,0.00152,-3e-05,0.00046,0.00663,0.00963,-0.28583,0.0003,0.0,0.00029,-0.01581,0.01791,-0.21868,10,37.8986,362.8257,39.9454,179.3873,0.9947,-122.389,0.0005,27.6331,0.1889
345,000345.png,False,1788775277.481672,1788775277.276972,normal_load,5,,0.1,-0.00611,0.02628,0.06528,0.00135,5e-05,0.00011,0.005,0.00842,-0.00337,0.00011,8e-05,-7e-05,-0.01888,0.02075,0.06483,10,37.8989,362.8267,40.1317,179.3891,0.9928,-122.3896,0.0042,27.8195,0.0025
346,000346.png,False,1788775278.305733,1788775278.101033,normal_load,5,,0.13234905213432172,-0.00177,0.0346,-0.03697,0.00114,3e-05,0.00014,0.0094,0.01664,-0.106,-0.00011,7e-05,-4e-05,-0.01856,0.02849,-0.03756,10,37.8962,362.836,40.0374,179.3893,0.9922,-122.39,0.0047,27.7253,0.0967
347,000347.png,False,1788775279.337676,1788775279.132976,normal_load,5,,0.21398101851587228,-0.00121,0.03517,-0.13123,0.00131,8e-05,0.00026,0.01004,0.0171,-0.20074,6e-05,0.00011,8e-05,-0.01771,0.02776,-0.13181,11,37.8967,362.8335,39.9928,179.3882,0.9935,-122.3902,0.0004,27.6808,0.1412
348,000348.png,False,1788775279.749705,1788775279.545005,normal_load,5,,0.21398101851587228,-0.00471,0.02755,-0.25673,0.00165,-6e-05,0.00039,0.00657,0.00942,-0.32644,0.00039,-3e-05,0.00021,-0.01607,0.01739,-0.25716,10,37.8986,362.8232,39.9366,179.3921,0.9891,-122.3904,0.0038,27.6243,0.1977
349,000349.png,False,1788775280.369732,1788775280.165032,normal_load,5,,0.35061746665280114,-0.00076,0.03881,-0.23366,0.00128,9e-05,0.00037,0.01057,0.02061,-0.30365,1e-05,0.00012,0.00019,-0.01843,0.02949,-0.2343,10,37.8974,362.8326,39.9394,179.3887,0.9931,-122.3907,0.0004,27.6274,0.1946
350,000350.png,False,1788775280.577831,1788775280.373131,normal_load,5,,0.35061746665280114,0.00532,0.04956,-0.29165,0.00109,0.00015,0.00028,0.01667,0.03133,-0.36174,-0.00018,0.00018,0.0001,-0.01813,0.04091,-0.29248,11,37.8943,362.8546,39.8863,179.3824,1.0,-122.3912,0.0069,27.5746,0.2474
351,000351.png,False,1788775281.193882,1788775280.989182,normal_load,5,,0.39748243317513354,0.00127,0.04303,-0.29775,0.00129,8e-05,0.00036,0.01266,0.02472,-0.36813,2e-05,0.00012,0.00018,-0.01833,0.03313,-0.29845,10,37.8979,362.8368,39.9069,179.3873,0.9947,-122.3913,0.0011,27.5949,0.2271
352,000352.png,False,1788775281.401886,1788775281.197186,normal_load,5,,0.39748243317513354,0.00291,0.03942,-0.30628,0.00133,5e-05,0.0004,0.01431,0.02109,-0.37676,6e-05,9e-05,0.00022,-0.01505,0.03068,-0.30693,10,37.8971,362.8353,39.9053,179.3876,0.9944,-122.3911,0.0057,27.5933,0.2287
353,000353.png,False,1788775281.609799,1788775281.405099,normal_load,5,,0.39748243317513354,-0.00281,0.02133,-0.3884,0.00185,-0.0002,0.00046,0.00861,0.00297,-0.45897,0.00058,-0.00016,0.00028,-0.01039,0.01085,-0.3887,10,37.9024,362.8115,39.8554,179.3916,0.9904,-122.3915,0.0078,27.5429,0.2791
354,000354.png,False,1788775282.021819,1788775281.817119,normal_load,5,,0.39748243317513354,-0.00268,0.02263,-0.41745,0.00184,-0.00014,0.0003,0.00877,0.00423,-0.48821,0.00056,-0.0001,0.00012,-0.01074,0.01157,-0.41777,10,37.8994,362.8195,39.8564,179.3901,0.9914,-122.3913,0.002,27.5441,0.2779
355,000355.png,False,1788775282.225954,1788775282.021254,normal_load,5,,0.5176592494825882,-2e-05,0.03049,-0.40924,0.00161,-6e-05,0.00034,0.01145,0.01206,-0.4801,0.00033,-3e-05,0.00016,-0.01241,0.01984,-0.40971,10,37.8988,362.8242,39.8601,179.389,0.9925,-122.3913,0.0046,27.5479,0.2741
356,000356.png,False,1788775282.433842,1788775282.229142,normal_load,5,,0.5176592494825882,0.0007,0.03416,-0.39976,0.0015,-5e-05,0.00036,0.01219,0.01571,-0.47072,0.00022,-1e-05,0.00018,-0.01369,0.02353,-0.4003,10,37.8983,362.8277,39.8648,179.3882,0.9938,-122.3911,0.0089,27.5527,0.2693
357,000357.png,False,1788775282.845867,1788775282.641167,normal_load,5,,0.5686823911302156,0.0094,0.05616,-0.47659,0.00104,0.00014,0.00034,0.02091,0.03766,-0.54774,-0.00024,0.00018,0.00016,-0.01661,0.0457,-0.47751,10,37.8973,362.8406,39.83,179.3848,0.9974,-122.3916,0.0024,27.5181,0.3039
358,000358.png,False,1788775283.465900,1788775283.261200,normal_load,5,,0.5686823911302156,0.00513,0.0457,-0.50597,0.00128,6e-05,0.00019,0.0167,0.02712,-0.57741,-1e-05,9e-05,0.0,-0.01488,0.03404,-0.5067,10,37.898,362.8342,39.8109,179.3836,0.9987,-122.3918,0.0061,27.4988,0.3232
359,000359.png,False,1788775283.878040,1788775283.673340,normal_load,5,,0.6131074265557742,0.00466,0.04531,-0.53636,0.00133,-4e-05,0.00035,0.01626,0.02668,-0.60799,3e-05,-1e-05,0.00016,-0.01488,0.03298,-0.53707,11,37.8983,362.8313,39.803,179.384,0.9979,-122.3918,0.0028,27.4909,0.3311
360,000360.png,False,1788775284.086022,1788775283.881322,normal_load,5,,0.6131074265557742,0.00193,0.03688,-0.6272,0.00163,-9e-05,0.00038,0.01354,0.01822,-0.69893,0.00033,-5e-05,0.0002,-0.0124,0.02286,-0.62775,10,37.8987,362.8252,39.7534,179.3855,0.9966,-122.3918,0.004,27.4412,0.3808
361,000361.png,False,1788775284.498058,1788775284.293358,normal_load,5,,0.6131074265557742,0.00293,0.04053,-0.67212,0.00155,-0.00012,0.00033,0.01457,0.02182,-0.74404,0.00025,-8e-05,0.00015,-0.01305,0.02579,-0.67272,11,37.8984,362.8271,39.7565,179.3853,0.9968,-122.3916,0.0055,27.4443,0.3777
362,000362.png,False,1788775284.910094,1788775284.705394,normal_load,5,,0.7639752412933518,0.00617,0.04614,-0.61386,0.00136,-3e-05,0.00027,0.01784,0.02738,-0.68597,6e-05,1e-05,9e-05,-0.01346,0.03321,-0.61458,10,37.8974,362.8322,39.7728,179.3836,0.9984,-122.3918,0.0075,27.4607,0.3613
363,000363.png,False,1788775285.530087,1788775285.325387,normal_load,5,,0.7639752412933518,0.00731,0.04875,-0.69699,0.00131,-6e-05,0.00023,0.01903,0.02992,-0.76939,0.0,-2e-05,5e-05,-0.01319,0.03471,-0.69774,10,37.8974,362.8354,39.7403,179.3827,0.9997,-122.3921,0.0083,27.4283,0.3937
364,000364.png,False,1788775285.942095,1788775285.737395,normal_load,5,,0.793077228709663,0.00586,0.05018,-0.72319,0.0014,-2e-05,0.00036,0.01761,0.0313,-0.79579,9e-05,2e-05,0.00017,-0.01498,0.0348,-0.72396,10,37.8968,362.8338,39.7355,179.3825,0.9995,-122.3923,0.0048,27.4234,0.3986
365,000365.png,False,1788775286.974131,1788775286.769431,normal_load,5,,0.9268268124556556,0.00287,0.03974,-0.77632,0.00159,-0.00021,0.00024,0.0147,0.02073,-0.84939,0.00027,-0.00017,5e-05,-0.01198,0.02341,-0.77689,10,37.8978,362.8273,39.7102,179.3822,0.9998,-122.3921,0.0001,27.398,0.424
366,000366.png,False,1788775287.802211,1788775287.597511,normal_load,5,,1.06563817019171,0.00495,0.05002,-0.95434,0.0015,-0.00019,0.00053,0.01684,0.03092,-1.0278,0.00017,-0.00015,0.00034,-0.01409,0.03051,-0.95507,10,37.8981,362.8294,39.6609,179.3825,0.9998,-122.3921,0.0021,27.3488,0.4732
367,000367.png,False,1788775288.006216,1788775287.801516,normal_load,5,,1.06563817019171,0.00641,0.04969,-0.95663,0.00153,-8e-05,0.00053,0.01831,0.03056,-1.03019,0.0002,-4e-05,0.00034,-0.01264,0.03091,-0.95736,10,37.8978,362.8296,39.6594,179.3822,1.0001,-122.3923,0.0043,27.3473,0.4747
368,000368.png,False,1788775288.214232,1788775288.009532,normal_load,5,,1.06563817019171,0.0102,0.06264,-1.00902,0.00121,-2e-05,0.00038,0.02212,0.04348,-1.08267,-0.00012,1e-05,0.0002,-0.01547,0.04318,-1.00997,10,37.8955,362.8484,39.6319,179.3757,1.0069,-122.3924,0.0081,27.3202,0.5018
369,000369.png,False,1788775288.834273,1788775288.629573,normal_load,5,,1.1033686554012292,0.00905,0.05924,-1.01132,0.00127,-0.0001,0.00039,0.02101,0.04001,-1.08526,-7e-05,-6e-05,0.0002,-0.01475,0.03963,-1.01221,11,37.8971,362.8344,39.6351,179.3799,1.0027,-122.3923,0.0042,27.323,0.499
370,000370.png,False,1788775290.070252,1788775289.865552,normal_load,5,,1.1873795972377452,0.00264,0.04472,-1.07953,0.00172,-0.0003,0.00028,0.01471,0.02534,-1.15405,0.00037,-0.00026,0.0001,-0.01257,0.02276,-1.08015,10,37.8991,362.8233,39.6083,179.3813,1.0011,-122.3925,0.0088,27.2961,0.5259
371,000371.png,False,1788775290.278362,1788775290.073662,normal_load,5,,1.1873795972377452,0.00117,0.03806,-1.19083,0.00196,-0.00038,0.00026,0.01325,0.01865,-1.26544,0.00061,-0.00035,7e-05,-0.00975,0.01447,-1.19131,11,37.9007,362.8164,39.5439,179.3845,0.998,-122.3923,0.0082,27.2316,0.5904
372,000372.png,False,1788775290.482273,1788775290.277573,normal_load,5,,1.1873795972377452,0.00494,0.04045,-1.28152,0.00197,-0.00041,0.00036,0.01704,0.02102,-1.35623,0.00062,-0.00037,0.00017,-0.00704,0.01698,-1.28203,10,37.9005,362.821,39.5554,179.3836,0.9987,-122.3927,0.0052,27.2431,0.5789
373,000373.png,False,1788775290.690282,1788775290.485582,normal_load,5,,1.1873795972377452,0.00656,0.04789,-1.21249,0.00172,-0.00026,0.00023,0.01867,0.02843,-1.2873,0.00037,-0.00022,4e-05,-0.00983,0.02533,-1.21315,10,37.8981,362.826,39.5681,179.3819,1.0001,-122.3925,0.0013,27.2559,0.5661
374,000374.png,False,1788775291.102295,1788775290.897595,normal_load,5,,1.378580045339814,0.00782,0.05124,-1.19001,0.0016,-0.0003,0.00028,0.01996,0.03173,-1.26501,0.00025,-0.00026,9e-05,-0.01058,0.02922,-1.19073,10,37.8984,362.8273,39.5737,179.3812,1.0012,-122.3925,0.0097,27.2616,0.5604
375,000375.png,False,1788775292.134362,1788775291.929662,normal_load,5,,1.3996857091078057,0.01081,0.05638,-1.28659,0.00153,-0.00025,0.00012,0.02302,0.03675,-1.36207,0.00016,-0.00021,-7e-05,-0.00989,0.03362,-1.28739,10,37.8978,362.8304,39.5376,179.3802,1.0024,-122.3926,0.0073,27.2255,0.5965
376,000376.png,False,1788775292.962517,1788775292.757817,normal_load,5,,1.5492098228037834,0.00399,0.03701,-1.45754,0.00214,-0.00055,0.00022,0.01627,0.01728,-1.53341,0.00077,-0.00051,2e-05,-0.00493,0.0107,-1.45796,10,37.9005,362.818,39.4931,179.381,1.0011,-122.3928,0.0085,27.1808,0.6412
377,000377.png,False,1788775293.166491,1788775292.961791,normal_load,5,,1.5492098228037834,0.00637,0.04415,-1.44746,0.00203,-0.0004,0.00017,0.01866,0.02439,-1.52343,0.00066,-0.00036,-3e-05,-0.00651,0.01823,-1.44802,10,37.9013,362.8205,39.496,179.3809,1.0016,-122.3932,0.0078,27.1838,0.6382
378,000378.png,False,1788775293.374423,1788775293.169723,normal_load,5,,1.5492098228037834,0.01042,0.05645,-1.49919,0.00178,-0.00026,0.00014,0.02273,0.03666,-1.57525,0.00041,-0.00023,-6e-05,-0.00878,0.03008,-1.49996,10,37.8959,362.8383,39.4641,179.377,1.0054,-122.3928,0.0011,27.1522,0.6698
379,000379.png,False,1788775293.582432,1788775293.377732,normal_load,5,,1.5492098228037834,0.02061,0.08209,-1.54644,0.00101,-0.00013,0.00028,0.03294,0.06228,-1.6226,-0.00036,-9e-05,9e-05,-0.01244,0.05662,-1.54767,10,37.8967,362.8366,39.4693,179.3778,1.0049,-122.3928,0.006,27.1574,0.6646
380,000380.png,False,1788775294.198590,1788775293.993890,normal_load,5,,1.64601867209864,0.01204,0.06072,-1.52114,0.00166,-0.00032,0.00014,0.02441,0.04084,-1.59759,0.00028,-0.00028,-6e-05,-0.00936,0.03424,-1.52199,11,37.8979,362.8294,39.4703,179.3797,1.0028,-122.3928,0.0013,27.1583,0.6637
381,000381.png,False,1788775294.406559,1788775294.201859,normal_load,5,,1.64601867209864,-0.00074,0.02469,-1.62915,0.00273,-0.0007,0.00028,0.01165,0.00478,-1.70569,0.00135,-0.00066,8e-05,-0.00168,-0.00508,-1.62933,10,37.902,362.8085,39.4362,179.3827,0.9997,-122.3925,0.0036,27.1238,0.6982
382,000382.png,False,1788775295.230517,1788775295.025817,normal_load,5,,1.7647961323497954,0.01233,0.05691,-1.66843,0.00178,-0.00037,0.00018,0.02478,0.03691,-1.74536,0.00039,-0.00033,-2e-05,-0.00619,0.02873,-1.66918,10,37.8984,362.8245,39.4291,179.3794,1.0029,-122.393,0.0019,27.117,0.705
383,000383.png,False,1788775295.438529,1788775295.233829,normal_load,5,,1.7647961323497954,0.01599,0.07078,-1.73355,0.00152,-0.00033,0.00025,0.02846,0.05075,-1.81058,0.00013,-0.00029,5e-05,-0.00949,0.04153,-1.73455,11,37.8957,362.8404,39.4075,179.3756,1.007,-122.3931,0.0086,27.0956,0.7264
384,000384.png,False,1788775296.262684,1788775296.057984,normal_load,5,,1.8611574936792323,0.01241,0.06243,-1.75761,0.00173,-0.00033,0.00038,0.02494,0.04229,-1.83502,0.00033,-0.00029,0.00018,-0.00826,0.03211,-1.75845,10,37.8984,362.8285,39.4114,179.3782,1.0044,-122.393,0.007,27.0993,0.7227
385,000385.png,False,1788775296.470656,1788775296.265956,normal_load,5,,1.8611574936792323,0.00612,0.0401,-1.82852,0.00231,-0.00062,0.00046,0.01867,0.01994,-1.90603,0.00091,-0.00058,0.00027,-0.00206,0.0085,-1.82895,10,37.9002,362.8142,39.3864,179.3807,1.0014,-122.393,0.0068,27.0741,0.7479
386,000386.png,False,1788775297.294625,1788775297.089925,normal_load,5,,1.9549414314045948,0.01055,0.05341,-1.8656,0.00199,-0.00052,0.00042,0.02316,0.03315,-1.94349,0.00059,-0.00048,0.00022,-0.00461,0.02165,-1.86626,11,37.8992,362.8225,39.3826,179.3784,1.0043,-122.393,0.0091,27.0704,0.7516
387,000387.png,False,1788775297.502634,1788775297.297934,normal_load,5,,1.9549414314045948,0.01457,0.06002,-1.9784,0.00191,-0.0005,0.00057,0.0272,0.03974,-2.05639,0.0005,-0.00046,0.00038,-0.00365,0.02758,-1.97917,10,37.8998,362.8295,39.3525,179.3766,1.0059,-122.3935,0.0027,27.0404,0.7816
388,000388.png,False,1788775297.710711,1788775297.506011,normal_load,5,,1.9549414314045948,0.01723,0.06734,-2.0307,0.00176,-0.00042,0.00066,0.02987,0.04703,-2.10878,0.00035,-0.00038,0.00046,-0.00464,0.0344,-2.03159,10,37.899,362.8285,39.3509,179.377,1.0054,-122.3933,0.0043,27.0389,0.7831
389,000389.png,False,1788775298.122668,1788775297.917968,normal_unload,5,,1.9549414314045948,0.01545,0.06052,-1.98192,0.00191,-0.00047,0.00046,0.02812,0.04017,-2.06019,0.00049,-0.00043,0.00026,-0.00311,0.02839,-1.98269,10,37.8987,362.8236,39.3556,179.3782,1.0041,-122.3928,0.0066,27.0434,0.7786
390,000390.png,False,1788775298.326807,1788775298.122108,normal_unload,5,,1.8538574691588223,0.01352,0.05707,-1.96328,0.00197,-0.00054,0.00049,0.0262,0.03669,-2.04166,0.00056,-0.0005,0.00029,-0.00319,0.02473,-1.964,10,37.8995,362.8241,39.3584,179.3781,1.0043,-122.393,0.0045,27.0463,0.7757
391,000391.png,False,1788775298.534814,1788775298.330114,normal_unload,5,,1.8538574691588223,0.01184,0.05664,-1.94964,0.002,-0.00052,0.00046,0.02454,0.03624,-2.02811,0.00059,-0.00048,0.00026,-0.00453,0.02374,-1.95035,11,37.8996,362.8248,39.3605,179.3782,1.0041,-122.393,0.0021,27.0484,0.7736
392,000392.png,False,1788775298.742700,1788775298.538000,normal_unload,5,,1.6565547735516217,0.01757,0.07802,-1.68612,0.0014,-0.00011,0.00058,0.03029,0.05759,-1.76469,-2e-05,-7e-05,0.00038,-0.01207,0.04934,-1.68725,10,37.897,362.8305,39.4194,179.3748,1.0078,-122.3931,0.0084,27.1074,0.7146
393,000393.png,False,1788775298.946713,1788775298.742013,normal_unload,5,,1.6565547735516217,0.01219,0.0634,-1.7503,0.00169,-0.00039,0.0005,0.02492,0.04294,-1.82897,0.00027,-0.00035,0.0003,-0.00898,0.03296,-1.75116,10,37.8986,362.8275,39.4041,179.3766,1.0059,-122.3933,0.0087,27.0921,0.7299
394,000394.png,False,1788775299.358853,1788775299.154153,normal_unload,5,,1.5976674371876611,0.00709,0.04629,-1.70589,0.00211,-0.00049,0.00063,0.01985,0.02578,-1.78474,0.00069,-0.00045,0.00043,-0.00516,0.01631,-1.70644,11,37.8982,362.8229,39.4279,179.377,1.0051,-122.393,0.0015,27.1157,0.7063
395,000395.png,False,1788775299.978770,1788775299.774071,normal_unload,5,,1.531510129843582,0.00529,0.05156,-1.63325,0.00198,-0.00053,0.00052,0.0181,0.03097,-1.7124,0.00055,-0.00049,0.00032,-0.00986,0.02113,-1.63391,11,37.8972,362.8233,39.4431,179.3774,1.0037,-122.3932,0.0075,27.1309,0.6911
396,000396.png,False,1788775300.390922,1788775300.186222,normal_unload,5,,1.3902203837510454,0.00431,0.05036,-1.49269,0.00192,-0.00051,0.00052,0.01715,0.02973,-1.57203,0.00048,-0.00047,0.00031,-0.01108,0.02186,-1.49335,10,37.8975,362.823,39.477,179.3765,1.0044,-122.3932,0.0018,27.1648,0.6572
397,000397.png,False,1788775300.598799,1788775300.394099,normal_unload,5,,1.3902203837510454,0.0051,0.05451,-1.44381,0.00186,-0.00037,0.00051,0.01796,0.03385,-1.52325,0.00042,-0.00033,0.00031,-0.01281,0.02663,-1.44455,11,37.8965,362.8289,39.5337,179.3726,1.0087,-122.3935,0.008,27.2217,0.6003
398,000398.png,False,1788775301.010823,1788775300.806123,normal_unload,5,,1.2884915598864295,0.00193,0.04593,-1.39631,0.00202,-0.00042,0.00052,0.01482,0.02522,-1.47594,0.00059,-0.00038,0.00032,-0.01159,0.01837,-1.3969,10,37.898,362.8217,39.5075,179.377,1.0042,-122.3935,0.002,27.1953,0.6267
399,000399.png,False,1788775301.218832,1788775301.014132,normal_unload,5,,1.1985626966759895,0.00184,0.04965,-1.2755,0.00185,-0.00036,0.00042,0.01475,0.02892,-1.35522,0.00041,-0.00032,0.00022,-0.01437,0.02349,-1.27617,11,37.8973,362.823,39.5376,179.3768,1.004,-122.3932,0.0052,27.2254,0.5966
400,000400.png,False,1788775301.422843,1788775301.218143,normal_unload,5,,1.1985626966759895,0.00036,0.04371,-1.29637,0.00203,-0.0004,0.0005,0.01328,0.02295,-1.37619,0.00059,-0.00036,0.0003,-0.01254,0.01726,-1.29693,10,37.8973,362.8215,39.5357,179.3771,1.0034,-122.3932,0.0081,27.2235,0.5985
401,000401.png,False,1788775301.630953,1788775301.426253,normal_unload,5,,1.1985626966759895,0.00199,0.04838,-1.24812,0.00191,-0.0004,0.00058,0.01493,0.0276,-1.32803,0.00047,-0.00036,0.00038,-0.01379,0.02291,-1.24877,10,37.8983,362.8184,39.561,179.378,1.0028,-122.393,0.0047,27.2487,0.5733
402,000402.png,False,1788775302.662907,1788775302.458207,normal_unload,5,,0.9887583341163549,0.00561,0.05567,-1.01101,0.00157,-0.00017,0.00045,0.01862,0.03476,-1.09141,0.00012,-0.00013,0.00025,-0.01594,0.03482,-1.01184,10,37.8959,362.828,39.627,179.3768,1.0037,-122.393,0.0018,27.3149,0.5071
403,000403.png,False,1788775303.074948,1788775302.870248,normal_unload,5,,0.9098694296761977,0.00545,0.05327,-0.98316,0.00165,-0.00018,0.00062,0.0185,0.03231,-1.06375,0.0002,-0.00014,0.00041,-0.01508,0.03312,-0.98394,11,37.8959,362.8357,39.6768,179.3749,1.0061,-122.3931,0.008,27.3648,0.4572
404,000404.png,False,1788775303.486952,1788775303.282252,normal_unload,5,,0.8170768025942721,0.00214,0.04415,-0.92248,0.00182,-0.00022,0.00042,0.01521,0.02314,-1.00326,0.00036,-0.00018,0.00022,-0.01381,0.02452,-0.92311,10,37.8971,362.8252,39.6493,179.3771,1.0031,-122.3932,0.0019,27.3371,0.4849
405,000405.png,False,1788775303.902968,1788775303.698268,normal_unload,5,,0.7122122158011877,-0.00019,0.03892,-0.80852,0.0019,-0.00033,0.00049,0.01292,0.01786,-0.88949,0.00044,-0.00029,0.00028,-0.01401,0.02067,-0.80907,10,37.898,362.8211,39.6858,179.3783,1.0018,-122.3932,0.0089,27.3736,0.4484
406,000406.png,False,1788775304.519098,1788775304.314398,normal_unload,5,,0.6118174813307092,0.00281,0.05121,-0.71295,0.00149,-0.00015,0.00045,0.01596,0.03008,-0.79421,2e-05,-0.00011,0.00024,-0.01821,0.03434,-0.71373,10,37.8938,362.8335,39.7244,179.3774,1.0025,-122.393,0.0029,27.4123,0.4097
407,000407.png,False,1788775304.727110,1788775304.522410,normal_unload,5,,0.527905554899607,0.00063,0.04477,-0.5902,0.00163,-7e-05,0.00033,0.01379,0.02361,-0.67156,0.00017,-3e-05,0.00012,-0.01773,0.02963,-0.59089,10,37.8962,362.8267,39.7631,179.3778,1.0017,-122.3932,0.0096,27.4509,0.3711
408,000408.png,False,1788775304.935030,1788775304.730330,normal_unload,5,,0.527905554899607,-0.00216,0.03925,-0.61092,0.00185,-0.00015,0.00045,0.01102,0.01807,-0.69238,0.00038,-0.00011,0.00025,-0.01725,0.02313,-0.6115,11,37.8967,362.825,39.7623,179.3781,1.0017,-122.3932,0.0035,27.4501,0.3719
409,000409.png,False,1788775305.551146,1788775305.346446,normal_unload,5,,0.43514236758137204,-0.00361,0.0371,-0.52477,0.00182,-0.00014,0.00032,0.00962,0.01584,-0.60652,0.00034,-0.0001,0.00011,-0.01802,0.02192,-0.52533,10,37.8972,362.8238,39.7892,179.3786,1.0006,-122.3932,0.0025,27.477,0.345
410,000410.png,False,1788775305.967086,1788775305.762386,normal_unload,5,,0.36419188581717776,-0.00327,0.03789,-0.46201,0.00178,-4e-05,0.00048,0.01,0.01658,-0.54395,0.0003,1e-05,0.00027,-0.01856,0.02378,-0.46259,10,37.8976,362.8258,39.8211,179.3789,1.0006,-122.3932,0.0035,27.509,0.313
411,000411.png,False,1788775306.171091,1788775305.966391,normal_unload,5,,0.36419188581717776,-0.00092,0.04225,-0.38556,0.00162,6e-05,0.00038,0.01236,0.02092,-0.4676,0.00014,0.0001,0.00017,-0.01923,0.02996,-0.38624,10,37.8967,362.827,39.8571,179.379,1.0001,-122.3932,0.0003,27.5449,0.2771
412,000412.png,False,1788775306.587112,1788775306.382412,normal_unload,5,,0.2658436951601886,-0.00162,0.03951,-0.35464,0.00161,3e-05,0.00042,0.01169,0.01813,-0.43687,0.00012,8e-05,0.00021,-0.01869,0.02773,-0.35527,10,37.8963,362.8345,39.902,179.3763,1.003,-122.3937,0.006,27.5899,0.2321
413,000413.png,False,1788775306.791209,1788775306.586509,normal_unload,5,,0.14901810743535007,-0.00305,0.03543,-0.25581,0.00168,5e-05,0.00048,0.01027,0.01402,-0.33813,0.00019,9e-05,0.00027,-0.01857,0.02507,-0.25638,10,37.8979,362.825,39.9059,179.379,0.9998,-122.3936,0.0026,27.5937,0.2283
414,000414.png,False,1788775306.999135,1788775306.794436,normal_unload,5,,0.14901810743535007,-0.00189,0.03387,-0.25586,0.00168,1e-05,0.00029,0.01145,0.01243,-0.33828,0.00019,5e-05,8e-05,-0.01678,0.02429,-0.2564,10,37.8992,362.8258,39.9065,179.379,0.9998,-122.3938,0.0044,27.5943,0.2277
415,000415.png,False,1788775307.203248,1788775306.998548,normal_unload,5,,0.14901810743535007,-0.00171,0.0414,-0.19442,0.00147,0.00013,0.00052,0.01164,0.01994,-0.27693,-2e-05,0.00017,0.00031,-0.02082,0.03188,-0.1951,10,37.898,362.8343,39.9671,179.3787,1.0004,-122.3936,0.0071,27.655,0.167
416,000416.png,False,1788775309.683372,1788775309.478673,normal_load,6,,0.12154908470444355,-0.00889,0.02793,-0.0123,0.00165,0.00016,0.00052,0.00465,0.00617,-0.09598,0.00014,0.0002,0.00031,-0.02157,0.01955,-0.01277,10,37.8999,362.8241,40.0781,179.3834,0.9953,-122.3948,0.0075,27.7658,0.0562
417,000417.png,False,1788775310.095420,1788775309.890720,normal_load,6,,0.14724562463968027,-0.0022,0.042,-0.04852,0.00131,0.00017,0.00036,0.01137,0.02018,-0.13239,-0.0002,0.00021,0.00015,-0.02255,0.03449,-0.04924,11,37.8975,362.8442,40.0404,179.3807,0.9982,-122.3955,0.0032,27.7285,0.0935
418,000418.png,False,1788775310.299395,1788775310.094695,normal_load,6,,0.14724562463968027,-0.00978,0.01961,-0.1203,0.00202,3e-05,0.00046,0.00381,-0.00222,-0.20426,0.0005,7e-05,0.00024,-0.01744,0.01017,-0.1206,10,37.9026,362.8156,39.9965,179.3806,0.9983,-122.396,0.0078,27.6841,0.1379
419,000419.png,False,1788775310.715329,1788775310.510629,normal_load,6,,0.14724562463968027,-0.0021,0.04112,-0.10522,0.00142,0.00025,0.00028,0.01152,0.01923,-0.18937,-0.0001,0.0003,6e-05,-0.02163,0.03288,-0.10591,11,37.8989,362.8352,40.0004,179.3795,0.9991,-122.3962,0.0059,27.6884,0.1336
420,000420.png,False,1788775311.331363,1788775311.126663,normal_load,6,,0.221820235903391,-0.00564,0.02964,-0.17331,0.00166,6e-05,0.00024,0.00803,0.00768,-0.25775,0.00013,0.00011,3e-05,-0.01849,0.02008,-0.17379,10,37.9011,362.825,39.9397,179.3814,0.9973,-122.3975,0.0016,27.6275,0.1945
421,000421.png,False,1788775313.191539,1788775312.986839,normal_load,6,,0.37587300809111923,-0.00126,0.04465,-0.27577,0.00133,0.00018,0.00034,0.01255,0.02246,-0.36108,-0.00021,0.00022,0.00013,-0.02148,0.03362,-0.2765,10,37.8976,362.8368,39.9091,179.378,1.001,-122.3973,0.0024,27.5971,0.2249
422,000422.png,False,1788775313.603482,1788775313.398782,normal_load,6,,0.37587300809111923,-0.00902,0.01876,-0.46574,0.00217,-0.0001,0.00057,0.00482,-0.00348,-0.55124,0.00062,-6e-05,0.00035,-0.01396,0.00428,-0.46598,10,37.9034,362.8115,39.8426,179.3837,0.995,-122.3975,0.0068,27.5301,0.2919
423,000423.png,False,1788775314.015503,1788775313.810803,normal_load,6,,0.5667053574978922,-9e-05,0.04302,-0.40286,0.00143,4e-05,0.00054,0.01378,0.02073,-0.48856,-0.00012,8e-05,0.00032,-0.01878,0.03076,-0.40355,11,37.9003,362.8311,39.865,179.3779,1.0015,-122.3978,0.0034,27.5528,0.2692
424,000424.png,False,1788775314.635534,1788775314.430834,normal_load,6,,0.5667053574978922,0.01002,0.06932,-0.50338,0.00083,0.00026,0.00063,0.02393,0.04696,-0.58936,-0.00073,0.0003,0.00042,-0.02247,0.05698,-0.50453,11,37.8972,362.8467,39.8272,179.3726,1.0069,-122.3979,0.0064,27.5154,0.3066
425,000425.png,False,1788775315.255567,1788775315.050867,normal_load,6,,0.6060935214249668,0.00084,0.04679,-0.48679,0.00137,0.00012,0.00059,0.0148,0.02435,-0.57306,-0.00019,0.00016,0.00037,-0.01928,0.03314,-0.48753,11,37.8992,362.8346,39.8294,179.3758,1.0034,-122.3978,0.0026,27.5173,0.3047
426,000426.png,False,1788775315.459587,1788775315.254887,normal_load,6,,0.6060935214249668,-0.00782,0.02536,-0.57469,0.00201,-0.00016,0.00057,0.00616,0.00289,-0.66106,0.00045,-0.00012,0.00035,-0.01546,0.00885,-0.57503,11,37.9042,362.8062,39.7624,179.382,0.9967,-122.3983,0.0055,27.4498,0.3722
427,000427.png,False,1788775315.667680,1788775315.462980,normal_load,6,,0.6060935214249668,-0.00734,0.02166,-0.64393,0.00208,-0.00021,0.00064,0.00665,-0.00082,-0.7304,0.00051,-0.00016,0.00042,-0.01272,0.00478,-0.64419,10,37.9017,362.8162,39.773,179.3795,0.9994,-122.3986,0.0078,27.4606,0.3614
428,000428.png,False,1788775316.079704,1788775315.875004,normal_load,6,,0.7419562142889845,-0.00038,0.04395,-0.61942,0.00161,1e-05,0.00068,0.01364,0.02141,-0.70608,4e-05,6e-05,0.00046,-0.018,0.02795,-0.62009,10,37.8978,362.8284,39.7812,179.3763,1.0029,-122.398,0.0005,27.4691,0.3529
429,000429.png,False,1788775316.287685,1788775316.082985,normal_load,6,,0.7419562142889845,0.00153,0.04617,-0.59555,0.00145,-3e-05,0.00054,0.01557,0.02361,-0.68231,-0.00012,2e-05,0.00031,-0.01762,0.03121,-0.59627,10,37.8999,362.8302,39.7821,179.3757,1.0036,-122.3987,0.007,27.4699,0.3521
430,000430.png,False,1788775316.699733,1788775316.495034,normal_load,6,,0.7419562142889845,0.01184,0.07203,-0.70442,0.00078,0.0002,0.00043,0.02592,0.04942,-0.79137,-0.00079,0.00024,0.00021,-0.02085,0.05702,-0.70559,10,37.8957,362.8457,39.7382,179.3709,1.0087,-122.399,0.0099,27.4263,0.3957
431,000431.png,False,1788775317.319677,1788775317.114977,normal_load,6,,0.80431011186935,0.0027,0.04561,-0.69367,0.00155,-2e-05,0.00046,0.01682,0.02292,-0.78091,-3e-05,2e-05,0.00024,-0.01564,0.02974,-0.69436,10,37.8984,362.8338,39.7427,179.3745,1.0048,-122.3991,0.0037,27.4307,0.3913
432,000432.png,False,1788775317.523691,1788775317.318991,normal_load,6,,0.80431011186935,-0.00489,0.02572,-0.77793,0.00205,-0.00029,0.00049,0.00924,0.00301,-0.86526,0.00047,-0.00024,0.00027,-0.01169,0.00737,-0.77825,10,37.9025,362.8171,39.7017,179.3774,1.0016,-122.3991,0.0001,27.3894,0.4326
433,000433.png,False,1788775318.351825,1788775318.147125,normal_load,6,,0.9299241935975118,0.0038,0.0388,-0.82351,0.00173,-0.0002,0.00059,0.018,0.01599,-0.91122,0.00015,-0.00016,0.00037,-0.01038,0.02232,-0.82406,10,37.8994,362.8246,39.7013,179.375,1.0039,-122.3993,0.0017,27.3891,0.4329
434,000434.png,False,1788775319.383788,1788775319.179088,normal_load,6,,1.0044540391420298,0.008,0.05233,-0.91093,0.00146,-7e-05,0.00061,0.02228,0.02939,-0.99913,-0.00013,-2e-05,0.00039,-0.0129,0.03473,-0.91171,10,37.8987,362.8331,39.6696,179.3736,1.0058,-122.3996,0.0114,27.3576,0.4644
435,000435.png,False,1788775320.207938,1788775320.003238,normal_load,6,,1.093583435187415,0.00394,0.04046,-1.01947,0.00184,-0.00024,0.00056,0.01828,0.01742,-1.10805,0.00024,-0.00019,0.00033,-0.00973,0.02068,-1.02002,10,37.9006,362.8231,39.6336,179.3755,1.004,-122.3998,0.0,27.3214,0.5006
436,000436.png,False,1788775320.415941,1788775320.211241,normal_load,6,,1.093583435187415,0.00673,0.04521,-1.01009,0.00162,-0.00021,0.00049,0.02108,0.02215,-1.09877,2e-05,-0.00017,0.00026,-0.00976,0.02634,-1.01073,11,37.8999,362.8279,39.6332,179.3743,1.0053,-122.3996,0.0028,27.321,0.501
437,000437.png,False,1788775321.447987,1788775321.243287,normal_load,6,,1.208433080063017,0.00716,0.05024,-1.08052,0.00171,-0.0001,0.00046,0.02159,0.02706,-1.16968,0.0001,-5e-05,0.00024,-0.01141,0.02978,-1.08124,10,37.8977,362.8317,39.6105,179.3731,1.0063,-122.4,0.0068,27.2984,0.5236
438,000438.png,False,1788775322.068007,1788775321.863307,normal_load,6,,1.208433080063017,0.0002,0.03359,-1.23751,0.0023,-0.00038,0.0005,0.01468,0.01032,-1.32696,0.00068,-0.00033,0.00027,-0.00803,0.00936,-1.2379,10,37.9019,362.8188,39.5636,179.3749,1.0043,-122.4009,0.0055,27.2513,0.5707
439,000439.png,False,1788775322.480110,1788775322.275410,normal_load,6,,1.3361780472888996,0.00355,0.04875,-1.25959,0.00188,-0.00017,0.00053,0.01806,0.02543,-1.34924,0.00026,-0.00013,0.0003,-0.01255,0.02381,-1.26025,10,37.9005,362.8248,39.5585,179.3733,1.0064,-122.4009,0.0048,27.2463,0.5757
440,000440.png,False,1788775322.688055,1788775322.483355,normal_load,6,,1.3361780472888996,0.00909,0.05578,-1.31454,0.00165,-0.0002,0.00042,0.02362,0.03244,-1.40429,3e-05,-0.00015,0.00019,-0.01088,0.03179,-1.31533,10,37.8975,362.8404,39.5334,179.3687,1.0114,-122.4005,0.004,27.2215,0.6005
441,000441.png,False,1788775323.512118,1788775323.307418,normal_load,6,,1.4186014633263113,0.00591,0.05292,-1.32147,0.00182,-0.00023,0.00054,0.0205,0.02948,-1.4116,0.00019,-0.00019,0.00031,-0.01216,0.02762,-1.3222,10,37.9002,362.8303,39.5389,179.3719,1.0075,-122.4011,0.0025,27.2268,0.5952
442,000442.png,False,1788775323.924037,1788775323.719337,normal_load,6,,1.4186014633263113,-0.00136,0.03137,-1.41371,0.00249,-0.00046,0.00031,0.01326,0.00788,-1.50403,0.00086,-0.00042,8e-05,-0.00704,0.00384,-1.41404,10,37.9021,362.8163,39.5058,179.3744,1.0048,-122.4011,0.0086,27.1935,0.6285
443,000443.png,False,1788775324.132033,1788775323.927333,normal_load,6,,1.4186014633263113,3e-05,0.03566,-1.40062,0.00227,-0.00042,0.00025,0.01466,0.01215,-1.49103,0.00064,-0.00038,2e-05,-0.00808,0.00846,-1.40102,10,37.9007,362.8205,39.5036,179.3737,1.0056,-122.4009,0.0018,27.1914,0.6306
444,000444.png,False,1788775324.544058,1788775324.339358,normal_load,6,,1.507333037793933,0.00388,0.04468,-1.40966,0.00206,-0.00036,0.00024,0.01854,0.02112,-1.50026,0.00042,-0.00031,1e-05,-0.00919,0.01805,-1.41022,10,37.9013,362.8222,39.5018,179.373,1.0067,-122.4011,0.0074,27.1895,0.6325
445,000445.png,False,1788775324.956084,1788775324.751384,normal_load,6,,1.507333037793933,0.01203,0.06641,-1.50634,0.00155,-0.00014,0.00028,0.02673,0.04279,-1.59714,-9e-05,-9e-05,5e-05,-0.01232,0.0394,-1.50728,11,37.8992,362.8327,39.4777,179.3702,1.0098,-122.4016,0.0042,27.1657,0.6563
446,000446.png,False,1788775325.576198,1788775325.371498,normal_load,6,,1.608316591189768,0.00795,0.05553,-1.51582,0.00184,-0.00026,0.00049,0.02269,0.03184,-1.60691,0.00019,-0.00022,0.00026,-0.01035,0.02778,-1.51656,11,37.8994,362.8281,39.4782,179.3712,1.0083,-122.4016,0.0074,27.1661,0.6559
447,000447.png,False,1788775325.784120,1788775325.579420,normal_load,6,,1.608316591189768,-0.00212,0.02922,-1.56461,0.00265,-0.00054,0.0004,0.01264,0.0055,-1.65579,0.001,-0.00049,0.00017,-0.00558,-0.00081,-1.56487,10,37.9023,362.8112,39.4542,179.3731,1.0063,-122.4018,0.0044,27.1418,0.6802
448,000448.png,False,1788775326.196142,1788775325.991442,normal_load,6,,1.608316591189768,-0.00298,0.03103,-1.59796,0.00255,-0.00052,0.00038,0.01181,0.00726,-1.68934,0.00089,-0.00048,0.00015,-0.007,-0.00021,-1.59825,11,37.9022,362.8156,39.4509,179.3728,1.0069,-122.4022,0.0045,27.1385,0.6835
449,000449.png,False,1788775326.608167,1788775326.403467,normal_load,6,,1.6854562295713948,0.00576,0.0558,-1.62275,0.00194,-0.00029,0.00047,0.02058,0.03198,-1.71432,0.00029,-0.00024,0.00024,-0.01164,0.02521,-1.62348,10,37.9003,362.8266,39.4485,179.3707,1.0091,-122.4018,0.0064,27.1364,0.6856
450,000450.png,False,1788775326.816255,1788775326.611555,normal_load,6,,1.6854562295713948,0.00686,0.06492,-1.66978,0.00168,-0.00023,0.00052,0.0217,0.04108,-1.76145,2e-05,-0.00019,0.00029,-0.01491,0.03291,-1.67067,11,37.8972,362.8394,39.4321,179.3673,1.0125,-122.4023,0.0002,27.1202,0.7018
451,000451.png,False,1788775327.640302,1788775327.435602,normal_load,6,,1.7831046631256926,0.00349,0.05935,-1.67149,0.00194,-0.00025,0.00045,0.01839,0.03541,-1.76354,0.00028,-0.0002,0.00022,-0.01504,0.02637,-1.67227,10,37.8998,362.8272,39.4317,179.3701,1.0098,-122.402,0.0032,27.1196,0.7024
452,000452.png,False,1788775327.848342,1788775327.643642,normal_load,6,,1.8429539002955295,-0.00526,0.04025,-1.74257,0.00242,-0.00046,0.00062,0.00966,0.01629,-1.83472,0.00075,-0.00041,0.00039,-0.01259,0.00432,-1.74299,10,37.9026,362.813,39.4109,179.3721,1.0077,-122.402,0.0028,27.0985,0.7235
453,000453.png,False,1788775328.052344,1788775327.847644,normal_load,6,,1.8429539002955295,-0.00674,0.03615,-1.74642,0.00255,-0.00051,0.00048,0.00819,0.01216,-1.83867,0.00088,-0.00046,0.00025,-0.01179,-3e-05,-1.74677,10,37.9013,362.8176,39.4114,179.371,1.0085,-122.402,0.0049,27.0992,0.7228
454,000454.png,False,1788775328.260363,1788775328.055663,normal_load,6,,1.8429539002955295,-0.00134,0.05251,-1.80763,0.00207,-0.00039,0.0004,0.01361,0.02849,-1.89997,0.00041,-0.00034,0.00017,-0.01486,0.01585,-1.80826,10,37.8997,362.8275,39.3848,179.3718,1.0077,-122.4022,0.0089,27.0727,0.7493
455,000455.png,False,1788775329.084395,1788775328.879695,normal_load,6,,1.935434978511691,0.00023,0.05601,-1.86592,0.00208,-0.00037,0.00043,0.01523,0.0319,-1.95865,0.00041,-0.00032,0.00019,-0.01485,0.01873,-1.86661,10,37.901,362.8242,39.3792,179.3716,1.0082,-122.4025,0.0087,27.067,0.755
456,000456.png,False,1788775329.292392,1788775329.087692,normal_load,6,,1.935434978511691,-0.00772,0.04179,-1.91192,0.00248,-0.00048,0.0004,0.00731,0.01765,-2.00475,0.0008,-0.00043,0.00017,-0.01431,0.00171,-1.91234,10,37.9015,362.8169,39.3591,179.3706,1.009,-122.402,0.0099,27.0468,0.7752
457,000457.png,False,1788775330.116352,1788775329.911652,normal_load,6,,2.0,-0.00143,0.05134,-1.9164,0.0021,-0.00047,0.00036,0.01366,0.0271,-2.00961,0.00041,-0.00043,0.00012,-0.0136,0.01305,-1.91699,11,37.9008,362.822,39.3627,179.3703,1.0093,-122.4023,0.0048,27.0505,0.7715
458,000458.png,False,1788775330.324358,1788775330.119658,normal_load,6,,2.0,-0.00489,0.04608,-1.96471,0.00243,-0.00047,0.0004,0.01021,0.02181,-2.05802,0.00075,-0.00042,0.00017,-0.01364,0.00599,-1.9652,10,37.9018,362.8187,39.3456,179.3721,1.0077,-122.4024,0.0097,27.0333,0.7887
459,000459.png,False,1788775330.944448,1788775330.739748,normal_unload,6,,2.0,-0.00246,0.05374,-2.0014,0.00225,-0.00038,0.00052,0.01269,0.02939,-2.095,0.00056,-0.00034,0.00028,-0.01511,0.01325,-2.00203,10,37.9002,362.8225,39.344,179.3704,1.0091,-122.4023,0.0059,27.0318,0.7902
460,000460.png,False,1788775331.356483,1788775331.151783,normal_unload,6,,1.916473851337173,0.0014,0.06451,-2.0024,0.00196,-0.00033,0.00054,0.01658,0.04012,-2.09618,0.00026,-0.00029,0.00031,-0.01714,0.0245,-2.00321,11,37.8983,362.8343,39.3719,179.3645,1.0155,-122.4024,0.0073,27.06,0.762
461,000461.png,False,1788775331.560518,1788775331.355818,normal_unload,6,,1.7617658230345938,0.01141,0.0923,-1.8127,0.00119,0.0001,0.00055,0.0266,0.06788,-1.90658,-0.0005,0.00015,0.00031,-0.02367,0.0566,-1.81405,10,37.899,362.8377,39.3831,179.3656,1.0147,-122.4028,0.0045,27.0712,0.7508
462,000462.png,False,1788775331.768557,1788775331.563857,normal_unload,6,,1.7617658230345938,0.00613,0.07789,-1.8638,0.00152,-8e-05,0.00055,0.02134,0.05345,-1.95778,-0.00018,-3e-05,0.00031,-0.02069,0.04067,-1.86488,10,37.8984,362.8324,39.3728,179.367,1.0128,-122.4025,0.0021,27.0608,0.7612
463,000463.png,False,1788775331.976443,1788775331.771743,normal_unload,6,,1.7617658230345938,-0.01381,0.02912,-1.8197,0.00289,-0.0005,0.0006,0.00141,0.00465,-1.91378,0.00119,-0.00045,0.00036,-0.0139,-0.01083,-1.8199,11,37.9038,362.8069,39.3949,179.3679,1.0118,-122.4027,0.0073,27.0824,0.7396
464,000464.png,False,1788775332.800585,1788775332.595885,normal_unload,6,,1.632691181292398,-0.00399,0.0582,-1.74068,0.00208,-0.00022,0.00054,0.0113,0.03364,-1.83514,0.00038,-0.00018,0.0003,-0.02047,0.02053,-1.74141,10,37.8998,362.8257,39.4072,179.3688,1.0109,-122.4027,0.0063,27.0951,0.7269
465,000465.png,False,1788775333.832621,1788775333.627921,normal_unload,6,,1.3277865968038638,-0.0143,0.04125,-1.42487,0.00231,-0.00026,0.00044,0.00106,0.01656,-1.51982,0.0006,-0.00022,0.0002,-0.02312,0.00576,-1.42534,10,37.9009,362.8205,39.4872,179.3676,1.0125,-122.403,0.0044,27.1749,0.6471
466,000466.png,False,1788775334.244649,1788775334.039949,normal_unload,6,,1.2327426107633896,-0.01515,0.0383,-1.33459,0.00231,-0.00031,0.00042,0.00025,0.01356,-1.42972,0.00059,-0.00026,0.00017,-0.023,0.00422,-1.33502,10,37.9012,362.8192,39.5132,179.3684,1.0117,-122.4029,0.0064,27.2009,0.6211
467,000467.png,False,1788775334.864597,1788775334.659897,normal_unload,6,,1.1235848281495322,-0.00885,0.05104,-1.23104,0.00194,-0.00014,0.00043,0.0066,0.02622,-1.32646,0.00022,-9e-05,0.00018,-0.02463,0.02006,-1.23172,10,37.8986,362.83,39.5477,179.3685,1.0115,-122.4036,0.0092,27.2356,0.5864
468,000468.png,False,1788775335.896811,1788775335.692111,normal_unload,6,,0.9213783678856061,-0.01416,0.04334,-0.97894,0.0021,0.0,0.00038,0.00136,0.0184,-1.07485,0.00037,5e-05,0.00014,-0.02713,0.01478,-0.97951,11,37.9,362.8295,39.6591,179.3667,1.0134,-122.4043,0.0095,27.347,0.475
469,000469.png,False,1788775336.308854,1788775336.104154,normal_unload,6,,0.8341490642832156,-0.01819,0.03635,-0.93354,0.00219,-0.0001,0.00041,-0.00264,0.01136,-1.02963,0.00045,-5e-05,0.00016,-0.02745,0.00744,-0.93399,10,37.9007,362.8199,39.6359,179.3689,1.0107,-122.4038,0.0011,27.3236,0.4984
470,000470.png,False,1788775337.340729,1788775337.136029,normal_unload,6,,0.6368121737188716,-0.01766,0.04377,-0.73676,0.00189,1e-05,0.0004,-0.00203,0.01865,-0.83334,0.00014,6e-05,0.00016,-0.03206,0.01728,-0.73737,10,37.8994,362.8284,39.7046,179.3695,1.0101,-122.4049,0.0037,27.3924,0.4296
471,000471.png,False,1788775337.548845,1788775337.344145,normal_unload,6,,0.5210490701943826,-0.01662,0.03869,-0.62733,0.00191,9e-05,0.00041,-0.00097,0.01355,-0.72401,0.00016,0.00014,0.00016,-0.02938,0.01515,-0.62787,10,37.9001,362.8248,39.7361,179.3705,1.0089,-122.4053,0.0093,27.4239,0.3981
472,000472.png,False,1788775339.200959,1788775338.996259,normal_unload,6,,0.2520832175515182,-0.01848,0.03565,-0.34822,0.00181,0.00014,0.00041,-0.00271,0.0103,-0.44567,5e-05,0.00018,0.00016,-0.0314,0.01606,-0.34875,10,37.898,362.8295,39.8575,179.3709,1.0084,-122.4062,0.0075,27.5454,0.2766
473,000473.png,False,1788775339.404923,1788775339.200223,normal_unload,6,,0.2520832175515182,-0.01816,0.03481,-0.34221,0.00179,0.00013,0.00036,-0.00237,0.00944,-0.43975,3e-05,0.00018,0.00011,-0.03075,0.01559,-0.34272,10,37.898,362.8323,39.8641,179.3709,1.0084,-122.4062,0.0098,27.552,0.27
474,000474.png,False,1788775339.820857,1788775339.616157,normal_unload,6,,0.1500193558157605,-0.01897,0.03223,-0.2437,0.00186,0.00019,0.00037,-0.00315,0.00681,-0.34144,9e-05,0.00024,0.00012,-0.03085,0.01453,-0.24418,10,37.8996,362.8292,39.9027,179.3717,1.0079,-122.4077,0.0023,27.5905,0.2315
475,000475.png,False,1788775343.329130,1788775343.124430,normal_load,7,,0.16619805642345967,-0.01609,0.02951,-0.06829,0.00169,0.00016,0.00022,-0.0,0.00366,-0.16766,-0.0001,0.00021,-3e-05,-0.0282,0.01642,-0.06876,10,37.898,362.8328,39.9999,179.3727,1.0071,-122.4087,0.0034,27.6878,0.1342
476,000476.png,False,1788775343.533059,1788775343.328359,normal_load,7,,0.16619805642345967,-0.01799,0.02368,-0.13996,0.00198,6e-05,0.00018,-0.0019,-0.00219,-0.23943,0.00018,0.00011,-8e-05,-0.02645,0.00927,-0.14031,10,37.8992,362.8284,39.9455,179.3737,1.0057,-122.4089,0.0046,27.6333,0.1887
477,000477.png,False,1788775345.597232,1788775345.392532,normal_load,7,,0.3488086233001326,-0.01599,0.01805,-0.31121,0.00217,-6e-05,0.00033,0.00027,-0.00807,-0.41165,0.00035,-1e-05,7e-05,-0.02071,0.00266,-0.31145,11,37.9015,362.8141,39.8594,179.3758,1.0037,-122.4098,0.01,27.547,0.275
478,000478.png,False,1788775346.217277,1788775346.012577,normal_load,7,,0.4392759957547213,-0.01279,0.02737,-0.33983,0.00188,0.0,0.00022,0.00351,0.00117,-0.44055,6e-05,6e-05,-4e-05,-0.0224,0.01186,-0.34022,11,37.8989,362.8282,39.8657,179.3714,1.0085,-122.4099,0.0057,27.5535,0.2685
479,000479.png,False,1788775346.425283,1788775346.220583,normal_load,7,,0.4392759957547213,-0.01124,0.03442,-0.32238,0.00184,0.00014,7e-05,0.00508,0.0082,-0.4232,2e-05,0.00019,-0.00019,-0.0247,0.01903,-0.32291,10,37.8984,362.8321,39.8645,179.3703,1.0093,-122.4097,0.0075,27.5524,0.2696
480,000480.png,False,1788775347.457340,1788775347.252640,normal_load,7,,0.5521716861439814,-0.01049,0.03352,-0.45236,0.00183,0.00012,0.00048,0.00591,0.00717,-0.55366,-0.0,0.00017,0.00022,-0.0227,0.01654,-0.45285,11,37.898,362.8311,39.8273,179.3697,1.01,-122.4099,0.0067,27.5152,0.3068
481,000481.png,False,1788775348.489466,1788775348.284766,normal_load,7,,0.6762785648095985,-0.0099,0.03568,-0.5653,0.00189,3e-05,0.00053,0.00658,0.0092,-0.66708,6e-05,8e-05,0.00027,-0.02248,0.0169,-0.56581,10,37.8981,362.8316,39.7842,179.3696,1.0104,-122.4101,0.0026,27.4721,0.3499
482,000482.png,False,1788775348.693324,1788775348.488624,normal_load,7,,0.6762785648095985,-0.01066,0.03996,-0.59874,0.00184,-2e-05,0.00037,0.00583,0.01346,-0.70061,-0.0,3e-05,0.00012,-0.02504,0.01969,-0.59932,10,37.8966,362.8381,39.7433,179.3668,1.0132,-122.4104,0.0003,27.4313,0.3907
483,000483.png,False,1788775350.553507,1788775350.348807,normal_load,7,,0.871051120219056,-0.01007,0.04028,-0.7734,0.00204,-4e-05,0.00035,0.00656,0.01356,-0.87615,0.00018,1e-05,9e-05,-0.02348,0.01747,-0.77396,10,37.8988,362.8286,39.7022,179.3678,1.0124,-122.4106,0.0005,27.3901,0.4319
484,000484.png,False,1788775350.965534,1788775350.760834,normal_load,7,,0.871051120219056,7e-05,0.06744,-0.86751,0.00137,0.00016,0.00029,0.01673,0.04067,-0.97045,-0.00049,0.00021,3e-05,-0.02762,0.04454,-0.86855,10,37.8975,362.842,39.6704,179.3641,1.0164,-122.4109,0.0085,27.3585,0.4635
485,000485.png,False,1788775351.173561,1788775350.968861,normal_load,7,,0.871051120219056,-0.0054,0.05944,-0.86994,0.00167,0.0001,0.00043,0.01127,0.03264,-0.97297,-0.00019,0.00015,0.00017,-0.02835,0.03484,-0.87082,10,37.8971,362.8351,39.6728,179.3659,1.0141,-122.4106,0.0049,27.3608,0.4612
486,000486.png,False,1788775352.617600,1788775352.412900,normal_load,7,,1.087951266188,-0.01088,0.0395,-0.96635,0.00232,-0.00012,0.00033,0.00591,0.01253,-1.07006,0.00045,-7e-05,6e-05,-0.02246,0.01329,-0.96687,11,37.8992,362.8233,39.6334,179.3673,1.0125,-122.411,0.0028,27.3212,0.5008
487,000487.png,False,1788775353.857590,1788775353.652890,normal_load,7,,1.1966785913669185,-0.01334,0.03762,-1.15902,0.00243,-0.00029,0.00047,0.00354,0.0105,-1.26331,0.00055,-0.00023,0.00021,-0.02232,0.00735,-1.15947,11,37.8997,362.8211,39.5555,179.369,1.0108,-122.4112,0.0095,27.2432,0.5788
488,000488.png,False,1788775354.681645,1788775354.476945,normal_load,7,,1.2864595661529536,-0.00585,0.05158,-1.17794,0.00204,-0.00023,0.00032,0.01109,0.02436,-1.28262,0.00015,-0.00018,5e-05,-0.02268,0.02288,-1.17865,10,37.8976,362.8293,39.5645,179.3666,1.0133,-122.411,0.0097,27.2524,0.5696
489,000489.png,False,1788775355.713705,1788775355.509005,normal_load,7,,1.3513496302694081,-0.00586,0.05026,-1.26952,0.00216,-0.00029,0.00042,0.01116,0.02291,-1.37467,0.00026,-0.00024,0.00015,-0.02138,0.02027,-1.27018,10,37.8982,362.8282,39.5409,179.3651,1.0149,-122.4117,0.0035,27.2288,0.5932
490,000490.png,False,1788775356.537868,1788775356.333169,normal_load,7,,1.4194214495972943,-0.00905,0.03992,-1.3213,0.00254,-0.00035,0.00022,0.00803,0.01248,-1.42684,0.00063,-0.0003,-5e-05,-0.01863,0.00889,-1.32177,11,37.8997,362.8213,39.5185,179.3658,1.0141,-122.4117,0.0076,27.2063,0.6157
491,000491.png,False,1788775357.365781,1788775357.161081,normal_load,7,,1.4194214495972943,-0.00251,0.05387,-1.4433,0.0022,-0.00034,0.00012,0.01463,0.02632,-1.54922,0.00029,-0.00029,-0.00015,-0.01908,0.02228,-1.44401,10,37.8976,362.8285,39.4826,179.365,1.0151,-122.4115,0.0088,27.1705,0.6515
492,000492.png,False,1788775357.777801,1788775357.573101,normal_load,7,,1.5750843281861109,-0.0007,0.05885,-1.38267,0.00212,-0.00023,7e-05,0.01647,0.03125,-1.48879,0.00021,-0.00018,-0.0002,-0.02042,0.02846,-1.38348,11,37.8981,362.8295,39.4925,179.3644,1.0157,-122.4119,0.0018,27.1804,0.6416
493,000493.png,False,1788775358.601844,1788775358.397144,normal_load,7,,1.5968967466450636,0.00061,0.06316,-1.5384,0.00198,-0.00031,0.00023,0.01785,0.03546,-1.6449,6e-05,-0.00025,-4e-05,-0.02036,0.03036,-1.53926,10,37.8981,362.8289,39.4535,179.363,1.0171,-122.4122,0.002,27.1415,0.6805
494,000494.png,False,1788775360.253938,1788775360.049238,normal_load,7,,1.775857767079839,-0.00507,0.05236,-1.68405,0.00245,-0.00047,0.00033,0.0123,0.02446,-1.79132,0.00052,-0.00041,5e-05,-0.01887,0.01584,-1.68469,10,37.8982,362.8219,39.4183,179.3618,1.0184,-122.4124,0.0001,27.1061,0.7159
495,000495.png,False,1788775361.286088,1788775361.081388,normal_load,7,,1.8414664803023073,0.00028,0.06123,-1.75786,0.00236,-0.00041,0.00038,0.01772,0.03321,-1.86561,0.00041,-0.00035,0.00011,-0.01816,0.02501,-1.75865,10,37.8984,362.8282,39.4004,179.3602,1.0202,-122.4127,0.0004,27.0884,0.7336
496,000496.png,False,1788775362.318123,1788775362.113423,normal_load,7,,1.983843494655008,-0.00207,0.05148,-1.86676,0.00268,-0.00055,0.00036,0.01545,0.02333,-1.975,0.00072,-0.00049,8e-05,-0.01458,0.01365,-1.86736,11,37.899,362.8219,39.3687,179.3605,1.0202,-122.4127,0.0041,27.0566,0.7654
497,000497.png,False,1788775362.526127,1788775362.321427,normal_load,7,,1.983843494655008,-0.00394,0.04685,-1.95484,0.00285,-0.00065,0.00045,0.01359,0.01867,-2.06318,0.0009,-0.0006,0.00017,-0.01327,0.00729,-1.95535,10,37.9008,362.8195,39.3393,179.3609,1.0194,-122.4131,0.0087,27.0271,0.7949
498,000498.png,False,1788775362.938069,1788775362.733369,normal_load,7,,1.983843494655008,-0.00171,0.05351,-1.95293,0.00269,-0.00059,0.00017,0.01586,0.02528,-2.06146,0.00073,-0.00053,-0.0001,-0.01468,0.0142,-1.95356,11,37.9001,362.8214,39.3412,179.3611,1.0195,-122.4126,0.0013,27.029,0.793
499,000499.png,False,1788775364.794178,1788775364.589478,normal_unload,7,,1.7068684321199497,0.01358,0.08947,-1.74693,0.00155,-0.0001,0.00028,0.03129,0.06102,-1.85632,-0.00042,-5e-05,-0.0,-0.02083,0.05629,-1.74825,10,37.8967,362.8387,39.3848,179.3549,1.0259,-122.4125,0.0032,27.0729,0.7491
500,000500.png,False,1788775367.066400,1788775366.861700,normal_unload,7,,1.3358892161736207,-0.00677,0.03603,-1.43976,0.00285,-0.00052,0.00034,0.0111,0.0073,-1.55021,0.00086,-0.00046,6e-05,-0.01389,0.00476,-1.44015,10,37.9009,362.8173,39.4738,179.3577,1.0232,-122.4127,0.0081,27.1615,0.6605
501,000501.png,False,1788775378.626987,1788775378.422287,shear_+X_out,1,+X,0.1,-0.01367,0.01713,-1.22349,0.00318,-0.00066,0.00041,0.00514,-0.0125,-1.33875,0.00109,-0.00061,0.00011,-0.01192,-0.0116,-1.22357,10,37.8955,362.836,39.5587,179.361,1.0198,-122.417,0.0047,27.2467,0.5753
502,000502.png,False,1788775379.038995,1788775378.834295,shear_+X_out,1,+X,0.1,-0.00598,0.03677,-1.21044,0.00265,-0.00048,0.00036,0.01288,0.00719,-1.32577,0.00057,-0.00043,7e-05,-0.01515,0.00947,-1.21088,11,37.8978,362.874,39.5563,179.358,1.0232,-122.4181,0.021,27.245,0.577
503,000503.png,False,1788775379.246921,1788775379.042221,shear_+X_out,1,+X,0.1,0.08889,0.07509,-1.30725,0.00167,0.00205,0.00037,0.10777,0.04554,-1.42261,-0.00041,0.0021,7e-05,0.04854,0.08851,-1.30853,10,37.9316,362.8741,39.5356,179.3605,1.0205,-122.4188,0.0054,27.224,0.598
504,000504.png,False,1788775380.279099,1788775380.074399,shear_+X_out,1,+X,0.2,0.06322,0.02996,-1.20761,0.00283,0.00136,0.00052,0.08221,0.00055,-1.32316,0.00074,0.0014,0.00022,0.04816,0.03819,-1.20807,10,37.9337,362.8695,39.5612,179.3604,1.0207,-122.4164,0.0095,27.2495,0.5725
505,000505.png,False,1788775380.691112,1788775380.486412,shear_+X_out,1,+X,0.2,0.16408,-0.00618,-1.16154,0.00386,0.00423,0.0004,0.18312,-0.03553,-1.27715,0.00176,0.00427,0.0001,0.15327,0.05803,-1.16158,10,37.9971,362.878,39.5687,179.3607,1.0206,-122.4183,0.0014,27.2567,0.5653
506,000506.png,False,1788775381.723136,1788775381.518436,shear_+X_out,1,+X,0.3,0.19712,0.03466,-1.22811,0.00272,0.00505,0.0006,0.21627,0.00544,-1.3439,0.00062,0.00508,0.00029,0.16195,0.10884,-1.22892,10,38.0097,362.911,39.5534,179.36,1.0213,-122.4151,0.0034,27.2418,0.5802
507,000507.png,False,1788775381.931062,1788775381.726362,shear_+X_out,1,+X,0.3,0.19888,0.04101,-1.2214,0.00252,0.00505,0.00055,0.21805,0.01181,-1.33723,0.00043,0.00508,0.00025,0.16025,0.11533,-1.22232,10,38.0174,362.9323,39.5594,179.3597,1.0216,-122.4157,0.0048,27.2481,0.5739
508,000508.png,False,1788775382.135142,1788775381.930442,shear_+X_out,1,+X,0.3,0.33873,0.05722,-1.144,0.0021,0.00896,0.00042,0.35792,0.02805,-1.25986,-0.0,0.009,0.00011,0.27275,0.20048,-1.1455,11,38.0822,362.9467,39.5693,179.3579,1.0241,-122.4184,0.008,27.2578,0.5642
509,000509.png,False,1788775382.343199,1788775382.138499,shear_+X_out,1,+X,0.3,0.30247,0.01539,-1.1627,0.0032,0.00791,0.00037,0.32168,-0.01376,-1.2786,0.0011,0.00794,6e-05,0.26238,0.14583,-1.1634,10,38.0761,362.9391,39.5658,179.3589,1.0227,-122.4177,0.0048,27.2543,0.5677
510,000510.png,False,1788775382.755108,1788775382.550408,shear_+X_out,1,+X,0.4,0.25668,0.03502,-1.1858,0.00266,0.00662,0.00055,0.27594,0.00593,-1.30176,0.00056,0.00665,0.00025,0.21307,0.13959,-1.18674,11,38.0542,362.9387,39.5653,179.3591,1.0225,-122.4151,0.0052,27.2538,0.5682
511,000511.png,False,1788775383.579150,1788775383.374450,shear_+X_out,1,+X,0.4,0.29457,0.0133,-1.29406,0.00334,0.00766,0.00038,0.31392,-0.01568,-1.41016,0.00124,0.00769,7e-05,0.25749,0.13798,-1.29468,11,38.0815,362.9414,39.5324,179.3625,1.0194,-122.4122,0.0059,27.2209,0.6011
512,000512.png,False,1788775384.199286,1788775383.994586,shear_+X_out,1,+X,0.4,0.40227,0.00511,-1.14028,0.00348,0.01068,0.00056,0.42168,-0.02379,-1.25649,0.00138,0.0107,0.00025,0.3538,0.18716,-1.141,11,38.1519,362.9749,39.5753,179.3604,1.0216,-122.4153,0.0026,27.2638,0.5582
513,000513.png,False,1788775384.819319,1788775384.614619,shear_+X_out,1,+X,0.5,0.39248,0.02076,-1.15274,0.00305,0.01039,0.00065,0.41196,-0.00806,-1.26906,0.00094,0.01041,0.00033,0.33759,0.19562,-1.15371,11,38.1469,362.9786,39.5754,179.3601,1.0216,-122.4151,0.005,27.2639,0.5581
514,000514.png,False,1788775385.231325,1788775385.026625,shear_+X_out,1,+X,0.5,0.44271,0.05149,-1.2345,0.00221,0.01172,0.00059,0.46223,0.02273,-1.35089,0.0001,0.01174,0.00028,0.36631,0.24603,-1.23609,10,38.1678,363.011,39.5499,179.36,1.0218,-122.4127,0.0042,27.2388,0.5832
515,000515.png,False,1788775386.059377,1788775385.854677,shear_+X_back,1,+X,0.0,0.49333,0.02793,-1.23195,0.00302,0.01316,0.00066,0.51294,-0.00072,-1.34848,0.00091,0.01318,0.00035,0.42191,0.25095,-1.23323,11,38.2102,363.0206,39.5533,179.3594,1.0227,-122.4151,0.0141,27.2422,0.5798
516,000516.png,False,1788775386.263376,1788775386.058676,shear_+X_back,1,+X,0.0,0.49175,0.02927,-1.22571,0.00287,0.01311,0.00065,0.51139,0.00064,-1.34228,0.00076,0.01313,0.00033,0.41984,0.25142,-1.22702,10,38.2102,363.0196,39.5533,179.3594,1.0227,-122.4153,0.0046,27.2421,0.5799
517,000517.png,False,1788775386.471414,1788775386.266714,shear_+X_back,1,+X,0.0,0.23738,0.02198,-1.15997,0.00315,0.0063,0.00048,0.25704,-0.00662,-1.27657,0.00103,0.00631,0.00016,0.20268,0.11907,-1.16065,10,38.0767,362.9795,39.5648,179.361,1.0207,-122.4129,0.0087,27.2539,0.5681
518,000518.png,False,1788775386.675425,1788775386.470725,shear_+X_back,1,+X,0.0,0.14774,0.03046,-1.18029,0.00294,0.00377,0.00041,0.16742,0.00189,-1.29693,0.00082,0.00379,9e-05,0.12094,0.08129,-1.18094,11,38.0102,362.9321,39.5587,179.359,1.0223,-122.4177,0.0076,27.2474,0.5746
519,000519.png,False,1788775386.883430,1788775386.678730,shear_-X_out,1,-X,0.1,0.01484,0.02095,-1.19881,0.00315,4e-05,0.00046,0.03454,-0.0076,-1.31549,0.00103,6e-05,0.00014,0.0107,0.00635,-1.19902,10,37.9075,362.8491,39.5557,179.36,1.0206,-122.4188,0.0058,27.2439,0.5781
520,000520.png,False,1788775387.091420,1788775386.886720,shear_-X_out,1,-X,0.1,-0.0546,0.09225,-1.19187,0.00129,-0.00184,0.0003,-0.03488,0.06373,-1.30857,-0.00082,-0.00183,-2e-05,-0.08513,0.03352,-1.19318,10,37.9028,362.8711,39.5549,179.3593,1.0211,-122.4181,0.0005,27.2435,0.5785
521,000521.png,False,1788775387.295461,1788775387.090761,shear_-X_out,1,-X,0.1,-0.04985,0.06631,-1.20497,0.00195,-0.00172,0.00042,-0.0301,0.03782,-1.32171,-0.00016,-0.0017,0.0001,-0.06795,0.01322,-1.20584,11,37.9052,362.8595,39.5532,179.3603,1.0203,-122.4185,0.0029,27.2416,0.5804
522,000522.png,False,1788775387.707439,1788775387.502739,shear_-X_out,1,-X,0.1,-0.13699,0.09214,-1.21912,0.00131,-0.00403,0.00029,-0.1172,0.0637,-1.33593,-0.00081,-0.00402,-3e-05,-0.15625,-0.00818,-1.22026,10,37.8436,362.8471,39.5468,179.3609,1.0194,-122.4163,0.0087,27.2354,0.5866
523,000523.png,False,1788775388.123387,1788775387.918687,shear_-X_out,1,-X,0.1,-0.01506,0.0165,-1.20738,0.00333,-0.00078,0.00028,0.00478,-0.01189,-1.32426,0.00121,-0.00077,-4e-05,-0.01291,-0.01258,-1.20745,10,37.909,362.8496,39.5494,179.3601,1.0204,-122.4229,0.0019,27.2375,0.5845
524,000524.png,False,1788775388.327482,1788775388.122782,shear_-X_out,1,-X,0.1,-0.26903,0.08717,-1.08605,0.00139,-0.00764,0.00017,-0.24917,0.05882,-1.20297,-0.00073,-0.00763,-0.00015,-0.26906,-0.07633,-1.08686,10,37.7677,362.8285,39.5814,179.357,1.0241,-122.4073,0.001,27.2702,0.5518
525,000525.png,False,1788775388.739523,1788775388.534823,shear_-X_out,1,-X,0.1,0.10204,0.05503,-1.35448,0.00231,0.00222,0.0003,0.12194,0.02673,-1.47146,0.00019,0.00222,-2e-05,0.07028,0.07695,-1.35543,10,37.932,362.8665,39.5168,179.36,1.0207,-122.4301,0.0096,27.2051,0.6169
526,000526.png,False,1788775388.947556,1788775388.742856,shear_-X_out,1,-X,0.1,0.00173,0.03373,-1.32439,0.00298,-0.00036,0.00044,0.02165,0.00546,-1.44142,0.00086,-0.00035,0.00012,-0.00618,0.00886,-1.32478,10,37.8967,362.8517,39.5273,179.3604,1.0204,-122.4235,0.0025,27.2156,0.6064
527,000527.png,False,1788775390.599677,1788775390.394977,shear_-X_out,1,-X,0.1,0.0002,0.0249,-1.33453,0.00327,-0.00052,0.00054,0.0203,-0.00316,-1.45183,0.00115,-0.00053,0.00021,-0.00302,0.00029,-1.33476,10,37.8817,362.8375,39.524,179.3618,1.0187,-122.4248,0.0007,27.2122,0.6098
528,000528.png,False,1788775391.423645,1788775391.218945,shear_-X_out,1,-X,0.1,0.0103,0.01999,-1.33324,0.00335,-0.00024,0.00049,0.0305,-0.00796,-1.45068,0.00122,-0.00025,0.00016,0.00818,0.00111,-1.3334,10,37.8827,362.8381,39.5251,179.3616,1.0189,-122.425,0.0072,27.2132,0.6088
529,000529.png,False,1788775391.631678,1788775391.426978,shear_-X_out,1,-X,0.1,-0.22405,0.05373,-1.06556,0.00237,-0.00653,0.00026,-0.20384,0.0258,-1.18304,0.00024,-0.00653,-7e-05,-0.21354,-0.08249,-1.06588,10,37.723,362.8029,39.6098,179.3566,1.0241,-122.4029,0.0003,27.2985,0.5235
530,000530.png,False,1788775391.835679,1788775391.630979,shear_-X_out,1,-X,0.1,-0.21158,0.11078,-1.0531,0.00082,-0.00617,0.00032,-0.19134,0.08288,-1.17062,-0.00131,-0.00618,-1e-05,-0.23132,-0.02664,-1.05444,11,37.7622,362.813,39.592,179.3572,1.0234,-122.4108,0.002,27.2806,0.5414
531,000531.png,False,1788775393.487669,1788775393.282969,shear_-X_out,1,-X,0.2,-0.17258,0.12065,-1.05914,0.0006,-0.00502,0.00033,-0.15216,0.09297,-1.17694,-0.00154,-0.00504,-1e-05,-0.20243,0.00129,-1.06073,10,37.7789,362.8299,39.5893,179.3562,1.0246,-122.4132,0.0001,27.278,0.544
532,000532.png,False,1788775394.727880,1788775394.523180,shear_-X_out,1,-X,0.3,-0.17566,0.05339,-1.25615,0.00248,-0.00515,0.00054,-0.15512,0.02587,-1.37416,0.00033,-0.00517,0.00021,-0.17013,-0.06166,-1.25654,10,37.7844,362.793,39.5435,179.361,1.019,-122.4246,0.0056,27.2316,0.5904
533,000533.png,False,1788775395.967800,1788775395.763100,shear_-X_out,1,-X,0.4,-0.31573,0.06758,-1.19731,0.0021,-0.00912,0.00041,-0.29505,0.04023,-1.31553,-4e-05,-0.00915,7e-05,-0.29896,-0.11841,-1.19767,10,37.6948,362.743,39.557,179.3593,1.0211,-122.4212,0.0016,27.2449,0.5771
534,000534.png,False,1788775396.171932,1788775395.967232,shear_-X_out,1,-X,0.4,-0.48458,0.03581,-1.23562,0.00294,-0.01367,0.00025,-0.46387,0.00848,-1.35387,0.00079,-0.0137,-9e-05,-0.42907,-0.23091,-1.23508,10,37.6165,362.7061,39.5498,179.3622,1.0178,-122.4155,0.0012,27.2377,0.5843
535,000535.png,False,1788775396.379942,1788775396.175242,shear_-X_out,1,-X,0.4,-0.42241,0.07737,-1.20563,0.00177,-0.012,0.00023,-0.40168,0.05007,-1.32392,-0.00038,-0.01203,-0.00011,-0.39619,-0.16337,-1.20595,10,37.6348,362.7154,39.5554,179.3608,1.0195,-122.4183,0.0079,27.2433,0.5787
536,000536.png,False,1788775398.031968,1788775397.827268,shear_-X_out,1,-X,0.5,-0.418,0.07695,-1.16584,0.00182,-0.01184,0.00048,-0.3971,0.04987,-1.28442,-0.00033,-0.01187,0.00013,-0.39245,-0.16089,-1.16617,10,37.618,362.6986,39.5664,179.3556,1.0249,-122.4258,0.0044,27.2541,0.5679
537,000537.png,False,1788775398.236040,1788775398.031340,shear_-X_out,1,-X,0.5,-0.52976,0.0744,-1.25234,0.00198,-0.01491,0.0005,-0.50884,0.04734,-1.37095,-0.00018,-0.01494,0.00015,-0.48738,-0.22033,-1.25238,11,37.5637,362.6915,39.5523,179.3566,1.0237,-122.4212,0.0069,27.2403,0.5817
538,000538.png,False,1788775398.856036,1788775398.651336,shear_-X_back,1,-X,0.0,-0.50524,0.08527,-1.26786,0.00157,-0.01433,0.00055,-0.48425,0.0583,-1.38657,-0.00058,-0.01437,0.00021,-0.47146,-0.19891,-1.26813,11,37.565,362.6862,39.5476,179.3571,1.023,-122.4225,0.001,27.2355,0.5865
539,000539.png,False,1788775399.063955,1788775398.859255,shear_-X_back,1,-X,0.0,-0.50332,0.0799,-1.26701,0.0018,-0.01419,0.00049,-0.48231,0.05296,-1.38576,-0.00036,-0.01423,0.00014,-0.46712,-0.20259,-1.2672,10,37.5654,362.6847,39.5452,179.3579,1.0225,-122.4225,0.0049,27.2331,0.5889
540,000540.png,False,1788775399.268072,1788775399.063372,shear_-X_back,1,-X,0.0,-0.23118,0.07728,-1.43692,0.00193,-0.00694,0.00067,-0.21014,0.05036,-1.5557,-0.00023,-0.00698,0.00032,-0.2289,-0.0716,-1.43758,10,37.7086,362.7259,39.5076,179.3616,1.0188,-122.4274,0.0076,27.1952,0.6268
541,000541.png,False,1788775399.476067,1788775399.271367,shear_-X_back,1,-X,0.0,-0.13054,0.08372,-1.29062,0.00165,-0.00412,0.00059,-0.10947,0.05683,-1.40944,-0.00052,-0.00416,0.00024,-0.14595,-0.01339,-1.29161,11,37.778,362.7806,39.5484,179.361,1.0199,-122.4161,0.006,27.2363,0.5857
542,000542.png,False,1788775399.680090,1788775399.475390,shear_-X_back,1,-X,0.0,0.00606,0.08692,-1.19901,0.00153,-0.00032,0.0006,0.02714,0.06005,-1.31786,-0.00063,-0.00037,0.00025,-0.02987,0.0591,-1.20034,10,37.8943,362.8886,39.5668,179.3565,1.0253,-122.4191,0.01,27.2557,0.5663
543,000543.png,False,1788775399.888084,1788775399.683384,shear_-Y_out,1,-Y,0.1,0.08735,0.00268,-1.20922,0.00375,0.00194,0.00083,0.10845,-0.02416,-1.32811,0.00159,0.0019,0.00048,0.08271,0.0266,-1.20925,10,37.8997,362.84,39.5598,179.3613,1.0201,-122.4185,0.0036,27.2479,0.5741
544,000544.png,False,1788775400.096100,1788775399.891400,shear_-Y_out,1,-Y,0.1,0.08273,0.03628,-1.19165,0.00288,0.00183,0.00073,0.10386,0.00946,-1.31057,0.00071,0.00179,0.00038,0.0618,0.05367,-1.19226,11,37.8965,362.857,39.5625,179.3603,1.0212,-122.4179,0.0033,27.2509,0.5711
545,000545.png,False,1788775400.300108,1788775400.095408,shear_-Y_out,1,-Y,0.1,0.0382,-0.03402,-1.06992,0.00466,0.00071,0.0007,0.05935,-0.06081,-1.18888,0.0025,0.00066,0.00035,0.05751,-0.02751,-1.06924,10,37.9054,362.8209,39.5977,179.3575,1.0239,-122.4166,0.0062,27.2854,0.5366
546,000546.png,False,1788775400.508132,1788775400.303432,shear_-Y_out,1,-Y,0.1,0.04099,-0.00019,-1.09079,0.00377,0.00073,0.00059,0.06216,-0.02695,-1.20979,0.00161,0.00068,0.00024,0.04316,0.00284,-1.0907,10,37.9058,362.8184,39.5811,179.359,1.0223,-122.4164,0.0074,27.2688,0.5532
547,000547.png,False,1788775400.712154,1788775400.507454,shear_-Y_out,1,-Y,0.1,0.06982,-0.17548,-1.21461,0.00856,0.00147,0.00065,0.09101,-0.20221,-1.33364,0.00639,0.00142,0.0003,0.15657,-0.13655,-1.21152,10,37.9994,362.7429,39.5413,179.3603,1.0205,-122.4242,0.0044,27.2271,0.5949
548,000548.png,False,1788775400.920130,1788775400.715430,shear_-Y_out,1,-Y,0.1,0.09212,-0.16412,-1.24721,0.0083,0.0021,0.00067,0.11334,-0.19082,-1.36628,0.00613,0.00205,0.00032,0.17044,-0.11609,-1.24436,10,37.9858,362.7441,39.5411,179.3606,1.0202,-122.4222,0.0025,27.227,0.595
549,000549.png,False,1788775401.332079,1788775401.127379,shear_-Y_out,1,-Y,0.1,-0.04197,-0.00874,-1.34032,0.00424,-0.00162,0.00078,-0.02071,-0.03539,-1.45945,0.00207,-0.00167,0.00043,-0.0227,-0.05001,-1.33988,10,37.9004,362.7849,39.5242,179.3624,1.0184,-122.4122,0.0063,27.2114,0.6106
550,000550.png,False,1788775402.160119,1788775401.955419,shear_-Y_out,1,-Y,0.1,-0.00742,-0.04366,-1.31462,0.00526,-0.0006,0.00065,0.01393,-0.07021,-1.4339,0.00309,-0.00065,0.00029,0.0245,-0.06258,-1.31365,10,37.9252,362.7698,39.5331,179.3638,1.0166,-122.4159,0.0084,27.2199,0.6021
551,000551.png,False,1788775405.668384,1788775405.463684,shear_-Y_out,1,-Y,0.3,-0.00029,-0.28514,-1.18203,0.01174,-0.0003,0.00078,0.02144,-0.31122,-1.3019,0.00956,-0.00037,0.00042,0.15041,-0.26603,-1.1769,10,38.0099,362.6368,39.565,179.359,1.022,-122.4173,0.0048,27.2491,0.5729
552,000552.png,False,1788775406.700438,1788775406.495739,shear_-Y_out,1,-Y,0.4,-0.00103,-0.28777,-1.19169,0.01189,-0.00033,0.00086,0.02081,-0.31371,-1.31174,0.0097,-0.0004,0.00049,0.15114,-0.26883,-1.18651,10,38.0133,362.6294,39.5626,179.3602,1.021,-122.4177,0.0096,27.2466,0.5754
553,000553.png,False,1788775406.904467,1788775406.699767,shear_-Y_out,1,-Y,0.4,0.03981,-0.45095,-1.20625,0.0162,0.00079,0.00093,0.06167,-0.47687,-1.32633,0.01401,0.00072,0.00056,0.26815,-0.38998,-1.19832,10,38.0819,362.5732,39.5617,179.3623,1.0185,-122.4252,0.0068,27.2442,0.5778
554,000554.png,False,1788775407.320470,1788775407.115770,shear_-Y_out,1,-Y,0.4,0.04546,-0.37787,-1.18325,0.01431,0.00092,0.00082,0.06737,-0.40374,-1.30341,0.01212,0.00084,0.00045,0.23637,-0.3235,-1.17661,10,38.0698,362.5843,39.5635,179.3615,1.0195,-122.4222,0.0065,27.2463,0.5757
555,000555.png,False,1788775407.732496,1788775407.527796,shear_-Y_out,1,-Y,0.5,0.00317,-0.33044,-1.16757,0.01298,-0.00018,0.00062,0.02512,-0.35626,-1.2878,0.01079,-0.00026,0.00025,0.17594,-0.30331,-1.16166,10,38.038,362.5949,39.5599,179.3602,1.0212,-122.4166,0.0044,27.243,0.579
556,000556.png,False,1788775408.352444,1788775408.147744,shear_-Y_out,1,-Y,0.5,-0.00508,-0.35253,-1.14977,0.01358,-0.00045,0.00083,0.01694,-0.37826,-1.27011,0.01139,-0.00053,0.00046,0.1797,-0.32627,-1.14348,10,38.0432,362.5756,39.5708,179.357,1.0245,-122.4125,0.0047,27.2536,0.5684
557,000557.png,False,1788775408.968504,1788775408.763804,shear_-Y_out,1,-Y,0.5,0.01836,-0.52553,-1.21163,0.01833,0.00017,0.00095,0.04045,-0.55118,-1.33207,0.01613,9e-05,0.00057,0.28687,-0.46538,-1.20237,10,38.1105,362.4888,39.5594,179.3597,1.0217,-122.4183,0.0075,27.2404,0.5816
558,000558.png,False,1788775409.176607,1788775408.971907,shear_-Y_back,1,-Y,0.0,0.01557,-0.51908,-1.23383,0.01819,0.00015,0.00105,0.03768,-0.5447,-1.3543,0.01599,7e-05,0.00068,0.28139,-0.46154,-1.22467,11,38.1102,362.4878,39.5556,179.3589,1.0222,-122.4175,0.0056,27.2366,0.5854
559,000559.png,False,1788775409.384584,1788775409.179884,shear_-Y_back,1,-Y,0.0,0.01382,-0.52377,-1.229,0.01824,3e-05,0.00098,0.03595,-0.54937,-1.34951,0.01604,-6e-05,0.00061,0.28218,-0.46641,-1.21976,10,38.111,362.4856,39.5553,179.3594,1.022,-122.4177,0.0013,27.2362,0.5858
560,000560.png,False,1788775409.588576,1788775409.383876,shear_-Y_back,1,-Y,0.0,-0.0768,-0.21607,-1.38352,0.01019,-0.00249,0.00078,-0.05465,-0.24164,-1.50406,0.00799,-0.00257,0.0004,0.05102,-0.24767,-1.3794,10,37.9883,362.588,39.5224,179.3605,1.0206,-122.4066,0.004,27.2058,0.6162
561,000561.png,False,1788775409.796626,1788775409.591926,shear_-Y_back,1,-Y,0.0,-0.01328,-0.11729,-1.25465,0.00732,-0.00073,0.00084,0.0089,-0.14283,-1.37523,0.00512,-0.00082,0.00047,0.0558,-0.12832,-1.2524,11,37.9774,362.6842,39.5608,179.3628,1.0178,-122.4181,0.0099,27.2459,0.5761
562,000562.png,False,1788775410.208621,1788775410.003921,shear_+Y_out,1,+Y,0.1,0.01956,0.08534,-1.14345,0.00181,0.00019,0.00061,0.04178,0.05985,-1.26411,-0.00039,0.0001,0.00023,-0.01776,0.06537,-1.1448,10,37.9238,362.8105,39.5686,179.3613,1.0192,-122.4203,0.0007,27.256,0.566
563,000563.png,False,1788775410.416632,1788775410.211932,shear_+Y_out,1,+Y,0.1,0.02504,0.08946,-1.14366,0.00164,0.00036,0.00067,0.04728,0.064,-1.26435,-0.00056,0.00027,0.00029,-0.01508,0.07167,-1.14509,11,37.9215,362.8241,39.573,179.3601,1.0204,-122.4209,0.0068,27.2606,0.5614
564,000564.png,False,1788775411.240686,1788775411.035986,shear_+Y_out,1,+Y,0.2,0.03191,0.12269,-1.1522,0.00078,0.00054,0.00052,0.05424,0.09734,-1.27303,-0.00143,0.00044,0.00015,-0.02567,0.10374,-1.15422,10,37.9101,362.8467,39.5648,179.3598,1.021,-122.4209,0.0029,27.2529,0.5691
565,000565.png,False,1788775411.652724,1788775411.448024,shear_+Y_out,1,+Y,0.2,-0.02016,0.20916,-1.28069,-0.00146,-0.0009,0.00053,0.00222,0.18386,-1.40159,-0.00367,-0.001,0.00015,-0.11308,0.15056,-1.28408,10,37.8548,362.8917,39.5405,179.3606,1.0203,-122.4188,0.0067,27.2298,0.5922
566,000566.png,False,1788775411.860723,1788775411.656024,shear_+Y_out,1,+Y,0.2,-0.01719,0.20039,-1.23342,-0.00128,-0.00072,0.00058,0.00521,0.17512,-1.35435,-0.00349,-0.00082,0.0002,-0.10646,0.1452,-1.23667,10,37.8561,362.8915,39.5513,179.3596,1.0215,-122.4181,0.0062,27.2405,0.5815
567,000567.png,False,1788775412.272735,1788775412.068035,shear_+Y_out,1,+Y,0.3,-0.00365,0.18901,-1.19221,-0.00103,-0.00045,0.00069,0.01879,0.16379,-1.31322,-0.00324,-0.00054,0.00031,-0.08933,0.14277,-1.1953,10,37.8654,362.892,39.5603,179.3587,1.0224,-122.4194,0.0038,27.2494,0.5726
568,000568.png,False,1788775412.892776,1788775412.688076,shear_+Y_out,1,+Y,0.3,0.04142,0.20828,-1.18224,-0.00157,0.00077,0.00079,0.06392,0.18314,-1.30335,-0.00379,0.00067,0.0004,-0.05999,0.18214,-1.18575,10,37.8757,362.9245,39.5678,179.3596,1.0218,-122.4223,0.0081,27.2574,0.5646
569,000569.png,False,1788775414.132833,1788775413.928133,shear_+Y_out,1,+Y,0.3,0.01928,0.27899,-1.20444,-0.00354,0.00013,0.00047,0.04192,0.25401,-1.32576,-0.00575,3e-05,8e-05,-0.11433,0.23196,-1.20913,10,37.8427,362.961,39.5542,179.3589,1.0225,-122.4199,0.0018,27.2446,0.5774
570,000570.png,False,1788775414.748926,1788775414.544226,shear_+Y_out,1,+Y,0.4,0.01144,0.28622,-1.21086,-0.00357,-1e-05,0.00047,0.03414,0.26133,-1.33229,-0.00579,-0.00012,8e-05,-0.1247,0.23421,-1.21566,10,37.8366,362.9631,39.5519,179.3589,1.0225,-122.4194,0.0024,27.2424,0.5796
571,000571.png,False,1788775414.956831,1788775414.752131,shear_+Y_out,1,+Y,0.4,-0.05746,0.44734,-1.17519,-0.00799,-0.00183,0.00041,-0.03473,0.42248,-1.29665,-0.01021,-0.00194,2e-05,-0.26513,0.33989,-1.18265,11,37.7458,363.018,39.5608,179.3572,1.0246,-122.4103,0.0113,27.2528,0.5692
572,000572.png,False,1788775415.164793,1788775414.960093,shear_+Y_out,1,+Y,0.4,-0.04502,0.38261,-1.1895,-0.00638,-0.00165,0.00045,-0.02227,0.35778,-1.311,-0.0086,-0.00176,6e-05,-0.22191,0.28982,-1.19587,10,37.7786,363.0135,39.5628,179.3576,1.0241,-122.4151,0.0044,27.2545,0.5675
573,000573.png,False,1788775415.368916,1788775415.164216,shear_+Y_out,1,+Y,0.4,0.0068,0.34002,-1.17649,-0.00518,-0.00013,0.00042,0.02957,0.31521,-1.29803,-0.0074,-0.00024,3e-05,-0.15584,0.27903,-1.18222,10,37.8034,363.0079,39.5634,179.3585,1.0231,-122.4188,0.0012,27.2548,0.5672
574,000574.png,False,1788775415.988969,1788775415.784269,shear_+Y_out,1,+Y,0.5,0.02834,0.31459,-1.14775,-0.00441,0.00049,0.0003,0.05118,0.28986,-1.26939,-0.00664,0.00037,-9e-05,-0.12467,0.26823,-1.15309,10,37.812,363.0332,39.5611,179.3586,1.0227,-122.4212,0.0072,27.2529,0.5691
575,000575.png,False,1788775416.400864,1788775416.196164,shear_+Y_out,1,+Y,0.5,0.03881,0.36069,-1.25813,-0.0057,0.00062,0.00045,0.06169,0.33602,-1.37984,-0.00793,0.0005,5e-05,-0.13787,0.31162,-1.26427,10,37.8088,363.0344,39.5438,179.3614,1.0196,-122.4227,0.0035,27.2356,0.5864
576,000576.png,False,1788775417.229028,1788775417.024328,shear_+Y_back,1,+Y,0.0,0.01712,0.49448,-1.17312,-0.00938,8e-05,0.0004,0.04009,0.46992,-1.29497,-0.01161,-4e-05,0.0,-0.22409,0.41802,-1.18155,10,37.7536,363.1104,39.5649,179.3588,1.0226,-122.4212,0.0018,27.2583,0.5637
577,000577.png,False,1788775417.433006,1788775417.228306,shear_+Y_back,1,+Y,0.0,0.01765,0.49789,-1.16314,-0.00944,0.00016,0.00032,0.04065,0.47335,-1.28502,-0.01167,4e-05,-8e-05,-0.2254,0.42139,-1.17163,10,37.7537,363.1105,39.5667,179.3588,1.0226,-122.4212,0.0007,27.2601,0.5619
578,000578.png,False,1788775417.641027,1788775417.436327,shear_+Y_back,1,+Y,0.0,0.08809,0.23552,-1.00682,-0.00249,0.00214,0.00042,0.11111,0.21101,-1.12874,-0.00472,0.00202,3e-05,-0.03439,0.23186,-1.01093,10,37.8495,363.0363,39.6028,179.3585,1.0231,-122.4279,0.0072,27.2943,0.5277
579,000579.png,False,1788775417.845066,1788775417.640366,shear_+Y_back,1,+Y,0.0,0.03307,0.15142,-1.07711,-0.00014,0.00069,0.00039,0.05611,0.12694,-1.19906,-0.00237,0.00057,-0.0,-0.03954,0.13041,-1.07964,10,37.8653,362.9467,39.5672,179.3611,1.0205,-122.4227,0.01,27.2572,0.5648
580,000580.png,False,1788775418.053016,1788775417.848316,shear_+Y_back,1,+Y,0.0,0.00624,0.03915,-1.14569,0.00288,-0.00014,0.00058,0.0293,0.01469,-1.26768,0.00065,-0.00026,0.00019,-0.00621,0.01867,-1.14621,10,37.9062,362.8391,39.5612,179.3602,1.0217,-122.4188,0.0079,27.2492,0.5728
581,000581.png,False,1788775418.261082,1788775418.056382,shear_+X_out,2,+X,0.1,0.01138,0.01836,-1.1798,0.00354,5e-05,0.00059,0.03447,-0.00607,-1.30183,0.00131,-7e-05,0.0002,0.00887,0.00269,-1.17996,10,37.9045,362.8461,39.5591,179.3605,1.0213,-122.419,0.001,27.2472,0.5748
582,000582.png,False,1788775418.465086,1788775418.260386,shear_+X_out,2,+X,0.1,0.00501,0.00477,-1.17802,0.00389,-0.00017,0.00058,0.02812,-0.01964,-1.30008,0.00166,-0.00029,0.00018,0.01013,-0.01224,-1.17794,10,37.9063,362.8336,39.5577,179.3614,1.0201,-122.419,0.0021,27.2456,0.5764
583,000583.png,False,1788775418.672984,1788775418.468284,shear_+X_out,2,+X,0.1,-0.00386,-0.01997,-1.18734,0.00451,-0.00038,0.00055,0.01927,-0.04434,-1.30943,0.00227,-0.00051,0.00016,0.01486,-0.03824,-1.1868,10,37.9091,362.8184,39.5564,179.3622,1.0188,-122.4187,0.0084,27.2441,0.5779
584,000584.png,False,1788775418.877004,1788775418.672304,shear_+X_out,2,+X,0.1,0.1187,-0.01473,-1.24671,0.00438,0.00291,0.00059,0.14185,-0.03908,-1.36884,0.00215,0.00279,0.0002,0.11882,0.02658,-1.2465,11,37.9737,362.843,39.5445,179.3632,1.0179,-122.4235,0.0093,27.2321,0.5899
585,000585.png,False,1788775419.293092,1788775419.088392,shear_+X_out,2,+X,0.1,0.09299,-0.01063,-1.17715,0.00429,0.00228,0.00046,0.11618,-0.03492,-1.29935,0.00206,0.00215,6e-05,0.09402,0.0184,-1.17697,10,37.9588,362.8516,39.5551,179.3616,1.0194,-122.4211,0.0039,27.243,0.579
586,000586.png,False,1788775419.497036,1788775419.292336,shear_+X_out,2,+X,0.2,0.08318,0.00133,-1.17512,0.00401,0.00203,0.00048,0.1064,-0.02294,-1.29736,0.00177,0.0019,8e-05,0.07953,0.02389,-1.17513,11,37.9544,362.8549,39.5579,179.3616,1.02,-122.4203,0.0063,27.2458,0.5762
587,000587.png,False,1788775420.325150,1788775420.120450,shear_+X_out,2,+X,0.2,0.12659,0.04416,-1.15019,0.0027,0.00323,0.00054,0.1499,0.02,-1.27257,0.00046,0.0031,0.00014,0.09556,0.08308,-1.15104,10,37.9683,362.8886,39.5651,179.3607,1.0206,-122.4148,0.0068,27.2534,0.5686
588,000588.png,False,1788775421.561217,1788775421.356517,shear_+X_out,2,+X,0.3,0.18818,0.0249,-1.18281,0.00326,0.00494,0.0005,0.21162,0.00091,-1.3054,0.00101,0.0048,0.0001,0.15876,0.09665,-1.18344,10,38.0131,362.9009,39.5534,179.3605,1.0213,-122.419,0.0072,27.2416,0.5804
589,000589.png,False,1788775421.769267,1788775421.564567,shear_+X_out,2,+X,0.3,0.30808,0.08583,-1.12197,0.0015,0.00816,0.00043,0.33155,0.06186,-1.24459,-0.00074,0.00802,3e-05,0.23176,0.2103,-1.1239,10,38.0606,362.9376,39.5643,179.3587,1.0231,-122.4199,0.0005,27.2528,0.5692
590,000590.png,False,1788775422.389311,1788775422.184611,shear_+X_out,2,+X,0.4,0.25611,0.01781,-1.16932,0.00346,0.00685,0.00058,0.27964,-0.00608,-1.29205,0.00122,0.00671,0.00017,0.22105,0.12466,-1.16996,10,38.0594,362.9204,39.5588,179.3606,1.021,-122.4196,0.0049,27.247,0.575
591,000591.png,False,1788775423.213309,1788775423.008609,shear_+X_out,2,+X,0.4,0.2938,0.00657,-1.22839,0.00389,0.00788,0.00049,0.31742,-0.01721,-1.35126,0.00164,0.00774,9e-05,0.25973,0.13281,-1.2289,10,38.0861,362.9295,39.5427,179.3637,1.0179,-122.4176,0.0088,27.231,0.591
592,000592.png,False,1788775423.625347,1788775423.420647,shear_+X_out,2,+X,0.4,0.40655,-0.00214,-1.19756,0.00397,0.01089,0.00064,0.43022,-0.02587,-1.3205,0.00172,0.01074,0.00023,0.36153,0.1821,-1.19816,10,38.151,362.9622,39.5548,179.3613,1.0201,-122.4196,0.0003,27.2431,0.5789
593,000593.png,False,1788775424.453370,1788775424.248670,shear_+X_out,2,+X,0.5,0.39063,0.02499,-1.19353,0.00335,0.01051,0.00064,0.41438,0.00138,-1.31661,0.00109,0.01036,0.00023,0.33416,0.19771,-1.19456,10,38.1461,362.9721,39.5579,179.3609,1.0209,-122.4196,0.0024,27.2464,0.5756
594,000594.png,False,1788775424.865426,1788775424.660726,shear_+X_out,2,+X,0.5,0.44408,0.04514,-1.16435,0.00266,0.01192,0.00077,0.46788,0.02158,-1.28751,0.00041,0.01177,0.00035,0.37019,0.24234,-1.16585,10,38.1733,363.003,39.5659,179.3605,1.0211,-122.4183,0.0074,27.2547,0.5673
595,000595.png,False,1788775425.689475,1788775425.484775,shear_+X_back,2,+X,0.0,0.4834,0.01784,-1.22287,0.00339,0.01304,0.00074,0.50729,-0.00561,-1.34616,0.00113,0.01288,0.00033,0.41829,0.2374,-1.22396,10,38.2089,363.0049,39.5496,179.3614,1.0201,-122.4192,0.0082,27.2382,0.5838
596,000596.png,False,1788775425.897452,1788775425.692752,shear_+X_back,2,+X,0.0,0.48208,0.02267,-1.23632,0.00325,0.01295,0.00082,0.50599,-0.00076,-1.35966,0.00099,0.0128,0.0004,0.41483,0.24071,-1.23749,11,38.2086,363.0067,39.5512,179.3612,1.0203,-122.4192,0.0064,27.2398,0.5822
597,000597.png,False,1788775426.105473,1788775425.900773,shear_+X_back,2,+X,0.0,0.23528,0.01796,-1.08817,0.00339,0.00639,0.00066,0.25921,-0.00544,-1.21154,0.00113,0.00623,0.00024,0.20238,0.11569,-1.08879,10,38.0856,362.9723,39.5831,179.3583,1.0232,-122.4164,0.0005,27.272,0.55
598,000598.png,False,1788775426.517477,1788775426.312777,shear_-X_out,2,-X,0.1,0.01462,0.02999,-1.19858,0.00322,0.00031,0.00057,0.0386,0.00665,-1.32202,0.00096,0.00015,0.00015,0.00599,0.01408,-1.19895,11,37.9092,362.8603,39.5569,179.3605,1.0204,-122.4192,0.0099,27.2453,0.5767
599,000599.png,False,1788775426.721498,1788775426.516798,shear_-X_out,2,-X,0.1,-0.05211,0.09537,-1.20106,0.00139,-0.00157,0.00067,-0.02811,0.07205,-1.32453,-0.00088,-0.00173,0.00026,-0.08446,0.03732,-1.20243,10,37.9078,362.8668,39.557,179.3596,1.0214,-122.4192,0.0074,27.2455,0.5765
600,000600.png,False,1788775426.929526,1788775426.724826,shear_-X_out,2,-X,0.1,-0.04609,0.07253,-1.21181,0.00204,-0.0014,0.00072,-0.02206,0.04923,-1.33531,-0.00023,-0.00156,0.0003,-0.06775,0.02037,-1.21279,10,37.9099,362.8558,39.5553,179.3605,1.0207,-122.4194,0.0006,27.2436,0.5784
601,000601.png,False,1788775427.137531,1788775426.932831,shear_-X_out,2,-X,0.1,-0.12908,0.10889,-1.22502,0.00106,-0.00371,0.0006,-0.10504,0.08563,-1.34856,-0.0012,-0.00387,0.00018,-0.15772,0.01019,-1.22646,11,37.8518,362.8515,39.5488,179.3608,1.0202,-122.4181,0.0061,27.2374,0.5846
602,000602.png,False,1788775427.549523,1788775427.344823,shear_-X_out,2,-X,0.1,-0.11745,0.08097,-1.21072,0.00173,-0.00349,0.0004,-0.09336,0.05776,-1.33433,-0.00054,-0.00365,-1e-05,-0.1338,-0.00795,-1.2117,10,37.8572,362.8415,39.5453,179.3611,1.0198,-122.4185,0.0044,27.2337,0.5883
603,000603.png,False,1788775430.645606,1788775430.440906,shear_-X_out,2,-X,0.3,-0.16709,0.07499,-1.20913,0.002,-0.00477,0.00058,-0.14267,0.05219,-1.33327,-0.00028,-0.00495,0.00015,-0.17382,-0.03791,-1.20991,10,37.7989,362.8047,39.5563,179.3593,1.0218,-122.4196,0.0028,27.2445,0.5775
604,000604.png,False,1788775430.849617,1788775430.644917,shear_-X_out,2,-X,0.3,-0.342,0.15175,-1.03584,-0.00024,-0.00945,0.00053,-0.31756,0.12897,-1.16001,-0.00252,-0.00963,0.0001,-0.36488,-0.05605,-1.03763,10,37.6946,362.8067,39.5935,179.3559,1.0258,-122.411,0.0055,27.2825,0.5395
605,000605.png,False,1788775431.057637,1788775430.852937,shear_-X_out,2,-X,0.3,-0.26118,0.12706,-1.1023,0.00038,-0.00728,0.00052,-0.23671,0.10431,-1.22651,-0.0019,-0.00746,9e-05,-0.28208,-0.03811,-1.10382,11,37.7381,362.7978,39.5763,179.3578,1.0234,-122.4177,0.0081,27.2649,0.5571
606,000606.png,False,1788775432.297689,1788775432.092989,shear_-X_out,2,-X,0.4,-0.25161,0.05424,-1.21662,0.00245,-0.0072,0.0005,-0.22701,0.03166,-1.34104,0.00016,-0.00739,7e-05,-0.23661,-0.09823,-1.21687,11,37.7458,362.7625,39.5496,179.3593,1.0219,-122.4242,0.004,27.2375,0.5845
607,000607.png,False,1788775432.501701,1788775432.297001,shear_-X_out,2,-X,0.4,-0.4426,0.04967,-1.19294,0.00258,-0.01244,0.00033,-0.41798,0.02711,-1.3174,0.0003,-0.01262,-0.0001,-0.39993,-0.19724,-1.19273,10,37.642,362.7307,39.5545,179.3604,1.0206,-122.4225,0.0071,27.2426,0.5794
608,000608.png,False,1788775433.533759,1788775433.329059,shear_-X_out,2,-X,0.5,-0.40711,0.07229,-1.2201,0.00202,-0.01146,0.00048,-0.38237,0.04987,-1.34473,-0.00027,-0.01165,5e-05,-0.3803,-0.16035,-1.22035,10,37.6452,362.7186,39.5505,179.3601,1.0212,-122.4216,0.0089,27.2384,0.5836
609,000609.png,False,1788775433.741887,1788775433.537187,shear_-X_out,2,-X,0.5,-0.49579,0.02161,-1.17014,0.00335,-0.01382,0.00046,-0.47103,-0.00078,-1.29481,0.00106,-0.01401,3e-05,-0.43215,-0.24775,-1.16935,10,37.6025,362.6852,39.5689,179.3584,1.023,-122.4177,0.0059,27.2566,0.5654
610,000610.png,False,1788775434.361798,1788775434.157098,shear_-X_back,2,-X,0.0,-0.45934,0.0854,-1.16094,0.00163,-0.01294,0.00028,-0.43451,0.06308,-1.28571,-0.00066,-0.01313,-0.00016,-0.4325,-0.17415,-1.16133,10,37.6014,362.6989,39.561,179.3589,1.0226,-122.4218,0.0098,27.2488,0.5732
611,000611.png,False,1788775434.565809,1788775434.361109,shear_-X_back,2,-X,0.0,-0.45943,0.08379,-1.19736,0.0017,-0.01292,0.00048,-0.43458,0.0615,-1.32217,-0.00059,-0.01311,5e-05,-0.43152,-0.17618,-1.19771,10,37.602,362.698,39.5591,179.3591,1.0221,-122.4221,0.0098,27.247,0.575
612,000612.png,False,1788775435.185843,1788775434.981143,shear_-X_back,2,-X,0.0,-0.01345,0.08526,-1.16634,0.00163,-0.00083,0.00058,0.01146,0.06305,-1.29125,-0.00066,-0.00103,0.00014,-0.04616,0.04844,-1.16761,10,37.8965,362.9009,39.5697,179.3567,1.0261,-122.4197,0.0038,27.2588,0.5632
613,000613.png,False,1788775435.393851,1788775435.189151,shear_-Y_out,2,-Y,0.1,0.07891,0.02216,-1.16564,0.0033,0.00181,0.00064,0.10385,-2e-05,-1.29059,0.00101,0.00161,0.0002,0.06536,0.03995,-1.16601,10,37.9022,362.8448,39.562,179.3609,1.0212,-122.4192,0.0099,27.2501,0.5719
614,000614.png,False,1788775435.597961,1788775435.393261,shear_-Y_out,2,-Y,0.1,0.06886,0.03895,-1.15038,0.00281,0.00152,0.00057,0.09381,0.0168,-1.27537,0.00051,0.00132,0.00013,0.04816,0.04971,-1.15102,11,37.9007,362.8521,39.563,179.3603,1.0215,-122.419,0.0073,27.2513,0.5707
615,000615.png,False,1788775436.009897,1788775435.805197,shear_-Y_out,2,-Y,0.1,0.0325,0.00305,-1.09179,0.00388,0.00061,0.00067,0.0575,-0.01905,-1.21685,0.00158,0.00041,0.00023,0.0342,0.00139,-1.09175,10,37.9072,362.8142,39.5767,179.3593,1.0223,-122.417,0.0011,27.2643,0.5577
616,000616.png,False,1788775436.217978,1788775436.013278,shear_-Y_out,2,-Y,0.1,0.07904,-0.16869,-1.21011,0.00853,0.00178,0.00072,0.10407,-0.19076,-1.3352,0.00623,0.00158,0.00028,0.16114,-0.12598,-1.20716,11,38.01,362.7479,39.5386,179.3593,1.0222,-122.4264,0.0076,27.2245,0.5975
617,000617.png,False,1788775436.425903,1788775436.221203,shear_-Y_out,2,-Y,0.1,0.09403,-0.15471,-1.24147,0.00813,0.00218,0.00066,0.11908,-0.17676,-1.36659,0.00584,0.00198,0.00022,0.16735,-0.10689,-1.23878,10,37.9918,362.7477,39.5375,179.3597,1.0221,-122.4231,0.0061,27.2234,0.5986
618,000618.png,False,1788775436.629925,1788775436.425225,shear_-Y_out,2,-Y,0.1,0.01638,0.00193,-1.21887,0.00392,6e-05,0.00059,0.04145,-0.02009,-1.34403,0.00162,-0.00014,0.00015,0.02167,-0.00967,-1.21875,10,37.8813,362.8053,39.5434,179.3594,1.0224,-122.4092,0.0036,27.231,0.591
619,000619.png,False,1788775436.837924,1788775436.633224,shear_-Y_out,2,-Y,0.1,-0.04444,-0.01864,-1.23937,0.00455,-0.00154,0.00055,-0.01935,-0.04063,-1.36457,0.00225,-0.00174,0.0001,-0.02059,-0.0582,-1.23877,11,37.903,362.7811,39.5405,179.3612,1.0208,-122.4118,0.0029,27.2276,0.5944
620,000620.png,False,1788775437.661977,1788775437.457277,shear_-Y_out,2,-Y,0.1,0.00477,-0.0409,-1.26897,0.00515,-0.00025,0.00038,0.02995,-0.06278,-1.39431,0.00285,-0.00045,-7e-05,0.03336,-0.05336,-1.26808,10,37.9294,362.7792,39.5307,179.3625,1.019,-122.4176,0.0083,27.2176,0.6044
621,000621.png,False,1788775437.869980,1788775437.665280,shear_-Y_out,2,-Y,0.1,0.00667,-0.16461,-1.04149,0.00834,-0.00012,0.00039,0.03187,-0.18646,-1.16686,0.00604,-0.00032,-5e-05,0.09523,-0.15591,-1.03849,10,37.9801,362.7231,39.6117,179.3578,1.0244,-122.4225,0.0097,27.2973,0.5247
622,000622.png,False,1788775438.282002,1788775438.077302,shear_-Y_out,2,-Y,0.1,0.03504,-0.03893,-1.25732,0.00507,0.00058,0.00055,0.06028,-0.06073,-1.38276,0.00276,0.00037,0.00011,0.05852,-0.03635,-1.25652,10,37.9401,362.7846,39.5161,179.3637,1.0183,-122.4176,0.0077,27.203,0.619
623,000623.png,False,1788775439.934187,1788775439.729487,shear_-Y_out,2,-Y,0.2,0.06317,-0.22965,-1.18385,0.01011,0.00141,0.00073,0.08859,-0.25124,-1.30957,0.0078,0.00119,0.00028,0.17767,-0.18629,-1.17981,10,38.0093,362.7221,39.5598,179.3602,1.0216,-122.4255,0.006,27.2453,0.5767
624,000624.png,False,1788775441.378248,1788775441.173548,shear_-Y_out,2,-Y,0.3,-0.01412,-0.21205,-1.13437,0.0096,-0.00073,0.00052,0.01146,-0.23345,-1.26034,0.00728,-0.00096,7e-05,0.10158,-0.20888,-1.13049,11,37.9812,362.6707,39.565,179.3612,1.021,-122.412,0.0088,27.2497,0.5723
625,000625.png,False,1788775441.790269,1788775441.585569,shear_-Y_out,2,-Y,0.3,0.05099,-0.30655,-1.14507,0.01228,0.00108,0.00055,0.07662,-0.32789,-1.27111,0.00996,0.00086,9e-05,0.20527,-0.25836,-1.13968,10,38.0431,362.6411,39.5606,179.3587,1.0237,-122.4199,0.0008,27.2445,0.5775
626,000626.png,False,1788775442.618226,1788775442.413526,shear_-Y_out,2,-Y,0.4,0.00783,-0.34721,-1.14247,0.01339,-7e-05,0.0003,0.03354,-0.36844,-1.26865,0.01107,-0.0003,-0.00016,0.18817,-0.3151,-1.13629,11,38.039,362.6083,39.5569,179.3612,1.0207,-122.4164,0.0028,27.2403,0.5817
627,000627.png,False,1788775442.822243,1788775442.617543,shear_-Y_out,2,-Y,0.4,-0.03398,-0.45582,-1.04674,0.0162,-0.00128,0.00036,-0.00825,-0.47703,-1.17296,0.01387,-0.0015,-9e-05,0.20556,-0.42852,-1.03861,10,38.0483,362.5587,39.5841,179.3617,1.0206,-122.4129,0.0052,27.2667,0.5553
628,000628.png,False,1788775443.238260,1788775443.033560,shear_-Y_out,2,-Y,0.4,-0.00249,-0.36287,-1.08846,0.01377,-0.00041,0.00055,0.02329,-0.38402,-1.21475,0.01145,-0.00064,0.0001,0.18669,-0.33295,-1.08199,11,38.0462,362.579,39.5768,179.3613,1.0211,-122.414,0.0019,27.2597,0.5623
629,000629.png,False,1788775444.270409,1788775444.065709,shear_-Y_out,2,-Y,0.5,0.03358,-0.41888,-1.20155,0.01541,0.00058,0.00091,0.05947,-0.4399,-1.32801,0.01308,0.00034,0.00045,0.2467,-0.36524,-1.19417,10,38.0823,362.5518,39.5562,179.361,1.0214,-122.4172,0.0032,27.2384,0.5836
630,000630.png,False,1788775445.094463,1788775444.889763,shear_-Y_back,2,-Y,0.0,0.0253,-0.50338,-1.1768,0.01775,0.00041,0.00085,0.05128,-0.52429,-1.30341,0.01542,0.00017,0.00039,0.28157,-0.44217,-1.16795,10,38.1127,362.4992,39.5603,179.3608,1.0215,-122.4157,0.0031,27.2415,0.5805
631,000631.png,False,1788775445.302367,1788775445.097667,shear_-Y_back,2,-Y,0.0,0.01991,-0.50404,-1.17685,0.01781,0.00028,0.00077,0.04591,-0.52492,-1.30349,0.01548,4e-05,0.00031,0.27723,-0.44543,-1.16797,10,38.1109,362.4982,39.5594,179.361,1.0216,-122.4155,0.0035,27.2405,0.5815
632,000632.png,False,1788775445.506383,1788775445.301683,shear_-Y_back,2,-Y,0.0,-0.08346,-0.21143,-1.35818,0.01005,-0.00267,0.00065,-0.05744,-0.23228,-1.48486,0.00771,-0.00292,0.00019,0.04276,-0.24657,-1.35414,10,37.9833,362.5937,39.5203,179.3628,1.0193,-122.4079,0.0054,27.2038,0.6182
633,000633.png,False,1788775445.714386,1788775445.509686,shear_-Y_back,2,-Y,0.0,-0.01502,-0.1139,-1.23799,0.0072,-0.00078,0.00066,0.01102,-0.13472,-1.36471,0.00487,-0.00103,0.0002,0.05247,-0.12598,-1.2358,10,37.9771,362.6998,39.5644,179.3614,1.0206,-122.4183,0.0089,27.2496,0.5724
634,000634.png,False,1788775446.126410,1788775445.921710,shear_+Y_out,2,+Y,0.1,0.01945,0.08866,-1.13259,0.00164,0.00016,0.00076,0.04554,0.06789,-1.25937,-0.00069,-8e-05,0.00029,-0.0196,0.06836,-1.13399,10,37.9235,362.8162,39.5716,179.3615,1.0202,-122.4211,0.0,27.2591,0.5629
635,000635.png,False,1788775446.334418,1788775446.129718,shear_+Y_out,2,+Y,0.1,0.02325,0.08793,-1.12779,0.00172,0.00031,0.00071,0.04937,0.06719,-1.25461,-0.00062,7e-05,0.00024,-0.01597,0.06971,-1.12919,10,37.9214,362.8284,39.5749,179.3606,1.0215,-122.4212,0.0066,27.2626,0.5594
636,000636.png,False,1788775446.538439,1788775446.333739,shear_+Y_out,2,+Y,0.1,0.03048,0.11013,-1.12941,0.00111,0.00057,0.00083,0.05661,0.08941,-1.25627,-0.00123,0.00033,0.00036,-0.02079,0.09252,-1.13121,11,37.919,362.8413,39.5768,179.3596,1.0223,-122.4214,0.0096,27.2647,0.5573
637,000637.png,False,1788775447.158473,1788775446.953773,shear_+Y_out,2,+Y,0.2,0.03338,0.11958,-1.1484,0.00082,0.00071,0.0008,0.05958,0.09894,-1.27536,-0.00152,0.00046,0.00033,-0.02287,0.10185,-1.15036,11,37.9124,362.8554,39.5688,179.3599,1.0223,-122.4214,0.0032,27.257,0.565
638,000638.png,False,1788775447.570590,1788775447.365890,shear_+Y_out,2,+Y,0.2,-0.01354,0.20334,-1.2871,-0.00136,-0.00072,0.0008,0.0127,0.18275,-1.41413,-0.0037,-0.00097,0.00033,-0.1044,0.14872,-1.2904,10,37.862,362.8942,39.5415,179.3599,1.0218,-122.4196,0.0069,27.2307,0.5913
639,000639.png,False,1788775448.190516,1788775447.985816,shear_+Y_out,2,+Y,0.3,-0.0045,0.18226,-1.19004,-0.00087,-0.00035,0.00074,0.02181,0.16176,-1.31718,-0.00322,-0.00061,0.00027,-0.08671,0.13654,-1.19301,10,37.8694,362.8926,39.5585,179.3589,1.0232,-122.4201,0.0084,27.2476,0.5744
640,000640.png,False,1788775448.810552,1788775448.605852,shear_+Y_out,2,+Y,0.3,0.02066,0.20183,-1.16911,-0.00141,0.00035,0.00092,0.04704,0.18141,-1.29635,-0.00376,0.0001,0.00045,-0.07484,0.16639,-1.17247,10,37.8699,362.9205,39.5718,179.3602,1.0217,-122.4214,0.0036,27.2614,0.5606
641,000641.png,False,1788775449.014640,1788775448.809940,shear_+Y_out,2,+Y,0.3,0.04797,0.29454,-1.19086,-0.00395,0.0011,0.00086,0.07437,0.27414,-1.31813,-0.0063,0.00085,0.00039,-0.09735,0.25998,-1.19588,10,37.8594,362.9637,39.5651,179.3578,1.024,-122.4216,0.0062,27.2555,0.5665
642,000642.png,False,1788775450.046612,1788775449.841912,shear_+Y_out,2,+Y,0.4,0.02794,0.2616,-1.18396,-0.00301,0.00069,0.00066,0.05445,0.24134,-1.31141,-0.00536,0.00043,0.00019,-0.09829,0.22156,-1.18837,10,37.8442,362.9803,39.5658,179.358,1.0241,-122.4221,0.0057,27.2565,0.5655
643,000643.png,False,1788775450.254725,1788775450.050025,shear_+Y_out,2,+Y,0.4,-0.04067,0.40121,-1.14678,-0.00682,-0.0013,0.00056,-0.01414,0.38098,-1.27427,-0.00917,-0.00156,9e-05,-0.22773,0.30878,-1.15348,10,37.7824,362.9978,39.568,179.3564,1.0256,-122.418,0.0075,27.2594,0.5626
644,000644.png,False,1788775450.874654,1788775450.669954,shear_+Y_out,2,+Y,0.4,-0.00337,0.368,-1.27566,-0.00578,-0.00028,0.00049,0.02323,0.34785,-1.40326,-0.00814,-0.00055,1e-05,-0.17794,0.2966,-1.28184,10,37.7948,363.0259,39.5396,179.3596,1.0221,-122.421,0.0069,27.2314,0.5906
645,000645.png,False,1788775452.110723,1788775451.906024,shear_+Y_out,2,+Y,0.5,0.0139,0.375,-1.16922,-0.00619,0.00022,0.00061,0.04064,0.35501,-1.29703,-0.00855,-5e-05,0.00013,-0.16721,0.31299,-1.17557,10,37.794,363.0461,39.5647,179.3587,1.0234,-122.4236,0.009,27.2568,0.5652
646,000646.png,False,1788775452.318736,1788775452.114036,shear_+Y_out,2,+Y,0.5,0.03054,0.45827,-1.31643,-0.00836,0.0006,0.00047,0.0573,0.43831,-1.44427,-0.01071,0.00033,-1e-05,-0.19338,0.39107,-1.32424,11,37.7841,363.0733,39.5274,179.3618,1.02,-122.4272,0.0042,27.22,0.602
647,000647.png,False,1788775452.526742,1788775452.322042,shear_+Y_out,2,+Y,0.5,0.02373,0.43361,-1.27614,-0.00764,0.00045,0.00054,0.05051,0.41367,-1.40401,-0.01,0.00018,6e-05,-0.18724,0.36695,-1.28351,10,37.7783,363.0922,39.5494,179.3595,1.0221,-122.4264,0.0019,27.2423,0.5797
648,000648.png,False,1788775452.730757,1788775452.526057,shear_+Y_out,2,+Y,0.5,0.04311,0.5284,-1.15063,-0.01029,0.00107,0.00059,0.06991,0.5085,-1.27855,-0.01265,0.00079,0.00011,-0.21868,0.46074,-1.15971,10,37.7668,363.1158,39.5748,179.3576,1.0241,-122.4256,0.0046,27.2682,0.5538
649,000649.png,False,1788775453.350863,1788775453.146163,shear_+Y_back,2,+Y,0.0,0.02529,0.47058,-1.11743,-0.00873,0.00059,0.00031,0.05216,0.45075,-1.24545,-0.01109,0.00031,-0.00017,-0.20546,0.40229,-1.12547,10,37.7678,363.1125,39.5745,179.3581,1.024,-122.4258,0.0013,27.2678,0.5542
650,000650.png,False,1788775453.558799,1788775453.354099,shear_+Y_back,2,+Y,0.0,0.02398,0.47146,-1.12063,-0.00872,0.00059,0.00037,0.05087,0.45166,-1.24868,-0.01109,0.00031,-0.00011,-0.20701,0.40235,-1.12868,11,37.7657,363.1145,39.5776,179.3576,1.0241,-122.4256,0.0021,27.271,0.551
651,000651.png,False,1788775453.762918,1788775453.558218,shear_+Y_back,2,+Y,0.0,0.00434,0.24696,-0.9672,-0.00275,0.00012,0.00055,0.03126,0.22719,-1.09529,-0.00511,-0.00016,7e-05,-0.11292,0.20056,-0.97135,10,37.8165,363.0285,39.62,179.3579,1.0241,-122.4234,0.0049,27.3116,0.5104
652,000652.png,False,1788775453.970953,1788775453.766253,shear_+Y_back,2,+Y,0.0,-0.00513,0.17658,-1.041,-0.00078,-0.00011,0.00067,0.02181,0.15684,-1.16913,-0.00315,-0.00039,0.00018,-0.08545,0.13369,-1.0439,10,37.8421,362.9546,39.5805,179.3598,1.0222,-122.4192,0.0087,27.2708,0.5512
653,000653.png,False,1788775454.178892,1788775453.974192,shear_+Y_back,2,+Y,0.0,-0.00633,0.05331,-1.11613,0.00254,-0.00019,0.00059,0.02063,0.03359,-1.24429,0.00018,-0.00047,0.00011,-0.02437,0.02513,-1.11687,11,37.9172,362.8263,39.5667,179.3612,1.0208,-122.4207,0.0022,27.2544,0.5676
654,000654.png,False,1788775454.382961,1788775454.178261,shear_+Y_back,2,+Y,0.0,0.02099,0.00665,-1.15836,0.00378,0.00043,0.00067,0.04797,-0.01304,-1.28655,0.00141,0.00015,0.00018,0.02289,-0.00231,-1.15834,10,37.91,362.8486,39.5654,179.3608,1.0213,-122.4207,0.0003,27.2535,0.5685
655,000655.png,False,1788775455.002948,1788775454.798248,shear_+X_out,3,+X,0.1,-0.02122,0.01915,-1.20779,0.00346,-0.00075,0.00065,0.00583,-0.00046,-1.33609,0.00109,-0.00103,0.00017,-0.01958,-0.01336,-1.20789,10,37.8885,362.8459,39.5524,179.3613,1.0207,-122.4198,0.0057,27.2407,0.5813
656,000656.png,False,1788775455.414994,1788775455.210294,shear_+X_out,3,+X,0.1,-4e-05,0.02511,-1.17935,0.00337,-0.00014,0.00062,0.02705,0.00555,-1.30772,0.001,-0.00042,0.00013,-0.0044,0.00283,-1.1796,10,37.8966,362.85,39.5549,179.36,1.0218,-122.4216,0.0051,27.2432,0.5788
657,000657.png,False,1788775455.622978,1788775455.418278,shear_+X_out,3,+X,0.1,0.20207,-0.02926,-1.17896,0.00465,0.00536,0.00076,0.22918,-0.04879,-1.30736,0.00228,0.00508,0.00028,0.19783,0.05674,-1.17867,10,38.0023,362.8612,39.5545,179.3595,1.0228,-122.4329,0.0077,27.2422,0.5798
658,000658.png,False,1788775457.067047,1788775456.862347,shear_+X_out,3,+X,0.2,0.08661,0.04985,-1.19012,0.00272,0.0023,0.00085,0.11388,0.03051,-1.31877,0.00034,0.00201,0.00036,0.05837,0.06739,-1.19098,10,37.9496,362.8853,39.5602,179.3596,1.0222,-122.4203,0.0021,27.2486,0.5734
659,000659.png,False,1788775457.275065,1788775457.070365,shear_+X_out,3,+X,0.2,0.16737,0.08944,-1.22745,0.00161,0.00438,0.00082,0.19467,0.07013,-1.35613,-0.00076,0.00409,0.00033,0.1088,0.14143,-1.22914,10,37.9811,362.9011,39.5426,179.3621,1.0204,-122.4172,0.009,27.2311,0.5909
660,000660.png,False,1788775457.478997,1788775457.274297,shear_+X_out,3,+X,0.2,0.1488,0.03899,-1.23991,0.00294,0.00388,0.00078,0.17611,0.01971,-1.36863,0.00056,0.00358,0.00029,0.11801,0.08826,-1.2407,11,37.9823,362.8985,39.5432,179.3622,1.0202,-122.4174,0.0083,27.2316,0.5904
661,000661.png,False,1788775458.719065,1788775458.514365,shear_+X_out,3,+X,0.3,0.19863,0.05225,-1.16453,0.00265,0.00528,0.00082,0.22607,0.03313,-1.29346,0.00026,0.00498,0.00033,0.15402,0.12585,-1.16566,11,38.0128,362.9195,39.5657,179.3601,1.0223,-122.4201,0.002,27.2543,0.5677
662,000662.png,False,1788775459.131086,1788775458.926386,shear_+X_out,3,+X,0.3,0.29214,0.03927,-1.20631,0.00296,0.00786,0.00091,0.31963,0.02021,-1.33532,0.00058,0.00756,0.00041,0.2418,0.16066,-1.2074,10,38.0665,362.9437,39.5558,179.3595,1.0232,-122.4205,0.0074,27.2444,0.5776
663,000663.png,False,1788775459.339097,1788775459.134397,shear_+X_out,3,+X,0.3,0.28089,0.0386,-1.21853,0.00301,0.00761,0.001,0.3084,0.01957,-1.34756,0.00063,0.00731,0.0005,0.23247,0.15427,-1.21957,11,38.0641,362.942,39.5543,179.3598,1.0229,-122.4205,0.0061,27.2429,0.5791
664,000664.png,False,1788775460.371233,1788775460.166533,shear_+X_out,3,+X,0.4,0.30508,0.05681,-1.21291,0.00242,0.00828,0.00095,0.33271,0.0379,-1.34212,3e-05,0.00798,0.00045,0.24429,0.18221,-1.21432,10,38.077,362.9648,39.5566,179.3597,1.0228,-122.4181,0.0004,27.2455,0.5765
665,000665.png,False,1788775460.987287,1788775460.782587,shear_+X_out,3,+X,0.4,0.40616,0.02251,-1.26095,0.00345,0.01102,0.00096,0.43385,0.00369,-1.39027,0.00106,0.01071,0.00046,0.34931,0.20224,-1.26196,10,38.1456,362.981,39.5451,179.3606,1.0221,-122.4207,0.0097,27.2337,0.5883
666,000666.png,False,1788775461.607216,1788775461.402516,shear_+X_out,3,+X,0.5,0.38866,0.04606,-1.24139,0.00284,0.01071,0.00105,0.41642,0.02732,-1.37082,0.00044,0.0104,0.00055,0.32226,0.21421,-1.24278,10,38.1392,362.989,39.5526,179.36,1.0228,-122.4205,0.0009,27.2414,0.5806
667,000667.png,False,1788775462.019237,1788775461.814537,shear_+X_out,3,+X,0.5,0.43403,0.06554,-1.14927,0.00211,0.01187,0.00088,0.46184,0.04685,-1.27876,-0.00029,0.01155,0.00037,0.35119,0.25522,-1.1511,11,38.1636,363.0178,39.5683,179.3604,1.0228,-122.4188,0.0089,27.2574,0.5646
668,000668.png,False,1788775462.847351,1788775462.642651,shear_+X_back,3,+X,0.0,0.4884,0.03171,-1.23614,0.00317,0.01351,0.00095,0.51629,0.01313,-1.36578,0.00077,0.01319,0.00044,0.41578,0.2517,-1.23748,10,38.2112,363.022,39.5501,179.3611,1.0219,-122.4203,0.0151,27.2389,0.5831
669,000669.png,False,1788775463.051417,1788775462.846717,shear_+X_back,3,+X,0.0,0.49051,0.0428,-1.22534,0.00288,0.01353,0.00088,0.51842,0.02425,-1.35501,0.00048,0.01321,0.00037,0.412,0.26253,-1.22688,10,38.2102,363.0274,39.55,179.3607,1.0224,-122.4205,0.0048,27.2389,0.5831
670,000670.png,False,1788775463.259398,1788775463.054698,shear_+X_back,3,+X,0.0,0.25389,0.08203,-1.12679,0.00174,0.00714,0.00063,0.28183,0.06351,-1.25649,-0.00066,0.00682,0.00012,0.18675,0.17985,-1.12854,11,38.0597,363.0089,39.5725,179.3546,1.0284,-122.4167,0.0022,27.2622,0.5598
671,000671.png,False,1788775463.467310,1788775463.262610,shear_+X_back,3,+X,0.0,0.14832,0.04744,-1.18298,0.00273,0.00426,0.00089,0.17628,0.02894,-1.31273,0.00032,0.00394,0.00039,0.11297,0.09624,-1.18392,10,38.0159,362.9364,39.5557,179.3595,1.0227,-122.4225,0.0089,27.2445,0.5775
672,000672.png,False,1788775463.671433,1788775463.466733,shear_+X_back,3,+X,0.0,0.02774,0.0333,-1.20057,0.00317,0.00107,0.00076,0.05572,0.01482,-1.33035,0.00076,0.00075,0.00025,0.01572,0.02347,-1.20102,10,37.905,362.826,39.5497,179.3638,1.0176,-122.4211,0.0094,27.2375,0.5845
673,000673.png,False,1788775463.879333,1788775463.674634,shear_-X_out,3,-X,0.1,-0.0661,0.11601,-1.20641,0.00095,-0.00162,0.0007,-0.03809,0.09757,-1.33622,-0.00145,-0.00194,0.00019,-0.10685,0.04812,-1.20811,11,37.8994,362.8825,39.551,179.3588,1.0231,-122.4218,0.0046,27.2398,0.5822
674,000674.png,False,1788775464.083450,1788775463.878750,shear_-X_out,3,-X,0.1,-0.0618,0.09057,-1.21838,0.00166,-0.00147,0.00074,-0.03377,0.07215,-1.34823,-0.00074,-0.00179,0.00023,-0.09033,0.02804,-1.21964,10,37.9005,362.8711,39.5491,179.3598,1.0223,-122.4218,0.0016,27.2377,0.5843
675,000675.png,False,1788775464.499444,1788775464.294744,shear_-X_out,3,-X,0.1,-0.12768,0.1066,-1.24007,0.00113,-0.00335,0.00064,-0.09961,0.08824,-1.36999,-0.00128,-0.00367,0.00013,-0.15526,0.00866,-1.24148,11,37.8525,362.8617,39.5409,179.3608,1.0208,-122.4203,0.0085,27.2296,0.5924
676,000676.png,False,1788775465.115499,1788775464.910799,shear_-X_out,3,-X,0.2,-0.09999,0.09614,-1.21411,0.0015,-0.00261,0.00058,-0.07185,0.07785,-1.34413,-0.0009,-0.00294,7e-05,-0.12622,0.01385,-1.21539,11,37.8593,362.8619,39.5466,179.3593,1.0227,-122.4212,0.0039,27.2353,0.5867
677,000677.png,False,1788775465.735528,1788775465.530828,shear_-X_out,3,-X,0.2,-0.12432,0.07658,-1.13558,0.00198,-0.00312,0.00074,-0.09612,0.05838,-1.26571,-0.00043,-0.00345,0.00023,-0.13808,-0.01398,-1.13649,11,37.8486,362.8374,39.565,179.3571,1.0248,-122.4251,0.0004,27.2534,0.5686
678,000678.png,False,1788775466.563570,1788775466.358870,shear_-X_out,3,-X,0.2,-0.1222,0.06408,-1.23605,0.00225,-0.00319,0.00062,-0.09391,0.04599,-1.36632,-0.00016,-0.00352,0.00011,-0.1293,-0.02536,-1.23673,10,37.8284,362.8352,39.5408,179.359,1.023,-122.4231,0.0042,27.2293,0.5927
679,000679.png,False,1788775466.767633,1788775466.562933,shear_-X_out,3,-X,0.2,-0.35944,0.08907,-1.17053,0.0016,-0.00965,0.0006,-0.33113,0.07101,-1.30084,-0.00082,-0.00999,8e-05,-0.34774,-0.12121,-1.17118,10,37.7016,362.794,39.5658,179.36,1.0217,-122.4114,0.0007,27.2545,0.5675
680,000680.png,False,1788775466.975492,1788775466.770792,shear_-X_out,3,-X,0.2,-0.2772,0.12492,-1.14723,0.00062,-0.00741,0.00062,-0.24886,0.10689,-1.27757,-0.0018,-0.00775,0.0001,-0.29458,-0.04869,-1.14867,10,37.7465,362.8095,39.5685,179.3586,1.0233,-122.4188,0.0053,27.2572,0.5648
681,000681.png,False,1788775467.387522,1788775467.182822,shear_-X_out,3,-X,0.2,-0.09641,0.04892,-1.23448,0.00277,-0.00253,0.00054,-0.06803,0.03094,-1.3649,0.00035,-0.00286,3e-05,-0.0994,-0.02558,-1.23495,10,37.8324,362.8288,39.5432,179.3605,1.0214,-122.4249,0.0053,27.2316,0.5904
682,000682.png,False,1788775467.799541,1788775467.594841,shear_-X_out,3,-X,0.2,-0.2969,0.12573,-1.06573,0.00036,-0.00806,0.00044,-0.26847,0.1078,-1.19621,-0.00206,-0.0084,-8e-05,-0.31261,-0.05654,-1.06716,10,37.7234,362.8,39.5789,179.3585,1.0235,-122.4179,0.0038,27.2676,0.5544
683,000683.png,False,1788775468.627662,1788775468.422962,shear_-X_out,3,-X,0.2,-0.3016,0.13329,-1.0407,0.00026,-0.00812,0.00056,-0.27308,0.11547,-1.17132,-0.00216,-0.00846,3e-05,-0.32063,-0.05193,-1.04225,10,37.7031,362.7976,39.589,179.3567,1.0248,-122.416,0.0015,27.2777,0.5443
684,000684.png,False,1788775469.039597,1788775468.834897,shear_-X_out,3,-X,0.2,-0.08266,0.02599,-1.33594,0.00331,-0.00231,0.00072,-0.0541,0.00822,-1.46664,0.00089,-0.00265,0.00019,-0.07532,-0.04019,-1.33603,10,37.8217,362.8167,39.5234,179.3611,1.0206,-122.4277,0.0072,27.2116,0.6104
685,000685.png,False,1788775469.247613,1788775469.042913,shear_-X_out,3,-X,0.2,-0.30048,0.06419,-1.09542,0.00211,-0.00807,0.00061,-0.2719,0.04645,-1.22615,-0.00031,-0.00841,8e-05,-0.28476,-0.1121,-1.09576,10,37.6642,362.7797,39.6087,179.3561,1.0258,-122.4091,0.0064,27.2974,0.5246
686,000686.png,False,1788775470.071723,1788775469.867023,shear_-X_out,3,-X,0.2,-0.27552,0.05548,-1.1134,0.00237,-0.0074,0.0007,-0.24685,0.03785,-1.24427,-6e-05,-0.00775,0.00018,-0.25867,-0.10745,-1.11364,10,37.6553,362.7763,39.6205,179.3557,1.0262,-122.408,0.0047,27.3092,0.5128
687,000687.png,False,1788775470.483763,1788775470.279063,shear_-X_out,3,-X,0.2,-0.25426,0.1052,-1.06413,0.00097,-0.00686,0.0005,-0.22554,0.08762,-1.19507,-0.00146,-0.00721,-3e-05,-0.26542,-0.05298,-1.06528,10,37.7231,362.7964,39.5816,179.3574,1.0243,-122.4195,0.0058,27.2702,0.5518
688,000688.png,False,1788775473.375939,1788775473.171239,shear_-X_out,3,-X,0.5,-0.34772,0.09584,-1.19384,0.00141,-0.00955,0.00064,-0.31869,0.07865,-1.32527,-0.00103,-0.00991,0.00011,-0.34081,-0.10986,-1.19463,11,37.6578,362.7536,39.5512,179.3561,1.0252,-122.4247,0.002,27.2396,0.5824
689,000689.png,False,1788775473.991961,1788775473.787261,shear_-X_out,3,-X,0.5,-0.39668,0.05371,-1.19085,0.00255,-0.01092,0.00043,-0.36759,0.0366,-1.32239,0.00011,-0.01129,-0.0001,-0.36219,-0.17076,-1.19081,10,37.6427,362.7164,39.5477,179.3579,1.0231,-122.4295,0.0044,27.2356,0.5864
690,000690.png,False,1788775474.407972,1788775474.203272,shear_-X_out,3,-X,0.5,-0.51039,0.12308,-1.20789,0.00062,-0.01407,0.00052,-0.48125,0.10602,-1.3395,-0.00182,-0.01444,-2e-05,-0.49523,-0.16778,-1.20882,10,37.5621,362.7104,39.5468,179.354,1.027,-122.4232,0.004,27.2352,0.5868
691,000691.png,False,1788775474.820012,1788775474.615312,shear_-X_back,3,-X,0.0,-0.50526,0.10595,-1.20045,0.00115,-0.01393,0.00053,-0.47608,0.08894,-1.33213,-0.0013,-0.0143,-1e-05,-0.48227,-0.17993,-1.20109,11,37.5654,362.7038,39.5466,179.3548,1.0262,-122.4252,0.0041,27.2348,0.5872
692,000692.png,False,1788775475.024002,1788775474.819302,shear_-X_back,3,-X,0.0,-0.50458,0.09478,-1.18891,0.00141,-0.01396,0.00044,-0.47537,0.0778,-1.32062,-0.00104,-0.01433,-0.0001,-0.47619,-0.18908,-1.18936,10,37.5645,362.6989,39.5472,179.3555,1.0257,-122.4249,0.0035,27.2354,0.5866
693,000693.png,False,1788775475.232014,1788775475.027314,shear_-X_back,3,-X,0.0,-0.24176,0.06324,-1.29476,0.00239,-0.00687,0.00062,-0.21253,0.04628,-1.42651,-5e-05,-0.00724,8e-05,-0.23203,-0.08677,-1.29518,10,37.7143,362.7293,39.5282,179.3616,1.0194,-122.4314,0.0099,27.2157,0.6063
694,000694.png,False,1788775475.643945,1788775475.439245,shear_-X_back,3,-X,0.0,-0.01038,0.1036,-1.15575,0.00108,-0.00046,0.00063,0.0189,0.0867,-1.28757,-0.00137,-0.00083,0.0001,-0.05273,0.06602,-1.15735,10,37.8837,362.9299,39.5613,179.3535,1.0291,-122.4204,0.0087,27.251,0.571
695,000695.png,False,1788775475.852033,1788775475.647333,shear_-Y_out,3,-Y,0.1,0.08319,0.02618,-1.15262,0.00328,0.00217,0.00064,0.11249,0.00931,-1.28448,0.00083,0.0018,0.0001,0.06698,0.04578,-1.15306,10,37.8932,362.8549,39.5543,179.3597,1.0224,-122.4203,0.0062,27.2427,0.5793
696,000696.png,False,1788775476.055965,1788775475.851265,shear_-Y_out,3,-Y,0.1,0.07319,0.04418,-1.14138,0.00273,0.00178,0.00059,0.1025,0.02733,-1.27328,0.00028,0.0014,5e-05,0.04923,0.05655,-1.14212,11,37.8911,362.8658,39.5574,179.359,1.0235,-122.4203,0.0037,27.246,0.576
697,000697.png,False,1788775476.263974,1788775476.059274,shear_-Y_out,3,-Y,0.1,0.02566,-0.03462,-1.05312,0.00484,0.00059,0.00077,0.055,-0.05144,-1.18505,0.00239,0.00021,0.00023,0.04683,-0.03403,-1.05241,10,37.9008,362.8236,39.5867,179.3581,1.0242,-122.4186,0.0045,27.2745,0.5475
698,000698.png,False,1788775476.471993,1788775476.267293,shear_-Y_out,3,-Y,0.1,0.03131,0.00436,-1.08754,0.00379,0.00071,0.00087,0.06067,-0.01243,-1.21951,0.00134,0.00033,0.00033,0.03248,0.002,-1.08751,10,37.9006,362.826,39.5736,179.3586,1.0237,-122.4186,0.0023,27.2615,0.5605
699,000699.png,False,1788775476.675995,1788775476.471295,shear_-Y_out,3,-Y,0.1,0.06698,-0.17273,-1.17912,0.00865,0.00169,0.00084,0.09637,-0.1895,-1.31111,0.0062,0.00132,0.0003,0.1525,-0.13502,-1.17607,11,37.9958,362.7537,39.5426,179.3598,1.0225,-122.4262,0.0053,27.2286,0.5934
700,000700.png,False,1788775476.884113,1788775476.679413,shear_-Y_out,3,-Y,0.1,0.08343,-0.15309,-1.19922,0.00814,0.00204,0.00072,0.11284,-0.16982,-1.33125,0.00569,0.00167,0.00018,0.15707,-0.11011,-1.19655,10,37.9803,362.7538,39.5421,179.36,1.0223,-122.4238,0.0076,27.2282,0.5938
701,000701.png,False,1788775478.328083,1788775478.123383,shear_-Y_out,3,-Y,0.1,-0.01318,-0.16166,-1.04828,0.0084,-0.00036,0.00097,0.01638,-0.1782,-1.18056,0.00595,-0.00075,0.00042,0.07662,-0.16338,-1.0453,10,37.9653,362.7308,39.6132,179.357,1.0255,-122.4217,0.0032,27.2991,0.5229
702,000702.png,False,1788775479.772239,1788775479.567539,shear_-Y_out,3,-Y,0.2,0.01039,-0.09312,-1.18342,0.00665,3e-05,0.00087,0.0401,-0.10948,-1.31594,0.00419,-0.00036,0.00032,0.06373,-0.09442,-1.18164,10,37.9487,362.7599,39.5487,179.3596,1.0223,-122.421,0.0023,27.2351,0.5869
703,000703.png,False,1788775480.184262,1788775479.979562,shear_-Y_out,3,-Y,0.2,0.01731,-0.16332,-1.06833,0.00841,0.00038,0.00073,0.04708,-0.17963,-1.20093,0.00594,-2e-05,0.00018,0.104,-0.14991,-1.06537,10,37.9761,362.7223,39.5709,179.3578,1.0247,-122.4232,0.0068,27.2565,0.5655
704,000704.png,False,1788775481.424307,1788775481.219607,shear_-Y_out,3,-Y,0.3,0.00263,-0.21472,-1.17568,0.00995,-0.00014,0.00072,0.03252,-0.23086,-1.30849,0.00748,-0.00054,0.00017,0.11771,-0.20348,-1.17178,10,37.9901,362.6787,39.547,179.3597,1.0224,-122.4205,0.0068,27.2319,0.5901
705,000705.png,False,1788775481.632329,1788775481.427629,shear_-Y_out,3,-Y,0.3,-0.01605,-0.34017,-1.19895,0.01349,-0.00048,0.00088,0.01386,-0.35628,-1.33179,0.01102,-0.00088,0.00032,0.16436,-0.32184,-1.19283,10,38.0114,362.6403,39.5408,179.3597,1.0229,-122.4179,0.0001,27.2249,0.5971
706,000706.png,False,1788775482.868485,1788775482.663785,shear_-Y_out,3,-Y,0.4,0.00984,-0.35135,-1.03832,0.0137,0.00024,0.00092,0.0399,-0.3673,-1.17138,0.01122,-0.00016,0.00037,0.19127,-0.31601,-1.03209,10,38.0362,362.6233,39.5878,179.3579,1.0248,-122.4223,0.0021,27.2715,0.5505
707,000707.png,False,1788775483.076441,1788775482.871741,shear_-Y_out,3,-Y,0.4,0.01692,-0.31805,-1.06602,0.01277,0.00037,0.00098,0.047,-0.33398,-1.19911,0.0103,-3e-05,0.00042,0.18096,-0.28408,-1.06038,11,38.0374,362.6179,39.5794,179.3586,1.024,-122.4221,0.0041,27.263,0.559
708,000708.png,False,1788775483.696360,1788775483.491660,shear_-Y_out,3,-Y,0.4,0.01774,-0.41061,-1.17879,0.01535,0.00033,0.00106,0.04788,-0.42645,-1.31198,0.01287,-7e-05,0.00051,0.22869,-0.36563,-1.17152,11,38.0711,362.5646,39.5514,179.3593,1.0234,-122.4218,0.0005,27.2339,0.5881
709,000709.png,False,1788775484.316514,1788775484.111814,shear_-Y_out,3,-Y,0.5,-0.00078,-0.43778,-1.20141,0.01615,-0.00013,0.00112,0.02943,-0.45355,-1.33472,0.01367,-0.00054,0.00056,0.22638,-0.39879,-1.19364,11,38.0795,362.5053,39.5561,179.3626,1.0199,-122.4198,0.0072,27.2376,0.5844
710,000710.png,False,1788775484.520490,1788775484.315790,shear_-Y_out,3,-Y,0.5,-0.0352,-0.5278,-1.187,0.01864,-0.00107,0.00107,-0.00497,-0.54353,-1.32033,0.01616,-0.00149,0.00051,0.24144,-0.49371,-1.17759,10,38.0783,362.5068,39.5549,179.3595,1.023,-122.4188,0.0052,27.2364,0.5856
711,000711.png,False,1788775485.140542,1788775484.935842,shear_-Y_back,3,-Y,0.0,-0.01104,-0.45469,-1.1526,0.01648,-0.00049,0.00099,0.01926,-0.47034,-1.28604,0.01399,-0.00091,0.00043,0.2256,-0.41777,-1.14451,10,38.0767,362.5187,39.5597,179.359,1.0238,-122.4192,0.0101,27.2414,0.5806
712,000712.png,False,1788775485.348549,1788775485.143849,shear_-Y_back,3,-Y,0.0,-0.01224,-0.4529,-1.14496,0.01658,-0.00042,0.00086,0.01808,-0.46853,-1.27843,0.0141,-0.00083,0.00029,0.22362,-0.4167,-1.1369,10,38.0787,362.5187,39.559,179.359,1.0235,-122.4197,0.0035,27.2407,0.5813
713,000713.png,False,1788775485.552459,1788775485.347759,shear_-Y_back,3,-Y,0.0,-0.02674,-0.16617,-1.27289,0.00892,-0.00098,0.00075,0.0036,-0.18177,-1.4064,0.00643,-0.0014,0.00019,0.06869,-0.17767,-1.26976,10,37.9884,362.6328,39.5297,179.3602,1.0223,-122.4151,0.0009,27.2139,0.6081
714,000714.png,False,1788775485.760565,1788775485.555865,shear_-Y_back,3,-Y,0.0,-0.00288,-0.07532,-1.18093,0.00637,-0.00025,0.00079,0.02748,-0.09089,-1.31448,0.00388,-0.00066,0.00023,0.04332,-0.08559,-1.17944,10,37.9702,362.7109,39.5625,179.361,1.0212,-122.4201,0.0054,27.2481,0.5739
715,000715.png,False,1788775485.964483,1788775485.759783,shear_-Y_back,3,-Y,0.0,0.01871,0.03677,-1.138,0.00332,0.00034,0.00079,0.0491,0.02122,-1.27158,0.00083,-7e-05,0.00022,0.00573,0.02297,-1.1385,10,37.8939,362.9012,39.5494,179.3567,1.0256,-122.4232,0.0017,27.2385,0.5835
716,000716.png,False,1788775486.172554,1788775485.967854,shear_+Y_out,3,+Y,0.1,0.00706,0.10865,-1.12973,0.00126,6e-05,0.00091,0.03746,0.09313,-1.26335,-0.00123,-0.00036,0.00035,-0.04034,0.07953,-1.13146,10,37.9114,362.8294,39.5632,179.3597,1.0224,-122.4223,0.0087,27.251,0.571
717,000717.png,False,1788775486.380590,1788775486.175890,shear_+Y_out,3,+Y,0.1,0.01385,0.11326,-1.12426,0.00123,0.0003,0.00084,0.04428,0.09776,-1.25792,-0.00126,-0.00012,0.00028,-0.03679,0.087,-1.12608,10,37.9093,362.8434,39.5676,179.3584,1.0239,-122.4227,0.0048,27.2557,0.5663
718,000718.png,False,1788775487.204629,1788775486.999929,shear_+Y_out,3,+Y,0.2,0.02462,0.13347,-1.1292,0.00063,0.00051,0.00075,0.05514,0.11809,-1.26299,-0.00186,8e-05,0.00018,-0.03753,0.10981,-1.13139,10,37.9013,362.8715,39.5626,179.3576,1.0246,-122.4225,0.0065,27.2511,0.5709
719,000719.png,False,1788775487.616574,1788775487.411874,shear_+Y_out,3,+Y,0.2,-0.02424,0.21205,-1.21767,-0.00142,-0.00081,0.00071,0.00633,0.19672,-1.35153,-0.00391,-0.00124,0.00014,-0.1185,0.15204,-1.22111,11,37.8518,362.9007,39.5408,179.3601,1.0219,-122.4199,0.0024,27.2302,0.5918
720,000720.png,False,1788775487.824581,1788775487.619881,shear_+Y_out,3,+Y,0.2,-0.02136,0.20028,-1.182,-0.00115,-0.00073,0.00062,0.00923,0.18497,-1.3159,-0.00365,-0.00116,5e-05,-0.11037,0.14385,-1.18525,10,37.8532,362.9009,39.5483,179.3595,1.0225,-122.4201,0.0088,27.2377,0.5843
721,000721.png,False,1788775488.856725,1788775488.652025,shear_+Y_out,3,+Y,0.3,0.01678,0.23672,-1.13233,-0.00222,0.0003,0.00075,0.04748,0.22155,-1.26641,-0.00472,-0.00013,0.00018,-0.09588,0.19526,-1.1363,11,37.8561,362.9387,39.5628,179.3577,1.0247,-122.4221,0.0085,27.2528,0.5692
722,000722.png,False,1788775490.092796,1788775489.888096,shear_+Y_out,3,+Y,0.4,0.02296,0.26672,-1.15458,-0.00299,0.00044,0.00063,0.05379,0.25172,-1.28887,-0.00549,0.0,5e-05,-0.10537,0.22398,-1.15908,10,37.848,362.9604,39.5537,179.3572,1.0249,-122.423,0.0119,27.244,0.578
723,000723.png,False,1788775490.300807,1788775490.096107,shear_+Y_out,3,+Y,0.4,-0.01267,0.39835,-1.10697,-0.00646,-0.00045,0.00051,0.01819,0.38337,-1.24129,-0.00897,-0.00088,-7e-05,-0.20232,0.32094,-1.11368,10,37.788,363.0101,39.5658,179.3559,1.0264,-122.4208,0.0053,27.2574,0.5646
724,000724.png,False,1788775492.156932,1788775491.952232,shear_+Y_out,3,+Y,0.5,0.00415,0.36306,-1.10269,-0.00571,-0.0002,0.00059,0.0352,0.34833,-1.23733,-0.00822,-0.00064,1e-05,-0.17015,0.29885,-1.10882,11,37.7878,363.0396,39.573,179.3575,1.0246,-122.423,0.0064,27.265,0.557
725,000725.png,False,1788775492.572820,1788775492.368120,shear_+Y_out,3,+Y,0.5,0.02038,0.41328,-1.31649,-0.00697,0.00031,0.00065,0.05148,0.3986,-1.4512,-0.00948,-0.00013,6e-05,-0.1797,0.34703,-1.3235,10,37.7806,363.077,39.5264,179.3594,1.0225,-122.426,0.0072,27.2191,0.6029
726,000726.png,False,1788775492.984962,1788775492.780262,shear_+Y_out,3,+Y,0.5,0.01959,0.45664,-1.15397,-0.00824,0.00034,0.00053,0.05073,0.44201,-1.28875,-0.01075,-0.00011,-5e-05,-0.20318,0.38678,-1.16175,10,37.7647,363.1091,39.5585,179.3573,1.0251,-122.4249,0.0036,27.2519,0.5701
727,000727.png,False,1788775493.808984,1788775493.604284,shear_+Y_back,3,+Y,0.0,0.01575,0.48524,-1.13363,-0.00891,0.0002,0.00048,0.04698,0.47073,-1.26855,-0.01143,-0.00025,-0.0001,-0.22094,0.40996,-1.1419,10,37.7477,363.1229,39.5619,179.3576,1.0244,-122.4243,0.0047,27.2556,0.5664
728,000728.png,False,1788775494.016998,1788775493.812298,shear_+Y_back,3,+Y,0.0,-0.00272,0.49351,-1.13301,-0.00917,-0.00024,0.00052,0.02853,0.47902,-1.26797,-0.01168,-0.00069,-6e-05,-0.24107,0.40791,-1.14139,11,37.7443,363.1047,39.5655,179.3582,1.0235,-122.4229,0.0176,27.2589,0.5631
729,000729.png,False,1788775494.220913,1788775494.016213,shear_+Y_back,3,+Y,0.0,-0.05086,0.27511,-0.96051,-0.00336,-0.00148,0.00058,-0.01959,0.26065,-1.0955,-0.00587,-0.00194,-0.0,-0.17485,0.19747,-0.96503,10,37.7703,363.036,39.6017,179.3578,1.0243,-122.4206,0.0053,27.2938,0.5282
730,000730.png,False,1788775494.428916,1788775494.224216,shear_+Y_back,3,+Y,0.0,-0.01916,0.1857,-1.0494,-0.00089,-0.00071,0.00057,0.01213,0.17126,-1.18443,-0.00341,-0.00116,-1e-05,-0.1021,0.13444,-1.05242,10,37.8327,362.9692,39.5653,179.3575,1.0249,-122.4219,0.0079,27.2559,0.5661
731,000731.png,False,1788775494.637017,1788775494.432317,shear_+Y_back,3,+Y,0.0,8e-05,0.05704,-1.10932,0.00254,-0.00011,0.00068,0.0314,0.04263,-1.24438,2e-05,-0.00057,0.0001,-0.02073,0.03167,-1.11014,11,37.8986,362.8646,39.5585,179.3582,1.0243,-122.4225,0.0065,27.2469,0.5751
732,000732.png,False,1788775494.841044,1788775494.636344,shear_+Y_back,3,+Y,0.0,0.01846,0.01749,-1.13702,0.00358,0.00032,0.00072,0.0498,0.00311,-1.27212,0.00107,-0.00014,0.00013,0.01513,0.00616,-1.13719,10,37.896,362.8667,39.5585,179.3584,1.0238,-122.4225,0.0039,27.2471,0.5749
733,000733.png,False,1788775495.460972,1788775495.256272,shear_+X_out,4,+X,0.1,-0.02472,0.01749,-1.20731,0.00369,-0.00087,0.00066,0.00669,0.00319,-1.34252,0.00117,-0.00133,7e-05,-0.02178,-0.01654,-1.20738,10,37.8941,362.8474,39.5357,179.3585,1.024,-122.4223,0.0074,27.2239,0.5981
734,000734.png,False,1788775495.669106,1788775495.464406,shear_+X_out,4,+X,0.1,0.00806,0.00274,-1.21046,0.00417,7e-05,0.00079,0.03949,-0.01153,-1.3457,0.00165,-0.00039,0.0002,0.014,-0.01299,-1.21034,10,37.8984,362.8489,39.5393,179.3582,1.0243,-122.4229,0.0004,27.2275,0.5945
735,000735.png,False,1788775495.873106,1788775495.668406,shear_+X_out,4,+X,0.1,0.0249,0.01062,-1.21189,0.00386,0.0005,0.00084,0.05636,-0.00363,-1.34717,0.00134,3e-05,0.00026,0.02467,0.00222,-1.21194,10,37.9693,362.9107,39.5457,179.3543,1.0283,-122.4317,0.0024,27.2344,0.5876
736,000736.png,False,1788775496.081149,1788775495.876449,shear_+X_out,4,+X,0.1,0.19156,-0.06072,-1.19974,0.00582,0.00507,0.00084,0.22304,-0.07494,-1.33505,0.00329,0.00461,0.00025,0.20459,0.02391,-1.19889,10,37.9956,362.8643,39.5414,179.3573,1.0255,-122.4323,0.0097,27.2292,0.5928
737,000737.png,False,1788775497.525163,1788775497.320463,shear_+X_out,4,+X,0.2,0.07713,0.03339,-1.21017,0.00339,0.00197,0.00089,0.10876,0.01936,-1.34573,0.00086,0.0015,0.0003,0.05852,0.04807,-1.21072,10,37.9444,362.8753,39.5409,179.3577,1.0247,-122.4234,0.0014,27.2293,0.5927
738,000738.png,False,1788775499.177164,1788775498.972464,shear_+X_out,4,+X,0.3,0.18703,0.02692,-1.1339,0.00347,0.00504,0.00074,0.21884,0.0131,-1.26973,0.00094,0.00457,0.00014,0.15642,0.0986,-1.13456,11,38.0168,362.913,39.5612,179.358,1.0249,-122.424,0.0076,27.2496,0.5724
739,000739.png,False,1788775499.385170,1788775499.180470,shear_+X_out,4,+X,0.3,0.28812,0.0864,-1.33983,0.00197,0.00764,0.00071,0.31995,0.07262,-1.47571,-0.00057,0.00716,0.00011,0.21569,0.19733,-1.3417,10,38.0547,362.942,39.5049,179.361,1.0214,-122.4227,0.0011,27.1936,0.6284
740,000740.png,False,1788775500.001302,1788775499.796602,shear_+X_out,4,+X,0.3,0.26001,0.02817,-1.02645,0.00341,0.00713,0.00078,0.29191,0.01446,-1.16243,0.00087,0.00665,0.00018,0.21826,0.13787,-1.0273,10,38.0719,362.9451,39.5844,179.3572,1.0256,-122.424,0.0087,27.273,0.549
741,000741.png,False,1788775501.241270,1788775501.036570,shear_+X_out,4,+X,0.4,0.30252,0.0341,-1.18593,0.00323,0.00808,0.00078,0.33455,0.02056,-1.32212,0.00069,0.0076,0.00018,0.25323,0.16169,-1.18695,10,38.0935,362.9595,39.5439,179.3585,1.0244,-122.424,0.0019,27.2326,0.5894
742,000742.png,False,1788775501.449354,1788775501.244654,shear_+X_out,4,+X,0.4,0.40883,0.08916,-1.20447,0.00178,0.011,0.00084,0.44088,0.07564,-1.3407,-0.00076,0.01051,0.00024,0.31794,0.2622,-1.20665,10,38.1383,362.9938,39.5416,179.3571,1.0264,-122.4256,0.0152,27.2305,0.5915
743,000743.png,False,1788775502.481459,1788775502.276759,shear_+X_out,4,+X,0.5,0.37484,0.03449,-1.1963,0.00324,0.01004,0.00071,0.40701,0.02111,-1.3327,0.00069,0.00955,0.0001,0.31575,0.198,-1.19747,10,38.1389,362.9871,39.5418,179.358,1.0251,-122.4247,0.0086,27.2305,0.5915
744,000744.png,False,1788775502.685426,1788775502.480726,shear_+X_out,4,+X,0.5,0.45875,0.07053,-1.21061,0.00229,0.01237,0.00088,0.49094,0.05718,-1.34705,-0.00026,0.01188,0.00027,0.37053,0.27091,-1.21257,10,38.1766,363.0072,39.537,179.358,1.0253,-122.4236,0.0086,27.2258,0.5962
745,000745.png,False,1788775502.893476,1788775502.688776,shear_+X_out,4,+X,0.5,0.4385,0.02363,-1.21956,0.00353,0.01182,0.00081,0.47071,0.01031,-1.35603,0.00098,0.01133,0.00021,0.37648,0.22003,-1.22066,10,38.1767,363.0059,39.5375,179.358,1.0253,-122.4236,0.0017,27.2263,0.5957
746,000746.png,False,1788775503.717401,1788775503.512701,shear_+X_back,4,+X,0.0,0.49216,0.02691,-1.21724,0.00343,0.01337,0.00089,0.52446,0.01369,-1.35385,0.00088,0.01288,0.00028,0.42131,0.24972,-1.2185,11,38.2134,363.0245,39.5406,179.3579,1.0253,-122.4256,0.0024,27.2295,0.5925
747,000747.png,False,1788775503.925529,1788775503.720829,shear_+X_back,4,+X,0.0,0.4915,0.0304,-1.21499,0.00333,0.01329,0.00086,0.52382,0.01721,-1.35164,0.00078,0.01279,0.00026,0.41898,0.25245,-1.21632,10,38.2125,363.0265,39.5409,179.3575,1.0254,-122.4251,0.0028,27.2298,0.5922
748,000748.png,False,1788775504.129503,1788775503.924803,shear_+X_back,4,+X,0.0,0.24992,0.02299,-1.11713,0.00353,0.00673,0.00071,0.28226,0.00982,-1.25382,0.00097,0.00624,0.0001,0.21274,0.12689,-1.11786,10,38.0697,362.9872,39.5683,179.3566,1.0267,-122.4136,0.0057,27.2576,0.5644
749,000749.png,False,1788775504.337523,1788775504.132823,shear_+X_back,4,+X,0.0,0.15746,0.03359,-1.16709,0.00333,0.00418,0.00072,0.18982,0.02046,-1.30381,0.00078,0.00368,0.00011,0.1277,0.08908,-1.16781,11,38.0211,362.9287,39.5375,179.3562,1.0262,-122.4247,0.0078,27.2262,0.5958
750,000750.png,False,1788775504.545444,1788775504.340744,shear_+X_back,4,+X,0.0,0.04007,0.02509,-1.19883,0.00345,0.00096,0.00059,0.07246,0.01199,-1.33558,0.00089,0.00046,-2e-05,0.03048,0.02255,-1.19916,10,37.9183,362.7944,39.5321,179.3622,1.0194,-122.424,0.0042,27.2193,0.6027
751,000751.png,False,1788775504.749541,1788775504.544841,shear_-X_out,4,-X,0.1,-0.07624,0.09573,-1.2165,0.00169,-0.00217,0.00055,-0.04383,0.08265,-1.35329,-0.00087,-0.00266,-6e-05,-0.10543,0.02533,-1.21783,10,37.9049,362.8772,39.5326,179.3573,1.025,-122.424,0.0013,27.2213,0.6007
752,000752.png,False,1788775504.957560,1788775504.752860,shear_-X_out,4,-X,0.1,-0.06267,0.07942,-1.22788,0.00213,-0.00188,0.0006,-0.03024,0.06637,-1.3647,-0.00043,-0.00238,-1e-05,-0.08546,0.0178,-1.22894,11,37.906,362.869,39.5311,179.3578,1.0245,-122.4243,0.0052,27.2196,0.6024
753,000753.png,False,1788775505.161499,1788775504.956799,shear_-X_out,4,-X,0.1,-0.10219,0.11553,-1.1446,0.00101,-0.003,0.00067,-0.06973,0.10251,-1.28146,-0.00154,-0.0035,5e-05,-0.1383,0.03067,-1.14622,10,37.8518,362.8759,39.5606,179.3553,1.027,-122.4215,0.0076,27.2496,0.5724
754,000754.png,False,1788775505.577573,1788775505.372873,shear_-X_out,4,-X,0.1,-0.10801,0.091,-1.16543,0.00178,-0.00304,0.00084,-0.07551,0.07803,-1.30236,-0.00078,-0.00354,0.00023,-0.13095,0.00618,-1.16661,11,37.8592,362.8634,39.5566,179.3569,1.0255,-122.4219,0.0005,27.2453,0.5767
755,000755.png,False,1788775506.609544,1788775506.404844,shear_-X_out,4,-X,0.2,-0.12025,0.03339,-1.22007,0.00338,-0.00337,0.00078,-0.08764,0.02055,-1.35718,0.00081,-0.00388,0.00017,-0.11239,-0.05071,-1.22023,10,37.858,362.823,39.5393,179.3586,1.0232,-122.4279,0.0098,27.2274,0.5946
756,000756.png,False,1788775506.813560,1788775506.608860,shear_-X_out,4,-X,0.2,-0.24939,0.09008,-1.21852,0.00185,-0.00695,0.00078,-0.21675,0.07727,-1.35567,-0.00071,-0.00746,0.00017,-0.25258,-0.06611,-1.2194,10,37.7568,362.8299,39.5467,179.3535,1.029,-122.4228,0.0078,27.2356,0.5864
757,000757.png,False,1788775507.021662,1788775506.816962,shear_-X_out,4,-X,0.2,-0.24527,0.13825,-1.20749,0.0005,-0.00692,0.00078,-0.21261,0.12547,-1.34466,-0.00206,-0.00743,0.00016,-0.27316,-0.02216,-1.20921,10,37.7599,362.825,39.5431,179.3544,1.028,-122.4226,0.0057,27.2319,0.5901
758,000758.png,False,1788775507.433588,1788775507.228888,shear_-X_out,4,-X,0.2,-0.10555,0.0436,-1.29287,0.00304,-0.00313,0.00061,-0.07285,0.03087,-1.43012,0.00047,-0.00364,-1e-05,-0.10425,-0.03569,-1.29322,10,37.8367,362.8288,39.5193,179.3572,1.0249,-122.4267,0.0025,27.2076,0.6144
759,000759.png,False,1788775507.641714,1788775507.437014,shear_-X_out,4,-X,0.2,-0.32792,0.07714,-1.03118,0.00213,-0.00902,0.00057,-0.2952,0.06443,-1.16846,-0.00044,-0.00953,-5e-05,-0.31544,-0.11356,-1.0317,10,37.6913,362.7849,39.6036,179.3545,1.0275,-122.4123,0.0089,27.2922,0.5298
760,000760.png,False,1788775507.845623,1788775507.640923,shear_-X_out,4,-X,0.2,-0.27777,0.12583,-1.03949,0.0007,-0.00773,0.00075,-0.24503,0.11315,-1.1768,-0.00187,-0.00824,0.00013,-0.29627,-0.04647,-1.04095,10,37.7349,362.8062,39.5871,179.3547,1.0274,-122.4202,0.0089,27.2758,0.5462
761,000761.png,False,1788775508.257637,1788775508.052937,shear_-X_out,4,-X,0.2,-0.09514,0.03308,-1.26709,0.00331,-0.00286,0.00076,-0.06235,0.02046,-1.40448,0.00075,-0.00338,0.00015,-0.09015,-0.03918,-1.26728,11,37.8191,362.8158,39.5328,179.3583,1.0236,-122.4277,0.0016,27.2211,0.6009
762,000762.png,False,1788775510.737868,1788775510.533168,shear_-X_out,4,-X,0.2,-0.07354,0.01835,-1.29589,0.00364,-0.00245,0.00072,-0.04048,0.00606,-1.4337,0.00107,-0.00297,0.0001,-0.06389,-0.04161,-1.29586,11,37.815,362.8091,39.5248,179.3587,1.0231,-122.4295,0.0018,27.2129,0.6091
763,000763.png,False,1788775511.149827,1788775510.945127,shear_-X_out,4,-X,0.2,-0.3148,0.12411,-1.01005,0.00081,-0.00877,0.00061,-0.2817,0.11187,-1.14794,-0.00177,-0.0093,-2e-05,-0.32769,-0.06599,-1.01142,10,37.7018,362.7874,39.5896,179.3551,1.0272,-122.4163,0.0052,27.2781,0.5439
764,000764.png,False,1788775511.353799,1788775511.149099,shear_-X_out,4,-X,0.2,-0.24842,0.09694,-1.06318,0.00158,-0.00685,0.00063,-0.21529,0.08472,-1.2011,-0.001,-0.00737,1e-05,-0.25624,-0.0572,-1.0642,10,37.7299,362.7922,39.5781,179.3557,1.0265,-122.4212,0.0079,27.2666,0.5554
765,000765.png,False,1788775513.834038,1788775513.629338,shear_-X_out,4,-X,0.4,-0.35372,0.09658,-1.11092,0.00153,-0.00999,0.00061,-0.32033,0.08469,-1.24926,-0.00106,-0.01053,-2e-05,-0.34695,-0.11089,-1.11171,10,37.6575,362.7518,39.5695,179.3527,1.0292,-122.4259,0.0027,27.2578,0.5642
766,000766.png,False,1788775514.866051,1788775514.661351,shear_-X_out,4,-X,0.5,-0.37978,0.06265,-1.28077,0.00249,-0.01081,0.0007,-0.34628,0.05089,-1.41929,-0.00011,-0.01135,6e-05,-0.35139,-0.15602,-1.2809,10,37.6509,362.7202,39.525,179.3547,1.0267,-122.4328,0.0013,27.2128,0.6092
767,000767.png,False,1788775515.278095,1788775515.073395,shear_-X_out,4,-X,0.5,-0.51023,0.12142,-1.12834,0.00088,-0.01423,0.00064,-0.47669,0.10972,-1.26693,-0.00171,-0.01478,0.0,-0.49481,-0.16786,-1.12925,11,37.5617,362.704,39.5671,179.3524,1.029,-122.4263,0.0099,27.2553,0.5667
768,000768.png,False,1788775515.690098,1788775515.485398,shear_-X_back,4,-X,0.0,-0.50901,0.09201,-1.13969,0.00174,-0.01419,0.00063,-0.47542,0.08036,-1.27834,-0.00086,-0.01473,-1e-05,-0.47898,-0.1929,-1.14009,10,37.5627,362.6937,39.5634,179.3529,1.0284,-122.428,0.0005,27.2515,0.5705
769,000769.png,False,1788775515.898140,1788775515.693440,shear_-X_back,4,-X,0.0,-0.51069,0.07831,-1.13554,0.00207,-0.0142,0.00053,-0.47708,0.06669,-1.27423,-0.00053,-0.01475,-0.00011,-0.47363,-0.20554,-1.1357,11,37.5658,362.6866,39.5633,179.3537,1.0279,-122.4285,0.0002,27.2512,0.5708
770,000770.png,False,1788775516.518152,1788775516.313452,shear_-X_back,4,-X,0.0,-0.01066,0.09085,-1.19893,0.00166,-0.0007,0.0008,0.02302,0.07931,-1.33773,-0.00094,-0.00125,0.00016,-0.04631,0.05415,-1.2003,11,37.8894,362.9255,39.5394,179.3535,1.0294,-122.4243,0.0032,27.2289,0.5931
771,000771.png,False,1788775516.722157,1788775516.517457,shear_-Y_out,4,-Y,0.1,0.0959,0.01439,-1.20017,0.00379,0.00229,0.00079,0.1296,0.00288,-1.339,0.00119,0.00174,0.00015,0.0842,0.04116,-1.20042,10,37.8998,362.8485,39.5411,179.3579,1.0246,-122.4243,0.0007,27.2293,0.5927
772,000772.png,False,1788775516.930081,1788775516.725381,shear_-Y_out,4,-Y,0.1,0.08823,0.03538,-1.19796,0.00313,0.00199,0.00084,0.12196,0.02389,-1.33683,0.00053,0.00144,0.0002,0.06706,0.05554,-1.19857,10,37.897,362.8631,39.5442,179.3569,1.0257,-122.4236,0.0064,27.2326,0.5894
773,000773.png,False,1788775517.342227,1788775517.137527,shear_-Y_out,4,-Y,0.1,0.0427,-0.00339,-1.12679,0.00419,0.0009,0.00086,0.07646,-0.01482,-1.26573,0.00158,0.00035,0.00022,0.04649,0.00035,-1.12665,10,37.9066,362.821,39.5585,179.3569,1.0261,-122.4223,0.0039,27.2462,0.5758
774,000774.png,False,1788775517.550240,1788775517.345540,shear_-Y_out,4,-Y,0.1,0.07416,-0.16546,-1.18514,0.00866,0.00178,0.00098,0.10795,-0.17686,-1.32411,0.00606,0.00123,0.00033,0.15512,-0.12523,-1.18224,10,37.9963,362.7548,39.5394,179.3582,1.0245,-122.4286,0.0035,27.2254,0.5966
775,000775.png,False,1788775517.962142,1788775517.757442,shear_-Y_out,4,-Y,0.1,0.01543,0.02005,-1.1722,0.00367,0.00015,0.00085,0.04926,0.0087,-1.31125,0.00106,-0.0004,0.00021,0.01147,0.00629,-1.1724,10,37.8815,362.8138,39.551,179.356,1.0267,-122.4162,0.0066,27.2388,0.5832
776,000776.png,False,1788775518.166181,1788775517.961481,shear_-Y_out,4,-Y,0.1,-0.02883,-0.01315,-1.18176,0.00453,-0.00102,0.00084,0.00503,-0.02447,-1.32084,0.00193,-0.00157,0.0002,-0.01021,-0.04472,-1.1813,10,37.8963,362.7971,39.5496,179.3569,1.0255,-122.4184,0.0034,27.237,0.585
777,000777.png,False,1788775518.994189,1788775518.789489,shear_-Y_out,4,-Y,0.1,-0.02489,-0.02661,-1.27689,0.00503,-0.0009,0.00095,0.00905,-0.03783,-1.41612,0.00242,-0.00146,0.0003,0.00059,-0.05594,-1.27619,10,37.9118,362.7824,39.5325,179.3595,1.0231,-122.4197,0.0005,27.2196,0.6024
778,000778.png,False,1788775519.198324,1788775518.993624,shear_-Y_out,4,-Y,0.1,0.00446,-0.16265,-1.06947,0.00864,0.0001,0.00104,0.03843,-0.17384,-1.20873,0.00603,-0.00046,0.00039,0.09254,-0.15577,-1.0665,11,37.9827,362.7243,39.6077,179.3558,1.0274,-122.4271,0.0035,27.2934,0.5286
779,000779.png,False,1788775519.818233,1788775519.613533,shear_-Y_out,4,-Y,0.1,8e-05,-0.06017,-1.29071,0.00594,-0.00029,0.00087,0.03411,-0.07127,-1.43007,0.00332,-0.00085,0.00022,0.03908,-0.07274,-1.28947,11,37.9359,362.7718,39.5284,179.3599,1.0229,-122.4223,0.0008,27.2151,0.6069
780,000780.png,False,1788775521.262435,1788775521.057735,shear_-Y_out,4,-Y,0.2,0.06489,-0.24761,-1.25872,0.01096,0.00152,0.00093,0.09908,-0.25852,-1.39833,0.00834,0.00095,0.00028,0.18864,-0.20219,-1.25436,10,38.0192,362.714,39.5302,179.3602,1.022,-122.4312,0.0073,27.2155,0.6065
781,000781.png,False,1788775523.122502,1788775522.917802,shear_-Y_out,4,-Y,0.3,0.04903,-0.31406,-1.16726,0.01268,0.00113,0.00111,0.08342,-0.32473,-1.30719,0.01005,0.00055,0.00045,0.20747,-0.2662,-1.16174,10,38.0441,362.6387,39.5565,179.3548,1.0282,-122.4241,0.0079,27.2403,0.5817
782,000782.png,False,1788775523.534557,1788775523.329857,shear_-Y_out,4,-Y,0.4,0.02699,-0.33702,-1.19502,0.01336,0.00052,0.00111,0.06143,-0.34764,-1.33501,0.01073,-6e-05,0.00046,0.20005,-0.29754,-1.18905,10,38.0418,362.6217,39.5519,179.3561,1.0267,-122.4232,0.0013,27.2355,0.5865
783,000783.png,False,1788775523.946444,1788775523.741744,shear_-Y_out,4,-Y,0.4,0.01104,-0.34698,-1.20846,0.01369,0.0002,0.00114,0.04552,-0.35754,-1.34853,0.01106,-0.00038,0.00048,0.1913,-0.31435,-1.20229,10,38.0414,362.6128,39.5485,179.3567,1.0261,-122.4228,0.0094,27.2319,0.5901
784,000784.png,False,1788775524.154536,1788775523.949836,shear_-Y_out,4,-Y,0.4,-0.03181,-0.46424,-1.24928,0.01688,-0.00107,0.00101,0.00269,-0.47477,-1.38938,0.01425,-0.00166,0.00036,0.21305,-0.43797,-1.24097,10,38.0501,362.5614,39.5351,179.358,1.0247,-122.4223,0.003,27.2177,0.6043
785,000785.png,False,1788775525.598534,1788775525.393834,shear_-Y_out,4,-Y,0.5,0.013,-0.41862,-1.13826,0.0156,0.00027,0.00093,0.04766,-0.42896,-1.27861,0.01297,-0.00032,0.00027,0.22831,-0.37429,-1.13085,11,38.0725,362.5569,39.56,179.3556,1.0274,-122.4212,0.0078,27.2423,0.5797
786,000786.png,False,1788775526.218560,1788775526.013860,shear_-Y_out,4,-Y,0.5,0.02148,-0.50458,-1.18934,0.01791,0.00042,0.00105,0.0562,-0.51485,-1.32979,0.01527,-0.00017,0.00039,0.27895,-0.44532,-1.18045,11,38.1059,362.512,39.5514,179.3552,1.0276,-122.4241,0.0051,27.2328,0.5892
787,000787.png,False,1788775526.422590,1788775526.217891,shear_-Y_back,4,-Y,0.0,0.01476,-0.51516,-1.194,0.01815,0.00028,0.00105,0.0495,-0.52539,-1.33449,0.01552,-0.00031,0.00038,0.27844,-0.45791,-1.18492,10,38.1063,362.5055,39.5496,179.3559,1.0271,-122.4236,0.0082,27.2309,0.5911
788,000788.png,False,1788775526.630583,1788775526.425883,shear_-Y_back,4,-Y,0.0,0.01077,-0.51934,-1.18057,0.01831,0.00011,0.00088,0.04554,-0.52955,-1.32109,0.01567,-0.00048,0.00022,0.27699,-0.46332,-1.1714,10,38.107,362.5009,39.5473,179.3567,1.0263,-122.4234,0.0054,27.2285,0.5935
789,000789.png,False,1788775526.838593,1788775526.633893,shear_-Y_back,4,-Y,0.0,-0.06298,-0.2718,-1.30556,0.01173,-0.00194,0.00081,-0.02819,-0.28198,-1.44612,0.0091,-0.00254,0.00014,0.0903,-0.28778,-1.30053,11,37.9896,362.5899,39.5176,179.3601,1.0224,-122.4129,0.001,27.2011,0.6209
790,000790.png,False,1788775527.042686,1788775526.837986,shear_-Y_back,4,-Y,0.0,-0.01798,-0.11939,-1.23686,0.00756,-0.00071,0.00082,0.01684,-0.12954,-1.37746,0.00492,-0.0013,0.00015,0.05265,-0.13219,-1.23457,10,37.9705,362.7147,39.5498,179.3582,1.0245,-122.4225,0.004,27.2353,0.5867
791,000791.png,False,1788775527.250613,1788775527.045913,shear_-Y_back,4,-Y,0.0,0.0168,-0.02146,-1.17552,0.0048,0.00031,0.00083,0.05164,-0.03159,-1.31615,0.00216,-0.00029,0.00016,0.03342,-0.02902,-1.175,10,37.9103,362.8849,39.5351,179.3544,1.0281,-122.4265,0.0085,27.2238,0.5982
792,000792.png,False,1788775527.454720,1788775527.250021,shear_+Y_out,4,+Y,0.1,0.02608,0.11994,-1.16541,0.00105,0.00046,0.00074,0.06094,0.10984,-1.30607,-0.0016,-0.00013,8e-05,-0.02926,0.09824,-1.16736,10,37.9223,362.8258,39.5521,179.3571,1.0251,-122.4273,0.0085,27.2398,0.5822
793,000793.png,False,1788775527.870742,1788775527.666042,shear_+Y_out,4,+Y,0.1,0.02967,0.1079,-1.12678,0.00122,0.00067,0.00054,0.06457,0.09785,-1.26751,-0.00142,7e-05,-0.00012,-0.0204,0.09022,-1.12854,10,37.9175,362.8469,39.5551,179.3558,1.0265,-122.4271,0.0049,27.2431,0.5789
794,000794.png,False,1788775528.490715,1788775528.286015,shear_+Y_out,4,+Y,0.2,0.03209,0.12659,-1.16021,0.00087,0.00074,0.00069,0.06705,0.11663,-1.30105,-0.00178,0.00014,2e-05,-0.02741,0.10708,-1.16229,10,37.9123,362.8585,39.5509,179.356,1.0264,-122.4269,0.0002,27.2392,0.5828
795,000795.png,False,1788775528.694814,1788775528.490114,shear_+Y_out,4,+Y,0.2,0.0167,0.25216,-1.10069,-0.00271,0.00027,0.00057,0.0517,0.24222,-1.24157,-0.00535,-0.00033,-0.0001,-0.10389,0.2091,-1.10493,10,37.8624,362.9127,39.5633,179.3553,1.0273,-122.4237,0.0029,27.2528,0.5692
796,000796.png,False,1788775529.522732,1788775529.318032,shear_+Y_out,4,+Y,0.3,-0.00526,0.16845,-1.14792,-0.00033,-0.00026,0.0007,0.02982,0.15862,-1.28893,-0.00298,-0.00086,3e-05,-0.08076,0.12487,-1.15065,10,37.8693,362.8962,39.5581,179.3565,1.026,-122.4247,0.0025,27.2472,0.5748
797,000797.png,False,1788775530.138767,1788775529.934067,shear_+Y_out,4,+Y,0.3,0.01378,0.20365,-1.28299,-0.00126,0.00011,0.0008,0.04892,0.1939,-1.42412,-0.00392,-0.0005,0.00013,-0.08092,0.16271,-1.28636,11,37.8642,362.9245,39.5296,179.3587,1.0236,-122.4253,0.0066,27.2193,0.6027
798,000798.png,False,1788775530.966808,1788775530.762108,shear_+Y_out,4,+Y,0.3,0.02525,0.24207,-1.28523,-0.00233,0.00049,0.00065,0.06048,0.23243,-1.4265,-0.00498,-0.00013,-3e-05,-0.09017,0.20168,-1.28928,10,37.8537,362.9674,39.5249,179.3598,1.0223,-122.4273,0.0035,27.2153,0.6067
799,000799.png,False,1788775532.202974,1788775531.998274,shear_+Y_out,4,+Y,0.4,0.00389,0.28966,-1.1653,-0.00362,0.0,0.00092,0.03926,0.28018,-1.30677,-0.00628,-0.00062,0.00024,-0.13327,0.23414,-1.17015,10,37.826,362.9893,39.5625,179.3566,1.0258,-122.4243,0.007,27.2535,0.5685
800,000800.png,False,1788775532.410883,1788775532.206183,shear_+Y_out,4,+Y,0.4,-0.07335,0.46204,-1.41761,-0.0081,-0.0023,0.00089,-0.03796,0.45258,-1.55912,-0.01076,-0.00292,0.00021,-0.28455,0.34079,-1.42526,10,37.739,363.0313,39.4975,179.3606,1.0213,-122.4153,0.0065,27.1898,0.6322
801,000801.png,False,1788775532.618894,1788775532.414194,shear_+Y_out,4,+Y,0.4,-0.06403,0.39474,-1.35214,-0.00649,-0.0021,0.00095,-0.02862,0.38531,-1.49369,-0.00915,-0.00272,0.00027,-0.24331,0.28821,-1.35865,11,37.7702,363.0289,39.5206,179.3586,1.0238,-122.4201,0.0004,27.2126,0.6094
802,000802.png,False,1788775533.030919,1788775532.826219,shear_+Y_out,4,+Y,0.5,0.0234,0.33579,-1.25727,-0.00484,0.00043,0.00086,0.05885,0.32642,-1.39889,-0.0075,-0.00019,0.00018,-0.13879,0.28237,-1.26295,10,37.8111,363.0276,39.5354,179.3568,1.0254,-122.4258,0.01,27.2271,0.5949
803,000803.png,False,1788775533.854960,1788775533.650260,shear_+Y_out,4,+Y,0.5,0.03328,0.37487,-1.16255,-0.00599,0.00072,0.00099,0.06882,0.36561,-1.3043,-0.00866,9e-05,0.00031,-0.15041,0.32267,-1.16894,11,37.8016,363.0614,39.5654,179.3566,1.0256,-122.4278,0.0054,27.2577,0.5643
804,000804.png,False,1788775534.683000,1788775534.478300,shear_+Y_back,4,+Y,0.0,0.00772,0.49609,-1.21697,-0.0092,-5e-05,0.00098,0.04335,0.48694,-1.35887,-0.01187,-0.00068,0.00029,-0.23274,0.41401,-1.22541,10,37.7499,363.1197,39.5537,179.3562,1.0261,-122.4265,0.0095,27.2473,0.5747
805,000805.png,False,1788775534.887010,1788775534.682310,shear_+Y_back,4,+Y,0.0,0.01105,0.49876,-1.21726,-0.00925,0.00016,0.00096,0.04671,0.48964,-1.3592,-0.01192,-0.00048,0.00027,-0.23119,0.41799,-1.22575,10,37.7494,363.1236,39.5533,179.3558,1.0263,-122.4265,0.007,27.247,0.575
806,000806.png,False,1788775535.095022,1788775534.890322,shear_+Y_back,4,+Y,0.0,0.07158,0.25796,-1.11046,-0.00289,0.00185,0.00096,0.10726,0.24886,-1.25243,-0.00556,0.00122,0.00028,-0.05919,0.24139,-1.11491,10,37.858,363.0383,39.5726,179.3565,1.0258,-122.4334,0.006,27.2641,0.5579
807,000807.png,False,1788775535.507042,1788775535.302342,shear_+Y_back,4,+Y,0.0,0.00578,0.05301,-1.19621,0.00265,-1e-05,0.00097,0.0415,0.04396,-1.33825,-2e-05,-0.00064,0.00028,-0.01318,0.02963,-1.19696,10,37.9119,362.809,39.5532,179.3582,1.0243,-122.4256,0.0081,27.2407,0.5813
808,000808.png,False,1788775535.715122,1788775535.510422,shear_+Y_back,4,+Y,0.0,0.00357,0.00414,-1.23473,0.00408,-0.00012,0.00115,0.03932,-0.00488,-1.37681,0.0014,-0.00076,0.00047,0.00958,-0.01441,-1.23462,10,37.9011,362.8563,39.5437,179.3573,1.0252,-122.4264,0.0008,27.232,0.59
809,000809.png,False,1788775536.331185,1788775536.126485,shear_+X_out,5,+X,0.1,-0.02305,-0.00363,-1.22059,0.00428,-0.00088,0.00097,0.01276,-0.01257,-1.36278,0.00161,-0.00152,0.00028,-0.00969,-0.03422,-1.2203,10,37.8927,362.8428,39.5461,179.3586,1.0238,-122.4258,0.007,27.2342,0.5878
810,000810.png,False,1788775536.747102,1788775536.542402,shear_+X_out,5,+X,0.1,-0.00353,0.00706,-1.19402,0.00402,-0.00018,0.00124,0.03233,-0.00182,-1.33628,0.00134,-0.00082,0.00055,0.00169,-0.01478,-1.19396,10,37.8964,362.8492,39.5584,179.3568,1.0254,-122.4267,0.0004,27.2467,0.5753
811,000811.png,False,1788775537.779159,1788775537.574459,shear_+X_out,5,+X,0.1,0.07849,0.02318,-1.16739,0.00354,0.00201,0.00111,0.11446,0.01444,-1.30982,0.00086,0.00137,0.00042,0.0645,0.0406,-1.16777,11,37.9486,362.8774,39.5599,179.3567,1.0261,-122.4269,0.0062,27.2482,0.5738
812,000812.png,False,1788775538.395194,1788775538.190494,shear_+X_out,5,+X,0.2,0.07479,0.02842,-1.16565,0.00346,0.00196,0.00104,0.11083,0.01975,-1.30818,0.00077,0.00131,0.00035,0.05867,0.04331,-1.16611,10,37.947,362.877,39.5604,179.3573,1.0255,-122.4264,0.0082,27.2487,0.5733
813,000813.png,False,1788775538.811209,1788775538.606509,shear_+X_out,5,+X,0.2,0.12915,0.03758,-1.25342,0.00313,0.00339,0.00126,0.16523,0.02897,-1.39602,0.00045,0.00274,0.00056,0.10178,0.077,-1.25414,10,37.9701,362.8976,39.544,179.3583,1.0243,-122.4223,0.0049,27.2326,0.5894
814,000814.png,False,1788775540.047287,1788775539.842587,shear_+X_out,5,+X,0.3,0.21151,0.03143,-1.16224,0.0032,0.00553,0.00121,0.24772,0.02298,-1.30505,0.00051,0.00488,0.00051,0.17557,0.11428,-1.16303,10,38.0228,362.9211,39.5634,179.3569,1.0263,-122.4262,0.01,27.2519,0.5701
815,000815.png,False,1788775540.459307,1788775540.254607,shear_+X_out,5,+X,0.3,0.29327,0.04912,-1.19097,0.00281,0.00784,0.00108,0.32953,0.04073,-1.33386,0.00012,0.00719,0.00038,0.23775,0.17,-1.19223,11,38.0625,362.9539,39.5529,179.3562,1.027,-122.4256,0.0005,27.2417,0.5803
816,000816.png,False,1788775540.875431,1788775540.670731,shear_+X_out,5,+X,0.4,0.28,0.03819,-1.20114,0.0031,0.0075,0.00115,0.31631,0.02985,-1.34409,0.00041,0.00684,0.00045,0.23179,0.15375,-1.20218,11,38.0617,362.9506,39.553,179.3563,1.0268,-122.4256,0.0076,27.2417,0.5803
817,000817.png,False,1788775541.287445,1788775541.082745,shear_+X_out,5,+X,0.4,0.27441,0.03485,-1.1924,0.00324,0.00743,0.00107,0.31075,0.02656,-1.33543,0.00055,0.00677,0.00037,0.22855,0.14819,-1.19337,10,38.0627,362.9588,39.5536,179.3562,1.027,-122.4256,0.002,27.2424,0.5796
818,000818.png,False,1788775541.699367,1788775541.494667,shear_+X_out,5,+X,0.4,0.34135,0.00454,-1.18105,0.00406,0.00915,0.0011,0.37774,-0.00369,-1.32415,0.00136,0.00849,0.0004,0.3016,0.15557,-1.18163,11,38.1089,362.9534,39.5557,179.358,1.0252,-122.4275,0.0057,27.2442,0.5778
819,000819.png,False,1788775541.907448,1788775541.702748,shear_+X_out,5,+X,0.4,0.41288,0.0557,-1.17723,0.00257,0.01099,0.00107,0.4493,0.04749,-1.32037,-0.00012,0.01033,0.00037,0.33798,0.23568,-1.17884,10,38.1347,362.9856,39.5565,179.3565,1.0267,-122.4247,0.0075,27.2453,0.5767
820,000820.png,False,1788775542.939537,1788775542.734837,shear_+X_out,5,+X,0.5,0.38537,0.03262,-1.18006,0.00328,0.01033,0.00099,0.4219,0.02455,-1.32336,0.00058,0.00966,0.00029,0.3257,0.20191,-1.18121,11,38.1347,362.9849,39.5532,179.3568,1.0264,-122.426,0.0037,27.2419,0.5801
821,000821.png,False,1788775543.351447,1788775543.146747,shear_+X_out,5,+X,0.5,0.45471,0.02767,-1.22135,0.00338,0.01219,0.00115,0.49128,0.01965,-1.36473,0.00068,0.01153,0.00044,0.38852,0.2316,-1.22256,10,38.1764,363.0195,39.5484,179.3574,1.0257,-122.4256,0.0025,27.2374,0.5846
822,000822.png,False,1788775544.175582,1788775543.970882,shear_+X_back,5,+X,0.0,0.48501,0.03089,-1.18217,0.0033,0.01301,0.00105,0.52167,0.02298,-1.32569,0.0006,0.01233,0.00034,0.41289,0.25016,-1.1835,10,38.1995,363.0224,39.556,179.357,1.0265,-122.4251,0.0003,27.2449,0.5771
823,000823.png,False,1788775544.795604,1788775544.590904,shear_+X_back,5,+X,0.0,0.15581,0.03954,-1.13546,0.00309,0.00414,0.00104,0.19253,0.03171,-1.27909,0.00038,0.00346,0.00033,0.12308,0.09391,-1.13628,11,38.0127,362.9362,39.5557,179.3552,1.0274,-122.4284,0.0027,27.2445,0.5775
824,000824.png,False,1788775545.207549,1788775545.002849,shear_-X_out,5,-X,0.1,-0.05736,0.10017,-1.16334,0.00158,-0.00174,0.0007,-0.02059,0.0924,-1.30703,-0.00113,-0.00242,-1e-05,-0.09167,0.03946,-1.16478,10,37.9006,362.8774,39.5528,179.3564,1.0259,-122.4262,0.008,27.2415,0.5805
825,000825.png,False,1788775545.415646,1788775545.210946,shear_-X_out,5,-X,0.1,-0.05336,0.0774,-1.15404,0.00208,-0.00161,0.00062,-0.01657,0.06966,-1.29777,-0.00063,-0.00229,-9e-05,-0.07689,0.02188,-1.1551,10,37.902,362.8659,39.5507,179.3572,1.0249,-122.4273,0.006,27.2391,0.5829
826,000826.png,False,1788775547.891840,1788775547.687140,shear_-X_out,5,-X,0.2,-0.14124,0.08615,-1.09792,0.00188,-0.004,0.00094,-0.10418,0.07873,-1.24207,-0.00084,-0.00469,0.00022,-0.15778,-0.01354,-1.09896,10,37.8179,362.829,39.566,179.3537,1.0282,-122.4289,0.0064,27.2545,0.5675
827,000827.png,False,1788775549.131876,1788775548.927176,shear_-X_out,5,-X,0.3,-0.16346,0.08215,-1.20018,0.00199,-0.00473,0.00101,-0.12627,0.07489,-1.34455,-0.00073,-0.00542,0.00029,-0.17432,-0.02975,-1.2011,10,37.8042,362.8195,39.5506,179.3562,1.0258,-122.4262,0.01,27.239,0.583
828,000828.png,False,1788775549.335843,1788775549.131143,shear_-X_out,5,-X,0.3,-0.32486,0.14212,-1.06588,0.00039,-0.00904,0.00089,-0.28765,0.13489,-1.21028,-0.00233,-0.00974,0.00017,-0.34502,-0.05631,-1.06754,11,37.6948,362.816,39.5869,179.3523,1.0303,-122.412,0.0078,27.276,0.546
829,000829.png,False,1788775549.543892,1788775549.339192,shear_-X_out,5,-X,0.3,-0.26278,0.13623,-1.11852,0.00054,-0.00729,0.00092,-0.22554,0.12902,-1.26295,-0.00219,-0.00798,0.0002,-0.28793,-0.03124,-1.12018,10,37.7372,362.8122,39.5712,179.3533,1.0288,-122.4217,0.002,27.26,0.562
830,000830.png,False,1788775550.783893,1788775550.579193,shear_-X_out,5,-X,0.4,-0.25933,0.0506,-1.1992,0.00285,-0.00735,0.00089,-0.22196,0.04356,-1.34384,0.00012,-0.00805,0.00017,-0.24161,-0.10497,-1.19937,10,37.743,362.768,39.5473,179.3576,1.0239,-122.431,0.0097,27.2353,0.5867
831,000831.png,False,1788775551.399865,1788775551.195165,shear_-X_out,5,-X,0.4,-0.40341,0.10336,-1.19862,0.00145,-0.01123,0.0007,-0.36597,0.0964,-1.34337,-0.00128,-0.01194,-3e-05,-0.39277,-0.13126,-1.19942,11,37.6494,362.7432,39.5472,179.3544,1.0273,-122.4269,0.0009,27.2355,0.5865
832,000832.png,False,1788775552.019989,1788775551.815289,shear_-X_out,5,-X,0.5,-0.40319,0.07299,-1.18324,0.00224,-0.01123,0.00067,-0.36569,0.06611,-1.3281,-0.00049,-0.01193,-5e-05,-0.37752,-0.1572,-1.18352,10,37.6501,362.7314,39.5488,179.3556,1.026,-122.4276,0.0048,27.2368,0.5852
833,000833.png,False,1788775552.431917,1788775552.227217,shear_-X_out,5,-X,0.5,-0.48552,0.08107,-1.12561,0.00207,-0.01347,0.00065,-0.44797,0.07425,-1.27054,-0.00066,-0.01418,-8e-05,-0.45327,-0.19042,-1.12587,10,37.598,362.7035,39.5645,179.3556,1.026,-122.4271,0.0036,27.2524,0.5696
834,000834.png,False,1788775552.847942,1788775552.643242,shear_-X_back,5,-X,0.0,-0.46339,0.09067,-1.15293,0.00187,-0.01281,0.00072,-0.42579,0.0839,-1.29793,-0.00087,-0.01352,-1e-05,-0.4387,-0.17148,-1.1534,10,37.6019,362.7089,39.5591,179.3553,1.026,-122.4271,0.0033,27.2471,0.5749
835,000835.png,False,1788775553.259960,1788775553.055260,shear_-X_back,5,-X,0.0,-0.19424,0.10097,-1.2868,0.00159,-0.00571,0.00089,-0.1566,0.09426,-1.43187,-0.00115,-0.00642,0.00016,-0.20978,-0.03022,-1.28796,11,37.7615,362.7691,39.5165,179.3568,1.0247,-122.4347,0.0049,27.2044,0.6176
836,000836.png,False,1788775553.463974,1788775553.259274,shear_-X_back,5,-X,0.0,-0.11803,0.10384,-1.2232,0.00145,-0.00347,0.0009,-0.08037,0.09715,-1.36831,-0.00129,-0.00418,0.00017,-0.14564,0.01136,-1.22458,10,37.7858,362.8016,39.5467,179.3574,1.0248,-122.4254,0.0063,27.235,0.587
837,000837.png,False,1788775553.671983,1788775553.467283,shear_-X_back,5,-X,0.0,-0.03462,0.09492,-1.16986,0.00172,-0.00121,0.00091,0.00306,0.08826,-1.315,-0.00102,-0.00192,0.00017,-0.0693,0.04617,-1.17126,10,37.8833,362.8967,39.5597,179.3561,1.0268,-122.4252,0.0072,27.2488,0.5732
838,000838.png,False,1788775553.880076,1788775553.675376,shear_-Y_out,5,-Y,0.1,0.05931,0.03164,-1.15683,0.0034,0.00144,0.00089,0.09702,0.02501,-1.30201,0.00066,0.00073,0.00016,0.04358,0.03851,-1.15732,10,37.8881,362.8535,39.5547,179.3575,1.0249,-122.4251,0.0007,27.243,0.579
839,000839.png,False,1788775554.084012,1788775553.879312,shear_-Y_out,5,-Y,0.1,0.05292,0.05071,-1.16019,0.00292,0.0012,0.00094,0.09065,0.0441,-1.30541,0.00018,0.00048,0.00021,0.02855,0.05177,-1.161,10,37.8881,362.8608,39.5547,179.3573,1.0252,-122.4247,0.0003,27.2432,0.5788
840,000840.png,False,1788775554.496140,1788775554.291440,shear_-Y_out,5,-Y,0.1,0.01584,0.0151,-1.08791,0.00381,0.00035,0.0012,0.05362,0.00854,-1.23319,0.00107,-0.00037,0.00047,0.01372,0.00356,-1.08803,11,37.8956,362.8256,39.5779,179.3561,1.0268,-122.423,0.0085,27.2658,0.5562
841,000841.png,False,1788775554.704036,1788775554.499336,shear_-Y_out,5,-Y,0.1,0.07212,-0.20956,-1.18948,0.00986,0.00175,0.00107,0.10992,-0.21609,-1.33479,0.00712,0.00103,0.00033,0.17542,-0.16452,-1.18581,10,38.0086,362.7425,39.5412,179.358,1.0247,-122.4317,0.0055,27.227,0.595
842,000842.png,False,1788775554.912140,1788775554.707440,shear_-Y_out,5,-Y,0.1,0.07827,-0.17079,-1.22723,0.00895,0.00196,0.0011,0.11609,-0.17728,-1.37258,0.00621,0.00125,0.00037,0.16163,-0.12846,-1.22424,10,37.9828,362.7406,39.5376,179.3584,1.0242,-122.4282,0.001,27.2235,0.5985
843,000843.png,False,1788775555.324066,1788775555.119366,shear_-Y_out,5,-Y,0.1,-0.0669,-0.01328,-1.28353,0.00474,-0.00204,0.00096,-0.02904,-0.01972,-1.42895,0.00199,-0.00276,0.00022,-0.04242,-0.06549,-1.28297,10,37.8954,362.7856,39.5272,179.3591,1.0237,-122.4195,0.0079,27.2144,0.6076
844,000844.png,False,1788775556.148111,1788775555.943411,shear_-Y_out,5,-Y,0.1,-0.04295,-0.03716,-1.26687,0.00537,-0.00133,0.00083,-0.005,-0.0435,-1.41243,0.00262,-0.00205,0.0001,-0.00986,-0.07394,-1.26595,10,37.9087,362.7745,39.5329,179.3601,1.0219,-122.4207,0.0025,27.2198,0.6022
845,000845.png,False,1788775557.180267,1788775556.975567,shear_-Y_out,5,-Y,0.1,-0.01819,-0.12857,-1.04924,0.00773,-0.00048,0.00074,0.01987,-0.13477,-1.19498,0.00497,-0.00121,0.0,0.05575,-0.13725,-1.04682,11,37.9482,362.7374,39.6049,179.354,1.029,-122.4245,0.0045,27.291,0.531
846,000846.png,False,1788775559.660288,1788775559.455588,shear_-Y_out,5,-Y,0.3,-0.0406,-0.28725,-1.16521,0.01201,-0.0012,0.00089,-0.00227,-0.29313,-1.31138,0.00925,-0.00194,0.00014,0.11643,-0.28773,-1.15997,10,37.9819,362.668,39.5455,179.3561,1.0268,-122.4256,0.0081,27.2302,0.5918
847,000847.png,False,1788775560.692342,1788775560.487642,shear_-Y_out,5,-Y,0.4,-0.02615,-0.30064,-1.10396,0.01241,-0.00068,0.00088,0.01229,-0.30638,-1.2503,0.00964,-0.00142,0.00013,0.13521,-0.29113,-1.09853,10,38.0036,362.628,39.5645,179.3566,1.026,-122.4236,0.0093,27.2484,0.5736
848,000848.png,False,1788775560.896356,1788775560.691656,shear_-Y_out,5,-Y,0.4,-0.02856,-0.31366,-1.13431,0.01268,-0.0008,0.00109,0.0099,-0.31938,-1.28069,0.00992,-0.00154,0.00034,0.13983,-0.3041,-1.12864,11,38.0068,362.622,39.5636,179.3567,1.0255,-122.4241,0.0055,27.2474,0.5746
849,000849.png,False,1788775561.104459,1788775560.899759,shear_-Y_out,5,-Y,0.4,-0.02716,-0.32002,-1.11976,0.01284,-0.00083,0.00099,0.01132,-0.32571,-1.26617,0.01007,-0.00158,0.00024,0.14413,-0.30867,-1.11399,10,38.0113,362.6147,39.5643,179.357,1.0255,-122.4249,0.0076,27.248,0.574
850,000850.png,False,1788775561.308501,1788775561.103801,shear_-Y_out,5,-Y,0.4,0.03465,-0.49909,-1.2056,0.01783,0.00088,0.00107,0.07315,-0.50475,-1.35204,0.01506,0.00014,0.00032,0.28773,-0.43425,-1.19683,10,38.0845,362.5662,39.5469,179.3582,1.024,-122.4336,0.0042,27.2293,0.5927
851,000851.png,False,1788775561.516472,1788775561.311772,shear_-Y_out,5,-Y,0.4,0.04526,-0.42572,-1.17236,0.0158,0.00117,0.00106,0.08379,-0.43135,-1.31884,0.01303,0.00042,0.00031,0.26003,-0.36487,-1.16489,11,38.0819,362.562,39.5536,179.3577,1.0246,-122.4317,0.0024,27.2359,0.5861
852,000852.png,False,1788775561.928492,1788775561.723792,shear_-Y_out,5,-Y,0.4,0.0117,-0.3762,-1.15378,0.01454,0.00028,0.0011,0.05027,-0.38178,-1.30033,0.01177,-0.00047,0.00035,0.20609,-0.33845,-1.1471,10,38.0523,362.5851,39.558,179.3561,1.0267,-122.426,0.0096,27.2409,0.5811
853,000853.png,False,1788775563.168469,1788775562.963769,shear_-Y_out,5,-Y,0.5,-0.01366,-0.39677,-1.05589,0.01491,-0.00031,0.00109,0.02504,-0.40218,-1.20265,0.01213,-0.00106,0.00034,0.19372,-0.36737,-1.04882,10,38.0546,362.5591,39.5801,179.3553,1.0277,-122.4204,0.002,27.2626,0.5594
854,000854.png,False,1788775563.992518,1788775563.787818,shear_-Y_back,5,-Y,0.0,-0.00414,-0.51355,-1.17183,0.01815,-7e-05,0.00091,0.03466,-0.51886,-1.31873,0.01537,-0.00083,0.00015,0.26112,-0.46561,-1.16274,10,38.0976,362.4984,39.5473,179.3555,1.0276,-122.4239,0.0041,27.2285,0.5935
855,000855.png,False,1788775564.200526,1788775563.995826,shear_-Y_back,5,-Y,0.0,-0.00526,-0.51853,-1.16481,0.01841,-0.00014,0.00078,0.03356,-0.52381,-1.31174,0.01563,-0.0009,2e-05,0.26259,-0.47037,-1.15563,10,38.0976,362.4947,39.5451,179.3561,1.0269,-122.4232,0.0042,27.2263,0.5957
856,000856.png,False,1788775564.404534,1788775564.199834,shear_-Y_back,5,-Y,0.0,-0.08902,-0.26133,-1.33609,0.01155,-0.00251,0.00073,-0.05018,-0.26658,-1.48306,0.00877,-0.00327,-3e-05,0.06272,-0.29221,-1.33118,10,37.9894,362.5773,39.5118,179.3633,1.0192,-122.4152,0.0017,27.195,0.627
857,000857.png,False,1788775564.612545,1788775564.407845,shear_-Y_back,5,-Y,0.0,-0.03189,-0.1299,-1.22436,0.00791,-0.00085,0.00081,0.00698,-0.13513,-1.37137,0.00513,-0.00161,5e-05,0.04577,-0.14805,-1.22186,10,37.9665,362.7108,39.5548,179.3582,1.0242,-122.4234,0.0042,27.2404,0.5816
858,000858.png,False,1788775565.024652,1788775564.819952,shear_+Y_out,5,+Y,0.1,0.0073,0.11684,-1.10719,0.00114,0.00023,0.00076,0.04621,0.11166,-1.25426,-0.00165,-0.00053,0.0,-0.04437,0.0871,-1.10906,10,37.9118,362.8294,39.5637,179.3568,1.0254,-122.4284,0.0068,27.2515,0.5705
859,000859.png,False,1788775565.232723,1788775565.028023,shear_+Y_out,5,+Y,0.1,0.00808,0.10692,-1.10122,0.00139,0.00028,0.00081,0.04701,0.10178,-1.24833,-0.00139,-0.00048,4e-05,-0.03878,0.079,-1.10292,10,37.9095,362.8395,39.5657,179.3564,1.0262,-122.4282,0.0004,27.2537,0.5683
860,000860.png,False,1788775566.056702,1788775565.852002,shear_+Y_out,5,+Y,0.2,0.01387,0.12824,-1.13719,0.00075,0.00044,0.00092,0.05288,0.1232,-1.28445,-0.00203,-0.00032,0.00016,-0.04418,0.09978,-1.13927,11,37.9013,362.8597,39.5611,179.3562,1.026,-122.4275,0.0089,27.2495,0.5725
861,000861.png,False,1788775566.264702,1788775566.060002,shear_+Y_out,5,+Y,0.2,0.00486,0.25148,-1.20587,-0.00251,0.00013,0.00091,0.0439,0.24647,-1.35316,-0.0053,-0.00063,0.00014,-0.11308,0.20091,-1.21006,10,37.8591,362.9057,39.541,179.3582,1.0238,-122.4242,0.0024,27.2304,0.5916
862,000862.png,False,1788775567.296814,1788775567.092114,shear_+Y_out,5,+Y,0.3,-0.01232,0.18478,-1.15088,-0.00069,-0.00027,0.00101,0.02683,0.1799,-1.29834,-0.00348,-0.00104,0.00024,-0.09501,0.13544,-1.15388,11,37.8615,362.901,39.5603,179.3564,1.0257,-122.4262,0.0029,27.2497,0.5723
863,000863.png,False,1788775567.708827,1788775567.504128,shear_+Y_out,5,+Y,0.3,-0.01418,0.2398,-1.14487,-0.0023,-0.00034,0.00095,0.02502,0.23498,-1.29241,-0.00509,-0.00111,0.00018,-0.12415,0.18226,-1.14883,10,37.8402,362.9326,39.5609,179.3562,1.0255,-122.4256,0.0083,27.2508,0.5712
864,000864.png,False,1788775568.328829,1788775568.124129,shear_+Y_out,5,+Y,0.3,0.00644,0.28426,-1.14932,-0.00356,0.00022,0.00088,0.04571,0.27952,-1.29697,-0.00636,-0.00056,0.00011,-0.12847,0.231,-1.15409,10,37.8369,362.964,39.5596,179.3561,1.0263,-122.426,0.0069,27.2501,0.5719
865,000865.png,False,1788775569.360788,1788775569.156088,shear_+Y_out,5,+Y,0.4,0.00572,0.30938,-1.21597,-0.00419,0.00013,0.00088,0.04509,0.30478,-1.36379,-0.00699,-0.00065,0.0001,-0.14119,0.25132,-1.22116,10,37.8243,362.9942,39.5441,179.3597,1.0219,-122.4275,0.0085,27.2352,0.5868
866,000866.png,False,1788775569.564817,1788775569.360117,shear_+Y_out,5,+Y,0.4,0.02811,0.39663,-1.15848,-0.0065,0.00089,0.00074,0.06751,0.39205,-1.30634,-0.0093,0.00011,-3e-05,-0.16578,0.339,-1.16524,10,37.8124,363.0215,39.5543,179.3566,1.0253,-122.428,0.0093,27.2459,0.5761
867,000867.png,False,1788775570.596859,1788775570.392159,shear_+Y_out,5,+Y,0.5,0.01729,0.3766,-1.16756,-0.0059,0.00057,0.00091,0.0568,0.37216,-1.31559,-0.0087,-0.00022,0.00013,-0.16509,0.3161,-1.17395,11,37.8043,363.037,39.5589,179.3557,1.0262,-122.428,0.0045,27.2508,0.5712
868,000868.png,False,1788775571.012885,1788775570.808185,shear_+Y_out,5,+Y,0.5,-0.00203,0.38654,-1.13119,-0.00635,-8e-05,0.00061,0.03753,0.38216,-1.27929,-0.00916,-0.00086,-0.00017,-0.18704,0.31564,-1.13771,10,37.7859,363.0469,39.5598,179.3557,1.0262,-122.4256,0.0037,27.252,0.57
869,000869.png,False,1788775571.216989,1788775571.012289,shear_+Y_out,5,+Y,0.5,-0.09695,0.54822,-1.16825,-0.01059,-0.00257,0.00058,-0.05738,0.54386,-1.31639,-0.0134,-0.00336,-0.00019,-0.34979,0.40764,-1.17739,11,37.6988,363.0794,39.5514,179.3569,1.025,-122.4175,0.0061,27.2447,0.5773
870,000870.png,False,1788775571.424984,1788775571.220284,shear_+Y_out,5,+Y,0.5,-0.06684,0.46881,-1.18311,-0.00853,-0.00187,0.00074,-0.02724,0.46448,-1.33128,-0.01133,-0.00266,-3e-05,-0.28393,0.35367,-1.19093,10,37.739,363.0762,39.5512,179.3568,1.0252,-122.4236,0.0074,27.2441,0.5779
871,000871.png,False,1788775571.836916,1788775571.632216,shear_+Y_back,5,+Y,0.0,0.0098,0.41789,-1.15871,-0.00719,0.00028,0.00062,0.04944,0.41361,-1.30696,-0.00999,-0.00051,-0.00016,-0.19227,0.34825,-1.1658,11,37.7686,363.0766,39.5534,179.3564,1.0254,-122.4275,0.0026,27.2462,0.5758
872,000872.png,False,1788775572.045023,1788775571.840323,shear_+Y_back,5,+Y,0.0,0.01799,0.41388,-1.18041,-0.00708,0.00051,0.00087,0.05765,0.40962,-1.32869,-0.00989,-0.00029,0.0001,-0.18301,0.34853,-1.18744,10,37.773,363.077,39.5551,179.3564,1.0257,-122.4275,0.0046,27.2479,0.5741
873,000873.png,False,1788775572.249028,1788775572.044328,shear_+Y_back,5,+Y,0.0,0.10775,0.15882,-0.99941,-0.00023,0.00305,0.00087,0.14743,0.1546,-1.14773,-0.00304,0.00226,9e-05,0.02091,0.17538,-1.00223,10,37.8846,362.9978,39.591,179.3546,1.0275,-122.4363,0.0071,27.2817,0.5403
874,000874.png,False,1788775572.457034,1788775572.252334,shear_+Y_back,5,+Y,0.0,0.0428,0.12977,-1.09253,0.00057,0.00126,0.00088,0.0825,0.12557,-1.24088,-0.00224,0.00047,0.00011,-0.02019,0.11627,-1.0947,11,37.8778,362.9392,39.5544,179.3543,1.0279,-122.4324,0.006,27.2442,0.5778
875,000875.png,False,1788775572.660969,1788775572.456270,shear_+Y_back,5,+Y,0.0,-0.00292,0.03095,-1.12105,0.00332,7e-05,0.00084,0.03681,0.02678,-1.26943,0.00051,-0.00073,6e-05,-0.01022,0.00739,-1.12141,10,37.895,362.8603,39.5593,179.3565,1.026,-122.4291,0.0032,27.2477,0.5743
876,000876.png,False,1788775572.869061,1788775572.664361,shear_+Y_back,5,+Y,0.0,-0.00409,0.0324,-1.12991,0.00327,4e-05,0.00086,0.03566,0.02826,-1.27832,0.00046,-0.00076,8e-05,-0.0119,0.00792,-1.13029,9,37.8946,362.8591,39.56,179.3562,1.026,-122.4286,0.013,27.2484,0.5736
877,000877.png,False,1788775573.489128,1788775573.284428,shear_+Y_back,5,+Y,0.0,-0.03663,0.03248,-1.16991,0.00329,-0.00091,0.00082,0.00319,0.02841,-1.31844,0.00047,-0.00171,4e-05,-0.03984,-0.00892,-1.17022,10,37.8889,362.8491,39.5459,179.3563,1.0261,-122.4282,0.0004,27.2342,0.5878
878,000878.png,False,1788775573.901025,1788775573.696325,shear_+X_out,6,+X,0.1,-0.00311,0.01044,-1.20941,0.00398,5e-05,0.00084,0.03675,0.00643,-1.358,0.00117,-0.00075,6e-05,0.00047,-0.01189,-1.2094,10,37.8997,362.8427,39.5364,179.3569,1.0252,-122.4299,0.0091,27.2246,0.5974
879,000879.png,False,1788775574.109127,1788775573.904427,shear_+X_out,6,+X,0.1,-0.00489,0.01669,-1.21619,0.00383,7e-05,0.00095,0.035,0.01271,-1.36482,0.00101,-0.00073,0.00017,-0.00414,-0.00747,-1.21629,10,37.9006,362.8444,39.5369,179.3568,1.0257,-122.4299,0.0047,27.2251,0.5969
880,000880.png,False,1788775574.313047,1788775574.108347,shear_+X_out,6,+X,0.1,0.13459,0.02211,-1.21246,0.00357,0.00381,0.00095,0.1745,0.01816,-1.36112,0.00076,0.00301,0.00017,0.11395,0.06698,-1.21293,10,38.0065,362.8765,39.5336,179.3547,1.0278,-122.4398,0.0021,27.2215,0.6005
881,000881.png,False,1788775575.761118,1788775575.556418,shear_+X_out,6,+X,0.2,0.08091,0.03027,-1.18863,0.00336,0.00234,0.00083,0.12097,0.0265,-1.33754,0.00054,0.00153,4e-05,0.0632,0.0476,-1.18914,10,37.9497,362.874,39.539,179.3568,1.0256,-122.4299,0.0081,27.2273,0.5947
882,000882.png,False,1788775576.173219,1788775575.968519,shear_+X_out,6,+X,0.2,0.13759,0.03503,-1.1962,0.0032,0.00388,0.00082,0.1777,0.03132,-1.34518,0.00038,0.00307,3e-05,0.10998,0.07993,-1.1969,10,37.9745,362.8966,39.5373,179.3576,1.0249,-122.4262,0.0028,27.2258,0.5962
883,000883.png,False,1788775577.409208,1788775577.204508,shear_+X_out,6,+X,0.3,0.20136,0.03372,-1.17146,0.00315,0.00568,0.00072,0.2416,0.03017,-1.32065,0.00032,0.00487,-7e-05,0.16569,0.11105,-1.17227,10,38.0171,362.9279,39.5394,179.3564,1.0261,-122.4288,0.0027,27.228,0.594
884,000884.png,False,1788775577.617279,1788775577.412579,shear_+X_out,6,+X,0.3,0.32913,0.07364,-1.20322,0.00217,0.00918,0.00082,0.36939,0.07012,-1.35245,-0.00066,0.00836,3e-05,0.25665,0.20896,-1.20498,11,38.071,362.9445,39.5309,179.3561,1.0267,-122.4295,0.0093,27.2194,0.6026
885,000885.png,False,1788775579.061293,1788775578.856593,shear_+X_out,6,+X,0.4,0.3068,0.06146,-1.20146,0.00255,0.00857,0.00102,0.34722,0.05813,-1.35094,-0.00029,0.00775,0.00023,0.24338,0.18727,-1.20296,10,38.0758,362.9655,39.5408,179.3568,1.0261,-122.4267,0.0019,27.2296,0.5924
886,000886.png,False,1788775579.889331,1788775579.684631,shear_+X_out,6,+X,0.5,0.40214,0.01969,-1.1997,0.00362,0.01117,0.00102,0.44265,0.01647,-1.34932,0.00078,0.01034,0.00023,0.34682,0.19877,-1.20066,10,38.1437,362.9775,39.5425,179.3566,1.0262,-122.431,0.0016,27.2311,0.5909
887,000887.png,False,1788775580.301445,1788775580.096745,shear_+X_out,6,+X,0.5,0.3961,0.0386,-1.21908,0.00316,0.01104,0.00121,0.43665,0.03543,-1.36876,0.00032,0.01021,0.00041,0.33227,0.21182,-1.22035,10,38.1398,363.0004,39.5417,179.3563,1.0265,-122.4308,0.0076,27.2307,0.5913
888,000888.png,False,1788775581.125420,1788775580.920720,shear_+X_out,6,+X,0.5,0.45004,0.02168,-1.05089,0.00347,0.01256,0.00101,0.49068,0.01862,-1.20072,0.00063,0.01173,0.00021,0.38629,0.22681,-1.05201,10,38.1975,363.0127,39.5805,179.3557,1.0271,-122.4302,0.0007,27.2692,0.5528
889,000889.png,False,1788775582.569583,1788775582.364883,shear_+X_back,6,+X,0.0,0.1381,0.03176,-1.11694,0.00328,0.00418,0.00085,0.1789,0.02889,-1.26701,0.00043,0.00334,4e-05,0.11151,0.07862,-1.11759,10,38.0246,362.9276,39.5465,179.3559,1.0259,-122.4321,0.0077,27.2351,0.5869
890,000890.png,False,1788775582.777484,1788775582.572784,shear_+X_back,6,+X,0.0,0.01508,0.01729,-1.18466,0.00372,0.00078,0.0008,0.0559,0.01445,-1.33477,0.00087,-6e-05,-0.0,0.01264,0.00353,-1.18481,11,37.9127,362.8267,39.5328,179.3564,1.0251,-122.431,0.0086,27.2206,0.6014
891,000891.png,False,1788775582.985569,1788775582.780869,shear_-X_out,6,-X,0.1,-0.07263,0.10697,-1.22861,0.00139,-0.00173,0.0009,-0.03179,0.10416,-1.37876,-0.00146,-0.00257,0.0001,-0.10784,0.03667,-1.23014,10,37.9059,362.8827,39.5344,179.3548,1.0271,-122.4308,0.0019,27.2232,0.5988
892,000892.png,False,1788775583.809536,1788775583.604836,shear_-X_out,6,-X,0.2,-0.07958,0.00852,-1.24479,0.00403,-0.00183,0.0009,-0.03865,0.00581,-1.39507,0.00118,-0.00268,9e-05,-0.06456,-0.05233,-1.24459,10,37.912,362.8351,39.5278,179.3582,1.0234,-122.4316,0.0028,27.2157,0.6063
893,000893.png,False,1788775584.017545,1788775583.812845,shear_-X_out,6,-X,0.2,-0.07521,0.01061,-1.21073,0.00385,-0.0018,0.00074,-0.03425,0.00793,-1.36105,0.001,-0.00265,-7e-05,-0.06205,-0.04778,-1.21058,11,37.9084,362.8345,39.5303,179.3578,1.0236,-122.4314,0.0041,27.2182,0.6038
894,000894.png,False,1788775585.665641,1788775585.460941,shear_-X_out,6,-X,0.3,-0.16741,0.0652,-1.13856,0.00248,-0.00413,0.00103,-0.12627,0.06274,-1.28916,-0.00038,-0.00498,0.00022,-0.16969,-0.04542,-1.13918,10,37.8286,362.8221,39.5539,179.357,1.0245,-122.4358,0.0011,27.2422,0.5798
895,000895.png,False,1788775586.081652,1788775585.876952,shear_-X_out,6,-X,0.3,-0.27059,0.10708,-1.20458,0.0013,-0.00704,0.00094,-0.22941,0.10467,-1.35525,-0.00156,-0.00789,0.00013,-0.27953,-0.06176,-1.20571,10,37.7578,362.8095,39.5432,179.3571,1.0241,-122.433,0.0076,27.2318,0.5902
896,000896.png,False,1788775586.905805,1788775586.701105,shear_-X_out,6,-X,0.4,-0.25792,0.09157,-1.20144,0.00178,-0.00676,0.0008,-0.21665,0.08927,-1.35226,-0.00109,-0.00762,-2e-05,-0.26083,-0.06881,-1.20233,10,37.7608,362.8018,39.5383,179.357,1.024,-122.4323,0.0078,27.2267,0.5953
897,000897.png,False,1788775587.317832,1788775587.113132,shear_-X_out,6,-X,0.4,-0.32202,0.08329,-1.20677,0.00195,-0.0085,0.00054,-0.28071,0.08105,-1.35765,-0.00092,-0.00936,-0.00028,-0.31219,-0.1081,-1.20738,11,37.7263,362.7749,39.5287,179.3565,1.0247,-122.4323,0.0017,27.217,0.605
898,000898.png,False,1788775588.557780,1788775588.353080,shear_-X_out,6,-X,0.5,-0.37193,0.07544,-1.20451,0.00205,-0.00992,0.00062,-0.33049,0.07336,-1.35561,-0.00082,-0.01079,-0.00019,-0.35152,-0.1398,-1.20489,11,37.6878,362.7524,39.531,179.3574,1.0238,-122.4336,0.0087,27.2191,0.6029
899,000899.png,False,1788775588.969800,1788775588.765100,shear_-X_out,6,-X,0.5,-0.4557,0.09091,-1.17877,0.00164,-0.01208,0.00069,-0.41421,0.08888,-1.32994,-0.00124,-0.01294,-0.00013,-0.43198,-0.16785,-1.17926,10,37.6369,362.7305,39.5424,179.3564,1.025,-122.4317,0.0017,27.2306,0.5914
900,000900.png,False,1788775589.797941,1788775589.593241,shear_-X_back,6,-X,0.0,-0.47156,0.08786,-1.18743,0.00178,-0.0126,0.00066,-0.42998,0.08594,-1.33873,-0.0011,-0.01347,-0.00016,-0.44414,-0.17855,-1.18783,11,37.6176,362.7184,39.5395,179.3565,1.0246,-122.4349,0.0063,27.2275,0.5945
901,000901.png,False,1788775590.001945,1788775589.797246,shear_-X_back,6,-X,0.0,-0.47021,0.08038,-1.18745,0.00191,-0.01258,0.00066,-0.42861,0.07849,-1.33879,-0.00096,-0.01345,-0.00016,-0.43923,-0.18436,-1.18772,10,37.6171,362.717,39.5382,179.3568,1.0242,-122.4347,0.0095,27.2263,0.5957
902,000902.png,False,1788775590.621889,1788775590.417189,shear_-Y_out,6,-Y,0.1,-0.01119,0.09538,-1.19359,0.00148,-0.0001,0.00083,0.03047,0.09357,-1.34504,-0.0014,-0.00097,0.0,-0.04907,0.05789,-1.19504,10,37.8998,362.8679,39.5402,179.3547,1.0276,-122.4302,0.0002,27.2287,0.5933
903,000903.png,False,1788775591.446033,1788775591.241333,shear_-Y_out,6,-Y,0.1,0.00979,-0.00152,-1.035,0.00392,0.00064,0.00071,0.05155,-0.00323,-1.18659,0.00103,-0.00023,-0.00012,0.01642,-0.013,-1.03483,10,37.9092,362.8256,39.5686,179.3544,1.0282,-122.4287,0.0057,27.2563,0.5657
904,000904.png,False,1788775592.274065,1788775592.069365,shear_-Y_out,6,-Y,0.1,-0.06554,0.00273,-1.25336,0.0041,-0.00144,0.00075,-0.0237,0.00113,-1.40509,0.00121,-0.00232,-7e-05,-0.04945,-0.05046,-1.25309,10,37.9056,362.8024,39.5217,179.3561,1.0262,-122.4256,0.0037,27.2091,0.6129
905,000905.png,False,1788775593.098104,1788775592.893404,shear_-Y_out,6,-Y,0.1,-0.07507,0.02301,-1.2566,0.00337,-0.00173,0.00075,-0.03313,0.02152,-1.40847,0.00049,-0.00261,-8e-05,-0.06781,-0.03771,-1.25666,11,37.9003,362.8066,39.5229,179.3564,1.0262,-122.4245,0.0075,27.2104,0.6116
906,000906.png,False,1788775595.574230,1788775595.369530,shear_-Y_out,6,-Y,0.1,-0.10557,0.0567,-1.32414,0.00258,-0.00246,0.00093,-0.06336,0.05554,-1.47643,-0.00032,-0.00336,9e-05,-0.11059,-0.02485,-1.32471,10,37.8838,362.8046,39.512,179.3566,1.0255,-122.423,0.0019,27.1996,0.6224
907,000907.png,False,1788775598.466386,1788775598.261686,shear_-Y_out,6,-Y,0.3,-0.00349,-0.36698,-1.0833,0.01387,0.00064,0.0011,0.03902,-0.36777,-1.23608,0.01097,-0.00027,0.00025,0.18784,-0.33693,-1.07676,10,38.0371,362.6399,39.5651,179.3563,1.026,-122.4295,0.0051,27.249,0.573
908,000908.png,False,1788775598.878420,1788775598.673720,shear_-Y_out,6,-Y,0.3,0.0093,-0.29409,-1.08144,0.01195,0.001,0.00101,0.05185,-0.29482,-1.23429,0.00904,9e-05,0.00017,0.16248,-0.26738,-1.07619,11,38.0344,362.6496,39.5611,179.3553,1.0274,-122.43,0.0047,27.2452,0.5768
909,000909.png,False,1788775599.910456,1788775599.705756,shear_-Y_out,6,-Y,0.4,-0.02099,-0.31052,-1.17134,0.01247,0.00012,0.00116,0.02168,-0.31111,-1.32437,0.00955,-0.00079,0.00031,0.14508,-0.29818,-1.16573,10,38.0278,362.628,39.5418,179.3526,1.0306,-122.4287,0.0028,27.2256,0.5964
910,000910.png,False,1788775601.150469,1788775600.945769,shear_-Y_out,6,-Y,0.5,-0.03245,-0.40705,-1.16356,0.01511,-0.00014,0.00126,0.01035,-0.40748,-1.31681,0.01219,-0.00106,0.00041,0.18333,-0.38739,-1.15626,10,38.0551,362.5697,39.5482,179.3547,1.0281,-122.428,0.0055,27.2308,0.5912
911,000911.png,False,1788775601.562449,1788775601.357749,shear_-Y_out,6,-Y,0.5,0.04454,-0.48677,-1.05176,0.01719,0.00203,0.0012,0.08738,-0.48715,-1.20508,0.01427,0.00111,0.00035,0.28907,-0.41617,-1.04325,10,38.1185,362.5392,39.5722,179.3532,1.0296,-122.4313,0.0034,27.254,0.568
912,000912.png,False,1788775601.974555,1788775601.769855,shear_-Y_back,6,-Y,0.0,0.01144,-0.47153,-1.09069,0.01676,0.00107,0.00117,0.05433,-0.47185,-1.24407,0.01383,0.00015,0.00032,0.25306,-0.42013,-1.08237,10,38.1023,362.5369,39.5631,179.3545,1.0285,-122.4293,0.0077,27.2449,0.5771
913,000913.png,False,1788775602.182560,1788775601.977860,shear_-Y_back,6,-Y,0.0,-0.01373,-0.4527,-1.10356,0.01634,0.00038,0.00118,0.02918,-0.453,-1.25698,0.01342,-0.00054,0.00033,0.22194,-0.41661,-1.09551,10,38.0813,362.5396,39.5572,179.3553,1.028,-122.426,0.0045,27.2392,0.5828
914,000914.png,False,1788775602.594506,1788775602.389806,shear_-Y_back,6,-Y,0.0,-0.03932,-0.06514,-1.18784,0.00597,-0.00038,0.00095,0.00364,-0.06538,-1.34134,0.00305,-0.00131,0.0001,0.00672,-0.09509,-1.18645,10,37.9628,362.7219,39.5541,179.3562,1.0262,-122.4278,0.0004,27.2398,0.5822
915,000915.png,False,1788775604.038668,1788775603.833968,shear_+Y_out,6,+Y,0.2,0.01524,0.12542,-1.1441,0.00073,0.00116,0.00101,0.05836,0.12536,-1.29784,-0.0022,0.00023,0.00015,-0.04152,0.09791,-1.14613,11,37.9127,362.8652,39.5459,179.3544,1.0282,-122.4322,0.0095,27.2343,0.5877
916,000916.png,False,1788775604.246684,1788775604.041984,shear_+Y_out,6,+Y,0.2,-0.0103,0.26504,-1.06624,-0.00306,0.00047,0.00086,0.03284,0.26501,-1.22002,-0.00599,-0.00047,-0.0,-0.13394,0.20732,-1.07066,10,37.852,362.9242,39.5658,179.3526,1.0301,-122.4265,0.0022,27.2556,0.5664
917,000917.png,False,1788775604.866624,1788775604.661924,shear_+Y_out,6,+Y,0.3,-0.02897,0.17907,-1.09212,-0.00078,-9e-05,0.00091,0.01424,0.17913,-1.246,-0.00372,-0.00102,5e-05,-0.10699,0.12312,-1.095,10,37.8609,362.9061,39.5598,179.354,1.0285,-122.4298,0.0068,27.2492,0.5728
918,000918.png,False,1788775605.690788,1788775605.486088,shear_+Y_out,6,+Y,0.3,0.00413,0.18901,-1.27304,-0.001,0.00069,0.00095,0.04742,0.18917,-1.42706,-0.00394,-0.00025,9e-05,-0.08203,0.14537,-1.27614,10,37.8688,362.9298,39.5229,179.3568,1.0254,-122.4332,0.0017,27.2126,0.6094
919,000919.png,False,1788775606.310782,1788775606.106082,shear_+Y_out,6,+Y,0.3,0.02263,0.25204,-1.27538,-0.00268,0.00122,0.00105,0.06599,0.25229,-1.42951,-0.00562,0.00028,0.00019,-0.09748,0.20916,-1.2796,10,37.855,362.9683,39.5034,179.3596,1.0224,-122.4334,0.0033,27.1939,0.6281
920,000920.png,False,1788775607.134737,1788775606.930037,shear_+Y_out,6,+Y,0.3,0.00912,0.27819,-1.0625,-0.00347,0.0009,0.00103,0.05257,0.27854,-1.21677,-0.00641,-4e-05,0.00017,-0.12372,0.22847,-1.06718,10,37.8342,362.9943,39.5713,179.3529,1.0296,-122.4322,0.0043,27.2623,0.5597
921,000921.png,False,1788775607.754797,1788775607.550097,shear_+Y_out,6,+Y,0.4,-0.00808,0.28945,-1.09294,-0.00377,0.00048,0.00101,0.03543,0.28988,-1.24731,-0.00672,-0.00046,0.00014,-0.14403,0.22914,-1.09777,10,37.8238,362.9973,39.566,179.3535,1.0289,-122.4304,0.0065,27.2571,0.5649
922,000922.png,False,1788775607.962775,1788775607.758075,shear_+Y_out,6,+Y,0.4,-0.08316,0.45717,-1.35943,-0.00824,-0.00172,0.001,-0.03963,0.45764,-1.51384,-0.01119,-0.00267,0.00013,-0.29103,0.33261,-1.36699,10,37.7362,363.039,39.4947,179.358,1.0239,-122.4221,0.0073,27.1871,0.6349
923,000923.png,False,1788775608.166845,1788775607.962145,shear_+Y_out,6,+Y,0.4,-0.08546,0.39481,-1.30949,-0.00651,-0.00172,0.00103,-0.0419,0.3953,-1.46394,-0.00945,-0.00267,0.00017,-0.26221,0.27825,-1.31597,10,37.7595,363.0336,39.5164,179.3562,1.0258,-122.4252,0.0047,27.2085,0.6135
924,000924.png,False,1788775609.198931,1788775608.994231,shear_+Y_out,6,+Y,0.5,0.04135,0.42867,-1.15858,-0.00761,0.00172,0.00104,0.08502,0.4293,-1.3132,-0.01056,0.00077,0.00017,-0.17033,0.37336,-1.16592,11,37.7983,363.0705,39.5452,179.3534,1.0289,-122.4324,0.0051,27.2377,0.5843
925,000925.png,False,1788775609.406853,1788775609.202153,shear_+Y_out,6,+Y,0.5,0.03197,0.40973,-1.15949,-0.00696,0.00156,0.00097,0.07566,0.41038,-1.31415,-0.00991,0.0006,0.0001,-0.16898,0.35225,-1.16648,10,37.7772,363.1497,39.5517,179.3498,1.0327,-122.4338,0.0001,27.2456,0.5764
926,000926.png,False,1788775610.026976,1788775609.822276,shear_+Y_out,6,+Y,0.5,0.01136,0.46912,-1.1381,-0.00872,0.00092,0.00099,0.05512,0.46985,-1.29286,-0.01167,-4e-05,0.00012,-0.21665,0.39373,-1.14609,10,37.7619,363.1173,39.5542,179.3542,1.0279,-122.4332,0.004,27.2476,0.5744
927,000927.png,False,1788775610.230999,1788775610.026299,shear_+Y_back,6,+Y,0.0,0.01219,0.47726,-1.14112,-0.00889,0.00101,0.001,0.05597,0.47802,-1.29592,-0.01184,5e-05,0.00013,-0.21998,0.40115,-1.14925,10,37.7606,363.126,39.555,179.3538,1.0286,-122.4335,0.0014,27.2487,0.5733
928,000928.png,False,1788775610.439019,1788775610.234319,shear_+Y_back,6,+Y,0.0,0.01962,0.49025,-1.12902,-0.00928,0.0012,0.00095,0.06342,0.49104,-1.28385,-0.01223,0.00024,8e-05,-0.22012,0.41631,-1.13738,11,37.7594,363.1294,39.5558,179.3533,1.0288,-122.4335,0.0,27.2495,0.5725
929,000929.png,False,1788775610.851031,1788775610.646331,shear_+Y_back,6,+Y,0.0,0.00739,0.17407,-1.0879,-0.00075,0.00089,0.00103,0.05124,0.17491,-1.2428,-0.0037,-7e-05,0.00016,-0.07302,0.13703,-1.09077,10,37.8462,362.969,39.5462,179.354,1.0285,-122.4302,0.0091,27.2367,0.5853
930,000930.png,False,1788775611.058933,1788775610.854234,shear_+Y_back,6,+Y,0.0,-0.0093,0.04882,-1.15199,0.00263,0.00044,0.00123,0.03457,0.04969,-1.30692,-0.00032,-0.00053,0.00035,-0.02446,0.01919,-1.15264,11,37.9141,362.8318,39.5435,179.3563,1.0261,-122.4325,0.004,27.2313,0.5907
931,000931.png,False,1788775611.262963,1788775611.058263,shear_+X_out,7,+X,0.1,0.00666,-0.01136,-1.17633,0.0044,0.00088,0.00119,0.05055,-0.01047,-1.3313,0.00145,-8e-05,0.00032,0.0196,-0.02536,-1.17597,10,37.9077,362.8578,39.5404,179.3558,1.0266,-122.4328,0.0013,27.2287,0.5933
932,000932.png,False,1788775611.471049,1788775611.266349,shear_+X_out,7,+X,0.1,-0.00148,-0.02276,-1.18676,0.00462,0.00068,0.00127,0.04243,-0.02184,-1.34176,0.00166,-0.00028,0.00039,0.01832,-0.03946,-1.18618,10,37.91,362.8459,39.5388,179.3564,1.026,-122.4328,0.0052,27.2269,0.5951
933,000933.png,False,1788775611.675060,1788775611.470360,shear_+X_out,7,+X,0.1,-0.01142,-0.04256,-1.17967,0.00514,0.00041,0.00119,0.03251,-0.04161,-1.33472,0.00218,-0.00056,0.00031,0.01955,-0.06147,-1.17873,10,37.9121,362.8345,39.5363,179.3573,1.025,-122.4319,0.0076,27.2242,0.5978
934,000934.png,False,1788775613.327055,1788775613.122355,shear_+X_out,7,+X,0.2,0.11531,0.02396,-1.16887,0.00333,0.00386,0.00135,0.15943,0.02513,-1.32419,0.00037,0.00288,0.00047,0.09602,0.05965,-1.16934,10,37.9672,362.8985,39.5464,179.3564,1.0261,-122.4306,0.0028,27.2349,0.5871
935,000935.png,False,1788775613.535176,1788775613.330476,shear_+X_out,7,+X,0.2,0.1977,0.00793,-1.12976,0.00374,0.00603,0.0014,0.24184,0.00912,-1.28512,0.00078,0.00506,0.00051,0.17512,0.08755,-1.13012,10,38.0267,362.8975,39.5547,179.3568,1.0259,-122.4332,0.0054,27.2428,0.5792
936,000936.png,False,1788775615.803339,1788775615.598639,shear_+X_out,7,+X,0.4,0.26092,0.00031,-1.18676,0.00393,0.00784,0.00149,0.3053,0.0018,-1.34251,0.00096,0.00686,0.0006,0.23408,0.11163,-1.18711,10,38.0689,362.9512,39.5435,179.3564,1.0261,-122.4339,0.0052,27.2322,0.5898
937,000937.png,False,1788775616.219281,1788775616.014581,shear_+X_out,7,+X,0.4,0.33991,0.00116,-1.19897,0.00396,0.01009,0.00159,0.38433,0.0027,-1.35478,0.00098,0.0091,0.0007,0.30217,0.15164,-1.19948,11,38.1129,362.9925,39.5443,179.3548,1.0281,-122.4348,0.0043,27.2333,0.5887
938,000938.png,False,1788775617.663386,1788775617.458686,shear_+X_out,7,+X,0.5,0.49667,0.07291,-1.21363,0.002,0.01426,0.00147,0.54125,0.07464,-1.3697,-0.00098,0.01327,0.00058,0.40221,0.29187,-1.2157,10,38.1872,363.0162,39.5327,179.3557,1.0274,-122.433,0.009,27.2216,0.6004
939,000939.png,False,1788775618.283396,1788775618.078696,shear_+X_back,7,+X,0.0,0.45462,0.00197,-1.21047,0.00389,0.01319,0.00132,0.49927,0.00379,-1.36664,0.00091,0.0122,0.00043,0.40121,0.20947,-1.21123,10,38.188,363.0028,39.5334,179.3564,1.0265,-122.4339,0.0051,27.2221,0.5999
940,000940.png,False,1788775618.487324,1788775618.282624,shear_+X_back,7,+X,0.0,0.45121,0.00112,-1.2009,0.00388,0.01309,0.00126,0.49588,0.00296,-1.35711,0.0009,0.01209,0.00036,0.39861,0.20718,-1.20164,10,38.186,363.0029,39.5351,179.3564,1.0265,-122.4336,0.0075,27.2238,0.5982
941,000941.png,False,1788775619.107477,1788775618.902777,shear_-X_out,7,-X,0.1,0.01764,-0.0067,-1.17133,0.00406,0.00126,0.00117,0.06238,-0.00478,-1.32764,0.00108,0.00026,0.00028,0.02675,-0.01576,-1.17107,10,37.9178,362.8637,39.5326,179.3555,1.026,-122.4341,0.0033,27.2209,0.6011
942,000942.png,False,1788775619.935398,1788775619.730698,shear_-X_out,7,-X,0.1,-0.13384,0.05549,-1.23648,0.00254,-0.00279,0.00116,-0.08902,0.05752,-1.39293,-0.00045,-0.00379,0.00026,-0.13509,-0.03862,-1.23698,11,37.8638,362.8456,39.5254,179.3576,1.0244,-122.4321,0.0052,27.2138,0.6082
943,000943.png,False,1788775620.347495,1788775620.142795,shear_-X_out,7,-X,0.1,-0.00968,0.02312,-1.04063,0.0033,0.0007,0.00108,0.03519,0.02521,-1.19715,0.00031,-0.0003,0.00019,-0.01272,-0.00148,-1.04085,10,37.9131,362.8654,39.573,179.3526,1.0293,-122.4378,0.0051,27.2613,0.5607
944,000944.png,False,1788775621.171586,1788775620.966886,shear_-X_out,7,-X,0.1,0.02638,0.01954,-1.19046,0.00336,0.00152,0.00115,0.07134,0.02174,-1.34712,0.00036,0.00051,0.00025,0.02134,0.01104,-1.19067,10,37.9171,362.8659,39.5405,179.3553,1.0267,-122.4387,0.0141,27.2289,0.5931
945,000945.png,False,1788775621.999501,1788775621.794801,shear_-X_out,7,-X,0.1,0.03227,0.00291,-1.24667,0.00388,0.00151,0.00103,0.07732,0.00522,-1.40347,0.00088,0.0005,0.00013,0.03514,-0.00132,-1.24659,11,37.9091,362.8553,39.5239,179.356,1.0259,-122.4393,0.0068,27.2122,0.6098
946,000946.png,False,1788775622.203613,1788775621.998913,shear_-X_out,7,-X,0.1,-0.23139,0.02774,-1.08264,0.00322,-0.0055,0.00105,-0.18632,0.03007,-1.23948,0.00022,-0.00651,0.00015,-0.20679,-0.10894,-1.0825,10,37.7448,362.8054,39.5821,179.3527,1.0294,-122.4226,0.009,27.2707,0.5513
947,000947.png,False,1788775622.615619,1788775622.410919,shear_-X_out,7,-X,0.1,-0.00731,0.08499,-1.18317,0.0017,0.00052,0.00088,0.03781,0.08738,-1.34008,-0.0013,-0.0005,-3e-05,-0.04059,0.051,-1.18445,10,37.9532,362.8809,39.5001,179.3556,1.0264,-122.4463,0.0067,27.1884,0.6336
948,000948.png,False,1788775623.031641,1788775622.826941,shear_-X_out,7,-X,0.1,-0.14177,0.00064,-1.13167,0.00389,-0.00299,0.00108,-0.09661,0.00308,-1.28865,0.00089,-0.004,0.00018,-0.11528,-0.08841,-1.13122,10,37.7421,362.7449,39.5824,179.3576,1.0239,-122.4212,0.0052,27.27,0.552
949,000949.png,False,1788775627.159835,1788775626.955135,shear_-X_out,7,-X,0.3,-0.22108,0.03988,-1.1939,0.0029,-0.00523,0.00106,-0.17548,0.04286,-1.35158,-0.00012,-0.00626,0.00015,-0.20315,-0.09505,-1.19396,11,37.7771,362.7901,39.5344,179.3545,1.0276,-122.4356,0.0061,27.2225,0.5995
950,000950.png,False,1788775627.363799,1788775627.159099,shear_-X_out,7,-X,0.3,-0.42442,0.076,-1.23352,0.00206,-0.01071,0.00098,-0.37879,0.079,-1.39124,-0.00096,-0.01175,7e-05,-0.39705,-0.16601,-1.2338,10,37.6695,362.765,39.5264,179.3544,1.0275,-122.4224,0.0035,27.2148,0.6072
951,000951.png,False,1788775629.428035,1788775629.223335,shear_-X_out,7,-X,0.4,-0.42526,0.04441,-1.13613,0.00283,-0.01073,0.00098,-0.37941,0.04768,-1.2942,-0.0002,-0.01178,6e-05,-0.38267,-0.19223,-1.13588,10,37.66,362.7395,39.5497,179.3527,1.029,-122.4409,0.0027,27.2378,0.5842
952,000952.png,False,1788775630.460019,1788775630.255319,shear_-X_out,7,-X,0.5,-0.40001,0.05122,-1.1546,0.0026,-0.00999,0.00095,-0.35405,0.05463,-1.31285,-0.00043,-0.01104,2e-05,-0.36408,-0.17401,-1.15451,11,37.6621,362.7295,39.544,179.3529,1.0292,-122.4394,0.0063,27.232,0.59
953,000953.png,False,1788775630.871958,1788775630.667259,shear_-X_out,7,-X,0.5,-0.484,0.07126,-1.14552,0.00213,-0.01228,0.00092,-0.43799,0.07473,-1.30384,-0.0009,-0.01333,0.0,-0.44691,-0.19847,-1.14561,10,37.6103,362.7095,39.5492,179.3516,1.0307,-122.4374,0.0022,27.2372,0.5848
954,000954.png,False,1788775631.287980,1788775631.083280,shear_-X_back,7,-X,0.0,-0.46721,0.06614,-1.1516,0.00227,-0.01176,0.00102,-0.42116,0.06966,-1.30999,-0.00076,-0.01281,9e-05,-0.42976,-0.19461,-1.15164,10,37.6165,362.7093,39.5499,179.352,1.0302,-122.44,0.0046,27.2379,0.5841
955,000955.png,False,1788775632.940164,1788775632.735464,shear_-Y_out,7,-Y,0.1,0.02156,-0.02203,-1.05158,0.00446,0.00162,0.00124,0.06779,-0.01829,-1.21025,0.00143,0.00056,0.00031,0.03697,-0.02515,-1.05108,11,37.914,362.8208,39.5679,179.3546,1.0284,-122.4302,0.0073,27.2555,0.5665
956,000956.png,False,1788775636.240241,1788775636.035541,shear_-Y_out,7,-Y,0.1,-0.08453,0.00767,-1.28594,0.00388,-0.00119,0.00136,-0.03795,0.01184,-1.44517,0.00084,-0.00227,0.00042,-0.06814,-0.05619,-1.28571,10,37.897,362.7996,39.5233,179.3571,1.0254,-122.4256,0.0097,27.2107,0.6113
957,000957.png,False,1788775636.652344,1788775636.447644,shear_-Y_out,7,-Y,0.1,0.07224,-0.22503,-1.03494,0.00999,0.00315,0.00138,0.11887,-0.22081,-1.19424,0.00694,0.00208,0.00044,0.18219,-0.17537,-1.03102,10,38.02,362.7299,39.5708,179.3552,1.0275,-122.4408,0.0001,27.2563,0.5657
958,000958.png,False,1788775641.400502,1788775641.195802,shear_-Y_out,7,-Y,0.4,-0.0008,-0.30439,-1.15483,0.01228,0.00123,0.00126,0.04634,-0.29954,-1.31495,0.00921,0.00014,0.00031,0.15939,-0.28252,-1.14938,10,38.0314,362.643,39.5468,179.3549,1.0281,-122.4313,0.0057,27.2308,0.5912
959,000959.png,False,1788775642.640678,1788775642.435978,shear_-Y_out,7,-Y,0.5,-0.0154,-0.36992,-1.1381,0.01401,0.00087,0.00131,0.03188,-0.36491,-1.29843,0.01094,-0.00023,0.00036,0.17937,-0.3463,-1.13148,10,38.0467,362.6001,39.5527,179.3559,1.0274,-122.4304,0.005,27.236,0.586
960,000960.png,False,1788775643.052649,1788775642.847950,shear_-Y_out,7,-Y,0.5,0.01244,-0.41997,-1.07113,0.01529,0.00162,0.00122,0.05976,-0.4149,-1.23152,0.01222,0.00051,0.00027,0.22803,-0.37466,-1.06371,10,38.0761,362.5788,39.5661,179.3527,1.0307,-122.4309,0.0034,27.2488,0.5732
961,000961.png,False,1788775644.496773,1788775644.292073,shear_-Y_back,7,-Y,0.0,-0.02466,-0.11978,-1.22253,0.00718,0.00048,0.00131,0.02281,-0.11453,-1.38318,0.0041,-0.00063,0.00036,0.04696,-0.13565,-1.22022,11,37.9775,362.7129,39.5468,179.3567,1.0262,-122.4334,0.0087,27.2323,0.5897
962,000962.png,False,1788775644.908687,1788775644.703987,shear_+Y_out,7,+Y,0.1,0.00709,0.06024,-1.13976,0.00234,0.00142,0.00118,0.05461,0.06555,-1.30048,-0.00074,0.00031,0.00022,-0.01605,0.03746,-1.14065,10,37.9323,362.8262,39.5494,179.3554,1.0274,-122.4352,0.0078,27.237,0.585
963,000963.png,False,1788775646.356899,1788775646.152200,shear_+Y_out,7,+Y,0.2,0.00359,0.07747,-1.12587,0.00185,0.0014,0.00117,0.05127,0.08297,-1.28683,-0.00123,0.00029,0.00021,-0.02779,0.05086,-1.12705,11,37.9155,362.8619,39.5559,179.3557,1.0271,-122.4356,0.0098,27.2442,0.5778
964,000964.png,False,1788775649.244998,1788775649.040298,shear_+Y_out,7,+Y,0.4,0.0171,0.27672,-1.12288,-0.00373,0.00161,0.00092,0.06508,0.2826,-1.28433,-0.00683,0.00048,-5e-05,-0.11566,0.23021,-1.12754,10,37.846,362.9899,39.5524,179.3552,1.0273,-122.4387,0.0039,27.2433,0.5787
965,000965.png,False,1788775649.657012,1788775649.452312,shear_+Y_out,7,+Y,0.4,0.01424,0.28069,-1.13672,-0.00367,0.00175,0.00101,0.06227,0.28662,-1.29825,-0.00677,0.00062,4e-05,-0.12002,0.232,-1.14144,10,37.8458,362.9907,39.5502,179.3552,1.0269,-122.4387,0.0109,27.2411,0.5809
966,000966.png,False,1788775649.864945,1788775649.660245,shear_+Y_out,7,+Y,0.4,-0.00448,0.43374,-1.16782,-0.00781,0.00116,0.00075,0.04357,0.4397,-1.32938,-0.01091,3e-05,-0.00022,-0.21249,0.3547,-1.17515,10,37.7898,363.0491,39.5356,179.3544,1.0283,-122.4343,0.0046,27.2278,0.5942
967,000967.png,False,1788775650.073060,1788775649.868360,shear_+Y_out,7,+Y,0.4,-0.02418,0.37303,-1.18841,-0.00627,0.00053,0.00081,0.02389,0.37901,-1.35,-0.00937,-0.0006,-0.00016,-0.19908,0.29195,-1.19465,10,37.794,363.0393,39.5358,179.355,1.0274,-122.435,0.0027,27.2278,0.5942
968,000968.png,False,1788775651.721031,1788775651.516331,shear_+Y_out,7,+Y,0.5,0.03359,0.47993,-1.17647,-0.00921,0.00211,0.00095,0.08184,0.48614,-1.33835,-0.01231,0.00097,-3e-05,-0.20254,0.41359,-1.18468,10,37.7798,363.1249,39.5464,179.3548,1.0275,-122.4406,0.0002,27.2398,0.5822
969,000969.png,False,1788775652.341062,1788775652.136362,shear_+Y_back,7,+Y,0.0,0.02751,0.48012,-1.16434,-0.00915,0.00207,0.00085,0.07583,0.4864,-1.32632,-0.01226,0.00093,-0.00013,-0.20798,0.41091,-1.17254,10,37.7752,363.1336,39.5482,179.3543,1.028,-122.4402,0.0043,27.2418,0.5802
970,000970.png,False,1788775652.961201,1788775652.756501,shear_+Y_back,7,+Y,0.0,-0.01283,0.02777,-1.14436,0.00298,0.00092,0.00107,0.03556,0.03414,-1.30645,-0.00013,-0.00023,9e-05,-0.01706,-0.00069,-1.14464,10,37.928,362.8256,39.5432,179.3563,1.0264,-122.4354,0.0075,27.2309,0.5911
971,000971.png,False,1788775653.373233,1788775653.168533,shear_+Y_back,7,+Y,0.0,-0.08118,0.07845,-1.31043,0.00179,-0.00101,0.00097,-0.03275,0.08487,-1.47259,-0.00132,-0.00215,-1e-05,-0.10043,0.00639,-1.31143,10,37.8466,362.8696,39.5023,179.3578,1.0246,-122.4269,0.002,27.1912,0.6308
972,000972.png,False,1788775653.581199,1788775653.376499,shear_+Y_back,7,+Y,0.0,-0.07933,0.01373,-1.26076,0.00353,-0.00089,0.00104,-0.03088,0.02017,-1.42295,0.00041,-0.00204,6e-05,-0.06683,-0.04795,-1.26064,10,37.874,362.8467,39.521,179.357,1.0256,-122.4308,0.0086,27.2094,0.6126
973,000973.png,False,1788775654.201247,1788775653.996547,shear_+X_out,8,+X,0.1,-0.02347,-0.00644,-1.17527,0.00402,0.00065,0.00119,0.02505,9e-05,-1.33757,0.0009,-0.0005,0.00021,-0.00896,-0.03613,-1.17493,10,37.8976,362.8505,39.5392,179.3546,1.0281,-122.4359,0.0051,27.2275,0.5945
974,000974.png,False,1788775654.405281,1788775654.200581,shear_+X_out,8,+X,0.1,-0.02399,-0.00221,-1.17881,0.00394,0.00068,0.00117,0.02455,0.00435,-1.34115,0.00082,-0.00047,0.00019,-0.0115,-0.03278,-1.17855,10,37.8988,362.8505,39.5395,179.3544,1.0283,-122.4365,0.0076,27.2278,0.5942
975,000975.png,False,1788775656.677282,1788775656.472582,shear_+X_out,8,+X,0.2,0.09366,0.02869,-1.09721,0.00301,0.00387,0.00133,0.14245,0.03554,-1.25993,-0.00012,0.00271,0.00034,0.0744,0.05407,-1.09773,11,37.9569,362.917,39.5711,179.3519,1.0317,-122.4263,0.0023,27.26,0.562
976,000976.png,False,1788775656.881297,1788775656.676597,shear_+X_out,8,+X,0.2,0.13098,0.05528,-1.09169,0.00234,0.00496,0.00116,0.17979,0.06216,-1.25445,-0.00079,0.0038,0.00017,0.09341,0.09584,-1.09274,10,37.9903,362.9183,39.5566,179.3529,1.0306,-122.4322,0.0036,27.2453,0.5767
977,000977.png,False,1788775657.709450,1788775657.504750,shear_+X_out,8,+X,0.2,0.09374,0.06234,-1.00099,0.0021,0.00398,0.00101,0.14264,0.06933,-1.16389,-0.00103,0.00281,2e-05,0.05699,0.0848,-1.00211,10,37.982,362.9158,39.5809,179.353,1.0301,-122.432,0.0016,27.2697,0.5523
978,000978.png,False,1788775662.661695,1788775662.456995,shear_+X_out,8,+X,0.4,0.29336,0.03453,-1.19012,0.00292,0.0094,0.00139,0.34279,0.04217,-1.35386,-0.00023,0.00822,0.00039,0.24511,0.15742,-1.19112,10,38.0916,362.9726,39.5423,179.3533,1.0303,-122.4333,0.0083,27.2311,0.5909
979,000979.png,False,1788775662.869607,1788775662.664907,shear_+X_out,8,+X,0.4,0.47978,0.00139,-1.1919,0.00377,0.01443,0.00134,0.52924,0.00906,-1.35568,0.00062,0.01324,0.00034,0.42316,0.22184,-1.1927,10,38.1821,362.992,39.5379,179.3537,1.0298,-122.4435,0.005,27.2264,0.5956
980,000980.png,False,1788775669.682035,1788775669.477335,shear_-X_out,8,-X,0.3,-0.27161,0.09743,-1.17509,0.00138,-0.00585,0.00113,-0.22142,0.10599,-1.34003,-0.0018,-0.00707,0.00011,-0.2758,-0.07016,-1.17605,10,37.7569,362.813,39.5486,179.3559,1.0259,-122.4397,0.0019,27.2373,0.5847
981,000981.png,False,1788775670.506001,1788775670.301301,shear_-X_out,8,-X,0.4,-0.26357,0.07356,-1.18118,0.0019,-0.00576,0.00107,-0.21329,0.08222,-1.34627,-0.00127,-0.00698,5e-05,-0.25687,-0.08691,-1.18175,10,37.7583,362.8057,39.5418,179.3554,1.0264,-122.4391,0.0031,27.2304,0.5916
982,000982.png,False,1788775670.918116,1788775670.713416,shear_-X_out,8,-X,0.4,-0.33115,0.07277,-1.21875,0.00191,-0.00766,0.00097,-0.28083,0.08149,-1.3839,-0.00127,-0.00888,-5e-05,-0.31476,-0.12197,-1.21916,11,37.7189,362.7782,39.5296,179.3543,1.0274,-122.438,0.0066,27.218,0.604
983,000983.png,False,1788775672.982127,1788775672.777427,shear_-X_back,8,-X,0.0,-0.43724,0.08195,-1.19642,0.00165,-0.0105,0.00096,-0.38669,0.09094,-1.36193,-0.00154,-0.01173,-7e-05,-0.41139,-0.16667,-1.19679,10,37.6389,362.7405,39.537,179.3551,1.0268,-122.4391,0.0067,27.2253,0.5967
984,000984.png,False,1788775674.842305,1788775674.637605,shear_-Y_out,8,-Y,0.1,0.06646,-0.24139,-1.1473,0.01033,0.00341,0.0013,0.11721,-0.23215,-1.31312,0.00714,0.00217,0.00027,0.18613,-0.19423,-1.14307,10,38.0069,362.7632,39.5511,179.3552,1.0277,-122.4428,0.0067,27.2372,0.5848
985,000985.png,False,1788775682.890737,1788775682.686037,shear_-Y_out,8,-Y,0.4,-0.03331,-0.30499,-1.12344,0.01194,0.0007,0.00109,0.01831,-0.2947,-1.29064,0.00872,-0.00057,4e-05,0.13132,-0.29878,-1.11791,10,38.033,362.5897,39.5579,179.3571,1.0259,-122.4354,0.0135,27.241,0.581
986,000986.png,False,1788775683.098642,1788775682.893942,shear_-Y_out,8,-Y,0.4,-0.02544,-0.45008,-1.11146,0.01598,0.00107,0.00113,0.02619,-0.43976,-1.2787,0.01276,-0.0002,7e-05,0.21054,-0.42032,-1.10344,11,38.0517,362.6028,39.5593,179.3532,1.0301,-122.4374,0.008,27.2426,0.5794
987,000987.png,False,1788775683.306803,1788775683.102103,shear_-Y_out,8,-Y,0.4,-0.01037,-0.388,-1.1116,0.01427,0.00142,0.00121,0.04129,-0.37765,-1.27887,0.01105,0.00015,0.00015,0.19258,-0.35902,-1.10469,10,38.0482,362.6145,39.5605,179.3524,1.031,-122.4374,0.0021,27.244,0.578
988,000988.png,False,1788775691.147141,1788775690.942441,shear_+Y_out,8,+Y,0.4,-0.03747,0.28913,-1.12435,-0.0041,0.00065,0.00094,0.01503,0.30051,-1.29296,-0.00736,-0.00066,-0.00013,-0.16912,0.21367,-1.12911,10,37.806,363.0029,39.5602,179.3512,1.0316,-122.4333,0.001,27.2515,0.5705
989,000989.png,False,1788775691.355151,1788775691.150451,shear_+Y_out,8,+Y,0.4,-0.11151,0.4695,-1.33275,-0.00887,-0.0015,0.00092,-0.05899,0.48091,-1.50139,-0.01213,-0.00281,-0.00015,-0.32193,0.32955,-1.34046,10,37.7185,363.0523,39.5097,179.3542,1.0285,-122.4241,0.006,27.2024,0.6196
990,000990.png,False,1788775691.563165,1788775691.358465,shear_+Y_out,8,+Y,0.4,-0.09866,0.40218,-1.26618,-0.00702,-0.00104,0.0009,-0.04611,0.41361,-1.43486,-0.01027,-0.00235,-0.00017,-0.27762,0.27874,-1.27277,10,37.7524,363.0472,39.5275,179.3526,1.0302,-122.4296,0.0069,27.2199,0.6021
991,000991.png,False,1788775694.247211,1788775694.042511,shear_+Y_back,8,+Y,0.0,-0.02831,0.17949,-1.1233,-0.00123,0.00104,0.0012,0.02452,0.19128,-1.29243,-0.00449,-0.00029,0.00012,-0.10642,0.12331,-1.12618,10,37.8263,362.9825,39.5485,179.3507,1.0325,-122.4327,0.0063,27.2394,0.5826
992,000992.png,False,1788775694.451221,1788775694.246521,shear_+Y_back,8,+Y,0.0,-0.03957,0.07983,-1.16227,0.00148,0.00064,0.00121,0.01329,0.09164,-1.33144,-0.00179,-0.00069,0.00013,-0.06611,0.03074,-1.1634,10,37.8895,362.8427,39.5517,179.3537,1.0294,-122.432,0.0034,27.2399,0.5821
993,000993.png,False,1788775695.895401,1788775695.690701,shear_+X_out,9,+X,0.1,-0.0447,-0.02432,-1.173,0.00432,0.00055,0.00115,0.00831,-0.01232,-1.34241,0.00104,-0.00078,7e-05,-0.01844,-0.06219,-1.17231,10,37.8903,362.8497,39.5446,179.3517,1.032,-122.432,0.0006,27.2329,0.5891
994,000994.png,False,1788775696.515392,1788775696.310692,shear_+X_out,9,+X,0.1,0.04686,-0.02396,-1.19734,0.00439,0.00309,0.00113,0.09995,-0.01188,-1.36687,0.00111,0.00175,4e-05,0.06086,-0.01651,-1.19684,10,37.9424,362.871,39.5371,179.3517,1.0319,-122.4333,0.0098,27.2253,0.5967
995,000995.png,False,1788775698.375511,1788775698.170811,shear_+X_out,9,+X,0.2,0.11081,0.05286,-1.03185,0.00215,0.00493,0.00094,0.16409,0.06519,-1.20169,-0.00113,0.00359,-0.00015,0.07673,0.08462,-1.03283,11,37.9836,362.9233,39.57,179.351,1.0327,-122.4272,0.0028,27.2589,0.5631
996,000996.png,False,1788775699.199466,1788775698.994766,shear_+X_out,9,+X,0.2,0.06785,0.05782,-1.04817,0.00205,0.00384,0.00102,0.12122,0.07025,-1.21815,-0.00124,0.00249,-8e-05,0.03715,0.06718,-1.04914,11,37.976,362.9217,39.5707,179.35,1.0335,-122.4251,0.0078,27.2596,0.5624
997,000997.png,False,1788775700.851687,1788775700.646987,shear_+X_out,9,+X,0.2,0.05304,0.06502,-1.05433,0.0019,0.00353,0.00115,0.10659,0.07767,-1.22459,-0.0014,0.00217,5e-05,0.02077,0.06592,-1.0554,10,37.9754,362.9266,39.5665,179.3508,1.0331,-122.4246,0.0009,27.2555,0.5665
998,000998.png,False,1788775701.055562,1788775700.850862,shear_+X_out,9,+X,0.2,0.25793,0.02808,-1.1999,0.00284,0.00895,0.00128,0.3115,0.04076,-1.3702,-0.00046,0.00759,0.00018,0.21771,0.13398,-1.20072,11,38.1421,362.9811,39.5097,179.3522,1.0317,-122.4463,0.0033,27.1983,0.6237
999,000999.png,False,1788775706.219822,1788775706.015122,shear_+X_out,9,+X,0.5,0.41701,0.03026,-1.10984,0.0027,0.01352,0.0011,0.47114,0.04362,-1.28102,-0.00061,0.01215,-1e-05,0.3538,0.2168,-1.11103,11,38.1726,363.0321,39.5591,179.3503,1.0339,-122.4257,0.0094,27.2483,0.5737
1000,001000.png,False,1788775707.251977,1788775707.047277,shear_+X_back,9,+X,0.0,0.51431,0.00028,-1.15019,0.00358,0.01619,0.0011,0.56855,0.01377,-1.32155,0.00026,0.01481,-1e-05,0.45334,0.2388,-1.15105,10,38.2391,363.0465,39.5478,179.3521,1.0323,-122.4274,0.0058,27.2368,0.5852
