index,file,missing,t_img,t_exposure_start,segment,cycle,axis,target_N,Fx_s,Fy_s,Fz_s,Tx_s,Ty_s,Tz_s,Fx_s_corr,Fy_s_corr,Fz_s_corr,Tx_s_corr,Ty_s_corr,Tz_s_corr,Fx_base,Fy_base,Fz_base,ft_chunks,tcp_x,tcp_y,tcp_z,rx,ry,rz,pose_gap_s,height_above_plane_mm,depth_mm
1,000001.png,False,1788893393.976054,1788893393.916054,normal_load,1,,2.0,-0.00074,-0.00181,-0.02848,0.0002,9e-05,4e-05,-0.00035,-0.00194,-0.02955,0.00016,9e-05,5e-05,0.00046,-0.00239,-0.02844,3,37.9218,362.8321,37.0647,179.7989,0.5054,-102.5443,0.003,24.7529,-0.0207
2,000002.png,False,1788893394.756104,1788893394.696104,normal_load,1,,2.0,-0.01188,-0.03014,-0.04955,0.00082,-0.00012,-8e-05,-0.01144,-0.03029,-0.05079,0.00079,-0.00013,-6e-05,0.00511,-0.03283,-0.04899,3,37.9399,362.7562,36.9894,179.8003,0.5022,-102.5449,0.0083,24.6762,0.056
3,000003.png,False,1788893394.948122,1788893394.888122,normal_load,1,,2.0,-0.01413,-0.03593,-0.21941,0.00085,-0.00029,-2e-05,-0.01367,-0.03609,-0.2207,0.00081,-0.0003,-1e-05,0.00723,-0.04169,-0.21873,3,37.9425,362.7408,36.8687,179.8022,0.4976,-102.5449,0.0013,24.5553,0.1769
4,000004.png,False,1788893395.144121,1788893395.084121,normal_load,1,,2.0,-0.01333,-0.04133,-0.28806,0.00109,-0.00036,7e-05,-0.01286,-0.0415,-0.28938,0.00105,-0.00037,8e-05,0.0111,-0.04707,-0.28727,3,37.9443,362.7341,36.8325,179.8026,0.4966,-102.5451,0.0091,24.519,0.2132
5,000005.png,False,1788893395.536144,1788893395.476144,normal_load,1,,2.0,0.00272,-0.0141,-0.58655,0.00066,-0.00025,-0.00012,0.00322,-0.01428,-0.58796,0.00061,-0.00026,-0.0001,0.01347,-0.02025,-0.58622,3,37.9419,362.7542,36.7172,179.801,0.5011,-102.5453,0.0058,24.4041,0.3282
6,000006.png,False,1788893395.732145,1788893395.672145,normal_load,1,,2.0,0.01195,0.00096,-0.85177,0.00033,-6e-05,1e-05,0.01247,0.00078,-0.85322,0.00028,-7e-05,3e-05,0.01577,-0.00684,-0.85168,3,37.9381,362.7662,36.649,179.7997,0.5036,-102.5451,0.0087,24.3361,0.3962
7,000007.png,False,1788893395.924173,1788893395.864173,normal_load,1,,2.0,0.01843,0.00479,-0.95253,0.00027,-4e-05,3e-05,0.01896,0.0046,-0.95402,0.00022,-4e-05,4e-05,0.02018,-0.0019,-0.9525,3,37.9385,362.7704,36.6072,179.799,0.5052,-102.5451,0.0032,24.2943,0.4379
8,000008.png,False,1788893396.120174,1788893396.060174,normal_load,1,,2.0,0.03073,0.01376,-1.06053,0.00027,0.0004,0.00011,0.03128,0.01357,-1.06207,0.00022,0.0004,0.00013,0.0271,0.01029,-1.06067,3,37.9386,362.7725,36.5805,179.7987,0.5065,-102.5452,0.0082,24.2677,0.4646
9,000009.png,False,1788893396.316088,1788893396.256088,normal_load,1,,2.0,0.04769,0.01934,-1.40145,0.00052,0.00074,0.0001,0.04825,0.01914,-1.40303,0.00047,0.00073,0.00012,0.04136,0.01813,-1.40167,3,37.9368,362.7777,36.5059,179.7982,0.507,-102.5452,0.0069,24.1932,0.539
10,000010.png,False,1788893396.512094,1788893396.452094,normal_load,1,,2.0,0.04787,0.01873,-1.35517,0.00017,0.00049,-1e-05,0.04844,0.01853,-1.35679,0.00012,0.00048,1e-05,0.0415,0.01843,-1.35538,3,37.9374,362.7796,36.5078,179.7983,0.5075,-102.5454,0.0011,24.1951,0.5372
11,000011.png,False,1788893396.900195,1788893396.840195,normal_load,1,,2.0,0.06501,0.01236,-1.72753,0.00057,0.00071,0.00015,0.06562,0.01214,-1.72923,0.00052,0.00071,0.00017,0.06212,0.01551,-1.72761,3,37.9418,362.7769,36.4395,179.7986,0.5062,-102.546,0.0066,24.1267,0.6055
12,000012.png,False,1788893397.096244,1788893397.036244,normal_load,1,,2.0,0.07594,0.03459,-1.90796,0.00015,0.00107,-0.00011,0.07656,0.03437,-1.90971,0.0001,0.00107,-9e-05,0.06172,0.03733,-1.90842,2,37.9426,362.7852,36.4074,179.797,0.5101,-102.5465,0.001,24.0947,0.6375
13,000013.png,False,1788893397.292229,1788893397.232229,normal_load,1,,2.0,0.07638,0.03598,-1.89838,0.0002,0.00104,-2e-05,0.07701,0.03575,-1.90017,0.00015,0.00104,0.0,0.06135,0.03891,-1.89887,3,37.944,362.7868,36.4079,179.7971,0.5103,-102.5467,0.0044,24.0953,0.6369
14,000014.png,False,1788893397.488258,1788893397.428258,normal_load,1,,2.0,0.08257,0.03551,-1.90686,8e-05,0.0011,-9e-05,0.08322,0.03529,-1.9087,2e-05,0.00109,-7e-05,0.067,0.04147,-1.90735,3,37.9453,362.7904,36.4047,179.7965,0.5117,-102.5471,0.0099,24.0921,0.6401
15,000015.png,False,1788893398.656317,1788893398.596318,normal_unload,1,,0.0,0.08337,0.03375,-2.01468,0.00019,0.00121,7e-05,0.08411,0.03349,-2.01677,0.00013,0.00121,0.0001,0.06932,0.03862,-2.01513,3,37.9474,362.7884,36.3861,179.7965,0.5113,-102.5476,0.0013,24.0735,0.6587
16,000016.png,False,1788893398.852288,1788893398.792289,normal_unload,1,,0.0,0.09199,0.02774,-1.94533,0.00034,0.00127,-0.00018,0.09274,0.02747,-1.94746,0.00028,0.00127,-0.00016,0.07931,0.03882,-1.9457,3,37.953,362.7881,36.3914,179.7971,0.5103,-102.5482,0.0044,24.0788,0.6535
17,000017.png,False,1788893399.240365,1788893399.180365,normal_unload,1,,0.0,0.08454,0.02068,-1.91992,0.00064,0.00141,-3e-05,0.08533,0.0204,-1.92213,0.00057,0.0014,-1e-05,0.07621,0.0294,-1.92016,3,37.9531,362.7847,36.3981,179.7976,0.5087,-102.5484,0.0062,24.0854,0.6468
18,000018.png,False,1788893399.436345,1788893399.376345,normal_unload,1,,0.0,0.07813,-0.00046,-1.83777,0.00102,0.00112,0.0001,0.07893,-0.00074,-1.84003,0.00095,0.00112,0.00013,0.08065,0.0092,-1.83764,3,37.9551,362.7758,36.4084,179.7988,0.5056,-102.5484,0.0083,24.0956,0.6367
19,000019.png,False,1788893399.828364,1788893399.768364,normal_unload,1,,0.0,0.07787,-0.0051,-1.75379,0.00114,0.00109,5e-05,0.0787,-0.00539,-1.75613,0.00107,0.00108,8e-05,0.08216,0.0064,-1.75359,3,37.9557,362.7752,36.4206,179.7995,0.5047,-102.5482,0.0055,24.1078,0.6245
20,000020.png,False,1788893400.216408,1788893400.156409,normal_unload,1,,0.0,0.07971,0.0054,-1.59522,0.00089,0.00153,0.00021,0.08057,0.0051,-1.59765,0.00082,0.00152,0.00024,0.07741,0.01895,-1.59523,4,37.9549,362.7842,36.4538,179.7982,0.507,-102.5489,0.0006,24.141,0.5912
21,000021.png,False,1788893400.412385,1788893400.352385,normal_unload,1,,0.0,0.07667,-0.0027,-1.45597,0.00102,0.00139,0.00032,0.07755,-0.00301,-1.45843,0.00094,0.00138,0.00035,0.07786,0.01265,-1.45585,3,37.9572,362.7795,36.4703,179.7987,0.5065,-102.5491,0.0046,24.1575,0.5748
22,000022.png,False,1788893400.608428,1788893400.548429,normal_unload,1,,0.0,0.07951,-0.00296,-1.37324,0.00098,0.00158,0.00015,0.0804,-0.00328,-1.37575,0.0009,0.00157,0.00018,0.07987,0.01516,-1.37314,3,37.9581,362.7806,36.4844,179.7987,0.5065,-102.5493,0.0096,24.1716,0.5607
23,000023.png,False,1788893400.804405,1788893400.744406,normal_unload,1,,0.0,0.07448,-0.00808,-1.27077,0.0009,0.00147,0.00016,0.07539,-0.00839,-1.27332,0.00082,0.00146,0.00019,0.07736,0.00986,-1.27059,3,37.9575,362.778,36.4978,179.7988,0.5058,-102.5491,0.0056,24.185,0.5473
24,000024.png,False,1788893400.996418,1788893400.936418,normal_unload,1,,0.0,0.07042,-0.01847,-1.16958,0.00111,0.00136,0.0002,0.07134,-0.01879,-1.17217,0.00103,0.00135,0.00023,0.07833,0.00045,-1.16922,3,37.9599,362.7731,36.5176,179.7991,0.505,-102.5495,0.0097,24.2047,0.5276
25,000025.png,False,1788893401.192494,1788893401.132494,normal_unload,1,,0.0,0.06631,-0.02503,-1.09895,0.00137,0.00146,2e-05,0.06725,-0.02536,-1.10159,0.00128,0.00145,5e-05,0.07756,-0.00615,-1.09849,3,37.9584,362.7716,36.5289,179.7993,0.5044,-102.5495,0.0029,24.216,0.5163
26,000026.png,False,1788893401.388350,1788893401.328351,normal_unload,1,,0.0,0.0658,-0.02281,-0.94802,0.00115,0.0015,2e-05,0.06675,-0.02314,-0.95069,0.00107,0.00149,6e-05,0.07496,-0.00206,-0.94761,3,37.9588,362.7716,36.56,179.7993,0.5044,-102.5493,0.0033,24.2471,0.4852
27,000027.png,False,1788893401.584456,1788893401.524457,normal_unload,1,,0.0,0.06709,-0.02357,-0.93895,0.00133,0.00153,0.0002,0.06806,-0.02391,-0.94167,0.00125,0.00152,0.00023,0.0764,-0.00193,-0.93854,3,37.9592,362.772,36.5658,179.7995,0.5045,-102.5495,0.0095,24.2528,0.4794
28,000028.png,False,1788893401.780457,1788893401.720458,normal_unload,1,,0.0,0.06014,-0.0215,-0.76093,0.00122,0.00154,0.00012,0.06112,-0.02184,-0.76369,0.00114,0.00153,0.00015,0.06811,-0.00076,-0.76056,3,37.9602,362.7725,36.6059,179.7992,0.5053,-102.5499,0.0012,24.2929,0.4394
29,000029.png,False,1788893401.972475,1788893401.912475,normal_unload,1,,0.0,0.05886,-0.02056,-0.75779,0.00117,0.00153,6e-05,0.05986,-0.02091,-0.76059,0.00108,0.00152,9e-05,0.06651,-0.00054,-0.75744,3,37.9587,362.7725,36.6077,179.7992,0.5053,-102.5497,0.0035,24.2947,0.4375
30,000030.png,False,1788893402.364507,1788893402.304507,normal_unload,1,,0.0,0.05214,-0.01938,-0.59635,0.00105,0.00149,0.00012,0.05317,-0.01974,-0.59924,0.00096,0.00148,0.00015,0.05898,-0.00029,-0.59603,3,37.9586,362.7744,36.657,179.7992,0.5053,-102.5499,0.0094,24.344,0.3882
31,000031.png,False,1788893402.752512,1788893402.692512,normal_unload,1,,0.0,0.04786,-0.01963,-0.4191,0.00099,0.00134,-0.0,0.04892,-0.02,-0.42207,0.00089,0.00133,4e-05,0.05418,0.0002,-0.41879,3,37.9606,362.776,36.7121,179.7992,0.5053,-102.5501,0.0061,24.3992,0.3331
32,000032.png,False,1788893402.948528,1788893402.888528,normal_unload,1,,0.0,0.03392,-0.01459,-0.29431,0.0009,0.00109,-5e-05,0.03499,-0.01497,-0.29732,0.00081,0.00108,-2e-05,0.03871,-0.00041,-0.29408,3,37.9602,362.7787,36.7773,179.7993,0.5061,-102.5502,0.0008,24.4644,0.2678
33,000033.png,False,1788893403.144558,1788893403.084558,normal_unload,1,,0.0,0.02835,-0.01371,-0.28465,0.00079,0.001,-0.00012,0.02944,-0.01409,-0.28771,0.00069,0.00099,-8e-05,0.03338,-0.00227,-0.28443,3,37.9593,362.781,36.801,179.7983,0.508,-102.5502,0.0046,24.4881,0.2441
34,000034.png,False,1788893403.532536,1788893403.472536,normal_unload,1,,0.0,0.01449,-0.01424,-0.14367,0.0005,0.00042,-0.00013,0.01561,-0.01463,-0.14681,0.0004,0.00041,-0.0001,0.02066,-0.0074,-0.14343,3,37.9618,362.7794,36.897,179.799,0.5076,-102.5506,0.0015,24.5841,0.1482
35,000035.png,False,1788893404.508603,1788893404.448603,normal_unload,1,,0.0,-0.00145,-0.02836,-0.01571,0.00098,0.00026,4e-05,-0.00026,-0.02878,-0.01906,0.00087,0.00025,8e-05,0.01302,-0.02554,-0.01521,3,37.9666,362.7609,37.0241,179.8033,0.4972,-102.5508,0.0009,24.7108,0.0214
36,000036.png,False,1788893406.068717,1788893406.008718,normal_load,2,,2.0,-0.00441,-0.0055,-0.00549,0.00023,3e-05,-2e-05,-0.00309,-0.00596,-0.00918,0.00011,2e-05,3e-05,-0.00103,-0.00705,-0.00539,3,37.9473,362.8007,37.064,179.8023,0.5012,-102.5543,0.0029,24.7515,-0.0192
37,000037.png,False,1788893406.656725,1788893406.596725,normal_load,2,,2.0,-0.01603,0.00421,-0.03263,0.00024,-0.0,2e-05,-0.01467,0.00374,-0.03645,0.00012,-2e-05,7e-05,-0.01576,-0.00488,-0.03267,3,37.9105,362.8086,37.0364,179.8024,0.501,-102.5493,0.0072,24.7243,0.008
38,000038.png,False,1788893407.044765,1788893406.984766,normal_load,2,,2.0,-0.01871,0.00573,-0.13615,0.00014,-0.00022,-0.0001,-0.01732,0.00524,-0.14005,2e-05,-0.00023,-5e-05,-0.01812,-0.00657,-0.13619,3,37.9044,362.8028,36.9015,179.8055,0.4936,-102.5479,0.0078,24.5893,0.1429
39,000039.png,False,1788893407.240742,1788893407.180743,normal_load,2,,2.0,-0.01468,0.00931,-0.35471,9e-05,-0.00026,0.00018,-0.01327,0.00882,-0.35865,-3e-05,-0.00027,0.00023,-0.01491,-0.00495,-0.35479,3,37.9039,362.8085,36.817,179.8041,0.4975,-102.5479,0.0072,24.5049,0.2273
40,000040.png,False,1788893407.436743,1788893407.376743,normal_load,2,,2.0,-0.01161,0.01171,-0.35035,8e-05,-0.00025,-7e-05,-0.01019,0.01121,-0.35434,-5e-05,-0.00026,-2e-05,-0.01347,-0.00127,-0.35048,3,37.9029,362.8114,36.8079,179.8041,0.4975,-102.5482,0.0022,24.4959,0.2363
41,000041.png,False,1788893407.632840,1788893407.572840,normal_load,2,,2.0,-0.00398,0.02714,-0.5812,-0.00031,-0.00025,-0.0002,-0.00255,0.02664,-0.58523,-0.00043,-0.00027,-0.00015,-0.01298,0.0122,-0.58158,3,37.9017,362.8186,36.7196,179.8025,0.5013,-102.548,0.0026,24.4077,0.3245
42,000042.png,False,1788893407.824806,1788893407.764806,normal_load,2,,2.0,-0.00506,0.02058,-0.63389,-0.00013,-0.00029,0.00012,-0.00361,0.02008,-0.63796,-0.00025,-0.00031,0.00017,-0.01027,0.00514,-0.63414,3,37.9031,362.8147,36.701,179.8025,0.5013,-102.5482,0.0085,24.3891,0.3431
43,000043.png,False,1788893408.020703,1788893407.960703,normal_load,2,,2.0,0.01711,0.02967,-0.92035,-0.00011,0.00021,4e-05,0.01857,0.02916,-0.92447,-0.00023,0.00019,9e-05,0.00638,0.0195,-0.92076,3,37.9027,362.8195,36.6124,179.802,0.5023,-102.5482,0.0021,24.3006,0.4316
44,000044.png,False,1788893408.216809,1788893408.156809,normal_load,2,,2.0,0.02051,0.024,-1.11318,3e-05,0.0001,6e-05,0.02199,0.02349,-1.11733,-0.0001,8e-05,0.00011,0.01349,0.0132,-1.11346,3,37.9022,362.8179,36.5688,179.8024,0.502,-102.5482,0.0099,24.257,0.4753
45,000045.png,False,1788893408.412814,1788893408.352814,normal_load,2,,2.0,0.03351,0.03834,-1.25105,-0.0,0.00053,-2e-05,0.035,0.03782,-1.25524,-0.00013,0.00052,4e-05,0.01854,0.02991,-1.25159,3,37.9008,362.8251,36.536,179.8012,0.5043,-102.5482,0.0047,24.2242,0.508
46,000046.png,False,1788893408.608731,1788893408.548731,normal_load,2,,2.0,0.03968,0.0446,-1.44242,-0.00013,0.00048,4e-05,0.04119,0.04407,-1.44666,-0.00027,0.00046,9e-05,0.02209,0.03535,-1.44305,3,37.9019,362.8285,36.4878,179.8011,0.5057,-102.5484,0.0031,24.1762,0.5561
47,000047.png,False,1788893408.800886,1788893408.740886,normal_load,2,,2.0,0.04392,0.04867,-1.48359,-0.00028,0.00065,3e-05,0.04545,0.04814,-1.48787,-0.00042,0.00064,8e-05,0.02401,0.04033,-1.48429,3,37.9003,362.8342,36.4806,179.8006,0.5069,-102.5482,0.0079,24.1691,0.5632
48,000048.png,False,1788893409.192863,1788893409.132863,normal_load,2,,2.0,0.05658,0.05661,-1.82245,-0.00038,0.00064,0.00014,0.05814,0.05607,-1.82681,-0.00051,0.00063,0.00019,0.03336,0.0481,-1.82326,3,37.9011,362.8376,36.4234,179.8006,0.5073,-102.5489,0.0022,24.1119,0.6203
49,000049.png,False,1788893410.556853,1788893410.496853,normal_unload,2,,0.0,0.06001,0.05503,-2.05405,-0.00023,0.00063,3e-05,0.06167,0.05445,-2.05871,-0.00037,0.00062,8e-05,0.03873,0.04474,-2.05481,3,37.9041,362.8351,36.3826,179.8019,0.5072,-102.5489,0.0018,24.0711,0.6612
50,000050.png,False,1788893410.752917,1788893410.692917,normal_unload,2,,0.0,0.04964,0.02672,-1.92131,0.00052,0.00041,5e-05,0.05132,0.02614,-1.92601,0.00038,0.00039,0.0001,0.04297,0.01717,-1.92158,3,37.9068,362.8232,36.3962,179.8042,0.5022,-102.5488,0.0049,24.0844,0.6478
51,000051.png,False,1788893410.949004,1788893410.889004,normal_unload,2,,0.0,0.04939,0.02575,-1.90618,0.00055,0.00047,-6e-05,0.05108,0.02516,-1.91092,0.0004,0.00045,0.0,0.04313,0.01644,-1.90643,3,37.9074,362.8201,36.4021,179.8047,0.501,-102.5488,0.0005,24.0903,0.6419
52,000052.png,False,1788893411.144849,1788893411.084849,normal_unload,2,,0.0,0.04399,0.00985,-1.8289,0.00088,0.00046,-0.00011,0.04569,0.00926,-1.83369,0.00073,0.00044,-5e-05,0.04586,0.00122,-1.82888,3,37.9073,362.8163,36.4089,179.8054,0.4994,-102.5486,0.0059,24.097,0.6352
53,000053.png,False,1788893411.532962,1788893411.472962,normal_unload,2,,0.0,0.0452,0.01052,-1.65129,0.00072,0.00044,-0.0001,0.04694,0.00991,-1.65616,0.00057,0.00042,-4e-05,0.04535,0.00524,-1.65131,3,37.91,362.8183,36.4402,179.8053,0.5008,-102.5495,0.0021,24.1284,0.6039
54,000054.png,False,1788893411.729006,1788893411.669006,normal_unload,2,,0.0,0.04656,0.01509,-1.45417,0.00061,0.00073,-9e-05,0.04831,0.01448,-1.45909,0.00045,0.00071,-2e-05,0.04287,0.01304,-1.4543,3,37.9076,362.8216,36.4629,179.8049,0.5016,-102.5495,0.0085,24.1511,0.5812
55,000055.png,False,1788893411.924987,1788893411.864987,normal_unload,2,,0.0,0.04631,0.01593,-1.37269,0.00051,0.00072,0.00013,0.04808,0.01532,-1.37765,0.00036,0.0007,0.00019,0.04167,0.01495,-1.37285,3,37.9092,362.8216,36.4809,179.8053,0.5018,-102.5497,0.0,24.1691,0.5632
56,000056.png,False,1788893412.116998,1788893412.056998,normal_unload,2,,0.0,0.04489,0.01458,-1.32645,0.00063,0.00082,0.00011,0.04667,0.01396,-1.33145,0.00047,0.0008,0.00017,0.04079,0.01381,-1.32659,3,37.9089,362.822,36.4896,179.8055,0.5018,-102.5495,0.0081,24.1778,0.5544
57,000057.png,False,1788893412.313085,1788893412.253085,normal_unload,2,,0.0,0.04707,0.01581,-1.19044,0.00055,0.0009,-8e-05,0.04887,0.01519,-1.19548,0.0004,0.00088,-2e-05,0.04113,0.01815,-1.19062,3,37.9093,362.8245,36.5156,179.8056,0.5016,-102.5497,0.002,24.2038,0.5284
58,000058.png,False,1788893412.508979,1788893412.448979,normal_unload,2,,0.0,0.04164,0.01032,-1.11342,0.00065,0.00091,-0.00011,0.04345,0.00969,-1.1185,0.00049,0.0009,-4e-05,0.03863,0.01191,-1.11351,3,37.9106,362.8221,36.5239,179.8062,0.5014,-102.5499,0.0034,24.212,0.5202
59,000059.png,False,1788893412.705041,1788893412.645041,normal_unload,2,,0.0,0.04047,0.00767,-0.99376,0.00055,0.00101,-1e-05,0.0423,0.00703,-0.99889,0.00039,0.00099,5e-05,0.03812,0.01094,-0.99382,3,37.9109,362.8209,36.5508,179.8064,0.501,-102.5497,0.0088,24.2389,0.4933
60,000060.png,False,1788893412.901064,1788893412.841064,normal_unload,2,,0.0,0.04388,0.00339,-0.97058,0.00092,0.00103,-0.00019,0.04572,0.00275,-0.97575,0.00076,0.00101,-0.00013,0.04305,0.00932,-0.97058,3,37.9116,362.8201,36.5554,179.8067,0.5007,-102.5499,0.0022,24.2435,0.4887
61,000061.png,False,1788893413.093058,1788893413.033058,normal_unload,2,,0.0,0.03794,0.00237,-0.7619,0.00064,0.00109,-3e-05,0.0398,0.00173,-0.76712,0.00048,0.00107,3e-05,0.03696,0.00881,-0.76191,3,37.9104,362.8206,36.5986,179.8064,0.5015,-102.5501,0.0042,24.2868,0.4455
62,000062.png,False,1788893413.288970,1788893413.228970,normal_unload,2,,0.0,0.03722,0.0033,-0.76957,0.00063,0.00104,-0.00019,0.03909,0.00265,-0.77482,0.00047,0.00102,-0.00013,0.03593,0.00913,-0.76958,3,37.9124,362.8183,36.6012,179.8067,0.5014,-102.5499,0.0012,24.2893,0.443
63,000063.png,False,1788893413.681082,1788893413.621083,normal_unload,2,,0.0,0.03607,0.00521,-0.58361,0.00048,0.00104,-0.00019,0.03797,0.00455,-0.58895,0.00031,0.00102,-0.00012,0.03268,0.01319,-0.58368,3,37.9123,362.8274,36.6543,179.8066,0.5026,-102.5499,0.0074,24.3425,0.3898
64,000064.png,False,1788893413.873089,1788893413.813089,normal_unload,2,,0.0,0.03144,-0.00033,-0.42202,0.00056,0.00108,-0.00013,0.03336,-0.001,-0.4274,0.00039,0.00106,-6e-05,0.03033,0.00866,-0.42201,3,37.9126,362.8238,36.6951,179.8071,0.5016,-102.5501,0.0019,24.3832,0.349
65,000065.png,False,1788893414.069096,1788893414.009096,normal_unload,2,,0.0,0.03272,0.00568,-0.45546,0.00079,0.00136,-9e-05,0.03466,0.005,-0.46089,0.00063,0.00134,-3e-05,0.02867,0.01397,-0.45556,3,37.9123,362.8265,36.707,179.8069,0.5024,-102.5501,0.0085,24.3952,0.337
66,000066.png,False,1788893414.461111,1788893414.401111,normal_unload,2,,0.0,0.01914,0.00369,-0.22657,0.00043,0.0009,-0.00013,0.0211,0.00301,-0.23208,0.00026,0.00088,-6e-05,0.01631,0.00913,-0.22664,3,37.9134,362.8263,36.8054,179.8068,0.5038,-102.5504,0.0095,24.4936,0.2387
67,000067.png,False,1788893414.653139,1788893414.593139,normal_unload,2,,0.0,0.00315,0.00239,-0.18201,0.00027,0.00039,-0.00025,0.00513,0.0017,-0.18756,0.0001,0.00037,-0.00018,0.0028,0.00073,-0.18203,3,37.9163,362.8192,36.8345,179.8078,0.5014,-102.551,0.0015,24.5225,0.2097
68,000068.png,False,1788893414.849136,1788893414.789136,normal_unload,2,,0.0,-0.00219,0.01018,-0.09081,4e-05,0.0003,-0.00037,-0.0002,0.00949,-0.0964,-0.00013,0.00028,-0.0003,-0.00635,0.00627,-0.09097,3,37.9139,362.8263,36.9047,179.8065,0.5046,-102.5508,0.0038,24.5929,0.1394
69,000069.png,False,1788893415.045163,1788893414.985163,normal_unload,2,,0.0,-0.00647,0.0062,-0.05979,0.00019,0.00014,-0.00016,-0.00446,0.0055,-0.06542,2e-05,0.00012,-9e-05,-0.00829,0.00118,-0.05987,3,37.9152,362.8218,36.9459,179.8078,0.5026,-102.551,0.0095,24.634,0.0982
70,000070.png,False,1788893415.241067,1788893415.181067,normal_unload,2,,0.0,-0.00903,0.00522,-0.0036,0.00011,0.00024,-0.0001,-0.00701,0.00452,-0.00928,-6e-05,0.00022,-3e-05,-0.01041,-5e-05,-0.00367,3,37.9176,362.8199,36.9916,179.8089,0.5004,-102.5514,0.0051,24.6796,0.0527
71,000071.png,False,1788893417.581280,1788893417.521280,dwell,2,,0.0,-0.01249,0.0028,0.00697,0.00047,0.00027,-0.00021,-0.01028,0.00204,0.00079,0.00028,0.00025,-0.00013,-0.01227,-0.0037,0.00694,3,37.9195,362.8188,37.0891,179.8086,0.5029,-102.5525,0.0083,24.7771,-0.0448
72,000072.png,False,1788893418.165312,1788893418.105312,normal_load,3,,2.0,-0.01268,-0.00284,0.00944,0.00025,0.00015,-0.00012,-0.01044,-0.00362,0.00313,6e-05,0.00013,-4e-05,-0.00964,-0.00864,0.00952,3,37.9206,362.8115,37.0671,179.8103,0.4994,-102.5519,0.0092,24.7549,-0.0227
73,000073.png,False,1788893418.361331,1788893418.301331,normal_load,3,,2.0,-0.00933,-0.00456,0.0128,0.00019,-0.0001,-0.00018,-0.00707,-0.00534,0.00645,-1e-05,-0.00013,-0.0001,-0.00589,-0.0084,0.0129,3,37.9201,362.8108,37.064,179.8103,0.4994,-102.5519,0.0058,24.7519,-0.0196
74,000074.png,False,1788893418.557346,1788893418.497346,normal_load,3,,2.0,-0.01505,-0.01137,-0.04108,0.0006,-0.0,-0.00026,-0.01277,-0.01216,-0.04748,0.00041,-3e-05,-0.00018,-0.00707,-0.01802,-0.04085,3,37.9235,362.7921,36.9861,179.8144,0.4896,-102.5518,0.0002,24.6737,0.0586
75,000075.png,False,1788893418.753345,1788893418.693345,normal_load,3,,2.0,-0.01558,-0.00585,-0.04859,0.00065,0.00019,-0.00037,-0.01328,-0.00665,-0.05503,0.00045,0.00017,-0.00029,-0.01023,-0.01363,-0.04845,3,37.9241,362.7938,36.978,179.8138,0.4912,-102.5521,0.006,24.6656,0.0667
76,000076.png,False,1788893418.945375,1788893418.885375,normal_load,3,,2.0,-0.01131,0.00383,-0.10526,0.00031,7e-05,-0.00027,-0.009,0.00302,-0.11174,0.00011,4e-05,-0.00019,-0.01098,-0.00402,-0.10529,3,37.9226,362.8046,36.922,179.8122,0.495,-102.5523,0.0001,24.6097,0.1225
77,000077.png,False,1788893419.141273,1788893419.081274,normal_load,3,,2.0,-0.01374,-0.00342,-0.19302,0.00057,8e-05,-0.00015,-0.01142,-0.00423,-0.19954,0.00037,6e-05,-7e-05,-0.00885,-0.01292,-0.1929,3,37.9236,362.8002,36.8893,179.8133,0.4924,-102.5521,0.0056,24.577,0.1553
78,000078.png,False,1788893419.337369,1788893419.277369,normal_load,3,,2.0,-0.00613,-0.00247,-0.33685,0.00043,-2e-05,-4e-05,-0.00379,-0.00328,-0.34341,0.00023,-5e-05,4e-05,-0.00174,-0.0106,-0.33674,3,37.9245,362.8013,36.8128,179.8134,0.492,-102.5523,0.009,24.5005,0.2318
79,000079.png,False,1788893419.533391,1788893419.473391,normal_load,3,,2.0,-0.00205,0.00753,-0.4219,0.00037,0.00014,-0.00025,0.00031,0.00671,-0.42851,0.00016,0.00012,-0.00017,-0.00261,-0.00126,-0.42197,3,37.9239,362.8058,36.7739,179.8129,0.4932,-102.5523,0.0016,24.4617,0.2706
80,000080.png,False,1788893419.729296,1788893419.669296,normal_load,3,,2.0,-0.00194,0.00134,-0.60794,0.00049,-6e-05,-0.00022,0.00043,0.00052,-0.61459,0.00028,-8e-05,-0.00014,0.00186,-0.00954,-0.60787,3,37.9269,362.8019,36.6986,179.8133,0.4924,-102.5529,0.0041,24.3863,0.346
81,000081.png,False,1788893419.921318,1788893419.861318,normal_load,3,,2.0,0.00247,0.01395,-0.75344,0.0003,8e-05,-0.00017,0.00485,0.01312,-0.76013,9e-05,6e-05,-9e-05,0.00039,0.00125,-0.75357,3,37.9249,362.8068,36.6661,179.8128,0.4936,-102.5525,0.0065,24.3539,0.3783
82,000082.png,False,1788893420.117415,1788893420.057415,normal_load,3,,2.0,0.02412,0.0176,-0.96032,0.00025,0.00058,-0.00021,0.02652,0.01677,-0.96706,4e-05,0.00056,-0.00013,0.01876,0.01191,-0.96053,3,37.9237,362.8131,36.5996,179.8119,0.4956,-102.5525,0.004,24.2876,0.4447
83,000083.png,False,1788893420.313417,1788893420.253417,normal_load,3,,2.0,0.02665,0.01871,-0.99792,0.00027,0.00055,-0.00013,0.02907,0.01787,-1.00469,6e-05,0.00053,-5e-05,0.02066,0.01354,-0.99815,3,37.9238,362.8145,36.5897,179.8119,0.4963,-102.5525,0.0097,24.2776,0.4546
84,000084.png,False,1788893420.509336,1788893420.449336,normal_load,3,,2.0,0.0398,0.02261,-1.34203,0.0004,0.00075,-0.0001,0.04222,0.02177,-1.34884,0.00018,0.00073,-2e-05,0.03248,0.01797,-1.3423,3,37.9236,362.8139,36.5129,179.8115,0.4966,-102.5525,0.0005,24.2009,0.5314
85,000085.png,False,1788893420.701353,1788893420.641353,normal_load,3,,2.0,0.04149,0.02885,-1.32242,0.00024,0.00077,-6e-05,0.04393,0.028,-1.32928,2e-05,0.00075,3e-05,0.03069,0.02453,-1.3228,3,37.9236,362.8187,36.5135,179.8112,0.4972,-102.5527,0.0088,24.2015,0.5308
86,000086.png,False,1788893421.093374,1788893421.033374,normal_load,3,,2.0,0.05037,0.03675,-1.59368,0.00015,0.00088,-7e-05,0.05284,0.03589,-1.60063,-7e-05,0.00085,2e-05,0.03632,0.03146,-1.59418,3,37.9236,362.8169,36.4491,179.8113,0.4977,-102.5529,0.0007,24.1371,0.5951
87,000087.png,False,1788893421.677489,1788893421.617489,normal_load,3,,2.0,0.06852,0.05559,-1.8836,-0.00016,0.00107,-0.00017,0.07104,0.05471,-1.89067,-0.00037,0.00104,-8e-05,0.04464,0.05221,-1.88441,3,37.9224,362.8309,36.4059,179.8094,0.5021,-102.5532,0.0005,24.0942,0.6381
88,000088.png,False,1788893423.045559,1788893422.985559,normal_unload,3,,0.0,0.07875,0.05557,-2.0474,-0.00023,0.00122,8e-05,0.08138,0.05465,-2.05476,-0.00046,0.00119,0.00018,0.05465,0.05468,-2.04821,3,37.9273,362.8364,36.3802,179.81,0.5028,-102.5538,0.0044,24.0685,0.6637
89,000089.png,False,1788893423.237594,1788893423.177594,normal_unload,3,,0.0,0.07879,0.04099,-1.98148,0.00022,0.00123,9e-05,0.08143,0.04007,-1.98889,-0.0,0.0012,0.00018,0.06151,0.04312,-1.98205,3,37.9302,362.8306,36.3893,179.8113,0.4998,-102.5543,0.0075,24.0775,0.6548
90,000090.png,False,1788893423.433579,1788893423.373579,normal_unload,3,,0.0,0.07253,0.03056,-1.89573,0.00042,0.00117,-6e-05,0.07518,0.02963,-1.90318,0.00019,0.00115,3e-05,0.0607,0.03234,-1.89612,3,37.9321,362.8217,36.4032,179.8133,0.4957,-102.5542,0.0009,24.0912,0.641
91,000091.png,False,1788893423.629504,1788893423.569504,normal_unload,3,,0.0,0.06808,0.0183,-1.84986,0.00066,0.00112,5e-05,0.07075,0.01737,-1.85735,0.00043,0.0011,0.00015,0.06266,0.02023,-1.85003,3,37.933,362.8212,36.4061,179.813,0.4963,-102.5543,0.0077,24.0941,0.6381
92,000092.png,False,1788893423.825597,1788893423.765597,normal_unload,3,,0.0,0.06362,0.00761,-1.71502,0.00088,0.00113,-7e-05,0.06631,0.00668,-1.72255,0.00065,0.00111,2e-05,0.0632,0.01091,-1.71502,3,37.9348,362.8164,36.4236,179.814,0.4946,-102.5542,0.0014,24.1115,0.6207
93,000093.png,False,1788893424.021541,1788893423.961541,normal_unload,3,,0.0,0.06376,0.01759,-1.54874,0.0007,0.00126,9e-05,0.06646,0.01665,-1.55631,0.00046,0.00124,0.00019,0.05718,0.02229,-1.54893,3,37.9332,362.82,36.4501,179.813,0.497,-102.5543,0.0064,24.1381,0.5941
94,000094.png,False,1788893424.213643,1788893424.153643,normal_unload,3,,0.0,0.06565,0.01549,-1.50321,0.00072,0.00133,-0.00016,0.06836,0.01454,-1.51083,0.00049,0.0013,-7e-05,0.05955,0.02214,-1.50338,3,37.9333,362.8198,36.4531,179.8131,0.4968,-102.5543,0.0042,24.1411,0.5911
95,000095.png,False,1788893424.409544,1788893424.349545,normal_unload,3,,0.0,0.0674,0.01913,-1.33347,0.00063,0.00147,-0.00019,0.07013,0.01818,-1.34113,0.00039,0.00144,-0.0001,0.05807,0.02889,-1.33373,3,37.9343,362.826,36.4818,179.8123,0.4986,-102.5549,0.0089,24.1699,0.5623
96,000096.png,False,1788893424.605679,1788893424.545679,normal_unload,3,,0.0,0.06661,0.01856,-1.32227,0.00031,0.00131,0.0,0.06935,0.01761,-1.32997,7e-05,0.00129,0.0001,0.05759,0.02818,-1.32252,3,37.9337,362.8238,36.4846,179.8125,0.498,-102.5549,0.0053,24.1727,0.5596
97,000097.png,False,1788893424.801562,1788893424.741562,normal_unload,3,,0.0,0.06499,0.0076,-1.17373,0.00064,0.00146,9e-05,0.06775,0.00664,-1.18148,0.0004,0.00143,0.00018,0.06064,0.02025,-1.17382,3,37.9355,362.8227,36.5145,179.8132,0.497,-102.5549,0.0072,24.2025,0.5298
98,000098.png,False,1788893424.993580,1788893424.933580,normal_unload,3,,0.0,0.06745,0.00883,-1.17823,0.00077,0.00146,-4e-05,0.07023,0.00786,-1.18602,0.00053,0.00144,5e-05,0.06219,0.02248,-1.17834,3,37.9364,362.8206,36.5122,179.8132,0.4968,-102.5551,0.0042,24.2001,0.5321
99,000099.png,False,1788893425.189684,1788893425.129684,normal_unload,3,,0.0,0.0594,-0.00097,-0.98026,0.00104,0.00157,-0.00012,0.06219,-0.00194,-0.98809,0.0008,0.00154,-2e-05,0.05873,0.01314,-0.98021,3,37.9381,362.817,36.5489,179.8135,0.4962,-102.5553,0.0025,24.2368,0.4955
100,000100.png,False,1788893425.385593,1788893425.325593,normal_unload,3,,0.0,0.0611,-0.00279,-0.95316,0.00081,0.00143,-0.00022,0.0639,-0.00376,-0.96103,0.00056,0.0014,-0.00012,0.06092,0.01285,-0.95309,3,37.9376,362.8177,36.5608,179.8132,0.4968,-102.5553,0.008,24.2487,0.4835
101,000101.png,False,1788893425.773742,1788893425.713742,normal_unload,3,,0.0,0.06165,0.00702,-0.76586,0.00062,0.00156,9e-05,0.06448,0.00603,-0.77381,0.00037,0.00153,0.00019,0.0552,0.02461,-0.76599,3,37.9385,362.8249,36.6149,179.8129,0.4983,-102.5556,0.0022,24.303,0.4293
102,000102.png,False,1788893425.969748,1788893425.909748,normal_unload,3,,0.0,0.05133,0.00117,-0.60455,0.00082,0.00167,-0.00021,0.05418,0.00018,-0.61255,0.00058,0.00164,-0.00011,0.04807,0.01698,-0.60459,3,37.9396,362.8232,36.6404,179.8134,0.4976,-102.5558,0.0079,24.3284,0.4039
103,000103.png,False,1788893426.165642,1788893426.105642,normal_unload,3,,0.0,0.05553,0.00978,-0.54602,0.00041,0.00158,-0.00014,0.05839,0.00879,-0.55406,0.00016,0.00155,-4e-05,0.047,0.02747,-0.54622,3,37.9388,362.8273,36.663,179.8133,0.4978,-102.556,0.0067,24.351,0.3812
104,000104.png,False,1788893426.361727,1788893426.301728,normal_unload,3,,0.0,0.04905,5e-05,-0.47837,0.00065,0.00163,-0.00014,0.05193,-0.00096,-0.48645,0.0004,0.0016,-4e-05,0.04578,0.01689,-0.4784,3,37.939,362.8258,36.6818,179.8135,0.4974,-102.5558,0.0013,24.3698,0.3625
105,000105.png,False,1788893426.557706,1788893426.497706,normal_unload,3,,0.0,0.04654,-0.00396,-0.35694,0.00075,0.00155,-0.0,0.04944,-0.00497,-0.36506,0.00049,0.00152,0.0001,0.04477,0.01411,-0.35691,3,37.9417,362.8223,36.7273,179.8141,0.497,-102.5562,0.0094,24.4153,0.317
106,000106.png,False,1788893426.749823,1788893426.689823,normal_unload,3,,0.0,0.04193,-0.00579,-0.34116,0.00081,0.00146,6e-05,0.04484,-0.0068,-0.34933,0.00055,0.00143,0.00016,0.04158,0.01047,-0.34109,3,37.9429,362.8202,36.7405,179.8146,0.4965,-102.5562,0.0009,24.4284,0.3038
107,000107.png,False,1788893427.141691,1788893427.081692,normal_unload,3,,0.0,0.02537,0.00202,-0.226,0.00034,0.00083,-0.0001,0.02831,0.001,-0.23426,9e-05,0.0008,0.0,0.02253,0.01081,-0.22606,3,37.9443,362.8218,36.815,179.8145,0.4973,-102.5569,0.0094,24.5029,0.2294
108,000108.png,False,1788893427.337814,1788893427.277814,normal_unload,3,,0.0,0.01366,0.01085,-0.08219,0.0002,0.00064,-0.00035,0.01662,0.00983,-0.09049,-5e-05,0.00061,-0.00025,0.00698,0.01491,-0.08239,3,37.9424,362.827,36.9022,179.814,0.4983,-102.5564,0.004,24.5901,0.1421
109,000109.png,False,1788893427.529818,1788893427.469818,normal_unload,3,,0.0,0.01366,0.0045,-0.0753,0.00029,0.00058,-0.00027,0.01663,0.00347,-0.08364,4e-05,0.00055,-0.00016,0.0101,0.00951,-0.07539,3,37.9444,362.826,36.9152,179.8145,0.4983,-102.5571,0.0051,24.6032,0.1291
110,000110.png,False,1788893428.505873,1788893428.445873,normal_unload,3,,0.0,0.00211,0.00643,0.02014,0.00033,0.00067,-0.00037,0.00516,0.00537,0.0116,6e-05,0.00064,-0.00027,-0.00152,0.00695,0.02002,3,37.9474,362.8362,37.0394,179.8146,0.4986,-102.5584,0.0032,24.7274,0.0048
111,000111.png,False,1788893429.677819,1788893429.617819,dwell,3,,0.0,-0.00092,0.00338,0.00248,0.00024,0.00053,-0.0002,0.00222,0.00229,-0.00632,-3e-05,0.00049,-0.0001,-0.0025,0.00251,0.00242,3,37.9525,362.8425,37.043,179.8153,0.4991,-102.5597,0.0029,24.7311,0.0011
112,000112.png,False,1788893431.434006,1788893431.374007,normal_load,4,,2.0,-0.01463,0.00373,-0.03496,0.00039,0.00011,-7e-05,-0.01136,0.00259,-0.04414,0.00011,7e-05,4e-05,-0.01429,-0.00464,-0.03499,4,37.9196,362.8164,37.0279,179.8147,0.5033,-102.5597,0.0042,24.7158,0.0164
113,000113.png,False,1788893431.629988,1788893431.569988,normal_load,4,,2.0,-0.01476,0.01177,-0.10383,0.00022,1e-05,-0.00018,-0.01147,0.01062,-0.11306,-7e-05,-2e-05,-7e-05,-0.01794,0.00115,-0.10399,3,37.9111,362.8211,36.9418,179.814,0.5049,-102.5586,0.0088,24.6299,0.1023
114,000114.png,False,1788893431.821932,1788893431.761932,normal_load,4,,2.0,-0.02027,-0.00427,-0.21632,0.00055,-0.00013,-9e-05,-0.01697,-0.00542,-0.22559,0.00027,-0.00016,3e-05,-0.01392,-0.01729,-0.21617,3,37.9158,362.8006,36.8569,179.8177,0.4966,-102.5586,0.0051,24.5447,0.1876
115,000115.png,False,1788893432.018027,1788893431.958027,normal_load,4,,2.0,-0.00985,0.01746,-0.34516,-1e-05,-7e-05,-0.00016,-0.00653,0.01631,-0.35447,-0.0003,-0.0001,-5e-05,-0.01486,0.00467,-0.34539,3,37.9129,362.8174,36.8014,179.8151,0.5028,-102.5588,0.0098,24.4895,0.2428
116,000116.png,False,1788893432.214023,1788893432.154023,normal_load,4,,2.0,-0.01124,0.01213,-0.4636,0.00031,-9e-05,-9e-05,-0.00791,0.01097,-0.47295,2e-05,-0.00013,2e-05,-0.01258,-0.00254,-0.46372,3,37.911,362.8168,36.7467,179.8151,0.5035,-102.5582,0.0039,24.4348,0.2975
117,000117.png,False,1788893432.410044,1788893432.350044,normal_load,4,,2.0,-0.00173,0.02683,-0.70538,9e-05,-0.0001,-0.00016,0.00162,0.02567,-0.71477,-0.0002,-0.00014,-4e-05,-0.01001,0.01108,-0.70574,3,37.9093,362.8249,36.6867,179.8144,0.5051,-102.558,0.0019,24.3749,0.3573
118,000118.png,False,1788893432.602060,1788893432.542060,normal_load,4,,2.0,0.0092,0.03514,-0.85041,-0.00024,8e-05,-0.00025,0.01256,0.03397,-0.85984,-0.00053,5e-05,-0.00013,-0.00369,0.02141,-0.85091,3,37.9079,362.8297,36.622,179.8133,0.5072,-102.5582,0.0091,24.3103,0.422
119,000119.png,False,1788893432.797992,1788893432.737993,normal_load,4,,2.0,0.02061,0.03649,-0.96135,-2e-05,0.00047,-0.0001,0.02398,0.03531,-0.97083,-0.00032,0.00043,2e-05,0.00628,0.0265,-0.96188,3,37.909,362.8332,36.6008,179.8132,0.5079,-102.5584,0.0028,24.2891,0.4431
120,000120.png,False,1788893432.994015,1788893432.934015,normal_load,4,,2.0,0.03385,0.03838,-1.29307,2e-05,0.00063,-0.00023,0.03724,0.0372,-1.30259,-0.00028,0.0006,-0.00012,0.01911,0.02944,-1.29361,4,37.9079,362.8355,36.5157,179.8133,0.5082,-102.5582,0.0026,24.2041,0.5281
121,000121.png,False,1788893433.190048,1788893433.130049,normal_load,4,,2.0,0.03661,0.03993,-1.27591,-5e-05,0.00063,-0.00026,0.04002,0.03874,-1.28547,-0.00034,0.0006,-0.00015,0.02061,0.03243,-1.27648,3,37.9076,362.835,36.5172,179.8131,0.5081,-102.5582,0.0054,24.2056,0.5266
122,000122.png,False,1788893433.578135,1788893433.518136,normal_load,4,,2.0,0.05143,0.05534,-1.58453,-0.00014,0.00088,-0.00022,0.05487,0.05414,-1.59417,-0.00043,0.00084,-0.0001,0.02789,0.04824,-1.58535,3,37.9066,362.8432,36.4581,179.8123,0.5108,-102.5582,0.0097,24.1467,0.5856
123,000123.png,False,1788893434.946154,1788893434.886154,normal_unload,4,,0.0,0.06802,0.08619,-2.03846,-0.00072,0.00101,-0.00016,0.07156,0.08495,-2.0484,-0.00102,0.00097,-4e-05,0.02999,0.07598,-2.03978,3,37.9054,362.8556,36.3825,179.811,0.515,-102.5582,0.0036,24.0713,0.661
124,000124.png,False,1788893435.334121,1788893435.274122,normal_unload,4,,0.0,0.05198,0.04409,-1.95911,0.00032,0.0007,0.0001,0.05555,0.04285,-1.96913,1e-05,0.00066,0.00023,0.03658,0.03277,-1.95968,2,37.9106,362.834,36.3974,179.8143,0.507,-102.5582,0.0005,24.0857,0.6465
125,000125.png,False,1788893435.530204,1788893435.470204,normal_unload,4,,0.0,0.04927,0.04199,-1.90638,0.0002,0.00066,1e-05,0.05286,0.04074,-1.91645,-0.00011,0.00062,0.00014,0.03492,0.03045,-1.90692,3,37.9098,362.8356,36.3984,179.8144,0.5075,-102.5582,0.0049,24.0868,0.6455
126,000126.png,False,1788893435.726217,1788893435.666217,normal_unload,4,,0.0,0.04725,0.03524,-1.85833,0.00053,0.00056,3e-05,0.05085,0.03398,-1.86844,0.00021,0.00053,0.00016,0.03621,0.02436,-1.85875,3,37.9116,362.8327,36.4075,179.8149,0.5063,-102.5586,0.01,24.0959,0.6363
127,000127.png,False,1788893435.922185,1788893435.862185,normal_unload,4,,0.0,0.04796,0.02814,-1.73347,0.00049,0.0007,-0.0,0.05157,0.02688,-1.74362,0.00018,0.00066,0.00012,0.0395,0.02057,-1.73379,3,37.9118,362.8307,36.423,179.8151,0.5057,-102.5584,0.0039,24.1114,0.6209
128,000128.png,False,1788893436.114154,1788893436.054154,normal_unload,4,,0.0,0.04544,0.02862,-1.71642,0.00053,0.00085,-7e-05,0.04907,0.02735,-1.72662,0.00021,0.00082,5e-05,0.03696,0.01999,-1.71675,2,37.911,362.8319,36.4243,179.8153,0.5057,-102.5582,0.0041,24.1127,0.6196
129,000129.png,False,1788893436.506297,1788893436.446297,normal_unload,4,,0.0,0.04967,0.03938,-1.51021,0.00027,0.0009,0.0001,0.05333,0.03811,-1.52049,-5e-05,0.00087,0.00023,0.03382,0.03474,-1.51077,3,37.9116,362.8353,36.4618,179.815,0.5065,-102.5586,0.0072,24.1502,0.582
130,000130.png,False,1788893436.702265,1788893436.642265,normal_unload,4,,0.0,0.04424,0.03149,-1.37537,0.00032,0.00093,0.00015,0.04792,0.03021,-1.3857,0.0,0.00089,0.00027,0.03212,0.02735,-1.3758,3,37.9117,362.8366,36.4797,179.8149,0.5072,-102.5584,0.0071,24.1681,0.5642
131,000131.png,False,1788893436.894200,1788893436.834200,normal_unload,4,,0.0,0.05045,0.03681,-1.29683,0.00016,0.00098,-5e-05,0.05414,0.03553,-1.3072,-0.00016,0.00094,8e-05,0.0343,0.03632,-1.29738,2,37.9102,362.8359,36.4942,179.8149,0.5067,-102.5582,0.0028,24.1826,0.5496
132,000132.png,False,1788893437.090204,1788893437.030205,normal_unload,4,,0.0,0.04042,0.01824,-1.19901,0.00072,0.00104,-1e-05,0.04412,0.01695,-1.20942,0.0004,0.001,0.00012,0.03421,0.01678,-1.19923,3,37.9131,362.8306,36.511,179.8156,0.5061,-102.5584,0.0089,24.1993,0.5329
133,000133.png,False,1788893437.286319,1788893437.226319,normal_unload,4,,0.0,0.03482,0.00696,-1.08864,0.00072,0.00085,1e-05,0.03854,0.00567,-1.09909,0.0004,0.00081,0.00014,0.03423,0.00599,-1.08867,3,37.9149,362.8244,36.5331,179.816,0.5058,-102.5586,0.0028,24.2212,0.511
134,000134.png,False,1788893437.482219,1788893437.422219,normal_unload,4,,0.0,0.03441,0.01022,-1.01428,0.00082,0.00085,-0.0001,0.03815,0.00892,-1.02477,0.0005,0.00081,3e-05,0.03173,0.0098,-1.01437,3,37.915,362.825,36.546,179.8161,0.5056,-102.5589,0.0032,24.2342,0.4981
135,000135.png,False,1788893437.678229,1788893437.618229,normal_unload,4,,0.0,0.04417,0.02949,-0.8658,0.00012,0.00107,0.00012,0.04792,0.02818,-0.87633,-0.00021,0.00103,0.00025,0.02953,0.03374,-0.86626,3,37.9133,362.8385,36.5792,179.8151,0.508,-102.5591,0.0078,24.2676,0.4647
136,000136.png,False,1788893437.870245,1788893437.810245,normal_unload,4,,0.0,0.03771,0.02286,-0.80695,0.00043,0.00115,-4e-05,0.04148,0.02155,-0.81753,0.0001,0.00112,9e-05,0.02684,0.02571,-0.8073,3,37.9114,362.837,36.5927,179.8151,0.508,-102.5584,0.0013,24.2811,0.4511
137,000137.png,False,1788893438.066255,1788893438.006255,normal_unload,4,,0.0,0.03771,0.02108,-0.70661,0.00042,0.00131,9e-05,0.04149,0.01976,-0.71723,9e-05,0.00127,0.00023,0.02703,0.02578,-0.70694,3,37.9127,362.8371,36.6262,179.8153,0.5074,-102.5589,0.0087,24.3146,0.4176
138,000138.png,False,1788893438.262264,1788893438.202264,normal_unload,4,,0.0,0.03468,0.0163,-0.63301,0.00047,0.0011,-0.00016,0.03848,0.01498,-0.64367,0.00014,0.00106,-3e-05,0.02629,0.02131,-0.63327,3,37.9135,362.8355,36.6364,179.8156,0.5073,-102.5589,0.0062,24.3247,0.4075
139,000139.png,False,1788893438.458360,1788893438.398360,normal_unload,4,,0.0,0.0287,0.01184,-0.48077,0.00032,0.00097,-6e-05,0.03251,0.01051,-0.49147,-1e-05,0.00093,8e-05,0.02228,0.01689,-0.48096,3,37.914,362.8327,36.6788,179.816,0.5065,-102.5589,0.0006,24.3671,0.3651
140,000140.png,False,1788893438.650374,1788893438.590374,normal_unload,4,,0.0,0.02784,0.01051,-0.50866,0.0006,0.00106,8e-05,0.03167,0.00918,-0.5194,0.00026,0.00102,0.00021,0.02239,0.01487,-0.50882,3,37.9138,362.8321,36.6834,179.8162,0.5064,-102.5589,0.0087,24.3717,0.3606
141,000141.png,False,1788893439.042411,1788893438.982411,normal_unload,4,,0.0,0.02204,0.00789,-0.36993,0.00073,0.00108,-5e-05,0.02589,0.00655,-0.38076,0.00039,0.00104,8e-05,0.01771,0.01192,-0.37005,3,37.9158,362.8288,36.7316,179.8169,0.5054,-102.5589,0.0049,24.4198,0.3124
142,000142.png,False,1788893439.430327,1788893439.370327,normal_unload,4,,0.0,0.00416,0.02219,-0.21311,-0.0,0.00042,-1e-05,0.00805,0.02084,-0.22402,-0.00034,0.00038,0.00013,-0.00601,0.01789,-0.21347,3,37.9144,362.8395,36.8407,179.8156,0.5089,-102.5591,0.0004,24.5291,0.2032
143,000143.png,False,1788893439.626432,1788893439.566432,normal_unload,4,,0.0,-0.00859,0.01945,-0.08422,4e-05,0.00034,9e-05,-0.00469,0.01809,-0.09517,-0.0003,0.0003,0.00022,-0.01658,0.0112,-0.08453,3,37.9157,362.8342,36.9192,179.8164,0.5076,-102.5591,0.0058,24.6075,0.1247
144,000144.png,False,1788893440.798397,1788893440.738397,dwell,4,,0.0,-0.01443,0.00046,-0.02893,0.00043,0.00015,2e-05,-0.01043,-0.00093,-0.04014,8e-05,0.00011,0.00016,-0.01253,-0.00727,-0.02891,3,37.9211,362.8136,37.0428,179.8173,0.5073,-102.5593,0.0021,24.7307,0.0015
145,000145.png,False,1788893441.382532,1788893441.322532,normal_load,5,,2.0,-0.01364,-0.00315,-0.0441,0.0005,2e-05,0.00019,-0.0096,-0.00456,-0.05544,0.00015,-2e-05,0.00033,-0.00994,-0.01025,-0.04401,3,37.9229,362.8041,37.0424,179.8174,0.5071,-102.5591,0.0027,24.7301,0.0021
146,000146.png,False,1788893441.578560,1788893441.518560,normal_load,5,,2.0,-0.01449,-0.0028,-0.05281,0.00053,5e-05,0.00027,-0.01044,-0.00421,-0.06418,0.00018,1e-05,0.00041,-0.01079,-0.01051,-0.05272,3,37.9234,362.8024,37.0435,179.8172,0.5075,-102.5593,0.0026,24.7311,0.0011
147,000147.png,False,1788893442.358478,1788893442.298478,normal_load,5,,2.0,-0.0117,0.00887,-0.09273,0.00048,0.00036,0.00017,-0.00759,0.00744,-0.10428,0.00012,0.00032,0.00031,-0.01392,0.00035,-0.09285,3,37.9193,362.8266,36.988,179.8122,0.52,-102.5591,0.0073,24.6761,0.0561
148,000148.png,False,1788893442.750580,1788893442.690580,normal_load,5,,2.0,-0.00492,0.01688,-0.42515,8e-05,9e-05,0.00025,-0.00078,0.01544,-0.43678,-0.00028,4e-05,0.00039,-0.00975,0.00535,-0.42537,3,37.9231,362.8133,36.7696,179.8143,0.515,-102.5595,0.0031,24.4575,0.2747
149,000149.png,False,1788893442.942608,1788893442.882608,normal_load,5,,2.0,0.00973,0.03267,-0.78869,-2e-05,0.0002,0.00013,0.01389,0.03122,-0.80037,-0.00038,0.00016,0.00027,-0.00243,0.02052,-0.78916,3,37.9199,362.8306,36.6737,179.8127,0.5193,-102.5596,0.0078,24.362,0.3703
150,000150.png,False,1788893443.138608,1788893443.078608,normal_load,5,,2.0,0.00876,0.03169,-0.78142,7e-05,0.00026,-0.00013,0.01294,0.03024,-0.79314,-0.00029,0.00022,2e-05,-0.00283,0.01931,-0.78187,3,37.9199,362.8272,36.6537,179.8133,0.5179,-102.5593,0.005,24.3419,0.3903
151,000151.png,False,1788893443.334635,1788893443.274635,normal_load,5,,2.0,0.03596,0.04517,-0.97759,-0.00034,0.00076,-0.00013,0.04015,0.04372,-0.98935,-0.0007,0.00072,1e-05,0.01536,0.04143,-0.9783,3,37.9184,362.8398,36.5957,179.8116,0.5226,-102.5593,0.0096,24.2841,0.4481
152,000152.png,False,1788893443.530628,1788893443.470628,normal_load,5,,2.0,0.04267,0.02947,-1.3212,0.00036,0.00075,-7e-05,0.04688,0.02801,-1.333,-0.0,0.00071,8e-05,0.0314,0.02569,-1.3216,3,37.921,362.8305,36.5036,179.813,0.5191,-102.5596,0.0045,24.1919,0.5404
153,000153.png,False,1788893443.722662,1788893443.662662,normal_load,5,,2.0,0.04873,0.04031,-1.40368,0.00018,0.00094,3e-05,0.05295,0.03884,-1.41552,-0.00019,0.0009,0.00017,0.0318,0.03677,-1.40426,3,37.9194,362.8361,36.4979,179.8125,0.5208,-102.5593,0.0048,24.1862,0.546
154,000154.png,False,1788893443.918671,1788893443.858671,normal_load,5,,2.0,0.05817,0.05885,-1.62841,-0.00015,0.00108,6e-05,0.06241,0.05738,-1.64029,-0.00052,0.00103,0.00021,0.03228,0.05395,-1.6293,3,37.9199,362.8417,36.456,179.8109,0.5246,-102.5596,0.0094,24.1444,0.5878
155,000155.png,False,1788893444.114569,1788893444.054569,normal_load,5,,2.0,0.05911,0.05135,-1.65797,-2e-05,0.00101,7e-05,0.06336,0.04987,-1.6699,-0.00039,0.00097,0.00021,0.03704,0.04745,-1.65873,3,37.9183,362.8413,36.4488,179.8113,0.5236,-102.5594,0.0006,24.1372,0.595
156,000156.png,False,1788893444.698694,1788893444.638694,normal_load,5,,2.0,0.06712,0.07543,-1.95522,-0.00024,0.00121,0.00017,0.07142,0.07394,-1.96728,-0.00061,0.00117,0.00032,0.03401,0.06755,-1.95637,3,37.919,362.8479,36.4009,179.8103,0.5265,-102.5596,0.0015,24.0894,0.6428
157,000157.png,False,1788893444.894699,1788893444.834699,normal_unload,5,,0.0,0.0702,0.07006,-1.94393,-0.00044,0.00102,8e-05,0.07451,0.06856,-1.95603,-0.00081,0.00098,0.00023,0.03928,0.06461,-1.94499,3,37.92,362.8471,36.4002,179.8106,0.5259,-102.5596,0.0065,24.0887,0.6435
158,000158.png,False,1788893445.090620,1788893445.030620,normal_unload,5,,0.0,0.0697,0.07263,-1.9461,-0.00028,0.00114,0.0002,0.07402,0.07113,-1.95824,-0.00066,0.0011,0.00035,0.03758,0.06656,-1.9472,3,37.9195,362.8478,36.4027,179.811,0.5256,-102.5596,0.0046,24.0913,0.641
159,000159.png,False,1788893445.286714,1788893445.226714,normal_unload,5,,0.0,0.0646,0.05883,-1.92192,0.0001,0.00107,0.00014,0.06894,0.05732,-1.9341,-0.00028,0.00103,0.00029,0.03989,0.05244,-1.92277,3,37.9202,362.8436,36.4044,179.8117,0.5238,-102.5596,0.0017,24.0929,0.6394
160,000160.png,False,1788893445.478755,1788893445.418756,normal_unload,5,,0.0,0.05786,0.04124,-1.8096,0.0004,0.00085,0.00015,0.06222,0.03972,-1.82182,2e-05,0.00081,0.0003,0.04206,0.03564,-1.81015,3,37.9225,362.8337,36.4208,179.8145,0.5179,-102.5595,0.0078,24.109,0.6232
161,000161.png,False,1788893445.674652,1788893445.614652,normal_unload,5,,0.0,0.05597,0.02775,-1.79843,0.00081,0.00095,0.00034,0.06034,0.02623,-1.8107,0.00043,0.00091,0.00049,0.04709,0.0232,-1.79875,2,37.9239,362.8279,36.4226,179.8147,0.518,-102.5595,0.007,24.1108,0.6215
162,000162.png,False,1788893445.870776,1788893445.810776,normal_unload,5,,0.0,0.04854,0.00783,-1.69793,0.0012,0.00079,0.00028,0.05293,0.0063,-1.71023,0.00082,0.00075,0.00043,0.04991,0.00384,-1.6979,3,37.9249,362.8213,36.4359,179.8159,0.5145,-102.5598,0.0013,24.124,0.6083
163,000163.png,False,1788893446.066801,1788893446.006801,normal_unload,5,,0.0,0.04861,0.00984,-1.52329,0.0009,0.00082,0.00028,0.05301,0.00831,-1.53564,0.00052,0.00078,0.00044,0.04775,0.00841,-1.52333,3,37.9255,362.8199,36.463,179.8158,0.5152,-102.5598,0.0037,24.151,0.5812
164,000164.png,False,1788893446.262839,1788893446.202839,normal_unload,5,,0.0,0.04803,0.00519,-1.47656,0.00111,0.00075,0.00025,0.05245,0.00365,-1.48895,0.00073,0.0007,0.0004,0.04925,0.00484,-1.47652,3,37.9263,362.8218,36.4676,179.816,0.5152,-102.56,0.0087,24.1557,0.5766
165,000165.png,False,1788893446.650702,1788893446.590702,normal_unload,5,,0.0,0.04765,0.01042,-1.22273,0.00095,0.00105,0.00019,0.05209,0.00887,-1.2352,0.00057,0.00101,0.00034,0.04454,0.01324,-1.22282,3,37.9253,362.8248,36.5126,179.8151,0.5174,-102.56,0.0026,24.2007,0.5316
166,000166.png,False,1788893447.042722,1788893446.982722,normal_unload,5,,0.0,0.04722,0.00686,-1.0882,0.00091,0.00104,0.00023,0.0517,0.00531,-1.10076,0.00053,0.00099,0.00038,0.04502,0.01211,-1.08825,3,37.9281,362.8212,36.5378,179.8163,0.5158,-102.5604,0.0051,24.2258,0.5064
167,000167.png,False,1788893447.234739,1788893447.174739,normal_unload,5,,0.0,0.04144,-0.00594,-0.9103,0.00123,0.0012,0.00021,0.04593,-0.0075,-0.9229,0.00084,0.00115,0.00036,0.04517,0.00098,-0.91014,3,37.9279,362.8207,36.575,179.8161,0.5157,-102.5606,0.0045,24.263,0.4692
168,000168.png,False,1788893447.430789,1788893447.370789,normal_unload,5,,0.0,0.03982,-0.0039,-0.88533,0.0011,0.00108,0.00018,0.04432,-0.00547,-0.89797,0.00071,0.00104,0.00033,0.04258,0.00233,-0.88521,3,37.9282,362.8191,36.5854,179.8161,0.5155,-102.5608,0.0011,24.2734,0.4589
169,000169.png,False,1788893447.822879,1788893447.762879,normal_unload,5,,0.0,0.03445,-0.0098,-0.63813,0.00114,0.00117,6e-05,0.03898,-0.01138,-0.65086,0.00074,0.00112,0.00022,0.03916,-0.0015,-0.63794,3,37.9296,362.8169,36.642,179.8164,0.5161,-102.5609,0.009,24.33,0.4023
170,000170.png,False,1788893448.014774,1788893447.954774,normal_unload,5,,0.0,0.03096,-0.00669,-0.61231,0.00122,0.00116,0.00029,0.03551,-0.00827,-0.62508,0.00083,0.00111,0.00044,0.03441,-0.00013,-0.61216,3,37.9296,362.8167,36.6627,179.8165,0.5157,-102.5611,0.0005,24.3507,0.3816
171,000171.png,False,1788893448.210946,1788893448.150946,normal_unload,5,,0.0,0.04133,0.01569,-0.4292,0.00042,0.00138,5e-05,0.0459,0.0141,-0.44201,2e-05,0.00133,0.00021,0.03094,0.02737,-0.42949,3,37.9277,362.8347,36.7103,179.8157,0.5184,-102.5613,0.0061,24.3986,0.3337
172,000172.png,False,1788893448.406796,1788893448.346796,normal_unload,5,,0.0,0.03302,0.0101,-0.40082,0.00061,0.0012,7e-05,0.0376,0.0085,-0.41368,0.00021,0.00116,0.00023,0.02634,0.01883,-0.401,3,37.9292,362.8294,36.7249,179.8158,0.5175,-102.5619,0.006,24.413,0.3192
173,000173.png,False,1788893448.602893,1788893448.542893,normal_unload,5,,0.0,0.02901,0.01122,-0.28116,0.00054,0.00132,0.00013,0.03361,0.00962,-0.29406,0.00015,0.00127,0.00029,0.02148,0.01971,-0.28137,3,37.929,362.8306,36.7759,179.816,0.5176,-102.5617,0.0074,24.464,0.2682
174,000174.png,False,1788893448.798955,1788893448.738955,normal_unload,5,,0.0,0.0238,0.0074,-0.30778,0.00065,0.00103,0.00027,0.02841,0.0058,-0.32073,0.00025,0.00098,0.00043,0.01905,0.01338,-0.30791,3,37.9294,362.8284,36.7878,179.8162,0.517,-102.5619,0.0053,24.4759,0.2563
175,000175.png,False,1788893449.186932,1788893449.126932,normal_unload,5,,0.0,0.0007,0.01178,-0.17914,0.00011,0.00038,0.0002,0.00534,0.01016,-0.19216,-0.00029,0.00033,0.00036,-0.00404,0.00768,-0.17931,3,37.9297,362.8301,36.8769,179.8162,0.5177,-102.5624,0.0106,24.565,0.1673
176,000176.png,False,1788893452.115088,1788893452.055088,normal_load,6,,2.0,-0.01065,-0.00712,-0.03728,0.00065,0.00025,0.00016,-0.00578,-0.00881,-0.05094,0.00022,0.0002,0.00033,-0.00541,-0.01208,-0.03713,3,37.9363,362.8081,37.054,179.8204,0.5121,-102.5656,0.0025,24.7417,-0.0094
177,000177.png,False,1788893452.307068,1788893452.247068,normal_load,6,,2.0,-0.01301,-0.00707,-0.04896,0.0008,0.00026,0.0001,-0.00813,-0.00877,-0.06266,0.00037,0.00021,0.00027,-0.0074,-0.01341,-0.0488,3,37.9365,362.8049,37.0491,179.8205,0.5112,-102.5654,0.0033,24.7367,-0.0045
178,000178.png,False,1788893452.503093,1788893452.443094,normal_load,6,,2.0,-0.01399,-0.01031,-0.11239,0.00089,0.00015,0.0001,-0.0091,-0.01202,-0.12614,0.00047,0.0001,0.00027,-0.00619,-0.01772,-0.11217,3,37.9391,362.7897,36.9623,179.8231,0.505,-102.5656,0.0062,24.6497,0.0825
179,000179.png,False,1788893452.699170,1788893452.639170,normal_load,6,,2.0,-0.01382,-0.01076,-0.08184,0.00068,0.00017,2e-05,-0.0089,-0.01247,-0.09562,0.00025,0.00012,0.00019,-0.00602,-0.01753,-0.08161,3,37.9389,362.7903,36.9652,179.8231,0.505,-102.5656,0.0083,24.6526,0.0797
180,000180.png,False,1788893452.895140,1788893452.835140,normal_load,6,,2.0,-0.00946,-0.00607,-0.21131,0.00074,0.00019,4e-05,-0.00453,-0.00779,-0.22514,0.00031,0.00014,0.00021,-0.0037,-0.01337,-0.21116,3,37.9385,362.7966,36.8839,179.8225,0.5071,-102.5656,0.0001,24.5714,0.1609
181,000181.png,False,1788893453.091110,1788893453.031110,normal_load,6,,2.0,-0.00898,-0.00527,-0.21736,0.00068,0.00017,6e-05,-0.00404,-0.00699,-0.23124,0.00026,0.00012,0.00023,-0.00364,-0.01254,-0.21722,3,37.9378,362.7954,36.8786,179.8223,0.5063,-102.5656,0.0061,24.5661,0.1662
182,000182.png,False,1788893453.283180,1788893453.223180,normal_load,6,,2.0,-0.00598,-0.00671,-0.49187,0.00073,6e-05,4e-05,-0.00102,-0.00844,-0.50578,0.0003,1e-05,0.00021,0.00159,-0.01668,-0.49167,3,37.9387,362.7929,36.7497,179.8231,0.505,-102.5656,0.0006,24.4371,0.2951
183,000183.png,False,1788893453.479067,1788893453.419067,normal_load,6,,2.0,-0.004,0.00247,-0.49512,0.00043,5e-05,0.00013,0.00097,0.00075,-0.50907,0.0,0.0,0.0003,-0.00127,-0.00779,-0.49508,2,37.9373,362.7976,36.7541,179.8224,0.5068,-102.5652,0.011,24.4417,0.2906
184,000184.png,False,1788893453.675146,1788893453.615146,normal_load,6,,2.0,0.00793,0.01764,-0.79807,0.00034,0.00013,-3e-05,0.01292,0.01591,-0.81207,-9e-05,8e-05,0.00014,0.00359,0.00646,-0.79827,3,37.9354,362.8085,36.6633,179.8209,0.5097,-102.5654,0.0039,24.351,0.3812
185,000185.png,False,1788893453.871097,1788893453.811097,normal_load,6,,2.0,0.0098,0.0156,-0.79571,0.00055,0.00035,-3e-05,0.0148,0.01386,-0.80975,0.00011,0.00029,0.00015,0.00621,0.00566,-0.79588,3,37.9366,362.8068,36.6614,179.8215,0.5095,-102.5654,0.0016,24.3491,0.3831
186,000186.png,False,1788893454.063195,1788893454.003196,normal_load,6,,2.0,0.03085,0.02266,-1.05091,0.0004,0.00064,5e-05,0.03587,0.02091,-1.06499,-4e-05,0.00059,0.00022,0.02269,0.0182,-1.0512,3,37.936,362.8115,36.5833,179.8208,0.5111,-102.5656,0.0069,24.2711,0.4611
187,000187.png,False,1788893454.259192,1788893454.199193,normal_load,6,,2.0,0.03034,0.01516,-1.13857,0.00058,0.00055,6e-05,0.03538,0.01341,-1.1527,0.00014,0.0005,0.00023,0.0266,0.01005,-1.13872,3,37.9371,362.8071,36.5544,179.8217,0.5094,-102.5656,0.0036,24.2421,0.4901
188,000188.png,False,1788893454.455207,1788893454.395207,normal_load,6,,2.0,0.04463,0.02648,-1.36975,0.00054,0.0009,9e-05,0.04968,0.02472,-1.38392,0.0001,0.00085,0.00027,0.03493,0.02329,-1.37009,3,37.9363,362.8151,36.508,179.8204,0.5126,-102.5656,0.0091,24.1958,0.5364
189,000189.png,False,1788893454.651117,1788893454.591117,normal_load,6,,2.0,0.04218,0.02177,-1.5077,0.00072,0.00087,0.00024,0.04724,0.02001,-1.5219,0.00028,0.00082,0.00041,0.03611,0.01578,-1.50793,3,37.9362,362.8122,36.4781,179.8208,0.5116,-102.5654,0.0047,24.166,0.5663
190,000190.png,False,1788893454.843221,1788893454.783221,normal_load,6,,2.0,0.05694,0.0333,-1.7,0.00073,0.00119,0.00036,0.06202,0.03153,-1.71425,0.00028,0.00114,0.00053,0.04447,0.03006,-1.70043,3,37.936,362.8171,36.4491,179.8204,0.5131,-102.5656,0.004,24.137,0.5952
191,000191.png,False,1788893455.039145,1788893454.979146,normal_load,6,,2.0,0.05734,0.03629,-1.87032,0.00052,0.00103,0.00026,0.06244,0.03452,-1.88461,8e-05,0.00098,0.00043,0.04451,0.03012,-1.87077,3,37.935,362.819,36.4159,179.8203,0.5133,-102.5658,0.0074,24.1039,0.6284
192,000192.png,False,1788893455.431271,1788893455.371271,normal_unload,6,,0.0,0.06469,0.04604,-1.96381,0.00028,0.00106,0.00021,0.06981,0.04426,-1.97818,-0.00016,0.00101,0.00039,0.04665,0.04074,-1.96444,3,37.9369,362.8228,36.4012,179.82,0.5153,-102.5656,0.0042,24.0892,0.643
193,000193.png,False,1788893455.627286,1788893455.567286,normal_unload,6,,0.0,0.0638,0.04796,-1.95788,0.00028,0.00112,0.00011,0.06894,0.04617,-1.9723,-0.00016,0.00107,0.00028,0.04488,0.04205,-1.95854,3,37.9355,362.8232,36.3994,179.82,0.5153,-102.5656,0.0097,24.0874,0.6448
194,000194.png,False,1788893455.819186,1788893455.759187,normal_unload,6,,0.0,0.06344,0.04768,-1.90904,0.00022,0.00112,0.00021,0.0686,0.04589,-1.9235,-0.00022,0.00107,0.00039,0.04437,0.04241,-1.90971,3,37.9359,362.8228,36.4047,179.8202,0.5149,-102.5656,0.0002,24.0927,0.6395
195,000195.png,False,1788893456.015313,1788893455.955313,normal_unload,6,,0.0,0.06007,0.03512,-1.89309,0.00074,0.00105,0.00017,0.06524,0.03332,-1.90759,0.00029,0.001,0.00035,0.04761,0.0301,-1.89353,3,37.9368,362.8206,36.4087,179.8208,0.5134,-102.5656,0.0084,24.0967,0.6355
196,000196.png,False,1788893456.211280,1788893456.151280,normal_unload,6,,0.0,0.05363,0.02236,-1.81156,0.00107,0.00104,0.00017,0.05881,0.02055,-1.82611,0.00062,0.00099,0.00035,0.04784,0.01714,-1.81178,3,37.9387,362.8095,36.4226,179.8231,0.5085,-102.5656,0.0022,24.1104,0.6219
197,000197.png,False,1788893456.407300,1788893456.347300,normal_unload,6,,0.0,0.04855,0.01068,-1.76286,0.0012,0.00091,0.00013,0.05375,0.00887,-1.77745,0.00075,0.00085,0.00031,0.04894,0.00527,-1.76288,3,37.9389,362.8074,36.4229,179.8231,0.5085,-102.5656,0.0037,24.1107,0.6216
198,000198.png,False,1788893456.599224,1788893456.539224,normal_unload,6,,0.0,0.04653,-0.004,-1.65055,0.00123,0.00078,0.00012,0.05174,-0.00581,-1.66518,0.00078,0.00073,0.0003,0.05375,-0.00665,-1.65032,3,37.9407,362.8044,36.438,179.8242,0.5064,-102.5656,0.0069,24.1257,0.6065
199,000199.png,False,1788893456.795346,1788893456.735346,normal_unload,6,,0.0,0.04751,-0.00292,-1.44998,0.0013,0.00092,7e-05,0.05273,-0.00474,-1.46466,0.00085,0.00087,0.00025,0.05266,-0.00202,-1.44981,3,37.9421,362.8041,36.4652,179.8241,0.5071,-102.566,0.0006,24.1529,0.5793
200,000200.png,False,1788893456.991368,1788893456.931368,normal_unload,6,,0.0,0.04465,-0.00154,-1.45438,0.00118,0.00097,0.00011,0.04989,-0.00336,-1.4691,0.00072,0.00091,0.0003,0.04953,-0.00232,-1.45423,3,37.9413,362.8045,36.4728,179.824,0.5075,-102.5658,0.0089,24.1605,0.5718
201,000201.png,False,1788893457.383260,1788893457.323261,normal_unload,6,,0.0,0.05083,0.01049,-1.22231,0.00091,0.00123,5e-05,0.05611,0.00866,-1.23711,0.00045,0.00118,0.00023,0.04726,0.0149,-1.22241,3,37.9402,362.8111,36.5099,179.8233,0.5096,-102.5658,0.0043,24.1977,0.5346
202,000202.png,False,1788893457.771284,1788893457.711284,normal_unload,6,,0.0,0.04921,0.0069,-1.14599,0.00127,0.00135,0.00014,0.05451,0.00506,-1.16088,0.00081,0.0013,0.00032,0.04712,0.01221,-1.14604,3,37.9405,362.8117,36.5381,179.824,0.5085,-102.566,0.0005,24.2259,0.5063
203,000203.png,False,1788893457.967294,1788893457.907294,normal_unload,6,,0.0,0.04506,-0.00416,-0.96883,0.00114,0.00125,0.00014,0.05038,-0.00601,-0.98375,0.00067,0.00119,0.00033,0.04783,0.0034,-0.9687,3,37.9423,362.8096,36.5601,179.8245,0.5079,-102.5658,0.0052,24.2479,0.4844
204,000204.png,False,1788893458.163409,1788893458.103409,normal_unload,6,,0.0,0.04046,-0.00981,-0.86241,0.00145,0.0013,0.00019,0.04579,-0.01166,-0.87738,0.00099,0.00125,0.00037,0.04593,-0.00209,-0.86219,3,37.9428,362.8041,36.5884,179.8242,0.5085,-102.566,0.0093,24.2761,0.4562
205,000205.png,False,1788893458.355402,1788893458.295403,normal_unload,6,,0.0,0.03917,-0.0132,-0.80493,0.00146,0.00126,3e-05,0.04452,-0.01506,-0.81994,0.00099,0.00121,0.00022,0.04611,-0.00476,-0.80465,3,37.9441,362.8049,36.6006,179.8244,0.5086,-102.5663,0.0003,24.2882,0.444
206,000206.png,False,1788893458.551346,1788893458.491346,normal_unload,6,,0.0,0.03981,-0.00986,-0.64509,0.00113,0.00121,-5e-05,0.04517,-0.01172,-0.66014,0.00067,0.00116,0.00013,0.04388,0.00102,-0.6449,3,37.9419,362.8086,36.6348,179.8241,0.5094,-102.566,0.0077,24.3225,0.4097
207,000207.png,False,1788893458.747416,1788893458.687417,normal_unload,6,,0.0,0.0361,-0.00813,-0.6093,0.00114,0.0012,-0.00015,0.04148,-0.01,-0.62439,0.00068,0.00114,3e-05,0.03955,0.00124,-0.60914,3,37.942,362.8091,36.6435,179.8242,0.5092,-102.5658,0.0071,24.3312,0.4011
208,000208.png,False,1788893458.943433,1788893458.883433,normal_unload,6,,0.0,0.03496,-0.0079,-0.52136,0.00115,0.0014,0.00012,0.04036,-0.00977,-0.53649,0.00068,0.00134,0.00031,0.03785,0.00228,-0.52121,3,37.942,362.8094,36.6818,179.8244,0.5086,-102.566,0.0095,24.3695,0.3628
209,000209.png,False,1788893459.135426,1788893459.075426,normal_unload,6,,0.0,0.03304,-0.00966,-0.48063,0.00123,0.00126,-0.0001,0.03845,-0.01154,-0.49581,0.00076,0.00121,8e-05,0.03678,0.00044,-0.48046,3,37.9429,362.8072,36.687,179.8249,0.5081,-102.5665,0.001,24.3747,0.3575
210,000210.png,False,1788893459.331455,1788893459.271455,normal_unload,6,,0.0,0.02924,-0.00536,-0.30764,0.00092,0.00124,-7e-05,0.03466,-0.00725,-0.32286,0.00045,0.00119,0.00012,0.03014,0.00504,-0.30756,3,37.9421,362.8117,36.7565,179.8241,0.5099,-102.5665,0.0067,24.4443,0.288
211,000211.png,False,1788893459.527373,1788893459.467373,normal_unload,6,,0.0,0.02577,-0.00322,-0.30887,0.001,0.00122,-0.00013,0.03121,-0.00512,-0.32414,0.00053,0.00117,6e-05,0.02608,0.00514,-0.30882,3,37.9434,362.8116,36.7551,179.8242,0.5097,-102.5667,0.0018,24.4429,0.2894
212,000212.png,False,1788893460.111413,1788893460.051413,normal_unload,6,,0.0,-0.00666,0.00854,-0.04374,0.00035,0.0004,3e-05,-0.00118,0.00663,-0.05914,-0.00013,0.00034,0.00022,-0.00973,0.00336,-0.04387,3,37.9436,362.8136,36.9656,179.8242,0.5102,-102.5674,0.0045,24.6534,0.0789
213,000213.png,False,1788893463.039556,1788893462.979556,normal_load,7,,2.0,-0.01869,-0.01051,-0.0426,0.00092,0.00024,-1e-05,-0.01298,-0.01249,-0.05862,0.00042,0.00018,0.00019,-0.01064,-0.01912,-0.04237,3,37.9356,362.7952,37.0126,179.83,0.4997,-102.5693,0.0085,24.7001,0.0321
214,000214.png,False,1788893463.235687,1788893463.175687,normal_load,7,,2.0,-0.01624,-0.01063,-0.06634,0.0009,0.00014,9e-05,-0.01052,-0.01262,-0.08241,0.0004,8e-05,0.00029,-0.0083,-0.01839,-0.06611,3,37.9379,362.7957,37.0023,179.8301,0.5001,-102.5697,0.0065,24.6897,0.0425
215,000215.png,False,1788893463.427665,1788893463.367665,normal_load,7,,2.0,-0.01721,-0.00859,-0.13348,0.00097,0.00029,-6e-05,-0.01147,-0.01059,-0.14959,0.00047,0.00023,0.00014,-0.00969,-0.01818,-0.13328,3,37.9371,362.7953,36.9318,179.8305,0.4991,-102.5695,0.0032,24.6193,0.113
216,000216.png,False,1788893463.623703,1788893463.563703,normal_load,7,,2.0,-0.01442,-0.00668,-0.15488,0.00085,0.00016,-0.00012,-0.00867,-0.00868,-0.17103,0.00035,0.0001,8e-05,-0.00808,-0.01547,-0.15471,3,37.9357,362.7999,36.9177,179.83,0.5003,-102.5693,0.0088,24.6052,0.127
217,000217.png,False,1788893463.819694,1788893463.759694,normal_load,7,,2.0,-0.01117,-0.00139,-0.34179,0.00077,0.0002,2e-05,-0.0054,-0.0034,-0.35798,0.00027,0.00015,0.00022,-0.00661,-0.01226,-0.34169,3,37.9367,362.7976,36.8151,179.8305,0.4991,-102.5695,0.0058,24.5026,0.2296
218,000218.png,False,1788893464.015687,1788893463.955687,normal_load,7,,2.0,-0.00692,0.00744,-0.38243,0.00058,0.00016,-1e-05,-0.00114,0.00542,-0.39867,8e-05,0.0001,0.00019,-0.00706,-0.00314,-0.38249,3,37.9357,362.8057,36.7967,179.8298,0.5012,-102.5693,0.0002,24.4844,0.2478
219,000219.png,False,1788893464.211762,1788893464.151762,normal_load,7,,2.0,0.001,0.00598,-0.67441,0.00072,7e-05,4e-05,0.0068,0.00397,-0.69069,0.00022,1e-05,0.00024,0.00255,-0.00512,-0.67441,3,37.9343,362.8061,36.6846,179.8296,0.5011,-102.5691,0.0054,24.3723,0.3599
220,000220.png,False,1788893464.403721,1788893464.343721,normal_load,7,,2.0,0.00154,0.01599,-0.70534,0.0006,0.00026,-0.00017,0.00735,0.01396,-0.72166,0.0001,0.0002,3e-05,-0.00177,0.00331,-0.70551,3,37.9363,362.8084,36.682,179.8294,0.5022,-102.5695,0.0054,24.3698,0.3625
221,000221.png,False,1788893464.599726,1788893464.539726,normal_load,7,,2.0,0.02395,0.02545,-0.95882,0.00043,0.00069,-0.00014,0.02978,0.02343,-0.97518,-7e-05,0.00063,6e-05,0.01468,0.01865,-0.95916,3,37.934,362.8154,36.6017,179.8284,0.5046,-102.5695,0.0075,24.2896,0.4426
222,000222.png,False,1788893464.795730,1788893464.735730,normal_load,7,,2.0,0.02525,0.0232,-0.97532,0.00047,0.00058,3e-05,0.0311,0.02116,-0.99172,-3e-05,0.00052,0.00023,0.01705,0.01708,-0.97562,3,37.9339,362.8168,36.5993,179.8287,0.5045,-102.5695,0.0078,24.2872,0.445
223,000223.png,False,1788893464.991750,1788893464.931750,normal_load,7,,2.0,0.03819,0.0306,-1.2599,0.00048,0.00087,-0.00024,0.04405,0.02856,-1.27635,-3e-05,0.00081,-4e-05,0.02653,0.0254,-1.26032,3,37.9334,362.8193,36.5279,179.8277,0.5062,-102.5695,0.003,24.2158,0.5164
224,000224.png,False,1788893465.183738,1788893465.123738,normal_load,7,,2.0,0.03882,0.02503,-1.34818,0.00048,0.00074,8e-05,0.04469,0.02298,-1.36467,-3e-05,0.00068,0.00028,0.03047,0.01948,-1.34849,3,37.9347,362.8134,36.5025,179.8288,0.5043,-102.5693,0.0061,24.1903,0.5419
225,000225.png,False,1788893465.575779,1788893465.515779,normal_load,7,,2.0,0.05184,0.03594,-1.70529,0.00074,0.00095,0.00017,0.05774,0.03389,-1.72187,0.00023,0.00089,0.00037,0.03877,0.02971,-1.70576,3,37.9318,362.8228,36.4433,179.8279,0.5065,-102.5693,0.0003,24.1313,0.6009
226,000226.png,False,1788893465.771821,1788893465.711821,normal_load,7,,2.0,0.06042,0.05206,-1.82227,0.00029,0.00105,-9e-05,0.06634,0.05,-1.83889,-0.00022,0.00099,0.00011,0.03896,0.04609,-1.82302,3,37.932,362.8294,36.4222,179.8268,0.5091,-102.5693,0.0061,24.1103,0.6219
227,000227.png,False,1788893465.963717,1788893465.903717,normal_load,7,,2.0,0.06249,0.06812,-1.89185,-0.00025,0.00121,-0.0,0.06842,0.06606,-1.90851,-0.00076,0.00115,0.0002,0.03321,0.05992,-1.89287,3,37.9293,362.8384,36.4058,179.8251,0.5129,-102.5693,0.0047,24.0941,0.6381
228,000228.png,False,1788893466.159724,1788893466.099725,normal_load,7,,2.0,0.06568,0.07356,-1.90205,-0.00028,0.00122,-0.00016,0.07163,0.07149,-1.91875,-0.00079,0.00116,5e-05,0.03333,0.06606,-1.90317,3,37.9302,362.8388,36.4062,179.8251,0.5129,-102.5693,0.0039,24.0945,0.6378
229,000229.png,False,1788893467.915819,1788893467.855819,normal_unload,7,,0.0,0.06515,0.06436,-1.98902,9e-05,0.00111,0.00043,0.07124,0.06225,-2.0061,-0.00043,0.00105,0.00064,0.03807,0.05644,-1.98997,3,37.9309,362.8352,36.3934,179.8272,0.5091,-102.5691,0.004,24.0817,0.6506
230,000230.png,False,1788893468.111819,1788893468.051819,normal_unload,7,,0.0,0.06473,0.06331,-1.93715,6e-05,0.00112,3e-05,0.07083,0.06119,-1.95427,-0.00047,0.00106,0.00024,0.03787,0.05615,-1.93808,3,37.9324,362.8352,36.3998,179.8274,0.5087,-102.5695,0.0062,24.088,0.6442
231,000231.png,False,1788893468.307832,1788893468.247833,normal_unload,7,,0.0,0.05766,0.04459,-1.87492,0.0006,0.00099,0.00034,0.06377,0.04246,-1.89209,7e-05,0.00093,0.00055,0.04066,0.03739,-1.87552,3,37.9335,362.8287,36.4096,179.8286,0.5064,-102.5695,0.0084,24.0977,0.6345
232,000232.png,False,1788893468.503966,1788893468.443966,normal_unload,7,,0.0,0.05328,0.03254,-1.69185,0.00064,0.00099,0.00033,0.05941,0.03041,-1.70906,0.0001,0.00093,0.00054,0.04162,0.0277,-1.69226,3,37.9344,362.8237,36.4315,179.8293,0.5048,-102.5695,0.0065,24.1195,0.6127
233,000233.png,False,1788893468.695930,1788893468.635930,normal_unload,7,,0.0,0.05405,0.02672,-1.66415,0.0009,0.00097,0.00026,0.0602,0.02458,-1.6814,0.00036,0.00091,0.00047,0.04501,0.02349,-1.66446,3,37.9354,362.8215,36.4375,179.8295,0.5049,-102.5695,0.0044,24.1255,0.6067
234,000234.png,False,1788893468.891861,1788893468.831861,normal_unload,7,,0.0,0.05029,0.02502,-1.43463,0.00076,0.00112,0.00021,0.05645,0.02288,-1.45192,0.00023,0.00105,0.00042,0.041,0.02381,-1.43495,3,37.9353,362.8229,36.47,179.8289,0.5063,-102.5697,0.0012,24.158,0.5742
235,000235.png,False,1788893469.088001,1788893469.028001,normal_unload,7,,0.0,0.05412,0.03663,-1.32671,0.00075,0.00129,1e-05,0.06029,0.03448,-1.34405,0.00021,0.00123,0.00023,0.03778,0.03751,-1.32725,3,37.9348,362.8299,36.4901,179.8283,0.5077,-102.5702,0.0075,24.1783,0.554
236,000236.png,False,1788893469.283978,1788893469.223979,normal_unload,7,,0.0,0.05255,0.03485,-1.25413,0.0005,0.00126,0.00025,0.05874,0.0327,-1.2715,-4e-05,0.0012,0.00047,0.0368,0.03635,-1.25465,3,37.9344,362.8284,36.5036,179.8285,0.5073,-102.57,0.0071,24.1917,0.5405
237,000237.png,False,1788893469.475976,1788893469.415977,normal_unload,7,,0.0,0.05354,0.03796,-1.10977,0.00049,0.0014,0.00011,0.05975,0.0358,-1.12719,-5e-05,0.00134,0.00032,0.03511,0.04185,-1.11036,3,37.9338,362.8325,36.529,179.8288,0.5069,-102.5697,0.0092,24.2172,0.5151
238,000238.png,False,1788893469.671975,1788893469.611975,normal_unload,7,,0.0,0.05179,0.03318,-1.0828,0.0007,0.00151,0.00018,0.05801,0.03101,-1.10026,0.00016,0.00144,0.00039,0.03579,0.03727,-1.08331,3,37.9348,362.8311,36.5393,179.8291,0.5068,-102.5697,0.0036,24.2274,0.5048
239,000239.png,False,1788893469.868022,1788893469.808022,normal_unload,7,,0.0,0.05297,0.03263,-0.95625,0.00053,0.00146,0.00014,0.05921,0.03046,-0.97375,-1e-05,0.0014,0.00036,0.03621,0.03941,-0.95677,3,37.9338,362.8338,36.5665,179.8288,0.5069,-102.5702,0.0021,24.2547,0.4775
240,000240.png,False,1788893470.063924,1788893470.003924,normal_unload,7,,0.0,0.04772,0.03304,-0.94709,0.00062,0.00157,0.00027,0.05397,0.03086,-0.96463,8e-05,0.0015,0.00049,0.03139,0.03728,-0.94761,3,37.9344,362.8334,36.5713,179.829,0.507,-102.5699,0.01,24.2595,0.4728
241,000241.png,False,1788893470.256040,1788893470.196040,normal_unload,7,,0.0,0.04477,0.02591,-0.77699,0.00058,0.00143,0.00026,0.05104,0.02373,-0.79457,3e-05,0.00136,0.00048,0.03122,0.03236,-0.77741,3,37.9352,362.8319,36.6081,179.8295,0.5065,-102.5699,0.0002,24.2962,0.436
242,000242.png,False,1788893470.452045,1788893470.392045,normal_unload,7,,0.0,0.04652,0.02568,-0.78282,0.00063,0.00145,0.00015,0.0528,0.0235,-0.80045,8e-05,0.00139,0.00037,0.03289,0.03295,-0.78324,3,37.9353,362.8332,36.6072,179.8295,0.5065,-102.5699,0.0055,24.2954,0.4369
243,000243.png,False,1788893470.844065,1788893470.784065,normal_unload,7,,0.0,0.03939,0.02064,-0.57776,0.00072,0.0015,0.00023,0.0457,0.01844,-0.59547,0.00017,0.00143,0.00045,0.02782,0.0283,-0.57811,3,37.9357,362.8352,36.6822,179.8291,0.5087,-102.5704,0.0039,24.3704,0.3619
244,000244.png,False,1788893471.231993,1788893471.171993,normal_unload,7,,0.0,0.0375,0.02393,-0.41211,0.00049,0.00138,0.00015,0.04385,0.02172,-0.42991,-6e-05,0.00132,0.00037,0.02339,0.03286,-0.41254,3,37.9368,362.8375,36.7313,179.8293,0.5088,-102.5704,0.0041,24.4195,0.3127
245,000245.png,False,1788893471.624093,1788893471.564093,normal_unload,7,,0.0,0.02787,0.02304,-0.28614,0.00053,0.00129,0.00019,0.03424,0.02082,-0.30402,-2e-05,0.00123,0.00041,0.01462,0.0293,-0.28655,3,37.9367,362.8369,36.8,179.8295,0.5087,-102.5704,0.0068,24.4882,0.2441
246,000246.png,False,1788893471.820084,1788893471.760084,normal_unload,7,,0.0,0.00398,0.02643,-0.23583,-4e-05,0.00042,0.00026,0.01036,0.02421,-0.25375,-0.0006,0.00036,0.00048,-0.00813,0.0211,-0.23626,3,37.9373,362.8359,36.844,179.83,0.5076,-102.5704,0.0079,24.5321,0.2001
247,000247.png,False,1788893472.012123,1788893471.952123,normal_unload,7,,0.0,0.01047,0.03592,-0.19166,-8e-05,0.0007,0.0002,0.01687,0.03369,-0.20963,-0.00063,0.00063,0.00042,-0.00755,0.03327,-0.19228,3,37.9338,362.8545,36.9144,179.8278,0.5133,-102.5704,0.0016,24.6029,0.1293
248,000248.png,False,1788893474.940275,1788893474.880275,normal_load,8,,2.0,-0.01717,-0.0085,-0.09144,0.00119,0.00029,7e-05,-0.01055,-0.01081,-0.11004,0.00061,0.00022,0.0003,-0.01,-0.01741,-0.09124,3,37.944,362.7884,36.9837,179.8357,0.4983,-102.5736,0.0055,24.671,0.0612
249,000249.png,False,1788893475.332283,1788893475.272283,normal_load,8,,2.0,-0.01731,-0.00023,-0.11437,0.0009,0.00016,-4e-05,-0.01065,-0.00254,-0.13305,0.00032,9e-05,0.00019,-0.01409,-0.01068,-0.11431,3,37.9383,362.7926,36.9304,179.835,0.5006,-102.5728,0.0037,24.6179,0.1144
250,000250.png,False,1788893475.720220,1788893475.660220,normal_load,8,,2.0,-0.0171,0.00088,-0.28284,0.00084,3e-05,-3e-05,-0.01042,-0.00144,-0.30161,0.00026,-4e-05,0.0002,-0.01329,-0.01231,-0.28278,3,37.9376,362.7912,36.8271,179.8359,0.4986,-102.573,0.0074,24.5145,0.2177
251,000251.png,False,1788893475.916312,1788893475.856312,normal_load,8,,2.0,-0.01069,0.01241,-0.50174,0.0005,5e-05,2e-05,-0.00399,0.01007,-0.52056,-8e-05,-2e-05,0.00025,-0.01198,-0.00263,-0.50186,3,37.9354,362.8016,36.754,179.8348,0.5012,-102.573,0.0024,24.4416,0.2906
252,000252.png,False,1788893476.112324,1788893476.052325,normal_load,8,,2.0,-0.00577,0.02246,-0.59705,0.00028,1e-05,-6e-05,0.00094,0.02012,-0.6159,-0.0003,-5e-05,0.00017,-0.01208,0.007,-0.59734,3,37.933,362.8111,36.7056,179.8336,0.5045,-102.5725,0.0046,24.3935,0.3388
253,000253.png,False,1788893476.304323,1788893476.244323,normal_load,8,,2.0,0.00238,0.02755,-0.79784,0.00042,0.00023,2e-05,0.00911,0.0252,-0.81673,-0.00016,0.00016,0.00025,-0.00617,0.01226,-0.7982,3,37.9333,362.814,36.6601,179.8333,0.5046,-102.573,0.0058,24.348,0.3843
254,000254.png,False,1788893476.500327,1788893476.440327,normal_load,8,,2.0,0.01754,0.03489,-0.96518,0.00054,0.00067,-8e-05,0.02428,0.03255,-0.98411,-4e-05,0.0006,0.00015,0.00445,0.02352,-0.96567,3,37.9304,362.8171,36.5936,179.833,0.5059,-102.5723,0.0096,24.2815,0.4507
255,000255.png,False,1788893476.696366,1788893476.636366,normal_load,8,,2.0,0.02367,0.03747,-1.02091,0.00029,0.00063,-0.00011,0.03044,0.03512,-1.03989,-0.00029,0.00056,0.00012,0.00886,0.02793,-1.02145,3,37.9308,362.8178,36.5835,179.833,0.5066,-102.5726,0.0056,24.2714,0.4608
256,000256.png,False,1788893476.892283,1788893476.832283,normal_load,8,,2.0,0.0376,0.0315,-1.3934,0.00066,0.00079,-0.0,0.04438,0.02914,-1.41242,7e-05,0.00072,0.00023,0.02649,0.02375,-1.39381,3,37.9308,362.8204,36.5053,179.8329,0.5072,-102.5726,0.0005,24.1933,0.539
257,000257.png,False,1788893477.084368,1788893477.024368,normal_load,8,,2.0,0.03748,0.03473,-1.38422,0.00055,0.00079,0.00018,0.04427,0.03237,-1.40328,-4e-05,0.00072,0.00041,0.02471,0.02663,-1.38468,3,37.931,362.8194,36.5054,179.833,0.507,-102.5726,0.01,24.1934,0.5389
258,000258.png,False,1788893477.280396,1788893477.220396,normal_load,8,,2.0,0.04735,0.04796,-1.69589,0.00038,0.00088,0.00011,0.05416,0.04559,-1.715,-0.00022,0.00082,0.00035,0.02881,0.03803,-1.69656,3,37.9301,362.8246,36.4474,179.8322,0.5088,-102.5726,0.0037,24.1355,0.5968
259,000259.png,False,1788893477.476351,1788893477.416352,normal_load,8,,2.0,0.04576,0.0445,-1.69583,0.00057,0.00096,8e-05,0.05258,0.04213,-1.71498,-3e-05,0.0009,0.00031,0.02916,0.03424,-1.69643,3,37.9302,362.822,36.4429,179.8325,0.5078,-102.573,0.0069,24.131,0.6013
260,000260.png,False,1788893479.232498,1788893479.172498,normal_unload,8,,0.0,0.0614,0.06697,-2.01134,5e-05,0.00102,7e-05,0.06835,0.06455,-2.03087,-0.00056,0.00095,0.00031,0.03366,0.05646,-2.01231,3,37.932,362.8328,36.3879,179.8319,0.5125,-102.5732,0.0094,24.0762,0.6561
261,000261.png,False,1788893479.816527,1788893479.756527,normal_unload,8,,0.0,0.05293,0.0473,-1.89914,0.00055,0.00097,0.00013,0.05993,0.04486,-1.9188,-6e-05,0.00089,0.00037,0.03538,0.03699,-1.89978,4,37.9338,362.8289,36.4087,179.8339,0.5081,-102.5752,0.0007,24.0968,0.6354
262,000262.png,False,1788893480.012527,1788893479.952527,normal_unload,8,,0.0,0.05264,0.04729,-1.84665,0.00039,0.0009,9e-05,0.05966,0.04485,-1.86635,-0.00022,0.00083,0.00033,0.03477,0.03768,-1.84729,3,37.9332,362.8264,36.4103,179.8341,0.5082,-102.5747,0.0048,24.0984,0.6339
263,000263.png,False,1788893480.208544,1788893480.148545,normal_unload,8,,0.0,0.04985,0.04428,-1.73118,0.00052,0.00097,-0.00018,0.05688,0.04184,-1.75093,-9e-05,0.0009,6e-05,0.03305,0.03553,-1.73179,3,37.935,362.8233,36.4202,179.8349,0.5059,-102.5752,0.0077,24.1083,0.624
264,000264.png,False,1788893480.404463,1788893480.344463,normal_unload,8,,0.0,0.04885,0.03905,-1.68825,0.00052,0.00085,-7e-05,0.0559,0.0366,-1.70804,-9e-05,0.00077,0.00017,0.03451,0.03118,-1.68877,3,37.9342,362.8216,36.4319,179.8351,0.506,-102.5747,0.0035,24.1199,0.6124
265,000265.png,False,1788893480.596476,1788893480.536476,normal_unload,8,,0.0,0.04948,0.03639,-1.64632,0.00077,0.00095,2e-05,0.05654,0.03393,-1.66615,0.00015,0.00088,0.00026,0.03609,0.02986,-1.6468,3,37.9346,362.8212,36.4361,179.835,0.5055,-102.5749,0.0076,24.1241,0.6081
266,000266.png,False,1788893480.792576,1788893480.732576,normal_unload,8,,0.0,0.04535,0.02826,-1.49111,0.00097,0.00107,-0.00013,0.05243,0.0258,-1.51098,0.00036,0.00099,0.00011,0.0355,0.02325,-1.49146,3,37.9359,362.8199,36.4585,179.8353,0.5054,-102.5752,0.002,24.1465,0.5857
267,000267.png,False,1788893480.988494,1788893480.928494,normal_unload,8,,0.0,0.04504,0.02936,-1.49243,0.00083,0.00107,-3e-05,0.05213,0.02689,-1.51234,0.00021,0.001,0.00022,0.03469,0.02403,-1.4928,3,37.9354,362.8169,36.4622,179.8353,0.5054,-102.5749,0.0034,24.1502,0.5821
268,000268.png,False,1788893481.184506,1788893481.124506,normal_unload,8,,0.0,0.04315,0.02741,-1.31563,0.0008,0.00104,-0.00017,0.05026,0.02494,-1.33558,0.00018,0.00097,7e-05,0.03281,0.02422,-1.31599,3,37.9356,362.8196,36.4865,179.8353,0.5059,-102.5747,0.0118,24.1744,0.5578
269,000269.png,False,1788893481.376617,1788893481.316617,normal_unload,8,,0.0,0.04347,0.03293,-1.19911,0.00081,0.00122,-0.0001,0.05059,0.03046,-1.21911,0.00019,0.00115,0.00015,0.02951,0.03104,-1.19959,3,37.9345,362.8233,36.5128,179.8345,0.5079,-102.575,0.0029,24.2008,0.5315
270,000270.png,False,1788893481.572593,1788893481.512593,normal_unload,8,,0.0,0.04312,0.03005,-1.09606,0.00063,0.00118,-9e-05,0.05026,0.02757,-1.11609,1e-05,0.00111,0.00015,0.02993,0.03001,-1.0965,3,37.9357,362.8242,36.5282,179.8347,0.5075,-102.5754,0.0029,24.2162,0.516
271,000271.png,False,1788893481.768661,1788893481.708661,normal_unload,8,,0.0,0.04265,0.03195,-1.04046,0.00056,0.00126,-2e-05,0.04981,0.02946,-1.06054,-6e-05,0.00119,0.00022,0.0282,0.03232,-1.04094,3,37.935,362.8255,36.5441,179.8349,0.5074,-102.5754,0.0071,24.2321,0.5001
272,000272.png,False,1788893481.964600,1788893481.904600,normal_unload,8,,0.0,0.0382,0.02915,-0.9598,0.00078,0.00128,-0.00013,0.04537,0.02666,-0.97992,0.00016,0.00121,0.00011,0.02518,0.02896,-0.96023,3,37.9363,362.8237,36.5569,179.8354,0.5064,-102.576,0.0015,24.2449,0.4874
273,000273.png,False,1788893482.160564,1788893482.100564,normal_unload,8,,0.0,0.03881,0.02138,-0.84732,0.00084,0.00128,-0.00012,0.046,0.01888,-0.86749,0.00021,0.00121,0.00013,0.02881,0.02434,-0.84764,3,37.9361,362.8229,36.5857,179.8351,0.5065,-102.576,0.0067,24.2737,0.4586
274,000274.png,False,1788893482.352572,1788893482.292572,normal_unload,8,,0.0,0.0349,0.02171,-0.75275,0.00079,0.00132,-0.00015,0.0421,0.0192,-0.77296,0.00017,0.00125,0.0001,0.0246,0.02418,-0.75308,3,37.9357,362.8236,36.6048,179.8354,0.5069,-102.576,0.0042,24.2928,0.4394
275,000275.png,False,1788893482.548655,1788893482.488655,normal_unload,8,,0.0,0.03546,0.02737,-0.6322,0.00066,0.00138,-3e-05,0.04268,0.02486,-0.65245,3e-05,0.00131,0.00022,0.02143,0.0313,-0.63265,3,37.9351,362.8257,36.6429,179.8348,0.5083,-102.576,0.0022,24.3309,0.4013
276,000276.png,False,1788893482.744587,1788893482.684587,normal_unload,8,,0.0,0.03257,0.02548,-0.59778,0.00067,0.00135,7e-05,0.0398,0.02297,-0.61807,4e-05,0.00128,0.00032,0.01963,0.02877,-0.5982,3,37.9349,362.8271,36.654,179.835,0.5079,-102.5763,0.0073,24.342,0.3902
277,000277.png,False,1788893482.940665,1788893482.880666,normal_unload,8,,0.0,0.03059,0.02857,-0.47775,0.00057,0.00143,0.00016,0.03784,0.02605,-0.49809,-6e-05,0.00136,0.00041,0.01554,0.03238,-0.47824,3,37.9358,362.8295,36.6952,179.8347,0.5085,-102.5769,0.008,24.3833,0.3489
278,000278.png,False,1788893483.132682,1788893483.072682,normal_unload,8,,0.0,0.02815,0.02355,-0.45939,0.00056,0.00128,0.00012,0.03541,0.02103,-0.47976,-7e-05,0.00121,0.00037,0.01581,0.02711,-0.45978,3,37.9356,362.8259,36.7031,179.8352,0.508,-102.5767,0.0028,24.3912,0.3411
279,000279.png,False,1788893483.524627,1788893483.464628,normal_unload,8,,0.0,0.01421,0.019,-0.31502,0.00069,0.00105,0.00015,0.0215,0.01646,-0.33548,6e-05,0.00098,0.0004,0.005,0.01851,-0.31533,3,37.936,362.8234,36.7727,179.8356,0.5063,-102.5767,0.004,24.4606,0.2716
280,000280.png,False,1788893483.720727,1788893483.660728,normal_unload,8,,0.0,-0.0042,0.02544,-0.20357,0.00024,0.00046,2e-05,0.0031,0.0229,-0.22408,-0.0004,0.00039,0.00027,-0.01494,0.01667,-0.20398,3,37.9365,362.8255,36.8514,179.8356,0.507,-102.5771,0.0077,24.5394,0.1929
281,000281.png,False,1788893487.232923,1788893487.172923,normal_load,9,,2.0,-0.01568,0.00224,-0.08914,0.0009,0.00016,-9e-05,-0.0081,-0.0004,-0.1104,0.00024,9e-05,0.00017,-0.01408,-0.00732,-0.08913,3,37.9273,362.802,36.9722,179.8403,0.4997,-102.578,0.0034,24.6599,0.0724
282,000282.png,False,1788893487.424934,1788893487.364934,normal_load,9,,2.0,-0.01422,0.00638,-0.18331,0.00078,0.00013,-0.00021,-0.00663,0.00374,-0.20461,0.00012,6e-05,5e-05,-0.01423,-0.00451,-0.18336,3,37.9267,362.8033,36.8827,179.8404,0.4993,-102.5778,0.0072,24.5704,0.1618
283,000283.png,False,1788893487.620841,1788893487.560841,normal_load,9,,2.0,-0.0147,0.00754,-0.2081,0.00102,0.0004,-0.00019,-0.0071,0.00489,-0.22945,0.00036,0.00033,8e-05,-0.01506,-0.00415,-0.20817,3,37.9267,362.8059,36.8836,179.8403,0.4997,-102.578,0.0072,24.5713,0.1609
284,000284.png,False,1788893487.816951,1788893487.756951,normal_load,9,,2.0,-0.01039,0.01553,-0.48613,0.00082,0.00015,-0.00013,-0.00277,0.01288,-0.50752,0.00016,8e-05,0.00014,-0.01339,0.00047,-0.4863,3,37.9286,362.8054,36.7555,179.841,0.4984,-102.5782,0.0031,24.4432,0.289
285,000285.png,False,1788893488.013008,1788893487.953008,normal_load,9,,2.0,-0.00537,0.01575,-0.46273,0.00065,7e-05,-0.00018,0.00227,0.01309,-0.48416,-1e-05,-1e-05,8e-05,-0.00931,0.00354,-0.46292,3,37.927,362.8093,36.7619,179.8405,0.4998,-102.5778,0.0099,24.4498,0.2825
286,000286.png,False,1788893488.204880,1788893488.144881,normal_load,9,,2.0,0.00368,0.03193,-0.81491,0.00043,0.00026,-5e-05,0.01133,0.02927,-0.83638,-0.00024,0.00019,0.00021,-0.00712,0.01644,-0.81535,3,37.926,362.82,36.6577,179.8391,0.503,-102.578,0.0022,24.3457,0.3865
287,000287.png,False,1788893488.400975,1788893488.340976,normal_load,9,,2.0,0.00592,0.02746,-0.81335,0.0005,0.00022,-0.0,0.01358,0.0248,-0.83486,-0.00016,0.00014,0.00026,-0.00296,0.01371,-0.81371,3,37.9251,362.8176,36.6582,179.8393,0.5026,-102.578,0.007,24.3462,0.3861
288,000288.png,False,1788893488.597008,1788893488.537008,normal_load,9,,2.0,0.0237,0.03853,-1.01523,0.00038,0.00075,-8e-05,0.03139,0.03586,-1.03679,-0.00029,0.00067,0.00018,0.00832,0.02895,-1.01579,3,37.9236,362.8239,36.5898,179.8382,0.5045,-102.5778,0.0055,24.2779,0.4543
289,000289.png,False,1788893488.792929,1788893488.732929,normal_load,9,,2.0,0.02371,0.02946,-1.13671,0.00076,0.00083,-1e-05,0.0314,0.02678,-1.15831,9e-05,0.00075,0.00026,0.0137,0.01915,-1.13709,3,37.9249,362.8189,36.538,179.839,0.5032,-102.5778,0.0,24.226,0.5063
290,000290.png,False,1788893488.989037,1788893488.929037,normal_load,9,,2.0,0.04237,0.03922,-1.38591,0.00069,0.00102,-1e-05,0.05008,0.03654,-1.40755,2e-05,0.00095,0.00026,0.02671,0.03294,-1.38646,3,37.9262,362.8249,36.5055,179.8387,0.5052,-102.5784,0.0056,24.1936,0.5387
291,000291.png,False,1788893489.181015,1788893489.121015,normal_load,9,,2.0,0.04493,0.04219,-1.55112,0.00065,0.00096,9e-05,0.05266,0.0395,-1.5728,-2e-05,0.00088,0.00036,0.0286,0.03414,-1.5517,3,37.926,362.8263,36.4697,179.8388,0.5055,-102.578,0.0052,24.1578,0.5745
292,000292.png,False,1788893489.377057,1788893489.317057,normal_load,9,,2.0,0.05363,0.05144,-1.67353,0.00036,0.00113,0.00012,0.06137,0.04875,-1.69525,-0.00031,0.00105,0.00038,0.03235,0.04454,-1.67427,3,37.9258,362.8299,36.4472,179.8383,0.5067,-102.5782,0.0002,24.1354,0.5968
293,000293.png,False,1788893489.769085,1788893489.709085,normal_load,9,,2.0,0.06062,0.05875,-1.92194,0.00028,0.00114,4e-05,0.06839,0.05605,-1.94375,-0.00039,0.00106,0.00031,0.03648,0.05039,-1.92279,3,37.9262,362.8343,36.4073,179.8374,0.5098,-102.5782,0.001,24.0956,0.6366
294,000294.png,False,1788893491.525115,1788893491.465116,normal_unload,9,,0.0,0.07091,0.06142,-2.04155,0.00025,0.00114,-0.00035,0.07881,0.05867,-2.06374,-0.00044,0.00106,-8e-05,0.04489,0.05592,-2.04244,3,37.9302,362.8364,36.3789,179.8391,0.5098,-102.5784,0.0084,24.0672,0.665
295,000295.png,False,1788893491.717156,1788893491.657156,normal_unload,9,,0.0,0.06073,0.03357,-1.96423,0.00084,0.00103,-0.00014,0.06865,0.03082,-1.98646,0.00016,0.00095,0.00013,0.04945,0.02796,-1.96463,3,37.9322,362.8259,36.3898,179.8412,0.506,-102.5784,0.0024,24.0779,0.6544
296,000296.png,False,1788893491.913192,1788893491.853192,normal_unload,9,,0.0,0.05552,0.02432,-1.87105,0.00124,0.00103,-0.00011,0.06345,0.02156,-1.89333,0.00055,0.00095,0.00017,0.04891,0.01883,-1.8713,3,37.9314,362.8195,36.4046,179.8422,0.5024,-102.5782,0.003,24.0926,0.6396
297,000297.png,False,1788893492.109210,1788893492.049210,normal_unload,9,,0.0,0.05628,0.01799,-1.81861,0.00118,0.00089,-0.00017,0.06423,0.01523,-1.84093,0.00049,0.00081,0.0001,0.05237,0.01457,-1.81876,3,37.9334,362.8199,36.4113,179.8423,0.5034,-102.5782,0.001,24.0993,0.633
298,000298.png,False,1788893492.305161,1788893492.245161,normal_unload,9,,0.0,0.05058,0.01734,-1.64978,0.00151,0.0012,-0.00024,0.05855,0.01457,-1.67214,0.00082,0.00112,3e-05,0.04659,0.01386,-1.64993,3,37.9337,362.8186,36.4348,179.8425,0.5028,-102.5782,0.0051,24.1228,0.6095
299,000299.png,False,1788893492.497191,1788893492.437191,normal_unload,9,,0.0,0.05295,0.0212,-1.4729,0.00122,0.0013,0.00011,0.06093,0.01842,-1.4953,0.00052,0.00122,0.00039,0.04549,0.02122,-1.47315,3,37.9323,362.8234,36.465,179.8411,0.5055,-102.5784,0.0052,24.1531,0.5792
300,000300.png,False,1788893492.693176,1788893492.633176,normal_unload,9,,0.0,0.05249,0.01931,-1.41416,0.0011,0.00129,-8e-05,0.06049,0.01653,-1.43661,0.00041,0.00121,0.0002,0.04562,0.0203,-1.41439,3,37.9331,362.8221,36.4701,179.8416,0.505,-102.5782,0.0009,24.1582,0.5741
301,000301.png,False,1788893492.889194,1788893492.829194,normal_unload,9,,0.0,0.05157,0.02091,-1.29722,0.00103,0.00139,-1e-05,0.05958,0.01812,-1.3197,0.00034,0.00131,0.00026,0.04322,0.0231,-1.29748,3,37.9333,362.825,36.4964,179.8417,0.5048,-102.5784,0.0091,24.1844,0.5478
302,000302.png,False,1788893493.085248,1788893493.025248,normal_unload,9,,0.0,0.05298,0.01861,-1.27089,0.00104,0.00125,1e-05,0.061,0.01582,-1.29342,0.00034,0.00117,0.00029,0.0454,0.02223,-1.27113,3,37.9323,362.8235,36.5009,179.8419,0.5047,-102.578,0.0054,24.1889,0.5433
303,000303.png,False,1788893493.281229,1788893493.221229,normal_unload,9,,0.0,0.04855,0.02124,-1.07453,0.00099,0.00137,0.0001,0.05659,0.01844,-1.09711,0.00029,0.00128,0.00038,0.03889,0.02544,-1.07484,3,37.9329,362.8259,36.537,179.8419,0.5047,-102.5784,0.0046,24.225,0.5072
304,000304.png,False,1788893493.473249,1788893493.413249,normal_unload,9,,0.0,0.04779,0.01416,-1.07684,0.00106,0.00132,-9e-05,0.05584,0.01136,-1.09945,0.00036,0.00124,0.00019,0.04178,0.0189,-1.07702,3,37.9331,362.8247,36.5358,179.842,0.5045,-102.5782,0.0065,24.2239,0.5084
305,000305.png,False,1788893493.669259,1788893493.609259,normal_unload,9,,0.0,0.04379,0.00435,-0.89769,0.00124,0.00132,-8e-05,0.05186,0.00154,-0.92035,0.00054,0.00124,0.0002,0.04198,0.01127,-0.89772,3,37.9351,362.8206,36.5707,179.8423,0.5039,-102.5786,0.0016,24.2587,0.4736
306,000306.png,False,1788893493.865170,1788893493.805170,normal_unload,9,,0.0,0.04199,0.00794,-0.93915,0.00133,0.00146,0.00019,0.05008,0.00513,-0.96185,0.00062,0.00138,0.00047,0.03892,0.01282,-0.93923,3,37.9344,362.8199,36.5714,179.8424,0.5037,-102.5784,0.007,24.2593,0.4729
307,000307.png,False,1788893494.253191,1788893494.193191,normal_unload,9,,0.0,0.04022,0.00306,-0.75403,0.00127,0.00134,0.00024,0.04834,0.00024,-0.77681,0.00057,0.00126,0.00052,0.03854,0.01067,-0.75405,3,37.9353,362.8213,36.6301,179.8419,0.5054,-102.5791,0.0045,24.318,0.4142
308,000308.png,False,1788893494.449275,1788893494.389275,normal_unload,9,,0.0,0.03587,0.00797,-0.59149,0.00119,0.00152,0.00017,0.044,0.00514,-0.61431,0.00049,0.00144,0.00046,0.03119,0.01535,-0.59161,3,37.9344,362.8219,36.6635,179.8423,0.505,-102.5791,0.0097,24.3514,0.3808
309,000309.png,False,1788893494.645337,1788893494.585337,normal_unload,9,,0.0,0.03862,0.0093,-0.48758,0.00089,0.00135,2e-05,0.04676,0.00647,-0.51045,0.00018,0.00126,0.00031,0.03219,0.01954,-0.48774,3,37.9344,362.8236,36.6928,179.8423,0.5048,-102.5791,0.0009,24.3808,0.3514
310,000310.png,False,1788893494.841221,1788893494.781221,normal_unload,9,,0.0,0.03195,0.00237,-0.43627,0.00114,0.00142,0.00015,0.04011,-0.00047,-0.45918,0.00043,0.00134,0.00043,0.02951,0.01103,-0.43631,3,37.9353,362.8211,36.716,179.843,0.5039,-102.5791,0.007,24.4039,0.3283
311,000311.png,False,1788893495.033325,1788893494.973325,normal_unload,9,,0.0,0.0309,0.01314,-0.36055,0.00088,0.00149,0.00025,0.03907,0.0103,-0.3835,0.00017,0.0014,0.00053,0.0227,0.02104,-0.36078,3,37.9342,362.8272,36.7542,179.8425,0.5049,-102.5791,0.0009,24.4423,0.29
312,000312.png,False,1788893495.229370,1788893495.169370,normal_unload,9,,0.0,0.01639,0.01322,-0.33791,0.00076,0.00091,0.00022,0.02458,0.01037,-0.36091,4e-05,0.00083,0.00051,0.00994,0.01422,-0.33812,3,37.9366,362.8246,36.7826,179.8428,0.5048,-102.5793,0.0057,24.4706,0.2617
313,000313.png,False,1788893495.425358,1788893495.365358,normal_unload,9,,0.0,0.00849,0.02164,-0.2265,0.00059,0.00072,0.00016,0.0167,0.01878,-0.24954,-0.00013,0.00064,0.00044,-0.00188,0.01936,-0.22686,3,37.9362,362.8298,36.8532,179.8419,0.5075,-102.5793,0.0092,24.5412,0.191
314,000314.png,False,1788893498.741529,1788893498.681529,normal_load,10,,2.0,-0.01782,-0.00278,-0.05121,0.00103,0.00028,2e-05,-0.00936,-0.00573,-0.07496,0.0003,0.0002,0.00031,-0.01369,-0.01213,-0.05111,3,37.9425,362.79,37.006,179.8482,0.496,-102.5827,0.0009,24.6934,0.0389
315,000315.png,False,1788893499.521469,1788893499.461469,normal_load,10,,2.0,-0.00913,0.00992,-0.23612,0.00071,0.00023,0.00016,-0.00061,0.00695,-0.26005,-3e-05,0.00015,0.00045,-0.01123,0.00025,-0.23624,3,37.9404,362.8073,36.8785,179.8469,0.5001,-102.5825,0.0032,24.5661,0.1661
316,000316.png,False,1788893499.717560,1788893499.657560,normal_load,10,,2.0,-0.00784,0.02031,-0.50506,0.00064,0.00024,1e-05,0.0007,0.01734,-0.52902,-0.0001,0.00015,0.00031,-0.01344,0.00558,-0.50532,3,37.9374,362.8142,36.7595,179.8462,0.5013,-102.5823,0.0052,24.4473,0.285
317,000317.png,False,1788893500.301605,1788893500.241605,normal_load,10,,2.0,0.00777,0.02489,-0.87374,0.0008,0.0004,-0.00011,0.01636,0.0219,-0.89783,6e-05,0.00032,0.00019,0.00035,0.01144,-0.87406,3,37.9379,362.8158,36.6281,179.8456,0.5032,-102.5821,0.0042,24.3159,0.4163
318,000318.png,False,1788893500.497674,1788893500.437674,normal_load,10,,2.0,0.02585,0.03139,-1.05793,0.00065,0.00078,-9e-05,0.03445,0.0284,-1.08206,-0.0001,0.00069,0.00021,0.01404,0.02316,-1.05836,3,37.9354,362.8238,36.584,179.845,0.5046,-102.5819,0.0099,24.272,0.4603
319,000319.png,False,1788893500.693643,1788893500.633643,normal_load,10,,2.0,0.03144,0.03776,-1.22603,0.00054,0.00074,7e-05,0.04006,0.03477,-1.25021,-0.00021,0.00065,0.00037,0.01687,0.02878,-1.22656,3,37.936,362.8289,36.5365,179.8447,0.5058,-102.5823,0.0049,24.2246,0.5077
320,000320.png,False,1788893500.889538,1788893500.829538,normal_load,10,,2.0,0.04112,0.04882,-1.36151,0.00052,0.00114,0.00023,0.04974,0.04581,-1.38573,-0.00023,0.00106,0.00053,0.02066,0.04101,-1.36223,3,37.9352,362.831,36.5135,179.8445,0.5062,-102.5823,0.0011,24.2017,0.5306
321,000321.png,False,1788893501.081655,1788893501.021655,normal_load,10,,2.0,0.05093,0.05565,-1.60172,0.00042,0.00118,0.00012,0.05958,0.05264,-1.62598,-0.00033,0.00109,0.00042,0.02742,0.04799,-1.60255,3,37.9333,362.836,36.4626,179.8442,0.507,-102.5821,0.004,24.1508,0.5814
322,000322.png,False,1788893501.277724,1788893501.217724,normal_load,10,,2.0,0.05492,0.05932,-1.63637,0.00022,0.00113,-4e-05,0.06358,0.05631,-1.66067,-0.00053,0.00105,0.00026,0.02928,0.0526,-1.63726,3,37.9342,362.8368,36.4533,179.8439,0.5078,-102.5824,0.0025,24.1416,0.5907
323,000323.png,False,1788893502.837804,1788893502.777804,normal_unload,10,,0.0,0.07133,0.08843,-2.02255,-0.00025,0.00135,5e-05,0.08011,0.08537,-2.04719,-0.00101,0.00126,0.00035,0.03163,0.07983,-2.02391,3,37.9347,362.8501,36.392,179.8429,0.5119,-102.5826,0.0007,24.0804,0.6518
324,000324.png,False,1788893503.617808,1788893503.557808,normal_unload,10,,0.0,0.05568,0.04562,-1.7749,0.00054,0.00101,0.0001,0.06452,0.04254,-1.79971,-0.00023,0.00092,0.00041,0.03774,0.0389,-1.77553,3,37.9366,362.8341,36.4217,179.8463,0.5044,-102.5823,0.0047,24.1099,0.6223
325,000325.png,False,1788893503.813813,1788893503.753814,normal_unload,10,,0.0,0.05377,0.04038,-1.77383,0.00077,0.00105,0.00024,0.06263,0.0373,-1.79869,-0.0,0.00096,0.00054,0.0387,0.03343,-1.77437,3,37.9378,362.8314,36.426,179.8466,0.5041,-102.5826,0.0091,24.1141,0.6181
326,000326.png,False,1788893504.205745,1788893504.145745,normal_unload,10,,0.0,0.05297,0.04018,-1.54658,0.00065,0.0012,0.00028,0.06185,0.03709,-1.57151,-0.00012,0.00111,0.00059,0.03653,0.03649,-1.54714,3,37.9394,362.8339,36.4623,179.8465,0.5056,-102.5828,0.0041,24.1505,0.5817
327,000327.png,False,1788893504.401829,1788893504.341829,normal_unload,10,,0.0,0.05475,0.0448,-1.32927,0.00056,0.00143,0.00016,0.06365,0.04171,-1.35425,-0.00021,0.00134,0.00047,0.03426,0.04487,-1.32995,3,37.9382,362.8372,36.493,179.8456,0.5072,-102.5826,0.0095,24.1812,0.5511
328,000328.png,False,1788893504.593806,1788893504.533806,normal_unload,10,,0.0,0.0532,0.0457,-1.25572,0.00048,0.00146,0.0001,0.06211,0.0426,-1.28074,-0.0003,0.00137,0.00041,0.03195,0.04605,-1.25643,4,37.9372,362.8376,36.5111,179.8456,0.5072,-102.5826,0.0009,24.1993,0.533
329,000329.png,False,1788893504.789906,1788893504.729906,normal_unload,10,,0.0,0.0497,0.04254,-1.13081,0.00049,0.00146,0.00014,0.05863,0.03943,-1.15587,-0.00028,0.00137,0.00045,0.02964,0.04356,-1.13147,3,37.939,362.8386,36.5294,179.8458,0.5077,-102.583,0.0044,24.2176,0.5146
330,000330.png,False,1788893504.985854,1788893504.925854,normal_unload,10,,0.0,0.04978,0.04077,-1.05591,0.00051,0.00142,-0.00013,0.05873,0.03766,-1.08101,-0.00027,0.00133,0.00018,0.03007,0.04327,-1.05655,3,37.9389,362.8352,36.545,179.8461,0.5064,-102.5826,0.0099,24.2332,0.4991
331,000331.png,False,1788893505.181761,1788893505.121761,normal_unload,10,,0.0,0.04672,0.03165,-0.97677,0.00069,0.00131,-3e-05,0.05568,0.02853,-1.00192,-9e-05,0.00122,0.00028,0.03143,0.03511,-0.97726,3,37.9386,362.8354,36.5607,179.8464,0.5063,-102.5828,0.005,24.2489,0.4833
332,000332.png,False,1788893505.569906,1788893505.509907,normal_unload,10,,0.0,0.04069,0.02209,-0.7796,0.00091,0.00148,-0.00016,0.04968,0.01896,-0.80483,0.00013,0.00138,0.00015,0.02961,0.02697,-0.77994,3,37.9392,362.8328,36.6008,179.8467,0.5055,-102.5828,0.007,24.2889,0.4433
333,000333.png,False,1788893505.961805,1788893505.901805,normal_unload,10,,0.0,0.03828,0.02417,-0.62456,0.00075,0.00137,3e-05,0.0473,0.02103,-0.64987,-3e-05,0.00128,0.00034,0.02541,0.03005,-0.62496,3,37.9394,362.8342,36.6477,179.8465,0.5066,-102.5828,0.0099,24.3359,0.3964
334,000334.png,False,1788893506.349896,1788893506.289896,normal_unload,10,,0.0,0.03271,0.02347,-0.45712,0.00069,0.00142,0.0,0.04176,0.02033,-0.48252,-0.0001,0.00133,0.00032,0.01978,0.02935,-0.45753,3,37.9409,362.8367,36.702,179.8467,0.5067,-102.5834,0.0042,24.3902,0.3421
335,000335.png,False,1788893506.545948,1788893506.485948,normal_unload,10,,0.0,0.0267,0.01961,-0.33311,0.0007,0.00129,0.00014,0.03577,0.01646,-0.35856,-9e-05,0.00119,0.00045,0.01564,0.02499,-0.33346,3,37.9404,362.8319,36.7538,179.8476,0.5045,-102.5832,0.0093,24.4419,0.2904
336,000336.png,False,1788893506.937902,1788893506.877903,normal_unload,10,,0.0,0.00181,0.03808,-0.23689,8e-05,0.0006,0.00028,0.01091,0.03491,-0.26242,-0.00071,0.00051,0.0006,-0.01581,0.03009,-0.23752,3,37.9405,362.8416,36.8463,179.8465,0.5078,-102.5834,0.0001,24.5345,0.1977
337,000337.png,False,1788893510.254123,1788893510.194124,normal_load,11,,2.0,-0.0179,0.00589,-0.10432,0.00109,0.00025,-2e-05,-0.00855,0.00264,-0.13057,0.00027,0.00016,0.0003,-0.01772,-0.00551,-0.10437,2,37.9207,362.798,36.9646,179.852,0.4997,-102.5828,0.0001,24.6523,0.08
338,000338.png,False,1788893510.642137,1788893510.582137,normal_load,11,,2.0,-0.01093,0.00587,-0.20996,0.00092,0.00026,-0.0002,-0.00155,0.00261,-0.23629,0.00011,0.00017,0.00013,-0.01095,-0.00374,-0.21,3,37.9222,362.8002,36.8733,179.8521,0.5,-102.583,0.0045,24.561,0.1712
339,000339.png,False,1788893510.838141,1788893510.778141,normal_load,11,,2.0,-0.01365,-0.00352,-0.45543,0.00135,0.00021,-9e-05,-0.00426,-0.00678,-0.4818,0.00054,0.00012,0.00024,-0.00691,-0.01716,-0.45527,3,37.9261,362.7858,36.7661,179.8535,0.4966,-102.5832,0.0062,24.4536,0.2787
340,000340.png,False,1788893511.034168,1788893510.974168,normal_load,11,,2.0,-0.01042,0.0042,-0.49056,0.00101,0.00016,-0.00028,-0.00101,0.00092,-0.51698,0.00019,6e-05,5e-05,-0.00773,-0.00943,-0.49054,2,37.9249,362.7926,36.7473,179.8529,0.498,-102.583,0.008,24.4349,0.2974
341,000341.png,False,1788893511.230153,1788893511.170153,normal_load,11,,2.0,0.00087,0.02134,-0.7811,0.00059,0.00019,-6e-05,0.01029,0.01806,-0.80756,-0.00023,0.0001,0.00026,-0.0045,0.00641,-0.78135,3,37.9237,362.8023,36.6532,179.8519,0.5009,-102.5832,0.0027,24.3409,0.3913
342,000342.png,False,1788893511.422210,1788893511.362211,normal_load,11,,2.0,0.01191,0.02087,-0.80082,0.00103,0.00058,-0.00032,0.02136,0.01759,-0.82732,0.00021,0.00048,1e-05,0.00544,0.0112,-0.80109,3,37.924,362.8059,36.6487,179.8517,0.502,-102.583,0.0065,24.3365,0.3958
343,000343.png,False,1788893511.814207,1788893511.754207,normal_load,11,,2.0,0.02805,0.02913,-1.0591,0.00073,0.00065,-0.00049,0.03752,0.02583,-1.08569,-0.0001,0.00056,-0.00016,0.01709,0.02227,-1.0595,3,37.9222,362.814,36.574,179.851,0.5038,-102.5834,0.0026,24.262,0.4703
344,000344.png,False,1788893512.202136,1788893512.142136,normal_load,11,,2.0,0.05218,0.02856,-1.47584,0.0011,0.0012,-0.0003,0.06168,0.02525,-1.50251,0.00027,0.0011,3e-05,0.04116,0.02716,-1.47622,3,37.9262,362.8164,36.4752,179.8512,0.5038,-102.5839,0.0015,24.1632,0.5691
345,000345.png,False,1788893513.570290,1788893513.510290,normal_unload,11,,0.0,0.07602,0.0373,-1.89221,0.00075,0.00138,-7e-05,0.08563,0.03396,-1.91918,-9e-05,0.00128,0.00026,0.06033,0.03998,-1.89272,3,37.9324,362.821,36.4061,179.8511,0.5057,-102.5847,0.0089,24.0941,0.6381
346,000346.png,False,1788893513.766286,1788893513.706286,normal_unload,11,,0.0,0.06914,0.02546,-1.79341,0.00117,0.00137,-0.0004,0.07876,0.02212,-1.82042,0.00033,0.00127,-7e-05,0.0596,0.02787,-1.79372,3,37.9356,362.8136,36.4153,179.8529,0.502,-102.5849,0.0009,24.1032,0.6291
347,000347.png,False,1788893513.958302,1788893513.898302,normal_unload,11,,0.0,0.06891,0.01796,-1.77932,0.00138,0.00132,-0.00028,0.07855,0.01461,-1.80637,0.00054,0.00123,5e-05,0.06305,0.02149,-1.7795,3,37.9358,362.8135,36.4183,179.8524,0.5025,-102.5854,0.0099,24.1062,0.6261
348,000348.png,False,1788893514.154359,1788893514.094359,normal_unload,11,,0.0,0.06164,0.00171,-1.67539,0.00172,0.00127,-0.00014,0.07129,-0.00165,-1.70248,0.00088,0.00117,0.00019,0.06415,0.00544,-1.67529,3,37.9376,362.8059,36.4355,179.8538,0.4993,-102.5854,0.0028,24.1233,0.609
349,000349.png,False,1788893514.350245,1788893514.290246,normal_unload,11,,0.0,0.06097,0.01082,-1.40722,0.00143,0.00156,-3e-05,0.07064,0.00746,-1.43436,0.00059,0.00146,0.0003,0.05716,0.01729,-1.40732,3,37.9373,362.8114,36.4789,179.8527,0.5024,-102.5854,0.0025,24.1667,0.5655
350,000350.png,False,1788893514.546366,1788893514.486367,normal_unload,11,,0.0,0.06407,0.01042,-1.37226,0.00148,0.00147,-0.00014,0.07376,0.00705,-1.39944,0.00064,0.00138,0.0002,0.05981,0.01906,-1.37236,3,37.9365,362.814,36.4831,179.8524,0.5027,-102.5854,0.0073,24.1709,0.5613
351,000351.png,False,1788893514.738366,1788893514.678366,normal_unload,11,,0.0,0.06774,0.01445,-1.23845,0.00128,0.00175,5e-05,0.07743,0.01108,-1.26567,0.00043,0.00165,0.00038,0.06004,0.02653,-1.23865,3,37.9372,362.8187,36.5104,179.8518,0.5041,-102.5856,0.0037,24.1983,0.5339
352,000352.png,False,1788893514.934412,1788893514.874413,normal_unload,11,,0.0,0.06547,0.01002,-1.20592,0.0014,0.00175,-7e-05,0.07518,0.00665,-1.23318,0.00055,0.00165,0.00026,0.06006,0.02208,-1.20604,4,37.939,362.8173,36.5163,179.8522,0.5036,-102.5858,0.0015,24.2042,0.528
353,000353.png,False,1788893515.130287,1788893515.070287,normal_unload,11,,0.0,0.06719,0.00246,-1.06369,0.00142,0.00181,9e-05,0.07691,-0.00093,-1.09099,0.00057,0.00171,0.00043,0.06434,0.01866,-1.06371,3,37.9431,362.814,36.5446,179.8532,0.5019,-102.5862,0.0074,24.2324,0.4998
354,000354.png,False,1788893515.326297,1788893515.266297,normal_unload,11,,0.0,0.0658,0.00064,-1.04036,0.00155,0.00178,-0.00012,0.07554,-0.00275,-1.06771,0.00071,0.00168,0.00021,0.06389,0.01676,-1.04035,3,37.9432,362.8124,36.5477,179.8532,0.5019,-102.5862,0.0059,24.2355,0.4968
355,000355.png,False,1788893515.714404,1788893515.654404,normal_unload,11,,0.0,0.05952,-0.00725,-0.86824,0.00159,0.00177,9e-05,0.0693,-0.01065,-0.89567,0.00074,0.00167,0.00043,0.0612,0.00955,-0.8681,2,37.9447,362.8107,36.5872,179.8533,0.5015,-102.5865,0.0018,24.2749,0.4573
356,000356.png,False,1788893516.106440,1788893516.046440,normal_unload,11,,0.0,0.05765,-0.00152,-0.66688,0.00156,0.00185,-5e-05,0.06746,-0.00493,-0.6944,0.00071,0.00175,0.00029,0.05532,0.01681,-0.66687,3,37.9456,362.8168,36.6393,179.8532,0.5023,-102.5869,0.0023,24.3271,0.4051
357,000357.png,False,1788893516.302488,1788893516.242488,normal_unload,11,,0.0,0.05777,0.00073,-0.55193,0.00147,0.00202,0.00026,0.06758,-0.00268,-0.57948,0.00062,0.00192,0.0006,0.0535,0.02066,-0.55197,3,37.9478,362.817,36.6801,179.8533,0.5031,-102.5871,0.0026,24.3679,0.3644
358,000358.png,False,1788893516.494496,1788893516.434496,normal_unload,11,,0.0,0.0579,0.00137,-0.479,0.00135,0.002,1e-05,0.06773,-0.00205,-0.50659,0.0005,0.0019,0.00035,0.05279,0.02245,-0.47906,4,37.9482,362.8198,36.7078,179.8532,0.5028,-102.5873,0.0087,24.3956,0.3366
359,000359.png,False,1788893516.690452,1788893516.630452,normal_unload,11,,0.0,0.04764,-0.00583,-0.37426,0.00151,0.00195,5e-05,0.05749,-0.00926,-0.4019,0.00066,0.00185,0.00039,0.04677,0.01276,-0.3742,3,37.9493,362.816,36.7425,179.8537,0.5023,-102.5875,0.0035,24.4303,0.302
360,000360.png,False,1788893516.886488,1788893516.826488,normal_unload,11,,0.0,0.04215,-0.00955,-0.27523,0.00164,0.00183,-0.00014,0.05202,-0.01298,-0.30291,0.00079,0.00173,0.0002,0.04319,0.00839,-0.2751,3,37.9498,362.8136,36.7841,179.8535,0.5027,-102.5873,0.0025,24.4719,0.2604
361,000361.png,False,1788893517.082463,1788893517.022463,normal_unload,11,,0.0,0.02641,0.00016,-0.24313,0.00124,0.00121,-0.00031,0.03629,-0.00327,-0.27085,0.00038,0.00111,3e-05,0.02448,0.00945,-0.24315,3,37.9516,362.8099,36.8123,179.8541,0.5018,-102.5875,0.0084,24.4999,0.2323
362,000362.png,False,1788893520.786669,1788893520.726670,normal_load,12,,2.0,-0.01188,-0.00305,-0.0342,0.00115,0.00036,-0.00022,-0.00172,-0.00659,-0.06273,0.00027,0.00026,0.00013,-0.00853,-0.00913,-0.03412,3,37.9409,362.8033,37.027,179.8569,0.5018,-102.5915,0.005,24.7146,0.0177
363,000363.png,False,1788893521.178730,1788893521.118731,normal_load,12,,2.0,-0.01024,-0.0083,-0.14919,0.0012,0.00027,-0.00013,-5e-05,-0.01185,-0.1778,0.00032,0.00017,0.00022,-0.00369,-0.0147,-0.149,3,37.9421,362.7951,36.9115,179.8589,0.497,-102.5914,0.0062,24.599,0.1332
364,000364.png,False,1788893521.566734,1788893521.506734,normal_load,12,,2.0,-0.00467,-0.00347,-0.32258,0.00117,0.00019,-0.00033,0.00556,-0.00703,-0.35128,0.00028,9e-05,3e-05,-7e-05,-0.0105,-0.32246,3,37.9417,362.7958,36.8003,179.8582,0.4993,-102.5912,0.0033,24.4878,0.2444
365,000365.png,False,1788893521.762720,1788893521.702720,normal_load,12,,2.0,0.00591,0.02188,-0.62974,0.00082,0.00042,-0.00023,0.01615,0.01831,-0.65848,-7e-05,0.00032,0.00013,-0.00145,0.01181,-0.63004,3,37.9384,362.8132,36.7096,179.8563,0.5039,-102.5912,0.0091,24.3974,0.3348
366,000366.png,False,1788893521.958738,1788893521.898738,normal_load,12,,2.0,0.0079,0.02219,-0.73,0.00083,0.00043,-0.00039,0.01815,0.01862,-0.75878,-6e-05,0.00032,-3e-05,0.00082,0.01147,-0.73029,3,37.9377,362.8151,36.6744,179.8565,0.5033,-102.5915,0.0056,24.3623,0.37
367,000367.png,False,1788893522.154709,1788893522.094709,normal_load,12,,2.0,0.02915,0.02717,-0.86286,0.00071,0.00084,-0.00039,0.03942,0.02359,-0.89168,-0.00018,0.00074,-3e-05,0.01766,0.02427,-0.86326,3,37.9348,362.8255,36.6252,179.8551,0.5067,-102.5913,0.0002,24.3132,0.419
368,000368.png,False,1788893522.350776,1788893522.290776,normal_load,12,,2.0,0.03256,0.0224,-1.16132,0.00109,0.00098,-0.00027,0.04285,0.01883,-1.19018,0.0002,0.00087,8e-05,0.02506,0.01707,-1.16159,3,37.9375,362.8198,36.5446,179.8563,0.5044,-102.5913,0.0058,24.2326,0.4997
369,000369.png,False,1788893522.542679,1788893522.482679,normal_load,12,,2.0,0.04234,0.03486,-1.23467,0.00079,0.00105,-0.00021,0.05264,0.03128,-1.26358,-0.00011,0.00094,0.00014,0.02782,0.03157,-1.23517,3,37.9372,362.8228,36.5341,179.8556,0.506,-102.5915,0.0037,24.222,0.5102
370,000370.png,False,1788893522.738687,1788893522.678687,normal_load,12,,2.0,0.05378,0.04465,-1.4887,0.00058,0.00129,-0.00025,0.0641,0.04106,-1.51765,-0.00031,0.00118,0.00011,0.0346,0.04169,-1.48936,3,37.9359,362.8298,36.4768,179.8549,0.5076,-102.5915,0.0087,24.165,0.5673
371,000371.png,False,1788893525.274968,1788893525.214968,normal_unload,12,,0.0,0.06217,0.0406,-1.86851,0.00102,0.0012,-0.00021,0.07268,0.03694,-1.89801,0.00011,0.0011,0.00015,0.04652,0.03629,-1.86906,4,37.9396,362.8313,36.4095,179.8566,0.5064,-102.5917,0.0005,24.0976,0.6346
372,000372.png,False,1788893525.470951,1788893525.410951,normal_unload,12,,0.0,0.05749,0.02827,-1.80228,0.0011,0.00109,-0.00026,0.06801,0.02461,-1.83183,0.00018,0.00098,0.00011,0.04817,0.02434,-1.80262,3,37.9388,362.8267,36.4158,179.8569,0.5051,-102.5919,0.0045,24.1039,0.6284
373,000373.png,False,1788893525.666838,1788893525.606838,normal_unload,12,,0.0,0.05549,0.02212,-1.7259,0.00132,0.00116,-0.00037,0.06603,0.01845,-1.75549,0.00041,0.00106,-0.0,0.04898,0.01923,-1.72613,3,37.9409,362.8217,36.4224,179.8583,0.5031,-102.5917,0.0088,24.1103,0.6219
374,000374.png,False,1788893525.858971,1788893525.798971,normal_unload,12,,0.0,0.05437,0.02139,-1.63723,0.00154,0.00124,-0.00039,0.06492,0.01772,-1.66686,0.00063,0.00113,-2e-05,0.04776,0.01947,-1.63746,3,37.9399,362.8227,36.4408,179.8579,0.5034,-102.5921,0.0005,24.1288,0.6035
375,000375.png,False,1788893526.054960,1788893525.994961,normal_unload,12,,0.0,0.05374,0.01938,-1.60028,0.00136,0.00121,-0.00027,0.06431,0.01571,-1.62994,0.00044,0.0011,9e-05,0.04796,0.01801,-1.60047,2,37.9394,362.8224,36.4438,179.8578,0.5036,-102.5919,0.0071,24.1318,0.6005
376,000376.png,False,1788893526.446880,1788893526.386880,normal_unload,12,,0.0,0.05862,0.02844,-1.43011,0.00113,0.00137,-0.00017,0.06922,0.02475,-1.45986,0.00021,0.00126,0.00019,0.04648,0.03101,-1.4305,3,37.9407,362.828,36.476,179.8573,0.5053,-102.5928,0.0026,24.1641,0.5682
377,000377.png,False,1788893527.227017,1788893527.167017,normal_unload,12,,0.0,0.05047,0.02186,-1.06376,0.00129,0.00156,-0.00014,0.06113,0.01815,-1.09368,0.00036,0.00145,0.00022,0.04017,0.02711,-1.06408,3,37.9417,362.8286,36.5469,179.8576,0.5058,-102.5926,0.0084,24.2349,0.4973
378,000378.png,False,1788893527.422946,1788893527.362947,normal_unload,12,,0.0,0.04807,0.01549,-0.93861,0.00134,0.00156,-4e-05,0.05875,0.01178,-0.96857,0.00042,0.00145,0.00033,0.04041,0.0224,-0.93883,3,37.9421,362.8243,36.567,179.8583,0.5047,-102.5921,0.0045,24.255,0.4772
379,000379.png,False,1788893527.615030,1788893527.555030,normal_unload,12,,0.0,0.0522,0.00713,-0.82619,0.00131,0.00151,-0.00046,0.06289,0.00341,-0.8562,0.00038,0.00141,-9e-05,0.04738,0.01903,-0.8263,3,37.9434,362.8257,36.5852,179.858,0.5053,-102.5928,0.01,24.2732,0.459
380,000380.png,False,1788893527.810951,1788893527.750951,normal_unload,12,,0.0,0.04327,0.00877,-0.75483,0.00139,0.00153,-0.00023,0.05397,0.00504,-0.78488,0.00046,0.00142,0.00014,0.03833,0.01712,-0.75495,3,37.9435,362.8237,36.6046,179.8586,0.5046,-102.5926,0.0044,24.2925,0.4397
381,000381.png,False,1788893528.007047,1788893527.947047,normal_unload,12,,0.0,0.04902,0.02079,-0.61755,0.00099,0.00173,-0.00033,0.05974,0.01706,-0.64764,6e-05,0.00162,4e-05,0.03636,0.03261,-0.61791,3,37.9413,362.8323,36.6426,179.8579,0.5067,-102.5926,0.0021,24.3307,0.4016
382,000382.png,False,1788893528.203094,1788893528.143094,normal_unload,12,,0.0,0.04297,0.01381,-0.56369,0.00116,0.00155,-0.00033,0.05371,0.01007,-0.59383,0.00023,0.00144,4e-05,0.03423,0.0244,-0.56393,3,37.9424,362.8288,36.6564,179.8582,0.5059,-102.5926,0.0086,24.3444,0.3878
383,000383.png,False,1788893528.399060,1788893528.339061,normal_unload,12,,0.0,0.04178,0.01081,-0.42172,0.00104,0.00154,-0.00035,0.05253,0.00707,-0.45189,0.00011,0.00143,2e-05,0.03371,0.02348,-0.42192,3,37.9433,362.8283,36.6982,179.8584,0.5055,-102.5928,0.0064,24.3862,0.346
384,000384.png,False,1788893528.591094,1788893528.531095,normal_unload,12,,0.0,0.03809,0.00946,-0.43458,0.00122,0.00149,-0.00018,0.04885,0.00572,-0.4648,0.00028,0.00138,0.00019,0.03128,0.02026,-0.43476,3,37.9428,362.8252,36.7066,179.8588,0.5045,-102.5926,0.0029,24.3945,0.3377
385,000385.png,False,1788893532.495222,1788893532.435222,normal_load,13,,2.0,-0.01591,0.00236,-0.08454,0.00113,0.00025,-0.00024,-0.00485,-0.00149,-0.1156,0.00017,0.00013,0.00014,-0.01438,-0.00727,-0.08453,3,37.9296,362.8013,36.9625,179.8627,0.5014,-102.5949,0.0025,24.6501,0.0821
386,000386.png,False,1788893533.079320,1788893533.019320,normal_load,13,,2.0,-0.00768,0.00912,-0.27345,0.00109,0.00028,-0.00025,0.00344,0.00525,-0.30463,0.00013,0.00017,0.00014,-0.00931,-0.00032,-0.27355,3,37.9294,362.8039,36.823,179.8626,0.5009,-102.5952,0.0084,24.5107,0.2216
387,000387.png,False,1788893533.275327,1788893533.215328,normal_load,13,,2.0,-0.00688,0.0134,-0.49348,0.00111,0.00029,-0.00021,0.00425,0.00953,-0.52471,0.00014,0.00018,0.00018,-0.00923,0.00026,-0.49362,3,37.9286,362.807,36.759,179.8627,0.5014,-102.5949,0.0062,24.4468,0.2854
388,000388.png,False,1788893533.471251,1788893533.411252,normal_load,13,,2.0,-0.00211,0.01521,-0.66709,0.00107,0.00025,-0.00022,0.00903,0.01133,-0.69836,0.0001,0.00014,0.00017,-0.0048,0.00143,-0.66724,3,37.9294,362.8104,36.6899,179.8626,0.5016,-102.5956,0.0023,24.3777,0.3545
389,000389.png,False,1788893533.663371,1788893533.603371,normal_load,13,,2.0,0.01215,0.02789,-0.80395,0.00093,0.00062,-0.00015,0.0233,0.02401,-0.83526,-4e-05,0.00051,0.00024,0.00216,0.01734,-0.80433,3,37.9278,362.8162,36.6505,179.8616,0.504,-102.5949,0.0085,24.3384,0.3938
390,000390.png,False,1788893533.859406,1788893533.799407,normal_load,13,,2.0,0.01642,0.03506,-0.89522,0.00073,0.00063,-0.00036,0.02759,0.03117,-0.92658,-0.00024,0.00052,3e-05,0.00291,0.02422,-0.89572,3,37.926,362.8225,36.6171,179.8606,0.5064,-102.595,0.0033,24.3052,0.4271
391,000391.png,False,1788893534.055370,1788893533.995370,normal_load,13,,2.0,0.02492,0.0388,-1.01045,0.00068,0.00074,-0.00017,0.0361,0.03491,-1.04185,-0.00029,0.00063,0.00022,0.0092,0.02987,-1.01102,3,37.9258,362.8245,36.5914,179.8602,0.5072,-102.595,0.0045,24.2795,0.4528
392,000392.png,False,1788893534.251425,1788893534.191425,normal_load,13,,2.0,0.04357,0.03825,-1.36312,0.00095,0.00111,-0.0004,0.05477,0.03435,-1.39457,-3e-05,0.001,-1e-05,0.02808,0.03306,-1.36367,3,37.9268,362.8273,36.5054,179.8601,0.5081,-102.5952,0.0031,24.1935,0.5387
393,000393.png,False,1788893534.443381,1788893534.383381,normal_load,13,,2.0,0.04342,0.04185,-1.34516,0.00083,0.00108,-0.0003,0.05464,0.03795,-1.37664,-0.00015,0.00097,9e-05,0.02602,0.0364,-1.34577,3,37.9257,362.828,36.5047,179.8602,0.5079,-102.595,0.0075,24.1929,0.5394
394,000394.png,False,1788893534.639411,1788893534.579412,normal_load,13,,2.0,0.05571,0.05843,-1.69438,0.00056,0.00116,-0.0001,0.06694,0.05453,-1.7259,-0.00041,0.00105,0.00029,0.03081,0.0513,-1.69524,3,37.9255,362.8338,36.4483,179.8595,0.5095,-102.5952,0.0023,24.1365,0.5957
395,000395.png,False,1788893536.979440,1788893536.919440,normal_unload,13,,0.0,0.05897,0.04213,-1.84067,0.00095,0.00097,-0.00019,0.07038,0.03816,-1.8727,-4e-05,0.00085,0.0002,0.04279,0.03647,-1.84124,3,37.9292,362.8262,36.4131,179.8627,0.504,-102.5954,0.0023,24.1012,0.631
396,000396.png,False,1788893537.175447,1788893537.115448,normal_unload,13,,0.0,0.05133,0.03668,-1.77345,0.00128,0.00115,-0.0003,0.06275,0.0327,-1.80553,0.00029,0.00104,0.0001,0.03843,0.029,-1.77392,3,37.9292,362.826,36.4199,179.8626,0.5044,-102.5954,0.0032,24.108,0.6242
397,000397.png,False,1788893537.371462,1788893537.311462,normal_unload,13,,0.0,0.04832,0.02672,-1.67672,0.00143,0.00104,-0.00017,0.05976,0.02274,-1.70884,0.00043,0.00092,0.00022,0.04013,0.02043,-1.67702,3,37.931,362.8209,36.4345,179.8631,0.5032,-102.5956,0.01,24.1225,0.6098
398,000398.png,False,1788893537.567465,1788893537.507465,normal_unload,13,,0.0,0.05323,0.03952,-1.56497,0.00105,0.00123,-0.00023,0.06468,0.03554,-1.59713,5e-05,0.00111,0.00016,0.03721,0.03576,-1.56553,3,37.9284,362.833,36.461,179.8617,0.5071,-102.5956,0.0006,24.1492,0.583
399,000399.png,False,1788893537.763484,1788893537.703485,normal_unload,13,,0.0,0.05582,0.0409,-1.41256,0.00101,0.0013,-0.00023,0.06729,0.03691,-1.44476,2e-05,0.00118,0.00017,0.03771,0.04068,-1.41317,3,37.9286,362.8323,36.4752,179.8615,0.5075,-102.5956,0.0061,24.1635,0.5688
400,000400.png,False,1788893537.955571,1788893537.895571,normal_unload,13,,0.0,0.05351,0.03829,-1.32526,0.00106,0.00137,-0.0003,0.06499,0.03429,-1.35751,6e-05,0.00126,0.0001,0.03641,0.03866,-1.32583,3,37.9287,362.832,36.4872,179.8617,0.5071,-102.596,0.0015,24.1754,0.5568
401,000401.png,False,1788893538.151624,1788893538.091624,normal_unload,13,,0.0,0.04938,0.03583,-1.25635,0.00105,0.00132,-0.00037,0.06088,0.03182,-1.28863,5e-05,0.00121,2e-05,0.03358,0.03557,-1.25687,3,37.9294,362.8306,36.4996,179.862,0.5068,-102.5956,0.0039,24.1878,0.5445
402,000402.png,False,1788893538.347505,1788893538.287505,normal_unload,13,,0.0,0.05008,0.02685,-1.15453,0.00112,0.00134,-0.00038,0.0616,0.02284,-1.18686,0.00012,0.00122,2e-05,0.03797,0.02978,-1.15492,3,37.9296,362.8271,36.5191,179.8622,0.5059,-102.596,0.0056,24.2072,0.525
403,000403.png,False,1788893538.543603,1788893538.483603,normal_unload,13,,0.0,0.04632,0.02368,-1.10292,0.00123,0.00134,-0.00028,0.05785,0.01967,-1.13529,0.00023,0.00123,0.00012,0.03593,0.02599,-1.10325,3,37.9308,362.8258,36.528,179.8628,0.5055,-102.5958,0.0003,24.2161,0.5161
404,000404.png,False,1788893539.127630,1788893539.067631,normal_unload,13,,0.0,0.04399,0.02677,-0.74702,0.00111,0.00146,-0.00017,0.05557,0.02274,-0.77952,0.0001,0.00135,0.00023,0.02991,0.0332,-0.74746,3,37.9306,362.831,36.6079,179.8625,0.5068,-102.596,0.0092,24.2961,0.4361
405,000405.png,False,1788893539.323637,1788893539.263637,normal_unload,13,,0.0,0.04514,0.02415,-0.74244,0.00106,0.00151,-0.00036,0.05674,0.02012,-0.77498,5e-05,0.0014,4e-05,0.03219,0.03158,-0.74283,3,37.9308,362.8326,36.6094,179.8626,0.5072,-102.5958,0.0055,24.2976,0.4347
406,000406.png,False,1788893539.711682,1788893539.651682,normal_unload,13,,0.0,0.03819,0.02099,-0.5894,0.00105,0.00144,-0.00024,0.04981,0.01695,-0.62202,4e-05,0.00133,0.00016,0.02668,0.02782,-0.58975,3,37.9303,362.8313,36.6516,179.8628,0.5066,-102.5958,0.0084,24.3397,0.3925
407,000407.png,False,1788893539.907690,1788893539.847690,normal_unload,13,,0.0,0.03381,0.01702,-0.40613,0.00113,0.00151,-0.00028,0.04545,0.01298,-0.4388,0.00012,0.0014,0.00012,0.0236,0.02513,-0.40643,3,37.932,362.8296,36.7061,179.8634,0.5064,-102.5963,0.0068,24.3942,0.338
408,000408.png,False,1788893540.103690,1788893540.043690,normal_unload,13,,0.0,0.02819,0.01776,-0.45134,0.00123,0.00149,-0.00012,0.03985,0.01371,-0.48405,0.00022,0.00138,0.00028,0.01868,0.02224,-0.45163,3,37.932,362.8291,36.7076,179.8632,0.5063,-102.5963,0.0068,24.3957,0.3366
409,000409.png,False,1788893540.299683,1788893540.239683,normal_unload,13,,0.0,0.02456,0.01259,-0.26237,0.00101,0.00116,-0.00034,0.03623,0.00853,-0.29513,-0.0,0.00104,6e-05,0.0168,0.01897,-0.2626,3,37.9331,362.8267,36.7664,179.8637,0.5061,-102.5963,0.0076,24.4544,0.2778
410,000410.png,False,1788893540.491709,1788893540.431710,normal_unload,13,,0.0,0.02178,0.01349,-0.29111,0.00122,0.00125,-0.00037,0.03347,0.00943,-0.3239,0.0002,0.00114,3e-05,0.01415,0.01791,-0.29134,3,37.933,362.8256,36.77,179.8635,0.506,-102.5963,0.0024,24.458,0.2742
411,000411.png,False,1788893544.979941,1788893544.919941,normal_load,14,,2.0,-0.01561,-0.00631,-0.03957,0.00144,0.00038,-0.00051,-0.00358,-0.0105,-0.07334,0.0004,0.00026,-9e-05,-0.01009,-0.0139,-0.03942,3,37.9419,362.7961,36.982,179.8671,0.5019,-102.6004,0.0079,24.6695,0.0627
412,000412.png,False,1788893545.175867,1788893545.115867,normal_load,14,,2.0,-0.01222,-0.0042,-0.19526,0.00145,0.00031,-0.00039,-0.00018,-0.00839,-0.22907,0.0004,0.00018,2e-05,-0.00714,-0.01287,-0.19513,3,37.9424,362.7953,36.88,179.8677,0.5005,-102.6006,0.0027,24.5675,0.1648
413,000413.png,False,1788893545.371876,1788893545.311877,normal_load,14,,2.0,-0.01066,-0.00093,-0.1891,0.00136,0.00028,-0.0003,0.0014,-0.00513,-0.22294,0.00031,0.00016,0.00011,-0.00746,-0.00916,-0.18903,3,37.9417,362.7962,36.8826,179.8678,0.5009,-102.6006,0.0023,24.5701,0.1621
414,000414.png,False,1788893545.563998,1788893545.503999,normal_load,14,,2.0,-0.00413,0.00305,-0.46307,0.00138,0.00023,-0.0005,0.00795,-0.00115,-0.49696,0.00033,0.0001,-8e-05,-0.00189,-0.00684,-0.46304,3,37.9418,362.797,36.7568,179.8682,0.4999,-102.6002,0.008,24.4443,0.2879
415,000415.png,False,1788893545.759990,1788893545.699991,normal_load,14,,2.0,-0.00451,0.00354,-0.45624,0.00116,0.00025,-0.00037,0.00758,-0.00067,-0.49017,0.00011,0.00013,4e-05,-0.00251,-0.0065,-0.45622,3,37.9423,362.8001,36.761,179.8677,0.5011,-102.6006,0.0024,24.4486,0.2837
416,000416.png,False,1788893546.151926,1788893546.091926,normal_load,14,,2.0,0.00475,0.02108,-0.7924,0.00104,0.00045,-0.00033,0.01688,0.01686,-0.82642,-2e-05,0.00033,9e-05,-0.00092,0.00794,-0.79265,3,37.939,362.8066,36.6502,179.8667,0.5036,-102.6002,0.0093,24.3379,0.3943
417,000417.png,False,1788893546.539938,1788893546.479939,normal_load,14,,2.0,0.02793,0.02709,-1.15974,0.00103,0.0007,-0.00043,0.04008,0.02287,-1.19385,-2e-05,0.00058,-1e-05,0.01869,0.01884,-1.16009,3,37.9368,362.8156,36.5439,179.8656,0.5062,-102.6,0.0069,24.2318,0.5004
418,000418.png,False,1788893546.736052,1788893546.676052,normal_load,14,,2.0,0.04073,0.03587,-1.29313,0.00095,0.00104,-0.00047,0.05289,0.03163,-1.32728,-0.00011,0.00091,-5e-05,0.02632,0.0307,-1.29364,3,37.9372,362.8209,36.5167,179.8653,0.5074,-102.6004,0.008,24.2046,0.5276
419,000419.png,False,1788893546.932046,1788893546.872046,normal_load,14,,2.0,0.05002,0.04316,-1.52723,0.00087,0.00116,-0.00029,0.0622,0.03893,-1.56142,-0.00019,0.00104,0.00013,0.03235,0.03791,-1.52785,3,37.9358,362.8249,36.4623,179.865,0.508,-102.6002,0.0021,24.1504,0.5819
420,000420.png,False,1788893547.128069,1788893547.068069,normal_load,14,,2.0,0.05427,0.04952,-1.60863,0.00077,0.00116,-0.00022,0.06647,0.04528,-1.64286,-0.00028,0.00103,0.0002,0.03342,0.04424,-1.60936,3,37.9355,362.827,36.4564,179.8647,0.5088,-102.6002,0.0032,24.1445,0.5878
421,000421.png,False,1788893549.468183,1788893549.408183,normal_unload,14,,0.0,0.05181,0.02434,-1.86236,0.00159,0.00102,-0.0003,0.06418,0.02003,-1.8971,0.00052,0.00089,0.00013,0.04563,0.01713,-1.8626,3,37.9393,362.8162,36.4039,179.8678,0.5036,-102.6004,0.0025,24.0918,0.6405
422,000422.png,False,1788893549.664191,1788893549.604191,normal_unload,14,,0.0,0.05135,0.02637,-1.65084,0.00148,0.00119,-0.00046,0.06374,0.02206,-1.68562,0.0004,0.00107,-3e-05,0.04275,0.02206,-1.65115,3,37.9393,362.8178,36.4298,179.8675,0.5049,-102.6004,0.0078,24.1177,0.6145
423,000423.png,False,1788893549.856200,1788893549.796201,normal_unload,14,,0.0,0.05571,0.04056,-1.53344,0.00113,0.00125,-0.00045,0.06812,0.03624,-1.56826,5e-05,0.00113,-2e-05,0.03862,0.0384,-1.53402,3,37.9404,362.8218,36.4473,179.867,0.5061,-102.6006,0.003,24.1352,0.597
424,000424.png,False,1788893550.640238,1788893550.580238,normal_unload,14,,0.0,0.04865,0.01887,-1.17747,0.00144,0.00126,-0.00043,0.06111,0.01453,-1.21246,0.00036,0.00114,0.0,0.04087,0.02179,-1.17771,3,37.9394,362.8218,36.5112,179.8672,0.5061,-102.6006,0.0033,24.1991,0.5331
425,000425.png,False,1788893550.832252,1788893550.772252,normal_unload,14,,0.0,0.04685,0.02264,-1.09145,0.00137,0.00138,-0.00043,0.05933,0.0183,-1.12648,0.00029,0.00126,-0.0,0.03684,0.02553,-1.09177,3,37.9413,362.8196,36.5227,179.8675,0.5055,-102.6008,0.0074,24.2106,0.5216
426,000426.png,False,1788893551.612314,1788893551.552314,normal_unload,14,,0.0,0.04065,0.01818,-0.76372,0.00131,0.00159,-0.00039,0.05319,0.01382,-0.79892,0.00022,0.00147,5e-05,0.03142,0.02382,-0.764,3,37.9412,362.8209,36.5995,179.8681,0.5058,-102.6008,0.0019,24.2874,0.4448
427,000427.png,False,1788893551.808284,1788893551.748284,normal_unload,14,,0.0,0.04025,0.01789,-0.58548,0.00123,0.00158,-0.00028,0.05281,0.01353,-0.62073,0.00014,0.00146,0.00015,0.02998,0.02623,-0.58579,3,37.9423,362.8247,36.6458,179.868,0.5065,-102.601,0.008,24.3338,0.3984
428,000428.png,False,1788893556.880573,1788893556.820573,normal_load,15,,2.0,-0.01544,0.00876,-0.18177,0.00118,0.0002,-0.00033,-0.00249,0.00426,-0.21811,5e-05,7e-05,0.00012,-0.01649,-0.00304,-0.18186,3,37.9277,362.8046,36.8833,179.8726,0.5006,-102.6032,0.0045,24.571,0.1612
429,000429.png,False,1788893557.272664,1788893557.212664,normal_load,15,,2.0,-0.01154,0.01076,-0.44826,0.00123,0.00018,-0.00032,0.00144,0.00624,-0.48468,0.0001,5e-05,0.00012,-0.01227,-0.00363,-0.44835,3,37.9258,362.8073,36.7684,179.8727,0.5004,-102.603,0.0071,24.4562,0.2761
430,000430.png,False,1788893557.468511,1788893557.408511,normal_load,15,,2.0,-0.00291,0.02368,-0.6524,0.00092,0.00024,-0.00051,0.01008,0.01916,-0.68887,-0.0002,0.00011,-6e-05,-0.00983,0.0086,-0.6527,3,37.9249,362.8126,36.6859,179.872,0.502,-102.6032,0.0003,24.3738,0.3585
431,000431.png,False,1788893557.856533,1788893557.796533,normal_load,15,,2.0,0.02282,0.03071,-1.02582,0.00094,0.0007,-0.00021,0.03585,0.02618,-1.06237,-0.00019,0.00056,0.00024,0.01154,0.02157,-1.02624,3,37.9229,362.8213,36.5867,179.8708,0.5043,-102.603,0.0045,24.2747,0.4575
432,000432.png,False,1788893558.440571,1788893558.380571,normal_load,15,,2.0,0.03708,0.04234,-1.28216,0.00092,0.00091,-0.00034,0.05014,0.0378,-1.31884,-0.00022,0.00078,0.00011,0.01985,0.03466,-1.28278,3,37.9235,362.8262,36.518,179.8705,0.5054,-102.6032,0.0035,24.2061,0.5261
433,000433.png,False,1788893560.976703,1788893560.916703,normal_unload,15,,0.0,0.04767,0.03265,-1.8965,0.00135,0.00078,-0.00033,0.06093,0.02803,-1.93373,0.00019,0.00065,0.00013,0.03813,0.02171,-1.89687,3,37.9266,362.8189,36.3987,179.8724,0.5015,-102.6036,0.0046,24.0868,0.6455
434,000434.png,False,1788893561.172854,1788893561.112854,normal_unload,15,,0.0,0.04356,0.02392,-1.80114,0.00173,0.0009,-0.00038,0.05684,0.0193,-1.83841,0.00058,0.00077,8e-05,0.03827,0.01363,-1.80136,3,37.9263,362.8179,36.4111,179.873,0.5006,-102.6034,0.0003,24.0991,0.6332
435,000435.png,False,1788893561.368721,1788893561.308722,normal_unload,15,,0.0,0.04804,0.02926,-1.48278,0.0013,0.00109,-0.00027,0.06133,0.02464,-1.52009,0.00015,0.00096,0.00019,0.03727,0.02559,-1.48315,3,37.9252,362.8255,36.4584,179.8714,0.5044,-102.6034,0.0099,24.1465,0.5857
436,000436.png,False,1788893561.760834,1788893561.700834,normal_unload,15,,0.0,0.04651,0.02355,-1.35855,0.00134,0.00103,-0.00025,0.05983,0.01891,-1.39595,0.00018,0.0009,0.00021,0.03794,0.02187,-1.35885,3,37.9257,362.8241,36.479,179.8721,0.5033,-102.6036,0.0052,24.1671,0.5652
437,000437.png,False,1788893561.952873,1788893561.892873,normal_unload,15,,0.0,0.04244,0.02921,-1.3378,0.00147,0.00123,-0.00036,0.05578,0.02457,-1.37524,0.00031,0.0011,0.0001,0.03144,0.02507,-1.33819,3,37.9253,362.8238,36.4818,179.8723,0.5034,-102.6032,0.0047,24.1699,0.5624
438,000438.png,False,1788893562.148871,1788893562.088871,normal_unload,15,,0.0,0.03957,0.01758,-1.16572,0.00169,0.00116,-0.00028,0.05293,0.01294,-1.2032,0.00053,0.00103,0.00018,0.03358,0.01633,-1.16593,3,37.9276,362.8189,36.5118,179.8734,0.5014,-102.6036,0.003,24.1998,0.5325
439,000439.png,False,1788893563.708848,1788893563.648849,normal_unload,15,,0.0,0.02938,0.00736,-0.46281,0.00148,0.00127,-0.00025,0.04285,0.00267,-0.50063,0.00031,0.00114,0.00022,0.02498,0.01364,-0.46293,3,37.9285,362.8213,36.6867,179.8732,0.503,-102.6041,0.005,24.3747,0.3576
440,000440.png,False,1788893568.781216,1788893568.721216,normal_load,16,,2.0,-0.00574,0.01395,-0.58593,0.00123,0.00018,-0.0003,0.00813,0.00913,-0.62484,3e-05,4e-05,0.00018,-0.00788,-0.00017,-0.58607,3,37.9405,362.7979,36.7055,179.8802,0.4946,-102.6075,0.01,24.3931,0.3392
441,000441.png,False,1788893568.977221,1788893568.917222,normal_load,16,,2.0,0.00146,0.01766,-0.7426,0.00132,0.00025,-0.00028,0.01534,0.01283,-0.78156,0.00011,0.00011,0.0002,-0.00241,0.00413,-0.7428,4,37.9382,362.8046,36.6739,179.8795,0.4965,-102.6073,0.0043,24.3616,0.3707
442,000442.png,False,1788893569.369262,1788893569.309263,normal_load,16,,2.0,0.0207,0.02399,-0.98986,0.00125,0.00083,-0.00021,0.03461,0.01915,-1.02891,4e-05,0.00069,0.00027,0.01281,0.01527,-0.99017,3,37.9379,362.8094,36.5944,179.8787,0.4987,-102.6075,0.0088,24.2822,0.4501
443,000443.png,False,1788893569.757246,1788893569.697246,normal_load,16,,2.0,0.03605,0.02802,-1.26361,0.00126,0.00093,-0.0002,0.04999,0.02317,-1.30274,5e-05,0.00079,0.00028,0.02599,0.02204,-1.26398,3,37.9376,362.8141,36.5274,179.8783,0.5002,-102.6073,0.0089,24.2153,0.517
444,000444.png,False,1788893572.097373,1788893572.037373,normal_unload,16,,0.0,0.05109,0.03969,-1.86125,0.0013,0.00113,-0.00028,0.06521,0.03478,-1.90088,7e-05,0.00098,0.00021,0.03733,0.03009,-1.86175,3,37.9387,362.8167,36.4076,179.8785,0.5003,-102.6078,0.0034,24.0956,0.6367
445,000445.png,False,1788893572.489389,1788893572.429389,normal_unload,16,,0.0,0.04038,0.0105,-1.67663,0.0018,0.0008,-0.00034,0.05453,0.00558,-1.71635,0.00057,0.00066,0.00015,0.04135,0.00242,-1.67664,3,37.9409,362.8052,36.4292,179.8811,0.4955,-102.608,0.0094,24.1169,0.6154
446,000446.png,False,1788893572.685412,1788893572.625412,normal_unload,16,,0.0,0.04202,0.01724,-1.46436,0.00175,0.00116,-9e-05,0.05619,0.01231,-1.50412,0.00052,0.00101,0.0004,0.03794,0.01247,-1.46452,3,37.9405,362.8118,36.4701,179.88,0.4979,-102.6082,0.0013,24.1579,0.5744
447,000447.png,False,1788893573.661478,1788893573.601478,normal_unload,16,,0.0,0.03699,0.01661,-1.04463,0.00148,0.00131,-0.00022,0.05123,0.01165,-1.0846,0.00025,0.00116,0.00027,0.03099,0.01613,-1.04483,3,37.939,362.8176,36.5425,179.8798,0.499,-102.608,0.0051,24.2304,0.5019
448,000448.png,False,1788893573.853487,1788893573.793487,normal_unload,16,,0.0,0.03043,0.00106,-0.88438,0.00182,0.00125,-0.00012,0.04468,-0.0039,-0.9244,0.00058,0.0011,0.00038,0.03196,0.00195,-0.88433,3,37.9422,362.8059,36.5734,179.8808,0.4968,-102.6084,0.0052,24.2611,0.4712
449,000449.png,False,1788893574.441410,1788893574.381410,normal_unload,16,,0.0,0.02829,0.01158,-0.56086,0.00156,0.00142,-0.00032,0.04259,0.0066,-0.601,0.00032,0.00127,0.00017,0.02261,0.01518,-0.56103,3,37.941,362.8122,36.6574,179.8806,0.4976,-102.6086,0.008,24.3452,0.387
450,000450.png,False,1788893574.829498,1788893574.769498,normal_unload,16,,0.0,0.02614,0.00771,-0.4004,0.00152,0.0013,-0.00038,0.04047,0.00272,-0.44062,0.00028,0.00116,0.00012,0.02157,0.01332,-0.40052,3,37.9412,362.8149,36.7088,179.8802,0.4986,-102.6088,0.0067,24.3966,0.3357
451,000451.png,False,1788893580.097831,1788893580.037832,normal_load,17,,2.0,-0.02288,0.00178,-0.13862,0.00136,0.00013,-0.00053,-0.00814,-0.00334,-0.17999,8e-05,-2e-05,-2e-05,-0.01975,-0.01211,-0.13859,3,37.9242,362.7972,36.8938,179.8865,0.4881,-102.6112,0.0007,24.5814,0.1509
452,000452.png,False,1788893580.489792,1788893580.429792,normal_load,17,,2.0,-0.01187,0.01124,-0.43217,0.00136,0.00021,-0.00048,0.0029,0.0061,-0.47363,7e-05,6e-05,3e-05,-0.0129,-0.00312,-0.43228,3,37.9261,362.8037,36.7646,179.8861,0.4896,-102.6116,0.0041,24.4523,0.2799
453,000453.png,False,1788893580.877806,1788893580.817806,normal_load,17,,2.0,-0.00335,0.02002,-0.73687,0.00124,0.00027,-0.00056,0.01145,0.01487,-0.77841,-4e-05,0.00012,-5e-05,-0.00779,0.00386,-0.7371,3,37.9265,362.8089,36.6647,179.8856,0.4908,-102.6116,0.0043,24.3525,0.3798
454,000454.png,False,1788893581.269914,1788893581.209914,normal_load,17,,2.0,0.02397,0.02871,-0.97643,0.00106,0.00075,-0.00037,0.0388,0.02355,-1.01805,-0.00023,0.0006,0.00014,0.01319,0.0212,-0.97682,3,37.9307,362.8161,36.5876,179.8844,0.4936,-102.6125,0.0043,24.2755,0.4568
455,000455.png,False,1788893581.657880,1788893581.597880,normal_load,17,,2.0,0.04435,0.02728,-1.41712,0.00151,0.00112,-0.00027,0.05921,0.02211,-1.45883,0.00022,0.00097,0.00024,0.03461,0.02308,-1.41747,3,37.9314,362.8156,36.492,179.8844,0.4936,-102.6127,0.0086,24.1799,0.5523
456,000456.png,False,1788893581.853890,1788893581.793890,normal_load,17,,2.0,0.05153,0.03179,-1.57611,0.0014,0.00118,-0.00044,0.0664,0.02662,-1.61786,0.00011,0.00103,7e-05,0.03967,0.02804,-1.57652,3,37.9316,362.8187,36.4568,179.884,0.4946,-102.6127,0.0011,24.1448,0.5874
457,000457.png,False,1788893584.194053,1788893584.134053,normal_unload,17,,0.0,0.0663,0.01546,-1.8887,0.00194,0.00143,-0.00029,0.08135,0.01022,-1.93096,0.00063,0.00128,0.00023,0.0628,0.01626,-1.88881,2,37.9423,362.8147,36.4021,179.8848,0.4937,-102.6143,0.0081,24.0899,0.6423
458,000458.png,False,1788893584.389938,1788893584.329938,normal_unload,17,,0.0,0.06039,-0.00134,-1.83413,0.00238,0.00122,-0.00045,0.07546,-0.00658,-1.87642,0.00107,0.00106,8e-05,0.0657,-0.00036,-1.83394,3,37.9439,362.8043,36.4074,179.8861,0.4912,-102.6143,0.0021,24.0951,0.6372
459,000459.png,False,1788893584.586044,1788893584.526044,normal_unload,17,,0.0,0.06002,-0.00095,-1.82687,0.00231,0.00122,-0.00043,0.0751,-0.0062,-1.86921,0.00099,0.00107,9e-05,0.06513,-0.0001,-1.8267,3,37.9445,362.806,36.4071,179.8857,0.4915,-102.6147,0.0034,24.0948,0.6374
460,000460.png,False,1788893584.782063,1788893584.722064,normal_unload,17,,0.0,0.05891,-0.00021,-1.77153,0.00237,0.00133,-0.00028,0.07401,-0.00546,-1.81391,0.00105,0.00118,0.00024,0.06342,0.00088,-1.77137,3,37.9445,362.8042,36.4164,179.8863,0.4906,-102.6147,0.0084,24.1041,0.6282
461,000461.png,False,1788893584.973967,1788893584.913967,normal_unload,17,,0.0,0.05897,0.00458,-1.65396,0.00225,0.00148,-0.00034,0.07408,-0.00068,-1.69638,0.00094,0.00132,0.00018,0.06026,0.00694,-1.65391,4,37.9446,362.8094,36.4347,179.8863,0.4913,-102.6147,0.0048,24.1224,0.6098
462,000462.png,False,1788893585.169981,1788893585.109981,normal_unload,17,,0.0,0.06029,0.00268,-1.62788,0.00226,0.00146,-0.00035,0.07542,-0.00258,-1.67035,0.00094,0.00131,0.00018,0.06217,0.00637,-1.6278,3,37.9441,362.8091,36.4362,179.8859,0.4911,-102.6147,0.0081,24.1239,0.6083
463,000463.png,False,1788893585.950120,1788893585.890121,normal_unload,17,,0.0,0.06027,0.00879,-1.26697,0.00193,0.00164,-0.00049,0.07546,0.00351,-1.3096,0.00061,0.00149,4e-05,0.05659,0.01743,-1.26704,3,37.9457,362.817,36.4966,179.8857,0.4922,-102.6156,0.0026,24.1845,0.5478
464,000464.png,False,1788893586.538171,1788893586.478171,normal_unload,17,,0.0,0.05304,-0.00543,-0.92831,0.0021,0.00169,-0.00049,0.06827,-0.01073,-0.97108,0.00077,0.00154,4e-05,0.05509,0.00693,-0.92819,3,37.9473,362.8104,36.557,179.8865,0.4907,-102.6153,0.001,24.2448,0.4875
465,000465.png,False,1788893586.926179,1788893586.866179,normal_unload,17,,0.0,0.04665,-0.00697,-0.76391,0.00209,0.00175,-0.00024,0.06191,-0.01228,-0.80676,0.00077,0.0016,0.00029,0.04919,0.00504,-0.76377,3,37.9472,362.811,36.6011,179.8863,0.4913,-102.6156,0.0022,24.2889,0.4434
466,000466.png,False,1788893587.122163,1788893587.062163,normal_unload,17,,0.0,0.04841,-0.00265,-0.62181,0.00214,0.00198,-0.00033,0.06369,-0.00796,-0.6647,0.00081,0.00183,0.0002,0.04757,0.01194,-0.62177,3,37.9473,362.8158,36.6412,179.886,0.4919,-102.6158,0.0073,24.329,0.4032
467,000467.png,False,1788893587.706112,1788893587.646112,normal_unload,17,,0.0,0.03752,-0.00248,-0.40828,0.00194,0.00163,-0.00037,0.05285,-0.00781,-0.45129,0.00061,0.00148,0.00016,0.03657,0.01006,-0.40825,3,37.947,362.8132,36.7047,179.886,0.4914,-102.6162,0.0097,24.3925,0.3398
468,000468.png,False,1788893592.974473,1788893592.914473,normal_load,18,,2.0,0.00424,0.02998,-0.77219,0.00109,0.00038,-0.00047,0.01997,0.02451,-0.81635,-0.00027,0.00022,7e-05,-0.00596,0.01572,-0.7726,3,37.9355,362.8137,36.6553,179.8877,0.4872,-102.6197,0.0014,24.3432,0.3891
469,000469.png,False,1788893593.170418,1788893593.110418,normal_load,18,,2.0,0.01619,0.02496,-0.90727,0.00128,0.0005,-0.00043,0.03194,0.01949,-0.95147,-8e-05,0.00034,0.00012,0.00784,0.01518,-0.9076,3,37.936,362.8149,36.6029,179.8877,0.4877,-102.6199,0.0037,24.2908,0.4415
470,000470.png,False,1788893593.754432,1788893593.694432,normal_load,18,,2.0,0.04042,0.04241,-1.34959,0.0012,0.00106,-0.00022,0.05621,0.03691,-1.39391,-0.00018,0.0009,0.00033,0.02318,0.03531,-1.3502,3,37.9346,362.8244,36.5049,179.8866,0.4903,-102.6199,0.0089,24.193,0.5393
471,000471.png,False,1788893596.486678,1788893596.426678,normal_unload,18,,0.0,0.05445,0.06442,-1.81006,0.00088,0.00117,-0.00046,0.07046,0.05885,-1.85497,-0.00051,0.00101,0.0001,0.02753,0.054,-1.81101,3,37.9339,362.8348,36.4097,179.8869,0.4897,-102.6203,0.0074,24.0979,0.6343
472,000472.png,False,1788893596.682586,1788893596.622586,normal_unload,18,,0.0,0.05308,0.05624,-1.7692,0.001,0.00111,-0.00036,0.0691,0.05067,-1.81416,-0.00039,0.00095,0.0002,0.03015,0.04689,-1.77001,3,37.9337,362.8336,36.4179,179.8872,0.4889,-102.6203,0.0072,24.1062,0.6261
473,000473.png,False,1788893596.874686,1788893596.814686,normal_unload,18,,0.0,0.05361,0.05178,-1.74845,0.00102,0.00095,-0.00026,0.06964,0.04621,-1.79345,-0.00038,0.00079,0.0003,0.03268,0.04363,-1.74919,3,37.9344,362.8295,36.4209,179.8877,0.4877,-102.6208,0.0017,24.109,0.6232
474,000474.png,False,1788893597.070696,1788893597.010696,normal_unload,18,,0.0,0.05303,0.05487,-1.53576,0.00094,0.00114,-0.00048,0.06908,0.04928,-1.5808,-0.00046,0.00098,7e-05,0.02917,0.04942,-1.53658,3,37.9332,362.8322,36.4476,179.8869,0.489,-102.6206,0.0068,24.1358,0.5965
475,000475.png,False,1788893597.266705,1788893597.206705,normal_unload,18,,0.0,0.05193,0.0565,-1.55743,0.0009,0.00116,-0.00034,0.06799,0.05092,-1.60252,-0.0005,0.00099,0.00022,0.02755,0.04994,-1.55828,3,37.9334,362.8331,36.4473,179.887,0.4888,-102.6206,0.0056,24.1355,0.5968
476,000476.png,False,1788893597.658821,1788893597.598821,normal_unload,18,,0.0,0.05338,0.06179,-1.36618,0.0008,0.00129,-0.00053,0.06948,0.05619,-1.41135,-0.0006,0.00112,2e-05,0.02484,0.0583,-1.36715,3,37.9318,362.8386,36.4742,179.8871,0.4893,-102.6208,0.0041,24.1625,0.5697
477,000477.png,False,1788893597.850731,1788893597.790731,normal_unload,18,,0.0,0.04912,0.05474,-1.21189,0.00091,0.00136,-0.00038,0.06522,0.04914,-1.25711,-0.00048,0.00119,0.00018,0.0236,0.05254,-1.21276,3,37.9323,362.8366,36.5029,179.8868,0.4894,-102.621,0.0095,24.1911,0.5411
478,000478.png,False,1788893599.410784,1788893599.350785,normal_unload,18,,0.0,0.03811,0.04197,-0.5239,0.00098,0.00152,-0.00055,0.05434,0.03633,-0.56945,-0.00043,0.00135,1e-05,0.01568,0.047,-0.52462,3,37.9317,362.8448,36.6635,179.8866,0.4903,-102.6217,0.0008,24.3519,0.3804
479,000479.png,False,1788893599.606743,1788893599.546743,normal_unload,18,,0.0,0.03279,0.04576,-0.3572,0.00109,0.00156,-0.00046,0.04904,0.04011,-0.40279,-0.00032,0.00139,0.0001,0.00802,0.05029,-0.35801,3,37.9331,362.843,36.7191,179.8868,0.4899,-102.6219,0.0045,24.4074,0.3248
480,000480.png,False,1788893608.779303,1788893608.719303,normal_unload,19,,0.0,0.03522,0.02587,-1.6505,0.00183,0.00066,-0.00074,0.05217,0.01998,-1.69808,0.00035,0.00049,-0.00015,0.02902,0.01357,-1.65077,3,37.931,362.8102,36.4271,179.8899,0.482,-102.6238,0.0031,24.115,0.6173
481,000481.png,False,1788893608.971330,1788893608.911330,normal_unload,19,,0.0,0.03426,0.03016,-1.50782,0.0018,0.00071,-0.00063,0.05122,0.02426,-1.55544,0.00033,0.00054,-4e-05,0.02506,0.01909,-1.50818,3,37.9309,362.812,36.4473,179.89,0.4823,-102.624,0.0062,24.1352,0.5971
482,000482.png,False,1788893609.559346,1788893609.499346,normal_unload,19,,0.0,0.03954,0.03467,-1.23547,0.00167,0.00094,-0.00057,0.05655,0.02875,-1.28322,0.00019,0.00077,2e-05,0.02549,0.02999,-1.23596,3,37.9301,362.8182,36.4961,179.8898,0.4827,-102.624,0.0048,24.1841,0.5481
483,000483.png,False,1788893610.143433,1788893610.083433,normal_unload,19,,0.0,0.03269,0.02329,-0.98799,0.00167,0.00098,-0.0004,0.04975,0.01736,-1.03586,0.00019,0.00081,0.00019,0.02353,0.02068,-0.98831,3,37.9302,362.8172,36.5471,179.8896,0.4831,-102.6242,0.0039,24.2351,0.4972
484,000484.png,False,1788893610.531323,1788893610.471323,normal_unload,19,,0.0,0.02829,0.02109,-0.77466,0.0017,0.00112,-0.00043,0.04538,0.01515,-0.82262,0.00021,0.00094,0.00016,0.01934,0.01999,-0.77496,3,37.9314,362.8168,36.5939,179.8897,0.4829,-102.6249,0.0094,24.2819,0.4504
485,000485.png,False,1788893611.315442,1788893611.255442,normal_unload,19,,0.0,0.02228,0.02005,-0.42358,0.00163,0.00111,-0.00056,0.03942,0.01409,-0.4717,0.00014,0.00094,3e-05,0.01222,0.02171,-0.4239,3,37.9297,362.8212,36.6927,179.8898,0.4827,-102.6251,0.0064,24.3807,0.3516
486,000486.png,False,1788893615.411698,1788893615.351698,normal_load,20,,2.0,-0.02097,0.00463,0.00502,0.00165,0.00024,-0.00026,-0.0035,-0.00144,-0.04399,0.00013,6e-05,0.00034,-0.02051,-0.00638,0.00498,3,37.9276,362.8099,37.0648,179.8917,0.4787,-102.6277,0.0096,24.7526,-0.0203
487,000487.png,False,1788893615.607655,1788893615.547655,normal_load,20,,2.0,-0.01768,0.00089,-0.01346,0.00175,0.00017,-0.00024,-0.0002,-0.00519,-0.06251,0.00023,-1e-05,0.00036,-0.01566,-0.00828,-0.01343,3,37.9265,362.808,37.0569,179.892,0.4775,-102.6275,0.0047,24.7446,-0.0124
488,000488.png,False,1788893615.799670,1788893615.739670,normal_load,20,,2.0,-0.02138,-0.00427,-0.0457,0.00186,0.00013,-0.0003,-0.00389,-0.01036,-0.0948,0.00034,-5e-05,0.00031,-0.01607,-0.01511,-0.04558,3,37.9327,362.787,36.9814,179.8963,0.4672,-102.6277,0.0097,24.6688,0.0635
489,000489.png,False,1788893615.995728,1788893615.935728,normal_load,20,,2.0,-0.02158,-0.00382,-0.05779,0.00186,0.00016,-0.00025,-0.00407,-0.00991,-0.10693,0.00033,-2e-05,0.00035,-0.01639,-0.01502,-0.05767,3,37.9305,362.7903,36.9779,179.8952,0.4691,-102.6277,0.0045,24.6654,0.0669
490,000490.png,False,1788893616.191695,1788893616.131695,normal_load,20,,2.0,-0.01902,0.00523,-0.12882,0.00163,7e-05,-0.00017,-0.00149,-0.00086,-0.178,0.00011,-0.0001,0.00043,-0.01819,-0.00703,-0.12885,3,37.9294,362.8006,36.9128,179.894,0.4731,-102.6277,0.0009,24.6004,0.1318
491,000491.png,False,1788893616.387625,1788893616.327625,normal_load,20,,2.0,-0.01654,0.00626,-0.17638,0.00164,0.00017,-0.00024,0.00099,0.00016,-0.2256,0.00011,-1e-05,0.00036,-0.01624,-0.00567,-0.17642,3,37.9295,362.7996,36.8854,179.8946,0.4719,-102.6275,0.0058,24.5731,0.1592
492,000492.png,False,1788893616.579803,1788893616.519803,normal_load,20,,2.0,-0.01096,0.01264,-0.37494,0.00169,0.00017,-0.0002,0.00659,0.00653,-0.4242,0.00016,-1e-05,0.0004,-0.01321,-0.00054,-0.37508,3,37.9289,362.8004,36.7966,179.8945,0.4714,-102.6275,0.0035,24.4843,0.2479
493,000493.png,False,1788893616.775773,1788893616.715773,normal_load,20,,2.0,-0.01228,0.01856,-0.40263,0.00149,0.00014,-0.00041,0.00529,0.01244,-0.45194,-3e-05,-3e-05,0.00019,-0.01712,0.00348,-0.40287,3,37.9284,362.8051,36.7739,179.894,0.4726,-102.6275,0.0097,24.4616,0.2706
494,000494.png,False,1788893616.971729,1788893616.911729,normal_load,20,,2.0,-0.00558,0.02357,-0.789,0.00163,0.00021,-4e-05,0.012,0.01745,-0.83835,0.0001,4e-05,0.00057,-0.01114,0.00498,-0.78927,3,37.9272,362.8065,36.6555,179.8943,0.4725,-102.6272,0.0039,24.3433,0.389
495,000495.png,False,1788893617.167793,1788893617.107793,normal_load,20,,2.0,0.00458,0.01977,-0.7843,0.00166,0.00043,-0.00014,0.02217,0.01365,-0.83369,0.00013,0.00025,0.00047,-0.00048,0.00684,-0.78453,3,37.9285,362.8076,36.6554,179.894,0.4733,-102.6275,0.0169,24.3432,0.389
496,000496.png,False,1788893617.363800,1788893617.303800,normal_load,20,,2.0,0.02184,0.04073,-1.0753,0.00141,0.00076,-5e-05,0.03945,0.03461,-1.12474,-0.00012,0.00058,0.00056,0.00602,0.02897,-1.07589,3,37.9262,362.8189,36.5812,179.8921,0.4772,-102.6275,0.0081,24.2692,0.4631
497,000497.png,False,1788893617.555819,1788893617.495819,normal_load,20,,2.0,0.02312,0.03805,-1.05147,0.0013,0.00065,-0.00013,0.04075,0.03192,-1.10094,-0.00023,0.00047,0.00048,0.00831,0.02766,-1.05201,3,37.9269,362.8181,36.5812,179.8922,0.4768,-102.6275,0.0032,24.2692,0.463
498,000498.png,False,1788893617.751727,1788893617.691727,normal_load,20,,2.0,0.0325,0.03536,-1.3092,0.00155,0.00084,-0.00018,0.05015,0.02922,-1.35872,2e-05,0.00066,0.00043,0.01957,0.02589,-1.30967,3,37.9264,362.8173,36.5198,179.8929,0.4759,-102.6275,0.0017,24.2077,0.5245
499,000499.png,False,1788893617.947707,1788893617.887707,normal_load,20,,2.0,0.03284,0.02766,-1.43246,0.00163,0.00067,-0.00028,0.05049,0.02151,-1.48202,0.0001,0.00049,0.00033,0.02456,0.01741,-1.43278,3,37.9279,362.8147,36.4804,179.8922,0.4768,-102.6275,0.0065,24.1684,0.5639
500,000500.png,False,1788893618.143808,1788893618.083808,normal_load,20,,2.0,0.0418,0.04162,-1.57287,0.00155,0.00089,-0.00038,0.05947,0.03547,-1.62247,1e-05,0.00071,0.00023,0.02632,0.03173,-1.57343,3,37.9266,362.8181,36.4594,179.8922,0.4775,-102.6275,0.0078,24.1474,0.5849
501,000501.png,False,1788893629.848425,1788893629.788425,shear_+X_out,1,+X,0.5,0.008,-0.04627,-1.35086,0.00372,0.0002,-0.00075,0.02637,-0.05262,-1.40239,0.00211,2e-05,-0.00011,0.03941,-0.05771,-1.34987,3,37.9501,362.7042,36.4845,179.9048,0.4481,-102.6326,0.0064,24.1705,0.5617
502,000502.png,False,1788893630.044445,1788893629.984445,shear_+X_out,1,+X,0.5,0.36966,0.0869,-1.241,0.00036,0.00901,-0.00056,0.38803,0.08055,-1.29251,-0.00125,0.00883,7e-05,0.28539,0.24009,-1.24306,3,38.0979,362.8677,36.5046,179.8984,0.4631,-102.642,0.0085,24.1922,0.54
503,000503.png,False,1788893630.236462,1788893630.176462,shear_+X_out,1,+X,0.5,0.40821,-0.14392,-1.40307,0.00611,0.01,-0.00039,0.42657,-0.15026,-1.45457,0.0045,0.00981,0.00024,0.43523,0.05685,-1.40118,3,38.1822,362.7782,36.4767,179.9048,0.4483,-102.6385,0.0009,24.1623,0.57
504,000504.png,False,1788893630.432459,1788893630.372459,shear_+X_out,1,+X,0.5,0.38673,-0.16313,-1.27618,0.00663,0.00955,-0.00067,0.40508,-0.16947,-1.32765,0.00502,0.00937,-3e-05,0.42534,0.03151,-1.27393,3,38.1844,362.7652,36.4934,179.9064,0.4445,-102.6374,0.0092,24.1788,0.5535
505,000505.png,False,1788893630.628389,1788893630.568389,shear_+X_out,1,+X,0.5,0.50511,0.02098,-1.09682,0.00201,0.01252,-0.00052,0.52346,0.01464,-1.14827,0.0004,0.01234,0.00011,0.43466,0.25299,-1.09802,3,38.2353,362.9285,36.537,179.9011,0.4574,-102.637,0.004,24.2246,0.5076
506,000506.png,False,1788893630.824498,1788893630.764498,shear_+X_out,1,+X,0.5,0.62322,-0.20285,-1.24042,0.00733,0.01532,-0.00049,0.64156,-0.20918,-1.29186,0.00572,0.01514,0.00015,0.64979,0.11585,-1.23796,3,38.3451,362.8303,36.5023,179.9071,0.4429,-102.638,0.0006,24.1876,0.5447
507,000507.png,False,1788893631.020499,1788893630.960499,shear_+X_out,1,+X,0.5,0.61378,-0.18006,-1.25142,0.00706,0.01531,-0.00036,0.63211,-0.18638,-1.30284,0.00545,0.01513,0.00027,0.6303,0.1307,-1.24933,3,38.3437,362.8335,36.5024,179.907,0.4431,-102.6374,0.0057,24.1877,0.5445
508,000508.png,False,1788893631.212504,1788893631.152504,shear_+X_back,1,+X,0.0,0.61783,-0.1608,-1.24004,0.00632,0.01528,-0.00026,0.63616,-0.16712,-1.29144,0.0047,0.0151,0.00037,0.62411,0.14958,-1.23829,3,38.3423,362.8463,36.5061,179.9063,0.4447,-102.6372,0.0046,24.1917,0.5405
509,000509.png,False,1788893631.408428,1788893631.348428,shear_+X_back,1,+X,0.0,0.6175,-0.13996,-1.22674,0.00594,0.0152,-0.00032,0.63583,-0.14627,-1.27813,0.00432,0.01502,0.00031,0.61332,0.16768,-1.22536,3,38.3415,362.8532,36.5083,179.9064,0.445,-102.6365,0.0013,24.194,0.5383
510,000510.png,False,1788893631.604553,1788893631.544553,shear_+X_back,1,+X,0.0,0.34581,-0.0543,-1.03321,0.00376,0.00881,-0.00058,0.36413,-0.06061,-1.08458,0.00215,0.00863,5e-05,0.33384,0.10921,-1.0328,3,38.1928,362.818,36.5353,179.9056,0.4465,-102.6289,0.0073,24.2215,0.5108
511,000511.png,False,1788893631.800444,1788893631.740444,shear_+X_back,1,+X,0.0,0.15807,-0.07988,-1.15156,0.00445,0.00409,-0.00056,0.17638,-0.08618,-1.20291,0.00283,0.00391,7e-05,0.18481,-0.00865,-1.15032,3,38.0866,362.7213,36.5085,179.9095,0.4376,-102.63,0.0072,24.1939,0.5384
512,000512.png,False,1788893631.992554,1788893631.932554,shear_+X_back,1,+X,0.0,0.13023,-0.03805,-1.23157,0.00339,0.00342,-0.00034,0.14854,-0.04434,-1.28291,0.00178,0.00324,0.00029,0.14036,0.01239,-1.23099,3,38.0621,362.7629,36.5096,179.906,0.4463,-102.6337,0.002,24.1958,0.5365
513,000513.png,False,1788893632.188575,1788893632.128575,shear_+X_back,1,+X,0.0,0.09492,-0.02568,-1.30823,0.00328,0.00244,-0.00047,0.11323,-0.03197,-1.35954,0.00166,0.00226,0.00016,0.10412,0.00423,-1.30777,3,38.0334,362.7304,36.4846,179.9071,0.4428,-102.6369,0.0071,24.1704,0.5618
514,000514.png,False,1788893632.384478,1788893632.324478,shear_+X_back,1,+X,0.0,-0.07684,-0.05408,-1.4176,0.00402,-0.00177,-0.00046,-0.05854,-0.06037,-1.4689,0.0024,-0.00195,0.00017,-0.02971,-0.10794,-1.4163,3,37.9611,362.7091,36.4755,179.9067,0.4447,-102.6367,0.0075,24.1616,0.5707
515,000515.png,False,1788893633.164524,1788893633.104524,shear_-X_out,1,-X,0.5,-0.05539,-0.01517,-1.40796,0.00311,-0.00133,-0.00049,-0.03711,-0.02143,-1.45919,0.00149,-0.00151,0.00014,-0.03064,-0.06336,-1.40737,3,37.951,362.7033,36.4708,179.9067,0.4452,-102.6356,0.009,24.1568,0.5754
516,000516.png,False,1788893633.360616,1788893633.300617,shear_-X_out,1,-X,0.5,-0.49089,-0.14772,-1.53939,0.00646,-0.01194,-0.00055,-0.47262,-0.15398,-1.59059,0.00483,-0.01211,8e-05,-0.34074,-0.39788,-1.53561,3,37.7688,362.5284,36.4496,179.9095,0.4384,-102.6371,0.0055,24.1341,0.5982
517,000517.png,False,1788893633.556638,1788893633.496639,shear_-X_out,1,-X,0.5,-0.41301,0.06114,-1.39475,0.00121,-0.01007,-0.0005,-0.39475,0.05489,-1.44594,-0.00042,-0.01024,0.00013,-0.37863,-0.17576,-1.39477,3,37.7452,362.6246,36.4733,179.9047,0.4498,-102.637,0.0052,24.1595,0.5727
518,000518.png,False,1788893633.748552,1788893633.688552,shear_-X_out,1,-X,0.5,-0.39313,0.08261,-1.34778,0.00087,-0.00947,-0.0006,-0.37487,0.07637,-1.39896,-0.00075,-0.00965,2e-05,-0.37247,-0.14648,-1.34822,3,37.7434,362.64,36.4806,179.9041,0.4512,-102.6372,0.0055,24.167,0.5652
519,000519.png,False,1788893634.528599,1788893634.468599,shear_-X_back,1,-X,0.0,-0.63409,0.1017,-1.35908,0.00028,-0.01551,-0.00065,-0.61585,0.09548,-1.41018,-0.00135,-0.01568,-2e-05,-0.59065,-0.25052,-1.35937,3,37.5819,362.5674,36.4809,179.9042,0.4511,-102.6357,0.004,24.1673,0.565
520,000520.png,False,1788893634.724603,1788893634.664603,shear_-X_back,1,-X,0.0,-0.62852,0.08814,-1.34141,0.0004,-0.01547,-0.00069,-0.61028,0.08192,-1.3925,-0.00123,-0.01564,-6e-05,-0.57917,-0.2592,-1.34148,3,37.585,362.5635,36.48,179.9038,0.4519,-102.6361,0.0083,24.1663,0.566
521,000521.png,False,1788893634.920691,1788893634.860691,shear_-X_back,1,-X,0.0,-0.25329,0.0154,-1.28197,0.00223,-0.00633,-0.00048,-0.23506,0.00919,-1.33303,0.0006,-0.0065,0.00014,-0.21821,-0.13376,-1.28153,3,37.7866,362.6662,36.4954,179.8975,0.4662,-102.6514,0.0054,24.182,0.5503
522,000522.png,False,1788893635.116735,1788893635.056735,shear_-X_back,1,-X,0.0,-0.09217,0.01972,-1.13998,0.00205,-0.0021,-0.00067,-0.07395,0.01352,-1.19103,0.00042,-0.00227,-4e-05,-0.08179,-0.04723,-1.13997,3,37.8723,362.6672,36.5055,179.8976,0.4667,-102.6527,0.0088,24.1914,0.5408
523,000523.png,False,1788893635.312711,1788893635.252712,shear_-X_back,1,-X,0.0,-0.07308,-0.02477,-1.18451,0.00313,-0.00169,-0.00053,-0.05486,-0.03097,-1.23554,0.0015,-0.00186,0.0001,-0.04271,-0.07694,-1.18375,3,37.8911,362.6726,36.5021,179.8981,0.4657,-102.649,0.0053,24.188,0.5443
524,000524.png,False,1788893635.700738,1788893635.640738,shear_-X_back,1,-X,0.0,0.01654,-0.00976,-1.44833,0.00302,0.00039,-0.00056,0.03475,-0.01595,-1.49932,0.00139,0.00022,6e-05,0.02924,-0.02339,-1.44797,3,37.941,362.6939,36.4597,179.9006,0.4601,-102.6459,0.0071,24.1457,0.5866
525,000525.png,False,1788893636.480805,1788893636.420805,shear_-Y_out,1,-Y,0.5,-0.0074,-0.06104,-1.23668,0.00406,-0.00014,-0.00051,0.01079,-0.06721,-1.2876,0.00242,-0.00031,0.00011,0.03266,-0.07638,-1.23542,3,37.946,362.6867,36.4907,179.9,0.4615,-102.6372,0.0035,24.1765,0.5558
526,000526.png,False,1788893636.872827,1788893636.812827,shear_-Y_out,1,-Y,0.5,0.06482,-0.3664,-1.00591,0.0113,0.00197,-0.00045,0.083,-0.37255,-1.0568,0.00966,0.0018,0.00017,0.24618,-0.30105,-0.99953,3,38.0879,362.5327,36.5315,179.8979,0.4669,-102.6431,0.0099,24.2138,0.5184
527,000527.png,False,1788893638.040877,1788893637.980877,shear_-Y_out,1,-Y,0.5,0.02956,-0.36424,-1.1082,0.01148,0.00103,-0.00048,0.0477,-0.37037,-1.15899,0.00984,0.00087,0.00014,0.21527,-0.31844,-1.10178,3,38.078,362.5166,36.5152,179.8979,0.4669,-102.6407,0.0002,24.1973,0.5349
528,000528.png,False,1788893638.236790,1788893638.176790,shear_-Y_out,1,-Y,0.5,0.0297,-0.35247,-1.08419,0.01117,0.00119,-0.0005,0.04784,-0.35859,-1.13495,0.00953,0.00103,0.00012,0.20935,-0.30779,-1.07797,3,38.0785,362.5213,36.5195,179.8978,0.4671,-102.6407,0.008,24.2017,0.5306
529,000529.png,False,1788893638.432866,1788893638.372866,shear_-Y_out,1,-Y,0.5,-0.04712,-0.57925,-1.17683,0.01671,-0.00083,-0.00038,-0.02899,-0.58536,-1.22758,0.01507,-0.00099,0.00025,0.25675,-0.54406,-1.16652,3,38.1129,362.3485,36.4942,179.9053,0.45,-102.6372,0.0003,24.1734,0.5589
530,000530.png,False,1788893638.628806,1788893638.568806,shear_-Y_out,1,-Y,0.5,-0.027,-0.5596,-1.14063,0.01615,-0.00025,-0.00016,-0.00887,-0.56571,-1.19136,0.0145,-0.00041,0.00046,0.26411,-0.51642,-1.1307,3,38.1166,362.3838,36.5096,179.8996,0.4631,-102.6324,0.005,24.1893,0.5429
531,000531.png,False,1788893638.820943,1788893638.760943,shear_-Y_out,1,-Y,0.5,-0.02552,-0.57857,-1.17028,0.01667,-0.00024,-0.00018,-0.0074,-0.58467,-1.221,0.01502,-0.00041,0.00044,0.27507,-0.53257,-1.16002,3,38.1237,362.3733,36.5074,179.8995,0.4633,-102.6331,0.006,24.1869,0.5453
532,000532.png,False,1788893639.016912,1788893638.956913,shear_-Y_out,1,-Y,0.5,0.03395,-0.64768,-1.15446,0.0183,0.00115,-9e-05,0.05207,-0.65378,-1.20516,0.01665,0.00098,0.00053,0.36101,-0.56246,-1.14312,3,38.1698,362.3528,36.5079,179.8989,0.4648,-102.6398,0.0006,24.1868,0.5455
533,000533.png,False,1788893639.212925,1788893639.152925,shear_-Y_back,1,-Y,0.0,0.04234,-0.66233,-1.06856,0.01878,0.00149,-0.00039,0.06045,-0.66842,-1.11924,0.01713,0.00133,0.00023,0.375,-0.56958,-1.057,3,38.1856,362.3451,36.5227,179.898,0.4668,-102.6422,0.0074,24.2013,0.5309
534,000534.png,False,1788893639.408972,1788893639.348972,shear_-Y_back,1,-Y,0.0,0.07834,-0.46605,-0.99276,0.01372,0.00215,-0.00052,0.09644,-0.47214,-1.04342,0.01207,0.00198,0.0001,0.30759,-0.3804,-0.98469,3,38.1513,362.4548,36.5346,179.8945,0.475,-102.6481,0.0024,24.2152,0.517
535,000535.png,False,1788893639.604928,1788893639.544929,shear_-Y_back,1,-Y,0.0,0.1307,-0.22792,-0.85829,0.00801,0.00348,-0.00054,0.1488,-0.234,-0.90893,0.00636,0.00332,9e-05,0.23303,-0.14584,-0.85447,3,38.1077,362.6032,36.5698,179.8885,0.4894,-102.6593,0.0029,24.2531,0.4791
536,000536.png,False,1788893639.797020,1788893639.737020,shear_-Y_back,1,-Y,0.0,0.1089,-0.19912,-0.88253,0.00728,0.00304,-0.0004,0.12699,-0.2052,-0.93315,0.00563,0.00288,0.00023,0.19993,-0.13218,-0.87916,3,38.0922,362.6149,36.5697,179.8877,0.4917,-102.6639,0.0068,24.2533,0.4789
537,000537.png,False,1788893639.993002,1788893639.933002,shear_-Y_back,1,-Y,0.0,0.05569,-0.14081,-0.89577,0.00601,0.00169,-0.00037,0.07378,-0.14688,-0.94637,0.00436,0.00153,0.00025,0.1248,-0.10848,-0.8933,3,38.0394,362.6362,36.5687,179.8875,0.4921,-102.663,0.0015,24.253,0.4793
538,000538.png,False,1788893640.189005,1788893640.129005,shear_-Y_back,1,-Y,0.0,-0.05264,0.01712,-1.28096,0.00234,-0.00136,-0.00061,-0.03456,0.01105,-1.33154,0.00069,-0.00153,1e-05,-0.04527,-0.032,-1.28095,3,37.9371,362.6598,36.4891,179.8906,0.4845,-102.653,0.004,24.1745,0.5578
539,000539.png,False,1788893640.577042,1788893640.517042,shear_-Y_back,1,-Y,0.0,-0.01834,0.04008,-1.30836,0.0018,-0.00044,-0.0008,-0.00027,0.03403,-1.35891,0.00015,-0.0006,-0.00018,-0.02684,0.00459,-1.30882,3,37.9372,362.7018,36.4814,179.8961,0.4717,-102.6525,0.0035,24.1674,0.5648
540,000540.png,False,1788893640.969023,1788893640.909023,shear_+Y_out,1,+Y,0.5,0.03957,-0.10361,-1.31825,0.00518,0.00105,-0.00029,0.05763,-0.10965,-1.36877,0.00353,0.00089,0.00033,0.09518,-0.09108,-1.31633,3,37.9936,362.677,36.4868,179.8965,0.4714,-102.6581,0.0024,24.1721,0.5602
541,000541.png,False,1788893641.165033,1788893641.105033,shear_+Y_out,1,+Y,0.5,0.12193,0.40312,-1.16113,-0.00703,0.00306,-0.0004,0.13998,0.39709,-1.21163,-0.00868,0.0029,0.00022,-0.08774,0.39145,-1.16819,3,37.8976,362.9346,36.5176,179.8918,0.4826,-102.6614,0.0074,24.2077,0.5245
542,000542.png,False,1788893641.749063,1788893641.689063,shear_+Y_out,1,+Y,0.5,0.05333,0.25048,-1.15599,-0.00344,0.00128,-0.00058,0.07137,0.24446,-1.20643,-0.00509,0.00113,4e-05,-0.07094,0.22506,-1.16026,3,37.9013,362.8647,36.5134,179.8968,0.4708,-102.6614,0.0097,24.2023,0.5299
543,000543.png,False,1788893641.944983,1788893641.884983,shear_+Y_out,1,+Y,0.5,0.05136,0.70416,-1.19747,-0.01443,0.00116,-0.00048,0.0694,0.69814,-1.2479,-0.01609,0.001,0.00014,-0.29902,0.61633,-1.2096,3,37.7562,363.1021,36.5195,179.8952,0.4749,-102.6586,0.004,24.2132,0.519
544,000544.png,False,1788893642.140993,1788893642.080993,shear_+Y_out,1,+Y,0.5,0.00115,0.5372,-1.26057,-0.01028,-4e-05,-0.00053,0.01918,0.53119,-1.31098,-0.01194,-0.0002,9e-05,-0.25866,0.44563,-1.26969,3,37.7734,363.0239,36.5065,179.8985,0.4666,-102.6581,0.002,24.1988,0.5334
545,000545.png,False,1788893642.333127,1788893642.273127,shear_+Y_out,1,+Y,0.5,0.01547,0.56498,-1.22456,-0.01096,0.00042,-0.00061,0.0335,0.55898,-1.27495,-0.01262,0.00026,1e-05,-0.26039,0.47743,-1.2342,3,37.7705,363.0433,36.5105,179.8977,0.4684,-102.6581,0.0082,24.2032,0.529
546,000546.png,False,1788893642.529135,1788893642.469135,shear_+Y_back,1,+Y,0.0,0.03341,0.59166,-1.21319,-0.01152,0.00074,-0.00056,0.05143,0.58567,-1.26357,-0.01318,0.00058,5e-05,-0.25826,0.50968,-1.22334,3,37.7715,363.0599,36.5147,179.8971,0.4705,-102.6588,0.0005,24.2077,0.5246
547,000547.png,False,1788893642.725149,1788893642.665149,shear_+Y_back,1,+Y,0.0,0.04594,0.59416,-1.18689,-0.01175,0.00111,-0.00071,0.06396,0.58816,-1.23725,-0.01341,0.00095,-9e-05,-0.24883,0.51852,-1.1971,3,37.7725,363.0688,36.517,179.8968,0.4711,-102.6594,0.0047,24.21,0.5222
548,000548.png,False,1788893642.921037,1788893642.861037,shear_+Y_back,1,+Y,0.0,0.15441,0.22874,-0.95426,-0.00297,0.00385,-0.00061,0.17242,0.22276,-1.0046,-0.00463,0.00369,1e-05,0.02608,0.25997,-0.95839,3,37.9461,362.8991,36.55,179.8938,0.4773,-102.6734,0.0095,24.2392,0.493
549,000549.png,False,1788893643.113147,1788893643.053147,shear_+Y_back,1,+Y,0.0,0.12607,0.07088,-1.03949,0.00081,0.00328,-0.00055,0.14407,0.0649,-1.08981,-0.00085,0.00312,7e-05,0.081,0.10773,-1.04081,3,37.972,362.836,36.526,179.8935,0.4779,-102.6801,0.0,24.2139,0.5183
550,000550.png,False,1788893643.309215,1788893643.249215,shear_+Y_back,1,+Y,0.0,0.10722,0.05529,-1.11494,0.00134,0.00278,-0.00032,0.12521,0.04931,-1.16524,-0.00032,0.00262,0.0003,0.07298,0.0836,-1.11594,3,37.9766,362.8134,36.5244,179.8922,0.4816,-102.6797,0.0059,24.212,0.5203
551,000551.png,False,1788893644.089127,1788893644.029127,shear_+Y_back,1,+Y,0.0,0.01552,-0.06474,-1.32659,0.00434,0.0004,-0.00051,0.0335,-0.07069,-1.37682,0.00267,0.00025,0.00011,0.05499,-0.06956,-1.32529,3,37.9691,362.6998,36.4778,179.8916,0.4837,-102.6695,0.0036,24.1637,0.5686
552,000552.png,False,1788893644.481216,1788893644.421216,shear_+Y_back,1,+Y,0.0,0.00407,-0.10172,-1.35668,0.00522,6e-05,-0.00044,0.02203,-0.10767,-1.40687,0.00355,-9e-05,0.00017,0.06375,-0.1078,-1.35472,3,37.9741,362.6804,36.4751,179.8922,0.4823,-102.6645,0.005,24.1606,0.5717
553,000553.png,False,1788893644.677216,1788893644.617216,shear_+Y_back,1,+Y,0.0,-0.01501,-0.03928,-1.17109,0.00374,-0.00015,-0.00052,0.00295,-0.04521,-1.22127,0.00207,-0.00031,9e-05,0.01474,-0.06027,-1.1702,3,37.9486,362.7073,36.5051,179.8909,0.4853,-102.6638,0.006,24.1911,0.5411
554,000554.png,False,1788893644.869250,1788893644.809250,shear_+X_out,2,+X,0.5,-0.01794,-0.05373,-1.19261,0.00398,-0.00039,-0.00029,1e-05,-0.05966,-1.24277,0.00231,-0.00054,0.00032,0.01957,-0.07461,-1.19146,3,37.9509,362.6993,36.5053,179.8917,0.484,-102.6638,0.0023,24.1913,0.541
555,000555.png,False,1788893645.065155,1788893645.005155,shear_+X_out,2,+X,0.5,-0.03372,-0.14084,-1.29807,0.00608,-0.00084,-0.00045,-0.01577,-0.14676,-1.34821,0.0044,-0.00099,0.00016,0.05015,-0.15962,-1.29536,3,37.9644,362.6542,36.4845,179.8954,0.4754,-102.6645,0.0046,24.1696,0.5626
556,000556.png,False,1788893645.261240,1788893645.201240,shear_+X_out,2,+X,0.5,0.45083,-0.02013,-1.21465,0.00308,0.011,-0.0002,0.46877,-0.02605,-1.26477,0.00141,0.01085,0.00042,0.40899,0.18838,-1.21501,3,38.1812,362.8369,36.4984,179.8912,0.4847,-102.673,0.01,24.1849,0.5473
557,000557.png,False,1788893645.457295,1788893645.397295,shear_+X_out,2,+X,0.5,0.38824,-0.23293,-1.37964,0.00842,0.00957,-0.00011,0.40618,-0.23884,-1.42975,0.00674,0.00942,0.00051,0.46224,-0.02984,-1.37617,3,38.2104,362.7293,36.4745,179.8969,0.4713,-102.6712,0.0022,24.1591,0.5731
558,000558.png,False,1788893645.649184,1788893645.589185,shear_+X_out,2,+X,0.5,0.37578,-0.23212,-1.31602,0.00828,0.00925,-0.00021,0.39372,-0.23804,-1.36611,0.0066,0.0091,0.0004,0.45061,-0.03435,-1.31255,3,38.2091,362.7253,36.4833,179.8975,0.4706,-102.6703,0.0076,24.1678,0.5644
559,000559.png,False,1788893645.845274,1788893645.785275,shear_+X_out,2,+X,0.5,0.43894,-0.09038,-1.12508,0.00475,0.01079,-0.00028,0.45686,-0.09629,-1.17515,0.00308,0.01064,0.00033,0.43317,0.12302,-1.12422,3,38.2174,362.8623,36.5293,179.892,0.4831,-102.6671,0.0059,24.2159,0.5163
560,000560.png,False,1788893646.041204,1788893645.981205,shear_+X_out,2,+X,0.5,0.63056,-0.25867,-1.18548,0.00891,0.01549,-0.00036,0.64848,-0.26457,-1.23553,0.00723,0.01534,0.00025,0.68365,0.07205,-1.18208,3,38.3737,362.7953,36.5069,179.898,0.4693,-102.6688,0.0083,24.1915,0.5408
561,000561.png,False,1788893646.433347,1788893646.373348,shear_+X_back,2,+X,0.0,0.62104,-0.21716,-1.19001,0.00788,0.01524,-0.00032,0.63895,-0.22304,-1.24002,0.0062,0.01509,0.00029,0.6547,0.10318,-1.1873,3,38.3709,362.8161,36.5078,179.8977,0.4708,-102.6681,0.0043,24.1927,0.5395
562,000562.png,False,1788893646.625319,1788893646.565320,shear_+X_back,2,+X,0.0,0.62679,-0.18692,-1.16424,0.00711,0.0154,-0.00035,0.6447,-0.1928,-1.21424,0.00543,0.01526,0.00026,0.6444,0.13265,-1.16208,3,38.3675,362.8299,36.5109,179.8967,0.4719,-102.6679,0.0064,24.196,0.5362
563,000563.png,False,1788893646.821358,1788893646.761358,shear_+X_back,2,+X,0.0,0.38113,-0.12982,-1.12516,0.00574,0.00948,-0.00041,0.39903,-0.1357,-1.17514,0.00406,0.00934,0.0002,0.4028,0.05998,-1.12349,3,38.2389,362.7822,36.5152,179.8974,0.4715,-102.6649,0.0063,24.2004,0.5318
564,000564.png,False,1788893647.017253,1788893646.957253,shear_+X_back,2,+X,0.0,0.18951,-0.15816,-1.2377,0.00664,0.00486,-0.00046,0.20741,-0.16403,-1.28766,0.00496,0.00472,0.00015,0.25176,-0.06211,-1.23514,4,38.1269,362.6737,36.4824,179.9023,0.4594,-102.6698,0.0072,24.1667,0.5656
565,000565.png,False,1788893647.213266,1788893647.153266,shear_+X_back,2,+X,0.0,0.10514,-0.10769,-1.30534,0.00537,0.00278,-0.00054,0.12303,-0.11356,-1.35528,0.00369,0.00263,7e-05,0.15393,-0.06164,-1.30348,3,38.089,362.7084,36.4807,179.8996,0.4663,-102.6707,0.0006,24.1658,0.5665
566,000566.png,False,1788893647.405399,1788893647.345399,shear_+X_back,2,+X,0.0,0.06921,-0.0892,-1.35628,0.00499,0.00176,-0.00065,0.08709,-0.09507,-1.40621,0.00331,0.00161,-4e-05,0.11392,-0.0644,-1.35467,3,38.057,362.6976,36.4688,179.8992,0.4671,-102.6727,0.009,24.154,0.5783
567,000567.png,False,1788893648.185440,1788893648.125440,shear_+X_back,2,+X,0.0,-0.0885,-0.07005,-1.28536,0.00443,-0.002,-0.00068,-0.07064,-0.07589,-1.33522,0.00274,-0.00215,-7e-05,-0.03275,-0.12548,-1.28377,3,37.9641,362.6502,36.4788,179.8966,0.474,-102.671,0.0044,24.1639,0.5684
568,000568.png,False,1788893648.381451,1788893648.321451,shear_-X_out,2,-X,0.5,-0.05317,0.0172,-1.48063,0.00239,-0.00149,-0.0007,-0.03531,0.01136,-1.53047,0.0007,-0.00163,-9e-05,-0.04438,-0.03539,-1.48059,3,37.956,362.6976,36.4493,179.8963,0.4741,-102.6721,0.0078,24.1351,0.5971
569,000569.png,False,1788893648.577433,1788893648.517433,shear_-X_out,2,-X,0.5,-0.47964,-0.20632,-1.6726,0.00792,-0.01207,-0.00081,-0.46178,-0.21215,-1.72242,0.00623,-0.01222,-0.0002,-0.30079,-0.44514,-1.66781,3,37.8191,362.5021,36.416,179.9019,0.4614,-102.6729,0.0024,24.0997,0.6326
570,000570.png,False,1788893649.161459,1788893649.101460,shear_-X_back,2,-X,0.0,-0.44345,-0.00402,-1.55001,0.00297,-0.01105,-0.00084,-0.42561,-0.00984,-1.59978,0.00128,-0.01119,-0.00023,-0.37136,-0.24989,-1.54882,3,37.7546,362.5861,36.4357,179.8969,0.4742,-102.6738,0.0024,24.1212,0.6111
571,000571.png,False,1788893649.357472,1788893649.297472,shear_-X_back,2,-X,0.0,-0.44591,-0.02117,-1.5355,0.00341,-0.01113,-0.00061,-0.42808,-0.02697,-1.58525,0.00172,-0.01128,-0.0,-0.36503,-0.26573,-1.53401,2,37.7577,362.5758,36.4412,179.8967,0.4746,-102.6745,0.0027,24.1265,0.6057
572,000572.png,False,1788893649.553515,1788893649.493515,shear_-X_back,2,-X,0.0,-0.27348,-0.03223,-1.44602,0.00357,-0.00691,-0.0006,-0.25566,-0.03803,-1.49575,0.00188,-0.00705,0.0,-0.21077,-0.18773,-1.44469,3,37.8362,362.6378,36.4586,179.8944,0.4796,-102.6801,0.005,24.1444,0.5879
573,000573.png,False,1788893649.749475,1788893649.689475,shear_-X_back,2,-X,0.0,-0.11962,0.04254,-1.1726,0.00167,-0.00274,-0.00051,-0.10181,0.03674,-1.22232,-2e-05,-0.00289,0.0001,-0.11674,-0.04172,-1.17292,3,37.8868,362.669,36.4947,179.8899,0.4899,-102.6786,0.0031,24.1806,0.5516
574,000574.png,False,1788893649.941418,1788893649.881418,shear_-X_back,2,-X,0.0,-0.0949,-0.00182,-1.08824,0.0026,-0.00229,-0.00086,-0.07709,-0.00761,-1.13794,0.00091,-0.00243,-0.00025,-0.07375,-0.06642,-1.08785,3,37.9037,362.6835,36.5076,179.8885,0.4933,-102.6758,0.0078,24.1936,0.5387
575,000575.png,False,1788893650.137572,1788893650.077572,shear_-X_back,2,-X,0.0,-0.06394,-0.04445,-1.20859,0.00366,-0.00151,-0.00067,-0.04613,-0.05024,-1.25827,0.00197,-0.00165,-6e-05,-0.0248,-0.08981,-1.20751,4,37.942,362.6662,36.4699,179.8906,0.4892,-102.6741,0.0009,24.1554,0.5769
576,000576.png,False,1788893650.333430,1788893650.273430,shear_-X_back,2,-X,0.0,-0.00078,-0.03271,-1.73405,0.00378,-0.00033,-0.00062,0.01702,-0.03849,-1.78371,0.00209,-0.00047,-1e-05,0.02769,-0.0565,-1.73321,3,37.9598,362.687,36.4179,179.8921,0.4851,-102.6751,0.0055,24.1036,0.6287
577,000577.png,False,1788893650.917464,1788893650.857465,shear_-Y_out,2,-Y,0.5,-0.01038,-0.02722,-1.53934,0.00339,-0.00042,-0.00054,0.00741,-0.03298,-1.58895,0.00169,-0.00056,6e-05,0.01528,-0.05342,-1.53862,3,37.9569,362.6983,36.4374,179.8926,0.4844,-102.6756,0.0096,24.1233,0.609
578,000578.png,False,1788893651.113471,1788893651.053471,shear_-Y_out,2,-Y,0.5,-0.04643,-0.07315,-1.42956,0.0045,-0.00115,-0.00058,-0.02865,-0.07891,-1.47915,0.0028,-0.00129,3e-05,0.00624,-0.10945,-1.42798,3,37.9528,362.6747,36.4526,179.8928,0.484,-102.6743,0.0041,24.1381,0.5942
579,000579.png,False,1788893651.309806,1788893651.249806,shear_-Y_out,2,-Y,0.5,-0.06214,-0.49984,-1.14487,0.0146,-0.00136,-0.00065,-0.04436,-0.50559,-1.19444,0.0129,-0.00149,-5e-05,0.20384,-0.48228,-1.1359,3,38.0779,362.4427,36.4899,179.8941,0.4805,-102.674,0.0031,24.1708,0.5614
580,000580.png,False,1788893651.505491,1788893651.445492,shear_-Y_out,2,-Y,0.5,-0.00353,-0.38795,-1.19254,0.01189,-1e-05,-0.00045,0.01424,-0.3937,-1.2421,0.01019,-0.00015,0.00016,0.19904,-0.35686,-1.18563,3,38.0697,362.51,36.4905,179.8907,0.4881,-102.6758,0.0085,24.1725,0.5597
581,000581.png,False,1788893651.697510,1788893651.637510,shear_-Y_out,2,-Y,0.5,-0.00836,-0.73671,-1.30814,0.02055,0.00011,-0.00029,0.0094,-0.74245,-1.35768,0.01885,-3e-05,0.00032,0.3699,-0.66318,-1.29515,3,38.1626,362.3663,36.4766,179.8902,0.4895,-102.6758,0.001,24.1557,0.5765
582,000582.png,False,1788893651.893517,1788893651.833517,shear_-Y_out,2,-Y,0.5,0.02047,-0.61587,-1.27179,0.01781,0.00089,-0.00016,0.03823,-0.62161,-1.32131,0.01611,0.00075,0.00044,0.33425,-0.54353,-1.26095,3,38.1615,362.382,36.4825,179.8896,0.4914,-102.6771,0.0058,24.1619,0.5704
583,000583.png,False,1788893652.089521,1788893652.029521,shear_-Y_out,2,-Y,0.5,0.01278,-0.64257,-1.24341,0.01831,0.00048,-0.00057,0.03054,-0.6483,-1.29291,0.01661,0.00035,3e-05,0.34074,-0.57004,-1.2321,3,38.1635,362.3677,36.4793,179.8902,0.49,-102.6765,0.0091,24.1584,0.5738
584,000584.png,False,1788893652.285534,1788893652.225534,shear_-Y_back,2,-Y,0.0,-0.00235,-0.67424,-1.2835,0.01907,0.0002,-0.00048,0.0154,-0.67996,-1.33298,0.01737,6e-05,0.00013,0.34373,-0.60567,-1.27161,3,38.1681,362.3471,36.4759,179.8915,0.4875,-102.6765,0.0031,24.1547,0.5775
585,000585.png,False,1788893652.477552,1788893652.417552,shear_-Y_back,2,-Y,0.0,-0.01234,-0.68845,-1.29759,0.01952,3e-05,-0.00036,0.0054,-0.69417,-1.34706,0.01782,-0.0001,0.00024,0.34227,-0.62319,-1.28543,2,38.1701,362.3364,36.4745,179.8916,0.4863,-102.6762,0.0099,24.1531,0.5791
586,000586.png,False,1788893652.673563,1788893652.613564,shear_-Y_back,2,-Y,0.0,-0.08779,-0.4533,-1.38579,0.014,-0.00199,-0.00059,-0.07005,-0.45901,-1.43523,0.0123,-0.00212,2e-05,0.16004,-0.45865,-1.37754,2,38.0667,362.4453,36.4573,179.8925,0.4846,-102.6699,0.0052,24.1384,0.5939
587,000587.png,False,1788893652.869681,1788893652.809681,shear_-Y_back,2,-Y,0.0,-0.0565,-0.19347,-1.37479,0.00743,-0.00132,-0.00043,-0.03877,-0.19918,-1.42422,0.00573,-0.00145,0.00017,0.05725,-0.21781,-1.37112,3,38.0139,362.5358,36.4595,179.892,0.4856,-102.6662,0.0077,24.1424,0.5899
588,000588.png,False,1788893653.261688,1788893653.201688,shear_-Y_back,2,-Y,0.0,-0.01586,-0.102,-1.42828,0.00522,-0.00049,-0.00051,0.00186,-0.1077,-1.47767,0.00352,-0.00062,9e-05,0.04713,-0.11915,-1.42626,3,37.9901,362.6515,36.4591,179.8903,0.49,-102.6741,0.008,24.144,0.5883
589,000589.png,False,1788893653.453711,1788893653.393711,shear_-Y_back,2,-Y,0.0,-0.01902,-0.04953,-1.45126,0.00422,-0.00052,-0.00055,-0.00131,-0.05522,-1.50064,0.00252,-0.00066,6e-05,0.01833,-0.07565,-1.45014,2,37.9847,362.637,36.4506,179.8939,0.4809,-102.6767,0.0031,24.1353,0.5969
590,000590.png,False,1788893654.233774,1788893654.173774,shear_+Y_out,2,+Y,0.5,-0.00508,0.02664,-1.36437,0.00209,-0.00015,-0.00051,0.01262,0.02097,-1.41367,0.00038,-0.00028,9e-05,-0.00825,-0.00132,-1.36461,2,37.965,362.6894,36.4646,179.8926,0.4842,-102.6845,0.0052,24.1503,0.582
591,000591.png,False,1788893654.429749,1788893654.369750,shear_+Y_out,2,+Y,0.5,-0.00058,0.46416,-1.35825,-0.00852,-0.0003,-0.00079,0.01711,0.45849,-1.40753,-0.01023,-0.00043,-0.00019,-0.22299,0.37994,-1.36609,3,37.8381,362.9104,36.4716,179.8898,0.4906,-102.6821,0.0089,24.1617,0.5705
592,000592.png,False,1788893654.625792,1788893654.565792,shear_+Y_out,2,+Y,0.5,-0.05115,0.35153,-1.453,-0.00562,-0.00146,-0.0008,-0.03347,0.34587,-1.50227,-0.00733,-0.00159,-0.00019,-0.20987,0.25562,-1.45877,3,37.8395,362.8589,36.4574,179.8939,0.481,-102.6825,0.0021,24.1466,0.5856
593,000593.png,False,1788893654.821671,1788893654.761672,shear_+Y_out,2,+Y,0.5,-0.05189,0.33635,-1.35437,-0.00533,-0.00135,-0.00086,-0.03421,0.33069,-1.40362,-0.00704,-0.00149,-0.00026,-0.2036,0.24368,-1.35989,3,37.8415,362.8543,36.4703,179.8944,0.4802,-102.6825,0.0084,24.1595,0.5728
594,000594.png,False,1788893655.013805,1788893654.953805,shear_+Y_out,2,+Y,0.5,0.04696,0.60877,-1.1939,-0.01186,0.00119,-0.00078,0.06464,0.60312,-1.24314,-0.01358,0.00106,-0.00018,-0.2552,0.53157,-1.20437,3,37.7869,363.0554,36.5097,179.8898,0.4906,-102.6852,0.002,24.2025,0.5298
595,000595.png,False,1788893655.209811,1788893655.149811,shear_+Y_out,2,+Y,0.5,-0.05223,0.53235,-1.34728,-0.01029,-0.0015,-0.00093,-0.03456,0.52671,-1.3965,-0.01201,-0.00164,-0.00033,-0.30187,0.41337,-1.3562,3,37.7567,362.9912,36.4752,179.8957,0.477,-102.6836,0.0053,24.1671,0.5651
596,000596.png,False,1788893655.601869,1788893655.541869,shear_+Y_back,2,+Y,0.0,-0.03039,0.57819,-1.34135,-0.0113,-0.00089,-0.00069,-0.01273,0.57255,-1.39053,-0.01302,-0.00102,-9e-05,-0.3059,0.46408,-1.35111,3,37.7517,363.0163,36.4812,179.8945,0.4793,-102.6838,0.0037,24.1736,0.5586
597,000597.png,False,1788893655.797825,1788893655.737825,shear_+Y_back,2,+Y,0.0,-0.02099,0.60313,-1.30662,-0.01192,-0.00066,-0.00078,-0.00334,0.5975,-1.35579,-0.01364,-0.00079,-0.00018,-0.31046,0.49093,-1.31684,3,37.7494,363.0312,36.4858,179.8942,0.4804,-102.6838,0.0016,24.1785,0.5538
598,000598.png,False,1788893655.989851,1788893655.929851,shear_+Y_back,2,+Y,0.0,0.00483,0.39028,-1.08572,-0.00677,0.00027,-0.00072,0.02248,0.38466,-1.13487,-0.00849,0.00014,-0.00012,-0.18328,0.32304,-1.09233,3,37.833,362.8988,36.5215,179.8934,0.4824,-102.6875,0.0069,24.2114,0.5208
599,000599.png,False,1788893656.185865,1788893656.125865,shear_+Y_back,2,+Y,0.0,-0.01875,0.13494,-1.1267,-0.00063,-0.00035,-0.00053,-0.00111,0.12932,-1.17583,-0.00235,-0.00048,7e-05,-0.07585,0.08945,-1.12883,3,37.8734,362.843,36.5136,179.8924,0.4846,-102.6867,0.0074,24.2024,0.5298
600,000600.png,False,1788893656.381755,1788893656.321755,shear_+Y_back,2,+Y,0.0,-0.00843,0.15486,-1.17623,-0.00107,-0.00016,-0.00072,0.00921,0.14925,-1.22534,-0.00279,-0.00029,-0.00012,-0.07652,0.11107,-1.17872,3,37.8811,362.8194,36.5024,179.8922,0.4855,-102.6856,0.0,24.1907,0.5415
601,000601.png,False,1788893656.577909,1788893656.517910,shear_+Y_back,2,+Y,0.0,-0.04562,0.04666,-1.33454,0.00149,-0.00114,-0.00047,-0.02799,0.04106,-1.38364,-0.00023,-0.00127,0.00012,-0.05358,-0.00376,-1.33506,3,37.896,362.7514,36.4753,179.8935,0.482,-102.6823,0.0063,24.1625,0.5698
602,000602.png,False,1788893656.965908,1788893656.905908,shear_+Y_back,2,+Y,0.0,0.04577,-0.08437,-1.37013,0.00459,0.00094,-0.00042,0.06339,-0.08996,-1.41919,0.00287,0.00081,0.00018,0.0913,-0.07215,-1.36855,3,37.9744,362.7017,36.4633,179.894,0.4817,-102.6843,0.01,24.1492,0.5831
603,000603.png,False,1788893657.357821,1788893657.297821,shear_+Y_back,2,+Y,0.0,0.03155,-0.07694,-1.38222,0.00453,0.00075,-0.00045,0.04916,-0.08252,-1.43124,0.0028,0.00062,0.00014,0.07535,-0.07301,-1.38074,3,37.9741,362.6992,36.4617,179.8936,0.4818,-102.6882,0.0091,24.1475,0.5848
604,000604.png,False,1788893657.553822,1788893657.493822,shear_+Y_back,2,+Y,0.0,0.02829,-0.07228,-1.42282,0.00453,0.00078,-0.00039,0.0459,-0.07786,-1.47183,0.00281,0.00065,0.00021,0.07048,-0.07126,-1.42141,2,37.9717,362.7013,36.4587,179.8934,0.4817,-102.6891,0.0018,24.1445,0.5878
605,000605.png,False,1788893660.478064,1788893660.418064,shear_+Y_back,2,+Y,0.0,0.00675,-0.05664,-1.51234,0.0042,-8e-05,-0.00041,0.02427,-0.06214,-1.56108,0.00247,-0.0002,0.00018,0.04463,-0.06991,-1.51114,3,37.9618,362.6857,36.4475,179.8969,0.4745,-102.6906,0.0091,24.1332,0.5991
606,000606.png,False,1788893661.454138,1788893661.394138,shear_+X_out,3,+X,0.5,0.04338,0.05092,-1.45917,0.00152,0.00086,-0.00055,0.06088,0.04545,-1.50782,-0.00021,0.00074,4e-05,0.02225,0.04241,-1.45992,3,37.9533,362.7514,36.4567,179.893,0.4843,-102.6934,0.0065,24.1434,0.5888
607,000607.png,False,1788893661.650151,1788893661.590151,shear_+X_out,3,+X,0.5,0.28346,0.17427,-1.25184,-0.00177,0.00661,-0.00063,0.30095,0.16881,-1.30047,-0.00351,0.00649,-3e-05,0.16714,0.27251,-1.25524,3,38.0463,362.8799,36.491,179.8879,0.4961,-102.6926,0.0039,24.1792,0.553
608,000608.png,False,1788893661.846148,1788893661.786148,shear_+X_out,3,+X,0.5,0.41895,-0.0973,-1.39446,0.00503,0.01016,-0.0004,0.43643,-0.10276,-1.44307,0.00328,0.01004,0.00019,0.42118,0.10273,-1.3934,3,38.1762,362.8047,36.4678,179.8936,0.4824,-102.6947,0.0014,24.1539,0.5784
609,000609.png,False,1788893662.234143,1788893662.174144,shear_+X_out,3,+X,0.5,0.39321,-0.09175,-1.32848,0.00492,0.00968,-0.00016,0.41068,-0.0972,-1.37706,0.00318,0.00957,0.00043,0.39565,0.09573,-1.32747,3,38.1747,362.7996,36.4823,179.8949,0.4794,-102.6936,0.0025,24.1683,0.5639
610,000610.png,False,1788893662.430171,1788893662.370171,shear_+X_out,3,+X,0.5,0.7012,0.04812,-1.26486,0.00133,0.0171,-0.00018,0.71867,0.04268,-1.31342,-0.00041,0.01698,0.00041,0.59211,0.37178,-1.26691,3,38.3075,362.9532,36.4928,179.8924,0.4854,-102.6949,0.0096,24.1804,0.5519
611,000611.png,False,1788893663.014141,1788893662.954141,shear_+X_back,3,+X,0.0,0.65277,-0.10539,-1.38274,0.00522,0.01596,-0.00015,0.67022,-0.11082,-1.43125,0.00347,0.01584,0.00044,0.62768,0.21274,-1.38201,2,38.3348,362.8764,36.4757,179.8959,0.4765,-102.6936,0.0089,24.1618,0.5704
612,000612.png,False,1788893663.210236,1788893663.150236,shear_+X_back,3,+X,0.0,0.65317,-0.0844,-1.37204,0.00471,0.016,-7e-05,0.67062,-0.08982,-1.42053,0.00297,0.01589,0.00052,0.61747,0.2313,-1.37168,3,38.333,362.8851,36.4779,179.8957,0.4776,-102.6932,0.002,24.1642,0.5681
613,000613.png,False,1788893663.406246,1788893663.346246,shear_+X_back,3,+X,0.0,0.34575,-0.00815,-1.11167,0.0028,0.00875,-0.00013,0.36319,-0.01356,-1.16014,0.00106,0.00864,0.00046,0.31127,0.14789,-1.11205,3,38.1555,362.8025,36.518,179.8954,0.4789,-102.6838,0.0082,24.2042,0.5281
614,000614.png,False,1788893663.598228,1788893663.538228,shear_+X_back,3,+X,0.0,0.1717,-0.00855,-1.16867,0.00272,0.00426,-0.00029,0.18914,-0.01396,-1.21713,0.00097,0.00415,0.0003,0.1611,0.05966,-1.16869,3,38.0766,362.8069,36.5061,179.8917,0.4873,-102.686,0.0024,24.1929,0.5393
615,000615.png,False,1788893663.794233,1788893663.734233,shear_+X_back,3,+X,0.0,0.15955,0.03658,-1.20415,0.00181,0.00394,-0.00046,0.17698,0.03118,-1.25258,6e-05,0.00383,0.00013,0.12827,0.09211,-1.20492,2,38.0516,362.8034,36.4995,179.8912,0.4885,-102.6889,0.0113,24.1864,0.5459
616,000616.png,False,1788893663.990288,1788893663.930288,shear_+X_back,3,+X,0.0,0.08273,-0.01306,-1.36617,0.00305,0.00199,-0.00045,0.10016,-0.01846,-1.41459,0.0013,0.00187,0.00014,0.08766,0.00814,-1.3659,3,38.0126,362.7096,36.4552,179.8941,0.4818,-102.6923,0.0029,24.1409,0.5913
617,000617.png,False,1788893664.186255,1788893664.126255,shear_+X_back,3,+X,0.0,-0.02043,0.01488,-1.49626,0.00224,-0.00073,-0.00045,-0.00301,0.00948,-1.54466,0.00049,-0.00085,0.00014,-0.01476,-0.02129,-1.49625,3,37.9697,362.7386,36.4511,179.8916,0.4878,-102.6917,0.0036,24.1375,0.5947
618,000618.png,False,1788893664.770294,1788893664.710294,shear_-X_out,3,-X,0.5,-0.02015,0.00013,-1.52976,0.00267,-0.00089,-0.00049,-0.00274,-0.00524,-1.5781,0.00092,-0.001,0.0001,-0.00691,-0.03446,-1.52949,3,37.9621,362.72,36.4421,179.8927,0.4856,-102.6921,0.0045,24.1283,0.604
619,000619.png,False,1788893664.966335,1788893664.906335,shear_-X_out,3,-X,0.5,-0.02749,-0.01977,-1.66591,0.00338,-0.00088,-0.0004,-0.01009,-0.02515,-1.71424,0.00163,-0.001,0.00019,-0.00238,-0.05755,-1.66526,3,37.963,362.7129,36.4254,179.8938,0.4823,-102.6945,0.0096,24.1115,0.6207
620,000620.png,False,1788893665.162315,1788893665.102315,shear_-X_out,3,-X,0.5,-0.49076,-0.14205,-1.75103,0.00635,-0.0123,-0.00076,-0.47336,-0.14741,-1.79934,0.0046,-0.01241,-0.00017,-0.34199,-0.39629,-1.74732,3,37.7825,362.5351,36.4048,179.8967,0.4754,-102.6936,0.0038,24.0893,0.6429
621,000621.png,False,1788893665.354354,1788893665.294354,shear_-X_out,3,-X,0.5,-0.42369,0.08576,-1.59929,0.00064,-0.01071,-0.0007,-0.4063,0.0804,-1.64758,-0.00112,-0.01082,-0.00011,-0.39876,-0.16305,-1.59968,3,37.7453,362.6391,36.428,179.8917,0.4877,-102.6941,0.0057,24.1144,0.6178
622,000622.png,False,1788893665.746251,1788893665.686251,shear_-X_out,3,-X,0.5,-0.42578,0.04804,-1.57433,0.0017,-0.01055,-0.00053,-0.4084,0.04269,-1.62258,-5e-05,-0.01066,6e-05,-0.3819,-0.19636,-1.57407,3,37.7416,362.5894,36.4311,179.8952,0.4792,-102.6956,0.0097,24.1167,0.6155
623,000623.png,False,1788893665.942348,1788893665.882348,shear_-X_out,3,-X,0.5,-0.73033,0.03842,-1.48522,0.002,-0.01802,-0.00102,-0.71296,0.03308,-1.53346,0.00025,-0.01813,-0.00043,-0.64152,-0.35544,-1.4842,3,37.5924,362.5574,36.4516,179.8927,0.4851,-102.6956,0.0051,24.1378,0.5945
624,000624.png,False,1788893666.330281,1788893666.270281,shear_-X_back,3,-X,0.0,-0.64898,0.11019,-1.5029,0.00016,-0.01616,-0.00079,-0.63162,0.10485,-1.55111,-0.0016,-0.01627,-0.0002,-0.60679,-0.25292,-1.50329,3,37.5921,362.5735,36.446,179.8909,0.49,-102.6954,0.0091,24.1324,0.5999
625,000625.png,False,1788893666.526362,1788893666.466362,shear_-X_back,3,-X,0.0,-0.65185,0.09081,-1.54886,0.00067,-0.01624,-0.00067,-0.6345,0.08549,-1.59705,-0.00109,-0.01635,-9e-05,-0.59928,-0.27187,-1.5489,3,37.5947,362.57,36.4419,179.891,0.4898,-102.6961,0.0038,24.1283,0.604
626,000626.png,False,1788893666.722363,1788893666.662364,shear_-X_back,3,-X,0.0,-0.28231,0.02827,-1.64622,0.0022,-0.00723,-0.00047,-0.26495,0.02295,-1.69439,0.00044,-0.00734,0.00011,-0.24725,-0.14295,-1.6459,3,37.7838,362.6781,36.4253,179.8869,0.4993,-102.708,0.0034,24.1121,0.6202
627,000627.png,False,1788893666.918314,1788893666.858315,shear_-X_back,3,-X,0.0,-0.11159,0.02573,-1.56123,0.00214,-0.00291,-0.00059,-0.09424,0.02042,-1.60938,0.00038,-0.00302,-1e-05,-0.09869,-0.05848,-1.56122,3,37.8617,362.6649,36.429,179.888,0.497,-102.7076,0.0095,24.115,0.6172
628,000628.png,False,1788893667.110424,1788893667.050424,shear_-X_back,3,-X,0.0,-0.09425,-0.02203,-1.555,0.00328,-0.00251,-0.00056,-0.0769,-0.02734,-1.60313,0.00152,-0.00262,3e-05,-0.05985,-0.09108,-1.55419,3,37.8835,362.6684,36.4314,179.8879,0.4974,-102.7059,0.0016,24.1174,0.6149
629,000629.png,False,1788893667.306343,1788893667.246343,shear_-X_back,3,-X,0.0,-0.00379,0.01052,-1.5231,0.00251,-0.00025,-0.0003,0.01355,0.00522,-1.57122,0.00075,-0.00035,0.00028,0.00202,-0.01718,-1.52305,3,37.9298,362.741,36.4454,179.8836,0.5073,-102.7029,0.0045,24.1322,0.6001
630,000630.png,False,1788893668.282476,1788893668.222476,shear_-Y_out,3,-Y,0.5,0.04,0.00119,-1.47798,0.00256,0.00076,-0.00071,0.05731,-0.00409,-1.52601,0.00079,0.00066,-0.00013,0.0443,-0.00266,-1.47786,3,37.9524,362.7221,36.4402,179.8867,0.5006,-102.7017,0.0091,24.1265,0.6057
631,000631.png,False,1788893668.478506,1788893668.418506,shear_-Y_out,3,-Y,0.5,-0.0149,-0.56042,-1.50045,0.01636,-0.00018,-0.00036,0.0024,-0.56569,-1.54845,0.01459,-0.00029,0.00022,0.27749,-0.51684,-1.49047,3,38.0904,362.452,36.4364,179.8908,0.4907,-102.7011,0.0035,24.1174,0.6149
632,000632.png,False,1788893668.674407,1788893668.614408,shear_-Y_out,3,-Y,0.5,0.05717,-0.3683,-1.41288,0.01169,0.00129,-0.00033,0.07447,-0.37357,-1.46087,0.00992,0.00119,0.00026,0.24333,-0.31304,-1.40639,2,38.0735,362.5423,36.4498,179.8863,0.5014,-102.7022,0.0042,24.1323,0.5999
633,000633.png,False,1788893668.866503,1788893668.806503,shear_-Y_out,3,-Y,0.5,0.06322,-0.3297,-1.37363,0.01074,0.00159,-0.00028,0.08051,-0.33496,-1.4216,0.00897,0.00149,0.00031,0.22901,-0.27596,-1.36783,3,38.0708,362.5614,36.458,179.8853,0.5036,-102.7026,0.0046,24.1409,0.5914
634,000634.png,False,1788893669.062540,1788893669.002540,shear_-Y_out,3,-Y,0.5,-0.03094,-0.74411,-1.43076,0.02076,-0.0007,-0.00029,-0.01366,-0.74937,-1.47871,0.01899,-0.0008,0.00029,0.35489,-0.68283,-1.41758,3,38.145,362.3506,36.447,179.8904,0.4918,-102.7015,0.0083,24.126,0.6063
635,000635.png,False,1788893669.258524,1788893669.198524,shear_-Y_out,3,-Y,0.5,0.08575,-0.55791,-1.30233,0.01606,0.00218,-0.00029,0.10303,-0.56316,-1.35027,0.01429,0.00208,0.00029,0.36205,-0.4612,-1.29263,3,38.1524,362.4423,36.4683,179.8837,0.5076,-102.7026,0.006,24.1487,0.5835
636,000636.png,False,1788893669.646549,1788893669.586549,shear_-Y_back,3,-Y,0.0,0.05591,-0.60226,-1.3729,0.01735,0.00157,-8e-05,0.07318,-0.6075,-1.4208,0.01558,0.00147,0.0005,0.35885,-0.51565,-1.36236,3,38.1584,362.4115,36.4617,179.8853,0.5045,-102.702,0.0062,24.1416,0.5906
637,000637.png,False,1788893669.842600,1788893669.782600,shear_-Y_back,3,-Y,0.0,0.04512,-0.62939,-1.40023,0.01789,0.0011,0.0,0.06239,-0.63462,-1.44811,0.01612,0.001,0.00058,0.36325,-0.54498,-1.38919,3,38.1605,362.3955,36.4563,179.8859,0.5024,-102.7015,0.0008,24.1359,0.5963
638,000638.png,False,1788893670.038568,1788893669.978569,shear_-Y_back,3,-Y,0.0,0.03038,-0.33737,-1.54104,0.01097,0.00054,-0.00018,0.04764,-0.3426,-1.5889,0.00919,0.00044,0.0004,0.20555,-0.3017,-1.53501,3,38.0684,362.5393,36.4361,179.8852,0.5045,-102.6994,0.0078,24.1186,0.6136
639,000639.png,False,1788893670.234577,1788893670.174577,shear_-Y_back,3,-Y,0.0,0.02626,-0.18268,-1.61688,0.00727,0.00035,-0.00032,0.04352,-0.18791,-1.66473,0.00549,0.00025,0.00026,0.12523,-0.17099,-1.61352,3,38.037,362.5828,36.4178,179.8852,0.5044,-102.6992,0.0021,24.1013,0.631
640,000640.png,False,1788893670.426593,1788893670.366593,shear_-Y_back,3,-Y,0.0,0.04129,-0.15847,-1.61597,0.00663,0.0008,-0.00014,0.05854,-0.16369,-1.6638,0.00486,0.0007,0.00044,0.12614,-0.1425,-1.61306,3,38.0317,362.6121,36.4237,179.8856,0.5034,-102.7031,0.0075,24.1077,0.6246
641,000641.png,False,1788893670.622642,1788893670.562642,shear_-Y_back,3,-Y,0.0,0.07872,-0.05667,-1.4503,0.00413,0.00172,-0.00029,0.09597,-0.06188,-1.49812,0.00235,0.00162,0.00029,0.10656,-0.03298,-1.44926,3,38.0195,362.6776,36.4558,179.8851,0.5049,-102.7107,0.0048,24.1409,0.5914
642,000642.png,False,1788893671.014650,1788893670.954650,shear_-Y_back,3,-Y,0.0,-0.00852,0.04905,-1.41355,0.0015,-0.00043,-0.00031,0.00871,0.04384,-1.46133,-0.00028,-0.00053,0.00026,-0.02208,0.01558,-1.41417,3,37.944,362.713,36.4578,179.8844,0.5065,-102.7083,0.0046,24.1441,0.5882
643,000643.png,False,1788893671.402646,1788893671.342646,shear_+Y_out,3,+Y,0.5,0.00576,0.06213,-1.44899,0.00129,-4e-05,-0.00048,0.02299,0.05694,-1.49674,-0.00049,-0.00014,0.0001,-0.01601,0.03348,-1.44986,3,37.9468,362.723,36.4527,179.8843,0.5077,-102.7076,0.0078,24.139,0.5932
644,000644.png,False,1788893671.598649,1788893671.538649,shear_+Y_out,3,+Y,0.5,-0.00042,0.03402,-1.32175,0.00199,-7e-05,-0.00046,0.0168,0.02884,-1.36947,0.0002,-0.00017,0.00012,-0.0082,0.00808,-1.32213,3,37.9502,362.7146,36.469,179.8839,0.5093,-102.7076,0.0003,24.1552,0.5771
645,000645.png,False,1788893671.794662,1788893671.734662,shear_+Y_out,3,+Y,0.5,0.07261,0.55608,-1.54731,-0.01055,0.00147,-0.0006,0.08982,0.5509,-1.59502,-0.01233,0.00138,-2e-05,-0.20421,0.4931,-1.55686,3,37.8453,362.9704,36.445,179.8811,0.5155,-102.7105,0.0049,24.136,0.5962
646,000646.png,False,1788893671.990668,1788893671.930668,shear_+Y_out,3,+Y,0.5,0.00417,0.36837,-1.5947,-0.00618,-0.00024,-0.00045,0.02137,0.36319,-1.64239,-0.00797,-0.00034,0.00013,-0.16938,0.29557,-1.60085,3,37.8557,362.8857,36.4349,179.8853,0.5057,-102.7096,0.0096,24.1245,0.6077
647,000647.png,False,1788893672.182688,1788893672.122688,shear_+Y_out,3,+Y,0.5,-0.00546,0.34708,-1.46661,-0.00563,-0.00027,-0.00045,0.01174,0.34191,-1.51428,-0.00741,-0.00037,0.00012,-0.16797,0.27437,-1.47239,3,37.8589,362.8757,36.4531,179.8862,0.5035,-102.7098,0.0075,24.1425,0.5898
648,000648.png,False,1788893672.378717,1788893672.318717,shear_+Y_out,3,+Y,0.5,0.07752,0.72118,-1.19761,-0.01473,0.00171,-0.00076,0.09471,0.71601,-1.24526,-0.01652,0.00161,-0.00019,-0.28487,0.64414,-1.21008,3,37.7743,363.097,36.5041,179.8801,0.5184,-102.7105,0.0027,24.1976,0.5346
649,000649.png,False,1788893672.574613,1788893672.514613,shear_+Y_out,3,+Y,0.5,-0.02364,0.54745,-1.4263,-0.01064,-0.00088,-0.0003,-0.00645,0.5423,-1.47393,-0.01243,-0.00097,0.00028,-0.28411,0.43947,-1.43553,3,37.7687,363.0092,36.4708,179.887,0.502,-102.71,0.0028,24.163,0.5693
650,000650.png,False,1788893672.966634,1788893672.906634,shear_+Y_back,3,+Y,0.0,-0.00228,0.59601,-1.3798,-0.01181,-0.00022,-0.00043,0.0149,0.59086,-1.42739,-0.01359,-0.00032,0.00014,-0.29019,0.49294,-1.38991,3,37.7636,363.0392,36.477,179.8859,0.5051,-102.71,0.0054,24.1696,0.5626
651,000651.png,False,1788893673.158819,1788893673.098819,shear_+Y_back,3,+Y,0.0,0.01403,0.62516,-1.36036,-0.01239,0.0002,-0.00061,0.03121,0.62001,-1.40794,-0.01418,0.0001,-4e-05,-0.29076,0.52665,-1.37102,3,37.7602,363.0579,36.4792,179.8851,0.5071,-102.7103,0.0057,24.1722,0.5601
652,000652.png,False,1788893673.354656,1788893673.294656,shear_+Y_back,3,+Y,0.0,0.04046,0.29023,-1.34075,-0.00446,0.00094,-0.00039,0.05763,0.28509,-1.38831,-0.00624,0.00085,0.00018,-0.10066,0.2501,-1.34566,3,37.8674,362.8956,36.4772,179.8861,0.5047,-102.7163,0.0083,24.1669,0.5653
653,000653.png,False,1788893673.550751,1788893673.490752,shear_+Y_back,3,+Y,0.0,0.01588,0.11157,-1.30226,6e-05,0.00045,-0.00041,0.03304,0.10644,-1.34981,-0.00173,0.00035,0.00017,-0.03296,0.0837,-1.30403,3,37.8956,362.8475,36.485,179.8872,0.5016,-102.7205,0.0027,24.1737,0.5585
654,000654.png,False,1788893673.746711,1788893673.686712,shear_+Y_back,3,+Y,0.0,0.01972,0.13438,-1.30141,-0.0008,0.00031,-0.00039,0.03688,0.12926,-1.34893,-0.00259,0.00021,0.00019,-0.04104,0.10539,-1.30358,3,37.8989,362.8218,36.4792,179.8876,0.5008,-102.7191,0.0044,24.1675,0.5648
655,000655.png,False,1788893673.938798,1788893673.878798,shear_+Y_back,3,+Y,0.0,-0.02675,0.01565,-1.41344,0.00227,-0.00064,-0.0004,-0.0096,0.01053,-1.46095,0.00048,-0.00074,0.00017,-0.02119,-0.02246,-1.41344,3,37.9209,362.7173,36.4558,179.8896,0.4957,-102.7135,0.0065,24.1422,0.5901
656,000656.png,False,1788893674.330704,1788893674.270705,shear_+Y_back,3,+Y,0.0,-0.00024,-0.03736,-1.32892,0.00361,1e-05,-0.0004,0.0169,-0.04247,-1.37639,0.00182,-8e-05,0.00018,0.02767,-0.05376,-1.32807,3,37.9443,362.7205,36.4686,179.886,0.5048,-102.7129,0.0045,24.1549,0.5774
657,000657.png,False,1788893675.110847,1788893675.050847,shear_+Y_back,3,+Y,0.0,-0.01618,-0.05792,-1.06974,0.00416,-0.00016,-0.00032,0.00094,-0.06301,-1.11714,0.00237,-0.00025,0.00025,0.02234,-0.07539,-1.06854,3,37.9485,362.6992,36.5193,179.885,0.5077,-102.712,0.0052,24.2053,0.527
658,000658.png,False,1788893676.282855,1788893676.222855,shear_+Y_back,3,+Y,0.0,-0.00341,-0.01414,-0.85928,0.00297,0.00033,-0.00049,0.01368,-0.0192,-0.90658,0.00117,0.00024,8e-05,0.01007,-0.02772,-0.8589,3,37.9453,362.7216,36.5649,179.883,0.513,-102.712,0.0028,24.2512,0.4811
659,000659.png,False,1788893678.622935,1788893678.562935,shear_+X_out,4,+X,0.5,-0.00411,-0.05779,-1.5346,0.00431,-0.00023,-0.00024,0.01292,-0.06278,-1.58168,0.0025,-0.00031,0.00032,0.03596,-0.07669,-1.53335,3,37.9561,362.6854,36.4494,179.8889,0.4985,-102.7128,0.0073,24.1351,0.5971
660,000660.png,False,1788893678.818946,1788893678.758946,shear_+X_out,4,+X,0.5,0.0419,-0.02479,-1.36532,0.00322,0.00086,-0.00049,0.05892,-0.02977,-1.41239,0.00141,0.00077,8e-05,0.05814,-0.0224,-1.36477,3,37.9683,362.7103,36.4676,179.8863,0.5045,-102.7159,0.005,24.1536,0.5787
661,000661.png,False,1788893679.403093,1788893679.343093,shear_+X_out,4,+X,0.5,0.42465,-0.12734,-1.30747,0.00583,0.01052,2e-05,0.44165,-0.13231,-1.35448,0.00402,0.01044,0.00059,0.44052,0.08095,-1.30591,3,38.2063,362.7925,36.4883,179.886,0.505,-102.7198,0.0001,24.174,0.5583
662,000662.png,False,1788893679.599051,1788893679.539051,shear_+X_out,4,+X,0.5,0.42541,-0.10548,-1.23019,0.00521,0.01051,-0.00018,0.4424,-0.11044,-1.27719,0.0034,0.01042,0.00039,0.42972,0.1015,-1.22902,3,38.2025,362.8178,36.4983,179.8857,0.5058,-102.7194,0.006,24.1843,0.5479
663,000663.png,False,1788893679.795002,1788893679.735002,shear_+X_out,4,+X,0.5,0.72675,-0.07374,-1.2921,0.0044,0.01776,-0.0001,0.74374,-0.0787,-1.33908,0.00258,0.01768,0.00046,0.67533,0.27857,-1.29208,3,38.3538,362.8891,36.4903,179.8864,0.5047,-102.7174,0.008,24.1764,0.5558
664,000664.png,False,1788893679.987014,1788893679.927014,shear_+X_out,4,+X,0.5,0.66556,-0.16668,-1.36022,0.00684,0.01631,1e-05,0.68255,-0.17163,-1.40718,0.00503,0.01622,0.00058,0.66923,0.16641,-1.35845,3,38.3585,362.8544,36.4816,179.8884,0.4994,-102.7176,0.0043,24.1672,0.5651
665,000665.png,False,1788893680.183049,1788893680.123049,shear_+X_back,4,+X,0.0,0.66238,-0.14533,-1.3084,0.00628,0.01619,-0.0004,0.67936,-0.15027,-1.35534,0.00447,0.01611,0.00017,0.65544,0.18414,-1.307,3,38.3576,362.8642,36.4838,179.888,0.5009,-102.7176,0.0095,24.1695,0.5627
666,000666.png,False,1788893680.379030,1788893680.319030,shear_+X_back,4,+X,0.0,0.66455,-0.12524,-1.32554,0.00588,0.0164,-1e-05,0.68153,-0.13017,-1.37247,0.00406,0.01632,0.00055,0.64741,0.20236,-1.3245,3,38.356,362.8745,36.4873,179.8873,0.502,-102.7174,0.0034,24.1732,0.559
667,000667.png,False,1788893680.575041,1788893680.515041,shear_+X_back,4,+X,0.0,0.39582,-0.04447,-1.05376,0.00375,0.01004,-0.00017,0.41279,-0.0494,-1.10067,0.00193,0.00996,0.0004,0.37239,0.14238,-1.05362,3,38.2152,362.8401,36.5296,179.8858,0.5056,-102.7131,0.0016,24.2159,0.5163
668,000668.png,False,1788893680.767170,1788893680.707170,shear_+X_back,4,+X,0.0,0.24106,-0.06169,-1.08772,0.00417,0.00611,-0.00019,0.25802,-0.06662,-1.13461,0.00235,0.00604,0.00037,0.24717,0.0496,-1.08697,3,38.1243,362.7511,36.5167,179.8871,0.5029,-102.7152,0.009,24.2022,0.53
669,000669.png,False,1788893680.963063,1788893680.903063,shear_+X_back,4,+X,0.0,0.14972,-0.0344,-1.23515,0.0035,0.0038,-0.00018,0.16668,-0.03932,-1.28202,0.00168,0.00372,0.00039,0.15544,0.02523,-1.23467,3,38.0767,362.7827,36.5072,179.8855,0.5063,-102.7194,0.0027,24.1936,0.5386
670,000670.png,False,1788893681.159081,1788893681.099081,shear_+X_back,4,+X,0.0,0.128,0.01132,-1.2416,0.00245,0.00323,-0.00034,0.14495,0.0064,-1.28845,0.00063,0.00315,0.00022,0.11383,0.05387,-1.24186,3,38.0474,362.7738,36.4913,179.885,0.5079,-102.7207,0.002,24.1777,0.5545
671,000671.png,False,1788893681.743196,1788893681.683196,shear_+X_back,4,+X,0.0,-0.02477,0.01354,-1.3531,0.0025,-0.00053,-0.00027,-0.00783,0.00864,-1.39989,0.00068,-0.0006,0.00029,-0.01884,-0.02232,-1.35307,3,37.9633,362.7274,36.4765,179.8838,0.5105,-102.7196,0.0078,24.1628,0.5694
672,000672.png,False,1788893682.135153,1788893682.075153,shear_-X_out,4,-X,0.5,-0.0399,-0.03194,-1.48251,0.00368,-0.00094,-0.00033,-0.02297,-0.03683,-1.52928,0.00186,-0.00102,0.00024,-0.00833,-0.07134,-1.48166,3,37.9633,362.6528,36.4326,179.8873,0.5021,-102.7226,0.0034,24.1177,0.6145
673,000673.png,False,1788893682.331131,1788893682.271131,shear_-X_out,4,-X,0.5,-0.34746,-0.21159,-1.61339,0.00806,-0.0085,-0.00048,-0.33054,-0.21647,-1.66014,0.00623,-0.00857,8e-05,-0.18408,-0.38271,-1.60878,3,37.8533,362.5404,36.4268,179.8882,0.4999,-102.7226,0.0019,24.1109,0.6214
674,000674.png,False,1788893682.523260,1788893682.463260,shear_-X_out,4,-X,0.5,-0.44615,0.07619,-1.5123,0.00116,-0.01092,-0.00064,-0.42924,0.07131,-1.55902,-0.00067,-0.011,-7e-05,-0.41405,-0.18117,-1.5125,3,37.7422,362.6223,36.4436,179.883,0.5124,-102.7229,0.0067,24.1298,0.6025
675,000675.png,False,1788893683.111259,1788893683.051259,shear_-X_back,4,-X,0.0,-0.45665,-0.04692,-1.56925,0.00415,-0.01127,-0.00071,-0.43975,-0.05178,-1.61592,0.00232,-0.01134,-0.00015,-0.36123,-0.29395,-1.56728,3,37.7523,362.5668,36.4326,179.8856,0.5064,-102.724,0.0098,24.1178,0.6145
676,000676.png,False,1788893683.303280,1788893683.243280,shear_-X_back,4,-X,0.0,-0.24835,-0.10555,-1.59121,0.00548,-0.00602,-0.00037,-0.23146,-0.11041,-1.63786,0.00365,-0.0061,0.0002,-0.15136,-0.241,-1.58864,3,37.8569,362.5959,36.4291,179.8852,0.5074,-102.7327,0.0053,24.1141,0.6182
677,000677.png,False,1788893683.499281,1788893683.439281,shear_-X_back,4,-X,0.0,-0.07462,-0.031,-1.48684,0.00362,-0.00188,-0.00042,-0.05773,-0.03586,-1.53348,0.00179,-0.00195,0.00015,-0.03884,-0.08796,-1.48593,3,37.9193,362.6483,36.4457,179.8838,0.5103,-102.7344,0.0064,24.1311,0.6012
678,000678.png,False,1788893683.891300,1788893683.831300,shear_-X_back,4,-X,0.0,-0.03571,-0.04318,-1.45111,0.00386,-0.00083,-0.00042,-0.01883,-0.04802,-1.49771,0.00202,-0.0009,0.00015,0.0007,-0.07849,-1.45006,3,37.9437,362.6827,36.4515,179.8842,0.5091,-102.7298,0.0038,24.1372,0.5951
679,000679.png,False,1788893684.279328,1788893684.219328,shear_-X_back,4,-X,0.0,-0.04787,-0.06599,-1.44147,0.00446,-0.00111,-0.00054,-0.03101,-0.07082,-1.48803,0.00263,-0.00119,3e-05,0.00149,-0.10416,-1.44001,3,37.9461,362.6819,36.4523,179.8842,0.51,-102.7211,0.0075,24.138,0.5942
680,000680.png,False,1788893684.475333,1788893684.415334,shear_-X_back,4,-X,0.0,-0.03549,-0.02832,-1.42593,0.00333,-0.00077,-0.00032,-0.01863,-0.03314,-1.47248,0.0015,-0.00084,0.00024,-0.00671,-0.0651,-1.42516,3,37.9436,362.693,36.4564,179.8838,0.5108,-102.7201,0.0002,24.1423,0.5899
681,000681.png,False,1788893684.671394,1788893684.611394,shear_-Y_out,4,-Y,0.5,0.01156,-0.00311,-1.42629,0.00292,0.0005,-0.00019,0.02842,-0.00793,-1.47282,0.00109,0.00043,0.00037,0.02146,-0.01976,-1.42604,3,37.9577,362.7078,36.4594,179.8828,0.5127,-102.7183,0.0055,24.1454,0.5869
682,000682.png,False,1788893684.867280,1788893684.807280,shear_-Y_out,4,-Y,0.5,0.0067,0.01142,-1.28922,0.00237,0.00031,-0.00025,0.02355,0.0066,-1.33573,0.00053,0.00024,0.00031,0.00903,-0.00742,-1.28923,3,37.9554,362.7186,36.4757,179.8818,0.5163,-102.7192,0.009,24.162,0.5703
683,000683.png,False,1788893685.059381,1788893684.999382,shear_-Y_out,4,-Y,0.5,0.03754,-0.54995,-1.34111,0.01612,0.00133,8e-05,0.05438,-0.55476,-1.38761,0.01429,0.00125,0.00064,0.31658,-0.47902,-1.33145,3,38.1303,362.4664,36.4721,179.8849,0.5086,-102.7261,0.0008,24.1531,0.5791
684,000684.png,False,1788893685.255377,1788893685.195377,shear_-Y_out,4,-Y,0.5,0.06757,-0.38819,-1.22328,0.01208,0.00206,-0.00029,0.08441,-0.393,-1.26976,0.01024,0.00199,0.00027,0.26096,-0.32204,-1.2165,3,38.1081,362.5403,36.4872,179.8813,0.5165,-102.7264,0.0051,24.1695,0.5628
685,000685.png,False,1788893685.451401,1788893685.391401,shear_-Y_out,4,-Y,0.5,0.07006,-0.35947,-1.18679,0.01145,0.00223,-0.00046,0.0869,-0.36427,-1.23325,0.00961,0.00216,0.0001,0.24852,-0.29533,-1.18051,3,38.105,362.5516,36.4915,179.8809,0.5175,-102.7262,0.0004,24.174,0.5583
686,000686.png,False,1788893685.647430,1788893685.587430,shear_-Y_out,4,-Y,0.5,-0.06077,-0.73497,-1.29579,0.02047,-0.00109,-0.00029,-0.04394,-0.73976,-1.34223,0.01863,-0.00116,0.00027,0.32355,-0.68766,-1.28273,3,38.1507,362.3333,36.4735,179.8872,0.5034,-102.7185,0.0087,24.1522,0.5801
687,000687.png,False,1788893685.839420,1788893685.779420,shear_-Y_out,4,-Y,0.5,0.02946,-0.56545,-1.1772,0.01631,0.00122,-0.00016,0.04628,-0.57024,-1.22362,0.01447,0.00115,0.0004,0.31619,-0.49386,-1.16727,3,38.1506,362.417,36.4966,179.88,0.5193,-102.7192,0.0025,24.1767,0.5556
688,000688.png,False,1788893686.035448,1788893685.975448,shear_-Y_out,4,-Y,0.5,0.02306,-0.58447,-1.19371,0.01684,0.00107,-0.00017,0.03988,-0.58925,-1.24012,0.015,0.001,0.00039,0.32026,-0.51379,-1.18344,3,38.1591,362.4053,36.4949,179.8806,0.5184,-102.7201,0.0098,24.1747,0.5576
689,000689.png,False,1788893686.231453,1788893686.171453,shear_-Y_back,4,-Y,0.0,0.06392,-0.64266,-1.2185,0.01814,0.00204,-9e-05,0.08073,-0.64744,-1.26489,0.0163,0.00197,0.00047,0.3849,-0.54417,-1.20729,3,38.1943,362.3869,36.4908,179.8811,0.5167,-102.7249,0.0041,24.1701,0.5622
690,000690.png,False,1788893686.427462,1788893686.367462,shear_-Y_back,4,-Y,0.0,0.072,-0.68234,-1.25562,0.01928,0.00236,1e-05,0.08881,-0.68711,-1.30199,0.01744,0.0023,0.00057,0.41198,-0.57509,-1.24374,3,38.2121,362.3693,36.4875,179.882,0.5152,-102.7272,0.0013,24.1664,0.5659
691,000691.png,False,1788893686.623457,1788893686.563457,shear_-Y_back,4,-Y,0.0,0.12185,-0.396,-1.27308,0.01253,0.00338,-4e-05,0.13866,-0.40076,-1.31943,0.01068,0.00331,0.00052,0.31223,-0.30247,-1.26626,3,38.1412,362.5763,36.4929,179.8746,0.5323,-102.7375,0.007,24.1755,0.5567
692,000692.png,False,1788893686.815462,1788893686.755462,shear_-Y_back,4,-Y,0.0,0.08959,-0.23541,-1.22935,0.00827,0.00246,-0.00021,0.10638,-0.24017,-1.27569,0.00643,0.00239,0.00034,0.20374,-0.17881,-1.22526,3,38.1101,362.5758,36.4862,179.8787,0.523,-102.7406,0.0033,24.1691,0.5632
693,000693.png,False,1788893687.011478,1788893686.951478,shear_-Y_back,4,-Y,0.0,0.04687,-0.188,-1.21188,0.00725,0.00157,-0.00034,0.06366,-0.19275,-1.2582,0.0054,0.0015,0.00021,0.14293,-0.15881,-1.20853,3,38.0646,362.6092,36.4904,179.8789,0.5224,-102.7388,0.0022,24.1741,0.5582
694,000694.png,False,1788893687.207487,1788893687.147487,shear_-Y_back,4,-Y,0.0,0.02109,-0.03982,-1.19108,0.00369,0.00084,-0.00034,0.03787,-0.04457,-1.23738,0.00185,0.00078,0.00022,0.04642,-0.04303,-1.19025,3,37.993,362.7029,36.5015,179.8789,0.5222,-102.7392,0.0098,24.1872,0.545
695,000695.png,False,1788893687.403523,1788893687.343524,shear_-Y_back,4,-Y,0.0,-0.00903,-0.01738,-1.30222,0.00314,-4e-05,-0.00048,0.00775,-0.02213,-1.3485,0.00129,-0.00011,7e-05,0.00989,-0.04043,-1.3017,3,37.9806,362.683,36.4792,179.8798,0.52,-102.7392,0.0007,24.1646,0.5676
696,000696.png,False,1788893687.595487,1788893687.535487,shear_-Y_back,4,-Y,0.0,-0.01397,0.02139,-1.33757,0.0023,-0.00013,-0.00028,0.0028,0.01665,-1.38383,0.00045,-0.00019,0.00028,-0.01351,-0.00989,-1.3377,4,37.9662,362.7069,36.4756,179.8808,0.5169,-102.7416,0.0034,24.1615,0.5707
697,000697.png,False,1788893687.987525,1788893687.927525,shear_+Y_out,4,+Y,0.5,-0.00737,0.0311,-1.30855,0.00212,0.00025,-0.00019,0.00939,0.02638,-1.35478,0.00027,0.00018,0.00037,-0.01285,0.00229,-1.30888,3,37.9645,362.7194,36.4846,179.8797,0.5199,-102.7436,0.0035,24.1708,0.5615
698,000698.png,False,1788893688.183540,1788893688.123540,shear_+Y_out,4,+Y,0.5,-0.02954,-0.0073,-1.1561,0.0029,-0.00028,-5e-05,-0.01278,-0.01202,-1.20231,0.00105,-0.00035,0.00051,-0.01393,-0.0396,-1.15574,3,37.9619,362.6928,36.5083,179.8791,0.5213,-102.7469,0.0097,24.194,0.5382
699,000699.png,False,1788893688.379453,1788893688.319453,shear_+Y_out,4,+Y,0.5,0.02653,0.48417,-1.18052,-0.00894,0.00076,-0.00036,0.04329,0.47945,-1.22672,-0.01079,0.0007,0.00019,-0.21073,0.41367,-1.18879,3,37.8385,362.9566,36.5142,179.8754,0.5302,-102.7486,0.0047,24.2051,0.5272
700,000700.png,False,1788893688.571557,1788893688.511557,shear_+Y_out,4,+Y,0.5,-0.03362,0.30628,-1.25925,-0.00474,-0.00061,-0.00033,-0.01687,0.30157,-1.30543,-0.00659,-0.00067,0.00022,-0.17342,0.22829,-1.26431,3,37.8539,362.8725,36.497,179.8798,0.52,-102.7475,0.0074,24.1864,0.5459
701,000701.png,False,1788893688.767610,1788893688.707610,shear_+Y_out,4,+Y,0.5,-0.03748,0.28884,-1.22734,-0.004,-0.00052,-0.00027,-0.02074,0.28414,-1.27349,-0.00585,-0.00058,0.00029,-0.16827,0.21177,-1.23208,3,37.8563,362.8619,36.504,179.8806,0.5175,-102.7477,0.0005,24.1932,0.5391
702,000702.png,False,1788893688.963578,1788893688.903578,shear_+Y_out,4,+Y,0.5,0.04384,0.65834,-1.08737,-0.01312,0.0014,-0.0004,0.06058,0.65364,-1.13351,-0.01497,0.00134,0.00015,-0.2834,0.57465,-1.09871,3,37.7757,363.0749,36.5341,179.8767,0.527,-102.7501,0.0064,24.2272,0.505
703,000703.png,False,1788893689.547601,1788893689.487601,shear_+Y_back,4,+Y,0.0,-0.03619,0.56222,-1.23003,-0.01085,-0.00078,-0.00038,-0.01947,0.55753,-1.27612,-0.01271,-0.00084,0.00017,-0.30371,0.44913,-1.23952,3,37.7525,363.0307,36.5095,179.8813,0.5155,-102.7484,0.0065,24.2021,0.5301
704,000704.png,False,1788893689.743531,1788893689.683532,shear_+Y_back,4,+Y,0.0,-0.02827,0.57626,-1.20735,-0.01127,-0.00049,-0.00043,-0.01155,0.57158,-1.25342,-0.01313,-0.00055,0.00012,-0.30403,0.46562,-1.2171,3,37.7512,363.0403,36.5119,179.8811,0.5166,-102.7481,0.006,24.2047,0.5276
705,000705.png,False,1788893689.939621,1788893689.879622,shear_+Y_back,4,+Y,0.0,0.03293,0.34718,-0.97737,-0.00583,0.00131,-9e-05,0.04964,0.34251,-1.02342,-0.00768,0.00125,0.00046,-0.13816,0.30148,-0.9833,3,37.8491,362.9487,36.5557,179.8797,0.5202,-102.754,0.0069,24.2463,0.4859
706,000706.png,False,1788893690.131579,1788893690.071579,shear_+Y_back,4,+Y,0.0,0.02325,0.18448,-0.96416,-0.00192,0.00098,-0.00023,0.03996,0.17982,-1.01019,-0.00378,0.00092,0.00032,-0.06535,0.15595,-0.96726,3,37.9188,362.7759,36.5409,179.882,0.5148,-102.7584,0.0026,24.2282,0.504
707,000707.png,False,1788893690.327634,1788893690.267634,shear_+Y_back,4,+Y,0.0,0.00845,0.12089,-1.07671,-0.0004,0.00063,-3e-05,0.02515,0.11623,-1.12273,-0.00226,0.00057,0.00052,-0.04561,0.09168,-1.07866,3,37.904,362.8241,36.5363,179.8782,0.5231,-102.7567,0.0081,24.2245,0.5077
708,000708.png,False,1788893690.523674,1788893690.463674,shear_+Y_back,4,+Y,0.0,-0.00939,0.08977,-1.09681,0.00048,0.00019,-0.00016,0.0073,0.08512,-1.14281,-0.00138,0.00013,0.0004,-0.04539,0.05549,-1.09818,3,37.9092,362.7913,36.5297,179.8782,0.5226,-102.7545,0.0018,24.2174,0.5149
709,000709.png,False,1788893690.719687,1788893690.659687,shear_+Y_back,4,+Y,0.0,-0.04887,-0.04283,-1.23312,0.00351,-0.0008,-3e-05,-0.03218,-0.04748,-1.2791,0.00165,-0.00086,0.00052,-0.01238,-0.08127,-1.23209,3,37.9317,362.7029,36.4951,179.8796,0.5201,-102.7477,0.0067,24.1812,0.5511
710,000710.png,False,1788893690.915673,1788893690.855674,shear_+Y_back,4,+Y,0.0,-0.00483,-0.05982,-1.18724,0.00411,0.00018,-0.00011,0.01185,-0.06446,-1.2332,0.00225,0.00012,0.00045,0.03393,-0.07324,-1.18601,3,37.9566,362.7065,36.5056,179.8791,0.5218,-102.7506,0.0077,24.1916,0.5406
711,000711.png,False,1788893691.695712,1788893691.635712,shear_+X_out,5,+X,0.5,-0.01373,-0.0077,-1.15838,0.00289,0.00015,-0.00018,0.00294,-0.01232,-1.20427,0.00103,9e-05,0.00037,-1e-05,-0.03208,-1.15804,3,37.9447,362.7105,36.5107,179.8782,0.5233,-102.7495,0.0003,24.1968,0.5354
712,000712.png,False,1788893691.887650,1788893691.827651,shear_+X_out,5,+X,0.5,0.21658,0.07493,-1.18879,0.0008,0.00566,-0.0002,0.23324,0.07031,-1.23467,-0.00106,0.0056,0.00036,0.15841,0.15407,-1.19035,3,38.0505,362.8388,36.5059,179.8741,0.5334,-102.7554,0.0094,24.1934,0.5388
713,000713.png,False,1788893692.083734,1788893692.023734,shear_+X_out,5,+X,0.5,0.39302,-0.16532,-1.35958,0.0066,0.00987,-0.0,0.40967,-0.16993,-1.40544,0.00474,0.00981,0.00055,0.43247,0.03142,-1.35729,3,38.1916,362.7739,36.4797,179.8796,0.5205,-102.7527,0.005,24.1652,0.5671
714,000714.png,False,1788893692.279772,1788893692.219772,shear_+X_out,5,+X,0.5,0.37325,-0.1668,-1.23225,0.00664,0.00952,-0.00028,0.3899,-0.1714,-1.27809,0.00478,0.00947,0.00027,0.41519,0.0223,-1.22992,3,38.1913,362.7699,36.4952,179.8805,0.5183,-102.7525,0.0081,24.1806,0.5517
715,000715.png,False,1788893692.475816,1788893692.415817,shear_+X_out,5,+X,0.5,0.36453,-0.14784,-1.12094,0.00622,0.00927,-0.00028,0.38117,-0.15244,-1.16676,0.00436,0.00922,0.00027,0.39739,0.03615,-1.11894,3,38.1918,362.7669,36.5119,179.8807,0.5179,-102.7527,0.0008,24.1973,0.535
716,000716.png,False,1788893692.667798,1788893692.607798,shear_+X_out,5,+X,0.5,0.67016,0.00259,-1.00606,0.0025,0.01671,-0.00014,0.6868,-0.00201,-1.05186,0.00064,0.01666,0.00041,0.58619,0.32098,-1.00729,3,38.3412,362.9194,36.5408,179.8762,0.5285,-102.7517,0.0087,24.2276,0.5047
717,000717.png,False,1788893693.255828,1788893693.195828,shear_+X_back,5,+X,0.0,0.60282,-0.12996,-1.1179,0.00578,0.01498,-0.0001,0.61944,-0.13454,-1.16365,0.00391,0.01493,0.00045,0.59486,0.17075,-1.11668,4,38.3483,362.863,36.5258,179.8801,0.5195,-102.7508,0.013,24.2116,0.5207
718,000718.png,False,1788893693.451839,1788893693.391840,shear_+X_back,5,+X,0.0,0.60317,-0.11519,-1.11155,0.00539,0.01508,0.0,0.61979,-0.11976,-1.15728,0.00352,0.01502,0.00055,0.58773,0.18382,-1.11059,3,38.3468,362.8717,36.5267,179.8797,0.5203,-102.7505,0.002,24.2127,0.5196
719,000719.png,False,1788893693.643840,1788893693.583840,shear_+X_back,5,+X,0.0,0.36234,-0.06958,-1.07894,0.00411,0.00918,-0.00027,0.37895,-0.07414,-1.12466,0.00224,0.00913,0.00027,0.35611,0.10351,-1.0783,3,38.2157,362.8121,36.5241,179.8815,0.5161,-102.7481,0.0071,24.21,0.5222
720,000720.png,False,1788893693.839856,1788893693.779856,shear_+X_back,5,+X,0.0,0.16731,-0.09344,-1.21308,0.00501,0.00447,-0.00018,0.18392,-0.098,-1.25878,0.00313,0.00442,0.00037,0.20002,-0.01676,-1.21161,3,38.1038,362.7217,36.496,179.8871,0.5025,-102.75,0.0077,24.1812,0.5511
721,000721.png,False,1788893694.035813,1788893693.975813,shear_+X_back,5,+X,0.0,0.11627,-0.03428,-1.18521,0.00357,0.00321,-0.0005,0.13287,-0.03884,-1.23089,0.0017,0.00315,5e-05,0.12606,0.00942,-1.18467,3,38.069,362.764,36.5049,179.8834,0.5116,-102.7529,0.0023,24.191,0.5412
722,000722.png,False,1788893695.011816,1788893694.951816,shear_+X_back,5,+X,0.0,-0.04977,-0.00501,-1.16943,0.00288,-0.0009,-0.00027,-0.03319,-0.00954,-1.21502,0.001,-0.00095,0.00028,-0.0325,-0.04794,-1.16907,3,37.9598,362.7172,36.5083,179.8791,0.5218,-102.7571,0.0025,24.1944,0.5378
723,000723.png,False,1788893695.207819,1788893695.147819,shear_-X_out,5,-X,0.5,-0.04978,-0.01565,-1.16148,0.00309,-0.00099,-0.00024,-0.03321,-0.02018,-1.20705,0.00121,-0.00104,0.00031,-0.02724,-0.05704,-1.16093,3,37.9598,362.7136,36.5087,179.879,0.5213,-102.7601,0.0095,24.1948,0.5375
724,000724.png,False,1788893695.399830,1788893695.339830,shear_-X_out,5,-X,0.5,-0.46722,-0.17107,-1.43597,0.00702,-0.01128,-0.0005,-0.45066,-0.17559,-1.48152,0.00514,-0.01133,4e-05,-0.30928,-0.40462,-1.43185,3,37.7944,362.5205,36.4613,179.8841,0.5096,-102.7601,0.0091,24.1454,0.5868
725,000725.png,False,1788893695.595968,1788893695.535969,shear_-X_out,5,-X,0.5,-0.42295,0.07966,-1.2509,0.00089,-0.00996,-0.00044,-0.40639,0.07515,-1.29644,-0.00099,-0.01,0.0001,-0.39749,-0.16237,-1.25125,3,37.74,362.6325,36.4927,179.8783,0.5237,-102.7606,0.0044,24.179,0.5532
726,000726.png,False,1788893695.791965,1788893695.731965,shear_-X_out,5,-X,0.5,-0.40222,0.09453,-1.21278,0.00061,-0.00948,-0.00048,-0.38567,0.09002,-1.2583,-0.00127,-0.00953,6e-05,-0.38723,-0.13853,-1.21343,3,37.7373,362.6447,36.4999,179.8779,0.5242,-102.7604,0.0035,24.1865,0.5458
727,000727.png,False,1788893695.987936,1788893695.927936,shear_-X_out,5,-X,0.5,-0.61772,-0.13607,-1.29662,0.00609,-0.01484,-0.00034,-0.60118,-0.14058,-1.34212,0.00421,-0.01489,0.0002,-0.45811,-0.44727,-1.29283,3,37.6788,362.4825,36.4893,179.884,0.5094,-102.7594,0.009,24.1737,0.5586
728,000728.png,False,1788893696.179950,1788893696.119950,shear_-X_out,5,-X,0.5,-0.64029,0.13738,-1.17947,-0.00052,-0.01538,-0.00034,-0.62375,0.13288,-1.22495,-0.0024,-0.01542,0.0002,-0.61509,-0.21985,-1.18039,3,37.5807,362.5805,36.514,179.8773,0.5254,-102.7601,0.0015,24.2006,0.5316
729,000729.png,False,1788893696.375880,1788893696.315880,shear_-X_out,5,-X,0.5,-0.62952,0.11517,-1.16716,0.0,-0.01513,-0.00055,-0.61298,0.11068,-1.21263,-0.00188,-0.01517,-1e-05,-0.59475,-0.2335,-1.16772,3,37.5804,362.576,36.5124,179.8775,0.525,-102.7599,0.004,24.1989,0.5334
730,000730.png,False,1788893696.571970,1788893696.511970,shear_-X_back,5,-X,0.0,-0.62712,0.09787,-1.19707,0.00043,-0.01512,-0.00043,-0.61059,0.09338,-1.24252,-0.00145,-0.01517,0.00011,-0.58381,-0.24777,-1.19733,3,37.5807,362.5696,36.5081,179.8775,0.525,-102.7606,0.0096,24.1945,0.5377
731,000731.png,False,1788893696.768013,1788893696.708013,shear_-X_back,5,-X,0.0,-0.62776,0.08112,-1.19822,0.00078,-0.01516,-0.00055,-0.61123,0.07664,-1.24365,-0.00111,-0.0152,-1e-05,-0.57599,-0.26261,-1.19819,3,37.5818,362.5594,36.5036,179.8775,0.5243,-102.761,0.0057,24.1898,0.5424
732,000732.png,False,1788893696.960027,1788893696.900028,shear_-X_back,5,-X,0.0,-0.30494,0.03865,-1.19109,0.00182,-0.00713,-0.00033,-0.28842,0.03417,-1.2365,-7e-05,-0.00718,0.00021,-0.2752,-0.13798,-1.19096,3,37.7455,362.6323,36.5049,179.8742,0.5326,-102.7706,0.0074,24.1911,0.5411
733,000733.png,False,1788893697.156017,1788893697.096017,shear_-X_back,5,-X,0.0,-0.1332,0.04796,-1.0388,0.00152,-0.00281,-0.00029,-0.11669,0.04349,-1.08419,-0.00037,-0.00285,0.00025,-0.13214,-0.04166,-1.03921,3,37.8446,362.6686,36.5274,179.8719,0.5378,-102.7702,0.0048,24.2135,0.5187
734,000734.png,False,1788893697.351938,1788893697.291938,shear_-X_back,5,-X,0.0,-0.12773,-0.01014,-1.00656,0.00286,-0.00267,-0.00036,-0.11122,-0.0146,-1.05193,0.00097,-0.00271,0.00018,-0.0986,-0.08872,-1.00597,3,37.8629,362.6723,36.5379,179.8715,0.539,-102.7661,0.0006,24.224,0.5082
735,000735.png,False,1788893697.548063,1788893697.488063,shear_-X_back,5,-X,0.0,-0.0493,0.02053,-0.97564,0.00222,-0.00062,-0.00042,-0.0328,0.01607,-1.021,0.00033,-0.00066,0.00013,-0.0462,-0.02249,-0.97575,3,37.9113,362.7125,36.5431,179.869,0.5452,-102.7639,0.0086,24.2295,0.5027
736,000736.png,False,1788893698.523998,1788893698.463998,shear_-Y_out,5,-Y,0.5,-0.01286,-0.03274,-1.25034,0.00353,-0.00011,-0.00028,0.00362,-0.03718,-1.29561,0.00163,-0.00015,0.00026,0.01389,-0.05481,-1.24956,3,37.9478,362.7013,36.4978,179.8765,0.5271,-102.7638,0.0086,24.1838,0.5485
737,000737.png,False,1788893698.716110,1788893698.656110,shear_-Y_out,5,-Y,0.5,-0.04251,-0.40752,-1.00513,0.01254,-0.00046,-0.00012,-0.02604,-0.41194,-1.05038,0.01065,-0.0005,0.00042,0.17375,-0.39028,-0.99783,3,38.0474,362.498,36.5332,179.8788,0.5219,-102.7627,0.0022,24.2152,0.517
738,000738.png,False,1788893698.912064,1788893698.852064,shear_-Y_out,5,-Y,0.5,0.01945,-0.32193,-1.01715,0.01041,0.00085,-0.00015,0.03591,-0.32635,-1.06238,0.00852,0.00081,0.0004,0.18474,-0.28539,-1.01145,3,38.0592,362.5396,36.5318,179.8751,0.5305,-102.7645,0.0028,24.2145,0.5178
739,000739.png,False,1788893699.108119,1788893699.048120,shear_-Y_out,5,-Y,0.5,0.00418,-0.34607,-1.07362,0.01109,0.00054,-0.0002,0.02064,-0.35048,-1.11883,0.0092,0.00049,0.00034,0.18397,-0.31483,-1.06746,3,38.0622,362.5248,36.5225,179.8754,0.5304,-102.7643,0.0085,24.2049,0.5274
740,000740.png,False,1788893700.472199,1788893700.412199,shear_-Y_out,5,-Y,0.5,0.00729,-0.32241,-1.07992,0.01048,0.00061,-0.00027,0.02371,-0.32679,-1.12501,0.00858,0.00057,0.00027,0.17489,-0.29288,-1.07418,3,38.0601,362.5352,36.5225,179.8748,0.5313,-102.7641,0.0035,24.205,0.5272
741,000741.png,False,1788893700.668109,1788893700.608109,shear_-Y_out,5,-Y,0.5,0.01252,-0.29719,-1.0481,0.01007,0.00084,-0.00033,0.02894,-0.30156,-1.09318,0.00817,0.0008,0.00021,0.1666,-0.26792,-1.04282,3,38.0603,362.5407,36.5253,179.8749,0.5311,-102.7645,0.0016,24.2079,0.5243
742,000742.png,False,1788893700.864204,1788893700.804204,shear_-Y_out,5,-Y,0.5,0.0445,-0.6786,-1.12011,0.01915,0.00165,9e-05,0.06091,-0.68297,-1.16517,0.01725,0.00161,0.00063,0.38536,-0.58342,-1.10826,3,38.1825,362.3923,36.5253,179.8754,0.5302,-102.768,0.0069,24.2048,0.5275
743,000743.png,False,1788893701.060226,1788893701.000226,shear_-Y_out,5,-Y,0.5,0.05896,-0.59594,-1.06555,0.01705,0.00197,-8e-05,0.07536,-0.6003,-1.11059,0.01515,0.00193,0.00046,0.3562,-0.50374,-1.05517,3,38.1818,362.3895,36.524,179.8752,0.5301,-102.7684,0.008,24.2033,0.5289
744,000744.png,False,1788893701.252244,1788893701.192244,shear_-Y_back,5,-Y,0.0,0.04312,-0.61554,-1.1337,0.01773,0.00154,-8e-05,0.05952,-0.6199,-1.17872,0.01583,0.0015,0.00046,0.35275,-0.52972,-1.12294,3,38.1833,362.3729,36.5129,179.875,0.5307,-102.7682,0.0016,24.192,0.5402
745,000745.png,False,1788893701.448229,1788893701.388229,shear_-Y_back,5,-Y,0.0,0.02937,-0.6436,-1.13854,0.01822,0.00099,-0.0002,0.04576,-0.64795,-1.18354,0.01631,0.00095,0.00034,0.35489,-0.56096,-1.12727,3,38.1826,362.3568,36.5101,179.8758,0.5294,-102.7673,0.0097,24.1889,0.5433
746,000746.png,False,1788893701.644234,1788893701.584234,shear_-Y_back,5,-Y,0.0,-0.09011,-0.18791,-1.22576,0.00748,-0.00189,-0.00047,-0.07372,-0.19226,-1.27075,0.00558,-0.00193,7e-05,0.02433,-0.22741,-1.22214,3,37.9657,362.5978,36.4923,179.8697,0.5434,-102.7485,0.0028,24.1765,0.5558
747,000747.png,False,1788893701.840288,1788893701.780288,shear_-Y_back,5,-Y,0.0,-0.08836,-0.14123,-1.28253,0.00632,-0.00209,-0.00051,-0.07198,-0.14557,-1.3275,0.00441,-0.00212,3e-05,0.00292,-0.18701,-1.27971,3,37.9756,362.5728,36.4813,179.8727,0.5364,-102.7495,0.0082,24.1651,0.5672
748,000748.png,False,1788893702.036189,1788893701.976189,shear_-Y_back,5,-Y,0.0,-0.07332,-0.12948,-1.26322,0.00611,-0.00159,-0.00046,-0.05694,-0.13382,-1.30817,0.00421,-0.00162,8e-05,0.00994,-0.16901,-1.26064,3,37.9745,362.597,36.4895,179.8738,0.5342,-102.7504,0.0064,24.1736,0.5587
749,000749.png,False,1788893702.228288,1788893702.168288,shear_-Y_back,5,-Y,0.0,-0.01209,0.02526,-1.10678,0.00225,-7e-05,-0.00047,0.00428,0.02093,-1.15171,0.00035,-0.00011,7e-05,-0.01542,-0.00189,-1.10703,3,37.9561,362.6925,36.5156,179.8725,0.5368,-102.7508,0.0023,24.2014,0.5309
750,000750.png,False,1788893702.424293,1788893702.364293,shear_-Y_back,5,-Y,0.0,-0.00814,0.01784,-1.15047,0.00226,-0.0001,-0.00055,0.00822,0.01352,-1.19539,0.00036,-0.00013,-1e-05,-0.00799,-0.00705,-1.15059,3,37.9572,362.6906,36.5064,179.873,0.5362,-102.7519,0.0072,24.1921,0.5401
751,000751.png,False,1788893703.008359,1788893702.948359,shear_+Y_out,5,+Y,0.5,-0.00189,0.01458,-1.16371,0.00249,4e-05,-0.00043,0.01446,0.01027,-1.20857,0.00058,1e-05,0.00011,-0.00085,-0.00696,-1.16378,3,37.96,362.6954,36.5056,179.8723,0.5376,-102.7565,0.0045,24.1914,0.5408
752,000752.png,False,1788893703.204341,1788893703.144341,shear_+Y_out,5,+Y,0.5,0.04212,0.03838,-1.08608,0.00184,0.00119,-0.00029,0.05847,0.03408,-1.13093,-7e-05,0.00116,0.00024,0.02484,0.03689,-1.08667,3,37.9722,362.7214,36.5196,179.871,0.5406,-102.7596,0.0092,24.2057,0.5265
753,000753.png,False,1788893703.400370,1788893703.340370,shear_+Y_out,5,+Y,0.5,0.06252,0.47985,-1.26258,-0.00876,0.00143,-0.00039,0.07886,0.47556,-1.3074,-0.01067,0.0014,0.00014,-0.17684,0.4266,-1.27083,3,37.858,362.9384,36.498,179.8694,0.5442,-102.7633,0.0055,24.1884,0.5438
754,000754.png,False,1788893703.596389,1788893703.536389,shear_+Y_out,5,+Y,0.5,0.02458,0.36528,-1.26675,-0.00603,0.00057,-0.0005,0.04092,0.36099,-1.31155,-0.00794,0.00054,3e-05,-0.15243,0.30835,-1.27294,3,37.8644,362.899,36.4944,179.8719,0.5382,-102.7613,0.0093,24.1842,0.5481
755,000755.png,False,1788893703.788383,1788893703.728384,shear_+Y_out,5,+Y,0.5,0.01408,0.32082,-1.20234,-0.0049,0.00033,-0.00031,0.0304,0.31654,-1.24712,-0.00681,0.00029,0.00023,-0.13976,0.26563,-1.20774,3,37.8685,362.8795,36.5065,179.8735,0.5346,-102.7613,0.0014,24.1959,0.5363
756,000756.png,False,1788893703.984374,1788893703.924374,shear_+Y_out,5,+Y,0.5,0.04773,0.7065,-1.09424,-0.01438,0.00114,-0.00038,0.06406,0.70222,-1.13901,-0.0163,0.00111,0.00015,-0.30405,0.6182,-1.10641,3,37.7526,363.1057,36.5338,179.8696,0.5441,-102.7609,0.0062,24.2276,0.5046
757,000757.png,False,1788893704.376402,1788893704.316402,shear_+Y_back,5,+Y,0.0,-0.00289,0.54599,-1.1765,-0.01033,-2e-05,-0.00055,0.01342,0.54172,-1.22123,-0.01225,-6e-05,-2e-05,-0.26713,0.45258,-1.18578,3,37.7664,363.0348,36.5184,179.8737,0.5343,-102.7593,0.0053,24.211,0.5212
758,000758.png,False,1788893704.572470,1788893704.512470,shear_+Y_back,5,+Y,0.0,0.00986,0.5663,-1.1461,-0.01092,0.00018,-0.00061,0.02617,0.56204,-1.19082,-0.01284,0.00015,-8e-05,-0.26645,0.47703,-1.15576,3,37.7648,363.0481,36.5214,179.8732,0.5355,-102.7598,0.0092,24.2142,0.518
759,000759.png,False,1788893704.764453,1788893704.704453,shear_+Y_back,5,+Y,0.0,0.09144,0.33862,-1.02032,-0.00555,0.00238,-0.00027,0.10774,0.33437,-1.06502,-0.00746,0.00235,0.00027,-0.0829,0.32262,-1.02622,3,37.872,362.9588,36.5449,179.8721,0.5378,-102.7685,0.0024,24.2355,0.4967
760,000760.png,False,1788893704.960345,1788893704.900345,shear_+Y_back,5,+Y,0.0,0.08037,0.12073,-1.03817,-0.00034,0.00211,-0.00028,0.09667,0.11648,-1.08285,-0.00226,0.00208,0.00025,0.0165,0.12809,-1.04026,3,37.9422,362.823,36.5304,179.874,0.5332,-102.775,0.0077,24.2184,0.5139
761,000761.png,False,1788893705.156451,1788893705.096451,shear_+Y_back,5,+Y,0.0,0.07504,0.13016,-1.01751,-0.00042,0.00198,-0.00036,0.09133,0.12591,-1.06217,-0.00234,0.00195,0.00017,0.00703,0.13392,-1.01976,3,37.934,362.8445,36.5376,179.871,0.5404,-102.7737,0.0023,24.226,0.5063
762,000762.png,False,1788893705.352363,1788893705.292363,shear_+Y_back,5,+Y,0.0,0.0611,0.08767,-1.04565,0.00047,0.00158,-0.00037,0.07739,0.08343,-1.0903,-0.00145,0.00155,0.00017,0.01637,0.08971,-1.04713,3,37.9498,362.7588,36.527,179.8708,0.5408,-102.7733,0.0092,24.2139,0.5183
763,000763.png,False,1788893706.520531,1788893706.460531,shear_+Y_back,5,+Y,0.0,-0.03169,-0.06729,-1.29854,0.00447,-0.00087,-0.00042,-0.01544,-0.0715,-1.34308,0.00254,-0.0009,0.00011,0.01517,-0.09492,-1.29711,3,37.9501,362.6821,36.4773,179.8719,0.5379,-102.7624,0.0088,24.163,0.5693
764,000764.png,False,1788893707.300549,1788893707.240549,shear_+Y_back,5,+Y,0.0,-0.00419,-0.03278,-1.04335,0.00358,8e-05,-6e-05,0.01204,-0.03697,-1.08782,0.00165,5e-05,0.00047,0.01998,-0.0472,-1.04262,3,37.9503,362.7103,36.5236,179.8703,0.5417,-102.7641,0.0048,24.2097,0.5226
765,000765.png,False,1788893707.496476,1788893707.436476,shear_+Y_back,5,+Y,0.0,-0.00452,-0.04123,-1.06183,0.00361,2e-05,-0.00021,0.0117,-0.04541,-1.10628,0.00169,-0.0,0.00032,0.02404,-0.05498,-1.06094,2,37.9522,362.7086,36.5256,179.8706,0.5414,-102.7641,0.01,24.2117,0.5206
766,000766.png,False,1788893709.836708,1788893709.776708,shear_+Y_back,5,+Y,0.0,-0.00142,-0.03048,-0.96386,0.00346,0.00014,-0.00028,0.01474,-0.03459,-1.00809,0.00152,0.00012,0.00025,0.02068,-0.04255,-0.96318,3,37.9533,362.7101,36.543,179.8695,0.544,-102.765,0.0004,24.2291,0.5032
767,000767.png,False,1788893710.032732,1788893709.972732,shear_+X_out,6,+X,0.5,-0.03303,-0.11351,-0.93926,0.00535,-0.00064,-0.00039,-0.01687,-0.11762,-0.98348,0.00341,-0.00066,0.00014,0.03462,-0.12986,-0.93708,3,37.9658,362.6462,36.5458,179.8732,0.5354,-102.7667,0.0059,24.2308,0.5015
768,000768.png,False,1788893710.228725,1788893710.168725,shear_+X_out,6,+X,0.5,0.29794,0.09125,-1.07266,0.0007,0.00738,-0.00036,0.31409,0.08714,-1.11687,-0.00124,0.00736,0.00016,0.21992,0.21071,-1.07468,3,38.0923,362.8582,36.5333,179.8678,0.548,-102.7752,0.0041,24.2208,0.5115
769,000769.png,False,1788893710.424712,1788893710.364712,shear_+X_out,6,+X,0.5,0.36471,-0.17681,-1.12459,0.00707,0.00899,-0.00017,0.38086,-0.18091,-1.16877,0.00513,0.00897,0.00036,0.41205,0.01109,-1.12208,3,38.1918,362.7534,36.5177,179.8738,0.5337,-102.7708,0.0086,24.2028,0.5294
770,000770.png,False,1788893710.812735,1788893710.752735,shear_+X_out,6,+X,0.5,0.34909,-0.15566,-1.08021,0.00646,0.00863,-0.0002,0.36523,-0.15975,-1.12436,0.00452,0.00861,0.00033,0.38765,0.02232,-1.07804,3,38.1925,362.758,36.527,179.8738,0.5342,-102.77,0.0036,24.2122,0.5201
771,000771.png,False,1788893711.204703,1788893711.144703,shear_+X_out,6,+X,0.5,0.38048,-0.06807,-0.97861,0.00429,0.00928,-0.00013,0.39661,-0.07214,-1.02273,0.00235,0.00926,0.00039,0.37037,0.11549,-0.97805,3,38.1864,362.8297,36.5538,179.87,0.5434,-102.7648,0.0098,24.2402,0.4921
772,000772.png,False,1788893711.400817,1788893711.340817,shear_+X_out,6,+X,0.5,0.52942,-0.06399,-0.85661,0.00423,0.0131,-0.00023,0.54554,-0.06806,-0.90071,0.00229,0.01308,0.00029,0.4965,0.19539,-0.85643,3,38.2813,362.8642,36.5735,179.8703,0.5424,-102.7672,0.005,24.2598,0.4725
773,000773.png,False,1788893711.788814,1788893711.728814,shear_+X_out,6,+X,0.5,0.59289,-0.14299,-0.89589,0.00602,0.01447,-0.0002,0.609,-0.14705,-0.93995,0.00407,0.01445,0.00032,0.59122,0.15806,-0.89446,3,38.3579,362.8556,36.5679,179.872,0.5381,-102.7691,0.0047,24.2535,0.4787
774,000774.png,False,1788893711.984844,1788893711.924845,shear_+X_back,6,+X,0.0,0.59236,-0.13278,-1.05044,0.00588,0.01456,-6e-05,0.60846,-0.13684,-1.09448,0.00394,0.01455,0.00047,0.58673,0.16416,-1.04916,3,38.3581,362.8566,36.5393,179.8738,0.5344,-102.7684,0.0013,24.2249,0.5073
775,000775.png,False,1788893712.180728,1788893712.120728,shear_+X_back,6,+X,0.0,0.59475,-0.12575,-1.15391,0.00579,0.01456,-6e-05,0.61085,-0.1298,-1.19793,0.00384,0.01454,0.00046,0.58601,0.16978,-1.15274,3,38.3565,362.8613,36.5226,179.8747,0.5324,-102.768,0.0085,24.2083,0.524
776,000776.png,False,1788893712.372869,1788893712.312869,shear_+X_back,6,+X,0.0,0.40386,-0.07994,-1.16527,0.00476,0.00984,-0.00025,0.41995,-0.08398,-1.20928,0.00281,0.00983,0.00027,0.39785,0.1139,-1.16451,3,38.2549,362.8238,36.5124,179.8765,0.5282,-102.7708,0.002,24.1982,0.5341
777,000777.png,False,1788893712.568749,1788893712.508749,shear_+X_back,6,+X,0.0,0.25421,-0.0548,-1.22033,0.00443,0.00645,-0.00026,0.2703,-0.05884,-1.26432,0.00248,0.00643,0.00026,0.25604,0.06001,-1.2197,3,38.1723,362.7885,36.5042,179.8783,0.5236,-102.7714,0.0037,24.1901,0.5422
778,000778.png,False,1788893712.764756,1788893712.704756,shear_+X_back,6,+X,0.0,0.07102,-0.07968,-1.29553,0.00481,0.00174,-0.00043,0.0871,-0.08371,-1.33951,0.00286,0.00173,9e-05,0.11031,-0.05428,-1.2941,3,38.0724,362.714,36.486,179.8811,0.517,-102.7732,0.0091,24.1713,0.561
779,000779.png,False,1788893712.960767,1788893712.900767,shear_+X_back,6,+X,0.0,0.03056,-0.01016,-1.16467,0.00316,0.00082,-0.00013,0.04663,-0.01418,-1.20862,0.00121,0.00081,0.0004,0.03962,-0.01218,-1.16438,3,38.0302,362.7443,36.5134,179.8794,0.5203,-102.7736,0.0055,24.1995,0.5328
780,000780.png,False,1788893713.348913,1788893713.288913,shear_+X_back,6,+X,0.0,-0.04973,-0.03289,-0.83653,0.00371,-0.00083,-6e-05,-0.03366,-0.03691,-0.88045,0.00176,-0.00084,0.00046,-0.02084,-0.06673,-0.83573,3,37.9551,362.7228,36.589,179.8716,0.539,-102.773,0.0006,24.2753,0.4569
781,000781.png,False,1788893713.936819,1788893713.876819,shear_-X_out,6,-X,0.5,-0.02198,-0.02191,-1.03479,0.00324,-0.00058,-0.00058,-0.00593,-0.02591,-1.07865,0.00129,-0.0006,-6e-05,-0.00092,-0.04653,-1.03421,3,37.9571,362.724,36.5234,179.8714,0.5387,-102.7778,0.0027,24.2097,0.5225
782,000782.png,False,1788893714.128942,1788893714.068942,shear_-X_out,6,-X,0.5,-0.17152,-0.17122,-1.28419,0.00699,-0.00419,-0.0003,-0.15548,-0.17521,-1.32804,0.00503,-0.0042,0.00022,-0.05413,-0.25456,-1.28068,3,37.9178,362.5828,36.4838,179.8762,0.5273,-102.7765,0.0066,24.1681,0.5642
783,000783.png,False,1788893714.324990,1788893714.264990,shear_-X_out,6,-X,0.5,-0.35621,-0.09301,-1.24624,0.00528,-0.00867,-0.0004,-0.34017,-0.097,-1.29007,0.00333,-0.00868,0.00012,-0.25344,-0.2785,-1.24373,3,37.8125,362.5669,36.498,179.8751,0.5299,-102.7782,0.005,24.1828,0.5495
784,000784.png,False,1788893714.716861,1788893714.656862,shear_-X_out,6,-X,0.5,-0.47991,-0.07503,-1.17832,0.00465,-0.01161,-0.00047,-0.46389,-0.07901,-1.22211,0.00269,-0.01162,5e-05,-0.37005,-0.32366,-1.17588,3,37.7323,362.5382,36.5102,179.8741,0.5324,-102.7802,0.0029,24.1951,0.5372
785,000785.png,False,1788893714.908999,1788893714.848999,shear_-X_out,6,-X,0.5,-0.60495,-0.03105,-1.16838,0.00362,-0.01486,-0.00074,-0.58893,-0.03503,-1.21216,0.00166,-0.01487,-0.00022,-0.5004,-0.34789,-1.16646,3,37.6414,362.5131,36.5064,179.8732,0.5341,-102.7806,0.0075,24.1915,0.5407
786,000786.png,False,1788893715.104943,1788893715.044943,shear_-X_out,6,-X,0.5,-0.64123,0.02315,-1.1582,0.00232,-0.01575,-0.00078,-0.62522,0.01918,-1.20196,0.00036,-0.01576,-0.00026,-0.55898,-0.3189,-1.15715,3,37.6023,362.5218,36.511,179.8721,0.5372,-102.7791,0.0017,24.1965,0.5358
787,000787.png,False,1788893715.496940,1788893715.436940,shear_-X_back,6,-X,0.0,-0.62678,-0.00507,-1.18816,0.00303,-0.01535,-0.00066,-0.61077,-0.00903,-1.23189,0.00107,-0.01536,-0.00014,-0.53216,-0.3366,-1.18664,3,37.6039,362.5094,36.5066,179.8727,0.5358,-102.7795,0.01,24.1919,0.5404
788,000788.png,False,1788893715.693034,1788893715.633034,shear_-X_back,6,-X,0.0,-0.62681,-0.01058,-1.19883,0.00318,-0.0153,-0.00057,-0.61081,-0.01453,-1.24253,0.00121,-0.01531,-5e-05,-0.52935,-0.34156,-1.19721,3,37.6056,362.5043,36.5051,179.8729,0.5352,-102.7804,0.0025,24.1903,0.542
789,000789.png,False,1788893715.885031,1788893715.825031,shear_-X_back,6,-X,0.0,-0.42741,-0.04816,-1.14984,0.00414,-0.01037,-0.00039,-0.41141,-0.0521,-1.19352,0.00218,-0.01038,0.00013,-0.33819,-0.27369,-1.14797,3,37.7063,362.5452,36.5121,179.8712,0.5392,-102.78,0.0086,24.1973,0.535
790,000790.png,False,1788893716.081023,1788893716.021024,shear_-X_back,6,-X,0.0,-0.2701,-0.04966,-1.08161,0.00398,-0.00676,-0.00033,-0.25411,-0.0536,-1.12528,0.00201,-0.00677,0.00018,-0.20165,-0.1953,-1.08004,3,37.7935,362.6083,36.5311,179.8685,0.5458,-102.7794,0.0026,24.2167,0.5156
791,000791.png,False,1788893716.277035,1788893716.217035,shear_-X_back,6,-X,0.0,-0.11389,-0.04255,-0.98182,0.00378,-0.00268,-0.00036,-0.09791,-0.04649,-1.02547,0.00181,-0.00269,0.00016,-0.07059,-0.10949,-0.98071,3,37.8726,362.6287,36.5378,179.8679,0.5476,-102.7803,0.0028,24.2231,0.5091
792,000792.png,False,1788893716.473047,1788893716.413047,shear_-X_back,6,-X,0.0,-0.07106,-0.08852,-1.03905,0.00496,-0.00162,-0.0005,-0.05508,-0.09245,-1.08269,0.003,-0.00163,2e-05,-0.01013,-0.12881,-1.03722,3,37.9081,362.6331,36.531,179.8678,0.5474,-102.7798,0.0041,24.2161,0.5161
793,000793.png,False,1788893717.253094,1788893717.193094,shear_-X_back,6,-X,0.0,0.0191,-0.06692,-1.14849,0.00438,0.00048,-0.00045,0.03506,-0.07083,-1.19205,0.00241,0.00048,7e-05,0.05794,-0.06681,-1.14719,3,37.9596,362.6773,36.5105,179.8748,0.5314,-102.7795,0.0061,24.196,0.5363
794,000794.png,False,1788893717.449085,1788893717.389086,shear_-Y_out,6,-Y,0.5,0.01312,-0.04371,-1.09947,0.00392,0.00044,-0.00053,0.02907,-0.04762,-1.14301,0.00195,0.00043,-2e-05,0.04083,-0.04892,-1.09857,3,37.9402,362.7107,36.5235,179.8728,0.5355,-102.7778,0.0026,24.2097,0.5226
795,000795.png,False,1788893717.641019,1788893717.581019,shear_-Y_out,6,-Y,0.5,-0.07648,-0.29755,-1.0737,0.00992,-0.00175,-0.00054,-0.06053,-0.30145,-1.11723,0.00795,-0.00176,-3e-05,0.08986,-0.31311,-1.06823,3,37.9825,362.5455,36.5207,179.8785,0.5226,-102.776,0.0082,24.204,0.5283
796,000796.png,False,1788893717.837116,1788893717.777117,shear_-Y_out,6,-Y,0.5,-0.03604,-0.38179,-1.1107,0.01198,-0.00079,-0.00013,-0.0201,-0.38568,-1.15421,0.01001,-0.00079,0.00038,0.16724,-0.36646,-1.10384,3,38.03,362.5051,36.515,179.8763,0.5273,-102.776,0.0027,24.1973,0.535
797,000797.png,False,1788893718.033163,1788893717.973163,shear_-Y_out,6,-Y,0.5,0.02386,-0.31429,-0.98795,0.01038,0.00079,-0.00036,0.0398,-0.31817,-1.03144,0.00841,0.00079,0.00015,0.18455,-0.2761,-0.9824,3,38.0495,362.5429,36.5351,179.8727,0.5364,-102.7778,0.0029,24.2178,0.5144
798,000798.png,False,1788893718.229115,1788893718.169116,shear_-Y_out,6,-Y,0.5,0.00647,-0.35145,-1.05125,0.01135,0.00039,-0.00025,0.0224,-0.35533,-1.09473,0.00938,0.00039,0.00027,0.18848,-0.31799,-1.04501,3,38.0523,362.5192,36.5249,179.8733,0.5345,-102.7776,0.009,24.2072,0.525
799,000799.png,False,1788893719.593213,1788893719.533213,shear_-Y_out,6,-Y,0.5,0.01091,-0.33871,-1.05094,0.0111,0.00054,-5e-05,0.02681,-0.34255,-1.09429,0.00912,0.00054,0.00046,0.18597,-0.30473,-1.04493,3,38.0617,362.5196,36.5293,179.8732,0.5354,-102.7789,0.0022,24.2116,0.5206
800,000800.png,False,1788893719.789275,1788893719.729275,shear_-Y_out,6,-Y,0.5,0.00505,-0.52448,-0.96106,0.01548,0.00055,8e-05,0.02094,-0.52832,-1.00439,0.0135,0.00055,0.0006,0.27308,-0.46711,-0.95183,3,38.1265,362.4191,36.5554,179.8749,0.5314,-102.7832,0.0101,24.2356,0.4966
801,000801.png,False,1788893719.985220,1788893719.925220,shear_-Y_out,6,-Y,0.5,0.00668,-0.60872,-0.99403,0.01747,0.00059,0.00011,0.02257,-0.61255,-1.03734,0.01549,0.00059,0.00062,0.31681,-0.53978,-0.98333,3,38.1555,362.3599,36.5421,179.8737,0.5337,-102.7795,0.0043,24.2212,0.5111
802,000802.png,False,1788893720.177233,1788893720.117233,shear_-Y_out,6,-Y,0.5,0.04605,-0.52008,-0.93461,0.01534,0.00155,7e-05,0.06193,-0.52391,-0.97791,0.01336,0.00155,0.00058,0.30621,-0.44239,-0.92555,3,38.1523,362.4125,36.5555,179.8705,0.5418,-102.78,0.0048,24.2354,0.4969
803,000803.png,False,1788893720.569172,1788893720.509172,shear_-Y_back,6,-Y,0.0,0.01486,-0.58725,-0.97699,0.017,0.00075,-0.00018,0.03072,-0.59106,-1.02025,0.01502,0.00075,0.00033,0.31305,-0.51682,-0.96669,3,38.1595,362.3687,36.5422,179.8722,0.538,-102.7796,0.0023,24.2214,0.5109
804,000804.png,False,1788893720.765280,1788893720.705280,shear_-Y_back,6,-Y,0.0,0.01125,-0.59939,-1.0029,0.01723,0.00058,-0.0002,0.02711,-0.6032,-1.04614,0.01525,0.00058,0.00032,0.31617,-0.52956,-0.99238,3,38.1614,362.3601,36.5378,179.8723,0.5371,-102.7795,0.0124,24.2169,0.5154
805,000805.png,False,1788893720.957305,1788893720.897305,shear_-Y_back,6,-Y,0.0,-0.03948,-0.41881,-1.22761,0.01323,-0.00071,-0.00033,-0.02363,-0.42262,-1.27083,0.01125,-0.0007,0.00018,0.18356,-0.40211,-1.22008,3,38.084,362.436,36.4959,179.8732,0.5354,-102.7776,0.0017,24.1767,0.5555
806,000806.png,False,1788893721.153327,1788893721.093327,shear_-Y_back,6,-Y,0.0,-0.01725,-0.27241,-1.20747,0.00966,-0.00036,-0.00046,-0.0014,-0.27621,-1.25068,0.00767,-0.00036,5e-05,0.12953,-0.26389,-1.20253,3,38.0408,362.5443,36.5026,179.872,0.538,-102.7785,0.0095,24.1854,0.5469
807,000807.png,False,1788893721.349217,1788893721.289217,shear_-Y_back,6,-Y,0.0,-0.00246,-0.21725,-1.11628,0.0082,0.00011,-0.00039,0.01338,-0.22104,-1.15947,0.00621,0.00012,0.00013,0.11415,-0.20726,-1.11234,3,38.039,362.5584,36.513,179.8733,0.535,-102.7828,0.0035,24.1961,0.5362
808,000808.png,False,1788893721.545334,1788893721.485334,shear_-Y_back,6,-Y,0.0,0.02452,-0.15393,-1.07417,0.00674,0.00087,-0.0003,0.04036,-0.15772,-1.11735,0.00475,0.00088,0.00022,0.1056,-0.13827,-1.07139,3,38.033,362.5962,36.5218,179.8734,0.5346,-102.7863,0.004,24.2055,0.5267
809,000809.png,False,1788893721.741327,1788893721.681327,shear_-Y_back,6,-Y,0.0,0.02895,0.03359,-0.89662,0.00178,0.00075,-0.00064,0.04478,0.02981,-0.93977,-0.00021,0.00076,-0.00013,0.01451,0.02919,-0.89712,3,37.975,362.6839,36.5507,179.8698,0.5428,-102.7915,0.0099,24.2362,0.496
810,000810.png,False,1788893722.521379,1788893722.461379,shear_+Y_out,6,+Y,0.5,0.01309,-0.08072,-1.0098,0.00478,0.00047,-0.00057,0.0289,-0.08448,-1.05288,0.00279,0.00048,-6e-05,0.05866,-0.07954,-1.00827,3,37.9813,362.6675,36.5371,179.8709,0.5408,-102.7891,0.0076,24.2223,0.5099
811,000811.png,False,1788893722.713392,1788893722.653393,shear_+Y_out,6,+Y,0.5,0.10577,0.29187,-1.09188,-0.00404,0.00267,-0.00074,0.12158,0.28811,-1.13495,-0.00603,0.00267,-0.00023,-0.04663,0.28814,-1.09699,3,37.9272,362.867,36.524,179.8667,0.5506,-102.792,0.0028,24.2127,0.5195
812,000812.png,False,1788893722.909387,1788893722.849387,shear_+Y_out,6,+Y,0.5,0.01386,0.25594,-1.14122,-0.00327,0.0003,-0.00054,0.02966,0.25219,-1.18426,-0.00526,0.00031,-3e-05,-0.10795,0.2103,-1.14551,3,37.8944,362.823,36.5103,179.8724,0.5363,-102.7926,0.01,24.1986,0.5337
813,000813.png,False,1788893723.105309,1788893723.045310,shear_+Y_out,6,+Y,0.5,0.01022,0.23101,-1.13066,-0.00265,0.00036,-0.00067,0.02602,0.22727,-1.17369,-0.00464,0.00036,-0.00016,-0.09873,0.18707,-1.13452,3,37.8917,362.8342,36.5169,179.872,0.5373,-102.7926,0.0025,24.2054,0.5268
814,000814.png,False,1788893723.885441,1788893723.825441,shear_+Y_out,6,+Y,0.5,0.00016,0.28187,-1.07965,-0.00391,1e-05,-0.00048,0.01594,0.27815,-1.12261,-0.00591,2e-05,3e-05,-0.1332,0.22691,-1.08438,3,37.8682,362.862,36.532,179.8716,0.5388,-102.7902,0.006,24.2211,0.5111
815,000815.png,False,1788893724.277480,1788893724.217480,shear_+Y_out,6,+Y,0.5,-0.01359,0.24147,-1.09932,-0.00284,-0.00017,-0.00047,0.00218,0.23776,-1.14224,-0.00484,-0.00016,4e-05,-0.12479,0.18473,-1.10331,3,37.8732,362.8401,36.5267,179.8725,0.5368,-102.7902,0.0097,24.2154,0.5168
816,000816.png,False,1788893724.469381,1788893724.409381,shear_+Y_out,6,+Y,0.5,0.02481,0.5012,-0.89937,-0.00921,0.00072,-0.00055,0.04057,0.4975,-0.94228,-0.01121,0.00073,-5e-05,-0.22269,0.43207,-0.90798,3,37.8003,363.0036,36.5707,179.8673,0.5483,-102.79,0.0008,24.2626,0.4697
817,000817.png,False,1788893724.665394,1788893724.605394,shear_+Y_out,6,+Y,0.5,-0.00243,0.62619,-1.08804,-0.01208,-1e-05,-0.00056,0.01332,0.62249,-1.13093,-0.01408,0.0,-5e-05,-0.30742,0.52368,-1.09873,3,37.7449,363.0648,36.5384,179.8709,0.5402,-102.7913,0.0063,24.2316,0.5006
818,000818.png,False,1788893724.861404,1788893724.801404,shear_+Y_out,6,+Y,0.5,-0.03825,0.53159,-1.15797,-0.00988,-0.00081,-0.00052,-0.0225,0.52789,-1.20084,-0.01188,-0.0008,-2e-05,-0.2907,0.42273,-1.16694,3,37.7549,363.0144,36.5241,179.8736,0.5338,-102.7904,0.0082,24.2165,0.5158
819,000819.png,False,1788893725.249510,1788893725.189510,shear_+Y_back,6,+Y,0.0,-0.00331,0.60403,-1.12664,-0.0117,-7e-05,-0.00037,0.01243,0.60034,-1.16947,-0.0137,-6e-05,0.00013,-0.29684,0.50343,-1.13693,3,37.7451,363.0643,36.5342,179.8714,0.539,-102.7902,0.0083,24.2274,0.5049
820,000820.png,False,1788893725.445529,1788893725.385529,shear_+Y_back,6,+Y,0.0,0.00253,0.61563,-1.15525,-0.01183,0.00011,-0.00042,0.01826,0.61195,-1.19807,-0.01383,0.00012,9e-05,-0.29738,0.51594,-1.16576,3,37.744,363.0711,36.5292,179.8718,0.538,-102.7902,0.0047,24.2225,0.5097
821,000821.png,False,1788893725.641572,1788893725.581573,shear_+Y_back,6,+Y,0.0,0.03264,0.37181,-1.13736,-0.0063,0.00072,-0.00033,0.04837,0.36814,-1.18015,-0.00831,0.00073,0.00017,-0.14961,0.3201,-1.14369,3,37.8267,362.9631,36.5258,179.8742,0.5326,-102.7924,0.005,24.2168,0.5154
822,000822.png,False,1788893725.837566,1788893725.777566,shear_+Y_back,6,+Y,0.0,0.00756,0.17256,-1.20754,-0.00132,0.00023,-0.00048,0.02328,0.16889,-1.25032,-0.00333,0.00025,3e-05,-0.07129,0.13388,-1.21036,3,37.8773,362.8411,36.4983,179.8773,0.5254,-102.7926,0.006,24.187,0.5452
823,000823.png,False,1788893726.029562,1788893725.969562,shear_+Y_back,6,+Y,0.0,-0.03928,0.03135,-1.36416,0.00218,-0.00114,-0.00046,-0.02357,0.02768,-1.40693,0.00018,-0.00113,5e-05,-0.04023,-0.01433,-1.36442,3,37.8946,362.7611,36.4753,179.8815,0.5156,-102.7897,0.0033,24.1626,0.5696
824,000824.png,False,1788893726.813507,1788893726.753507,shear_+Y_back,6,+Y,0.0,-0.03134,0.02759,-0.82013,0.00219,-0.00037,-0.00027,-0.01565,0.02395,-0.86282,0.00018,-0.00036,0.00023,-0.03525,-0.0049,-0.82042,3,37.909,362.7406,36.5792,179.8704,0.5416,-102.7735,0.0043,24.2661,0.4662
825,000825.png,False,1788893727.005522,1788893726.945523,shear_+Y_back,6,+Y,0.0,0.03309,-0.13422,-0.92779,0.00609,0.00112,-0.00035,0.04878,-0.13785,-0.97046,0.00408,0.00113,0.00015,0.10215,-0.11457,-0.92538,3,38.021,362.655,36.5439,179.8713,0.5396,-102.783,0.0063,24.2286,0.5037
826,000826.png,False,1788893727.201622,1788893727.141623,shear_+Y_back,6,+Y,0.0,0.07118,-0.13626,-1.03193,0.0063,0.00198,-0.00016,0.08686,-0.13989,-1.07459,0.00429,0.002,0.00034,0.13689,-0.09897,-1.02956,3,38.0213,362.6691,36.5315,179.8707,0.5408,-102.79,0.0083,24.2164,0.5158
827,000827.png,False,1788893728.177671,1788893728.117671,shear_+Y_back,6,+Y,0.0,-0.01892,-0.0816,-1.49931,0.00513,-0.00059,-0.00023,-0.00327,-0.0852,-1.54188,0.00312,-0.00057,0.00027,0.03477,-0.10414,-1.49763,3,37.9557,362.674,36.4513,179.8732,0.5347,-102.79,0.0014,24.1368,0.5954
828,000828.png,False,1788893731.297791,1788893731.237792,shear_+X_out,7,+X,0.5,-0.02214,-0.08401,-0.98763,0.00509,-0.00029,-0.00034,-0.00657,-0.08753,-1.02991,0.00307,-0.00027,0.00016,0.02964,-0.09964,-0.98597,3,37.9625,362.667,36.5431,179.8714,0.5389,-102.793,0.0003,24.2284,0.5038
829,000829.png,False,1788893731.493860,1788893731.433860,shear_+X_out,7,+X,0.5,0.19648,0.02419,-0.98412,0.00242,0.00509,-0.00018,0.21204,0.02068,-1.02638,0.00039,0.00511,0.00032,0.16493,0.10336,-0.98478,3,38.0533,362.782,36.5475,179.8686,0.546,-102.7952,0.0069,24.234,0.4982
830,000830.png,False,1788893731.885848,1788893731.825848,shear_+X_out,7,+X,0.5,0.34135,-0.13342,-0.97316,0.00612,0.00852,-0.00052,0.35691,-0.13692,-1.01538,0.00409,0.00855,-2e-05,0.36909,0.03942,-0.97138,3,38.1778,362.7571,36.5416,179.8719,0.5379,-102.7946,0.0032,24.2269,0.5054
831,000831.png,False,1788893732.861952,1788893732.801952,shear_+X_out,7,+X,0.5,0.32736,-0.10142,-0.97095,0.00552,0.00832,-0.00051,0.34289,-0.10489,-1.01309,0.00348,0.00835,-1e-05,0.34097,0.06018,-0.9697,3,38.176,362.7712,36.5434,179.8719,0.5386,-102.7935,0.0001,24.2289,0.5034
832,000832.png,False,1788893733.053949,1788893732.993949,shear_+X_out,7,+X,0.5,0.49111,-0.03969,-1.1231,0.00405,0.0122,-0.00023,0.50663,-0.04315,-1.16522,0.00202,0.01222,0.00026,0.45302,0.19303,-1.12322,3,38.2346,362.8456,36.5218,179.8704,0.5418,-102.7946,0.0091,24.2081,0.5241
833,000833.png,False,1788893733.249893,1788893733.189893,shear_+X_out,7,+X,0.5,0.59586,-0.08822,-1.07811,0.00518,0.01468,-0.00021,0.61138,-0.09168,-1.12021,0.00315,0.01471,0.00029,0.56769,0.20406,-1.07761,3,38.3164,362.8593,36.5306,179.8717,0.5392,-102.792,0.0037,24.2165,0.5157
834,000834.png,False,1788893733.641963,1788893733.581963,shear_+X_out,7,+X,0.5,0.60104,-0.1317,-1.05036,0.00621,0.01479,-0.00026,0.61655,-0.13515,-1.09243,0.00417,0.01481,0.00024,0.59372,0.16943,-1.04912,3,38.3447,362.8488,36.535,179.8729,0.5359,-102.7933,0.0071,24.2206,0.5116
835,000835.png,False,1788893733.833968,1788893733.773968,shear_+X_back,7,+X,0.0,0.59756,-0.11662,-1.05096,0.00592,0.01476,-0.00012,0.61306,-0.12007,-1.09301,0.00388,0.01478,0.00037,0.58317,0.18074,-1.04998,3,38.3441,362.8543,36.5386,179.8732,0.5358,-102.7926,0.0038,24.2243,0.508
836,000836.png,False,1788893734.030013,1788893733.970013,shear_+X_back,7,+X,0.0,0.59913,-0.1,-1.02298,0.00538,0.01484,-9e-05,0.61462,-0.10344,-1.06501,0.00334,0.01487,0.00041,0.57603,0.19637,-1.02229,3,38.3417,362.8648,36.5414,179.8723,0.5368,-102.7924,0.0048,24.2273,0.505
837,000837.png,False,1788893734.225996,1788893734.165996,shear_+X_back,7,+X,0.0,0.41293,-0.0534,-0.93431,0.00425,0.01034,-0.00025,0.42842,-0.05684,-0.97633,0.00221,0.01037,0.00024,0.39085,0.14511,-0.93407,3,38.2442,362.8306,36.5562,179.8723,0.5374,-102.7937,0.0097,24.2421,0.4901
838,000838.png,False,1788893734.422009,1788893734.362009,shear_+X_back,7,+X,0.0,0.25223,-0.06529,-0.84494,0.00453,0.00662,-0.0003,0.26772,-0.06872,-0.88694,0.00249,0.00665,0.00019,0.25697,0.05595,-0.84418,3,38.1464,362.7334,36.5671,179.8734,0.5343,-102.7963,0.004,24.2522,0.48
839,000839.png,False,1788893734.614049,1788893734.554049,shear_+X_back,7,+X,0.0,0.09929,-0.06488,-0.95102,0.00465,0.00271,-0.0003,0.11476,-0.0683,-0.993,0.00261,0.00274,0.0002,0.12501,-0.02182,-0.94995,3,38.0674,362.7462,36.5535,179.8711,0.54,-102.7985,0.0049,24.2393,0.4929
840,000840.png,False,1788893734.810012,1788893734.750012,shear_+X_back,7,+X,0.0,0.06878,0.00401,-0.95512,0.00292,0.00191,-0.0004,0.08426,0.00059,-0.99709,0.00088,0.00194,0.0001,0.0642,0.02254,-0.95519,3,38.0286,362.7563,36.5493,179.8705,0.5414,-102.7972,0.0095,24.2356,0.4967
841,000841.png,False,1788893735.006027,1788893734.946028,shear_+X_back,7,+X,0.0,-0.02465,-0.05943,-1.043,0.00446,-0.00032,-0.00052,-0.00919,-0.06284,-1.08495,0.00242,-0.00029,-2e-05,0.01557,-0.0805,-1.04177,3,37.9895,362.6611,36.5289,179.8739,0.5329,-102.7965,0.0008,24.2139,0.5183
842,000842.png,False,1788893735.202029,1788893735.142029,shear_+X_back,7,+X,0.0,-0.07401,-0.03994,-0.95779,0.004,-0.00148,-0.00057,-0.05855,-0.04334,-0.99972,0.00196,-0.00145,-8e-05,-0.03752,-0.08691,-0.95681,3,37.9594,362.6778,36.5442,179.872,0.5373,-102.797,0.0055,24.2297,0.5026
843,000843.png,False,1788893735.785990,1788893735.725990,shear_-X_out,7,-X,0.5,-0.03759,0.018,-1.106,0.0026,-0.00072,-0.00014,-0.02214,0.01461,-1.14787,0.00055,-0.00069,0.00035,-0.03389,-0.02091,-1.10607,3,37.9491,362.7364,36.5216,179.8704,0.5418,-102.7972,0.0089,24.2081,0.5242
844,000844.png,False,1788893735.982086,1788893735.922086,shear_-X_out,7,-X,0.5,-0.20724,-0.14753,-1.23155,0.00673,-0.00483,-0.00019,-0.1918,-0.15091,-1.2734,0.00469,-0.0048,0.0003,-0.09727,-0.25105,-1.22839,3,37.9134,362.5913,36.5018,179.8747,0.5314,-102.8002,0.0066,24.1863,0.546
845,000845.png,False,1788893736.178092,1788893736.118092,shear_-X_out,7,-X,0.5,-0.37938,-0.03538,-1.20437,0.00408,-0.00899,-0.00039,-0.36395,-0.03876,-1.24621,0.00203,-0.00896,0.0001,-0.3026,-0.2395,-1.20282,3,37.7942,362.5855,36.5035,179.8724,0.5368,-102.7983,0.0019,24.1887,0.5436
846,000846.png,False,1788893736.370170,1788893736.310170,shear_-X_out,7,-X,0.5,-0.40476,0.0472,-1.15055,0.00201,-0.00976,-0.0005,-0.38933,0.04382,-1.19237,-4e-05,-0.00973,-1e-05,-0.36621,-0.1798,-1.15038,3,37.7473,362.6133,36.5131,179.87,0.5429,-102.7981,0.0084,24.199,0.5332
847,000847.png,False,1788893737.346172,1788893737.286172,shear_-X_out,7,-X,0.5,-0.41242,-0.03102,-1.01394,0.00374,-0.0099,-0.00057,-0.39701,-0.03436,-1.05568,0.00169,-0.00987,-8e-05,-0.33472,-0.24917,-1.01243,3,37.7433,362.5713,36.5356,179.8703,0.5409,-102.8042,0.0033,24.2209,0.5114
848,000848.png,False,1788893737.542082,1788893737.482082,shear_-X_out,7,-X,0.5,-0.49555,0.01154,-1.04887,0.0027,-0.01208,-0.00032,-0.48015,0.0082,-1.09058,0.00065,-0.01205,0.00017,-0.42775,-0.25442,-1.04792,3,37.686,362.5647,36.5366,179.8706,0.5406,-102.8009,0.0029,24.2222,0.51
849,000849.png,False,1788893737.738180,1788893737.678180,shear_-X_out,7,-X,0.5,-0.56995,0.01639,-1.07604,0.00272,-0.0137,-0.00052,-0.55456,0.01306,-1.11773,0.00066,-0.01366,-3e-05,-0.49443,-0.28783,-1.07502,3,37.6422,362.5418,36.5289,179.8703,0.5412,-102.7991,0.008,24.2144,0.5178
850,000850.png,False,1788893738.518218,1788893738.458218,shear_-X_back,7,-X,0.0,-0.60893,0.02381,-1.10806,0.00255,-0.01474,-0.00039,-0.59356,0.0205,-1.14968,0.00049,-0.0147,0.0001,-0.53168,-0.30139,-1.10709,3,37.5978,362.5233,36.5266,179.8697,0.5435,-102.7989,0.0051,24.2122,0.5201
851,000851.png,False,1788893738.714230,1788893738.654230,shear_-X_back,7,-X,0.0,-0.60472,0.01772,-1.10848,0.00248,-0.01467,-0.00033,-0.58935,0.01441,-1.15008,0.00042,-0.01463,0.00016,-0.52498,-0.30457,-1.10741,2,37.5981,362.5217,36.5274,179.8695,0.5439,-102.7996,0.0018,24.2129,0.5194
852,000852.png,False,1788893738.906223,1788893738.846223,shear_-X_back,7,-X,0.0,-0.48763,0.08475,-0.9994,0.00094,-0.01178,-0.00055,-0.47227,0.08145,-1.04099,-0.00112,-0.01174,-6e-05,-0.4578,-0.18626,-0.99975,3,37.6388,362.5847,36.5439,179.8669,0.5508,-102.7961,0.0043,24.2302,0.5021
853,000853.png,False,1788893739.102173,1788893739.042173,shear_-X_back,7,-X,0.0,-0.41998,-0.00092,-1.02141,0.00287,-0.01014,-0.00031,-0.40462,-0.00421,-1.06298,0.00081,-0.0101,0.00018,-0.35625,-0.227,-1.0204,3,37.6888,362.566,36.5412,179.8679,0.5487,-102.7974,0.0037,24.2268,0.5054
854,000854.png,False,1788893739.298293,1788893739.238293,shear_-X_back,7,-X,0.0,-0.27659,-0.00555,-0.92372,0.0031,-0.00657,-0.00052,-0.26124,-0.00884,-0.96527,0.00105,-0.00653,-4e-05,-0.23041,-0.15781,-0.92293,3,37.7657,362.6056,36.554,179.866,0.5535,-102.7955,0.0093,24.2397,0.4925
855,000855.png,False,1788893739.494271,1788893739.434271,shear_-X_back,7,-X,0.0,-0.17296,-0.01769,-0.8875,0.00343,-0.00403,-0.00045,-0.15762,-0.02097,-0.92903,0.00137,-0.00399,4e-05,-0.13484,-0.11596,-0.88671,2,37.8257,362.63,36.5601,179.8651,0.5557,-102.7959,0.0028,24.2457,0.4865
856,000856.png,False,1788893739.690193,1788893739.630193,shear_-X_back,7,-X,0.0,-0.10038,-0.01068,-0.8855,0.00326,-0.00216,-0.00041,-0.08504,-0.01396,-0.92702,0.0012,-0.00212,8e-05,-0.07547,-0.07359,-0.88498,3,37.8648,362.6515,36.5617,179.8644,0.5571,-102.7968,0.0023,24.2474,0.4848
857,000857.png,False,1788893739.882213,1788893739.822213,shear_-X_back,7,-X,0.0,-0.03343,-0.0256,-1.04258,0.00359,-0.00062,-0.00036,-0.0181,-0.02888,-1.08408,0.00153,-0.00058,0.00013,-0.00894,-0.05558,-1.04191,3,37.9062,362.6721,36.5333,179.865,0.5559,-102.7966,0.0087,24.2191,0.5132
858,000858.png,False,1788893740.858382,1788893740.798382,shear_-X_back,7,-X,0.0,0.00596,-0.02659,-1.15386,0.00374,0.00016,-0.00026,0.02127,-0.02984,-1.19527,0.00168,0.0002,0.00022,0.02645,-0.03854,-1.15323,3,37.9425,362.6971,36.5146,179.8721,0.5395,-102.788,0.0082,24.2005,0.5317
859,000859.png,False,1788893741.054354,1788893740.994354,shear_-Y_out,7,-Y,0.5,-0.0165,-0.08268,-0.99156,0.00486,-0.00029,-0.00026,-0.0012,-0.08592,-1.03295,0.0028,-0.00025,0.00023,0.03389,-0.09574,-0.98994,3,37.9506,362.6667,36.538,179.8717,0.54,-102.7852,0.0031,24.2234,0.5089
860,000860.png,False,1788893741.250366,1788893741.190367,shear_-Y_out,7,-Y,0.5,-0.00929,-0.08392,-0.99189,0.00496,-2e-05,-0.00036,0.006,-0.08716,-1.03327,0.00289,2e-05,0.00012,0.04076,-0.09322,-0.99027,3,37.9585,362.6623,36.5384,179.8717,0.5405,-102.7861,0.0019,24.2237,0.5085
861,000861.png,False,1788893741.442291,1788893741.382291,shear_-Y_out,7,-Y,0.5,0.00713,-0.11625,-1.01764,0.00576,0.00059,-0.00024,0.02242,-0.11948,-1.059,0.00369,0.00064,0.00025,0.07131,-0.11342,-1.01549,3,37.9735,362.652,36.5337,179.8718,0.5398,-102.7859,0.0086,24.2187,0.5136
862,000862.png,False,1788893741.638400,1788893741.578400,shear_-Y_out,7,-Y,0.5,0.00626,-0.18316,-1.09167,0.00742,0.00037,-0.0002,0.02155,-0.18638,-1.13301,0.00535,0.00041,0.00029,0.1045,-0.17299,-1.08834,3,37.9938,362.6186,36.522,179.8728,0.5381,-102.7854,0.0031,24.2063,0.5259
863,000863.png,False,1788893741.834431,1788893741.774431,shear_-Y_out,7,-Y,0.5,0.00219,-0.26769,-1.14039,0.00932,-0.0,-0.00049,0.01746,-0.2709,-1.18171,0.00725,4e-05,-0.0,0.14354,-0.24901,-1.13558,3,38.0146,362.5757,36.5058,179.8735,0.5365,-102.7863,0.0029,24.1893,0.543
864,000864.png,False,1788893742.030403,1788893741.970403,shear_-Y_out,7,-Y,0.5,-0.00276,-0.33852,-1.11629,0.01112,-1e-05,-0.00034,0.01251,-0.34174,-1.15759,0.00905,3e-05,0.00014,0.17448,-0.31245,-1.11024,3,38.0409,362.5235,36.5115,179.8732,0.5368,-102.7867,0.0084,24.194,0.5382
865,000865.png,False,1788893742.226423,1788893742.166423,shear_-Y_out,7,-Y,0.5,-0.01077,-0.39573,-1.02203,0.01241,-0.00013,-0.00028,0.0045,-0.39894,-1.06332,0.01034,-8e-05,0.0002,0.19547,-0.36448,-1.01499,3,38.055,362.4999,36.5311,179.872,0.5396,-102.7863,0.0063,24.2131,0.5191
866,000866.png,False,1788893743.590560,1788893743.530560,shear_-Y_out,7,-Y,0.5,-0.00704,-0.4232,-0.93979,0.01303,9e-05,-0.00057,0.00819,-0.42637,-0.98096,0.01095,0.00013,-9e-05,0.21185,-0.38509,-0.9323,3,38.081,362.468,36.5407,179.87,0.5444,-102.7865,0.0093,24.222,0.5102
867,000867.png,False,1788893743.786512,1788893743.726512,shear_-Y_out,7,-Y,0.5,-0.00765,-0.4526,-0.97435,0.01382,2e-05,-0.0006,0.00757,-0.45577,-1.0155,0.01174,7e-05,-0.00012,0.22626,-0.41141,-0.96634,3,38.091,362.45,36.5322,179.8704,0.5435,-102.7863,0.0038,24.2132,0.519
868,000868.png,False,1788893743.982431,1788893743.922431,shear_-Y_out,7,-Y,0.5,-0.01175,-0.50774,-1.00861,0.0153,-5e-05,-0.00066,0.00347,-0.5109,-1.04973,0.01322,-0.0,-0.00018,0.25049,-0.46177,-0.99963,3,38.1062,362.4184,36.5257,179.871,0.5421,-102.7854,0.0023,24.206,0.5262
869,000869.png,False,1788893744.174529,1788893744.114529,shear_-Y_out,7,-Y,0.5,-0.00749,-0.54269,-0.89894,0.01604,0.0001,-0.00056,0.00772,-0.54584,-0.94005,0.01396,0.00015,-8e-05,0.27088,-0.48815,-0.88937,3,38.1213,362.3976,36.5507,179.8696,0.5455,-102.7855,0.0085,24.2306,0.5017
870,000870.png,False,1788893744.370541,1788893744.310541,shear_-Y_out,7,-Y,0.5,0.00453,-0.56604,-0.86454,0.01628,0.0002,-0.0005,0.01974,-0.56919,-0.90563,0.0142,0.00025,-2e-05,0.29273,-0.50182,-0.8546,3,38.1375,362.3795,36.5554,179.869,0.5469,-102.7866,0.0031,24.2349,0.4973
871,000871.png,False,1788893744.566578,1788893744.506578,shear_-Y_out,7,-Y,0.5,0.00177,-0.60372,-0.93731,0.01753,0.00041,-0.00034,0.01697,-0.60687,-0.97839,0.01545,0.00046,0.00014,0.30966,-0.537,-0.92671,3,38.1539,362.3538,36.5464,179.8694,0.5459,-102.787,0.0057,24.2254,0.5069
872,000872.png,False,1788893744.762466,1788893744.702466,shear_-Y_out,7,-Y,0.5,0.00072,-0.64617,-0.97116,0.01841,0.00017,-0.00026,0.01592,-0.64931,-1.01221,0.01633,0.00022,0.00022,0.3302,-0.57483,-0.95981,3,38.1643,362.3338,36.5428,179.8699,0.5454,-102.787,0.0089,24.2213,0.5109
873,000873.png,False,1788893745.150579,1788893745.090580,shear_-Y_back,7,-Y,0.0,0.00047,-0.63098,-0.95766,0.01818,0.00026,-0.00037,0.01566,-0.63411,-0.99868,0.0161,0.00031,0.00011,0.3223,-0.56158,-0.94658,3,38.1673,362.3319,36.5432,179.8698,0.5451,-102.7865,0.0053,24.2218,0.5105
874,000874.png,False,1788893745.346607,1788893745.286607,shear_-Y_back,7,-Y,0.0,0.00128,-0.62935,-0.96237,0.01817,0.00027,-0.00031,0.01647,-0.63247,-1.00338,0.01609,0.00032,0.00017,0.32222,-0.55983,-0.95132,3,38.1665,362.3306,36.5436,179.8699,0.5449,-102.7868,0.0095,24.2222,0.5101
875,000875.png,False,1788893745.734611,1788893745.674611,shear_-Y_back,7,-Y,0.0,0.03919,-0.49333,-0.80106,0.0147,0.00113,-0.00054,0.05436,-0.49644,-0.84203,0.01261,0.00118,-6e-05,0.28598,-0.42051,-0.79247,2,38.1502,362.4081,36.569,179.8682,0.5491,-102.792,0.0062,24.2489,0.4834
876,000876.png,False,1788893745.930627,1788893745.870627,shear_-Y_back,7,-Y,0.0,0.08382,-0.35244,-0.70114,0.01132,0.00219,-0.00039,0.09899,-0.35554,-0.74209,0.00923,0.00224,9e-05,0.25356,-0.27458,-0.69509,3,38.1355,362.4805,36.5935,179.8657,0.5542,-102.8005,0.0082,24.2746,0.4576
877,000877.png,False,1788893746.126607,1788893746.066607,shear_-Y_back,7,-Y,0.0,0.07684,-0.23756,-0.68069,0.00856,0.00213,-0.00043,0.092,-0.24066,-0.72162,0.00647,0.00218,5e-05,0.18997,-0.17825,-0.67662,3,38.0922,362.5487,36.6018,179.864,0.5582,-102.8051,0.0069,24.2843,0.4479
878,000878.png,False,1788893746.322650,1788893746.262650,shear_-Y_back,7,-Y,0.0,-0.04045,-0.12636,-0.97551,0.0061,-0.0009,-0.00029,-0.0253,-0.12946,-1.01642,0.00401,-0.00085,0.00019,0.03486,-0.14528,-0.97309,3,37.9986,362.5785,36.5475,179.8678,0.5497,-102.7944,0.0033,24.2311,0.5011
879,000879.png,False,1788893746.518656,1788893746.458656,shear_-Y_back,7,-Y,0.0,-0.04987,-0.13125,-1.07961,0.00632,-0.00132,-0.00034,-0.03472,-0.13434,-1.1205,0.00423,-0.00127,0.00014,0.02986,-0.15588,-1.07707,3,37.9866,362.5816,36.5269,179.8699,0.5447,-102.7913,0.0087,24.2107,0.5215
880,000880.png,False,1788893746.710572,1788893746.650573,shear_-Y_back,7,-Y,0.0,-0.02643,-0.05169,-1.09975,0.00436,-0.00069,-0.00042,-0.01129,-0.05477,-1.14063,0.00227,-0.00064,6e-05,0.01055,-0.07559,-1.09864,3,37.9663,362.6658,36.5227,179.8695,0.5457,-102.7911,0.0022,24.208,0.5243
881,000881.png,False,1788893747.490769,1788893747.430769,shear_-Y_back,7,-Y,0.0,-0.00571,-0.02693,-0.94529,0.00351,-7e-05,-0.0006,0.00941,-0.02999,-0.9861,0.00141,-1e-05,-0.00013,0.01506,-0.04132,-0.94467,3,37.9662,362.6685,36.5467,179.8734,0.5363,-102.8033,0.0081,24.2321,0.5002
882,000882.png,False,1788893747.686628,1788893747.626628,shear_+Y_out,7,+Y,0.5,-0.00416,-0.03098,-0.93708,0.00364,-0.00022,-0.00072,0.01096,-0.03404,-0.97787,0.00155,-0.00016,-0.00024,0.01838,-0.04392,-0.93639,3,37.9665,362.6712,36.5474,179.8731,0.5369,-102.8046,0.0008,24.2328,0.4995
883,000883.png,False,1788893747.882636,1788893747.822636,shear_+Y_out,7,+Y,0.5,0.02055,0.04061,-0.86401,0.00201,0.00048,-0.0007,0.03566,0.03756,-0.90478,-9e-05,0.00053,-0.00023,0.0035,0.0316,-0.86462,3,37.9554,362.718,36.5635,179.8717,0.5401,-102.8052,0.0062,24.2497,0.4826
884,000884.png,False,1788893748.078713,1788893748.018713,shear_+Y_out,7,+Y,0.5,0.01831,0.0674,-0.84858,0.00127,0.00041,-0.00071,0.03342,0.06435,-0.88934,-0.00083,0.00047,-0.00023,-0.01193,0.05393,-0.84966,3,37.9476,362.7292,36.567,179.8713,0.5406,-102.8059,0.0083,24.2534,0.4788
885,000885.png,False,1788893748.270746,1788893748.210746,shear_+Y_out,7,+Y,0.5,0.01599,0.11357,-0.8435,0.00015,0.00039,-0.00071,0.0311,0.11053,-0.88423,-0.00195,0.00045,-0.00024,-0.03704,0.09284,-0.84537,3,37.9322,362.7564,36.5681,179.8717,0.5401,-102.8061,0.0016,24.255,0.4772
886,000886.png,False,1788893748.466798,1788893748.406798,shear_+Y_out,7,+Y,0.5,0.0147,0.17581,-0.9052,-0.00115,0.00031,-0.00067,0.0298,0.17278,-0.94592,-0.00325,0.00037,-0.0002,-0.06883,0.14511,-0.90814,3,37.9107,362.7903,36.559,179.8726,0.5385,-102.8057,0.0072,24.2467,0.4856
887,000887.png,False,1788893748.662706,1788893748.602706,shear_+Y_out,7,+Y,0.5,0.0101,0.2266,-0.91436,-0.00266,5e-05,-0.00065,0.02519,0.22357,-0.95506,-0.00476,0.00011,-0.00017,-0.09813,0.18665,-0.91817,3,37.892,362.8164,36.5573,179.8727,0.5381,-102.8048,0.0074,24.2455,0.4867
888,000888.png,False,1788893748.858788,1788893748.798788,shear_+Y_out,7,+Y,0.5,0.01544,0.27302,-0.95108,-0.00372,0.00017,-0.00062,0.03052,0.27,-0.99176,-0.00582,0.00023,-0.00015,-0.11644,0.22893,-0.9557,3,37.8784,362.8472,36.5538,179.8728,0.5379,-102.8054,0.0027,24.2426,0.4896
889,000889.png,False,1788893749.054811,1788893748.994812,shear_+Y_out,7,+Y,0.5,0.01511,0.316,-0.94297,-0.00469,0.00025,-0.00076,0.03019,0.31299,-0.98364,-0.00679,0.00031,-0.00029,-0.13826,0.26613,-0.94834,3,37.8624,362.8732,36.5544,179.8727,0.5376,-102.8046,0.0084,24.2437,0.4885
890,000890.png,False,1788893749.442900,1788893749.382900,shear_+Y_out,7,+Y,0.5,0.01678,0.3649,-0.93002,-0.00588,0.00026,-0.00078,0.03185,0.36189,-0.97065,-0.00798,0.00032,-0.00031,-0.16133,0.30951,-0.93624,3,37.8413,362.9117,36.5575,179.8726,0.5383,-102.8052,0.004,24.2475,0.4847
891,000891.png,False,1788893750.418897,1788893750.358897,shear_+Y_out,7,+Y,0.5,0.0115,0.35706,-1.0535,-0.00579,-2e-05,-0.00059,0.02654,0.35408,-1.09404,-0.00789,5e-05,-0.00011,-0.16113,0.29811,-1.05955,3,37.8344,362.9153,36.5379,179.8728,0.5372,-102.8046,0.0023,24.2281,0.5042
892,000892.png,False,1788893750.614870,1788893750.554870,shear_+Y_out,7,+Y,0.5,0.02259,0.39971,-1.11374,-0.00668,0.0003,-0.0004,0.03763,0.39674,-1.15426,-0.00879,0.00036,7e-05,-0.17241,0.33963,-1.12055,3,37.8298,362.9369,36.5312,179.8726,0.5383,-102.8055,0.0034,24.2218,0.5104
893,000893.png,False,1788893750.810790,1788893750.750790,shear_+Y_out,7,+Y,0.5,0.02792,0.42588,-1.12573,-0.00737,0.00045,-0.00047,0.04295,0.42291,-1.16623,-0.00947,0.00052,0.0,-0.18079,0.36476,-1.133,3,37.8236,362.9543,36.5247,179.8722,0.5386,-102.8063,0.0069,24.2156,0.5166
894,000894.png,False,1788893751.002918,1788893750.942918,shear_+Y_out,7,+Y,0.5,0.0269,0.46122,-1.17087,-0.00802,0.00058,-0.00041,0.04192,0.45825,-1.21135,-0.01013,0.00064,6e-05,-0.19902,0.39413,-1.17874,3,37.8126,362.973,36.5236,179.872,0.5395,-102.8057,0.0031,24.2149,0.5174
895,000895.png,False,1788893751.198813,1788893751.138813,shear_+Y_out,7,+Y,0.5,0.0234,0.50803,-1.12657,-0.00926,0.00024,-0.00064,0.03842,0.50507,-1.16704,-0.01137,0.0003,-0.00017,-0.22574,0.43364,-1.13525,3,37.7953,362.9972,36.5259,179.8716,0.5405,-102.8048,0.0084,24.2177,0.5146
896,000896.png,False,1788893751.394823,1788893751.334823,shear_+Y_out,7,+Y,0.5,0.01337,0.53226,-1.11604,-0.00992,3e-05,-0.0006,0.02838,0.52931,-1.15649,-0.01203,0.0001,-0.00013,-0.24661,0.44978,-1.12512,4,37.7808,363.0125,36.5299,179.872,0.5395,-102.8044,0.0023,24.2221,0.5102
897,000897.png,False,1788893751.590833,1788893751.530833,shear_+Y_out,7,+Y,0.5,0.01323,0.56233,-1.09581,-0.01065,-2e-05,-0.00057,0.02824,0.55939,-1.13625,-0.01276,4e-05,-0.0001,-0.2619,0.47608,-1.10542,3,37.7674,363.035,36.5336,179.8723,0.5387,-102.8044,0.0043,24.2261,0.5061
898,000898.png,False,1788893751.782969,1788893751.722969,shear_+Y_out,7,+Y,0.5,0.00462,0.58715,-1.08355,-0.01114,-5e-05,-0.00082,0.01962,0.58421,-1.12396,-0.01325,1e-05,-0.00035,-0.28184,0.49346,-1.09357,3,37.7566,363.0469,36.5322,179.8729,0.5373,-102.8048,0.0069,24.225,0.5072
899,000899.png,False,1788893751.978982,1788893751.918983,shear_+Y_out,7,+Y,0.5,0.00794,0.62155,-1.08476,-0.01215,-9e-05,-0.00078,0.02294,0.61862,-1.12516,-0.01427,-2e-05,-0.00031,-0.29614,0.5249,-1.09539,3,37.743,363.0696,36.5335,179.8725,0.5376,-102.8041,0.0007,24.2268,0.5054
900,000900.png,False,1788893752.174864,1788893752.114864,shear_+Y_out,7,+Y,0.5,0.01284,0.64688,-1.07392,-0.01248,5e-05,-0.00084,0.02783,0.64395,-1.1143,-0.01459,0.00011,-0.00037,-0.30463,0.54945,-1.085,3,37.7371,363.0858,36.537,179.8725,0.5376,-102.8041,0.0053,24.2306,0.5016
901,000901.png,False,1788893752.562978,1788893752.502978,shear_+Y_back,7,+Y,0.0,0.00955,0.63037,-1.08943,-0.01229,-0.00016,-0.00077,0.02453,0.62745,-1.12977,-0.01441,-9e-05,-0.0003,-0.29912,0.53326,-1.10021,3,37.7352,363.086,36.5376,179.8728,0.5375,-102.8039,0.0003,24.2312,0.501
902,000902.png,False,1788893752.759042,1788893752.699042,shear_+Y_back,7,+Y,0.0,0.00813,0.62728,-1.10283,-0.01227,-9e-05,-0.00054,0.02311,0.62436,-1.14315,-0.01439,-2e-05,-7e-05,-0.29871,0.52966,-1.11355,2,37.7348,363.0839,36.5352,179.8731,0.5369,-102.8041,0.0113,24.2287,0.5035
903,000903.png,False,1788893752.954907,1788893752.894907,shear_+Y_back,7,+Y,0.0,-0.05715,0.44143,-1.18887,-0.00777,-0.00164,-0.00072,-0.04218,0.43852,-1.22918,-0.00989,-0.00157,-0.00025,-0.26181,0.33471,-1.19623,3,37.7561,362.9778,36.5101,179.8776,0.5263,-102.8017,0.0003,24.2019,0.5304
904,000904.png,False,1788893753.151063,1788893753.091063,shear_+Y_back,7,+Y,0.0,-0.05802,0.41663,-1.18664,-0.00724,-0.00184,-0.0007,-0.04306,0.41373,-1.22694,-0.00936,-0.00177,-0.00023,-0.25019,0.31283,-1.19357,3,37.7571,362.9802,36.514,179.8764,0.5291,-102.7998,0.0118,24.2057,0.5265
905,000905.png,False,1788893753.346926,1788893753.286926,shear_+Y_back,7,+Y,0.0,-0.10267,0.29063,-1.26724,-0.00411,-0.00288,-0.00066,-0.08771,0.28773,-1.30751,-0.00623,-0.00281,-0.00019,-0.22535,0.1801,-1.27188,3,37.777,362.8848,36.4927,179.8804,0.5201,-102.7932,0.0001,24.1828,0.5495
906,000906.png,False,1788893753.538939,1788893753.478939,shear_+Y_back,7,+Y,0.0,-0.04847,0.28152,-1.10078,-0.00388,-0.0015,-0.00067,-0.03351,0.27863,-1.14104,-0.006,-0.00143,-0.0002,-0.17501,0.20197,-1.1054,3,37.8063,362.8894,36.5229,179.8775,0.5267,-102.7965,0.0086,24.2128,0.5194
907,000907.png,False,1788893753.735019,1788893753.675019,shear_+Y_back,7,+Y,0.0,-0.0054,0.24428,-1.07069,-0.00283,-0.00015,-0.00054,0.00955,0.24139,-1.11093,-0.00494,-8e-05,-7e-05,-0.1193,0.19171,-1.07475,2,37.8384,362.8815,36.5325,179.8736,0.5361,-102.7952,0.0001,24.2221,0.5101
908,000908.png,False,1788893753.931040,1788893753.871040,shear_+Y_back,7,+Y,0.0,0.07754,0.14478,-0.74882,-0.00058,0.00198,-0.0005,0.09248,0.14189,-0.78904,-0.0027,0.00205,-3e-05,2e-05,0.15213,-0.75137,3,37.9164,362.8539,36.595,179.8699,0.5449,-102.8033,0.0054,24.2837,0.4486
909,000909.png,False,1788893754.319125,1788893754.259125,shear_+Y_back,7,+Y,0.0,0.01269,-0.01193,-0.96224,0.0031,0.00024,-0.00047,0.02763,-0.0148,-1.00242,0.00097,0.00031,-1e-05,0.02363,-0.0194,-0.96191,3,37.9373,362.7431,36.5478,179.8727,0.5379,-102.8035,0.0001,24.2345,0.4978
910,000910.png,False,1788893754.711183,1788893754.651183,shear_+Y_back,7,+Y,0.0,-0.01802,-0.07809,-1.00583,0.00476,-0.00052,-0.00047,-0.00309,-0.08095,-1.04598,0.00264,-0.00045,-0.0,0.03038,-0.09275,-1.00429,3,37.9476,362.6898,36.5394,179.8741,0.5351,-102.8004,0.0012,24.2252,0.5071
911,000911.png,False,1788893756.271182,1788893756.211182,shear_+X_out,8,+X,0.5,0.01691,-0.0529,-0.92047,0.00412,0.00034,-0.00064,0.0318,-0.05571,-0.96047,0.00199,0.00041,-0.00017,0.04746,-0.05211,-0.91944,3,37.967,362.7017,36.5479,179.8687,0.548,-102.7968,0.0027,24.2338,0.4985
912,000912.png,False,1788893756.467164,1788893756.407164,shear_+X_out,8,+X,0.5,0.0449,0.0022,-0.89476,0.00278,0.00105,-0.00067,0.05977,-0.00061,-0.93475,0.00065,0.00113,-0.00021,0.04399,0.01001,-0.89476,3,37.9633,362.7366,36.5526,179.8671,0.5518,-102.7957,0.0084,24.239,0.4932
913,000913.png,False,1788893756.663225,1788893756.603225,shear_+X_out,8,+X,0.5,0.06894,0.00079,-0.94606,0.00288,0.00159,-0.00052,0.08381,-0.00202,-0.98603,0.00075,0.00166,-6e-05,0.06588,0.01997,-0.94606,3,37.9747,362.743,36.549,179.8671,0.5513,-102.7946,0.0057,24.2354,0.4968
914,000914.png,False,1788893756.855201,1788893756.795202,shear_+X_out,8,+X,0.5,0.12577,-0.03587,-1.00212,0.00369,0.00287,-0.00057,0.14064,-0.03867,-1.04208,0.00156,0.00295,-0.0001,0.13382,0.01572,-1.0016,3,38.011,362.7433,36.5381,179.8679,0.5495,-102.7957,0.0034,24.2243,0.508
915,000915.png,False,1788893757.051233,1788893756.991233,shear_+X_out,8,+X,0.5,0.16841,-0.05091,-1.03883,0.00409,0.00394,-0.00041,0.18327,-0.0537,-1.07876,0.00196,0.00402,6e-05,0.17852,0.02342,-1.03813,3,38.0398,362.7468,36.5295,179.8686,0.5474,-102.7957,0.0092,24.2156,0.5167
916,000916.png,False,1788893757.247262,1788893757.187263,shear_+X_out,8,+X,0.5,0.21694,-0.04631,-1.02638,0.00388,0.00497,-0.00033,0.2318,-0.0491,-1.06629,0.00174,0.00505,0.00014,0.21817,0.05185,-1.02585,3,38.0654,362.7631,36.5349,179.8688,0.547,-102.7966,0.0053,24.221,0.5112
917,000917.png,False,1788893757.443226,1788893757.383226,shear_+X_out,8,+X,0.5,0.27225,-0.05383,-0.9661,0.00416,0.00652,-0.00065,0.2871,-0.05661,-1.006,0.00203,0.0066,-0.00019,0.26942,0.07394,-0.96556,3,38.0973,362.7768,36.5409,179.869,0.5473,-102.7974,0.0003,24.2271,0.5052
918,000918.png,False,1788893757.639301,1788893757.579301,shear_+X_out,8,+X,0.5,0.30887,-0.03195,-0.95018,0.00366,0.0075,-0.00051,0.32371,-0.03473,-0.99006,0.00152,0.00758,-5e-05,0.2901,0.11144,-0.9501,3,38.1154,362.8002,36.548,179.8684,0.5488,-102.7959,0.0077,24.2344,0.4978
919,000919.png,False,1788893757.831167,1788893757.771168,shear_+X_out,8,+X,0.5,0.34108,-0.0307,-0.97498,0.00367,0.00827,-0.00029,0.35592,-0.03347,-1.01484,0.00153,0.00835,0.00017,0.31754,0.12822,-0.97498,3,38.1367,362.8156,36.5504,179.868,0.5498,-102.797,0.003,24.2369,0.4954
920,000920.png,False,1788893758.027301,1788893757.967301,shear_+X_out,8,+X,0.5,0.38416,-0.03519,-0.95656,0.00368,0.00938,-0.0002,0.39899,-0.03795,-0.9964,0.00154,0.00946,0.00026,0.35698,0.14615,-0.95657,3,38.1658,362.8249,36.551,179.8679,0.5497,-102.7959,0.0052,24.2375,0.4948
921,000921.png,False,1788893758.419296,1788893758.359296,shear_+X_out,8,+X,0.5,0.40347,-0.03723,-0.92412,0.00353,0.00959,-0.0005,0.4183,-0.03998,-0.96393,0.00139,0.00967,-4e-05,0.3745,0.15456,-0.92414,3,38.1816,362.8332,36.5497,179.8681,0.5498,-102.7968,0.0039,24.2362,0.4961
922,000922.png,False,1788893759.003386,1788893758.943387,shear_+X_out,8,+X,0.5,0.41623,-0.0186,-1.00941,0.00336,0.01006,-0.00047,0.43103,-0.02134,-1.04917,0.00122,0.01014,-1e-05,0.37684,0.17569,-1.00977,3,38.1884,362.8456,36.5392,179.8679,0.5497,-102.797,0.0001,24.2258,0.5064
923,000923.png,False,1788893759.199347,1788893759.139347,shear_+X_out,8,+X,0.5,0.44573,-0.02099,-1.02751,0.00343,0.01076,-0.00035,0.46053,-0.02372,-1.06725,0.00129,0.01084,0.00011,0.40371,0.18808,-1.02788,3,38.2079,362.8543,36.5367,179.8679,0.5504,-102.7968,0.0056,24.2233,0.5089
924,000924.png,False,1788893759.391322,1788893759.331322,shear_+X_out,8,+X,0.5,0.47965,-0.02686,-1.07072,0.0036,0.01171,-0.00013,0.49445,-0.02959,-1.11044,0.00146,0.01179,0.00033,0.43632,0.19925,-1.07105,3,38.2278,362.8629,36.5345,179.8674,0.5506,-102.797,0.0058,24.2212,0.5111
925,000925.png,False,1788893759.587357,1788893759.527357,shear_+X_out,8,+X,0.5,0.52314,-0.03391,-1.07226,0.00375,0.01255,-0.00026,0.53793,-0.03663,-1.11196,0.00161,0.01263,0.0002,0.47753,0.21486,-1.07255,3,38.2529,362.8743,36.5318,179.8674,0.5511,-102.7972,0.0089,24.2184,0.5138
926,000926.png,False,1788893759.783272,1788893759.723272,shear_+X_out,8,+X,0.5,0.55018,-0.01627,-1.05936,0.0034,0.01325,-0.00021,0.56497,-0.01899,-1.09904,0.00125,0.01333,0.00025,0.49205,0.24384,-1.06001,3,38.2656,362.8923,36.5342,179.8675,0.5511,-102.7966,0.0034,24.221,0.5112
927,000927.png,False,1788893759.979373,1788893759.919374,shear_+X_out,8,+X,0.5,0.57829,-0.03297,-1.02603,0.00374,0.01392,-0.00036,0.59307,-0.03568,-1.0657,0.0016,0.014,0.0001,0.52451,0.24396,-1.02646,3,38.287,362.8942,36.5363,179.8681,0.5492,-102.7972,0.0018,24.223,0.5092
928,000928.png,False,1788893760.175414,1788893760.115414,shear_+X_out,8,+X,0.5,0.60494,-0.03968,-1.03156,0.00383,0.0146,-0.00024,0.61972,-0.04239,-1.07121,0.00168,0.01468,0.00022,0.55099,0.25138,-1.03192,3,38.3066,362.9019,36.5381,179.8683,0.5487,-102.7968,0.0072,24.2248,0.5074
929,000929.png,False,1788893760.367402,1788893760.307402,shear_+X_out,8,+X,0.5,0.62587,-0.02258,-1.00847,0.00342,0.01507,-0.00034,0.64063,-0.02528,-1.0481,0.00128,0.01515,0.00012,0.56041,0.27702,-1.00917,3,38.3176,362.9222,36.5435,179.868,0.5497,-102.795,0.0034,24.2304,0.5018
930,000930.png,False,1788893760.955424,1788893760.895424,shear_+X_back,8,+X,0.0,0.65639,-0.03454,-1.03827,0.00375,0.0159,-0.00018,0.67115,-0.03722,-1.07785,0.0016,0.01598,0.00028,0.59303,0.28143,-1.03883,3,38.3486,362.9285,36.5405,179.8683,0.5489,-102.7979,0.0078,24.2273,0.5049
931,000931.png,False,1788893761.147465,1788893761.087466,shear_+X_back,8,+X,0.0,0.65749,-0.04391,-1.05171,0.00398,0.01597,-0.00019,0.67224,-0.04659,-1.09128,0.00183,0.01606,0.00027,0.59876,0.27365,-1.05211,3,38.3513,362.9285,36.5392,179.8681,0.5488,-102.7985,0.0044,24.226,0.5063
932,000932.png,False,1788893761.343457,1788893761.283457,shear_+X_back,8,+X,0.0,0.58975,-0.13451,-1.10919,0.00604,0.01413,-0.00024,0.60449,-0.13718,-1.14873,0.00389,0.01422,0.00022,0.58574,0.16042,-1.10786,3,38.3442,362.8633,36.5234,179.8712,0.5418,-102.8076,0.0095,24.2092,0.523
933,000933.png,False,1788893761.539463,1788893761.479463,shear_+X_back,8,+X,0.0,0.45933,-0.04614,-1.14542,0.004,0.01104,-0.00015,0.47407,-0.04881,-1.18495,0.00184,0.01112,0.00031,0.42888,0.1712,-1.14536,3,38.2622,362.8636,36.5192,179.8708,0.5424,-102.8039,0.0055,24.2056,0.5266
934,000934.png,False,1788893761.735475,1788893761.675475,shear_+X_back,8,+X,0.0,0.28706,-0.07134,-1.20947,0.0046,0.00682,-0.00036,0.30179,-0.07401,-1.24897,0.00244,0.0069,0.0001,0.29269,0.06227,-1.20862,3,38.1813,362.8037,36.5033,179.8739,0.5355,-102.8059,0.0005,24.1893,0.543
935,000935.png,False,1788893761.931509,1788893761.871510,shear_+X_back,8,+X,0.0,0.23721,-0.05538,-1.2074,0.00423,0.0056,-0.00043,0.25194,-0.05804,-1.24689,0.00207,0.00569,2e-05,0.24151,0.05122,-1.20673,3,38.1363,362.7916,36.5004,179.8737,0.5356,-102.8048,0.0058,24.1865,0.5457
936,000936.png,False,1788893762.123487,1788893762.063487,shear_+X_back,8,+X,0.0,0.18102,-0.02031,-1.13968,0.00346,0.00422,-0.00059,0.19574,-0.02296,-1.17916,0.0013,0.0043,-0.00013,0.17485,0.0546,-1.13952,3,38.1089,362.7913,36.5096,179.8731,0.537,-102.8039,0.0044,24.1959,0.5363
937,000937.png,False,1788893762.319481,1788893762.259481,shear_+X_back,8,+X,0.0,0.10453,0.00221,-1.04489,0.00289,0.00252,-0.0005,0.11924,-0.00044,-1.08434,0.00074,0.00261,-5e-05,0.09669,0.0374,-1.04497,3,38.0589,362.7814,36.5281,179.8722,0.5395,-102.8041,0.0092,24.2146,0.5176
938,000938.png,False,1788893762.903532,1788893762.843532,shear_+X_back,8,+X,0.0,-0.00759,-0.00604,-0.90151,0.0029,-0.00039,-0.00068,0.00711,-0.00867,-0.94091,0.00075,-0.0003,-0.00022,0.00269,-0.02347,-0.90125,3,37.9779,362.7323,36.5551,179.8676,0.5504,-102.8074,0.0072,24.2414,0.4908
939,000939.png,False,1788893763.099539,1788893763.039539,shear_+X_back,8,+X,0.0,-0.00938,-0.02057,-0.9361,0.00331,-0.00025,-0.00057,0.00532,-0.0232,-0.97548,0.00115,-0.00017,-0.00011,0.00865,-0.0375,-0.93558,3,37.9812,362.7201,36.549,179.8684,0.5483,-102.8103,0.0012,24.2351,0.4972
940,000940.png,False,1788893763.491562,1788893763.431562,shear_+X_back,8,+X,0.0,-0.00843,-0.03162,-0.92203,0.00356,-0.00033,-0.00077,0.00625,-0.03423,-0.96138,0.0014,-0.00025,-0.00032,0.01489,-0.04636,-0.92132,3,37.9798,362.7177,36.5485,179.8681,0.5484,-102.8179,0.0024,24.2345,0.4978
941,000941.png,False,1788893763.683575,1788893763.623575,shear_-X_out,8,-X,0.5,-0.05343,-0.05804,-0.97736,0.00439,-0.00137,-0.00071,-0.03875,-0.06065,-1.01669,0.00223,-0.00128,-0.00026,-0.01051,-0.09262,-0.9761,3,37.9573,362.6785,36.5384,179.8708,0.5423,-102.8159,0.0098,24.2239,0.5083
942,000942.png,False,1788893764.075608,1788893764.015608,shear_-X_out,8,-X,0.5,-0.10646,-0.03488,-0.99536,0.00363,-0.00266,-0.00079,-0.09179,-0.03748,-1.03466,0.00147,-0.00257,-0.00034,-0.06789,-0.09935,-0.99439,3,37.9258,362.6832,36.5355,179.8686,0.5475,-102.8209,0.0003,24.2213,0.5109
943,000943.png,False,1788893764.271615,1788893764.211615,shear_-X_out,8,-X,0.5,-0.1247,-0.04041,-1.02975,0.00389,-0.00306,-0.00067,-0.11004,-0.043,-1.06903,0.00173,-0.00297,-0.00022,-0.08069,-0.1138,-1.02864,3,37.9157,362.6746,36.531,179.8685,0.5475,-102.8235,0.0053,24.2168,0.5155
944,000944.png,False,1788893764.467521,1788893764.407521,shear_-X_out,8,-X,0.5,-0.19351,-0.01188,-1.03651,0.00312,-0.00489,-0.00071,-0.17886,-0.01446,-1.07577,0.00096,-0.0048,-0.00026,-0.1545,-0.12358,-1.03576,3,37.8746,362.6634,36.5283,179.8687,0.5476,-102.8201,0.0093,24.2142,0.5181
945,000945.png,False,1788893764.659620,1788893764.599620,shear_-X_out,8,-X,0.5,-0.25732,-0.03674,-0.99876,0.00367,-0.00638,-0.00081,-0.24267,-0.03932,-1.038,0.00151,-0.00629,-0.00035,-0.19761,-0.1764,-0.99745,3,37.8449,362.6365,36.5324,179.8691,0.5459,-102.8183,0.0006,24.218,0.5142
946,000946.png,False,1788893764.855619,1788893764.795619,shear_-X_out,8,-X,0.5,-0.31199,-0.04016,-1.04194,0.0039,-0.00769,-0.00079,-0.29734,-0.04273,-1.08116,0.00174,-0.0076,-0.00033,-0.24296,-0.20736,-1.04046,3,37.8169,362.6166,36.5276,179.8694,0.5453,-102.8174,0.0049,24.2132,0.5191
947,000947.png,False,1788893765.051614,1788893764.991614,shear_-X_out,8,-X,0.5,-0.33704,-0.03744,-0.99023,0.00366,-0.00848,-0.00071,-0.3224,-0.04001,-1.02943,0.00149,-0.00839,-0.00026,-0.26638,-0.21669,-0.98875,3,37.7957,362.6056,36.5382,179.8689,0.5467,-102.8188,0.0095,24.2237,0.5085
948,000948.png,False,1788893765.247562,1788893765.187562,shear_-X_out,8,-X,0.5,-0.37357,-0.02804,-0.89981,0.0034,-0.00926,-0.00086,-0.35894,-0.0306,-0.939,0.00123,-0.00916,-0.0004,-0.30335,-0.22536,-0.89844,3,37.7656,362.5975,36.5548,179.8679,0.5491,-102.8166,0.0034,24.2404,0.4918
949,000949.png,False,1788893765.439618,1788893765.379618,shear_-X_out,8,-X,0.5,-0.41211,-0.02047,-0.9269,0.00347,-0.01009,-0.00071,-0.39748,-0.02303,-0.96607,0.0013,-0.01,-0.00026,-0.34033,-0.23849,-0.92558,3,37.7373,362.5841,36.5514,179.8682,0.5488,-102.8157,0.0057,24.2369,0.4953
950,000950.png,False,1788893765.831723,1788893765.771723,shear_-X_out,8,-X,0.5,-0.44266,-0.01621,-0.96898,0.00344,-0.01077,-0.00072,-0.42804,-0.01876,-1.00811,0.00127,-0.01067,-0.00027,-0.36862,-0.25074,-0.96767,3,37.7149,362.5724,36.5448,179.8684,0.5487,-102.8155,0.0179,24.2304,0.5019
951,000951.png,False,1788893766.415721,1788893766.355721,shear_-X_out,8,-X,0.5,-0.46675,-0.02318,-0.99442,0.00343,-0.01146,-0.00085,-0.45215,-0.02571,-1.0335,0.00126,-0.01136,-0.0004,-0.38583,-0.26922,-0.99293,3,37.6987,362.5584,36.5358,179.8684,0.5487,-102.8168,0.0022,24.2212,0.511
952,000952.png,False,1788893766.611721,1788893766.551721,shear_-X_out,8,-X,0.5,-0.50051,-0.0202,-1.04121,0.00348,-0.0123,-0.00076,-0.48591,-0.02273,-1.08028,0.00131,-0.0122,-0.00031,-0.41624,-0.28426,-1.0397,3,37.6774,362.5467,36.5309,179.8689,0.5479,-102.8166,0.0032,24.2163,0.5159
953,000953.png,False,1788893766.807647,1788893766.747647,shear_-X_out,8,-X,0.5,-0.53739,-0.02159,-1.06682,0.00342,-0.01344,-0.00076,-0.5228,-0.02412,-1.10587,0.00125,-0.01335,-0.00031,-0.44731,-0.30431,-1.06521,3,37.6545,362.5366,36.5252,179.8692,0.5471,-102.8161,0.0088,24.2105,0.5217
954,000954.png,False,1788893767.003776,1788893766.943776,shear_-X_out,8,-X,0.5,-0.56905,-0.01524,-1.07827,0.00335,-0.01414,-0.00076,-0.55446,-0.01776,-1.1173,0.00118,-0.01405,-0.00031,-0.47783,-0.31481,-1.0767,3,37.6334,362.5252,36.526,179.8691,0.5468,-102.8155,0.0058,24.2114,0.5209
955,000955.png,False,1788893767.195817,1788893767.135817,shear_-X_out,8,-X,0.5,-0.59486,-0.00905,-1.0448,0.00321,-0.01478,-0.00085,-0.58028,-0.01156,-1.08381,0.00104,-0.01468,-0.0004,-0.50352,-0.32181,-1.04329,3,37.616,362.52,36.5302,179.8686,0.5483,-102.8159,0.0035,24.2156,0.5166
956,000956.png,False,1788893767.391683,1788893767.331683,shear_-X_out,8,-X,0.5,-0.62026,-0.01549,-1.01852,0.00334,-0.01529,-0.00064,-0.60569,-0.018,-1.05752,0.00116,-0.01519,-0.00019,-0.52248,-0.33966,-1.01686,3,37.5985,362.5061,36.5395,179.8687,0.5486,-102.8153,0.0088,24.2248,0.5074
957,000957.png,False,1788893767.587693,1788893767.527694,shear_-X_out,8,-X,0.5,-0.64009,-0.0024,-0.97026,0.00305,-0.01564,-0.00065,-0.62552,-0.0049,-1.00923,0.00087,-0.01554,-0.0002,-0.54653,-0.33745,-0.96879,3,37.579,362.5004,36.5506,179.8678,0.5508,-102.8155,0.0066,24.2359,0.4963
958,000958.png,False,1788893768.171840,1788893768.111840,shear_-X_back,8,-X,0.0,-0.64743,-0.0149,-0.97,0.00332,-0.01605,-0.00073,-0.63287,-0.01739,-1.00892,0.00114,-0.01595,-0.00028,-0.54664,-0.35194,-0.9683,3,37.5658,362.4864,36.5485,179.8682,0.5498,-102.8157,0.0017,24.2337,0.4985
959,000959.png,False,1788893768.367857,1788893768.307857,shear_-X_back,8,-X,0.0,-0.65017,-0.01303,-0.98211,0.00333,-0.01598,-0.00071,-0.63563,-0.01551,-1.02102,0.00115,-0.01588,-0.00026,-0.54987,-0.35189,-0.98044,3,37.5646,362.4858,36.5481,179.8682,0.5496,-102.8157,0.0069,24.2333,0.499
960,000960.png,False,1788893768.563812,1788893768.503813,shear_-X_back,8,-X,0.0,-0.57047,0.08232,-0.88054,0.00078,-0.01412,-0.00082,-0.55593,0.07985,-0.91943,-0.0014,-0.01402,-0.00038,-0.52918,-0.22785,-0.8807,3,37.5712,362.5535,36.5652,179.8651,0.5567,-102.8094,0.001,24.2514,0.4808
961,000961.png,False,1788893768.759826,1788893768.699826,shear_-X_back,8,-X,0.0,-0.46875,-0.00963,-0.86736,0.00299,-0.01156,-0.00074,-0.45421,-0.01209,-0.90623,0.00081,-0.01146,-0.00029,-0.39522,-0.25645,-0.86612,3,37.6445,362.5418,36.5646,179.8663,0.5546,-102.8112,0.0045,24.2501,0.4822
962,000962.png,False,1788893768.951849,1788893768.891850,shear_-X_back,8,-X,0.0,-0.31058,0.01542,-0.78424,0.00234,-0.00764,-0.00066,-0.29605,0.01296,-0.82309,0.00016,-0.00754,-0.00022,-0.2713,-0.15439,-0.78377,3,37.7274,362.6023,36.5818,179.8639,0.5612,-102.8105,0.0016,24.2677,0.4645
963,000963.png,False,1788893769.147869,1788893769.087869,shear_-X_back,8,-X,0.0,-0.23547,-0.01588,-0.8472,0.00323,-0.00568,-0.00044,-0.22095,-0.01833,-0.88603,0.00104,-0.00558,1e-05,-0.19016,-0.14498,-0.84633,3,37.7762,362.6116,36.5749,179.8643,0.5592,-102.8118,0.0063,24.2606,0.4716
964,000964.png,False,1788893769.343885,1788893769.283885,shear_-X_back,8,-X,0.0,-0.20118,-0.03779,-0.83628,0.00359,-0.00509,-0.00073,-0.18666,-0.04024,-0.87509,0.00141,-0.00499,-0.00028,-0.14959,-0.14664,-0.83509,3,37.8054,362.6153,36.561,179.865,0.5573,-102.8123,0.0043,24.2466,0.4856
965,000965.png,False,1788893769.539921,1788893769.479921,shear_-X_back,8,-X,0.0,-0.14924,-0.05235,-0.92847,0.00416,-0.00369,-0.00066,-0.13472,-0.05479,-0.96727,0.00197,-0.00359,-0.00021,-0.09668,-0.13478,-0.92713,3,37.8415,362.623,36.5514,179.8656,0.5566,-102.8118,0.0099,24.2369,0.4954
966,000966.png,False,1788893769.731935,1788893769.671935,shear_-X_back,8,-X,0.0,-0.08203,-0.04761,-1.07078,0.00405,-0.00219,-0.00048,-0.06752,-0.05004,-1.10956,0.00186,-0.00209,-3e-05,-0.03984,-0.09937,-1.06963,3,37.8773,362.646,36.5259,179.8666,0.5538,-102.8114,0.0008,24.2115,0.5208
967,000967.png,False,1788893769.927936,1788893769.867936,shear_-X_back,8,-X,0.0,-0.02303,-0.03817,-1.02293,0.0038,-0.00072,-0.00032,-0.00852,-0.0406,-1.06169,0.00162,-0.00061,0.00013,0.00621,-0.06095,-1.02206,3,37.9089,362.6697,36.536,179.8672,0.5531,-102.8116,0.0045,24.2217,0.5105
968,000968.png,False,1788893770.707982,1788893770.647982,shear_-Y_out,8,-Y,0.5,-0.01327,-0.04784,-0.96276,0.00399,-0.00049,-0.00063,0.00122,-0.05025,-1.00145,0.0018,-0.00039,-0.00018,0.01908,-0.06348,-0.96175,3,37.9276,362.6769,36.5425,179.8681,0.5511,-102.8109,0.0006,24.2282,0.504
969,000969.png,False,1788893770.903992,1788893770.843992,shear_-Y_out,8,-Y,0.5,0.07747,-0.01968,-0.88405,0.00322,0.00183,-0.00049,0.09195,-0.02209,-0.92272,0.00103,0.00193,-5e-05,0.08307,0.0075,-0.88373,3,37.9724,362.719,36.5558,179.8657,0.5557,-102.8131,0.0085,24.2419,0.4904
970,000970.png,False,1788893771.099965,1788893771.039965,shear_-Y_out,8,-Y,0.5,0.03882,-0.1162,-0.96594,0.00567,0.00086,-0.00058,0.05329,-0.1186,-1.00459,0.00348,0.00097,-0.00013,0.09838,-0.09671,-0.96386,3,37.9813,362.6637,36.5427,179.8686,0.5496,-102.8129,0.0065,24.2279,0.5044
971,000971.png,False,1788893771.295893,1788893771.235893,shear_-Y_out,8,-Y,0.5,0.02942,-0.13493,-0.99274,0.00619,0.00058,-0.00054,0.04389,-0.13732,-1.03138,0.004,0.00069,-9e-05,0.09978,-0.11806,-0.99031,3,37.983,362.6491,36.5383,179.8688,0.5485,-102.8122,0.0005,24.2232,0.509
972,000972.png,False,1788893771.488003,1788893771.428004,shear_-Y_out,8,-Y,0.5,0.01515,-0.17571,-1.02011,0.00701,0.00016,-0.00057,0.02961,-0.1781,-1.05873,0.00481,0.00027,-0.00012,0.10798,-0.16095,-1.01694,3,37.9895,362.6244,36.5305,179.8695,0.5474,-102.8105,0.0082,24.2149,0.5173
973,000973.png,False,1788893771.684026,1788893771.624026,shear_-Y_out,8,-Y,0.5,-0.0008,-0.20919,-1.08083,0.008,-0.00016,-0.00051,0.01366,-0.21157,-1.11943,0.00581,-5e-05,-7e-05,0.11132,-0.19888,-1.07704,3,37.994,362.6013,36.5205,179.869,0.5488,-102.8079,0.0061,24.2046,0.5277
974,000974.png,False,1788893771.880048,1788893771.820048,shear_-Y_out,8,-Y,0.5,0.00342,-0.24593,-0.99629,0.00876,6e-05,-0.00035,0.01787,-0.24831,-1.03487,0.00657,0.00017,9e-05,0.13274,-0.22725,-0.99188,3,38.0105,362.5824,36.5373,179.868,0.5512,-102.8081,0.0007,24.221,0.5113
975,000975.png,False,1788893772.076050,1788893772.016050,shear_-Y_out,8,-Y,0.5,0.04712,-0.31248,-0.92834,0.01034,0.00097,-0.0004,0.06156,-0.31485,-0.9669,0.00814,0.00107,4e-05,0.20337,-0.26195,-0.92287,3,38.0543,362.5569,36.5469,179.8673,0.5528,-102.8129,0.0044,24.2299,0.5024
976,000976.png,False,1788893772.268057,1788893772.208057,shear_-Y_out,8,-Y,0.5,0.05023,-0.35326,-0.88813,0.01124,0.00121,-0.00042,0.06467,-0.35563,-0.92668,0.00905,0.00132,2e-05,0.22616,-0.29507,-0.88197,3,38.0749,362.5344,36.5559,179.8665,0.5541,-102.8129,0.0065,24.2384,0.4939
977,000977.png,False,1788893772.856093,1788893772.796093,shear_-Y_out,8,-Y,0.5,0.04419,-0.3745,-0.87184,0.01193,0.0012,-0.00051,0.05861,-0.37685,-0.91033,0.00973,0.00131,-7e-05,0.23143,-0.31623,-0.8653,3,38.0894,362.5111,36.5601,179.866,0.556,-102.8123,0.0094,24.2421,0.4902
978,000978.png,False,1788893773.440068,1788893773.380069,shear_-Y_out,8,-Y,0.5,0.04989,-0.38603,-0.91182,0.01222,0.0012,-0.00047,0.0643,-0.38836,-0.95027,0.01002,0.00131,-3e-05,0.24241,-0.324,-0.90509,3,38.0992,362.4997,36.5506,179.8656,0.5568,-102.8134,0.0061,24.2323,0.4999
979,000979.png,False,1788893773.636076,1788893773.576076,shear_-Y_out,8,-Y,0.5,0.03428,-0.43663,-0.98309,0.01344,0.00088,-0.00037,0.04868,-0.43896,-1.02151,0.01124,0.00099,7e-05,0.25466,-0.37677,-0.97544,3,38.1062,362.4708,36.5389,179.8665,0.5548,-102.8136,0.0005,24.2201,0.5121
980,000980.png,False,1788893774.220143,1788893774.160143,shear_-Y_out,8,-Y,0.5,0.05205,-0.46007,-1.01273,0.01398,0.00118,-0.00045,0.06644,-0.46238,-1.0511,0.01178,0.00129,-1e-05,0.28197,-0.38867,-1.0047,3,38.1256,362.4602,36.5327,179.8658,0.5564,-102.8131,0.0019,24.2136,0.5187
981,000981.png,False,1788893774.416167,1788893774.356167,shear_-Y_out,8,-Y,0.5,0.04753,-0.50835,-0.96594,0.015,0.00109,-0.00058,0.06191,-0.51066,-1.00429,0.0128,0.0012,-0.00014,0.30185,-0.43199,-0.95707,3,38.1366,362.4343,36.5353,179.8662,0.5556,-102.8131,0.0072,24.2157,0.5165
982,000982.png,False,1788893774.612067,1788893774.552067,shear_-Y_out,8,-Y,0.5,0.04222,-0.53696,-0.95034,0.01594,0.00107,-0.00046,0.0566,-0.53926,-0.98868,0.01373,0.00118,-2e-05,0.31144,-0.45917,-0.94097,3,38.1477,362.4121,36.543,179.8658,0.556,-102.8129,0.0047,24.223,0.5093
983,000983.png,False,1788893774.804172,1788893774.744172,shear_-Y_out,8,-Y,0.5,0.04351,-0.55493,-0.9351,0.0163,0.00107,-0.0003,0.05788,-0.55723,-0.97342,0.01409,0.00118,0.00014,0.32143,-0.47385,-0.92542,3,38.1569,362.3966,36.5484,179.8657,0.5564,-102.8131,0.004,24.228,0.5042
984,000984.png,False,1788893775.000149,1788893774.940149,shear_-Y_out,8,-Y,0.5,0.0423,-0.58017,-0.90572,0.0168,0.00099,-0.00039,0.05667,-0.58246,-0.94402,0.01459,0.0011,5e-05,0.33279,-0.49584,-0.89561,3,38.1678,362.3802,36.5527,179.8655,0.5573,-102.8131,0.0097,24.232,0.5002
985,000985.png,False,1788893775.196197,1788893775.136197,shear_-Y_out,8,-Y,0.5,0.04955,-0.6092,-0.89295,0.01756,0.00116,-0.00046,0.0639,-0.61149,-0.93123,0.01536,0.00127,-3e-05,0.35348,-0.51716,-0.88234,3,38.181,362.3623,36.5545,179.8653,0.5574,-102.8138,0.0051,24.2334,0.4989
986,000986.png,False,1788893775.976246,1788893775.916246,shear_-Y_back,8,-Y,0.0,0.05304,-0.60473,-0.83064,0.01743,0.00141,-0.00046,0.06737,-0.607,-0.86885,0.01522,0.00152,-2e-05,0.35384,-0.51055,-0.82013,3,38.1944,362.353,36.5681,179.8643,0.5598,-102.814,0.0008,24.2468,0.4854
987,000987.png,False,1788893776.172148,1788893776.112148,shear_-Y_back,8,-Y,0.0,0.0514,-0.60406,-0.82904,0.01732,0.00143,-0.00049,0.06573,-0.60632,-0.86724,0.01511,0.00155,-5e-05,0.35207,-0.51075,-0.81855,3,38.1931,362.3527,36.5675,179.8643,0.5598,-102.8138,0.0089,24.2462,0.486
988,000988.png,False,1788893776.368159,1788893776.308159,shear_-Y_back,8,-Y,0.0,0.09592,-0.47391,-0.76369,0.01419,0.00235,-0.00029,0.11025,-0.47616,-0.80187,0.01198,0.00247,0.00014,0.32516,-0.37474,-0.75555,3,38.1795,362.4292,36.5851,179.8612,0.5675,-102.8156,0.0032,24.2651,0.4671
989,000989.png,False,1788893776.560298,1788893776.500299,shear_-Y_back,8,-Y,0.0,0.11684,-0.38508,-0.65964,0.01209,0.003,-0.00065,0.13116,-0.38732,-0.6978,0.00988,0.00312,-0.00022,0.29817,-0.28569,-0.6531,3,38.1662,362.482,36.6037,179.8598,0.57,-102.8193,0.0071,24.2846,0.4476
990,000990.png,False,1788893776.756273,1788893776.696273,shear_-Y_back,8,-Y,0.0,0.13291,-0.32366,-0.63463,0.01061,0.00333,-0.00061,0.14723,-0.32591,-0.67277,0.0084,0.00345,-0.00018,0.28124,-0.22407,-0.62919,3,38.156,362.522,36.6123,179.8585,0.573,-102.8269,0.007,24.2939,0.4383
991,000991.png,False,1788893776.952320,1788893776.892320,shear_-Y_back,8,-Y,0.0,0.11154,-0.3242,-0.68098,0.01075,0.00283,-0.00067,0.12585,-0.32644,-0.7191,0.00854,0.00294,-0.00024,0.26331,-0.23596,-0.67548,3,38.1384,362.5213,36.5985,179.8607,0.5684,-102.8241,0.0016,24.2803,0.452
992,000992.png,False,1788893777.148288,1788893777.088288,shear_-Y_back,8,-Y,0.0,0.0562,-0.20121,-0.80954,0.0077,0.00135,-0.0006,0.0705,-0.20344,-0.84765,0.00548,0.00146,-0.00017,0.15482,-0.15915,-0.80604,3,38.074,362.5607,36.5729,179.863,0.5628,-102.8216,0.0039,24.2557,0.4765
993,000993.png,False,1788893777.344290,1788893777.284290,shear_-Y_back,8,-Y,0.0,0.02386,-0.12439,-0.90952,0.00599,0.00045,-0.0006,0.03816,-0.12661,-0.9476,0.00377,0.00057,-0.00017,0.08912,-0.11038,-0.90727,3,38.0265,362.6089,36.5578,179.8635,0.5616,-102.8171,0.0094,24.2417,0.4905
994,000994.png,False,1788893777.536345,1788893777.476346,shear_-Y_back,8,-Y,0.0,0.02953,-0.09474,-0.8986,0.00515,0.00053,-0.00054,0.04383,-0.09696,-0.93666,0.00293,0.00064,-0.0001,0.07915,-0.08169,-0.89688,3,38.0178,362.6304,36.5601,179.8636,0.5612,-102.8168,0.0012,24.2445,0.4878
995,000995.png,False,1788893777.732270,1788893777.672270,shear_-Y_back,8,-Y,0.0,0.03066,-0.08679,-0.8918,0.00491,0.00045,-0.00064,0.04495,-0.089,-0.92985,0.00269,0.00056,-0.0002,0.0761,-0.07413,-0.89022,3,38.0074,362.6677,36.5657,179.8622,0.5644,-102.8195,0.0076,24.2507,0.4815
996,000996.png,False,1788893778.124273,1788893778.064273,shear_-Y_back,8,-Y,0.0,0.05902,-0.01606,-0.83947,0.00326,0.00138,-0.00056,0.0733,-0.01826,-0.87749,0.00104,0.00149,-0.00013,0.06497,0.00213,-0.83918,3,38.0011,362.6964,36.5714,179.8624,0.564,-102.8247,0.0072,24.257,0.4753
997,000997.png,False,1788893779.096436,1788893779.036436,shear_+Y_out,8,+Y,0.5,-0.05573,0.06089,-1.12401,0.00151,-0.0018,-0.00082,-0.04148,0.05872,-1.16194,-0.00072,-0.00169,-0.00039,-0.07091,0.00689,-1.12479,3,37.9111,362.7031,36.5113,179.8695,0.5476,-102.8188,0.0025,24.1975,0.5347
998,000998.png,False,1788893779.292409,1788893779.232409,shear_+Y_out,8,+Y,0.5,-0.03043,0.11215,-1.09075,0.0002,-0.00116,-0.00069,-0.01618,0.10998,-1.12866,-0.00202,-0.00104,-0.00025,-0.07483,0.06445,-1.09247,3,37.9081,362.7367,36.5196,179.8679,0.5512,-102.8199,0.0096,24.2064,0.5259
999,000999.png,False,1788893779.488439,1788893779.428439,shear_+Y_out,8,+Y,0.5,-0.02241,0.13209,-1.06206,-0.00014,-0.00089,-0.00067,-0.00817,0.12993,-1.09995,-0.00237,-0.00077,-0.00024,-0.07805,0.08619,-1.06414,3,37.9062,362.7478,36.5247,179.8677,0.5516,-102.8218,0.005,24.2117,0.5205
1000,001000.png,False,1788893779.684417,1788893779.624418,shear_+Y_out,8,+Y,0.5,-0.01229,0.14969,-0.99481,-0.00064,-0.00063,-0.00086,0.00194,0.14753,-1.03268,-0.00286,-0.00051,-0.00043,-0.07854,0.10757,-0.99723,3,37.9036,362.7639,36.5337,179.8677,0.5516,-102.8233,0.0024,24.221,0.5112
