index,file,missing,t_img,t_exposure_start,segment,cycle,axis,target_N,Fx_s,Fy_s,Fz_s,Tx_s,Ty_s,Tz_s,Fx_s_corr,Fy_s_corr,Fz_s_corr,Tx_s_corr,Ty_s_corr,Tz_s_corr,Fx_base,Fy_base,Fz_base,ft_chunks,tcp_x,tcp_y,tcp_z,rx,ry,rz,pose_gap_s,height_above_plane_mm,depth_mm
1,000001.png,False,1788898979.058482,1788898978.998482,normal_load,1,,2.0,-0.00676,0.00632,-0.03446,-0.0001,0.0001,0.0004,-0.00698,0.00545,-0.03554,-0.00013,0.00012,0.0004,-0.00877,0.00154,-0.03456,3,37.9016,362.8959,37.8442,178.5887,0.8782,-104.7873,0.0009,25.5335,-0.0427
2,000002.png,False,1788898979.446602,1788898979.386602,normal_load,1,,2.0,-0.00231,0.00234,-0.03551,0.00023,0.00021,0.00023,-0.00255,0.0014,-0.03667,0.00019,0.00023,0.00023,-0.00293,0.0003,-0.03554,3,37.9188,362.8275,37.8067,178.5924,0.8701,-104.7877,0.0028,25.4947,-0.004
3,000003.png,False,1788898979.642627,1788898979.582628,normal_load,1,,2.0,-0.00153,0.00383,-0.06218,9e-05,4e-05,0.00033,-0.00178,0.00286,-0.06338,6e-05,6e-05,0.00033,-0.00281,0.00156,-0.06223,3,37.9185,362.8294,37.7864,178.5911,0.8729,-104.7879,0.0023,25.4744,0.0163
4,000004.png,False,1788898979.838599,1788898979.778600,normal_load,1,,2.0,-0.00762,-0.01426,-0.16907,0.00063,-0.00011,0.00032,-0.00788,-0.01527,-0.17031,0.00059,-9e-05,0.00032,0.00169,-0.01887,-0.16878,3,37.9246,362.7977,37.6582,178.5938,0.866,-104.7879,0.0075,25.3457,0.145
5,000005.png,False,1788898980.030606,1788898979.970606,normal_load,1,,2.0,-0.00248,0.00069,-0.16186,0.00024,0.00011,0.00032,-0.00274,-0.00035,-0.16315,0.00019,0.00013,0.00032,-0.00137,-0.00323,-0.16184,3,37.9237,362.8151,37.6695,178.5929,0.8689,-104.7883,0.0035,25.3573,0.1334
6,000006.png,False,1788898980.226630,1788898980.166630,normal_load,1,,2.0,-0.00177,0.00319,-0.33785,0.00023,5e-05,0.00032,-0.00204,0.00212,-0.33918,0.00019,6e-05,0.00032,-0.00078,-0.00353,-0.33785,3,37.9231,362.8157,37.5344,178.5932,0.8678,-104.7883,0.0047,25.2222,0.2685
7,000007.png,False,1788898980.422554,1788898980.362554,normal_load,1,,2.0,0.00233,0.018,-0.36785,-0.00012,0.00018,0.00034,0.00205,0.01689,-0.36922,-0.00016,0.0002,0.00034,-0.00442,0.01086,-0.36811,3,37.9217,362.8296,37.5358,178.5912,0.8722,-104.7881,0.0097,25.2239,0.2668
8,000008.png,False,1788898980.618659,1788898980.558659,normal_load,1,,2.0,0.00763,0.0234,-0.70463,-0.0002,0.0001,0.00011,0.00734,0.02226,-0.70605,-0.00024,0.00013,0.00012,-0.0002,0.01279,-0.70495,3,37.9245,362.8314,37.3838,178.5922,0.87,-104.7888,0.0045,25.0719,0.4188
9,000009.png,False,1788898980.810575,1788898980.750576,normal_load,1,,2.0,0.00802,0.03075,-0.67274,-0.00021,0.0003,0.00015,0.00772,0.02957,-0.6742,-0.00026,0.00032,0.00016,-0.00376,0.01986,-0.67319,3,37.9239,362.8358,37.398,178.591,0.8726,-104.789,0.0085,25.0862,0.4045
10,000010.png,False,1788898981.202657,1788898981.142657,normal_load,1,,2.0,0.01349,0.04062,-1.02186,-0.00034,0.0002,0.00017,0.01317,0.03937,-1.0234,-0.00039,0.00022,0.00018,-0.00152,0.02555,-1.02244,3,37.9269,362.8393,37.2747,178.5907,0.8732,-104.7897,0.0081,24.963,0.5277
11,000011.png,False,1788898981.398704,1788898981.338704,normal_load,1,,2.0,0.01873,0.05654,-1.29318,-0.0007,0.00019,0.00018,0.0184,0.05526,-1.29477,-0.00075,0.00022,0.00019,-0.00306,0.03761,-1.294,3,37.9252,362.8503,37.2161,178.5888,0.8773,-104.7895,0.0064,24.9045,0.5862
12,000012.png,False,1788898981.594635,1788898981.534635,normal_load,1,,2.0,0.02071,0.05828,-1.42496,-0.00061,0.0003,-5e-05,0.02037,0.05697,-1.42659,-0.00067,0.00033,-4e-05,-0.0013,0.038,-1.4258,3,37.9272,362.8497,37.1766,178.5889,0.8778,-104.7899,0.0007,24.865,0.6257
13,000013.png,False,1788898981.786703,1788898981.726703,normal_load,1,,2.0,0.02445,0.06419,-1.54978,-0.00063,0.00037,0.00011,0.02411,0.06284,-1.55145,-0.00068,0.0004,0.00012,-0.00015,0.04299,-1.5507,3,37.9281,362.8522,37.1544,178.5885,0.8786,-104.7902,0.0088,24.8428,0.6479
14,000014.png,False,1788898981.982751,1788898981.922751,normal_load,1,,2.0,0.02451,0.06503,-1.82901,-0.00051,0.00015,-6e-05,0.02415,0.06364,-1.83073,-0.00057,0.00018,-5e-05,0.00142,0.03926,-1.82991,3,37.929,362.852,37.0884,178.5887,0.8775,-104.7904,0.0017,24.7768,0.7139
15,000015.png,False,1788898982.178789,1788898982.118789,normal_load,1,,2.0,0.0233,0.07065,-1.85999,-0.00069,0.00019,0.00019,0.02294,0.06923,-1.86174,-0.00074,0.00021,0.0002,-0.00222,0.04303,-1.86098,3,37.9287,362.8535,37.0878,178.5884,0.8783,-104.7904,0.0076,24.7763,0.7144
16,000016.png,False,1788898982.566776,1788898982.506776,normal_load,1,,2.0,0.03197,0.08447,-1.88592,-0.00091,0.0005,0.00019,0.03159,0.08299,-1.88776,-0.00097,0.00053,0.0002,-0.00144,0.05892,-1.88716,3,37.9293,362.8624,37.079,178.587,0.8813,-104.7908,0.0057,24.7676,0.7231
17,000017.png,False,1788898983.934822,1788898983.874822,normal_unload,1,,0.0,0.0308,0.08273,-2.02232,-0.00074,0.00048,0.00044,0.03036,0.08101,-2.02446,-0.00081,0.00051,0.00045,-0.00064,0.05465,-2.02351,3,37.9303,362.8636,37.0522,178.5865,0.8825,-104.7911,0.0089,24.7408,0.7499
18,000018.png,False,1788898984.130806,1788898984.070807,normal_unload,1,,0.0,0.022,0.05221,-1.89943,-0.0001,0.0001,0.00028,0.02155,0.05045,-1.90161,-0.00016,0.00013,0.00029,0.00614,0.02579,-1.90009,3,37.9333,362.8515,37.0694,178.5888,0.8778,-104.7915,0.0056,24.7578,0.7329
19,000019.png,False,1788898984.322737,1788898984.262738,normal_unload,1,,0.0,0.01996,0.04735,-1.86227,-7e-05,0.00014,0.00032,0.0195,0.04555,-1.86449,-0.00014,0.00017,0.00033,0.00655,0.02115,-1.86285,3,37.9344,362.845,37.0805,178.5901,0.8746,-104.791,0.0068,24.7688,0.7219
20,000020.png,False,1788898984.518861,1788898984.458861,normal_unload,1,,0.0,0.01969,0.04222,-1.78327,8e-05,0.00017,0.0004,0.01923,0.04039,-1.78554,1e-05,0.00021,0.00041,0.00833,0.01784,-1.78377,3,37.9348,362.8449,37.0931,178.5901,0.875,-104.7912,0.0083,24.7814,0.7093
21,000021.png,False,1788898984.714823,1788898984.654824,normal_unload,1,,0.0,0.02549,0.0502,-1.5066,-0.00033,0.0004,0.00054,0.02502,0.04834,-1.50891,-0.00041,0.00044,0.00055,0.00744,0.03208,-1.50729,3,37.933,362.8524,37.1478,178.588,0.8791,-104.7912,0.0032,24.8362,0.6545
22,000022.png,False,1788898984.910856,1788898984.850856,normal_unload,1,,0.0,0.0249,0.05725,-1.49648,-0.00048,0.00045,0.00043,0.02441,0.05535,-1.49883,-0.00056,0.00048,0.00044,0.00334,0.03805,-1.49729,3,37.9332,362.8549,37.155,178.5881,0.8794,-104.7915,0.0023,24.8434,0.6473
23,000023.png,False,1788898985.102773,1788898985.042773,normal_unload,1,,0.0,0.02377,0.0524,-1.34101,-0.00044,0.00049,0.00051,0.02328,0.05047,-1.3434,-0.00052,0.00053,0.00052,0.0037,0.03578,-1.34176,3,37.9318,362.8554,37.1842,178.5881,0.8794,-104.791,0.0085,24.8727,0.618
24,000024.png,False,1788898985.298836,1788898985.238836,normal_unload,1,,0.0,0.02602,0.04844,-1.32752,-0.00052,0.00047,0.0004,0.02552,0.04647,-1.32996,-0.0006,0.0005,0.00041,0.00754,0.03369,-1.32821,3,37.933,362.8528,37.1838,178.5881,0.8789,-104.7915,0.002,24.8723,0.6185
25,000025.png,False,1788898985.690852,1788898985.630852,normal_unload,1,,0.0,0.0259,0.04349,-1.13495,-0.00033,0.00048,0.00038,0.02538,0.04146,-1.13747,-0.00041,0.00052,0.00039,0.00857,0.03243,-1.13559,3,37.9325,362.8527,37.2388,178.5887,0.878,-104.7915,0.006,24.9272,0.5635
26,000026.png,False,1788898985.886904,1788898985.826904,normal_unload,1,,0.0,0.02565,0.0394,-0.96486,-0.00015,0.00073,0.00026,0.02512,0.03733,-0.96742,-0.00023,0.00076,0.00028,0.00922,0.03149,-0.96545,3,37.9334,362.8528,37.2779,178.5886,0.8784,-104.7917,0.0008,24.9663,0.5244
27,000027.png,False,1788898986.078921,1788898986.018921,normal_unload,1,,0.0,0.0274,0.03855,-0.87553,-0.00029,0.0007,0.00038,0.02687,0.03644,-0.87814,-0.00037,0.00074,0.0004,0.01055,0.03305,-0.87612,3,37.933,362.8534,37.3085,178.5879,0.8793,-104.7915,0.0085,24.9969,0.4938
28,000028.png,False,1788898986.274827,1788898986.214828,normal_unload,1,,0.0,0.02424,0.03264,-0.79715,-0.0002,0.00063,0.0005,0.0237,0.0305,-0.7998,-0.00028,0.00067,0.00052,0.01022,0.02761,-0.79765,3,37.934,362.8492,37.3332,178.5887,0.878,-104.7917,0.003,25.0215,0.4692
29,000029.png,False,1788898986.470837,1788898986.410837,normal_unload,1,,0.0,0.02569,0.03341,-0.6947,-0.0002,0.00071,0.0003,0.02514,0.03123,-0.69739,-0.00028,0.00074,0.00031,0.01038,0.03064,-0.69522,3,37.9335,362.8505,37.3672,178.5884,0.8783,-104.7917,0.0024,25.0556,0.4351
30,000030.png,False,1788898986.666915,1788898986.606915,normal_unload,1,,0.0,0.02387,0.02887,-0.61051,-0.00017,0.00068,0.00038,0.02331,0.02666,-0.61324,-0.00026,0.00072,0.0004,0.01048,0.02715,-0.61097,3,37.9341,362.8504,37.3962,178.5888,0.8778,-104.7917,0.0079,25.0845,0.4062
31,000031.png,False,1788898986.858951,1788898986.798951,normal_unload,1,,0.0,0.02618,0.04095,-0.49079,-0.00049,0.00083,0.00056,0.0256,0.0387,-0.49356,-0.00058,0.00087,0.00058,0.00562,0.04068,-0.49148,3,37.9331,362.8559,37.4483,178.588,0.8796,-104.7921,0.003,25.1367,0.354
32,000032.png,False,1788898987.054873,1788898986.994874,normal_unload,1,,0.0,0.02829,0.03,-0.4422,-0.0004,0.00074,0.00052,0.02771,0.02772,-0.44501,-0.00049,0.00079,0.00054,0.01259,0.03303,-0.44271,3,37.9332,362.854,37.4714,178.5884,0.8788,-104.7921,0.0022,25.1598,0.3309
33,000033.png,False,1788898987.250962,1788898987.190963,normal_unload,1,,0.0,0.02817,0.04003,-0.29957,-0.00049,0.001,0.00041,0.02758,0.03772,-0.30243,-0.00058,0.00104,0.00043,0.00648,0.04394,-0.30028,3,37.9333,362.8599,37.5396,178.5876,0.8799,-104.7926,0.0099,25.2281,0.2626
34,000034.png,False,1788898987.446960,1788898987.386961,normal_unload,1,,0.0,0.02467,0.03145,-0.25471,-0.00032,0.00089,0.00034,0.02408,0.02911,-0.25761,-0.00041,0.00093,0.00036,0.00742,0.03549,-0.25526,3,37.9336,362.8573,37.5589,178.5882,0.8792,-104.7923,0.0042,25.2474,0.2433
35,000035.png,False,1788898987.639007,1788898987.579007,normal_unload,1,,0.0,0.02479,0.02776,-0.13199,-0.00044,0.00077,0.00035,0.02418,0.02539,-0.13493,-0.00053,0.00081,0.00036,0.00851,0.03432,-0.1325,3,37.9332,362.8618,37.635,178.5876,0.8805,-104.7926,0.0083,25.3235,0.1673
36,000036.png,False,1788898987.834994,1788898987.774994,normal_unload,1,,0.0,0.01895,0.01981,-0.15382,-0.00031,0.00068,0.00055,0.01834,0.0174,-0.1568,-0.00041,0.00072,0.00056,0.00759,0.02416,-0.15418,3,37.9334,362.8589,37.6567,178.5879,0.8793,-104.7925,0.0021,25.3451,0.1456
37,000037.png,False,1788898988.031028,1788898987.971028,normal_unload,1,,0.0,0.01479,0.02134,-0.04314,-0.00024,0.0006,0.00052,0.01417,0.0189,-0.04617,-0.00033,0.00064,0.00054,0.00245,0.02519,-0.04354,3,37.9331,362.8626,37.7718,178.5872,0.8813,-104.7934,0.0034,25.4603,0.0304
38,000038.png,False,1788898990.179111,1788898990.119112,dwell,1,,0.0,0.0038,0.0116,-0.02422,1e-05,0.00043,0.00035,0.00308,0.00877,-0.02771,-0.0001,0.00048,0.00037,-0.00233,0.01156,-0.02442,3,37.9315,362.8638,37.8403,178.5907,0.8733,-104.798,0.0074,25.5288,-0.0381
39,000039.png,False,1788898990.763152,1788898990.703152,normal_load,2,,2.0,0.00507,0.01213,-0.0296,9e-05,0.00045,0.00039,0.00433,0.0092,-0.03322,-3e-05,0.0005,0.00041,-0.00146,0.01256,-0.02982,3,37.9292,362.8693,37.8393,178.5902,0.8745,-104.7977,0.0064,25.5279,-0.0372
40,000040.png,False,1788898991.151093,1788898991.091093,normal_load,2,,2.0,0.00093,0.01269,-0.03686,5e-05,0.00039,0.00031,0.00016,0.0097,-0.04057,-6e-05,0.00044,0.00033,-0.00528,0.01087,-0.03708,3,37.9214,362.8718,37.84,178.5899,0.8751,-104.7964,0.0114,25.5286,-0.0379
41,000041.png,False,1788898991.543236,1788898991.483236,normal_load,2,,2.0,0.00108,0.02025,-0.04443,-0.00022,0.00037,0.00038,0.00029,0.01718,-0.04822,-0.00034,0.00042,0.0004,-0.00888,0.01736,-0.04477,3,37.9163,362.8795,37.7948,178.5887,0.8776,-104.796,0.0042,25.4837,0.007
42,000042.png,False,1788898991.931190,1788898991.871190,normal_load,2,,2.0,0.00145,0.03354,-0.14859,-0.00044,0.00032,0.00021,0.00065,0.03041,-0.15246,-0.00056,0.00037,0.00023,-0.01447,0.02739,-0.14915,3,37.9087,362.889,37.6544,178.589,0.8775,-104.7947,0.0005,25.3434,0.1473
43,000043.png,False,1788898992.323216,1788898992.263216,normal_load,2,,2.0,0.00252,0.04195,-0.43206,-0.00067,0.00017,0.00032,0.0017,0.03875,-0.43602,-0.00079,0.00023,0.00035,-0.01579,0.03067,-0.43273,3,37.907,362.888,37.4783,178.5887,0.8778,-104.7943,0.0007,25.1674,0.3233
44,000044.png,False,1788898992.519211,1788898992.459211,normal_load,2,,2.0,0.00456,0.05885,-0.78995,-0.00091,0.00027,0.00026,0.00374,0.05562,-0.79396,-0.00104,0.00033,0.00028,-0.01997,0.0406,-0.79086,3,37.9043,362.9006,37.3616,178.5869,0.8816,-104.7945,0.0076,25.0509,0.4398
45,000045.png,False,1788898992.715217,1788898992.655217,normal_load,2,,2.0,-0.00063,0.05635,-0.91271,-0.00073,5e-05,0.0003,-0.00146,0.05308,-0.91676,-0.00086,0.00011,0.00033,-0.02237,0.03387,-0.91355,3,37.9038,362.8975,37.3149,178.5867,0.882,-104.7941,0.0072,25.0042,0.4865
46,000046.png,False,1788898992.907235,1788898992.847235,normal_load,2,,2.0,0.0068,0.0821,-1.06549,-0.00108,0.00031,0.00016,0.00596,0.0788,-1.06958,-0.00121,0.00037,0.00018,-0.02774,0.05743,-1.06677,3,37.9008,362.9093,37.277,178.5849,0.8859,-104.7939,0.0021,24.9665,0.5242
47,000047.png,False,1788898993.103273,1788898993.043273,normal_load,2,,2.0,0.00498,0.08615,-1.32767,-0.00124,0.00013,0.00055,0.00413,0.08281,-1.3318,-0.00137,0.00019,0.00057,-0.02952,0.05583,-1.32897,3,37.9001,362.9104,37.2086,178.5845,0.8862,-104.7941,0.0089,24.8982,0.5925
48,000048.png,False,1788898993.299274,1788898993.239275,normal_load,2,,2.0,0.00525,0.09087,-1.37037,-0.00133,0.00012,0.00047,0.00439,0.0875,-1.37454,-0.00146,0.00018,0.00049,-0.03135,0.05937,-1.37174,3,37.9,362.9115,37.2022,178.5847,0.8865,-104.7939,0.0041,24.8917,0.599
49,000049.png,False,1788898993.687187,1788898993.627187,normal_load,2,,2.0,0.00334,0.09785,-1.7147,-0.00136,-8e-05,0.00054,0.00246,0.09441,-1.71895,-0.0015,-2e-05,0.00056,-0.03411,0.05894,-1.71614,3,37.898,362.9135,37.1213,178.585,0.8853,-104.7939,0.0003,24.8109,0.6798
50,000050.png,False,1788898994.079210,1788898994.019210,normal_load,2,,2.0,0.00651,0.11223,-1.94464,-0.0015,-6e-05,0.0004,0.00561,0.10872,-1.94898,-0.00164,1e-05,0.00042,-0.03696,0.0693,-1.94631,3,37.8969,362.9198,37.0753,178.5839,0.8876,-104.7939,0.0085,24.765,0.7257
51,000051.png,False,1788898994.859344,1788898994.799345,normal_load,2,,2.0,0.0087,0.11863,-1.97845,-0.00171,-7e-05,0.00034,0.00777,0.11499,-1.98296,-0.00185,-1e-05,0.00036,-0.03802,0.0754,-1.98023,3,37.8972,362.9213,37.0615,178.5832,0.8897,-104.7939,0.0039,24.7513,0.7394
52,000052.png,False,1788898995.251344,1788898995.191344,normal_unload,2,,0.0,0.0087,0.11995,-2.00206,-0.00159,-1e-05,0.00041,0.00776,0.11624,-2.00666,-0.00174,5e-05,0.00044,-0.03851,0.07616,-2.00385,3,37.8974,362.9214,37.0605,178.5836,0.8889,-104.7939,0.0084,24.7503,0.7404
53,000053.png,False,1788898995.443436,1788898995.383436,normal_unload,2,,0.0,0.00244,0.10796,-1.96968,-0.00129,-0.00014,0.00032,0.00148,0.10421,-1.97432,-0.00144,-7e-05,0.00035,-0.03817,0.06316,-1.97126,3,37.8981,362.9161,37.0634,178.5844,0.8871,-104.7939,0.0008,24.7531,0.7377
54,000054.png,False,1788898995.639375,1788898995.579376,normal_unload,2,,0.0,-0.00675,0.07766,-1.84877,-0.00074,-0.00044,0.00028,-0.00771,0.07388,-1.85345,-0.00089,-0.00037,0.00031,-0.03183,0.03427,-1.84982,3,37.8996,362.9044,37.0796,178.5867,0.8815,-104.7937,0.0063,24.7691,0.7216
55,000055.png,False,1788898995.835285,1788898995.775285,normal_unload,2,,0.0,-0.00797,0.07311,-1.81478,-0.00057,-0.0004,0.00038,-0.00895,0.06929,-1.81951,-0.00072,-0.00033,0.00041,-0.03085,0.03026,-1.81576,4,37.9013,362.8978,37.0916,178.5879,0.8794,-104.7936,0.0082,24.7809,0.7098
56,000056.png,False,1788898996.031413,1788898995.971413,normal_unload,2,,0.0,-0.01219,0.0639,-1.74052,-0.00041,-0.00036,0.00056,-0.01318,0.06005,-1.74528,-0.00056,-0.00029,0.00059,-0.03042,0.02137,-1.74134,3,37.9008,362.8981,37.1062,178.5877,0.8793,-104.7941,0.0028,24.7956,0.6951
57,000057.png,False,1788898996.223397,1788898996.163397,normal_unload,2,,0.0,-0.00484,0.07452,-1.45837,-0.00075,-0.00017,0.0005,-0.00583,0.07064,-1.46317,-0.0009,-0.0001,0.00053,-0.03132,0.03876,-1.45943,3,37.8991,362.9044,37.1591,178.5866,0.8824,-104.7939,0.0092,24.8486,0.6421
58,000058.png,False,1788898996.419421,1788898996.359421,normal_unload,2,,0.0,-0.00411,0.07308,-1.45549,-0.00075,-0.00018,0.00039,-0.00511,0.06916,-1.46034,-0.00091,-0.00011,0.00042,-0.02998,0.03792,-1.45653,3,37.8996,362.9045,37.1604,178.5863,0.8825,-104.7941,0.0025,24.8499,0.6408
59,000059.png,False,1788898996.615421,1788898996.555421,normal_unload,2,,0.0,-0.00383,0.07548,-1.2725,-0.00082,-7e-05,0.00015,-0.00484,0.07153,-1.27739,-0.00097,0.0,0.00018,-0.03221,0.04307,-1.27361,3,37.899,362.9061,37.1945,178.5863,0.883,-104.7939,0.0082,24.884,0.6067
60,000060.png,False,1788898996.811336,1788898996.751336,normal_unload,2,,0.0,-0.00439,0.07217,-1.25826,-0.00087,-4e-05,5e-05,-0.00541,0.06818,-1.26319,-0.00102,3e-05,8e-05,-0.03114,0.04015,-1.25931,3,37.8984,362.9059,37.1943,178.5862,0.8827,-104.7941,0.0063,24.8838,0.6069
61,000061.png,False,1788898997.199353,1788898997.139353,normal_unload,2,,0.0,-0.0034,0.06277,-1.12298,-0.0006,-0.00011,9e-05,-0.00443,0.05872,-1.128,-0.00075,-4e-05,0.00012,-0.02652,0.03468,-1.12389,3,37.9002,362.8997,37.2301,178.5874,0.8806,-104.7943,0.009,24.9194,0.5713
62,000062.png,False,1788898997.395433,1788898997.335433,normal_unload,2,,0.0,-0.00343,0.05597,-0.9242,-0.00059,1e-05,0.00016,-0.00448,0.05188,-0.92926,-0.00075,8e-05,0.00019,-0.02453,0.03196,-0.92502,3,37.9008,362.9007,37.2831,178.5872,0.881,-104.7943,0.0061,24.9725,0.5182
63,000063.png,False,1788898997.591375,1788898997.531375,normal_unload,2,,0.0,-0.00182,0.0554,-0.93849,-0.00077,-0.00014,0.00044,-0.00287,0.05127,-0.9436,-0.00093,-7e-05,0.00047,-0.02275,0.03204,-0.9393,3,37.8985,362.9025,37.296,178.5865,0.8819,-104.7943,0.0008,24.9854,0.5053
64,000064.png,False,1788898997.979497,1788898997.919497,normal_unload,2,,0.0,-0.00568,0.05607,-0.68765,-0.00078,-9e-05,9e-05,-0.00675,0.05187,-0.69284,-0.00095,-2e-05,0.00012,-0.02816,0.03471,-0.6885,3,37.8961,362.9031,37.3611,178.5869,0.8816,-104.7943,0.006,25.0505,0.4402
65,000065.png,False,1788898998.371450,1788898998.311450,normal_unload,2,,0.0,-0.00408,0.06278,-0.51352,-0.00094,0.00021,0.00012,-0.00517,0.05851,-0.51879,-0.0011,0.00028,0.00015,-0.03134,0.0441,-0.51452,3,37.8947,362.9064,37.4352,178.5869,0.8816,-104.7943,0.0075,25.1247,0.366
66,000066.png,False,1788898998.567511,1788898998.507511,normal_unload,2,,0.0,-0.00431,0.05445,-0.41562,-0.00073,0.00026,0.00019,-0.00541,0.05015,-0.42094,-0.0009,0.00034,0.00022,-0.02806,0.03835,-0.41649,3,37.8945,362.9029,37.4685,178.587,0.8809,-104.7941,0.0019,25.158,0.3327
67,000067.png,False,1788898998.759511,1788898998.699511,normal_unload,2,,0.0,-0.00013,0.06455,-0.28474,-0.00109,0.0003,0.00033,-0.00124,0.06022,-0.2901,-0.00126,0.00038,0.00036,-0.03039,0.05127,-0.28581,3,37.8945,362.9118,37.5373,178.5854,0.8842,-104.7945,0.0077,25.2269,0.2638
68,000068.png,False,1788898998.955518,1788898998.895519,normal_unload,2,,0.0,-0.00104,0.05016,-0.24181,-0.00072,0.00029,0.00021,-0.00215,0.04579,-0.24721,-0.00089,0.00037,0.00024,-0.02428,0.03905,-0.24264,3,37.895,362.9048,37.5579,178.5871,0.8816,-104.7945,0.0069,25.2473,0.2434
69,000069.png,False,1788898999.151534,1788898999.091534,normal_unload,2,,0.0,0.00135,0.05052,-0.12732,-0.00076,0.00042,0.00013,0.00023,0.04612,-0.13276,-0.00093,0.0005,0.00016,-0.02319,0.04239,-0.12818,3,37.8938,362.9095,37.6375,178.586,0.8835,-104.7945,0.0016,25.327,0.1637
70,000070.png,False,1788898999.347534,1788898999.287534,normal_unload,2,,0.0,-0.00145,0.04271,-0.10539,-0.00068,0.00023,0.00011,-0.00258,0.03827,-0.11088,-0.00086,0.00031,0.00014,-0.02187,0.03457,-0.10611,3,37.8943,362.907,37.6571,178.5864,0.8827,-104.7945,0.0068,25.3466,0.1441
71,000071.png,False,1788899000.127573,1788899000.067573,normal_unload,2,,0.0,-0.00226,0.02907,-0.0234,-0.00028,0.00037,0.00014,-0.00343,0.0245,-0.02905,-0.00046,0.00045,0.00018,-0.01633,0.02367,-0.02389,3,37.8936,362.9025,37.7916,178.5872,0.881,-104.7943,0.0052,25.481,0.0097
72,000072.png,False,1788899001.687633,1788899001.627633,dwell,2,,0.0,-0.00174,0.03245,-0.04515,-0.00027,0.00033,0.00035,-0.00298,0.0276,-0.05114,-0.00046,0.00042,0.00038,-0.01741,0.02651,-0.0457,3,37.8914,362.9103,37.8011,178.5877,0.8798,-104.7947,0.0056,25.4906,0.0001
73,000073.png,False,1788899002.663699,1788899002.603699,normal_load,3,,2.0,-0.00454,0.01383,-0.01633,0.00015,0.00024,0.00016,-0.00582,0.00881,-0.02254,-5e-05,0.00033,0.0002,-0.01073,0.00945,-0.01656,3,37.8972,362.8789,37.8438,178.5875,0.8797,-104.7936,0.002,25.5328,-0.0421
74,000074.png,False,1788899003.051629,1788899002.991629,normal_load,3,,2.0,-0.00365,0.01036,-0.0174,5e-05,0.00015,0.00021,-0.00495,0.00527,-0.02369,-0.00015,0.00024,0.00025,-0.00821,0.00687,-0.01757,3,37.8986,362.8734,37.8251,178.5881,0.879,-104.7936,0.0065,25.5139,-0.0232
75,000075.png,False,1788899003.247764,1788899003.187764,normal_load,3,,2.0,-0.00776,0.01084,-0.04769,9e-05,0.0002,9e-05,-0.00906,0.00572,-0.05403,-0.00011,0.0003,0.00012,-0.01181,0.00475,-0.04786,3,37.8998,362.8676,37.7582,178.5899,0.875,-104.7936,0.0008,25.4469,0.0438
76,000076.png,False,1788899003.443770,1788899003.383770,normal_load,3,,2.0,-0.00666,0.01038,-0.08511,0.00013,0.00025,0.00042,-0.00798,0.00523,-0.09148,-7e-05,0.00034,0.00046,-0.01037,0.0043,-0.08526,3,37.8993,362.8672,37.7337,178.5892,0.8761,-104.7936,0.0053,25.4225,0.0682
77,000077.png,False,1788899003.639826,1788899003.579826,normal_load,3,,2.0,-0.00288,0.01731,-0.16711,3e-05,0.0002,0.00032,-0.00421,0.01212,-0.17353,-0.00017,0.0003,0.00036,-0.00999,0.01088,-0.16738,3,37.8982,362.8753,37.661,178.5885,0.8782,-104.7939,0.0082,25.3499,0.1408
78,000078.png,False,1788899003.835757,1788899003.775758,normal_load,3,,2.0,-0.00448,0.01619,-0.17193,7e-05,0.00022,0.00029,-0.00581,0.01096,-0.1784,-0.00013,0.00031,0.00033,-0.01078,0.00902,-0.17218,3,37.8983,362.8723,37.6462,178.5889,0.8767,-104.7936,0.0027,25.3351,0.1556
79,000079.png,False,1788899004.027802,1788899003.967802,normal_load,3,,2.0,-0.00189,0.02867,-0.413,-9e-05,0.00019,0.00021,-0.00323,0.02341,-0.41951,-0.0003,0.00029,0.00024,-0.0131,0.01727,-0.41343,3,37.8987,362.8725,37.51,178.5896,0.8758,-104.7936,0.0089,25.1989,0.2918
80,000080.png,False,1788899004.223711,1788899004.163711,normal_load,3,,2.0,-0.00543,0.01948,-0.47309,0.00017,0.00016,0.00028,-0.00678,0.01419,-0.47964,-4e-05,0.00026,0.00032,-0.01116,0.00658,-0.47335,3,37.8978,362.8708,37.4602,178.5895,0.8758,-104.7936,0.0033,25.1491,0.3416
81,000081.png,False,1788899004.419693,1788899004.359693,normal_load,3,,2.0,0.00091,0.04151,-0.73488,-0.00031,0.00012,0.00038,-0.00045,0.03619,-0.74147,-0.00051,0.00022,0.00042,-0.01486,0.02464,-0.73549,3,37.8963,362.881,37.3798,178.5883,0.8779,-104.7938,0.009,25.0689,0.4218
82,000082.png,False,1788899004.615767,1788899004.555768,normal_load,3,,2.0,0.00341,0.03553,-0.8917,-0.00022,-0.00012,0.00053,0.00204,0.03017,-0.89833,-0.00043,-2e-05,0.00057,-0.00862,0.01819,-0.89218,3,37.8967,362.8782,37.3301,178.5886,0.8778,-104.7936,0.0027,25.0192,0.4715
83,000083.png,False,1788899004.807863,1788899004.747864,normal_load,3,,2.0,0.00195,0.05781,-1.02861,-0.00061,0.00012,0.00032,0.00057,0.05241,-1.03529,-0.00082,0.00022,0.00036,-0.02006,0.03456,-1.02946,3,37.896,362.8871,37.2861,178.5872,0.8805,-104.7936,0.0067,24.9753,0.5154
84,000084.png,False,1788899005.003813,1788899004.943813,normal_load,3,,2.0,0.00024,0.0588,-1.2892,-0.00051,-0.0,0.00043,-0.00114,0.05337,-1.29591,-0.00072,9e-05,0.00047,-0.02023,0.03039,-1.29002,3,37.897,362.8855,37.216,178.5878,0.8803,-104.7936,0.0082,24.9052,0.5855
85,000085.png,False,1788899005.199796,1788899005.139796,normal_load,3,,2.0,0.00176,0.06576,-1.33361,-0.00055,3e-05,0.00041,0.00036,0.0603,-1.34037,-0.00076,0.00013,0.00045,-0.02209,0.03647,-1.33455,3,37.8959,362.8887,37.2085,178.5872,0.881,-104.7937,0.0028,24.8978,0.5929
86,000086.png,False,1788899005.587894,1788899005.527894,normal_load,3,,2.0,0.00593,0.07996,-1.58633,-0.00082,-2e-05,0.00016,0.00452,0.07443,-1.59317,-0.00103,7e-05,0.0002,-0.02382,0.04681,-1.58749,3,37.8947,362.8963,37.1431,178.5862,0.8832,-104.7937,0.0025,24.8325,0.6582
87,000087.png,False,1788899005.783880,1788899005.723880,normal_load,3,,2.0,0.00559,0.08986,-1.89836,-0.00107,-0.00021,0.00032,0.00417,0.0843,-1.90525,-0.00129,-0.00011,0.00036,-0.02689,0.05021,-1.89964,3,37.8941,362.8986,37.0839,178.5856,0.8839,-104.7937,0.0025,24.7734,0.7173
88,000088.png,False,1788899005.979829,1788899005.919829,normal_load,3,,2.0,0.00614,0.09014,-1.90769,-0.00091,-0.00022,0.00035,0.00471,0.08454,-1.91462,-0.00113,-0.00012,0.0004,-0.02649,0.05058,-1.90898,3,37.8945,362.8969,37.0805,178.586,0.8835,-104.7939,0.008,24.7698,0.7209
89,000089.png,False,1788899006.371781,1788899006.311781,normal_load,3,,2.0,0.00754,0.10388,-1.94429,-0.00132,2e-05,0.00045,0.00609,0.09821,-1.9513,-0.00154,0.00012,0.00049,-0.03189,0.06259,-1.94581,2,37.8936,362.9031,37.071,178.5845,0.8869,-104.7935,0.0005,24.7605,0.7302
90,000090.png,False,1788899007.343921,1788899007.283921,normal_unload,3,,0.0,0.00543,0.10347,-2.03346,-0.00111,3e-05,0.0006,0.00395,0.09763,-2.04068,-0.00134,0.00014,0.00065,-0.03289,0.05976,-2.03496,3,37.8929,362.9055,37.0578,178.5844,0.8866,-104.7941,0.0092,24.7473,0.7434
91,000091.png,False,1788899007.539973,1788899007.479973,normal_unload,3,,0.0,0.00404,0.09723,-1.98635,-0.0011,-0.00019,0.00043,0.00254,0.09136,-1.99362,-0.00133,-8e-05,0.00047,-0.03131,0.05441,-1.98774,3,37.8936,362.9021,37.0586,178.5852,0.8853,-104.7939,0.0018,24.7481,0.7426
92,000092.png,False,1788899007.735848,1788899007.675848,normal_unload,3,,0.0,-0.00534,0.06766,-1.88372,-0.00031,-0.00022,0.00051,-0.00684,0.06175,-1.89103,-0.00054,-0.00012,0.00055,-0.02537,0.02576,-1.8846,3,37.896,362.8911,37.0771,178.588,0.8797,-104.7941,0.0077,24.7664,0.7243
93,000093.png,False,1788899007.931962,1788899007.871963,normal_unload,3,,0.0,-0.00389,0.06855,-1.82379,-0.00033,-0.0003,0.00034,-0.0054,0.0626,-1.83114,-0.00057,-0.0002,0.00039,-0.02497,0.02821,-1.82469,4,37.8944,362.8918,37.0895,178.588,0.8792,-104.7941,0.0047,24.7788,0.7119
94,000094.png,False,1788899008.128027,1788899008.068027,normal_unload,3,,0.0,-0.0096,0.05109,-1.73487,-2e-05,-0.00053,0.00034,-0.01112,0.04511,-1.74226,-0.00026,-0.00042,0.00038,-0.02181,0.01166,-1.73547,3,37.8968,362.8819,37.1013,178.589,0.8765,-104.7941,0.0008,24.7904,0.7003
95,000095.png,False,1788899008.515978,1788899008.455978,normal_unload,3,,0.0,-0.00459,0.06086,-1.45143,-0.00053,-0.00028,0.00055,-0.00613,0.05481,-1.45891,-0.00076,-0.00017,0.00059,-0.02432,0.02716,-1.45226,3,37.8958,362.8894,37.1602,178.5878,0.8791,-104.7945,0.0053,24.8495,0.6412
96,000096.png,False,1788899008.908013,1788899008.848013,normal_unload,3,,0.0,-0.00627,0.05434,-1.29707,-0.00025,-9e-05,0.00046,-0.00783,0.04823,-1.30463,-0.00048,2e-05,0.0005,-0.02359,0.02315,-1.2978,3,37.8965,362.8848,37.1978,178.5878,0.8791,-104.7947,0.0082,24.887,0.6037
97,000097.png,False,1788899009.099983,1788899009.039983,normal_unload,3,,0.0,-0.00698,0.04601,-1.1084,-0.00014,-0.00016,0.00049,-0.00855,0.03987,-1.11601,-0.00038,-5e-05,0.00053,-0.02135,0.01861,-1.10901,3,37.8965,362.8834,37.2399,178.5881,0.8785,-104.7945,0.0012,24.929,0.5617
98,000098.png,False,1788899009.296044,1788899009.236044,normal_unload,3,,0.0,-0.0021,0.05307,-1.1015,-0.00026,9e-05,0.00065,-0.00367,0.04689,-1.10915,-0.0005,0.00021,0.0007,-0.0207,0.02727,-1.10225,3,37.8961,362.8891,37.2567,178.5878,0.8791,-104.7947,0.007,24.946,0.5447
99,000099.png,False,1788899009.492034,1788899009.432034,normal_unload,3,,0.0,-0.00662,0.04554,-0.96605,-0.00024,0.00011,0.0007,-0.00821,0.03932,-0.97374,-0.00049,0.00022,0.00074,-0.02179,0.02066,-0.96668,2,37.8961,362.8824,37.2858,178.5886,0.8778,-104.7945,0.0063,24.9749,0.5158
100,000100.png,False,1788899009.687985,1788899009.627985,normal_unload,3,,0.0,-0.00648,0.04517,-0.88104,-0.00014,0.00012,0.00053,-0.00807,0.03892,-0.88878,-0.00038,0.00023,0.00057,-0.02207,0.02177,-0.88168,3,37.8963,362.8846,37.3199,178.5878,0.8791,-104.7949,0.0002,25.009,0.4817
101,000101.png,False,1788899009.880059,1788899009.820059,normal_unload,3,,0.0,-0.00514,0.0402,-0.73575,-0.00014,0.00013,0.00022,-0.00674,0.03392,-0.74352,-0.00039,0.00024,0.00027,-0.01944,0.02047,-0.73632,3,37.8973,362.8838,37.3401,178.5881,0.8785,-104.7949,0.0091,25.0292,0.4615
102,000102.png,False,1788899010.076054,1788899010.016054,normal_unload,3,,0.0,-0.00028,0.04758,-0.64478,-0.00039,0.00018,0.00037,-0.00189,0.04126,-0.65259,-0.00064,0.00029,0.00042,-0.01954,0.03074,-0.6455,3,37.8962,362.8851,37.3741,178.5885,0.8775,-104.7952,0.0054,25.0633,0.4275
103,000103.png,False,1788899010.272053,1788899010.212054,normal_unload,3,,0.0,-0.00119,0.04166,-0.61662,-0.00012,0.00023,0.00035,-0.00281,0.03531,-0.62448,-0.00037,0.00034,0.0004,-0.01757,0.02561,-0.61725,4,37.8967,362.8854,37.3935,178.5885,0.878,-104.7956,0.0004,25.0827,0.408
104,000104.png,False,1788899010.467975,1788899010.407975,normal_unload,3,,0.0,0.00307,0.0556,-0.48686,-0.00052,0.00048,0.00047,0.00144,0.04922,-0.49476,-0.00077,0.00059,0.00051,-0.02175,0.04189,-0.48776,3,37.8948,362.8932,37.4509,178.587,0.8808,-104.7954,0.0069,25.1402,0.3505
105,000105.png,False,1788899010.664069,1788899010.604069,normal_unload,3,,0.0,0.00141,0.04156,-0.43823,-0.00025,0.0003,0.00041,-0.00023,0.03514,-0.44618,-0.0005,0.00042,0.00045,-0.01651,0.02968,-0.43889,3,37.8964,362.8864,37.468,178.5881,0.879,-104.7954,0.0052,25.1572,0.3335
106,000106.png,False,1788899010.856128,1788899010.796129,normal_unload,3,,0.0,0.00161,0.04271,-0.28701,-0.00038,0.00032,0.00027,-4e-05,0.03626,-0.29499,-0.00063,0.00044,0.00031,-0.01796,0.0332,-0.28771,3,37.8961,362.8902,37.5259,178.5878,0.8795,-104.796,0.0079,25.2151,0.2756
107,000107.png,False,1788899011.052097,1788899010.992097,normal_unload,3,,0.0,-0.00192,0.0364,-0.2974,-7e-05,0.00036,0.00043,-0.00358,0.02991,-0.30544,-0.00032,0.00047,0.00048,-0.01779,0.0258,-0.29799,2,37.8969,362.8857,37.5457,178.5882,0.8787,-104.796,0.0072,25.2348,0.2559
108,000108.png,False,1788899011.444148,1788899011.384148,normal_unload,3,,0.0,-0.00301,0.0291,-0.1652,-0.0001,0.00046,0.00044,-0.00469,0.02254,-0.17332,-0.00036,0.00058,0.00049,-0.016,0.02105,-0.16568,3,37.8967,362.8846,37.6365,178.5878,0.8795,-104.796,0.0039,25.3256,0.1651
109,000109.png,False,1788899011.832129,1788899011.772130,normal_unload,3,,0.0,-0.00274,0.03009,-0.0643,-0.00022,0.00039,0.00053,-0.00443,0.02346,-0.0725,-0.00048,0.00051,0.00058,-0.01696,0.02366,-0.06481,4,37.895,362.8949,37.7575,178.5875,0.8801,-104.7963,0.0034,25.4468,0.044
110,000110.png,False,1788899013.200239,1788899013.140239,normal_unload,3,,0.0,-0.00743,0.02338,-0.04526,1e-05,0.00042,0.00043,-0.00918,0.01652,-0.05375,-0.00026,0.00054,0.00048,-0.01781,0.01581,-0.04564,3,37.8958,362.8873,37.8027,178.5903,0.8735,-104.7969,0.001,25.4918,-0.0011
111,000111.png,False,1788899014.368268,1788899014.308268,normal_load,4,,2.0,-0.00939,0.00574,-0.03891,0.00029,0.00026,0.00034,-0.01119,-0.00133,-0.04766,1e-05,0.00039,0.00039,-0.01073,-0.00034,-0.03899,3,37.8999,362.8715,37.8229,178.5915,0.8714,-104.7964,0.0066,25.5117,-0.021
112,000112.png,False,1788899014.760260,1788899014.700260,normal_load,4,,2.0,-0.0102,0.01169,-0.04868,0.00042,0.00031,0.00035,-0.01202,0.00455,-0.05751,0.00014,0.00044,0.00041,-0.01434,0.00425,-0.04885,3,37.9003,362.8753,37.817,178.5916,0.8707,-104.7964,0.0087,25.5059,-0.0152
113,000113.png,False,1788899015.148291,1788899015.088291,normal_load,4,,2.0,-0.01041,0.00902,-0.05788,0.00034,0.00029,0.00019,-0.01225,0.00181,-0.0668,5e-05,0.00042,0.00024,-0.01312,0.00168,-0.05801,3,37.8999,362.8742,37.7525,178.5918,0.8704,-104.7962,0.0086,25.4414,0.0493
114,000114.png,False,1788899015.344213,1788899015.284214,normal_load,4,,2.0,-0.01045,0.00791,-0.17142,0.00044,0.00028,0.00022,-0.0123,0.00067,-0.18039,0.00016,0.00041,0.00027,-0.01182,-0.00112,-0.17151,3,37.9025,362.8694,37.6371,178.593,0.8681,-104.7964,0.0052,25.3259,0.1648
115,000115.png,False,1788899015.540358,1788899015.480358,normal_load,4,,2.0,-0.00904,0.01287,-0.18076,0.0004,0.00036,0.00036,-0.0109,0.00559,-0.18976,0.00012,0.00049,0.00041,-0.01301,0.00373,-0.18093,3,37.9017,362.8729,37.6459,178.5922,0.8698,-104.7966,0.0041,25.3348,0.1559
116,000116.png,False,1788899015.928333,1788899015.868333,normal_load,4,,2.0,-0.00514,0.02566,-0.44885,0.00016,0.00027,0.00041,-0.00701,0.01832,-0.45794,-0.00013,0.0004,0.00046,-0.01416,0.01247,-0.44921,3,37.9014,362.8793,37.497,178.5916,0.8707,-104.7968,0.0036,25.186,0.3047
117,000117.png,False,1788899016.320393,1788899016.260393,normal_load,4,,2.0,-0.00089,0.04039,-0.79957,-7e-05,0.00028,0.0003,-0.00278,0.03298,-0.80875,-0.00036,0.00041,0.00036,-0.01541,0.02173,-0.80015,3,37.905,362.8852,37.3533,178.5913,0.8718,-104.7977,0.0075,25.0424,0.4483
118,000118.png,False,1788899016.516390,1788899016.456390,normal_load,4,,2.0,0.00432,0.05223,-1.09543,-0.00019,0.00038,0.0002,0.00242,0.04478,-1.10465,-0.00048,0.00051,0.00026,-0.01476,0.02984,-1.09617,3,37.904,362.895,37.2699,178.5895,0.8753,-104.7977,0.0066,24.9592,0.5315
119,000119.png,False,1788899016.708379,1788899016.648379,normal_load,4,,2.0,-0.00094,0.04677,-1.16858,-3e-05,0.00029,0.00034,-0.00285,0.03929,-1.17784,-0.00032,0.00042,0.0004,-0.01608,0.02132,-1.16921,3,37.9043,362.8881,37.2326,178.5905,0.8736,-104.7975,0.0045,24.9218,0.569
120,000120.png,False,1788899016.904477,1788899016.844477,normal_load,4,,2.0,0.00513,0.06047,-1.42797,-0.00034,0.00014,0.00046,0.00321,0.05296,-1.43727,-0.00064,0.00027,0.00052,-0.01587,0.03207,-1.42881,3,37.9033,362.8948,37.1877,178.5895,0.8753,-104.7977,0.0099,24.877,0.6137
121,000121.png,False,1788899017.100351,1788899017.040351,normal_load,4,,2.0,0.00421,0.06345,-1.56041,-0.00034,6e-05,0.00029,0.00228,0.0559,-1.56976,-0.00064,0.0002,0.00034,-0.01724,0.03206,-1.56128,3,37.9044,362.8952,37.144,178.5894,0.876,-104.7978,0.0012,24.8332,0.6575
122,000122.png,False,1788899017.296374,1788899017.236374,normal_load,4,,2.0,0.00243,0.07946,-1.72814,-0.00057,0.0002,0.0006,0.0005,0.07187,-1.73753,-0.00087,0.00034,0.00066,-0.02561,0.04235,-1.72926,3,37.902,362.9013,37.1231,178.5889,0.8772,-104.7975,0.0048,24.8125,0.6782
123,000123.png,False,1788899017.492399,1788899017.432399,normal_load,4,,2.0,0.0068,0.08145,-1.89599,-0.00049,0.00022,0.0005,0.00485,0.07383,-1.90542,-0.00079,0.00035,0.00055,-0.02166,0.04356,-1.89712,3,37.9045,362.9024,37.0874,178.5886,0.8778,-104.798,0.008,24.7768,0.7139
124,000124.png,False,1788899017.880332,1788899017.820332,normal_load,4,,2.0,0.01472,0.09117,-1.94237,-0.00066,0.00035,0.00056,0.01276,0.08348,-1.95189,-0.00096,0.00048,0.00061,-0.01933,0.0552,-1.94369,3,37.906,362.9063,37.0759,178.5879,0.8788,-104.7984,0.006,24.7654,0.7253
125,000125.png,False,1788899018.076472,1788899018.016472,normal_load,4,,2.0,0.01784,0.08671,-2.00908,-0.00065,0.0004,0.00062,0.01587,0.07899,-2.01864,-0.00096,0.00053,0.00068,-0.01394,0.05183,-2.01031,3,37.9076,362.9079,37.0649,178.5872,0.8807,-104.7987,0.0057,24.7544,0.7363
126,000126.png,False,1788899018.856377,1788899018.796377,normal_unload,4,,0.0,0.02057,0.08787,-2.00651,-0.00062,0.00053,0.0006,0.01857,0.08001,-2.01623,-0.00092,0.00067,0.00065,-0.01217,0.05424,-2.00777,3,37.909,362.9076,37.061,178.5878,0.8795,-104.7991,0.0016,24.7505,0.7402
127,000127.png,False,1788899019.052385,1788899018.992385,normal_unload,4,,0.0,0.01895,0.07511,-1.97691,-0.00045,0.00018,0.00041,0.01694,0.06721,-1.98668,-0.00076,0.00032,0.00047,-0.0074,0.04285,-1.97794,3,37.9108,362.9042,37.0618,178.5882,0.8785,-104.7993,0.0081,24.7512,0.7395
128,000128.png,False,1788899019.440407,1788899019.380407,normal_unload,4,,0.0,0.00991,0.05931,-1.90042,1e-05,0.00021,0.00059,0.00788,0.05135,-1.91028,-0.0003,0.00035,0.00065,-0.00787,0.02588,-1.90118,3,37.912,362.8938,37.0825,178.5903,0.874,-104.7995,0.0089,24.7718,0.7189
129,000129.png,False,1788899019.636418,1788899019.576418,normal_unload,4,,0.0,0.00604,0.03984,-1.78174,0.00056,8e-05,0.00052,0.004,0.03184,-1.79163,0.00025,0.00023,0.00058,-0.00232,0.00898,-1.78217,3,37.9123,362.8881,37.098,178.5912,0.8715,-104.7992,0.0037,24.7871,0.7036
130,000130.png,False,1788899019.832510,1788899019.772510,normal_unload,4,,0.0,0.00368,0.02955,-1.58977,0.00063,0.0001,0.00062,0.00164,0.02152,-1.59971,0.00032,0.00024,0.00068,-0.00055,0.00196,-1.59005,3,37.9146,362.8834,37.1328,178.5919,0.8704,-104.7997,0.001,24.8219,0.6688
131,000131.png,False,1788899020.028564,1788899019.968564,normal_unload,4,,0.0,0.00681,0.03227,-1.58363,0.00067,0.00019,0.00041,0.00476,0.0242,-1.59361,0.00036,0.00034,0.00047,0.00076,0.00598,-1.58396,3,37.9148,362.882,37.1392,178.5918,0.8708,-104.7995,0.0064,24.8282,0.6625
132,000132.png,False,1788899020.416456,1788899020.356457,normal_unload,4,,0.0,0.012,0.04196,-1.27927,0.00021,0.00042,0.00049,0.00992,0.03383,-1.28933,-0.00011,0.00057,0.00055,-0.00171,0.02184,-1.27983,3,37.9126,362.8918,37.2016,178.5905,0.8736,-104.7999,0.006,24.8907,0.6
133,000133.png,False,1788899020.612462,1788899020.552462,normal_unload,4,,0.0,0.00825,0.03179,-1.16441,0.00034,0.00031,0.00037,0.00616,0.02362,-1.17452,2e-05,0.00045,0.00043,-0.00067,0.013,-1.1648,3,37.9143,362.8876,37.2245,178.5907,0.8725,-104.8003,0.0089,24.9136,0.5771
134,000134.png,False,1788899020.808584,1788899020.748585,normal_unload,4,,0.0,0.008,0.03507,-1.10969,0.0004,0.00046,0.00027,0.0059,0.02686,-1.11984,8e-05,0.0006,0.00033,-0.0029,0.01659,-1.11015,3,37.9137,362.8871,37.2475,178.5908,0.8723,-104.8001,0.0032,24.9366,0.5541
135,000135.png,False,1788899021.000484,1788899020.940485,normal_unload,4,,0.0,0.00665,0.02647,-1.00839,0.00044,0.00041,0.00042,0.00455,0.01823,-1.01858,0.00012,0.00056,0.00048,-0.00048,0.01009,-1.00871,3,37.9141,362.8852,37.2687,178.5915,0.8714,-104.8001,0.0063,24.9578,0.5329
136,000136.png,False,1788899021.196584,1788899021.136585,normal_unload,4,,0.0,0.01018,0.02911,-0.8549,0.00019,0.0004,0.00041,0.00807,0.02084,-0.86514,-0.00014,0.00055,0.00047,0.0002,0.0166,-0.8553,3,37.9141,362.8861,37.3061,178.591,0.8724,-104.8003,0.0085,24.9952,0.4955
137,000137.png,False,1788899021.392610,1788899021.332610,normal_unload,4,,0.0,0.00861,0.02565,-0.78849,0.00032,0.00053,0.00029,0.00649,0.01735,-0.79877,-0.0,0.00068,0.00035,0.00011,0.01389,-0.78884,3,37.9136,362.8865,37.3276,178.5907,0.8727,-104.8006,0.0029,25.0166,0.4741
138,000138.png,False,1788899021.588598,1788899021.528598,normal_unload,4,,0.0,0.00732,0.0193,-0.66278,0.0005,0.00055,0.00025,0.0052,0.01096,-0.6731,0.00017,0.0007,0.00031,0.0013,0.00976,-0.66303,3,37.9147,362.8831,37.3708,178.5911,0.8722,-104.8003,0.0021,25.0598,0.4309
139,000139.png,False,1788899021.784590,1788899021.724590,normal_unload,4,,0.0,0.00772,0.0172,-0.62337,0.00053,0.00054,0.00021,0.00558,0.00882,-0.63373,0.0002,0.00069,0.00027,0.00241,0.00876,-0.62359,3,37.9147,362.8812,37.385,178.5912,0.8715,-104.8005,0.0076,25.074,0.4167
140,000140.png,False,1788899021.976622,1788899021.916622,normal_unload,4,,0.0,0.00729,0.0197,-0.44921,0.00047,0.00051,0.00019,0.00514,0.0113,-0.45961,0.00014,0.00067,0.00026,-0.00042,0.01351,-0.4495,3,37.9144,362.8821,37.4481,178.5911,0.8717,-104.8008,0.0036,25.1371,0.3536
141,000141.png,False,1788899022.172539,1788899022.112539,normal_unload,4,,0.0,0.00908,0.02467,-0.44439,0.00027,0.00059,0.00026,0.00693,0.01622,-0.45484,-6e-05,0.00074,0.00032,-0.00138,0.01878,-0.44477,3,37.9151,362.8847,37.4572,178.5909,0.8721,-104.8008,0.0029,25.1462,0.3445
142,000142.png,False,1788899022.368594,1788899022.308594,normal_unload,4,,0.0,0.01505,0.02845,-0.25281,-1e-05,0.00071,5e-05,0.01289,0.01998,-0.2633,-0.00034,0.00086,0.00012,0.00057,0.02811,-0.2533,3,37.913,362.8928,37.539,178.5905,0.8736,-104.8008,0.0094,25.2282,0.2625
143,000143.png,False,1788899022.564668,1788899022.504668,normal_unload,4,,0.0,0.0112,0.02622,-0.29855,0.00028,0.00065,0.00032,0.00903,0.01771,-0.30908,-5e-05,0.00081,0.00038,-0.00133,0.02352,-0.29898,3,37.9133,362.8909,37.5389,178.5909,0.8728,-104.8006,0.0034,25.228,0.2627
144,000144.png,False,1788899022.952575,1788899022.892576,normal_unload,4,,0.0,0.00475,0.02285,-0.14845,0.00017,0.00061,0.00024,0.00256,0.01426,-0.15907,-0.00016,0.00076,0.0003,-0.00627,0.01978,-0.14883,2,37.9137,362.8926,37.6363,178.5903,0.8735,-104.801,0.0031,25.3254,0.1653
145,000145.png,False,1788899025.488799,1788899025.428799,normal_load,5,,2.0,-0.0053,0.00859,-0.01957,0.0006,0.00028,9e-05,-0.0076,-0.00043,-0.03074,0.00025,0.00045,0.00016,-0.00875,0.00448,-0.01971,3,37.9151,362.8741,37.8361,178.5928,0.8679,-104.8038,0.0083,25.5249,-0.0342
146,000146.png,False,1788899025.684782,1788899025.624782,normal_load,5,,2.0,-0.00657,0.01026,-0.02868,0.0006,0.00029,0.00018,-0.00888,0.0012,-0.03989,0.00024,0.00045,0.00024,-0.01061,0.00515,-0.02884,3,37.916,362.8749,37.8355,178.593,0.8679,-104.8038,0.0022,25.5242,-0.0335
147,000147.png,False,1788899026.076724,1788899026.016724,normal_load,5,,2.0,-0.00837,0.00983,-0.06638,0.00054,0.0003,0.00023,-0.0107,0.0007,-0.07768,0.00019,0.00047,0.00029,-0.0117,0.00327,-0.06652,3,37.9178,362.8631,37.756,178.5955,0.8624,-104.8035,0.0095,25.4445,0.0462
148,000148.png,False,1788899026.268825,1788899026.208825,normal_load,5,,2.0,-0.0058,0.0177,-0.12964,0.00038,0.00031,0.00016,-0.00813,0.00854,-0.14097,2e-05,0.00047,0.00023,-0.01297,0.01036,-0.12991,3,37.9173,362.8686,37.6735,178.5949,0.8638,-104.8038,0.0043,25.3622,0.1285
149,000149.png,False,1788899026.464787,1788899026.404787,normal_load,5,,2.0,-0.00457,0.01695,-0.17329,0.00057,0.00023,0.00016,-0.00692,0.00775,-0.18467,0.00021,0.0004,0.00022,-0.01123,0.00962,-0.17355,3,37.9171,362.8677,37.6457,178.5952,0.863,-104.8037,0.0101,25.3344,0.1563
150,000150.png,False,1788899026.660803,1788899026.600803,normal_load,5,,2.0,-0.009,0.01461,-0.31506,0.00051,0.00013,0.0001,-0.01135,0.00538,-0.32649,0.00015,0.00029,0.00017,-0.01291,0.00311,-0.31525,3,37.918,362.864,37.5296,178.5961,0.8612,-104.8035,0.0006,25.2183,0.2724
151,000151.png,False,1788899026.856756,1788899026.796757,normal_load,5,,2.0,-0.0053,0.02948,-0.40718,0.00027,0.00015,-0.0,-0.00766,0.02022,-0.41865,-9e-05,0.00031,7e-05,-0.0165,0.01636,-0.40762,3,37.9155,362.8725,37.4923,178.5947,0.8637,-104.8035,0.0069,25.1811,0.3096
152,000152.png,False,1788899027.048846,1788899026.988847,normal_load,5,,2.0,-0.00777,0.0266,-0.66206,0.00046,0.00013,0.00022,-0.01014,0.0173,-0.67356,0.0001,0.0003,0.00029,-0.01543,0.00855,-0.6624,3,37.9165,362.8686,37.3829,178.5956,0.8627,-104.8033,0.0037,25.0717,0.419
153,000153.png,False,1788899027.244817,1788899027.184817,normal_load,5,,2.0,-0.00544,0.03925,-0.81756,0.00023,0.00022,0.00034,-0.00782,0.02992,-0.82911,-0.00013,0.00039,0.00041,-0.01866,0.01818,-0.81811,3,37.9144,362.8768,37.3538,178.5943,0.8652,-104.8033,0.0017,25.0427,0.448
154,000154.png,False,1788899027.440787,1788899027.380787,normal_load,5,,2.0,-0.00361,0.05142,-1.0782,-0.00011,0.0,0.00052,-0.006,0.04205,-1.0898,-0.00048,0.00017,0.00059,-0.02134,0.02546,-1.07892,3,37.9148,362.8804,37.2713,178.5932,0.8669,-104.8036,0.0066,24.9603,0.5304
155,000155.png,False,1788899027.636800,1788899027.576800,normal_load,5,,2.0,-0.00204,0.05483,-1.08662,-0.00018,9e-05,0.00024,-0.00444,0.04542,-1.09826,-0.00055,0.00026,0.00031,-0.02162,0.02906,-1.0874,3,37.9137,362.8823,37.2637,178.5929,0.8677,-104.8033,0.0079,24.9527,0.538
156,000156.png,False,1788899027.828957,1788899027.768957,normal_load,5,,2.0,0.00184,0.07001,-1.38774,-0.00027,5e-05,0.00017,-0.00057,0.06057,-1.39942,-0.00064,0.00022,0.00024,-0.02377,0.03932,-1.38875,3,37.9121,362.891,37.1947,178.5918,0.8705,-104.8036,0.0029,24.8838,0.6069
157,000157.png,False,1788899028.024905,1788899027.964906,normal_load,5,,2.0,9e-05,0.06945,-1.36946,-0.00018,0.00011,7e-05,-0.00232,0.05998,-1.38118,-0.00055,0.00028,0.00014,-0.02512,0.03826,-1.37046,3,37.9136,362.8895,37.1875,178.5923,0.8695,-104.8038,0.0081,24.8767,0.614
158,000158.png,False,1788899028.416831,1788899028.356831,normal_load,5,,2.0,-0.00142,0.07475,-1.76814,-0.00028,-0.00024,0.00019,-0.00386,0.06521,-1.77994,-0.00066,-7e-05,0.00026,-0.02632,0.03571,-1.76916,3,37.9124,362.8901,37.1003,178.5923,0.8693,-104.8034,0.004,24.7894,0.7013
159,000159.png,False,1788899029.000870,1788899028.940870,normal_load,5,,2.0,-0.00062,0.09391,-1.95079,-0.00056,-0.00012,0.00033,-0.00308,0.08427,-1.96272,-0.00094,6e-05,0.0004,-0.03394,0.04978,-1.95212,3,37.9114,362.8964,37.0697,178.5913,0.8715,-104.8036,0.0097,24.7589,0.7318
160,000160.png,False,1788899029.393004,1788899029.333004,normal_unload,5,,0.0,0.00448,0.1002,-1.98395,-0.00074,-2e-05,0.00036,0.002,0.09049,-1.99596,-0.00112,0.00016,0.00043,-0.03242,0.05724,-1.98539,3,37.9116,362.9007,37.0615,178.5903,0.8737,-104.8038,0.0011,24.7509,0.7398
161,000161.png,False,1788899029.780972,1788899029.720972,normal_unload,5,,0.0,0.00021,0.09554,-1.99271,-0.00055,-1e-05,0.00034,-0.00229,0.08576,-2.00482,-0.00093,0.00017,0.00041,-0.03374,0.05093,-1.99407,3,37.9098,362.9016,37.0607,178.5904,0.873,-104.8036,0.0021,24.7501,0.7406
162,000162.png,False,1788899029.977012,1788899029.917012,normal_unload,5,,0.0,-0.00176,0.08886,-1.93145,-0.00051,-0.00015,6e-05,-0.00427,0.07905,-1.94359,-0.00089,3e-05,0.00013,-0.03254,0.04514,-1.93269,3,37.9107,362.8961,37.0639,178.5911,0.8714,-104.8036,0.0074,24.7532,0.7375
163,000163.png,False,1788899030.369036,1788899030.309036,normal_unload,5,,0.0,-0.00978,0.07084,-1.87051,8e-05,-0.00019,0.00016,-0.0123,0.06096,-1.88274,-0.00031,-2e-05,0.00023,-0.0309,0.0265,-1.87144,3,37.9125,362.888,37.0756,178.593,0.8679,-104.8036,0.0024,24.7648,0.7259
164,000164.png,False,1788899030.560942,1788899030.500942,normal_unload,5,,0.0,-0.01387,0.04783,-1.79326,0.00049,-0.00044,0.0003,-0.0164,0.03791,-1.80553,0.00011,-0.00027,0.00038,-0.02348,0.00576,-1.79379,3,37.9138,362.8773,37.0917,178.5946,0.8639,-104.8035,0.0131,24.7807,0.7101
165,000165.png,False,1788899030.757044,1788899030.697044,normal_unload,5,,0.0,-0.01445,0.05296,-1.57726,0.00044,-0.00027,7e-05,-0.01699,0.04301,-1.58957,5e-05,-9e-05,0.00014,-0.02804,0.01338,-1.57791,3,37.9143,362.8772,37.1249,178.5943,0.865,-104.8038,0.0016,24.8138,0.6769
166,000166.png,False,1788899030.953023,1788899030.893023,normal_unload,5,,0.0,-0.01373,0.05541,-1.57722,0.00022,-0.00028,0.00011,-0.01628,0.04543,-1.58958,-0.00017,-0.0001,0.00018,-0.02865,0.01587,-1.57792,3,37.9149,362.8808,37.1262,178.5941,0.8654,-104.804,0.0049,24.8152,0.6755
167,000167.png,False,1788899031.341090,1788899031.281090,normal_unload,5,,0.0,-0.00851,0.06111,-1.31415,-0.0001,-5e-05,-0.00014,-0.01107,0.05106,-1.32659,-0.00049,0.00013,-6e-05,-0.02879,0.02762,-1.315,3,37.9136,362.8854,37.1782,178.5933,0.8671,-104.8042,0.0074,24.8673,0.6234
168,000168.png,False,1788899031.537071,1788899031.477071,normal_unload,5,,0.0,-0.01185,0.05632,-1.18234,0.00018,4e-05,9e-05,-0.01442,0.04623,-1.19482,-0.00022,0.00022,0.00016,-0.03021,0.02392,-1.18311,3,37.9128,362.8833,37.2089,178.5935,0.8663,-104.8042,0.0021,24.898,0.5928
169,000169.png,False,1788899031.733079,1788899031.673079,normal_unload,5,,0.0,-0.01121,0.05351,-1.17808,0.0001,-3e-05,-3e-05,-0.01379,0.04339,-1.1906,-0.00029,0.00016,4e-05,-0.02827,0.02187,-1.1788,3,37.9144,362.8833,37.209,178.5937,0.8663,-104.8044,0.0031,24.898,0.5927
170,000170.png,False,1788899032.121094,1788899032.061094,normal_unload,5,,0.0,-0.01165,0.0354,-0.96052,0.00031,-5e-05,0.00016,-0.01425,0.02521,-0.97313,-8e-05,0.00013,0.00023,-0.02112,0.00945,-0.96096,3,37.916,362.8755,37.2832,178.5938,0.8662,-104.8042,0.005,24.9721,0.5186
171,000171.png,False,1788899032.513117,1788899032.453117,normal_unload,5,,0.0,-0.01061,0.03408,-0.71019,0.00045,9e-05,3e-05,-0.01322,0.02383,-0.72288,5e-05,0.00027,0.0001,-0.02129,0.01284,-0.71065,3,37.9145,362.8761,37.3477,178.5942,0.8652,-104.8042,0.0042,25.0366,0.4541
172,000172.png,False,1788899032.709033,1788899032.649034,normal_unload,5,,0.0,-0.00823,0.03747,-0.60534,0.00012,0.00015,0.0002,-0.01086,0.02718,-0.61808,-0.00028,0.00034,0.00027,-0.02166,0.01864,-0.60588,3,37.9142,362.8782,37.3839,178.5937,0.8663,-104.8042,0.0015,25.0728,0.4179
173,000173.png,False,1788899032.905133,1788899032.845134,normal_unload,5,,0.0,-0.00144,0.04342,-0.49513,0.0,0.00035,-0.00015,-0.00407,0.03309,-0.50791,-0.0004,0.00053,-7e-05,-0.01951,0.02895,-0.4958,3,37.9131,362.8841,37.4248,178.5933,0.8671,-104.8046,0.0094,25.1138,0.3769
174,000174.png,False,1788899033.097145,1788899033.037145,normal_unload,5,,0.0,-0.0058,0.03497,-0.42452,0.00016,0.00024,5e-05,-0.00844,0.02461,-0.43734,-0.00024,0.00042,0.00013,-0.01955,0.02059,-0.42505,3,37.9148,362.8793,37.454,178.5938,0.8657,-104.8046,0.0011,25.1429,0.3478
175,000175.png,False,1788899033.293072,1788899033.233073,normal_unload,5,,0.0,-0.00348,0.04129,-0.30024,-1e-05,0.00034,-1e-05,-0.00613,0.03089,-0.31311,-0.00042,0.00053,6e-05,-0.02156,0.02921,-0.30091,3,37.9132,362.885,37.5048,178.5933,0.8671,-104.8046,0.0084,25.1938,0.2969
176,000176.png,False,1788899033.489074,1788899033.429075,normal_unload,5,,0.0,-0.00616,0.03218,-0.30555,0.00022,0.00034,0.00026,-0.00882,0.02175,-0.31846,-0.00018,0.00053,0.00034,-0.01929,0.0199,-0.30605,3,37.914,362.8802,37.5297,178.5939,0.8659,-104.8046,0.0034,25.2187,0.272
177,000177.png,False,1788899033.685118,1788899033.625118,normal_unload,5,,0.0,-0.00071,0.04493,-0.16838,-0.00011,0.00051,0.0002,-0.00338,0.03447,-0.18133,-0.00052,0.0007,0.00028,-0.0219,0.03586,-0.16913,3,37.9131,362.8898,37.6043,178.5918,0.87,-104.8051,0.0044,25.2934,0.1973
178,000178.png,False,1788899033.877100,1788899033.817101,normal_unload,5,,0.0,-0.00506,0.02853,-0.14033,0.00019,0.00025,0.00022,-0.00774,0.01803,-0.15332,-0.00022,0.00044,0.00029,-0.01767,0.01993,-0.14079,3,37.9139,362.88,37.6319,178.5936,0.8665,-104.8049,0.006,25.3208,0.1699
179,000179.png,False,1788899037.389374,1788899037.329374,normal_load,6,,2.0,-0.01063,0.01439,-0.01958,0.00056,0.00012,5e-05,-0.01347,0.00328,-0.03334,0.00013,0.00032,0.00013,-0.01627,0.00684,-0.01981,3,37.9129,362.8778,37.8307,178.5962,0.8607,-104.8068,0.0002,25.5196,-0.0288
180,000180.png,False,1788899037.781367,1788899037.721367,normal_load,6,,2.0,-0.01308,0.01126,-0.05974,0.00077,0.00033,0.00011,-0.01593,7e-05,-0.07358,0.00033,0.00053,0.00019,-0.01654,0.00226,-0.0599,3,37.9139,362.8655,37.7454,178.5976,0.8571,-104.807,0.0092,25.4341,0.0566
181,000181.png,False,1788899038.169434,1788899038.109434,normal_load,6,,2.0,-0.01166,0.01832,-0.13256,0.00051,0.00011,-3e-05,-0.01453,0.00706,-0.14649,7e-05,0.00031,5e-05,-0.01834,0.00791,-0.13284,3,37.9116,362.875,37.6551,178.5974,0.8587,-104.8065,0.0087,25.344,0.1467
182,000182.png,False,1788899038.561386,1788899038.501386,normal_load,6,,2.0,-0.00838,0.02712,-0.41136,0.00035,0.00013,0.00011,-0.01127,0.0158,-0.42537,-0.0001,0.00033,0.0002,-0.01796,0.01271,-0.41175,3,37.9116,362.8708,37.4812,178.5983,0.8562,-104.8065,0.0028,25.17,0.3207
183,000183.png,False,1788899038.949480,1788899038.889480,normal_load,6,,2.0,-0.0058,0.04602,-0.77146,0.00014,0.00012,0.00022,-0.00871,0.03463,-0.78556,-0.0003,0.00032,0.0003,-0.02267,0.0246,-0.77213,3,37.911,362.8792,37.3417,178.5967,0.8596,-104.8068,0.0032,25.0306,0.4601
184,000184.png,False,1788899039.145348,1788899039.085348,normal_load,6,,2.0,-0.00305,0.06082,-1.07664,-4e-05,0.0001,0.00023,-0.00596,0.04939,-1.09078,-0.00049,0.0003,0.00031,-0.02556,0.0339,-1.07753,3,37.9069,362.8942,37.2738,178.5947,0.8634,-104.8068,0.0023,24.9631,0.5276
185,000185.png,False,1788899039.341485,1788899039.281485,normal_load,6,,2.0,-0.00613,0.05753,-1.17114,-0.0001,-3e-05,0.00017,-0.00905,0.04607,-1.18532,-0.00055,0.00017,0.00026,-0.02593,0.028,-1.17194,3,37.9069,362.8936,37.2385,178.5946,0.8636,-104.8066,0.0073,24.9278,0.563
186,000186.png,False,1788899039.537450,1788899039.477450,normal_load,6,,2.0,-0.0034,0.07628,-1.33218,-0.00039,0.0,8e-05,-0.00633,0.06478,-1.3464,-0.00084,0.00021,0.00016,-0.03182,0.04302,-1.33329,3,37.9064,362.8998,37.2014,178.594,0.8655,-104.8068,0.0071,24.8908,0.6
187,000187.png,False,1788899039.733510,1788899039.673511,normal_load,6,,2.0,-0.00286,0.08369,-1.55387,-0.00043,9e-05,0.0001,-0.0058,0.07216,-1.56814,-0.00088,0.00029,0.00018,-0.03352,0.04616,-1.55508,3,37.9054,362.9026,37.1513,178.5934,0.8662,-104.8068,0.0017,24.8407,0.65
188,000188.png,False,1788899039.925471,1788899039.865471,normal_load,6,,2.0,-0.00182,0.08946,-1.61392,-0.00039,7e-05,0.00016,-0.00477,0.07789,-1.62823,-0.00085,0.00027,0.00024,-0.03508,0.05071,-1.61522,3,37.9052,362.9055,37.1409,178.5933,0.8671,-104.8068,0.008,24.8304,0.6603
189,000189.png,False,1788899040.121509,1788899040.061509,normal_load,6,,2.0,-0.00276,0.09084,-1.91732,-0.00048,-0.00015,0.00034,-0.00571,0.07925,-1.93167,-0.00093,6e-05,0.00042,-0.03448,0.04659,-1.9186,3,37.9055,362.9047,37.0787,178.5937,0.8661,-104.8068,0.001,24.7681,0.7226
190,000190.png,False,1788899040.513501,1788899040.453501,normal_load,6,,2.0,-1e-05,0.10096,-1.93429,-0.00057,-7e-05,0.00038,-0.00298,0.08929,-1.94872,-0.00103,0.00014,0.00046,-0.03704,0.05645,-1.93575,3,37.9046,362.9091,37.0766,178.5931,0.8675,-104.8068,0.0022,24.7661,0.7246
191,000191.png,False,1788899041.489530,1788899041.429530,normal_unload,6,,0.0,-0.00501,0.09519,-1.97378,-0.00058,-0.00022,5e-05,-0.00803,0.08336,-1.98843,-0.00104,-1e-05,0.00014,-0.03822,0.04832,-1.97512,3,37.9038,362.904,37.0559,178.5938,0.8654,-104.8068,0.0035,24.7454,0.7453
192,000192.png,False,1788899041.681617,1788899041.621618,normal_unload,6,,0.0,-0.00984,0.07315,-1.92466,6e-05,-0.0004,-5e-05,-0.01287,0.06128,-1.93934,-0.00041,-0.00018,4e-05,-0.03173,0.02761,-1.92561,3,37.9061,362.8965,37.0621,178.5954,0.8625,-104.8068,0.0084,24.7514,0.7393
193,000193.png,False,1788899041.877476,1788899041.817476,normal_unload,6,,0.0,-0.02049,0.04229,-1.85113,0.00078,-0.00064,4e-05,-0.02353,0.03039,-1.86586,0.00032,-0.00043,0.00013,-0.02605,-0.00326,-1.85154,3,37.9076,362.8817,37.0753,178.5979,0.8565,-104.8067,0.0063,24.7643,0.7264
194,000194.png,False,1788899042.073601,1788899042.013601,normal_unload,6,,0.0,-0.01813,0.05298,-1.82466,0.00057,-0.00047,0.00014,-0.02117,0.04104,-1.83943,0.0001,-0.00025,0.00023,-0.02952,0.0076,-1.82526,3,37.9087,362.8862,37.0823,178.5973,0.8584,-104.8072,0.0007,24.7714,0.7193
195,000195.png,False,1788899042.269490,1788899042.209491,normal_unload,6,,0.0,-0.01979,0.0443,-1.68349,0.00064,-0.00052,0.00011,-0.02284,0.03233,-1.69831,0.00018,-0.00031,0.00019,-0.0276,0.00152,-1.68397,3,37.909,362.883,37.107,178.5978,0.8572,-104.8074,0.0047,24.7961,0.6946
196,000196.png,False,1788899042.461632,1788899042.401633,normal_unload,6,,0.0,-0.00959,0.05832,-1.39285,0.00016,-0.00019,0.00022,-0.01265,0.04632,-1.4077,-0.0003,3e-05,0.00031,-0.02779,0.02341,-1.39363,3,37.9065,362.8915,37.1703,178.5957,0.8617,-104.8072,0.0001,24.8595,0.6312
197,000197.png,False,1788899042.657610,1788899042.597610,normal_unload,6,,0.0,-0.01083,0.05076,-1.37098,0.00024,-0.00035,3e-05,-0.0139,0.03872,-1.38588,-0.00023,-0.00013,0.00012,-0.02524,0.01659,-1.37163,3,37.907,362.8905,37.1699,178.596,0.8611,-104.8077,0.0062,24.859,0.6317
198,000198.png,False,1788899042.853626,1788899042.793626,normal_unload,6,,0.0,-0.01533,0.03983,-1.30349,0.00043,-0.00045,0.00017,-0.01841,0.02776,-1.31843,-4e-05,-0.00023,0.00025,-0.02415,0.00596,-1.30395,3,37.9076,362.8856,37.1877,178.5967,0.8595,-104.8079,0.0066,24.8768,0.6139
199,000199.png,False,1788899043.049606,1788899042.989606,normal_unload,6,,0.0,-0.01362,0.05276,-1.23904,0.00027,-0.00018,0.00011,-0.01671,0.04065,-1.25403,-0.0002,4e-05,0.0002,-0.02957,0.01904,-1.23974,3,37.907,362.8888,37.2004,178.5966,0.8597,-104.8079,0.0012,24.8896,0.6012
200,000200.png,False,1788899043.241622,1788899043.181623,normal_unload,6,,0.0,-0.00353,0.05753,-1.06157,0.00012,-2e-05,-0.00011,-0.00662,0.04538,-1.0766,-0.00036,0.0002,-2e-05,-0.02444,0.03105,-1.0624,3,37.9064,362.8959,37.2418,178.5967,0.8595,-104.8083,0.0091,24.9311,0.5596
201,000201.png,False,1788899043.437667,1788899043.377667,normal_unload,6,,0.0,-0.00656,0.053,-1.04534,0.00014,-0.00013,-0.00023,-0.00966,0.04082,-1.06041,-0.00034,9e-05,-0.00014,-0.02491,0.02588,-1.04609,3,37.9075,362.8924,37.2425,178.5972,0.8585,-104.8081,0.0028,24.9317,0.559
202,000202.png,False,1788899043.829654,1788899043.769654,normal_unload,6,,0.0,-0.00557,0.05418,-0.86326,-3e-05,3e-05,2e-05,-0.0087,0.04193,-0.87841,-0.00051,0.00025,0.00011,-0.02591,0.03031,-0.86405,3,37.9057,362.8979,37.3001,178.5966,0.8602,-104.8081,0.0062,24.9894,0.5013
203,000203.png,False,1788899044.217701,1788899044.157701,normal_unload,6,,0.0,-0.00292,0.04953,-0.6702,1e-05,0.00013,5e-05,-0.00606,0.03721,-0.68544,-0.00048,0.00035,0.00014,-0.02263,0.0307,-0.67095,3,37.9052,362.8944,37.3653,178.5963,0.8603,-104.8079,0.0094,25.0545,0.4362
204,000204.png,False,1788899044.609728,1788899044.549728,normal_unload,6,,0.0,-0.00468,0.03809,-0.48511,0.00021,0.0001,-0.00012,-0.00784,0.0257,-0.50043,-0.00027,0.00032,-3e-05,-0.01972,0.02288,-0.48568,3,37.9068,362.8899,37.4286,178.5968,0.8593,-104.8087,0.0001,25.1178,0.3729
205,000205.png,False,1788899044.805735,1788899044.745735,normal_unload,6,,0.0,-0.00431,0.03615,-0.31529,6e-05,0.0001,-3e-05,-0.00748,0.02373,-0.33065,-0.00042,0.00033,6e-05,-0.01961,0.0241,-0.31586,3,37.9066,362.8907,37.501,178.5965,0.8599,-104.809,0.0064,25.1901,0.3006
206,000206.png,False,1788899044.997636,1788899044.937636,normal_unload,6,,0.0,-0.00042,0.04462,-0.28667,2e-05,0.00025,5e-05,-0.0036,0.03217,-0.30208,-0.00047,0.00048,0.00014,-0.02067,0.03384,-0.2874,3,37.9033,362.8995,37.5335,178.5955,0.8616,-104.809,0.0029,25.2228,0.2679
207,000207.png,False,1788899045.193762,1788899045.133762,normal_unload,6,,0.0,-0.00376,0.03643,-0.16931,0.00017,0.00024,7e-05,-0.00694,0.02394,-0.18476,-0.00032,0.00046,0.00016,-0.02028,0.02696,-0.16991,3,37.9047,362.8938,37.5989,178.5963,0.8603,-104.8092,0.0022,25.2881,0.2027
208,000208.png,False,1788899045.585738,1788899045.525738,normal_unload,6,,0.0,-0.00533,0.03095,-0.03264,0.0002,0.00024,-3e-05,-0.00854,0.0184,-0.04818,-0.00029,0.00047,6e-05,-0.01986,0.02362,-0.03316,3,37.9031,362.9002,37.7257,178.5949,0.8629,-104.8092,0.0008,25.415,0.0757
209,000209.png,False,1788899048.121938,1788899048.061938,normal_load,7,,2.0,-0.00794,0.00889,-0.01999,0.00064,0.00013,-0.00015,-0.01125,-0.00411,-0.03607,0.00014,0.00036,-6e-05,-0.01118,0.00342,-0.02012,3,37.9078,362.8651,37.7567,178.6019,0.8475,-104.8095,0.0036,25.4454,0.0453
210,000210.png,False,1788899048.317898,1788899048.257898,normal_load,7,,2.0,-0.00539,0.0122,-0.10636,0.00057,0.00014,7e-05,-0.00872,-0.00084,-0.12249,6e-05,0.00037,0.00017,-0.01003,0.00617,-0.10655,3,37.9083,362.8664,37.6779,178.6017,0.8479,-104.8097,0.0096,25.3666,0.1241
211,000211.png,False,1788899048.509800,1788899048.449800,normal_load,7,,2.0,-0.0068,0.0128,-0.15961,0.00067,0.00016,0.00018,-0.01013,-0.00027,-0.17578,0.00016,0.00039,0.00028,-0.01117,0.00513,-0.1598,3,37.9075,362.8671,37.6497,178.6017,0.8481,-104.8095,0.0,25.3384,0.1523
212,000212.png,False,1788899048.705894,1788899048.645894,normal_load,7,,2.0,-0.00797,0.01208,-0.27098,0.00078,8e-05,0.00011,-0.01132,-0.00103,-0.2872,0.00027,0.00032,0.0002,-0.01106,0.00214,-0.27114,3,37.9079,362.8649,37.5597,178.6021,0.8471,-104.81,0.0055,25.2484,0.2423
213,000213.png,False,1788899048.901812,1788899048.841812,normal_load,7,,2.0,-0.00539,0.02436,-0.37782,0.00056,0.00016,8e-05,-0.00874,0.01122,-0.39408,4e-05,0.0004,0.00017,-0.01422,0.01235,-0.37818,3,37.9063,362.8713,37.5186,178.6014,0.8492,-104.8095,0.0087,25.2075,0.2832
214,000214.png,False,1788899049.097920,1788899049.037920,normal_load,7,,2.0,-0.00903,0.0288,-0.5976,0.00076,0.00012,-0.00012,-0.01239,0.01563,-0.6139,0.00024,0.00036,-2e-05,-0.01807,0.01086,-0.59799,3,37.9074,362.8701,37.4103,178.6018,0.8484,-104.81,0.0005,25.0991,0.3916
215,000215.png,False,1788899049.289951,1788899049.229951,normal_load,7,,2.0,-0.00747,0.03697,-0.67025,0.00041,0.00012,-9e-05,-0.01084,0.02376,-0.68659,-0.0001,0.00036,0.0,-0.02029,0.01755,-0.67077,3,37.9046,362.8777,37.3891,178.6008,0.8506,-104.8098,0.0085,25.0781,0.4126
216,000216.png,False,1788899049.485925,1788899049.425925,normal_load,7,,2.0,-0.00694,0.05156,-1.03667,0.00023,0.0,0.00015,-0.01032,0.03832,-1.05305,-0.00029,0.00024,0.00024,-0.02459,0.02458,-1.03739,3,37.9038,362.8832,37.2712,178.6005,0.8511,-104.8098,0.0009,24.9602,0.5305
217,000217.png,False,1788899049.681857,1788899049.621857,normal_load,7,,2.0,-0.00434,0.05476,-1.04753,4e-05,-0.0001,6e-05,-0.00772,0.04149,-1.06396,-0.00048,0.00014,0.00016,-0.02385,0.02848,-1.04831,3,37.902,362.8853,37.2732,178.5997,0.8522,-104.8093,0.0062,24.9624,0.5283
218,000218.png,False,1788899049.877947,1788899049.817947,normal_load,7,,2.0,0.00056,0.06718,-1.30232,-0.00022,-0.00016,-7e-05,-0.00283,0.05387,-1.31879,-0.00074,8e-05,2e-05,-0.02405,0.0376,-1.30328,3,37.9009,362.8907,37.205,178.5988,0.8544,-104.8093,0.0089,24.8942,0.5965
219,000219.png,False,1788899050.069972,1788899050.009972,normal_load,7,,2.0,-0.00096,0.06579,-1.31448,-9e-05,-0.00015,6e-05,-0.00436,0.05245,-1.33099,-0.00061,9e-05,0.00016,-0.02459,0.03545,-1.31541,3,37.9023,362.8922,37.2041,178.599,0.8543,-104.8098,0.0003,24.8934,0.5974
220,000220.png,False,1788899050.266026,1788899050.206026,normal_load,7,,2.0,0.00054,0.08631,-1.61376,-0.00033,-0.00018,-0.00021,-0.00288,0.07293,-1.63031,-0.00085,6e-05,-0.00011,-0.03147,0.04917,-1.61501,3,37.8995,362.8961,37.1324,178.5981,0.8558,-104.8096,0.006,24.8217,0.669
221,000221.png,False,1788899050.461889,1788899050.401889,normal_load,7,,2.0,-0.00374,0.07734,-1.66957,-0.00026,-0.00032,-8e-05,-0.00716,0.06393,-1.68617,-0.00078,-8e-05,2e-05,-0.0303,0.03837,-1.67065,3,37.8999,362.8919,37.1133,178.5988,0.8542,-104.8098,0.0076,24.8026,0.6881
222,000222.png,False,1788899051.046070,1788899050.986070,normal_load,7,,2.0,-0.00189,0.09602,-1.893,-0.00054,-0.00026,3e-05,-0.00534,0.08251,-1.90972,-0.00106,-2e-05,0.00012,-0.03649,0.05189,-1.89437,3,37.8977,362.9022,37.0763,178.5973,0.8576,-104.8096,0.0094,24.7657,0.725
223,000223.png,False,1788899052.414061,1788899052.354061,normal_unload,7,,0.0,0.0018,0.10828,-2.03494,-0.00073,-0.00026,0.00022,-0.00171,0.09453,-2.05196,-0.00127,-2e-05,0.00032,-0.03844,0.06208,-2.03651,3,37.8966,362.9071,37.0488,178.5969,0.8584,-104.8098,0.0037,24.7383,0.7524
224,000224.png,False,1788899052.610134,1788899052.550134,normal_unload,7,,0.0,-0.01,0.08852,-1.90532,-0.00036,-0.00041,0.00024,-0.01352,0.07473,-1.92238,-0.00089,-0.00016,0.00034,-0.03968,0.04114,-1.90655,3,37.8983,362.8967,37.0697,178.5996,0.8531,-104.81,0.0067,24.759,0.7317
225,000225.png,False,1788899052.802006,1788899052.742007,normal_unload,7,,0.0,-0.00946,0.0844,-1.88667,-0.00023,-0.00042,0.00011,-0.01298,0.07058,-1.90378,-0.00077,-0.00017,0.00021,-0.03728,0.03815,-1.88783,3,37.8968,362.8956,37.0697,178.5997,0.8529,-104.8093,0.0058,24.7591,0.7316
226,000226.png,False,1788899052.998123,1788899052.938123,normal_unload,7,,0.0,-0.01843,0.06357,-1.78561,0.00033,-0.0006,0.0,-0.02197,0.04972,-1.80276,-0.00021,-0.00035,0.0001,-0.03535,0.01725,-1.78641,3,37.8987,362.8879,37.0884,178.6013,0.8494,-104.8095,0.0092,24.7776,0.7131
227,000227.png,False,1788899053.194111,1788899053.134111,normal_unload,7,,0.0,-0.01864,0.05043,-1.53718,0.00039,-0.0006,0.00022,-0.02218,0.03654,-1.55437,-0.00015,-0.00035,0.00032,-0.03068,0.00974,-1.53778,3,37.9001,362.8836,37.1361,178.6008,0.851,-104.8098,0.0041,24.8253,0.6654
228,000228.png,False,1788899053.390029,1788899053.330029,normal_unload,7,,0.0,-0.01647,0.05786,-1.53525,0.00029,-0.0005,0.00013,-0.02002,0.04393,-1.55249,-0.00025,-0.00025,0.00024,-0.03253,0.01729,-1.53599,3,37.8987,362.886,37.1363,178.6002,0.8512,-104.81,0.0013,24.8255,0.6652
229,000229.png,False,1788899053.778050,1788899053.718050,normal_unload,7,,0.0,-0.0076,0.07076,-1.32323,-0.00014,-0.00029,0.0001,-0.01117,0.05677,-1.34054,-0.00068,-3e-05,0.00021,-0.03277,0.03629,-1.32424,3,37.8979,362.8922,37.1836,178.5995,0.8533,-104.81,0.0083,24.8728,0.6179
230,000230.png,False,1788899053.974141,1788899053.914141,normal_unload,7,,0.0,-0.00863,0.06281,-1.12269,-7e-05,-0.00028,-0.00012,-0.01221,0.04878,-1.14005,-0.00062,-3e-05,-2e-05,-0.03107,0.0321,-1.12359,3,37.8978,362.8921,37.2228,178.5998,0.852,-104.8102,0.0041,24.9121,0.5786
231,000231.png,False,1788899054.170180,1788899054.110180,normal_unload,7,,0.0,-0.0124,0.06702,-1.14214,-0.00012,-0.0003,3e-05,-0.01599,0.05295,-1.15954,-0.00067,-5e-05,0.00013,-0.03631,0.03355,-1.1431,3,37.8981,362.8913,37.2218,178.6,0.8521,-104.8102,0.003,24.911,0.5797
232,000232.png,False,1788899054.362076,1788899054.302076,normal_unload,7,,0.0,-0.01087,0.06316,-0.9591,-0.0002,-0.0002,0.0,-0.01447,0.04906,-0.97654,-0.00075,5e-05,0.0001,-0.03432,0.0339,-0.96003,3,37.8953,362.8947,37.2682,178.5995,0.8526,-104.8098,0.0082,24.9576,0.5331
233,000233.png,False,1788899054.558090,1788899054.498091,normal_unload,7,,0.0,-0.00914,0.06554,-1.0053,-0.00015,-0.00019,0.00023,-0.01274,0.05141,-1.02278,-0.0007,6e-05,0.00033,-0.03369,0.0361,-1.00626,3,37.8946,362.8945,37.2691,178.5996,0.8524,-104.81,0.0033,24.9584,0.5323
234,000234.png,False,1788899054.950194,1788899054.890194,normal_unload,7,,0.0,-0.00479,0.06842,-0.78078,-0.00028,-1e-05,0.00023,-0.00841,0.05422,-0.79835,-0.00084,0.00025,0.00033,-0.03292,0.04436,-0.78183,3,37.8927,362.9026,37.3433,178.5989,0.8545,-104.81,0.007,25.0327,0.458
235,000235.png,False,1788899055.146197,1788899055.086197,normal_unload,7,,0.0,-0.00693,0.05826,-0.60783,-0.00019,-9e-05,0.00013,-0.01056,0.04403,-0.62545,-0.00075,0.00016,0.00023,-0.03089,0.03726,-0.60873,3,37.8951,362.8943,37.3861,178.5996,0.8531,-104.81,0.0015,25.0754,0.4153
236,000236.png,False,1788899055.338125,1788899055.278126,normal_unload,7,,0.0,-0.00559,0.05988,-0.54668,-0.00026,-1e-05,-4e-05,-0.00923,0.04561,-0.56434,-0.00081,0.00025,7e-05,-0.03097,0.04031,-0.54762,3,37.8945,362.8979,37.4136,178.599,0.8543,-104.8102,0.0085,25.1029,0.3878
237,000237.png,False,1788899055.534220,1788899055.474220,normal_unload,7,,0.0,-0.00768,0.05655,-0.43994,-0.00023,1e-05,5e-05,-0.01132,0.04225,-0.45764,-0.00079,0.00027,0.00015,-0.03185,0.03809,-0.44084,3,37.8929,362.8976,37.4519,178.5989,0.854,-104.8102,0.0062,25.1412,0.3495
238,000238.png,False,1788899055.730140,1788899055.670141,normal_unload,7,,0.0,-0.00609,0.05548,-0.34473,-0.0001,0.0,0.0001,-0.00974,0.04114,-0.36248,-0.00066,0.00026,0.0002,-0.0306,0.03949,-0.34563,3,37.8908,362.896,37.5122,178.5988,0.8547,-104.8098,0.0008,25.2016,0.2891
239,000239.png,False,1788899055.926152,1788899055.866152,normal_unload,7,,0.0,-0.00881,0.05263,-0.27442,-0.00014,7e-05,0.0002,-0.01247,0.03826,-0.2922,-0.00071,0.00033,0.00031,-0.03202,0.03679,-0.27527,3,37.8897,362.8998,37.5486,178.5981,0.8558,-104.8096,0.005,25.238,0.2527
240,000240.png,False,1788899056.314168,1788899056.254168,normal_unload,7,,0.0,-0.00532,0.04614,-0.14569,2e-05,0.00012,0.00029,-0.009,0.0317,-0.16356,-0.00055,0.00038,0.00039,-0.02665,0.03497,-0.14646,3,37.8887,362.9053,37.6567,178.5976,0.8567,-104.8102,0.0007,25.3462,0.1445
241,000241.png,False,1788899056.902194,1788899056.842195,normal_unload,7,,0.0,-0.00739,0.02723,-0.04208,0.00037,0.00021,0.00015,-0.0111,0.01269,-0.06007,-0.00019,0.00047,0.00026,-0.01971,0.01922,-0.04253,3,37.8874,362.9087,37.7854,178.5993,0.8536,-104.8106,0.0017,25.4749,0.0158
242,000242.png,False,1788899060.410475,1788899060.350476,normal_load,8,,2.0,-0.0076,0.01289,-0.18678,0.00078,0.00011,0.00033,-0.01147,-0.00227,-0.20554,0.00018,0.00038,0.00044,-0.01173,0.00437,-0.18696,3,37.8974,362.8629,37.6449,178.6031,0.8454,-104.8095,0.0079,25.3336,0.1571
243,000243.png,False,1788899060.606532,1788899060.546532,normal_load,8,,2.0,-0.00985,0.02268,-0.40788,0.00075,0.00014,7e-05,-0.01373,0.00749,-0.42669,0.00015,0.00042,0.00018,-0.01704,0.00819,-0.4082,3,37.8955,362.8677,37.5066,178.6027,0.8457,-104.8095,0.0029,25.1954,0.2953
244,000244.png,False,1788899060.802512,1788899060.742512,normal_load,8,,2.0,-0.00799,0.01954,-0.40925,0.00066,9e-05,4e-05,-0.01188,0.00431,-0.42809,7e-05,0.00036,0.00015,-0.01385,0.00638,-0.40951,3,37.8993,362.8681,37.4912,178.6034,0.8448,-104.8099,0.0024,25.18,0.3107
245,000245.png,False,1788899060.998467,1788899060.938468,normal_load,8,,2.0,-0.00489,0.03199,-0.74595,0.00052,0.0001,0.00018,-0.00878,0.01673,-0.76484,-7e-05,0.00038,0.0003,-0.01505,0.01332,-0.74639,3,37.8986,362.8729,37.373,178.602,0.8473,-104.8102,0.0078,25.0619,0.4288
246,000246.png,False,1788899061.190529,1788899061.130529,normal_load,8,,2.0,-0.00434,0.0318,-0.80891,0.00077,0.00015,0.00027,-0.00824,0.0165,-0.82784,0.00017,0.00043,0.00038,-0.01404,0.01241,-0.80933,3,37.9016,362.8678,37.327,178.6027,0.8462,-104.8102,0.0033,25.0158,0.4749
247,000247.png,False,1788899061.386547,1788899061.326547,normal_load,8,,2.0,0.00389,0.04726,-1.11946,0.00052,0.00028,0.00029,-2e-05,0.03193,-1.13843,-7e-05,0.00055,0.0004,-0.01248,0.02494,-1.12012,3,37.9,362.8791,37.265,178.6012,0.849,-104.8106,0.0023,24.954,0.5367
248,000248.png,False,1788899061.582511,1788899061.522511,normal_load,8,,2.0,0.01217,0.04964,-1.19887,0.00037,0.00037,1e-05,0.00825,0.03428,-1.21788,-0.00023,0.00065,0.00012,-0.00595,0.02987,-1.19957,3,37.903,362.8869,37.2306,178.5997,0.8529,-104.8113,0.0073,24.9198,0.5709
249,000249.png,False,1788899061.778565,1788899061.718565,normal_load,8,,2.0,0.01075,0.05804,-1.32976,0.00025,0.00031,0.00015,0.00683,0.04264,-1.34882,-0.00035,0.00059,0.00026,-0.01046,0.03434,-1.33059,3,37.9035,362.8861,37.2052,178.5999,0.8518,-104.8115,0.0075,24.8943,0.5964
250,000250.png,False,1788899061.974548,1788899061.914548,normal_load,8,,2.0,0.01514,0.06454,-1.64635,0.00034,0.00043,0.00028,0.0112,0.04911,-1.66545,-0.00026,0.0007,0.0004,-0.00772,0.03709,-1.64725,3,37.9051,362.8895,37.1388,178.5995,0.8528,-104.8117,0.0023,24.828,0.6627
251,000251.png,False,1788899062.166534,1788899062.106534,normal_load,8,,2.0,0.01811,0.06449,-1.62636,0.00015,0.00034,0.00035,0.01417,0.04903,-1.6455,-0.00045,0.00061,0.00046,-0.00526,0.03885,-1.62726,3,37.9067,362.8895,37.141,178.5996,0.8531,-104.812,0.0065,24.8302,0.6605
252,000252.png,False,1788899062.362566,1788899062.302566,normal_load,8,,2.0,0.01967,0.07584,-1.93835,4e-05,0.00018,0.00024,0.01571,0.06033,-1.95753,-0.00057,0.00046,0.00035,-0.00742,0.04446,-1.9394,3,37.9073,362.8912,37.0793,178.5994,0.853,-104.8122,0.0009,24.7685,0.7222
253,000253.png,False,1788899064.510690,1788899064.450691,normal_unload,8,,0.0,0.02719,0.0989,-1.98965,-0.0004,0.00048,0.00039,0.02314,0.08302,-2.0093,-0.00102,0.00076,0.0005,-0.01207,0.06737,-1.99111,3,37.9073,362.9071,37.0648,178.5986,0.8546,-104.813,0.0005,24.7542,0.7365
254,000254.png,False,1788899064.702668,1788899064.642668,normal_unload,8,,0.0,0.02264,0.07928,-1.92131,0.00014,0.00041,0.00021,0.01858,0.06337,-1.941,-0.00048,0.00069,0.00033,-0.00668,0.0492,-1.92244,3,37.9077,362.8968,37.069,178.5997,0.8522,-104.8128,0.01,24.7583,0.7324
255,000255.png,False,1788899064.898668,1788899064.838668,normal_unload,8,,0.0,0.01391,0.05167,-1.78083,0.00063,0.00029,-4e-05,0.00984,0.03572,-1.80056,1e-05,0.00058,7e-05,-0.00142,0.02317,-1.78148,3,37.9107,362.8863,37.0855,178.6013,0.8486,-104.8128,0.0051,24.7746,0.7161
256,000256.png,False,1788899065.094589,1788899065.034589,normal_unload,8,,0.0,0.01621,0.05973,-1.77724,0.00047,0.00033,0.00011,0.01213,0.04375,-1.79702,-0.00015,0.00062,0.00023,-0.00348,0.03136,-1.77804,3,37.9096,362.8858,37.0914,178.6009,0.8496,-104.8128,0.0004,24.7805,0.7102
257,000257.png,False,1788899065.290694,1788899065.230694,normal_unload,8,,0.0,0.01445,0.04922,-1.65941,0.00058,0.00021,0.00017,0.01036,0.0332,-1.67923,-5e-05,0.0005,0.00029,-0.00057,0.02327,-1.66004,3,37.9109,362.8866,37.115,178.6011,0.8492,-104.813,0.0079,24.8041,0.6866
258,000258.png,False,1788899065.482697,1788899065.422698,normal_unload,8,,0.0,0.01772,0.05646,-1.45057,0.00041,0.00046,0.00013,0.01363,0.04041,-1.47043,-0.00022,0.00075,0.00024,-0.0028,0.03452,-1.45136,3,37.9106,362.8879,37.1582,178.6002,0.8512,-104.8132,0.0044,24.8474,0.6433
259,000259.png,False,1788899065.678626,1788899065.618626,normal_unload,8,,0.0,0.01889,0.05637,-1.42913,0.00052,0.0005,7e-05,0.01479,0.04028,-1.44903,-0.00011,0.00079,0.00019,-0.00189,0.03536,-1.42993,3,37.9089,362.8915,37.1616,178.6004,0.8513,-104.813,0.0097,24.8508,0.6399
260,000260.png,False,1788899065.874720,1788899065.814720,normal_unload,8,,0.0,0.0165,0.05436,-1.32668,0.00046,0.00045,0.00019,0.01239,0.03824,-1.34662,-0.00017,0.00074,0.00031,-0.00366,0.03407,-1.32745,3,37.9088,362.8897,37.1843,178.6005,0.8504,-104.8132,0.005,24.8735,0.6172
261,000261.png,False,1788899066.070755,1788899066.010756,normal_unload,8,,0.0,0.01669,0.05204,-1.28654,0.00053,0.00046,7e-05,0.01257,0.03588,-1.30653,-0.0001,0.00075,0.00019,-0.00262,0.0328,-1.28728,3,37.9093,362.8904,37.1918,178.6006,0.8507,-104.8132,0.0032,24.881,0.6097
262,000262.png,False,1788899066.458661,1788899066.398661,normal_unload,8,,0.0,0.0175,0.04592,-1.11891,0.00041,0.00037,0.00013,0.01336,0.0297,-1.13898,-0.00023,0.00066,0.00025,-3e-05,0.03059,-1.11957,3,37.9094,362.8871,37.2346,178.6008,0.8498,-104.8134,0.0074,24.9237,0.567
263,000263.png,False,1788899066.850761,1788899066.790761,normal_unload,8,,0.0,0.01962,0.05004,-0.90443,0.00051,0.00076,0.00012,0.01546,0.03375,-0.92458,-0.00012,0.00106,0.00024,-0.00174,0.03865,-0.90519,3,37.9098,362.892,37.2954,178.5998,0.852,-104.8141,0.0023,24.9846,0.5061
264,000264.png,False,1788899067.238842,1788899067.178842,normal_unload,8,,0.0,0.01745,0.04106,-0.74883,0.00042,0.0006,1e-05,0.01327,0.0247,-0.76908,-0.00022,0.0009,0.00013,-0.00021,0.03228,-0.74947,3,37.9097,362.8885,37.3383,178.6008,0.8503,-104.8141,0.0006,25.0275,0.4632
265,000265.png,False,1788899067.630860,1788899067.570860,normal_unload,8,,0.0,0.02026,0.04335,-0.53513,0.00034,0.0008,-0.00015,0.01606,0.02693,-0.55546,-0.0003,0.0011,-3e-05,-0.00041,0.0391,-0.53584,3,37.9084,362.8976,37.4296,178.5993,0.853,-104.8143,0.0055,25.1189,0.3718
266,000266.png,False,1788899068.022728,1788899067.962729,normal_unload,8,,0.0,0.01582,0.03457,-0.32939,0.00042,0.00069,-0.0002,0.01161,0.01807,-0.3498,-0.00022,0.00098,-8e-05,-0.00128,0.03257,-0.32997,3,37.9084,362.8937,37.5093,178.5997,0.8522,-104.8143,0.007,25.1984,0.2923
267,000267.png,False,1788899073.095021,1788899073.035021,normal_load,9,,2.0,-0.00435,0.01422,-0.21308,0.00089,0.00013,-8e-05,-0.00879,-0.00317,-0.23459,0.00021,0.00044,4e-05,-0.0094,0.00672,-0.21328,4,37.9147,362.8598,37.5906,178.6032,0.8448,-104.8186,0.0058,25.2792,0.2115
268,000268.png,False,1788899073.483145,1788899073.423145,normal_load,9,,2.0,-0.00294,0.02163,-0.49545,0.0007,8e-05,6e-05,-0.00739,0.00418,-0.51705,1e-05,0.00039,0.00019,-0.00992,0.00933,-0.49574,3,37.9137,362.8655,37.4378,178.6024,0.8466,-104.8186,0.0089,25.1265,0.3642
269,000269.png,False,1788899073.679090,1788899073.619090,normal_load,9,,2.0,0.00231,0.04068,-0.7789,0.00043,0.00013,0.00026,-0.00215,0.02319,-0.80055,-0.00026,0.00045,0.00039,-0.01292,0.02391,-0.77949,3,37.911,362.8781,37.3706,178.601,0.8491,-104.8187,0.0057,25.0596,0.4311
270,000270.png,False,1788899073.875103,1788899073.815103,normal_load,9,,2.0,0.00277,0.05068,-0.97909,0.00033,0.00012,0.00023,-0.0017,0.03316,-1.00077,-0.00036,0.00043,0.00036,-0.01614,0.02959,-0.97982,3,37.9105,362.8811,37.3059,178.6004,0.8505,-104.8189,0.0052,24.9949,0.4958
271,000271.png,False,1788899074.067131,1788899074.007131,normal_load,9,,2.0,-0.00025,0.0526,-1.08894,0.00028,-0.0,0.00015,-0.00473,0.03504,-1.11067,-0.00041,0.00031,0.00028,-0.01895,0.02798,-1.08969,3,37.9115,362.8783,37.2698,178.6005,0.8507,-104.8191,0.0053,24.9588,0.532
272,000272.png,False,1788899074.263121,1788899074.203121,normal_load,9,,2.0,-0.01271,0.02632,-1.33816,0.00116,-0.00029,0.00025,-0.0172,0.00873,-1.35993,0.00048,2e-05,0.00037,-0.01488,-0.00499,-1.33838,3,37.9143,362.863,37.2056,178.6013,0.849,-104.8189,0.0038,24.8943,0.5964
273,000273.png,False,1788899074.459125,1788899074.399125,normal_load,9,,2.0,-0.00894,0.03925,-1.42928,0.00077,-0.00025,0.00045,-0.01344,0.02162,-1.4511,8e-05,7e-05,0.00058,-0.01744,0.00663,-1.42973,3,37.9129,362.8703,37.1907,178.6005,0.8508,-104.8187,0.0069,24.8796,0.6111
274,000274.png,False,1788899075.631200,1788899075.571200,normal_unload,9,,0.0,0.00144,0.0784,-1.94897,0.0003,-0.00017,0.00017,-0.0031,0.06057,-1.97104,-0.0004,0.00015,0.0003,-0.02441,0.03741,-1.95004,3,37.9095,362.8867,37.0713,178.5986,0.8542,-104.8189,0.0098,24.7605,0.7302
275,000275.png,False,1788899075.823198,1788899075.763198,normal_unload,9,,0.0,0.00177,0.08284,-1.84759,2e-05,-0.00016,0.00012,-0.00278,0.06498,-1.8697,-0.00068,0.00016,0.00025,-0.02704,0.04304,-1.84875,3,37.9095,362.8898,37.0906,178.5985,0.8551,-104.8187,0.0052,24.7798,0.711
276,000276.png,False,1788899076.019202,1788899075.959202,normal_unload,9,,0.0,-0.00189,0.07036,-1.74994,0.00019,-0.00019,0.00019,-0.00646,0.05246,-1.77209,-0.00051,0.00013,0.00032,-0.02466,0.03196,-1.75089,3,37.9093,362.8867,37.105,178.5983,0.8545,-104.8189,0.0071,24.7941,0.6966
277,000277.png,False,1788899076.215231,1788899076.155231,normal_unload,9,,0.0,-0.00409,0.05186,-1.44091,0.00054,-0.00026,0.00018,-0.00867,0.03393,-1.4631,-0.00016,6e-05,0.00031,-0.01947,0.01979,-1.44158,3,37.9098,362.8795,37.1622,178.599,0.8534,-104.8185,0.0042,24.8512,0.6395
278,000278.png,False,1788899076.411140,1788899076.351140,normal_unload,9,,0.0,-0.00567,0.05248,-1.44905,0.00059,-0.00015,0.00017,-0.01026,0.03451,-1.47128,-0.00011,0.00017,0.0003,-0.02109,0.01941,-1.44973,3,37.9104,362.8794,37.1639,178.5991,0.8532,-104.8189,0.011,24.8529,0.6378
279,000279.png,False,1788899076.799261,1788899076.739261,normal_unload,9,,0.0,-0.00368,0.05044,-1.3077,0.00049,-0.00015,0.00034,-0.00828,0.03241,-1.33002,-0.00021,0.00017,0.00048,-0.01933,0.0209,-1.30837,3,37.9114,362.8775,37.1972,178.5996,0.852,-104.8189,0.01,24.8862,0.6046
280,000280.png,False,1788899077.191266,1788899077.131266,normal_unload,9,,0.0,3e-05,0.05232,-1.03193,0.00033,-2e-05,0.00029,-0.00459,0.03422,-1.05434,-0.00038,0.0003,0.00042,-0.01896,0.0288,-1.03268,2,37.9107,362.8842,37.2703,178.5987,0.8545,-104.8191,0.0092,24.9594,0.5313
281,000281.png,False,1788899077.579287,1788899077.519287,normal_unload,9,,0.0,0.00065,0.04912,-0.8717,0.00046,0.00016,0.00014,-0.00399,0.03095,-0.89419,-0.00025,0.00048,0.00027,-0.01794,0.0289,-0.87242,3,37.9108,362.8846,37.3125,178.5991,0.8537,-104.8191,0.0059,25.0016,0.4892
282,000282.png,False,1788899077.971208,1788899077.911208,normal_unload,9,,0.0,-0.00202,0.03801,-0.68367,0.00063,0.00019,0.00016,-0.00668,0.01977,-0.70624,-8e-05,0.00052,0.00029,-0.01601,0.02096,-0.68422,3,37.9089,362.8835,37.3894,178.5991,0.8532,-104.8191,0.003,25.0784,0.4123
283,000283.png,False,1788899078.167320,1788899078.107321,normal_unload,9,,0.0,0.00162,0.03933,-0.52149,0.00043,0.00022,0.00023,-0.00305,0.02105,-0.54411,-0.00029,0.00055,0.00037,-0.01463,0.02652,-0.52209,3,37.9107,362.88,37.4351,178.599,0.8534,-104.8193,0.0027,25.1241,0.3666
284,000284.png,False,1788899078.359298,1788899078.299298,normal_unload,9,,0.0,0.0024,0.04601,-0.41657,0.00029,0.00032,0.00024,-0.00227,0.0277,-0.43923,-0.00042,0.00065,0.00037,-0.01802,0.03438,-0.41731,3,37.9103,362.8833,37.4892,178.5985,0.8544,-104.8191,0.0083,25.1782,0.3125
285,000285.png,False,1788899078.555243,1788899078.495244,normal_unload,9,,0.0,0.00138,0.03615,-0.33094,0.0005,0.00029,0.00019,-0.0033,0.01781,-0.35364,-0.00022,0.00062,0.00032,-0.01457,0.0267,-0.33152,3,37.9109,362.8798,37.5246,178.5989,0.8536,-104.8191,0.0025,25.2135,0.2772
286,000286.png,False,1788899078.947254,1788899078.887254,normal_unload,9,,0.0,0.00226,0.02738,-0.17,0.00054,0.00019,-3e-05,-0.00244,0.00897,-0.19279,-0.00018,0.00052,0.0001,-0.01055,0.02212,-0.17045,3,37.9126,362.8767,37.6084,178.5998,0.8526,-104.8196,0.0078,25.2973,0.1934
287,000287.png,False,1788899082.651522,1788899082.591522,normal_load,10,,2.0,-0.00275,0.01299,-0.15608,0.00096,7e-05,-0.00021,-0.00762,-0.00607,-0.17967,0.00022,0.00041,-7e-05,-0.00779,0.00738,-0.15628,4,37.9137,362.8642,37.64,178.6047,0.8414,-104.8217,0.0031,25.3287,0.162
288,000288.png,False,1788899083.431560,1788899083.371560,normal_load,10,,2.0,-0.00277,0.03753,-0.83514,0.00066,-1e-05,-0.00023,-0.00767,0.01833,-0.85891,-9e-05,0.00034,-9e-05,-0.01536,0.01774,-0.83566,3,37.9101,362.8753,37.3282,178.6035,0.8435,-104.8215,0.0052,25.0171,0.4736
289,000289.png,False,1788899083.627571,1788899083.567571,normal_load,10,,2.0,0.0035,0.06003,-1.09574,0.00019,-0.0,-0.00014,-0.00141,0.0408,-1.11954,-0.00056,0.00034,-0.0,-0.01937,0.03619,-1.09662,3,37.9082,362.888,37.2636,178.6017,0.8479,-104.8215,0.0088,24.9527,0.538
290,000290.png,False,1788899083.823564,1788899083.763564,normal_load,10,,2.0,0.00095,0.04979,-1.17783,0.0005,-0.00019,-0.00013,-0.00397,0.03051,-1.20168,-0.00025,0.00016,1e-05,-0.01589,0.02472,-1.17851,3,37.9093,362.88,37.2276,178.6024,0.8459,-104.8215,0.0026,24.9166,0.5741
291,000291.png,False,1788899084.019600,1788899083.959600,normal_load,10,,2.0,0.0048,0.06556,-1.35361,0.00015,-0.00022,-4e-05,-0.00013,0.04626,-1.3775,-0.0006,0.00013,0.0001,-0.01922,0.0375,-1.35455,3,37.9079,362.8874,37.198,178.6015,0.8483,-104.8215,0.0096,24.8871,0.6036
292,000292.png,False,1788899084.215595,1788899084.155595,normal_load,10,,2.0,0.00067,0.07924,-1.64876,5e-05,0.0,-1e-05,-0.00426,0.0599,-1.67269,-0.0007,0.00035,0.00013,-0.02758,0.04255,-1.64989,3,37.908,362.8912,37.128,178.6009,0.8497,-104.8217,0.0018,24.8172,0.6735
293,000293.png,False,1788899086.751812,1788899086.691812,normal_unload,10,,0.0,-0.00401,0.06868,-1.80823,0.00034,-0.00048,3e-05,-0.00905,0.04889,-1.83272,-0.00044,-0.00012,0.00017,-0.02525,0.02851,-1.80914,4,37.9081,362.89,37.0914,178.6021,0.8469,-104.8217,0.0059,24.7806,0.7101
294,000294.png,False,1788899086.943643,1788899086.883643,normal_unload,10,,0.0,-0.00736,0.05984,-1.70659,0.0006,-0.00035,-7e-05,-0.01242,0.04003,-1.73111,-0.00018,1e-05,7e-05,-0.02445,0.02081,-1.70735,3,37.9083,362.8859,37.105,178.6025,0.8456,-104.8219,0.0034,24.7941,0.6966
295,000295.png,False,1788899087.139647,1788899087.079648,normal_unload,10,,0.0,0.00489,0.08061,-1.41043,4e-05,-3e-05,0.0001,-0.00018,0.06076,-1.435,-0.00073,0.00033,0.00025,-0.02626,0.04967,-1.41162,3,37.9071,362.8959,37.1662,178.6004,0.8507,-104.8222,0.0088,24.8555,0.6352
296,000296.png,False,1788899087.531672,1788899087.471672,normal_unload,10,,0.0,0.0031,0.07542,-1.28887,5e-05,-0.00011,3e-05,-0.00198,0.0555,-1.31352,-0.00072,0.00024,0.00017,-0.02606,0.04623,-1.28999,3,37.9072,362.8981,37.1937,178.6008,0.8504,-104.8222,0.001,24.883,0.6077
297,000297.png,False,1788899087.723808,1788899087.663808,normal_unload,10,,0.0,0.00458,0.07857,-1.25505,-2e-05,-9e-05,0.0001,-0.00051,0.05861,-1.27974,-0.0008,0.00027,0.00025,-0.02659,0.05023,-1.25623,3,37.9076,362.8946,37.1984,178.6009,0.8497,-104.8224,0.0084,24.8876,0.6031
298,000298.png,False,1788899088.115714,1788899088.055714,normal_unload,10,,0.0,-0.00086,0.06201,-1.12272,0.00032,-5e-05,0.00014,-0.00597,0.04198,-1.1475,-0.00046,0.00031,0.00029,-0.02394,0.03529,-1.12363,3,37.9078,362.8891,37.2363,178.6018,0.847,-104.8226,0.0014,24.9254,0.5653
299,000299.png,False,1788899088.507710,1788899088.447711,normal_unload,10,,0.0,0.00025,0.05758,-0.93218,0.00022,-1e-05,9e-05,-0.00488,0.03748,-0.95705,-0.00056,0.00035,0.00024,-0.02209,0.03506,-0.93304,3,37.9076,362.8929,37.2877,178.6021,0.8469,-104.8228,0.009,24.9769,0.5138
300,000300.png,False,1788899088.895790,1788899088.835790,normal_unload,10,,0.0,0.00589,0.06087,-0.75074,9e-05,0.00024,0.00026,0.00075,0.0407,-0.77569,-0.0007,0.00061,0.0004,-0.0201,0.04363,-0.7517,3,37.9066,362.897,37.3529,178.6012,0.8484,-104.823,0.009,25.0421,0.4486
301,000301.png,False,1788899089.091743,1788899089.031743,normal_unload,10,,0.0,0.00789,0.06009,-0.55107,0.00013,0.00033,9e-05,0.00274,0.03989,-0.57606,-0.00066,0.00069,0.00024,-0.01936,0.04716,-0.55204,3,37.9061,362.8992,37.4144,178.6006,0.8496,-104.823,0.0037,25.1037,0.387
302,000302.png,False,1788899089.287874,1788899089.227874,normal_unload,10,,0.0,0.01042,0.06057,-0.56605,0.00015,0.00027,0.0002,0.00526,0.04034,-0.59108,-0.00064,0.00064,0.00035,-0.01731,0.04859,-0.56703,3,37.9064,362.8997,37.4319,178.6008,0.8499,-104.823,0.0013,25.1212,0.3695
303,000303.png,False,1788899089.675815,1788899089.615815,normal_unload,10,,0.0,0.00837,0.05403,-0.37503,0.00016,0.00025,0.00026,0.00319,0.03373,-0.40015,-0.00063,0.00062,0.00041,-0.01715,0.04497,-0.37592,4,37.9061,362.9015,37.5252,178.6006,0.8502,-104.8232,0.0041,25.2145,0.2762
304,000304.png,False,1788899089.871856,1788899089.811857,normal_unload,10,,0.0,0.00615,0.04715,-0.25201,0.0003,0.00033,0.00025,0.00096,0.02681,-0.27717,-0.00049,0.0007,0.0004,-0.01648,0.03987,-0.2528,3,37.9068,362.8974,37.5794,178.6009,0.8495,-104.823,0.0014,25.2687,0.222
305,000305.png,False,1788899094.164062,1788899094.104063,normal_load,11,,2.0,-0.00235,0.01275,-0.19366,0.00114,-7e-05,0.00013,-0.00773,-0.00834,-0.21975,0.00032,0.00031,0.00029,-0.00706,0.00677,-0.19384,3,37.9132,362.8587,37.6361,178.6064,0.8376,-104.8251,0.0048,25.3247,0.166
306,000306.png,False,1788899094.360084,1788899094.300084,normal_load,11,,2.0,-0.00071,0.01813,-0.19927,0.00106,8e-05,0.00014,-0.0061,-0.003,-0.22541,0.00024,0.00046,0.00029,-0.00829,0.01215,-0.19956,3,37.9115,362.863,37.6372,178.6055,0.8393,-104.8251,0.0009,25.3259,0.1648
307,000307.png,False,1788899094.944026,1788899094.884026,normal_load,11,,2.0,0.00098,0.04595,-0.8142,0.00053,-6e-05,0.0001,-0.00443,0.02472,-0.84046,-0.00029,0.00032,0.00025,-0.01646,0.02724,-0.81487,3,37.9098,362.878,37.3523,178.6039,0.8429,-104.8251,0.0043,25.0413,0.4494
308,000308.png,False,1788899095.140104,1788899095.080104,normal_load,11,,2.0,-0.00087,0.03873,-0.8092,0.00078,-0.00016,0.00015,-0.00629,0.01747,-0.83551,-5e-05,0.00022,0.0003,-0.01449,0.02015,-0.80975,3,37.9099,362.8722,37.3558,178.6042,0.8423,-104.8249,0.0083,25.0447,0.446
309,000309.png,False,1788899095.528146,1788899095.468146,normal_load,11,,2.0,-0.00525,0.04291,-1.15731,0.00101,-0.00033,-0.00013,-0.01069,0.02158,-1.1837,0.00018,6e-05,3e-05,-0.01796,0.016,-1.15787,3,37.9125,362.8628,37.2337,178.6038,0.8426,-104.8249,0.0068,24.9224,0.5683
310,000310.png,False,1788899095.724174,1788899095.664174,normal_load,11,,2.0,0.00129,0.0673,-1.40223,0.00048,-0.00021,-0.0,-0.00415,0.04594,-1.42867,-0.00035,0.00018,0.00015,-0.02278,0.03647,-1.40319,3,37.9083,362.879,37.189,178.6022,0.846,-104.825,0.0047,24.878,0.6127
311,000311.png,False,1788899095.920140,1788899095.860140,normal_load,11,,2.0,0.00263,0.08002,-1.56694,0.00024,-0.00018,-6e-05,-0.00282,0.05862,-1.59342,-0.00059,0.00021,0.0001,-0.02684,0.04552,-1.5681,3,37.9073,362.8872,37.1401,178.6022,0.8466,-104.8252,0.0092,24.8293,0.6615
312,000312.png,False,1788899097.480234,1788899097.420234,normal_unload,11,,0.0,-0.0071,0.06499,-1.83881,0.00083,-0.00046,6e-05,-0.01263,0.04332,-1.86562,-2e-05,-7e-05,0.00022,-0.02587,0.02329,-1.83964,3,37.9106,362.8719,37.0908,178.6042,0.8423,-104.8256,0.0093,24.7797,0.711
313,000313.png,False,1788899097.676233,1788899097.616233,normal_unload,11,,0.0,-0.00842,0.05131,-1.77871,0.0009,-0.00067,0.00014,-0.01396,0.0296,-1.80557,6e-05,-0.00028,0.00029,-0.02059,0.01173,-1.77931,3,37.91,362.8711,37.0949,178.6048,0.8409,-104.8254,0.0042,24.7838,0.7069
314,000314.png,False,1788899097.872240,1788899097.812240,normal_unload,11,,0.0,-0.01002,0.04428,-1.59992,0.00105,-0.00059,-7e-05,-0.01557,0.02254,-1.62682,0.0002,-0.0002,8e-05,-0.01971,0.00771,-1.60043,3,37.9105,362.8683,37.1246,178.6053,0.8399,-104.8256,0.001,24.8134,0.6773
315,000315.png,False,1788899098.064348,1788899098.004348,normal_unload,11,,0.0,0.00082,0.06734,-1.29775,0.00036,-0.00026,-5e-05,-0.00473,0.04557,-1.32469,-0.00049,0.00013,0.00011,-0.02394,0.03794,-1.29872,3,37.9076,362.8853,37.1962,178.6017,0.8476,-104.8258,0.0002,24.8853,0.6054
316,000316.png,False,1788899098.456289,1788899098.396289,normal_unload,11,,0.0,-0.0039,0.06342,-1.2381,0.00046,-0.0002,0.0001,-0.00947,0.04157,-1.26513,-0.00039,0.0002,0.00026,-0.02648,0.03314,-1.23901,3,37.9088,362.8808,37.2102,178.6029,0.8445,-104.8262,0.01,24.8993,0.5915
317,000317.png,False,1788899098.652201,1788899098.592201,normal_unload,11,,0.0,-0.0065,0.04937,-1.20803,0.00085,-0.00028,7e-05,-0.01208,0.02749,-1.2351,-1e-05,0.00011,0.00023,-0.02192,0.02016,-1.20869,3,37.9094,362.8748,37.2184,178.6042,0.8423,-104.826,0.0047,24.9073,0.5834
318,000318.png,False,1788899098.844305,1788899098.784305,normal_unload,11,,0.0,-0.00609,0.05059,-1.18442,0.00073,-0.00034,0.00017,-0.01168,0.02868,-1.21153,-0.00013,5e-05,0.00033,-0.02234,0.0218,-1.1851,3,37.9082,362.8759,37.2399,178.6049,0.8407,-104.826,0.0045,24.9289,0.5618
319,000319.png,False,1788899099.040308,1788899098.980309,normal_unload,11,,0.0,-0.00782,0.0449,-0.98684,0.00087,-0.00024,0.0001,-0.01341,0.02296,-1.014,1e-05,0.00015,0.00026,-0.02236,0.01917,-0.98746,3,37.9092,362.872,37.2729,178.6053,0.8397,-104.8264,0.0098,24.9618,0.5289
320,000320.png,False,1788899099.432310,1788899099.372310,normal_unload,11,,0.0,-0.00469,0.0484,-0.78353,0.00062,-9e-05,0.0001,-0.01031,0.02639,-0.81077,-0.00024,0.0003,0.00026,-0.02282,0.02702,-0.78424,3,37.9075,362.8768,37.3329,178.6042,0.8422,-104.8267,0.0064,25.0218,0.4689
321,000321.png,False,1788899099.628331,1788899099.568331,normal_unload,11,,0.0,0.00187,0.05253,-0.60736,0.00049,4e-05,0.00014,-0.00376,0.03048,-0.63464,-0.00037,0.00044,0.0003,-0.02042,0.0367,-0.60818,3,37.9069,362.8815,37.4009,178.6033,0.844,-104.8265,0.0058,25.0899,0.4008
322,000322.png,False,1788899099.820383,1788899099.760383,normal_unload,11,,0.0,0.00122,0.04851,-0.57624,0.00055,-2e-05,-3e-05,-0.00441,0.02642,-0.60356,-0.00031,0.00037,0.00013,-0.01918,0.03339,-0.57699,3,37.9069,362.8815,37.4044,178.6033,0.844,-104.8269,0.0046,25.0934,0.3973
323,000323.png,False,1788899100.212394,1788899100.152394,normal_unload,11,,0.0,-0.00063,0.04207,-0.40728,0.00059,5e-05,2e-05,-0.00628,0.01992,-0.43469,-0.00027,0.00045,0.00018,-0.01874,0.02959,-0.40794,3,37.9074,362.8778,37.4721,178.6042,0.8422,-104.8269,0.0064,25.1611,0.3296
324,000324.png,False,1788899100.600300,1788899100.540300,normal_unload,11,,0.0,1e-05,0.03801,-0.26639,0.0008,0.00013,6e-05,-0.00566,0.01579,-0.29388,-6e-05,0.00053,0.00022,-0.01713,0.02866,-0.26701,3,37.9076,362.8802,37.5655,178.6037,0.8432,-104.8269,0.0078,25.2544,0.2363
325,000325.png,False,1788899100.796305,1788899100.736305,normal_unload,11,,0.0,-0.00165,0.03408,-0.11738,0.00079,0.00024,0.00018,-0.00733,0.01183,-0.14492,-7e-05,0.00064,0.00034,-0.01764,0.02681,-0.11795,3,37.9063,362.8819,37.6777,178.6031,0.8439,-104.8269,0.0069,25.3667,0.124
326,000326.png,False,1788899104.892620,1788899104.832620,normal_load,12,,2.0,-0.00709,0.01853,-0.05157,0.00124,0.00016,-0.00025,-0.01295,-0.00444,-0.08,0.00035,0.00057,-8e-05,-0.01504,0.01168,-0.05187,2,37.8969,362.8689,37.7594,178.6065,0.8371,-104.826,0.0019,25.4482,0.0425
327,000327.png,False,1788899105.284621,1788899105.224621,normal_load,12,,2.0,-0.00456,0.02199,-0.15372,0.00104,4e-05,-0.00013,-0.01044,-0.00106,-0.18223,0.00014,0.00046,4e-05,-0.01387,0.0143,-0.15407,3,37.8972,362.8731,37.6472,178.606,0.8376,-104.8262,0.0076,25.3362,0.1545
328,000328.png,False,1788899105.480634,1788899105.420634,normal_load,12,,2.0,-0.00393,0.02674,-0.42759,0.00111,-9e-05,-0.00014,-0.00981,0.00366,-0.45615,0.00021,0.00032,3e-05,-0.01379,0.01434,-0.42798,3,37.8955,362.8749,37.4969,178.6059,0.838,-104.826,0.0015,25.1859,0.3049
329,000329.png,False,1788899106.064676,1788899106.004676,normal_load,12,,2.0,-0.0124,0.02112,-0.79729,0.00152,-0.00027,-0.00015,-0.01831,-0.00206,-0.82597,0.00062,0.00015,2e-05,-0.01577,-0.00067,-0.79751,3,37.9007,362.8566,37.341,178.6068,0.8365,-104.8264,0.0037,25.0296,0.4611
330,000330.png,False,1788899106.456700,1788899106.396700,normal_load,12,,2.0,0.00107,0.06688,-1.26523,0.00048,-0.00021,0.0001,-0.00486,0.04363,-1.294,-0.00043,0.00021,0.00027,-0.02372,0.03818,-1.2662,3,37.8949,362.8884,37.2185,178.6036,0.8434,-104.8269,0.0053,24.9077,0.583
331,000331.png,False,1788899106.648669,1788899106.588670,normal_load,12,,2.0,-0.00024,0.07463,-1.37474,0.00028,-0.00021,-0.0001,-0.00618,0.05135,-1.40355,-0.00063,0.00021,6e-05,-0.02796,0.0425,-1.37583,3,37.8946,362.8888,37.1948,178.6033,0.8435,-104.8269,0.0053,24.8841,0.6066
332,000332.png,False,1788899106.844700,1788899106.784700,normal_load,12,,2.0,0.00122,0.08268,-1.53702,0.00016,-0.00017,0.00014,-0.00473,0.05936,-1.56588,-0.00075,0.00025,0.0003,-0.0296,0.04759,-1.53823,3,37.8953,362.8935,37.1543,178.6028,0.845,-104.8271,0.0023,24.8436,0.6471
333,000333.png,False,1788899109.380823,1788899109.320823,normal_unload,12,,0.0,-0.01548,0.05933,-1.8603,0.00112,-0.00043,0.00028,-0.02154,0.03557,-1.8897,0.00019,-0.0,0.00045,-0.03016,0.01385,-1.86101,3,37.897,362.8815,37.0855,178.6062,0.8376,-104.8275,0.0066,24.7747,0.716
334,000334.png,False,1788899109.576898,1788899109.516898,normal_unload,12,,0.0,-0.01502,0.0573,-1.62247,0.001,-0.00045,-8e-05,-0.02109,0.0335,-1.65191,7e-05,-2e-05,9e-05,-0.03039,0.01613,-1.62319,3,37.8973,362.8822,37.1211,178.6059,0.8382,-104.8275,0.001,24.8103,0.6804
335,000335.png,False,1788899109.772893,1788899109.712893,normal_unload,12,,0.0,-0.01583,0.05874,-1.60665,0.00097,-0.0004,-6e-05,-0.02191,0.03491,-1.63614,4e-05,3e-05,0.00011,-0.03192,0.01723,-1.60739,3,37.8967,362.8813,37.1256,178.606,0.838,-104.8275,0.0083,24.8147,0.676
336,000336.png,False,1788899110.160764,1788899110.100764,normal_unload,12,,0.0,-0.00894,0.07387,-1.3596,0.00061,-0.0001,-0.0001,-0.01503,0.04997,-1.38917,-0.00033,0.00033,7e-05,-0.03522,0.03773,-1.36066,3,37.8957,362.8903,37.1818,178.6045,0.8414,-104.828,0.0059,24.871,0.6197
337,000337.png,False,1788899110.356769,1788899110.296769,normal_unload,12,,0.0,-0.00921,0.06435,-1.24852,0.0006,-0.00023,-3e-05,-0.01532,0.04042,-1.27814,-0.00033,0.0002,0.00015,-0.03148,0.03113,-1.24943,3,37.8951,362.8871,37.2002,178.605,0.8402,-104.828,0.0006,24.8894,0.6013
338,000338.png,False,1788899110.552899,1788899110.492899,normal_unload,12,,0.0,-0.00962,0.06466,-1.2145,0.00061,-0.00024,-0.00015,-0.01573,0.04069,-1.24416,-0.00033,0.0002,2e-05,-0.03222,0.03173,-1.21542,3,37.8961,362.8861,37.209,178.6047,0.8403,-104.8282,0.0088,24.8982,0.5925
339,000339.png,False,1788899110.748921,1788899110.688921,normal_unload,12,,0.0,-0.01168,0.05166,-1.04649,0.0008,-0.00025,-0.00017,-0.0178,0.02765,-1.07619,-0.00013,0.00018,1e-05,-0.02867,0.02214,-1.0472,3,37.8954,362.8839,37.2486,178.6056,0.8383,-104.8279,0.0037,24.9377,0.553
340,000340.png,False,1788899110.940901,1788899110.880901,normal_unload,12,,0.0,-0.00991,0.05881,-0.96908,0.00078,-8e-05,-0.00022,-0.01604,0.03477,-0.99882,-0.00016,0.00035,-4e-05,-0.03125,0.03045,-0.96993,3,37.895,362.8874,37.2738,178.6048,0.8401,-104.828,0.0075,24.963,0.5277
341,000341.png,False,1788899111.332815,1788899111.272815,normal_unload,12,,0.0,-0.00628,0.0545,-0.70444,0.00067,6e-05,-0.00027,-0.01243,0.0304,-0.73427,-0.00027,0.00049,-9e-05,-0.02778,0.03278,-0.70526,3,37.8958,362.8903,37.3512,178.6046,0.8412,-104.8286,0.0017,25.0405,0.4502
342,000342.png,False,1788899111.528893,1788899111.468893,normal_unload,12,,0.0,-0.00929,0.05088,-0.66347,0.00075,5e-05,-0.00037,-0.01545,0.02674,-0.69334,-0.00019,0.00049,-0.0002,-0.02887,0.02879,-0.66423,3,37.8973,362.8862,37.3603,178.6048,0.8401,-104.8288,0.0037,25.0495,0.4412
343,000343.png,False,1788899111.720901,1788899111.660901,normal_unload,12,,0.0,-0.00718,0.05177,-0.49508,0.00052,6e-05,-0.00035,-0.01335,0.0276,-0.52499,-0.00042,0.0005,-0.00018,-0.02866,0.03332,-0.49589,3,37.8953,362.8888,37.422,178.6044,0.8409,-104.8288,0.0051,25.1112,0.3795
344,000344.png,False,1788899111.916846,1788899111.856846,normal_unload,12,,0.0,-0.00891,0.04682,-0.50335,0.00083,9e-05,-0.00025,-0.01508,0.02262,-0.5333,-0.00012,0.00053,-7e-05,-0.02762,0.02804,-0.50407,3,37.8965,362.8866,37.4277,178.605,0.8402,-104.8288,0.0,25.1169,0.3738
345,000345.png,False,1788899112.112854,1788899112.052855,normal_unload,12,,0.0,-0.00917,0.04713,-0.34365,0.00082,0.00017,-0.0002,-0.01536,0.02289,-0.37365,-0.00012,0.00061,-2e-05,-0.02911,0.03073,-0.3444,3,37.8952,362.888,37.4975,178.6049,0.8404,-104.8286,0.0051,25.1867,0.304
346,000346.png,False,1788899117.769258,1788899117.709258,normal_load,13,,2.0,-0.00996,0.06623,-1.0869,0.00065,-2e-05,-0.00021,-0.01639,0.041,-1.11813,-0.00033,0.00043,-3e-05,-0.03418,0.03498,-1.08786,3,37.907,362.8868,37.2651,178.607,0.8353,-104.8316,0.0056,24.9543,0.5364
347,000347.png,False,1788899117.965230,1788899117.905231,normal_load,13,,2.0,-0.00564,0.06602,-1.18348,0.00074,-1e-05,-0.00018,-0.01209,0.04075,-1.21475,-0.00024,0.00044,-0.0,-0.02967,0.0354,-1.18443,3,37.9054,362.8902,37.2272,178.6065,0.8368,-104.831,0.0004,24.9164,0.5743
348,000348.png,False,1788899118.161239,1788899118.101239,normal_load,13,,2.0,-0.00314,0.08087,-1.40107,0.00042,3e-05,-0.0001,-0.00959,0.05557,-1.43238,-0.00057,0.00048,8e-05,-0.03341,0.04603,-1.40225,3,37.9052,362.8926,37.1878,178.6061,0.8378,-104.831,0.0054,24.877,0.6137
349,000349.png,False,1788899118.357275,1788899118.297275,normal_load,13,,2.0,-0.00539,0.08422,-1.58922,0.00038,-0.00013,-0.00016,-0.01185,0.05888,-1.62057,-0.00061,0.00032,2e-05,-0.03573,0.04479,-1.59043,3,37.9072,362.8924,37.141,178.606,0.8375,-104.8314,0.0094,24.8302,0.6605
350,000350.png,False,1788899120.501256,1788899120.441257,normal_unload,13,,0.0,-0.01829,0.05527,-1.84961,0.00156,-0.00036,-0.00021,-0.02485,0.02956,-1.88143,0.00055,0.0001,-2e-05,-0.03063,0.0091,-1.85025,3,37.911,362.8782,37.0811,178.6097,0.8294,-104.8316,0.0084,24.7701,0.7206
351,000351.png,False,1788899120.697351,1788899120.637351,normal_unload,13,,0.0,-0.01726,0.05349,-1.82568,0.00146,-0.00048,-0.00012,-0.02383,0.02774,-1.85754,0.00045,-2e-05,7e-05,-0.02902,0.00845,-1.82629,3,37.9111,362.8777,37.0842,178.6093,0.8302,-104.8318,0.0067,24.7732,0.7175
352,000352.png,False,1788899120.893348,1788899120.833349,normal_unload,13,,0.0,-0.01837,0.04375,-1.73494,0.0017,-0.00046,-2e-05,-0.02494,0.01797,-1.76684,0.0007,0.0,0.00016,-0.02574,0.00092,-1.73539,3,37.912,362.8741,37.1032,178.6104,0.8283,-104.832,0.0204,24.7921,0.6986
353,000353.png,False,1788899121.085375,1788899121.025375,normal_unload,13,,0.0,-0.00936,0.06269,-1.50035,0.00104,-0.00018,-0.0001,-0.01594,0.03688,-1.5323,4e-05,0.00028,9e-05,-0.02903,0.02559,-1.50119,3,37.911,362.8815,37.1541,178.6085,0.832,-104.832,0.0059,24.8432,0.6475
354,000354.png,False,1788899121.477396,1788899121.417397,normal_unload,13,,0.0,-0.00617,0.05861,-1.29019,0.00096,-1e-05,-1e-05,-0.01277,0.03272,-1.32222,-5e-05,0.00045,0.00017,-0.02568,0.02701,-1.291,3,37.91,362.8854,37.1946,178.6081,0.8334,-104.8323,0.0094,24.8837,0.607
355,000355.png,False,1788899122.061339,1788899122.001339,normal_unload,13,,0.0,-0.00919,0.05175,-1.10884,0.00111,-7e-05,2e-05,-0.01582,0.02576,-1.141,9e-05,0.00039,0.00021,-0.02613,0.02246,-1.10955,3,37.9103,362.8833,37.244,178.6088,0.8314,-104.8325,0.0085,24.933,0.5577
356,000356.png,False,1788899122.257429,1788899122.197429,normal_unload,13,,0.0,-0.00301,0.06193,-0.8506,0.00083,0.00015,-0.00033,-0.00964,0.0359,-0.8828,-0.00018,0.00062,-0.00015,-0.02765,0.03851,-0.85154,3,37.9105,362.8886,37.3027,178.6082,0.8332,-104.8327,0.0066,24.9918,0.4989
357,000357.png,False,1788899122.453465,1788899122.393465,normal_unload,13,,0.0,-0.00439,0.05747,-0.86577,0.00096,0.00011,-0.00023,-0.01104,0.03142,-0.89801,-6e-05,0.00058,-5e-05,-0.02652,0.03371,-0.86662,2,37.9096,362.889,37.3026,178.6083,0.833,-104.8325,0.0009,24.9917,0.499
358,000358.png,False,1788899122.841459,1788899122.781459,normal_unload,13,,0.0,-0.00259,0.04906,-0.67687,0.00086,2e-05,-0.00022,-0.00926,0.02294,-0.7092,-0.00016,0.00049,-3e-05,-0.02207,0.03035,-0.67762,3,37.9103,362.8853,37.36,178.6087,0.832,-104.8327,0.0038,25.049,0.4417
359,000359.png,False,1788899123.233389,1788899123.173389,normal_unload,13,,0.0,-0.00465,0.04493,-0.52248,0.00104,0.00026,-0.00015,-0.01133,0.01874,-0.5549,2e-05,0.00073,4e-05,-0.02285,0.02822,-0.52317,3,37.9104,362.8839,37.4262,178.6083,0.8323,-104.8329,0.0056,25.1153,0.3754
360,000360.png,False,1788899129.281793,1788899129.221793,normal_load,14,,2.0,-0.02327,0.04787,-0.76611,0.00092,-0.00013,-0.00018,-0.03022,0.02061,-0.79984,-0.00015,0.00036,2e-05,-0.03876,0.01756,-0.76678,3,37.9118,362.878,37.345,178.6099,0.8287,-104.8366,0.0087,25.034,0.4568
361,000361.png,False,1788899129.669831,1788899129.609831,normal_load,14,,2.0,-0.01994,0.07233,-1.12815,0.00071,-7e-05,-5e-05,-0.02691,0.04501,-1.16196,-0.00035,0.00042,0.00015,-0.04559,0.03461,-1.1292,3,37.91,362.8941,37.2443,178.6079,0.8335,-104.8368,0.006,24.9335,0.5572
362,000362.png,False,1788899129.865840,1788899129.805840,normal_load,14,,2.0,-0.01257,0.09395,-1.28397,-1e-05,-2e-05,-0.00029,-0.01955,0.06659,-1.31783,-0.00108,0.00047,-9e-05,-0.04893,0.05451,-1.28538,3,37.9083,362.9048,37.2107,178.6062,0.8373,-104.8369,0.0,24.9001,0.5906
363,000363.png,False,1788899130.061855,1788899130.001855,normal_load,14,,2.0,-0.01294,0.10564,-1.58656,9e-05,-9e-05,-0.00026,-0.01993,0.07825,-1.62045,-0.00098,0.0004,-6e-05,-0.05299,0.05962,-1.58812,3,37.9069,362.9076,37.1395,178.6059,0.8374,-104.8369,0.005,24.829,0.6617
364,000364.png,False,1788899132.205829,1788899132.145829,normal_unload,14,,0.0,-0.02306,0.08721,-1.84208,0.00066,-0.00029,-4e-05,-0.03015,0.05944,-1.87645,-0.00042,0.00021,0.00016,-0.05078,0.0345,-1.84327,3,37.9097,362.8967,37.0851,178.6094,0.8304,-104.837,0.0098,24.7744,0.7163
365,000365.png,False,1788899132.401834,1788899132.341834,normal_unload,14,,0.0,-0.02617,0.07939,-1.82797,0.00076,-0.00044,-6e-05,-0.03327,0.05159,-1.86237,-0.00033,6e-05,0.00014,-0.04967,0.0264,-1.82901,3,37.9095,362.8955,37.0842,178.6088,0.8311,-104.8368,0.0046,24.7735,0.7172
366,000366.png,False,1788899132.597853,1788899132.537853,normal_unload,14,,0.0,-0.03106,0.06672,-1.76261,0.00107,-0.0005,-0.0001,-0.03817,0.03888,-1.79706,-1e-05,-0.0,0.0001,-0.04802,0.01402,-1.76344,3,37.9124,362.8888,37.0955,178.6102,0.8286,-104.8372,0.0076,24.7847,0.706
367,000367.png,False,1788899132.793957,1788899132.733957,normal_unload,14,,0.0,-0.02876,0.07099,-1.51372,0.00095,-0.00026,4e-05,-0.03587,0.04312,-1.54821,-0.00014,0.00024,0.00024,-0.04989,0.02287,-1.51466,3,37.9101,362.894,37.1476,178.6092,0.8307,-104.837,0.0019,24.8369,0.6538
368,000368.png,False,1788899132.990012,1788899132.930012,normal_unload,14,,0.0,-0.02626,0.07287,-1.5244,0.00092,-0.00029,0.0001,-0.03338,0.04496,-1.55894,-0.00017,0.00022,0.0003,-0.04859,0.02557,-1.52538,3,37.911,362.8923,37.1473,178.6091,0.8305,-104.8372,0.004,24.8365,0.6542
369,000369.png,False,1788899133.769902,1788899133.709903,normal_unload,14,,0.0,-0.02348,0.06839,-1.10885,0.00062,-0.00024,-0.00022,-0.03064,0.04034,-1.14355,-0.00048,0.00026,-2e-05,-0.04682,0.02973,-1.10982,3,37.9099,362.8942,37.2323,178.6089,0.8313,-104.8375,0.0038,24.9215,0.5692
370,000370.png,False,1788899133.962012,1788899133.902012,normal_unload,14,,0.0,-0.02628,0.05834,-0.95715,0.00083,-0.00015,-0.00019,-0.03344,0.03026,-0.99189,-0.00026,0.00036,2e-05,-0.04528,0.02206,-0.95796,3,37.9106,362.8906,37.2709,178.6092,0.8303,-104.8375,0.0056,24.9601,0.5306
371,000371.png,False,1788899134.157924,1788899134.097924,normal_unload,14,,0.0,-0.02566,0.05977,-0.92334,0.00093,-6e-05,-0.00033,-0.03283,0.03166,-0.95813,-0.00017,0.00045,-0.00013,-0.04568,0.02416,-0.92419,3,37.9109,362.8909,37.285,178.6093,0.8305,-104.8372,0.0077,24.9742,0.5165
372,000372.png,False,1788899134.354005,1788899134.294005,normal_unload,14,,0.0,-0.02452,0.05517,-0.73733,0.00093,-3e-05,-0.00022,-0.03169,0.02702,-0.77216,-0.00017,0.00048,-1e-05,-0.04369,0.02372,-0.73812,3,37.9101,362.8905,37.3395,178.6092,0.8303,-104.8375,0.0024,25.0287,0.462
373,000373.png,False,1788899134.549945,1788899134.489945,normal_unload,14,,0.0,-0.0242,0.05736,-0.66983,0.00084,1e-05,-0.0003,-0.03139,0.02918,-0.70471,-0.00026,0.00051,-9e-05,-0.04498,0.02686,-0.67068,3,37.9101,362.8938,37.3676,178.6087,0.8317,-104.8375,0.0033,25.0568,0.4339
374,000374.png,False,1788899134.746068,1788899134.686068,normal_unload,14,,0.0,-0.02179,0.05412,-0.58898,0.0008,8e-05,-1e-05,-0.02899,0.0259,-0.62389,-0.0003,0.00059,0.00019,-0.04183,0.02655,-0.58978,3,37.9105,362.8931,37.403,178.6087,0.8312,-104.8377,0.0087,25.0921,0.3986
375,000375.png,False,1788899135.134076,1788899135.074076,normal_unload,14,,0.0,-0.02151,0.05441,-0.38542,0.00076,0.00019,-7e-05,-0.02873,0.02612,-0.42042,-0.00034,0.0007,0.00013,-0.04315,0.0302,-0.38626,3,37.9095,362.8954,37.4885,178.6084,0.8318,-104.8379,0.0054,25.1777,0.313
376,000376.png,False,1788899135.329973,1788899135.269973,normal_unload,14,,0.0,-0.0198,0.05988,-0.28425,0.00062,0.00026,-0.00034,-0.02702,0.03157,-0.31929,-0.00049,0.00077,-0.00013,-0.0451,0.03742,-0.2852,3,37.9094,362.8985,37.5316,178.6085,0.8323,-104.8379,0.0004,25.2209,0.2698
377,000377.png,False,1788899140.206299,1788899140.146299,normal_load,15,,2.0,-0.02619,0.02971,-0.10503,0.00114,-0.00012,-0.00035,-0.03363,0.00054,-0.14113,-0.0,0.00041,-0.00014,-0.0368,0.01096,-0.10548,3,37.9134,362.8714,37.6736,178.6108,0.8271,-104.8411,0.0075,25.3624,0.1283
378,000378.png,False,1788899140.598287,1788899140.538287,normal_load,15,,2.0,-0.0249,0.0398,-0.39653,0.00101,-0.0002,-0.00033,-0.03236,0.01056,-0.43271,-0.00013,0.00033,-0.00012,-0.03871,0.01567,-0.39711,3,37.9117,362.8717,37.5005,178.6112,0.8261,-104.8411,0.0033,25.1893,0.3014
379,000379.png,False,1788899140.986376,1788899140.926376,normal_load,15,,2.0,-0.02003,0.05064,-0.79016,0.00086,-0.00029,-0.00012,-0.02751,0.02133,-0.82643,-0.00029,0.00024,9e-05,-0.03718,0.02119,-0.79088,3,37.9113,362.8772,37.3549,178.6102,0.8278,-104.8414,0.0044,25.0438,0.4469
380,000380.png,False,1788899141.378269,1788899141.318269,normal_load,15,,2.0,-0.01945,0.06453,-1.09705,0.0007,-0.00032,-0.00026,-0.02694,0.03515,-1.1334,-0.00045,0.0002,-5e-05,-0.04148,0.02859,-1.09796,3,37.9102,362.8839,37.2587,178.6095,0.8298,-104.8414,0.0054,24.9478,0.5429
381,000381.png,False,1788899141.574373,1788899141.514373,normal_load,15,,2.0,-0.0143,0.0892,-1.40804,0.00018,-0.00031,-0.00023,-0.0218,0.05979,-1.44444,-0.00097,0.00022,-1e-05,-0.04719,0.04755,-1.40934,3,37.9082,362.8942,37.1887,178.6078,0.8329,-104.8414,0.0002,24.8779,0.6128
382,000382.png,False,1788899141.766404,1788899141.706404,normal_load,15,,2.0,-0.01617,0.08835,-1.39064,0.0003,-0.00034,-0.00014,-0.02368,0.0589,-1.42708,-0.00085,0.00019,8e-05,-0.04851,0.04616,-1.39193,3,37.9081,362.8935,37.184,178.6083,0.8324,-104.8414,0.0089,24.8732,0.6175
383,000383.png,False,1788899143.914393,1788899143.854393,normal_unload,15,,0.0,-0.02224,0.07778,-1.90474,0.00085,-0.00077,-0.00023,-0.02985,0.04795,-1.94165,-0.00031,-0.00024,-1e-05,-0.04492,0.02574,-1.90575,3,37.9086,362.8859,37.0657,178.61,0.8289,-104.8412,0.0093,24.7548,0.7359
384,000384.png,False,1788899144.110476,1788899144.050476,normal_unload,15,,0.0,-0.03303,0.04854,-1.82013,0.00145,-0.001,-0.00021,-0.04064,0.01868,-1.85708,0.00029,-0.00046,1e-05,-0.04024,-0.00362,-1.82063,3,37.9108,362.8741,37.0803,178.6121,0.8236,-104.8411,0.0043,24.7692,0.7215
385,000385.png,False,1788899144.302498,1788899144.242498,normal_unload,15,,0.0,-0.03211,0.05654,-1.80204,0.00136,-0.00085,-0.00015,-0.03974,0.02664,-1.83903,0.0002,-0.00031,7e-05,-0.04357,0.00405,-1.80268,3,37.9108,362.8742,37.0876,178.6117,0.8246,-104.8413,0.005,24.7765,0.7142
386,000386.png,False,1788899144.498506,1788899144.438506,normal_unload,15,,0.0,-0.03063,0.04642,-1.67007,0.00144,-0.00103,-7e-05,-0.03826,0.01649,-1.7071,0.00027,-0.00049,0.00014,-0.03814,-0.00185,-1.67056,3,37.9111,362.8715,37.1107,178.6126,0.8226,-104.8411,0.0097,24.7995,0.6912
387,000387.png,False,1788899144.890436,1788899144.830436,normal_unload,15,,0.0,-0.02131,0.06468,-1.31927,0.00098,-0.00059,-0.00021,-0.02896,0.03468,-1.35639,-0.0002,-5e-05,1e-05,-0.04163,0.02424,-1.32015,3,37.9097,362.8818,37.1796,178.6104,0.8279,-104.8409,0.0014,24.8686,0.6221
388,000388.png,False,1788899145.082539,1788899145.022539,normal_unload,15,,0.0,-0.02612,0.05897,-1.24745,0.00105,-0.00061,-0.00013,-0.03378,0.02894,-1.28461,-0.00012,-7e-05,9e-05,-0.04344,0.01804,-1.24823,3,37.9104,362.8795,37.2011,178.6106,0.827,-104.8414,0.0095,24.8901,0.6006
389,000389.png,False,1788899145.278556,1788899145.218556,normal_unload,15,,0.0,-0.02112,0.05869,-1.18836,0.00102,-0.00062,-0.00027,-0.02879,0.02862,-1.22556,-0.00016,-8e-05,-5e-05,-0.03938,0.02124,-1.18915,3,37.9108,362.8806,37.2115,178.6108,0.8271,-104.8414,0.0045,24.9005,0.5902
390,000390.png,False,1788899145.474468,1788899145.414469,normal_unload,15,,0.0,-0.02254,0.04821,-0.99497,0.00121,-0.00061,-0.00036,-0.03022,0.01811,-1.03221,3e-05,-7e-05,-0.00015,-0.03671,0.01456,-0.99561,3,37.9108,362.8749,37.2555,178.6117,0.8251,-104.8409,0.0003,24.9444,0.5463
391,000391.png,False,1788899145.670586,1788899145.610586,normal_unload,15,,0.0,-0.02103,0.04929,-1.01491,0.00121,-0.00054,-0.00031,-0.02872,0.01916,-1.0522,3e-05,-0.0,-9e-05,-0.03581,0.01592,-1.01557,3,37.9119,362.8748,37.2548,178.6114,0.8252,-104.8413,0.011,24.9437,0.547
392,000392.png,False,1788899146.058569,1788899145.998569,normal_unload,15,,0.0,-0.01947,0.04918,-0.81691,0.00106,-0.00047,-0.00027,-0.02717,0.01897,-0.85429,-0.00012,7e-05,-5e-05,-0.03577,0.01977,-0.8176,3,37.9107,362.8793,37.3142,178.6111,0.8263,-104.8416,0.0075,25.0032,0.4875
393,000393.png,False,1788899146.450588,1788899146.390589,normal_unload,15,,0.0,-0.01793,0.04979,-0.64279,0.00087,-0.00043,-0.00019,-0.02565,0.01952,-0.68024,-0.00032,0.00012,3e-05,-0.03595,0.02387,-0.64352,3,37.9121,362.8749,37.3744,178.6113,0.8259,-104.8416,0.0018,25.0633,0.4274
394,000394.png,False,1788899146.838623,1788899146.778623,normal_unload,15,,0.0,-0.01862,0.04568,-0.42848,0.00099,-0.00024,-0.00029,-0.02636,0.01534,-0.46602,-0.00019,0.00031,-7e-05,-0.03598,0.02339,-0.42917,3,37.91,362.8767,37.459,178.6107,0.8266,-104.8414,0.0025,25.1479,0.3428
395,000395.png,False,1788899151.326872,1788899151.266872,normal_load,16,,2.0,-0.02116,0.01802,-0.18737,0.00172,-0.0004,-0.00042,-0.0291,-0.01311,-0.22589,0.00051,0.00016,-0.0002,-0.02603,0.00203,-0.18761,3,37.9116,362.8593,37.5895,178.6157,0.8157,-104.8426,0.0068,25.2781,0.2126
396,000396.png,False,1788899151.718768,1788899151.658768,normal_load,16,,2.0,-0.01905,0.03098,-0.47692,0.00131,-0.00051,-0.00046,-0.02701,-0.00021,-0.51552,9e-05,5e-05,-0.00024,-0.02868,0.00968,-0.47734,3,37.9092,362.8684,37.4406,178.6148,0.8181,-104.8426,0.0049,25.1293,0.3614
397,000397.png,False,1788899151.910923,1788899151.850924,normal_load,16,,2.0,-0.01371,0.05111,-0.69299,0.00096,-0.00046,-0.00039,-0.02167,0.01988,-0.73163,-0.00026,0.00011,-0.00017,-0.03261,0.02632,-0.69374,3,37.9064,362.8812,37.3762,178.6134,0.8213,-104.8426,0.0059,25.0652,0.4255
398,000398.png,False,1788899152.106846,1788899152.046846,normal_load,16,,2.0,-0.0126,0.0562,-0.88505,0.00107,-0.00041,-0.00021,-0.02058,0.02494,-0.92374,-0.00015,0.00015,2e-05,-0.03286,0.0282,-0.88587,3,37.9064,362.8843,37.3056,178.613,0.8221,-104.8428,0.0005,24.9947,0.496
399,000399.png,False,1788899152.302800,1788899152.242800,normal_load,16,,2.0,-0.01251,0.0683,-0.99274,0.00069,-0.00054,-0.00046,-0.0205,0.037,-1.03148,-0.00053,3e-05,-0.00023,-0.03808,0.037,-0.99375,3,37.9047,362.8885,37.2799,178.6125,0.8238,-104.8424,0.0069,24.9691,0.5216
400,000400.png,False,1788899152.498810,1788899152.438810,normal_load,16,,2.0,-0.01504,0.07585,-1.29023,0.0007,-0.00059,-0.00046,-0.02303,0.04452,-1.329,-0.00052,-3e-05,-0.00024,-0.04198,0.03751,-1.29132,3,37.9039,362.8912,37.2031,178.6121,0.8241,-104.8426,0.0054,24.8923,0.5984
401,000401.png,False,1788899152.694926,1788899152.634926,normal_load,16,,2.0,-0.01296,0.07801,-1.28009,0.00052,-0.00065,-0.00041,-0.02096,0.04664,-1.31891,-0.0007,-9e-05,-0.00019,-0.04133,0.04058,-1.28122,3,37.9038,362.8907,37.2026,178.6119,0.8245,-104.8427,0.0019,24.8918,0.5989
402,000402.png,False,1788899152.886909,1788899152.826910,normal_load,16,,2.0,-0.01394,0.09018,-1.61442,0.00052,-0.00067,-0.00043,-0.02195,0.05878,-1.65328,-0.00071,-0.00011,-0.0002,-0.04594,0.04528,-1.61571,3,37.9027,362.8949,37.1344,178.6113,0.8254,-104.8427,0.0091,24.8237,0.667
403,000403.png,False,1788899153.082948,1788899153.022948,normal_load,16,,2.0,-0.01407,0.08796,-1.61174,0.00054,-0.00063,-0.00037,-0.02209,0.05652,-1.65064,-0.00069,-6e-05,-0.00014,-0.04496,0.04333,-1.61299,3,37.9038,362.8898,37.1226,178.6123,0.8237,-104.8426,0.0048,24.8118,0.6789
404,000404.png,False,1788899155.231009,1788899155.171010,normal_unload,16,,0.0,-0.02888,0.0932,-1.88332,0.00063,-0.00117,-0.0004,-0.03699,0.06139,-1.92269,-0.00061,-0.00059,-0.00017,-0.05852,0.03612,-1.8846,3,37.8956,362.8878,37.0704,178.614,0.8199,-104.8418,0.0047,24.7597,0.731
405,000405.png,False,1788899155.423069,1788899155.363069,normal_unload,16,,0.0,-0.03965,0.07415,-1.79935,0.00108,-0.0015,-0.00042,-0.04777,0.0423,-1.83876,-0.00017,-0.00092,-0.00019,-0.05891,0.01558,-1.80029,3,37.8959,362.8821,37.0793,178.6143,0.8186,-104.842,0.0059,24.7685,0.7222
406,000406.png,False,1788899156.203119,1788899156.143119,normal_unload,16,,0.0,-0.0364,0.09332,-1.31015,0.00027,-0.00125,-0.00037,-0.04456,0.06134,-1.34973,-0.00098,-0.00068,-0.00014,-0.06907,0.04165,-1.3115,3,37.8903,362.8904,37.1777,178.6132,0.8216,-104.8428,0.0065,24.867,0.6237
407,000407.png,False,1788899156.399086,1788899156.339087,normal_unload,16,,0.0,-0.03922,0.08157,-1.24713,0.00066,-0.00123,-0.00013,-0.04738,0.04955,-1.28675,-0.0006,-0.00066,0.00011,-0.06608,0.03107,-1.24828,3,37.8907,362.8879,37.1962,178.6133,0.8214,-104.8428,0.0083,24.8855,0.6052
408,000408.png,False,1788899156.595005,1788899156.535005,normal_unload,16,,0.0,-0.03856,0.08377,-1.17408,0.00067,-0.00114,-0.00028,-0.04674,0.05172,-1.21374,-0.00059,-0.00056,-5e-05,-0.06711,0.03448,-1.17528,4,37.8895,362.8888,37.2195,178.614,0.8199,-104.8426,0.001,24.9088,0.5819
409,000409.png,False,1788899156.791148,1788899156.731148,normal_unload,16,,0.0,-0.03682,0.07289,-0.9994,0.00067,-0.00123,-0.00031,-0.045,0.0408,-1.0391,-0.00058,-0.00065,-7e-05,-0.06138,0.02872,-1.00043,3,37.8901,362.8849,37.2531,178.614,0.8199,-104.8424,0.0053,24.9423,0.5484
410,000410.png,False,1788899156.987101,1788899156.927101,normal_unload,16,,0.0,-0.04211,0.08116,-0.91101,0.00053,-0.00123,-0.00036,-0.0503,0.04904,-0.95076,-0.00072,-0.00065,-0.00012,-0.07071,0.03466,-0.9122,3,37.887,362.8873,37.2792,178.6132,0.8209,-104.8422,0.0056,24.9684,0.5223
411,000411.png,False,1788899157.179042,1788899157.119042,normal_unload,16,,0.0,-0.03843,0.07429,-0.83579,0.00067,-0.00106,-0.00037,-0.04663,0.04214,-0.87558,-0.00058,-0.00048,-0.00013,-0.06461,0.03175,-0.83687,3,37.8863,362.889,37.301,178.6132,0.8209,-104.8424,0.004,24.9903,0.5004
412,000412.png,False,1788899157.375046,1788899157.315046,normal_unload,16,,0.0,-0.03425,0.07964,-0.63914,0.00047,-0.00095,-0.00045,-0.04246,0.04745,-0.67898,-0.00079,-0.00037,-0.00022,-0.06503,0.04162,-0.64036,3,37.8852,362.8908,37.3571,178.6129,0.8217,-104.8424,0.0095,25.0465,0.4442
413,000413.png,False,1788899157.571152,1788899157.511153,normal_unload,16,,0.0,-0.03575,0.0728,-0.61314,0.00053,-0.00103,-0.00038,-0.04397,0.04057,-0.65301,-0.00073,-0.00045,-0.00015,-0.06309,0.03536,-0.61424,2,37.8851,362.888,37.3725,178.613,0.8213,-104.8424,0.0041,25.0617,0.429
414,000414.png,False,1788899157.767168,1788899157.707168,normal_unload,16,,0.0,-0.03127,0.07897,-0.50818,0.00034,-0.00095,-0.00015,-0.0395,0.04671,-0.5481,-0.00092,-0.00037,8e-05,-0.06302,0.04463,-0.50941,3,37.886,362.8922,37.4233,178.6129,0.8222,-104.8431,0.0018,25.1126,0.3781
415,000415.png,False,1788899157.959176,1788899157.899176,normal_unload,16,,0.0,-0.03242,0.0687,-0.44419,0.00065,-0.0009,-0.00042,-0.04066,0.0364,-0.48415,-0.00061,-0.00031,-0.00018,-0.05933,0.03618,-0.44525,3,37.8852,362.8882,37.4385,178.6134,0.821,-104.8428,0.0088,25.1278,0.3629
416,000416.png,False,1788899158.155086,1788899158.095086,normal_unload,16,,0.0,-0.02884,0.06817,-0.29974,0.00069,-0.00075,-0.00035,-0.03708,0.03585,-0.33974,-0.00057,-0.00017,-0.00011,-0.05696,0.03983,-0.30082,3,37.8853,362.8887,37.5059,178.6131,0.8218,-104.8428,0.003,25.1952,0.2956
417,000417.png,False,1788899163.031375,1788899162.971375,normal_load,17,,2.0,0.00275,0.04579,-0.37466,0.00146,-0.00022,-0.00044,-0.00572,0.01261,-0.41572,0.00017,0.00038,-0.0002,-0.0179,0.03503,-0.3754,3,37.9117,362.8706,37.4956,178.6175,0.8126,-104.8452,0.0037,25.1843,0.3064
418,000418.png,False,1788899163.423340,1788899163.363340,normal_load,17,,2.0,0.00953,0.05968,-0.76456,0.00126,-0.00016,-0.0003,0.00105,0.02643,-0.8057,-4e-05,0.00044,-6e-05,-0.01626,0.0442,-0.76549,3,37.9121,362.8799,37.3543,178.6159,0.8152,-104.8456,0.0074,25.0433,0.4474
419,000419.png,False,1788899163.619458,1788899163.559458,normal_load,17,,2.0,0.01237,0.07194,-1.05694,0.001,-9e-05,-0.00018,0.00388,0.03865,-1.09813,-0.00031,0.00051,6e-05,-0.0179,0.05155,-1.05805,3,37.9143,362.8857,37.2646,178.6155,0.8165,-104.8461,0.002,24.9537,0.537
420,000420.png,False,1788899164.399474,1788899164.339474,normal_load,17,,2.0,0.01532,0.08814,-1.63362,0.00093,-0.00017,-0.00016,0.00679,0.05472,-1.67498,-0.00037,0.00043,8e-05,-0.01944,0.05782,-1.63493,3,37.9176,362.8904,37.13,178.6142,0.8188,-104.8465,0.0089,24.8191,0.6716
421,000421.png,False,1788899166.543613,1788899166.483613,normal_unload,17,,0.0,0.00958,0.0524,-1.85378,0.00196,-0.00057,-0.00022,0.00096,0.0186,-1.89561,0.00064,3e-05,3e-05,-0.00503,0.02047,-1.85443,3,37.9246,362.8791,37.0702,178.6174,0.8124,-104.8476,0.0058,24.7591,0.7316
422,000422.png,False,1788899166.739665,1788899166.679665,normal_unload,17,,0.0,0.01659,0.05776,-1.81048,0.00172,-0.00044,-0.00021,0.00796,0.02392,-1.85235,0.00039,0.00017,3e-05,-0.00194,0.02931,-1.81124,3,37.9247,362.8775,37.0798,178.6171,0.8125,-104.8476,0.0093,24.7686,0.7221
423,000423.png,False,1788899167.519618,1788899167.459618,normal_unload,17,,0.0,0.02442,0.05965,-1.29685,0.00148,-9e-05,-0.00028,0.01575,0.02568,-1.33889,0.00016,0.00052,-4e-05,0.00034,0.04309,-1.29774,3,37.925,362.8842,37.1806,178.616,0.815,-104.848,0.0025,24.8696,0.6211
424,000424.png,False,1788899167.715676,1788899167.655676,normal_unload,17,,0.0,0.02076,0.0613,-1.24748,0.00162,4e-05,-0.00037,0.01209,0.02729,-1.28956,0.00029,0.00065,-0.00012,-0.00399,0.04348,-1.24839,3,37.9252,362.8825,37.1881,178.6161,0.8146,-104.848,0.0026,24.8771,0.6136
425,000425.png,False,1788899167.911559,1788899167.851559,normal_unload,17,,0.0,0.02155,0.05283,-1.00666,0.00138,-6e-05,-0.00024,0.01286,0.01879,-1.04878,5e-05,0.00055,1e-05,-0.00075,0.0404,-1.00746,2,37.9251,362.8832,37.2486,178.6164,0.814,-104.8478,0.0012,24.9375,0.5532
426,000426.png,False,1788899168.107644,1788899168.047644,normal_unload,17,,0.0,0.02153,0.05429,-1.02144,0.00164,-2e-05,-0.00044,0.01283,0.02021,-1.06361,0.00031,0.0006,-0.00019,-0.0014,0.04141,-1.02227,3,37.9243,362.8839,37.2466,178.6161,0.8146,-104.8478,0.0081,24.9356,0.5551
427,000427.png,False,1788899168.495665,1788899168.435665,normal_unload,17,,0.0,0.02285,0.05281,-0.83092,0.00155,9e-05,-0.00021,0.01414,0.01867,-0.87317,0.00022,0.00071,3e-05,-0.00083,0.04385,-0.83176,3,37.9255,362.8842,37.3055,178.6158,0.8154,-104.8482,0.0089,24.9945,0.4963
428,000428.png,False,1788899168.887602,1788899168.827602,normal_unload,17,,0.0,0.02188,0.04381,-0.6073,0.00161,0.00012,-0.00038,0.01316,0.0096,-0.64963,0.00028,0.00074,-0.00013,0.00128,0.03915,-0.60801,3,37.9242,362.8805,37.3728,178.616,0.815,-104.8478,0.0005,25.0617,0.4291
429,000429.png,False,1788899169.275715,1788899169.215715,normal_unload,17,,0.0,0.02567,0.05849,-0.4368,0.00128,0.00029,-0.00022,0.01692,0.02421,-0.47922,-6e-05,0.0009,3e-05,-0.00396,0.05648,-0.4378,3,37.9223,362.8956,37.4537,178.6157,0.8161,-104.8478,0.0033,25.1429,0.3479
430,000430.png,False,1788899173.567923,1788899173.507923,normal_load,18,,2.0,-0.00124,0.03856,-0.11305,0.00149,-0.00053,-0.00039,-0.01018,0.00352,-0.15641,0.00012,0.0001,-0.00014,-0.01956,0.03096,-0.1137,3,37.9208,362.8628,37.6478,178.6197,0.8066,-104.8506,0.01,25.3363,0.1544
431,000431.png,False,1788899173.960012,1788899173.900012,normal_load,18,,2.0,0.00039,0.04907,-0.34288,0.00134,-0.00059,-0.00043,-0.00857,0.01397,-0.38632,-3e-05,4e-05,-0.00018,-0.02181,0.0372,-0.34368,3,37.9181,362.8715,37.5049,178.6192,0.8083,-104.8506,0.0031,25.1937,0.297
432,000432.png,False,1788899174.935977,1788899174.875977,normal_load,18,,2.0,0.00475,0.10014,-1.31865,0.00057,-0.00068,-0.0005,-0.00425,0.06486,-1.3623,-0.00081,-5e-05,-0.00024,-0.03678,0.06798,-1.32019,3,37.9118,362.8924,37.1906,178.6159,0.8154,-104.8502,0.0002,24.8798,0.6109
433,000433.png,False,1788899175.127909,1788899175.067909,normal_load,18,,2.0,0.00725,0.10793,-1.52948,0.00038,-0.00081,-0.00029,-0.00176,0.07262,-1.57317,-0.001,-0.00018,-4e-05,-0.03704,0.0726,-1.53113,3,37.9094,362.8956,37.1422,178.6156,0.8162,-104.85,0.0055,24.8314,0.6593
434,000434.png,False,1788899175.323940,1788899175.263940,normal_load,18,,2.0,0.00456,0.11192,-1.56736,0.00032,-0.0009,-0.0005,-0.00446,0.07658,-1.61109,-0.00106,-0.00026,-0.00024,-0.0411,0.0741,-1.56907,3,37.9095,362.898,37.1324,178.6155,0.8164,-104.85,0.0001,24.8217,0.669
435,000435.png,False,1788899177.276122,1788899177.216122,normal_unload,18,,0.0,-0.01179,0.07433,-1.81965,0.00128,-0.00145,-0.00041,-0.0209,0.03865,-1.86381,-0.00012,-0.00081,-0.00015,-0.03474,0.02934,-1.82064,3,37.911,362.8786,37.0749,178.619,0.8082,-104.8502,0.0096,24.7639,0.7268
436,000436.png,False,1788899177.664033,1788899177.604033,normal_unload,18,,0.0,-0.01167,0.07782,-1.6064,0.00109,-0.00136,-0.00018,-0.02079,0.04207,-1.65065,-0.00031,-0.00072,7e-05,-0.03785,0.03584,-1.60749,3,37.9107,362.8822,37.1144,178.6188,0.8091,-104.8504,0.0054,24.8035,0.6872
437,000437.png,False,1788899178.252146,1788899178.192147,normal_unload,18,,0.0,-0.00525,0.08963,-1.25076,0.00066,-0.00102,-0.00029,-0.01439,0.05377,-1.29513,-0.00074,-0.00038,-3e-05,-0.04065,0.05497,-1.25211,3,37.9077,362.8903,37.1908,178.6174,0.8117,-104.8504,0.0027,24.88,0.6107
438,000438.png,False,1788899178.444180,1788899178.384181,normal_unload,18,,0.0,-0.00746,0.08759,-1.21393,0.00083,-0.00094,-0.00018,-0.01661,0.0517,-1.25834,-0.00058,-0.0003,8e-05,-0.0418,0.05269,-1.21525,3,37.9079,362.8896,37.2025,178.6174,0.8115,-104.8504,0.008,24.8917,0.599
439,000439.png,False,1788899178.640172,1788899178.580172,normal_unload,18,,0.0,-0.00225,0.08336,-1.00422,0.00069,-0.00095,-0.00047,-0.01142,0.04743,-1.04868,-0.00071,-0.00031,-0.00021,-0.03664,0.05498,-1.00551,3,37.9075,362.8869,37.2472,178.6181,0.8106,-104.8502,0.0026,24.9363,0.5544
440,000440.png,False,1788899179.228191,1788899179.168191,normal_unload,18,,0.0,-0.00221,0.07522,-0.79094,0.00083,-0.00088,-0.00041,-0.0114,0.0392,-0.83552,-0.00058,-0.00024,-0.00015,-0.03402,0.05138,-0.79212,3,37.9083,362.8842,37.3057,178.6178,0.8107,-104.8508,0.0055,24.9948,0.4959
441,000441.png,False,1788899179.420120,1788899179.360121,normal_unload,18,,0.0,-0.00713,0.06669,-0.58631,0.00098,-0.00091,-0.00045,-0.01633,0.03063,-0.63093,-0.00043,-0.00027,-0.00019,-0.03543,0.0448,-0.58736,3,37.9069,362.881,37.3685,178.6176,0.8111,-104.8506,0.0045,25.0576,0.4331
442,000442.png,False,1788899180.008267,1788899179.948267,normal_unload,18,,0.0,-0.00505,0.07609,-0.42446,0.00069,-0.0008,-0.00059,-0.01427,0.03992,-0.46921,-0.00073,-0.00015,-0.00033,-0.03944,0.05658,-0.4257,3,37.904,362.8872,37.4324,178.6175,0.8113,-104.8504,0.0011,25.1215,0.3692
443,000443.png,False,1788899180.200244,1788899180.140244,normal_unload,18,,0.0,0.00255,0.07773,-0.22879,0.00043,-0.00063,-0.00059,-0.00668,0.04153,-0.27359,-0.00098,2e-05,-0.00032,-0.03504,0.06493,-0.23011,3,37.9013,362.8986,37.5179,178.6167,0.8136,-104.8504,0.0093,25.2072,0.2835
444,000444.png,False,1788899184.884382,1788899184.824382,normal_load,19,,2.0,-0.00343,0.03834,-0.49789,0.00147,-0.00074,-0.00031,-0.01288,0.00132,-0.5437,2e-05,-8e-05,-4e-05,-0.01868,0.02351,-0.49847,3,37.9031,362.865,37.4204,178.6217,0.8027,-104.8506,0.0097,25.1092,0.3815
445,000445.png,False,1788899185.080477,1788899185.020478,normal_load,19,,2.0,0.00467,0.05647,-0.69499,0.00113,-0.00072,-0.00035,-0.00478,0.01941,-0.74084,-0.00032,-6e-05,-8e-05,-0.01935,0.04011,-0.69587,3,37.9017,362.8765,37.3703,178.62,0.806,-104.8508,0.0045,25.0593,0.4314
446,000446.png,False,1788899185.272496,1788899185.212496,normal_load,19,,2.0,0.00345,0.06991,-0.89594,0.00093,-0.00078,-0.00042,-0.00601,0.03282,-0.94183,-0.00052,-0.00011,-0.00015,-0.02573,0.04792,-0.89702,3,37.9012,362.8823,37.3039,178.6192,0.8082,-104.8508,0.009,24.993,0.4977
447,000447.png,False,1788899185.468410,1788899185.408411,normal_load,19,,2.0,0.0051,0.07391,-0.96144,0.00086,-0.0008,-0.00063,-0.00437,0.03678,-1.00737,-0.00059,-0.00014,-0.00036,-0.02585,0.05115,-0.96258,3,37.8994,362.8853,37.2805,178.6188,0.809,-104.8508,0.0061,24.9697,0.521
448,000448.png,False,1788899185.860538,1788899185.800539,normal_load,19,,2.0,0.00673,0.08762,-1.3016,0.00063,-0.00088,-0.00037,-0.00275,0.05043,-1.34762,-0.00082,-0.00021,-0.0001,-0.02892,0.0584,-1.30293,3,37.8984,362.8888,37.197,178.6181,0.8099,-104.8508,0.0087,24.8862,0.6045
449,000449.png,False,1788899188.396665,1788899188.336665,normal_unload,19,,0.0,-0.01041,0.06533,-1.81057,0.00145,-0.00136,-0.00022,-0.02001,0.02769,-1.85715,-2e-05,-0.00069,5e-05,-0.0291,0.02237,-1.81141,3,37.9019,362.8766,37.0768,178.6212,0.8032,-104.8512,0.0058,24.7658,0.7249
450,000450.png,False,1788899188.592698,1788899188.532698,normal_unload,19,,0.0,-0.01031,0.05313,-1.73508,0.00174,-0.00146,-0.00015,-0.01992,0.01546,-1.7817,0.00027,-0.00078,0.00013,-0.02344,0.01307,-1.73572,3,37.902,362.8713,37.0909,178.6228,0.8003,-104.8512,0.0008,24.7798,0.7109
451,000451.png,False,1788899188.784729,1788899188.724729,normal_unload,19,,0.0,-0.01204,0.0569,-1.5275,0.0016,-0.00134,-0.00026,-0.02165,0.01919,-1.57416,0.00013,-0.00066,1e-05,-0.02826,0.0188,-1.52823,3,37.9024,362.8722,37.1326,178.6223,0.8013,-104.8519,0.008,24.8215,0.6692
452,000452.png,False,1788899189.760642,1788899189.700642,normal_unload,19,,0.0,-0.00971,0.05275,-1.13148,0.00157,-0.00111,-0.00056,-0.01937,0.01487,-1.17836,9e-05,-0.00043,-0.00029,-0.02692,0.02271,-1.13221,3,37.9021,362.8731,37.2112,178.6218,0.8025,-104.8527,0.006,24.9002,0.5905
453,000453.png,False,1788899190.152637,1788899190.092638,normal_unload,19,,0.0,-0.01271,0.03751,-0.94486,0.00187,-0.00111,-0.00033,-0.02239,-0.00044,-0.99181,0.00039,-0.00043,-6e-05,-0.0232,0.011,-0.94534,4,37.9026,362.8652,37.272,178.6222,0.801,-104.8534,0.0011,24.9608,0.5299
454,000454.png,False,1788899190.348825,1788899190.288826,normal_unload,19,,0.0,-0.00577,0.05028,-0.7506,0.00156,-0.00079,-0.00044,-0.01545,0.0123,-0.7976,8e-05,-0.00011,-0.00016,-0.02491,0.02864,-0.75135,3,37.9021,362.8739,37.32,178.6215,0.803,-104.8536,0.0046,25.009,0.4817
455,000455.png,False,1788899190.540664,1788899190.480664,normal_unload,19,,0.0,-0.00197,0.05846,-0.69565,0.00109,-0.00088,-0.00045,-0.01167,0.02044,-0.74269,-0.0004,-0.0002,-0.00017,-0.02609,0.0385,-0.69655,3,37.8998,362.8793,37.3414,178.621,0.8035,-104.8536,0.0065,25.0304,0.4603
456,000456.png,False,1788899190.736779,1788899190.676779,normal_unload,19,,0.0,-0.00112,0.05323,-0.60319,0.00141,-0.00076,-0.00024,-0.01083,0.01518,-0.65028,-8e-05,-8e-05,3e-05,-0.02338,0.03588,-0.60402,3,37.9007,362.8758,37.3759,178.6218,0.8017,-104.8536,0.0008,25.0649,0.4258
457,000457.png,False,1788899196.981095,1788899196.921095,normal_load,20,,2.0,0.00179,0.04185,-0.46131,0.00138,-0.00083,-0.00052,-0.00819,0.0027,-0.50975,-0.00015,-0.00013,-0.00024,-0.01615,0.02975,-0.46197,3,37.9022,362.8802,37.4352,178.6226,0.7999,-104.8566,0.0071,25.1242,0.3665
458,000458.png,False,1788899197.369071,1788899197.309071,normal_load,20,,2.0,0.00563,0.06509,-0.83074,0.00107,-0.00083,-0.00044,-0.00437,0.02587,-0.87927,-0.00046,-0.00013,-0.00016,-0.02188,0.04588,-0.83176,3,37.8996,362.8898,37.3098,178.6212,0.8029,-104.8562,0.0019,24.999,0.4917
459,000459.png,False,1788899197.565078,1788899197.505078,normal_load,20,,2.0,0.0076,0.07547,-0.94844,0.001,-0.00073,-0.00056,-0.00241,0.03623,-0.997,-0.00053,-2e-05,-0.00027,-0.02455,0.05397,-0.94962,3,37.8987,362.8959,37.2888,178.6202,0.805,-104.8564,0.0072,24.9781,0.5126
460,000460.png,False,1788899197.761092,1788899197.701092,normal_load,20,,2.0,0.00838,0.08116,-1.20621,0.00079,-0.00089,-0.00065,-0.00164,0.04187,-1.25482,-0.00075,-0.00019,-0.00036,-0.02493,0.05515,-1.20745,3,37.8986,362.8986,37.2084,178.6199,0.8063,-104.8562,0.0007,24.8978,0.5929
461,000461.png,False,1788899197.957047,1788899197.897047,normal_load,20,,2.0,0.00938,0.08436,-1.2282,0.00077,-0.00081,-0.00063,-0.00064,0.04505,-1.27685,-0.00076,-0.0001,-0.00034,-0.02551,0.05808,-1.22949,3,37.8981,362.9014,37.2103,178.6195,0.8071,-104.8565,0.008,24.8997,0.591
462,000462.png,False,1788899200.881257,1788899200.821257,normal_unload,20,,0.0,-0.00437,0.05191,-1.81622,0.00166,-0.00162,-0.00026,-0.01453,0.01208,-1.86551,0.0001,-0.0009,3e-05,-0.01713,0.01368,-1.81684,3,37.9036,362.8832,37.0752,178.6224,0.8003,-104.8577,0.004,24.7644,0.7263
463,000463.png,False,1788899201.077260,1788899201.017261,normal_unload,20,,0.0,0.00743,0.07776,-1.52985,0.00114,-0.00117,-0.00038,-0.00274,0.03789,-1.57918,-0.00042,-0.00045,-9e-05,-0.02181,0.04655,-1.53098,3,37.9007,362.8931,37.1225,178.6215,0.8027,-104.8582,0.0058,24.8118,0.6789
464,000464.png,False,1788899201.661205,1788899201.601205,normal_unload,20,,0.0,0.00382,0.06868,-1.36375,0.00121,-0.00115,-0.00047,-0.00637,0.02871,-1.41321,-0.00035,-0.00043,-0.00018,-0.02155,0.03955,-1.36474,3,37.9009,362.8928,37.1586,178.6214,0.8029,-104.858,0.0042,24.8478,0.6429
465,000465.png,False,1788899202.441243,1788899202.381243,normal_unload,20,,0.0,0.0051,0.06069,-0.95585,0.00125,-0.001,-0.00065,-0.00513,0.02058,-1.00547,-0.00032,-0.00028,-0.00036,-0.01927,0.0398,-0.95676,3,37.902,362.888,37.2604,178.6219,0.8012,-104.8586,0.0085,24.9496,0.5411
466,000466.png,False,1788899202.833326,1788899202.773326,normal_unload,20,,0.0,0.00623,0.05472,-0.68447,0.00118,-0.00089,-0.00063,-0.00402,0.01455,-0.73419,-0.00038,-0.00016,-0.00034,-0.0172,0.03954,-0.68533,3,37.9011,362.889,37.3305,178.6211,0.803,-104.8588,0.0031,25.0197,0.471
467,000467.png,False,1788899203.029350,1788899202.969350,normal_unload,20,,0.0,0.01167,0.05112,-0.5971,0.00122,-0.00094,-0.00059,0.00141,0.01091,-0.64686,-0.00035,-0.00021,-0.0003,-0.0113,0.04054,-0.59792,3,37.9016,362.8889,37.3596,178.6217,0.8023,-104.8588,0.0083,25.0488,0.4419
468,000468.png,False,1788899203.613380,1788899203.553380,normal_unload,20,,0.0,0.0133,0.05983,-0.29537,0.00097,-0.00066,-0.00064,0.00301,0.01951,-0.34525,-0.0006,7e-05,-0.00034,-0.01632,0.05373,-0.29639,3,37.8999,362.8962,37.4786,178.6208,0.8038,-104.8593,0.0009,25.1679,0.3228
469,000469.png,False,1788899208.297595,1788899208.237595,normal_load,21,,2.0,0.01001,0.04364,-0.47034,0.00148,-0.00091,-0.00043,-0.00048,0.0025,-0.52125,-0.00013,-0.00017,-0.00013,-0.00987,0.03526,-0.47105,3,37.9057,362.873,37.4325,178.6262,0.7924,-104.862,0.0038,25.1213,0.3694
470,000470.png,False,1788899208.881660,1788899208.821661,normal_load,21,,2.0,0.01747,0.07673,-0.99395,0.00086,-0.00098,-0.00046,0.00695,0.03549,-1.04498,-0.00075,-0.00024,-0.00016,-0.01631,0.05926,-0.99517,3,37.903,362.8887,37.2717,178.6239,0.7973,-104.8621,0.0078,24.9609,0.5298
471,000471.png,False,1788899209.269582,1788899209.209582,normal_load,21,,2.0,0.01793,0.09269,-1.30761,0.00071,-0.001,-0.00056,0.0074,0.05138,-1.35872,-0.0009,-0.00026,-0.00026,-0.02171,0.06829,-1.30906,3,37.9019,362.8938,37.1896,178.6227,0.7994,-104.8623,0.0059,24.8789,0.6118
472,000472.png,False,1788899209.465664,1788899209.405664,normal_load,21,,2.0,0.02248,0.10725,-1.57254,0.00045,-0.00106,-0.00054,0.01193,0.06591,-1.6237,-0.00117,-0.00032,-0.00024,-0.02321,0.07893,-1.57421,3,37.9008,362.9007,37.1304,178.622,0.8014,-104.8623,0.0015,24.8198,0.6709
473,000473.png,False,1788899212.393765,1788899212.333766,normal_unload,21,,0.0,0.01676,0.10865,-1.84,0.00056,-0.00114,-0.00047,0.00608,0.0668,-1.89179,-0.00108,-0.00039,-0.00017,-0.02701,0.073,-1.84164,3,37.899,362.9021,37.0638,178.6238,0.797,-104.864,0.0023,24.7533,0.7375
474,000474.png,False,1788899212.589854,1788899212.529854,normal_unload,21,,0.0,0.0116,0.09767,-1.7069,0.00099,-0.00117,-0.00049,0.00092,0.05578,-1.75873,-0.00065,-0.00041,-0.00019,-0.02691,0.06304,-1.70836,3,37.9012,362.8969,37.0869,178.6242,0.796,-104.8644,0.0035,24.7762,0.7145
475,000475.png,False,1788899212.781858,1788899212.721859,normal_unload,21,,0.0,0.01519,0.10065,-1.66363,0.00072,-0.00116,-0.0004,0.0045,0.05873,-1.71551,-0.00092,-0.00041,-0.0001,-0.0256,0.06811,-1.66515,3,37.9013,362.8985,37.1044,178.6239,0.7972,-104.8644,0.0018,24.7938,0.6969
476,000476.png,False,1788899213.369852,1788899213.309852,normal_unload,21,,0.0,0.01879,0.10034,-1.26133,0.00056,-0.00104,-0.00056,0.00807,0.05832,-1.31333,-0.00108,-0.00028,-0.00026,-0.02512,0.07609,-1.26292,3,37.8999,362.9036,37.1775,178.623,0.7985,-104.8649,0.0021,24.867,0.6237
477,000477.png,False,1788899213.561934,1788899213.501934,normal_unload,21,,0.0,0.02088,0.09916,-1.15575,0.00065,-0.00089,-0.00038,0.01016,0.0571,-1.20779,-0.00099,-0.00014,-7e-05,-0.02344,0.0778,-1.15733,3,37.9006,362.8994,37.2076,178.6239,0.7967,-104.8649,0.0071,24.897,0.5937
478,000478.png,False,1788899213.757914,1788899213.697914,normal_unload,21,,0.0,0.02092,0.09619,-1.06068,0.00059,-0.00091,-0.00049,0.01018,0.05409,-1.11277,-0.00105,-0.00015,-0.00019,-0.02258,0.07676,-1.06223,3,37.9024,362.9002,37.2231,178.6237,0.7976,-104.8651,0.0052,24.9124,0.5783
479,000479.png,False,1788899213.953892,1788899213.893892,normal_unload,21,,0.0,0.0228,0.09773,-0.84212,0.00042,-0.00079,-0.00049,0.01205,0.0556,-0.89425,-0.00122,-3e-05,-0.00019,-0.02324,0.08254,-0.84374,3,37.9019,362.9046,37.2787,178.6228,0.8001,-104.8655,0.0019,24.9681,0.5226
480,000480.png,False,1788899214.733953,1788899214.673954,normal_unload,21,,0.0,0.02535,0.08493,-0.4791,0.00062,-0.00071,-0.00042,0.01457,0.04267,-0.5314,-0.00103,5e-05,-0.00012,-0.01716,0.07855,-0.48055,3,37.9005,362.902,37.3977,178.623,0.7985,-104.8653,0.0039,25.0871,0.4036
481,000481.png,False,1788899214.929935,1788899214.869936,normal_unload,21,,0.0,0.02413,0.08639,-0.48893,0.00068,-0.00068,-0.00058,0.01334,0.04409,-0.54127,-0.00097,8e-05,-0.00028,-0.01887,0.07904,-0.4904,3,37.9023,362.9003,37.3977,178.6234,0.7982,-104.8658,0.0019,25.0871,0.4036
482,000482.png,False,1788899220.586198,1788899220.526198,normal_load,22,,2.0,0.01227,0.04632,-0.30787,0.00164,-0.00098,-0.00054,0.00123,0.00302,-0.36144,-5e-05,-0.0002,-0.00023,-0.01038,0.04131,-0.30865,3,37.9067,362.8679,37.5112,178.6277,0.7886,-104.8685,0.0004,25.1999,0.2908
483,000483.png,False,1788899220.782301,1788899220.722301,normal_load,22,,2.0,0.01212,0.05534,-0.5529,0.00157,-0.00101,-0.00037,0.00107,0.01202,-0.60651,-0.00012,-0.00023,-5e-05,-0.01332,0.04513,-0.5538,3,37.9067,362.8691,37.3987,178.6278,0.7885,-104.8685,0.0057,25.0875,0.4032
484,000484.png,False,1788899220.978224,1788899220.918224,normal_load,22,,2.0,0.01507,0.0694,-0.64039,0.00145,-0.00091,-0.00053,0.00401,0.02604,-0.69405,-0.00025,-0.00013,-0.00022,-0.01718,0.05738,-0.64153,3,37.9058,362.8756,37.3762,178.6265,0.7914,-104.8685,0.0072,25.0651,0.4256
485,000485.png,False,1788899224.098377,1788899224.038377,normal_unload,22,,0.0,-0.0021,0.0654,-1.82774,0.002,-0.00167,-0.00018,-0.0133,0.02149,-1.88207,0.00028,-0.00088,0.00014,-0.02183,0.02632,-1.82859,3,37.9064,362.8674,37.0715,178.6285,0.787,-104.8694,0.0045,24.7604,0.7303
486,000486.png,False,1788899225.854469,1788899225.794469,normal_unload,22,,0.0,0.01104,0.06207,-0.79117,0.00159,-0.00105,-0.00059,-0.00024,0.01785,-0.84588,-0.00013,-0.00025,-0.00027,-0.01596,0.0466,-0.79215,3,37.9078,362.8702,37.2896,178.6276,0.7888,-104.8714,0.0024,24.9785,0.5122
487,000487.png,False,1788899230.730620,1788899230.670620,normal_load,23,,2.0,0.01157,0.04113,0.03491,0.0019,-0.00082,-0.00026,7e-05,-0.00394,-0.02087,0.00014,-1e-05,6e-05,-0.01077,0.04196,0.03417,3,37.9066,362.8705,37.8389,178.6293,0.785,-104.8739,0.0062,25.5277,-0.037
488,000488.png,False,1788899230.926636,1788899230.866636,normal_load,23,,2.0,0.01515,0.04168,0.04537,0.00176,-0.00093,-0.00028,0.00364,-0.00343,-0.01045,-0.0,-0.00012,4e-05,-0.00802,0.04439,0.04461,3,37.9071,362.873,37.8344,178.6292,0.7852,-104.8744,0.0001,25.5232,-0.0325
489,000489.png,False,1788899231.318648,1788899231.258648,normal_load,23,,2.0,0.01251,0.04333,-0.00583,0.0019,-0.00081,-0.00024,0.00098,-0.00185,-0.06173,0.00013,0.0,8e-05,-0.01077,0.04369,-0.0066,3,37.9085,362.8653,37.751,178.6313,0.7806,-104.8741,0.0085,25.4396,0.0511
490,000490.png,False,1788899231.510783,1788899231.450783,normal_load,23,,2.0,0.01218,0.04867,-0.05491,0.00168,-0.00083,-0.00032,0.00065,0.00346,-0.11086,-8e-05,-1e-05,0.0,-0.01339,0.04736,-0.05577,2,37.9055,362.8751,37.6638,178.63,0.7834,-104.8741,0.0006,25.3527,0.138
491,000491.png,False,1788899231.706670,1788899231.646670,normal_load,23,,2.0,0.01542,0.04668,-0.06964,0.00166,-0.00092,-0.00034,0.00388,0.00144,-0.12563,-0.0001,-0.00011,-1e-05,-0.00949,0.04702,-0.07047,3,37.9067,362.8729,37.6541,178.6303,0.7828,-104.8744,0.0062,25.343,0.1477
492,000492.png,False,1788899231.902826,1788899231.842826,normal_load,23,,2.0,0.01128,0.04722,-0.35611,0.00192,-0.00103,-0.00036,-0.00027,0.00194,-0.41214,0.00015,-0.00022,-4e-05,-0.01135,0.04083,-0.35689,3,37.9077,362.8655,37.4805,178.6312,0.7803,-104.8741,0.0061,25.1693,0.3214
493,000493.png,False,1788899232.098690,1788899232.038690,normal_load,23,,2.0,0.01464,0.05717,-0.35282,0.0016,-0.001,-0.0004,0.00308,0.01185,-0.40889,-0.00017,-0.00019,-7e-05,-0.01343,0.05118,-0.35378,3,37.9076,362.8705,37.484,178.6305,0.7824,-104.8741,0.0007,25.1729,0.3178
494,000494.png,False,1788899232.290797,1788899232.230797,normal_load,23,,2.0,0.01168,0.06073,-0.72547,0.00166,-0.0011,-0.00034,0.00012,0.01538,-0.78159,-0.00011,-0.00029,-1e-05,-0.01519,0.04681,-0.72644,4,37.9058,362.8701,37.3439,178.63,0.7829,-104.8739,0.0028,25.0328,0.4579
495,000495.png,False,1788899232.486748,1788899232.426749,normal_load,23,,2.0,0.02019,0.08357,-0.72034,0.0011,-0.00085,-0.00035,0.00862,0.03819,-0.7765,-0.00068,-3e-05,-2e-05,-0.01927,0.07093,-0.72172,3,37.9032,362.8878,37.35,178.6286,0.7865,-104.8742,0.0034,25.0392,0.4515
496,000496.png,False,1788899232.878854,1788899232.818854,normal_load,23,,2.0,0.02496,0.10355,-1.08928,0.00067,-0.00095,-0.00035,0.01337,0.05809,-1.14553,-0.0011,-0.00013,-2e-05,-0.02256,0.0847,-1.09096,3,37.9038,362.8918,37.2347,178.6279,0.7881,-104.8744,0.0011,24.924,0.5667
497,000497.png,False,1788899233.074858,1788899233.014858,normal_load,23,,2.0,0.02683,0.12284,-1.31404,0.00044,-0.00097,-0.0005,0.01522,0.07735,-1.37032,-0.00133,-0.00015,-0.00017,-0.02902,0.09874,-1.31602,3,37.9013,362.9042,37.1844,178.6264,0.7913,-104.8744,0.004,24.8738,0.6169
498,000498.png,False,1788899233.266907,1788899233.206907,normal_load,23,,2.0,0.02703,0.11703,-1.40033,0.00061,-0.00103,-0.00027,0.01542,0.07151,-1.45666,-0.00117,-0.00021,6e-05,-0.02535,0.09243,-1.4022,3,37.9012,362.8998,37.1493,178.627,0.7899,-104.8742,0.002,24.8387,0.652
499,000499.png,False,1788899233.462754,1788899233.402755,normal_load,23,,2.0,0.02962,0.13168,-1.67479,0.00034,-0.0011,-0.00018,0.018,0.08613,-1.73116,-0.00144,-0.00028,0.00015,-0.02853,0.10202,-1.67688,3,37.9013,362.9065,37.1112,178.6261,0.7919,-104.8744,0.004,24.8007,0.69
500,000500.png,False,1788899233.658823,1788899233.598824,normal_load,23,,2.0,0.0276,0.13194,-1.77912,0.00035,-0.00108,-0.00028,0.01597,0.08636,-1.83553,-0.00143,-0.00026,5e-05,-0.02968,0.09956,-1.78119,3,37.9014,362.9058,37.0865,178.6263,0.7915,-104.8746,0.0093,24.776,0.7148
501,000501.png,False,1788899245.755353,1788899245.695354,shear_+X_out,1,+X,0.5,-0.01335,0.01714,-1.25974,0.00321,-0.00194,-0.00021,-0.02567,-0.03064,-1.31894,0.00136,-0.00108,0.00013,-0.01139,-0.01201,-1.25982,3,37.9206,362.7882,37.1896,178.634,0.7739,-104.88,0.0065,24.877,0.6137
502,000502.png,False,1788899245.951473,1788899245.891474,shear_+X_out,1,+X,0.5,0.34974,0.17858,-1.19699,-0.00096,0.00717,-0.00028,0.3374,0.13076,-1.25625,-0.00282,0.00803,6e-05,0.22202,0.31024,-1.20061,3,38.059,362.9751,37.2033,178.6285,0.7871,-104.8846,0.001,24.8928,0.5979
503,000503.png,False,1788899246.143375,1788899246.083375,shear_+X_out,1,+X,0.5,0.36484,-0.08336,-1.3173,0.00556,0.00743,-0.00025,0.35248,-0.13122,-1.37662,0.00371,0.00829,8e-05,0.36681,0.089,-1.31639,3,38.1461,362.8664,37.1735,178.6355,0.7725,-104.8837,0.0079,24.8607,0.63
504,000504.png,False,1788899246.339478,1788899246.279479,shear_+X_out,1,+X,0.5,0.34417,-0.09854,-1.24564,0.00617,0.0071,-0.00017,0.33179,-0.14644,-1.30501,0.00432,0.00796,0.00017,0.35599,0.06668,-1.24443,3,38.1493,362.8505,37.1918,178.636,0.7709,-104.8832,0.0074,24.8786,0.6121
505,000505.png,False,1788899246.535461,1788899246.475461,shear_+X_out,1,+X,0.5,0.60015,0.13026,-1.03989,0.00011,0.01336,-0.00014,0.58774,0.08232,-1.09933,-0.00174,0.01423,0.00019,0.46199,0.39603,-1.0432,3,38.2272,363.0409,37.2419,178.6297,0.7853,-104.8818,0.0023,24.9312,0.5595
506,000506.png,False,1788899246.731502,1788899246.671502,shear_+X_out,1,+X,0.5,0.59211,-0.15264,-1.19206,0.00723,0.01327,1e-05,0.57968,-0.20062,-1.25155,0.00538,0.01414,0.00035,0.59742,0.14457,-1.19041,3,38.3256,362.9142,37.2022,178.6378,0.7677,-104.8817,0.0034,24.8889,0.6018
507,000507.png,False,1788899246.923419,1788899246.863419,shear_+X_out,1,+X,0.5,0.58728,-0.12447,-1.17453,0.00663,0.01322,-9e-05,0.57482,-0.17249,-1.23408,0.00478,0.01409,0.00025,0.57904,0.16683,-1.17337,3,38.3249,362.9257,37.2055,178.6374,0.7692,-104.8819,0.0072,24.8924,0.5983
508,000508.png,False,1788899247.119508,1788899247.059508,shear_+X_back,1,+X,0.0,0.58833,-0.09761,-1.1707,0.00593,0.01326,0.0,0.57585,-0.14567,-1.2303,0.00408,0.01413,0.00034,0.5665,0.19068,-1.17,3,38.3239,362.937,37.2078,178.6366,0.7702,-104.8825,0.0016,24.8948,0.5959
509,000509.png,False,1788899247.315433,1788899247.255433,shear_+X_back,1,+X,0.0,0.59061,-0.07306,-1.1468,0.00537,0.01336,-0.0001,0.57811,-0.12117,-1.20646,0.00352,0.01423,0.00023,0.55605,0.21346,-1.14654,3,38.3216,362.9486,37.2091,178.6358,0.7715,-104.8826,0.0045,24.8963,0.5944
510,000510.png,False,1788899247.511528,1788899247.451528,shear_+X_back,1,+X,0.0,0.31734,0.02983,-1.05353,0.00272,0.00661,-0.00013,0.30482,-0.01832,-1.11325,0.00086,0.00748,0.0002,0.26729,0.16752,-1.05452,3,38.1564,362.9214,37.2286,178.6339,0.7743,-104.8786,0.0098,24.9165,0.5742
511,000511.png,False,1788899247.703545,1788899247.643545,shear_+X_back,1,+X,0.0,0.16506,0.02687,-1.06698,0.00289,0.0028,-0.0002,0.15252,-0.02132,-1.12675,0.00103,0.00368,0.00013,0.13695,0.08865,-1.06761,3,38.0675,362.8435,37.2276,178.6344,0.7728,-104.881,0.0004,24.9149,0.5758
512,000512.png,False,1788899247.899589,1788899247.839589,shear_+X_back,1,+X,0.0,0.09703,0.05695,-1.14798,0.0022,0.00113,-0.00026,0.08446,0.00872,-1.20781,0.00034,0.002,8e-05,0.06355,0.07941,-1.14898,3,38.0212,362.868,37.2127,178.6324,0.7767,-104.885,0.0088,24.9008,0.5899
513,000513.png,False,1788899248.095547,1788899248.035547,shear_+X_back,1,+X,0.0,0.06155,0.0658,-1.15736,0.00206,0.0001,-0.00034,0.04896,0.01753,-1.21725,0.0002,0.00097,-1e-05,0.02846,0.0692,-1.15845,3,37.9964,362.8451,37.2031,178.6322,0.7767,-104.8869,0.0054,24.8909,0.5998
514,000514.png,False,1788899249.071609,1788899249.011610,shear_-X_out,1,-X,0.5,-0.06437,0.06181,-1.23992,0.00216,-0.00317,-0.00046,-0.07708,0.01334,-1.3001,0.0003,-0.0023,-0.00013,-0.07805,0.00151,-1.24068,4,37.9128,362.8362,37.179,178.6325,0.7751,-104.8895,0.0012,24.8672,0.6235
515,000515.png,False,1788899249.267525,1788899249.207525,shear_-X_out,1,-X,0.5,-0.3328,-0.12719,-1.16333,0.00677,-0.00985,-0.00029,-0.34553,-0.1757,-1.22357,0.00491,-0.00897,4e-05,-0.21667,-0.29508,-1.16028,3,37.8145,362.6375,37.2011,178.6357,0.7666,-104.8901,0.0043,24.8869,0.6039
516,000516.png,False,1788899249.459628,1788899249.399628,shear_-X_out,1,-X,0.5,-0.41495,0.14885,-1.13095,-9e-05,-0.01185,-0.0005,-0.4277,0.10029,-1.19124,-0.00195,-0.01097,-0.00017,-0.42596,-0.09654,-1.13253,3,37.699,362.7264,37.2104,178.6299,0.7793,-104.89,0.0063,24.8984,0.5923
517,000517.png,False,1788899250.047651,1788899249.987651,shear_-X_out,1,-X,0.5,-0.39554,0.12043,-1.14295,0.00089,-0.01138,-0.00053,-0.40836,0.07176,-1.20342,-0.00097,-0.0105,-0.0002,-0.39487,-0.11164,-1.14407,3,37.6981,362.7196,37.2129,178.6306,0.7772,-104.89,0.0096,24.9008,0.5899
518,000518.png,False,1788899250.239686,1788899250.179687,shear_-X_out,1,-X,0.5,-0.74927,-0.02224,-1.35311,0.00439,-0.02029,-0.00065,-0.76211,-0.07096,-1.41364,0.00254,-0.01941,-0.00032,-0.62854,-0.41532,-1.35102,3,37.5517,362.5494,37.1632,178.6365,0.7634,-104.8899,0.0072,24.8494,0.6413
519,000519.png,False,1788899250.435679,1788899250.375679,shear_-X_out,1,-X,0.5,-0.65872,0.17662,-1.20965,-0.00073,-0.01826,-0.00082,-0.67158,0.12787,-1.27024,-0.00258,-0.01738,-0.0005,-0.65045,-0.19555,-1.21122,3,37.5317,362.6509,37.1892,178.6313,0.7746,-104.8895,0.0077,24.8772,0.6135
520,000520.png,False,1788899250.827681,1788899250.767681,shear_-X_back,1,-X,0.0,-0.64206,0.14624,-1.12165,0.00023,-0.01763,-0.00064,-0.65497,0.0974,-1.18235,-0.00163,-0.01675,-0.00031,-0.62145,-0.21213,-1.12273,3,37.5338,362.6408,37.2141,178.6304,0.7773,-104.8898,0.006,24.9019,0.5888
521,000521.png,False,1788899251.023722,1788899250.963722,shear_-X_back,1,-X,0.0,-0.64044,0.12487,-1.10778,0.00055,-0.01763,-0.00069,-0.65337,0.07599,-1.16854,-0.00131,-0.01675,-0.00036,-0.60946,-0.2296,-1.10849,3,37.5411,362.6368,37.2173,178.6301,0.7774,-104.8898,0.0079,24.905,0.5857
522,000522.png,False,1788899251.215632,1788899251.155632,shear_-X_back,1,-X,0.0,-0.17468,0.08312,-1.01479,0.00153,-0.00606,-0.00054,-0.18764,0.03421,-1.0756,-0.00033,-0.00517,-0.00021,-0.18581,-0.03155,-1.01573,3,37.7999,362.7831,37.2417,178.6227,0.795,-104.9073,0.0062,24.93,0.5608
523,000523.png,False,1788899251.411721,1788899251.351721,shear_-X_back,1,-X,0.0,-0.10502,0.01256,-0.99925,0.00331,-0.00432,-0.00058,-0.118,-0.0364,-1.06013,0.00145,-0.00343,-0.00025,-0.09032,-0.0576,-0.99911,3,37.8403,362.7359,37.2304,178.6257,0.7887,-104.9051,0.0084,24.9176,0.5732
524,000524.png,False,1788899251.607733,1788899251.547733,shear_-X_back,1,-X,0.0,-0.0998,0.01481,-1.01365,0.00321,-0.00399,-0.00062,-0.1128,-0.03419,-1.07458,0.00135,-0.0031,-0.0003,-0.08682,-0.05328,-1.01355,3,37.8547,362.7462,37.2299,178.6253,0.7901,-104.902,0.0001,24.9172,0.5735
525,000525.png,False,1788899251.803760,1788899251.743760,shear_-X_back,1,-X,0.0,-0.02884,0.05947,-1.25976,0.00204,-0.00253,-0.00029,-0.04187,0.01043,-1.32075,0.00018,-0.00164,4e-05,-0.04596,0.01691,-1.26055,3,37.8855,362.7895,37.1712,178.6271,0.7866,-104.8968,0.0071,24.859,0.6318
526,000526.png,False,1788899252.191765,1788899252.131765,shear_-X_back,1,-X,0.0,0.01701,0.03719,-1.32937,0.00288,-0.00122,-0.00027,0.00394,-0.01193,-1.39048,0.00102,-0.00033,5e-05,0.00537,0.01942,-1.32985,3,37.9176,362.7962,37.1624,178.634,0.7721,-104.8976,0.001,24.85,0.6407
527,000527.png,False,1788899252.583686,1788899252.523686,shear_-Y_out,1,-Y,0.5,0.00474,0.01566,-1.28156,0.00333,-0.00153,-0.00013,-0.00838,-0.03354,-1.34278,0.00147,-0.00064,0.00019,0.00517,-0.0046,-1.28165,3,37.9195,362.7819,37.1774,178.6324,0.7749,-104.8974,0.0013,24.8647,0.626
528,000528.png,False,1788899252.779695,1788899252.719695,shear_-Y_out,1,-Y,0.5,0.01594,0.05009,-1.24405,0.00253,-0.00118,-0.00015,0.0028,0.00084,-1.30533,0.00067,-0.00029,0.00018,-0.0026,0.03141,-1.24476,3,37.919,362.7842,37.1865,178.6316,0.7768,-104.8961,0.0087,24.8739,0.6168
529,000529.png,False,1788899252.971709,1788899252.911709,shear_-Y_out,1,-Y,0.5,0.02835,-0.33315,-1.08371,0.01189,-0.00075,6e-05,0.01518,-0.38243,-1.14505,0.01003,0.00015,0.00038,0.19852,-0.29173,-1.07783,3,38.0405,362.6252,37.2233,178.63,0.7815,-104.897,0.0006,24.9073,0.5834
530,000530.png,False,1788899253.559823,1788899253.499823,shear_-Y_out,1,-Y,0.5,0.03562,-0.2609,-1.10913,0.01034,-0.0006,-0.0001,0.02239,-0.31031,-1.17064,0.00847,0.0003,0.00022,0.1689,-0.22592,-1.10451,3,38.0373,362.6337,37.2172,178.6297,0.7816,-104.8981,0.0063,24.9014,0.5893
531,000531.png,False,1788899253.751875,1788899253.691875,shear_-Y_out,1,-Y,0.5,0.0004,-0.36486,-1.11104,0.01277,-0.00152,-0.00015,-0.01285,-0.4143,-1.1726,0.0109,-0.00062,0.00017,0.19034,-0.33359,-1.10454,4,38.0631,362.5084,37.2062,178.635,0.7695,-104.8978,0.0025,24.8882,0.6025
532,000532.png,False,1788899253.947858,1788899253.887858,shear_-Y_out,1,-Y,0.5,0.02034,-0.60495,-1.15237,0.01868,-0.0011,2e-05,0.00707,-0.65444,-1.21399,0.01681,-0.0002,0.00034,0.32786,-0.53222,-1.14174,3,38.1328,362.4604,37.2092,178.6296,0.7825,-104.8965,0.0084,24.89,0.6008
533,000533.png,False,1788899254.143811,1788899254.083812,shear_-Y_out,1,-Y,0.5,0.03081,-0.54821,-1.12032,0.01739,-0.00071,-2e-05,0.01751,-0.59774,-1.182,0.01553,0.00019,0.0003,0.30835,-0.47734,-1.1107,3,38.1328,362.4608,37.2116,178.6294,0.7824,-104.8965,0.0056,24.8924,0.5983
534,000534.png,False,1788899254.339771,1788899254.279771,shear_-Y_back,1,-Y,0.0,0.01911,-0.56438,-1.11233,0.01766,-0.00111,-0.00019,0.00579,-0.61395,-1.17407,0.01579,-0.0002,0.00013,0.30624,-0.49706,-1.10242,3,38.1355,362.4461,37.2084,178.6302,0.7806,-104.8963,0.0038,24.8889,0.6018
535,000535.png,False,1788899254.531832,1788899254.471833,shear_-Y_back,1,-Y,0.0,0.01108,-0.58617,-1.1128,0.01808,-0.00145,-0.00011,-0.00227,-0.63578,-1.1746,0.01621,-0.00055,0.00021,0.31017,-0.51995,-1.10249,3,38.1379,362.4312,37.2058,178.6306,0.7792,-104.8961,0.0071,24.8861,0.6046
536,000536.png,False,1788899254.727918,1788899254.667918,shear_-Y_back,1,-Y,0.0,0.02361,-0.39451,-1.18302,0.01371,-0.00111,-0.00026,0.01024,-0.44416,-1.24487,0.01185,-0.00021,6e-05,0.22576,-0.34883,-1.17604,3,38.0853,362.5518,37.1924,178.6311,0.7783,-104.898,0.002,24.8749,0.6158
537,000537.png,False,1788899254.923803,1788899254.863803,shear_-Y_back,1,-Y,0.0,0.04505,-0.12481,-1.21839,0.00686,-0.0006,-0.00027,0.03166,-0.17451,-1.28031,0.00499,0.00031,5e-05,0.10983,-0.1051,-1.21613,3,38.0322,362.6365,37.1783,178.632,0.7757,-104.9022,0.0038,24.8625,0.6282
538,000538.png,False,1788899255.119893,1788899255.059893,shear_-Y_back,1,-Y,0.0,0.02201,-0.11981,-1.23306,0.00683,-0.00112,-0.00028,0.00859,-0.16954,-1.29503,0.00497,-0.00021,3e-05,0.08747,-0.11252,-1.23084,3,38.0113,362.6727,37.1811,178.6319,0.7758,-104.9039,0.0037,24.8661,0.6246
539,000539.png,False,1788899255.315890,1788899255.255890,shear_-Y_back,1,-Y,0.0,0.02531,0.0349,-1.20134,0.00317,-0.00103,-0.00028,0.01188,-0.01487,-1.26337,0.00131,-0.00012,4e-05,0.01282,0.02363,-1.20181,3,37.9632,362.7563,37.1902,178.6321,0.775,-104.9067,0.0067,24.8769,0.6138
540,000540.png,False,1788899256.287877,1788899256.227877,shear_+Y_out,1,+Y,0.5,-0.00278,0.11387,-1.00304,0.00089,-0.00173,-0.00036,-0.01633,0.06389,-1.06535,-0.00097,-0.00082,-5e-05,-0.05234,0.08116,-1.00485,3,37.9142,362.8081,37.2298,178.6297,0.7793,-104.9041,0.0068,24.9176,0.5731
541,000541.png,False,1788899256.483886,1788899256.423886,shear_+Y_out,1,+Y,0.5,0.06206,0.53371,-1.05371,-0.0095,-8e-05,-0.00101,0.04849,0.4837,-1.11608,-0.01137,0.00084,-0.0007,-0.20559,0.47637,-1.06293,3,37.8149,363.057,37.2156,178.627,0.7856,-104.9074,0.0027,24.9081,0.5826
542,000542.png,False,1788899256.680015,1788899256.620015,shear_+Y_out,1,+Y,0.5,-0.01816,0.3986,-1.12802,-0.00603,-0.00206,-0.00087,-0.03175,0.34854,-1.19045,-0.0079,-0.00114,-0.00056,-0.20706,0.31807,-1.13472,3,37.8135,362.9774,37.201,178.6319,0.7744,-104.9061,0.0022,24.8923,0.5984
543,000543.png,False,1788899256.875901,1788899256.815901,shear_+Y_out,1,+Y,0.5,-0.01657,0.39418,-1.10733,-0.00597,-0.00208,-0.00066,-0.03019,0.34408,-1.16982,-0.00784,-0.00116,-0.00035,-0.20362,0.31537,-1.11396,3,37.8137,362.9757,37.2095,178.632,0.7742,-104.9061,0.0083,24.9007,0.59
544,000544.png,False,1788899257.072031,1788899257.012032,shear_+Y_out,1,+Y,0.5,0.01364,0.50503,-1.02049,-0.00879,-0.00132,-0.00071,-0.0,0.45489,-1.08303,-0.01066,-0.0004,-0.0004,-0.23344,0.42786,-1.02912,4,37.7757,363.1151,37.2436,178.6278,0.7832,-104.9059,0.002,24.9373,0.5534
545,000545.png,False,1788899257.264013,1788899257.204013,shear_+Y_out,1,+Y,0.5,-0.04593,0.60665,-1.11264,-0.01143,-0.00287,-0.00048,-0.05959,0.55647,-1.17525,-0.0133,-0.00195,-0.00017,-0.33516,0.48463,-1.1229,3,37.7197,363.1034,37.2165,178.6336,0.7701,-104.906,0.0075,24.9104,0.5803
546,000546.png,False,1788899257.460016,1788899257.400017,shear_+Y_out,1,+Y,0.5,-0.04337,0.59668,-1.11739,-0.01102,-0.00262,-0.00049,-0.05706,0.54646,-1.18005,-0.01289,-0.0017,-0.00018,-0.32793,0.4772,-1.12748,3,37.7186,363.1099,37.2185,178.6332,0.771,-104.9056,0.008,24.9125,0.5782
547,000547.png,False,1788899257.656049,1788899257.596049,shear_+Y_out,1,+Y,0.5,-0.03186,0.62261,-1.07896,-0.01168,-0.00242,-0.00076,-0.04557,0.57235,-1.14168,-0.01355,-0.0015,-0.00045,-0.33119,0.50603,-1.08953,3,37.7146,363.1251,37.2205,178.6326,0.7723,-104.9054,0.0022,24.9148,0.5759
548,000548.png,False,1788899257.851947,1788899257.791947,shear_+Y_back,1,+Y,0.0,-0.02169,0.6434,-1.09316,-0.01212,-0.00211,-0.00056,-0.03542,0.5931,-1.15594,-0.01399,-0.00119,-0.00025,-0.33266,0.52888,-1.10411,3,37.7132,363.1417,37.2245,178.6319,0.7744,-104.9058,0.0045,24.919,0.5717
549,000549.png,False,1788899258.044070,1788899257.984070,shear_+Y_back,1,+Y,0.0,0.03862,0.45687,-0.94832,-0.00752,-0.00046,-0.00027,0.02487,0.40653,-1.01116,-0.00939,0.00046,4e-05,-0.18823,0.39979,-0.95617,3,37.7961,363.0636,37.2568,178.6297,0.7795,-104.9096,0.0006,24.9495,0.5412
550,000550.png,False,1788899258.240020,1788899258.180020,shear_+Y_back,1,+Y,0.0,0.02093,0.21391,-0.91558,-0.00164,-0.00103,-0.00034,0.00715,0.16353,-0.97847,-0.00351,-0.00011,-4e-05,-0.0824,0.18105,-0.91919,3,37.8543,362.9673,37.2598,178.6279,0.7835,-104.9148,0.0085,24.9505,0.5402
551,000551.png,False,1788899258.436073,1788899258.376073,shear_+Y_back,1,+Y,0.0,0.02351,0.23357,-0.95251,-0.00215,-0.00097,-0.0004,0.00971,0.18315,-1.01546,-0.00402,-5e-05,-0.0001,-0.08973,0.19878,-0.95646,3,37.8602,362.941,37.254,178.6268,0.7854,-104.9142,0.0053,24.9443,0.5464
552,000552.png,False,1788899258.632087,1788899258.572088,shear_+Y_back,1,+Y,0.0,-0.02734,0.10897,-0.99055,0.00101,-0.00218,-0.0005,-0.04116,0.05851,-1.05356,-0.00086,-0.00125,-0.00019,-0.07126,0.06485,-0.99223,3,37.8785,362.8408,37.2356,178.6294,0.78,-104.9091,0.0093,24.9242,0.5665
553,000553.png,False,1788899258.824095,1788899258.764096,shear_+Y_back,1,+Y,0.0,-0.04278,0.06909,-1.00976,0.00209,-0.00263,-0.00048,-0.05663,0.01858,-1.07283,0.00022,-0.00171,-0.00017,-0.06457,0.02228,-1.01072,3,37.8749,362.8535,37.2362,178.6263,0.7868,-104.9068,0.0039,24.925,0.5657
554,000554.png,False,1788899259.412107,1788899259.352107,shear_+Y_back,1,+Y,0.0,-0.0125,0.06908,-1.0574,0.00196,-0.00194,-0.0004,-0.02642,0.01845,-1.12064,9e-05,-0.00101,-9e-05,-0.03801,0.03664,-1.05842,3,37.8985,362.8302,37.2241,178.6262,0.7873,-104.9055,0.0005,24.9124,0.5783
555,000555.png,False,1788899260.192148,1788899260.132148,shear_+Y_back,1,+Y,0.0,-0.00618,0.07144,-0.9385,0.00205,-0.00175,-0.00058,-0.02019,0.02065,-1.00197,0.00018,-0.00081,-0.00028,-0.03454,0.04375,-0.93959,3,37.9045,362.8219,37.2418,178.6248,0.791,-104.9018,0.0033,24.9299,0.5608
556,000556.png,False,1788899263.116342,1788899263.056342,shear_+X_out,2,+X,0.5,0.01733,0.05938,-1.17601,0.00244,-0.00113,-0.00034,0.00298,0.00798,-1.24035,0.00056,-0.00018,-4e-05,-0.0065,0.04125,-1.17689,3,37.926,362.821,37.1938,178.626,0.7874,-104.9068,0.0082,24.8817,0.609
557,000557.png,False,1788899263.312215,1788899263.252215,shear_+X_out,2,+X,0.5,0.41703,0.18377,-1.1754,-0.00063,0.00881,-0.00032,0.40266,0.13233,-1.2398,-0.0025,0.00976,-3e-05,0.27757,0.34871,-1.17925,3,38.0905,362.9907,37.1932,178.6243,0.7932,-104.9053,0.0025,24.8827,0.608
558,000558.png,False,1788899263.508317,1788899263.448317,shear_+X_out,2,+X,0.5,0.36104,-0.06369,-1.28819,0.00548,0.00742,-0.00017,0.34664,-0.11518,-1.35264,0.0036,0.00837,0.00013,0.35349,0.1046,-1.28761,3,38.1388,362.8707,37.1677,178.63,0.7806,-104.9061,0.0068,24.8549,0.6358
559,000559.png,False,1788899263.704345,1788899263.644346,shear_+X_out,2,+X,0.5,0.35124,-0.06102,-1.21606,0.0054,0.0071,-0.00016,0.33682,-0.11254,-1.28057,0.00353,0.00805,0.00013,0.34316,0.10318,-1.21552,3,38.1393,362.8644,37.1819,178.6308,0.7788,-104.9057,0.0026,24.8691,0.6216
560,000560.png,False,1788899263.900365,1788899263.840365,shear_+X_out,2,+X,0.5,0.47631,0.1321,-1.03973,0.0007,0.01033,-0.00026,0.46187,0.08053,-1.1043,-0.00118,0.01128,4e-05,0.3538,0.33575,-1.04282,3,38.1864,363.0625,37.2408,178.6225,0.7975,-104.909,0.0073,24.9308,0.5599
561,000561.png,False,1788899264.092324,1788899264.032324,shear_+X_out,2,+X,0.5,0.60804,-0.09638,-1.14588,0.00617,0.01372,-0.0001,0.59358,-0.14799,-1.21051,0.00429,0.01467,0.0002,0.58279,0.20199,-1.14525,3,38.3228,362.9514,37.2047,178.6309,0.7799,-104.9067,0.0035,24.892,0.5987
562,000562.png,False,1788899264.288429,1788899264.228430,shear_+X_out,2,+X,0.5,0.59503,-0.09459,-1.13447,0.00612,0.01335,-0.0002,0.58054,-0.14624,-1.19915,0.00425,0.0143,9e-05,0.57055,0.19722,-1.13384,3,38.3231,362.9494,37.2022,178.6312,0.7793,-104.9067,0.0019,24.8895,0.6012
563,000563.png,False,1788899264.484272,1788899264.424272,shear_+X_back,2,+X,0.0,0.5947,-0.07335,-1.10717,0.00569,0.01336,-0.00042,0.58019,-0.12504,-1.17191,0.00381,0.01431,-0.00013,0.55946,0.21589,-1.10691,3,38.322,362.9538,37.2043,178.6307,0.7798,-104.9067,0.0075,24.8916,0.5991
564,000564.png,False,1788899264.680370,1788899264.620370,shear_+X_back,2,+X,0.0,0.59595,-0.05432,-1.10334,0.0051,0.01331,-0.00036,0.58142,-0.10605,-1.16814,0.00322,0.01427,-7e-05,0.55101,0.23305,-1.10342,3,38.3206,362.9625,37.2056,178.6305,0.7802,-104.9067,0.0066,24.893,0.5977
565,000565.png,False,1788899264.872293,1788899264.812294,shear_+X_back,2,+X,0.0,0.29097,0.07279,-1.04195,0.00204,0.00586,-0.00018,0.27642,0.02102,-1.10681,0.00016,0.00682,0.00011,0.2229,0.19174,-1.04363,3,38.1309,362.9336,37.2243,178.6293,0.7811,-104.8983,0.0097,24.9126,0.5781
566,000566.png,False,1788899265.068434,1788899265.008435,shear_+X_back,2,+X,0.0,0.1417,0.08299,-1.06923,0.00189,0.00218,-0.00031,0.12712,0.03119,-1.13415,1e-05,0.00313,-2e-05,0.08869,0.12555,-1.07079,3,38.0388,362.8485,37.2142,178.6306,0.7784,-104.8969,0.0016,24.9018,0.5889
567,000567.png,False,1788899265.460433,1788899265.400434,shear_+X_back,2,+X,0.0,0.04894,0.10719,-1.17099,0.0013,-0.00031,-0.00044,0.03432,0.0553,-1.23602,-0.00058,0.00065,-0.00015,-0.00304,0.09853,-1.17277,3,37.9774,362.8538,37.1902,178.6288,0.7815,-104.9048,0.0095,24.8783,0.6124
568,000568.png,False,1788899265.652416,1788899265.592416,shear_+X_back,2,+X,0.0,-0.08175,0.05059,-1.19103,0.0028,-0.00356,-0.00058,-0.0964,-0.00134,-1.25611,0.00092,-0.0026,-0.00029,-0.08784,-0.01611,-1.19156,3,37.9298,362.8126,37.186,178.6297,0.7784,-104.9063,0.0012,24.8738,0.6169
569,000569.png,False,1788899265.848421,1788899265.788421,shear_+X_back,2,+X,0.0,-0.04503,0.11252,-1.21701,0.00125,-0.0027,-0.00054,-0.0597,0.06055,-1.28215,-0.00063,-0.00174,-0.00025,-0.08679,0.05545,-1.21868,3,37.9264,362.8394,37.1816,178.6292,0.7796,-104.9061,0.0045,24.8698,0.6209
570,000570.png,False,1788899266.240358,1788899266.180358,shear_+X_back,2,+X,0.0,-0.04142,0.09256,-1.22311,0.00165,-0.00275,-0.00051,-0.05614,0.0405,-1.28838,-0.00023,-0.00179,-0.00022,-0.07364,0.03987,-1.22445,3,37.9279,362.8317,37.1772,178.6297,0.7784,-104.9067,0.0062,24.8653,0.6254
571,000571.png,False,1788899266.436450,1788899266.376451,shear_-X_out,2,-X,0.5,-0.07245,0.02219,-1.25238,0.00349,-0.00355,-0.00052,-0.08719,-0.0299,-1.3177,0.00161,-0.00258,-0.00023,-0.06516,-0.03704,-1.25243,3,37.9343,362.7847,37.1665,178.632,0.7737,-104.9095,0.0084,24.8538,0.6369
572,000572.png,False,1788899266.628503,1788899266.568503,shear_-X_out,2,-X,0.5,-0.4371,-0.03112,-1.14472,0.00483,-0.01261,-0.00044,-0.45187,-0.08325,-1.2101,0.00295,-0.01165,-0.00015,-0.35514,-0.2637,-1.14313,3,37.74,362.6453,37.1982,178.6299,0.7764,-104.9069,0.0007,24.8846,0.6061
573,000573.png,False,1788899266.824477,1788899266.764477,shear_-X_out,2,-X,0.5,-0.41585,0.14886,-1.14615,0.00047,-0.01197,-0.00049,-0.43064,0.09669,-1.21158,-0.00141,-0.01101,-0.0002,-0.42665,-0.09722,-1.14772,3,37.6983,362.7247,37.2024,178.6266,0.7834,-104.9079,0.0059,24.8904,0.6003
574,000574.png,False,1788899267.216481,1788899267.156482,shear_-X_out,2,-X,0.5,-0.40426,0.12802,-1.12097,0.00083,-0.01184,-0.0006,-0.41909,0.07576,-1.18652,-0.00105,-0.01087,-0.00031,-0.40636,-0.10908,-1.12221,3,37.6991,362.7193,37.2041,178.6273,0.7818,-104.9078,0.0032,24.892,0.5987
575,000575.png,False,1788899267.408505,1788899267.348505,shear_-X_out,2,-X,0.5,-0.58085,-0.10093,-1.28062,0.00667,-0.01626,-0.00062,-0.59571,-0.15322,-1.34623,0.00479,-0.01529,-0.00034,-0.44384,-0.39816,-1.27751,3,37.6555,362.5433,37.1602,178.636,0.7623,-104.909,0.0077,24.8456,0.6451
576,000576.png,False,1788899267.604425,1788899267.544425,shear_-X_out,2,-X,0.5,-0.67011,0.18185,-1.24542,-0.00034,-0.01858,-0.00071,-0.68498,0.12952,-1.31108,-0.00222,-0.01761,-0.00043,-0.66268,-0.19728,-1.24704,3,37.542,362.647,37.1806,178.6291,0.7771,-104.9076,0.0066,24.8684,0.6223
577,000577.png,False,1788899267.800582,1788899267.740582,shear_-X_out,2,-X,0.5,-0.65835,0.1656,-1.23789,0.00012,-0.01816,-0.00047,-0.67325,0.11323,-1.30361,-0.00176,-0.01719,-0.00018,-0.64443,-0.20536,-1.23926,3,37.5424,362.6442,37.1864,178.6287,0.7779,-104.9078,0.0014,24.8741,0.6166
578,000578.png,False,1788899268.192452,1788899268.132452,shear_-X_back,2,-X,0.0,-0.63866,0.13361,-1.11048,0.00068,-0.0177,-0.00071,-0.6536,0.08115,-1.17632,-0.0012,-0.01672,-0.00043,-0.61227,-0.22119,-1.11135,3,37.5441,362.6339,37.2073,178.6266,0.7824,-104.9089,0.0027,24.8949,0.5958
579,000579.png,False,1788899268.384563,1788899268.324564,shear_-X_back,2,-X,0.0,-0.34967,0.05211,-1.08518,0.00291,-0.01031,-0.00051,-0.36464,-0.00039,-1.15108,0.00103,-0.00934,-0.00023,-0.3214,-0.14698,-1.08522,3,37.7055,362.6766,37.212,178.625,0.7868,-104.9192,0.0082,24.8992,0.5915
580,000580.png,False,1788899268.580472,1788899268.520472,shear_-X_back,2,-X,0.0,-0.17884,0.08593,-1.00338,0.0017,-0.00614,-0.00047,-0.19383,0.03339,-1.06933,-0.00018,-0.00516,-0.00019,-0.19089,-0.03102,-1.00436,3,37.8001,362.8118,37.2473,178.6171,0.805,-104.9189,0.0012,24.936,0.5548
581,000581.png,False,1788899268.776563,1788899268.716563,shear_-X_back,2,-X,0.0,-0.12498,0.0339,-1.01596,0.00295,-0.00496,-0.00035,-0.13999,-0.01868,-1.08198,0.00107,-0.00399,-7e-05,-0.11815,-0.04936,-1.01615,3,37.834,362.7431,37.2315,178.6212,0.7963,-104.9175,0.0103,24.9188,0.5719
582,000582.png,False,1788899268.972616,1788899268.912616,shear_-X_back,2,-X,0.0,-0.08851,0.04173,-1.08265,0.00291,-0.00387,-0.00023,-0.10355,-0.0109,-1.14872,0.00103,-0.00289,6e-05,-0.09001,-0.02543,-1.08303,3,37.8585,362.7617,37.2167,178.621,0.7965,-104.9151,0.0023,24.9041,0.5866
583,000583.png,False,1788899269.164600,1788899269.104600,shear_-X_back,2,-X,0.0,0.02636,0.03752,-1.35863,0.00306,-0.00114,-0.0002,0.01131,-0.01514,-1.42475,0.00118,-0.00016,8e-05,0.01351,0.02391,-1.35912,3,37.9369,362.7972,37.1432,178.6256,0.7873,-104.9166,0.0072,24.8307,0.66
584,000584.png,False,1788899269.752640,1788899269.692640,shear_-X_back,2,-X,0.0,0.02779,0.01102,-1.28542,0.00372,-0.00105,-0.00028,0.01266,-0.04176,-1.35172,0.00183,-7e-05,0.0,0.02748,0.00284,-1.28547,3,37.9396,362.7826,37.1622,178.6287,0.7804,-104.9185,0.0065,24.8495,0.6412
585,000585.png,False,1788899269.944643,1788899269.884643,shear_-Y_out,2,-Y,0.5,0.03729,0.05315,-1.30402,0.0025,-0.00093,-9e-05,0.02213,0.00033,-1.37038,0.00062,5e-05,0.00019,0.01478,0.04378,-1.30482,3,37.9057,362.8582,37.1694,178.6263,0.785,-104.9166,0.0024,24.8581,0.6326
586,000586.png,False,1788899270.140558,1788899270.080558,shear_-Y_out,2,-Y,0.5,-0.0451,-0.23698,-0.93285,0.00957,-0.00266,4e-05,-0.06028,-0.28984,-0.99927,0.00769,-0.00168,0.00032,0.0858,-0.24272,-0.92851,3,37.9814,362.6374,37.2446,178.6277,0.7829,-104.9165,0.0081,24.9292,0.5615
587,000587.png,False,1788899270.920589,1788899270.860590,shear_-Y_out,2,-Y,0.5,-0.00406,-0.22438,-1.08218,0.00938,-0.00175,-0.00015,-0.01932,-0.2774,-1.14882,0.0075,-0.00076,0.00012,0.11609,-0.21369,-1.07811,3,38.0084,362.6452,37.2122,178.6265,0.7863,-104.9151,0.0067,24.8968,0.5939
588,000588.png,False,1788899271.116682,1788899271.056682,shear_-Y_out,2,-Y,0.5,-0.01024,-0.72957,-1.20252,0.02193,-0.00191,0.00019,-0.02553,-0.78264,-1.26923,0.02005,-0.00092,0.00047,0.36397,-0.65624,-1.18967,3,38.1631,362.3731,37.1894,178.6307,0.7774,-104.9178,0.0049,24.8685,0.6222
589,000589.png,False,1788899271.508730,1788899271.448730,shear_-Y_out,2,-Y,0.5,0.02881,-0.58425,-1.11783,0.01849,-0.00082,-9e-05,0.01347,-0.6374,-1.18465,0.0166,0.00017,0.00018,0.32461,-0.50951,-1.10759,3,38.1538,362.4335,37.2015,178.6275,0.7843,-104.9187,0.0043,24.8817,0.609
590,000590.png,False,1788899271.700710,1788899271.640710,shear_-Y_back,2,-Y,0.0,0.01955,-0.60197,-1.1261,0.01888,-0.00116,-0.00014,0.0042,-0.65516,-1.19297,0.01699,-0.00017,0.00013,0.3255,-0.52962,-1.11553,3,38.1531,362.4244,37.2005,178.6278,0.7837,-104.9181,0.0049,24.8805,0.6102
591,000591.png,False,1788899271.896637,1788899271.836637,shear_-Y_back,2,-Y,0.0,0.00645,-0.60979,-1.12969,0.01886,-0.00144,-1e-05,-0.00893,-0.66302,-1.19663,0.01698,-0.00045,0.00027,0.31809,-0.54299,-1.11896,3,38.1523,362.4158,37.2011,178.6279,0.7831,-104.9174,0.0097,24.881,0.6097
592,000592.png,False,1788899272.092794,1788899272.032794,shear_-Y_back,2,-Y,0.0,-0.10607,-0.30079,-1.17057,0.01166,-0.00427,-0.00014,-0.12147,-0.35407,-1.23756,0.00977,-0.00327,0.00013,0.06652,-0.33226,-1.16496,3,38.0062,362.5382,37.1944,178.6273,0.7848,-104.9057,0.0051,24.8773,0.6134
593,000593.png,False,1788899272.288750,1788899272.228750,shear_-Y_back,2,-Y,0.0,-0.08576,-0.09436,-1.20881,0.00646,-0.00386,-1e-05,-0.10119,-0.14767,-1.27586,0.00458,-0.00287,0.00027,-0.01876,-0.14394,-1.20682,3,37.9285,362.7327,37.1899,178.625,0.7897,-104.8998,0.0004,24.8764,0.6143
594,000594.png,False,1788899272.676799,1788899272.616799,shear_-Y_back,2,-Y,0.0,-0.04677,0.01737,-1.21207,0.00364,-0.00283,-0.00042,-0.06224,-0.03603,-1.27924,0.00175,-0.00183,-0.00015,-0.04079,-0.02774,-1.21209,3,37.933,362.7292,37.1813,178.6282,0.7823,-104.9009,0.0061,24.8678,0.6229
595,000595.png,False,1788899273.456813,1788899273.396813,shear_-Y_back,2,-Y,0.0,0.00725,0.14264,-1.24411,0.00037,-0.00159,-0.00032,-0.00831,0.08909,-1.31151,-0.00152,-0.0006,-5e-05,-0.05636,0.10723,-1.24641,3,37.9177,362.8135,37.1741,178.629,0.7796,-104.91,0.0101,24.862,0.6287
596,000596.png,False,1788899273.652725,1788899273.592725,shear_+Y_out,2,+Y,0.5,0.02924,0.1045,-1.15916,0.00148,-0.00077,-0.00029,0.01366,0.05091,-1.22661,-0.00041,0.00023,-2e-05,-0.01885,0.08655,-1.16085,3,37.9343,362.8124,37.1969,178.6275,0.7833,-104.9137,0.004,24.8847,0.606
597,000597.png,False,1788899273.848891,1788899273.788891,shear_+Y_out,2,+Y,0.5,0.03573,0.59145,-1.17228,-0.01079,-0.00083,-0.00054,0.02012,0.53782,-1.2398,-0.01267,0.00017,-0.00027,-0.25643,0.51132,-1.18243,3,37.8025,363.0573,37.1945,178.6247,0.7887,-104.912,0.0017,24.887,0.6037
598,000598.png,False,1788899274.044836,1788899273.984836,shear_+Y_out,2,+Y,0.5,-0.04027,0.42429,-1.28947,-0.00646,-0.00273,-0.00043,-0.0559,0.37061,-1.35704,-0.00835,-0.00173,-0.00016,-0.23792,0.32669,-1.29655,3,37.8046,362.9706,37.1732,178.6302,0.7768,-104.9111,0.0079,24.8644,0.6263
599,000599.png,False,1788899274.236871,1788899274.176871,shear_+Y_out,2,+Y,0.5,-0.01851,0.47326,-1.25494,-0.0078,-0.00218,-0.00026,-0.03417,0.41954,-1.32257,-0.00969,-0.00118,1e-05,-0.24379,0.38052,-1.26292,3,37.8012,362.9972,37.1799,178.6292,0.7795,-104.9113,0.0025,24.8715,0.6192
600,000600.png,False,1788899274.432942,1788899274.372942,shear_+Y_back,2,+Y,0.0,0.01348,0.54805,-1.20105,-0.00962,-0.00141,-0.00036,-0.00219,0.49429,-1.26874,-0.01151,-0.00041,-9e-05,-0.25381,0.46214,-1.2104,3,37.7945,363.0407,37.192,178.6266,0.7845,-104.912,0.0029,24.8843,0.6064
601,000601.png,False,1788899274.628887,1788899274.568887,shear_+Y_back,2,+Y,0.0,0.01785,0.54953,-1.19552,-0.00956,-0.00125,-0.00042,0.00215,0.49573,-1.26327,-0.01145,-0.00025,-0.00015,-0.25081,0.4657,-1.20491,3,37.7937,363.0476,37.1942,178.6265,0.7852,-104.912,0.0076,24.8867,0.604
602,000602.png,False,1788899274.824924,1788899274.764924,shear_+Y_back,2,+Y,0.0,0.10853,0.23979,-0.86861,-0.00219,0.00113,-0.00028,0.0928,0.18595,-0.93641,-0.00408,0.00214,-1e-05,-0.01978,0.24799,-0.87285,3,37.9432,362.9263,37.2785,178.6204,0.798,-104.9293,0.0013,24.968,0.5227
603,000603.png,False,1788899275.020788,1788899274.960788,shear_+Y_back,2,+Y,0.0,0.12736,0.1953,-0.94183,-0.0013,0.00148,-0.00014,0.11161,0.14141,-1.00969,-0.00319,0.00249,0.00013,0.01928,0.21769,-0.94533,3,37.941,362.9348,37.2547,178.6194,0.8001,-104.9306,0.0073,24.9444,0.5463
604,000604.png,False,1788899275.212837,1788899275.152837,shear_+Y_back,2,+Y,0.0,0.109,0.18734,-0.98838,-0.00087,0.00094,-0.00011,0.09323,0.13342,-1.0563,-0.00276,0.00195,0.00015,0.00767,0.20088,-0.9917,3,37.9452,362.907,37.2398,178.6192,0.8005,-104.931,0.0034,24.929,0.5617
605,000605.png,False,1788899275.408910,1788899275.348910,shear_+Y_back,2,+Y,0.0,-0.00814,0.10436,-1.19089,0.00139,-0.00191,-0.00014,-0.02394,0.0504,-1.25887,-0.0005,-0.0009,0.00012,-0.05094,0.06724,-1.19251,3,37.9022,362.8363,37.1962,178.6187,0.8012,-104.923,0.002,24.8845,0.6062
606,000606.png,False,1788899275.800910,1788899275.740911,shear_+Y_back,2,+Y,0.0,-0.00603,0.12632,-1.19638,0.00086,-0.00189,-0.00021,-0.02187,0.07228,-1.26447,-0.00103,-0.00088,6e-05,-0.06004,0.08723,-1.19838,3,37.9075,362.8329,37.1883,178.619,0.8008,-104.9173,0.007,24.8766,0.6141
607,000607.png,False,1788899276.188959,1788899276.128959,shear_+Y_back,2,+Y,0.0,0.0172,0.11692,-1.20945,0.00087,-0.00136,-0.00015,0.00132,0.06279,-1.27765,-0.00102,-0.00035,0.00011,-0.03513,0.09048,-1.21132,3,37.9198,362.8271,37.1842,178.62,0.7997,-104.9112,0.0028,24.8723,0.6184
608,000608.png,False,1788899276.384928,1788899276.324928,shear_+Y_back,2,+Y,0.0,0.00469,0.08318,-1.23537,0.00196,-0.00169,-6e-05,-0.01121,0.02901,-1.30363,7e-05,-0.00068,0.00021,-0.02893,0.0546,-1.23663,3,37.9233,362.8182,37.1834,178.6203,0.7989,-104.9117,0.0089,24.8713,0.6194
609,000609.png,False,1788899276.580986,1788899276.520987,shear_+X_out,3,+X,0.5,0.04066,-0.01754,-1.36917,0.00469,-0.00066,-1e-05,0.02473,-0.07175,-1.43749,0.0028,0.00035,0.00025,0.05348,-0.01681,-1.36874,3,37.9694,362.7756,37.1521,178.6244,0.7907,-104.9175,0.0057,24.839,0.6517
610,000610.png,False,1788899276.772976,1788899276.712976,shear_+X_out,3,+X,0.5,0.44872,0.13386,-1.16589,0.00064,0.00956,-0.0,0.43277,0.07961,-1.23427,-0.00126,0.01058,0.00026,0.32989,0.32147,-1.16893,3,38.1351,362.9635,37.1957,178.6184,0.8048,-104.9189,0.0033,24.8844,0.6063
611,000611.png,False,1788899277.164894,1788899277.104894,shear_+X_out,3,+X,0.5,0.41116,-0.10178,-1.22123,0.00652,0.00867,-0.00013,0.39517,-0.15611,-1.28972,0.00463,0.00969,0.00013,0.41548,0.09773,-1.2201,3,38.2003,362.8495,37.1784,178.6251,0.79,-104.9199,0.0063,24.8649,0.6259
612,000612.png,False,1788899277.360908,1788899277.300908,shear_+X_out,3,+X,0.5,0.46982,-0.00773,-1.18247,0.00424,0.01011,-4e-05,0.4538,-0.06211,-1.25102,0.00235,0.01113,0.00022,0.41903,0.20911,-1.18309,3,38.2266,362.9723,37.1956,178.6224,0.7963,-104.921,0.0018,24.8838,0.6069
613,000613.png,False,1788899277.557019,1788899277.497019,shear_+X_out,3,+X,0.5,0.657,-0.17639,-1.32451,0.00839,0.01486,0.00013,0.64096,-0.2308,-1.39312,0.0065,0.01588,0.0004,0.66641,0.1543,-1.32256,3,38.362,362.8979,37.1607,178.6294,0.7817,-104.9196,0.0069,24.8469,0.6438
614,000614.png,False,1788899277.945049,1788899277.885049,shear_+X_back,3,+X,0.0,0.64928,-0.1331,-1.22933,0.00719,0.01462,-0.00029,0.63319,-0.1876,-1.29805,0.00529,0.01564,-3e-05,0.63744,0.18945,-1.22813,3,38.3589,362.9164,37.1704,178.628,0.7846,-104.9194,0.0012,24.8569,0.6338
615,000615.png,False,1788899278.141040,1788899278.081040,shear_+X_back,3,+X,0.0,0.6477,-0.10407,-1.19582,0.00656,0.01463,-0.00023,0.63159,-0.1586,-1.2646,0.00467,0.01566,3e-05,0.62133,0.21435,-1.19513,3,38.3571,362.9289,37.1805,178.6271,0.7866,-104.9194,0.0117,24.8672,0.6235
616,000616.png,False,1788899278.337044,1788899278.277045,shear_+X_back,3,+X,0.0,0.37496,0.02579,-0.92796,0.00313,0.00791,-0.00019,0.35882,-0.02878,-0.9968,0.00123,0.00894,7e-05,0.31834,0.19483,-0.92902,3,38.1956,362.9067,37.2391,178.6223,0.7961,-104.9118,0.0025,24.9265,0.5642
617,000617.png,False,1788899278.529058,1788899278.469059,shear_+X_back,3,+X,0.0,0.21841,0.00663,-1.00711,0.00377,0.00387,-3e-05,0.20225,-0.04799,-1.07601,0.00187,0.00489,0.00023,0.19286,0.09874,-1.00751,3,38.1033,362.8454,37.2307,178.6212,0.7981,-104.9134,0.0071,24.9179,0.5729
618,000618.png,False,1788899278.725079,1788899278.665079,shear_+X_back,3,+X,0.0,0.15907,0.05034,-1.10618,0.00267,0.00243,-9e-05,0.14289,-0.00432,-1.17513,0.00078,0.00345,0.00017,0.1203,0.10536,-1.1072,3,38.0649,362.8599,37.2095,178.6186,0.8032,-104.9173,0.0003,24.8971,0.5936
619,000619.png,False,1788899278.920979,1788899278.860980,shear_+X_back,3,+X,0.0,0.12775,0.05267,-1.1454,0.00281,0.00165,-0.00032,0.11155,-0.00203,-1.21442,0.00091,0.00268,-6e-05,0.09229,0.0911,-1.1464,3,38.042,362.842,37.1947,178.6181,0.8033,-104.9189,0.008,24.8822,0.6086
620,000620.png,False,1788899279.505115,1788899279.445115,shear_+X_back,3,+X,0.0,-0.02607,0.02517,-1.33474,0.0034,-0.00236,-0.00038,-0.04234,-0.02965,-1.40393,0.0015,-0.00134,-0.00013,-0.02591,-0.01261,-1.33492,3,37.9659,362.7835,37.1487,178.6184,0.8025,-104.9182,0.0031,24.8358,0.6549
621,000621.png,False,1788899279.701155,1788899279.641155,shear_+X_back,3,+X,0.0,-0.01878,0.03014,-1.37085,0.00338,-0.00229,-0.00022,-0.03507,-0.02472,-1.4401,0.00148,-0.00126,3e-05,-0.02182,-0.00524,-1.37113,3,37.9638,362.7877,37.1496,178.6183,0.8027,-104.9182,0.0099,24.8368,0.6539
622,000622.png,False,1788899279.897036,1788899279.837036,shear_-X_out,3,-X,0.5,-0.06788,0.10693,-1.40017,0.00154,-0.00327,-0.00038,-0.0842,0.05203,-1.46948,-0.00036,-0.00224,-0.00012,-0.10252,0.03626,-1.40168,3,37.9214,362.7955,37.1343,178.6191,0.8011,-104.9186,0.0049,24.8219,0.6688
623,000623.png,False,1788899280.093148,1788899280.033149,shear_-X_out,3,-X,0.5,-0.43586,-0.10914,-1.48972,0.00691,-0.0127,-9e-05,-0.4522,-0.16408,-1.55908,0.00501,-0.01166,0.00016,-0.31269,-0.33617,-1.48673,3,37.7957,362.6116,37.1265,178.6217,0.7941,-104.9194,0.0057,24.812,0.6787
624,000624.png,False,1788899280.285152,1788899280.225152,shear_-X_out,3,-X,0.5,-0.4395,0.17266,-1.36374,-6e-05,-0.01281,-0.00027,-0.45587,0.11768,-1.43316,-0.00195,-0.01178,-1e-05,-0.45751,-0.09192,-1.36565,3,37.7082,362.7196,37.1525,178.6155,0.8074,-104.9184,0.0037,24.8403,0.6504
625,000625.png,False,1788899280.677161,1788899280.617161,shear_-X_back,3,-X,0.0,-0.4413,0.10775,-1.39415,0.00145,-0.01288,-0.00024,-0.45771,0.05269,-1.46368,-0.00044,-0.01185,2e-05,-0.42643,-0.14952,-1.39492,3,37.7144,362.6918,37.1454,178.6168,0.8041,-104.9193,0.0061,24.8328,0.6579
626,000626.png,False,1788899280.873152,1788899280.813153,shear_-X_back,3,-X,0.0,-0.44505,0.08063,-1.42008,0.00228,-0.01299,-0.00027,-0.46148,0.02553,-1.48967,0.00038,-0.01196,-1e-05,-0.41594,-0.17529,-1.42037,3,37.7161,362.6773,37.143,178.6179,0.8027,-104.9195,0.0084,24.8301,0.6606
627,000627.png,False,1788899281.065186,1788899281.005186,shear_-X_back,3,-X,0.0,-0.29265,0.01914,-1.62373,0.00382,-0.00926,-0.00018,-0.30911,-0.03601,-1.69338,0.00192,-0.00822,7e-05,-0.25181,-0.15567,-1.62323,3,37.7988,362.6977,37.0952,178.6213,0.7954,-104.9232,0.0064,24.782,0.7087
628,000628.png,False,1788899281.261184,1788899281.201184,shear_-X_back,3,-X,0.0,-0.1616,0.06111,-1.67403,0.00273,-0.00601,-0.00031,-0.17808,0.00593,-1.74374,0.00083,-0.00497,-6e-05,-0.15891,-0.05463,-1.67451,3,37.8497,362.726,37.086,178.6236,0.7916,-104.9216,0.0086,24.7729,0.7178
629,000629.png,False,1788899281.457207,1788899281.397207,shear_-X_back,3,-X,0.0,-0.14766,0.02934,-1.58469,0.00342,-0.00556,-0.00012,-0.16416,-0.02589,-1.65445,0.00153,-0.00452,0.00013,-0.13158,-0.07376,-1.58466,3,37.8682,362.7325,37.0998,178.6253,0.7881,-104.9212,0.0026,24.7868,0.7039
630,000630.png,False,1788899281.653211,1788899281.593211,shear_-X_back,3,-X,0.0,-0.02714,0.10901,-1.38284,0.00125,-0.00267,-0.00024,-0.04366,0.05374,-1.45267,-0.00065,-0.00163,1e-05,-0.06839,0.0587,-1.38447,3,37.9086,362.8182,37.1486,178.6236,0.7918,-104.9184,0.0072,24.8366,0.6541
631,000631.png,False,1788899282.433249,1788899282.373250,shear_-Y_out,3,-Y,0.5,-0.02743,0.09225,-1.32086,0.00176,-0.00251,-0.00025,-0.04404,0.03682,-1.39091,-0.00014,-0.00147,-0.0,-0.06069,0.04503,-1.3222,3,37.914,362.8007,37.1559,178.6214,0.7966,-104.9166,0.0013,24.8436,0.6471
632,000632.png,False,1788899282.629254,1788899282.569254,shear_-Y_out,3,-Y,0.5,-0.02258,0.07348,-1.2746,0.00206,-0.00243,-0.00019,-0.03922,0.01802,-1.34471,0.00016,-0.00138,6e-05,-0.04744,0.03194,-1.27564,3,37.9297,362.7738,37.16,178.6214,0.7967,-104.916,0.0068,24.8472,0.6435
633,000633.png,False,1788899282.821296,1788899282.761296,shear_-Y_out,3,-Y,0.5,0.02618,-0.35554,-1.32248,0.0129,-0.00115,-0.0,0.00952,-0.41105,-1.39265,0.011,-0.00011,0.00025,0.20948,-0.31602,-1.31617,3,38.0604,362.6223,37.1582,178.6207,0.7997,-104.9195,0.0024,24.842,0.6487
634,000634.png,False,1788899283.017184,1788899282.957184,shear_-Y_out,3,-Y,0.5,0.03539,-0.29248,-1.29373,0.01128,-0.00086,6e-05,0.0187,-0.34803,-1.36396,0.00938,0.00018,0.00031,0.18575,-0.25635,-1.28854,3,38.0567,362.6346,37.1614,178.6202,0.8006,-104.9202,0.0079,24.8454,0.6453
635,000635.png,False,1788899283.213195,1788899283.153195,shear_-Y_out,3,-Y,0.5,0.03903,-0.27071,-1.26019,0.0108,-0.00069,9e-05,0.02232,-0.32631,-1.33047,0.0089,0.00036,0.00033,0.1778,-0.23514,-1.25538,3,38.0555,362.6371,37.1697,178.6205,0.7993,-104.9204,0.007,24.8538,0.6369
636,000636.png,False,1788899283.409321,1788899283.349321,shear_-Y_out,3,-Y,0.5,-0.08158,-0.68426,-1.24426,0.02102,-0.00358,0.00017,-0.09831,-0.73989,-1.3146,0.01912,-0.00253,0.00042,0.27983,-0.65331,-1.23204,3,38.1339,362.388,37.1757,178.6245,0.7913,-104.914,0.0025,24.8553,0.6355
637,000637.png,False,1788899283.797307,1788899283.737308,shear_-Y_out,3,-Y,0.5,0.00373,-0.5368,-1.1686,0.01742,-0.00163,-8e-05,-0.01304,-0.59251,-1.23906,0.01552,-0.00058,0.00016,0.27953,-0.48176,-1.15912,3,38.1304,362.4649,37.189,178.6201,0.801,-104.9158,0.0003,24.8698,0.6209
638,000638.png,False,1788899283.993232,1788899283.933233,shear_-Y_out,3,-Y,0.5,0.00907,-0.55676,-1.20444,0.01796,-0.0014,0.00013,-0.00772,-0.61252,-1.27495,0.01606,-0.00035,0.00037,0.29438,-0.49696,-1.19462,3,38.1409,362.4545,37.1834,178.6205,0.8005,-104.9169,0.0069,24.864,0.6267
639,000639.png,False,1788899284.189338,1788899284.129339,shear_-Y_back,3,-Y,0.0,0.03019,-0.59138,-1.19253,0.01852,-0.00093,-5e-05,0.01337,-0.64717,-1.2631,0.01662,0.00012,0.00019,0.32988,-0.51619,-1.18215,3,38.1632,362.4425,37.1784,178.6205,0.8,-104.9195,0.0077,24.8586,0.6321
640,000640.png,False,1788899284.385333,1788899284.325333,shear_-Y_back,3,-Y,0.0,0.06645,-0.44625,-1.49384,0.01526,-9e-05,0.0001,0.0496,-0.50208,-1.56447,0.01336,0.00097,0.00034,0.29087,-0.37721,-1.48601,3,38.1419,362.5268,37.1191,178.6225,0.7958,-104.9264,0.0008,24.8009,0.6898
641,000641.png,False,1788899284.577260,1788899284.517261,shear_-Y_back,3,-Y,0.0,0.12607,-0.26926,-1.52216,0.01093,0.00131,0.00013,0.1092,-0.32514,-1.59284,0.00902,0.00237,0.00037,0.25428,-0.19459,-1.51751,3,38.1192,362.6416,37.1131,178.6246,0.7893,-104.9418,0.0086,24.7968,0.6939
642,000642.png,False,1788899284.773344,1788899284.713344,shear_-Y_back,3,-Y,0.0,0.12828,-0.21621,-1.4589,0.00959,0.00139,0.00012,0.11139,-0.27212,-1.52965,0.00769,0.00245,0.00036,0.22926,-0.14652,-1.45519,3,38.1129,362.6467,37.1259,178.6248,0.789,-104.9481,0.0065,24.8098,0.6809
643,000643.png,False,1788899284.969406,1788899284.909406,shear_-Y_back,3,-Y,0.0,0.0723,-0.10847,-1.37698,0.00698,0.0001,0.00014,0.05539,-0.16442,-1.44779,0.00508,0.00116,0.00038,0.12637,-0.07987,-1.37504,3,38.0416,362.7078,37.152,178.6238,0.7908,-104.9488,0.0015,24.8374,0.6533
644,000644.png,False,1788899285.165286,1788899285.105286,shear_-Y_back,3,-Y,0.0,-0.06806,0.22581,-1.1805,-0.00147,-0.00337,-0.00024,-0.085,0.16982,-1.25136,-0.00337,-0.00231,0.0,-0.16359,0.14265,-1.1841,3,37.8849,362.8011,37.1807,178.6211,0.7966,-104.9336,0.0036,24.8686,0.6221
645,000645.png,False,1788899285.749317,1788899285.689317,shear_-Y_back,3,-Y,0.0,-0.0471,0.11578,-1.27269,0.00122,-0.00295,-0.0002,-0.0641,0.05966,-1.34372,-0.00068,-0.00189,4e-05,-0.08982,0.05635,-1.27441,3,37.9136,362.7913,37.1662,178.6223,0.794,-104.9286,0.01,24.8538,0.6369
646,000646.png,False,1788899285.945331,1788899285.885331,shear_+Y_out,3,+Y,0.5,0.0026,0.02485,-1.19301,0.00348,-0.0016,-0.0002,-0.01442,-0.03131,-1.2641,0.00157,-0.00053,4e-05,-0.00189,0.00371,-1.19326,3,37.9557,362.7816,37.1854,178.6213,0.7969,-104.9319,0.0007,24.8725,0.6182
647,000647.png,False,1788899286.141460,1788899286.081460,shear_+Y_out,3,+Y,0.5,0.1099,0.49244,-1.37463,-0.00814,0.00085,-0.00017,0.09285,0.43624,-1.44578,-0.01004,0.00191,7e-05,-0.1413,0.45938,-1.38318,3,37.8795,363.0204,37.1507,178.6201,0.799,-104.938,0.006,24.8422,0.6485
648,000648.png,False,1788899286.529429,1788899286.469429,shear_+Y_out,3,+Y,0.5,0.03689,0.3761,-1.24275,-0.00525,-0.00106,-0.00029,0.0198,0.31982,-1.31401,-0.00716,1e-05,-5e-05,-0.14734,0.32426,-1.24915,3,37.878,362.9535,37.1756,178.6229,0.7921,-104.9371,0.0001,24.866,0.6248
649,000649.png,False,1788899286.725363,1788899286.665364,shear_+Y_out,3,+Y,0.5,0.0493,0.4565,-1.16227,-0.0072,-0.00044,-0.00027,0.03218,0.40018,-1.2336,-0.00911,0.00063,-3e-05,-0.17732,0.40138,-1.17011,3,37.8261,363.0672,37.2072,178.6188,0.8015,-104.9323,0.0055,24.8998,0.5909
650,000650.png,False,1788899286.921463,1788899286.861464,shear_+Y_out,3,+Y,0.5,-0.02049,0.60816,-1.17028,-0.01108,-0.00238,-0.00021,-0.03763,0.55179,-1.24166,-0.01298,-0.00132,3e-05,-0.31348,0.49773,-1.18061,3,37.757,363.09,37.1999,178.6233,0.7907,-104.9325,0.0088,24.8933,0.5974
651,000651.png,False,1788899287.113508,1788899287.053509,shear_+Y_out,3,+Y,0.5,-0.02002,0.59227,-1.18383,-0.01067,-0.0023,-0.00028,-0.03718,0.53586,-1.25527,-0.01258,-0.00123,-4e-05,-0.30504,0.48398,-1.19388,3,37.7571,363.0955,37.1995,178.6233,0.7909,-104.9323,0.0014,24.893,0.5977
652,000652.png,False,1788899287.309392,1788899287.249392,shear_+Y_back,3,+Y,0.0,-0.00129,0.62573,-1.16585,-0.01145,-0.00183,-0.00029,-0.01847,0.56928,-1.23735,-0.01335,-0.00077,-5e-05,-0.30566,0.5226,-1.17652,3,37.7548,363.1163,37.2044,178.6225,0.7932,-104.9325,0.0095,24.8982,0.5925
653,000653.png,False,1788899287.505496,1788899287.445496,shear_+Y_back,3,+Y,0.0,0.01607,0.6356,-1.17961,-0.01161,-0.00147,-0.00015,-0.00113,0.57911,-1.25117,-0.01351,-0.0004,9e-05,-0.29546,0.53961,-1.19049,3,37.7591,363.1255,37.205,178.6219,0.7939,-104.9334,0.0056,24.899,0.5917
654,000654.png,False,1788899287.701499,1788899287.641500,shear_+Y_back,3,+Y,0.0,0.12995,0.29061,-1.08712,-0.00344,0.00146,-0.00031,0.11272,0.23409,-1.15873,-0.00535,0.00253,-7e-05,-0.0251,0.29921,-1.09225,3,37.923,362.9589,37.2078,178.6232,0.7917,-104.9512,0.0031,24.898,0.5927
655,000655.png,False,1788899287.893558,1788899287.833558,shear_+Y_back,3,+Y,0.0,0.10958,0.10037,-1.17413,0.00148,0.00102,-0.00018,0.09233,0.0438,-1.24579,-0.00042,0.0021,6e-05,0.05291,0.12287,-1.17591,3,37.9626,362.9108,37.1875,178.6224,0.7934,-104.9573,0.0077,24.8767,0.614
656,000656.png,False,1788899288.089433,1788899288.029433,shear_+Y_back,3,+Y,0.0,0.10627,0.12839,-1.18145,0.00088,0.00076,-0.00032,0.08899,0.07178,-1.25318,-0.00103,0.00183,-8e-05,0.03609,0.14537,-1.18371,3,37.9606,362.8936,37.1848,178.6212,0.796,-104.9565,0.0021,24.8737,0.6171
657,000657.png,False,1788899288.481475,1788899288.421475,shear_+Y_back,3,+Y,0.0,-0.05167,0.08028,-1.20076,0.00202,-0.00306,-0.00022,-0.06899,0.02359,-1.2726,0.00012,-0.00199,2e-05,-0.07655,0.02448,-1.20186,3,37.8994,362.822,37.1875,178.6202,0.7977,-104.9432,0.009,24.8757,0.6151
658,000658.png,False,1788899288.677532,1788899288.617532,shear_+Y_back,3,+Y,0.0,-0.04654,0.06507,-1.1787,0.00245,-0.00307,-0.00028,-0.06389,0.00834,-1.2506,0.00054,-0.002,-4e-05,-0.06465,0.01422,-1.17955,3,37.9066,362.8052,37.1847,178.6206,0.7977,-104.9397,0.0055,24.8725,0.6182
659,000659.png,False,1788899289.261603,1788899289.201603,shear_+Y_back,3,+Y,0.0,0.01369,-0.00717,-1.21737,0.0042,-0.00157,-0.00018,-0.00373,-0.06402,-1.28944,0.00229,-0.00049,6e-05,0.02388,-0.01887,-1.21708,3,37.9567,362.7871,37.1769,178.6205,0.7985,-104.9423,0.0024,24.8641,0.6266
660,000660.png,False,1788899289.457499,1788899289.397499,shear_+X_out,4,+X,0.5,-0.01236,0.14384,-1.36601,0.00059,-0.00232,-0.00019,-0.0298,0.08695,-1.43814,-0.00132,-0.00125,5e-05,-0.07311,0.09652,-1.36827,3,37.9067,362.8308,37.1494,178.6201,0.7979,-104.9441,0.0072,24.8376,0.6531
661,000661.png,False,1788899289.649595,1788899289.589595,shear_+X_out,4,+X,0.5,0.13445,0.21699,-1.42215,-0.00126,0.00135,-0.00014,0.11699,0.16006,-1.49434,-0.00317,0.00243,0.0001,0.01791,0.23233,-1.42596,3,37.9953,362.9864,37.1502,178.6152,0.8098,-104.9498,0.0031,24.8403,0.6504
662,000662.png,False,1788899289.845601,1788899289.785601,shear_+X_out,4,+X,0.5,0.41453,-0.0004,-1.51283,0.00408,0.00853,2e-05,0.39704,-0.05737,-1.58507,0.00217,0.00961,0.00025,0.36976,0.18255,-1.51342,3,38.1434,362.9098,37.1145,178.6225,0.7942,-104.9477,0.0021,24.8023,0.6884
663,000663.png,False,1788899290.041678,1788899289.981678,shear_+X_out,4,+X,0.5,0.39794,0.00799,-1.43456,0.00398,0.00824,-2e-05,0.38043,-0.04902,-1.50687,0.00207,0.00932,0.00021,0.35065,0.18278,-1.43528,3,38.1451,362.908,37.1348,178.6225,0.7949,-104.948,0.0072,24.8226,0.6681
664,000664.png,False,1788899290.237700,1788899290.177701,shear_+X_out,4,+X,0.5,0.39426,0.01118,-1.32831,0.00373,0.00808,6e-05,0.37673,-0.04588,-1.40068,0.00182,0.00916,0.00029,0.34514,0.1854,-1.32909,3,38.1432,362.9184,37.1544,178.6225,0.7949,-104.948,0.0077,24.8424,0.6483
665,000665.png,False,1788899290.433635,1788899290.373635,shear_+X_out,4,+X,0.5,0.69138,0.04337,-1.22496,0.00277,0.0155,4e-05,0.67383,-0.01373,-1.29738,0.00086,0.01658,0.00027,0.5857,0.3634,-1.22691,3,38.3056,362.9961,37.1698,178.6224,0.796,-104.9482,0.0021,24.8579,0.6328
666,000666.png,False,1788899290.821589,1788899290.761589,shear_+X_back,4,+X,0.0,0.63493,-0.01442,-1.256,0.00425,0.01401,-0.00015,0.61733,-0.0716,-1.32854,0.00234,0.0151,8e-05,0.5659,0.28464,-1.25683,3,38.3087,362.982,37.1657,178.6232,0.7942,-104.949,0.008,24.8536,0.6371
667,000667.png,False,1788899291.017576,1788899290.957577,shear_+X_back,4,+X,0.0,0.63629,0.01296,-1.26463,0.00358,0.01407,5e-05,0.61867,-0.04425,-1.33723,0.00166,0.01516,0.00027,0.55345,0.3089,-1.26594,3,38.3054,362.9946,37.1659,178.6224,0.7955,-104.9486,0.0025,24.854,0.6367
668,000668.png,False,1788899291.213679,1788899291.153679,shear_+X_back,4,+X,0.0,0.30761,0.10029,-1.26854,0.00146,0.00593,-0.00034,0.28997,0.04303,-1.34119,-0.00045,0.00701,-0.00011,0.22514,0.22024,-1.2707,3,38.125,362.94,37.1582,178.6215,0.7967,-104.9401,0.0047,24.8466,0.6441
669,000669.png,False,1788899291.405678,1788899291.345678,shear_+X_back,4,+X,0.0,0.1373,0.10303,-1.37163,0.00157,0.00175,-0.00019,0.11964,0.04573,-1.44433,-0.00034,0.00284,4e-05,0.07697,0.13587,-1.37348,3,38.0282,362.8833,37.1373,178.6222,0.7943,-104.9395,0.0076,24.8255,0.6652
670,000670.png,False,1788899291.601706,1788899291.541706,shear_+X_back,4,+X,0.0,0.10719,0.15487,-1.39763,0.00024,0.00074,-0.0002,0.0895,0.09753,-1.47039,-0.00167,0.00183,3e-05,0.02516,0.1653,-1.40031,3,38.0032,362.9078,37.1391,178.6216,0.7953,-104.9427,0.0017,24.8279,0.6628
671,000671.png,False,1788899292.577652,1788899292.517652,shear_-X_out,4,-X,0.5,-0.04208,0.12922,-1.45782,0.00079,-0.00305,-0.00023,-0.05989,0.07168,-1.53087,-0.00113,-0.00196,-1e-05,-0.09091,0.06754,-1.45975,3,37.9256,362.844,37.1215,178.6195,0.7986,-104.9493,0.008,24.8098,0.6809
672,000672.png,False,1788899292.773819,1788899292.713819,shear_-X_out,4,-X,0.5,-0.04474,0.17951,-1.63935,-0.0002,-0.00296,-0.0002,-0.06256,0.12192,-1.71246,-0.00212,-0.00187,3e-05,-0.11707,0.10685,-1.64212,2,37.9133,362.8711,37.0917,178.6205,0.7964,-104.9504,0.0038,24.7805,0.7102
673,000673.png,False,1788899292.969670,1788899292.909670,shear_-X_out,4,-X,0.5,-0.51163,0.03383,-1.72843,0.0034,-0.01503,-0.00051,-0.52948,-0.0238,-1.8016,0.00149,-0.01394,-0.00029,-0.4481,-0.25403,-1.72773,3,37.7144,362.6803,37.0678,178.6243,0.7871,-104.9505,0.0017,24.755,0.7357
674,000674.png,False,1788899293.161787,1788899293.101787,shear_-X_out,4,-X,0.5,-0.44289,0.25749,-1.59402,-0.00219,-0.0132,-0.00053,-0.46077,0.19982,-1.66724,-0.00411,-0.01211,-0.00031,-0.50124,-0.02383,-1.59735,3,37.6974,362.783,37.0909,178.6194,0.7983,-104.9504,0.0039,24.7799,0.7108
675,000675.png,False,1788899293.553807,1788899293.493807,shear_-X_back,4,-X,0.0,-0.44941,0.18847,-1.6515,-0.00039,-0.01334,-0.0004,-0.46733,0.13072,-1.72485,-0.0023,-0.01224,-0.00018,-0.472,-0.08779,-1.65362,3,37.7018,362.7527,37.0846,178.6205,0.7954,-104.9506,0.0094,24.7731,0.7176
676,000676.png,False,1788899293.749830,1788899293.689830,shear_-X_back,4,-X,0.0,-0.45143,0.16594,-1.68007,0.00017,-0.01351,-0.00035,-0.46937,0.10815,-1.75347,-0.00175,-0.01241,-0.00013,-0.46229,-0.10876,-1.68178,3,37.7028,362.7452,37.08,178.6209,0.7949,-104.9508,0.0191,24.7683,0.7224
677,000677.png,False,1788899293.941807,1788899293.881807,shear_-X_back,4,-X,0.0,-0.22434,0.17315,-1.6837,-2e-05,-0.00794,-0.00045,-0.2423,0.11532,-1.75716,-0.00194,-0.00684,-0.00023,-0.26916,0.01089,-1.686,3,37.8115,362.8462,37.08,178.6162,0.8055,-104.9585,0.008,24.7692,0.7215
678,000678.png,False,1788899294.137819,1788899294.077819,shear_-X_back,4,-X,0.0,-0.0977,0.14855,-1.64478,0.0006,-0.0045,-0.00038,-0.11569,0.09069,-1.7183,-0.00132,-0.0034,-0.00016,-0.14745,0.05349,-1.64691,3,37.8612,362.8169,37.0783,178.6198,0.7981,-104.958,0.005,24.7666,0.7241
679,000679.png,False,1788899294.333862,1788899294.273862,shear_-X_back,4,-X,0.0,-0.06015,0.15415,-1.606,0.00033,-0.00367,-0.00021,-0.07816,0.09624,-1.67957,-0.00159,-0.00257,1e-05,-0.11799,0.07772,-1.60831,3,37.8803,362.8418,37.0906,178.6194,0.7992,-104.9554,0.0007,24.7793,0.7115
680,000680.png,False,1788899295.309890,1788899295.249890,shear_-Y_out,4,-Y,0.5,-0.00921,0.17587,-1.54932,-0.00026,-0.00241,-0.00033,-0.02733,0.11775,-1.62318,-0.00218,-0.00131,-0.00011,-0.0851,0.12289,-1.55212,3,37.9046,362.8645,37.0983,178.6189,0.8012,-104.9452,0.0015,24.7871,0.7036
681,000681.png,False,1788899295.505922,1788899295.445922,shear_-Y_out,4,-Y,0.5,0.01822,0.01426,-1.4758,0.00358,-0.00177,-0.00033,7e-05,-0.0439,-1.54972,0.00167,-0.00067,-0.00011,0.01889,-0.00219,-1.47586,3,38.0037,362.7453,37.1051,178.6204,0.7982,-104.9502,0.0074,24.7913,0.6994
682,000682.png,False,1788899295.697903,1788899295.637903,shear_-Y_out,4,-Y,0.5,0.08485,-0.18515,-1.4301,0.00855,3e-05,-0.00027,0.06668,-0.24335,-1.50408,0.00663,0.00114,-6e-05,0.17592,-0.14087,-1.42684,3,38.0464,362.7231,37.1173,178.6159,0.8077,-104.9502,0.0032,24.8028,0.6879
683,000683.png,False,1788899295.893816,1788899295.833817,shear_-Y_out,4,-Y,0.5,0.08101,-0.18504,-1.43502,0.00853,-0.00014,-0.00014,0.06282,-0.24327,-1.50906,0.00661,0.00097,7e-05,0.17257,-0.14276,-1.43175,3,38.0448,362.7212,37.1174,178.6163,0.8074,-104.9502,0.0029,24.8029,0.6878
684,000684.png,False,1788899296.089932,1788899296.029932,shear_-Y_out,4,-Y,0.5,0.07735,-0.17906,-1.39587,0.00842,-0.00018,-0.00021,0.05913,-0.23734,-1.46996,0.0065,0.00093,0.0,0.16614,-0.1388,-1.3927,3,38.0459,362.7219,37.1256,178.6168,0.8064,-104.9504,0.0121,24.8112,0.6795
685,000685.png,False,1788899296.285833,1788899296.225833,shear_-Y_out,4,-Y,0.5,0.00151,-0.67435,-1.30819,0.02076,-0.00197,-5e-05,-0.01673,-0.73267,-1.38235,0.01885,-0.00085,0.00017,0.3473,-0.60423,-1.29631,3,38.1628,362.4454,37.1395,178.6187,0.8031,-104.9458,0.0057,24.8198,0.6709
686,000686.png,False,1788899296.674017,1788899296.614017,shear_-Y_out,4,-Y,0.5,0.05343,-0.54918,-1.32316,0.01764,-0.00061,1e-05,0.03514,-0.60758,-1.39743,0.01572,0.0005,0.00023,0.32984,-0.47013,-1.31354,3,38.1535,362.5066,37.1464,178.6159,0.8092,-104.947,0.0001,24.8278,0.6629
687,000687.png,False,1788899296.869863,1788899296.809863,shear_-Y_back,4,-Y,0.0,0.04337,-0.5638,-1.35047,0.01808,-0.0008,3e-05,0.02506,-0.62224,-1.4248,0.01616,0.00031,0.00024,0.32862,-0.48826,-1.34058,3,38.1566,362.4958,37.1422,178.6164,0.808,-104.9467,0.0051,24.8233,0.6674
688,000688.png,False,1788899297.065951,1788899297.005951,shear_-Y_back,4,-Y,0.0,0.0502,-0.57785,-1.36313,0.01839,-0.00073,2e-05,0.03187,-0.63633,-1.43751,0.01647,0.00039,0.00023,0.34164,-0.49721,-1.353,3,38.1639,362.4876,37.1376,178.6166,0.8071,-104.9476,0.0096,24.8185,0.6722
689,000689.png,False,1788899297.262018,1788899297.202018,shear_-Y_back,4,-Y,0.0,0.08465,-0.39045,-1.78661,0.01409,-3e-05,3e-05,0.0663,-0.44897,-1.86105,0.01217,0.00109,0.00025,0.28079,-0.32448,-1.77973,3,38.1327,362.5821,37.0567,178.6202,0.7998,-104.9539,0.0012,24.7394,0.7513
690,000690.png,False,1788899297.453969,1788899297.393970,shear_-Y_back,4,-Y,0.0,0.14698,-0.07373,-1.69639,0.006,0.00142,-0.00015,0.12861,-0.13229,-1.77089,0.00408,0.00254,6e-05,0.17592,-0.01758,-1.69515,3,38.0872,362.7048,37.0658,178.6216,0.7948,-104.9675,0.0091,24.7508,0.7399
691,000691.png,False,1788899297.649899,1788899297.589900,shear_-Y_back,4,-Y,0.0,0.09415,-0.05381,-1.63189,0.00551,0.00016,-7e-05,0.07575,-0.11241,-1.70644,0.00359,0.00128,0.00014,0.11975,-0.0257,-1.6309,3,38.0526,362.7365,37.0807,178.6221,0.7935,-104.9695,0.0042,24.7664,0.7243
692,000692.png,False,1788899297.846016,1788899297.786016,shear_-Y_back,4,-Y,0.0,0.03622,0.11086,-1.50036,0.00152,-0.00127,-0.00012,0.0178,0.05222,-1.57498,-0.0004,-0.00015,9e-05,-0.01361,0.09008,-1.50213,3,37.9598,362.837,37.1215,178.6189,0.8005,-104.9643,0.0014,24.8095,0.6812
693,000693.png,False,1788899298.626045,1788899298.566045,shear_-Y_back,4,-Y,0.0,-0.01569,0.2545,-1.447,-0.0022,-0.00245,-0.0004,-0.0342,0.19569,-1.52185,-0.00412,-0.00132,-0.00019,-0.13071,0.1894,-1.45116,3,37.8961,362.8878,37.1187,178.6194,0.7992,-104.9591,0.0088,24.808,0.6828
694,000694.png,False,1788899298.822047,1788899298.762048,shear_+Y_out,4,+Y,0.5,0.04219,0.18305,-1.3671,-0.00049,-0.00106,-0.00011,0.02365,0.1242,-1.44201,-0.00242,7e-05,9e-05,-0.04543,0.15771,-1.37016,3,37.9357,362.8718,37.1381,178.6183,0.8016,-104.9639,0.0061,24.8268,0.6639
695,000695.png,False,1788899299.014050,1788899298.954050,shear_+Y_out,4,+Y,0.5,0.11523,0.70677,-1.48625,-0.0135,0.0007,-0.00053,0.09667,0.64789,-1.56121,-0.01542,0.00182,-0.00032,-0.243,0.64588,-1.49851,3,37.8299,363.1291,37.1201,178.6171,0.8035,-104.9669,0.0082,24.8136,0.6771
696,000696.png,False,1788899299.210075,1788899299.150075,shear_+Y_out,4,+Y,0.5,0.04214,0.52797,-1.51659,-0.00916,-0.00123,-0.00051,0.02356,0.46905,-1.59161,-0.01108,-0.0001,-0.0003,-0.21677,0.45402,-1.5256,3,37.8429,363.0417,37.1067,178.6211,0.7948,-104.9662,0.0071,24.7987,0.692
697,000697.png,False,1788899299.406091,1788899299.346091,shear_+Y_out,4,+Y,0.5,0.05496,0.56027,-1.47532,-0.00991,-0.00083,-0.00053,0.03636,0.5013,-1.55039,-0.01183,0.0003,-0.00032,-0.22208,0.48906,-1.48492,3,37.8386,363.0583,37.1165,178.62,0.7972,-104.9665,0.0008,24.8088,0.6819
698,000698.png,False,1788899299.601999,1788899299.541999,shear_+Y_back,4,+Y,0.0,0.06147,0.58565,-1.4457,-0.01053,-0.00058,-0.00034,0.04285,0.52664,-1.52083,-0.01246,0.00054,-0.00013,-0.22933,0.51477,-1.45576,3,37.8344,363.0758,37.126,178.6189,0.7997,-104.9665,0.0044,24.8187,0.672
699,000699.png,False,1788899299.798006,1788899299.738006,shear_+Y_back,4,+Y,0.0,0.05328,0.61323,-1.38647,-0.01134,-0.00093,-0.00048,0.03463,0.55418,-1.46166,-0.01326,0.0002,-0.00027,-0.25062,0.53551,-1.397,3,37.8214,363.0874,37.1331,178.6182,0.8011,-104.9654,0.0098,24.8261,0.6647
700,000700.png,False,1788899299.990174,1788899299.930174,shear_+Y_back,4,+Y,0.0,0.04341,0.50294,-1.05054,-0.00864,-0.00091,-0.00039,0.02474,0.44385,-1.12579,-0.01056,0.00022,-0.00018,-0.20639,0.44044,-1.05919,2,37.829,363.0515,37.208,178.6136,0.8112,-104.9644,0.0071,24.9003,0.5904
701,000701.png,False,1788899300.186132,1788899300.126132,shear_+Y_back,4,+Y,0.0,0.00643,0.37418,-1.00878,-0.00551,-0.00189,-0.00035,-0.01227,0.31505,-1.08409,-0.00743,-0.00076,-0.00015,-0.17439,0.31112,-1.01513,3,37.8392,362.9968,37.2135,178.6096,0.8193,-104.962,0.0009,24.9049,0.5858
702,000702.png,False,1788899300.578063,1788899300.518063,shear_+Y_back,4,+Y,0.0,-0.02321,0.28862,-1.22055,-0.00335,-0.00279,-0.00025,-0.04195,0.22941,-1.29598,-0.00527,-0.00166,-5e-05,-0.15585,0.21882,-1.22533,3,37.8567,362.9067,37.1634,178.6107,0.818,-104.9527,0.0074,24.8532,0.6375
703,000703.png,False,1788899300.770059,1788899300.710059,shear_+Y_back,4,+Y,0.0,0.01093,0.19701,-1.36623,-0.00106,-0.00204,-0.00032,-0.00783,0.13776,-1.44171,-0.00299,-0.00091,-0.00011,-0.07949,0.1542,-1.36946,4,37.8886,362.9116,37.1426,178.6102,0.8195,-104.952,0.0022,24.8323,0.6584
704,000704.png,False,1788899301.162159,1788899301.102159,shear_+Y_back,4,+Y,0.0,0.07969,0.13111,-1.3926,0.00063,-0.00034,-0.00026,0.06088,0.07178,-1.46819,-0.00129,0.0008,-5e-05,0.01318,0.13106,-1.39482,3,37.9446,362.8825,37.1325,178.6099,0.8197,-104.9573,0.005,24.8213,0.6694
705,000705.png,False,1788899301.554183,1788899301.494183,shear_+Y_back,4,+Y,0.0,0.06981,0.13114,-1.38029,0.00078,-0.00043,-0.0004,0.05096,0.07173,-1.456,-0.00114,0.00071,-0.0002,0.00452,0.12635,-1.38249,2,37.9458,362.8751,37.134,178.6102,0.8198,-104.9616,0.0102,24.8227,0.668
706,000706.png,False,1788899301.746108,1788899301.686108,shear_+Y_back,4,+Y,0.0,-0.11643,0.14694,-1.02508,0.00013,-0.00491,-0.00044,-0.13531,0.08749,-1.10085,-0.00179,-0.00377,-0.00023,-0.16716,0.05266,-1.02724,3,37.8527,362.8301,37.2092,178.6078,0.8241,-104.9523,0.0001,24.8978,0.5929
707,000707.png,False,1788899301.942187,1788899301.882187,shear_+Y_back,4,+Y,0.0,-0.08389,0.08659,-1.36662,0.00159,-0.00436,-0.00026,-0.10279,0.02709,-1.44244,-0.00033,-0.00322,-6e-05,-0.10646,0.01118,-1.36774,3,37.8848,362.8042,37.1151,178.6121,0.8143,-104.957,0.005,24.8031,0.6876
708,000708.png,False,1788899302.334155,1788899302.274155,shear_+Y_back,4,+Y,0.0,-0.01615,0.08838,-1.06625,0.00164,-0.00245,-0.00033,-0.03509,0.0288,-1.14219,-0.00029,-0.00131,-0.00013,-0.05075,0.05139,-1.06759,3,37.911,362.8306,37.2099,178.6068,0.8262,-104.9614,0.0042,24.8981,0.5926
709,000709.png,False,1788899302.526232,1788899302.466233,shear_+Y_back,4,+Y,0.0,-0.01394,0.06528,-1.1484,0.00224,-0.00242,-0.00041,-0.03291,0.00567,-1.2244,0.00031,-0.00128,-0.00021,-0.03673,0.03118,-1.14933,3,37.926,362.7952,37.1357,178.6125,0.8135,-104.9629,0.005,24.8233,0.6674
710,000710.png,False,1788899305.258277,1788899305.198277,shear_+X_out,5,+X,0.5,-0.00506,0.07292,-1.08789,0.00197,-0.0024,-0.00034,-0.02435,0.01273,-1.1647,5e-05,-0.00124,-0.00015,-0.03327,0.0432,-1.08898,3,37.9224,362.8182,37.1981,178.6079,0.8239,-104.9632,0.0081,24.8861,0.6046
711,000711.png,False,1788899305.454375,1788899305.394375,shear_+X_out,5,+X,0.5,0.33254,0.22538,-1.09109,-0.00179,0.00618,-0.00053,0.31323,0.16515,-1.16796,-0.00371,0.00734,-0.00034,0.18301,0.34388,-1.0955,3,38.0441,362.978,37.1924,178.6056,0.83,-104.9582,0.006,24.882,0.6087
712,000712.png,False,1788899305.842391,1788899305.782391,shear_+X_out,5,+X,0.5,0.32671,-0.01077,-1.11923,0.00404,0.00597,-0.00054,0.30735,-0.07108,-1.19621,0.00211,0.00713,-0.00035,0.29614,0.13598,-1.11953,3,38.1187,362.8773,37.1844,178.6117,0.8176,-104.9601,0.01,24.8719,0.6188
713,000713.png,False,1788899306.038319,1788899305.978319,shear_+X_out,5,+X,0.5,0.59267,0.21373,-0.91979,-0.00172,0.01256,-0.00034,0.57329,0.15338,-0.99683,-0.00365,0.01372,-0.00015,0.41297,0.46651,-0.92454,3,38.2117,363.0729,37.238,178.6048,0.8329,-104.9667,0.002,24.928,0.5627
714,000714.png,False,1788899306.234417,1788899306.174417,shear_+X_out,5,+X,0.5,0.60219,-0.09343,-1.13311,0.00608,0.013,-0.00029,0.58279,-0.15382,-1.2102,0.00415,0.01416,-0.0001,0.57616,0.20183,-1.13252,3,38.31,362.9396,37.1918,178.6135,0.8144,-104.9644,0.0029,24.879,0.6117
715,000715.png,False,1788899306.626364,1788899306.566365,shear_+X_back,5,+X,0.0,0.59578,-0.04073,-1.11482,0.00486,0.01276,-0.00023,0.57633,-0.10121,-1.19203,0.00293,0.01392,-4e-05,0.54416,0.24456,-1.11513,3,38.3045,362.9604,37.1956,178.6125,0.8166,-104.9633,0.0062,24.8832,0.6075
716,000716.png,False,1788899306.818509,1788899306.758509,shear_+X_back,5,+X,0.0,0.59041,-0.02229,-1.08681,0.00443,0.01266,-0.00044,0.57094,-0.0828,-1.16408,0.0025,0.01383,-0.00025,0.53009,0.25829,-1.08743,3,38.3008,362.967,37.1966,178.612,0.8171,-104.9625,0.0034,24.8843,0.6064
717,000717.png,False,1788899307.014446,1788899306.954447,shear_+X_back,5,+X,0.0,0.24887,0.09366,-0.92962,0.00143,0.00421,-0.00029,0.22937,0.03311,-1.00695,-0.0005,0.00537,-0.0001,0.17522,0.19058,-0.9316,3,38.0896,362.9075,37.236,178.6096,0.8214,-104.9479,0.0092,24.9242,0.5665
718,000718.png,False,1788899307.210458,1788899307.150458,shear_+X_back,5,+X,0.0,0.09247,0.10677,-0.96454,0.00116,3e-05,-0.00025,0.07296,0.04618,-1.04193,-0.00077,0.0012,-6e-05,0.03344,0.12323,-0.96643,3,38.0003,362.8973,37.229,178.6083,0.8239,-104.946,0.0039,24.9177,0.573
719,000719.png,False,1788899307.598480,1788899307.538480,shear_+X_back,5,+X,0.0,0.03344,0.08675,-1.07251,0.00182,-0.0012,-0.0005,0.01388,0.02607,-1.15001,-0.00011,-3e-05,-0.00031,-0.00694,0.07466,-1.07392,3,37.9671,362.8413,37.2022,178.6066,0.827,-104.951,0.0094,24.8902,0.6005
720,000720.png,False,1788899307.794457,1788899307.734457,shear_+X_back,5,+X,0.0,-0.03797,0.09987,-1.12181,0.00144,-0.00312,-0.00046,-0.05756,0.03916,-1.19937,-0.0005,-0.00195,-0.00027,-0.07501,0.04955,-1.1233,3,37.9296,362.8283,37.1944,178.6066,0.8263,-104.9542,0.0039,24.8824,0.6083
721,000721.png,False,1788899308.382522,1788899308.322522,shear_+X_back,5,+X,0.0,-0.03401,0.07919,-1.11547,0.00195,-0.00308,-0.00062,-0.05366,0.01835,-1.1932,2e-05,-0.0019,-0.00043,-0.06129,0.03372,-1.11661,3,37.9306,362.8165,37.189,178.6069,0.8253,-104.9619,0.0068,24.8768,0.6139
722,000722.png,False,1788899308.574551,1788899308.514551,shear_-X_out,5,-X,0.5,-0.04217,0.04939,-1.16944,0.00267,-0.00331,-0.00058,-0.06185,-0.01149,-1.24723,0.00074,-0.00214,-0.00039,-0.0531,0.00297,-1.17004,3,37.9319,362.8064,37.1816,178.6078,0.8238,-104.9629,0.0043,24.8693,0.6214
723,000723.png,False,1788899308.966556,1788899308.906556,shear_-X_out,5,-X,0.5,-0.42203,0.16442,-1.11702,-3e-05,-0.01276,-0.00046,-0.44175,0.10346,-1.19493,-0.00196,-0.01158,-0.00027,-0.43997,-0.08636,-1.11886,3,37.6901,362.7281,37.2004,178.6046,0.8287,-104.9582,0.0067,24.8885,0.6022
724,000724.png,False,1788899309.354555,1788899309.294555,shear_-X_out,5,-X,0.5,-0.40348,0.1502,-1.11036,0.00035,-0.01224,-0.00035,-0.42325,0.08916,-1.18838,-0.00159,-0.01106,-0.00017,-0.41684,-0.08931,-1.11198,3,37.6917,362.7267,37.2062,178.6049,0.8279,-104.9586,0.0008,24.8943,0.5964
725,000725.png,False,1788899309.550485,1788899309.490485,shear_-X_out,5,-X,0.5,-0.67936,-0.05793,-1.29954,0.00557,-0.01932,-0.0004,-0.69916,-0.11901,-1.37762,0.00363,-0.01814,-0.00021,-0.55052,-0.41045,-1.29698,4,37.5989,362.5494,37.1651,178.6129,0.81,-104.9611,0.0057,24.8509,0.6398
726,000726.png,False,1788899309.746499,1788899309.686499,shear_-X_out,5,-X,0.5,-0.6613,0.19647,-1.19035,-0.00072,-0.01882,-0.00064,-0.68111,0.13534,-1.26849,-0.00265,-0.01764,-0.00045,-0.66273,-0.17934,-1.19226,3,37.534,362.6583,37.1897,178.6055,0.8257,-104.9599,0.0039,24.8778,0.6129
727,000727.png,False,1788899310.134524,1788899310.074524,shear_-X_out,5,-X,0.5,-0.63642,0.16802,-1.08103,-9e-05,-0.01821,-0.00069,-0.65628,0.10681,-1.15928,-0.00203,-0.01703,-0.00051,-0.62773,-0.1898,-1.0825,3,37.5375,362.6482,37.2096,178.6044,0.829,-104.9601,0.0091,24.8975,0.5932
728,000728.png,False,1788899310.330653,1788899310.270653,shear_-X_back,5,-X,0.0,-0.6337,0.15348,-1.09756,0.00017,-0.01817,-0.00037,-0.65359,0.09224,-1.17587,-0.00177,-0.01699,-0.00018,-0.618,-0.2013,-1.09879,3,37.5372,362.6425,37.2119,178.6037,0.8299,-104.9599,0.0002,24.8997,0.5911
729,000729.png,False,1788899310.526652,1788899310.466652,shear_-X_back,5,-X,0.0,-0.36771,0.07436,-1.10287,0.00215,-0.01145,-0.00013,-0.38761,0.01307,-1.18123,0.00022,-0.01027,5e-05,-0.34802,-0.137,-1.10325,3,37.6837,362.6857,37.2129,178.6023,0.8341,-104.9663,0.0012,24.9004,0.5903
730,000730.png,False,1788899310.722546,1788899310.662546,shear_-X_back,5,-X,0.0,-0.19616,0.12003,-1.01834,0.0009,-0.00719,-0.00018,-0.21609,0.0587,-1.09676,-0.00103,-0.00601,0.0,-0.22283,-0.01037,-1.01987,3,37.7821,362.8083,37.2448,178.5942,0.8521,-104.966,0.0038,24.9336,0.5571
731,000731.png,False,1788899310.918647,1788899310.858647,shear_-X_back,5,-X,0.0,-0.10832,0.07629,-0.96336,0.00199,-0.00498,-0.0002,-0.12827,0.01492,-1.04184,5e-05,-0.0038,-2e-05,-0.12526,-0.00348,-0.96432,3,37.8247,362.7606,37.2373,178.598,0.8449,-104.9631,0.009,24.925,0.5657
732,000732.png,False,1788899311.110565,1788899311.050565,shear_-X_back,5,-X,0.0,-0.0752,0.0646,-0.94673,0.00216,-0.00424,-0.00039,-0.09517,0.00319,-1.02527,0.00023,-0.00306,-0.00021,-0.09085,0.00321,-0.94755,2,37.853,362.7741,37.2374,178.597,0.8469,-104.9614,0.0009,24.9251,0.5656
733,000733.png,False,1788899311.890685,1788899311.830685,shear_-X_back,5,-X,0.0,0.04011,0.02782,-1.26247,0.00331,-0.00137,-0.00027,0.02004,-0.03375,-1.34124,0.00138,-0.00018,-9e-05,0.02959,0.02391,-1.26284,2,37.9378,362.7905,37.1646,178.6046,0.8312,-104.9652,0.0118,24.852,0.6387
734,000734.png,False,1788899312.086725,1788899312.026725,shear_-Y_out,5,-Y,0.5,0.04116,0.09095,-1.22393,0.00162,-0.00137,-0.00026,0.02107,0.02934,-1.30276,-0.00031,-0.00018,-8e-05,-0.0013,0.07973,-1.2254,3,37.9095,362.8249,37.1745,178.604,0.8328,-104.9634,0.0002,24.8627,0.6281
735,000735.png,False,1788899312.674639,1788899312.614640,shear_-Y_out,5,-Y,0.5,0.02195,-0.22193,-1.06641,0.00936,-0.00172,-5e-05,0.00179,-0.28366,-1.14541,0.00743,-0.00052,0.00013,0.13728,-0.19832,-1.06244,3,38.0151,362.6499,37.2129,178.6018,0.8378,-104.9622,0.003,24.8975,0.5932
736,000736.png,False,1788899313.258768,1788899313.198768,shear_-Y_out,5,-Y,0.5,0.00659,-0.23551,-1.05176,0.00974,-0.002,-0.00031,-0.01363,-0.29737,-1.13094,0.0078,-0.0008,-0.00014,0.13067,-0.21752,-1.04753,3,38.0188,362.6267,37.2091,178.603,0.8352,-104.9621,0.0051,24.8932,0.5975
737,000737.png,False,1788899313.454790,1788899313.394790,shear_-Y_out,5,-Y,0.5,-0.03219,-0.54722,-1.20818,0.01739,-0.00321,-0.00014,-0.05244,-0.60912,-1.28741,0.01545,-0.00201,3e-05,0.25389,-0.50937,-1.19844,3,38.0861,362.4673,37.1747,178.6076,0.825,-104.961,0.0094,24.8559,0.6348
738,000738.png,False,1788899313.646848,1788899313.586848,shear_-Y_out,5,-Y,0.5,0.02148,-0.61015,-1.11599,0.01897,-0.00178,-4e-05,0.0012,-0.67209,-1.19528,0.01703,-0.00058,0.00013,0.33119,-0.53558,-1.10528,3,38.1314,362.4597,37.2023,178.6023,0.837,-104.9615,0.0002,24.883,0.6077
739,000739.png,False,1788899313.842700,1788899313.782700,shear_-Y_out,5,-Y,0.5,0.03102,-0.54769,-1.08207,0.01745,-0.00144,-0.0001,0.01073,-0.60967,-1.16141,0.01551,-0.00024,8e-05,0.30801,-0.47617,-1.07247,3,38.1326,362.4606,37.202,178.6024,0.8373,-104.9622,0.0054,24.8827,0.608
740,000740.png,False,1788899314.038882,1788899313.978882,shear_-Y_back,5,-Y,0.0,0.01664,-0.57933,-1.07856,0.01827,-0.00185,-0.0001,-0.00368,-0.64135,-1.15797,0.01633,-0.00065,7e-05,0.31133,-0.5107,-1.06839,3,38.136,362.4399,37.2057,178.6029,0.8361,-104.9619,0.0096,24.886,0.6047
741,000741.png,False,1788899314.234719,1788899314.174719,shear_-Y_back,5,-Y,0.0,0.0081,-0.58702,-1.02264,0.01844,-0.00194,-0.00013,-0.01224,-0.64908,-1.10211,0.0165,-0.00074,4e-05,0.3074,-0.52073,-1.01233,3,38.138,362.4309,37.2176,178.6022,0.8372,-104.9617,0.0159,24.8979,0.5928
742,000742.png,False,1788899314.426728,1788899314.366729,shear_-Y_back,5,-Y,0.0,0.03267,-0.38737,-1.01778,0.01336,-0.00144,-0.0001,0.01231,-0.44947,-1.0973,0.01142,-0.00023,7e-05,0.2289,-0.33547,-1.01097,3,38.0952,362.5302,37.2167,178.6001,0.8414,-104.9648,0.0055,24.8988,0.5919
743,000743.png,False,1788899314.622914,1788899314.562914,shear_-Y_back,5,-Y,0.0,0.05806,-0.25018,-1.00802,0.00997,-0.00082,-0.00015,0.03767,-0.31232,-1.0876,0.00803,0.00039,2e-05,0.18228,-0.20381,-1.00364,3,38.0661,362.6206,37.2205,178.5978,0.8465,-104.9674,0.0039,24.9043,0.5864
744,000744.png,False,1788899314.818862,1788899314.758862,shear_-Y_back,5,-Y,0.0,0.08879,-0.08403,-0.99979,0.00594,-3e-05,-0.00026,0.06838,-0.14622,-1.07943,0.004,0.00117,-9e-05,0.12583,-0.04443,-0.99836,3,38.0273,362.7216,37.2183,178.597,0.8476,-104.9772,0.0059,24.904,0.5867
745,000745.png,False,1788899315.014811,1788899314.954811,shear_-Y_back,5,-Y,0.0,0.03594,-0.07025,-1.11353,0.00566,-0.00138,-0.00032,0.0155,-0.13247,-1.19322,0.00372,-0.00017,-0.00016,0.07395,-0.06072,-1.11221,3,38.0044,362.711,37.1973,178.5994,0.8422,-104.9761,0.0058,24.883,0.6077
746,000746.png,False,1788899315.210799,1788899315.150799,shear_-Y_back,5,-Y,0.0,-0.00165,0.05481,-1.2009,0.0027,-0.00236,-0.00035,-0.02211,-0.00746,-1.28065,0.00076,-0.00116,-0.00018,-0.02049,0.0274,-1.20166,3,37.9573,362.7449,37.1756,178.6007,0.8386,-104.9737,0.0001,24.8621,0.6286
747,000747.png,False,1788899315.794822,1788899315.734822,shear_-Y_back,5,-Y,0.0,-0.02822,0.15864,-1.22296,0.00019,-0.00307,-0.00047,-0.04874,0.09625,-1.30288,-0.00175,-0.00186,-0.0003,-0.09522,0.1037,-1.22546,3,37.8954,362.8161,37.1707,178.6037,0.8329,-104.9626,0.0097,24.8588,0.6319
748,000748.png,False,1788899315.990911,1788899315.930912,shear_+Y_out,5,+Y,0.5,0.01378,0.07711,-1.22675,0.00212,-0.00209,-0.00038,-0.00676,0.01468,-1.30674,0.00018,-0.00088,-0.00022,-0.01808,0.05401,-1.22793,4,37.9783,362.7441,37.1652,178.6066,0.8264,-104.9677,0.0024,24.8515,0.6392
749,000749.png,False,1788899316.182941,1788899316.122941,shear_+Y_out,5,+Y,0.5,0.16053,0.35726,-1.01769,-0.00488,0.00168,-0.00044,0.13996,0.2948,-1.09773,-0.00682,0.0029,-0.00028,-0.03239,0.37332,-1.02405,3,37.927,362.9718,37.2188,178.597,0.8473,-104.9705,0.0069,24.9092,0.5815
750,000750.png,False,1788899316.378929,1788899316.318929,shear_+Y_out,5,+Y,0.5,0.09683,0.4556,-1.13498,-0.00734,7e-05,-0.00072,0.07624,0.39309,-1.21508,-0.00929,0.00128,-0.00055,-0.13588,0.42479,-1.1429,3,37.871,363.0106,37.1872,178.6021,0.8361,-104.9702,0.0074,24.8785,0.6122
751,000751.png,False,1788899316.574956,1788899316.514956,shear_+Y_out,5,+Y,0.5,0.05055,0.35903,-1.2198,-0.00493,-0.00117,-0.0006,0.02993,0.29649,-1.29996,-0.00687,4e-05,-0.00044,-0.12714,0.31666,-1.22594,3,37.8725,362.9586,37.1722,178.6051,0.8296,-104.9684,0.0021,24.8628,0.6279
752,000752.png,False,1788899316.770930,1788899316.710930,shear_+Y_out,5,+Y,0.5,0.07595,0.71408,-1.19957,-0.0136,-0.00053,-0.00071,0.05531,0.65149,-1.27978,-0.01555,0.00068,-0.00054,-0.28267,0.63718,-1.21192,3,37.7855,363.1406,37.1835,178.602,0.8356,-104.9698,0.0037,24.8775,0.6132
753,000753.png,False,1788899316.962961,1788899316.902961,shear_+Y_out,5,+Y,0.5,0.01426,0.58408,-1.30777,-0.01049,-0.0021,-0.00051,-0.0064,0.52145,-1.38804,-0.01243,-0.00088,-0.00035,-0.2704,0.49203,-1.31773,3,37.7833,363.0793,37.1601,178.6065,0.8253,-104.969,0.0074,24.8532,0.6375
754,000754.png,False,1788899317.158939,1788899317.098939,shear_+Y_out,5,+Y,0.5,0.02819,0.6191,-1.28005,-0.01131,-0.00172,-0.00052,0.00751,0.55643,-1.36038,-0.01326,-0.0005,-0.00036,-0.27602,0.52977,-1.29065,3,37.7795,363.1003,37.1667,178.6054,0.8276,-104.9686,0.002,24.8602,0.6306
755,000755.png,False,1788899317.354979,1788899317.294979,shear_+Y_back,5,+Y,0.0,0.04276,0.65362,-1.25668,-0.01215,-0.00136,-0.00046,0.02205,0.59091,-1.33707,-0.0141,-0.00014,-0.0003,-0.28081,0.56731,-1.26791,3,37.777,363.1173,37.1711,178.6048,0.8295,-104.9686,0.0048,24.8648,0.6259
756,000756.png,False,1788899317.550956,1788899317.490957,shear_+Y_back,5,+Y,0.0,0.04969,0.66477,-1.23769,-0.01232,-0.00108,-0.00059,0.02896,0.60202,-1.31814,-0.01426,0.00014,-0.00043,-0.28052,0.58074,-1.24913,2,37.7752,363.1264,37.1741,178.6045,0.8301,-104.9686,0.007,24.868,0.6227
757,000757.png,False,1788899317.747023,1788899317.687023,shear_+Y_back,5,+Y,0.0,0.03809,0.47754,-1.1395,-0.008,-0.00147,-0.00036,0.01734,0.41475,-1.22,-0.00995,-0.00025,-0.0002,-0.19769,0.41436,-1.14768,3,37.8172,363.0418,37.1935,178.6046,0.8303,-104.9656,0.0006,24.8858,0.6049
758,000758.png,False,1788899317.938905,1788899317.878905,shear_+Y_back,5,+Y,0.0,-0.01243,0.30771,-1.15211,-0.00388,-0.00271,-0.00038,-0.0332,0.24488,-1.23267,-0.00582,-0.00149,-0.00022,-0.15652,0.24183,-1.15725,3,37.8477,362.9139,37.1821,178.6079,0.8235,-104.9616,0.0091,24.8721,0.6186
759,000759.png,False,1788899318.134948,1788899318.074949,shear_+Y_back,5,+Y,0.0,-0.03245,0.24152,-1.19262,-0.0021,-0.00314,-0.00071,-0.05324,0.17865,-1.27324,-0.00405,-0.00192,-0.00054,-0.14051,0.17386,-1.19657,3,37.8451,362.9183,37.1798,178.6042,0.8317,-104.9565,0.0053,24.8699,0.6208
760,000760.png,False,1788899318.331022,1788899318.271022,shear_+Y_back,5,+Y,0.0,-0.03801,0.23058,-1.16819,-0.00182,-0.00342,-0.00078,-0.05883,0.16767,-1.24887,-0.00376,-0.0022,-0.00062,-0.14003,0.16199,-1.17194,3,37.8511,362.8932,37.1735,178.6042,0.832,-104.9523,0.0008,24.8632,0.6275
761,000761.png,False,1788899318.527008,1788899318.467008,shear_+Y_back,5,+Y,0.0,-0.03003,0.11056,-1.1829,0.00125,-0.00306,-0.00064,-0.05087,0.04761,-1.26364,-0.0007,-0.00184,-0.00048,-0.07305,0.0618,-1.18458,3,37.8836,362.8621,37.1762,178.6033,0.8346,-104.9473,0.0019,24.8651,0.6256
762,000762.png,False,1788899318.719046,1788899318.659046,shear_+Y_back,5,+Y,0.0,0.08301,0.03739,-1.21571,0.00302,-0.0003,-0.00034,0.06215,-0.0256,-1.2965,0.00108,0.00092,-0.00018,0.06165,0.05439,-1.21634,3,37.961,362.8288,37.1727,178.6036,0.8336,-104.9552,0.0084,24.8605,0.6302
763,000763.png,False,1788899318.915075,1788899318.855075,shear_+Y_back,5,+Y,0.0,0.10904,-0.07739,-1.18685,0.00569,0.00025,-7e-05,0.08815,-0.14043,-1.2677,0.00374,0.00147,9e-05,0.14135,-0.03155,-1.18555,3,38.0138,362.7579,37.175,178.6041,0.8325,-104.9695,0.0064,24.8613,0.6294
764,000764.png,False,1788899319.111028,1788899319.051028,shear_+Y_back,5,+Y,0.0,0.10054,-0.0206,-1.15332,0.00424,8e-05,-0.00031,0.07963,-0.08368,-1.23423,0.00229,0.00131,-0.00015,0.10538,0.01392,-1.15299,2,37.995,362.7933,37.1796,178.6017,0.8369,-104.9728,0.0012,24.8667,0.624
765,000765.png,False,1788899319.503063,1788899319.443063,shear_+X_out,6,+X,0.5,0.01973,0.07516,-1.22871,0.00216,-0.00187,-0.00033,-0.00123,0.012,-1.30973,0.00022,-0.00064,-0.00017,-0.01194,0.05527,-1.22986,3,37.9128,362.834,37.1673,178.6017,0.8372,-104.9719,0.0105,24.8556,0.6351
766,000766.png,False,1788899319.695100,1788899319.635100,shear_+X_out,6,+X,0.5,-0.10644,0.30578,-1.52365,-0.0033,-0.00515,-0.00066,-0.12742,0.24258,-1.60473,-0.00524,-0.00392,-0.0005,-0.23441,0.18723,-1.52851,3,37.8183,362.9057,37.1099,178.5997,0.8408,-104.96,0.0059,24.8,0.6907
767,000767.png,False,1788899319.891094,1788899319.831094,shear_+X_out,6,+X,0.5,0.2626,0.32909,-1.41359,-0.00398,0.00422,-0.00038,0.2416,0.26585,-1.49473,-0.00593,0.00545,-0.00022,0.07285,0.39359,-1.41961,3,37.968,363.0017,37.1324,178.5986,0.845,-104.9583,0.0088,24.8229,0.6678
768,000768.png,False,1788899320.087013,1788899320.027013,shear_+X_out,6,+X,0.5,0.2427,0.18066,-1.53216,-0.0004,0.00362,-0.00033,0.22167,0.11738,-1.61336,-0.00235,0.00485,-0.00017,0.13059,0.25319,-1.53555,3,38.0027,362.9391,37.105,178.6038,0.8342,-104.9541,0.0034,24.7943,0.6964
769,000769.png,False,1788899320.671127,1788899320.611127,shear_+X_out,6,+X,0.5,0.24344,0.21062,-1.40123,-0.00118,0.00358,-0.0005,0.22235,0.14722,-1.4826,-0.00313,0.00482,-0.00034,0.11535,0.28161,-1.40516,3,37.9999,362.9537,37.1258,178.6039,0.8335,-104.9534,0.0021,24.8154,0.6753
770,000770.png,False,1788899320.867151,1788899320.807151,shear_+X_out,6,+X,0.5,0.47571,0.36454,-1.22104,-0.0051,0.0095,-0.00025,0.45459,0.3011,-1.30246,-0.00705,0.01073,-9e-05,0.2384,0.53386,-1.22812,3,38.0861,363.0875,37.1702,178.5992,0.8441,-104.9539,0.0079,24.8613,0.6294
771,000771.png,False,1788899321.063121,1788899321.003121,shear_+X_out,6,+X,0.5,0.64456,0.23221,-1.287,-0.0019,0.01384,-0.00037,0.62342,0.16873,-1.36848,-0.00385,0.01508,-0.00021,0.45123,0.50256,-1.29212,3,38.2037,363.0786,37.1476,178.6029,0.8373,-104.953,0.007,24.8377,0.653
772,000772.png,False,1788899321.255130,1788899321.195130,shear_+X_out,6,+X,0.5,0.59847,0.12923,-1.39381,0.0008,0.01274,-0.00013,0.57731,0.06571,-1.47535,-0.00115,0.01398,3e-05,0.4635,0.38863,-1.39703,3,38.2124,363.0318,37.1342,178.6056,0.8308,-104.9538,0.0036,24.8235,0.6672
773,000773.png,False,1788899321.451170,1788899321.391170,shear_+X_out,6,+X,0.5,0.61133,0.19041,-1.35689,-0.00061,0.01297,-0.00024,0.59014,0.12685,-1.43849,-0.00256,0.01421,-8e-05,0.44382,0.44864,-1.3612,3,38.2077,363.0584,37.1411,178.6043,0.8336,-104.9534,0.009,24.8309,0.6598
774,000774.png,False,1788899321.647088,1788899321.587088,shear_+X_back,6,+X,0.0,0.6099,0.20913,-1.34754,-0.0012,0.01296,-0.00033,0.58869,0.14553,-1.4292,-0.00315,0.0142,-0.00018,0.43316,0.46428,-1.35218,3,38.205,363.0701,37.1375,178.6038,0.8343,-104.9528,0.0049,24.8275,0.6632
775,000775.png,False,1788899321.843173,1788899321.783173,shear_+X_back,6,+X,0.0,0.61137,0.22198,-1.40863,-0.00144,0.01295,-0.00024,0.59014,0.15833,-1.49034,-0.00339,0.01419,-9e-05,0.42844,0.47517,-1.41348,3,38.2027,363.0772,37.1295,178.6041,0.8335,-104.9523,0.0023,24.8197,0.671
776,000776.png,False,1788899322.039102,1788899321.979102,shear_+X_back,6,+X,0.0,0.35172,0.28311,-1.50471,-0.00313,0.00631,-0.00027,0.33047,0.21943,-1.58648,-0.00509,0.00755,-0.00012,0.17365,0.39684,-1.51009,3,38.0753,363.0313,37.1087,178.6043,0.8321,-104.951,0.0045,24.799,0.6917
777,000777.png,False,1788899322.231211,1788899322.171211,shear_+X_back,6,+X,0.0,0.14307,0.27245,-1.65321,-0.00264,0.00119,-0.00028,0.1218,0.20872,-1.73504,-0.00459,0.00243,-0.00012,-0.00073,0.28097,-1.65797,3,37.9773,362.9571,37.0772,178.6052,0.8291,-104.9523,0.0056,24.767,0.7237
778,000778.png,False,1788899322.427233,1788899322.367233,shear_+X_back,6,+X,0.0,-0.01196,0.28253,-1.77551,-0.0028,-0.00293,-0.00027,-0.03326,0.21876,-1.8574,-0.00476,-0.00169,-0.00012,-0.13921,0.21028,-1.78011,3,37.8809,362.9242,37.0582,178.6071,0.8241,-104.9536,0.0049,24.7481,0.7426
779,000779.png,False,1788899323.011253,1788899322.951253,shear_+X_back,6,+X,0.0,-0.16978,0.34322,-1.35928,-0.00464,-0.0068,-0.0003,-0.19114,0.27933,-1.44135,-0.00659,-0.00556,-0.00015,-0.30912,0.19065,-1.36469,3,37.7796,362.9194,37.1434,178.597,0.8455,-104.9531,0.0048,24.8339,0.6568
780,000780.png,False,1788899323.599291,1788899323.539291,shear_-X_out,6,-X,0.5,-0.18464,0.28283,-1.48082,-0.00314,-0.00716,-0.00048,-0.20608,0.21882,-1.56305,-0.00509,-0.00591,-0.00034,-0.29098,0.12897,-1.48513,3,37.7872,362.8804,37.1106,178.5953,0.849,-104.9546,0.008,24.8004,0.6903
781,000781.png,False,1788899323.795289,1788899323.735289,shear_-X_out,6,-X,0.5,-0.2783,0.12404,-1.70309,0.00122,-0.00961,-0.00027,-0.29976,0.05999,-1.78538,-0.00073,-0.00836,-0.00012,-0.29123,-0.05891,-1.70442,3,37.7758,362.7761,37.0684,178.6001,0.8388,-104.9491,0.0068,24.7567,0.734
782,000782.png,False,1788899323.987200,1788899323.927201,shear_-X_out,6,-X,0.5,-0.44978,0.14653,-1.74398,0.00049,-0.01395,-0.00057,-0.47127,0.08244,-1.82633,-0.00146,-0.0127,-0.00042,-0.45073,-0.12577,-1.74535,3,37.6979,362.7467,37.0633,178.5991,0.8396,-104.9569,0.0041,24.7517,0.739
783,000783.png,False,1788899324.183211,1788899324.123211,shear_-X_out,6,-X,0.5,-0.46787,0.28117,-1.67607,-0.00273,-0.01438,-0.00046,-0.48938,0.21703,-1.75848,-0.00468,-0.01313,-0.00032,-0.53413,-0.01712,-1.67976,3,37.6574,362.7934,37.0806,178.5954,0.8471,-104.959,0.0099,24.77,0.7208
784,000784.png,False,1788899324.575250,1788899324.515250,shear_-X_back,6,-X,0.0,-0.45683,0.24592,-1.54232,-0.002,-0.01408,-0.00025,-0.47838,0.18171,-1.62485,-0.00396,-0.01282,-0.0001,-0.50789,-0.03998,-1.54544,3,37.6601,362.7795,37.105,178.5942,0.8501,-104.9612,0.0021,24.7941,0.6966
785,000785.png,False,1788899324.767329,1788899324.707329,shear_-X_back,6,-X,0.0,-0.45462,0.23477,-1.49354,-0.00189,-0.01412,-0.00042,-0.47619,0.17051,-1.57612,-0.00384,-0.01286,-0.00027,-0.50074,-0.04776,-1.49647,3,37.6611,362.7738,37.1084,178.5942,0.8506,-104.9616,0.0084,24.7974,0.6933
786,000786.png,False,1788899324.963336,1788899324.903336,shear_-X_back,6,-X,0.0,-0.26451,0.19615,-1.45786,-0.00072,-0.00911,-0.00045,-0.28611,0.13185,-1.5405,-0.00267,-0.00786,-0.00031,-0.31702,0.01436,-1.46051,3,37.7512,362.8065,37.1142,178.5929,0.854,-104.969,0.0006,24.8032,0.6875
787,000787.png,False,1788899325.159343,1788899325.099343,shear_-X_back,6,-X,0.0,-0.12964,0.24563,-1.38038,-0.00212,-0.00584,-0.00036,-0.15126,0.18129,-1.46308,-0.00408,-0.00459,-0.00022,-0.22545,0.12585,-1.38417,3,37.808,362.8765,37.1312,178.59,0.8603,-104.9682,0.0074,24.8209,0.6698
788,000788.png,False,1788899325.355266,1788899325.295266,shear_-X_back,6,-X,0.0,-0.06804,0.19461,-1.42866,-0.00096,-0.0042,-0.00032,-0.08968,0.13023,-1.51141,-0.00291,-0.00295,-0.00017,-0.14626,0.11166,-1.43168,3,37.8406,362.8605,37.1243,178.5898,0.8607,-104.9673,0.0062,24.8135,0.6772
789,000789.png,False,1788899325.547371,1788899325.487371,shear_-X_back,6,-X,0.0,-0.01334,0.18521,-1.5463,-0.0005,-0.00294,-0.00036,-0.03501,0.12079,-1.62912,-0.00245,-0.00169,-0.00022,-0.09337,0.12897,-1.54925,3,37.874,362.8712,37.0967,178.5925,0.8556,-104.9669,0.0031,24.7859,0.7048
790,000790.png,False,1788899326.331399,1788899326.271399,shear_-Y_out,6,-Y,0.5,-0.01457,0.21271,-1.49439,-0.00132,-0.00295,-0.00013,-0.03633,0.14813,-1.57744,-0.00328,-0.00169,1e-05,-0.10853,0.15301,-1.49782,3,37.8707,362.8835,37.1111,178.5914,0.8581,-104.9645,0.0053,24.8004,0.6903
791,000791.png,False,1788899326.523410,1788899326.463410,shear_-Y_out,6,-Y,0.5,-0.05613,0.19926,-1.38732,-0.00105,-0.00401,-0.00029,-0.07791,0.13464,-1.47042,-0.003,-0.00275,-0.00014,-0.13855,0.1223,-1.39045,3,37.8587,362.8549,37.13,178.5916,0.8576,-104.9627,0.0069,24.8189,0.6718
792,000792.png,False,1788899326.719434,1788899326.659434,shear_-Y_out,6,-Y,0.5,-0.10732,-0.1172,-1.49434,0.00697,-0.00516,-0.00014,-0.12912,-0.18186,-1.5775,0.00501,-0.0039,1e-05,-0.02404,-0.17906,-1.49187,3,37.9178,362.7133,37.1077,178.5956,0.85,-104.9599,0.0076,24.794,0.6967
793,000793.png,False,1788899327.303466,1788899327.243466,shear_-Y_out,6,-Y,0.5,-0.0332,-0.14865,-1.33586,0.00749,-0.00342,-0.00016,-0.05507,-0.21344,-1.41919,0.00553,-0.00216,-2e-05,0.05477,-0.16673,-1.33301,3,37.9634,362.7032,37.1357,178.5903,0.8618,-104.9628,0.0023,24.8215,0.6692
794,000794.png,False,1788899327.695383,1788899327.635383,shear_-Y_out,6,-Y,0.5,-0.03555,-0.15353,-1.24787,0.00761,-0.0034,-0.00016,-0.05747,-0.2184,-1.33132,0.00565,-0.00213,-2e-05,0.05456,-0.17072,-1.24495,2,37.9629,362.7012,37.1567,178.5899,0.8621,-104.9628,0.0115,24.8425,0.6482
795,000795.png,False,1788899327.891390,1788899327.831390,shear_-Y_out,6,-Y,0.5,-0.0659,-0.27901,-1.12139,0.01073,-0.00413,-0.00012,-0.08784,-0.34392,-1.20489,0.00878,-0.00286,2e-05,0.09009,-0.29254,-1.11625,3,37.9855,362.6278,37.1839,178.5909,0.8602,-104.9608,0.0013,24.8683,0.6224
796,000796.png,False,1788899328.087397,1788899328.027397,shear_-Y_out,6,-Y,0.5,-0.04805,-0.34572,-1.14026,0.01238,-0.00359,-0.00015,-0.07002,-0.41067,-1.22383,0.01042,-0.00232,-2e-05,0.13901,-0.34169,-1.134,3,38.0179,362.5931,37.1785,178.5917,0.8592,-104.9606,0.0072,24.8622,0.6285
797,000797.png,False,1788899328.279513,1788899328.219513,shear_-Y_out,6,-Y,0.5,-0.02959,-0.44051,-1.19055,0.01467,-0.00316,-0.00033,-0.05157,-0.5055,-1.27417,0.01271,-0.00189,-0.00019,0.20272,-0.41537,-1.18267,3,38.0557,362.5434,37.1637,178.5907,0.861,-104.9636,0.0035,24.8463,0.6444
798,000798.png,False,1788899328.475428,1788899328.415428,shear_-Y_out,6,-Y,0.5,-0.0356,-0.55844,-1.25084,0.01769,-0.00331,-4e-05,-0.0576,-0.62347,-1.33452,0.01574,-0.00204,9e-05,0.25685,-0.52147,-1.24089,3,38.0888,362.4801,37.1575,178.5907,0.8611,-104.963,0.0035,24.8389,0.6518
799,000799.png,False,1788899329.059452,1788899328.999452,shear_-Y_back,6,-Y,0.0,-0.02508,-0.57497,-1.24171,0.01814,-0.00315,-0.00014,-0.04716,-0.64012,-1.32556,0.01618,-0.00187,-1e-05,0.27415,-0.53039,-1.2315,3,38.1067,362.4613,37.1602,178.5904,0.8624,-104.963,0.0049,24.8411,0.6496
800,000800.png,False,1788899329.255548,1788899329.195549,shear_-Y_back,6,-Y,0.0,-0.02774,-0.57334,-1.22615,0.01815,-0.00315,-0.00026,-0.04984,-0.63853,-1.31006,0.01619,-0.00187,-0.00013,0.27092,-0.53006,-1.21597,3,38.1072,362.4559,37.1584,178.5903,0.8621,-104.9628,0.0081,24.8393,0.6514
801,000801.png,False,1788899329.451468,1788899329.391468,shear_-Y_back,6,-Y,0.0,0.05372,-0.34762,-1.10237,0.0125,-0.00109,-0.00014,0.0316,-0.41286,-1.18633,0.01054,0.00019,-0.0,0.22786,-0.29188,-1.09628,3,38.0847,362.5752,37.1863,178.5846,0.8737,-104.9676,0.0012,24.8692,0.6215
802,000802.png,False,1788899329.647475,1788899329.587475,shear_-Y_back,6,-Y,0.0,0.0341,-0.3743,-1.12685,0.01325,-0.00141,-0.00011,0.01196,-0.43958,-1.21087,0.01129,-0.00013,3e-05,0.22436,-0.32518,-1.12025,3,38.0841,362.5649,37.1844,178.5865,0.8693,-104.9691,0.0041,24.8671,0.6236
803,000803.png,False,1788899329.839580,1788899329.779580,shear_-Y_back,6,-Y,0.0,0.09234,-0.19643,-1.04385,0.00874,-0.00014,-0.00012,0.07017,-0.26175,-1.12793,0.00678,0.00114,1e-05,0.18536,-0.14071,-1.04047,3,38.0687,362.6435,37.1946,178.5844,0.8739,-104.9798,0.0065,24.8787,0.612
804,000804.png,False,1788899330.231606,1788899330.171607,shear_-Y_back,6,-Y,0.0,-0.10789,0.04438,-1.65438,0.0031,-0.0054,-0.00033,-0.13011,-0.02102,-1.73857,0.00114,-0.00412,-0.0002,-0.10416,-0.04198,-1.65468,3,37.9119,362.7256,37.0829,178.5928,0.8548,-104.9699,0.0073,24.7694,0.7213
805,000805.png,False,1788899330.427614,1788899330.367615,shear_-Y_back,6,-Y,0.0,-0.10302,0.07814,-1.53807,0.00221,-0.00536,-0.00025,-0.12525,0.01271,-1.62233,0.00025,-0.00408,-0.00011,-0.11761,-0.00843,-1.53899,3,37.8925,362.7507,37.106,178.593,0.8546,-104.9673,0.0,24.7931,0.6976
806,000806.png,False,1788899330.623676,1788899330.563676,shear_-Y_back,6,-Y,0.0,-0.09424,0.14419,-1.42541,0.00044,-0.00499,-0.00034,-0.1165,0.07872,-1.50973,-0.00152,-0.00371,-0.00021,-0.14379,0.05496,-1.42751,3,37.873,362.8178,37.1347,178.5902,0.8601,-104.9662,0.0088,24.823,0.6677
807,000807.png,False,1788899330.815624,1788899330.755624,shear_-Y_back,6,-Y,0.0,-0.03714,0.26483,-1.30663,-0.00267,-0.00355,-0.0002,-0.05942,0.19931,-1.391,-0.00464,-0.00227,-7e-05,-0.15543,0.18987,-1.31095,3,37.8675,362.8633,37.1525,178.5892,0.8627,-104.9667,0.0012,24.8415,0.6492
808,000808.png,False,1788899331.011634,1788899330.951634,shear_-Y_back,6,-Y,0.0,-0.01,0.31882,-1.24572,-0.00394,-0.00286,-0.00056,-0.03231,0.25326,-1.33014,-0.00591,-0.00158,-0.00043,-0.15932,0.25117,-1.25104,3,37.8598,362.8996,37.1595,178.5885,0.8641,-104.9678,0.0091,24.8491,0.6416
809,000809.png,False,1788899331.403565,1788899331.343565,shear_-Y_back,6,-Y,0.0,-0.05415,0.18478,-1.36043,-0.00068,-0.00413,-0.00032,-0.07651,0.11914,-1.44497,-0.00264,-0.00284,-0.00019,-0.1298,0.11118,-1.36332,3,37.873,362.8311,37.1366,178.5917,0.8568,-104.9751,0.0021,24.8251,0.6656
810,000810.png,False,1788899331.595665,1788899331.535666,shear_-Y_back,6,-Y,0.0,-0.02788,0.28095,-1.52949,-0.00289,-0.00342,-0.0002,-0.05025,0.21527,-1.61409,-0.00485,-0.00214,-7e-05,-0.15392,0.20489,-1.53407,3,37.8623,362.8855,37.1025,178.5937,0.8523,-104.979,0.0082,24.7919,0.6988
811,000811.png,False,1788899331.791677,1788899331.731677,shear_+Y_out,6,+Y,0.5,-0.03424,0.26169,-1.77408,-0.00234,-0.0037,-0.00013,-0.05664,0.19597,-1.85874,-0.0043,-0.00241,-0.0,-0.14811,0.18112,-1.77828,3,37.8662,362.8632,37.0578,178.5976,0.8439,-104.979,0.0029,24.7468,0.7439
812,000812.png,False,1788899331.987700,1788899331.927700,shear_+Y_out,6,+Y,0.5,-0.01744,0.31317,-1.7406,-0.00339,-0.00313,-0.00012,-0.03986,0.24741,-1.82531,-0.00536,-0.00184,1e-05,-0.1595,0.23463,-1.74573,3,37.8593,362.896,37.0696,178.5959,0.8474,-104.9805,0.0028,24.7592,0.7315
813,000813.png,False,1788899332.183707,1788899332.123707,shear_+Y_out,6,+Y,0.5,-0.00731,0.35426,-1.66724,-0.00471,-0.00297,-0.00015,-0.02975,0.28846,-1.75202,-0.00668,-0.00168,-2e-05,-0.17177,0.27646,-1.67311,3,37.8505,362.9177,37.0822,178.5958,0.8475,-104.982,0.0087,24.7723,0.7184
814,000814.png,False,1788899332.375705,1788899332.315705,shear_+Y_out,6,+Y,0.5,-0.02647,0.46868,-1.56551,-0.00744,-0.00336,-0.00024,-0.04894,0.40284,-1.65034,-0.0094,-0.00206,-0.00012,-0.24624,0.36761,-1.57335,3,37.8144,362.966,37.1011,178.5945,0.8502,-104.9801,0.002,24.7921,0.6986
815,000815.png,False,1788899332.571720,1788899332.511720,shear_+Y_out,6,+Y,0.5,-0.03296,0.56785,-1.50508,-0.0099,-0.0036,-0.00038,-0.05545,0.50196,-1.58996,-0.01186,-0.00231,-0.00026,-0.30183,0.45121,-1.51463,3,37.7844,363.0109,37.1095,178.5936,0.8519,-104.9794,0.0054,24.8015,0.6892
816,000816.png,False,1788899332.767738,1788899332.707738,shear_+Y_out,6,+Y,0.5,-0.03008,0.61902,-1.62905,-0.01137,-0.00365,-0.00043,-0.05259,0.5531,-1.714,-0.01334,-0.00236,-0.00031,-0.32404,0.49499,-1.63948,3,37.7658,363.0412,37.0815,178.5954,0.8486,-104.979,0.0095,24.7741,0.7166
817,000817.png,False,1788899333.351784,1788899333.291784,shear_+Y_out,6,+Y,0.5,-0.04367,0.67506,-1.81277,-0.0126,-0.00399,-0.0004,-0.06626,0.60902,-1.89789,-0.01457,-0.00269,-0.00028,-0.36254,0.53379,-1.82412,3,37.7446,363.0683,37.0559,178.5976,0.8431,-104.9789,0.0099,24.7491,0.7416
818,000818.png,False,1788899333.547780,1788899333.487780,shear_+Y_back,6,+Y,0.0,-0.04378,0.68394,-1.80535,-0.01281,-0.00387,-0.00038,-0.06638,0.61785,-1.89053,-0.01478,-0.00258,-0.00026,-0.36712,0.54154,-1.81685,3,37.7437,363.0706,37.0554,178.5978,0.8432,-104.9798,0.0048,24.7486,0.7421
819,000819.png,False,1788899333.743806,1788899333.683806,shear_+Y_back,6,+Y,0.0,-0.04252,0.6878,-1.79879,-0.01286,-0.00398,-0.00049,-0.06515,0.62168,-1.88402,-0.01483,-0.00268,-0.00037,-0.368,0.54563,-1.81035,3,37.7401,363.0744,37.0561,178.5973,0.8437,-104.9792,0.0003,24.7494,0.7413
820,000820.png,False,1788899333.939844,1788899333.879844,shear_+Y_back,6,+Y,0.0,-0.12045,0.47305,-1.93869,-0.00753,-0.00594,-0.00037,-0.1431,0.40688,-2.02398,-0.0095,-0.00464,-0.00025,-0.32724,0.31846,-1.94636,3,37.7587,362.971,37.029,178.602,0.8342,-104.9771,0.0052,24.7205,0.7702
821,000821.png,False,1788899334.131824,1788899334.071824,shear_+Y_back,6,+Y,0.0,-0.12498,0.45209,-1.95464,-0.00712,-0.00608,-0.00031,-0.14765,0.38588,-2.03999,-0.00908,-0.00478,-0.00019,-0.32058,0.29778,-1.96193,3,37.7578,362.9742,37.0276,178.6021,0.8342,-104.9741,0.0036,24.7192,0.7715
822,000822.png,False,1788899334.327785,1788899334.267785,shear_+Y_back,6,+Y,0.0,-0.13556,0.42003,-1.98333,-0.00628,-0.00637,-0.00031,-0.15825,0.35378,-2.06874,-0.00824,-0.00507,-0.00019,-0.31353,0.26427,-1.99004,3,37.7597,362.9619,37.0249,178.6019,0.8345,-104.9687,0.0028,24.7163,0.7745
823,000823.png,False,1788899334.523819,1788899334.463820,shear_+Y_back,6,+Y,0.0,-0.14039,0.39661,-1.98381,-0.00568,-0.00653,-0.00044,-0.16311,0.33032,-2.06928,-0.00765,-0.00523,-0.00031,-0.30601,0.24156,-1.99011,3,37.7659,362.9406,37.02,178.6027,0.8333,-104.965,0.0095,24.711,0.7797
824,000824.png,False,1788899334.719850,1788899334.659850,shear_+Y_back,6,+Y,0.0,-0.12861,0.39448,-1.85151,-0.00574,-0.00631,-0.00061,-0.15135,0.32815,-1.93703,-0.00771,-0.00501,-0.00049,-0.29565,0.24773,-1.85781,3,37.7704,362.9313,37.0341,178.6019,0.8348,-104.9624,0.0062,24.7249,0.7658
825,000825.png,False,1788899334.915826,1788899334.855826,shear_+Y_back,6,+Y,0.0,-0.08144,0.33217,-1.56934,-0.00401,-0.0047,-0.00048,-0.10421,0.2658,-1.65492,-0.00598,-0.0034,-0.00036,-0.22563,0.22185,-1.57469,3,37.8167,362.9045,37.0909,178.5984,0.8425,-104.9626,0.0083,24.781,0.7097
826,000826.png,False,1788899335.107872,1788899335.047872,shear_+Y_back,6,+Y,0.0,-0.00567,0.26899,-1.52383,-0.00269,-0.0028,-0.00053,-0.02845,0.20258,-1.60947,-0.00466,-0.0015,-0.00041,-0.12874,0.20572,-1.52825,3,37.8799,362.8586,37.0818,178.5969,0.8461,-104.9694,0.002,24.7707,0.72
827,000827.png,False,1788899335.499768,1788899335.439768,shear_+Y_back,6,+Y,0.0,0.01186,0.19056,-1.70509,-0.00065,-0.0025,-0.00031,-0.01098,0.12406,-1.79085,-0.00261,-0.00119,-0.00019,-0.07311,0.14365,-1.70816,3,37.8899,362.8749,37.0611,178.5942,0.8519,-104.9803,0.0077,24.7502,0.7405
828,000828.png,False,1788899335.695862,1788899335.635862,shear_+Y_back,6,+Y,0.0,0.01221,0.22228,-1.73067,-0.00117,-0.0023,-0.00043,-0.01065,0.15574,-1.81648,-0.00314,-0.00099,-0.00031,-0.08848,0.17088,-1.73428,2,37.8837,362.8818,37.0572,178.5941,0.8521,-104.9812,0.0027,24.7464,0.7443
829,000829.png,False,1788899335.887893,1788899335.827893,shear_+Y_back,6,+Y,0.0,-0.00804,0.20889,-1.74691,-0.00109,-0.00309,-0.00032,-0.03092,0.14232,-1.83279,-0.00305,-0.00178,-0.0002,-0.09922,0.14892,-1.75025,3,37.8761,362.8721,37.0536,178.5938,0.8521,-104.9812,0.007,24.7427,0.748
830,000830.png,False,1788899336.083898,1788899336.023898,shear_+Y_back,6,+Y,0.0,-0.07891,0.00512,-1.03444,0.00382,-0.00452,-0.00043,-0.10181,-0.0615,-1.12037,0.00185,-0.00321,-0.00031,-0.06374,-0.05156,-1.03422,3,37.8883,362.8012,37.1927,178.5926,0.8553,-104.9786,0.0022,24.8806,0.6101
831,000831.png,False,1788899336.280005,1788899336.220005,shear_+Y_back,6,+Y,0.0,-0.03575,0.12324,-0.9989,0.00069,-0.00355,-0.0002,-0.05867,0.05659,-1.08488,-0.00127,-0.00224,-8e-05,-0.08562,0.07287,-1.00081,3,37.8823,362.8263,37.2095,178.592,0.8561,-104.9788,0.0027,24.8979,0.5928
832,000832.png,False,1788899336.475964,1788899336.415964,shear_+Y_back,6,+Y,0.0,-0.04964,0.08841,-1.47813,0.00174,-0.00416,-8e-05,-0.07259,0.02171,-1.56417,-0.00023,-0.00285,3e-05,-0.07692,0.02809,-1.47934,3,37.8879,362.8018,37.1112,178.5971,0.8451,-104.9783,0.0083,24.7991,0.6916
833,000833.png,False,1788899336.863955,1788899336.803956,shear_+Y_back,6,+Y,0.0,-0.01931,0.13022,-0.97245,0.00053,-0.00308,-0.0001,-0.0423,0.06345,-1.05861,-0.00144,-0.00177,1e-05,-0.07505,0.08756,-0.97453,3,37.885,362.8352,37.2233,178.5901,0.8608,-104.9773,0.0044,24.9118,0.5789
834,000834.png,False,1788899337.451947,1788899337.391947,shear_+Y_back,6,+Y,0.0,0.00173,0.07917,-1.07706,0.0019,-0.0025,-0.00019,-0.02134,0.01227,-1.1634,-7e-05,-0.00118,-8e-05,-0.03059,0.05217,-1.07828,3,37.9122,362.8167,37.1979,178.5919,0.8564,-104.981,0.0014,24.8859,0.6048
835,000835.png,False,1788899339.596061,1788899339.536061,shear_+X_out,7,+X,0.5,0.00816,0.06377,-1.3189,0.0025,-0.00249,-0.00018,-0.01515,-0.00357,-1.40587,0.00053,-0.00116,-7e-05,-0.01565,0.03819,-1.31982,3,37.9274,362.8007,37.1458,178.5949,0.8504,-104.9829,0.0096,24.8335,0.6572
836,000836.png,False,1788899339.792094,1788899339.732094,shear_+X_out,7,+X,0.5,0.03367,0.06694,-1.36921,0.00231,-0.00192,-0.00032,0.01034,-0.00045,-1.45623,0.00033,-0.00059,-0.00021,0.00522,0.05287,-1.37023,3,37.9369,362.8142,37.1322,178.595,0.8497,-104.9853,0.0036,24.82,0.6707
837,000837.png,False,1788899339.988059,1788899339.928059,shear_+X_out,7,+X,0.5,0.04336,0.09321,-1.35208,0.00187,-0.0016,-0.00028,0.02,0.02578,-1.43916,-0.0001,-0.00028,-0.00017,0.00036,0.08073,-1.35358,3,37.9369,362.8242,37.1357,178.5947,0.8513,-104.9794,0.0016,24.8236,0.6671
838,000838.png,False,1788899340.180107,1788899340.120107,shear_+X_out,7,+X,0.5,0.06624,0.10785,-1.33103,0.0014,-0.001,-0.00022,0.04286,0.04038,-1.41818,-0.00058,0.00033,-0.00011,0.01272,0.10518,-1.33283,3,37.9443,362.8378,37.143,178.594,0.8522,-104.9784,0.0091,24.8311,0.6596
839,000839.png,False,1788899340.376007,1788899340.316007,shear_+X_out,7,+X,0.5,0.17433,0.09247,-1.27031,0.00168,0.00163,-0.00026,0.15093,0.02496,-1.35751,-0.00029,0.00296,-0.00016,0.11362,0.14684,-1.27207,3,37.9948,362.8578,37.1515,178.5936,0.8533,-104.9829,0.0016,24.8396,0.6511
840,000840.png,False,1788899340.572109,1788899340.512109,shear_+X_out,7,+X,0.5,0.25947,0.0759,-1.21343,0.00198,0.00375,-0.00036,0.23604,0.00835,-1.30068,1e-05,0.00508,-0.00026,0.19525,0.17594,-1.21508,3,38.0402,362.8778,37.1595,178.5935,0.8541,-104.9842,0.0046,24.8476,0.6431
841,000841.png,False,1788899340.768129,1788899340.708129,shear_+X_out,7,+X,0.5,0.30367,0.08619,-1.25336,0.00176,0.00491,-5e-05,0.28022,0.0186,-1.34068,-0.00021,0.00624,6e-05,0.22867,0.20631,-1.25527,3,38.0646,362.8955,37.1557,178.5939,0.8534,-104.9845,0.007,24.8438,0.6469
842,000842.png,False,1788899340.960154,1788899340.900154,shear_+X_out,7,+X,0.5,0.36012,0.06416,-1.32517,0.00224,0.00618,-0.00017,0.33665,-0.00347,-1.41255,0.00026,0.00752,-6e-05,0.28907,0.21428,-1.32681,3,38.0981,362.9032,37.1413,178.5954,0.8506,-104.9844,0.0026,24.8294,0.6613
843,000843.png,False,1788899341.156148,1788899341.096148,shear_+X_out,7,+X,0.5,0.41887,0.06312,-1.38639,0.00238,0.00774,-2e-05,0.39538,-0.00455,-1.47382,0.0004,0.00907,8e-05,0.34091,0.24176,-1.38811,3,38.1282,362.9182,37.1317,178.5959,0.8492,-104.9846,0.0081,24.8198,0.6709
844,000844.png,False,1788899341.744166,1788899341.684166,shear_+X_out,7,+X,0.5,0.45008,0.05664,-1.38726,0.00258,0.00845,-0.0001,0.42652,-0.01116,-1.47487,0.0006,0.00979,1e-05,0.37118,0.25172,-1.38894,3,38.1527,362.9268,37.1271,178.5964,0.8478,-104.9855,0.007,24.8152,0.6756
845,000845.png,False,1788899342.716255,1788899342.656255,shear_+X_out,7,+X,0.5,0.46624,0.08163,-1.2806,0.00199,0.00891,-6e-05,0.44256,0.01363,-1.36849,1e-05,0.01026,4e-05,0.37196,0.28314,-1.28275,3,38.1619,362.9453,37.1504,178.5963,0.8476,-104.9846,0.0075,24.8388,0.652
846,000846.png,False,1788899342.912187,1788899342.852187,shear_+X_out,7,+X,0.5,0.49488,0.06971,-1.28948,0.00239,0.00979,0.00012,0.47118,0.00167,-1.37743,0.00041,0.01113,0.00023,0.40279,0.28699,-1.29148,3,38.1803,362.9479,37.1546,178.5963,0.8477,-104.9853,0.0021,24.8428,0.6479
847,000847.png,False,1788899343.108228,1788899343.048228,shear_+X_out,7,+X,0.5,0.53289,0.06661,-1.19886,0.00218,0.01057,-0.00032,0.50917,-0.00147,-1.28686,0.00021,0.01192,-0.00022,0.43663,0.30475,-1.20089,3,38.2024,362.9609,37.159,178.596,0.8485,-104.9868,0.0031,24.8473,0.6434
848,000848.png,False,1788899343.304225,1788899343.244225,shear_+X_out,7,+X,0.5,0.56515,0.05677,-1.22919,0.00261,0.01157,6e-05,0.54141,-0.01135,-1.31726,0.00064,0.01292,0.00016,0.4697,0.31187,-1.23112,3,38.222,362.9672,37.1629,178.5959,0.849,-104.9864,0.0082,24.8512,0.6395
849,000849.png,False,1788899343.496259,1788899343.436260,shear_+X_out,7,+X,0.5,0.59134,0.07006,-1.20214,0.00212,0.01216,0.00015,0.56757,0.0019,-1.29027,0.00014,0.0135,0.00025,0.48556,0.33689,-1.20436,3,38.2342,362.985,37.1711,178.5951,0.8504,-104.9862,0.0026,24.8595,0.6312
850,000850.png,False,1788899343.692174,1788899343.632174,shear_+X_out,7,+X,0.5,0.61785,0.07691,-1.2031,0.0021,0.01272,0.00017,0.59406,0.00871,-1.29128,0.00012,0.01407,0.00027,0.50511,0.35606,-1.20549,3,38.2482,362.9956,37.1741,178.5949,0.8509,-104.9857,0.0025,24.8627,0.628
851,000851.png,False,1788899343.888186,1788899343.828186,shear_+X_out,7,+X,0.5,0.64051,0.07414,-1.2006,0.00198,0.0134,0.00017,0.6167,0.0059,-1.28884,1e-05,0.01475,0.00027,0.52611,0.36502,-1.20299,3,38.2665,363.0041,37.1728,178.5951,0.8507,-104.9866,0.0079,24.8613,0.6294
852,000852.png,False,1788899344.084276,1788899344.024276,shear_+X_out,7,+X,0.5,0.66696,0.06757,-1.2796,0.00233,0.01403,0.00017,0.64312,-0.00072,-1.3679,0.00036,0.01538,0.00027,0.55284,0.37127,-1.28191,3,38.2831,363.0075,37.1553,178.5961,0.8486,-104.9859,0.0059,24.8438,0.6469
853,000853.png,False,1788899344.864326,1788899344.804327,shear_+X_back,7,+X,0.0,0.69483,0.05505,-1.34878,0.00259,0.01464,4e-05,0.6709,-0.0134,-1.43731,0.00061,0.016,0.00013,0.58372,0.37325,-1.35092,3,38.3059,363.0134,37.1392,178.5975,0.8457,-104.9864,0.0028,24.8276,0.6631
854,000854.png,False,1788899345.060342,1788899345.000342,shear_+X_back,7,+X,0.0,0.69453,0.0574,-1.38398,0.00272,0.01477,0.00025,0.67058,-0.01109,-1.47256,0.00074,0.01612,0.00034,0.58253,0.37457,-1.38615,3,38.3055,363.0146,37.1398,178.5973,0.8456,-104.9866,0.0092,24.8282,0.6625
855,000855.png,False,1788899345.252255,1788899345.192255,shear_+X_back,7,+X,0.0,0.63801,-0.03949,-1.44513,0.00508,0.01336,0.00033,0.61403,-0.10802,-1.53377,0.0031,0.01472,0.00042,0.5824,0.26144,-1.4455,3,38.3073,362.958,37.1252,178.5997,0.8399,-104.9952,0.0025,24.8127,0.678
856,000856.png,False,1788899345.448357,1788899345.388357,shear_+X_back,7,+X,0.0,0.47494,0.02081,-1.48091,0.00352,0.00911,0.00015,0.45094,-0.04776,-1.56961,0.00154,0.01047,0.00025,0.41127,0.23161,-1.48199,3,38.222,362.949,37.1161,178.5995,0.8398,-104.9909,0.0081,24.8041,0.6866
857,000857.png,False,1788899345.644358,1788899345.584358,shear_+X_back,7,+X,0.0,0.36367,0.00779,-1.54101,0.00413,0.00662,-3e-05,0.33965,-0.06082,-1.62977,0.00215,0.00798,6e-05,0.32181,0.16378,-1.54164,3,38.1668,362.9036,37.1005,178.6015,0.8348,-104.9915,0.0027,24.7881,0.7026
858,000858.png,False,1788899345.840375,1788899345.780375,shear_+X_back,7,+X,0.0,0.31702,0.05632,-1.52969,0.00285,0.00533,0.0,0.29298,-0.01233,-1.6185,0.00087,0.00669,9e-05,0.25707,0.18268,-1.53107,3,38.1325,362.908,37.1026,178.5999,0.8381,-104.9904,0.0064,24.7906,0.7001
859,000859.png,False,1788899346.036406,1788899345.976406,shear_+X_back,7,+X,0.0,0.19824,0.11904,-1.53788,0.00133,0.00221,0.00011,0.17417,0.05035,-1.62676,-0.00065,0.00357,0.0002,0.1229,0.17751,-1.54011,3,38.0648,362.9035,37.1023,178.5989,0.8398,-104.9909,0.0082,24.7907,0.7001
860,000860.png,False,1788899346.228364,1788899346.168364,shear_+X_back,7,+X,0.0,0.1046,0.12266,-1.43191,0.00118,-0.0001,-8e-05,0.08051,0.05393,-1.52084,-0.0008,0.00126,1e-05,0.03925,0.13556,-1.43403,3,38.0156,362.8862,37.1195,178.5975,0.8428,-104.9902,0.0016,24.8079,0.6828
861,000861.png,False,1788899346.424308,1788899346.364308,shear_+X_back,7,+X,0.0,0.05407,0.0501,-1.32623,0.00284,-0.00135,0.00018,0.02996,-0.01867,-1.41522,0.00086,1e-05,0.00027,0.031,0.04916,-1.32701,3,37.9981,362.8358,37.1457,178.5973,0.8429,-104.9892,0.0072,24.8334,0.6573
862,000862.png,False,1788899347.596450,1788899347.536450,shear_-X_out,7,-X,0.5,-0.02666,0.06562,-1.42007,0.00265,-0.0034,9e-05,-0.05091,-0.00339,-1.5094,0.00066,-0.00204,0.00018,-0.04603,0.02077,-1.42094,3,37.9471,362.8088,37.1266,178.5945,0.8485,-104.999,0.0101,24.8142,0.6765
863,000863.png,False,1788899347.984474,1788899347.924474,shear_-X_out,7,-X,0.5,-0.10474,0.076,-1.46093,0.00227,-0.00552,0.0,-0.12903,0.0069,-1.55038,0.00028,-0.00415,9e-05,-0.11857,-0.00991,-1.46182,3,37.904,362.7902,37.118,178.5951,0.8463,-104.9992,0.0059,24.8056,0.6851
864,000864.png,False,1788899348.180396,1788899348.120396,shear_-X_out,7,-X,0.5,-0.12696,0.0912,-1.47634,0.00199,-0.00605,2e-05,-0.15128,0.02206,-1.56585,1e-05,-0.00468,0.00011,-0.1453,-0.0081,-1.47744,3,37.8874,362.7895,37.1142,178.5943,0.8477,-105.0018,0.0085,24.8019,0.6888
865,000865.png,False,1788899348.376465,1788899348.316465,shear_-X_out,7,-X,0.5,-0.21036,0.08095,-1.47648,0.00224,-0.00812,-0.0,-0.2347,0.01177,-1.56604,0.00026,-0.00675,9e-05,-0.21243,-0.05865,-1.47724,3,37.8527,362.7627,37.1164,178.5951,0.8458,-104.9992,0.0031,24.8039,0.6868
866,000866.png,False,1788899348.572439,1788899348.512439,shear_-X_out,7,-X,0.5,-0.25939,0.08302,-1.43723,0.00223,-0.0094,-8e-05,-0.28376,0.0138,-1.52685,0.00025,-0.00803,1e-05,-0.2562,-0.08073,-1.43793,3,37.8261,362.7503,37.1227,178.5943,0.8473,-104.9977,0.003,24.8103,0.6804
867,000867.png,False,1788899348.764508,1788899348.704509,shear_-X_out,7,-X,0.5,-0.29974,0.09792,-1.40276,0.00176,-0.01031,2e-05,-0.32413,0.02866,-1.49244,-0.00022,-0.00894,0.00011,-0.29884,-0.08743,-1.40365,3,37.7979,362.7435,37.1319,178.594,0.8483,-104.9979,0.0077,24.8195,0.6713
868,000868.png,False,1788899348.960501,1788899348.900501,shear_-X_out,7,-X,0.5,-0.34421,0.07939,-1.40912,0.00215,-0.0115,4e-05,-0.36862,0.01009,-1.49886,0.00016,-0.01013,0.00012,-0.32806,-0.1258,-1.40959,3,37.7776,362.7188,37.1302,178.5946,0.8466,-104.9981,0.0,24.8175,0.6732
869,000869.png,False,1788899349.156548,1788899349.096548,shear_-X_out,7,-X,0.5,-0.38898,0.08284,-1.4178,0.00228,-0.01265,-0.00024,-0.41342,0.0135,-1.5076,0.0003,-0.01128,-0.00015,-0.3685,-0.14533,-1.41824,3,37.7533,362.7073,37.1249,178.5945,0.8467,-104.9977,0.0051,24.8122,0.6785
870,000870.png,False,1788899349.352540,1788899349.292541,shear_-X_out,7,-X,0.5,-0.43536,0.08433,-1.44589,0.00214,-0.01394,-0.00016,-0.45982,0.01495,-1.53574,0.00015,-0.01256,-8e-05,-0.40923,-0.16766,-1.44626,3,37.7269,362.6931,37.1218,178.5949,0.8456,-104.9966,0.0094,24.8091,0.6816
871,000871.png,False,1788899349.544597,1788899349.484597,shear_-X_out,7,-X,0.5,-0.4753,0.08823,-1.43455,0.00211,-0.01485,-0.00035,-0.49978,0.01881,-1.52446,0.00013,-0.01348,-0.00026,-0.44585,-0.18406,-1.43491,3,37.7033,362.6827,37.1189,178.5948,0.8462,-104.9966,0.0005,24.8062,0.6845
872,000872.png,False,1788899349.936531,1788899349.876531,shear_-X_out,7,-X,0.5,-0.48712,0.10012,-1.45037,0.00183,-0.01524,-0.00012,-0.51165,0.03061,-1.5404,-0.00016,-0.01386,-4e-05,-0.46192,-0.17992,-1.45091,3,37.6889,362.6805,37.1215,178.5947,0.8473,-104.9964,0.01,24.8088,0.6819
873,000873.png,False,1788899350.328568,1788899350.268568,shear_-X_back,7,-X,0.0,-0.47979,0.09754,-1.42177,0.00189,-0.01486,-0.00021,-0.50436,0.02795,-1.51192,-0.0001,-0.01348,-0.00013,-0.45448,-0.17803,-1.42229,3,37.6874,362.6802,37.125,178.5945,0.8477,-104.9968,0.0014,24.8123,0.6784
874,000874.png,False,1788899350.520511,1788899350.460511,shear_-X_back,7,-X,0.0,-0.42454,0.18972,-1.3194,-0.00059,-0.0135,-0.00033,-0.44913,0.1201,-1.4096,-0.00257,-0.01212,-0.00024,-0.45338,-0.06895,-1.32164,3,37.6858,362.7352,37.144,178.5921,0.8537,-104.9929,0.0066,24.8322,0.6585
875,000875.png,False,1788899350.716520,1788899350.656520,shear_-X_back,7,-X,0.0,-0.39212,0.18715,-1.3104,-0.00043,-0.01274,-0.00024,-0.41673,0.11748,-1.40066,-0.00241,-0.01136,-0.00016,-0.42408,-0.05484,-1.31266,3,37.7001,362.754,37.1511,178.5909,0.8569,-104.9838,0.0057,24.8395,0.6512
876,000876.png,False,1788899350.912620,1788899350.852620,shear_-X_back,7,-X,0.0,-0.2709,0.17791,-1.26852,-0.00027,-0.00963,-0.00014,-0.29553,0.1082,-1.35884,-0.00226,-0.00825,-6e-05,-0.31475,-0.0016,-1.27087,3,37.7576,362.7666,37.1556,178.5905,0.8583,-104.9827,0.0091,24.8439,0.6468
877,000877.png,False,1788899351.108536,1788899351.048537,shear_-X_back,7,-X,0.0,-0.11962,0.0658,-1.26025,0.00244,-0.00583,-3e-05,-0.14428,-0.00395,-1.35062,0.00045,-0.00445,5e-05,-0.12775,-0.02297,-1.26096,3,37.8544,362.7609,37.1563,178.5907,0.8584,-104.9902,0.0033,24.8438,0.6469
878,000878.png,False,1788899351.300637,1788899351.240637,shear_-X_back,7,-X,0.0,-0.11089,0.08932,-1.28943,0.00177,-0.00572,-0.00011,-0.13557,0.01953,-1.37986,-0.00022,-0.00433,-3e-05,-0.13174,0.00129,-1.29056,3,37.8518,362.7749,37.1476,178.5908,0.8582,-104.9897,0.0056,24.8353,0.6554
879,000879.png,False,1788899351.496655,1788899351.436655,shear_-X_back,7,-X,0.0,-0.08268,0.0891,-1.32962,0.00199,-0.00477,-5e-05,-0.10739,0.01927,-1.42011,0.0,-0.00338,3e-05,-0.10692,0.01456,-1.33079,3,37.8691,362.7805,37.143,178.5905,0.8586,-104.9895,0.0093,24.8307,0.66
880,000880.png,False,1788899352.472711,1788899352.412711,shear_-Y_out,7,-Y,0.5,-0.03825,0.09105,-1.45599,0.00201,-0.00389,-0.00019,-0.06307,0.02102,-1.54676,2e-05,-0.0025,-0.00011,-0.06853,0.03642,-1.45727,3,37.8966,362.7987,37.1127,178.5939,0.8517,-104.9838,0.0081,24.8005,0.6902
881,000881.png,False,1788899352.668749,1788899352.608749,shear_-Y_out,7,-Y,0.5,0.07481,0.01455,-1.47851,0.00394,-0.00095,4e-05,0.04996,-0.05553,-1.56935,0.00195,0.00044,0.00012,0.06778,0.02629,-1.47869,3,37.9682,362.7823,37.1087,178.5945,0.8509,-104.9883,0.0024,24.7957,0.695
882,000882.png,False,1788899353.056732,1788899352.996732,shear_-Y_out,7,-Y,0.5,0.02649,-0.06565,-1.47677,0.00594,-0.00207,-5e-05,0.0016,-0.13581,-1.56772,0.00395,-0.00068,2e-05,0.06599,-0.06728,-1.47546,3,37.9742,362.748,37.108,178.5955,0.8487,-104.9873,0.0017,24.7944,0.6963
883,000883.png,False,1788899353.252653,1788899353.192653,shear_-Y_out,7,-Y,0.5,0.01798,-0.08619,-1.44067,0.00635,-0.00224,-2e-05,-0.00693,-0.15639,-1.53168,0.00436,-0.00085,6e-05,0.06862,-0.08874,-1.439,3,37.9776,362.7365,37.1152,178.5948,0.8504,-104.9851,0.0035,24.8015,0.6893
884,000884.png,False,1788899353.448745,1788899353.388745,shear_-Y_out,7,-Y,0.5,0.00266,-0.12338,-1.40333,0.00732,-0.00271,-0.00015,-0.02227,-0.19362,-1.49439,0.00533,-0.00131,-8e-05,0.07368,-0.12801,-1.40098,3,37.9806,362.712,37.1177,178.5949,0.8502,-104.9836,0.0098,24.8035,0.6872
885,000885.png,False,1788899353.644664,1788899353.584664,shear_-Y_out,7,-Y,0.5,-0.01561,-0.15921,-1.44889,0.00838,-0.00305,-0.00014,-0.04057,-0.22949,-1.54001,0.00639,-0.00165,-7e-05,0.07606,-0.1689,-1.44587,3,37.9848,362.6884,37.1123,178.5942,0.8518,-104.9814,0.0044,24.7977,0.693
886,000886.png,False,1788899353.836767,1788899353.776767,shear_-Y_out,7,-Y,0.5,-0.03009,-0.20814,-1.46892,0.00951,-0.00336,-4e-05,-0.05507,-0.27845,-1.5601,0.00752,-0.00196,4e-05,0.08811,-0.21883,-1.46502,3,37.9921,362.6658,37.1077,178.5941,0.8521,-104.981,0.0059,24.7927,0.698
887,000887.png,False,1788899354.032706,1788899353.972706,shear_-Y_out,7,-Y,0.5,0.02374,-0.28499,-1.47268,0.01138,-0.00206,0.00011,-0.00126,-0.35535,-1.56392,0.00939,-0.00066,0.00019,0.17317,-0.25855,-1.46756,3,38.0344,362.6434,37.1101,178.594,0.8525,-104.9853,0.0088,24.7945,0.6962
888,000888.png,False,1788899354.228696,1788899354.168696,shear_-Y_out,7,-Y,0.5,0.04694,-0.34926,-1.46988,0.01312,-0.00136,0.00011,0.02191,-0.41966,-1.56118,0.01112,4e-05,0.00018,0.22535,-0.30257,-1.4637,3,38.0676,362.6159,37.1093,178.5942,0.8522,-104.9879,0.0037,24.793,0.6977
889,000889.png,False,1788899355.400852,1788899355.340852,shear_-Y_out,7,-Y,0.5,0.06088,-0.37269,-1.31641,0.01342,-0.00121,-0.00014,0.03572,-0.44334,-1.40805,0.01143,0.0002,-7e-05,0.24807,-0.31344,-1.30986,3,38.0896,362.5966,37.1313,178.5933,0.8542,-104.9884,0.0022,24.8146,0.6761
890,000890.png,False,1788899355.788856,1788899355.728856,shear_-Y_out,7,-Y,0.5,0.05172,-0.39681,-1.28563,0.01409,-0.00132,0.00027,0.02651,-0.46754,-1.37739,0.0121,9e-05,0.00034,0.25197,-0.33842,-1.27866,3,38.094,362.58,37.1472,178.5941,0.8526,-104.9888,0.0036,24.8301,0.6606
891,000891.png,False,1788899355.984848,1788899355.924849,shear_-Y_out,7,-Y,0.5,0.04861,-0.4139,-1.26752,0.01459,-0.00144,0.00025,0.02337,-0.48466,-1.35933,0.0126,-3e-05,0.00032,0.25768,-0.35448,-1.26024,3,38.0973,362.568,37.1523,178.5941,0.8524,-104.9886,0.002,24.835,0.6557
892,000892.png,False,1788899356.180793,1788899356.120793,shear_-Y_out,7,-Y,0.5,0.05102,-0.43695,-1.2409,0.01506,-0.00126,0.00022,0.02577,-0.50776,-1.33278,0.01306,0.00015,0.00029,0.27111,-0.37281,-1.23324,3,38.1085,362.555,37.1561,178.5943,0.8523,-104.9886,0.0072,24.8385,0.6522
893,000893.png,False,1788899356.372797,1788899356.312797,shear_-Y_out,7,-Y,0.5,0.05545,-0.47596,-1.25077,0.01615,-0.00115,0.00016,0.03017,-0.54681,-1.34271,0.01415,0.00026,0.00022,0.2945,-0.40455,-1.24244,3,38.1218,362.537,37.1574,178.5944,0.8521,-104.9884,0.0034,24.8395,0.6512
894,000894.png,False,1788899356.568815,1788899356.508816,shear_-Y_out,7,-Y,0.5,0.0538,-0.51872,-1.26325,0.017,-0.00133,0.00025,0.0285,-0.5896,-1.35524,0.015,8e-05,0.00032,0.31452,-0.4426,-1.25417,3,38.1333,362.5132,37.1541,178.5947,0.8511,-104.9886,0.0061,24.8357,0.655
895,000895.png,False,1788899356.764941,1788899356.704942,shear_-Y_out,7,-Y,0.5,0.04433,-0.55358,-1.29048,0.01813,-0.00145,0.00015,0.019,-0.62451,-1.38253,0.01614,-4e-05,0.00021,0.32392,-0.47796,-1.28078,3,38.1425,362.4898,37.1476,178.5948,0.8514,-104.9884,0.0089,24.8287,0.662
896,000896.png,False,1788899356.960854,1788899356.900854,shear_-Y_out,7,-Y,0.5,0.04685,-0.57284,-1.28517,0.01851,-0.00148,0.00013,0.0215,-0.64381,-1.37727,0.01651,-6e-05,0.0002,0.33569,-0.4933,-1.27513,3,38.1499,362.4801,37.1481,178.5936,0.8535,-104.9884,0.0011,24.8291,0.6616
897,000897.png,False,1788899357.156915,1788899357.096915,shear_-Y_out,7,-Y,0.5,0.05347,-0.60477,-1.27476,0.01928,-0.00126,7e-05,0.0281,-0.67578,-1.36692,0.01728,0.00016,0.00013,0.35731,-0.51747,-1.26419,3,38.165,362.4611,37.1472,178.5932,0.8543,-104.989,0.0044,24.8277,0.663
898,000898.png,False,1788899357.348997,1788899357.288997,shear_-Y_out,7,-Y,0.5,0.062,-0.63546,-1.27233,0.02011,-0.00103,4e-05,0.03661,-0.70651,-1.36455,0.01811,0.00038,0.00011,0.38002,-0.53976,-1.26124,3,38.1786,362.4468,37.148,178.5933,0.8548,-104.989,0.0064,24.8282,0.6625
899,000899.png,False,1788899357.936872,1788899357.876873,shear_-Y_back,7,-Y,0.0,0.06931,-0.64652,-1.29571,0.02038,-0.00077,0.00017,0.04385,-0.71769,-1.38811,0.01839,0.00064,0.00023,0.39204,-0.54606,-1.28444,3,38.1915,362.435,37.1492,178.5933,0.8544,-104.9897,0.0079,24.8291,0.6616
900,000900.png,False,1788899358.128963,1788899358.068963,shear_-Y_back,7,-Y,0.0,0.0686,-0.64537,-1.3051,0.02039,-0.00089,0.00033,0.04312,-0.71658,-1.39755,0.01839,0.00053,0.0004,0.39091,-0.54556,-1.29385,3,38.1922,362.4336,37.1478,178.5936,0.8542,-104.9901,0.008,24.8277,0.663
901,000901.png,False,1788899358.325016,1788899358.265017,shear_-Y_back,7,-Y,0.0,0.12063,-0.493,-1.1912,0.01642,0.00048,0.00015,0.09512,-0.56426,-1.28371,0.01442,0.0019,0.00022,0.35906,-0.38578,-1.18271,3,38.178,362.5144,37.1663,178.59,0.8619,-104.9932,0.0067,24.8476,0.6431
902,000902.png,False,1788899358.521020,1788899358.461020,shear_-Y_back,7,-Y,0.0,0.14309,-0.41347,-1.16379,0.0146,0.00103,0.00017,0.11756,-0.48476,-1.25636,0.0126,0.00245,0.00023,0.3386,-0.30524,-1.15673,3,38.1711,362.5478,37.1721,178.5899,0.8618,-104.996,0.0002,24.854,0.6368
903,000903.png,False,1788899358.716991,1788899358.656991,shear_-Y_back,7,-Y,0.0,0.17201,-0.30998,-1.13628,0.01186,0.0018,0.00027,0.14645,-0.38132,-1.2289,0.00986,0.00322,0.00033,0.31175,-0.20072,-1.13107,3,38.1559,362.6147,37.1799,178.5874,0.8662,-105.0043,0.0077,24.863,0.6277
904,000904.png,False,1788899358.908928,1788899358.848928,shear_-Y_back,7,-Y,0.0,0.14266,-0.30377,-1.22828,0.01189,0.00085,0.00034,0.11708,-0.37514,-1.32096,0.00989,0.00227,0.0004,0.28386,-0.21148,-1.22311,3,38.1261,362.6128,37.1565,178.5898,0.8611,-104.9993,0.0019,24.8397,0.651
905,000905.png,False,1788899359.105011,1788899359.045011,shear_-Y_back,7,-Y,0.0,0.07571,-0.19199,-1.40768,0.00925,-0.00064,6e-05,0.05011,-0.26341,-1.50042,0.00725,0.00078,0.00012,0.17127,-0.151,-1.40429,3,38.0802,362.6488,37.1238,178.5917,0.8571,-104.9995,0.0033,24.8079,0.6828
906,000906.png,False,1788899359.301038,1788899359.241038,shear_-Y_back,7,-Y,0.0,0.01423,-0.08232,-1.546,0.00651,-0.00245,9e-05,-0.01139,-0.15377,-1.6388,0.00451,-0.00103,0.00015,0.06417,-0.08895,-1.54436,3,38.0202,362.6795,37.0986,178.5936,0.8526,-104.9942,0.0084,24.7836,0.7071
907,000907.png,False,1788899359.693177,1788899359.633177,shear_-Y_back,7,-Y,0.0,0.07022,0.11975,-1.36896,0.00146,-0.00092,-0.00023,0.04456,0.04821,-1.46187,-0.00054,0.00051,-0.00017,0.01049,0.11687,-1.37097,3,37.9844,362.7956,37.1299,178.5909,0.858,-104.9934,0.0069,24.817,0.6737
908,000908.png,False,1788899360.473120,1788899360.413120,shear_-Y_back,7,-Y,0.0,0.06109,0.09166,-1.48777,0.0022,-0.00127,1e-05,0.03533,0.01995,-1.58092,0.0002,0.00017,7e-05,0.01744,0.08607,-1.48926,3,37.9797,362.7973,37.1086,178.5921,0.855,-105.0067,0.0018,24.7958,0.6949
909,000909.png,False,1788899360.665127,1788899360.605127,shear_+Y_out,7,+Y,0.5,0.05507,0.12459,-1.58011,0.00144,-0.0015,-0.00015,0.02929,0.05285,-1.67331,-0.00056,-7e-05,-9e-05,-0.00359,0.11011,-1.58214,3,37.9692,362.8057,37.0872,178.5937,0.8509,-105.0071,0.0064,24.7746,0.7161
910,000910.png,False,1788899361.253125,1788899361.193125,shear_+Y_out,7,+Y,0.5,-0.0924,0.26511,-1.68477,-0.00193,-0.00514,-0.0004,-0.11825,0.19325,-1.77814,-0.00393,-0.0037,-0.00035,-0.20082,0.15644,-1.68892,3,37.8612,362.838,37.0677,178.5945,0.8493,-104.9988,0.0013,24.7564,0.7343
911,000911.png,False,1788899361.449129,1788899361.389129,shear_+Y_out,7,+Y,0.5,-0.06362,0.30137,-1.61522,-0.00288,-0.0043,-0.00042,-0.08949,0.22946,-1.70865,-0.00488,-0.00287,-0.00037,-0.19448,0.20334,-1.62007,3,37.8633,362.862,37.0777,178.5939,0.8501,-105.0007,0.0041,24.7668,0.7239
912,000912.png,False,1788899361.641112,1788899361.581112,shear_+Y_out,7,+Y,0.5,-0.03499,0.34861,-1.56409,-0.00422,-0.00377,-0.00024,-0.06089,0.27666,-1.65758,-0.00622,-0.00233,-0.00018,-0.19364,0.25938,-1.56983,3,37.8613,362.8892,37.0884,178.5934,0.8515,-105.004,0.0059,24.7779,0.7128
913,000913.png,False,1788899361.837152,1788899361.777152,shear_+Y_out,7,+Y,0.5,-0.01457,0.39976,-1.49551,-0.00538,-0.00304,-0.0005,-0.04049,0.32778,-1.58906,-0.00738,-0.00161,-0.00044,-0.20198,0.31499,-1.50219,3,37.856,362.9192,37.0994,178.5923,0.8534,-105.0062,0.0004,24.7895,0.7012
914,000914.png,False,1788899362.033237,1788899361.973238,shear_+Y_out,7,+Y,0.5,-0.00198,0.42031,-1.50348,-0.00603,-0.0029,-0.0005,-0.02793,0.34829,-1.59708,-0.00803,-0.00146,-0.00044,-0.20129,0.33895,-1.51053,3,37.8532,362.9325,37.0969,178.5928,0.8526,-105.0073,0.0055,24.7872,0.7035
915,000915.png,False,1788899362.229172,1788899362.169173,shear_+Y_out,7,+Y,0.5,0.00276,0.44273,-1.61478,-0.00649,-0.00283,-0.00061,-0.02321,0.37066,-1.70845,-0.00849,-0.00139,-0.00056,-0.20761,0.35895,-1.62222,3,37.8493,362.9479,37.0737,178.5941,0.8492,-105.0084,0.0091,24.7642,0.7265
916,000916.png,False,1788899362.421101,1788899362.361101,shear_+Y_out,7,+Y,0.5,-0.00174,0.4889,-1.75139,-0.00749,-0.00307,-0.00046,-0.02772,0.41679,-1.84512,-0.00949,-0.00163,-0.0004,-0.23363,0.3945,-1.7596,3,37.8309,362.9654,37.0543,178.5955,0.8466,-105.0086,0.0,24.7453,0.7454
917,000917.png,False,1788899362.617182,1788899362.557182,shear_+Y_out,7,+Y,0.5,-0.07949,0.58495,-1.8029,-0.00999,-0.00502,-0.00048,-0.1055,0.5128,-1.89668,-0.012,-0.00358,-0.00043,-0.34861,0.43801,-1.81261,3,37.7764,362.9907,37.0473,178.596,0.8454,-105.0014,0.0056,24.739,0.7517
918,000918.png,False,1788899363.397259,1788899363.337260,shear_+Y_back,7,+Y,0.0,-0.11116,0.63315,-1.81888,-0.01122,-0.00578,-0.00054,-0.13726,0.56083,-1.91289,-0.01323,-0.00433,-0.00049,-0.40001,0.46367,-1.82936,3,37.7446,363.0133,37.0421,178.5966,0.8445,-104.999,0.0092,24.7344,0.7563
919,000919.png,False,1788899363.593259,1788899363.533259,shear_+Y_back,7,+Y,0.0,-0.11105,0.63473,-1.81863,-0.01112,-0.00574,-0.00052,-0.13717,0.56238,-1.9127,-0.01312,-0.0043,-0.00047,-0.40071,0.4651,-1.82914,3,37.7434,363.0119,37.0412,178.5968,0.8441,-104.9992,0.0014,24.7335,0.7572
920,000920.png,False,1788899363.985263,1788899363.925263,shear_+Y_back,7,+Y,0.0,-0.18036,0.42388,-1.96969,-0.00595,-0.00758,-0.00032,-0.20653,0.35145,-2.06387,-0.00796,-0.00613,-0.00027,-0.35436,0.24544,-1.97638,3,37.7615,362.9063,37.0153,178.6013,0.834,-104.9954,0.0042,24.7058,0.7849
921,000921.png,False,1788899364.177265,1788899364.117265,shear_+Y_back,7,+Y,0.0,-0.1986,0.37529,-2.02296,-0.00455,-0.00795,-0.00017,-0.22479,0.30282,-2.1172,-0.00656,-0.0065,-0.00012,-0.34551,0.19339,-2.02876,3,37.7626,362.8992,37.0136,178.6011,0.8349,-104.9889,0.0052,24.704,0.7867
922,000922.png,False,1788899364.569292,1788899364.509292,shear_+Y_back,7,+Y,0.0,-0.19897,0.33422,-1.93171,-0.00365,-0.00813,-0.00016,-0.22521,0.26166,-2.02606,-0.00565,-0.00668,-0.00011,-0.32594,0.15909,-1.93681,3,37.7724,362.8659,37.023,178.6014,0.8347,-104.9819,0.0035,24.7127,0.778
923,000923.png,False,1788899364.765211,1788899364.705211,shear_+Y_back,7,+Y,0.0,-0.15252,0.27359,-1.67336,-0.00219,-0.00674,-0.00019,-0.17878,0.20099,-1.76777,-0.00419,-0.00529,-0.00014,-0.25721,0.13393,-1.67754,3,37.8177,362.8426,37.0708,178.598,0.8424,-104.9839,0.0019,24.7598,0.7309
924,000924.png,False,1788899364.957301,1788899364.897301,shear_+Y_back,7,+Y,0.0,-0.08095,0.1879,-1.52755,-0.00027,-0.00493,-0.00028,-0.10723,0.11526,-1.62202,-0.00227,-0.00348,-0.00023,-0.15341,0.09782,-1.53041,3,37.8607,362.8171,37.0842,178.5958,0.8477,-104.9855,0.0088,24.7726,0.7181
925,000925.png,False,1788899365.153312,1788899365.093313,shear_+Y_back,7,+Y,0.0,-0.0831,0.1178,-1.67168,0.00158,-0.0051,-0.00019,-0.10941,0.04512,-1.76621,-0.00042,-0.00365,-0.00014,-0.11925,0.03372,-1.6733,3,37.8759,362.7842,37.0584,178.596,0.8468,-104.9881,0.0029,24.7461,0.7446
926,000926.png,False,1788899365.737267,1788899365.677267,shear_+Y_back,7,+Y,0.0,-0.08256,0.15047,-1.75972,0.00082,-0.00505,-2e-05,-0.10893,0.07768,-1.85442,-0.00119,-0.00359,3e-05,-0.13449,0.06088,-1.76189,3,37.8715,362.8094,37.0514,178.593,0.8533,-104.989,0.003,24.7395,0.7512
927,000927.png,False,1788899365.933360,1788899365.873360,shear_+Y_back,7,+Y,0.0,0.02972,0.11367,-1.05769,0.00143,-0.00197,-4e-05,0.00332,0.04083,-1.15245,-0.00057,-0.00051,0.0,-0.02372,0.09635,-1.05956,3,37.9236,362.8303,37.1905,178.5906,0.8592,-104.9921,0.0092,24.8786,0.6121
928,000928.png,False,1788899366.129280,1788899366.069280,shear_+Y_back,7,+Y,0.0,0.01167,0.08395,-1.02748,0.00219,-0.00241,-0.00016,-0.01475,0.01106,-1.1223,0.00019,-0.00095,-0.00012,-0.02471,0.06207,-1.0288,3,37.9312,362.7951,37.1672,178.5938,0.8523,-104.9923,0.0052,24.8547,0.636
929,000929.png,False,1788899366.325400,1788899366.265400,shear_+Y_back,7,+Y,0.0,-0.01733,0.03285,-1.50555,0.00368,-0.00322,9e-05,-0.04377,-0.04007,-1.60043,0.00167,-0.00176,0.00013,-0.02098,-0.00432,-1.50586,3,37.9338,362.7734,37.1042,178.598,0.8432,-104.9918,0.0,24.7913,0.6994
930,000930.png,False,1788899366.713402,1788899366.653402,shear_+Y_back,7,+Y,0.0,0.01742,0.09946,-0.94349,0.00164,-0.00234,-0.00034,-0.00907,0.02646,-1.03849,-0.00037,-0.00088,-0.0003,-0.02806,0.07973,-0.94511,2,37.9239,362.819,37.2155,178.5904,0.8592,-104.9906,0.004,24.9034,0.5873
931,000931.png,False,1788899369.641454,1788899369.581454,shear_+X_out,8,+X,0.5,0.02208,0.19682,-1.41893,-0.00036,-0.00247,-6e-05,-0.00475,0.12321,-1.51479,-0.00238,-0.001,-3e-05,-0.06938,0.15877,-1.42217,3,37.9059,362.8383,37.127,178.5933,0.8531,-104.9868,0.0096,24.8154,0.6753
932,000932.png,False,1788899370.029566,1788899369.969566,shear_+X_out,8,+X,0.5,0.01506,0.175,-1.40911,0.00028,-0.00227,0.0001,-0.01182,0.1013,-1.50508,-0.00173,-0.00079,0.00014,-0.06462,0.13651,-1.41196,3,37.9073,362.8483,37.1289,178.5936,0.8528,-104.981,0.0067,24.8174,0.6733
933,000933.png,False,1788899370.225574,1788899370.165575,shear_+X_out,8,+X,0.5,0.06163,0.18326,-1.35936,-0.00013,-0.00123,3e-05,0.03473,0.10952,-1.45539,-0.00215,0.00025,7e-05,-0.02875,0.16773,-1.36245,3,37.9296,362.8614,37.1355,178.5936,0.8537,-104.979,0.0008,24.8241,0.6666
934,000934.png,False,1788899370.421649,1788899370.361650,shear_+X_out,8,+X,0.5,0.17869,0.14491,-1.32578,0.00083,0.00165,7e-05,0.15177,0.07113,-1.42187,-0.00118,0.00313,0.00011,0.09158,0.19355,-1.32845,3,37.9888,362.8805,37.1441,178.5926,0.855,-104.986,0.0046,24.8326,0.6581
935,000935.png,False,1788899370.617502,1788899370.557503,shear_+X_out,8,+X,0.5,0.25712,0.15176,-1.32715,0.00073,0.00362,0.00022,0.23018,0.07794,-1.4233,-0.00129,0.0051,0.00025,0.1561,0.23865,-1.3301,3,38.0239,362.9034,37.1449,178.5927,0.8553,-104.9882,0.0086,24.8335,0.6572
936,000936.png,False,1788899370.813637,1788899370.753638,shear_+X_out,8,+X,0.5,0.29553,0.14792,-1.3866,0.00073,0.00459,0.00012,0.26856,0.07406,-1.4828,-0.00129,0.00607,0.00015,0.1917,0.25356,-1.38954,3,38.047,362.9142,37.129,178.5941,0.8527,-104.9862,0.0025,24.8176,0.6731
937,000937.png,False,1788899371.005649,1788899370.945649,shear_+X_out,8,+X,0.5,0.35658,0.13347,-1.45236,0.00115,0.00604,0.00019,0.32959,0.05957,-1.54862,-0.00086,0.00753,0.00023,0.25226,0.2705,-1.45516,3,38.0821,362.9256,37.1178,178.5949,0.8512,-104.9899,0.0068,24.8064,0.6843
938,000938.png,False,1788899371.201618,1788899371.141618,shear_+X_out,8,+X,0.5,0.40659,0.13126,-1.48284,0.00127,0.00747,0.00037,0.37957,0.05732,-1.57916,-0.00074,0.00895,0.0004,0.29689,0.29309,-1.4857,3,38.1074,362.9385,37.1156,178.5952,0.8505,-104.9862,0.0079,24.8042,0.6865
939,000939.png,False,1788899371.785654,1788899371.725654,shear_+X_out,8,+X,0.5,0.42428,0.12835,-1.42159,0.00129,0.00782,0.00012,0.3972,0.05429,-1.51809,-0.00073,0.0093,0.00015,0.31325,0.30039,-1.42445,3,38.1225,362.9469,37.1232,178.5953,0.8499,-104.9873,0.0026,24.8118,0.6789
940,000940.png,False,1788899372.761622,1788899372.701622,shear_+X_out,8,+X,0.5,0.44064,0.13815,-1.34953,0.00098,0.00821,0.00041,0.41344,0.06389,-1.44631,-0.00104,0.0097,0.00043,0.32202,0.31821,-1.3526,3,38.1349,362.9597,37.1418,178.5957,0.8484,-104.9881,0.0048,24.8305,0.6602
941,000941.png,False,1788899372.957699,1788899372.897699,shear_+X_out,8,+X,0.5,0.46808,0.141,-1.30686,0.00106,0.00902,0.00016,0.44086,0.06669,-1.4037,-0.00095,0.01051,0.00019,0.34407,0.33506,-1.31004,3,38.1496,362.9697,37.1483,178.5956,0.8494,-104.9877,0.0005,24.8371,0.6536
942,000942.png,False,1788899373.153761,1788899373.093761,shear_+X_out,8,+X,0.5,0.49837,0.12876,-1.28897,0.00122,0.00971,0.00029,0.47113,0.05441,-1.38587,-0.00079,0.0112,0.00032,0.3763,0.33988,-1.292,3,38.168,362.9748,37.1517,178.5955,0.8499,-104.9857,0.0062,24.8404,0.6503
943,000943.png,False,1788899373.349766,1788899373.289767,shear_+X_out,8,+X,0.5,0.53651,0.13043,-1.2471,0.00116,0.01078,0.00014,0.50925,0.05605,-1.34406,-0.00086,0.01228,0.00017,0.40822,0.36107,-1.25024,3,38.1904,362.9878,37.1583,178.5952,0.8503,-104.9868,0.0086,24.8471,0.6436
944,000944.png,False,1788899373.541774,1788899373.481774,shear_+X_out,8,+X,0.5,0.57447,0.1419,-1.21092,0.00084,0.01165,0.00016,0.54719,0.06748,-1.30793,-0.00118,0.01314,0.00018,0.43512,0.39055,-1.21434,3,38.2067,363.0039,37.1635,178.5945,0.8519,-104.9884,0.0008,24.8524,0.6383
945,000945.png,False,1788899373.737824,1788899373.677824,shear_+X_out,8,+X,0.5,0.60075,0.14871,-1.21956,0.00073,0.01236,0.00024,0.57344,0.07424,-1.31663,-0.00129,0.01385,0.00026,0.45453,0.40943,-1.22315,3,38.2233,363.0179,37.1668,178.5938,0.8535,-104.9888,0.0061,24.8558,0.6349
946,000946.png,False,1788899373.933815,1788899373.873815,shear_+X_out,8,+X,0.5,0.62093,0.14054,-1.19571,0.00085,0.01279,3e-05,0.5936,0.06604,-1.29284,-0.00116,0.01428,6e-05,0.47593,0.41283,-1.1992,3,38.2374,363.0239,37.1683,178.5941,0.8531,-104.9868,0.007,24.8573,0.6334
947,000947.png,False,1788899374.129673,1788899374.069674,shear_+X_out,8,+X,0.5,0.63924,0.1357,-1.2748,0.00097,0.01332,0.0002,0.61188,0.06115,-1.37198,-0.00105,0.01482,0.00022,0.49476,0.41651,-1.27823,4,38.2505,363.0302,37.1536,178.5948,0.8513,-104.9866,0.0015,24.8427,0.648
948,000948.png,False,1788899374.321687,1788899374.261687,shear_+X_out,8,+X,0.5,0.68145,0.11863,-1.35612,0.0015,0.01433,5e-05,0.65406,0.04404,-1.45336,-0.00052,0.01583,7e-05,0.54041,0.42151,-1.35933,3,38.2758,363.0318,37.1355,178.5962,0.8479,-104.9883,0.0077,24.8244,0.6663
949,000949.png,False,1788899374.909827,1788899374.849828,shear_+X_back,8,+X,0.0,0.68989,0.11177,-1.41395,0.00175,0.01447,0.00045,0.66244,0.03706,-1.51137,-0.00027,0.01597,0.00047,0.55155,0.41887,-1.41705,3,38.2871,363.0335,37.1317,178.5965,0.8471,-104.9894,0.0043,24.8205,0.6702
950,000950.png,False,1788899375.105829,1788899375.045830,shear_+X_back,8,+X,0.0,0.68573,0.11404,-1.38703,0.00166,0.01452,0.00021,0.65826,0.03928,-1.4845,-0.00036,0.01602,0.00024,0.54663,0.41918,-1.39016,3,38.287,363.0329,37.1313,178.5965,0.8471,-104.9892,0.0083,24.8202,0.6705
951,000951.png,False,1788899375.297733,1788899375.237733,shear_+X_back,8,+X,0.0,0.58744,0.05142,-1.46659,0.00326,0.01202,0.00036,0.55995,-0.02337,-1.56413,0.00124,0.01352,0.00038,0.49333,0.31456,-1.46844,3,38.2534,362.9798,37.1183,178.5985,0.8416,-104.9946,0.0011,24.8066,0.6841
952,000952.png,False,1788899375.493870,1788899375.433871,shear_+X_back,8,+X,0.0,0.45577,0.12743,-1.51781,0.0015,0.00876,0.0005,0.42826,0.05259,-1.6154,-0.00052,0.01027,0.00052,0.34166,0.31378,-1.5207,3,38.1859,362.9771,37.1107,178.5984,0.8414,-104.9926,0.0068,24.7994,0.6913
953,000953.png,False,1788899375.689860,1788899375.629860,shear_+X_back,8,+X,0.0,0.3114,0.1255,-1.58574,0.00169,0.00523,0.00034,0.28386,0.05063,-1.68339,-0.00033,0.00674,0.00036,0.21803,0.23889,-1.5883,3,38.1139,362.9424,37.0894,178.5988,0.8404,-104.9926,0.0039,24.778,0.7127
954,000954.png,False,1788899375.885761,1788899375.825761,shear_+X_back,8,+X,0.0,0.28834,0.15814,-1.58197,0.00069,0.00448,0.00025,0.26078,0.08322,-1.67967,-0.00133,0.00599,0.00027,0.18172,0.25569,-1.58504,3,38.0908,362.9362,37.0927,178.5975,0.8424,-104.9918,0.0019,24.7814,0.7093
955,000955.png,False,1788899376.077877,1788899376.017877,shear_+X_back,8,+X,0.0,0.16506,0.18048,-1.56326,0.00017,0.00147,0.0001,0.13747,0.10552,-1.66103,-0.00185,0.00298,0.00012,0.06364,0.21374,-1.56648,3,38.0346,362.9219,37.0924,178.5974,0.8426,-104.9929,0.0093,24.7812,0.7095
956,000956.png,False,1788899376.273857,1788899376.213857,shear_+X_back,8,+X,0.0,0.08928,0.16083,-1.45039,0.00069,-0.00065,0.00019,0.06167,0.08583,-1.54821,-0.00133,0.00086,0.00021,0.00704,0.16067,-1.45314,3,37.9981,362.8972,37.1187,178.5966,0.844,-104.9924,0.0036,24.8073,0.6834
957,000957.png,False,1788899376.469790,1788899376.409791,shear_+X_back,8,+X,0.0,0.03878,0.13531,-1.28622,0.00109,-0.00178,0.00025,0.01115,0.06027,-1.3841,-0.00093,-0.00027,0.00027,-0.02509,0.11596,-1.28845,2,37.9709,362.8651,37.1493,178.5956,0.8458,-104.9946,0.003,24.8376,0.6531
958,000958.png,False,1788899376.665927,1788899376.605927,shear_+X_back,8,+X,0.0,-0.02872,0.09166,-1.3663,0.00228,-0.00346,7e-05,-0.05637,0.01658,-1.46424,0.00026,-0.00195,9e-05,-0.0612,0.04314,-1.36762,3,37.9454,362.8332,37.1315,178.5945,0.8483,-104.9964,0.0085,24.8196,0.6711
959,000959.png,False,1788899377.249857,1788899377.189857,shear_+X_back,8,+X,0.0,-0.04693,0.17931,-1.44853,0.00025,-0.00381,0.00027,-0.07465,0.10411,-1.54664,-0.00177,-0.0023,0.00028,-0.12019,0.10865,-1.45133,3,37.9096,362.8594,37.1225,178.592,0.8533,-104.9955,0.0024,24.8112,0.6795
960,000960.png,False,1788899377.641858,1788899377.581858,shear_-X_out,8,-X,0.5,-0.06185,0.12022,-1.48412,0.00168,-0.00432,0.00016,-0.08962,0.04493,-1.58234,-0.00034,-0.0028,0.00017,-0.10335,0.04944,-1.48585,4,37.9169,362.8122,37.1079,178.593,0.8511,-104.9966,0.0081,24.7958,0.6949
961,000961.png,False,1788899377.833957,1788899377.773957,shear_-X_out,8,-X,0.5,-0.08021,0.0892,-1.50524,0.00257,-0.00475,-1e-05,-0.108,0.01388,-1.60352,0.00055,-0.00323,1e-05,-0.10361,0.01307,-1.5064,3,37.9135,362.804,37.1049,178.5933,0.8502,-104.9999,0.006,24.7927,0.698
962,000962.png,False,1788899378.029990,1788899377.969990,shear_-X_out,8,-X,0.5,-0.12839,0.12193,-1.51124,0.00168,-0.00594,-5e-05,-0.1562,0.04656,-1.60958,-0.00034,-0.00442,-4e-05,-0.16165,0.01724,-1.51287,3,37.8843,362.8027,37.1033,178.5932,0.8504,-104.9979,0.007,24.7912,0.6995
963,000963.png,False,1788899378.225986,1788899378.165986,shear_-X_out,8,-X,0.5,-0.17795,0.13382,-1.49516,0.00144,-0.00722,-9e-05,-0.20579,0.05841,-1.59356,-0.00059,-0.0057,-8e-05,-0.21064,0.00303,-1.49689,3,37.8565,362.794,37.1055,178.5926,0.8508,-104.9975,0.0015,24.7936,0.6972
964,000964.png,False,1788899378.421890,1788899378.361890,shear_-X_out,8,-X,0.5,-0.22447,0.13632,-1.44721,0.00129,-0.00852,9e-05,-0.25233,0.06087,-1.54566,-0.00073,-0.007,0.00011,-0.25252,-0.01728,-1.4489,3,37.8309,362.7791,37.1166,178.5918,0.853,-104.9958,0.0057,24.8045,0.6862
965,000965.png,False,1788899378.614012,1788899378.554013,shear_-X_out,8,-X,0.5,-0.28178,0.11847,-1.45923,0.00178,-0.00976,9e-05,-0.30967,0.04299,-1.55775,-0.00024,-0.00824,0.0001,-0.29316,-0.06157,-1.4605,3,37.8075,362.7593,37.1185,178.5922,0.8523,-104.9975,0.0041,24.8063,0.6845
966,000966.png,False,1788899378.809989,1788899378.749989,shear_-X_out,8,-X,0.5,-0.32526,0.11702,-1.50129,0.002,-0.01083,0.00014,-0.35317,0.0415,-1.59986,-2e-05,-0.00931,0.00015,-0.3298,-0.08522,-1.50244,3,37.7841,362.7409,37.1124,178.5923,0.8514,-104.9962,0.0016,24.8001,0.6907
967,000967.png,False,1788899379.006033,1788899378.946033,shear_-X_out,8,-X,0.5,-0.36821,0.11906,-1.49081,0.0018,-0.01199,2e-05,-0.39614,0.04349,-1.58944,-0.00022,-0.01047,3e-05,-0.36809,-0.10475,-1.49191,3,37.7617,362.7292,37.1098,178.5924,0.8514,-104.9955,0.0072,24.7974,0.6933
968,000968.png,False,1788899379.201925,1788899379.141925,shear_-X_out,8,-X,0.5,-0.42196,0.08759,-1.5086,0.00265,-0.01345,-6e-05,-0.44991,0.01199,-1.60728,0.00062,-0.01193,-5e-05,-0.39881,-0.15914,-1.50904,3,37.7403,362.6978,37.1045,178.5934,0.849,-104.9975,0.0067,24.7918,0.6989
969,000969.png,False,1788899379.398029,1788899379.338029,shear_-X_out,8,-X,0.5,-0.46328,0.10981,-1.51327,0.00208,-0.01443,0.00014,-0.49126,0.03416,-1.61201,6e-05,-0.01291,0.00015,-0.44568,-0.16062,-1.51401,3,37.7143,362.6959,37.11,178.5924,0.8514,-104.9966,0.0012,24.7974,0.6933
970,000970.png,False,1788899379.786088,1788899379.726089,shear_-X_out,8,-X,0.5,-0.47134,0.12839,-1.4874,0.00163,-0.01468,7e-05,-0.49936,0.05266,-1.58626,-0.0004,-0.01315,8e-05,-0.46212,-0.14814,-1.48846,3,37.6996,362.6967,37.1149,178.592,0.8526,-104.996,0.007,24.8025,0.6882
971,000971.png,False,1788899379.982076,1788899379.922076,shear_-X_back,8,-X,0.0,-0.46676,0.1267,-1.47534,0.00174,-0.01445,-0.0,-0.4948,0.05093,-1.57426,-0.00028,-0.01293,1e-05,-0.45739,-0.14712,-1.47638,3,37.699,362.6954,37.1131,178.592,0.8526,-104.996,0.0015,24.8006,0.6901
972,000972.png,False,1788899380.178106,1788899380.118106,shear_-X_back,8,-X,0.0,-0.46276,0.12625,-1.47464,0.00178,-0.01444,-6e-05,-0.49083,0.05044,-1.57361,-0.00024,-0.01291,-5e-05,-0.4537,-0.1455,-1.47568,3,37.6992,362.6946,37.1141,178.5922,0.8527,-104.9964,0.0038,24.8016,0.6891
973,000973.png,False,1788899380.369992,1788899380.309993,shear_-X_back,8,-X,0.0,-0.40374,0.2176,-1.41681,-0.0006,-0.013,1e-05,-0.43183,0.14174,-1.51585,-0.00263,-0.01147,1e-05,-0.44862,-0.03598,-1.41956,4,37.7004,362.7482,37.1274,178.59,0.8578,-104.9919,0.0063,24.8157,0.675
974,000974.png,False,1788899380.566097,1788899380.506098,shear_-X_back,8,-X,0.0,-0.37039,0.20345,-1.41243,-0.0004,-0.01218,0.00015,-0.3985,0.12756,-1.51152,-0.00243,-0.01064,0.00016,-0.41269,-0.0315,-1.415,3,37.7184,362.7662,37.1353,178.5891,0.8604,-104.9854,0.0006,24.8238,0.6669
975,000975.png,False,1788899380.762094,1788899380.702094,shear_-X_back,8,-X,0.0,-0.2317,0.19098,-1.3273,-0.00014,-0.0087,4e-05,-0.25984,0.11504,-1.42645,-0.00217,-0.00717,5e-05,-0.28692,0.02836,-1.32995,3,37.7865,362.7773,37.1387,178.5887,0.8614,-104.9843,0.0049,24.827,0.6637
976,000976.png,False,1788899380.958041,1788899380.898041,shear_-X_back,8,-X,0.0,-0.09394,0.07769,-1.34471,0.00264,-0.00514,0.00015,-0.1221,0.00172,-1.44391,0.00061,-0.0036,0.00016,-0.11087,-0.0012,-1.34566,3,37.8675,362.7713,37.1372,178.5887,0.8618,-104.9893,0.0098,24.8247,0.666
977,000977.png,False,1788899381.150118,1788899381.090118,shear_-X_back,8,-X,0.0,-0.08708,0.11048,-1.38226,0.00192,-0.00504,0.00017,-0.11526,0.03447,-1.48153,-0.00011,-0.0035,0.00018,-0.12105,0.03003,-1.3838,2,37.8688,362.7879,37.13,178.5887,0.8621,-104.9884,0.0084,24.8179,0.6728
978,000978.png,False,1788899382.322148,1788899382.262148,shear_-Y_out,8,-Y,0.5,-0.0278,0.1049,-1.53217,0.00215,-0.00354,-0.0,-0.05611,0.02864,-1.63178,0.00012,-0.002,0.0,-0.06587,0.05242,-1.5337,3,37.9076,362.8073,37.0983,178.5918,0.8557,-104.9782,0.0093,24.7862,0.7045
979,000979.png,False,1788899382.518191,1788899382.458191,shear_-Y_out,8,-Y,0.5,-0.01256,0.12135,-1.55504,0.00172,-0.00327,0.00011,-0.0409,0.04505,-1.6547,-0.00031,-0.00173,0.00011,-0.06073,0.07391,-1.55688,3,37.9109,362.814,37.0956,178.5926,0.8546,-104.9786,0.0031,24.7836,0.7071
980,000980.png,False,1788899382.714224,1788899382.654224,shear_-Y_out,8,-Y,0.5,-0.02427,0.04766,-1.58741,0.00355,-0.00354,0.00022,-0.05264,-0.02868,-1.68714,0.00152,-0.00199,0.00022,-0.03383,0.00372,-1.58795,3,37.923,362.7826,37.0911,178.5939,0.8519,-104.9775,0.0023,24.7784,0.7123
981,000981.png,False,1788899383.102120,1788899383.042120,shear_-Y_out,8,-Y,0.5,-0.01635,-0.02362,-1.51061,0.0053,-0.0033,0.00011,-0.04476,-0.10004,-1.61045,0.00328,-0.00176,0.00011,0.00811,-0.05283,-1.50994,3,37.9476,362.7532,37.1033,178.5934,0.8536,-104.9779,0.0033,24.79,0.7007
982,000982.png,False,1788899383.494225,1788899383.434225,shear_-Y_out,8,-Y,0.5,-0.00961,-0.14288,-1.51508,0.00831,-0.00316,1e-05,-0.03807,-0.21939,-1.61504,0.00628,-0.00161,2e-05,0.07357,-0.15282,-1.51235,3,37.982,362.7006,37.0965,178.5929,0.8537,-104.9799,0.0097,24.7821,0.7086
983,000983.png,False,1788899383.690226,1788899383.630226,shear_-Y_out,8,-Y,0.5,-0.01386,-0.19778,-1.54959,0.00975,-0.00314,4e-05,-0.04234,-0.27432,-1.6496,0.00772,-0.00159,4e-05,0.09755,-0.20304,-1.54589,3,37.9968,362.6743,37.0934,178.5925,0.8547,-104.9799,0.0043,24.7785,0.7122
984,000984.png,False,1788899383.882170,1788899383.822170,shear_-Y_out,8,-Y,0.5,-0.01547,-0.23269,-1.5178,0.01045,-0.00321,0.00011,-0.04397,-0.30927,-1.61787,0.00842,-0.00166,0.00011,0.11338,-0.23356,-1.5135,3,38.008,362.6546,37.0954,178.5926,0.8553,-104.9784,0.0078,24.7802,0.7105
985,000985.png,False,1788899384.078231,1788899384.018231,shear_-Y_out,8,-Y,0.5,-0.02161,-0.29486,-1.52568,0.01197,-0.00349,0.00017,-0.05013,-0.37149,-1.62581,0.00994,-0.00194,0.00017,0.13918,-0.29061,-1.52029,3,38.0205,362.6255,37.0969,178.593,0.8543,-104.9768,0.0069,24.7811,0.7096
986,000986.png,False,1788899385.638336,1788899385.578336,shear_-Y_out,8,-Y,0.5,-0.01678,-0.31766,-1.33971,0.01258,-0.00312,0.00018,-0.04549,-0.39461,-1.44031,0.01054,-0.00157,0.00017,0.15346,-0.30496,-1.33397,3,38.0388,362.5981,37.1318,178.5929,0.8547,-104.979,0.0005,24.8154,0.6753
987,000987.png,False,1788899385.834348,1788899385.774348,shear_-Y_out,8,-Y,0.5,-0.02699,-0.34027,-1.30294,0.01305,-0.00338,0.00022,-0.05572,-0.41726,-1.40359,0.01101,-0.00183,0.00022,0.15566,-0.32906,-1.29679,3,38.0424,362.5854,37.1402,178.5929,0.8548,-104.9782,0.0045,24.8235,0.6672
988,000988.png,False,1788899386.030344,1788899385.970344,shear_-Y_out,8,-Y,0.5,-0.02817,-0.3642,-1.2838,0.01363,-0.00336,0.00035,-0.05693,-0.44123,-1.38451,0.01159,-0.0018,0.00035,0.16646,-0.35006,-1.27723,3,38.047,362.5726,37.1476,178.5926,0.8549,-104.9773,0.0095,24.8307,0.66
989,000989.png,False,1788899386.226349,1788899386.166349,shear_-Y_out,8,-Y,0.5,-0.03057,-0.4011,-1.26324,0.01465,-0.00339,0.00015,-0.05935,-0.47818,-1.364,0.01262,-0.00183,0.00015,0.18268,-0.38289,-1.25603,3,38.0589,362.5519,37.147,178.5932,0.8542,-104.9775,0.0044,24.8297,0.661
990,000990.png,False,1788899386.418375,1788899386.358375,shear_-Y_out,8,-Y,0.5,-0.02807,-0.46415,-1.30371,0.01612,-0.00332,0.00032,-0.05687,-0.54126,-1.40453,0.01409,-0.00176,0.00032,0.21663,-0.4369,-1.29541,3,38.0773,362.522,37.144,178.5938,0.8526,-104.9781,0.0048,24.8261,0.6646
991,000991.png,False,1788899386.614408,1788899386.554409,shear_-Y_out,8,-Y,0.5,-0.01649,-0.51676,-1.31746,0.01747,-0.00313,0.00017,-0.04531,-0.59392,-1.41834,0.01544,-0.00157,0.00016,0.25304,-0.4769,-1.30826,3,38.0976,362.4968,37.1382,178.5934,0.8539,-104.9797,0.0101,24.8197,0.671
992,000992.png,False,1788899386.810305,1788899386.750305,shear_-Y_out,8,-Y,0.5,-0.0059,-0.5378,-1.33591,0.01796,-0.0028,0.00039,-0.03474,-0.61499,-1.43685,0.01593,-0.00124,0.00039,0.27285,-0.49012,-1.32637,3,38.112,362.4849,37.1375,178.5923,0.856,-104.9792,0.0048,24.8187,0.672
993,000993.png,False,1788899387.006310,1788899386.946311,shear_-Y_out,8,-Y,0.5,-0.00952,-0.57602,-1.32842,0.01892,-0.00292,0.00031,-0.03839,-0.65325,-1.42942,0.01689,-0.00135,0.0003,0.28875,-0.52491,-1.31822,3,38.1234,362.4609,37.1367,178.5927,0.8556,-104.9784,0.0007,24.8175,0.6732
994,000994.png,False,1788899387.198412,1788899387.138412,shear_-Y_out,8,-Y,0.5,-0.01287,-0.6095,-1.31242,0.01975,-0.00314,7e-05,-0.04176,-0.68677,-1.41347,0.01772,-0.00158,7e-05,0.30246,-0.55532,-1.30162,3,38.1316,362.4394,37.135,178.5931,0.8548,-104.979,0.0099,24.8155,0.6753
995,000995.png,False,1788899387.394334,1788899387.334334,shear_-Y_out,8,-Y,0.5,-0.01871,-0.64243,-1.33288,0.02074,-0.00297,0.00014,-0.04762,-0.71974,-1.434,0.01871,-0.00141,0.00014,0.31401,-0.58709,-1.3215,3,38.14,362.4245,37.1342,178.593,0.8548,-104.9777,0.0044,24.8143,0.6764
996,000996.png,False,1788899387.786465,1788899387.726465,shear_-Y_back,8,-Y,0.0,-0.00312,-0.62919,-1.3187,0.02023,-0.00275,0.00011,-0.03208,-0.70659,-1.41993,0.01819,-0.00119,0.0001,0.3208,-0.56761,-1.30758,3,38.1474,362.4265,37.1363,178.5923,0.8561,-104.979,0.0057,24.8164,0.6743
997,000997.png,False,1788899387.978457,1788899387.918457,shear_-Y_back,8,-Y,0.0,-0.00016,-0.62598,-1.3652,0.02045,-0.00251,0.00044,-0.02914,-0.70341,-1.46649,0.01841,-0.00094,0.00043,0.32208,-0.56409,-1.35414,3,38.1499,362.424,37.1353,178.5924,0.8559,-104.9797,0.0043,24.8154,0.6753
998,000998.png,False,1788899388.174470,1788899388.114470,shear_-Y_back,8,-Y,0.0,0.06088,-0.45747,-1.22523,0.01597,-0.00113,0.00012,0.03188,-0.53495,-1.32658,0.01393,0.00044,0.00011,0.28979,-0.3854,-1.21724,3,38.134,362.5141,37.1553,178.5881,0.8649,-104.9843,0.0027,24.8369,0.6538
999,000999.png,False,1788899388.370475,1788899388.310475,shear_-Y_back,8,-Y,0.0,0.08797,-0.36527,-1.20286,0.01367,-0.0004,0.00031,0.05894,-0.44279,-1.30426,0.01163,0.00117,0.0003,0.26703,-0.29166,-1.19652,3,38.1251,362.5574,37.162,178.588,0.865,-104.9869,0.0078,24.8443,0.6464
1000,001000.png,False,1788899388.566421,1788899388.506421,shear_-Y_back,8,-Y,0.0,0.10457,-0.29994,-1.17104,0.01213,0.00018,7e-05,0.07552,-0.3775,-1.2725,0.01009,0.00175,6e-05,0.24855,-0.22628,-1.16587,3,38.1142,362.6048,37.1653,178.5863,0.8682,-104.9952,0.0038,24.8485,0.6422
