index,file,missing,t_img,t_exposure_start,segment,cycle,axis,target_N,Fx_s,Fy_s,Fz_s,Tx_s,Ty_s,Tz_s,Fx_s_corr,Fy_s_corr,Fz_s_corr,Tx_s_corr,Ty_s_corr,Tz_s_corr,Fx_base,Fy_base,Fz_base,ft_chunks,tcp_x,tcp_y,tcp_z,rx,ry,rz,pose_gap_s,height_above_plane_mm,depth_mm
1,000001.png,False,1788794207.137391,1788794206.932691,normal_load,1,,2.0,-0.00022,0.0039,-0.01369,-1e-05,5e-05,-0.0,-0.00029,0.00376,-0.01412,-2e-05,6e-05,1e-05,-0.00205,0.00304,-0.01375,10,37.9177,362.8354,38.9927,178.1897,0.3099,-124.2138,0.0001,26.6807,-0.0407
2,000002.png,False,1788794207.549438,1788794207.344738,normal_load,1,,2.0,-0.00041,0.00282,-0.04022,-2e-05,1e-05,0.00014,-0.00049,0.00266,-0.04073,-3e-05,2e-05,0.00015,-0.00148,0.0016,-0.04026,11,37.9205,362.8269,38.9553,178.1895,0.3101,-124.2138,0.0078,26.6431,-0.0031
3,000003.png,False,1788794207.757460,1788794207.552760,normal_load,1,,2.0,-9e-05,0.00282,-0.06351,-6e-05,-3e-05,0.00016,-0.00018,0.00265,-0.06406,-7e-05,-2e-05,0.00018,-0.00105,0.00138,-0.06354,10,37.9219,362.8257,38.9348,178.1892,0.3104,-124.214,0.0058,26.6225,0.0175
4,000004.png,False,1788794208.373488,1788794208.168788,normal_load,1,,2.0,0.00081,0.00598,-0.13225,-2e-05,-5e-05,7e-05,0.0007,0.00577,-0.13294,-4e-05,-4e-05,9e-05,-0.00137,0.00347,-0.13233,11,37.9215,362.823,38.8688,178.1895,0.3101,-124.2138,0.0065,26.5566,0.0834
5,000005.png,False,1788794208.581500,1788794208.376800,normal_load,1,,2.0,0.00094,0.00659,-0.17304,-6e-05,-7e-05,5e-05,0.00082,0.00636,-0.17377,-7e-05,-6e-05,7e-05,-0.00127,0.0034,-0.17313,10,37.9217,362.8261,38.8278,178.1888,0.3105,-124.214,0.0069,26.5156,0.1244
6,000006.png,False,1788794208.789508,1788794208.584808,normal_load,1,,2.0,0.00064,0.01037,-0.20707,-0.00017,-8e-05,-1e-05,0.00052,0.01013,-0.20785,-0.00018,-7e-05,1e-05,-0.00319,0.00599,-0.20722,11,37.9222,362.8252,38.8006,178.1894,0.3102,-124.214,0.0003,26.4884,0.1516
7,000007.png,False,1788794208.993515,1788794208.788815,normal_load,1,,2.0,0.00257,0.01385,-0.24263,-0.00024,-0.00011,-2e-05,0.00243,0.0136,-0.24346,-0.00026,-0.0001,0.0,-0.00302,0.00939,-0.24284,11,37.9214,362.8291,38.7706,178.1888,0.3109,-124.214,0.0027,26.4584,0.1816
8,000008.png,False,1788794209.201569,1788794208.996869,normal_load,1,,2.0,0.00103,0.01356,-0.27505,-0.00023,-0.00014,2e-05,0.00089,0.01329,-0.27592,-0.00025,-0.00013,4e-05,-0.00397,0.00785,-0.27524,10,37.9202,362.8284,38.7654,178.1891,0.3105,-124.2138,0.0025,26.4532,0.1868
9,000009.png,False,1788794209.405560,1788794209.200860,normal_load,1,,2.0,0.0021,0.01751,-0.30276,-0.00033,-0.0001,5e-05,0.00195,0.01723,-0.30367,-0.00036,-8e-05,7e-05,-0.00483,0.01137,-0.30302,10,37.9198,362.8332,38.7481,178.1874,0.3123,-124.2138,0.0054,26.436,0.204
10,000010.png,False,1788794209.613590,1788794209.408890,normal_load,1,,2.0,0.00011,0.0166,-0.33633,-0.00022,-0.00013,0.0,-5e-05,0.0163,-0.33728,-0.00024,-0.00011,3e-05,-0.00587,0.00904,-0.33656,11,37.9206,362.8311,38.7243,178.1886,0.3113,-124.2138,0.008,26.4122,0.2278
11,000011.png,False,1788794209.821560,1788794209.616860,normal_load,1,,2.0,0.00103,0.01665,-0.3843,-0.00023,-0.0002,8e-05,0.00087,0.01634,-0.3853,-0.00025,-0.00018,0.0001,-0.00476,0.00878,-0.38454,10,37.9215,362.829,38.7076,178.1886,0.311,-124.214,0.001,26.3955,0.2445
12,000012.png,False,1788794210.025573,1788794209.820873,normal_load,1,,2.0,-0.00039,0.01789,-0.40669,-0.00027,-0.00025,3e-05,-0.00056,0.01756,-0.40774,-0.0003,-0.00023,6e-05,-0.00646,0.00878,-0.40694,10,37.921,362.8312,38.6909,178.1882,0.3115,-124.214,0.0017,26.3789,0.2611
13,000013.png,False,1788794210.233589,1788794210.028889,normal_load,1,,2.0,0.00065,0.01822,-0.43211,-0.0003,-0.00028,-9e-05,0.00047,0.01788,-0.43319,-0.00033,-0.00026,-6e-05,-0.00554,0.00918,-0.43236,10,37.9206,362.8309,38.6744,178.1882,0.3115,-124.2143,0.0086,26.3623,0.2777
14,000014.png,False,1788794210.437649,1788794210.232949,normal_load,1,,2.0,0.00108,0.02046,-0.50899,-0.00024,-0.00027,0.00022,0.0009,0.02011,-0.51012,-0.00027,-0.00025,0.00025,-0.00576,0.01011,-0.50927,10,37.9203,362.8319,38.6505,178.188,0.3116,-124.2136,0.0091,26.3384,0.3016
15,000015.png,False,1788794210.645621,1788794210.440921,normal_load,1,,2.0,0.00011,0.01948,-0.55003,-0.00024,-0.00031,0.00024,-8e-05,0.01912,-0.5512,-0.00026,-0.00029,0.00027,-0.00582,0.00812,-0.55028,10,37.9213,362.8289,38.6403,178.1886,0.311,-124.2143,0.0026,26.3282,0.3118
16,000016.png,False,1788794211.057658,1788794210.852958,normal_load,1,,2.0,-0.00102,0.02061,-0.57974,-0.00019,-0.00027,0.0001,-0.00123,0.02021,-0.581,-0.00022,-0.00025,0.00013,-0.00716,0.00805,-0.58001,10,37.9206,362.8277,38.6159,178.1883,0.3113,-124.214,0.0063,26.3038,0.3362
17,000017.png,False,1788794211.265692,1788794211.060992,normal_load,1,,2.0,-5e-05,0.02239,-0.61167,-0.00026,-0.00035,9e-05,-0.00026,0.02199,-0.61298,-0.00029,-0.00033,0.00012,-0.00699,0.00957,-0.61197,10,37.9211,362.8313,38.5975,178.1877,0.3119,-124.214,0.007,26.2854,0.3546
18,000018.png,False,1788794211.469711,1788794211.265011,normal_load,1,,2.0,-0.00103,0.02203,-0.64723,-0.00028,-0.00036,0.00013,-0.00125,0.02161,-0.64858,-0.00031,-0.00034,0.00016,-0.00741,0.0082,-0.64751,11,37.9221,362.8278,38.5856,178.1889,0.311,-124.214,0.0041,26.2735,0.3665
19,000019.png,False,1788794211.677680,1788794211.472980,normal_load,1,,2.0,0.00055,0.02506,-0.6765,-0.00033,-0.00037,5e-05,0.00032,0.02462,-0.67789,-0.00036,-0.00035,8e-05,-0.00736,0.01114,-0.67683,10,37.921,362.8312,38.5696,178.188,0.3116,-124.214,0.0027,26.2576,0.3824
20,000020.png,False,1788794211.885689,1788794211.680989,normal_load,1,,2.0,0.00077,0.02747,-0.70957,-0.00033,-0.00035,3e-05,0.00054,0.02702,-0.71102,-0.00037,-0.00033,6e-05,-0.00814,0.01281,-0.70994,10,37.9196,362.8346,38.5535,178.1874,0.3123,-124.214,0.0097,26.2415,0.3985
21,000021.png,False,1788794212.297724,1788794212.093024,normal_load,1,,2.0,0.00021,0.02979,-0.79548,-0.00041,-0.00047,3e-05,-4e-05,0.02931,-0.797,-0.00045,-0.00045,7e-05,-0.00919,0.01316,-0.79587,10,37.9205,362.8298,38.5185,178.1888,0.3112,-124.2136,0.0013,26.2065,0.4335
22,000022.png,False,1788794212.709757,1788794212.505057,normal_load,1,,2.0,0.00022,0.032,-0.84434,-0.00046,-0.00046,5e-05,-4e-05,0.03149,-0.84596,-0.0005,-0.00043,9e-05,-0.00994,0.01429,-0.84477,11,37.9201,362.8346,38.4994,178.1879,0.3115,-124.2142,0.0044,26.1874,0.4526
23,000023.png,False,1788794212.917739,1788794212.713039,normal_load,1,,2.0,0.00126,0.03779,-0.85729,-0.00058,-0.00045,-0.00014,0.00099,0.03727,-0.85895,-0.00062,-0.00043,-0.0001,-0.01184,0.01963,-0.85781,10,37.9199,362.837,38.4876,178.1873,0.3124,-124.214,0.0091,26.1756,0.4644
24,000024.png,False,1788794213.329767,1788794213.125067,normal_load,1,,2.0,0.00059,0.03545,-0.91365,-0.00052,-0.00052,-0.00037,0.00031,0.0349,-0.9154,-0.00056,-0.00049,-0.00033,-0.01086,0.01636,-0.91413,11,37.9213,362.8331,38.4551,178.1883,0.3116,-124.2143,0.0004,26.1431,0.4969
25,000025.png,False,1788794213.537735,1788794213.333035,normal_load,1,,2.0,0.00203,0.03706,-0.9603,-0.00051,-0.00057,-0.00031,0.00174,0.0365,-0.96209,-0.00056,-0.00054,-0.00027,-0.0101,0.01773,-0.9608,10,37.9194,362.8332,38.4387,178.1882,0.3115,-124.214,0.0069,26.1267,0.5133
26,000026.png,False,1788794213.741801,1788794213.537101,normal_load,1,,2.0,5e-05,0.03566,-0.99538,-0.00045,-0.00058,-0.00036,-0.00025,0.03509,-0.99722,-0.0005,-0.00055,-0.00032,-0.01087,0.01496,-0.99585,10,37.9202,362.8324,38.4245,178.1882,0.3115,-124.2136,0.0097,26.1125,0.5275
27,000027.png,False,1788794214.153749,1788794213.949049,normal_load,1,,2.0,0.00014,0.03977,-1.08285,-0.00052,-0.00059,-0.00023,-0.00017,0.03917,-1.08477,-0.00057,-0.00056,-0.00019,-0.01224,0.01717,-1.08337,11,37.9188,362.8347,38.4029,178.1876,0.3118,-124.2143,0.0043,26.0909,0.5491
28,000028.png,False,1788794214.361862,1788794214.157162,normal_load,1,,2.0,-0.00251,0.03016,-1.11327,-0.00025,-0.00073,-0.00026,-0.00283,0.02955,-1.11524,-0.0003,-0.0007,-0.00022,-0.00952,0.00704,-1.11362,10,37.9208,362.8263,38.386,178.1888,0.3108,-124.2142,0.0024,26.0739,0.5661
29,000029.png,False,1788794214.569914,1788794214.365214,normal_load,1,,2.0,-0.00277,0.03244,-1.1695,-0.00031,-0.00077,-0.00012,-0.0031,0.03181,-1.17152,-0.00036,-0.00074,-8e-05,-0.0105,0.00798,-1.16988,11,37.9217,362.828,38.3708,178.1882,0.3115,-124.2143,0.0087,26.0587,0.5813
30,000030.png,False,1788794214.773888,1788794214.569188,normal_load,1,,2.0,-0.00308,0.03377,-1.2263,-0.00032,-0.00079,6e-05,-0.00342,0.03313,-1.22836,-0.00037,-0.00076,0.0001,-0.01104,0.00806,-1.22669,10,37.9224,362.827,38.3589,178.1892,0.3107,-124.214,0.0088,26.0468,0.5932
31,000031.png,False,1788794214.981865,1788794214.777165,normal_load,1,,2.0,0.00043,0.04524,-1.24968,-0.00062,-0.00074,-8e-05,8e-05,0.04458,-1.25178,-0.00067,-0.00071,-4e-05,-0.01357,0.01937,-1.25028,10,37.9206,362.8344,38.3489,178.1868,0.3129,-124.2143,0.002,26.0369,0.6031
32,000032.png,False,1788794215.185836,1788794214.981136,normal_load,1,,2.0,0.00198,0.04605,-1.27715,-0.00062,-0.00073,-0.00011,0.00163,0.04538,-1.27929,-0.00068,-0.00069,-6e-05,-0.01244,0.02041,-1.27775,10,37.9209,362.8322,38.3357,178.1877,0.3119,-124.2143,0.0008,26.0236,0.6164
33,000033.png,False,1788794215.393913,1788794215.189213,normal_load,1,,2.0,0.00085,0.04765,-1.34227,-0.00061,-0.00084,-6e-05,0.0005,0.04697,-1.34446,-0.00066,-0.0008,-1e-05,-0.01376,0.02019,-1.34289,10,37.9209,362.8323,38.3076,178.1883,0.3113,-124.214,0.0077,25.9956,0.6444
34,000034.png,False,1788794215.601896,1788794215.397196,normal_load,1,,2.0,1e-05,0.04632,-1.41902,-0.00052,-0.00088,-0.0001,-0.00035,0.04562,-1.42125,-0.00057,-0.00084,-6e-05,-0.01329,0.01739,-1.41961,10,37.921,362.8318,38.2918,178.1888,0.3108,-124.2142,0.0059,25.9798,0.6602
35,000035.png,False,1788794216.217871,1788794216.013171,normal_load,1,,2.0,0.00384,0.05755,-1.47355,-0.00076,-0.0008,-0.0001,0.00346,0.05681,-1.47591,-0.00082,-0.00076,-5e-05,-0.01521,0.02816,-1.47433,10,37.9202,362.8376,38.2773,178.1873,0.3124,-124.2143,0.0059,25.9654,0.6746
36,000036.png,False,1788794216.425975,1788794216.221275,normal_load,1,,2.0,0.00648,0.06157,-1.49059,-0.00097,-0.00077,-0.0001,0.00609,0.06082,-1.493,-0.00102,-0.00073,-4e-05,-0.01481,0.03268,-1.49144,10,37.9186,362.841,38.2672,178.1862,0.3132,-124.214,0.0077,25.9553,0.6847
37,000037.png,False,1788794216.633974,1788794216.429274,normal_load,1,,2.0,0.00492,0.06435,-1.53904,-0.0009,-0.00076,-1e-05,0.00452,0.06358,-1.54149,-0.00096,-0.00072,5e-05,-0.01722,0.03353,-1.53993,10,37.9192,362.8394,38.2568,178.1867,0.3127,-124.2143,0.0011,25.9449,0.6951
38,000038.png,False,1788794216.837910,1788794216.633210,normal_load,1,,2.0,0.00642,0.06484,-1.58327,-0.00099,-0.0008,-2e-05,0.00601,0.06406,-1.58577,-0.00104,-0.00076,4e-05,-0.01586,0.034,-1.58416,10,37.9189,362.8435,38.2405,178.1862,0.3135,-124.2145,0.0015,25.9287,0.7113
39,000039.png,False,1788794217.250014,1788794217.045314,normal_load,1,,2.0,0.00376,0.06036,-1.66907,-0.0008,-0.00093,0.0,0.00333,0.05956,-1.67165,-0.00086,-0.00088,6e-05,-0.01533,0.02742,-1.66987,11,37.9199,362.8369,38.2167,178.1877,0.3116,-124.2145,0.0094,25.9048,0.7352
40,000040.png,False,1788794217.458040,1788794217.253340,normal_load,1,,2.0,0.00401,0.06284,-1.70654,-0.00085,-0.00097,3e-05,0.00358,0.06202,-1.70917,-0.00092,-0.00093,9e-05,-0.01609,0.02909,-1.70738,10,37.9203,362.8387,38.2056,178.1874,0.3125,-124.2147,0.0029,25.8937,0.7463
41,000041.png,False,1788794217.666062,1788794217.461362,normal_load,1,,2.0,0.00396,0.0654,-1.74326,-0.0008,-0.00092,3e-05,0.00353,0.06456,-1.74593,-0.00087,-0.00088,9e-05,-0.01715,0.03069,-1.74413,10,37.9194,362.8381,38.1987,178.1873,0.3121,-124.2145,0.0034,25.8868,0.7532
42,000042.png,False,1788794217.869968,1788794217.665268,normal_load,1,,2.0,0.00263,0.06079,-1.76157,-0.00079,-0.00097,2e-05,0.00219,0.05994,-1.76429,-0.00085,-0.00092,8e-05,-0.01588,0.02574,-1.76236,11,37.92,362.8364,38.1899,178.1876,0.3118,-124.2145,0.0056,25.878,0.762
43,000043.png,False,1788794218.282100,1788794218.077400,normal_load,1,,2.0,0.00543,0.06781,-1.78936,-0.00094,-0.001,-0.00015,0.00497,0.06693,-1.79217,-0.00101,-0.00096,-8e-05,-0.01677,0.03277,-1.79028,10,37.9207,362.838,38.1749,178.1874,0.3126,-124.2145,0.0051,25.863,0.777
44,000044.png,False,1788794218.490084,1788794218.285384,normal_load,1,,2.0,0.00514,0.06911,-1.82404,-0.00096,-0.00101,-0.00017,0.00468,0.06822,-1.8269,-0.00103,-0.00097,-0.0001,-0.01743,0.0332,-1.82497,11,37.9198,362.8391,38.1634,178.187,0.3127,-124.2147,0.0016,25.8515,0.7885
45,000045.png,False,1788794218.698108,1788794218.493408,normal_load,1,,2.0,0.00571,0.07333,-1.87921,-0.00107,-0.00104,-8e-05,0.00523,0.07243,-1.88211,-0.00114,-0.00099,-1e-05,-0.01867,0.03626,-1.88021,10,37.9191,362.8428,38.1512,178.1862,0.3135,-124.2147,0.0083,25.8394,0.8006
46,000046.png,False,1788794218.902117,1788794218.697417,normal_load,1,,2.0,0.00652,0.07242,-1.92844,-0.00095,-0.00101,-7e-05,0.00605,0.0715,-1.93138,-0.00102,-0.00096,-1e-05,-0.01716,0.03509,-1.92941,10,37.9183,362.8413,38.1381,178.1868,0.3129,-124.2145,0.0095,25.8263,0.8137
47,000047.png,False,1788794219.110117,1788794218.905417,normal_load,1,,2.0,0.00323,0.06965,-1.99424,-0.00085,-0.00106,0.00018,0.00275,0.06872,-1.99722,-0.00092,-0.00101,0.00025,-0.01817,0.02999,-1.99515,11,37.9212,362.84,38.128,178.1873,0.3127,-124.2147,0.003,25.8162,0.8238
48,000048.png,False,1788794219.934098,1788794219.729398,normal_unload,1,,0.0,0.00774,0.07753,-2.03308,-0.00107,-0.00113,6e-05,0.00723,0.07654,-2.03624,-0.00114,-0.00108,0.00013,-0.01793,0.03845,-2.03413,10,37.9185,362.8418,38.114,178.1867,0.3133,-124.2143,0.0058,25.8022,0.8378
49,000049.png,False,1788794220.554126,1788794220.349426,normal_unload,1,,0.0,0.00582,0.07369,-2.01484,-0.00097,-0.00113,-8e-05,0.00528,0.07267,-2.01813,-0.00105,-0.00108,-0.0,-0.01781,0.03445,-2.01582,10,37.9182,362.8403,38.1158,178.1868,0.3129,-124.2143,0.01,25.804,0.836
50,000050.png,False,1788794220.966224,1788794220.761524,normal_unload,1,,0.0,0.00169,0.06287,-2.00661,-0.00068,-0.00122,0.00015,0.00114,0.06182,-2.01,-0.00076,-0.00117,0.00022,-0.01604,0.02315,-2.0074,10,37.9201,362.8365,38.1241,178.1883,0.3113,-124.2149,0.0011,25.8122,0.8278
51,000051.png,False,1788794221.174237,1788794220.969537,normal_unload,1,,0.0,-0.00229,0.05548,-1.9776,-0.00049,-0.00123,0.00012,-0.00285,0.05442,-1.98103,-0.00058,-0.00117,0.0002,-0.016,0.01523,-1.97826,10,37.9208,362.8332,38.1295,178.1891,0.3105,-124.2147,0.0052,25.8175,0.8225
52,000052.png,False,1788794221.378262,1788794221.173562,normal_unload,1,,0.0,-0.00105,0.05408,-1.93256,-0.00048,-0.00125,2e-05,-0.00162,0.05299,-1.93603,-0.00056,-0.00119,0.0001,-0.01453,0.01535,-1.9332,10,37.9203,362.8328,38.143,178.1894,0.3102,-124.2151,0.0077,25.831,0.809
53,000053.png,False,1788794221.586282,1788794221.381582,normal_unload,1,,0.0,0.00107,0.05702,-1.8586,-0.00063,-0.0012,8e-05,0.00049,0.05592,-1.86212,-0.00071,-0.00115,0.00015,-0.01468,0.02014,-1.85931,10,37.9197,362.8338,38.1623,178.1883,0.3113,-124.2145,0.006,25.8503,0.7897
54,000054.png,False,1788794221.794286,1788794221.589586,normal_unload,1,,0.0,0.00502,0.06324,-1.77059,-0.00072,-0.001,-0.00014,0.00444,0.06213,-1.77414,-0.00081,-0.00094,-6e-05,-0.01498,0.02892,-1.77142,10,37.9196,362.837,38.1813,178.1871,0.3122,-124.2147,0.0004,25.8694,0.7706
55,000055.png,False,1788794222.206334,1788794222.001634,normal_unload,1,,0.0,0.00698,0.06497,-1.70644,-0.00085,-0.00094,1e-05,0.00639,0.06383,-1.71009,-0.00094,-0.00088,9e-05,-0.01458,0.03242,-1.70732,10,37.9212,362.8383,38.2015,178.1865,0.3132,-124.2149,0.0014,25.8896,0.7504
56,000056.png,False,1788794222.618252,1788794222.413552,normal_unload,1,,0.0,0.00667,0.06512,-1.66995,-0.00083,-0.00092,2e-05,0.00607,0.06395,-1.67368,-0.00092,-0.00086,0.00011,-0.01518,0.03298,-1.67083,10,37.919,362.8385,38.2099,178.187,0.313,-124.2145,0.0099,25.898,0.742
57,000057.png,False,1788794222.826360,1788794222.621660,normal_unload,1,,0.0,0.00467,0.06089,-1.63916,-0.00084,-0.00098,-1e-05,0.00406,0.05971,-1.64294,-0.00093,-0.00092,7e-05,-0.01501,0.02881,-1.63998,10,37.9199,362.8383,38.2149,178.1871,0.3126,-124.2145,0.0035,25.903,0.737
58,000058.png,False,1788794223.030356,1788794222.825656,normal_unload,1,,0.0,0.00442,0.06042,-1.61382,-0.00081,-0.00093,-5e-05,0.00379,0.05923,-1.61764,-0.0009,-0.00087,3e-05,-0.01517,0.02868,-1.61463,11,37.9197,362.8394,38.2238,178.187,0.3127,-124.2143,0.0011,25.9119,0.7281
59,000059.png,False,1788794223.238377,1788794223.033677,normal_unload,1,,0.0,0.00628,0.06052,-1.59481,-0.00083,-0.00094,7e-05,0.00565,0.05932,-1.59867,-0.00092,-0.00088,0.00016,-0.01374,0.03001,-1.59563,10,37.9197,362.8374,38.2328,178.1873,0.3124,-124.2147,0.0057,25.9209,0.7191
60,000060.png,False,1788794223.650383,1788794223.445683,normal_unload,1,,0.0,0.00626,0.05885,-1.52512,-0.00075,-0.00084,-6e-05,0.00561,0.05762,-1.52907,-0.00085,-0.00078,3e-05,-0.01341,0.02966,-1.52592,11,37.9198,362.8381,38.249,178.187,0.3127,-124.2145,0.0057,25.9371,0.7029
61,000061.png,False,1788794224.062438,1788794223.857738,normal_unload,1,,0.0,0.00813,0.05953,-1.48153,-0.00085,-0.00079,-0.00011,0.00747,0.05827,-1.48557,-0.00094,-0.00072,-2e-05,-0.01243,0.03189,-1.48235,10,37.9205,362.84,38.2608,178.1864,0.313,-124.2147,0.002,25.9489,0.6911
62,000062.png,False,1788794224.474457,1788794224.269757,normal_unload,1,,0.0,0.00678,0.05816,-1.4223,-0.00079,-0.00073,-0.00015,0.00611,0.05687,-1.42643,-0.00089,-0.00066,-6e-05,-0.01332,0.03097,-1.4231,10,37.9198,362.8402,38.277,178.1865,0.3132,-124.2145,0.0077,25.9651,0.6749
63,000063.png,False,1788794224.682499,1788794224.477799,normal_unload,1,,0.0,0.00618,0.05726,-1.40869,-0.00078,-0.00074,-9e-05,0.0055,0.05595,-1.41287,-0.00088,-0.00068,1e-05,-0.01349,0.03011,-1.40949,10,37.9196,362.8391,38.2829,178.187,0.313,-124.2147,0.0055,25.971,0.669
64,000064.png,False,1788794225.094486,1788794224.889786,normal_unload,1,,0.0,0.00488,0.05207,-1.35262,-0.00066,-0.00078,-0.0001,0.00419,0.05074,-1.35688,-0.00076,-0.00071,-0.0,-0.01241,0.02587,-1.35332,11,37.919,362.8377,38.3013,178.1873,0.3127,-124.2145,0.0048,25.9893,0.6507
65,000065.png,False,1788794225.506538,1788794225.301838,normal_unload,1,,0.0,0.00648,0.05752,-1.28242,-0.00087,-0.00067,-2e-05,0.00577,0.05616,-1.28677,-0.00098,-0.0006,8e-05,-0.01424,0.03251,-1.28324,10,37.9199,362.8413,38.3278,178.1865,0.3135,-124.2143,0.0056,26.0159,0.6241
66,000066.png,False,1788794225.922534,1788794225.717834,normal_unload,1,,0.0,0.01006,0.06347,-1.26743,-0.00103,-0.00053,0.00013,0.00934,0.06208,-1.27187,-0.00113,-0.00046,0.00023,-0.01421,0.03969,-1.26835,10,37.9181,362.8484,38.3345,178.1859,0.3138,-124.2147,0.003,26.0228,0.6172
67,000067.png,False,1788794226.334561,1788794226.129861,normal_unload,1,,0.0,0.00914,0.05967,-1.22657,-0.00098,-0.00059,-0.00011,0.00841,0.05825,-1.2311,-0.00108,-0.00052,-1e-05,-0.01339,0.0366,-1.22743,10,37.9189,362.8439,38.339,178.1874,0.3123,-124.2143,0.008,26.0272,0.6128
68,000068.png,False,1788794226.538491,1788794226.333791,normal_unload,1,,0.0,0.00743,0.05765,-1.21266,-0.00084,-0.00054,-8e-05,0.00668,0.05622,-1.21723,-0.00095,-0.00047,2e-05,-0.01396,0.03421,-1.21349,10,37.919,362.8444,38.3483,178.1868,0.3129,-124.2145,0.0059,26.0365,0.6035
69,000069.png,False,1788794226.746587,1788794226.541887,normal_unload,1,,0.0,0.00758,0.05998,-1.16367,-0.00093,-0.00048,-9e-05,0.00682,0.05854,-1.16828,-0.00104,-0.00041,1e-05,-0.01534,0.0371,-1.16455,10,37.9187,362.8454,38.3653,178.1861,0.3137,-124.2145,0.0197,26.0535,0.5865
70,000070.png,False,1788794226.954662,1788794226.749962,normal_unload,1,,0.0,0.0081,0.0587,-1.11602,-0.00096,-0.00048,-0.00011,0.00734,0.05725,-1.12068,-0.00107,-0.0004,-1e-05,-0.01457,0.03701,-1.11688,10,37.9185,362.8452,38.375,178.1862,0.3135,-124.2147,0.0068,26.0632,0.5768
71,000071.png,False,1788794227.778658,1788794227.573958,normal_unload,1,,0.0,0.00523,0.05215,-1.0588,-0.00079,-0.0005,0.0001,0.00444,0.05064,-1.06364,-0.0009,-0.00042,0.0002,-0.01419,0.03082,-1.05956,10,37.9187,362.843,38.4027,178.187,0.313,-124.2147,0.0037,26.0909,0.5491
72,000072.png,False,1788794227.986656,1788794227.781956,normal_unload,1,,0.0,0.00737,0.0542,-1.0187,-0.0009,-0.00045,-3e-05,0.00658,0.05268,-1.02358,-0.00102,-0.00037,7e-05,-0.01363,0.03431,-1.0195,10,37.9183,362.8465,38.4158,178.1854,0.3143,-124.2154,0.0024,26.104,0.536
73,000073.png,False,1788794228.190668,1788794227.985968,normal_unload,1,,0.0,0.00623,0.05172,-0.98023,-0.00085,-0.00043,-0.00019,0.00543,0.05018,-0.98515,-0.00096,-0.00035,-9e-05,-0.01364,0.0322,-0.98099,11,37.919,362.8432,38.4218,178.1864,0.3133,-124.2151,0.0047,26.11,0.53
74,000074.png,False,1788794228.606706,1788794228.402006,normal_unload,1,,0.0,0.00511,0.04713,-0.9602,-0.00069,-0.00044,-8e-05,0.0043,0.04556,-0.96521,-0.00081,-0.00036,3e-05,-0.01246,0.02799,-0.96088,10,37.9198,362.8417,38.4374,178.1871,0.3128,-124.2154,0.0019,26.1256,0.5144
75,000075.png,False,1788794228.810746,1788794228.606046,normal_unload,1,,0.0,0.00492,0.04748,-0.95114,-0.00065,-0.00038,0.00011,0.0041,0.04591,-0.95619,-0.00077,-0.0003,0.00022,-0.01286,0.02835,-0.95183,11,37.9197,362.8423,38.4471,178.1868,0.3132,-124.2151,0.0006,26.1352,0.5048
76,000076.png,False,1788794229.018730,1788794228.814030,normal_unload,1,,0.0,0.00555,0.04886,-0.90548,-0.0007,-0.00033,-2e-05,0.00472,0.04727,-0.91058,-0.00082,-0.00025,9e-05,-0.01333,0.03058,-0.9062,10,37.9195,362.8428,38.4593,178.1868,0.3129,-124.2151,0.0072,26.1475,0.4925
77,000077.png,False,1788794229.222806,1788794229.018106,normal_unload,1,,0.0,0.00371,0.04515,-0.86949,-0.0006,-0.00033,-6e-05,0.00287,0.04355,-0.87463,-0.00072,-0.00025,5e-05,-0.01332,0.02703,-0.87015,10,37.9193,362.842,38.4704,178.1874,0.3122,-124.2153,0.0098,26.1586,0.4814
78,000078.png,False,1788794229.430765,1788794229.226065,normal_unload,1,,0.0,0.00157,0.04303,-0.83417,-0.0006,-0.00033,-0.0001,0.00072,0.04141,-0.83936,-0.00073,-0.00024,2e-05,-0.01436,0.02469,-0.83479,11,37.9183,362.8406,38.4793,178.1874,0.3122,-124.2149,0.004,26.1674,0.4726
79,000079.png,False,1788794229.842813,1788794229.638113,normal_unload,1,,0.0,0.0078,0.05163,-0.83468,-0.00087,-0.00023,8e-05,0.00694,0.04998,-0.83996,-0.00099,-0.00015,0.00019,-0.01325,0.03524,-0.83546,10,37.9183,362.8476,38.4912,178.1866,0.313,-124.2153,0.0005,26.1794,0.4606
80,000080.png,False,1788794230.050822,1788794229.846122,normal_unload,1,,0.0,0.00725,0.05126,-0.80636,-0.00084,-0.00025,5e-05,0.00638,0.0496,-0.81168,-0.00097,-0.00016,0.00017,-0.01374,0.0351,-0.80714,11,37.9193,362.8474,38.499,178.187,0.313,-124.2154,0.0069,26.1873,0.4527
81,000081.png,False,1788794230.254817,1788794230.050117,normal_unload,1,,0.0,0.00671,0.04641,-0.76067,-0.00076,-0.00021,-0.00011,0.00583,0.04473,-0.76604,-0.00089,-0.00012,1e-05,-0.0121,0.03136,-0.76137,10,37.9189,362.8457,38.5089,178.1873,0.3127,-124.2154,0.0097,26.1971,0.4429
82,000082.png,False,1788794230.462847,1788794230.258147,normal_unload,1,,0.0,0.00583,0.04255,-0.71929,-0.00075,-0.00029,-0.00027,0.00495,0.04086,-0.7247,-0.00088,-0.00021,-0.00015,-0.01122,0.02824,-0.71993,10,37.9189,362.8443,38.5181,178.1873,0.3124,-124.2153,0.0029,26.2063,0.4337
83,000083.png,False,1788794230.670833,1788794230.466133,normal_unload,1,,0.0,0.00582,0.04151,-0.69671,-0.00071,-0.00027,-0.00021,0.00493,0.03981,-0.70216,-0.00084,-0.00018,-9e-05,-0.01087,0.0277,-0.69733,11,37.919,362.8437,38.5304,178.1873,0.3124,-124.2153,0.0044,26.2186,0.4214
84,000084.png,False,1788794231.286868,1788794231.082168,normal_unload,1,,0.0,0.0029,0.0384,-0.6617,-0.00059,-0.00027,-5e-05,0.00199,0.03666,-0.66729,-0.00073,-0.00018,7e-05,-0.01209,0.02411,-0.66227,10,37.9191,362.8404,38.5543,178.1879,0.3114,-124.2153,0.004,26.2424,0.3976
85,000085.png,False,1788794231.494862,1788794231.290162,normal_unload,1,,0.0,0.00211,0.03716,-0.63821,-0.00058,-0.00024,-0.00014,0.00119,0.0354,-0.64384,-0.00071,-0.00015,-2e-05,-0.01231,0.02302,-0.63876,10,37.9193,362.8413,38.5564,178.1879,0.3117,-124.2156,0.0023,26.2445,0.3955
86,000086.png,False,1788794231.702958,1788794231.498258,normal_unload,1,,0.0,0.00624,0.04612,-0.61181,-0.00088,-0.00015,-0.00016,0.00532,0.04435,-0.61749,-0.00102,-6e-05,-3e-05,-0.01339,0.03327,-0.61253,10,37.9176,362.8489,38.5699,178.1874,0.3125,-124.2154,0.0088,26.2581,0.3819
87,000087.png,False,1788794231.906921,1788794231.702221,normal_unload,1,,0.0,0.00657,0.04506,-0.59057,-0.00075,-0.0001,-0.00019,0.00564,0.04327,-0.59629,-0.00089,-0.0,-6e-05,-0.01272,0.03285,-0.59128,10,37.9184,362.8469,38.5772,178.1874,0.3122,-124.2156,0.0089,26.2654,0.3746
88,000088.png,False,1788794232.114964,1788794231.910264,normal_unload,1,,0.0,0.00641,0.03894,-0.56181,-0.00063,-0.00017,-0.00026,0.00547,0.03714,-0.56757,-0.00076,-8e-05,-0.00013,-0.01001,0.02793,-0.56241,10,37.9174,362.8453,38.5865,178.1877,0.3119,-124.2156,0.0019,26.2747,0.3653
89,000089.png,False,1788794232.318841,1788794232.114141,normal_unload,1,,0.0,0.00626,0.04022,-0.53799,-0.00068,-0.00014,-0.0002,0.00531,0.03841,-0.54379,-0.00082,-5e-05,-7e-05,-0.01094,0.02934,-0.53862,10,37.9186,362.846,38.5975,178.1873,0.3124,-124.2158,0.0001,26.2857,0.3543
90,000090.png,False,1788794232.526851,1788794232.322151,normal_unload,1,,0.0,0.00578,0.03715,-0.50517,-0.00067,-0.00018,-0.00023,0.00483,0.03532,-0.51102,-0.00081,-9e-05,-0.0001,-0.01005,0.02697,-0.50575,10,37.9182,362.8458,38.6109,178.1876,0.312,-124.2158,0.0065,26.2991,0.3409
91,000091.png,False,1788794232.938980,1788794232.734280,normal_unload,1,,0.0,0.0034,0.03045,-0.47946,-0.00049,-0.00018,-0.00019,0.00244,0.02859,-0.4854,-0.00063,-9e-05,-6e-05,-0.00894,0.02039,-0.47993,10,37.9186,362.8422,38.6285,178.1882,0.3111,-124.2156,0.005,26.3167,0.3233
92,000092.png,False,1788794233.350997,1788794233.146297,normal_unload,1,,0.0,0.00363,0.03192,-0.4493,-0.00051,-0.00013,-0.00015,0.00265,0.03004,-0.45533,-0.00065,-3e-05,-2e-05,-0.00969,0.02226,-0.44979,11,37.9197,362.8425,38.6412,178.1882,0.3117,-124.2158,0.0006,26.3293,0.3107
93,000093.png,False,1788794233.558994,1788794233.354294,normal_unload,1,,0.0,0.00505,0.03263,-0.41037,-0.00059,-0.0001,-0.00023,0.00406,0.03074,-0.41645,-0.00073,-0.0,-0.0001,-0.00908,0.02421,-0.41089,10,37.9173,362.8454,38.6576,178.1868,0.3128,-124.2156,0.0073,26.3458,0.2942
94,000094.png,False,1788794233.767024,1788794233.562324,normal_unload,1,,0.0,0.00353,0.03161,-0.38242,-0.00046,-3e-05,-0.00037,0.00253,0.0297,-0.38854,-0.00061,6e-05,-0.00024,-0.01008,0.02302,-0.38292,10,37.918,362.8443,38.6647,178.1874,0.3125,-124.2156,0.0058,26.3529,0.2871
95,000095.png,False,1788794233.971034,1788794233.766334,normal_unload,1,,0.0,0.00369,0.02933,-0.3614,-0.00051,-0.00013,-0.00038,0.00268,0.0274,-0.36756,-0.00065,-3e-05,-0.00024,-0.00895,0.02145,-0.36186,11,37.9197,362.842,38.6707,178.1882,0.3117,-124.2158,0.0032,26.3588,0.2812
96,000096.png,False,1788794234.383059,1788794234.178359,normal_unload,1,,0.0,0.00235,0.0294,-0.33642,-0.00046,-7e-05,-0.00022,0.00133,0.02745,-0.34267,-0.00061,3e-05,-8e-05,-0.01032,0.02124,-0.33689,10,37.9197,362.8424,38.6953,178.188,0.3119,-124.216,0.006,26.3834,0.2566
97,000097.png,False,1788794234.591063,1788794234.386363,normal_unload,1,,0.0,0.00306,0.02756,-0.2916,-0.00051,-8e-05,-0.00036,0.00204,0.0256,-0.29789,-0.00066,2e-05,-0.00022,-0.0091,0.02073,-0.29204,11,37.9194,362.8443,38.7099,178.188,0.3119,-124.216,0.0075,26.398,0.242
98,000098.png,False,1788794235.211091,1788794235.006391,normal_unload,1,,0.0,0.00179,0.02633,-0.2495,-0.00049,1e-05,-0.00023,0.00075,0.02432,-0.25593,-0.00064,0.00011,-9e-05,-0.00987,0.0197,-0.24992,11,37.9191,362.8424,38.738,178.1882,0.3117,-124.216,0.0083,26.4261,0.2139
99,000099.png,False,1788794235.415110,1788794235.210410,normal_unload,1,,0.0,0.0031,0.02754,-0.22472,-0.00045,4e-05,-0.0004,0.00205,0.02552,-0.23118,-0.0006,0.00014,-0.00026,-0.00952,0.0218,-0.22516,10,37.9187,362.8466,38.7499,178.1874,0.3122,-124.2164,0.0091,26.4381,0.2019
100,000100.png,False,1788794236.035155,1788794235.830455,normal_unload,1,,0.0,0.00232,0.0252,-0.1642,-0.00046,-3e-05,-0.00032,0.00124,0.02314,-0.1708,-0.00062,8e-05,-0.00018,-0.00944,0.02035,-0.16462,10,37.9174,362.8479,38.7853,178.1876,0.3123,-124.2162,0.0073,26.4735,0.1665
101,000101.png,False,1788794236.243159,1788794236.038459,normal_unload,1,,0.0,0.00168,0.02176,-0.14472,-0.00043,2e-05,-0.00042,0.0006,0.01968,-0.15136,-0.00059,0.00012,-0.00028,-0.00841,0.01736,-0.14507,10,37.9189,362.8459,38.7964,178.188,0.3119,-124.2162,0.006,26.4846,0.1554
102,000102.png,False,1788794236.447194,1788794236.242494,normal_unload,1,,0.0,0.00141,0.02206,-0.12275,-0.00035,8e-05,-0.00049,0.00032,0.01997,-0.12944,-0.00051,0.00019,-0.00034,-0.00895,0.01784,-0.12312,10,37.9191,362.8448,38.8087,178.1882,0.3117,-124.2164,0.0029,26.4968,0.1432
103,000103.png,False,1788794237.479249,1788794237.274549,normal_unload,1,,0.0,0.00286,0.02312,-0.06824,-0.00045,0.0001,-0.00025,0.00173,0.02096,-0.07514,-0.00062,0.00021,-9e-05,-0.0086,0.02036,-0.06863,10,37.9168,362.8525,38.8661,178.1876,0.3123,-124.216,0.0025,26.5544,0.0856
104,000104.png,False,1788794237.895284,1788794237.690584,normal_unload,1,,0.0,0.00241,0.02061,-0.05042,-0.00035,0.00016,-0.00018,0.00127,0.01843,-0.05742,-0.00052,0.00028,-3e-05,-0.00786,0.01825,-0.05078,10,37.9176,362.8509,38.8892,178.1874,0.3125,-124.2162,0.0089,26.5774,0.0626
105,000105.png,False,1788794238.099277,1788794237.894577,normal_unload,1,,0.0,0.00037,0.01716,-0.01704,-0.00031,8e-05,-0.00029,-0.00078,0.01496,-0.02408,-0.00048,0.0002,-0.00014,-0.00814,0.01477,-0.01734,10,37.9177,362.8465,38.9002,178.1883,0.3112,-124.2162,0.0062,26.5884,0.0516
106,000106.png,False,1788794240.575418,1788794240.370718,normal_load,2,,2.0,-0.00196,0.01151,0.02457,-0.00015,8e-05,-0.00033,-0.0032,0.00915,0.017,-0.00033,0.0002,-0.00016,-0.00762,0.00938,0.02438,10,37.9191,362.8448,38.9562,178.1891,0.3108,-124.2169,0.0076,26.6443,-0.0043
107,000107.png,False,1788794241.195480,1788794240.990780,normal_load,2,,2.0,-0.0003,0.01398,0.02225,-0.00017,8e-05,-0.00038,-0.00156,0.01158,0.01455,-0.00035,0.0002,-0.00021,-0.0074,0.01231,0.022,10,37.9177,362.8508,38.9542,178.1882,0.3117,-124.2167,0.008,26.6424,-0.0024
108,000108.png,False,1788794242.023536,1788794241.818836,normal_load,2,,2.0,0.00076,0.0134,-0.02022,-0.00026,6e-05,-0.00038,-0.00053,0.01094,-0.0281,-0.00045,0.00019,-0.0002,-0.0059,0.01166,-0.02045,10,37.9177,362.8505,38.9125,178.188,0.3119,-124.2162,0.0097,26.6007,0.0393
109,000109.png,False,1788794242.227432,1788794242.022732,normal_load,2,,2.0,0.00017,0.01441,-0.03732,-0.00018,1e-05,-0.00036,-0.00112,0.01194,-0.04524,-0.00037,0.00014,-0.00018,-0.00679,0.01197,-0.03756,10,37.9186,362.8509,38.9002,178.1883,0.3119,-124.2164,0.0082,26.5885,0.0515
110,000110.png,False,1788794242.435552,1788794242.230852,normal_load,2,,2.0,-0.0004,0.01333,-0.05802,-0.00017,3e-05,-0.0003,-0.0017,0.01084,-0.06599,-0.00036,0.00016,-0.00013,-0.00661,0.01041,-0.05824,10,37.9188,362.8486,38.892,178.1885,0.3117,-124.2167,0.0049,26.5802,0.0598
111,000111.png,False,1788794243.055606,1788794242.850906,normal_load,2,,2.0,0.00149,0.01431,-0.07747,-0.00018,-3e-05,-0.00053,0.00016,0.01179,-0.08557,-0.00037,0.0001,-0.00035,-0.00533,0.0119,-0.07771,10,37.917,362.8523,38.8561,178.1866,0.313,-124.2164,0.0098,26.5444,0.0956
112,000112.png,False,1788794243.467601,1788794243.262901,normal_load,2,,2.0,0.00385,0.01881,-0.11921,-0.00033,-0.00013,-0.00046,0.00251,0.01625,-0.1274,-0.00053,0.0,-0.00028,-0.00524,0.0163,-0.11953,10,37.917,362.8502,38.8298,178.1877,0.3122,-124.2162,0.0007,26.5181,0.1219
113,000113.png,False,1788794243.879618,1788794243.674918,normal_load,2,,2.0,0.0022,0.019,-0.15968,-0.00025,-0.00012,-0.0004,0.00085,0.01641,-0.16795,-0.00045,1e-05,-0.00022,-0.00648,0.01499,-0.15999,10,37.9175,362.8518,38.805,178.1876,0.3123,-124.2167,0.0085,26.4932,0.1468
114,000114.png,False,1788794244.087657,1788794243.882957,normal_load,2,,2.0,0.00247,0.01896,-0.19128,-0.00028,-0.00011,-0.00033,0.00112,0.01636,-0.1996,-0.00048,2e-05,-0.00014,-0.00601,0.01459,-0.19158,10,37.9182,362.8524,38.7938,178.1877,0.3125,-124.2167,0.0052,26.4821,0.1579
115,000115.png,False,1788794244.499659,1788794244.294959,normal_load,2,,2.0,0.00161,0.01673,-0.21353,-0.00014,-0.00015,-0.00051,0.00024,0.01411,-0.22194,-0.00034,-2e-05,-0.00032,-0.00549,0.01187,-0.21379,10,37.9173,362.8483,38.7688,178.1885,0.3114,-124.2167,0.0023,26.457,0.183
116,000116.png,False,1788794244.707699,1788794244.502999,normal_load,2,,2.0,0.00233,0.01895,-0.24408,-0.00024,-0.0002,-0.0004,0.00095,0.01631,-0.25253,-0.00044,-7e-05,-0.00021,-0.00576,0.01367,-0.24437,10,37.9185,362.85,38.7573,178.1882,0.3117,-124.2171,0.004,26.4456,0.1944
117,000117.png,False,1788794244.911667,1788794244.706967,normal_load,2,,2.0,0.00238,0.02042,-0.27913,-0.00024,-0.00014,-0.00034,0.001,0.01777,-0.28763,-0.00044,-1e-05,-0.00015,-0.0062,0.0144,-0.27945,11,37.9169,362.8509,38.7425,178.188,0.3119,-124.2167,0.0062,26.4308,0.2092
118,000118.png,False,1788794245.323726,1788794245.119026,normal_load,2,,2.0,0.00333,0.02519,-0.33979,-0.00031,-0.00017,-0.00033,0.00193,0.02251,-0.34838,-0.00052,-4e-05,-0.00014,-0.00735,0.01803,-0.34018,10,37.917,362.8564,38.7059,178.1865,0.3137,-124.2167,0.005,26.3943,0.2457
119,000119.png,False,1788794245.531717,1788794245.327017,normal_load,2,,2.0,0.00294,0.02517,-0.36209,-0.00035,-0.00018,-0.00038,0.00153,0.02248,-0.37072,-0.00055,-4e-05,-0.00019,-0.00752,0.01747,-0.36248,11,37.9172,362.852,38.6939,178.1877,0.3125,-124.2169,0.0016,26.3822,0.2578
120,000120.png,False,1788794245.739641,1788794245.534941,normal_load,2,,2.0,0.00493,0.02564,-0.38843,-0.00038,-0.00029,-0.0004,0.00352,0.02293,-0.3971,-0.00059,-0.00015,-0.00021,-0.00585,0.01845,-0.38882,10,37.9168,362.8535,38.6774,178.1873,0.3129,-124.2167,0.0079,26.3657,0.2743
121,000121.png,False,1788794246.151794,1788794245.947094,normal_load,2,,2.0,-0.00078,0.01601,-0.46756,-5e-05,-0.00039,-0.00023,-0.00221,0.01327,-0.47632,-0.00026,-0.00025,-4e-05,-0.00543,0.00598,-0.46776,11,37.9186,362.8408,38.6473,178.1885,0.3114,-124.2167,0.008,26.3354,0.3046
122,000122.png,False,1788794246.355784,1788794246.151084,normal_load,2,,2.0,0.00064,0.02086,-0.50394,-0.00015,-0.00034,-0.00035,-0.0008,0.01811,-0.51274,-0.00036,-0.0002,-0.00016,-0.00638,0.01031,-0.50422,10,37.9185,362.8475,38.631,178.1871,0.3128,-124.2169,0.005,26.3192,0.3208
123,000123.png,False,1788794246.771704,1788794246.567004,normal_load,2,,2.0,0.00354,0.02832,-0.54257,-0.00033,-0.00036,-0.0003,0.00209,0.02555,-0.55146,-0.00055,-0.00022,-0.0001,-0.00732,0.01761,-0.54299,11,37.9172,362.8493,38.6104,178.1871,0.3128,-124.2167,0.0086,26.2986,0.3414
124,000124.png,False,1788794246.975718,1788794246.771018,normal_load,2,,2.0,0.00402,0.02706,-0.60562,-0.00039,-0.00045,-0.00015,0.00256,0.02427,-0.61455,-0.0006,-0.00031,5e-05,-0.00584,0.01574,-0.606,10,37.9177,362.8481,38.5889,178.188,0.3122,-124.2167,0.009,26.2771,0.3629
125,000125.png,False,1788794247.183811,1788794246.979111,normal_load,2,,2.0,0.00488,0.02918,-0.6379,-0.00032,-0.00047,-0.00025,0.00342,0.02638,-0.64688,-0.00053,-0.00032,-5e-05,-0.00593,0.01749,-0.63832,10,37.9173,362.8492,38.5747,178.1874,0.3125,-124.2167,0.0021,26.2629,0.3771
126,000126.png,False,1788794247.387835,1788794247.183135,normal_load,2,,2.0,0.00469,0.03303,-0.65026,-0.00047,-0.00043,-0.00036,0.00322,0.03022,-0.65929,-0.00068,-0.00028,-0.00017,-0.00793,0.02054,-0.65075,10,37.917,362.8506,38.5617,178.1871,0.3128,-124.2169,0.0001,26.25,0.39
127,000127.png,False,1788794247.595809,1788794247.391109,normal_load,2,,2.0,0.0059,0.03486,-0.6979,-0.00046,-0.00043,-0.00029,0.00442,0.03203,-0.70696,-0.00068,-0.00028,-9e-05,-0.00747,0.02197,-0.69841,10,37.9157,362.856,38.5486,178.186,0.3136,-124.2167,0.0066,26.237,0.403
128,000128.png,False,1788794247.803809,1788794247.599109,normal_load,2,,2.0,0.00578,0.0362,-0.72262,-0.0005,-0.00048,-0.00037,0.00429,0.03336,-0.73174,-0.00072,-0.00034,-0.00017,-0.00807,0.02267,-0.72315,10,37.9173,362.8513,38.5371,178.187,0.3129,-124.2169,0.0072,26.2254,0.4146
129,000129.png,False,1788794248.007916,1788794247.803216,normal_load,2,,2.0,0.00429,0.03242,-0.76646,-0.00042,-0.0005,-0.00023,0.00279,0.02956,-0.77562,-0.00064,-0.00036,-3e-05,-0.00717,0.01794,-0.76692,10,37.9182,362.851,38.5195,178.1877,0.3122,-124.2164,0.0045,26.2078,0.4322
130,000130.png,False,1788794248.215904,1788794248.011204,normal_load,2,,2.0,0.0064,0.03971,-0.81244,-0.00046,-0.00045,-0.00012,0.0049,0.03683,-0.82164,-0.00068,-0.00031,8e-05,-0.00867,0.02457,-0.81301,10,37.9194,362.8535,38.5101,178.1868,0.3134,-124.2169,0.002,26.1984,0.4416
131,000131.png,False,1788794248.419905,1788794248.215205,normal_load,2,,2.0,0.00722,0.04042,-0.84312,-0.00053,-0.00046,-0.0001,0.00571,0.03753,-0.85237,-0.00075,-0.00031,0.0001,-0.0081,0.0251,-0.84371,10,37.9162,362.855,38.4999,178.1862,0.3137,-124.2167,0.0048,26.1882,0.4518
132,000132.png,False,1788794248.627819,1788794248.423119,normal_load,2,,2.0,0.00645,0.04138,-0.85919,-0.00058,-0.00046,-0.0002,0.00494,0.03848,-0.86848,-0.00081,-0.00031,0.0,-0.00913,0.0253,-0.85979,10,37.917,362.855,38.4854,178.1861,0.3139,-124.2169,0.0084,26.1737,0.4663
133,000133.png,False,1788794248.835832,1788794248.631132,normal_load,2,,2.0,0.00619,0.04158,-0.90894,-0.00048,-0.00053,-0.00016,0.00467,0.03867,-0.91828,-0.0007,-0.00038,5e-05,-0.00911,0.02455,-0.90954,10,37.9167,362.8526,38.4686,178.1862,0.3137,-124.2167,0.0017,26.157,0.483
134,000134.png,False,1788794249.039979,1788794248.835279,normal_load,2,,2.0,0.00466,0.0367,-0.9442,-0.00043,-0.0006,-0.0002,0.00313,0.03377,-0.95358,-0.00065,-0.00045,1e-05,-0.00776,0.01899,-0.94471,10,37.9168,362.8516,38.4541,178.1866,0.3133,-124.2167,0.0014,26.1424,0.4976
135,000135.png,False,1788794249.248012,1788794249.043312,normal_load,2,,2.0,0.00429,0.04004,-0.98292,-0.00043,-0.00059,-0.0002,0.00275,0.0371,-0.99234,-0.00066,-0.00044,1e-05,-0.00948,0.02108,-0.98347,10,37.9172,362.8521,38.44,178.1866,0.3133,-124.2169,0.0083,26.1283,0.5117
136,000136.png,False,1788794249.451872,1788794249.247172,normal_load,2,,2.0,0.00617,0.03945,-1.01921,-0.00048,-0.00071,-0.00019,0.00463,0.03649,-1.02868,-0.00071,-0.00055,1e-05,-0.0073,0.02092,-1.01975,11,37.9181,362.8519,38.4276,178.1865,0.3134,-124.2169,0.0092,26.1159,0.5241
137,000137.png,False,1788794249.659882,1788794249.455182,normal_load,2,,2.0,0.00431,0.03922,-1.04899,-0.00038,-0.00061,-0.00022,0.00276,0.03625,-1.0585,-0.00061,-0.00045,-1e-05,-0.00859,0.01932,-1.04952,10,37.9186,362.8504,38.4159,178.1874,0.3128,-124.2171,0.0031,26.1042,0.5358
138,000138.png,False,1788794249.868006,1788794249.663306,normal_load,2,,2.0,0.00417,0.042,-1.07881,-0.00048,-0.00069,-0.00019,0.00261,0.03901,-1.08836,-0.0007,-0.00053,2e-05,-0.00989,0.02118,-1.07938,10,37.9181,362.8519,38.4075,178.1865,0.3134,-124.2171,0.004,26.0959,0.5441
139,000139.png,False,1788794250.072020,1788794249.867320,normal_load,2,,2.0,0.00632,0.04462,-1.09484,-0.00054,-0.00071,-0.00026,0.00476,0.04162,-1.10444,-0.00077,-0.00056,-5e-05,-0.00923,0.02426,-1.09546,11,37.918,362.8533,38.3976,178.1862,0.3137,-124.2171,0.0065,26.0859,0.5541
140,000140.png,False,1788794250.279918,1788794250.075218,normal_load,2,,2.0,0.0064,0.04799,-1.14843,-0.0006,-0.00068,-0.0001,0.00483,0.04498,-1.15808,-0.00083,-0.00052,0.00012,-0.01047,0.02636,-1.1491,10,37.9168,362.8543,38.3829,178.1863,0.3136,-124.2171,0.0076,26.0712,0.5688
141,000141.png,False,1788794250.484040,1788794250.279340,normal_load,2,,2.0,0.00478,0.04724,-1.19,-0.00054,-0.00071,-9e-05,0.0032,0.04421,-1.19969,-0.00077,-0.00055,0.00012,-0.01121,0.02423,-1.19065,10,37.9179,362.8513,38.3706,178.187,0.3129,-124.2171,0.0045,26.0589,0.5811
142,000142.png,False,1788794250.691941,1788794250.487241,normal_load,2,,2.0,0.00466,0.0492,-1.23693,-0.00051,-0.00073,-8e-05,0.00308,0.04616,-1.24666,-0.00074,-0.00058,0.00013,-0.01196,0.02512,-1.2376,11,37.9164,362.8538,38.3558,178.1865,0.3134,-124.2169,0.0017,26.0442,0.5958
143,000143.png,False,1788794250.900090,1788794250.695390,normal_load,2,,2.0,0.00611,0.05188,-1.26101,-0.00061,-0.00073,-0.00022,0.00452,0.04883,-1.27079,-0.00084,-0.00057,-1e-05,-0.01189,0.02778,-1.26173,10,37.9172,362.8536,38.3418,178.1865,0.3134,-124.2171,0.0086,26.0301,0.6099
144,000144.png,False,1788794251.103970,1788794250.899270,normal_load,2,,2.0,0.00832,0.05302,-1.28561,-0.00066,-0.00078,-0.00028,0.00672,0.04996,-1.29543,-0.0009,-0.00063,-7e-05,-0.01037,0.02948,-1.28636,10,37.9174,362.856,38.3327,178.1856,0.3143,-124.2171,0.0095,26.0211,0.6189
145,000145.png,False,1788794251.312052,1788794251.107352,normal_load,2,,2.0,0.00875,0.05553,-1.30084,-0.00073,-0.00085,-0.00034,0.00714,0.05245,-1.3107,-0.00097,-0.00069,-0.00012,-0.01115,0.03162,-1.30162,11,37.9161,362.8568,38.3271,178.1856,0.3143,-124.2169,0.0026,26.0155,0.6245
146,000146.png,False,1788794251.515996,1788794251.311296,normal_load,2,,2.0,0.00475,0.0518,-1.35036,-0.00065,-0.00088,-0.00021,0.00314,0.04871,-1.36026,-0.00089,-0.00072,0.0,-0.0124,0.02561,-1.35106,10,37.919,362.8527,38.3105,178.1866,0.3136,-124.2173,0.0078,25.9988,0.6412
147,000147.png,False,1788794251.724004,1788794251.519304,normal_load,2,,2.0,0.00594,0.05501,-1.39676,-0.00067,-0.00081,-0.00017,0.00432,0.05191,-1.40671,-0.00091,-0.00065,5e-05,-0.01266,0.02824,-1.39751,10,37.9163,362.8545,38.3011,178.186,0.3139,-124.2171,0.0006,25.9895,0.6505
148,000148.png,False,1788794251.932026,1788794251.727326,normal_load,2,,2.0,0.0072,0.05636,-1.43854,-0.00068,-0.00083,-5e-05,0.00557,0.05324,-1.44854,-0.00092,-0.00067,0.00017,-0.01195,0.02936,-1.43932,11,37.9165,362.8558,38.2934,178.1857,0.3142,-124.2171,0.0068,25.9819,0.6581
149,000149.png,False,1788794252.136110,1788794251.931410,normal_load,2,,2.0,0.00641,0.05854,-1.48464,-0.00067,-0.00082,0.00011,0.00477,0.05541,-1.49468,-0.00091,-0.00066,0.00033,-0.01341,0.03012,-1.48544,10,37.9158,362.8555,38.2822,178.1857,0.3139,-124.2171,0.01,25.9706,0.6694
150,000150.png,False,1788794252.548058,1788794252.343358,normal_load,2,,2.0,0.0078,0.06138,-1.54012,-0.00075,-0.00091,-0.0,0.00615,0.05822,-1.55024,-0.00099,-0.00075,0.00022,-0.01323,0.03239,-1.54096,10,37.9172,362.8567,38.2601,178.1856,0.3143,-124.2173,0.0009,25.9485,0.6915
151,000151.png,False,1788794252.756068,1788794252.551368,normal_load,2,,2.0,0.00936,0.06621,-1.57132,-0.00088,-0.00091,-0.00012,0.0077,0.06304,-1.58149,-0.00112,-0.00075,0.0001,-0.01408,0.03685,-1.57225,10,37.9163,362.8599,38.247,178.1847,0.3153,-124.2175,0.0054,25.9354,0.7046
152,000152.png,False,1788794252.964140,1788794252.759440,normal_load,2,,2.0,0.00705,0.06398,-1.60715,-0.00076,-0.00093,-0.00013,0.00539,0.06079,-1.61736,-0.001,-0.00076,9e-05,-0.01471,0.03319,-1.60802,10,37.9174,362.8559,38.2359,178.1856,0.3143,-124.2175,0.0079,25.9243,0.7157
153,000153.png,False,1788794253.168098,1788794252.963398,normal_load,2,,2.0,0.00776,0.06428,-1.64805,-0.00074,-0.00096,-0.00011,0.00609,0.06108,-1.65831,-0.00098,-0.00079,0.00011,-0.01397,0.03315,-1.64893,10,37.9176,362.8535,38.2226,178.1863,0.3135,-124.2178,0.0095,25.911,0.729
154,000154.png,False,1788794253.580205,1788794253.375505,normal_load,2,,2.0,0.0097,0.07138,-1.71567,-0.00091,-0.00096,0.00012,0.00802,0.06815,-1.72602,-0.00116,-0.00079,0.00034,-0.01537,0.03919,-1.71667,10,37.9165,362.858,38.2113,178.1847,0.315,-124.2175,0.0017,25.8998,0.7402
155,000155.png,False,1788794253.788126,1788794253.583426,normal_load,2,,2.0,0.00946,0.06868,-1.73182,-0.00082,-0.00095,2e-05,0.00776,0.06544,-1.74221,-0.00107,-0.00078,0.00025,-0.01412,0.03647,-1.73276,10,37.9172,362.859,38.2041,178.1851,0.3151,-124.2178,0.0048,25.8926,0.7474
156,000156.png,False,1788794253.996144,1788794253.791444,normal_load,2,,2.0,0.00912,0.07289,-1.75806,-0.00089,-0.00096,1e-05,0.00741,0.06963,-1.76849,-0.00114,-0.00079,0.00024,-0.01633,0.03952,-1.75907,10,37.9168,362.8591,38.1932,178.1848,0.3151,-124.2178,0.0088,25.8817,0.7583
157,000157.png,False,1788794254.200231,1788794253.995531,normal_load,2,,2.0,0.00859,0.07225,-1.79343,-0.00093,-0.001,-1e-05,0.00689,0.06898,-1.80391,-0.00118,-0.00083,0.00022,-0.01622,0.03814,-1.79443,10,37.9169,362.8573,38.1823,178.1854,0.3145,-124.2178,0.0063,25.8707,0.7693
158,000158.png,False,1788794254.408166,1788794254.203466,normal_load,2,,2.0,0.00783,0.07303,-1.84396,-0.00086,-0.00099,7e-05,0.00612,0.06974,-1.85448,-0.00111,-0.00082,0.0003,-0.01692,0.03762,-1.84496,10,37.917,362.8579,38.1719,178.1851,0.3148,-124.2178,0.0003,25.8604,0.7796
159,000159.png,False,1788794254.820192,1788794254.615492,normal_load,2,,2.0,0.00888,0.07419,-1.89479,-0.00095,-0.00108,4e-05,0.00715,0.07088,-1.9054,-0.0012,-0.00091,0.00027,-0.01624,0.03834,-1.8958,10,37.9161,362.8596,38.1569,178.185,0.315,-124.2178,0.0097,25.8453,0.7947
160,000160.png,False,1788794255.028301,1788794254.823601,normal_load,2,,2.0,0.00924,0.07806,-1.91833,-0.00095,-0.00103,-3e-05,0.0075,0.07473,-1.92899,-0.00121,-0.00086,0.0002,-0.0177,0.04149,-1.91941,10,37.917,362.8572,38.1429,178.1854,0.3145,-124.2178,0.0029,25.8314,0.8086
161,000161.png,False,1788794255.440228,1788794255.235528,normal_load,2,,2.0,0.01051,0.07676,-1.98455,-0.00093,-0.00118,0.0,0.00876,0.0734,-1.9953,-0.00119,-0.00101,0.00024,-0.01549,0.03994,-1.9856,10,37.9159,362.8608,38.1305,178.1842,0.3154,-124.2178,0.006,25.819,0.821
162,000162.png,False,1788794255.644246,1788794255.439546,normal_load,2,,2.0,0.01388,0.08932,-2.01177,-0.00132,-0.00109,-1e-05,0.01212,0.08595,-2.02256,-0.00157,-0.00092,0.00023,-0.01866,0.05207,-2.01304,10,37.9157,362.8631,38.1222,178.1836,0.3167,-124.2178,0.0084,25.8108,0.8292
163,000163.png,False,1788794256.060360,1788794255.855660,normal_load,2,,2.0,0.00883,0.07929,-2.07916,-0.00091,-0.00122,1e-05,0.00705,0.07589,-2.09004,-0.00117,-0.00105,0.00025,-0.01755,0.03977,-2.08023,10,37.9158,362.8581,38.1029,178.1851,0.3148,-124.2175,0.0011,25.7914,0.8486
164,000164.png,False,1788794256.264386,1788794256.059686,normal_load,2,,2.0,0.01006,0.08289,-2.11822,-0.00101,-0.0012,-3e-05,0.00828,0.07948,-2.12915,-0.00127,-0.00103,0.00021,-0.01801,0.04289,-2.11936,10,37.9152,362.8615,38.092,178.1842,0.3157,-124.2175,0.0036,25.7805,0.8595
165,000165.png,False,1788794256.676398,1788794256.471698,normal_load,2,,2.0,0.00683,0.07445,-2.18951,-0.00081,-0.00136,8e-05,0.00504,0.07101,-2.20052,-0.00107,-0.00119,0.00032,-0.0161,0.03282,-2.19048,10,37.9175,362.8543,38.0748,178.1854,0.3148,-124.2178,0.0073,25.7632,0.8768
166,000166.png,False,1788794257.092404,1788794256.887704,normal_unload,2,,0.0,0.00861,0.07988,-2.17682,-0.00086,-0.00125,-9e-05,0.0068,0.07642,-2.18791,-0.00113,-0.00107,0.00016,-0.01736,0.03862,-2.17789,11,37.9166,362.8584,38.0751,178.1847,0.3153,-124.2175,0.0056,25.7636,0.8764
167,000167.png,False,1788794258.124389,1788794257.919689,normal_unload,2,,0.0,0.00959,0.07982,-2.16348,-0.00095,-0.00133,6e-05,0.00774,0.07629,-2.1748,-0.00122,-0.00115,0.00031,-0.01658,0.03927,-2.16456,10,37.9166,362.8573,38.0821,178.1857,0.3142,-124.2175,0.0088,25.7706,0.8694
168,000168.png,False,1788794258.328500,1788794258.123800,normal_unload,2,,0.0,0.00625,0.07121,-2.13304,-0.00074,-0.00136,-5e-05,0.00439,0.06766,-2.14441,-0.00101,-0.00118,0.0002,-0.01538,0.03063,-2.13397,10,37.9183,362.8529,38.0862,178.187,0.3132,-124.2178,0.0062,25.7746,0.8654
169,000169.png,False,1788794258.536525,1788794258.331825,normal_unload,2,,0.0,0.00455,0.06704,-2.09699,-0.00058,-0.00136,-0.00014,0.00269,0.06348,-2.1084,-0.00085,-0.00117,0.00012,-0.01502,0.02674,-2.09784,10,37.9183,362.8537,38.0946,178.1871,0.3131,-124.2175,0.0006,25.783,0.857
170,000170.png,False,1788794258.744515,1788794258.539815,normal_unload,2,,0.0,0.0046,0.06813,-2.04367,-0.00066,-0.00135,-0.00015,0.00273,0.06456,-2.05512,-0.00093,-0.00117,0.0001,-0.01589,0.02857,-2.04455,10,37.9173,362.8555,38.1093,178.1865,0.3137,-124.2178,0.0076,25.7977,0.8423
171,000171.png,False,1788794258.948532,1788794258.743832,normal_unload,2,,0.0,0.00949,0.07104,-1.98153,-0.00081,-0.00122,-0.00012,0.00762,0.06745,-1.99302,-0.00108,-0.00104,0.00013,-0.01353,0.03452,-1.98248,10,37.9164,362.8574,38.1272,178.1851,0.3148,-124.2178,0.0101,25.8156,0.8244
172,000172.png,False,1788794259.156514,1788794258.951814,normal_unload,2,,0.0,0.00953,0.0744,-1.91286,-0.0009,-0.00113,-0.00016,0.00765,0.0708,-1.9244,-0.00117,-0.00095,9e-05,-0.01565,0.03855,-1.91388,10,37.9166,362.859,38.1413,178.1845,0.3154,-124.218,0.0034,25.8298,0.8102
173,000173.png,False,1788794259.360553,1788794259.155853,normal_unload,2,,0.0,0.00915,0.0769,-1.89017,-0.00093,-0.00105,-0.00011,0.00726,0.07329,-1.90175,-0.00121,-0.00087,0.00015,-0.0174,0.04089,-1.89123,10,37.9165,362.8607,38.1468,178.1847,0.3153,-124.2182,0.001,25.8353,0.8047
174,000174.png,False,1788794259.776577,1788794259.571877,normal_unload,2,,0.0,0.01137,0.08038,-1.83349,-0.00105,-0.00102,-7e-05,0.00947,0.07674,-1.84516,-0.00133,-0.00083,0.00019,-0.0176,0.04593,-1.83463,10,37.9164,362.8615,38.1622,178.1844,0.3156,-124.218,0.0083,25.8507,0.7893
175,000175.png,False,1788794259.980628,1788794259.775928,normal_unload,2,,0.0,0.01289,0.08037,-1.81349,-0.00104,-0.001,-8e-05,0.01098,0.07671,-1.8252,-0.00132,-0.00081,0.00018,-0.01642,0.04699,-1.81463,10,37.9158,362.8619,38.1671,178.1845,0.3157,-124.218,0.0059,25.8557,0.7843
176,000176.png,False,1788794260.188594,1788794259.983894,normal_unload,2,,0.0,0.01105,0.07853,-1.80315,-0.00104,-0.00095,6e-05,0.00913,0.07486,-1.81491,-0.00132,-0.00076,0.00031,-0.01716,0.04465,-1.80426,10,37.9157,362.8577,38.1738,178.1848,0.3151,-124.218,0.0004,25.8623,0.7777
177,000177.png,False,1788794260.392652,1788794260.187952,normal_unload,2,,0.0,0.01076,0.07352,-1.76355,-0.00096,-0.00105,-9e-05,0.00884,0.06984,-1.77535,-0.00125,-0.00086,0.00017,-0.01518,0.0408,-1.76458,11,37.9155,362.8592,38.1816,178.1851,0.3148,-124.218,0.0033,25.8701,0.7699
178,000178.png,False,1788794260.600620,1788794260.395920,normal_unload,2,,0.0,0.01044,0.07275,-1.71959,-0.00087,-0.00101,-0.00023,0.0085,0.06905,-1.73143,-0.00115,-0.00083,3e-05,-0.01539,0.04067,-1.72061,10,37.9169,362.8589,38.191,178.1848,0.3151,-124.218,0.0098,25.8794,0.7606
179,000179.png,False,1788794261.012655,1788794260.807956,normal_unload,2,,0.0,0.00976,0.07045,-1.66821,-0.00081,-0.00089,-0.00019,0.00781,0.06672,-1.68014,-0.0011,-0.0007,7e-05,-0.01518,0.03917,-1.6692,11,37.916,362.8604,38.2048,178.185,0.3149,-124.2182,0.0191,25.8932,0.7468
180,000180.png,False,1788794261.424722,1788794261.220022,normal_unload,2,,0.0,0.01565,0.08311,-1.61986,-0.00123,-0.00081,-0.00029,0.01369,0.07936,-1.63188,-0.00152,-0.00062,-3e-05,-0.01673,0.05385,-1.62109,10,37.9156,362.8675,38.2162,178.1844,0.3159,-124.2184,0.0028,25.9048,0.7352
181,000181.png,False,1788794261.632610,1788794261.427910,normal_unload,2,,0.0,0.01474,0.08311,-1.6081,-0.00124,-0.00084,-0.00022,0.01277,0.07934,-1.62017,-0.00153,-0.00064,5e-05,-0.01761,0.05358,-1.60933,11,37.9154,362.8654,38.2228,178.1845,0.3157,-124.2182,0.0095,25.9113,0.7287
182,000182.png,False,1788794262.044631,1788794261.839931,normal_unload,2,,0.0,0.01286,0.07786,-1.57143,-0.00111,-0.00085,-5e-05,0.01088,0.07407,-1.58359,-0.0014,-0.00065,0.00022,-0.01687,0.04868,-1.57257,10,37.916,362.864,38.2384,178.1845,0.3154,-124.2184,0.0008,25.927,0.713
183,000183.png,False,1788794262.252720,1788794262.048020,normal_unload,2,,0.0,0.01075,0.07441,-1.53969,-0.00097,-0.0008,-9e-05,0.00876,0.07061,-1.55189,-0.00126,-0.00061,0.00018,-0.01719,0.04516,-1.54077,11,37.9155,362.861,38.2461,178.1853,0.3149,-124.218,0.0056,25.9346,0.7054
184,000184.png,False,1788794262.456716,1788794262.252016,normal_unload,2,,0.0,0.00997,0.0713,-1.5124,-0.00093,-0.00082,-0.00013,0.00797,0.06748,-1.52464,-0.00122,-0.00063,0.00014,-0.0165,0.04251,-1.51343,10,37.9159,362.863,38.2541,178.185,0.3152,-124.2182,0.0085,25.9426,0.6974
185,000185.png,False,1788794262.664811,1788794262.460111,normal_unload,2,,0.0,0.01094,0.07034,-1.47705,-0.00098,-0.00085,-0.0002,0.00894,0.0665,-1.48934,-0.00127,-0.00065,7e-05,-0.01542,0.04273,-1.47807,10,37.9164,362.8637,38.2624,178.1848,0.3154,-124.2182,0.0152,25.9509,0.6891
186,000186.png,False,1788794262.872675,1788794262.667975,normal_unload,2,,0.0,0.01213,0.06758,-1.46497,-0.00088,-0.00078,-9e-05,0.01012,0.06373,-1.47731,-0.00118,-0.00059,0.00018,-0.0131,0.04112,-1.46595,11,37.9151,362.862,38.2693,178.185,0.3149,-124.2182,0.0015,25.9578,0.6822
187,000187.png,False,1788794263.284816,1788794263.080116,normal_unload,2,,0.0,0.01235,0.07343,-1.42568,-0.00098,-0.00066,-0.00024,0.01033,0.06955,-1.4381,-0.00128,-0.00047,3e-05,-0.0161,0.04693,-1.42676,10,37.9164,362.8644,38.2779,178.1847,0.3156,-124.2184,0.0029,25.9665,0.6735
188,000188.png,False,1788794263.488822,1788794263.284122,normal_unload,2,,0.0,0.0136,0.07264,-1.4025,-0.00102,-0.00071,-8e-05,0.01157,0.06875,-1.41497,-0.00131,-0.00051,0.00019,-0.01479,0.04724,-1.40358,10,37.9154,362.8652,38.2912,178.1842,0.3157,-124.2184,0.0057,25.9797,0.6603
189,000189.png,False,1788794263.696830,1788794263.492130,normal_unload,2,,0.0,0.01167,0.06845,-1.36263,-0.00093,-0.00067,-0.00013,0.00964,0.06455,-1.37514,-0.00123,-0.00047,0.00014,-0.01464,0.04329,-1.36363,10,37.9166,362.8637,38.2995,178.185,0.3152,-124.2184,0.0077,25.9881,0.6519
190,000190.png,False,1788794264.108875,1788794263.904175,normal_unload,2,,0.0,0.01023,0.06571,-1.32493,-0.00094,-0.00074,-0.00021,0.00817,0.06178,-1.33752,-0.00124,-0.00054,7e-05,-0.01479,0.0408,-1.32589,10,37.9151,362.862,38.3107,178.1851,0.3148,-124.218,0.0012,25.9992,0.6408
191,000191.png,False,1788794264.316927,1788794264.112227,normal_unload,2,,0.0,0.00935,0.06167,-1.30106,-0.00078,-0.00073,-0.00011,0.00729,0.05773,-1.3137,-0.00108,-0.00053,0.00017,-0.0137,0.03724,-1.30195,10,37.9176,362.8609,38.3202,178.1854,0.3148,-124.2186,0.0076,26.0087,0.6313
192,000192.png,False,1788794264.936918,1788794264.732219,normal_unload,2,,0.0,0.00932,0.05991,-1.23952,-0.00082,-0.0007,-0.00014,0.00724,0.05592,-1.25229,-0.00112,-0.0005,0.00014,-0.01326,0.03669,-1.24038,10,37.9157,362.8611,38.3362,178.1856,0.3146,-124.2184,0.0026,26.0247,0.6153
193,000193.png,False,1788794265.552964,1788794265.348264,normal_unload,2,,0.0,0.01123,0.06216,-1.17962,-0.00087,-0.0006,3e-05,0.00913,0.05813,-1.19253,-0.00118,-0.00039,0.00031,-0.01315,0.04055,-1.18054,11,37.916,362.8636,38.3661,178.1851,0.3151,-124.2186,0.0087,26.0547,0.5853
194,000194.png,False,1788794265.760948,1788794265.556248,normal_unload,2,,0.0,0.00922,0.05635,-1.14929,-0.00073,-0.00064,1e-05,0.00711,0.05231,-1.16224,-0.00104,-0.00043,0.0003,-0.0122,0.035,-1.15011,10,37.9157,362.8608,38.3737,178.186,0.3141,-124.2182,0.0048,26.0622,0.5778
195,000195.png,False,1788794265.968920,1788794265.764220,normal_unload,2,,0.0,0.00991,0.05762,-1.11519,-0.00074,-0.00058,-0.00011,0.00779,0.05357,-1.12818,-0.00105,-0.00037,0.00018,-0.01247,0.03699,-1.11604,10,37.9154,362.861,38.3823,178.1854,0.3145,-124.2184,0.0016,26.0708,0.5692
196,000196.png,False,1788794266.172983,1788794265.968283,normal_unload,2,,0.0,0.0088,0.05659,-1.09311,-0.00066,-0.00054,-0.00013,0.00668,0.05252,-1.10615,-0.00098,-0.00033,0.00015,-0.01307,0.0359,-1.09395,11,37.9156,362.863,38.3926,178.1856,0.3146,-124.2184,0.0044,26.0811,0.5589
197,000197.png,False,1788794266.380995,1788794266.176295,normal_unload,2,,0.0,0.00877,0.05436,-1.06426,-0.00071,-0.00054,-6e-05,0.00664,0.05028,-1.07734,-0.00102,-0.00033,0.00023,-0.01219,0.03441,-1.06506,10,37.9167,362.863,38.4022,178.1853,0.3149,-124.2186,0.009,26.0907,0.5493
198,000198.png,False,1788794266.793073,1788794266.588373,normal_unload,2,,0.0,0.009,0.05213,-1.02183,-0.00067,-0.00055,-0.00016,0.00685,0.04801,-1.035,-0.00098,-0.00034,0.00013,-0.01116,0.03327,-1.0226,11,37.9172,362.86,38.4204,178.1856,0.3146,-124.2188,0.0007,26.1089,0.5311
199,000199.png,False,1788794267.413063,1788794267.208363,normal_unload,2,,0.0,0.00845,0.05069,-0.96659,-0.00063,-0.00049,-0.0001,0.00628,0.04654,-0.97989,-0.00095,-0.00027,0.00019,-0.01131,0.03264,-0.96734,11,37.9167,362.8623,38.4384,178.1857,0.3144,-124.2188,0.0036,26.1269,0.5131
200,000200.png,False,1788794267.617028,1788794267.412328,normal_unload,2,,0.0,0.01043,0.05458,-0.91613,-0.00066,-0.00034,-0.00011,0.00825,0.05041,-0.92947,-0.00098,-0.00012,0.00019,-0.01188,0.03781,-0.91695,10,37.9153,362.8632,38.4579,178.1856,0.3146,-124.2186,0.001,26.1464,0.4936
201,000201.png,False,1788794267.825036,1788794267.620336,normal_unload,2,,0.0,0.01076,0.05299,-0.85353,-0.00075,-0.00039,-0.00033,0.00857,0.04881,-0.86692,-0.00107,-0.00017,-3e-05,-0.01124,0.03759,-0.85434,10,37.9167,362.8649,38.4664,178.1854,0.3151,-124.2186,0.0055,26.155,0.485
202,000202.png,False,1788794268.445091,1788794268.240391,normal_unload,2,,0.0,0.00701,0.04446,-0.8298,-0.00059,-0.00048,-0.00013,0.00481,0.04024,-0.84332,-0.00092,-0.00026,0.00016,-0.01038,0.02871,-0.83046,10,37.9178,362.8586,38.4874,178.1874,0.313,-124.2186,0.0022,26.1758,0.4642
203,000203.png,False,1788794268.649117,1788794268.444417,normal_unload,2,,0.0,0.00961,0.04241,-0.82498,-0.0005,-0.00049,-9e-05,0.0074,0.03818,-0.83855,-0.00082,-0.00027,0.00021,-0.00715,0.02832,-0.82561,10,37.9169,362.8604,38.4927,178.1866,0.3135,-124.2188,0.0052,26.1811,0.4589
204,000204.png,False,1788794268.857117,1788794268.652417,normal_unload,2,,0.0,0.01108,0.047,-0.77037,-0.0007,-0.00044,-0.0002,0.00886,0.04275,-0.78398,-0.00103,-0.00022,0.0001,-0.00854,0.0339,-0.77109,11,37.916,362.864,38.5082,178.1857,0.3148,-124.2186,0.0089,26.1967,0.4433
205,000205.png,False,1788794269.065136,1788794268.860436,normal_unload,2,,0.0,0.01127,0.04727,-0.74107,-0.0007,-0.00038,-0.00027,0.00904,0.04301,-0.75473,-0.00103,-0.00016,3e-05,-0.00872,0.0347,-0.7418,10,37.9156,362.8624,38.5128,178.1857,0.3144,-124.2186,0.0019,26.2012,0.4388
206,000206.png,False,1788794269.269166,1788794269.064466,normal_unload,2,,0.0,0.0106,0.04367,-0.7207,-0.00065,-0.00042,-0.00027,0.00837,0.03939,-0.7344,-0.00097,-0.0002,3e-05,-0.00764,0.03158,-0.72137,10,37.9162,362.861,38.5235,178.1865,0.314,-124.2184,0.0008,26.212,0.428
207,000207.png,False,1788794269.477154,1788794269.272455,normal_unload,2,,0.0,0.00959,0.04136,-0.70288,-0.00056,-0.0004,-0.00015,0.00735,0.03707,-0.71662,-0.00089,-0.00018,0.00015,-0.00749,0.02935,-0.70351,10,37.917,362.8612,38.5332,178.1865,0.314,-124.2188,0.0076,26.2217,0.4183
208,000208.png,False,1788794269.681098,1788794269.476398,normal_unload,2,,0.0,0.00675,0.04033,-0.68209,-0.00048,-0.00035,-0.00012,0.0045,0.03603,-0.69588,-0.00081,-0.00013,0.00019,-0.00957,0.02738,-0.6827,10,37.9162,362.8611,38.5463,178.1866,0.3138,-124.2186,0.0094,26.2348,0.4052
209,000209.png,False,1788794270.097110,1788794269.892410,normal_unload,2,,0.0,0.00887,0.03848,-0.63862,-0.00053,-0.0004,-0.00011,0.00661,0.03415,-0.65249,-0.00087,-0.00018,0.0002,-0.00711,0.02753,-0.6392,10,37.9171,362.8613,38.5643,178.1866,0.3135,-124.2188,0.0043,26.2527,0.3873
210,000210.png,False,1788794270.509143,1788794270.304443,normal_unload,2,,0.0,0.01003,0.03985,-0.60924,-0.00052,-0.00032,-6e-05,0.00775,0.03549,-0.6232,-0.00085,-9e-05,0.00025,-0.007,0.02976,-0.60985,10,37.9165,362.8621,38.5797,178.187,0.3132,-124.2188,0.007,26.2682,0.3718
211,000211.png,False,1788794270.713234,1788794270.508534,normal_unload,2,,0.0,0.01145,0.04294,-0.59563,-0.00056,-0.00023,-0.00011,0.00917,0.03857,-0.60964,-0.0009,-1e-05,0.0002,-0.00741,0.03337,-0.59631,11,37.9152,362.8648,38.589,178.187,0.3132,-124.2186,0.0067,26.2775,0.3625
212,000212.png,False,1788794270.921243,1788794270.716543,normal_unload,2,,0.0,0.01113,0.04213,-0.56973,-0.00061,-0.00022,-3e-05,0.00884,0.03775,-0.58378,-0.00095,1e-05,0.00027,-0.00746,0.03293,-0.5704,10,37.917,362.8644,38.6017,178.1868,0.3137,-124.2191,0.0001,26.2902,0.3498
213,000213.png,False,1788794271.129251,1788794270.924551,normal_unload,2,,0.0,0.01107,0.0422,-0.54604,-0.00058,-0.00024,0.0,0.00877,0.03779,-0.56013,-0.00091,-2e-05,0.00031,-0.00771,0.03333,-0.54671,10,37.9157,362.8641,38.6113,178.187,0.3135,-124.2186,0.0065,26.2998,0.3402
214,000214.png,False,1788794271.541292,1788794271.336592,normal_unload,2,,0.0,0.00741,0.03789,-0.50625,-0.0005,-0.00022,3e-05,0.0051,0.03347,-0.52043,-0.00084,1e-05,0.00034,-0.00901,0.02841,-0.50684,10,37.9166,362.8637,38.6351,178.187,0.3135,-124.2191,0.0049,26.3236,0.3164
215,000215.png,False,1788794271.745291,1788794271.540591,normal_unload,2,,0.0,0.00874,0.03499,-0.49383,-0.00044,-0.00023,0.00013,0.00642,0.03055,-0.50806,-0.00078,-1e-05,0.00044,-0.00649,0.02676,-0.49438,10,37.9157,362.8638,38.6466,178.1871,0.3133,-124.2191,0.0025,26.3351,0.3049
216,000216.png,False,1788794271.953292,1788794271.748592,normal_unload,2,,0.0,0.00932,0.03408,-0.44579,-0.00048,-0.0002,-1e-05,0.00699,0.02962,-0.46006,-0.00083,2e-05,0.00031,-0.00586,0.02703,-0.44633,11,37.916,362.8633,38.6617,178.187,0.3135,-124.2191,0.0033,26.3502,0.2898
217,000217.png,False,1788794272.161343,1788794271.956643,normal_unload,2,,0.0,0.00986,0.03566,-0.42419,-0.00043,-0.00015,-2e-05,0.00752,0.03119,-0.4385,-0.00077,7e-05,0.00029,-0.00634,0.02901,-0.42476,10,37.9158,362.8653,38.6718,178.1866,0.3135,-124.2188,0.0095,26.3603,0.2797
218,000218.png,False,1788794272.781348,1788794272.576648,normal_unload,2,,0.0,0.011,0.04276,-0.36661,-0.00064,-1e-05,-0.0001,0.00865,0.03825,-0.38106,-0.00098,0.00022,0.00022,-0.00929,0.03666,-0.36732,10,37.914,362.8711,38.6942,178.1862,0.3139,-124.2195,0.0017,26.3828,0.2572
219,000219.png,False,1788794272.985402,1788794272.780702,normal_unload,2,,0.0,0.01098,0.03945,-0.34427,-0.00063,-0.0002,-0.00016,0.00861,0.03492,-0.35877,-0.00098,3e-05,0.00016,-0.00782,0.03413,-0.34493,10,37.9159,362.8704,38.7044,178.1863,0.3141,-124.2197,0.0013,26.393,0.247
220,000220.png,False,1788794273.193443,1788794272.988743,normal_unload,2,,0.0,0.00968,0.03569,-0.31823,-0.00041,-8e-05,-0.00023,0.00731,0.03116,-0.33277,-0.00076,0.00015,9e-05,-0.00725,0.03065,-0.31882,11,37.9145,362.8695,38.719,178.1866,0.3138,-124.2193,0.0083,26.4075,0.2325
221,000221.png,False,1788794273.397443,1788794273.192743,normal_unload,2,,0.0,0.0108,0.03301,-0.28931,-0.00046,-0.00014,-0.00022,0.00842,0.02846,-0.30389,-0.00081,0.0001,0.0001,-0.00513,0.02935,-0.28986,10,37.9156,362.8683,38.7322,178.1868,0.3136,-124.2195,0.0091,26.4208,0.2192
222,000222.png,False,1788794273.813412,1788794273.608712,normal_unload,2,,0.0,0.00947,0.03086,-0.25274,-0.00045,-0.0001,-0.0001,0.00708,0.02628,-0.26741,-0.0008,0.00013,0.00022,-0.00546,0.02741,-0.25325,11,37.9162,362.8681,38.7585,178.1865,0.3139,-124.2197,0.0026,26.4471,0.1929
223,000223.png,False,1788794274.017414,1788794273.812714,normal_unload,2,,0.0,0.00935,0.028,-0.23369,-0.00031,-3e-05,-0.0001,0.00695,0.02341,-0.24841,-0.00067,0.00021,0.00022,-0.00427,0.02518,-0.23416,10,37.9159,362.8677,38.7715,178.1863,0.3141,-124.2197,0.0049,26.46,0.18
224,000224.png,False,1788794274.225440,1788794274.020740,normal_unload,2,,0.0,0.00744,0.02732,-0.21258,-0.00029,-4e-05,-0.00012,0.00503,0.02272,-0.22734,-0.00064,0.00019,0.0002,-0.00573,0.02398,-0.21304,10,37.9168,362.8667,38.7827,178.1866,0.3138,-124.2197,0.0087,26.4712,0.1688
225,000225.png,False,1788794274.637479,1788794274.432779,normal_unload,2,,0.0,0.0098,0.03108,-0.17888,-0.00042,-0.0,-0.00029,0.00738,0.02645,-0.19372,-0.00078,0.00023,3e-05,-0.0058,0.02895,-0.17941,10,37.9149,362.8718,38.7973,178.1862,0.3143,-124.2195,0.009,26.4859,0.1541
226,000226.png,False,1788794274.845476,1788794274.640776,normal_unload,2,,0.0,0.00951,0.02857,-0.16895,-0.00034,2e-05,-0.00022,0.00708,0.02392,-0.18384,-0.0007,0.00026,0.00011,-0.00486,0.02679,-0.16943,10,37.9158,362.8718,38.8084,178.1865,0.3139,-124.2195,0.0025,26.497,0.143
227,000227.png,False,1788794275.049465,1788794274.844765,normal_unload,2,,0.0,0.00955,0.02609,-0.1546,-0.00029,0.0,-0.00016,0.00712,0.02143,-0.16954,-0.00064,0.00024,0.00017,-0.00369,0.02489,-0.15505,10,37.9148,362.869,38.8205,178.1868,0.3136,-124.2195,0.0002,26.5091,0.1309
228,000228.png,False,1788794275.257543,1788794275.052843,normal_unload,2,,0.0,0.00938,0.02431,-0.11429,-0.00031,2e-05,-0.00031,0.00694,0.01963,-0.12927,-0.00067,0.00026,2e-05,-0.00322,0.02391,-0.11472,10,37.9153,362.8687,38.836,178.1868,0.3136,-124.2195,0.0068,26.5245,0.1155
229,000229.png,False,1788794275.461526,1788794275.256826,normal_unload,2,,0.0,0.00808,0.02257,-0.08793,-0.00033,-2e-05,-0.00032,0.00563,0.01788,-0.10295,-0.00069,0.00021,1e-05,-0.00367,0.02217,-0.08832,10,37.9163,362.8683,38.8528,178.1868,0.3136,-124.2197,0.0093,26.5413,0.0987
230,000230.png,False,1788794275.877536,1788794275.672836,normal_unload,2,,0.0,0.00756,0.01792,-0.05959,-0.00015,-2e-05,-0.00031,0.00509,0.0132,-0.0747,-0.00052,0.00022,2e-05,-0.00199,0.01834,-0.05991,10,37.9161,362.8688,38.8829,178.1865,0.3139,-124.2195,0.0021,26.5714,0.0686
231,000231.png,False,1788794277.525648,1788794277.320948,normal_unload,2,,0.0,0.00549,0.01361,-0.02112,-5e-05,-2e-05,-0.00022,0.00297,0.00878,-0.03658,-0.00042,0.00023,0.00012,-0.0019,0.01419,-0.02136,10,37.9168,362.8679,38.9347,178.187,0.3138,-124.2204,0.0037,26.6232,0.0168
232,000232.png,False,1788794278.973725,1788794278.769025,normal_load,3,,2.0,0.0071,0.01471,-0.02475,-5e-05,6e-05,-0.00011,0.00453,0.00978,-0.04052,-0.00043,0.00031,0.00024,-0.00103,0.01589,-0.02501,11,37.9159,362.8719,38.9566,178.1862,0.3145,-124.2202,0.004,26.6452,-0.0052
233,000233.png,False,1788794279.589788,1788794279.385088,normal_load,3,,2.0,0.008,0.01793,-0.0073,-0.00012,3e-05,-0.00027,0.00541,0.01296,-0.0232,-0.0005,0.00028,8e-05,-0.00197,0.01941,-0.00762,11,37.9148,362.8776,38.9556,178.1853,0.3152,-124.2199,0.0122,26.6443,-0.0043
234,000234.png,False,1788794280.417854,1788794280.213154,normal_load,3,,2.0,0.00713,0.01956,-0.0384,-0.00021,5e-05,-0.00025,0.00451,0.01454,-0.05448,-0.0006,0.00031,0.0001,-0.00333,0.01989,-0.03875,10,37.9134,362.8804,38.9266,178.1841,0.3164,-124.2199,0.009,26.6153,0.0247
235,000235.png,False,1788794280.829885,1788794280.625185,normal_load,3,,2.0,0.00803,0.01627,-0.08516,-0.00012,-5e-05,-0.00022,0.00539,0.01122,-0.10133,-0.0005,0.00021,0.00014,-0.00058,0.01674,-0.08544,10,37.9135,362.8766,38.8924,178.1856,0.3149,-124.2199,0.0002,26.5811,0.0589
236,000236.png,False,1788794281.037852,1788794280.833152,normal_load,3,,2.0,0.00615,0.01629,-0.07939,-0.00013,-9e-05,-0.00043,0.0035,0.01123,-0.0956,-0.00051,0.00016,-7e-05,-0.00226,0.01591,-0.07967,10,37.9145,362.871,38.8768,178.187,0.3135,-124.2201,0.0063,26.5653,0.0747
237,000237.png,False,1788794281.653922,1788794281.449222,normal_load,3,,2.0,0.00591,0.021,-0.14271,-0.00016,-9e-05,-0.00031,0.00325,0.0159,-0.15905,-0.00055,0.00017,5e-05,-0.00438,0.01886,-0.14306,11,37.9149,362.878,38.844,178.185,0.3158,-124.2206,0.0032,26.5327,0.1073
238,000238.png,False,1788794281.861934,1788794281.657234,normal_load,3,,2.0,0.00627,0.0175,-0.16001,-3e-05,-0.0001,-0.00035,0.0036,0.01238,-0.1764,-0.00042,0.00016,1e-05,-0.0022,0.01572,-0.1603,10,37.9156,362.873,38.8324,178.1862,0.3142,-124.2208,0.0033,26.521,0.119
239,000239.png,False,1788794282.069951,1788794281.865251,normal_load,3,,2.0,0.00454,0.01693,-0.18726,-3e-05,-0.00016,-0.00024,0.00186,0.0118,-0.20369,-0.00042,0.0001,0.00012,-0.00323,0.01393,-0.18753,10,37.9142,362.8728,38.8171,178.1868,0.3136,-124.2204,0.0093,26.5057,0.1343
240,000240.png,False,1788794282.273921,1788794282.069221,normal_load,3,,2.0,0.00549,0.02017,-0.20567,-0.00013,-0.00016,-0.00026,0.0028,0.01502,-0.22214,-0.00053,0.00011,0.0001,-0.0039,0.01691,-0.206,11,37.9142,362.8759,38.7983,178.1859,0.3145,-124.2204,0.009,26.487,0.153
241,000241.png,False,1788794282.481854,1788794282.277154,normal_load,3,,2.0,0.00573,0.02025,-0.23079,-0.00014,-0.00016,-0.00035,0.00303,0.01509,-0.24731,-0.00053,0.00011,1e-05,-0.00356,0.0167,-0.23112,10,37.9135,362.8769,38.7839,178.1857,0.3147,-124.2206,0.0024,26.4725,0.1675
242,000242.png,False,1788794282.893991,1788794282.689291,normal_load,3,,2.0,0.00514,0.0197,-0.26294,-0.00012,-0.00025,-0.00044,0.00243,0.01451,-0.27955,-0.00052,1e-05,-8e-05,-0.00357,0.01542,-0.26325,11,37.9135,362.873,38.7542,178.1859,0.3145,-124.2206,0.0068,26.4428,0.1972
243,000243.png,False,1788794283.101988,1788794282.897288,normal_load,3,,2.0,0.00599,0.02167,-0.28163,-0.00012,-0.00025,-0.0006,0.00328,0.01647,-0.29829,-0.00052,1e-05,-0.00024,-0.00369,0.01725,-0.28198,10,37.9141,362.8734,38.738,178.1859,0.3145,-124.2204,0.0065,26.4267,0.2133
244,000244.png,False,1788794283.306032,1788794283.101332,normal_load,3,,2.0,0.00574,0.02195,-0.3134,-0.00017,-0.00023,-0.0005,0.00302,0.01674,-0.33009,-0.00057,3e-05,-0.00014,-0.00382,0.01686,-0.31374,10,37.9141,362.8748,38.7265,178.1859,0.3145,-124.2204,0.0037,26.4151,0.2249
245,000245.png,False,1788794283.514027,1788794283.309327,normal_load,3,,2.0,0.00695,0.02624,-0.3396,-0.00022,-0.00026,-0.00058,0.00423,0.02101,-0.35635,-0.00062,1e-05,-0.00021,-0.00473,0.02076,-0.34002,11,37.9136,362.878,38.7088,178.1851,0.3153,-124.2206,0.0035,26.3975,0.2425
246,000246.png,False,1788794283.718019,1788794283.513319,normal_load,3,,2.0,0.00677,0.02987,-0.37313,-0.00018,-0.00024,-0.00055,0.00403,0.02463,-0.38992,-0.00059,3e-05,-0.00018,-0.00648,0.02327,-0.37361,10,37.9127,362.8796,38.6916,178.1848,0.3153,-124.2204,0.0069,26.3803,0.2597
247,000247.png,False,1788794283.926037,1788794283.721337,normal_load,3,,2.0,0.00638,0.02935,-0.40823,-0.00022,-0.00024,-0.00052,0.00364,0.02409,-0.42506,-0.00062,3e-05,-0.00015,-0.00631,0.02207,-0.40869,10,37.9134,362.8782,38.6784,178.1854,0.315,-124.2206,0.0062,26.3671,0.2729
248,000248.png,False,1788794284.134041,1788794283.929341,normal_load,3,,2.0,0.00698,0.0309,-0.44753,-0.00025,-0.00029,-0.00056,0.00423,0.02563,-0.4644,-0.00065,-3e-05,-0.00019,-0.00629,0.02308,-0.44801,11,37.9131,362.8789,38.656,178.1854,0.315,-124.2206,0.0003,26.3447,0.2953
249,000249.png,False,1788794284.546103,1788794284.341403,normal_load,3,,2.0,0.0058,0.03425,-0.52289,-0.00021,-0.00032,-0.00038,0.00303,0.02895,-0.53986,-0.00062,-5e-05,-1e-05,-0.00846,0.02418,-0.52342,10,37.9136,362.8759,38.6291,178.1862,0.3142,-124.2206,0.003,26.3177,0.3223
250,000250.png,False,1788794284.750080,1788794284.545380,normal_load,3,,2.0,0.00665,0.03439,-0.54417,-0.0003,-0.00043,-0.00041,0.00388,0.02908,-0.56118,-0.00071,-0.00016,-4e-05,-0.00765,0.02439,-0.5447,10,37.9132,362.8784,38.6194,178.1853,0.3152,-124.2206,0.0051,26.3081,0.3319
251,000251.png,False,1788794284.958087,1788794284.753387,normal_load,3,,2.0,0.00681,0.03703,-0.58206,-0.00029,-0.00035,-0.00038,0.00403,0.03171,-0.59912,-0.00069,-8e-05,-0.0,-0.00857,0.02615,-0.58263,10,37.9131,362.8791,38.6049,178.1851,0.3153,-124.2204,0.0092,26.2937,0.3463
252,000252.png,False,1788794285.166126,1788794284.961426,normal_load,3,,2.0,0.00608,0.03571,-0.61044,-0.00026,-0.00043,-0.00037,0.00329,0.03037,-0.62753,-0.00067,-0.00015,0.0,-0.00834,0.02419,-0.61098,10,37.9149,362.8763,38.5909,178.1857,0.3147,-124.2208,0.0031,26.2796,0.3604
253,000253.png,False,1788794285.370114,1788794285.165414,normal_load,3,,2.0,0.00717,0.03903,-0.64835,-0.00034,-0.00044,-0.00037,0.00438,0.03368,-0.66549,-0.00075,-0.00017,1e-05,-0.00879,0.027,-0.64894,10,37.9137,362.8785,38.5758,178.1851,0.3156,-124.2206,0.0004,26.2645,0.3755
254,000254.png,False,1788794285.578118,1788794285.373418,normal_load,3,,2.0,0.00672,0.03713,-0.69644,-0.00032,-0.00048,-0.00027,0.00392,0.03176,-0.71362,-0.00073,-0.00021,0.00011,-0.0079,0.02436,-0.69699,10,37.9136,362.8786,38.5571,178.1853,0.3152,-124.2206,0.0063,26.2458,0.3942
255,000255.png,False,1788794285.782143,1788794285.577443,normal_load,3,,2.0,0.0068,0.0388,-0.74308,-0.0003,-0.00053,-0.00029,0.00399,0.03343,-0.76031,-0.00071,-0.00025,9e-05,-0.00835,0.0251,-0.74365,10,37.9139,362.8776,38.5389,178.186,0.3147,-124.2206,0.0091,26.2277,0.4123
256,000256.png,False,1788794285.990167,1788794285.785467,normal_load,3,,2.0,0.0065,0.03923,-0.78117,-0.00034,-0.00054,-0.00033,0.00368,0.03384,-0.79844,-0.00076,-0.00026,5e-05,-0.00856,0.02471,-0.78174,11,37.9135,362.8782,38.5222,178.1859,0.3145,-124.2204,0.004,26.2109,0.4291
257,000257.png,False,1788794286.198167,1788794285.993467,normal_load,3,,2.0,0.0072,0.04044,-0.80149,-0.00038,-0.00061,-0.00043,0.00437,0.03503,-0.81881,-0.00079,-0.00033,-5e-05,-0.00841,0.02578,-0.80209,10,37.9144,362.8796,38.5128,178.1853,0.3152,-124.2208,0.0026,26.2015,0.4385
258,000258.png,False,1788794286.402169,1788794286.197469,normal_load,3,,2.0,0.00739,0.04046,-0.82767,-0.00039,-0.00063,-0.00047,0.00456,0.03504,-0.84503,-0.0008,-0.00035,-9e-05,-0.00808,0.02547,-0.82826,10,37.914,362.8784,38.5003,178.1853,0.3149,-124.2208,0.0008,26.189,0.451
259,000259.png,False,1788794286.610127,1788794286.405427,normal_load,3,,2.0,0.00855,0.04564,-0.86054,-0.00045,-0.00055,-0.00044,0.00571,0.0402,-0.87794,-0.00087,-0.00028,-5e-05,-0.00943,0.03001,-0.86121,11,37.9129,362.8801,38.4888,178.1848,0.3156,-124.2206,0.0053,26.1776,0.4624
260,000260.png,False,1788794286.814214,1788794286.609514,normal_load,3,,2.0,0.00855,0.04731,-0.89451,-0.00045,-0.00058,-0.00045,0.00571,0.04187,-0.91196,-0.00086,-0.0003,-7e-05,-0.01003,0.03092,-0.89522,11,37.9129,362.88,38.4755,178.1848,0.3156,-124.2206,0.0072,26.1643,0.4757
261,000261.png,False,1788794287.022221,1788794286.817521,normal_load,3,,2.0,0.00786,0.04729,-0.92139,-0.00048,-0.00064,-0.0005,0.00501,0.04183,-0.93888,-0.00089,-0.00036,-0.00012,-0.01043,0.03013,-0.92209,10,37.9142,362.8802,38.4612,178.1851,0.3153,-124.2208,0.0061,26.15,0.49
262,000262.png,False,1788794287.434233,1788794287.229533,normal_load,3,,2.0,0.00733,0.05071,-0.99644,-0.00044,-0.00063,-0.00058,0.00447,0.04523,-1.01402,-0.00086,-0.00035,-0.0002,-0.01208,0.03162,-0.99718,10,37.9138,362.8801,38.4314,178.1856,0.3155,-124.2208,0.003,26.1202,0.5198
263,000263.png,False,1788794287.642241,1788794287.437541,normal_load,3,,2.0,0.00864,0.04956,-1.04308,-0.0004,-0.00069,-0.00053,0.00577,0.04406,-1.06071,-0.00082,-0.00041,-0.00014,-0.01005,0.03053,-1.0438,10,37.9136,362.881,38.4173,178.1851,0.3153,-124.2208,0.0088,26.1061,0.5339
264,000264.png,False,1788794287.850250,1788794287.645550,normal_load,3,,2.0,0.00781,0.04897,-1.07638,-0.00044,-0.00069,-0.00058,0.00493,0.04345,-1.09405,-0.00086,-0.00041,-0.0002,-0.01024,0.02907,-1.07708,11,37.9149,362.878,38.4025,178.1856,0.3151,-124.221,0.0057,26.0912,0.5488
265,000265.png,False,1788794288.054295,1788794287.849595,normal_load,3,,2.0,0.00328,0.04108,-1.11878,-0.00016,-0.00082,-0.00049,0.00039,0.03555,-1.13649,-0.00058,-0.00054,-0.0001,-0.00993,0.01929,-1.11933,11,37.9163,362.8699,38.3941,178.1863,0.3147,-124.221,0.0083,26.0827,0.5573
266,000266.png,False,1788794288.262285,1788794288.057585,normal_load,3,,2.0,0.0016,0.03407,-1.14064,-3e-05,-0.00095,-0.00053,-0.00129,0.02853,-1.15839,-0.00046,-0.00067,-0.00014,-0.00773,0.01204,-1.14106,10,37.9151,362.8701,38.3828,178.1859,0.3148,-124.2208,0.0016,26.0714,0.5686
267,000267.png,False,1788794288.674312,1788794288.469612,normal_load,3,,2.0,0.00709,0.04926,-1.19668,-0.00039,-0.00089,-0.00057,0.00418,0.04369,-1.21452,-0.00082,-0.0006,-0.00018,-0.01017,0.02704,-1.19736,11,37.9147,362.8774,38.3639,178.1848,0.3162,-124.2208,0.0074,26.0526,0.5874
268,000268.png,False,1788794288.882306,1788794288.677606,normal_load,3,,2.0,0.00858,0.05434,-1.22717,-0.00047,-0.00081,-0.00065,0.00567,0.04876,-1.24506,-0.0009,-0.00052,-0.00026,-0.01121,0.0317,-1.22794,10,37.9138,362.8777,38.35,178.185,0.3158,-124.2208,0.0058,26.0388,0.6012
269,000269.png,False,1788794289.086347,1788794288.881647,normal_load,3,,2.0,0.0071,0.04857,-1.28153,-0.00035,-0.00093,-0.00062,0.00418,0.04298,-1.29946,-0.00077,-0.00065,-0.00023,-0.00924,0.02509,-1.28219,10,37.915,362.8739,38.3275,178.1865,0.3145,-124.2208,0.0029,26.0162,0.6238
270,000270.png,False,1788794289.498364,1788794289.293664,normal_load,3,,2.0,0.00715,0.05273,-1.36693,-0.00042,-0.00095,-0.00059,0.00422,0.04711,-1.38495,-0.00085,-0.00066,-0.00019,-0.01067,0.02735,-1.36765,10,37.9159,362.874,38.3067,178.1863,0.3147,-124.221,0.0066,25.9954,0.6446
271,000271.png,False,1788794289.706290,1788794289.501590,normal_load,3,,2.0,0.0082,0.05769,-1.40503,-0.00043,-0.00087,-0.00051,0.00526,0.05205,-1.4231,-0.00087,-0.00059,-0.00011,-0.01198,0.03155,-1.40584,10,37.914,362.8777,38.2993,178.1851,0.3156,-124.2208,0.0068,25.988,0.652
272,000272.png,False,1788794290.118426,1788794289.913726,normal_load,3,,2.0,0.00741,0.06224,-1.44558,-0.00058,-0.00092,-0.00061,0.00445,0.05658,-1.46373,-0.00102,-0.00063,-0.00022,-0.01466,0.03445,-1.44645,10,37.9155,362.8792,38.2815,178.185,0.3161,-124.221,0.0041,25.9702,0.6698
273,000273.png,False,1788794290.326423,1788794290.121723,normal_load,3,,2.0,0.00848,0.06186,-1.46551,-0.00058,-0.00095,-0.00066,0.00551,0.05618,-1.4837,-0.00101,-0.00066,-0.00026,-0.0134,0.03434,-1.46637,10,37.9136,362.879,38.2729,178.185,0.3158,-124.221,0.0023,25.9617,0.6783
274,000274.png,False,1788794290.530432,1788794290.325732,normal_load,3,,2.0,0.00843,0.0614,-1.4988,-0.00054,-0.00097,-0.00068,0.00546,0.05571,-1.51704,-0.00098,-0.00068,-0.00028,-0.01299,0.03338,-1.49965,11,37.9142,362.879,38.2621,178.1848,0.3162,-124.2208,0.005,25.9509,0.6891
275,000275.png,False,1788794290.738452,1788794290.533752,normal_load,3,,2.0,0.00903,0.06233,-1.54714,-0.00053,-0.00101,-0.00061,0.00605,0.05662,-1.56542,-0.00096,-0.00072,-0.00021,-0.01259,0.03371,-1.548,10,37.9154,362.8777,38.2493,178.1853,0.3155,-124.221,0.0086,25.9381,0.7019
276,000276.png,False,1788794290.946440,1788794290.741740,normal_load,3,,2.0,0.00822,0.05975,-1.59479,-0.00052,-0.00107,-0.00056,0.00523,0.05402,-1.61312,-0.00096,-0.00078,-0.00015,-0.01167,0.03031,-1.5956,10,37.9141,362.8775,38.2362,178.1853,0.3154,-124.2213,0.0022,25.925,0.715
277,000277.png,False,1788794291.150381,1788794290.945681,normal_load,3,,2.0,0.00731,0.06366,-1.63679,-0.00053,-0.00107,-0.0005,0.00432,0.05792,-1.65516,-0.00097,-0.00077,-9e-05,-0.01413,0.03257,-1.63766,11,37.915,362.8785,38.2256,178.1851,0.3156,-124.221,0.0007,25.9144,0.7256
278,000278.png,False,1788794291.358386,1788794291.153686,normal_load,3,,2.0,0.00792,0.06446,-1.66883,-0.00063,-0.00108,-0.0005,0.00492,0.05871,-1.68725,-0.00107,-0.00079,-0.0001,-0.01377,0.03305,-1.66971,10,37.9151,362.8785,38.2137,178.1853,0.3158,-124.2213,0.0077,25.9025,0.7375
279,000279.png,False,1788794291.770505,1788794291.565805,normal_load,3,,2.0,0.00896,0.0665,-1.72736,-0.00051,-0.00109,-0.00064,0.00594,0.06072,-1.74587,-0.00095,-0.00079,-0.00024,-0.01349,0.0344,-1.72827,11,37.9152,362.8772,38.1952,178.1856,0.3151,-124.2215,0.0028,25.884,0.756
280,000280.png,False,1788794291.978439,1788794291.773739,normal_load,3,,2.0,0.00598,0.06494,-1.74587,-0.00042,-0.00119,-0.00067,0.00295,0.05915,-1.76442,-0.00086,-0.00089,-0.00026,-0.01516,0.03126,-1.74675,10,37.9145,362.8766,38.1907,178.1857,0.3153,-124.2213,0.0038,25.8795,0.7605
281,000281.png,False,1788794292.390546,1788794292.185846,normal_load,3,,2.0,0.01008,0.07473,-1.826,-0.00068,-0.00114,-0.0004,0.00704,0.06891,-1.84464,-0.00113,-0.00084,1e-05,-0.01595,0.04051,-1.82704,11,37.9149,362.8795,38.1725,178.1848,0.3159,-124.2215,0.0068,25.8613,0.7787
282,000282.png,False,1788794292.594469,1788794292.389769,normal_load,3,,2.0,0.0117,0.07583,-1.845,-0.00075,-0.00118,-0.00059,0.00865,0.07,-1.86368,-0.0012,-0.00088,-0.00018,-0.01496,0.04196,-1.84605,11,37.9154,362.8812,38.1597,178.1844,0.3167,-124.2215,0.0039,25.8486,0.7914
283,000283.png,False,1788794292.802552,1788794292.597852,normal_load,3,,2.0,0.01209,0.07942,-1.89285,-0.00079,-0.00112,-0.00058,0.00904,0.07358,-1.91157,-0.00124,-0.00082,-0.00016,-0.01608,0.04451,-1.89396,10,37.9147,362.8801,38.146,178.1845,0.3162,-124.2219,0.0031,25.8348,0.8052
284,000284.png,False,1788794293.010593,1788794292.805893,normal_load,3,,2.0,0.01332,0.08278,-1.93078,-0.00085,-0.0012,-0.00062,0.01026,0.07692,-1.94955,-0.0013,-0.0009,-0.00021,-0.01644,0.04742,-1.93195,11,37.9137,362.886,38.1376,178.1838,0.3173,-124.2217,0.0097,25.8266,0.8134
285,000285.png,False,1788794293.834619,1788794293.629919,normal_unload,3,,0.0,0.01068,0.07948,-1.97777,-0.00077,-0.00127,-0.00066,0.00759,0.07357,-1.99671,-0.00123,-0.00096,-0.00025,-0.01675,0.04249,-1.97886,11,37.914,362.8814,38.1226,178.1844,0.3164,-124.2217,0.0087,25.8114,0.8286
286,000286.png,False,1788794294.454577,1788794294.249877,normal_unload,3,,0.0,0.01176,0.08153,-1.99378,-0.00078,-0.00129,-0.00052,0.00865,0.07558,-2.01286,-0.00123,-0.00098,-0.0001,-0.01672,0.04455,-1.99491,11,37.9146,362.8822,38.1216,178.1844,0.3167,-124.2215,0.0039,25.8105,0.8295
287,000287.png,False,1788794294.866689,1788794294.661989,normal_unload,3,,0.0,0.00967,0.075,-1.96243,-0.00055,-0.00131,-0.00058,0.00654,0.06901,-1.9816,-0.00101,-0.001,-0.00016,-0.01549,0.03835,-1.96345,10,37.9158,362.8775,38.1296,178.1857,0.3153,-124.2217,0.0075,25.8184,0.8216
288,000288.png,False,1788794295.074609,1788794294.869909,normal_unload,3,,0.0,0.00715,0.06606,-1.94615,-0.00034,-0.00134,-0.00052,0.00402,0.06007,-1.96536,-0.0008,-0.00104,-0.0001,-0.01332,0.02961,-1.94701,11,37.9142,362.8756,38.1374,178.1863,0.3144,-124.2212,0.0012,25.8262,0.8138
289,000289.png,False,1788794295.278625,1788794295.073925,normal_unload,3,,0.0,0.00457,0.0623,-1.91379,-0.00025,-0.00129,-0.00047,0.00144,0.05629,-1.93304,-0.00071,-0.00098,-5e-05,-0.0139,0.02559,-1.91458,10,37.9146,362.8742,38.1469,178.1866,0.314,-124.2215,0.0016,25.8356,0.8044
290,000290.png,False,1788794295.486639,1788794295.281939,normal_unload,3,,0.0,0.00769,0.06777,-1.83903,-0.00037,-0.0012,-0.00058,0.00454,0.06174,-1.85833,-0.00083,-0.00089,-0.00016,-0.01445,0.03307,-1.83994,10,37.9154,362.8767,38.1652,178.1856,0.3151,-124.2219,0.0084,25.854,0.786
291,000291.png,False,1788794295.690656,1788794295.485956,normal_unload,3,,0.0,0.01123,0.07075,-1.75167,-0.00059,-0.00123,-0.00069,0.00808,0.06471,-1.77101,-0.00105,-0.00092,-0.00026,-0.01348,0.03883,-1.75265,11,37.9145,362.8791,38.1845,178.1848,0.3162,-124.2215,0.0087,25.8733,0.7667
292,000292.png,False,1788794296.106671,1788794295.901971,normal_unload,3,,0.0,0.01428,0.07175,-1.67002,-0.00062,-0.00107,-0.00066,0.01112,0.06569,-1.68945,-0.00108,-0.00076,-0.00023,-0.0119,0.04253,-1.67104,10,37.9143,362.8798,38.2056,178.1842,0.3168,-124.2215,0.0038,25.8944,0.7456
293,000293.png,False,1788794296.518698,1788794296.313998,normal_unload,3,,0.0,0.01438,0.07454,-1.64309,-0.00066,-0.00103,-0.00045,0.0112,0.06845,-1.66261,-0.00112,-0.00072,-2e-05,-0.0134,0.04542,-1.64416,10,37.9151,362.8812,38.2172,178.1844,0.3167,-124.2219,0.0066,25.9061,0.7339
294,000294.png,False,1788794296.722719,1788794296.518019,normal_unload,3,,0.0,0.01396,0.07312,-1.61499,-0.00071,-0.00108,-0.00058,0.01078,0.06701,-1.63455,-0.00118,-0.00076,-0.00015,-0.01324,0.04443,-1.61604,10,37.9146,362.8815,38.2203,178.1842,0.3165,-124.2219,0.0037,25.9091,0.7309
295,000295.png,False,1788794296.930726,1788794296.726026,normal_unload,3,,0.0,0.01262,0.07327,-1.58539,-0.00062,-0.00101,-0.00066,0.00942,0.06715,-1.605,-0.00109,-0.0007,-0.00023,-0.01468,0.04436,-1.58644,11,37.913,362.8826,38.2265,178.1844,0.3164,-124.2217,0.0034,25.9154,0.7246
296,000296.png,False,1788794297.342859,1788794297.138159,normal_unload,3,,0.0,0.01288,0.06766,-1.5334,-0.00058,-0.00105,-0.00061,0.00967,0.06152,-1.5531,-0.00105,-0.00074,-0.00018,-0.01202,0.04047,-1.53437,10,37.915,362.881,38.2458,178.1847,0.3164,-124.2221,0.0074,25.9346,0.7054
297,000297.png,False,1788794297.550840,1788794297.346140,normal_unload,3,,0.0,0.01269,0.0663,-1.50429,-0.00055,-0.00103,-0.00062,0.00948,0.06014,-1.52403,-0.00102,-0.00071,-0.00018,-0.0117,0.03967,-1.50523,11,37.9149,362.8825,38.2527,178.1848,0.3162,-124.2221,0.0008,25.9415,0.6985
298,000298.png,False,1788794297.962907,1788794297.758207,normal_unload,3,,0.0,0.01385,0.06824,-1.44594,-0.00059,-0.00098,-0.00075,0.01062,0.06205,-1.46577,-0.00106,-0.00067,-0.00031,-0.01208,0.04286,-1.44693,10,37.9138,362.8827,38.2662,178.1845,0.3165,-124.2219,0.0084,25.9551,0.6849
299,000299.png,False,1788794298.170936,1788794297.966236,normal_unload,3,,0.0,0.01679,0.07481,-1.43117,-0.0008,-0.00092,-0.00064,0.01355,0.06861,-1.45104,-0.00128,-0.0006,-0.0002,-0.01291,0.05026,-1.43228,11,37.9135,362.8866,38.2754,178.1844,0.3167,-124.2221,0.0098,25.9643,0.6757
300,000300.png,False,1788794298.582896,1788794298.378196,normal_unload,3,,0.0,0.01518,0.06871,-1.38721,-0.00065,-0.00091,-0.00064,0.01193,0.06248,-1.40717,-0.00113,-0.00059,-0.00021,-0.01156,0.04487,-1.38822,10,37.9124,362.8863,38.2894,178.1841,0.3167,-124.2221,0.0007,25.9783,0.6617
301,000301.png,False,1788794298.994919,1788794298.790219,normal_unload,3,,0.0,0.01544,0.0695,-1.32774,-0.00064,-0.00084,-0.00062,0.01217,0.06324,-1.34779,-0.00112,-0.00052,-0.00018,-0.01214,0.04663,-1.32878,10,37.9136,362.8864,38.3096,178.1841,0.317,-124.2224,0.0091,25.9985,0.6415
302,000302.png,False,1788794299.202950,1788794298.998250,normal_unload,3,,0.0,0.01802,0.07253,-1.28691,-0.00079,-0.00083,-0.0005,0.01474,0.06626,-1.307,-0.00127,-0.00051,-6e-05,-0.01171,0.05121,-1.288,10,37.9127,362.8851,38.323,178.1836,0.3171,-124.2221,0.0043,26.0119,0.6281
303,000303.png,False,1788794299.406968,1788794299.202268,normal_unload,3,,0.0,0.01478,0.06722,-1.255,-0.00062,-0.00086,-0.00062,0.0115,0.06093,-1.27513,-0.0011,-0.00054,-0.00018,-0.01208,0.04549,-1.256,10,37.9142,362.8828,38.3277,178.1841,0.3167,-124.2226,0.0019,26.0166,0.6234
304,000304.png,False,1788794300.235007,1788794300.030307,normal_unload,3,,0.0,0.01596,0.06588,-1.24661,-0.00049,-0.00081,-0.00049,0.01265,0.05954,-1.26693,-0.00097,-0.00048,-4e-05,-0.01045,0.04506,-1.2476,10,37.9133,362.8835,38.3408,178.1853,0.3154,-124.2223,0.0066,26.0297,0.6103
305,000305.png,False,1788794300.439013,1788794300.234313,normal_unload,3,,0.0,0.01684,0.06631,-1.20012,-0.00061,-0.00076,-0.00053,0.01353,0.05996,-1.22047,-0.0011,-0.00044,-9e-05,-0.01022,0.04662,-1.20112,10,37.9145,362.8843,38.352,178.185,0.316,-124.2226,0.0042,26.0409,0.5991
306,000306.png,False,1788794300.851069,1788794300.646369,normal_unload,3,,0.0,0.01673,0.06362,-1.1225,-0.00055,-0.00077,-0.00062,0.0134,0.05724,-1.14294,-0.00104,-0.00045,-0.00017,-0.00951,0.04548,-1.12346,11,37.9145,362.8839,38.3749,178.1847,0.3163,-124.2226,0.0049,26.0637,0.5763
307,000307.png,False,1788794301.267097,1788794301.062397,normal_unload,3,,0.0,0.01695,0.06188,-1.08562,-0.00046,-0.00073,-0.00058,0.01361,0.05547,-1.10615,-0.00095,-0.0004,-0.00013,-0.00871,0.04468,-1.08656,10,37.9133,362.8837,38.3885,178.185,0.316,-124.2223,0.0017,26.0773,0.5627
308,000308.png,False,1788794301.471110,1788794301.266410,normal_unload,3,,0.0,0.01551,0.06027,-1.05822,-0.00049,-0.00077,-0.00058,0.01216,0.05384,-1.0788,-0.00099,-0.00044,-0.00013,-0.00934,0.04299,-1.05914,11,37.913,362.8831,38.397,178.1848,0.3159,-124.2223,0.0012,26.0858,0.5542
309,000309.png,False,1788794301.679106,1788794301.474406,normal_unload,3,,0.0,0.01658,0.06326,-1.05694,-0.00051,-0.00073,-0.00047,0.01322,0.05683,-1.07756,-0.001,-0.0004,-2e-05,-0.00992,0.04615,-1.05791,10,37.9135,362.8843,38.4052,178.1845,0.3162,-124.2226,0.0083,26.0941,0.5459
310,000310.png,False,1788794301.883027,1788794301.678327,normal_unload,3,,0.0,0.01698,0.06543,-1.01801,-0.00061,-0.00066,-0.00056,0.01361,0.05898,-1.03867,-0.0011,-0.00033,-0.0001,-0.01093,0.04884,-1.01902,10,37.9132,362.8867,38.4134,178.1844,0.3167,-124.2224,0.0089,26.1023,0.5377
311,000311.png,False,1788794302.299047,1788794302.094347,normal_unload,3,,0.0,0.01797,0.05881,-0.96584,-0.00055,-0.00073,-0.00063,0.01459,0.05233,-0.98659,-0.00104,-0.0004,-0.00018,-0.00712,0.04444,-0.96675,10,37.9139,362.8857,38.4255,178.185,0.316,-124.2228,0.0051,26.1144,0.5256
312,000312.png,False,1788794302.711132,1788794302.506432,normal_unload,3,,0.0,0.01913,0.061,-0.9185,-0.0006,-0.00065,-0.00058,0.01573,0.05449,-0.93934,-0.0011,-0.00032,-0.00012,-0.00754,0.04767,-0.91946,11,37.9125,362.8873,38.4462,178.1842,0.3165,-124.2223,0.005,26.1351,0.5049
313,000313.png,False,1788794302.915088,1788794302.710388,normal_unload,3,,0.0,0.01852,0.05953,-0.90143,-0.00047,-0.00061,-0.00056,0.01512,0.05301,-0.92232,-0.00097,-0.00027,-0.0001,-0.00745,0.04637,-0.90237,10,37.9125,362.8861,38.4555,178.1848,0.3159,-124.2223,0.0021,26.1444,0.4956
314,000314.png,False,1788794303.123171,1788794302.918471,normal_unload,3,,0.0,0.01829,0.05551,-0.84654,-0.00042,-0.00069,-0.00076,0.01488,0.04898,-0.86747,-0.00092,-0.00035,-0.0003,-0.00602,0.04366,-0.84741,10,37.9127,362.8842,38.4668,178.1848,0.3159,-124.2223,0.0049,26.1557,0.4843
315,000315.png,False,1788794303.743243,1788794303.538543,normal_unload,3,,0.0,0.02096,0.05967,-0.81919,-0.00056,-0.00058,-0.0005,0.01753,0.05309,-0.84026,-0.00107,-0.00024,-4e-05,-0.00598,0.04903,-0.82015,10,37.9137,362.8895,38.4879,178.185,0.316,-124.2223,0.0007,26.1768,0.4632
316,000316.png,False,1788794304.155249,1788794303.950549,normal_unload,3,,0.0,0.02025,0.05642,-0.79017,-0.00038,-0.00051,-0.00049,0.0168,0.04981,-0.81132,-0.00089,-0.00017,-3e-05,-0.00517,0.04632,-0.79107,10,37.9135,362.8875,38.5034,178.185,0.316,-124.2226,0.0084,26.1923,0.4477
317,000317.png,False,1788794304.363258,1788794304.158558,normal_unload,3,,0.0,0.01975,0.05609,-0.77187,-0.00039,-0.00051,-0.0004,0.01629,0.04948,-0.79307,-0.0009,-0.00017,7e-05,-0.00557,0.04608,-0.77276,10,37.9128,362.8863,38.5131,178.1851,0.3156,-124.2223,0.0052,26.202,0.438
318,000318.png,False,1788794304.567267,1788794304.362567,normal_unload,3,,0.0,0.01735,0.05429,-0.7338,-0.00037,-0.00048,-0.00053,0.01389,0.04766,-0.75504,-0.00088,-0.00014,-6e-05,-0.007,0.04393,-0.73466,10,37.9134,362.8881,38.5216,178.1847,0.316,-124.2226,0.0021,26.2105,0.4295
319,000319.png,False,1788794304.775301,1788794304.570601,normal_unload,3,,0.0,0.01802,0.05314,-0.70576,-0.00035,-0.00054,-0.00051,0.01455,0.04649,-0.72704,-0.00086,-0.0002,-4e-05,-0.00605,0.04372,-0.70661,10,37.9138,362.8847,38.533,178.1853,0.3154,-124.2226,0.0048,26.2218,0.4182
320,000320.png,False,1788794305.187313,1788794304.982613,normal_unload,3,,0.0,0.0168,0.05114,-0.66918,-0.00026,-0.00048,-0.00036,0.01332,0.04447,-0.69055,-0.00077,-0.00013,0.00011,-0.00636,0.04196,-0.67,10,37.9143,362.8854,38.5514,178.1851,0.3159,-124.2228,0.0048,26.2402,0.3998
321,000321.png,False,1788794305.599317,1788794305.394617,normal_unload,3,,0.0,0.02045,0.05657,-0.63322,-0.00047,-0.00043,-0.00054,0.01695,0.04987,-0.65468,-0.00098,-9e-05,-7e-05,-0.00616,0.04906,-0.63415,10,37.9135,362.8904,38.5628,178.185,0.316,-124.2226,0.0,26.2518,0.3882
322,000322.png,False,1788794305.807327,1788794305.602627,normal_unload,3,,0.0,0.02065,0.05476,-0.60315,-0.00039,-0.00044,-0.00064,0.01715,0.04804,-0.62465,-0.0009,-0.0001,-0.00016,-0.00529,0.04808,-0.60405,10,37.9139,362.8871,38.5712,178.1856,0.3154,-124.2228,0.0069,26.2601,0.3799
323,000323.png,False,1788794306.015401,1788794305.810701,normal_unload,3,,0.0,0.02002,0.05022,-0.58552,-0.0003,-0.00042,-0.0006,0.01651,0.04349,-0.60707,-0.00082,-7e-05,-0.00012,-0.00369,0.04412,-0.58634,10,37.9137,362.8889,38.5825,178.1851,0.3156,-124.2226,0.0064,26.2714,0.3686
324,000324.png,False,1788794306.219285,1788794306.014585,normal_unload,3,,0.0,0.01961,0.04935,-0.55653,-0.00029,-0.00046,-0.00061,0.01609,0.04261,-0.57812,-0.00081,-0.00011,-0.00014,-0.00381,0.04363,-0.55734,10,37.9143,362.8862,38.5934,178.1857,0.3152,-124.223,0.0165,26.2822,0.3578
325,000325.png,False,1788794306.427380,1788794306.222680,normal_unload,3,,0.0,0.0196,0.04922,-0.52796,-0.00027,-0.00036,-0.00061,0.01608,0.04246,-0.5496,-0.00078,-2e-05,-0.00014,-0.00395,0.04396,-0.52878,10,37.9141,362.8865,38.6042,178.1856,0.3154,-124.223,0.0037,26.2931,0.3469
326,000326.png,False,1788794306.631391,1788794306.426691,normal_unload,3,,0.0,0.01969,0.04751,-0.50016,-0.00025,-0.00035,-0.00059,0.01616,0.04074,-0.52184,-0.00077,-1e-05,-0.00011,-0.00321,0.04297,-0.50094,11,37.9139,362.8863,38.6187,178.1851,0.3155,-124.2232,0.0066,26.3076,0.3324
327,000327.png,False,1788794307.047332,1788794306.842632,normal_unload,3,,0.0,0.01755,0.04472,-0.45858,-0.00012,-0.00045,-0.00056,0.01401,0.03793,-0.48035,-0.00064,-0.0001,-8e-05,-0.00396,0.04016,-0.45932,10,37.9128,362.8842,38.6411,178.1854,0.3152,-124.2226,0.0001,26.3299,0.3101
328,000328.png,False,1788794307.459356,1788794307.254656,normal_unload,3,,0.0,0.01898,0.04647,-0.4246,-0.00026,-0.00041,-0.00061,0.01541,0.03965,-0.44646,-0.00078,-7e-05,-0.00013,-0.00384,0.04293,-0.42538,10,37.9133,362.8885,38.6544,178.1848,0.3159,-124.2228,0.0096,26.3433,0.2967
329,000329.png,False,1788794307.663372,1788794307.458672,normal_unload,3,,0.0,0.01915,0.04539,-0.38446,-0.00025,-0.00033,-0.00073,0.01558,0.03855,-0.40636,-0.00077,2e-05,-0.00025,-0.00343,0.04272,-0.38522,10,37.9122,362.887,38.6686,178.1851,0.3156,-124.2228,0.0078,26.3575,0.2825
330,000330.png,False,1788794308.079391,1788794307.874691,normal_unload,3,,0.0,0.01795,0.04213,-0.34087,-0.00017,-0.00026,-0.00072,0.01437,0.03527,-0.36286,-0.00069,9e-05,-0.00023,-0.00314,0.04,-0.34158,10,37.9124,362.8871,38.6877,178.1851,0.3156,-124.2228,0.0062,26.3766,0.2634
331,000331.png,False,1788794308.283407,1788794308.078707,normal_unload,3,,0.0,0.01803,0.04159,-0.31718,-0.00012,-0.0003,-0.00074,0.01444,0.03471,-0.33921,-0.00065,5e-05,-0.00025,-0.00296,0.03994,-0.31789,10,37.9139,362.8868,38.6974,178.1853,0.3157,-124.223,0.0092,26.3863,0.2537
332,000332.png,False,1788794308.695432,1788794308.490732,normal_unload,3,,0.0,0.01696,0.03891,-0.27885,-8e-05,-0.0003,-0.00067,0.01335,0.032,-0.30097,-0.00061,5e-05,-0.00018,-0.00282,0.0377,-0.27952,10,37.914,362.8846,38.7245,178.1854,0.3152,-124.2228,0.0009,26.4134,0.2266
333,000333.png,False,1788794309.315594,1788794309.110894,normal_unload,3,,0.0,0.01686,0.03807,-0.23477,2e-05,-0.00021,-0.00066,0.01323,0.03113,-0.25702,-0.00051,0.00014,-0.00017,-0.00279,0.03764,-0.23543,10,37.913,362.8866,38.7565,178.1848,0.3159,-124.223,0.0071,26.4453,0.1947
334,000334.png,False,1788794309.727602,1788794309.522902,normal_unload,3,,0.0,0.02099,0.04573,-0.18219,-0.00018,-0.00011,-0.0007,0.01735,0.03875,-0.20453,-0.00071,0.00024,-0.00021,-0.0034,0.04717,-0.183,10,37.9127,362.8955,38.7811,178.1844,0.3166,-124.223,0.0019,26.4701,0.1699
335,000335.png,False,1788794309.935585,1788794309.730886,normal_unload,3,,0.0,0.01942,0.04147,-0.16811,-0.00021,-0.00017,-0.00064,0.01578,0.03448,-0.1905,-0.00074,0.00019,-0.00015,-0.00273,0.04293,-0.16884,10,37.912,362.8945,38.7906,178.1844,0.3166,-124.2232,0.0083,26.4796,0.1604
336,000336.png,False,1788794310.347615,1788794310.142915,normal_unload,3,,0.0,0.0173,0.03623,-0.13449,-0.0,-0.00013,-0.00071,0.01364,0.02921,-0.15697,-0.00054,0.00022,-0.00022,-0.00218,0.03787,-0.13513,10,37.9133,362.8886,38.8137,178.1854,0.3152,-124.2234,0.0024,26.5026,0.1374
337,000337.png,False,1788794310.555668,1788794310.350968,normal_unload,3,,0.0,0.01703,0.03388,-0.10437,-1e-05,-0.00015,-0.00072,0.01336,0.02685,-0.12689,-0.00055,0.00021,-0.00022,-0.00145,0.03618,-0.10498,10,37.9123,362.8889,38.8297,178.1851,0.3158,-124.2232,0.0041,26.5186,0.1214
338,000338.png,False,1788794311.379683,1788794311.174983,normal_unload,3,,0.0,0.01591,0.02947,-0.06615,9e-05,-0.00016,-0.00066,0.01221,0.02239,-0.08885,-0.00045,0.00021,-0.00016,-0.00049,0.03241,-0.06669,10,37.9129,362.8883,38.8682,178.1851,0.3158,-124.2234,0.0048,26.557,0.083
339,000339.png,False,1788794311.587683,1788794311.382983,normal_unload,3,,0.0,0.01567,0.03263,-0.05008,4e-05,-0.00018,-0.00071,0.01197,0.02553,-0.07282,-0.0005,0.00019,-0.00021,-0.00238,0.03529,-0.05067,10,37.9125,362.8884,38.878,178.1853,0.3157,-124.2234,0.0019,26.5669,0.0731
340,000340.png,False,1788794316.127965,1788794315.923265,normal_load,4,,2.0,0.01646,0.03089,-0.04356,-1e-05,-0.00011,-0.00064,0.01259,0.02349,-0.06727,-0.00057,0.00026,-0.00012,-0.00088,0.03428,-0.04413,10,37.911,362.8971,38.8986,178.1847,0.3163,-124.2243,0.0018,26.5876,0.0524
341,000341.png,False,1788794316.539985,1788794316.335285,normal_load,4,,2.0,0.01658,0.02964,-0.08459,0.00011,-0.00017,-0.00069,0.0127,0.02221,-0.10839,-0.00046,0.00021,-0.00016,0.00014,0.0326,-0.08512,10,37.9109,362.8947,38.8704,178.1857,0.3149,-124.2243,0.0029,26.5594,0.0806
342,000342.png,False,1788794316.748006,1788794316.543306,normal_load,4,,2.0,0.01599,0.03036,-0.09661,2e-05,-0.0002,-0.00061,0.01211,0.02292,-0.12045,-0.00055,0.00018,-9e-05,-0.00064,0.03274,-0.09715,10,37.9113,362.8969,38.8641,178.1853,0.3154,-124.2245,0.0095,26.5531,0.0869
343,000343.png,False,1788794317.368036,1788794317.163336,normal_load,4,,2.0,0.01847,0.03488,-0.12151,-0.00016,-0.00022,-0.00075,0.01456,0.02739,-0.14548,-0.00073,0.00016,-0.00022,-0.00058,0.03749,-0.12213,10,37.9103,362.9033,38.8366,178.1835,0.3175,-124.2245,0.0049,26.5257,0.1143
344,000344.png,False,1788794317.572074,1788794317.367374,normal_load,4,,2.0,0.01477,0.03479,-0.14801,1e-05,-0.00013,-0.00066,0.01086,0.0273,-0.17202,-0.00056,0.00025,-0.00013,-0.00356,0.03515,-0.14862,11,37.9112,362.9011,38.8278,178.1842,0.3167,-124.225,0.0074,26.5168,0.1232
345,000345.png,False,1788794317.780101,1788794317.575401,normal_load,4,,2.0,0.01695,0.034,-0.15374,-5e-05,-0.00025,-0.00071,0.01303,0.02649,-0.1778,-0.00062,0.00014,-0.00018,-0.00124,0.03545,-0.15434,10,37.9115,362.8992,38.8158,178.1848,0.3161,-124.2247,0.0058,26.5048,0.1352
346,000346.png,False,1788794318.400104,1788794318.195404,normal_load,4,,2.0,0.01557,0.035,-0.22713,-5e-05,-0.00021,-0.00058,0.01162,0.02745,-0.25132,-0.00063,0.00018,-5e-05,-0.00243,0.03445,-0.22773,10,37.9104,362.8993,38.7812,178.1847,0.316,-124.2245,0.0097,26.4702,0.1698
347,000347.png,False,1788794318.604113,1788794318.399413,normal_load,4,,2.0,0.01624,0.03532,-0.22307,-6e-05,-0.00027,-0.00076,0.01229,0.02776,-0.24731,-0.00064,0.00012,-0.00023,-0.00203,0.03514,-0.22368,10,37.9104,362.8997,38.7708,178.1845,0.3164,-124.2247,0.0072,26.4599,0.1801
348,000348.png,False,1788794319.020136,1788794318.815436,normal_load,4,,2.0,0.01746,0.03654,-0.2783,-5e-05,-0.0003,-0.00082,0.01349,0.02894,-0.30263,-0.00064,8e-05,-0.00028,-0.0012,0.03591,-0.27893,10,37.9102,362.8997,38.7385,178.1845,0.3161,-124.2247,0.0066,26.4276,0.2124
349,000349.png,False,1788794319.432154,1788794319.227454,normal_load,4,,2.0,0.01712,0.04089,-0.3303,-0.0001,-0.0003,-0.00084,0.01314,0.03327,-0.35472,-0.00069,9e-05,-0.00031,-0.00332,0.03868,-0.331,11,37.9103,362.8983,38.7094,178.1844,0.3163,-124.2245,0.0045,26.3985,0.2415
350,000350.png,False,1788794319.636096,1788794319.431396,normal_load,4,,2.0,0.01493,0.0367,-0.36484,2e-05,-0.00039,-0.00078,0.01094,0.02907,-0.3893,-0.00057,0.0,-0.00024,-0.00288,0.0334,-0.36545,10,37.9126,362.8955,38.6926,178.1844,0.3166,-124.225,0.0019,26.3816,0.2584
351,000351.png,False,1788794319.844223,1788794319.639524,normal_load,4,,2.0,0.01692,0.03597,-0.3956,-1e-05,-0.00045,-0.00072,0.01293,0.02832,-0.4201,-0.00059,-6e-05,-0.00018,-0.00057,0.03327,-0.39619,10,37.9113,362.895,38.6843,178.1845,0.3164,-124.2245,0.0052,26.3733,0.2667
352,000352.png,False,1788794320.052200,1788794319.847500,normal_load,4,,2.0,0.0158,0.03703,-0.42782,5e-05,-0.00048,-0.00065,0.0118,0.02936,-0.45237,-0.00054,-9e-05,-0.00011,-0.00184,0.03311,-0.42843,11,37.9118,362.8972,38.6666,178.1841,0.3166,-124.225,0.01,26.3556,0.2844
353,000353.png,False,1788794320.464217,1788794320.259517,normal_load,4,,2.0,0.01779,0.04358,-0.48709,-0.00014,-0.00051,-0.00064,0.01377,0.03589,-0.51172,-0.00073,-0.00011,-9e-05,-0.00299,0.03883,-0.48781,10,37.9086,362.8981,38.6415,178.1837,0.3166,-124.2243,0.0009,26.3306,0.3094
354,000354.png,False,1788794320.668221,1788794320.463521,normal_load,4,,2.0,0.01864,0.04438,-0.52733,-0.00018,-0.00051,-0.00063,0.01461,0.03668,-0.55201,-0.00077,-0.00011,-9e-05,-0.00238,0.0393,-0.52806,10,37.9105,362.9001,38.6203,178.1842,0.3167,-124.2247,0.0017,26.3094,0.3306
355,000355.png,False,1788794320.876275,1788794320.671575,normal_load,4,,2.0,0.01762,0.04461,-0.58065,-0.00014,-0.00053,-0.00052,0.01359,0.0369,-0.60537,-0.00073,-0.00014,3e-05,-0.003,0.03814,-0.58137,10,37.9111,362.899,38.6066,178.1842,0.3167,-124.2247,0.0084,26.2957,0.3443
356,000356.png,False,1788794321.084254,1788794320.879554,normal_load,4,,2.0,0.01768,0.04922,-0.60491,-0.00019,-0.00048,-0.00057,0.01364,0.04148,-0.62967,-0.00078,-8e-05,-3e-05,-0.00508,0.04177,-0.6057,10,37.9097,362.9016,38.5937,178.1833,0.3174,-124.2247,0.0045,26.2829,0.3571
357,000357.png,False,1788794321.288270,1788794321.083570,normal_load,4,,2.0,0.01934,0.04986,-0.64668,-0.0002,-0.00051,-0.00049,0.0153,0.04211,-0.67149,-0.00079,-0.00012,5e-05,-0.00367,0.04249,-0.64748,10,37.9119,362.8999,38.5793,178.1837,0.3172,-124.225,0.0017,26.2684,0.3716
358,000358.png,False,1788794321.496265,1788794321.291565,normal_load,4,,2.0,0.01831,0.05032,-0.68779,-0.00017,-0.00054,-0.00049,0.01426,0.04256,-0.71264,-0.00077,-0.00014,6e-05,-0.00451,0.04171,-0.68859,10,37.9102,362.9008,38.5602,178.1832,0.3175,-124.2245,0.0052,26.2494,0.3906
359,000359.png,False,1788794321.700222,1788794321.495522,normal_load,4,,2.0,0.01662,0.0493,-0.71505,-0.00016,-0.00054,-0.00051,0.01256,0.04153,-0.73995,-0.00076,-0.00014,3e-05,-0.00528,0.03955,-0.71583,10,37.9117,362.8934,38.5446,178.1848,0.3161,-124.2245,0.0001,26.2336,0.4064
360,000360.png,False,1788794321.908312,1788794321.703612,normal_load,4,,2.0,0.01441,0.04345,-0.73604,-1e-05,-0.0007,-0.00063,0.01035,0.03567,-0.76098,-0.00061,-0.0003,-8e-05,-0.00412,0.03305,-0.73671,10,37.9115,362.8942,38.5352,178.1848,0.3158,-124.2247,0.007,26.2242,0.4158
361,000361.png,False,1788794322.116327,1788794321.911627,normal_load,4,,2.0,0.01629,0.04901,-0.78002,-0.00011,-0.00065,-0.00047,0.01222,0.04121,-0.80501,-0.00071,-0.00025,8e-05,-0.00497,0.03809,-0.78079,10,37.912,362.8971,38.5264,178.1836,0.3171,-124.225,0.0066,26.2155,0.4245
362,000362.png,False,1788794322.528342,1788794322.323642,normal_load,4,,2.0,0.01786,0.05434,-0.81465,-0.00028,-0.00065,-0.00072,0.01377,0.04652,-0.83973,-0.00087,-0.00025,-0.00017,-0.00604,0.04294,-0.81551,10,37.9122,362.898,38.4994,178.1833,0.3177,-124.225,0.0037,26.1885,0.4515
363,000363.png,False,1788794322.732372,1788794322.527672,normal_load,4,,2.0,0.01664,0.05347,-0.8481,-0.00025,-0.00074,-0.00074,0.01254,0.04563,-0.87321,-0.00085,-0.00034,-0.00019,-0.00642,0.04104,-0.84893,11,37.9106,362.8978,38.4839,178.1833,0.3174,-124.2245,0.0064,26.1729,0.4671
364,000364.png,False,1788794322.940401,1788794322.735701,normal_load,4,,2.0,0.01657,0.05531,-0.89959,-0.00017,-0.00069,-0.00071,0.01247,0.04745,-0.92475,-0.00078,-0.00029,-0.00015,-0.00704,0.04177,-0.90045,10,37.9109,362.8982,38.4694,178.1836,0.3174,-124.2247,0.0068,26.1585,0.4815
365,000365.png,False,1788794323.148332,1788794322.943632,normal_load,4,,2.0,0.01682,0.05803,-0.92582,-0.00032,-0.00075,-0.00075,0.01271,0.05016,-0.95103,-0.00092,-0.00034,-0.00019,-0.00801,0.04383,-0.92672,10,37.9112,362.9011,38.4552,178.183,0.3177,-124.2247,0.0,26.1444,0.4956
366,000366.png,False,1788794323.352313,1788794323.147613,normal_load,4,,2.0,0.01769,0.0591,-0.96687,-0.00033,-0.00076,-0.00068,0.01357,0.05122,-0.99212,-0.00093,-0.00035,-0.00013,-0.0075,0.04454,-0.96778,11,37.912,362.8993,38.4436,178.1836,0.3174,-124.225,0.0032,26.1327,0.5073
367,000367.png,False,1788794323.560329,1788794323.355629,normal_load,4,,2.0,0.0154,0.05328,-0.99281,-0.00012,-0.00082,-0.00071,0.01128,0.04538,-1.0181,-0.00072,-0.00042,-0.00015,-0.0064,0.03794,-0.99361,10,37.911,362.8944,38.4352,178.1833,0.3174,-124.225,0.0098,26.1242,0.5158
368,000368.png,False,1788794323.764349,1788794323.559649,normal_load,4,,2.0,0.01494,0.05223,-1.02477,-0.00014,-0.00085,-0.00071,0.01081,0.04432,-1.05011,-0.00075,-0.00044,-0.00015,-0.00605,0.03628,-1.02555,10,37.9122,362.8952,38.4235,178.1834,0.3172,-124.2252,0.0067,26.1126,0.5274
369,000369.png,False,1788794323.972430,1788794323.767730,normal_load,4,,2.0,0.01514,0.05431,-1.05871,-0.00014,-0.00084,-0.00063,0.011,0.04638,-1.08409,-0.00074,-0.00044,-7e-05,-0.00668,0.03764,-1.05952,11,37.9114,362.8952,38.4134,178.1837,0.3172,-124.2252,0.0003,26.1024,0.5376
370,000370.png,False,1788794324.180478,1788794323.975778,normal_load,4,,2.0,0.01586,0.059,-1.08174,-0.00021,-0.00086,-0.00076,0.01172,0.05106,-1.10717,-0.00081,-0.00046,-0.0002,-0.00824,0.04169,-1.08263,10,37.9118,362.8995,38.3981,178.1828,0.3181,-124.2252,0.0068,26.0873,0.5527
371,000371.png,False,1788794324.384464,1788794324.179764,normal_load,4,,2.0,0.01545,0.0616,-1.1406,-0.00025,-0.00084,-0.00064,0.0113,0.05365,-1.16607,-0.00086,-0.00044,-8e-05,-0.00948,0.0428,-1.14153,10,37.9107,362.8976,38.3855,178.1834,0.3172,-124.2252,0.0096,26.0746,0.5654
372,000372.png,False,1788794324.592484,1788794324.387784,normal_load,4,,2.0,0.01508,0.06082,-1.17869,-0.00032,-0.00091,-0.00064,0.01092,0.05286,-1.2042,-0.00093,-0.00051,-8e-05,-0.00915,0.04133,-1.17959,11,37.9113,362.8985,38.371,178.1834,0.3172,-124.2254,0.0036,26.0601,0.5799
373,000373.png,False,1788794324.796494,1788794324.591794,normal_load,4,,2.0,0.01579,0.06698,-1.22218,-0.00037,-0.00091,-0.00064,0.01162,0.059,-1.24774,-0.00098,-0.00051,-8e-05,-0.01132,0.04632,-1.22319,10,37.9103,362.8987,38.3568,178.1834,0.3172,-124.2252,0.0006,26.0459,0.5941
374,000374.png,False,1788794325.004502,1788794324.799802,normal_load,4,,2.0,0.01593,0.06693,-1.26879,-0.00028,-0.00086,-0.00056,0.01175,0.05894,-1.2944,-0.0009,-0.00045,-0.0,-0.01085,0.0456,-1.26979,10,37.9115,362.8991,38.3473,178.1834,0.3175,-124.2254,0.0058,26.0364,0.6036
375,000375.png,False,1788794325.212506,1788794325.007806,normal_load,4,,2.0,0.01707,0.07285,-1.29947,-0.0005,-0.00093,-0.00045,0.01289,0.06485,-1.32512,-0.00111,-0.00052,0.00012,-0.0126,0.05081,-1.30057,11,37.9111,362.9025,38.3403,178.1827,0.318,-124.2254,0.0075,26.0295,0.6105
376,000376.png,False,1788794325.416508,1788794325.211808,normal_load,4,,2.0,0.01876,0.07321,-1.33795,-0.00046,-0.00089,-0.00052,0.01457,0.06519,-1.36364,-0.00107,-0.00048,5e-05,-0.01105,0.05135,-1.33905,10,37.9109,362.9019,38.3257,178.1831,0.3175,-124.2254,0.0045,26.0148,0.6252
377,000377.png,False,1788794325.624454,1788794325.419755,normal_load,4,,2.0,0.01936,0.07514,-1.35673,-0.00056,-0.00094,-0.00054,0.01517,0.0671,-1.38246,-0.00118,-0.00053,3e-05,-0.01136,0.05302,-1.35786,10,37.9109,362.9026,38.3181,178.183,0.3177,-124.2254,0.0027,26.0073,0.6327
378,000378.png,False,1788794325.828561,1788794325.623861,normal_load,4,,2.0,0.019,0.07666,-1.39053,-0.0006,-0.00095,-0.00042,0.01479,0.06861,-1.41631,-0.00121,-0.00054,0.00015,-0.01221,0.05361,-1.39168,10,37.9101,362.9058,38.3069,178.1824,0.3183,-124.2252,0.0057,25.9962,0.6438
379,000379.png,False,1788794326.036601,1788794325.831901,normal_load,4,,2.0,0.01953,0.07938,-1.41312,-0.00064,-0.00093,-0.00059,0.01532,0.07132,-1.43895,-0.00126,-0.00052,-2e-05,-0.01295,0.05587,-1.41432,10,37.9108,362.9024,38.2957,178.1833,0.3177,-124.2252,0.0074,25.9848,0.6552
380,000380.png,False,1788794326.244567,1788794326.039867,normal_load,4,,2.0,0.01807,0.07581,-1.44171,-0.00056,-0.001,-0.00063,0.01385,0.06774,-1.46757,-0.00118,-0.00059,-6e-05,-0.01223,0.0516,-1.44284,10,37.9105,362.9047,38.2868,178.1824,0.3183,-124.2254,0.0006,25.976,0.664
381,000381.png,False,1788794326.448599,1788794326.243899,normal_load,4,,2.0,0.01956,0.08011,-1.47605,-0.00061,-0.00097,-0.00063,0.01533,0.07202,-1.50196,-0.00123,-0.00056,-6e-05,-0.01285,0.05551,-1.47726,10,37.9095,362.9042,38.274,178.1824,0.3183,-124.2252,0.0028,25.9632,0.6768
382,000382.png,False,1788794326.656600,1788794326.451900,normal_load,4,,2.0,0.01811,0.08009,-1.50601,-0.00057,-0.00103,-0.00066,0.01387,0.07199,-1.53197,-0.0012,-0.00062,-9e-05,-0.01389,0.05429,-1.50721,10,37.9118,362.903,38.2666,178.183,0.318,-124.2252,0.0096,25.9558,0.6842
383,000383.png,False,1788794326.860608,1788794326.655908,normal_load,4,,2.0,0.01811,0.08029,-1.55374,-0.00058,-0.00105,-0.00062,0.01387,0.07218,-1.57974,-0.0012,-0.00063,-4e-05,-0.01366,0.0537,-1.55493,10,37.9115,362.9023,38.2511,178.183,0.318,-124.2252,0.0073,25.9403,0.6997
384,000384.png,False,1788794327.068537,1788794326.863837,normal_load,4,,2.0,0.01779,0.07882,-1.5821,-0.00054,-0.00108,-0.00059,0.01354,0.07069,-1.60815,-0.00117,-0.00067,-1e-05,-0.013,0.05181,-1.58326,10,37.9121,362.8985,38.2402,178.1841,0.3169,-124.2252,0.0004,25.9294,0.7106
385,000385.png,False,1788794327.276546,1788794327.071846,normal_load,4,,2.0,0.01615,0.07517,-1.61977,-0.00045,-0.00119,-0.00061,0.0119,0.06703,-1.64586,-0.00107,-0.00077,-3e-05,-0.01234,0.04723,-1.62086,10,37.9114,362.901,38.2335,178.1833,0.3174,-124.2254,0.007,25.9227,0.7173
386,000386.png,False,1788794327.480653,1788794327.275953,normal_load,4,,2.0,0.0161,0.08208,-1.64776,-0.00058,-0.00112,-0.00052,0.01184,0.07393,-1.67389,-0.00121,-0.0007,5e-05,-0.01564,0.05274,-1.64896,10,37.9111,362.9032,38.2262,178.1827,0.3183,-124.2254,0.0101,25.9154,0.7246
387,000387.png,False,1788794327.688656,1788794327.483956,normal_load,4,,2.0,0.01807,0.08412,-1.68421,-0.00061,-0.0011,-0.0005,0.0138,0.07595,-1.71039,-0.00123,-0.00068,7e-05,-0.0147,0.05491,-1.68545,10,37.91,362.9041,38.2149,178.1824,0.3186,-124.225,0.0041,25.9042,0.7358
388,000388.png,False,1788794327.892713,1788794327.688013,normal_load,4,,2.0,0.01843,0.08585,-1.71776,-0.00066,-0.00114,-0.00061,0.01416,0.07766,-1.74398,-0.00129,-0.00072,-3e-05,-0.01502,0.05604,-1.71903,11,37.9108,362.9025,38.2043,178.1828,0.3178,-124.2252,0.0022,25.8935,0.7465
389,000389.png,False,1788794328.100601,1788794327.895901,normal_load,4,,2.0,0.01708,0.08254,-1.77143,-0.00054,-0.00119,-0.00044,0.0128,0.07434,-1.79769,-0.00117,-0.00077,0.00014,-0.01416,0.05164,-1.77262,10,37.9113,362.9033,38.1921,178.183,0.318,-124.2254,0.0041,25.8813,0.7587
390,000390.png,False,1788794328.308702,1788794328.104002,normal_load,4,,2.0,0.0182,0.08948,-1.81631,-0.00067,-0.00116,-0.00036,0.01392,0.08126,-1.84262,-0.0013,-0.00074,0.00021,-0.01634,0.05749,-1.81762,10,37.9109,362.9043,38.1827,178.1828,0.3181,-124.2254,0.0092,25.8719,0.7681
391,000391.png,False,1788794328.512753,1788794328.308053,normal_load,4,,2.0,0.01943,0.09072,-1.84956,-0.00063,-0.00117,-0.00027,0.01514,0.08249,-1.87591,-0.00126,-0.00075,0.00031,-0.01567,0.05865,-1.85089,11,37.9112,362.9033,38.1745,178.183,0.3177,-124.2254,0.007,25.8637,0.7763
392,000392.png,False,1788794328.720635,1788794328.515935,normal_load,4,,2.0,0.01981,0.09191,-1.87018,-0.00073,-0.00124,-0.00042,0.01551,0.08367,-1.89657,-0.00136,-0.00082,0.00016,-0.0158,0.05954,-1.87152,10,37.91,362.9031,38.1632,178.1828,0.3181,-124.2254,0.0006,25.8524,0.7876
393,000393.png,False,1788794329.340775,1788794329.136075,normal_load,4,,2.0,0.02095,0.0942,-1.90849,-0.00074,-0.0012,-0.00073,0.01663,0.08591,-1.93502,-0.00137,-0.00078,-0.00015,-0.01568,0.06148,-1.90988,10,37.9101,362.9055,38.1455,178.1822,0.3184,-124.2254,0.0074,25.8348,0.8052
394,000394.png,False,1788794329.544691,1788794329.339991,normal_load,4,,2.0,0.02307,0.0981,-1.94476,-0.00086,-0.00125,-0.00061,0.01874,0.08981,-1.97133,-0.0015,-0.00083,-3e-05,-0.01555,0.06534,-1.94621,10,37.9106,362.9082,38.1347,178.1813,0.3194,-124.2254,0.0058,25.824,0.816
395,000395.png,False,1788794329.752810,1788794329.548110,normal_load,4,,2.0,0.02194,0.10075,-1.99893,-0.00083,-0.00122,-0.00057,0.0176,0.09244,-2.02555,-0.00146,-0.0008,2e-05,-0.01747,0.0662,-2.00042,11,37.9089,362.9063,38.1247,178.1819,0.3188,-124.2252,0.0,25.814,0.826
396,000396.png,False,1788794329.956712,1788794329.752012,normal_load,4,,2.0,0.01877,0.09465,-2.03367,-0.00061,-0.00133,-0.00058,0.01443,0.08633,-2.06033,-0.00125,-0.0009,1e-05,-0.01693,0.05878,-2.03504,10,37.9121,362.9,38.1123,178.183,0.318,-124.2254,0.0025,25.8015,0.8385
397,000397.png,False,1788794330.164729,1788794329.960029,normal_load,4,,2.0,0.01645,0.08661,-2.06085,-0.0005,-0.00146,-0.00064,0.0121,0.07827,-2.08756,-0.00114,-0.00103,-5e-05,-0.01473,0.05022,-2.06207,10,37.9111,362.8985,38.1027,178.1832,0.3178,-124.2252,0.0088,25.7919,0.8481
398,000398.png,False,1788794330.988776,1788794330.784076,normal_unload,4,,0.0,0.0211,0.09543,-2.13508,-0.00068,-0.00146,-0.00054,0.01672,0.08704,-2.16197,-0.00132,-0.00103,5e-05,-0.0146,0.05899,-2.13646,10,37.9118,362.9019,38.0885,178.1825,0.3184,-124.2254,0.004,25.7777,0.8623
399,000399.png,False,1788794331.816946,1788794331.612246,normal_unload,4,,0.0,0.02004,0.09615,-2.14802,-0.00061,-0.00144,-0.00053,0.01563,0.08771,-2.17508,-0.00126,-0.00101,6e-05,-0.01579,0.05888,-2.1494,10,37.9124,362.9004,38.0845,178.1836,0.3177,-124.2256,0.0054,25.7736,0.8664
400,000400.png,False,1788794332.020968,1788794331.816268,normal_unload,4,,0.0,0.01753,0.08974,-2.14509,-0.00043,-0.00148,-0.00037,0.01312,0.08128,-2.17219,-0.00108,-0.00104,0.00023,-0.01478,0.05212,-2.14635,10,37.9126,362.8978,38.0908,178.1847,0.3162,-124.2258,0.0073,25.7799,0.8601
401,000401.png,False,1788794332.228974,1788794332.024274,normal_unload,4,,0.0,0.01422,0.08122,-2.1105,-0.00027,-0.00149,-0.00044,0.00979,0.07275,-2.13765,-0.00092,-0.00106,0.00016,-0.01364,0.04364,-2.11162,10,37.9115,362.8968,38.0981,178.185,0.3159,-124.2254,0.0062,25.7872,0.8528
402,000402.png,False,1788794332.436984,1788794332.232284,normal_unload,4,,0.0,0.01471,0.0789,-2.06723,-0.00025,-0.0015,-0.00042,0.01028,0.07041,-2.09442,-0.0009,-0.00107,0.00018,-0.01234,0.04257,-2.06831,10,37.9128,362.8945,38.11,178.1851,0.3158,-124.2256,0.0005,25.7991,0.8409
403,000403.png,False,1788794332.640963,1788794332.436263,normal_unload,4,,0.0,0.0161,0.08223,-1.98879,-0.00037,-0.00142,-0.0005,0.01166,0.07373,-2.01603,-0.00102,-0.00099,0.0001,-0.01336,0.04741,-1.98994,10,37.9125,362.8976,38.128,178.1844,0.3166,-124.2254,0.003,25.8171,0.8229
404,000404.png,False,1788794332.849000,1788794332.644300,normal_unload,4,,0.0,0.01752,0.08453,-1.92592,-0.0004,-0.00133,-0.00051,0.01307,0.07602,-1.9532,-0.00105,-0.0009,9e-05,-0.01371,0.05111,-1.92712,10,37.9123,362.8977,38.143,178.1839,0.317,-124.2258,0.01,25.8321,0.8079
405,000405.png,False,1788794333.053049,1788794332.848349,normal_unload,4,,0.0,0.01784,0.08386,-1.89528,-0.00044,-0.00137,-0.00042,0.01338,0.07533,-1.92261,-0.0011,-0.00093,0.00018,-0.01331,0.05118,-1.89649,11,37.9115,362.9002,38.1486,178.1833,0.3173,-124.2258,0.0073,25.8378,0.8022
406,000406.png,False,1788794333.261032,1788794333.056332,normal_unload,4,,0.0,0.02043,0.09023,-1.84016,-0.0006,-0.00123,-0.00055,0.01597,0.08168,-1.86752,-0.00126,-0.0008,5e-05,-0.01463,0.05887,-1.84148,10,37.9106,362.9043,38.1659,178.1821,0.3186,-124.2258,0.0047,25.8551,0.7849
407,000407.png,False,1788794333.881033,1788794333.676333,normal_unload,4,,0.0,0.01985,0.08715,-1.8038,-0.00049,-0.00131,-0.00035,0.01537,0.07857,-1.8313,-0.00115,-0.00087,0.00026,-0.01384,0.0565,-1.80508,10,37.9117,362.9008,38.1762,178.1831,0.3175,-124.2256,0.0099,25.8653,0.7747
408,000408.png,False,1788794334.089041,1788794333.884341,normal_unload,4,,0.0,0.01932,0.08495,-1.79413,-0.00045,-0.00124,-0.00026,0.01483,0.07635,-1.82168,-0.0011,-0.0008,0.00035,-0.01327,0.05448,-1.79537,10,37.9124,362.8996,38.1836,178.1841,0.3172,-124.2258,0.0034,25.8728,0.7672
409,000409.png,False,1788794334.293059,1788794334.088359,normal_unload,4,,0.0,0.01979,0.08419,-1.75041,-0.00051,-0.00122,-0.00034,0.01529,0.07557,-1.77799,-0.00117,-0.00078,0.00027,-0.01279,0.05476,-1.75164,11,37.9118,362.9009,38.1939,178.1833,0.3176,-124.2258,0.0014,25.8831,0.7569
410,000410.png,False,1788794334.501063,1788794334.296363,normal_unload,4,,0.0,0.01977,0.08279,-1.71264,-0.00045,-0.00123,-0.00042,0.01526,0.07416,-1.74027,-0.00111,-0.00079,0.00018,-0.01237,0.05414,-1.71385,10,37.9117,362.9011,38.2004,178.1834,0.3175,-124.2258,0.0047,25.8896,0.7504
411,000411.png,False,1788794334.913106,1788794334.708406,normal_unload,4,,0.0,0.01901,0.08267,-1.65465,-0.00041,-0.0011,-0.00058,0.01449,0.07402,-1.68237,-0.00107,-0.00066,3e-05,-0.01337,0.05459,-1.65587,11,37.9116,362.9008,38.2096,178.1836,0.3173,-124.2261,0.0067,25.8988,0.7412
412,000412.png,False,1788794335.121130,1788794334.916430,normal_unload,4,,0.0,0.02384,0.09083,-1.64029,-0.00072,-0.00108,-0.00053,0.01931,0.08216,-1.66805,-0.00139,-0.00064,8e-05,-0.01336,0.0643,-1.64166,10,37.9107,362.9069,38.2179,178.183,0.318,-124.2261,0.0017,25.9072,0.7328
413,000413.png,False,1788794335.533046,1788794335.328346,normal_unload,4,,0.0,0.023,0.09018,-1.58783,-0.00069,-0.00106,-0.00057,0.01846,0.08148,-1.61568,-0.00136,-0.00062,4e-05,-0.01412,0.06416,-1.5892,11,37.9108,362.9052,38.2296,178.1831,0.3178,-124.2265,0.006,25.9188,0.7212
414,000414.png,False,1788794335.737060,1788794335.532360,normal_unload,4,,0.0,0.02225,0.0882,-1.56595,-0.00068,-0.00109,-0.00057,0.01771,0.0795,-1.59385,-0.00135,-0.00064,4e-05,-0.01394,0.06243,-1.56729,10,37.9106,362.906,38.2375,178.183,0.3179,-124.2263,0.0094,25.9268,0.7132
415,000415.png,False,1788794335.945185,1788794335.740485,normal_unload,4,,0.0,0.02056,0.0831,-1.54817,-0.00056,-0.00106,-0.00049,0.01601,0.07437,-1.57611,-0.00123,-0.00062,0.00013,-0.01297,0.05744,-1.54941,10,37.9108,362.9042,38.2452,178.1833,0.3173,-124.2265,0.0045,25.9345,0.7055
416,000416.png,False,1788794336.357182,1788794336.152482,normal_unload,4,,0.0,0.02123,0.08061,-1.50382,-0.00052,-0.00109,-0.0005,0.01666,0.07186,-1.53185,-0.00119,-0.00064,0.00012,-0.01146,0.05633,-1.50503,10,37.9114,362.9006,38.2588,178.1839,0.317,-124.2265,0.004,25.948,0.692
417,000417.png,False,1788794336.565175,1788794336.360475,normal_unload,4,,0.0,0.02028,0.07608,-1.46491,-0.00039,-0.00105,-0.00066,0.0157,0.06732,-1.49298,-0.00106,-0.00061,-5e-05,-0.01029,0.05256,-1.46605,10,37.9119,362.9025,38.267,178.1836,0.3173,-124.2265,0.0099,25.9562,0.6838
418,000418.png,False,1788794336.977216,1788794336.772516,normal_unload,4,,0.0,0.02451,0.08263,-1.43532,-0.00065,-0.00097,-0.0006,0.01992,0.07384,-1.46348,-0.00132,-0.00052,2e-05,-0.01011,0.06082,-1.43659,10,37.9104,362.9069,38.2765,178.183,0.3176,-124.2267,0.0093,25.9657,0.6743
419,000419.png,False,1788794337.389237,1788794337.184537,normal_unload,4,,0.0,0.02495,0.08422,-1.40553,-0.00056,-0.00086,-0.00047,0.02034,0.0754,-1.43378,-0.00124,-0.00041,0.00015,-0.01072,0.06289,-1.40683,10,37.9118,362.9084,38.2906,178.1828,0.3181,-124.2267,0.0016,25.9799,0.6601
420,000420.png,False,1788794337.597254,1788794337.392554,normal_unload,4,,0.0,0.02396,0.08158,-1.36524,-0.00059,-0.00087,-0.0006,0.01935,0.07274,-1.39353,-0.00127,-0.00042,2e-05,-0.01054,0.06075,-1.36649,10,37.9105,362.9054,38.2979,178.1831,0.3175,-124.2267,0.0043,25.9872,0.6528
421,000421.png,False,1788794337.801282,1788794337.596582,normal_unload,4,,0.0,0.02348,0.07838,-1.32237,-0.00059,-0.00093,-0.00066,0.01886,0.06953,-1.35071,-0.00127,-0.00047,-4e-05,-0.00965,0.05843,-1.32357,10,37.9099,362.906,38.3102,178.183,0.3176,-124.2265,0.0062,25.9994,0.6406
422,000422.png,False,1788794338.009273,1788794337.804573,normal_unload,4,,0.0,0.02327,0.07964,-1.30108,-0.00048,-0.00086,-0.00064,0.01865,0.07078,-1.32946,-0.00116,-0.00041,-1e-05,-0.01061,0.05976,-1.30231,10,37.9119,362.9044,38.315,178.1834,0.3175,-124.2267,0.0082,26.0042,0.6358
423,000423.png,False,1788794338.421304,1788794338.216604,normal_unload,4,,0.0,0.02079,0.07356,-1.27771,-0.00041,-0.0009,-0.00045,0.01615,0.06468,-1.30618,-0.00109,-0.00044,0.00018,-0.00989,0.05363,-1.27884,10,37.911,362.9022,38.3297,178.1836,0.317,-124.2267,0.0017,26.0189,0.6211
424,000424.png,False,1788794338.833349,1788794338.628649,normal_unload,4,,0.0,0.02314,0.07522,-1.22341,-0.00044,-0.00089,-0.00069,0.01849,0.06631,-1.25197,-0.00112,-0.00043,-7e-05,-0.00906,0.05711,-1.22458,11,37.9113,362.9063,38.3417,178.1833,0.3173,-124.2269,0.0081,26.0309,0.6091
425,000425.png,False,1788794339.249358,1788794339.044658,normal_unload,4,,0.0,0.02505,0.07553,-1.18865,-0.00051,-0.00087,-0.00063,0.02038,0.06658,-1.2173,-0.00119,-0.00042,-0.0,-0.00779,0.05889,-1.18983,10,37.9124,362.9052,38.354,178.1836,0.3173,-124.2274,0.0017,26.0432,0.5968
426,000426.png,False,1788794339.453360,1788794339.248660,normal_unload,4,,0.0,0.02363,0.07313,-1.15476,-0.00042,-0.00076,-0.0007,0.01895,0.06417,-1.18345,-0.00111,-0.0003,-7e-05,-0.00806,0.05664,-1.1559,11,37.9118,362.905,38.3656,178.1836,0.3173,-124.2274,0.0159,26.0548,0.5852
427,000427.png,False,1788794339.661378,1788794339.456678,normal_unload,4,,0.0,0.02213,0.06941,-1.12011,-0.00036,-0.00084,-0.00067,0.01745,0.06044,-1.14884,-0.00104,-0.00039,-3e-05,-0.00774,0.05323,-1.12119,10,37.9117,362.9037,38.3764,178.1837,0.3168,-124.2273,0.009,26.0655,0.5745
428,000428.png,False,1788794340.281332,1788794340.076632,normal_unload,4,,0.0,0.02184,0.06844,-1.06185,-0.00036,-0.00081,-0.00055,0.01714,0.05943,-1.09072,-0.00105,-0.00035,9e-05,-0.00792,0.05318,-1.06292,10,37.9111,362.9037,38.3994,178.1836,0.3173,-124.2271,0.0063,26.0886,0.5514
429,000429.png,False,1788794340.693437,1788794340.488737,normal_unload,4,,0.0,0.0179,0.06307,-1.03852,-0.00019,-0.00081,-0.00045,0.01318,0.05403,-1.06748,-0.00089,-0.00035,0.00019,-0.0088,0.04693,-1.03949,10,37.9113,362.9016,38.4092,178.1844,0.3168,-124.2274,0.0111,26.0983,0.5417
430,000430.png,False,1788794340.897449,1788794340.692749,normal_unload,4,,0.0,0.01947,0.06426,-0.99144,-0.00025,-0.00081,-0.00063,0.01474,0.05521,-1.02044,-0.00094,-0.00035,0.0,-0.00837,0.0495,-0.99244,11,37.9125,362.9007,38.422,178.1837,0.3171,-124.2276,0.0088,26.1111,0.5289
431,000431.png,False,1788794341.105465,1788794340.900765,normal_unload,4,,0.0,0.02298,0.06965,-0.96948,-0.00047,-0.00071,-0.00061,0.01825,0.06058,-0.99852,-0.00116,-0.00024,2e-05,-0.00817,0.05627,-0.97058,10,37.9101,362.9101,38.4325,178.1827,0.3182,-124.2276,0.0018,26.1218,0.5182
432,000432.png,False,1788794341.725504,1788794341.520804,normal_unload,4,,0.0,0.02363,0.06791,-0.90181,-0.00039,-0.00068,-0.00053,0.01887,0.0588,-0.93098,-0.00109,-0.00022,0.00011,-0.00721,0.05617,-0.90289,10,37.9112,362.9055,38.4547,178.1842,0.3167,-124.2276,0.0064,26.1439,0.4961
433,000433.png,False,1788794341.929538,1788794341.724838,normal_unload,4,,0.0,0.01979,0.06029,-0.89308,-0.00013,-0.00072,-0.00048,0.01503,0.05117,-0.9223,-0.00083,-0.00026,0.00017,-0.00678,0.0478,-0.89403,10,37.9119,362.9017,38.4647,178.1851,0.3157,-124.2276,0.004,26.1539,0.4861
434,000434.png,False,1788794342.549554,1788794342.344854,normal_unload,4,,0.0,0.01988,0.05982,-0.8103,-0.00014,-0.00065,-0.0005,0.0151,0.05066,-0.83965,-0.00085,-0.00018,0.00014,-0.00705,0.04877,-0.81125,10,37.9118,362.9022,38.4916,178.1845,0.3164,-124.2276,0.0094,26.1807,0.4593
435,000435.png,False,1788794342.757569,1788794342.552869,normal_unload,4,,0.0,0.02487,0.06968,-0.79806,-0.00044,-0.00051,-0.0005,0.02007,0.0605,-0.82745,-0.00114,-4e-05,0.00014,-0.00774,0.05999,-0.79919,10,37.9098,362.911,38.5007,178.1834,0.3174,-124.2276,0.0076,26.19,0.45
436,000436.png,False,1788794342.961494,1788794342.756794,normal_unload,4,,0.0,0.02495,0.06781,-0.76629,-0.00042,-0.00052,-0.00056,0.02015,0.05862,-0.79573,-0.00113,-5e-05,9e-05,-0.00696,0.05892,-0.7674,10,37.9106,362.9093,38.5102,178.1834,0.3174,-124.2274,0.0052,26.1995,0.4405
437,000437.png,False,1788794343.169590,1788794342.964890,normal_unload,4,,0.0,0.02309,0.06521,-0.73298,-0.00035,-0.00053,-0.00063,0.01828,0.056,-0.76246,-0.00106,-6e-05,2e-05,-0.0075,0.05627,-0.73404,10,37.9117,362.9084,38.5181,178.1837,0.3171,-124.2278,0.0018,26.2073,0.4327
438,000438.png,False,1788794343.377643,1788794343.172943,normal_unload,4,,0.0,0.02359,0.06038,-0.69992,-0.00024,-0.00057,-0.00069,0.01877,0.05116,-0.72945,-0.00095,-0.0001,-5e-05,-0.00488,0.05286,-0.70091,10,37.9113,362.9067,38.5311,178.1837,0.3171,-124.2276,0.0084,26.2204,0.4196
439,000439.png,False,1788794343.581608,1788794343.376908,normal_unload,4,,0.0,0.02184,0.06242,-0.68263,-0.00021,-0.0005,-0.00057,0.01702,0.05319,-0.71221,-0.00091,-3e-05,8e-05,-0.00754,0.05404,-0.68366,10,37.9106,362.906,38.5392,178.1836,0.317,-124.2273,0.0091,26.2284,0.4116
440,000440.png,False,1788794343.789625,1788794343.584925,normal_unload,4,,0.0,0.02127,0.06108,-0.65364,-0.00022,-0.00051,-0.00063,0.01644,0.05183,-0.68325,-0.00093,-4e-05,2e-05,-0.00756,0.05305,-0.65464,10,37.9118,362.907,38.553,178.1836,0.3173,-124.2276,0.0029,26.2422,0.3978
441,000441.png,False,1788794343.993653,1788794343.788953,normal_unload,4,,0.0,0.02008,0.05755,-0.62737,-0.00011,-0.00052,-0.00068,0.01524,0.04829,-0.65703,-0.00082,-4e-05,-3e-05,-0.00701,0.04982,-0.62831,11,37.9118,362.9051,38.5626,178.1834,0.3171,-124.2276,0.0009,26.2518,0.3882
442,000442.png,False,1788794344.613672,1788794344.408972,normal_unload,4,,0.0,0.01929,0.05099,-0.59534,-4e-05,-0.00053,-0.00051,0.01444,0.04169,-0.62513,-0.00075,-5e-05,0.00015,-0.00463,0.04426,-0.59617,11,37.912,362.9033,38.5863,178.1837,0.3171,-124.2282,0.0095,26.2754,0.3646
443,000443.png,False,1788794345.025620,1788794344.820920,normal_unload,4,,0.0,0.01866,0.04818,-0.56091,7e-05,-0.00052,-0.00051,0.01379,0.03885,-0.59079,-0.00065,-4e-05,0.00015,-0.00402,0.04207,-0.56169,10,37.9128,362.8998,38.5992,178.1848,0.3157,-124.2282,0.0003,26.2883,0.3517
444,000444.png,False,1788794345.233722,1788794345.029022,normal_unload,4,,0.0,0.01916,0.04889,-0.53019,5e-05,-0.00046,-0.00058,0.01429,0.03955,-0.56011,-0.00067,2e-05,7e-05,-0.00415,0.04342,-0.53099,11,37.913,362.9017,38.6111,178.1843,0.3165,-124.2282,0.0067,26.3002,0.3398
445,000445.png,False,1788794345.441787,1788794345.237087,normal_unload,4,,0.0,0.01811,0.04849,-0.49138,2e-05,-0.00047,-0.00057,0.01323,0.03914,-0.52135,-0.0007,0.0,9e-05,-0.00513,0.04318,-0.49218,10,37.9132,362.9,38.6248,178.1848,0.316,-124.2282,0.0072,26.3139,0.3261
446,000446.png,False,1788794345.853861,1788794345.649161,normal_unload,4,,0.0,0.01919,0.0509,-0.45799,-2e-05,-0.00044,-0.00051,0.01429,0.04152,-0.48805,-0.00074,4e-05,0.00015,-0.00563,0.04634,-0.45885,11,37.911,362.9045,38.6456,178.1843,0.3165,-124.228,0.0021,26.3348,0.3052
447,000447.png,False,1788794346.057790,1788794345.853090,normal_unload,4,,0.0,0.02071,0.05133,-0.43546,-6e-05,-0.0004,-0.0005,0.0158,0.04194,-0.46556,-0.00078,8e-05,0.00017,-0.00469,0.04783,-0.43633,10,37.9111,362.9046,38.6589,178.1845,0.3163,-124.2282,0.0045,26.3481,0.2919
448,000448.png,False,1788794346.677845,1788794346.473145,normal_unload,4,,0.0,0.02295,0.05664,-0.38411,-0.00021,-0.00029,-0.00039,0.01802,0.04721,-0.41435,-0.00093,0.00019,0.00028,-0.00576,0.05437,-0.38508,10,37.9111,362.9124,38.686,178.1837,0.3174,-124.2284,0.0054,26.3753,0.2647
449,000449.png,False,1788794346.885835,1788794346.681135,normal_unload,4,,0.0,0.02158,0.05643,-0.35821,-0.00018,-0.00034,-0.00045,0.01664,0.04698,-0.38849,-0.0009,0.00014,0.00022,-0.00702,0.05391,-0.35918,10,37.9115,362.9095,38.6945,178.1839,0.317,-124.2282,0.001,26.3837,0.2563
450,000450.png,False,1788794347.089873,1788794346.885173,normal_unload,4,,0.0,0.02176,0.05173,-0.35112,-8e-05,-0.00037,-0.00039,0.01682,0.04227,-0.38144,-0.00081,0.00011,0.00027,-0.00457,0.05005,-0.352,10,37.9115,362.9086,38.7053,178.184,0.3168,-124.2282,0.0033,26.3945,0.2455
451,000451.png,False,1788794347.505858,1788794347.301158,normal_unload,4,,0.0,0.01919,0.04746,-0.30862,1e-05,-0.00034,-0.00039,0.01424,0.03797,-0.33904,-0.00072,0.00014,0.00028,-0.00495,0.04575,-0.30944,10,37.9123,362.9042,38.7277,178.1846,0.3162,-124.2284,0.0037,26.4168,0.2232
452,000452.png,False,1788794347.709873,1788794347.505173,normal_unload,4,,0.0,0.0156,0.04705,-0.28178,-2e-05,-0.00026,-0.00049,0.01064,0.03755,-0.31223,-0.00075,0.00023,0.00018,-0.00804,0.04403,-0.28258,10,37.911,362.9055,38.7432,178.1843,0.3165,-124.228,0.0014,26.4324,0.2076
453,000453.png,False,1788794348.121938,1788794347.917238,normal_unload,4,,0.0,0.01933,0.04565,-0.24961,3e-05,-0.00026,-0.00037,0.01436,0.03612,-0.28015,-0.0007,0.00022,0.0003,-0.00433,0.0452,-0.2504,10,37.9119,362.9062,38.7658,178.1843,0.3165,-124.2287,0.0077,26.455,0.185
454,000454.png,False,1788794348.329937,1788794348.125237,normal_unload,4,,0.0,0.01927,0.04433,-0.23063,6e-05,-0.00029,-0.00042,0.01429,0.03478,-0.26122,-0.00067,0.0002,0.00025,-0.00385,0.04433,-0.2314,10,37.9109,362.9055,38.7674,178.1845,0.3163,-124.2284,0.0073,26.4565,0.1835
455,000455.png,False,1788794348.741844,1788794348.537144,normal_unload,4,,0.0,0.01866,0.04367,-0.19618,0.0001,-0.00028,-0.00041,0.01366,0.03409,-0.22686,-0.00064,0.00021,0.00026,-0.00429,0.044,-0.19695,10,37.9116,362.9058,38.7924,178.1843,0.3162,-124.2289,0.0022,26.4816,0.1584
456,000456.png,False,1788794348.949935,1788794348.745235,normal_unload,4,,0.0,0.01897,0.04117,-0.16101,7e-05,-0.00029,-0.00058,0.01396,0.03158,-0.19173,-0.00066,0.0002,9e-05,-0.00302,0.04255,-0.16174,10,37.9119,362.9059,38.8046,178.1842,0.3163,-124.2289,0.0087,26.4938,0.1462
457,000457.png,False,1788794349.361984,1788794349.157284,normal_unload,4,,0.0,0.01898,0.04214,-0.13351,0.00021,-0.00018,-0.0005,0.01395,0.03252,-0.16432,-0.00053,0.00031,0.00017,-0.00369,0.04384,-0.13426,10,37.9111,362.9056,38.8333,178.1846,0.3162,-124.2287,0.0021,26.5225,0.1175
458,000458.png,False,1788794355.141972,1788794354.937272,normal_load,5,,2.0,0.02058,0.04236,-0.03954,0.0001,-0.00019,-0.00071,0.01536,0.03236,-0.07158,-0.00066,0.00032,-1e-05,-0.00306,0.04634,-0.04031,10,37.909,362.9178,38.9036,178.1834,0.3177,-124.2295,0.0069,26.5929,0.0471
459,000459.png,False,1788794356.794034,1788794356.589334,normal_load,5,,2.0,0.02031,0.04544,-0.18479,0.00011,-0.00024,-0.00056,0.01503,0.03533,-0.21719,-0.00067,0.00027,0.00015,-0.00383,0.04655,-0.18559,11,37.9106,362.9153,38.8147,178.1842,0.3166,-124.2297,0.0048,26.504,0.136
460,000460.png,False,1788794358.030034,1788794357.825334,normal_load,5,,2.0,0.02144,0.05217,-0.31982,-5e-05,-0.00031,-0.00052,0.01612,0.04197,-0.35248,-0.00083,0.00022,0.0002,-0.00527,0.05077,-0.32072,11,37.9086,362.9193,38.734,178.1834,0.3174,-124.23,0.0025,26.4234,0.2166
461,000461.png,False,1788794358.445986,1788794358.241286,normal_load,5,,2.0,0.02179,0.05406,-0.37583,-6e-05,-0.00035,-0.00062,0.01645,0.04384,-0.40858,-0.00084,0.00017,0.0001,-0.00553,0.05169,-0.37676,10,37.9078,362.9207,38.7018,178.183,0.3175,-124.2302,0.0042,26.3912,0.2488
462,000462.png,False,1788794358.650008,1788794358.445308,normal_load,5,,2.0,0.02,0.05677,-0.42488,-0.00011,-0.00036,-0.00039,0.01465,0.04653,-0.45767,-0.00089,0.00016,0.00033,-0.00809,0.05235,-0.42584,10,37.9079,362.9204,38.684,178.183,0.3175,-124.2302,0.0015,26.3735,0.2665
463,000463.png,False,1788794359.062016,1788794358.857316,normal_load,5,,2.0,0.02071,0.05467,-0.46146,-9e-05,-0.00043,-0.00067,0.01535,0.04441,-0.49434,-0.00087,0.0001,5e-05,-0.00617,0.05031,-0.46238,10,37.9095,362.9214,38.6584,178.1828,0.318,-124.23,0.0005,26.3479,0.2921
464,000464.png,False,1788794359.269991,1788794359.065291,normal_load,5,,2.0,0.02285,0.06223,-0.48468,-0.00027,-0.00045,-0.00064,0.01748,0.05196,-0.51761,-0.00106,7e-05,8e-05,-0.00794,0.05755,-0.48573,10,37.908,362.9238,38.6469,178.1819,0.3186,-124.2298,0.0076,26.3364,0.3036
465,000465.png,False,1788794359.477976,1788794359.273276,normal_load,5,,2.0,0.02226,0.06058,-0.52137,-0.00025,-0.0005,-0.0005,0.01688,0.05029,-0.55434,-0.00104,3e-05,0.00022,-0.00737,0.05524,-0.52239,10,37.9083,362.9222,38.6337,178.1824,0.3185,-124.2298,0.0057,26.3232,0.3168
466,000466.png,False,1788794360.301924,1788794360.097224,normal_load,5,,2.0,0.02192,0.06831,-0.67037,-0.00032,-0.0005,-0.0005,0.01652,0.05796,-0.70352,-0.00111,3e-05,0.00023,-0.01049,0.05938,-0.6715,10,37.9093,362.9256,38.5689,178.1816,0.3192,-124.2302,0.0062,26.2584,0.3816
467,000467.png,False,1788794360.713857,1788794360.509157,normal_load,5,,2.0,0.02111,0.0663,-0.75326,-0.00029,-0.00062,-0.00041,0.01569,0.05592,-0.7865,-0.00108,-9e-05,0.00032,-0.00962,0.0559,-0.75434,11,37.9092,362.9213,38.5439,178.1825,0.3183,-124.23,0.0039,26.2334,0.4066
468,000468.png,False,1788794361.125972,1788794360.921272,normal_load,5,,2.0,0.02086,0.06526,-0.80329,-0.00022,-0.00063,-0.00041,0.01543,0.05485,-0.83661,-0.00102,-0.0001,0.00032,-0.00897,0.05407,-0.80434,10,37.9093,362.9206,38.5203,178.1825,0.3183,-124.23,0.0063,26.2098,0.4302
469,000469.png,False,1788794361.333941,1788794361.129241,normal_load,5,,2.0,0.0212,0.06775,-0.84407,-0.00028,-0.00065,-0.00039,0.01577,0.05733,-0.87743,-0.00108,-0.00012,0.00034,-0.00963,0.05575,-0.84516,11,37.9083,362.9209,38.5061,178.1825,0.3183,-124.2298,0.0006,26.1956,0.4444
470,000470.png,False,1788794361.541932,1788794361.337232,normal_load,5,,2.0,0.02192,0.07088,-0.87439,-0.00036,-0.00065,-0.00043,0.01647,0.06045,-0.90779,-0.00116,-0.00011,0.0003,-0.01037,0.05834,-0.87552,10,37.909,362.9206,38.4907,178.1819,0.3189,-124.23,0.0075,26.1802,0.4598
471,000471.png,False,1788794361.745945,1788794361.541245,normal_load,5,,2.0,0.01975,0.06599,-0.9203,-0.00018,-0.00072,-0.00038,0.01429,0.05554,-0.95375,-0.00098,-0.00018,0.00035,-0.00948,0.05227,-0.92134,10,37.9084,362.9173,38.474,178.1827,0.3179,-124.2295,0.01,26.1634,0.4766
472,000472.png,False,1788794361.953959,1788794361.749259,normal_load,5,,2.0,0.01955,0.06404,-0.94478,-0.00015,-0.00079,-0.00053,0.01409,0.05358,-0.97828,-0.00095,-0.00026,0.00021,-0.00851,0.0501,-0.94579,11,37.9099,362.917,38.46,178.1827,0.3178,-124.23,0.0038,26.1494,0.4906
473,000473.png,False,1788794362.157953,1788794361.953253,normal_load,5,,2.0,0.02145,0.06983,-0.97137,-0.00033,-0.00075,-0.00053,0.01598,0.05936,-1.00491,-0.00113,-0.00022,0.0002,-0.00958,0.05564,-0.97248,10,37.9097,362.9203,38.4521,178.1824,0.3185,-124.23,0.001,26.1416,0.4984
474,000474.png,False,1788794362.365945,1788794362.161245,normal_load,5,,2.0,0.02265,0.07701,-1.0029,-0.00041,-0.00068,-0.00051,0.01717,0.06652,-1.03648,-0.00121,-0.00015,0.00023,-0.01191,0.06194,-1.00412,10,37.9081,362.924,38.4414,178.1816,0.3192,-124.2298,0.0054,26.1309,0.5091
475,000475.png,False,1788794362.573946,1788794362.369246,normal_load,5,,2.0,0.02297,0.07686,-1.02699,-0.00042,-0.00073,-0.00057,0.01749,0.06636,-1.06062,-0.00123,-0.0002,0.00016,-0.01138,0.06159,-1.02821,11,37.9072,362.9239,38.4288,178.1824,0.3182,-124.2297,0.008,26.1183,0.5217
476,000476.png,False,1788794362.985888,1788794362.781188,normal_load,5,,2.0,0.02341,0.07768,-1.124,-0.00041,-0.00083,-0.00052,0.01791,0.06716,-1.15772,-0.00121,-0.00029,0.00023,-0.01074,0.06097,-1.12522,10,37.9092,362.9234,38.3975,178.1824,0.3184,-124.2304,0.001,26.0871,0.5529
477,000477.png,False,1788794363.397901,1788794363.193201,normal_load,5,,2.0,0.025,0.08327,-1.18025,-0.0005,-0.00081,-0.00059,0.01949,0.07272,-1.21405,-0.00131,-0.00027,0.00015,-0.01176,0.0657,-1.18156,10,37.9072,362.9254,38.3756,178.1816,0.3189,-124.23,0.0094,26.0651,0.5749
478,000478.png,False,1788794363.605801,1788794363.401101,normal_load,5,,2.0,0.02585,0.08482,-1.18926,-0.00062,-0.00087,-0.00074,0.02033,0.07426,-1.22311,-0.00143,-0.00033,0.0,-0.01174,0.06733,-1.1906,10,37.9093,362.9229,38.3623,178.1821,0.3188,-124.2304,0.0026,26.0518,0.5882
479,000479.png,False,1788794363.809914,1788794363.605214,normal_load,5,,2.0,0.02573,0.08676,-1.24024,-0.00069,-0.00083,-0.00073,0.0202,0.07618,-1.27413,-0.0015,-0.00029,2e-05,-0.01246,0.06812,-1.24161,11,37.907,362.9253,38.3485,178.1813,0.3192,-124.23,0.0004,26.038,0.602
480,000480.png,False,1788794364.017887,1788794363.813187,normal_load,5,,2.0,0.02329,0.08448,-1.31128,-0.00053,-0.00091,-0.00044,0.01776,0.07389,-1.34522,-0.00134,-0.00037,0.0003,-0.01294,0.0638,-1.31259,10,37.9073,362.9234,38.335,178.1817,0.3188,-124.2302,0.0073,26.0246,0.6154
481,000481.png,False,1788794364.225842,1788794364.021142,normal_load,5,,2.0,0.02434,0.08961,-1.3355,-0.00064,-0.0009,-0.00059,0.0188,0.079,-1.36949,-0.00145,-0.00035,0.00015,-0.01443,0.06838,-1.3369,10,37.9092,362.922,38.3206,178.1821,0.3191,-124.2304,0.0067,26.0101,0.6299
482,000482.png,False,1788794364.637778,1788794364.433078,normal_load,5,,2.0,0.0214,0.08262,-1.38378,-0.00047,-0.00101,-0.00062,0.01585,0.07199,-1.41785,-0.00129,-0.00047,0.00013,-0.01315,0.06008,-1.38504,10,37.909,362.9225,38.3085,178.1817,0.3188,-124.2304,0.0046,25.9981,0.6419
483,000483.png,False,1788794364.841854,1788794364.637154,normal_load,5,,2.0,0.02381,0.08538,-1.40721,-0.00058,-0.00104,-0.00066,0.01825,0.07473,-1.44132,-0.00139,-0.0005,9e-05,-0.01228,0.06329,-1.40852,10,37.9074,362.923,38.2959,178.1813,0.3192,-124.23,0.0019,25.9855,0.6545
484,000484.png,False,1788794365.049882,1788794364.845182,normal_load,5,,2.0,0.02571,0.09325,-1.46518,-0.00072,-0.00099,-0.00053,0.02014,0.08258,-1.49934,-0.00154,-0.00045,0.00022,-0.01416,0.07013,-1.46662,11,37.9073,362.9266,38.2844,178.1808,0.32,-124.2302,0.0044,25.974,0.666
485,000485.png,False,1788794365.257766,1788794365.053066,normal_load,5,,2.0,0.02437,0.09186,-1.50311,-0.00067,-0.00105,-0.00049,0.01879,0.08118,-1.53731,-0.00149,-0.0005,0.00027,-0.01437,0.06765,-1.50452,10,37.9075,362.924,38.274,178.1815,0.3194,-124.2298,0.0091,25.9635,0.6765
486,000486.png,False,1788794365.461910,1788794365.257210,normal_load,5,,2.0,0.02543,0.09533,-1.52158,-0.00071,-0.00102,-0.00067,0.01984,0.08464,-1.55582,-0.00153,-0.00047,8e-05,-0.01506,0.07089,-1.52305,10,37.9075,362.9252,38.2608,178.1812,0.3197,-124.23,0.0061,25.9504,0.6896
487,000487.png,False,1788794365.873848,1788794365.669148,normal_load,5,,2.0,0.02809,0.10081,-1.5925,-0.00089,-0.00109,-0.00076,0.02249,0.0901,-1.62683,-0.00171,-0.00054,-0.0,-0.015,0.07584,-1.59406,11,37.9069,362.9288,38.2358,178.1807,0.3202,-124.23,0.0032,25.9254,0.7146
488,000488.png,False,1788794366.081810,1788794365.877110,normal_load,5,,2.0,0.02687,0.10016,-1.6373,-0.00082,-0.0011,-0.00061,0.02127,0.08942,-1.67168,-0.00164,-0.00055,0.00014,-0.01541,0.07394,-1.63884,10,37.9074,362.9259,38.2267,178.1815,0.3194,-124.23,0.0012,25.9163,0.7237
489,000489.png,False,1788794366.493829,1788794366.289129,normal_load,5,,2.0,0.02804,0.10482,-1.67135,-0.0009,-0.00109,-0.00083,0.02242,0.09406,-1.70581,-0.00172,-0.00054,-8e-05,-0.0165,0.07802,-1.67297,11,37.9068,362.9301,38.2127,178.1804,0.3202,-124.23,0.0097,25.9024,0.7376
490,000490.png,False,1788794366.701832,1788794366.497132,normal_load,5,,2.0,0.027,0.1052,-1.69448,-0.00092,-0.00112,-0.00083,0.02137,0.09443,-1.72899,-0.00174,-0.00056,-7e-05,-0.01743,0.07746,-1.6961,10,37.9076,362.9317,38.2041,178.1803,0.3206,-124.2302,0.0033,25.8937,0.7463
491,000491.png,False,1788794366.905808,1788794366.701108,normal_load,5,,2.0,0.02881,0.10987,-1.73549,-0.00102,-0.00112,-0.00075,0.02318,0.09908,-1.77005,-0.00185,-0.00057,1e-05,-0.0179,0.08175,-1.73719,10,37.9082,362.9287,38.1933,178.1807,0.3202,-124.2302,0.001,25.883,0.757
492,000492.png,False,1788794367.113816,1788794366.909116,normal_load,5,,2.0,0.02837,0.10962,-1.80121,-0.00096,-0.00116,-0.00055,0.02274,0.09882,-1.83581,-0.00178,-0.00061,0.00021,-0.0177,0.08026,-1.8029,11,37.9069,362.9312,38.1789,178.1807,0.3202,-124.2302,0.006,25.8686,0.7714
493,000493.png,False,1788794367.525726,1788794367.321026,normal_load,5,,2.0,0.02647,0.1124,-1.8914,-0.0009,-0.00113,-0.00055,0.02082,0.10157,-1.92609,-0.00173,-0.00058,0.00021,-0.02011,0.08028,-1.89312,10,37.9073,362.9295,38.157,178.1808,0.32,-124.2304,0.0151,25.8467,0.7933
494,000494.png,False,1788794367.937718,1788794367.733018,normal_load,5,,2.0,0.02671,0.10855,-1.91719,-0.00089,-0.00125,-0.00069,0.02104,0.0977,-1.95197,-0.00172,-0.00069,7e-05,-0.01781,0.07665,-1.91884,10,37.9102,362.9202,38.1435,178.1816,0.3195,-124.2304,0.0006,25.833,0.807
495,000495.png,False,1788794368.353708,1788794368.149008,normal_load,5,,2.0,0.02429,0.10219,-1.98136,-0.00065,-0.00136,-0.00065,0.01861,0.09131,-2.01622,-0.00149,-0.00081,0.00011,-0.01628,0.0689,-1.98288,11,37.9087,362.9226,38.1267,178.1812,0.3194,-124.2306,0.007,25.8163,0.8237
496,000496.png,False,1788794368.557704,1788794368.353004,normal_load,5,,2.0,0.02545,0.10876,-2.01853,-0.0008,-0.00136,-0.00064,0.01976,0.09787,-2.05344,-0.00164,-0.00081,0.00013,-0.0183,0.07458,-2.02016,10,37.9082,362.9277,38.1156,178.1804,0.3205,-124.2309,0.0039,25.8053,0.8347
497,000497.png,False,1788794368.765702,1788794368.561002,normal_load,5,,2.0,0.02727,0.11225,-2.05212,-0.00091,-0.00134,-0.00068,0.02158,0.10134,-2.08707,-0.00174,-0.00078,9e-05,-0.01823,0.07797,-2.05381,10,37.9084,362.9258,38.1064,178.1805,0.32,-124.2308,0.0027,25.796,0.844
498,000498.png,False,1788794368.969810,1788794368.765110,normal_load,5,,2.0,0.02562,0.1099,-2.08652,-0.00086,-0.00135,-0.00067,0.01991,0.09897,-2.12151,-0.00169,-0.0008,0.0001,-0.01825,0.07455,-2.08816,11,37.9074,362.9275,38.0983,178.1807,0.3202,-124.2306,0.0058,25.7879,0.8521
499,000499.png,False,1788794369.177815,1788794368.973115,normal_load,5,,2.0,0.0343,0.13018,-2.14214,-0.00136,-0.00127,-0.00071,0.02859,0.11924,-2.17718,-0.0022,-0.00071,6e-05,-0.02048,0.09557,-2.14414,10,37.9068,362.9346,38.0805,178.1789,0.322,-124.2311,0.0077,25.7703,0.8697
500,000500.png,False,1788794369.385813,1788794369.181113,normal_load,5,,2.0,0.03188,0.12803,-2.18418,-0.00121,-0.00129,-0.00065,0.02616,0.11708,-2.21927,-0.00205,-0.00073,0.00013,-0.02121,0.09182,-2.18613,10,37.9061,362.9306,38.0736,178.1796,0.3209,-124.2309,0.0006,25.7633,0.8767
501,000501.png,False,1788794395.597358,1788794395.392658,shear_+X_out,1,+X,0.5,0.00619,0.04384,-1.18058,0.00062,-0.00137,-0.00065,-0.00085,0.0307,-1.22023,-0.00035,-0.00071,0.00023,-0.00835,0.02215,-1.18117,10,37.9058,362.9488,38.3833,178.1761,0.3247,-124.235,0.0064,26.0733,0.5667
502,000502.png,False,1788794395.805336,1788794395.600636,shear_+X_out,1,+X,0.5,0.01238,0.05805,-1.18728,0.00022,-0.00124,-0.00079,0.0053,0.04486,-1.22688,-0.00075,-0.00058,9e-05,-0.01005,0.03745,-1.18813,10,37.9023,362.9635,38.3747,178.176,0.3249,-124.2333,0.0002,26.0649,0.5751
503,000503.png,False,1788794396.009331,1788794395.804631,shear_+X_out,1,+X,0.5,0.02934,0.08184,-1.1892,-0.00031,-0.00081,-0.00078,0.02222,0.0686,-1.22875,-0.00128,-0.00015,9e-05,-0.00723,0.06649,-1.1905,11,37.9136,362.9772,38.375,178.1754,0.3257,-124.2311,0.0026,26.0653,0.5747
504,000504.png,False,1788794396.217324,1788794396.012625,shear_+X_out,1,+X,0.5,0.09249,0.07352,-1.18816,-0.00015,0.00082,-0.00063,0.08532,0.06022,-1.22765,-0.00112,0.00148,0.00025,0.05162,0.09085,-1.18943,10,37.9593,362.993,38.3791,178.1747,0.3267,-124.232,0.0092,26.0694,0.5706
505,000505.png,False,1788794396.425332,1788794396.220632,shear_+X_out,1,+X,0.5,0.1621,0.05511,-1.18213,0.00034,0.00265,-0.00055,0.15489,0.04176,-1.22156,-0.00063,0.00331,0.00033,0.12108,0.10979,-1.18323,10,38.0015,363.0084,38.3831,178.175,0.3265,-124.2363,0.0045,26.0734,0.5666
506,000506.png,False,1788794396.629357,1788794396.424657,shear_+X_out,1,+X,0.5,0.20409,0.05258,-1.13946,0.00038,0.0038,-0.00085,0.19683,0.03918,-1.17884,-0.00059,0.00447,2e-05,0.15841,0.12926,-1.14061,11,38.0241,363.0213,38.3839,178.1759,0.3254,-124.235,0.0021,26.0742,0.5658
507,000507.png,False,1788794396.837309,1788794396.632609,shear_+X_out,1,+X,0.5,0.23582,0.05316,-1.15342,0.00043,0.00465,-0.0008,0.2285,0.0397,-1.19275,-0.00054,0.00532,7e-05,0.1857,0.14539,-1.15464,10,38.0486,363.0315,38.3798,178.1769,0.3243,-124.2352,0.0039,26.0701,0.5699
508,000508.png,False,1788794397.041234,1788794396.836534,shear_+X_out,1,+X,0.5,0.27831,0.05012,-1.15172,0.0005,0.00569,-0.00083,0.27096,0.0366,-1.191,-0.00048,0.00636,4e-05,0.22402,0.16402,-1.15297,10,38.0838,363.0471,38.3793,178.1769,0.3248,-124.2352,0.0069,26.0696,0.5704
509,000509.png,False,1788794398.073297,1788794397.868597,shear_+X_out,1,+X,0.5,0.31726,0.05063,-1.158,0.00044,0.00671,-0.00082,0.30968,0.03684,-1.19701,-0.00054,0.00738,5e-05,0.25755,0.18382,-1.15934,10,38.1189,363.0686,38.3736,178.1768,0.3239,-124.235,0.0098,26.0639,0.5761
510,000510.png,False,1788794399.521302,1788794399.316602,shear_+X_out,1,+X,0.5,0.33202,0.06965,-1.2984,9e-05,0.00707,-0.00052,0.32412,0.05548,-1.33703,-0.00089,0.00776,0.00034,0.26181,0.20543,-1.30008,10,38.1381,363.0854,38.3386,178.1753,0.3256,-124.235,0.0083,26.0291,0.6109
511,000511.png,False,1788794399.725318,1788794399.520618,shear_+X_out,1,+X,0.5,0.36383,0.05922,-1.31044,0.00042,0.00787,-0.00059,0.35588,0.045,-1.34902,-0.00056,0.00856,0.00027,0.29465,0.21209,-1.312,10,38.1584,363.0894,38.3342,178.1756,0.3251,-124.2356,0.0092,26.0247,0.6153
512,000512.png,False,1788794399.933263,1788794399.728563,shear_+X_out,1,+X,0.5,0.40754,0.0576,-1.31555,0.00042,0.00901,-0.00051,0.39955,0.04332,-1.35407,-0.00057,0.0097,0.00035,0.33337,0.23245,-1.31716,10,38.1859,363.111,38.3361,178.1744,0.3265,-124.2346,0.0027,26.0268,0.6132
513,000513.png,False,1788794400.137255,1788794399.932555,shear_+X_out,1,+X,0.5,0.44834,0.06441,-1.2944,0.00019,0.01008,-0.00057,0.4403,0.05007,-1.33287,-0.0008,0.01077,0.00029,0.36515,0.25907,-1.29622,10,38.2137,363.1238,38.3406,178.175,0.326,-124.2365,0.0006,26.0312,0.6088
514,000514.png,False,1788794400.345268,1788794400.140568,shear_+X_out,1,+X,0.5,0.47787,0.06079,-1.30684,0.0003,0.0108,-0.00044,0.46979,0.0464,-1.34526,-0.00069,0.0115,0.00042,0.39263,0.27049,-1.30865,10,38.2325,363.1351,38.3378,178.1755,0.3256,-124.2363,0.0061,26.0285,0.6115
515,000515.png,False,1788794400.553266,1788794400.348566,shear_+X_out,1,+X,0.5,0.49819,0.07214,-1.30786,-1e-05,0.01141,-0.00045,0.49006,0.0577,-1.34623,-0.001,0.01211,0.0004,0.40456,0.29046,-1.30991,10,38.2456,363.1491,38.3379,178.1763,0.325,-124.2346,0.0074,26.0287,0.6113
516,000516.png,False,1788794400.757253,1788794400.552553,shear_+X_out,1,+X,0.5,0.5133,0.07828,-1.29217,-0.00012,0.01188,-0.00056,0.50512,0.06378,-1.33048,-0.00111,0.01258,0.00029,0.41447,0.30357,-1.29436,10,38.2622,363.1616,38.3394,178.1765,0.3249,-124.2339,0.0044,26.0303,0.6097
517,000517.png,False,1788794401.169255,1788794400.964556,shear_+X_out,1,+X,0.5,0.56741,0.05975,-1.28599,0.00037,0.01331,-0.00058,0.55914,0.04514,-1.3242,-0.00062,0.01401,0.00027,0.47056,0.31466,-1.28797,11,38.3034,363.1704,38.3401,178.1774,0.3242,-124.235,0.0057,26.0309,0.6091
518,000518.png,False,1788794401.585230,1788794401.380530,shear_+X_back,1,+X,0.0,0.54738,0.05956,-1.27001,0.00037,0.01273,-0.00068,0.53902,0.04484,-1.3081,-0.00063,0.01343,0.00018,0.45319,0.30475,-1.27194,10,38.3048,363.1733,38.3404,178.1773,0.324,-124.2356,0.0004,26.0312,0.6088
519,000519.png,False,1788794401.789158,1788794401.584458,shear_+X_back,1,+X,0.0,0.54094,0.06323,-1.28706,0.00029,0.01263,-0.00052,0.53254,0.04845,-1.3251,-0.0007,0.01333,0.00033,0.4459,0.30443,-1.28904,11,38.3042,363.1736,38.3417,178.1769,0.324,-124.2354,0.0002,26.0325,0.6075
520,000520.png,False,1788794401.997153,1788794401.792453,shear_+X_back,1,+X,0.0,0.49463,-0.01639,-1.29144,0.00229,0.0114,-0.00072,0.48618,-0.03122,-1.32943,0.00129,0.0121,0.00014,0.4456,0.21227,-1.29195,10,38.2979,363.1127,38.3254,178.181,0.3194,-124.2454,0.0072,26.0153,0.6247
521,000521.png,False,1788794402.201157,1788794401.996457,shear_+X_back,1,+X,0.0,0.3505,0.0061,-1.31177,0.00172,0.00756,-0.00083,0.342,-0.00878,-1.3497,0.00072,0.00827,3e-05,0.30965,0.1594,-1.31237,10,38.2053,363.0793,38.3166,178.1834,0.3163,-124.2426,0.0098,26.0066,0.6334
522,000522.png,False,1788794402.409158,1788794402.204458,shear_+X_back,1,+X,0.0,0.19821,0.02156,-1.35925,0.00133,0.0035,-0.00065,0.18967,0.00663,-1.39713,0.00034,0.00421,0.00021,0.17035,0.09594,-1.35981,11,38.1118,363.0511,38.317,178.1844,0.3151,-124.2412,0.003,26.0071,0.6329
523,000523.png,False,1788794402.617145,1788794402.412445,shear_+X_back,1,+X,0.0,0.08859,0.08184,-1.28961,-0.00011,0.00068,-0.00057,0.08,0.06684,-1.32743,-0.00111,0.0014,0.00028,0.04479,0.09448,-1.29101,10,38.0268,363.0398,38.3641,178.1807,0.3183,-124.243,0.0039,26.0547,0.5853
524,000524.png,False,1788794402.821151,1788794402.616452,shear_+X_back,1,+X,0.0,0.02685,0.08787,-1.12822,-0.00037,-0.0009,-0.00047,0.01822,0.07283,-1.16599,-0.00137,-0.00019,0.00038,-0.01283,0.07145,-1.12963,10,37.9826,363.0099,38.4064,178.1766,0.3222,-124.2461,0.0,26.0968,0.5432
525,000525.png,False,1788794403.029140,1788794402.824440,shear_+X_back,1,+X,0.0,-0.04118,-0.00775,-1.07854,0.00213,-0.00268,-0.00056,-0.04986,-0.02285,-1.11626,0.00113,-0.00197,0.00029,-0.02432,-0.04457,-1.07816,11,37.9594,362.9119,38.3882,178.1773,0.3213,-124.2532,0.0005,26.0772,0.5628
526,000526.png,False,1788794403.441135,1788794403.236435,shear_+X_back,1,+X,0.0,-0.0417,0.13249,-1.19363,-0.00153,-0.00285,-0.00076,-0.05047,0.11728,-1.23124,-0.00253,-0.00213,9e-05,-0.09405,0.07479,-1.19566,10,37.9124,362.9237,38.3752,178.1786,0.3194,-124.2504,0.0018,26.0647,0.5753
527,000527.png,False,1788794403.649218,1788794403.444518,shear_-X_out,1,-X,0.5,-0.08148,-0.01296,-1.16657,0.00225,-0.00389,-0.00066,-0.09029,-0.02822,-1.20413,0.00125,-0.00317,0.00018,-0.05601,-0.07062,-1.16601,11,37.9112,362.9331,38.3801,178.1801,0.3179,-124.251,0.0055,26.0697,0.5703
528,000528.png,False,1788794403.853207,1788794403.648507,shear_-X_out,1,-X,0.5,-0.06051,0.04923,-1.12983,0.00072,-0.00318,-0.00074,-0.06937,0.03391,-1.16734,-0.00028,-0.00246,0.00011,-0.06917,-0.00569,-1.13039,10,37.9029,362.9372,38.382,178.1795,0.3184,-124.2536,0.0083,26.0717,0.5683
529,000529.png,False,1788794404.061124,1788794403.856424,shear_-X_out,1,-X,0.5,-0.09492,0.05098,-1.15127,0.00056,-0.00422,-0.00061,-0.10383,0.0356,-1.18872,-0.00045,-0.0035,0.00023,-0.09971,-0.02172,-1.15179,10,37.8688,362.9265,38.3784,178.1807,0.3173,-124.2521,0.0051,26.0683,0.5717
530,000530.png,False,1788794404.265127,1788794404.060427,shear_-X_out,1,-X,0.5,-0.15166,0.06603,-1.18008,0.00028,-0.00564,-0.00057,-0.16061,0.0506,-1.21748,-0.00073,-0.00491,0.00027,-0.15618,-0.0375,-1.18074,10,37.8375,362.9142,38.3771,178.1811,0.3167,-124.2517,0.0025,26.067,0.573
531,000531.png,False,1788794404.473202,1788794404.268502,shear_-X_out,1,-X,0.5,-0.19635,0.0578,-1.16542,0.0004,-0.00695,-0.00064,-0.20535,0.04231,-1.20276,-0.0006,-0.00622,0.0002,-0.19088,-0.06672,-1.16585,10,37.8076,362.8917,38.3773,178.1808,0.3172,-124.2504,0.0042,26.067,0.573
532,000532.png,False,1788794404.681226,1788794404.476526,shear_-X_out,1,-X,0.5,-0.23213,0.03788,-1.18471,0.00099,-0.00791,-0.00056,-0.24117,0.02234,-1.222,-2e-05,-0.00718,0.00028,-0.21179,-0.10216,-1.18472,10,37.7827,362.864,38.3763,178.1813,0.316,-124.2515,0.0096,26.0658,0.5742
533,000533.png,False,1788794404.885216,1788794404.680516,shear_-X_out,1,-X,0.5,-0.26678,0.03913,-1.19586,0.00095,-0.00873,-0.0006,-0.27587,0.02353,-1.2331,-6e-05,-0.008,0.00024,-0.24235,-0.11857,-1.19583,10,37.7548,362.8535,38.3723,178.1798,0.3178,-124.2513,0.0073,26.0618,0.5782
534,000534.png,False,1788794405.093184,1788794404.888484,shear_-X_out,1,-X,0.5,-0.3013,0.04518,-1.18038,0.00086,-0.00969,-0.00058,-0.31043,0.02953,-1.21756,-0.00014,-0.00896,0.00026,-0.27538,-0.13033,-1.18038,10,37.73,362.8384,38.3816,178.1795,0.3182,-124.2517,0.0008,26.071,0.569
535,000535.png,False,1788794406.125220,1788794405.920520,shear_-X_out,1,-X,0.5,-0.32271,0.05881,-1.19188,0.00041,-0.01036,-0.00042,-0.33207,0.04288,-1.22879,-0.0006,-0.00962,0.00042,-0.30065,-0.12941,-1.19207,10,37.6869,362.8246,38.3789,178.1779,0.3199,-124.2506,0.0018,26.0684,0.5716
536,000536.png,False,1788794407.569169,1788794407.364469,shear_-X_out,1,-X,0.5,-0.31379,0.04291,-1.27652,0.0009,-0.01024,-0.00062,-0.32347,0.0266,-1.31305,-0.00012,-0.00949,0.00022,-0.2844,-0.14008,-1.27644,11,37.6843,362.8085,38.346,178.1785,0.3191,-124.2539,0.0022,26.0352,0.6048
537,000537.png,False,1788794407.777160,1788794407.572460,shear_-X_out,1,-X,0.5,-0.34665,0.04628,-1.3048,0.00084,-0.01111,-0.00063,-0.35637,0.02992,-1.34129,-0.00018,-0.01036,0.0002,-0.31435,-0.15403,-1.30472,10,37.6548,362.8021,38.3383,178.1785,0.3193,-124.2528,0.0047,26.0277,0.6123
538,000538.png,False,1788794407.981153,1788794407.776453,shear_-X_out,1,-X,0.5,-0.4015,0.06698,-1.34586,0.0004,-0.0126,-0.00057,-0.41127,0.05056,-1.38229,-0.00062,-0.01185,0.00026,-0.37192,-0.16417,-1.34602,10,37.6226,362.7887,38.3297,178.1788,0.3189,-124.251,0.007,26.0191,0.6209
539,000539.png,False,1788794408.189172,1788794407.984472,shear_-X_out,1,-X,0.5,-0.44286,0.05798,-1.3642,0.00065,-0.01366,-0.00053,-0.45268,0.04151,-1.40058,-0.00037,-0.01291,0.0003,-0.40312,-0.19292,-1.36411,11,37.5985,362.7678,38.326,178.1806,0.3169,-124.2499,0.0062,26.0152,0.6248
540,000540.png,False,1788794408.393171,1788794408.188471,shear_-X_out,1,-X,0.5,-0.47447,0.04901,-1.35895,0.00088,-0.01453,-0.00068,-0.48433,0.03248,-1.39527,-0.00014,-0.01377,0.00015,-0.42606,-0.2164,-1.35864,10,37.5801,362.7531,38.3226,178.1806,0.3168,-124.2504,0.0036,26.0117,0.6283
541,000541.png,False,1788794408.601146,1788794408.396446,shear_-X_out,1,-X,0.5,-0.50221,0.05538,-1.34866,0.00068,-0.01522,-0.00071,-0.51211,0.0388,-1.38493,-0.00034,-0.01447,0.00012,-0.45334,-0.22458,-1.34841,10,37.5544,362.7436,38.3319,178.1795,0.318,-124.251,0.0031,26.021,0.619
542,000542.png,False,1788794408.809062,1788794408.604362,shear_-X_out,1,-X,0.5,-0.52766,0.05827,-1.29043,0.00055,-0.01596,-0.00085,-0.53762,0.04164,-1.32665,-0.00048,-0.0152,-2e-05,-0.47724,-0.23386,-1.29019,11,37.5297,362.7365,38.3452,178.1773,0.3198,-124.2506,0.0098,26.0343,0.6057
543,000543.png,False,1788794409.633053,1788794409.428353,shear_-X_back,1,-X,0.0,-0.52996,0.07544,-1.2546,9e-05,-0.01602,-0.00086,-0.54009,0.05858,-1.2906,-0.00094,-0.01525,-3e-05,-0.48805,-0.21957,-1.25466,10,37.5037,362.7303,38.3535,178.1763,0.3214,-124.2502,0.0076,26.0428,0.5972
544,000544.png,False,1788794409.841133,1788794409.636433,shear_-X_back,1,-X,0.0,-0.52317,0.07338,-1.25725,5e-05,-0.01592,-0.00077,-0.53335,0.05647,-1.29319,-0.00098,-0.01515,6e-05,-0.48112,-0.218,-1.25728,10,37.5036,362.7314,38.3544,178.1761,0.3215,-124.2502,0.0061,26.0437,0.5963
545,000545.png,False,1788794410.045128,1788794409.840428,shear_-X_back,1,-X,0.0,-0.47978,0.13754,-1.22177,-0.00157,-0.01471,-0.00076,-0.49001,0.12057,-1.25766,-0.00259,-0.01395,6e-05,-0.47584,-0.14019,-1.22301,10,37.5102,362.7854,38.3736,178.1731,0.3249,-124.2432,0.0034,26.0637,0.5763
546,000546.png,False,1788794410.253042,1788794410.048342,shear_-X_back,1,-X,0.0,-0.32752,0.11621,-1.14075,-0.00105,-0.01066,-0.00082,-0.33779,0.09919,-1.17659,-0.00208,-0.00989,1e-05,-0.33386,-0.08128,-1.14194,10,37.6075,362.8166,38.3915,178.1717,0.3266,-124.2454,0.0032,26.0814,0.5586
547,000547.png,False,1788794410.461043,1788794410.256343,shear_-X_back,1,-X,0.0,-0.18447,0.10272,-1.07475,-0.00069,-0.00684,-0.00074,-0.19479,0.08564,-1.11054,-0.00172,-0.00607,8e-05,-0.20366,-0.02043,-1.076,10,37.6906,362.8516,38.4075,178.1706,0.3284,-124.2437,0.01,26.0974,0.5426
548,000548.png,False,1788794410.665043,1788794410.460343,shear_-X_back,1,-X,0.0,-0.07482,0.05706,-1.04511,0.0005,-0.0039,-0.00075,-0.08518,0.03994,-1.08085,-0.00053,-0.00312,7e-05,-0.08607,-0.0047,-1.0458,10,37.7844,362.8674,38.408,178.1697,0.3297,-124.247,0.0063,26.0975,0.5425
549,000549.png,False,1788794410.873033,1788794410.668333,shear_-X_back,1,-X,0.0,0.012,0.00728,-1.10935,0.0018,-0.00167,-0.00059,0.00159,-0.00991,-1.14502,0.00077,-0.0009,0.00023,0.01445,-0.00547,-1.10933,10,37.86,362.8822,38.3818,178.1727,0.3269,-124.2472,0.0123,26.071,0.569
550,000550.png,False,1788794411.077039,1788794410.872339,shear_-X_back,1,-X,0.0,0.08884,0.08933,-1.18022,-0.00038,0.00021,-0.00057,0.07839,0.07209,-1.21585,-0.00141,0.00099,0.00025,0.04051,0.10285,-1.18177,10,37.8852,362.9597,38.3736,178.1715,0.3284,-124.2433,0.005,26.0638,0.5762
551,000551.png,False,1788794411.285038,1788794411.080338,shear_-Y_out,1,-Y,0.5,0.07869,0.05372,-1.18621,0.00058,1e-05,-0.00059,0.06819,0.03643,-1.22178,-0.00046,0.00079,0.00023,0.04955,0.06684,-1.18712,10,37.89,362.9378,38.3757,178.177,0.3231,-124.2359,0.0087,26.0656,0.5744
552,000552.png,False,1788794411.493112,1788794411.288412,shear_-Y_out,1,-Y,0.5,0.05265,0.02178,-1.15669,0.00141,-0.00058,-0.00057,0.0421,0.00443,-1.19221,0.00037,0.0002,0.00025,0.04274,0.02664,-1.157,10,37.8968,362.904,38.3768,178.1794,0.3203,-124.2337,0.0059,26.0661,0.5739
553,000553.png,False,1788794411.905128,1788794411.700428,shear_-Y_out,1,-Y,0.5,0.04726,-0.03355,-1.15083,0.00279,-0.00073,-0.00051,0.03662,-0.051,-1.18624,0.00176,5e-05,0.0003,0.06568,-0.02388,-1.15017,10,37.9264,362.8808,38.3814,178.1795,0.3214,-124.2332,0.0044,26.0701,0.5699
554,000554.png,False,1788794412.109135,1788794411.904435,shear_-Y_out,1,-Y,0.5,0.05765,-0.08288,-1.15637,0.00418,-0.00042,-0.00041,0.04696,-0.10039,-1.19172,0.00314,0.00037,0.00041,0.09936,-0.0615,-1.15487,11,37.95,362.8544,38.3829,178.1786,0.3218,-124.2348,0.0076,26.071,0.569
555,000555.png,False,1788794412.317132,1788794412.112432,shear_-Y_out,1,-Y,0.5,0.0573,-0.13319,-1.16473,0.00541,-0.0004,-0.00028,0.04657,-0.15075,-1.20003,0.00437,0.00039,0.00054,0.12425,-0.10538,-1.16236,10,37.9707,362.8259,38.3804,178.1777,0.3227,-124.2363,0.0051,26.0679,0.5721
556,000556.png,False,1788794412.525111,1788794412.320411,shear_-Y_out,1,-Y,0.5,0.05071,-0.17492,-1.15468,0.00646,-0.00053,-0.00032,0.03994,-0.19254,-1.18993,0.00543,0.00025,0.00049,0.13933,-0.14465,-1.15157,10,37.9843,362.7965,38.3817,178.1781,0.3223,-124.2356,0.0022,26.0687,0.5713
557,000557.png,False,1788794412.729108,1788794412.524408,shear_-Y_out,1,-Y,0.5,0.0347,-0.21589,-1.15273,0.00761,-0.00094,-0.00031,0.02388,-0.23357,-1.18793,0.00657,-0.00015,0.0005,0.14591,-0.18811,-1.14888,11,37.995,362.7652,38.382,178.1788,0.3218,-124.2346,0.0056,26.0684,0.5716
558,000558.png,False,1788794412.937076,1788794412.732376,shear_-Y_out,1,-Y,0.5,0.0194,-0.25286,-1.15176,0.00864,-0.00124,-0.00041,0.00853,-0.27059,-1.1869,0.0076,-0.00045,0.00041,0.15112,-0.22776,-1.14724,10,38.0028,362.7396,38.3799,178.178,0.3226,-124.2335,0.0071,26.0658,0.5742
559,000559.png,False,1788794415.412972,1788794415.208272,shear_-Y_out,1,-Y,0.5,-0.00397,-0.29101,-1.28175,0.0098,-0.00203,-0.00024,-0.01539,-0.3094,-1.31624,0.00875,-0.00122,0.00056,0.15084,-0.27455,-1.2765,10,38.0271,362.6836,38.3419,178.1785,0.3219,-124.233,0.0038,26.0267,0.6133
560,000560.png,False,1788794415.621035,1788794415.416335,shear_-Y_out,1,-Y,0.5,-0.01227,-0.31895,-1.30401,0.01059,-0.00219,-0.00029,-0.02373,-0.33739,-1.33845,0.00954,-0.00138,0.00051,0.15777,-0.30325,-1.29826,10,38.0389,362.6568,38.3332,178.1795,0.3209,-124.233,0.0033,26.0176,0.6224
561,000561.png,False,1788794415.824993,1788794415.620293,shear_-Y_out,1,-Y,0.5,-0.00503,-0.36882,-1.33226,0.01179,-0.00211,-0.0003,-0.01653,-0.38732,-1.36665,0.01074,-0.0013,0.00051,0.18915,-0.34328,-1.32565,10,38.0636,362.6275,38.318,178.1792,0.3213,-124.2332,0.0058,26.0017,0.6383
562,000562.png,False,1788794416.033055,1788794415.828355,shear_-Y_out,1,-Y,0.5,0.00316,-0.4278,-1.34849,0.01338,-0.00176,-0.0003,-0.00839,-0.44635,-1.38283,0.01233,-0.00094,0.0005,0.22583,-0.39053,-1.34088,10,38.086,362.5969,38.3252,178.1806,0.3199,-124.235,0.0079,26.0083,0.6317
563,000563.png,False,1788794416.237055,1788794416.032355,shear_-Y_out,1,-Y,0.5,0.00892,-0.45809,-1.27573,0.0141,-0.00165,-0.00032,-0.00268,-0.47669,-1.31001,0.01305,-0.00083,0.00048,0.24544,-0.41271,-1.26761,10,38.1005,362.5777,38.3477,178.1779,0.3228,-124.235,0.005,26.0304,0.6096
564,000564.png,False,1788794416.445043,1788794416.240343,shear_-Y_out,1,-Y,0.5,0.0086,-0.48086,-1.23027,0.01464,-0.00165,-0.00026,-0.00304,-0.49952,-1.2645,0.01358,-0.00083,0.00054,0.25623,-0.43187,-1.22176,10,38.1121,362.5535,38.3555,178.1775,0.3233,-124.2343,0.0024,26.0377,0.6023
565,000565.png,False,1788794417.268955,1788794417.064255,shear_-Y_back,1,-Y,0.0,0.01612,-0.48962,-1.22621,0.01495,-0.00133,-0.00011,0.0043,-0.50849,-1.26022,0.0139,-0.0005,0.00069,0.26709,-0.43563,-1.21756,11,38.1357,362.5317,38.36,178.175,0.3255,-124.2354,0.0008,26.0417,0.5983
566,000566.png,False,1788794417.477057,1788794417.272357,shear_-Y_back,1,-Y,0.0,0.019,-0.4838,-1.23408,0.01485,-0.00141,-6e-05,0.00714,-0.50273,-1.26804,0.01379,-0.00059,0.00074,0.26673,-0.42927,-1.22554,10,38.1369,362.5306,38.3618,178.175,0.3255,-124.2357,0.0075,26.0435,0.5965
567,000567.png,False,1788794417.685043,1788794417.480343,shear_-Y_back,1,-Y,0.0,0.06076,-0.3618,-1.14852,0.01165,-0.00029,-0.00016,0.04884,-0.38079,-1.18243,0.01059,0.00054,0.00063,0.24136,-0.30138,-1.1422,10,38.1207,362.6191,38.3921,178.1705,0.3301,-124.2394,0.0058,26.0753,0.5647
568,000568.png,False,1788794417.888947,1788794417.684247,shear_-Y_back,1,-Y,0.0,0.08777,-0.27381,-1.08986,0.00931,0.00045,-0.00026,0.07581,-0.29286,-1.12371,0.00825,0.00128,0.00053,0.22039,-0.21075,-1.08512,11,38.1116,362.6646,38.4012,178.1694,0.3311,-124.2424,0.009,26.0852,0.5548
569,000569.png,False,1788794418.096941,1788794417.892241,shear_-Y_back,1,-Y,0.0,0.11983,-0.16512,-1.02016,0.00654,0.0014,-0.00039,0.10783,-0.18421,-1.05396,0.00548,0.00223,0.0004,0.19337,-0.09947,-1.01738,10,38.0945,362.7264,38.4143,178.1688,0.3315,-124.249,0.0022,26.0993,0.5407
570,000570.png,False,1788794418.301026,1788794418.096326,shear_-Y_back,1,-Y,0.0,0.10964,-0.065,-1.02868,0.00388,0.00102,-0.00045,0.09759,-0.08415,-1.06242,0.00282,0.00185,0.00034,0.13458,-0.01799,-1.02761,10,38.0141,362.8154,38.3991,178.1663,0.3339,-124.2509,0.0006,26.0862,0.5538
571,000571.png,False,1788794418.509059,1788794418.304359,shear_-Y_back,1,-Y,0.0,0.0041,0.02949,-1.15834,0.00148,-0.00185,-0.0006,-0.008,0.01029,-1.19203,0.00042,-0.00101,0.00019,-0.00316,0.00903,-1.15868,11,37.9328,362.8345,38.3632,178.1699,0.3301,-124.2481,0.0054,26.0511,0.5889
572,000572.png,False,1788794419.129032,1788794418.924332,shear_+Y_out,1,+Y,0.5,0.00499,0.13987,-1.20756,-0.00143,-0.00191,-0.00052,-0.00724,0.1205,-1.24109,-0.00249,-0.00107,0.00027,-0.05719,0.10429,-1.20981,11,37.8991,362.9151,38.3608,178.175,0.3242,-124.2465,0.0038,26.0502,0.5898
573,000573.png,False,1788794419.332931,1788794419.128231,shear_+Y_out,1,+Y,0.5,0.01003,0.14051,-1.22339,-0.00135,-0.00177,-0.00042,-0.00225,0.12109,-1.25686,-0.00242,-0.00093,0.00037,-0.05304,0.1071,-1.22566,10,37.8965,362.9336,38.3678,178.1739,0.3256,-124.247,0.0058,26.0576,0.5824
574,000574.png,False,1788794419.540924,1788794419.336224,shear_+Y_out,1,+Y,0.5,0.02152,0.17053,-1.18397,-0.00218,-0.00145,-0.00048,0.0092,0.15105,-1.21739,-0.00324,-0.00061,0.00031,-0.05835,0.13948,-1.18679,10,37.8901,362.9617,38.3792,178.1725,0.3269,-124.25,0.0074,26.0695,0.5705
575,000575.png,False,1788794419.748920,1788794419.544220,shear_+Y_out,1,+Y,0.5,0.03633,0.22116,-1.14313,-0.00346,-0.00107,-0.00055,0.02396,0.20162,-1.1765,-0.00453,-0.00022,0.00024,-0.0711,0.19138,-1.14687,11,37.8717,363.004,38.3959,178.1706,0.3285,-124.2494,0.0006,26.0869,0.5531
576,000576.png,False,1788794419.952920,1788794419.748220,shear_+Y_out,1,+Y,0.5,0.02251,0.28127,-1.11714,-0.0051,-0.00146,-0.00058,0.0101,0.26168,-1.15046,-0.00617,-0.00061,0.00021,-0.11328,0.23696,-1.1219,10,37.8355,363.0395,38.3991,178.1698,0.3293,-124.2465,0.0018,26.091,0.549
577,000577.png,False,1788794420.161039,1788794419.956339,shear_+Y_out,1,+Y,0.5,0.00184,0.31703,-1.15629,-0.00606,-0.00198,-0.00066,-0.01062,0.29739,-1.18955,-0.00713,-0.00114,0.00013,-0.14878,0.25697,-1.16162,10,37.8173,363.0579,38.3764,178.173,0.3259,-124.247,0.0086,26.0687,0.5713
578,000578.png,False,1788794420.365009,1788794420.160309,shear_+Y_out,1,+Y,0.5,-0.00172,0.33915,-1.19295,-0.00667,-0.00215,-0.00084,-0.01423,0.31945,-1.22616,-0.00774,-0.0013,-6e-05,-0.16267,0.27376,-1.19865,10,37.8029,363.0803,38.3638,178.1739,0.3249,-124.2463,0.009,26.0566,0.5834
579,000579.png,False,1788794420.573020,1788794420.368320,shear_+Y_out,1,+Y,0.5,0.00397,0.3866,-1.2297,-0.00786,-0.00198,-0.00075,-0.00858,0.36685,-1.26285,-0.00893,-0.00113,3e-05,-0.18119,0.31711,-1.23622,10,37.7853,363.1148,38.3654,178.1736,0.3255,-124.2457,0.0016,26.0589,0.5811
580,000580.png,False,1788794422.016896,1788794421.812196,shear_+Y_out,1,+Y,0.5,-0.00062,0.37304,-1.30368,-0.00751,-0.0022,-0.00066,-0.01349,0.3529,-1.33645,-0.00859,-0.00134,0.00012,-0.17787,0.30188,-1.30995,10,37.7744,363.1245,38.3439,178.1758,0.3234,-124.2467,0.0084,26.0376,0.6024
581,000581.png,False,1788794422.844970,1788794422.640270,shear_+Y_out,1,+Y,0.5,0.00694,0.39747,-1.35956,-0.00814,-0.00202,-0.00062,-0.00611,0.37712,-1.39212,-0.00922,-0.00116,0.00016,-0.18315,0.32593,-1.36626,10,37.7668,363.1491,38.3289,178.1746,0.3249,-124.2476,0.0048,26.0231,0.6169
582,000582.png,False,1788794423.048967,1788794422.844267,shear_+Y_out,1,+Y,0.5,0.01586,0.42825,-1.36453,-0.00895,-0.00181,-0.00055,0.00276,0.40784,-1.39703,-0.01003,-0.00094,0.00023,-0.19077,0.35696,-1.37178,11,37.7602,363.1689,38.3308,178.1732,0.326,-124.248,0.0016,26.0253,0.6147
583,000583.png,False,1788794423.256985,1788794423.052285,shear_+Y_out,1,+Y,0.5,0.01813,0.46781,-1.3594,-0.01,-0.00183,-0.00056,0.00499,0.44735,-1.39186,-0.01108,-0.00096,0.00022,-0.2086,0.39244,-1.36734,10,37.7457,363.1881,38.3283,178.1728,0.3264,-124.2476,0.0055,26.0232,0.6168
584,000584.png,False,1788794423.461046,1788794423.256346,shear_+Y_out,1,+Y,0.5,0.00858,0.48934,-1.37291,-0.01054,-0.00203,-0.00063,-0.00461,0.46882,-1.40531,-0.01162,-0.00116,0.00015,-0.22754,0.4061,-1.38121,10,37.7312,363.2082,38.3295,178.1735,0.3256,-124.247,0.0087,26.0248,0.6152
585,000585.png,False,1788794423.876993,1788794423.672293,shear_+Y_out,1,+Y,0.5,0.00306,0.55282,-1.35946,-0.01221,-0.00221,-0.00066,-0.01023,0.53219,-1.39176,-0.01329,-0.00134,0.00011,-0.26413,0.45853,-1.36885,10,37.7052,363.2436,38.3324,178.1746,0.3244,-124.2469,0.0022,26.0285,0.6115
586,000586.png,False,1788794424.080957,1788794423.876257,shear_+Y_out,1,+Y,0.5,0.00043,0.5708,-1.37058,-0.01268,-0.00232,-0.00061,-0.0129,0.55012,-1.40282,-0.01377,-0.00144,0.00016,-0.27531,0.47262,-1.38027,10,37.6929,363.2593,38.3333,178.1753,0.3236,-124.2461,0.0049,26.0297,0.6103
587,000587.png,False,1788794424.908984,1788794424.704284,shear_+Y_back,1,+Y,0.0,-0.00614,0.581,-1.36512,-0.01294,-0.00244,-0.00078,-0.01965,0.56009,-1.39714,-0.01403,-0.00155,-1e-05,-0.28613,0.47825,-1.37497,11,37.6782,363.2803,38.3305,178.1759,0.3235,-124.247,0.0075,26.0273,0.6127
588,000588.png,False,1788794425.112983,1788794424.908283,shear_+Y_back,1,+Y,0.0,-0.00035,0.58677,-1.35215,-0.01314,-0.00236,-0.00081,-0.01391,0.56582,-1.38412,-0.01423,-0.00148,-4e-05,-0.2841,0.48635,-1.36212,10,37.6755,363.2924,38.3334,178.1749,0.3243,-124.2467,0.0086,26.0304,0.6096
589,000589.png,False,1788794425.320991,1788794425.116291,shear_+Y_back,1,+Y,0.0,-0.04215,0.46878,-1.37792,-0.01011,-0.00341,-0.00082,-0.05575,0.44777,-1.40984,-0.0112,-0.00252,-5e-05,-0.26117,0.36286,-1.38575,10,37.6927,363.2021,38.3147,178.1806,0.3184,-124.2432,0.0051,26.0101,0.6299
590,000590.png,False,1788794425.529011,1788794425.324311,shear_+Y_back,1,+Y,0.0,-0.07411,0.37231,-1.38646,-0.00763,-0.00422,-0.00074,-0.08776,0.35124,-1.41832,-0.00872,-0.00333,3e-05,-0.2406,0.26321,-1.39256,11,37.7045,363.139,38.3112,178.1825,0.3164,-124.2378,0.0008,26.0056,0.6344
591,000591.png,False,1788794425.732970,1788794425.528270,shear_+Y_back,1,+Y,0.0,-0.11023,0.26249,-1.40131,-0.00473,-0.00516,-0.00063,-0.12392,0.24136,-1.43312,-0.00582,-0.00427,0.00014,-0.21691,0.14981,-1.40543,10,37.7203,363.0742,38.3133,178.1849,0.3145,-124.2308,0.0015,26.0066,0.6334
592,000592.png,False,1788794425.940977,1788794425.736277,shear_+Y_back,1,+Y,0.0,-0.11279,0.14958,-1.37047,-0.00177,-0.00515,-0.00051,-0.12652,0.1284,-1.40222,-0.00286,-0.00426,0.00025,-0.16293,0.05124,-1.37263,10,37.7684,363.0237,38.3319,178.1859,0.314,-124.223,0.0058,26.024,0.616
593,000593.png,False,1788794426.352982,1788794426.148282,shear_+Y_back,1,+Y,0.0,0.0232,-0.03889,-1.15,0.00305,-0.00147,-0.00045,0.00937,-0.06018,-1.18165,0.00195,-0.00058,0.00031,0.0475,-0.04051,-1.1492,10,37.9016,362.8952,38.3799,178.1775,0.3226,-124.2354,0.0093,26.069,0.571
594,000594.png,False,1788794426.560956,1788794426.356256,shear_+Y_back,1,+Y,0.0,0.03549,0.04345,-1.22176,0.00099,-0.00117,-0.00051,0.02161,0.02211,-1.25335,-0.0001,-0.00028,0.00025,0.0175,0.03579,-1.22239,10,37.8865,362.9853,38.3646,178.1713,0.3293,-124.2361,0.0076,26.0553,0.5847
595,000595.png,False,1788794426.972919,1788794426.768219,shear_+Y_back,1,+Y,0.0,0.06728,0.04588,-1.27633,0.00098,-0.0004,-0.00058,0.05332,0.02443,-1.30782,-0.00011,0.0005,0.00018,0.04421,0.05291,-1.27707,10,37.9154,362.9619,38.3412,178.1736,0.3267,-124.2381,0.0036,26.0313,0.6087
596,000596.png,False,1788794427.384934,1788794427.180234,shear_+X_out,2,+X,0.5,0.04833,0.02697,-1.20791,0.00139,-0.00078,-0.00047,0.03427,0.00541,-1.23929,0.0003,0.00012,0.00029,0.03676,0.02815,-1.20829,10,37.9146,362.9569,38.3675,178.1714,0.3289,-124.2374,0.0053,26.0575,0.5825
597,000597.png,False,1788794427.592906,1788794427.388206,shear_+X_out,2,+X,0.5,0.05011,0.03695,-1.17524,0.00117,-0.00078,-0.0005,0.036,0.01533,-1.20657,8e-05,0.00012,0.00026,0.03309,0.03821,-1.1758,10,37.9154,362.9617,38.3733,178.1709,0.3299,-124.2355,0.0082,26.0634,0.5766
598,000598.png,False,1788794427.796944,1788794427.592244,shear_+X_out,2,+X,0.5,0.05624,0.05568,-1.16861,0.00063,-0.00064,-0.00048,0.04209,0.03402,-1.19988,-0.00047,0.00026,0.00028,0.02899,0.05761,-1.16951,10,37.9114,362.9751,38.376,178.17,0.3307,-124.232,0.0055,26.0664,0.5736
599,000599.png,False,1788794428.004930,1788794427.800230,shear_+X_out,2,+X,0.5,0.06793,0.07979,-1.14423,-1e-05,-0.00041,-0.00055,0.05374,0.05806,-1.17545,-0.00111,0.0005,0.00021,0.02691,0.08472,-1.14558,10,37.9122,362.99,38.383,178.17,0.3311,-124.2279,0.001,26.0736,0.5664
600,000600.png,False,1788794428.208937,1788794428.004237,shear_+X_out,2,+X,0.5,0.1245,0.07984,-1.12879,0.0,0.00115,-0.00052,0.11026,0.05806,-1.15995,-0.0011,0.00206,0.00024,0.07578,0.11328,-1.13025,11,37.9678,363.007,38.3886,178.1693,0.3317,-124.2327,0.0037,26.0791,0.5609
601,000601.png,False,1788794428.416933,1788794428.212233,shear_+X_out,2,+X,0.5,0.20728,0.05399,-1.14175,0.00072,0.00334,-0.00045,0.19299,0.03216,-1.17286,-0.00038,0.00425,0.00031,0.16049,0.13204,-1.14293,10,38.0119,363.0215,38.3832,178.17,0.3311,-124.2355,0.01,26.0736,0.5664
602,000602.png,False,1788794428.624926,1788794428.420226,shear_+X_out,2,+X,0.5,0.25622,0.05381,-1.14417,0.00069,0.00459,-0.00053,0.24189,0.03192,-1.17522,-0.00041,0.0055,0.00023,0.20299,0.1563,-1.14544,10,38.0407,363.0371,38.3794,178.1704,0.3309,-124.2366,0.0035,26.0698,0.5702
603,000603.png,False,1788794428.828818,1788794428.624118,shear_+X_out,2,+X,0.5,0.29588,0.05283,-1.14677,0.00071,0.00565,-0.00064,0.2815,0.03088,-1.17778,-0.00039,0.00656,0.00012,0.23785,0.17522,-1.14811,11,38.0767,363.0518,38.3756,178.1711,0.3303,-124.2376,0.0007,26.066,0.574
604,000604.png,False,1788794429.036968,1788794428.832268,shear_+X_out,2,+X,0.5,0.33107,0.04836,-1.1536,0.0008,0.00657,-0.00068,0.31664,0.02636,-1.18454,-0.0003,0.00748,8e-05,0.27061,0.18883,-1.15492,10,38.0962,363.0628,38.3721,178.1716,0.3294,-124.237,0.006,26.0626,0.5774
605,000605.png,False,1788794429.448813,1788794429.244113,shear_+X_out,2,+X,0.5,0.37225,0.06022,-1.17927,0.00058,0.00774,-0.0005,0.35774,0.03811,-1.21011,-0.00053,0.00866,0.00025,0.30054,0.21926,-1.18088,11,38.1284,363.081,38.3722,178.1715,0.3297,-124.2376,0.0053,26.0627,0.5773
606,000606.png,False,1788794431.512877,1788794431.308177,shear_+X_out,2,+X,0.5,0.38215,0.076,-1.29722,0.00016,0.008,-0.00056,0.36718,0.05335,-1.32752,-0.00096,0.00894,0.00019,0.30205,0.236,-1.2991,10,38.1594,363.1013,38.3324,178.1706,0.3302,-124.2372,0.0014,26.023,0.617
607,000607.png,False,1788794431.720944,1788794431.516244,shear_+X_out,2,+X,0.5,0.43269,0.05198,-1.30773,0.00093,0.0094,-0.0006,0.41767,0.02927,-1.33799,-0.00019,0.01033,0.00015,0.3579,0.24027,-1.3093,10,38.2058,363.1096,38.3302,178.1706,0.3303,-124.2409,0.0056,26.0207,0.6193
608,000608.png,False,1788794431.924832,1788794431.720132,shear_+X_out,2,+X,0.5,0.47008,0.0634,-1.29404,0.00057,0.01039,-0.00061,0.45502,0.04063,-1.32424,-0.00055,0.01132,0.00014,0.38449,0.26906,-1.29588,10,38.2153,363.1304,38.3342,178.17,0.3311,-124.239,0.0083,26.0249,0.6151
609,000609.png,False,1788794432.336856,1788794432.132156,shear_+X_out,2,+X,0.5,0.49537,0.08328,-1.29384,9e-05,0.01097,-0.00055,0.48022,0.0604,-1.32393,-0.00103,0.01191,0.00019,0.39646,0.29892,-1.29608,10,38.2389,363.1481,38.3318,178.1719,0.3295,-124.2348,0.0028,26.0227,0.6173
610,000610.png,False,1788794432.544924,1788794432.340225,shear_+X_out,2,+X,0.5,0.53957,0.07122,-1.3075,0.00043,0.01219,-0.00051,0.52438,0.04829,-1.33754,-0.00068,0.01313,0.00023,0.44087,0.31035,-1.30962,10,38.2817,363.1615,38.3313,178.1718,0.3294,-124.2385,0.0037,26.0221,0.6179
611,000611.png,False,1788794433.164891,1788794432.960191,shear_+X_out,2,+X,0.5,0.57133,0.06952,-1.29686,0.00049,0.01305,-0.00047,0.556,0.04643,-1.32673,-0.00063,0.014,0.00027,0.46915,0.32492,-1.29901,10,38.3052,363.1762,38.3358,178.172,0.3291,-124.2387,0.001,26.0267,0.6133
612,000612.png,False,1788794433.368855,1788794433.164155,shear_+X_back,2,+X,0.0,0.56409,0.0711,-1.28373,0.00044,0.01285,-0.00056,0.54871,0.04795,-1.31355,-0.00068,0.0138,0.00018,0.462,0.32286,-1.2859,11,38.3041,363.1766,38.3355,178.1715,0.329,-124.2389,0.0017,26.0264,0.6136
613,000613.png,False,1788794433.576770,1788794433.372070,shear_+X_back,2,+X,0.0,0.55747,0.07229,-1.3021,0.00037,0.01266,-0.00039,0.54205,0.04909,-1.33187,-0.00076,0.01361,0.00034,0.4558,0.3203,-1.30427,10,38.3041,363.1778,38.3362,178.1713,0.3291,-124.2385,0.0084,26.0271,0.6129
614,000614.png,False,1788794433.784813,1788794433.580113,shear_+X_back,2,+X,0.0,0.49323,-0.03387,-1.34622,0.0032,0.011,-0.0004,0.47775,-0.05713,-1.37593,0.00208,0.01195,0.00033,0.4535,0.19555,-1.34641,10,38.282,363.1028,38.3192,178.1767,0.3231,-124.2461,0.0046,26.009,0.631
615,000615.png,False,1788794433.988806,1788794433.784106,shear_+X_back,2,+X,0.0,0.33982,0.01012,-1.35467,0.00201,0.00693,-0.00045,0.3243,-0.01319,-1.38433,0.00089,0.00788,0.00029,0.29869,0.15686,-1.35532,11,38.1952,363.0691,38.3123,178.1792,0.32,-124.2447,0.0046,26.0022,0.6378
616,000616.png,False,1788794434.196766,1788794433.992066,shear_+X_back,2,+X,0.0,0.19808,0.02104,-1.36654,0.00175,0.0032,-0.00057,0.18252,-0.00233,-1.39614,0.00062,0.00415,0.00017,0.17055,0.0953,-1.36709,10,38.1088,363.0407,38.313,178.1802,0.3188,-124.2434,0.0,26.0031,0.6369
617,000617.png,False,1788794434.400872,1788794434.196172,shear_+X_back,2,+X,0.0,0.09562,0.07348,-1.31036,0.00043,0.00052,-0.00054,0.08001,0.05006,-1.33992,-0.00069,0.00147,0.0002,0.0552,0.09043,-1.31163,10,38.0226,363.0354,38.3529,178.1771,0.3214,-124.2439,0.0031,26.0435,0.5965
618,000618.png,False,1788794434.608755,1788794434.404055,shear_+X_back,2,+X,0.0,0.03225,0.10342,-1.136,-0.0004,-0.00106,-0.00058,0.01659,0.07994,-1.1655,-0.00153,-0.0001,0.00016,-0.01586,0.08748,-1.13769,11,37.9824,362.9998,38.3927,178.1722,0.3264,-124.2469,0.0074,26.0829,0.5571
619,000619.png,False,1788794434.816854,1788794434.612154,shear_+X_back,2,+X,0.0,-0.03574,-0.00872,-1.11337,0.00244,-0.00296,-0.0004,-0.05144,-0.03225,-1.14281,0.00131,-0.002,0.00033,-0.01888,-0.04325,-1.11298,10,37.9568,362.9505,38.3834,178.1686,0.3296,-124.2541,0.0064,26.0731,0.5669
620,000620.png,False,1788794435.432876,1788794435.228176,shear_-X_out,2,-X,0.5,-0.0572,-0.03319,-1.19421,0.00308,-0.00359,-0.00058,-0.07304,-0.05689,-1.22349,0.00195,-0.00263,0.00015,-0.02468,-0.07646,-1.19333,10,37.9373,362.8992,38.3635,178.1761,0.3211,-124.2608,0.0052,26.0525,0.5875
621,000621.png,False,1788794435.640850,1788794435.436150,shear_-X_out,2,-X,0.5,-0.03213,0.03697,-1.17826,0.00137,-0.00289,-0.00047,-0.04801,0.01322,-1.20749,0.00024,-0.00193,0.00026,-0.03813,-0.00291,-1.17866,10,37.9174,362.94,38.374,178.1735,0.3243,-124.2626,0.0032,26.0637,0.5763
622,000622.png,False,1788794435.848812,1788794435.644112,shear_-X_out,2,-X,0.5,-0.07404,0.05133,-1.18432,0.00087,-0.00402,-0.00047,-0.08997,0.02753,-1.2135,-0.00026,-0.00305,0.00026,-0.08157,-0.01151,-1.18488,11,37.8906,362.9211,38.3683,178.1752,0.3221,-124.2617,0.0099,26.0579,0.5821
623,000623.png,False,1788794436.052868,1788794435.848168,shear_-X_out,2,-X,0.5,-0.12903,0.01945,-1.20621,0.00182,-0.00546,-0.00053,-0.145,-0.0044,-1.23534,0.00068,-0.00449,0.0002,-0.11313,-0.06695,-1.20611,10,37.8673,362.8845,38.3584,178.1783,0.3187,-124.2615,0.0069,26.0475,0.5925
624,000624.png,False,1788794436.260801,1788794436.056101,shear_-X_out,2,-X,0.5,-0.17262,0.01067,-1.22021,0.00196,-0.00669,-0.00065,-0.18864,-0.01325,-1.24928,0.00083,-0.00571,7e-05,-0.1464,-0.09656,-1.21986,10,37.838,362.869,38.3514,178.1789,0.3182,-124.2617,0.0,26.0405,0.5995
625,000625.png,False,1788794436.464852,1788794436.260152,shear_-X_out,2,-X,0.5,-0.21229,0.0133,-1.2467,0.00192,-0.00772,-0.00052,-0.22835,-0.01067,-1.27571,0.00079,-0.00675,0.00021,-0.18189,-0.11452,-1.24631,10,37.8105,362.8523,38.3511,178.1781,0.3188,-124.2615,0.003,26.0401,0.5999
626,000626.png,False,1788794436.672817,1788794436.468117,shear_-X_out,2,-X,0.5,-0.24913,0.02086,-1.24015,0.00172,-0.0087,-0.00045,-0.26524,-0.00316,-1.26912,0.00058,-0.00772,0.00027,-0.21763,-0.12628,-1.23983,10,37.7792,362.8416,38.362,178.1763,0.3206,-124.2604,0.01,26.0512,0.5888
627,000627.png,False,1788794436.880835,1788794436.676135,shear_-X_out,2,-X,0.5,-0.28128,0.03996,-1.20878,0.00134,-0.00952,-0.00055,-0.29743,0.01588,-1.23768,0.00021,-0.00854,0.00018,-0.25523,-0.1253,-1.20872,10,37.747,362.8365,38.3687,178.1734,0.3237,-124.2608,0.0031,26.058,0.582
628,000628.png,False,1788794438.944820,1788794438.740120,shear_-X_out,2,-X,0.5,-0.27763,0.05595,-1.23901,0.00089,-0.00949,-0.0005,-0.29424,0.03133,-1.26738,-0.00026,-0.0085,0.00021,-0.25986,-0.11011,-1.23923,11,37.7137,362.8229,38.3579,178.1717,0.3258,-124.2611,0.0069,26.0471,0.5929
629,000629.png,False,1788794439.356823,1788794439.152123,shear_-X_out,2,-X,0.5,-0.29423,0.04402,-1.29377,0.00121,-0.00999,-0.00032,-0.31094,0.01928,-1.32203,6e-05,-0.00899,0.00039,-0.26789,-0.12962,-1.29375,10,37.7001,362.8098,38.3458,178.1723,0.325,-124.263,0.0035,26.035,0.605
630,000630.png,False,1788794439.564788,1788794439.360088,shear_-X_out,2,-X,0.5,-0.32853,0.04773,-1.3248,0.00106,-0.01096,-0.00027,-0.34528,0.02294,-1.35301,-8e-05,-0.00997,0.00045,-0.29924,-0.14404,-1.32477,10,37.6788,362.7973,38.3376,178.173,0.3242,-124.2622,0.0032,26.0268,0.6132
631,000631.png,False,1788794439.768822,1788794439.564122,shear_-X_out,2,-X,0.5,-0.37169,0.05442,-1.34411,0.00093,-0.0121,-0.00042,-0.38849,0.02958,-1.37227,-0.00022,-0.01111,0.0003,-0.33984,-0.16012,-1.34411,11,37.6516,362.7846,38.3287,178.1728,0.3242,-124.2609,0.006,26.0178,0.6222
632,000632.png,False,1788794439.976825,1788794439.772125,shear_-X_out,2,-X,0.5,-0.41242,0.04385,-1.37952,0.00117,-0.01324,-0.00031,-0.42926,0.01895,-1.40762,2e-05,-0.01224,0.00041,-0.36959,-0.19019,-1.37924,10,37.6303,362.7639,38.3243,178.1746,0.3221,-124.2628,0.0073,26.0132,0.6268
633,000633.png,False,1788794440.180807,1788794439.976107,shear_-X_out,2,-X,0.5,-0.44674,0.03975,-1.39994,0.00132,-0.01408,-0.00028,-0.46363,0.01479,-1.42799,0.00017,-0.01308,0.00044,-0.39713,-0.21122,-1.39952,10,37.6061,362.7467,38.3163,178.1751,0.3215,-124.2621,0.0047,26.0051,0.6349
634,000634.png,False,1788794440.388794,1788794440.184094,shear_-X_out,2,-X,0.5,-0.48028,0.04044,-1.39945,0.00129,-0.01506,-0.00026,-0.49721,0.01543,-1.42745,0.00014,-0.01405,0.00045,-0.42652,-0.22738,-1.39898,11,37.584,362.7383,38.3274,178.1744,0.3224,-124.2611,0.002,26.0162,0.6238
635,000635.png,False,1788794440.596825,1788794440.392125,shear_-X_out,2,-X,0.5,-0.50489,0.06184,-1.33124,0.00079,-0.01561,-0.00037,-0.52186,0.03678,-1.35918,-0.00036,-0.01461,0.00034,-0.45901,-0.22004,-1.3311,10,37.5545,362.7353,38.3448,178.1712,0.3255,-124.2619,0.0086,26.0338,0.6062
636,000636.png,False,1788794441.420820,1788794441.216120,shear_-X_back,2,-X,0.0,-0.51335,0.06157,-1.27073,0.00069,-0.01586,-0.00043,-0.53051,0.03629,-1.29845,-0.00046,-0.01485,0.00028,-0.46662,-0.22353,-1.27058,10,37.5253,362.72,38.3567,178.1708,0.3267,-124.2607,0.0082,26.0456,0.5944
637,000637.png,False,1788794441.628787,1788794441.424087,shear_-X_back,2,-X,0.0,-0.50559,0.06451,-1.26841,0.00062,-0.01567,-0.00047,-0.52279,0.03917,-1.29609,-0.00054,-0.01466,0.00023,-0.46138,-0.21708,-1.26833,11,37.525,362.7233,38.3564,178.1705,0.327,-124.2611,0.0061,26.0454,0.5946
638,000638.png,False,1788794441.832813,1788794441.628113,shear_-X_back,2,-X,0.0,-0.44075,0.15546,-1.21998,-0.00175,-0.01402,-0.00054,-0.458,0.13007,-1.2476,-0.0029,-0.013,0.00017,-0.451,-0.10513,-1.22161,10,37.538,362.7882,38.3753,178.166,0.3321,-124.2531,0.0034,26.0653,0.5747
639,000639.png,False,1788794442.040833,1788794441.836133,shear_-X_back,2,-X,0.0,-0.29649,0.11708,-1.16247,-0.00081,-0.01024,-0.00058,-0.31378,0.09164,-1.19003,-0.00197,-0.00923,0.00013,-0.30726,-0.06536,-1.16373,10,37.6296,362.8183,38.3874,178.1645,0.3338,-124.2561,0.0025,26.0771,0.5629
640,000640.png,False,1788794442.244776,1788794442.040076,shear_-X_back,2,-X,0.0,-0.15318,0.10701,-1.12143,-0.00055,-0.00636,-0.00039,-0.17052,0.08151,-1.14894,-0.00171,-0.00534,0.00032,-0.17838,-0.00182,-1.12281,10,37.7201,362.8524,38.3973,178.1631,0.3358,-124.2577,0.0025,26.087,0.553
641,000641.png,False,1788794442.660683,1788794442.455983,shear_-X_back,2,-X,0.0,0.02565,0.00861,-1.20791,0.00193,-0.00172,-0.00032,0.00821,-0.017,-1.23531,0.00077,-0.0007,0.00038,0.02629,0.00093,-1.20793,10,37.865,362.8887,38.3547,178.1696,0.33,-124.257,0.0035,26.044,0.596
642,000642.png,False,1788794443.072796,1788794442.868096,shear_-X_back,2,-X,0.0,0.05793,0.03152,-1.22955,0.00144,-0.0009,-0.00036,0.0404,0.0058,-1.25684,0.00028,0.00013,0.00034,0.04295,0.03654,-1.23002,10,37.9061,362.9078,38.3615,178.1731,0.3274,-124.2387,0.0052,26.0508,0.5892
643,000643.png,False,1788794443.276822,1788794443.072122,shear_-Y_out,2,-Y,0.5,0.10574,0.02873,-1.13312,0.00143,0.00047,-0.00042,0.08817,0.00295,-1.16036,0.00027,0.00149,0.00028,0.0851,0.05956,-1.13366,10,37.9259,362.9054,38.3984,178.1693,0.3311,-124.2379,0.0069,26.0875,0.5525
644,000644.png,False,1788794443.896727,1788794443.692027,shear_-Y_out,2,-Y,0.5,0.09135,-0.03215,-1.14457,0.00301,4e-05,-0.00028,0.07364,-0.05809,-1.17165,0.00185,0.00107,0.00042,0.10313,-0.00053,-1.14402,10,37.9572,362.8887,38.3809,178.1686,0.3321,-124.2374,0.0054,26.0695,0.5705
645,000645.png,False,1788794444.104737,1788794443.900037,shear_-Y_out,2,-Y,0.5,0.0856,-0.0899,-1.17642,0.0046,3e-05,-0.00035,0.06785,-0.1159,-1.20345,0.00344,0.00106,0.00035,0.12722,-0.05393,-1.17486,11,37.9767,362.8512,38.37,178.1704,0.3306,-124.2376,0.0006,26.0579,0.5821
646,000646.png,False,1788794444.308743,1788794444.104043,shear_-Y_out,2,-Y,0.5,0.07756,-0.15062,-1.21175,0.00617,-0.00029,-0.00034,0.05976,-0.17667,-1.23872,0.00501,0.00074,0.00036,0.15083,-0.11111,-1.20911,11,37.9956,362.818,38.3601,178.1707,0.33,-124.2383,0.0033,26.0473,0.5927
647,000647.png,False,1788794444.516737,1788794444.312037,shear_-Y_out,2,-Y,0.5,0.06692,-0.19358,-1.19468,0.00731,-0.00049,-0.00034,0.04908,-0.21969,-1.2216,0.00614,0.00054,0.00036,0.16297,-0.15335,-1.19128,10,38.0089,362.789,38.3745,178.1704,0.33,-124.2387,0.0097,26.0612,0.5788
648,000648.png,False,1788794444.724747,1788794444.520047,shear_-Y_out,2,-Y,0.5,0.05872,-0.22655,-1.11614,0.00815,-0.00059,-0.00023,0.04083,-0.25271,-1.14301,0.00698,0.00045,0.00047,0.17179,-0.18475,-1.11216,11,38.0225,362.7654,38.3988,178.168,0.3332,-124.2388,0.0042,26.0851,0.5549
649,000649.png,False,1788794444.928754,1788794444.724054,shear_-Y_out,2,-Y,0.5,0.05293,-0.25232,-1.08322,0.00876,-0.00077,-0.00033,0.03499,-0.27853,-1.11003,0.0076,0.00027,0.00037,0.17942,-0.20943,-1.07879,11,38.0361,362.7373,38.3996,178.1677,0.3333,-124.2379,0.0019,26.0852,0.5548
650,000650.png,False,1788794447.404733,1788794447.200033,shear_-Y_out,2,-Y,0.5,0.0235,-0.2985,-1.20369,0.0101,-0.00161,-0.00031,0.00502,-0.32537,-1.22986,0.00893,-0.00055,0.00038,0.17784,-0.26606,-1.19838,11,38.0572,362.6781,38.3609,178.1684,0.3324,-124.2372,0.0044,26.0455,0.5945
651,000651.png,False,1788794447.612757,1788794447.408057,shear_-Y_out,2,-Y,0.5,0.0151,-0.31793,-1.2386,0.01073,-0.00184,-0.0002,-0.00343,-0.34485,-1.26471,0.00955,-0.00078,0.00049,0.18051,-0.28765,-1.23292,10,38.0622,362.6585,38.354,178.1694,0.3317,-124.2361,0.0019,26.0382,0.6018
652,000652.png,False,1788794447.820700,1788794447.616000,shear_-Y_out,2,-Y,0.5,0.01857,-0.35433,-1.28318,0.01167,-0.00176,-6e-05,-0.0,-0.38131,-1.30924,0.01049,-0.0007,0.00062,0.20201,-0.31815,-1.27688,10,38.0844,362.6314,38.3401,178.1691,0.3317,-124.237,0.008,26.0237,0.6163
653,000653.png,False,1788794448.024712,1788794447.820012,shear_-Y_out,2,-Y,0.5,0.02308,-0.41886,-1.28511,0.01326,-0.0017,-0.00016,0.00447,-0.44589,-1.31112,0.01208,-0.00064,0.00053,0.23818,-0.37181,-1.2777,11,38.1057,362.5992,38.3421,178.1708,0.3297,-124.2383,0.0101,26.0251,0.6149
654,000654.png,False,1788794448.232630,1788794448.027930,shear_-Y_out,2,-Y,0.5,0.03633,-0.45368,-1.22726,0.01417,-0.0013,-0.00023,0.01767,-0.48077,-1.25322,0.01299,-0.00024,0.00045,0.26665,-0.39443,-1.21928,10,38.1286,362.5782,38.3631,178.1693,0.332,-124.2392,0.0042,26.0455,0.5945
655,000655.png,False,1788794449.264710,1788794449.060010,shear_-Y_back,2,-Y,0.0,0.04382,-0.48736,-1.16325,0.01512,-0.00101,-8e-05,0.02492,-0.51472,-1.18894,0.01393,6e-05,0.00061,0.28951,-0.41883,-1.15471,11,38.168,362.5262,38.3796,178.1663,0.3349,-124.2398,0.003,26.0609,0.5791
656,000656.png,False,1788794449.468689,1788794449.263989,shear_-Y_back,2,-Y,0.0,0.04375,-0.48168,-1.15074,0.01499,-0.00105,-0.0002,0.02481,-0.5091,-1.17637,0.01381,2e-05,0.00048,0.28654,-0.41374,-1.1423,11,38.1663,362.5267,38.3793,178.166,0.335,-124.2396,0.0006,26.0606,0.5794
657,000657.png,False,1788794449.676692,1788794449.471992,shear_-Y_back,2,-Y,0.0,0.09315,-0.34698,-1.09625,0.01147,0.0002,-0.00014,0.07416,-0.37445,-1.12182,0.01028,0.00127,0.00054,0.26164,-0.27153,-1.09025,10,38.1514,362.6216,38.4036,178.1599,0.3414,-124.244,0.0054,26.0866,0.5534
658,000658.png,False,1788794449.884725,1788794449.680025,shear_-Y_back,2,-Y,0.0,0.11702,-0.26504,-1.04383,0.00931,0.00076,-0.00019,0.09799,-0.29257,-1.06936,0.00812,0.00184,0.00049,0.24102,-0.18779,-1.03931,11,38.1376,362.6773,38.4198,178.1579,0.3429,-124.2492,0.0086,26.1038,0.5362
659,000659.png,False,1788794450.088729,1788794449.884029,shear_-Y_back,2,-Y,0.0,0.14562,-0.16369,-0.99244,0.00668,0.00152,-0.00017,0.12655,-0.19127,-1.01791,0.00549,0.00259,0.00051,0.2148,-0.0849,-0.98974,11,38.1192,362.7335,38.4326,178.1579,0.343,-124.2538,0.0086,26.1176,0.5224
660,000660.png,False,1788794450.296690,1788794450.091990,shear_-Y_back,2,-Y,0.0,0.09662,-0.0422,-1.00362,0.00359,0.00023,-0.00022,0.0775,-0.06983,-1.02903,0.0024,0.00131,0.00045,0.11173,-0.00435,-1.00293,10,38.0048,362.8126,38.416,178.1558,0.3447,-124.249,0.0055,26.1031,0.5369
661,000661.png,False,1788794450.500616,1788794450.295916,shear_-Y_back,2,-Y,0.0,0.00994,0.0359,-1.1032,0.00148,-0.00215,-0.00026,-0.00923,0.00821,-1.12856,0.0003,-0.00107,0.00041,-0.00168,0.01838,-1.10367,10,37.9504,362.8427,38.3901,178.1585,0.3417,-124.2471,0.0035,26.078,0.562
662,000662.png,False,1788794450.708691,1788794450.503991,shear_-Y_back,2,-Y,0.0,0.03319,0.14314,-1.15787,-0.00124,-0.00157,-0.00034,0.01398,0.11539,-1.18318,-0.00243,-0.00049,0.00034,-0.03474,0.122,-1.16025,10,37.9269,362.953,38.397,178.1582,0.342,-124.2462,0.0013,26.0869,0.5531
663,000663.png,False,1788794450.916709,1788794450.712009,shear_-Y_back,2,-Y,0.0,0.00214,0.02847,-1.08103,0.00174,-0.00232,-0.00039,-0.01712,0.00067,-1.10628,0.00055,-0.00124,0.00029,-0.00488,0.00841,-1.08136,10,37.9433,362.858,38.4094,178.1629,0.3372,-124.2466,0.0019,26.0977,0.5423
664,000664.png,False,1788794451.120703,1788794450.916003,shear_+Y_out,2,+Y,0.5,0.0595,0.16522,-1.08725,-0.00178,-0.00083,-0.00049,0.0402,0.13736,-1.11245,-0.00298,0.00025,0.00018,-0.02346,0.1554,-1.09007,10,37.9293,362.9394,38.4192,178.1597,0.3404,-124.2488,0.0052,26.1088,0.5312
665,000665.png,False,1788794451.328717,1788794451.124017,shear_+Y_out,2,+Y,0.5,0.04992,0.12868,-1.03181,-0.00095,-0.00111,-0.00057,0.03057,0.10077,-1.05696,-0.00214,-3e-05,0.0001,-0.0139,0.11986,-1.03398,11,37.9287,362.9445,38.4153,178.1587,0.3417,-124.2499,0.0085,26.105,0.535
666,000666.png,False,1788794451.532696,1788794451.327996,shear_+Y_out,2,+Y,0.5,0.06319,0.15691,-1.05245,-0.00164,-0.00077,-0.00053,0.0438,0.12895,-1.07754,-0.00283,0.00032,0.00015,-0.01637,0.15061,-1.05514,10,37.923,362.9693,38.4141,178.1573,0.3425,-124.251,0.006,26.1043,0.5357
667,000667.png,False,1788794451.740655,1788794451.535955,shear_+Y_out,2,+Y,0.5,0.07251,0.19779,-1.07755,-0.00268,-0.0005,-0.00037,0.05307,0.16977,-1.10259,-0.00388,0.00059,0.0003,-0.02854,0.19027,-1.08096,10,37.9099,362.997,38.4121,178.1571,0.3429,-124.2516,0.0002,26.1028,0.5372
668,000668.png,False,1788794451.948672,1788794451.743972,shear_+Y_out,2,+Y,0.5,0.06017,0.25131,-1.08684,-0.00406,-0.0009,-0.00042,0.04068,0.22324,-1.11182,-0.00526,0.00019,0.00025,-0.06591,0.2303,-1.09115,11,37.8777,363.0307,38.4094,178.1577,0.3425,-124.2505,0.007,26.1008,0.5392
669,000669.png,False,1788794452.152724,1788794451.948024,shear_+Y_out,2,+Y,0.5,0.04605,0.29966,-1.08098,-0.00536,-0.00135,-0.00056,0.02652,0.27153,-1.10591,-0.00656,-0.00026,0.00012,-0.10233,0.26522,-1.0861,10,37.8543,363.0618,38.4103,178.158,0.3418,-124.249,0.0098,26.1024,0.5376
670,000670.png,False,1788794452.360695,1788794452.155995,shear_+Y_out,2,+Y,0.5,0.0475,0.33357,-1.09197,-0.00623,-0.00121,-0.00047,0.02793,0.30539,-1.11685,-0.00743,-0.00012,0.0002,-0.11794,0.29514,-1.09769,10,37.8393,363.0929,38.413,178.158,0.3417,-124.2497,0.0036,26.1057,0.5343
671,000671.png,False,1788794452.564740,1788794452.360040,shear_+Y_out,2,+Y,0.5,0.05176,0.36388,-1.08677,-0.007,-0.00113,-0.00049,0.03214,0.33564,-1.1116,-0.0082,-3e-05,0.00018,-0.12943,0.3236,-1.09302,11,37.8259,363.1178,38.4139,178.158,0.342,-124.2495,0.0001,26.1071,0.5329
672,000672.png,False,1788794455.248641,1788794455.043941,shear_+Y_out,2,+Y,0.5,0.0567,0.40166,-1.24988,-0.00808,-0.00124,-0.00047,0.03649,0.37271,-1.274,-0.00929,-0.00012,0.00019,-0.1429,0.35618,-1.25676,10,37.7941,363.1743,38.365,178.1587,0.3411,-124.2507,0.0043,26.0593,0.5807
673,000673.png,False,1788794455.456569,1788794455.251869,shear_+Y_out,2,+Y,0.5,0.06205,0.41679,-1.25421,-0.00837,-0.00098,-0.00055,0.04179,0.38779,-1.27828,-0.00958,0.00013,0.00011,-0.1458,0.37188,-1.26137,10,37.7913,363.1923,38.365,178.1584,0.3413,-124.2525,0.003,26.0596,0.5804
674,000674.png,False,1788794455.664652,1788794455.459952,shear_+Y_out,2,+Y,0.5,0.07878,0.45576,-1.247,-0.00939,-0.00056,-0.00052,0.05847,0.4267,-1.27102,-0.0106,0.00056,0.00014,-0.15082,0.4141,-1.25487,11,37.7854,363.2213,38.3682,178.1572,0.3422,-124.254,0.0098,26.0633,0.5767
675,000675.png,False,1788794455.868663,1788794455.663963,shear_+Y_out,2,+Y,0.5,0.0893,0.4818,-1.23507,-0.01009,-0.00029,-0.00055,0.06894,0.45268,-1.25903,-0.0113,0.00083,0.00011,-0.1548,0.4421,-1.24341,11,37.7826,363.2377,38.3722,178.1579,0.3417,-124.2544,0.0068,26.0676,0.5724
676,000676.png,False,1788794456.076688,1788794455.871988,shear_+Y_out,2,+Y,0.5,0.08882,0.49804,-1.20974,-0.01045,-0.0003,-0.00076,0.06843,0.46887,-1.23365,-0.01167,0.00083,-0.0001,-0.1635,0.45634,-1.21836,10,37.7695,363.2564,38.3735,178.1584,0.3412,-124.2549,0.0008,26.0693,0.5707
677,000677.png,False,1788794456.280650,1788794456.075950,shear_+Y_out,2,+Y,0.5,0.04423,0.52967,-1.24588,-0.01135,-0.00154,-0.00061,0.02378,0.50045,-1.26974,-0.01256,-0.00042,4e-05,-0.21769,0.46087,-1.25497,10,37.7306,363.258,38.3628,178.1608,0.3383,-124.2496,0.0011,26.059,0.581
678,000678.png,False,1788794456.488662,1788794456.283962,shear_+Y_out,2,+Y,0.5,0.02582,0.57206,-1.25028,-0.01242,-0.00199,-0.00065,0.00533,0.54278,-1.27409,-0.01363,-0.00087,0.0,-0.25478,0.48831,-1.26006,11,37.7114,363.2869,38.3658,178.1605,0.3389,-124.2483,0.008,26.0625,0.5775
679,000679.png,False,1788794456.900634,1788794456.695934,shear_+Y_out,2,+Y,0.5,0.04583,0.61998,-1.21168,-0.01372,-0.00162,-0.00088,0.02526,0.59059,-1.23537,-0.01494,-0.00049,-0.00023,-0.26165,0.54044,-1.22233,10,37.698,363.3251,38.3737,178.1582,0.3412,-124.249,0.002,26.0712,0.5688
680,000680.png,False,1788794457.108678,1788794456.903978,shear_+Y_back,2,+Y,0.0,0.04419,0.60418,-1.22567,-0.01337,-0.00165,-0.00077,0.02357,0.57474,-1.24931,-0.01459,-0.00052,-0.00012,-0.25508,0.52571,-1.23605,10,37.6968,363.3248,38.3726,178.1584,0.3411,-124.249,0.0054,26.07,0.57
681,000681.png,False,1788794457.312640,1788794457.107940,shear_+Y_back,2,+Y,0.0,0.04185,0.59517,-1.22344,-0.01304,-0.00163,-0.00083,0.02118,0.56567,-1.24703,-0.01425,-0.00049,-0.00018,-0.25263,0.51677,-1.23366,10,37.6982,363.322,38.3717,178.1587,0.3411,-124.2488,0.008,26.0691,0.5709
682,000682.png,False,1788794457.520555,1788794457.315855,shear_+Y_back,2,+Y,0.0,-0.01608,0.43689,-1.27977,-0.00891,-0.00314,-0.00065,-0.03679,0.40733,-1.30331,-0.01013,-0.00201,0.0,-0.22333,0.34984,-1.28712,10,37.7182,363.209,38.3504,178.1664,0.3329,-124.2457,0.0054,26.0459,0.5941
683,000683.png,False,1788794457.728702,1788794457.524002,shear_+Y_back,2,+Y,0.0,-0.03707,0.36419,-1.26595,-0.00711,-0.00365,-0.00059,-0.05783,0.33459,-1.28943,-0.00833,-0.00252,6e-05,-0.20529,0.27662,-1.272,11,37.7287,363.1586,38.3529,178.1666,0.3332,-124.2403,0.005,26.0474,0.5926
684,000684.png,False,1788794457.932666,1788794457.727966,shear_+Y_back,2,+Y,0.0,-0.06942,0.26314,-1.25863,-0.00439,-0.0044,-0.0006,-0.09022,0.23348,-1.28206,-0.00561,-0.00326,5e-05,-0.18287,0.17305,-1.26286,10,37.7453,363.1005,38.3606,178.1671,0.333,-124.2344,0.0022,26.0541,0.5859
685,000685.png,False,1788794458.140650,1788794457.935950,shear_+Y_back,2,+Y,0.0,-0.05677,0.15495,-1.16441,-0.0017,-0.00412,-0.00045,-0.07762,0.12524,-1.18779,-0.00292,-0.00298,0.0002,-0.11852,0.08718,-1.16681,10,37.8036,363.0495,38.4079,178.164,0.3364,-124.2285,0.0026,26.1002,0.5398
686,000686.png,False,1788794458.344626,1788794458.139926,shear_+Y_back,2,+Y,0.0,0.07152,0.07628,-0.99215,0.00038,-0.00063,-0.00057,0.05062,0.04651,-1.01547,-0.00084,0.00051,8e-05,0.03072,0.0859,-0.99347,11,37.9082,363.0211,38.431,178.1574,0.3435,-124.2392,0.0062,26.1221,0.5179
687,000687.png,False,1788794458.760628,1788794458.555928,shear_+Y_back,2,+Y,0.0,0.0839,0.05427,-1.05048,0.00101,-0.00031,-0.00059,0.06291,0.02439,-1.0737,-0.00021,0.00083,5e-05,0.05284,0.0721,-1.05143,10,37.9225,362.9969,38.4051,178.158,0.3428,-124.2427,0.0003,26.0957,0.5443
688,000688.png,False,1788794459.584631,1788794459.379931,shear_+Y_back,2,+Y,0.0,0.0201,0.06231,-1.08706,0.00085,-0.00197,-0.00033,-0.00108,0.03221,-1.11006,-0.00038,-0.00082,0.00031,-0.00619,0.04659,-1.08801,11,37.8929,362.9646,38.4039,178.1572,0.3434,-124.2412,0.0016,26.0942,0.5458
689,000689.png,False,1788794459.996620,1788794459.791920,shear_+X_out,3,+X,0.5,0.01778,0.04462,-1.19526,0.00131,-0.0022,-0.00045,-0.00348,0.01441,-1.21815,8e-05,-0.00104,0.00019,0.0014,0.02838,-1.19588,10,37.8983,362.9498,38.3696,178.1619,0.3389,-124.2416,0.0067,26.0596,0.5804
690,000690.png,False,1788794460.204613,1788794459.999913,shear_+X_out,3,+X,0.5,0.03397,0.05095,-1.19915,0.00119,-0.00176,-0.0004,0.01266,0.02069,-1.22199,-4e-05,-0.0006,0.00024,0.01228,0.04189,-1.19992,11,37.9165,362.9644,38.3693,178.1611,0.3394,-124.2427,0.008,26.0595,0.5805
691,000691.png,False,1788794460.408611,1788794460.203911,shear_+X_out,3,+X,0.5,0.08597,0.05497,-1.17717,0.00102,-0.00037,-0.00042,0.06462,0.02466,-1.19996,-0.00021,0.00078,0.00022,0.05517,0.07171,-1.17812,10,37.9359,362.9735,38.3752,178.1614,0.3392,-124.2429,0.0097,26.0654,0.5746
692,000692.png,False,1788794460.616612,1788794460.411912,shear_+X_out,3,+X,0.5,0.12233,0.05631,-1.17221,0.00101,0.00058,-0.00042,0.10093,0.02594,-1.19494,-0.00022,0.00174,0.00022,0.08595,0.09112,-1.17326,10,37.9644,362.99,38.3755,178.1612,0.34,-124.2427,0.0029,26.0657,0.5743
693,000693.png,False,1788794460.824618,1788794460.619918,shear_+X_out,3,+X,0.5,0.17455,0.05893,-1.18155,0.00097,0.00199,-0.00041,0.1531,0.0285,-1.20423,-0.00026,0.00315,0.00023,0.12994,0.11933,-1.18274,11,37.993,363.0071,38.3741,178.1609,0.3402,-124.2423,0.0038,26.0644,0.5756
694,000694.png,False,1788794461.028620,1788794460.823920,shear_+X_out,3,+X,0.5,0.22748,0.062,-1.17604,0.00085,0.00332,-0.00041,0.20599,0.03152,-1.19866,-0.00038,0.00448,0.00023,0.17422,0.14853,-1.17739,10,38.0232,363.0245,38.373,178.1611,0.3402,-124.2421,0.0064,26.0634,0.5766
695,000695.png,False,1788794461.236524,1788794461.031824,shear_+X_out,3,+X,0.5,0.26175,0.06593,-1.18833,0.00079,0.00425,-0.00037,0.24021,0.0354,-1.21089,-0.00045,0.00541,0.00027,0.20203,0.16885,-1.18981,10,38.0529,363.041,38.3698,178.1619,0.3396,-124.2418,0.0069,26.0602,0.5798
696,000696.png,False,1788794461.440622,1788794461.235922,shear_+X_out,3,+X,0.5,0.31309,0.06934,-1.19691,0.00065,0.00565,-0.00032,0.29151,0.03875,-1.21942,-0.00058,0.00682,0.00031,0.24486,0.19732,-1.19855,10,38.0835,363.0582,38.37,178.1615,0.3402,-124.2423,0.0042,26.0605,0.5795
697,000697.png,False,1788794462.060646,1788794461.855946,shear_+X_out,3,+X,0.5,0.36518,0.08726,-1.17666,0.00029,0.00702,-0.00045,0.34346,0.0565,-1.19901,-0.00094,0.00819,0.00019,0.28089,0.23919,-1.17872,10,38.1248,363.0915,38.373,178.1613,0.3401,-124.2407,0.0069,26.0637,0.5763
698,000698.png,False,1788794462.268609,1788794462.063909,shear_+X_out,3,+X,0.5,0.3957,0.08925,-1.1727,0.0002,0.00782,-0.00049,0.37394,0.05844,-1.195,-0.00104,0.00899,0.00014,0.3063,0.25623,-1.17486,11,38.1508,363.1031,38.3699,178.1615,0.34,-124.2414,0.0063,26.0606,0.5794
699,000699.png,False,1788794462.472606,1788794462.267906,shear_+X_out,3,+X,0.5,0.43146,0.08118,-1.21525,0.00049,0.0088,-0.00021,0.40965,0.05031,-1.2375,-0.00075,0.00997,0.00042,0.34161,0.26643,-1.21734,10,38.1777,363.1145,38.3682,178.1615,0.3398,-124.2427,0.004,26.0589,0.5811
700,000700.png,False,1788794462.680604,1788794462.475904,shear_+X_out,3,+X,0.5,0.45697,0.07137,-1.19959,0.0006,0.00941,-0.00035,0.43511,0.04045,-1.22178,-0.00064,0.01058,0.00028,0.36849,0.27093,-1.20156,10,38.2024,363.1201,38.3679,178.1622,0.339,-124.2429,0.0025,26.0585,0.5815
701,000701.png,False,1788794462.888597,1788794462.683897,shear_+X_out,3,+X,0.5,0.48113,0.0679,-1.19448,0.00072,0.01007,-0.00031,0.45923,0.03693,-1.21662,-0.00052,0.01124,0.00032,0.39112,0.28008,-1.19644,10,38.2226,363.131,38.3713,178.1623,0.339,-124.2423,0.009,26.062,0.578
702,000702.png,False,1788794463.092597,1788794462.887897,shear_+X_out,3,+X,0.5,0.50388,0.07923,-1.18694,0.00042,0.01065,-0.0004,0.48193,0.0482,-1.20903,-0.00082,0.01183,0.00023,0.40511,0.30138,-1.18914,10,38.2386,363.1493,38.3711,178.1617,0.3398,-124.2414,0.0087,26.062,0.578
703,000703.png,False,1788794463.712596,1788794463.507896,shear_+X_out,3,+X,0.5,0.56187,0.07341,-1.20873,0.00055,0.01224,-0.00019,0.53979,0.04222,-1.23065,-0.00069,0.01342,0.00044,0.4584,0.32497,-1.21094,10,38.2941,363.1741,38.3718,178.1616,0.3398,-124.2436,0.008,26.0626,0.5774
704,000704.png,False,1788794464.124605,1788794463.919905,shear_+X_back,3,+X,0.0,0.54406,0.07558,-1.19301,0.00054,0.01184,-0.00036,0.52189,0.04428,-1.21483,-0.0007,0.01303,0.00026,0.44179,0.3182,-1.19523,11,38.2942,363.1731,38.3714,178.1619,0.3395,-124.2433,0.0027,26.0622,0.5778
705,000705.png,False,1788794464.332587,1788794464.127887,shear_+X_back,3,+X,0.0,0.54034,0.07957,-1.18961,0.00045,0.01173,-0.00038,0.51812,0.04821,-1.21137,-0.00079,0.01292,0.00025,0.43654,0.31985,-1.19189,10,38.2934,363.1752,38.3714,178.1619,0.3395,-124.2431,0.0043,26.0623,0.5777
706,000706.png,False,1788794464.536626,1788794464.331926,shear_+X_back,3,+X,0.0,0.4647,0.00899,-1.23379,0.0022,0.00967,-0.00028,0.44244,-0.02242,-1.2555,0.00095,0.01086,0.00034,0.40659,0.22022,-1.23468,10,38.2475,363.1107,38.3532,178.167,0.3341,-124.2479,0.007,26.0434,0.5966
707,000707.png,False,1788794464.744586,1788794464.539886,shear_+X_back,3,+X,0.0,0.32256,0.05871,-1.276,0.00097,0.00597,-0.00024,0.30024,0.02724,-1.29766,-0.00028,0.00715,0.00039,0.25892,0.19158,-1.27747,11,38.1689,363.0925,38.3418,178.1668,0.3338,-124.2474,0.008,26.0322,0.6078
708,000708.png,False,1788794464.952588,1788794464.747888,shear_+X_back,3,+X,0.0,0.19262,0.06827,-1.34405,0.00084,0.00261,-0.00017,0.17026,0.03675,-1.36565,-0.0004,0.0038,0.00045,0.14206,0.13384,-1.34541,10,38.0848,363.0527,38.3296,178.1685,0.3315,-124.2468,0.0045,26.0199,0.6201
709,000709.png,False,1788794465.364499,1788794465.159799,shear_+X_back,3,+X,0.0,0.00694,0.09192,-1.16827,0.00015,-0.00238,-0.00044,-0.0155,0.06029,-1.18977,-0.0011,-0.00118,0.00018,-0.03181,0.06437,-1.1697,11,37.9577,362.984,38.3873,178.1644,0.3348,-124.2494,0.0004,26.0775,0.5625
710,000710.png,False,1788794465.568501,1788794465.363801,shear_+X_back,3,+X,0.0,-0.07177,0.0687,-1.15385,0.00071,-0.00438,-0.00031,-0.09426,0.03702,-1.17529,-0.00054,-0.00318,0.00031,-0.0885,0.00516,-1.15472,10,37.8875,363.0159,38.3734,178.1606,0.3383,-124.2512,0.0001,26.0645,0.5755
711,000711.png,False,1788794465.776578,1788794465.571878,shear_-X_out,3,-X,0.5,-0.05882,0.10705,-1.18121,-0.00025,-0.00411,-0.00043,-0.08136,0.07531,-1.2026,-0.0015,-0.00291,0.00019,-0.09625,0.0444,-1.18277,10,37.8991,362.9523,38.3731,178.1608,0.3382,-124.2485,0.007,26.0631,0.5769
712,000712.png,False,1788794465.984572,1788794465.779872,shear_-X_out,3,-X,0.5,-0.04033,0.11971,-1.21445,-0.0006,-0.00366,-0.00047,-0.06291,0.08792,-1.23578,-0.00186,-0.00246,0.00015,-0.08632,0.06408,-1.21626,11,37.8981,362.9494,38.3544,178.1632,0.3357,-124.2496,0.0071,26.0445,0.5955
713,000713.png,False,1788794466.188581,1788794465.983881,shear_-X_out,3,-X,0.5,-0.06639,0.04247,-1.22887,0.00145,-0.0043,-0.00051,-0.08902,0.01062,-1.25015,0.00019,-0.0031,0.00011,-0.07021,-0.01608,-1.22929,10,37.8962,362.9323,38.3559,178.164,0.3346,-124.2531,0.0096,26.0457,0.5943
714,000714.png,False,1788794466.396559,1788794466.191859,shear_-X_out,3,-X,0.5,-0.10624,0.06209,-1.21325,0.00091,-0.00533,-0.00045,-0.12892,0.03019,-1.23448,-0.00034,-0.00413,0.00017,-0.11464,-0.01875,-1.21393,10,37.8519,362.9276,38.3642,178.1633,0.3358,-124.2511,0.0038,26.0542,0.5858
715,000715.png,False,1788794466.600575,1788794466.395875,shear_-X_out,3,-X,0.5,-0.1681,0.09352,-1.19101,-1e-05,-0.00703,-0.00046,-0.19082,0.06156,-1.21218,-0.00126,-0.00583,0.00015,-0.18408,-0.02207,-1.19212,10,37.805,362.9185,38.3699,178.1625,0.3361,-124.2494,0.0013,26.0601,0.5799
716,000716.png,False,1788794466.808599,1788794466.603899,shear_-X_out,3,-X,0.5,-0.21396,0.09554,-1.21129,1e-05,-0.00831,-0.00041,-0.23672,0.06353,-1.23241,-0.00125,-0.00711,0.00021,-0.22467,-0.04356,-1.21233,10,37.7758,362.8994,38.3641,178.1617,0.3368,-124.2481,0.0055,26.0542,0.5858
717,000717.png,False,1788794467.016485,1788794466.811785,shear_-X_out,3,-X,0.5,-0.24878,0.09403,-1.22849,0.0001,-0.00924,-0.00037,-0.2716,0.06196,-1.24955,-0.00115,-0.00804,0.00024,-0.25396,-0.06255,-1.22943,10,37.7506,362.8845,38.3615,178.1621,0.3364,-124.2498,0.008,26.0515,0.5885
718,000718.png,False,1788794467.220490,1788794467.015790,shear_-X_out,3,-X,0.5,-0.2739,0.11181,-1.22838,-0.00035,-0.00983,-0.00046,-0.29676,0.07969,-1.24939,-0.00161,-0.00862,0.00016,-0.28461,-0.0597,-1.22958,10,37.7212,362.885,38.3603,178.1603,0.3382,-124.2488,0.0057,26.0505,0.5895
719,000719.png,False,1788794467.840572,1788794467.635872,shear_-X_out,3,-X,0.5,-0.32199,0.12155,-1.21753,-0.00056,-0.01111,-0.00041,-0.34499,0.08927,-1.23837,-0.00182,-0.0099,0.00021,-0.3312,-0.07512,-1.2188,10,37.6676,362.8474,38.3666,178.1608,0.3375,-124.2509,0.0029,26.0566,0.5834
720,000720.png,False,1788794468.048561,1788794467.843861,shear_-X_out,3,-X,0.5,-0.35001,0.10594,-1.25183,-0.00022,-0.01194,-0.0003,-0.37305,0.0736,-1.27262,-0.00148,-0.01073,0.00031,-0.34743,-0.10319,-1.25277,10,37.6479,362.8409,38.3577,178.1602,0.338,-124.2507,0.0095,26.0477,0.5923
721,000721.png,False,1788794468.252607,1788794468.047907,shear_-X_out,3,-X,0.5,-0.38146,0.10815,-1.26814,-0.0002,-0.01275,-0.00037,-0.40454,0.07576,-1.28888,-0.00146,-0.01154,0.00024,-0.37567,-0.11725,-1.26906,10,37.6211,362.8263,38.3549,178.1614,0.3372,-124.2501,0.0082,26.0448,0.5952
722,000722.png,False,1788794468.460577,1788794468.255877,shear_-X_out,3,-X,0.5,-0.41174,0.11582,-1.24889,-0.00043,-0.01353,-0.00042,-0.43487,0.08337,-1.26958,-0.00169,-0.01231,0.00019,-0.40586,-0.12543,-1.24989,10,37.5985,362.818,38.362,178.1609,0.3376,-124.2494,0.0017,26.052,0.588
723,000723.png,False,1788794468.664563,1788794468.459863,shear_-X_out,3,-X,0.5,-0.43433,0.11879,-1.22478,-0.00056,-0.01422,-0.00057,-0.45751,0.08629,-1.24541,-0.00182,-0.013,4e-05,-0.42708,-0.13376,-1.22578,11,37.5754,362.806,38.3617,178.1597,0.339,-124.2492,0.0008,26.0517,0.5883
724,000724.png,False,1788794468.872567,1788794468.667867,shear_-X_out,3,-X,0.5,-0.46307,0.1175,-1.23426,-0.00047,-0.01496,-0.00052,-0.48629,0.08494,-1.25485,-0.00173,-0.01374,9e-05,-0.45126,-0.14939,-1.23519,10,37.5482,362.7934,38.3666,178.1598,0.3387,-124.2507,0.0072,26.0566,0.5834
725,000725.png,False,1788794469.080476,1788794468.875776,shear_-X_out,3,-X,0.5,-0.48474,0.1257,-1.23764,-0.00067,-0.01552,-0.00037,-0.50801,0.09309,-1.25817,-0.00193,-0.0143,0.00023,-0.47412,-0.15317,-1.23867,10,37.5267,362.7827,38.3683,178.1602,0.3384,-124.2494,0.0059,26.0582,0.5818
726,000726.png,False,1788794469.904545,1788794469.699845,shear_-X_back,3,-X,0.0,-0.50982,0.12987,-1.24017,-0.0008,-0.01634,-0.00041,-0.53327,0.09704,-1.26048,-0.00206,-0.01511,0.00019,-0.4979,-0.16213,-1.24121,11,37.4863,362.7656,38.3676,178.159,0.3391,-124.2494,0.0051,26.0576,0.5824
727,000727.png,False,1788794470.112529,1788794469.907829,shear_-X_back,3,-X,0.0,-0.50353,0.1298,-1.2402,-0.00074,-0.01609,-0.00042,-0.52703,0.09691,-1.26046,-0.00201,-0.01486,0.00018,-0.49242,-0.15905,-1.24125,10,37.4856,362.7665,38.3684,178.1588,0.3396,-124.2492,0.0017,26.0584,0.5816
728,000728.png,False,1788794470.316589,1788794470.111889,shear_-X_back,3,-X,0.0,-0.455,0.1993,-1.20852,-0.0026,-0.0149,-0.00044,-0.47854,0.16636,-1.22872,-0.00387,-0.01367,0.00017,-0.48532,-0.0741,-1.21088,10,37.4887,362.828,38.3848,178.1544,0.3446,-124.2403,0.0042,26.0757,0.5643
729,000729.png,False,1788794470.524534,1788794470.319834,shear_-X_back,3,-X,0.0,-0.31226,0.18404,-1.15016,-0.00219,-0.01109,-0.00048,-0.33585,0.15104,-1.17031,-0.00346,-0.00986,0.00013,-0.35446,-0.01506,-1.15255,11,37.5877,362.8473,38.3924,178.1544,0.345,-124.2449,0.0081,26.0829,0.5571
730,000730.png,False,1788794470.732462,1788794470.527762,shear_-X_back,3,-X,0.0,-0.16482,0.16149,-1.08036,-0.00164,-0.00715,-0.00061,-0.18845,0.12844,-1.10045,-0.00291,-0.00592,-1e-05,-0.21596,0.04021,-1.08266,10,37.6715,362.8925,38.4049,178.1503,0.3499,-124.2432,0.0075,26.0955,0.5445
731,000731.png,False,1788794470.936461,1788794470.731761,shear_-X_back,3,-X,0.0,-0.06779,0.13332,-1.07978,-0.00092,-0.00463,-0.00055,-0.09147,0.10021,-1.09983,-0.00219,-0.0034,5e-05,-0.11784,0.06429,-1.08179,10,37.7443,362.9158,38.3931,178.1497,0.3509,-124.2428,0.0098,26.0836,0.5564
732,000732.png,False,1788794471.556466,1788794471.351766,shear_-X_back,3,-X,0.0,0.11526,0.08522,-1.24134,0.00029,0.00012,-0.00043,0.09144,0.05194,-1.26123,-0.00099,0.00136,0.00017,0.06587,0.11151,-1.24286,10,37.8769,363.0243,38.3594,178.1579,0.3432,-124.2405,0.0117,26.0508,0.5892
733,000733.png,False,1788794471.764542,1788794471.559842,shear_-Y_out,3,-Y,0.5,0.09432,0.09128,-1.18133,0.00019,-0.00035,-0.0005,0.07046,0.05795,-1.20115,-0.00108,0.0009,0.0001,0.04429,0.10726,-1.18292,11,37.8916,362.9472,38.3785,178.1585,0.3426,-124.2408,0.0047,26.0685,0.5715
734,000734.png,False,1788794472.176541,1788794471.971841,shear_-Y_out,3,-Y,0.5,0.07624,0.07678,-1.1463,0.00059,-0.00084,-0.00052,0.05229,0.04335,-1.16602,-0.00069,0.00041,8e-05,0.03563,0.08623,-1.14761,10,37.8932,362.9538,38.3735,178.1567,0.3446,-124.2388,0.0027,26.0636,0.5764
735,000735.png,False,1788794472.588552,1788794472.383852,shear_-Y_out,3,-Y,0.5,0.0782,-0.02071,-1.22754,0.00313,-0.00066,-0.0003,0.05415,-0.05426,-1.24715,0.00185,0.00059,0.0003,0.08659,0.00147,-1.22715,10,37.9377,362.8968,38.3532,178.1586,0.3425,-124.2412,0.0081,26.0422,0.5978
736,000736.png,False,1788794472.796520,1788794472.591820,shear_-Y_out,3,-Y,0.5,0.0788,-0.08827,-1.26691,0.00492,-0.00071,-0.00023,0.05471,-0.12187,-1.28647,0.00364,0.00054,0.00037,0.12114,-0.05737,-1.26535,10,37.9586,362.8614,38.3477,178.1593,0.3418,-124.2416,0.0017,26.0359,0.6041
737,000737.png,False,1788794473.000533,1788794472.795833,shear_-Y_out,3,-Y,0.5,0.06737,-0.13118,-1.23138,0.006,-0.00092,-0.00019,0.04324,-0.16484,-1.25088,0.00472,0.00033,0.0004,0.13244,-0.09968,-1.22905,10,37.9713,362.8355,38.3676,178.1584,0.3427,-124.2416,0.0006,26.0553,0.5847
738,000738.png,False,1788794473.208556,1788794473.003856,shear_-Y_out,3,-Y,0.5,0.05673,-0.1675,-1.1471,0.00687,-0.00123,-0.00029,0.03255,-0.20121,-1.16655,0.00559,2e-05,0.00031,0.14078,-0.1351,-1.14414,10,37.9822,362.8063,38.3803,178.1579,0.3434,-124.241,0.0067,26.0675,0.5725
739,000739.png,False,1788794473.412571,1788794473.207871,shear_-Y_out,3,-Y,0.5,0.04611,-0.19668,-1.13569,0.00767,-0.00142,-0.00033,0.02188,-0.23045,-1.15509,0.00639,-0.00017,0.00026,0.14608,-0.16549,-1.1322,10,37.9931,362.7813,38.3804,178.1582,0.3434,-124.2412,0.0094,26.0671,0.5729
740,000740.png,False,1788794474.240518,1788794474.035818,shear_-Y_out,3,-Y,0.5,0.05576,-0.23877,-1.14316,0.00882,-0.00116,-0.00016,0.03135,-0.27275,-1.16234,0.00754,0.0001,0.00043,0.17552,-0.19724,-1.13895,10,38.0276,362.7443,38.3831,178.158,0.3434,-124.2425,0.0097,26.0689,0.5711
741,000741.png,False,1788794475.892517,1788794475.687817,shear_-Y_out,3,-Y,0.5,0.03467,-0.23812,-1.22482,0.00886,-0.00174,-0.00023,0.0099,-0.27254,-1.24357,0.00757,-0.00046,0.00035,0.1575,-0.20852,-1.22058,10,38.0308,362.7161,38.3486,178.1586,0.3424,-124.2425,0.0099,26.0339,0.6061
742,000742.png,False,1788794476.096527,1788794475.891827,shear_-Y_out,3,-Y,0.5,0.01948,-0.2722,-1.26001,0.00981,-0.00212,-0.00023,-0.00534,-0.30667,-1.27871,0.00852,-0.00085,0.00036,0.16161,-0.24619,-1.25514,10,38.0353,362.6977,38.3417,178.1594,0.3417,-124.2416,0.0074,26.0268,0.6132
743,000743.png,False,1788794476.304513,1788794476.099813,shear_-Y_out,3,-Y,0.5,0.00778,-0.30289,-1.30847,0.01062,-0.00253,-9e-05,-0.01708,-0.33742,-1.32712,0.00933,-0.00125,0.0005,0.16715,-0.2794,-1.30304,11,38.0385,362.6706,38.3299,178.1603,0.3408,-124.239,0.0007,26.0145,0.6255
744,000744.png,False,1788794476.508508,1788794476.303808,shear_-Y_out,3,-Y,0.5,-0.01036,-0.34379,-1.31718,0.01161,-0.00293,-0.00019,-0.03527,-0.37838,-1.33578,0.01032,-0.00165,0.00039,0.17192,-0.32403,-1.311,10,38.0458,362.6395,38.3225,178.1617,0.3398,-124.2364,0.0021,26.0065,0.6335
745,000745.png,False,1788794476.716493,1788794476.511793,shear_-Y_out,3,-Y,0.5,-0.009,-0.38926,-1.31816,0.0129,-0.00286,-0.0001,-0.03396,-0.4239,-1.3367,0.01161,-0.00158,0.00048,0.19582,-0.36274,-1.31119,10,38.0758,362.6118,38.3356,178.1602,0.3414,-124.2388,0.0091,26.019,0.621
746,000746.png,False,1788794476.924427,1788794476.719727,shear_-Y_out,3,-Y,0.5,0.03116,-0.43006,-1.22781,0.0139,-0.0017,-0.00014,0.00616,-0.46476,-1.24629,0.01261,-0.00041,0.00044,0.25037,-0.37656,-1.22022,11,38.1066,362.5947,38.36,178.1564,0.3451,-124.2416,0.0043,26.0429,0.5971
747,000747.png,False,1788794477.128427,1788794476.923727,shear_-Y_out,3,-Y,0.5,0.04412,-0.46374,-1.18009,0.01464,-0.0015,-0.00023,0.01908,-0.49849,-1.19852,0.01334,-0.00022,0.00035,0.2781,-0.39849,-1.17196,10,38.1282,362.5653,38.3629,178.1572,0.3444,-124.2434,0.0015,26.0451,0.5949
748,000748.png,False,1788794477.956419,1788794477.751719,shear_-Y_back,3,-Y,0.0,0.04528,-0.48989,-1.18395,0.01537,-0.00135,-0.00019,0.02005,-0.52486,-1.20217,0.01407,-6e-05,0.00039,0.29219,-0.42062,-1.17537,10,38.1556,362.5321,38.3648,178.157,0.3446,-124.2443,0.0011,26.0463,0.5937
749,000749.png,False,1788794478.160504,1788794477.955804,shear_-Y_back,3,-Y,0.0,0.0434,-0.48496,-1.17857,0.01533,-0.00135,-0.00019,0.01812,-0.51998,-1.19674,0.01403,-6e-05,0.00038,0.28806,-0.4172,-1.17007,10,38.1561,362.529,38.364,178.1573,0.3443,-124.2443,0.0031,26.0455,0.5945
750,000750.png,False,1788794478.368483,1788794478.163783,shear_-Y_back,3,-Y,0.0,0.09259,-0.3442,-1.11353,0.01167,-0.00012,-0.00027,0.06727,-0.37928,-1.13164,0.01037,0.00117,0.00031,0.25989,-0.26967,-1.10758,10,38.1397,362.6241,38.3894,178.1505,0.3512,-124.2478,0.0036,26.0726,0.5674
751,000751.png,False,1788794478.572509,1788794478.367809,shear_-Y_back,3,-Y,0.0,0.11559,-0.25833,-1.06591,0.00937,0.00052,-0.00026,0.09022,-0.29346,-1.08396,0.00807,0.00181,0.00031,0.23658,-0.18305,-1.0615,10,38.1268,362.6682,38.3999,178.1512,0.3503,-124.2515,0.0024,26.0838,0.5562
752,000752.png,False,1788794478.780496,1788794478.575796,shear_-Y_back,3,-Y,0.0,0.14737,-0.14303,-1.00305,0.0064,0.00128,-0.0003,0.12196,-0.17822,-1.02105,0.0051,0.00258,0.00027,0.20607,-0.06631,-1.00071,10,38.0989,362.7611,38.4202,178.1467,0.3547,-124.2589,0.0024,26.1058,0.5342
753,000753.png,False,1788794478.988491,1788794478.783791,shear_-Y_back,3,-Y,0.0,0.09614,-0.01949,-1.05186,0.00325,-8e-05,-0.00039,0.07069,-0.05473,-1.06981,0.00195,0.00122,0.00018,0.10031,0.01431,-1.05155,10,38.0177,362.8182,38.3953,178.1478,0.3531,-124.2571,0.0014,26.0824,0.5576
754,000754.png,False,1788794479.812489,1788794479.607789,shear_+Y_out,3,+Y,0.5,0.02929,0.16985,-1.21057,-0.00173,-0.00199,-0.00054,0.00365,0.13439,-1.2283,-0.00303,-0.00069,3e-05,-0.0511,0.14234,-1.21339,10,37.8919,362.9897,38.3451,178.1565,0.3439,-124.2569,0.0008,26.0358,0.6042
755,000755.png,False,1788794480.020525,1788794479.815825,shear_+Y_out,3,+Y,0.5,0.04536,0.19965,-1.24471,-0.00241,-0.00155,-0.00051,0.01967,0.16413,-1.26239,-0.00372,-0.00024,6e-05,-0.05183,0.17563,-1.24807,10,37.8982,362.9533,38.3498,178.1586,0.3416,-124.2584,0.0035,26.0399,0.6001
756,000756.png,False,1788794480.224515,1788794480.019815,shear_+Y_out,3,+Y,0.5,0.04574,0.19626,-1.20733,-0.00242,-0.00158,-0.00048,0.02,0.16069,-1.22496,-0.00373,-0.00027,9e-05,-0.05007,0.17348,-1.21064,11,37.8903,362.9894,38.3642,178.156,0.344,-124.2586,0.0062,26.0549,0.5851
757,000757.png,False,1788794480.432522,1788794480.227822,shear_+Y_out,3,+Y,0.5,0.06089,0.24953,-1.16488,-0.00377,-0.00109,-0.00052,0.03512,0.2139,-1.18245,-0.00508,0.00022,5e-05,-0.06385,0.22788,-1.16915,10,37.8771,363.0244,38.3786,178.1549,0.345,-124.2588,0.0076,26.07,0.57
758,000758.png,False,1788794480.636491,1788794480.431791,shear_+Y_out,3,+Y,0.5,0.05233,0.30858,-1.1303,-0.00533,-0.00137,-0.00059,0.02651,0.2729,-1.14782,-0.00664,-5e-05,-3e-05,-0.10101,0.27529,-1.13558,10,37.8468,363.0589,38.385,178.1542,0.346,-124.258,0.0053,26.0771,0.5629
759,000759.png,False,1788794480.844500,1788794480.639800,shear_+Y_out,3,+Y,0.5,0.03671,0.35824,-1.13954,-0.00662,-0.00177,-0.00067,0.01084,0.3225,-1.15701,-0.00793,-0.00046,-0.00011,-0.13929,0.31035,-1.14565,11,37.8213,363.0921,38.3769,178.1549,0.3451,-124.2575,0.0015,26.0698,0.5702
760,000760.png,False,1788794481.052499,1788794480.847799,shear_+Y_out,3,+Y,0.5,0.03304,0.39453,-1.19702,-0.00756,-0.0018,-0.00075,0.00713,0.35874,-1.21443,-0.00887,-0.00049,-0.00018,-0.1602,0.33903,-1.20375,10,37.8048,363.1149,38.3588,178.1569,0.343,-124.2575,0.0081,26.0521,0.5879
761,000761.png,False,1788794481.256478,1788794481.051778,shear_+Y_out,3,+Y,0.5,0.02774,0.42557,-1.25007,-0.00834,-0.00197,-0.00071,0.00178,0.38973,-1.26742,-0.00965,-0.00065,-0.00015,-0.17993,0.36241,-1.25731,10,37.7884,363.1368,38.343,178.1588,0.3406,-124.2579,0.0094,26.0368,0.6032
762,000762.png,False,1788794481.464487,1788794481.259787,shear_+Y_out,3,+Y,0.5,0.03162,0.46023,-1.29091,-0.00925,-0.00195,-0.00062,0.00561,0.42433,-1.30822,-0.01056,-0.00063,-5e-05,-0.1936,0.39371,-1.29876,11,37.7766,363.1611,38.34,178.1585,0.3409,-124.2586,0.0025,26.0343,0.6057
763,000763.png,False,1788794483.320486,1788794483.115786,shear_+Y_out,3,+Y,0.5,0.03653,0.46418,-1.29801,-0.00941,-0.00181,-0.00076,0.01011,0.42778,-1.31483,-0.01073,-0.00047,-0.0002,-0.19127,0.39947,-1.30594,10,37.7633,363.1887,38.3309,178.158,0.3415,-124.2599,0.0079,26.0257,0.6143
764,000764.png,False,1788794483.528488,1788794483.323788,shear_+Y_out,3,+Y,0.5,0.0395,0.49826,-1.30969,-0.01025,-0.00177,-0.00074,0.01304,0.46181,-1.32645,-0.01157,-0.00043,-0.00019,-0.20564,0.43028,-1.31821,10,37.7521,363.2147,38.3323,178.1577,0.3421,-124.2599,0.0013,26.0276,0.6124
765,000765.png,False,1788794483.732477,1788794483.527777,shear_+Y_out,3,+Y,0.5,0.03884,0.53611,-1.31566,-0.01122,-0.00186,-0.00068,0.01233,0.49961,-1.33237,-0.01254,-0.00053,-0.00013,-0.22509,0.46264,-1.32483,10,37.7351,363.2384,38.3341,178.1574,0.3421,-124.2588,0.0017,26.0299,0.6101
766,000766.png,False,1788794483.940467,1788794483.735767,shear_+Y_out,3,+Y,0.5,0.02968,0.55972,-1.32069,-0.01181,-0.00205,-0.00061,0.00313,0.52317,-1.33735,-0.01313,-0.00071,-5e-05,-0.24478,0.47844,-1.33025,10,37.7211,363.2494,38.336,178.1586,0.3408,-124.2586,0.0087,26.032,0.608
767,000767.png,False,1788794484.148484,1788794483.943784,shear_+Y_out,3,+Y,0.5,0.02372,0.58653,-1.31739,-0.01255,-0.00218,-0.00064,-0.00288,0.54992,-1.33399,-0.01388,-0.00084,-8e-05,-0.26336,0.49873,-1.3274,10,37.7093,363.2678,38.3357,178.1592,0.3405,-124.2579,0.0044,26.0321,0.6079
768,000768.png,False,1788794485.180463,1788794484.975763,shear_+Y_back,3,+Y,0.0,0.01025,0.63501,-1.3167,-0.01385,-0.00259,-0.00074,-0.01657,0.59813,-1.33303,-0.01518,-0.00124,-0.00019,-0.29926,0.53399,-1.32753,10,37.6738,363.3116,38.335,178.1592,0.34,-124.2573,0.0023,26.0324,0.6076
769,000769.png,False,1788794485.384471,1788794485.179771,shear_+Y_back,3,+Y,0.0,0.01061,0.62764,-1.32626,-0.0137,-0.00258,-0.00068,-0.01626,0.5907,-1.34254,-0.01503,-0.00123,-0.00013,-0.29519,0.52764,-1.33696,11,37.6746,363.3099,38.3335,178.1597,0.3399,-124.257,0.0025,26.0309,0.6091
770,000770.png,False,1788794485.592509,1788794485.387809,shear_+Y_back,3,+Y,0.0,-0.04042,0.47638,-1.3894,-0.00966,-0.00388,-0.00051,-0.06734,0.43938,-1.40563,-0.01099,-0.00253,4e-05,-0.26339,0.37012,-1.39737,10,37.6933,363.2091,38.3125,178.1663,0.3331,-124.2542,0.0045,26.0081,0.6319
771,000771.png,False,1788794485.800506,1788794485.595806,shear_+Y_back,3,+Y,0.0,-0.06061,0.40591,-1.39786,-0.0079,-0.00445,-0.00066,-0.08757,0.36886,-1.41404,-0.00923,-0.00309,-0.00011,-0.24561,0.29887,-1.40457,10,37.7035,363.16,38.2997,178.1671,0.3326,-124.2453,0.0035,25.9944,0.6456
772,000772.png,False,1788794486.004464,1788794485.799764,shear_+Y_back,3,+Y,0.0,-0.09225,0.30213,-1.43453,-0.00522,-0.00522,-0.00053,-0.11926,0.26503,-1.45065,-0.00655,-0.00387,2e-05,-0.22092,0.19259,-1.43936,11,37.7246,363.0931,38.2946,178.1689,0.3311,-124.2413,0.0046,25.9881,0.6519
773,000773.png,False,1788794486.212481,1788794486.007782,shear_+Y_back,3,+Y,0.0,-0.057,0.17856,-1.34957,-0.00201,-0.0043,-0.00044,-0.08406,0.1414,-1.36564,-0.00334,-0.00295,0.0001,-0.12923,0.10454,-1.35235,10,37.8125,363.0483,38.3433,178.166,0.3344,-124.2414,0.0044,26.0355,0.6045
774,000774.png,False,1788794486.416506,1788794486.211806,shear_+Y_back,3,+Y,0.0,0.06964,0.09681,-1.16689,9e-05,-0.00084,-0.00043,0.04254,0.0596,-1.18291,-0.00124,0.00052,0.00011,0.02004,0.09995,-1.16853,10,37.8795,363.0242,38.3716,178.1608,0.34,-124.2475,0.005,26.063,0.577
775,000775.png,False,1788794486.832377,1788794486.627677,shear_+Y_back,3,+Y,0.0,0.03507,0.03289,-1.20787,0.0018,-0.00176,-0.00046,0.00788,-0.00444,-1.22378,0.00046,-0.00041,9e-05,0.02232,0.02665,-1.20833,10,37.8955,362.9558,38.3604,178.1611,0.3397,-124.2486,0.0017,26.0505,0.5895
776,000776.png,False,1788794487.036474,1788794486.831774,shear_+X_out,4,+X,0.5,0.03175,0.03878,-1.17131,0.00171,-0.00176,-0.00053,0.00452,0.0014,-1.18717,0.00037,-0.00039,1e-05,0.01625,0.03069,-1.17187,10,37.8943,362.9601,38.3615,178.1602,0.3403,-124.2494,0.0043,26.0517,0.5883
777,000777.png,False,1788794487.448443,1788794487.243743,shear_+X_out,4,+X,0.5,0.06068,0.07921,-1.18109,0.00065,-0.0011,-0.00053,0.03335,0.04173,-1.19683,-0.00069,0.00026,1e-05,0.02117,0.08001,-1.1824,10,37.9109,362.9832,38.3577,178.1593,0.3415,-124.2462,0.0085,26.0482,0.5918
778,000778.png,False,1788794487.656451,1788794487.451751,shear_+X_out,4,+X,0.5,0.12756,0.04876,-1.18359,0.00144,0.00068,-0.00062,0.10019,0.01122,-1.19928,0.0001,0.00204,-8e-05,0.09434,0.08701,-1.18451,10,37.9588,362.988,38.3533,178.1598,0.3411,-124.2503,0.0052,26.0435,0.5965
779,000779.png,False,1788794487.864483,1788794487.659783,shear_+X_out,4,+X,0.5,0.17801,0.03318,-1.20629,0.00184,0.002,-0.00052,0.15059,-0.00442,-1.22193,0.0005,0.00337,2e-05,0.14598,0.09836,-1.20704,11,37.9946,362.9961,38.35,178.1615,0.3393,-124.2494,0.0011,26.0401,0.5999
780,000780.png,False,1788794488.068453,1788794487.863753,shear_+X_out,4,+X,0.5,0.2299,0.04738,-1.20368,0.00145,0.00332,-0.00048,0.20244,0.00973,-1.21927,0.00011,0.00469,6e-05,0.18382,0.13663,-1.20478,10,38.0169,363.0204,38.3536,178.1612,0.3401,-124.2499,0.0033,26.0439,0.5961
781,000781.png,False,1788794488.276453,1788794488.071753,shear_+X_out,4,+X,0.5,0.26942,0.08607,-1.17757,0.00049,0.00444,-0.00055,0.24191,0.04836,-1.1931,-0.00085,0.00581,-1e-05,0.19854,0.1903,-1.17942,10,38.0398,363.0596,38.3634,178.1592,0.3419,-124.2508,0.01,26.0542,0.5858
782,000782.png,False,1788794488.480455,1788794488.275755,shear_+X_out,4,+X,0.5,0.31749,0.09685,-1.15984,0.00019,0.00572,-0.00047,0.28994,0.05909,-1.17532,-0.00115,0.00709,7e-05,0.23467,0.22394,-1.16198,10,38.0754,363.0706,38.3707,178.1593,0.3421,-124.2505,0.0078,26.0615,0.5785
783,000783.png,False,1788794488.688467,1788794488.483767,shear_+X_out,4,+X,0.5,0.34583,0.08586,-1.15385,0.00038,0.00643,-0.00042,0.31823,0.04804,-1.16928,-0.00096,0.0078,0.00012,0.26467,0.22867,-1.15586,10,38.0973,363.081,38.3688,178.1596,0.3419,-124.2499,0.0009,26.0595,0.5805
784,000784.png,False,1788794489.100456,1788794488.895756,shear_+X_out,4,+X,0.5,0.3646,0.08232,-1.20958,0.00056,0.00695,-0.00049,0.33691,0.0444,-1.22489,-0.00078,0.00833,4e-05,0.28307,0.2341,-1.21155,10,38.1234,363.0923,38.3493,178.1619,0.3395,-124.2488,0.0077,26.0401,0.5999
785,000785.png,False,1788794489.308449,1788794489.103749,shear_+X_out,4,+X,0.5,0.40105,0.09119,-1.19954,0.00033,0.00788,-0.00054,0.37331,0.05321,-1.2148,-0.00101,0.00926,-0.0,0.31015,0.26015,-1.20174,10,38.1444,363.1038,38.3542,178.1613,0.3399,-124.2497,0.0058,26.045,0.595
786,000786.png,False,1788794489.512453,1788794489.307753,shear_+X_out,4,+X,0.5,0.42814,0.08907,-1.19455,0.00038,0.0086,-0.00042,0.40035,0.05104,-1.20976,-0.00097,0.00998,0.00011,0.33464,0.27193,-1.19677,10,38.1669,363.114,38.3591,178.1607,0.3403,-124.2503,0.0034,26.0499,0.5901
787,000787.png,False,1788794489.720367,1788794489.515667,shear_+X_out,4,+X,0.5,0.46016,0.08344,-1.17792,0.00047,0.00946,-0.00052,0.43233,0.04536,-1.19307,-0.00088,0.01084,1e-05,0.36507,0.28332,-1.18011,10,38.1951,363.1278,38.3616,178.1603,0.3409,-124.2499,0.0034,26.0524,0.5876
788,000788.png,False,1788794489.928441,1788794489.723741,shear_+X_out,4,+X,0.5,0.48368,0.07737,-1.17926,0.00072,0.01008,-0.00047,0.4558,0.03923,-1.19436,-0.00063,0.01146,6e-05,0.38849,0.28979,-1.18139,10,38.2159,363.1347,38.3602,178.1614,0.34,-124.2497,0.0097,26.051,0.589
789,000789.png,False,1788794490.132447,1788794489.927747,shear_+X_out,4,+X,0.5,0.50634,0.08882,-1.17978,0.00036,0.01066,-0.00052,0.47842,0.05062,-1.19482,-0.00098,0.01204,2e-05,0.40241,0.31103,-1.18215,10,38.2328,363.152,38.3583,178.1611,0.3401,-124.2494,0.0072,26.0492,0.5908
790,000790.png,False,1788794490.340364,1788794490.135664,shear_+X_out,4,+X,0.5,0.53651,0.09685,-1.18511,0.00014,0.01149,-0.00053,0.50854,0.0586,-1.20011,-0.00121,0.01288,-0.0,0.42456,0.33297,-1.18768,10,38.2612,363.1692,38.3581,178.1604,0.341,-124.2512,0.0008,26.0492,0.5908
791,000791.png,False,1788794490.752469,1788794490.547769,shear_+X_out,4,+X,0.5,0.56635,0.07876,-1.21527,0.00062,0.01231,-0.00044,0.5383,0.0404,-1.23016,-0.00073,0.01369,9e-05,0.45966,0.33174,-1.21758,10,38.2874,363.174,38.3517,178.1619,0.3399,-124.2501,0.0079,26.0426,0.5974
792,000792.png,False,1788794491.164441,1788794490.959741,shear_+X_back,4,+X,0.0,0.54867,0.08337,-1.21655,0.00051,0.0119,-0.0004,0.52052,0.0449,-1.23133,-0.00085,0.01329,0.00012,0.44204,0.32687,-1.2189,11,38.2872,363.1769,38.3528,178.1615,0.3401,-124.2503,0.0032,26.0437,0.5963
793,000793.png,False,1788794491.372437,1788794491.167737,shear_+X_back,4,+X,0.0,0.54528,0.08431,-1.21698,0.00052,0.01175,-0.00039,0.51708,0.04579,-1.2317,-0.00083,0.01315,0.00013,0.43864,0.32599,-1.21934,10,38.2891,363.1735,38.3526,178.1617,0.3397,-124.2505,0.0029,26.0435,0.5965
794,000794.png,False,1788794491.576468,1788794491.371768,shear_+X_back,4,+X,0.0,0.48424,0.0044,-1.26433,0.00259,0.01022,-0.00028,0.456,-0.03418,-1.279,0.00124,0.01161,0.00025,0.42602,0.22551,-1.26518,10,38.2617,363.1124,38.3378,178.1664,0.3345,-124.2581,0.0056,26.0279,0.6121
795,000795.png,False,1788794491.784432,1788794491.579732,shear_+X_back,4,+X,0.0,0.33441,0.0523,-1.28316,0.00143,0.00631,-0.00042,0.30613,0.01366,-1.29777,8e-05,0.0077,0.00011,0.27244,0.19183,-1.28454,11,38.1667,363.0857,38.3263,178.1672,0.3332,-124.254,0.0077,26.0166,0.6234
796,000796.png,False,1788794491.992438,1788794491.787738,shear_+X_back,4,+X,0.0,0.19193,0.05928,-1.31692,0.00115,0.00247,-0.00038,0.1636,0.02059,-1.33148,-0.00021,0.00387,0.00015,0.14577,0.12614,-1.31813,10,38.0812,363.0499,38.3214,178.1694,0.3302,-124.2559,0.0059,26.0118,0.6282
797,000797.png,False,1788794492.816464,1788794492.611764,shear_-X_out,4,-X,0.5,-0.0282,0.14522,-1.20641,-0.00106,-0.0034,-0.00024,-0.05672,0.10631,-1.22076,-0.00241,-0.00199,0.00028,-0.08862,0.09235,-1.20868,10,37.9127,362.9438,38.3516,178.1617,0.3373,-124.2638,0.0078,26.0415,0.5985
798,000798.png,False,1788794493.024462,1788794492.819762,shear_-X_out,4,-X,0.5,-0.02629,0.11842,-1.27048,-0.00029,-0.00336,-0.00026,-0.05485,0.07945,-1.28478,-0.00165,-0.00195,0.00027,-0.07313,0.06907,-1.27229,11,37.9034,362.9868,38.3356,178.1623,0.3366,-124.2662,0.0086,26.0262,0.6138
799,000799.png,False,1788794493.436429,1788794493.231729,shear_-X_out,4,-X,0.5,-0.11424,0.08256,-1.23871,0.00061,-0.00563,-0.00029,-0.14289,0.04348,-1.2529,-0.00075,-0.00422,0.00023,-0.13162,-0.00543,-1.23973,10,37.8488,362.9347,38.3531,178.1635,0.335,-124.2657,0.0025,26.0432,0.5968
800,000800.png,False,1788794493.640468,1788794493.435768,shear_-X_out,4,-X,0.5,-0.15729,0.11051,-1.21978,-0.0001,-0.00681,-0.00035,-0.18598,0.07138,-1.23391,-0.00147,-0.0054,0.00017,-0.183,-0.00242,-1.2212,10,37.8127,362.9229,38.3536,178.1636,0.3347,-124.2653,0.0,26.0438,0.5962
801,000801.png,False,1788794493.848475,1788794493.643775,shear_-X_out,4,-X,0.5,-0.19611,0.10923,-1.2503,-8e-05,-0.00786,-0.00025,-0.22485,0.07004,-1.26438,-0.00144,-0.00645,0.00027,-0.21578,-0.02342,-1.25161,10,37.7882,362.9117,38.3469,178.163,0.3352,-124.2661,0.0068,26.0371,0.6029
802,000802.png,False,1788794494.056430,1788794493.851730,shear_-X_out,4,-X,0.5,-0.23302,0.11198,-1.26887,-0.00017,-0.00888,-0.00032,-0.26181,0.07275,-1.28289,-0.00153,-0.00746,0.00019,-0.249,-0.03977,-1.27015,10,37.7569,362.899,38.3408,178.1628,0.3355,-124.2648,0.0064,26.031,0.609
803,000803.png,False,1788794494.260458,1788794494.055758,shear_-X_out,4,-X,0.5,-0.27002,0.10565,-1.28432,-4e-05,-0.00992,-0.00034,-0.29885,0.06636,-1.29829,-0.0014,-0.0085,0.00017,-0.27778,-0.06399,-1.28541,10,37.7324,362.8779,38.3357,178.1631,0.335,-124.2657,0.0034,26.0257,0.6143
804,000804.png,False,1788794495.088449,1788794494.883749,shear_-X_out,4,-X,0.5,-0.29959,0.12813,-1.2969,-0.00053,-0.01067,-0.00035,-0.3286,0.08862,-1.31065,-0.0019,-0.00925,0.00016,-0.31453,-0.0595,-1.29832,10,37.6917,362.8702,38.3371,178.1612,0.3369,-124.2672,0.0074,26.0273,0.6127
805,000805.png,False,1788794495.704437,1788794495.499738,shear_-X_out,4,-X,0.5,-0.29001,0.12752,-1.28828,-0.00059,-0.01052,-0.00031,-0.31916,0.08785,-1.30188,-0.00196,-0.0091,0.00021,-0.30599,-0.0551,-1.28972,11,37.6898,362.8698,38.3373,178.1615,0.3372,-124.267,0.001,26.0275,0.6125
806,000806.png,False,1788794495.912424,1788794495.707724,shear_-X_out,4,-X,0.5,-0.3273,0.12253,-1.27762,-0.00037,-0.01147,-0.0004,-0.3565,0.0828,-1.29116,-0.00174,-0.01004,0.00011,-0.33587,-0.07789,-1.2789,10,37.6638,362.8522,38.3384,178.1624,0.3358,-124.2662,0.0072,26.0285,0.6115
807,000807.png,False,1788794496.120425,1788794495.915725,shear_-X_out,4,-X,0.5,-0.34508,0.118,-1.29054,-0.0003,-0.01195,-0.00043,-0.37432,0.07821,-1.30403,-0.00167,-0.01052,8e-05,-0.34892,-0.0909,-1.2917,10,37.6522,362.846,38.3329,178.1615,0.3366,-124.2694,0.0062,26.023,0.617
808,000808.png,False,1788794496.324427,1788794496.119727,shear_-X_out,4,-X,0.5,-0.37104,0.12349,-1.30072,-0.00042,-0.01269,-0.00052,-0.40032,0.08365,-1.31415,-0.00179,-0.01126,-1e-05,-0.37408,-0.09928,-1.30192,11,37.6296,362.8353,38.3322,178.1617,0.3362,-124.2679,0.0034,26.0222,0.6178
809,000809.png,False,1788794496.532422,1788794496.327722,shear_-X_out,4,-X,0.5,-0.4125,0.12633,-1.28051,-0.00049,-0.01373,-0.00058,-0.44183,0.08644,-1.29389,-0.00186,-0.01229,-8e-05,-0.41156,-0.11721,-1.28168,10,37.6008,362.82,38.3377,178.1617,0.3361,-124.2659,0.0031,26.0277,0.6123
810,000810.png,False,1788794497.152455,1788794496.947755,shear_-X_out,4,-X,0.5,-0.49639,0.12635,-1.26987,-0.00048,-0.01599,-0.00059,-0.52586,0.0863,-1.28309,-0.00185,-0.01455,-8e-05,-0.48431,-0.15894,-1.27087,10,37.535,362.7827,38.3413,178.161,0.3366,-124.2675,0.0011,26.0311,0.6089
811,000811.png,False,1788794497.976447,1788794497.771747,shear_-X_back,4,-X,0.0,-0.51292,0.13293,-1.29287,-0.00069,-0.01652,-0.00055,-0.54257,0.09266,-1.30588,-0.00207,-0.01508,-4e-05,-0.50175,-0.16187,-1.29395,10,37.4994,362.7689,38.3365,178.1603,0.3379,-124.2664,0.0034,26.0264,0.6136
812,000812.png,False,1788794498.388458,1788794498.183758,shear_-X_back,4,-X,0.0,-0.45287,0.19903,-1.27473,-0.00232,-0.01494,-0.00039,-0.48262,0.15865,-1.28763,-0.0037,-0.01349,0.00011,-0.48289,-0.07433,-1.27708,10,37.5106,362.824,38.3538,178.1568,0.3421,-124.259,0.0005,26.0445,0.5955
813,000813.png,False,1788794498.596446,1788794498.391746,shear_-X_back,4,-X,0.0,-0.31025,0.1747,-1.2057,-0.00177,-0.01118,-0.0005,-0.34004,0.13426,-1.21855,-0.00315,-0.00973,1e-05,-0.34767,-0.02303,-1.20793,10,37.6026,362.8502,38.3647,178.1559,0.3432,-124.2638,0.0016,26.0552,0.5848
814,000814.png,False,1788794498.800436,1788794498.595737,shear_-X_back,4,-X,0.0,-0.16025,0.16643,-1.1538,-0.00157,-0.00719,-0.00042,-0.19008,0.12593,-1.16659,-0.00296,-0.00573,8e-05,-0.21396,0.04559,-1.15619,10,37.6853,362.8928,38.3745,178.1534,0.3464,-124.2623,0.0041,26.0651,0.5749
815,000815.png,False,1788794499.008348,1788794498.803648,shear_-X_back,4,-X,0.0,-0.04998,0.1385,-1.13537,-0.00088,-0.00425,-0.00041,-0.07986,0.09795,-1.14811,-0.00226,-0.00279,9e-05,-0.10462,0.07679,-1.1375,10,37.7644,362.9205,38.3753,178.1515,0.3488,-124.2628,0.0035,26.0658,0.5742
816,000816.png,False,1788794499.420424,1788794499.215724,shear_-X_back,4,-X,0.0,0.11383,0.14271,-1.30163,-0.0009,-5e-05,-0.00047,0.08386,0.10205,-1.31426,-0.00229,0.0014,3e-05,0.03633,0.15962,-1.30413,10,37.8741,363.0192,38.3303,178.1548,0.3463,-124.2615,0.0064,26.0216,0.6184
817,000817.png,False,1788794499.628412,1788794499.423712,shear_-X_back,4,-X,0.0,0.1205,0.12483,-1.30999,-0.00051,0.00022,-0.00038,0.09049,0.08411,-1.32256,-0.0019,0.00167,0.00012,0.0511,0.14734,-1.31219,10,37.8775,363.0429,38.3239,178.1604,0.3406,-124.2599,0.0036,26.0156,0.6244
818,000818.png,False,1788794499.836411,1788794499.631711,shear_-Y_out,4,-Y,0.5,0.09015,0.08014,-1.31926,0.00069,-0.00066,-0.00031,0.06008,0.03937,-1.33178,-0.0007,0.0008,0.00019,0.04719,0.09332,-1.32063,10,37.8961,362.9432,38.3303,178.1651,0.3358,-124.2586,0.0099,26.0202,0.6198
819,000819.png,False,1788794500.660388,1788794500.455688,shear_-Y_out,4,-Y,0.5,0.10783,-0.02209,-1.24858,0.00332,-8e-05,-0.00055,0.07759,-0.06308,-1.26088,0.00193,0.00139,-5e-05,0.1131,0.01475,-1.24822,10,37.9542,362.9014,38.3315,178.1617,0.3393,-124.261,0.0017,26.0204,0.6196
820,000820.png,False,1788794500.868407,1788794500.663707,shear_-Y_out,4,-Y,0.5,0.09309,-0.08167,-1.24813,0.00482,-0.00048,-0.00046,0.0628,-0.12271,-1.26038,0.00343,0.00099,4e-05,0.1301,-0.04421,-1.24671,10,37.9668,362.8697,38.3311,178.1614,0.3399,-124.2608,0.0084,26.0194,0.6206
821,000821.png,False,1788794501.072423,1788794500.867723,shear_-Y_out,4,-Y,0.5,0.07581,-0.12816,-1.25405,0.00607,-0.00093,-0.00038,0.04547,-0.16926,-1.26625,0.00468,0.00054,0.00011,0.13839,-0.0932,-1.25179,10,37.9795,362.8368,38.3333,178.1627,0.3383,-124.2592,0.0089,26.0209,0.6191
822,000822.png,False,1788794501.280350,1788794501.075650,shear_-Y_out,4,-Y,0.5,0.06071,-0.16995,-1.27115,0.00722,-0.00123,-0.00018,0.03032,-0.21111,-1.2833,0.00583,0.00024,0.00031,0.14631,-0.13722,-1.26813,10,37.9902,362.8057,38.3318,178.1632,0.3382,-124.2592,0.0025,26.0189,0.6211
823,000823.png,False,1788794501.484391,1788794501.279691,shear_-Y_out,4,-Y,0.5,0.05009,-0.209,-1.25225,0.00821,-0.00156,-0.00032,0.01966,-0.2502,-1.26434,0.00682,-8e-05,0.00017,0.15649,-0.17604,-1.24854,11,38.0018,362.7777,38.3382,178.1635,0.3379,-124.259,0.0004,26.0248,0.6152
824,000824.png,False,1788794502.724414,1788794502.519714,shear_-Y_out,4,-Y,0.5,0.04179,-0.23518,-1.22141,0.00896,-0.00174,-0.0004,0.01109,-0.27671,-1.23318,0.00756,-0.00026,8e-05,0.16216,-0.20236,-1.21723,11,38.0264,362.7341,38.3439,178.1632,0.338,-124.2594,0.0062,26.0296,0.6104
825,000825.png,False,1788794502.932322,1788794502.727622,shear_-Y_out,4,-Y,0.5,0.03246,-0.27172,-1.20484,0.00991,-0.00201,-0.00044,0.00172,-0.31331,-1.21656,0.00851,-0.00053,5e-05,0.17223,-0.2384,-1.20001,10,38.0333,362.7096,38.3422,178.1646,0.3366,-124.2588,0.0075,26.0275,0.6125
826,000826.png,False,1788794503.136420,1788794502.931720,shear_-Y_out,4,-Y,0.5,0.02699,-0.30412,-1.20862,0.01072,-0.00215,-0.00042,-0.0038,-0.34576,-1.22028,0.00932,-0.00067,6e-05,0.1837,-0.26926,-1.20321,10,38.0464,362.6857,38.3403,178.1652,0.336,-124.259,0.0046,26.0251,0.6149
827,000827.png,False,1788794503.344429,1788794503.139729,shear_-Y_out,4,-Y,0.5,0.02926,-0.33848,-1.22089,0.01168,-0.00209,-0.00037,-0.00157,-0.38018,-1.2325,0.01028,-0.0006,0.00012,0.20292,-0.29808,-1.2149,11,38.0621,362.6638,38.34,178.1648,0.3368,-124.2588,0.0025,26.0243,0.6157
828,000828.png,False,1788794503.548408,1788794503.343708,shear_-Y_out,4,-Y,0.5,0.03073,-0.37166,-1.22618,0.01256,-0.0021,-0.0004,-0.00015,-0.41342,-1.23773,0.01115,-0.00061,8e-05,0.22081,-0.32617,-1.21961,10,38.0772,362.6395,38.3337,178.1637,0.338,-124.259,0.0055,26.0175,0.6225
829,000829.png,False,1788794503.756400,1788794503.551700,shear_-Y_out,4,-Y,0.5,0.03377,-0.40254,-1.2425,0.01336,-0.00197,-0.00028,0.00284,-0.44435,-1.254,0.01196,-0.00048,0.0002,0.23898,-0.35166,-1.2354,10,38.0926,362.6167,38.3392,178.1636,0.3379,-124.2588,0.0083,26.0225,0.6175
830,000830.png,False,1788794503.964415,1788794503.759715,shear_-Y_out,4,-Y,0.5,0.03109,-0.43545,-1.23329,0.01422,-0.00199,-0.00018,0.00012,-0.47732,-1.24474,0.01281,-0.0005,0.00031,0.25304,-0.38135,-1.22561,11,38.109,362.5904,38.3421,178.1637,0.3378,-124.2581,0.0018,26.025,0.615
831,000831.png,False,1788794504.168427,1788794503.963727,shear_-Y_out,4,-Y,0.5,0.03387,-0.46507,-1.23797,0.01499,-0.00192,-0.00011,0.00285,-0.50699,-1.24936,0.01359,-0.00043,0.00037,0.27029,-0.40569,-1.22978,10,38.1243,362.5695,38.3451,178.1639,0.338,-124.2592,0.0008,26.0274,0.6126
832,000832.png,False,1788794504.996400,1788794504.791700,shear_-Y_back,4,-Y,0.0,0.04215,-0.47629,-1.19138,0.01528,-0.00172,-0.00035,0.01095,-0.51843,-1.20256,0.01387,-0.00022,0.00013,0.28274,-0.41052,-1.18303,10,38.1472,362.5394,38.3488,178.1622,0.3395,-124.2603,0.0172,26.0305,0.6095
833,000833.png,False,1788794505.200412,1788794504.995712,shear_-Y_back,4,-Y,0.0,0.04246,-0.47165,-1.19293,0.0152,-0.00172,-0.00037,0.01121,-0.51384,-1.20405,0.01379,-0.00022,0.00011,0.28069,-0.40637,-1.18465,10,38.1475,362.538,38.348,178.1624,0.339,-124.2605,0.001,26.0297,0.6103
834,000834.png,False,1788794505.408392,1788794505.203692,shear_-Y_back,4,-Y,0.0,0.08848,-0.33902,-1.17377,0.01188,-0.00049,-0.00021,0.05719,-0.38127,-1.18485,0.01047,0.00102,0.00027,0.25416,-0.2682,-1.16789,10,38.1309,362.6289,38.3629,178.1568,0.3447,-124.2641,0.0054,26.0461,0.5939
835,000835.png,False,1788794505.612328,1788794505.407628,shear_-Y_back,4,-Y,0.0,0.11465,-0.2587,-1.17442,0.00974,0.00016,-0.00018,0.08331,-0.301,-1.18543,0.00833,0.00166,0.0003,0.2367,-0.18558,-1.16998,10,38.1218,362.6722,38.3573,178.1569,0.3443,-124.2701,0.0045,26.0414,0.5986
836,000836.png,False,1788794505.820411,1788794505.615711,shear_-Y_back,4,-Y,0.0,0.14035,-0.1659,-1.15666,0.00731,0.00085,-0.00034,0.10897,-0.20826,-1.16763,0.0059,0.00235,0.00014,0.21248,-0.09208,-1.15389,10,38.1005,362.7549,38.3648,178.1546,0.3464,-124.2771,0.0086,26.0503,0.5897
837,000837.png,False,1788794506.028389,1788794505.823689,shear_-Y_back,4,-Y,0.0,0.11608,-0.03859,-1.14452,0.00405,0.00018,-0.00046,0.08465,-0.081,-1.15543,0.00264,0.00169,2e-05,0.12777,0.00625,-1.14391,10,38.0381,362.8194,38.3645,178.153,0.3479,-124.2793,0.0075,26.0514,0.5886
838,000838.png,False,1788794506.232409,1788794506.027709,shear_-Y_back,4,-Y,0.0,0.04739,0.05894,-1.16903,0.00148,-0.00168,-0.00045,0.01592,0.01647,-1.17988,7e-05,-0.00017,3e-05,0.01971,0.056,-1.16997,10,37.9698,362.8499,38.3534,178.154,0.3464,-124.2738,0.0084,26.0413,0.5987
839,000839.png,False,1788794506.440440,1788794506.235740,shear_-Y_back,4,-Y,0.0,0.00211,0.12343,-1.24526,-0.00016,-0.00297,-0.00052,-0.02941,0.08091,-1.25607,-0.00157,-0.00146,-5e-05,-0.0512,0.088,-1.24722,10,37.9168,362.9092,38.3201,178.1563,0.3443,-124.2697,0.0036,26.0093,0.6307
840,000840.png,False,1788794507.060376,1788794506.855676,shear_+Y_out,4,+Y,0.5,0.05716,0.2251,-1.25559,-0.00281,-0.00149,-0.00048,0.0255,0.18242,-1.26623,-0.00423,2e-05,-1e-05,-0.05425,0.2034,-1.25942,10,37.9034,362.954,38.34,178.1577,0.3424,-124.2795,0.0026,26.03,0.61
841,000841.png,False,1788794507.264381,1788794507.059681,shear_+Y_out,4,+Y,0.5,0.05037,0.19796,-1.24238,-0.0022,-0.00167,-0.00045,0.01866,0.15522,-1.25297,-0.00362,-0.00015,2e-05,-0.04666,0.17671,-1.24573,11,37.8987,362.9782,38.3411,178.1562,0.3436,-124.279,0.0054,26.0316,0.6084
842,000842.png,False,1788794507.472375,1788794507.267675,shear_+Y_out,4,+Y,0.5,0.06538,0.23844,-1.23597,-0.00329,-0.00142,-0.00047,0.03363,0.19565,-1.24651,-0.00471,9e-05,0.0,-0.05393,0.21938,-1.24005,10,37.8901,363.002,38.3454,178.155,0.3452,-124.2786,0.0075,26.0363,0.6037
843,000843.png,False,1788794507.676385,1788794507.471685,shear_+Y_out,4,+Y,0.5,0.05874,0.28507,-1.23826,-0.00448,-0.00148,-0.00047,0.02695,0.24222,-1.24874,-0.0059,4e-05,-1e-05,-0.08296,0.25641,-1.24313,10,37.8658,363.0344,38.3447,178.1544,0.3457,-124.2775,0.0043,26.0363,0.6037
844,000844.png,False,1788794507.884399,1788794507.679699,shear_+Y_out,4,+Y,0.5,0.04664,0.3357,-1.23468,-0.00578,-0.00185,-0.0006,0.0148,0.2928,-1.24511,-0.0072,-0.00033,-0.00013,-0.11876,0.29426,-1.24041,11,37.8424,363.0615,38.3396,178.1559,0.3441,-124.2777,0.0029,26.0318,0.6082
845,000845.png,False,1788794508.092388,1788794507.887688,shear_+Y_out,4,+Y,0.5,0.03876,0.37696,-1.27074,-0.00684,-0.00202,-0.00051,0.00688,0.334,-1.28111,-0.00826,-0.0005,-4e-05,-0.14595,0.32549,-1.27716,10,37.8222,363.0904,38.339,178.1559,0.344,-124.2769,0.0094,26.0318,0.6082
846,000846.png,False,1788794508.296487,1788794508.091787,shear_+Y_out,4,+Y,0.5,0.04307,0.411,-1.26636,-0.00783,-0.00206,-0.00057,0.01113,0.36799,-1.27668,-0.00925,-0.00053,-0.0001,-0.15926,0.35719,-1.27338,10,37.8084,363.1191,38.3399,178.1557,0.3441,-124.2784,0.008,26.0333,0.6067
847,000847.png,False,1788794508.504431,1788794508.299731,shear_+Y_out,4,+Y,0.5,0.04643,0.44664,-1.26999,-0.0087,-0.00192,-0.00062,0.01445,0.40357,-1.28026,-0.01012,-0.00039,-0.00015,-0.17413,0.38968,-1.27763,11,37.7962,363.1398,38.3357,178.1569,0.3425,-124.2784,0.0014,26.0295,0.6105
848,000848.png,False,1788794509.124398,1788794508.919698,shear_+Y_out,4,+Y,0.5,0.03431,0.45183,-1.29837,-0.00885,-0.0023,-0.00068,0.00219,0.40859,-1.30848,-0.01027,-0.00077,-0.00022,-0.18702,0.38766,-1.30608,11,37.78,363.1548,38.3293,178.1592,0.3404,-124.2788,0.0087,26.0234,0.6166
849,000849.png,False,1788794511.600379,1788794511.395679,shear_+Y_out,4,+Y,0.5,0.04459,0.47197,-1.25537,-0.00937,-0.00205,-0.0008,0.01193,0.42808,-1.26483,-0.0108,-0.0005,-0.00034,-0.18848,0.41093,-1.26346,10,37.759,363.1957,38.338,178.159,0.3407,-124.2812,0.0074,26.033,0.607
850,000850.png,False,1788794511.804396,1788794511.599696,shear_+Y_out,4,+Y,0.5,0.04213,0.52824,-1.28318,-0.01086,-0.00212,-0.00072,0.00942,0.48429,-1.29258,-0.01229,-0.00057,-0.00026,-0.21853,0.45799,-1.29222,11,37.7395,363.231,38.3326,178.159,0.3406,-124.2801,0.0099,26.0283,0.6117
851,000851.png,False,1788794512.012305,1788794511.807606,shear_+Y_out,4,+Y,0.5,0.03461,0.57416,-1.31017,-0.01208,-0.00235,-0.00061,0.00186,0.53016,-1.31952,-0.01351,-0.0008,-0.00016,-0.2478,0.49356,-1.31999,10,37.7194,363.251,38.3321,178.1597,0.3395,-124.279,0.0026,26.0282,0.6118
852,000852.png,False,1788794512.220305,1788794512.015605,shear_+Y_out,4,+Y,0.5,0.02868,0.60789,-1.3024,-0.01293,-0.00249,-0.00077,-0.00412,0.56384,-1.31169,-0.01436,-0.00093,-0.00032,-0.26984,0.51995,-1.31279,10,37.7029,363.2741,38.3285,178.1594,0.3398,-124.2786,0.0043,26.0251,0.6149
853,000853.png,False,1788794513.044392,1788794512.839692,shear_+Y_back,4,+Y,0.0,0.02869,0.61205,-1.3409,-0.01309,-0.00254,-0.00062,-0.00429,0.56778,-1.34998,-0.01453,-0.00097,-0.00017,-0.27165,0.52293,-1.35137,11,37.6932,363.2903,38.3271,178.1602,0.3396,-124.2784,0.0026,26.024,0.616
854,000854.png,False,1788794513.252301,1788794513.047601,shear_+Y_back,4,+Y,0.0,0.02923,0.60798,-1.32344,-0.01298,-0.00249,-0.00072,-0.0038,0.56366,-1.33247,-0.01442,-0.00093,-0.00027,-0.26927,0.51996,-1.33384,10,37.6946,363.2899,38.3268,178.1605,0.3392,-124.2786,0.0089,26.0237,0.6163
855,000855.png,False,1788794513.456413,1788794513.251713,shear_+Y_back,4,+Y,0.0,-0.03001,0.4433,-1.3841,-0.00878,-0.00407,-0.00055,-0.06308,0.39892,-1.39307,-0.01022,-0.00251,-0.00011,-0.23788,0.34676,-1.39151,10,37.7142,363.1783,38.3001,178.1684,0.3309,-124.2748,0.0082,25.9951,0.6449
856,000856.png,False,1788794513.664303,1788794513.459603,shear_+Y_back,4,+Y,0.0,-0.05295,0.36954,-1.39903,-0.00677,-0.00463,-0.00076,-0.08606,0.3251,-1.40795,-0.00821,-0.00307,-0.00032,-0.22079,0.27118,-1.40512,11,37.7254,363.1246,38.287,178.1716,0.3282,-124.2672,0.0073,25.981,0.659
857,000857.png,False,1788794513.868426,1788794513.663726,shear_+Y_back,4,+Y,0.0,-0.08705,0.25938,-1.44029,-0.00396,-0.00557,-0.00063,-0.12022,0.21489,-1.44915,-0.0054,-0.00401,-0.00018,-0.19502,0.15807,-1.44439,10,37.7424,363.0634,38.2807,178.176,0.3243,-124.2587,0.0055,25.9736,0.6664
858,000858.png,False,1788794514.076298,1788794513.871598,shear_+Y_back,4,+Y,0.0,0.00436,0.15966,-1.31368,-0.00133,-0.00303,-0.00058,-0.02884,0.11512,-1.3225,-0.00277,-0.00146,-0.00014,-0.06688,0.11942,-1.31626,10,37.856,363.0576,38.3568,178.1637,0.3372,-124.2655,0.0091,26.0489,0.5911
859,000859.png,False,1788794514.488405,1788794514.283705,shear_+Y_back,4,+Y,0.0,0.05453,0.04908,-1.24145,0.00154,-0.00173,-0.00065,0.02123,0.00443,-1.25016,0.0001,-0.00016,-0.00021,0.03132,0.04987,-1.24222,10,37.8851,363.0365,38.3137,178.1634,0.3375,-124.2682,0.0068,26.0052,0.6348
860,000860.png,False,1788794514.696378,1788794514.491678,shear_+Y_back,4,+Y,0.0,0.09595,0.18044,-1.3063,-0.00189,-0.00065,-0.00056,0.06261,0.13573,-1.31496,-0.00334,0.00092,-0.00012,0.00202,0.18329,-1.30942,10,37.8917,362.9958,38.315,178.1638,0.3371,-124.2675,0.0097,26.0058,0.6342
861,000861.png,False,1788794514.904421,1788794514.699721,shear_+Y_back,4,+Y,0.0,0.01683,-0.00955,-1.24394,0.00312,-0.00262,-0.00047,-0.01656,-0.05431,-1.25254,0.00167,-0.00105,-3e-05,0.02797,-0.01979,-1.24362,11,37.9073,362.9132,38.3392,178.1661,0.3347,-124.2677,0.0059,26.0286,0.6114
862,000862.png,False,1788794515.316377,1788794515.111677,shear_+X_out,5,+X,0.5,0.04806,0.08248,-1.21058,0.00081,-0.00181,-0.00042,0.01458,0.0376,-1.21908,-0.00064,-0.00023,2e-05,0.00882,0.07605,-1.21193,10,37.8974,362.9707,38.3476,178.1637,0.3372,-124.2679,0.0041,26.038,0.602
863,000863.png,False,1788794515.520308,1788794515.315608,shear_+X_out,5,+X,0.5,0.05487,0.09972,-1.21851,0.0003,-0.0017,-0.00044,0.02134,0.05479,-1.22695,-0.00115,-0.00012,-0.0,0.00616,0.09426,-1.22016,10,37.8975,362.9891,38.3445,178.1643,0.337,-124.2642,0.0027,26.0352,0.6048
864,000864.png,False,1788794515.728300,1788794515.523600,shear_+X_out,5,+X,0.5,0.10077,0.1021,-1.22886,0.00036,-0.00041,-0.00048,0.0672,0.05712,-1.23725,-0.00109,0.00117,-4e-05,0.04479,0.11909,-1.23065,10,37.9387,362.9958,38.3412,178.1651,0.3361,-124.2657,0.0099,26.0317,0.6083
865,000865.png,False,1788794515.936423,1788794515.731723,shear_+X_out,5,+X,0.5,0.18689,0.05705,-1.22791,0.00141,0.00179,-0.00046,0.15327,0.01202,-1.23624,-4e-05,0.00338,-2e-05,0.14189,0.12312,-1.22909,10,37.9875,363.0026,38.3401,178.1656,0.3358,-124.269,0.0032,26.0304,0.6096
866,000866.png,False,1788794516.140399,1788794515.935699,shear_+X_out,5,+X,0.5,0.22259,0.0736,-1.2029,0.00098,0.00278,-0.00062,0.18893,0.0285,-1.21118,-0.00047,0.00436,-0.00018,0.16438,0.15569,-1.20444,10,38.0057,363.0246,38.3442,178.1653,0.3363,-124.2671,0.0003,26.0346,0.6054
867,000867.png,False,1788794516.348418,1788794516.143718,shear_+X_out,5,+X,0.5,0.26684,0.09321,-1.19857,0.00043,0.00391,-0.00053,0.23313,0.04807,-1.2068,-0.00102,0.00549,-0.0001,0.19288,0.19486,-1.20054,10,38.0339,363.0466,38.349,178.1643,0.3376,-124.2666,0.0065,26.0397,0.6003
868,000868.png,False,1788794516.552382,1788794516.347682,shear_+X_out,5,+X,0.5,0.31452,0.09942,-1.20499,0.0004,0.00522,-0.00042,0.28076,0.05422,-1.21316,-0.00105,0.00681,2e-05,0.23112,0.22395,-1.20716,10,38.0665,363.065,38.3518,178.1643,0.3375,-124.2655,0.0089,26.0425,0.5975
869,000869.png,False,1788794516.760381,1788794516.555681,shear_+X_out,5,+X,0.5,0.36164,0.09945,-1.21675,0.00032,0.00645,-0.00029,0.32784,0.05419,-1.22487,-0.00114,0.00803,0.00015,0.272,0.24734,-1.21901,10,38.0978,363.0833,38.3487,178.1647,0.3376,-124.2686,0.0043,26.0395,0.6005
870,000870.png,False,1788794517.172296,1788794516.967596,shear_+X_out,5,+X,0.5,0.38584,0.10805,-1.20456,0.00014,0.00712,-0.00043,0.35195,0.06269,-1.21257,-0.00132,0.00871,0.0,0.28859,0.26708,-1.20702,10,38.1206,363.1055,38.3516,178.1638,0.3381,-124.2666,0.0003,26.0425,0.5975
871,000871.png,False,1788794517.380362,1788794517.175662,shear_+X_out,5,+X,0.5,0.41457,0.11706,-1.2186,-9e-05,0.00789,-0.00032,0.38063,0.07164,-1.22656,-0.00155,0.00948,0.00012,0.30907,0.28901,-1.22128,11,38.1419,363.1147,38.3495,178.1643,0.338,-124.2679,0.0072,26.0404,0.5996
872,000872.png,False,1788794517.584390,1788794517.379690,shear_+X_out,5,+X,0.5,0.44647,0.11281,-1.21886,6e-05,0.0087,-0.00035,0.41249,0.06734,-1.22676,-0.00139,0.01029,8e-05,0.33883,0.30127,-1.22152,11,38.1688,363.1223,38.3483,178.1647,0.3374,-124.2675,0.01,26.0393,0.6007
873,000873.png,False,1788794518.204396,1788794517.999696,shear_+X_out,5,+X,0.5,0.52932,0.11765,-1.21862,-5e-05,0.01089,-0.00044,0.4952,0.07201,-1.22636,-0.00151,0.01249,-1e-05,0.40818,0.34686,-1.22153,11,38.2313,363.1639,38.348,178.1643,0.3376,-124.2677,0.0062,26.0392,0.6008
874,000874.png,False,1788794518.412405,1788794518.207705,shear_+X_out,5,+X,0.5,0.55315,0.11017,-1.22425,5e-05,0.01147,-0.0004,0.51898,0.06447,-1.23194,-0.00141,0.01308,3e-05,0.43259,0.35219,-1.22708,10,38.2585,363.1701,38.3478,178.1644,0.3377,-124.2688,0.0072,26.0388,0.6012
875,000875.png,False,1788794519.236404,1788794519.031704,shear_+X_back,5,+X,0.0,0.56095,0.1003,-1.20997,0.0004,0.0118,-0.00053,0.5266,0.05439,-1.21744,-0.00106,0.01341,-0.0001,0.44418,0.34777,-1.21264,10,38.2864,363.1775,38.3471,178.1653,0.3369,-124.2692,0.01,26.0381,0.6019
876,000876.png,False,1788794519.648381,1788794519.443681,shear_+X_back,5,+X,0.0,0.47433,0.00373,-1.27859,0.00289,0.00956,-0.00032,0.43989,-0.0423,-1.28596,0.00143,0.01117,0.00011,0.41787,0.21975,-1.27941,10,38.2521,363.1039,38.3267,178.1714,0.3301,-124.2744,0.0015,26.0167,0.6233
877,000877.png,False,1788794519.856391,1788794519.651691,shear_+X_back,5,+X,0.0,0.34406,0.08194,-1.31029,0.00093,0.00606,-0.00023,0.30957,0.03587,-1.3176,-0.00053,0.00767,0.00019,0.26617,0.22189,-1.3122,10,38.1537,363.1053,38.3236,178.1704,0.3306,-124.2733,0.0022,26.0144,0.6256
878,000878.png,False,1788794520.064405,1788794519.859705,shear_+X_back,5,+X,0.0,0.20274,0.11104,-1.3237,0.00014,0.00232,-0.0003,0.1682,0.06491,-1.33095,-0.00132,0.00394,0.00013,0.12931,0.17627,-1.32582,11,38.0694,363.0642,38.3174,178.1729,0.3277,-124.2733,0.0041,26.0081,0.6319
879,000879.png,False,1788794520.268345,1788794520.063645,shear_+X_back,5,+X,0.0,0.09012,0.15022,-1.29538,-0.0008,-0.00066,-0.00033,0.05554,0.10403,-1.30258,-0.00227,0.00096,9e-05,0.01199,0.15438,-1.29797,10,37.9916,363.0552,38.333,178.1681,0.3318,-124.2744,0.0003,26.0241,0.6159
880,000880.png,False,1788794520.476382,1788794520.271683,shear_+X_back,5,+X,0.0,0.01099,0.09785,-1.13693,0.00044,-0.00274,-0.00047,-0.02363,0.05161,-1.14408,-0.00103,-0.00112,-5e-05,-0.03149,0.07202,-1.13847,10,37.9607,362.9497,38.3699,178.1657,0.3343,-124.2775,0.0068,26.0595,0.5805
881,000881.png,False,1788794520.888389,1788794520.683689,shear_-X_out,5,-X,0.5,-0.036,0.11829,-1.26472,-2e-05,-0.00405,-0.0003,-0.07072,0.07194,-1.27176,-0.00149,-0.00243,0.00012,-0.08152,0.0642,-1.26651,10,37.9138,362.9453,38.3381,178.1654,0.334,-124.2844,0.0027,26.0279,0.6121
882,000882.png,False,1788794521.096367,1788794520.891667,shear_-X_out,5,-X,0.5,-0.04159,0.06655,-1.29511,0.0013,-0.00425,-0.00036,-0.07635,0.02015,-1.3021,-0.00017,-0.00263,6e-05,-0.0603,0.01611,-1.29599,10,37.9091,362.9482,38.3304,178.1666,0.3326,-124.2875,0.002,26.0203,0.6197
883,000883.png,False,1788794521.300405,1788794521.095705,shear_-X_out,5,-X,0.5,-0.06647,0.08245,-1.25128,0.0009,-0.00481,-0.00059,-0.10127,0.03599,-1.25822,-0.00057,-0.00319,-0.00017,-0.0901,0.01815,-1.25239,11,37.8815,362.942,38.335,178.1666,0.3325,-124.2868,0.0037,26.025,0.615
884,000884.png,False,1788794521.508356,1788794521.303656,shear_-X_out,5,-X,0.5,-0.11888,0.08949,-1.23634,0.00078,-0.00623,-0.00062,-0.15373,0.04297,-1.24322,-0.00069,-0.00461,-0.0002,-0.13911,-0.0017,-1.23747,10,37.8466,362.923,38.3373,178.1672,0.3317,-124.2857,0.0099,26.0272,0.6128
885,000885.png,False,1788794521.712399,1788794521.507699,shear_-X_out,5,-X,0.5,-0.1674,0.09354,-1.23382,0.00065,-0.00751,-0.0006,-0.2023,0.04697,-1.24065,-0.00082,-0.00588,-0.00018,-0.18319,-0.0224,-1.23492,10,37.816,362.9076,38.339,178.1671,0.3315,-124.2848,0.0075,26.0289,0.6111
886,000886.png,False,1788794521.920356,1788794521.715656,shear_-X_out,5,-X,0.5,-0.20492,0.08811,-1.24493,0.00072,-0.00862,-0.00058,-0.23986,0.04149,-1.2517,-0.00075,-0.00699,-0.00016,-0.2129,-0.04602,-1.24586,10,37.7878,362.8883,38.3353,178.167,0.3319,-124.2842,0.0014,26.0251,0.6149
887,000887.png,False,1788794522.128298,1788794521.923598,shear_-X_out,5,-X,0.5,-0.24779,0.08422,-1.2561,0.00082,-0.00973,-0.00065,-0.28278,0.03754,-1.26282,-0.00066,-0.0081,-0.00023,-0.24801,-0.07099,-1.25688,10,37.7617,362.8676,38.332,178.1665,0.3322,-124.284,0.004,26.0217,0.6183
888,000888.png,False,1788794522.332292,1788794522.127592,shear_-X_out,5,-X,0.5,-0.2824,0.08363,-1.26612,0.00093,-0.01058,-0.00057,-0.31743,0.0369,-1.27279,-0.00055,-0.00895,-0.00015,-0.27763,-0.08896,-1.26681,10,37.7315,362.8559,38.3335,178.166,0.3325,-124.2851,0.0059,26.0232,0.6168
889,000889.png,False,1788794523.776297,1788794523.571597,shear_-X_out,5,-X,0.5,-0.29527,0.0885,-1.27736,0.00077,-0.01112,-0.00047,-0.33063,0.04138,-1.28365,-0.00071,-0.00947,-6e-05,-0.29113,-0.09135,-1.27811,10,37.6982,362.8332,38.3343,178.1658,0.333,-124.2853,0.0021,26.0238,0.6162
890,000890.png,False,1788794523.984374,1788794523.779674,shear_-X_out,5,-X,0.5,-0.33132,0.08217,-1.26613,0.0009,-0.01208,-0.00059,-0.36671,0.035,-1.27237,-0.00058,-0.01043,-0.00018,-0.31927,-0.11467,-1.2667,11,37.6738,362.8166,38.3344,178.167,0.3317,-124.2844,0.0041,26.0239,0.6161
891,000891.png,False,1788794524.192355,1788794523.987655,shear_-X_out,5,-X,0.5,-0.3538,0.0801,-1.27322,0.00104,-0.01263,-0.0005,-0.38925,0.03287,-1.2794,-0.00045,-0.01099,-9e-05,-0.33766,-0.12781,-1.2737,10,37.6615,362.8065,38.3365,178.1671,0.3314,-124.2864,0.0094,26.0259,0.6141
892,000892.png,False,1788794524.396404,1788794524.191704,shear_-X_out,5,-X,0.5,-0.37836,0.0825,-1.27652,0.00096,-0.01323,-0.00039,-0.41385,0.03522,-1.28265,-0.00053,-0.01158,2e-05,-0.36011,-0.13805,-1.277,10,37.6338,362.7964,38.3376,178.1662,0.3322,-124.2857,0.0072,26.027,0.613
893,000893.png,False,1788794525.016418,1788794524.811718,shear_-X_out,5,-X,0.5,-0.48349,0.09509,-1.26252,0.0007,-0.01608,-0.00066,-0.51912,0.04765,-1.26848,-0.00079,-0.01442,-0.00025,-0.45757,-0.17945,-1.26301,10,37.5556,362.7566,38.3364,178.1652,0.333,-124.2849,0.0081,26.0257,0.6143
894,000894.png,False,1788794525.224377,1788794525.019677,shear_-X_out,5,-X,0.5,-0.51135,0.08905,-1.27361,0.00083,-0.0168,-0.00065,-0.54702,0.04155,-1.27952,-0.00066,-0.01514,-0.00025,-0.4786,-0.19878,-1.27394,11,37.5412,362.742,38.3382,178.1655,0.3329,-124.2864,0.0054,26.0274,0.6126
895,000895.png,False,1788794526.256367,1788794526.051667,shear_-X_back,5,-X,0.0,-0.50729,0.0976,-1.3002,0.00065,-0.01677,-0.00048,-0.54319,0.04983,-1.30584,-0.00084,-0.01511,-8e-05,-0.47917,-0.18977,-1.30068,10,37.5121,362.7341,38.3353,178.1647,0.3338,-124.2853,0.0058,26.0245,0.6155
896,000896.png,False,1788794526.668410,1788794526.463710,shear_-X_back,5,-X,0.0,-0.29356,0.14287,-1.22335,-0.00063,-0.01116,-0.00033,-0.32955,0.09499,-1.22889,-0.00212,-0.00949,7e-05,-0.31718,-0.04254,-1.22506,10,37.6204,362.8232,38.3628,178.1588,0.3405,-124.2829,0.0033,26.0527,0.5873
897,000897.png,False,1788794526.872365,1788794526.667665,shear_-X_back,5,-X,0.0,-0.16557,0.14518,-1.17198,-0.00067,-0.00769,-0.00034,-0.20161,0.09725,-1.17747,-0.00217,-0.00602,6e-05,-0.20783,0.02424,-1.17399,10,37.6852,362.8592,38.3701,178.1566,0.3432,-124.2812,0.0033,26.0602,0.5798
898,000898.png,False,1788794527.080364,1788794526.875664,shear_-X_back,5,-X,0.0,-0.05531,0.11397,-1.19147,0.00016,-0.00474,-0.00021,-0.09139,0.06598,-1.1969,-0.00134,-0.00307,0.00018,-0.09659,0.05198,-1.19315,11,37.7827,362.8869,38.3538,178.1559,0.3442,-124.2819,0.0098,26.0436,0.5964
899,000899.png,False,1788794527.288361,1788794527.083661,shear_-X_back,5,-X,0.0,0.0399,0.05667,-1.27521,0.00165,-0.00238,-0.00033,0.00378,0.00862,-1.28058,0.00015,-0.00071,6e-05,0.01509,0.04859,-1.27607,10,37.8541,362.8959,38.3265,178.1587,0.3418,-124.2801,0.009,26.016,0.624
900,000900.png,False,1788794527.492369,1788794527.287669,shear_-X_back,5,-X,0.0,0.12562,0.1229,-1.31942,-3e-05,-9e-05,-0.00039,0.08945,0.0748,-1.32474,-0.00153,0.00158,0.0,0.05656,0.14808,-1.3216,10,37.8896,362.9872,38.3302,178.1568,0.3442,-124.2784,0.0001,26.0209,0.6191
901,000901.png,False,1788794527.700360,1788794527.495660,shear_-Y_out,5,-Y,0.5,0.11552,0.08183,-1.28778,0.00094,-0.00036,-0.00043,0.0793,0.03367,-1.29305,-0.00056,0.00131,-3e-05,0.06811,0.10796,-1.28924,11,37.8964,362.9639,38.3258,178.1594,0.3415,-124.2797,0.0057,26.016,0.624
902,000902.png,False,1788794528.112363,1788794527.907663,shear_-Y_out,5,-Y,0.5,0.07916,0.04384,-1.31224,0.00202,-0.00126,-0.00037,0.04285,-0.00442,-1.3174,0.00052,0.00042,2e-05,0.05576,0.05651,-1.31296,10,37.9078,362.913,38.3181,178.1624,0.3385,-124.2771,0.0027,26.0075,0.6325
903,000903.png,False,1788794528.524390,1788794528.319690,shear_-Y_out,5,-Y,0.5,0.08423,-0.04955,-1.30851,0.00443,-0.00112,-0.00036,0.04783,-0.09792,-1.31357,0.00293,0.00056,3e-05,0.10679,-0.02178,-1.30762,11,37.9545,362.8646,38.3214,178.1617,0.3394,-124.2788,0.0053,26.0097,0.6303
904,000904.png,False,1788794528.732289,1788794528.527589,shear_-Y_out,5,-Y,0.5,0.0925,-0.10392,-1.29937,0.00589,-0.0008,-0.00026,0.05605,-0.15236,-1.30437,0.00439,0.00088,0.00013,0.14105,-0.0646,-1.29755,10,37.9745,362.8407,38.3227,178.1605,0.341,-124.2801,0.009,26.0105,0.6295
905,000905.png,False,1788794528.936369,1788794528.731669,shear_-Y_out,5,-Y,0.5,0.08229,-0.1477,-1.32107,0.00696,-0.00109,-0.00012,0.0458,-0.19618,-1.32602,0.00545,0.00059,0.00027,0.15423,-0.10796,-1.31847,10,37.9892,362.8082,38.3206,178.1613,0.3403,-124.2803,0.0066,26.0077,0.6323
906,000906.png,False,1788794529.144384,1788794528.939684,shear_-Y_out,5,-Y,0.5,0.06305,-0.19781,-1.30348,0.00832,-0.00149,-0.0002,0.02651,-0.24635,-1.30837,0.00682,0.0002,0.00019,0.16248,-0.16069,-1.29998,11,37.9993,362.7754,38.3219,178.1622,0.3391,-124.2801,0.0,26.0084,0.6316
907,000907.png,False,1788794530.384347,1788794530.179647,shear_-Y_out,5,-Y,0.5,0.05019,-0.23945,-1.27329,0.00947,-0.00184,-0.00027,0.01338,-0.28832,-1.27786,0.00796,-0.00015,0.00011,0.17194,-0.2027,-1.26905,11,38.0281,362.7282,38.329,178.161,0.3404,-124.2797,0.0066,26.0145,0.6255
908,000908.png,False,1788794531.416360,1788794531.211660,shear_-Y_out,5,-Y,0.5,0.04455,-0.2326,-1.24763,0.00932,-0.00201,-0.00021,0.00751,-0.28174,-1.25193,0.00781,-0.0003,0.00017,0.16345,-0.19917,-1.24349,10,38.0328,362.7098,38.338,178.1616,0.3398,-124.2803,0.0086,26.0233,0.6167
909,000909.png,False,1788794531.620415,1788794531.415715,shear_-Y_out,5,-Y,0.5,0.02616,-0.27614,-1.27458,0.01048,-0.00243,-5e-05,-0.01092,-0.32534,-1.27883,0.00897,-0.00073,0.00033,0.16946,-0.24651,-1.26965,11,38.0374,362.6889,38.3358,178.163,0.3384,-124.2793,0.0056,26.0207,0.6193
910,000910.png,False,1788794531.828375,1788794531.623675,shear_-Y_out,5,-Y,0.5,0.02133,-0.31397,-1.26609,0.01138,-0.00258,-6e-05,-0.0158,-0.36322,-1.27028,0.00986,-0.00087,0.00032,0.18412,-0.28154,-1.2605,10,38.0517,362.665,38.3351,178.1627,0.3385,-124.2786,0.0008,26.0195,0.6205
911,000911.png,False,1788794532.036380,1788794531.831680,shear_-Y_out,5,-Y,0.5,0.03314,-0.35467,-1.26607,0.01246,-0.00227,-0.0001,-0.00404,-0.40398,-1.27021,0.01094,-0.00057,0.00028,0.21468,-0.3109,-1.25979,10,38.0765,362.6373,38.3381,178.1613,0.34,-124.2793,0.0073,26.0219,0.6181
912,000912.png,False,1788794532.448385,1788794532.243685,shear_-Y_out,5,-Y,0.5,0.0418,-0.43272,-1.26003,0.01445,-0.00207,0.00017,0.00453,-0.48214,-1.26406,0.01294,-0.00037,0.00055,0.26114,-0.37407,-1.25241,10,38.1132,362.5852,38.3418,178.1598,0.342,-124.2806,0.0038,26.0245,0.6155
913,000913.png,False,1788794532.652299,1788794532.447599,shear_-Y_out,5,-Y,0.5,0.03985,-0.46317,-1.25454,0.01528,-0.00209,4e-05,0.00254,-0.51264,-1.25852,0.01377,-0.00038,0.00041,0.27463,-0.40132,-1.2464,10,38.1296,362.5531,38.3427,178.1608,0.3411,-124.2801,0.0014,26.0247,0.6153
914,000914.png,False,1788794532.860292,1788794532.655592,shear_-Y_out,5,-Y,0.5,0.0369,-0.50532,-1.24222,0.01636,-0.00213,-5e-05,-0.00046,-0.55484,-1.24615,0.01484,-0.00041,0.00033,0.29304,-0.4391,-1.23335,11,38.1461,362.5314,38.3433,178.1602,0.3415,-124.2801,0.005,26.0249,0.6151
915,000915.png,False,1788794533.480289,1788794533.275589,shear_-Y_back,5,-Y,0.0,0.04308,-0.47687,-1.25165,0.01571,-0.00194,2e-05,0.00558,-0.52656,-1.25541,0.01419,-0.00022,0.00039,0.28425,-0.41153,-1.24327,11,38.1508,362.5284,38.3426,178.16,0.3416,-124.281,0.0012,26.0241,0.6159
916,000916.png,False,1788794533.684361,1788794533.479661,shear_-Y_back,5,-Y,0.0,0.04143,-0.4737,-1.25367,0.0157,-0.00197,-1e-05,0.00389,-0.52345,-1.25739,0.01418,-0.00025,0.00036,0.28125,-0.40964,-1.24535,11,38.15,362.5253,38.3418,178.1603,0.3413,-124.2808,0.0035,26.0232,0.6168
917,000917.png,False,1788794533.892378,1788794533.687678,shear_-Y_back,5,-Y,0.0,0.09146,-0.33638,-1.20093,0.01208,-0.00071,-3e-05,0.05388,-0.38618,-1.20459,0.01056,0.00101,0.00035,0.25562,-0.26487,-1.1951,10,38.1329,362.623,38.3634,178.1538,0.3479,-124.2847,0.01,26.0465,0.5935
918,000918.png,False,1788794534.716387,1788794534.511687,shear_-Y_back,5,-Y,0.0,0.01774,0.09671,-1.27777,0.00094,-0.00279,-0.00018,-0.02003,0.0467,-1.28121,-0.00058,-0.00106,0.00019,-0.0241,0.07215,-1.27929,10,37.9353,362.8509,38.3343,178.1512,0.3497,-124.2924,0.0063,26.0224,0.6176
919,000919.png,False,1788794534.924294,1788794534.719594,shear_-Y_back,5,-Y,0.0,0.01254,0.21182,-1.33654,-0.00209,-0.00298,-0.0004,-0.02527,0.16175,-1.33993,-0.00362,-0.00125,-3e-05,-0.0857,0.16831,-1.34004,11,37.8912,362.9832,38.3102,178.1522,0.3483,-124.2878,0.0075,26.0008,0.6392
920,000920.png,False,1788794535.336385,1788794535.131685,shear_+Y_out,5,+Y,0.5,0.03128,0.19919,-1.33138,-0.00181,-0.00253,-0.00029,-0.00663,0.14901,-1.33466,-0.00333,-0.0008,8e-05,-0.0632,0.16681,-1.33469,10,37.8984,362.9446,38.3264,178.1606,0.34,-124.2884,0.0017,26.0163,0.6237
921,000921.png,False,1788794535.544291,1788794535.339592,shear_+Y_out,5,+Y,0.5,0.03299,0.18996,-1.30342,-0.00164,-0.00249,-0.00033,-0.00496,0.13972,-1.30665,-0.00317,-0.00075,4e-05,-0.05729,0.16012,-1.30658,11,37.8977,362.9481,38.3292,178.1605,0.3397,-124.289,0.0049,26.0192,0.6208
922,000922.png,False,1788794535.748297,1788794535.543597,shear_+Y_out,5,+Y,0.5,0.04663,0.22425,-1.3017,-0.00238,-0.00204,-0.00024,0.00864,0.17396,-1.30487,-0.00391,-0.00031,0.00013,-0.06262,0.19667,-1.30548,10,37.8945,362.9738,38.3378,178.1592,0.3413,-124.2906,0.0076,26.0282,0.6118
923,000923.png,False,1788794535.956376,1788794535.751676,shear_+Y_out,5,+Y,0.5,0.06383,0.26062,-1.25323,-0.00348,-0.00164,-0.0004,0.02579,0.21027,-1.25635,-0.00501,0.0001,-3e-05,-0.06623,0.23753,-1.25768,10,37.8872,363.0063,38.3448,178.1587,0.3414,-124.2934,0.0063,26.0358,0.6042
924,000924.png,False,1788794536.164289,1788794535.959589,shear_+Y_out,5,+Y,0.5,0.07288,0.31839,-1.26715,-0.00498,-0.00141,-0.0004,0.03479,0.26799,-1.27022,-0.00651,0.00033,-3e-05,-0.08716,0.29187,-1.27263,11,37.8645,363.0439,38.3304,178.1593,0.3407,-124.2927,0.0003,26.0221,0.6179
925,000925.png,False,1788794536.368382,1788794536.163682,shear_+Y_out,5,+Y,0.5,0.04503,0.3667,-1.30379,-0.00627,-0.00224,-0.00056,0.0069,0.31624,-1.3068,-0.00781,-0.0005,-0.00019,-0.13517,0.3192,-1.31004,10,37.8299,363.0702,38.3254,178.1604,0.3396,-124.2893,0.0029,26.0178,0.6222
926,000926.png,False,1788794536.576398,1788794536.371698,shear_+Y_out,5,+Y,0.5,0.02409,0.4171,-1.3282,-0.00747,-0.00278,-0.00053,-0.01409,0.36659,-1.33116,-0.00901,-0.00104,-0.00017,-0.17832,0.35199,-1.33528,10,37.8041,363.0972,38.3202,178.1612,0.3385,-124.2882,0.0092,26.0133,0.6267
927,000927.png,False,1788794536.780299,1788794536.575599,shear_+Y_out,5,+Y,0.5,0.02713,0.45422,-1.34007,-0.00849,-0.00273,-0.00053,-0.01109,0.40366,-1.34298,-0.01002,-0.00098,-0.00017,-0.19415,0.38548,-1.3478,11,37.7911,363.1266,38.3229,178.1603,0.3394,-124.289,0.0089,26.0165,0.6235
928,000928.png,False,1788794537.608366,1788794537.403666,shear_+Y_back,5,+Y,0.0,0.02163,0.46667,-1.32253,-0.0089,-0.00293,-0.00072,-0.01678,0.41588,-1.32522,-0.01044,-0.00118,-0.00036,-0.20525,0.39379,-1.33047,10,37.7701,363.1499,38.3223,178.1612,0.339,-124.2877,0.0058,26.0164,0.6236
929,000929.png,False,1788794537.812383,1788794537.607683,shear_+Y_back,5,+Y,0.0,0.01872,0.46333,-1.31939,-0.00883,-0.00298,-0.00068,-0.01973,0.41249,-1.32203,-0.01037,-0.00123,-0.00032,-0.20613,0.38949,-1.32726,10,37.7688,363.1511,38.3227,178.1612,0.339,-124.2875,0.0049,26.0168,0.6232
930,000930.png,False,1788794538.020293,1788794537.815593,shear_+Y_back,5,+Y,0.0,-0.03399,0.31547,-1.38474,-0.00495,-0.00432,-0.00055,-0.07249,0.26457,-1.38732,-0.00649,-0.00257,-0.0002,-0.17746,0.23405,-1.38993,11,37.7857,363.0587,38.299,178.1679,0.3322,-124.286,0.0017,25.9916,0.6484
931,000931.png,False,1788794538.432368,1788794538.227668,shear_+Y_back,5,+Y,0.0,-0.04933,0.25243,-1.40838,-0.00331,-0.00479,-0.00051,-0.08792,0.20143,-1.41085,-0.00485,-0.00304,-0.00015,-0.15909,0.17142,-1.41244,10,37.7906,363.0332,38.2991,178.1692,0.3316,-124.2664,0.0057,25.9912,0.6488
932,000932.png,False,1788794538.640396,1788794538.435696,shear_+Y_back,5,+Y,0.0,-0.0422,0.25022,-1.24731,-0.00324,-0.0045,-0.00051,-0.08083,0.19916,-1.24973,-0.00478,-0.00274,-0.00015,-0.15292,0.17564,-1.25138,11,37.8008,362.9956,38.3675,178.1601,0.3412,-124.2547,0.0057,26.0589,0.5811
933,000933.png,False,1788794538.844384,1788794538.639684,shear_+Y_back,5,+Y,0.0,-0.06503,0.09534,-1.20688,0.0007,-0.00512,-0.00042,-0.10371,0.04423,-1.20924,-0.00085,-0.00336,-6e-05,-0.09559,0.03075,-1.20822,10,37.8494,362.9437,38.3341,178.1641,0.3378,-124.2514,0.0057,26.0244,0.6156
934,000934.png,False,1788794539.260377,1788794539.055677,shear_+Y_back,5,+Y,0.0,0.11728,0.08963,-1.24329,0.00081,-0.00038,-0.00044,0.07851,0.03841,-1.24555,-0.00073,0.00138,-8e-05,0.06542,0.11631,-1.24489,11,37.9297,362.9851,38.3893,178.1539,0.3481,-124.27,0.0024,26.0797,0.5603
935,000935.png,False,1788794539.464381,1788794539.259681,shear_+Y_back,5,+Y,0.0,0.09219,0.07779,-1.14351,0.00114,-0.00091,-0.00047,0.05338,0.02651,-1.14572,-0.0004,0.00085,-0.00011,0.04892,0.09512,-1.14487,11,37.9314,362.9577,38.368,178.158,0.3439,-124.2686,0.0051,26.0579,0.5821
936,000936.png,False,1788794540.908298,1788794540.703598,shear_+X_out,6,+X,0.5,0.03072,0.12511,-1.18049,-6e-05,-0.00256,-0.00029,-0.00842,0.07345,-1.18232,-0.00161,-0.00078,6e-05,-0.02771,0.10479,-1.18254,10,37.8895,362.9577,38.3657,178.1596,0.3419,-124.2627,0.0086,26.0559,0.5841
937,000937.png,False,1788794541.116298,1788794540.911598,shear_+X_out,6,+X,0.5,0.03297,0.12485,-1.1902,-0.0,-0.00253,-0.00024,-0.00621,0.07314,-1.19198,-0.00156,-0.00076,0.00011,-0.02556,0.10554,-1.19225,10,37.8897,362.9584,38.365,178.1598,0.3417,-124.263,0.0071,26.0552,0.5848
938,000938.png,False,1788794541.528394,1788794541.323694,shear_+X_out,6,+X,0.5,0.09255,0.15016,-1.1654,-0.00077,-0.00109,-0.00028,0.05328,0.09834,-1.16707,-0.00232,0.00069,6e-05,0.01322,0.15763,-1.16801,10,37.9265,362.99,38.3707,178.158,0.3442,-124.2606,0.0029,26.0612,0.5788
939,000939.png,False,1788794541.736402,1788794541.531702,shear_+X_out,6,+X,0.5,0.15385,0.131,-1.17539,-0.00011,0.00071,-0.00017,0.11453,0.07912,-1.17701,-0.00166,0.00249,0.00018,0.07596,0.1715,-1.17779,10,37.9665,363.0044,38.3719,178.1585,0.3435,-124.263,0.0096,26.0623,0.5777
940,000940.png,False,1788794541.940398,1788794541.735698,shear_+X_out,6,+X,0.5,0.22191,0.12177,-1.17335,6e-05,0.00247,-0.0002,0.18255,0.06984,-1.17491,-0.0015,0.00426,0.00014,0.13952,0.19755,-1.17572,11,38.0051,363.0219,38.3691,178.1596,0.343,-124.2632,0.0076,26.0595,0.5805
941,000941.png,False,1788794542.148360,1788794541.943660,shear_+X_out,6,+X,0.5,0.27136,0.12562,-1.16547,-9e-05,0.00372,-0.00038,0.23195,0.07364,-1.16698,-0.00164,0.00551,-4e-05,0.18037,0.22572,-1.16801,10,38.031,363.0377,38.3671,178.1599,0.3425,-124.2623,0.0006,26.0576,0.5824
942,000942.png,False,1788794542.356380,1788794542.151680,shear_+X_out,6,+X,0.5,0.31412,0.12736,-1.17743,-0.00016,0.00492,-0.00027,0.27467,0.07532,-1.17889,-0.00171,0.0067,8e-05,0.21663,0.2484,-1.18009,10,38.0652,363.0593,38.3679,178.1597,0.343,-124.2634,0.0061,26.0585,0.5815
943,000943.png,False,1788794542.560393,1788794542.355693,shear_+X_out,6,+X,0.5,0.35714,0.12779,-1.17601,-0.00013,0.00599,-0.00026,0.31764,0.07569,-1.17742,-0.00168,0.00777,8e-05,0.25367,0.27028,-1.17877,11,38.0935,363.0735,38.3687,178.1598,0.3427,-124.2641,0.0086,26.0593,0.5807
944,000944.png,False,1788794542.972401,1788794542.767701,shear_+X_out,6,+X,0.5,0.37809,0.1293,-1.18206,-0.00014,0.00654,-0.00038,0.3385,0.07709,-1.18335,-0.0017,0.00833,-4e-05,0.2711,0.28197,-1.18488,10,38.113,363.0927,38.3642,178.16,0.343,-124.2621,0.0029,26.055,0.585
945,000945.png,False,1788794543.388376,1788794543.183676,shear_+X_out,6,+X,0.5,0.43575,0.13636,-1.17754,-0.00032,0.00809,-0.00027,0.39607,0.08404,-1.17873,-0.00188,0.00988,7e-05,0.31749,0.31697,-1.1806,10,38.1582,363.1188,38.3679,178.1593,0.3437,-124.2636,0.0095,26.0588,0.5812
946,000946.png,False,1788794544.212393,1788794544.007693,shear_+X_out,6,+X,0.5,0.53533,0.12436,-1.16471,-0.0001,0.01069,-0.00044,0.49547,0.07183,-1.16568,-0.00166,0.01249,-0.0001,0.40965,0.35654,-1.16775,10,38.2468,363.1612,38.3665,178.1601,0.3427,-124.2647,0.0094,26.0575,0.5825
947,000947.png,False,1788794545.040303,1788794544.835603,shear_+X_back,6,+X,0.0,0.56215,0.11576,-1.17259,0.00012,0.01135,-0.00043,0.5221,0.063,-1.17334,-0.00144,0.01316,-0.0001,0.43723,0.36236,-1.17554,11,38.283,363.1779,38.3666,178.1602,0.3427,-124.2645,0.0093,26.0576,0.5824
948,000948.png,False,1788794545.656428,1788794545.451728,shear_+X_back,6,+X,0.0,0.3543,0.07624,-1.2813,0.00128,0.00602,-0.00012,0.31412,0.02332,-1.28189,-0.00029,0.00783,0.00021,0.2777,0.22253,-1.28313,10,38.1668,363.0821,38.3357,178.1662,0.3357,-124.271,0.0031,26.026,0.614
949,000949.png,False,1788794546.688401,1788794546.483701,shear_-X_out,6,-X,0.5,-0.03858,0.14251,-1.18619,-0.00043,-0.00444,-0.0003,-0.07899,0.08932,-1.18652,-0.002,-0.00262,3e-05,-0.0964,0.08514,-1.18841,11,37.8996,362.968,38.3687,178.1567,0.3435,-124.2775,0.0036,26.059,0.581
950,000950.png,False,1788794547.104402,1788794546.899702,shear_-X_out,6,-X,0.5,-0.06912,0.11776,-1.19015,0.00019,-0.00537,-0.00043,-0.10962,0.06446,-1.19036,-0.00139,-0.00355,-0.00011,-0.11046,0.04839,-1.19187,10,37.8643,362.9441,38.3595,178.1584,0.3416,-124.2801,0.0089,26.0497,0.5903
951,000951.png,False,1788794547.516304,1788794547.311604,shear_-X_out,6,-X,0.5,-0.16413,0.12435,-1.22376,-2e-05,-0.00794,-0.00049,-0.20473,0.07094,-1.22387,-0.0016,-0.00612,-0.00016,-0.19582,0.00608,-1.2254,10,37.8032,362.9105,38.349,178.1588,0.3409,-124.2793,0.0004,26.0391,0.6009
952,000952.png,False,1788794548.136307,1788794547.931607,shear_-X_out,6,-X,0.5,-0.27658,0.15302,-1.19189,-0.00065,-0.0108,-0.00034,-0.31731,0.09944,-1.19184,-0.00223,-0.00897,-2e-05,-0.30776,-0.02477,-1.19381,10,37.7114,362.8775,38.3694,178.1544,0.3455,-124.2775,0.0037,26.0596,0.5804
953,000953.png,False,1788794550.612401,1788794550.407701,shear_-X_out,6,-X,0.5,-0.30171,0.12095,-1.32817,0.00031,-0.01171,-0.00019,-0.34299,0.06672,-1.32747,-0.00128,-0.00986,0.00012,-0.31257,-0.06727,-1.32946,10,37.6534,362.8363,38.334,178.1555,0.3442,-124.2801,0.0035,26.0239,0.6161
954,000954.png,False,1788794550.816401,1788794550.611701,shear_-X_out,6,-X,0.5,-0.36043,0.13753,-1.3508,-0.00012,-0.0133,-0.00027,-0.40175,0.08325,-1.35005,-0.00171,-0.01145,4e-05,-0.37156,-0.08262,-1.35226,10,37.6141,362.8251,38.3261,178.1556,0.3439,-124.2771,0.0006,26.0161,0.6239
955,000955.png,False,1788794551.024420,1788794550.819721,shear_-X_out,6,-X,0.5,-0.40974,0.14139,-1.3764,-0.00026,-0.01463,-0.00024,-0.45111,0.08705,-1.3756,-0.00185,-0.01278,7e-05,-0.41602,-0.10433,-1.37782,10,37.5905,362.8084,38.3196,178.1564,0.3433,-124.2775,0.0062,26.0095,0.6305
956,000956.png,False,1788794551.644375,1788794551.439675,shear_-X_out,6,-X,0.5,-0.49462,0.1459,-1.30847,-0.00038,-0.01686,-0.00033,-0.53612,0.09139,-1.30751,-0.00197,-0.015,-2e-05,-0.49227,-0.14175,-1.30981,10,37.5182,362.7737,38.3425,178.1546,0.3449,-124.2762,0.003,26.0323,0.6077
957,000957.png,False,1788794552.056399,1788794551.851699,shear_-X_out,6,-X,0.5,-0.54169,0.15875,-1.27644,-0.00075,-0.01804,-0.00038,-0.58329,0.10414,-1.27537,-0.00235,-0.01618,-8e-05,-0.53969,-0.15362,-1.27792,10,37.4787,362.7619,38.3507,178.1535,0.3461,-124.2758,0.0076,26.0406,0.5994
958,000958.png,False,1788794552.468393,1788794552.263693,shear_-X_back,6,-X,0.0,-0.51436,0.15769,-1.2721,-0.00072,-0.01748,-0.00042,-0.55605,0.10296,-1.27092,-0.00232,-0.01562,-0.00012,-0.51551,-0.14082,-1.27361,10,37.4785,362.7612,38.3491,178.1535,0.3464,-124.276,0.0023,26.0391,0.6009
959,000959.png,False,1788794553.708400,1788794553.503700,shear_-X_back,6,-X,0.0,0.03931,0.13435,-1.1398,-0.00016,-0.00271,-0.00028,-0.00265,0.07929,-1.1383,-0.00176,-0.00084,2e-05,-0.02517,0.11774,-1.14204,10,37.8249,362.9448,38.3764,178.1464,0.3563,-124.2731,0.003,26.0668,0.5732
960,000960.png,False,1788794554.120426,1788794553.915726,shear_-Y_out,6,-Y,0.5,0.14765,0.14686,-1.20511,-0.00055,3e-05,-0.00019,0.10559,0.09169,-1.2035,-0.00215,0.0019,0.00011,0.06287,0.18166,-1.20777,10,37.888,362.9882,38.3612,178.1496,0.3533,-124.2754,0.0027,26.0519,0.5881
961,000961.png,False,1788794556.392415,1788794556.187715,shear_-Y_out,6,-Y,0.5,0.05555,-0.23206,-1.17398,0.00941,-0.00204,-0.00013,0.01299,-0.28782,-1.17178,0.0078,-0.00014,0.00016,0.1722,-0.19203,-1.16989,10,38.0281,362.7253,38.3687,178.1536,0.3497,-124.2754,0.0001,26.0542,0.5858
962,000962.png,False,1788794556.596398,1788794556.391698,shear_-Y_out,6,-Y,0.5,0.05081,-0.27318,-1.15836,0.01047,-0.00219,-0.00022,0.00821,-0.329,-1.15611,0.00886,-0.0003,7e-05,0.18853,-0.22976,-1.15355,10,38.0411,362.703,38.3693,178.1536,0.3495,-124.2748,0.0024,26.0544,0.5856
963,000963.png,False,1788794557.008491,1788794556.803791,shear_-Y_out,6,-Y,0.5,0.04971,-0.33082,-1.19254,0.01206,-0.00225,-2e-05,0.00702,-0.38675,-1.19018,0.01045,-0.00035,0.00027,0.21661,-0.28078,-1.18672,10,38.0684,362.6544,38.3667,178.1525,0.3509,-124.2746,0.0094,26.0508,0.5892
964,000964.png,False,1788794557.216424,1788794557.011724,shear_-Y_out,6,-Y,0.5,0.04179,-0.37351,-1.18493,0.01311,-0.00238,-1e-05,-0.00095,-0.42949,-1.18252,0.0115,-0.00048,0.00028,0.23102,-0.32159,-1.17836,10,38.0867,362.6189,38.3659,178.1535,0.3498,-124.2748,0.0035,26.0493,0.5907
965,000965.png,False,1788794557.424453,1788794557.219753,shear_-Y_out,6,-Y,0.5,0.04638,-0.4023,-1.16991,0.01386,-0.00237,-0.00012,0.0036,-0.45834,-1.16744,0.01224,-0.00047,0.00017,0.24929,-0.34399,-1.16285,10,38.1038,362.597,38.3658,178.1532,0.3502,-124.2752,0.0027,26.0487,0.5913
966,000966.png,False,1788794557.628331,1788794557.423631,shear_-Y_out,6,-Y,0.5,0.04323,-0.44092,-1.18543,0.01492,-0.00241,-8e-05,0.0004,-0.49702,-1.1829,0.01331,-0.00051,0.00021,0.26596,-0.37926,-1.17769,10,38.1208,362.5652,38.365,178.1541,0.3496,-124.2754,0.0051,26.0474,0.5926
967,000967.png,False,1788794560.312427,1788794560.107727,shear_+Y_out,6,+Y,0.5,0.05192,0.20217,-1.24335,-0.00164,-0.00241,-0.00024,0.0085,0.14536,-1.24013,-0.00327,-0.00049,4e-05,-0.04741,0.18112,-1.24677,10,37.9038,362.9493,38.3523,178.1528,0.3488,-124.2993,0.0013,26.0423,0.5977
968,000968.png,False,1788794560.520458,1788794560.315758,shear_+Y_out,6,+Y,0.5,0.04856,0.20646,-1.24004,-0.00185,-0.00247,-0.00017,0.00509,0.1496,-1.23677,-0.00348,-0.00055,0.00011,-0.05249,0.18321,-1.24353,11,37.8928,362.9682,38.3594,178.1513,0.3501,-124.2987,0.005,26.0498,0.5902
969,000969.png,False,1788794560.724436,1788794560.519736,shear_+Y_out,6,+Y,0.5,0.05264,0.2647,-1.20754,-0.0034,-0.00238,-0.00028,0.00913,0.20779,-1.20421,-0.00503,-0.00046,0.0,-0.07828,0.23621,-1.21205,10,37.8728,363.0033,38.3702,178.1494,0.3525,-124.2996,0.0078,26.0612,0.5788
970,000970.png,False,1788794560.932420,1788794560.727720,shear_+Y_out,6,+Y,0.5,0.05695,0.30533,-1.16521,-0.00444,-0.00227,-0.00032,0.01339,0.24836,-1.16183,-0.00607,-0.00034,-5e-05,-0.09514,0.27423,-1.17044,10,37.858,363.0311,38.3814,178.149,0.3526,-124.2991,0.0054,26.073,0.567
971,000971.png,False,1788794561.140435,1788794560.935735,shear_+Y_out,6,+Y,0.5,0.05786,0.34577,-1.17579,-0.00549,-0.00226,-0.0003,0.01426,0.28875,-1.17235,-0.00712,-0.00033,-3e-05,-0.11448,0.30954,-1.18172,11,37.8403,363.0584,38.3703,178.1505,0.351,-124.2993,0.0011,26.0625,0.5775
972,000972.png,False,1788794561.756465,1788794561.551765,shear_+Y_out,6,+Y,0.5,0.04939,0.44835,-1.26074,-0.00819,-0.00252,-0.00038,0.00565,0.39116,-1.25714,-0.00982,-0.00058,-0.00011,-0.17249,0.39278,-1.26842,10,37.7921,363.1366,38.3508,178.1524,0.3488,-124.2989,0.0063,26.0446,0.5954
973,000973.png,False,1788794561.964423,1788794561.759723,shear_+Y_out,6,+Y,0.5,0.06885,0.50972,-1.26473,-0.0098,-0.00212,-0.00035,0.02507,0.45247,-1.26108,-0.01143,-0.00018,-8e-05,-0.18626,0.45559,-1.27352,10,37.7769,363.1775,38.3553,178.151,0.3504,-124.2991,0.0009,26.0498,0.5902
974,000974.png,False,1788794562.788344,1788794562.583644,shear_+Y_back,6,+Y,0.0,0.05051,0.45462,-1.28618,-0.00833,-0.00246,-0.00019,0.00654,0.39716,-1.28232,-0.00997,-0.00052,8e-05,-0.17447,0.39836,-1.29397,10,37.7771,363.1652,38.3506,178.1524,0.3487,-124.2993,0.0002,26.0449,0.5951
975,000975.png,False,1788794563.204430,1788794562.999730,shear_+Y_back,6,+Y,0.0,-0.01561,0.27021,-1.3604,-0.00355,-0.00424,-0.00022,-0.05967,0.21263,-1.35643,-0.00519,-0.0023,5e-05,-0.13909,0.20442,-1.36485,11,37.8007,363.0341,38.3184,178.1627,0.3385,-124.2954,0.0094,26.0104,0.6296
976,000976.png,False,1788794563.616453,1788794563.411753,shear_+Y_back,6,+Y,0.0,-0.01913,0.24241,-1.29388,-0.00287,-0.00433,-0.00023,-0.06328,0.18473,-1.2898,-0.00451,-0.00238,4e-05,-0.12871,0.17966,-1.29785,10,37.8051,363.0281,38.357,178.1565,0.3459,-124.2693,0.0034,26.0489,0.5911
977,000977.png,False,1788794563.820471,1788794563.615771,shear_+Y_back,6,+Y,0.0,-0.04128,0.11981,-1.13944,0.00026,-0.00477,-3e-05,-0.08548,0.06208,-1.13531,-0.00139,-0.00282,0.00024,-0.08772,0.06489,-1.14127,11,37.8418,362.9523,38.3767,178.1551,0.3479,-124.2628,0.0093,26.0672,0.5728
978,000978.png,False,1788794564.028494,1788794563.823794,shear_+Y_back,6,+Y,0.0,0.07158,0.09752,-1.21792,0.00093,-0.00185,-0.00017,0.02734,0.03973,-1.21373,-0.00072,0.0001,9e-05,0.02172,0.10072,-1.21957,10,37.9243,363.0067,38.3441,178.1535,0.3496,-124.2678,0.0035,26.0348,0.6052
979,000979.png,False,1788794565.268436,1788794565.063736,shear_+X_out,7,+X,0.5,0.10719,0.14485,-1.19611,-0.00032,-0.001,-0.00027,0.06268,0.08673,-1.1916,-0.00197,0.00096,-1e-05,0.02878,0.15985,-1.19865,10,37.9218,362.9928,38.3618,178.1516,0.3514,-124.2685,0.0076,26.0523,0.5877
980,000980.png,False,1788794565.472454,1788794565.267754,shear_+X_out,7,+X,0.5,0.12882,0.15514,-1.2024,-0.0006,-0.00045,-0.00025,0.08426,0.09697,-1.19783,-0.00224,0.00151,1e-05,0.04241,0.17947,-1.20516,10,37.9471,363.0036,38.3613,178.1521,0.3514,-124.2691,0.0097,26.0518,0.5882
981,000981.png,False,1788794566.092438,1788794565.887738,shear_+X_out,7,+X,0.5,0.32582,0.09232,-1.17942,0.001,0.00487,-0.0,0.28112,0.03398,-1.17469,-0.00065,0.00684,0.00025,0.24428,0.22386,-1.18149,10,38.0821,363.042,38.3758,178.1524,0.3514,-124.2763,0.0057,26.0661,0.5739
982,000982.png,False,1788794566.300452,1788794566.095752,shear_+X_out,7,+X,0.5,0.35903,0.09548,-1.16882,0.00097,0.00573,-0.00012,0.31428,0.03709,-1.16405,-0.00068,0.0077,0.00014,0.27139,0.24336,-1.17102,11,38.1058,363.0555,38.3765,178.1525,0.351,-124.2772,0.0078,26.0668,0.5732
983,000983.png,False,1788794566.504472,1788794566.299772,shear_+X_out,7,+X,0.5,0.3849,0.09233,-1.17097,0.00108,0.00645,-0.0001,0.34011,0.03388,-1.16614,-0.00057,0.00842,0.00015,0.29539,0.25353,-1.17316,10,38.1315,363.0675,38.3776,178.1523,0.3512,-124.2767,0.0054,26.0679,0.5721
984,000984.png,False,1788794568.980369,1788794568.775669,shear_+X_out,7,+X,0.5,0.44951,0.11335,-1.28289,0.00059,0.00797,-0.00014,0.40418,0.05424,-1.27741,-0.00108,0.00996,0.0001,0.34164,0.30222,-1.28556,11,38.1925,363.1108,38.3397,178.1508,0.3528,-124.277,0.0063,26.0303,0.6097
985,000985.png,False,1788794570.012480,1788794569.807780,shear_+X_out,7,+X,0.5,0.58731,0.09145,-1.27916,0.00122,0.01178,-6e-05,0.54175,0.03208,-1.27341,-0.00044,0.01378,0.00018,0.47191,0.35218,-1.28172,10,38.3026,363.1548,38.3412,178.153,0.3506,-124.2767,0.0005,26.0317,0.6083
986,000986.png,False,1788794571.044383,1788794570.839683,shear_+X_back,7,+X,0.0,0.53372,0.03437,-1.31447,0.00269,0.01033,5e-05,0.48793,-0.02528,-1.30846,0.00102,0.01234,0.00029,0.45426,0.27539,-1.31593,10,38.2978,363.1111,38.3301,178.1566,0.3459,-124.2865,0.0012,26.02,0.62
987,000987.png,False,1788794571.252379,1788794571.047679,shear_+X_back,7,+X,0.0,0.391,0.05013,-1.32763,0.00236,0.00654,-8e-05,0.34516,-0.00958,-1.32157,0.00069,0.00855,0.00015,0.32285,0.21752,-1.32908,10,38.2132,363.0758,38.3223,178.1583,0.3437,-124.283,0.0076,26.0122,0.6278
988,000988.png,False,1788794572.492494,1788794572.287794,shear_-X_out,7,-X,0.5,0.01382,0.15487,-1.19692,-0.00044,-0.00355,-0.0001,-0.03229,0.09483,-1.19053,-0.00211,-0.00153,0.00014,-0.0571,0.12186,-1.19945,10,37.9311,362.9556,38.3639,178.1545,0.3461,-124.2893,0.0024,26.0537,0.5863
989,000989.png,False,1788794572.904460,1788794572.699760,shear_-X_out,7,-X,0.5,-0.07912,0.09617,-1.21271,0.00122,-0.0059,-9e-05,-0.12533,0.03603,-1.20622,-0.00046,-0.00388,0.00014,-0.10818,0.02433,-1.21404,10,37.8745,362.9237,38.3641,178.1555,0.3447,-124.2891,0.0083,26.0539,0.5861
990,000990.png,False,1788794573.316465,1788794573.111765,shear_-X_out,7,-X,0.5,-0.16504,0.13374,-1.21457,0.00017,-0.00824,-0.0001,-0.21134,0.07349,-1.20796,-0.00151,-0.00621,0.00013,-0.20136,0.01391,-1.21637,10,37.8082,362.903,38.3677,178.1537,0.3465,-124.2878,0.0007,26.0576,0.5824
991,000991.png,False,1788794574.556386,1788794574.351686,shear_-X_out,7,-X,0.5,-0.3058,0.15783,-1.19561,-0.00044,-0.01207,-0.00028,-0.35236,0.09725,-1.18868,-0.00213,-0.01003,-5e-05,-0.33545,-0.03525,-1.19755,10,37.6714,362.8523,38.3689,178.15,0.35,-124.2882,0.0068,26.0589,0.5811
992,000992.png,False,1788794574.760397,1788794574.555697,shear_-X_out,7,-X,0.5,-0.33165,0.14088,-1.21229,4e-05,-0.01277,-0.00026,-0.37826,0.08024,-1.20531,-0.00164,-0.01074,-4e-05,-0.34926,-0.06312,-1.21389,11,37.6539,362.8329,38.3671,178.1514,0.3481,-124.2882,0.0041,26.057,0.583
993,000993.png,False,1788794574.968398,1788794574.763698,shear_-X_out,7,-X,0.5,-0.3652,0.14045,-1.21223,5e-05,-0.01365,-0.00017,-0.41186,0.07976,-1.20519,-0.00164,-0.01161,5e-05,-0.37811,-0.08026,-1.21375,10,37.6248,362.8188,38.3717,178.1519,0.3476,-124.2889,0.0029,26.0615,0.5785
994,000994.png,False,1788794575.176495,1788794574.971795,shear_-X_out,7,-X,0.5,-0.39556,0.13866,-1.19422,0.00013,-0.01438,-0.00023,-0.44227,0.07791,-1.18713,-0.00156,-0.01234,-1e-05,-0.40364,-0.09669,-1.19565,10,37.6014,362.8037,38.3745,178.1518,0.348,-124.2876,0.0096,26.0643,0.5757
995,000995.png,False,1788794576.824525,1788794576.619825,shear_-X_back,7,-X,0.0,-0.46547,0.14093,-1.20483,0.0001,-0.01639,-0.00022,-0.51254,0.07975,-1.19731,-0.00159,-0.01434,0.0,-0.46526,-0.12982,-1.20616,10,37.5056,362.7556,38.3771,178.1505,0.349,-124.2884,0.0068,26.0667,0.5733
996,000996.png,False,1788794581.160434,1788794580.955734,shear_-Y_out,7,-Y,0.5,0.08479,-0.31403,-1.19137,0.01191,-0.00177,-6e-05,0.03676,-0.37637,-1.18272,0.0102,0.00031,0.00014,0.2386,-0.24869,-1.18591,11,38.0936,362.6743,38.3617,178.1509,0.3519,-124.2852,0.0047,26.046,0.594
997,000997.png,False,1788794581.368418,1788794581.163718,shear_-Y_out,7,-Y,0.5,0.07761,-0.3555,-1.17262,0.01294,-0.00209,-0.00015,0.02953,-0.41789,-1.16392,0.01123,-0.0,5e-05,0.25297,-0.2879,-1.16643,10,38.1083,362.6353,38.3632,178.1517,0.3509,-124.2841,0.0089,26.0467,0.5933
998,000998.png,False,1788794584.668525,1788794584.463825,shear_+Y_out,7,+Y,0.5,0.11443,0.26141,-1.23001,-0.00297,-0.00134,-0.0003,0.06563,0.19815,-1.22045,-0.0047,0.00078,-0.00011,-0.02296,0.26387,-1.23458,11,37.9264,362.9928,38.3537,178.1434,0.3577,-124.3103,0.0101,26.0442,0.5958
999,000999.png,False,1788794584.876517,1788794584.671817,shear_+Y_out,7,+Y,0.5,0.10137,0.23359,-1.21754,-0.00229,-0.00165,-0.00035,0.05252,0.17027,-1.20793,-0.00401,0.00047,-0.00016,-0.02046,0.23345,-1.22161,10,37.9203,363.0056,38.3554,178.1427,0.3583,-124.3103,0.0088,26.0462,0.5938
1000,001000.png,False,1788794585.080538,1788794584.875838,shear_+Y_out,7,+Y,0.5,0.10303,0.27659,-1.21887,-0.00332,-0.00161,-0.00024,0.05414,0.21322,-1.2092,-0.00505,0.0005,-5e-05,-0.04049,0.2715,-1.22369,11,37.9041,363.0305,38.3626,178.1411,0.36,-124.3107,0.0066,26.0539,0.5861
