index,file,missing,t_img,t_exposure_start,segment,cycle,axis,target_N,Fx_s,Fy_s,Fz_s,Tx_s,Ty_s,Tz_s,Fx_s_corr,Fy_s_corr,Fz_s_corr,Tx_s_corr,Ty_s_corr,Tz_s_corr,Fx_base,Fy_base,Fz_base,ft_chunks,tcp_x,tcp_y,tcp_z,rx,ry,rz,pose_gap_s,height_above_plane_mm,depth_mm
1,000001.png,False,1788891924.508451,1788891924.448451,normal_load,1,,2.0,-0.01053,-0.00712,0.00601,0.00029,-2e-05,-0.00011,-0.00968,-0.00727,0.00812,0.00024,-4e-05,-0.00012,-0.0056,-0.01133,0.00616,3,37.92,362.8326,36.1047,179.8968,0.4179,-101.9102,0.0001,23.793,-0.0438
2,000002.png,False,1788891924.704469,1788891924.644469,normal_load,1,,2.0,-0.01409,-0.01998,0.02073,0.00053,-0.00015,-0.00021,-0.01322,-0.02014,0.02291,0.00047,-0.00018,-0.00022,-0.00237,-0.02402,0.0211,3,37.9271,362.7979,36.0964,179.8982,0.4138,-101.9104,0.0052,23.7842,-0.0349
3,000003.png,False,1788891925.288495,1788891925.228495,normal_load,1,,2.0,-0.00838,-0.02422,-0.01902,0.00065,9e-05,-6e-05,-0.00741,-0.02439,-0.01659,0.00059,6e-05,-7e-05,0.00498,-0.02546,-0.01858,3,37.9417,362.7918,36.0668,179.8967,0.4176,-101.9124,0.0089,23.7544,-0.0051
4,000004.png,False,1788891925.484530,1788891925.424531,normal_load,1,,2.0,-0.01015,-0.03435,-0.19702,0.00093,-0.00015,-0.0,-0.00915,-0.03453,-0.19451,0.00086,-0.00018,-1e-05,0.00974,-0.03798,-0.19637,4,37.9454,362.7738,35.9738,179.8996,0.4108,-101.9124,0.001,23.661,0.0883
5,000005.png,False,1788891925.680521,1788891925.620521,normal_load,1,,2.0,-0.00624,-0.02353,-0.21047,0.00063,-5e-05,-2e-05,-0.00521,-0.02371,-0.20788,0.00056,-8e-05,-3e-05,0.00781,-0.02687,-0.21002,3,37.945,362.7812,35.9713,179.8985,0.413,-101.9124,0.0044,23.6587,0.0906
6,000006.png,False,1788891925.876527,1788891925.816527,normal_load,1,,2.0,-0.00359,-0.01954,-0.36181,0.00067,8e-05,4e-05,-0.00252,-0.01972,-0.35914,0.0006,5e-05,3e-05,0.00916,-0.02451,-0.36141,3,37.9458,362.7838,35.9211,179.8983,0.4136,-101.9126,0.0052,23.6085,0.1408
7,000007.png,False,1788891926.072518,1788891926.012518,normal_load,1,,2.0,-0.00175,-0.01674,-0.48238,0.00067,-1e-05,8e-05,-0.00065,-0.01693,-0.47964,0.0006,-4e-05,7e-05,0.01019,-0.0231,-0.48202,3,37.9469,362.7853,35.9023,179.8982,0.4138,-101.9128,0.0005,23.5897,0.1596
8,000008.png,False,1788891926.264553,1788891926.204553,normal_load,1,,2.0,0.01017,-0.00322,-0.65906,0.00044,0.0,-0.00031,0.0113,-0.00341,-0.65623,0.00036,-3e-05,-0.00032,0.01498,-0.00826,-0.65893,2,37.9446,362.7964,35.8541,179.897,0.4168,-101.913,0.0073,23.5417,0.2075
9,000009.png,False,1788891926.460553,1788891926.400553,normal_load,1,,2.0,0.00711,-0.00315,-0.73912,0.00033,-4e-05,-0.0002,0.00827,-0.00335,-0.73622,0.00025,-7e-05,-0.00021,0.01286,-0.01101,-0.73897,3,37.9434,362.7968,35.8426,179.897,0.4168,-101.9128,0.0014,23.5303,0.219
10,000010.png,False,1788891926.656482,1788891926.596482,normal_load,1,,2.0,0.01892,0.00847,-1.05007,0.00031,5e-05,-0.0001,0.02011,0.00826,-1.04708,0.00023,1e-05,-0.00011,0.01944,-3e-05,-1.05009,3,37.9465,362.8027,35.8013,179.8962,0.4186,-101.9135,0.0044,23.4891,0.2602
11,000011.png,False,1788891926.852679,1788891926.792679,normal_load,1,,2.0,0.02132,0.00327,-1.04406,0.00044,9e-05,-9e-05,0.02255,0.00305,-1.04099,0.00035,6e-05,-0.0001,0.02407,-0.00324,-1.044,3,37.9461,362.8037,35.799,179.896,0.4187,-101.9135,0.0095,23.4867,0.2625
12,000012.png,False,1788891927.044616,1788891926.984616,normal_load,1,,2.0,0.02768,0.01148,-1.33122,0.00052,0.00021,-0.00014,0.02893,0.01126,-1.32807,0.00043,0.00017,-0.00015,0.02747,0.00244,-1.33127,2,37.9483,362.8074,35.7645,179.8957,0.42,-101.9137,0.0013,23.4523,0.2969
13,000013.png,False,1788891927.240608,1788891927.180609,normal_load,1,,2.0,0.03249,0.00768,-1.41315,0.00055,0.00018,-9e-05,0.03378,0.00745,-1.40992,0.00046,0.00014,-0.0001,0.0341,0.00025,-1.41313,3,37.9532,362.806,35.7493,179.8957,0.4205,-101.9144,0.0041,23.4371,0.3122
14,000014.png,False,1788891927.436677,1788891927.376678,normal_load,1,,2.0,0.04034,0.01496,-1.52298,0.00039,0.00013,-0.00016,0.04166,0.01473,-1.51968,0.0003,9e-05,-0.00017,0.03803,0.00871,-1.52309,3,37.9513,362.8108,35.7393,179.8952,0.4212,-101.9144,0.009,23.4272,0.3221
15,000015.png,False,1788891927.632644,1788891927.572644,normal_load,1,,2.0,0.05019,0.0188,-1.81855,0.00037,0.00011,-0.00013,0.05154,0.01856,-1.81516,0.00028,7e-05,-0.00015,0.04669,0.01223,-1.81869,3,37.9534,362.8136,35.7103,179.8952,0.4217,-101.9148,0.0056,23.3982,0.3511
16,000016.png,False,1788891927.828536,1788891927.768536,normal_load,1,,2.0,0.05007,0.02223,-1.82798,0.00043,0.00023,4e-05,0.05146,0.02199,-1.82451,0.00033,0.00019,2e-05,0.04494,0.01499,-1.82819,3,37.9544,362.8121,35.7092,179.8951,0.4219,-101.915,0.0055,23.3971,0.3522
17,000017.png,False,1788891929.580719,1788891929.520719,normal_unload,1,,0.0,0.05999,0.01121,-2.00685,0.00074,0.00032,-9e-05,0.06166,0.01092,-2.00266,0.00063,0.00027,-0.0001,0.06027,0.00754,-2.00686,3,37.9626,362.811,35.6852,179.8961,0.4207,-101.9165,0.0062,23.3729,0.3763
18,000018.png,False,1788891929.776755,1788891929.716755,normal_unload,1,,0.0,0.05629,-0.00082,-1.93314,0.00093,0.00026,-0.00014,0.05799,-0.00112,-1.92887,0.00082,0.00021,-0.00015,0.06257,-0.00355,-1.93294,3,37.9622,362.8065,35.6905,179.8969,0.4187,-101.9161,0.0086,23.3781,0.3711
19,000019.png,False,1788891929.972766,1788891929.912766,normal_unload,1,,0.0,0.05629,-0.00266,-1.87081,0.00102,0.00027,-0.00023,0.05803,-0.00297,-1.86646,0.0009,0.00022,-0.00025,0.06306,-0.00415,-1.87059,3,37.9625,362.8064,35.6979,179.8971,0.4183,-101.9163,0.0034,23.3856,0.3636
20,000020.png,False,1788891930.168744,1788891930.108744,normal_unload,1,,0.0,0.05234,-0.00979,-1.84054,0.00107,0.0002,-0.00012,0.05411,-0.0101,-1.83612,0.00095,0.00015,-0.00013,0.06299,-0.01181,-1.8402,3,37.9627,362.8038,35.6971,179.8974,0.4175,-101.9163,0.0017,23.3847,0.3645
21,000021.png,False,1788891930.364669,1788891930.304669,normal_unload,1,,0.0,0.04953,-0.01605,-1.75107,0.00123,0.00026,-8e-05,0.05133,-0.01637,-1.74657,0.00111,0.00021,-0.0001,0.06307,-0.0172,-1.75063,3,37.9649,362.8003,35.7062,179.8981,0.4163,-101.917,0.0072,23.3937,0.3555
22,000022.png,False,1788891930.556776,1788891930.496776,normal_unload,1,,0.0,0.04659,-0.01731,-1.68827,0.00128,0.00022,4e-05,0.04842,-0.01763,-1.68368,0.00116,0.00017,2e-05,0.06071,-0.01876,-1.6878,3,37.9631,362.7977,35.7137,179.8984,0.4155,-101.9165,0.0017,23.4013,0.348
23,000023.png,False,1788891930.752815,1788891930.692815,normal_unload,1,,0.0,0.04609,-0.02358,-1.62488,0.00121,0.00015,7e-05,0.04795,-0.02391,-1.62022,0.00108,0.0001,5e-05,0.06297,-0.02342,-1.62431,3,37.9644,362.7975,35.7162,179.8985,0.4153,-101.9167,0.0066,23.4037,0.3455
24,000024.png,False,1788891930.948812,1788891930.888812,normal_unload,1,,0.0,0.04391,-0.02229,-1.4593,0.00138,0.00036,-6e-05,0.04581,-0.02262,-1.45456,0.00125,0.00031,-8e-05,0.05929,-0.02074,-1.45878,3,37.9649,362.7964,35.7302,179.8988,0.4152,-101.917,0.0085,23.4177,0.3316
25,000025.png,False,1788891931.144832,1788891931.084832,normal_unload,1,,0.0,0.04222,-0.02094,-1.35368,0.00126,0.00032,5e-05,0.04414,-0.02128,-1.34886,0.00113,0.00027,3e-05,0.05642,-0.01873,-1.35319,3,37.9645,362.7972,35.7409,179.8984,0.4155,-101.9172,0.0032,23.4285,0.3208
26,000026.png,False,1788891931.336814,1788891931.276814,normal_unload,1,,0.0,0.04459,-0.02146,-1.30009,0.00121,0.00036,0.00018,0.04655,-0.0218,-1.29519,0.00108,0.0003,0.00016,0.05836,-0.01713,-1.29961,3,37.9649,362.7975,35.7476,179.8986,0.4156,-101.917,0.0059,23.4351,0.3141
27,000027.png,False,1788891931.532792,1788891931.472792,normal_unload,1,,0.0,0.04919,-0.01603,-1.1667,0.00104,0.00056,7e-05,0.05119,-0.01638,-1.16172,0.00091,0.00051,5e-05,0.05871,-0.00799,-1.16634,3,37.9666,362.8029,35.7624,179.8983,0.4164,-101.9174,0.0091,23.4499,0.2993
28,000028.png,False,1788891931.728849,1788891931.668849,normal_unload,1,,0.0,0.04557,-0.01681,-1.12099,0.00098,0.00057,-5e-05,0.04759,-0.01716,-1.11592,0.00084,0.00052,-7e-05,0.05564,-0.00975,-1.12062,3,37.9668,362.8026,35.7664,179.8984,0.4162,-101.9174,0.004,23.454,0.2953
29,000029.png,False,1788891931.924829,1788891931.864829,normal_unload,1,,0.0,0.0467,-0.02142,-0.92042,0.00106,0.00067,-0.00021,0.04876,-0.02178,-0.91528,0.00092,0.00061,-0.00023,0.05754,-0.00996,-0.92,4,37.97,362.8019,35.788,179.8991,0.4151,-101.918,0.001,23.4756,0.2737
30,000030.png,False,1788891932.120780,1788891932.060780,normal_unload,1,,0.0,0.04702,-0.02413,-0.92849,0.00102,0.0007,-0.00012,0.04911,-0.02449,-0.92327,0.00088,0.00064,-0.00014,0.05922,-0.01227,-0.92802,3,37.9684,362.8026,35.7878,179.899,0.4153,-101.918,0.0061,23.4754,0.2739
31,000031.png,False,1788891932.312773,1788891932.252773,normal_unload,1,,0.0,0.04318,-0.02925,-0.78999,0.0012,0.0007,-6e-05,0.0453,-0.02962,-0.78469,0.00106,0.00064,-8e-05,0.0575,-0.01641,-0.78945,3,37.9712,362.7955,35.8051,179.8997,0.4137,-101.9183,0.0045,23.4926,0.2567
32,000032.png,False,1788891932.508784,1788891932.448784,normal_unload,1,,0.0,0.04193,-0.02968,-0.71386,0.00118,0.00069,-0.00021,0.04408,-0.03005,-0.70848,0.00103,0.00063,-0.00023,0.0561,-0.01619,-0.71332,3,37.9703,362.8003,35.8187,179.8991,0.4151,-101.9183,0.0007,23.5063,0.243
33,000033.png,False,1788891932.704793,1788891932.644794,normal_unload,1,,0.0,0.04184,-0.02711,-0.57764,0.00106,0.00076,-0.00036,0.04403,-0.02749,-0.57218,0.00091,0.0007,-0.00038,0.05379,-0.01182,-0.57717,3,37.9702,362.8009,35.8353,179.8989,0.4155,-101.9183,0.0059,23.5228,0.2265
34,000034.png,False,1788891932.900860,1788891932.840860,normal_unload,1,,0.0,0.04139,-0.01926,-0.48173,0.00092,0.00078,-0.00049,0.0436,-0.01965,-0.47619,0.00077,0.00072,-0.00051,0.04881,-0.00372,-0.48141,3,37.969,362.8036,35.8519,179.899,0.416,-101.918,0.0019,23.5395,0.2097
35,000035.png,False,1788891933.092896,1788891933.032897,normal_unload,1,,0.0,0.03839,-0.02252,-0.40524,0.00083,0.00067,-0.00025,0.04064,-0.02291,-0.39962,0.00067,0.0006,-0.00027,0.04732,-0.00681,-0.40487,3,37.9702,362.8024,35.8684,179.8986,0.4163,-101.9183,0.0076,23.5559,0.1933
36,000036.png,False,1788891933.288894,1788891933.228894,normal_unload,1,,0.0,0.03366,-0.02458,-0.34025,0.0008,0.00069,-0.00011,0.03594,-0.02498,-0.33455,0.00065,0.00063,-0.00013,0.0438,-0.00992,-0.33984,3,37.9692,362.8038,35.8861,179.8989,0.4162,-101.9183,0.0077,23.5736,0.1756
37,000037.png,False,1788891933.484930,1788891933.424930,normal_unload,1,,0.0,0.03045,-0.02709,-0.31022,0.00086,0.00067,-0.0001,0.03276,-0.02749,-0.30444,0.0007,0.0006,-0.00012,0.04206,-0.01322,-0.30976,3,37.9705,362.7995,35.8979,179.8991,0.4151,-101.9185,0.0028,23.5854,0.1638
38,000038.png,False,1788891933.680933,1788891933.620933,normal_unload,1,,0.0,0.02859,-0.02095,-0.18098,0.00076,0.00074,-0.00024,0.03093,-0.02136,-0.17512,0.0006,0.00068,-0.00027,0.03648,-0.00676,-0.18065,3,37.9701,362.8018,35.9399,179.8986,0.4163,-101.9185,0.0024,23.6275,0.1218
39,000039.png,False,1788891933.872958,1788891933.812958,normal_unload,1,,0.0,0.02509,-0.02461,-0.153,0.00084,0.00078,-0.00024,0.02746,-0.02503,-0.14706,0.00068,0.00071,-0.00027,0.03509,-0.01123,-0.1526,3,37.9712,362.8015,35.9493,179.899,0.416,-101.9185,0.0086,23.6368,0.1124
40,000040.png,False,1788891934.068969,1788891934.008969,normal_unload,1,,0.0,0.02213,-0.01588,-0.03511,0.00048,0.00061,-0.00022,0.02453,-0.0163,-0.02909,0.00031,0.00054,-0.00024,0.02734,-0.00325,-0.03488,3,37.969,362.8112,35.9994,179.8978,0.4188,-101.9185,0.0037,23.687,0.0622
41,000041.png,False,1788891934.460989,1788891934.400990,normal_unload,1,,0.0,0.01504,-0.02312,-0.0018,0.00055,0.00047,-0.00012,0.01751,-0.02356,0.00438,0.00038,0.0004,-0.00014,0.0246,-0.01254,-0.00143,3,37.9715,362.8046,36.0336,179.8993,0.4156,-101.9191,0.0068,23.7211,0.0281
42,000042.png,False,1788891935.045002,1788891934.985002,normal_unload,1,,0.0,0.00942,-0.02813,-0.00565,0.00087,0.00046,-0.00022,0.01198,-0.02858,0.00076,0.0007,0.00038,-0.00025,0.02225,-0.01975,-0.00518,3,37.9737,362.8005,36.0532,179.9,0.4145,-101.9193,0.0073,23.7406,0.0086
43,000043.png,False,1788891935.825062,1788891935.765062,dwell,1,,0.0,0.01271,-0.02286,0.01734,0.00075,0.00054,-0.00022,0.0154,-0.02333,0.02408,0.00056,0.00046,-0.00025,0.02231,-0.01317,0.01771,3,37.9743,362.8092,36.0625,179.8996,0.4155,-101.9202,0.0016,23.7501,-0.0009
44,000044.png,False,1788891936.801078,1788891936.741078,normal_load,2,,2.0,-0.00875,-0.00652,0.01466,0.00037,0.00011,-7e-05,-0.00589,-0.00702,0.02179,0.00017,3e-05,-0.0001,-0.00442,-0.00978,0.01478,3,37.9249,362.8312,36.1167,179.8999,0.4159,-101.9204,0.0096,23.805,-0.0557
45,000045.png,False,1788891937.581162,1788891937.521163,normal_load,2,,2.0,-0.00814,-0.00535,0.01078,0.00027,-1e-05,-0.00026,-0.00516,-0.00587,0.01824,7e-05,-9e-05,-0.00029,-0.00445,-0.00853,0.01089,3,37.9087,362.8351,36.0815,179.8991,0.4177,-101.9181,0.0032,23.7699,-0.0207
46,000046.png,False,1788891937.777167,1788891937.717167,normal_load,2,,2.0,-0.01129,-0.00134,-0.01198,0.00027,5e-05,-0.00011,-0.00828,-0.00187,-0.00444,7e-05,-4e-05,-0.00013,-0.00902,-0.00699,-0.01193,3,37.9091,362.8361,36.0807,179.8993,0.4178,-101.9183,0.0023,23.7692,-0.0199
47,000047.png,False,1788891937.973139,1788891937.913139,normal_load,2,,2.0,-0.00824,0.00259,-0.10128,9e-05,4e-05,-5e-05,-0.0052,0.00205,-0.09366,-0.00012,-5e-05,-7e-05,-0.00773,-0.0035,-0.10129,3,37.9073,362.8404,36.0142,179.8994,0.4183,-101.9178,0.0075,23.7027,0.0465
48,000048.png,False,1788891938.165175,1788891938.105175,normal_load,2,,2.0,-0.00852,0.00267,-0.07861,0.00013,1e-05,-0.00032,-0.00545,0.00213,-0.07091,-8e-05,-8e-05,-0.00035,-0.00817,-0.00321,-0.07863,3,37.9067,362.844,36.0039,179.8994,0.4181,-101.9181,0.003,23.6926,0.0567
49,000049.png,False,1788891938.557200,1788891938.497200,normal_load,2,,2.0,-0.00547,0.00947,-0.28301,0.00016,0.0001,-0.00011,-0.00234,0.00892,-0.27515,-5e-05,1e-05,-0.00014,-0.00751,0.00094,-0.28312,3,37.9066,362.8446,35.9411,179.8996,0.4176,-101.9183,0.0075,23.6297,0.1195
50,000050.png,False,1788891938.753191,1788891938.693191,normal_load,2,,2.0,0.00121,0.01658,-0.64557,8e-05,-0.0,4e-05,0.00438,0.01603,-0.63763,-0.00013,-9e-05,1e-05,-0.00276,0.00463,-0.64576,3,37.9076,362.8434,35.8651,179.8997,0.4174,-101.9185,0.0073,23.5537,0.1955
51,000051.png,False,1788891938.949212,1788891938.889212,normal_load,2,,2.0,0.00195,0.01705,-0.65969,6e-05,9e-05,-0.00013,0.00515,0.01649,-0.65167,-0.00016,-0.0,-0.00016,-0.00226,0.00517,-0.65989,3,37.9063,362.8467,35.8537,179.8991,0.4193,-101.9183,0.0048,23.5424,0.2069
52,000052.png,False,1788891939.141201,1788891939.081201,normal_load,2,,2.0,0.00963,0.02761,-0.89276,-0.00019,-8e-05,2e-05,0.01286,0.02704,-0.88466,-0.00041,-0.00017,-1e-05,0.00073,0.01442,-0.89312,3,37.905,362.8519,35.8216,179.8984,0.4207,-101.9183,0.006,23.5104,0.2388
53,000053.png,False,1788891939.337140,1788891939.277140,normal_load,2,,2.0,0.01009,0.02265,-1.01486,-4e-05,-8e-05,2e-05,0.01335,0.02208,-1.00668,-0.00026,-0.00017,-1e-05,0.00446,0.0084,-1.01512,3,37.9047,362.8507,35.8002,179.8979,0.4224,-101.9181,0.0009,23.4889,0.2603
54,000054.png,False,1788891939.533235,1788891939.473235,normal_load,2,,2.0,0.01329,0.0339,-1.10841,-0.0002,-9e-05,-0.0,0.01658,0.03333,-1.10016,-0.00042,-0.00019,-3e-05,0.00225,0.01825,-1.10886,3,37.9052,362.8552,35.7925,179.8973,0.424,-101.9181,0.0038,23.4814,0.2679
55,000055.png,False,1788891939.729240,1788891939.669240,normal_load,2,,2.0,0.01773,0.03837,-1.35997,-7e-05,-0.0001,0.0001,0.02106,0.03778,-1.35163,-0.00029,-0.0002,6e-05,0.00562,0.0203,-1.36046,3,37.9054,362.8537,35.7618,179.8971,0.4244,-101.9185,0.0088,23.4506,0.2987
56,000056.png,False,1788891939.921171,1788891939.861171,normal_load,2,,2.0,0.01767,0.03409,-1.47834,-7e-05,-0.00026,0.00025,0.02103,0.0335,-1.46993,-0.0003,-0.00036,0.00021,0.00852,0.01467,-1.47874,3,37.9048,362.8505,35.7418,179.8979,0.4224,-101.9183,0.0023,23.4306,0.3187
57,000057.png,False,1788891940.117189,1788891940.057189,normal_load,2,,2.0,0.0233,0.0385,-1.69876,-2e-05,-0.00032,0.00014,0.02669,0.0379,-1.69027,-0.00025,-0.00042,0.00011,0.01272,0.01777,-1.69922,3,37.9044,362.8526,35.7242,179.8975,0.4234,-101.9183,0.0027,23.413,0.3362
58,000058.png,False,1788891940.313214,1788891940.253214,normal_load,2,,2.0,0.02164,0.03342,-1.84449,0.00015,-0.00044,7e-05,0.02507,0.03282,-1.83592,-9e-05,-0.00054,4e-05,0.01484,0.01021,-1.84483,3,37.9052,362.8512,35.7097,179.8978,0.4226,-101.9183,0.0075,23.3985,0.3508
59,000059.png,False,1788891940.509197,1788891940.449198,normal_load,2,,2.0,0.02494,0.03937,-1.94483,4e-05,-0.00044,0.00019,0.0284,0.03876,-1.93618,-0.00019,-0.00053,0.00016,0.01542,0.01541,-1.94527,3,37.9057,362.8519,35.7005,179.8979,0.4231,-101.9183,0.0079,23.3893,0.36
60,000060.png,False,1788891942.069380,1788891942.009380,normal_unload,2,,0.0,0.03536,0.05907,-1.99646,-0.00043,-0.0002,0.0002,0.03907,0.05841,-1.98717,-0.00068,-0.0003,0.00017,0.01496,0.03684,-1.99725,3,37.905,362.8678,35.6934,179.8981,0.4241,-101.9187,0.0085,23.3825,0.3668
61,000061.png,False,1788891942.265423,1788891942.205423,normal_unload,2,,0.0,0.03586,0.06283,-1.95579,-0.0005,-0.00016,0.00022,0.03961,0.06217,-1.94642,-0.00076,-0.00027,0.00019,0.01324,0.041,-1.95665,3,37.9049,362.8646,35.6947,179.8985,0.4238,-101.9183,0.0033,23.3837,0.3656
62,000062.png,False,1788891942.457392,1788891942.397392,normal_unload,2,,0.0,0.03581,0.05457,-1.85867,-0.00038,-0.00016,5e-05,0.03959,0.05391,-1.84922,-0.00064,-0.00026,1e-05,0.01664,0.03538,-1.8594,3,37.9059,362.8626,35.7001,179.8994,0.4221,-101.9187,0.0056,23.3891,0.3601
63,000063.png,False,1788891942.849446,1788891942.789446,normal_unload,2,,0.0,0.03086,0.04021,-1.74905,1e-05,-0.0002,0.00017,0.0347,0.03953,-1.73944,-0.00025,-0.00031,0.00013,0.01876,0.02222,-1.74954,3,37.9072,362.8573,35.7116,179.9001,0.4198,-101.9189,0.0046,23.4005,0.3488
64,000064.png,False,1788891943.045422,1788891942.985422,normal_unload,2,,0.0,0.02581,0.03478,-1.71817,0.00017,-0.00028,0.0002,0.02968,0.0341,-1.70847,-0.0001,-0.00039,0.00016,0.01689,0.01549,-1.71856,3,37.9088,362.8556,35.7148,179.9009,0.4191,-101.9189,0.0008,23.4037,0.3456
65,000065.png,False,1788891943.241419,1788891943.181419,normal_unload,2,,0.0,0.02326,0.02424,-1.62716,0.00038,-0.00018,5e-05,0.02716,0.02355,-1.61738,0.00011,-0.00029,1e-05,0.01931,0.00655,-1.62738,3,37.9097,362.8505,35.7199,179.9017,0.4171,-101.9191,0.0058,23.4087,0.3406
66,000066.png,False,1788891943.433426,1788891943.373426,normal_unload,2,,0.0,0.02468,0.02022,-1.5628,0.00044,-0.00016,0.00014,0.02861,0.01953,-1.55295,0.00017,-0.00027,0.0001,0.02211,0.0048,-1.56296,3,37.9103,362.8495,35.7267,179.9022,0.4164,-101.9191,0.0053,23.4155,0.3338
67,000067.png,False,1788891943.629431,1788891943.569432,normal_unload,2,,0.0,0.02065,0.01823,-1.54692,0.00053,-0.00017,0.00012,0.02462,0.01754,-1.53699,0.00026,-0.00028,8e-05,0.01951,0.00133,-1.54704,3,37.9094,362.8464,35.7268,179.9022,0.4159,-101.9191,0.0068,23.4155,0.3338
68,000068.png,False,1788891943.825450,1788891943.765450,normal_unload,2,,0.0,0.01942,0.0134,-1.43829,0.00063,-0.00016,0.00017,0.02342,0.0127,-1.42828,0.00036,-0.00027,0.00013,0.0201,-0.00173,-1.43834,3,37.911,362.8449,35.7371,179.9026,0.4156,-101.9191,0.0084,23.4258,0.3235
69,000069.png,False,1788891944.021378,1788891943.961378,normal_unload,2,,0.0,0.01156,0.00112,-1.25219,0.00069,-0.00019,0.00016,0.01559,0.00041,-1.2421,0.00042,-0.0003,0.00012,0.01813,-0.01332,-1.25205,3,37.9097,362.8438,35.7586,179.9025,0.4151,-101.9196,0.0032,23.4473,0.302
70,000070.png,False,1788891944.213461,1788891944.153461,normal_unload,2,,0.0,0.01328,0.01019,-1.21473,0.00065,-8e-05,7e-05,0.01734,0.00947,-1.20456,0.00038,-0.00019,3e-05,0.01483,-0.004,-1.21475,3,37.9108,362.8422,35.7581,179.9028,0.415,-101.9193,0.0055,23.4468,0.3025
71,000071.png,False,1788891944.605461,1788891944.545461,normal_unload,2,,0.0,0.01585,0.01302,-1.06598,0.00053,-4e-05,0.00012,0.01998,0.0123,-1.05565,0.00025,-0.00016,8e-05,0.01461,0.00212,-1.06608,3,37.9118,362.8449,35.7764,179.9029,0.4152,-101.9198,0.0046,23.465,0.2843
72,000072.png,False,1788891944.801497,1788891944.741498,normal_unload,2,,0.0,0.01668,0.01158,-0.88378,0.00024,6e-05,9e-05,0.02084,0.01085,-0.87337,-4e-05,-5e-05,5e-05,0.01479,0.00421,-0.88388,3,37.9097,362.8492,35.7981,179.9028,0.4154,-101.9193,0.0007,23.4868,0.2625
73,000073.png,False,1788891944.993511,1788891944.933511,normal_unload,2,,0.0,0.01807,0.01552,-0.83488,0.00019,0.00012,0.00024,0.02226,0.01478,-0.82439,-0.0001,-0.0,0.0002,0.01369,0.00909,-0.83506,3,37.9103,362.8508,35.8112,179.9027,0.4163,-101.92,0.0097,23.4999,0.2494
74,000074.png,False,1788891945.189516,1788891945.129516,normal_unload,2,,0.0,0.01421,0.01164,-0.6968,0.00037,8e-05,0.00017,0.01844,0.0109,-0.68623,9e-05,-4e-05,0.00013,0.01133,0.00602,-0.69692,3,37.9101,362.8495,35.8263,179.903,0.4155,-101.9198,0.0049,23.515,0.2343
75,000075.png,False,1788891945.385545,1788891945.325545,normal_unload,2,,0.0,0.00999,0.00444,-0.60747,0.00032,6e-05,0.00021,0.01425,0.00369,-0.59682,3e-05,-6e-05,0.00017,0.01065,-0.0009,-0.60747,3,37.9117,362.8482,35.8419,179.9029,0.4159,-101.92,0.0001,23.5306,0.2187
76,000076.png,False,1788891945.581462,1788891945.521462,normal_unload,2,,0.0,0.01197,0.00605,-0.5582,0.0003,5e-05,0.0003,0.01625,0.0053,-0.54747,1e-05,-7e-05,0.00026,0.01121,0.00228,-0.55824,3,37.9117,362.8482,35.8519,179.903,0.4155,-101.92,0.0054,23.5406,0.2087
77,000077.png,False,1788891945.777468,1788891945.717469,normal_unload,2,,0.0,0.01056,0.00405,-0.43669,0.00036,0.00015,0.00028,0.01488,0.0033,-0.42588,7e-05,3e-05,0.00024,0.01015,0.00179,-0.43671,3,37.913,362.8464,35.8771,179.9032,0.4156,-101.9202,0.0092,23.5658,0.1835
78,000078.png,False,1788891945.969561,1788891945.909561,normal_unload,2,,0.0,0.00863,0.0072,-0.42219,0.00025,0.00016,0.0004,0.01298,0.00644,-0.4113,-4e-05,4e-05,0.00036,0.0068,0.00379,-0.42227,3,37.9106,362.847,35.8862,179.9032,0.4151,-101.92,0.0004,23.5748,0.1744
79,000079.png,False,1788891946.361568,1788891946.301569,normal_unload,2,,0.0,0.00437,0.01005,-0.2836,0.00026,0.00038,0.00029,0.00879,0.00928,-0.27255,-4e-05,0.00025,0.00025,0.00073,0.00635,-0.28374,3,37.9115,362.8495,35.9306,179.903,0.4155,-101.9204,0.0011,23.6193,0.13
80,000080.png,False,1788891946.557599,1788891946.497599,normal_unload,2,,0.0,0.00578,0.00839,-0.13876,0.00012,0.0003,0.00024,0.01022,0.00761,-0.12763,-0.00019,0.00017,0.0002,0.00177,0.00793,-0.1389,3,37.9116,362.8517,35.9765,179.9028,0.4166,-101.9202,0.0043,23.6652,0.084
81,000081.png,False,1788891946.749610,1788891946.689610,normal_unload,2,,0.0,0.00318,0.00684,-0.12614,0.00023,0.00032,6e-05,0.00766,0.00605,-0.11494,-8e-05,0.0002,1e-05,0.00021,0.00549,-0.12625,3,37.9113,362.8505,35.9799,179.9032,0.4163,-101.9204,0.0064,23.6686,0.0807
82,000082.png,False,1788891947.141658,1788891947.081658,normal_unload,2,,0.0,-0.00267,0.00122,-0.05589,0.00023,0.0003,0.00028,0.00188,0.00043,-0.04452,-8e-05,0.00018,0.00024,-0.00253,-0.00117,-0.05589,3,37.9134,362.8505,36.0459,179.9034,0.4157,-101.9211,0.0038,23.7346,0.0147
83,000083.png,False,1788891948.897735,1788891948.837735,dwell,2,,0.0,0.00283,0.00064,-0.01874,0.00019,0.00026,9e-05,0.00766,-0.00021,-0.00665,-0.00014,0.00013,5e-05,0.00226,0.00167,-0.01875,3,37.9157,362.8519,36.061,179.9057,0.4131,-101.922,0.0066,23.7496,-0.0004
84,000084.png,False,1788891949.677799,1788891949.617800,dwell,2,,0.0,-1e-05,0.00103,-0.02866,0.00032,0.00028,0.00021,0.00495,0.00017,-0.01625,-2e-05,0.00014,0.00016,-0.00033,0.00043,-0.02867,3,37.9187,362.8377,36.1179,179.905,0.4154,-101.922,0.0074,23.8063,-0.0571
85,000085.png,False,1788891950.069888,1788891950.009888,normal_load,3,,2.0,-0.00438,0.00108,-0.03453,0.00018,0.00027,0.00035,0.00064,0.0002,-0.02197,-0.00016,0.00013,0.0003,-0.0041,-0.00181,-0.03454,3,37.9198,362.8298,36.1021,179.9062,0.4128,-101.9217,0.0037,23.7904,-0.0412
86,000086.png,False,1788891950.261807,1788891950.201807,normal_load,3,,2.0,-0.00458,-0.00104,-0.0294,0.00044,0.00029,0.00011,0.00047,-0.00193,-0.01675,0.0001,0.00014,7e-05,-0.00325,-0.00366,-0.02937,3,37.9207,362.8298,36.1018,179.9063,0.4133,-101.9217,0.0066,23.7901,-0.0408
87,000087.png,False,1788891950.849832,1788891950.789832,normal_load,3,,2.0,-0.00224,-0.00056,-0.07895,0.00048,0.00026,2e-05,0.00291,-0.00146,-0.06606,0.00013,0.00011,-3e-05,-0.00111,-0.00287,-0.07892,3,37.9226,362.8229,36.0357,179.908,0.4096,-101.9222,0.0082,23.7239,0.0254
88,000088.png,False,1788891951.041843,1788891950.981843,normal_load,3,,2.0,0.00048,0.0002,-0.0934,0.00031,0.00017,-2e-05,0.00566,-0.00071,-0.08044,-4e-05,2e-05,-7e-05,0.00097,-0.00108,-0.09339,3,37.9229,362.8257,36.0212,179.9074,0.4112,-101.9219,0.0015,23.7095,0.0398
89,000089.png,False,1788891951.237858,1788891951.177858,normal_load,3,,2.0,-0.0003,-2e-05,-0.26729,0.00049,0.00035,0.00017,0.00491,-0.00093,-0.25425,0.00013,0.0002,0.00012,0.0016,-0.00445,-0.26725,3,37.9233,362.8233,35.954,179.9079,0.41,-101.9222,0.0066,23.6422,0.107
90,000090.png,False,1788891951.433837,1788891951.373837,normal_load,3,,2.0,0.00162,0.0059,-0.30506,0.00034,0.00025,5e-05,0.00687,0.00498,-0.29193,-1e-05,0.0001,-0.0,0.00057,0.00104,-0.30511,3,37.9233,362.8251,35.943,179.908,0.4103,-101.9219,0.0079,23.6312,0.118
91,000091.png,False,1788891951.629890,1788891951.569890,normal_load,3,,2.0,0.00531,0.00667,-0.53863,0.00031,0.00011,-0.0001,0.01059,0.00575,-0.52543,-5e-05,-4e-05,-0.00015,0.005,-0.00019,-0.53868,3,37.9233,362.8258,35.8795,179.9085,0.4091,-101.9222,0.0042,23.5677,0.1815
92,000092.png,False,1788891951.821918,1788891951.761919,normal_load,3,,2.0,0.00915,0.01165,-0.62652,0.00037,0.00026,5e-05,0.01445,0.01072,-0.61324,1e-05,0.00011,0.0,0.00644,0.00463,-0.62665,3,37.9241,362.8266,35.8652,179.9086,0.4098,-101.9222,0.0069,23.5535,0.1958
93,000093.png,False,1788891952.017960,1788891951.957960,normal_load,3,,2.0,0.01588,0.02716,-0.88717,0.0001,0.00032,8e-05,0.02122,0.02622,-0.8738,-0.00026,0.00017,3e-05,0.00634,0.01725,-0.88754,3,37.9226,362.8368,35.8195,179.9073,0.413,-101.922,0.0012,23.5079,0.2413
94,000094.png,False,1788891952.213928,1788891952.153928,normal_load,3,,2.0,0.01839,0.02928,-0.92939,0.00012,0.00036,-0.0,0.02376,0.02833,-0.91595,-0.00025,0.00021,-6e-05,0.00775,0.01966,-0.9298,3,37.9224,362.8383,35.8182,179.9073,0.4137,-101.9222,0.0044,23.5066,0.2426
95,000095.png,False,1788891952.409976,1788891952.349976,normal_load,3,,2.0,0.02122,0.0374,-1.04178,-8e-05,0.00032,-0.00024,0.02662,0.03646,-1.02826,-0.00045,0.00016,-0.00029,0.00692,0.02631,-1.04232,3,37.9218,362.8436,35.8003,179.906,0.4168,-101.9226,0.0099,23.4888,0.2604
96,000096.png,False,1788891952.605919,1788891952.545919,normal_load,3,,2.0,0.02185,0.03309,-1.14774,0.00013,0.00023,1e-05,0.02729,0.03214,-1.13414,-0.00024,7e-05,-4e-05,0.01035,0.02119,-1.14818,4,37.9243,362.8355,35.782,179.9067,0.4151,-101.9226,0.0047,23.4704,0.2788
97,000097.png,False,1788891952.797920,1788891952.737920,normal_load,3,,2.0,0.02772,0.04328,-1.35416,4e-05,0.00019,3e-05,0.03319,0.04232,-1.34048,-0.00033,4e-05,-2e-05,0.01178,0.02965,-1.35476,3,37.922,362.8444,35.7606,179.9056,0.4178,-101.9224,0.0048,23.4491,0.3001
98,000098.png,False,1788891953.190022,1788891953.130022,normal_load,3,,2.0,0.02841,0.03065,-1.71748,0.00015,-6e-05,1e-05,0.03394,0.02968,-1.70364,-0.00023,-0.00022,-4e-05,0.0212,0.01323,-1.71781,3,37.9225,362.8375,35.7199,179.9072,0.4146,-101.9222,0.0042,23.4084,0.3409
99,000099.png,False,1788891953.385949,1788891953.325949,normal_load,3,,2.0,0.03719,0.04086,-1.959,9e-05,-0.00021,0.00017,0.04276,0.03989,-1.94508,-0.00029,-0.00037,0.00012,0.02538,0.02259,-1.95949,3,37.9236,362.8396,35.7014,179.9071,0.4153,-101.9224,0.0011,23.3899,0.3593
100,000100.png,False,1788891953.773976,1788891953.713976,normal_unload,3,,0.0,0.03603,0.04448,-1.98406,0.00025,-4e-05,0.0001,0.04165,0.04349,-1.96998,-0.00014,-0.0002,4e-05,0.02274,0.02474,-1.9846,3,37.9241,362.8397,35.6951,179.9074,0.4152,-101.9224,0.0041,23.3836,0.3657
101,000101.png,False,1788891954.165945,1788891954.105945,normal_unload,3,,0.0,0.0403,0.04597,-1.94415,5e-05,9e-05,-6e-05,0.04599,0.04497,-1.92991,-0.00033,-7e-05,-0.00011,0.02542,0.02881,-1.94474,3,37.9244,362.845,35.6974,179.9068,0.4166,-101.9224,0.0079,23.386,0.3633
102,000102.png,False,1788891954.554065,1788891954.494066,normal_unload,3,,0.0,0.04009,0.05002,-1.90176,2e-05,0.00015,-0.00016,0.04584,0.04901,-1.88735,-0.00037,-2e-05,-0.00021,0.02292,0.03289,-1.90241,3,37.9251,362.8436,35.6975,179.9074,0.4157,-101.9226,0.0069,23.386,0.3632
103,000103.png,False,1788891954.750032,1788891954.690032,normal_unload,3,,0.0,0.04023,0.04232,-1.84204,0.00017,0.0002,-0.00017,0.04601,0.0413,-1.82756,-0.00023,3e-05,-0.00022,0.02647,0.02725,-1.84257,3,37.9245,362.8452,35.7025,179.9074,0.4152,-101.9228,0.0077,23.3911,0.3582
104,000104.png,False,1788891954.946033,1788891954.886033,normal_unload,3,,0.0,0.0416,0.04691,-1.77654,6e-05,0.00012,-0.00028,0.04742,0.04589,-1.76198,-0.00033,-4e-05,-0.00033,0.02492,0.03295,-1.77716,4,37.9261,362.8456,35.7085,179.9077,0.4151,-101.9237,0.0023,23.3971,0.3521
105,000105.png,False,1788891955.142041,1788891955.082042,normal_unload,3,,0.0,0.04057,0.03871,-1.77154,0.00022,4e-05,-0.00018,0.04642,0.03768,-1.7569,-0.00018,-0.00013,-0.00024,0.02809,0.02542,-1.77203,3,37.9265,362.8431,35.7063,179.908,0.4143,-101.9237,0.0035,23.3948,0.3544
106,000106.png,False,1788891955.334086,1788891955.274086,normal_unload,3,,0.0,0.03416,0.0283,-1.68111,0.0005,0.00011,-0.00023,0.04004,0.02727,-1.66638,0.0001,-5e-05,-0.00029,0.02711,0.01465,-1.68141,3,37.927,362.838,35.713,179.9089,0.4125,-101.9246,0.0076,23.4015,0.3478
107,000107.png,False,1788891955.530024,1788891955.470024,normal_unload,3,,0.0,0.03184,0.01704,-1.60322,0.00063,3e-05,-3e-05,0.03775,0.016,-1.58842,0.00023,-0.00013,-8e-05,0.03018,0.00498,-1.60334,3,37.9292,362.8316,35.7211,179.9097,0.4105,-101.925,0.002,23.4094,0.3399
108,000108.png,False,1788891955.726137,1788891955.666137,normal_unload,3,,0.0,0.03134,0.01733,-1.61183,0.00073,9e-05,-4e-05,0.03728,0.01629,-1.59695,0.00033,-8e-05,-9e-05,0.02966,0.00485,-1.61195,3,37.9292,362.8337,35.7228,179.9098,0.411,-101.9248,0.0036,23.4112,0.3381
109,000109.png,False,1788891955.922084,1788891955.862084,normal_unload,3,,0.0,0.03008,0.01054,-1.50327,0.00071,6e-05,-9e-05,0.03606,0.00949,-1.48831,0.0003,-0.00011,-0.00015,0.03121,8e-05,-1.50328,3,37.9293,362.8311,35.7299,179.9105,0.4099,-101.9246,0.0093,23.4182,0.3311
110,000110.png,False,1788891956.114115,1788891956.054115,normal_unload,3,,0.0,0.02682,0.00375,-1.4145,0.00079,9e-05,-9e-05,0.03283,0.00269,-1.39946,0.00038,-8e-05,-0.00015,0.03117,-0.00601,-1.4144,3,37.93,362.829,35.7374,179.911,0.4091,-101.9243,0.0049,23.4257,0.3236
111,000111.png,False,1788891956.310143,1788891956.250143,normal_unload,3,,0.0,0.03027,0.00899,-1.41832,0.00086,7e-05,-4e-05,0.03631,0.00793,-1.4032,0.00045,-0.0001,-0.0001,0.03156,0.00019,-1.41832,3,37.9306,362.8286,35.7386,179.9114,0.4088,-101.9245,0.0048,23.4269,0.3224
112,000112.png,False,1788891956.506115,1788891956.446115,normal_unload,3,,0.0,0.02728,0.00082,-1.23193,0.00083,-2e-05,-0.00023,0.03335,-0.00025,-1.21673,0.00042,-0.00019,-0.00029,0.03176,-0.0054,-1.23181,3,37.9313,362.8272,35.7529,179.9117,0.4085,-101.9248,0.0008,23.4412,0.3081
113,000113.png,False,1788891956.702163,1788891956.642163,normal_unload,3,,0.0,0.02268,0.00431,-1.09875,0.00079,0.00013,-0.00011,0.02879,0.00324,-1.08347,0.00037,-4e-05,-0.00017,0.02511,-0.00253,-1.0987,3,37.9304,362.8304,35.7716,179.9111,0.4094,-101.925,0.0063,23.4599,0.2893
114,000114.png,False,1788891956.898108,1788891956.838109,normal_unload,3,,0.0,0.02467,0.00398,-1.07094,0.00081,0.00023,-0.00011,0.03081,0.00291,-1.05558,0.00039,6e-05,-0.00017,0.0268,-0.00138,-1.0709,3,37.931,362.8293,35.7735,179.9113,0.4095,-101.925,0.0083,23.4618,0.2874
115,000115.png,False,1788891957.090157,1788891957.030157,normal_unload,3,,0.0,0.02583,0.00665,-0.89865,0.00066,0.00039,-6e-05,0.032,0.00557,-0.88321,0.00024,0.00021,-0.00012,0.02528,0.00427,-0.89868,3,37.9309,362.8327,35.795,179.9114,0.4098,-101.9248,0.0067,23.4833,0.2659
116,000116.png,False,1788891957.286073,1788891957.226073,normal_unload,3,,0.0,0.02572,0.0072,-0.88061,0.00053,0.00028,-0.00026,0.03192,0.00611,-0.86509,0.00011,0.00011,-0.00032,0.02479,0.00498,-0.88065,3,37.9313,362.834,35.7952,179.9114,0.4098,-101.9252,0.0071,23.4835,0.2658
117,000117.png,False,1788891957.482205,1788891957.422205,normal_unload,3,,0.0,0.02279,0.00336,-0.75086,0.00057,0.00029,-0.00026,0.02902,0.00226,-0.73526,0.00015,0.00011,-0.00032,0.02327,0.00227,-0.75085,3,37.9318,362.832,35.8112,179.9116,0.4089,-101.9254,0.0018,23.4995,0.2497
118,000118.png,False,1788891957.678173,1788891957.618173,normal_unload,3,,0.0,0.02459,0.00329,-0.73789,0.00061,0.0003,-0.00028,0.03085,0.00219,-0.72221,0.00018,0.00013,-0.00034,0.02477,0.00332,-0.73788,3,37.931,362.834,35.8215,179.9118,0.409,-101.9252,0.0037,23.5098,0.2395
119,000119.png,False,1788891957.870195,1788891957.810195,normal_unload,3,,0.0,0.02094,0.00253,-0.59114,0.00057,0.00047,-0.0002,0.02724,0.00143,-0.57538,0.00014,0.00029,-0.00026,0.02098,0.00319,-0.59113,3,37.9317,362.8339,35.8391,179.9119,0.4093,-101.9252,0.007,23.5274,0.2218
120,000120.png,False,1788891958.066195,1788891958.006195,normal_unload,3,,0.0,0.02048,0.0025,-0.4896,0.00069,0.00054,-9e-05,0.02681,0.00139,-0.47376,0.00026,0.00036,-0.00015,0.01989,0.00455,-0.48961,3,37.9322,362.8355,35.8599,179.9114,0.4105,-101.9256,0.0018,23.5482,0.201
121,000121.png,False,1788891958.262208,1788891958.202208,normal_unload,3,,0.0,0.01616,0.00111,-0.45018,0.00065,0.00047,-0.0,0.02251,-1e-05,-0.43426,0.00022,0.00029,-6e-05,0.01656,0.00182,-0.45016,3,37.932,362.833,35.8714,179.9115,0.4096,-101.9256,0.0032,23.5597,0.1896
122,000122.png,False,1788891958.458203,1788891958.398203,normal_unload,3,,0.0,0.01961,0.00434,-0.32359,0.00051,0.0006,2e-05,0.026,0.00322,-0.30759,7e-05,0.00042,-4e-05,0.01706,0.00837,-0.32366,3,37.9308,362.8373,35.9024,179.9111,0.4111,-101.9254,0.0084,23.5907,0.1585
123,000123.png,False,1788891958.654138,1788891958.594138,normal_unload,3,,0.0,0.01478,0.00612,-0.28142,0.00053,0.00058,-0.00018,0.0212,0.005,-0.26534,0.0001,0.0004,-0.00024,0.01169,0.00818,-0.28151,3,37.9313,362.8362,35.9121,179.9114,0.411,-101.9254,0.0068,23.6004,0.1488
124,000124.png,False,1788891958.846278,1788891958.786278,normal_unload,3,,0.0,0.01352,0.0066,-0.15872,0.00039,0.00053,-0.00014,0.01998,0.00547,-0.14256,-5e-05,0.00035,-0.0002,0.00951,0.00993,-0.15884,3,37.9319,362.8379,35.9474,179.9115,0.4108,-101.9261,0.0067,23.6357,0.1135
125,000125.png,False,1788891959.042231,1788891958.982231,normal_unload,3,,0.0,0.01082,0.0059,-0.15233,0.0005,0.00063,-0.0002,0.01731,0.00476,-0.13609,6e-05,0.00044,-0.00027,0.00748,0.00808,-0.15243,3,37.9321,362.8362,35.9574,179.9115,0.4108,-101.9259,0.0083,23.6458,0.1035
126,000126.png,False,1788891962.358426,1788891962.298426,normal_load,4,,2.0,-0.00519,-0.00223,-0.01012,0.00051,0.00025,-0.00029,0.00184,-0.00346,0.00747,3e-05,5e-05,-0.00035,-0.00331,-0.00469,-0.01007,3,37.934,362.8225,36.0631,179.9153,0.4031,-101.9293,0.0016,23.7512,-0.0019
127,000127.png,False,1788891962.750425,1788891962.690425,normal_load,4,,2.0,-0.00791,-0.00335,-0.03927,0.00058,0.00037,-0.00024,-0.00081,-0.00459,-0.02152,0.0001,0.00017,-0.0003,-0.00491,-0.00748,-0.03919,3,37.9347,362.8218,36.0426,179.9155,0.4032,-101.9293,0.0074,23.7306,0.0186
128,000128.png,False,1788891963.138385,1788891963.078385,normal_load,4,,2.0,-4e-05,0.00438,-0.23273,0.00045,0.00021,3e-05,0.00712,0.00313,-0.21482,-4e-05,1e-05,-4e-05,-0.00061,5e-05,-0.23277,3,37.934,362.8271,35.9554,179.9158,0.4031,-101.9293,0.0082,23.6436,0.1057
129,000129.png,False,1788891963.334466,1788891963.274466,normal_load,4,,2.0,0.00235,0.00884,-0.45921,0.00042,0.0002,-0.00015,0.00953,0.00758,-0.44122,-7e-05,-1e-05,-0.00022,0.0008,0.00147,-0.4593,3,37.935,362.8255,35.9001,179.9158,0.4031,-101.9291,0.007,23.5882,0.161
130,000130.png,False,1788891963.530476,1788891963.470476,normal_load,4,,2.0,0.00311,0.01309,-0.49491,0.00045,0.00035,-0.00016,0.01034,0.01182,-0.47683,-4e-05,0.00014,-0.00023,-0.00041,0.00496,-0.49507,3,37.936,362.8239,35.8897,179.9155,0.4039,-101.9295,0.003,23.5778,0.1715
131,000131.png,False,1788891963.918499,1788891963.858499,normal_load,4,,2.0,0.0085,0.01778,-0.81149,0.00039,0.00028,4e-05,0.01579,0.01651,-0.79326,-0.00011,8e-05,-3e-05,0.00411,0.00665,-0.81169,3,37.9341,362.8307,35.831,179.9152,0.4052,-101.9293,0.0032,23.5193,0.23
132,000132.png,False,1788891964.114515,1788891964.054515,normal_load,4,,2.0,0.01464,0.03058,-1.01604,0.00037,0.00039,-1e-05,0.02196,0.0293,-0.99773,-0.00013,0.00018,-8e-05,0.00445,0.01753,-1.01645,3,37.9341,362.8378,35.8061,179.9144,0.407,-101.9298,0.0019,23.4945,0.2548
133,000133.png,False,1788891964.310493,1788891964.250494,normal_load,4,,2.0,0.02197,0.04818,-1.18036,-0.00017,0.0003,-6e-05,0.02932,0.04689,-1.16197,-0.00067,0.0001,-0.00012,0.00315,0.0338,-1.18106,3,37.9308,362.8483,35.7828,179.9128,0.4104,-101.9293,0.0071,23.4713,0.2779
134,000134.png,False,1788891964.506550,1788891964.446550,normal_load,4,,2.0,0.02148,0.04793,-1.19509,-5e-05,0.00035,8e-05,0.02886,0.04664,-1.17662,-0.00055,0.00014,1e-05,0.00295,0.0331,-1.19578,3,37.9316,362.8477,35.7805,179.9134,0.4101,-101.9293,0.0075,23.469,0.2802
135,000135.png,False,1788891964.698459,1788891964.638459,normal_load,4,,2.0,0.0264,0.04722,-1.48557,-5e-05,0.00022,-0.0001,0.03382,0.04592,-1.46702,-0.00055,1e-05,-0.00017,0.00958,0.03029,-1.48622,3,37.9297,362.8478,35.7445,179.9131,0.4102,-101.9291,0.0016,23.4331,0.3162
136,000136.png,False,1788891964.894468,1788891964.834468,normal_load,4,,2.0,0.02227,0.03072,-1.62296,0.00041,6e-05,-4e-05,0.02971,0.02942,-1.60432,-0.0001,-0.00015,-0.00011,0.01519,0.01174,-1.62329,3,37.9343,362.8377,35.729,179.9144,0.4077,-101.9296,0.0066,23.4174,0.3318
137,000137.png,False,1788891965.286561,1788891965.226562,normal_load,4,,2.0,0.03055,0.04599,-1.86746,0.00024,-7e-05,3e-05,0.03806,0.04468,-1.84867,-0.00027,-0.00028,-4e-05,0.01643,0.02518,-1.86804,3,37.9328,362.8422,35.7058,179.9141,0.4083,-101.9293,0.0039,23.3942,0.355
138,000138.png,False,1788891966.846667,1788891966.786667,normal_unload,4,,0.0,0.03643,0.05175,-1.993,0.00028,0.00011,9e-05,0.04419,0.05039,-1.97357,-0.00025,-0.00011,2e-05,0.01952,0.0311,-1.99367,3,37.934,362.8477,35.6929,179.915,0.4084,-101.9293,0.0084,23.3815,0.3678
139,000139.png,False,1788891967.042679,1788891966.982679,normal_unload,4,,0.0,0.03644,0.04919,-1.96734,0.00012,2e-05,7e-05,0.04423,0.04783,-1.94783,-0.00041,-0.00021,-0.0,0.02062,0.0293,-1.96797,3,37.9336,362.8458,35.693,179.9148,0.4084,-101.9296,0.0029,23.3816,0.3677
140,000140.png,False,1788891967.234591,1788891967.174591,normal_unload,4,,0.0,0.03365,0.0366,-1.90497,0.00038,-8e-05,0.00011,0.04148,0.03523,-1.88538,-0.00016,-0.00031,4e-05,0.02407,0.018,-1.90538,3,37.9358,362.8414,35.6983,179.9158,0.4066,-101.9295,0.0061,23.3867,0.3626
141,000141.png,False,1788891967.430601,1788891967.370601,normal_unload,4,,0.0,0.02883,0.0311,-1.83592,0.00064,1e-05,2e-05,0.03668,0.02972,-1.81625,0.0001,-0.00021,-5e-05,0.02216,0.01193,-1.83623,3,37.9359,362.8394,35.7022,179.9163,0.4052,-101.9298,0.0092,23.3906,0.3586
142,000142.png,False,1788891967.626609,1788891967.566609,normal_unload,4,,0.0,0.02795,0.03289,-1.78858,0.00063,7e-05,0.0001,0.03584,0.03151,-1.76883,9e-05,-0.00016,2e-05,0.02018,0.0138,-1.78894,3,37.9358,362.8401,35.7075,179.9167,0.4049,-101.9298,0.0044,23.3959,0.3533
143,000143.png,False,1788891967.822719,1788891967.762719,normal_unload,4,,0.0,0.02642,0.02632,-1.72122,0.00069,1e-05,-0.00026,0.03434,0.02493,-1.70139,0.00015,-0.00021,-0.00034,0.02167,0.00842,-1.72146,3,37.9375,362.8371,35.7099,179.917,0.4041,-101.9302,0.0004,23.3982,0.351
144,000144.png,False,1788891968.018626,1788891967.958627,normal_unload,4,,0.0,0.02276,0.01641,-1.68005,0.00093,3e-05,3e-05,0.03072,0.01502,-1.66014,0.00038,-0.0002,-4e-05,0.02317,-0.00133,-1.68012,3,37.9377,362.8326,35.715,179.918,0.4024,-101.93,0.0054,23.4033,0.3459
145,000145.png,False,1788891968.210727,1788891968.150727,normal_unload,4,,0.0,0.01944,0.00929,-1.60806,0.00117,-0.0,8e-05,0.02742,0.00789,-1.58807,0.00062,-0.00023,0.0,0.02335,-0.008,-1.60802,3,37.9392,362.8266,35.7204,179.9188,0.4003,-101.9302,0.0059,23.4086,0.3407
146,000146.png,False,1788891968.406717,1788891968.346717,normal_unload,4,,0.0,0.02024,0.00782,-1.58242,0.0011,-0.0,-5e-05,0.02826,0.00641,-1.56235,0.00055,-0.00023,-0.00013,0.0246,-0.00846,-1.58236,2,37.938,362.8296,35.7223,179.9186,0.4007,-101.93,0.0008,23.4106,0.3387
147,000147.png,False,1788891968.602786,1788891968.542786,normal_unload,4,,0.0,0.01758,0.00012,-1.51454,0.0013,0.0001,0.00018,0.02563,-0.00129,-1.49439,0.00075,-0.00013,0.0001,0.02567,-0.01537,-1.51434,3,37.9405,362.8235,35.7292,179.9194,0.3987,-101.93,0.0042,23.4173,0.332
148,000148.png,False,1788891968.798758,1788891968.738758,normal_unload,4,,0.0,0.01665,0.0018,-1.34737,0.00111,-4e-05,-2e-05,0.02473,0.00038,-1.32714,0.00055,-0.00027,-9e-05,0.02287,-0.0117,-1.34723,3,37.9405,362.824,35.7432,179.9196,0.3983,-101.9306,0.0068,23.4313,0.318
149,000149.png,False,1788891968.990762,1788891968.930762,normal_unload,4,,0.0,0.0155,-0.00151,-1.36416,0.00128,0.00015,8e-05,0.02361,-0.00294,-1.34385,0.00073,-8e-05,0.0,0.02364,-0.01542,-1.36396,3,37.9397,362.8249,35.7447,179.9197,0.3986,-101.9304,0.0049,23.4328,0.3164
150,000150.png,False,1788891969.186696,1788891969.126696,normal_unload,4,,0.0,0.01457,0.0004,-1.20202,0.00113,0.0001,0.0001,0.02271,-0.00103,-1.18163,0.00058,-0.00013,3e-05,0.02076,-0.01163,-1.20187,3,37.9392,362.8256,35.7612,179.9194,0.3994,-101.9304,0.0098,23.4493,0.3
151,000151.png,False,1788891969.382795,1788891969.322795,normal_unload,4,,0.0,0.01688,0.00527,-1.10424,0.00099,0.00024,0.00011,0.02506,0.00383,-1.08377,0.00043,1e-05,3e-05,0.01965,-0.00469,-1.1042,3,37.9396,362.8288,35.7735,179.9196,0.3995,-101.9306,0.0057,23.4617,0.2875
152,000152.png,False,1788891969.578790,1788891969.518790,normal_unload,4,,0.0,0.01306,0.00345,-1.02354,0.00099,0.00024,0.0001,0.02127,0.00201,-1.00299,0.00043,1e-05,2e-05,0.01669,-0.00688,-1.02347,3,37.94,362.8249,35.7808,179.9198,0.3989,-101.9306,0.0007,23.4689,0.2803
153,000153.png,False,1788891969.774812,1788891969.714813,normal_unload,4,,0.0,0.01304,-0.00163,-0.87984,0.00108,0.00028,0.00025,0.02128,-0.00307,-0.85921,0.00052,5e-05,0.00017,0.01821,-0.00899,-0.8797,3,37.94,362.8244,35.8012,179.9201,0.3983,-101.9308,0.0044,23.4893,0.26
154,000154.png,False,1788891969.966864,1788891969.906864,normal_unload,4,,0.0,0.01312,-0.00266,-0.86419,0.00106,0.00015,0.00024,0.02139,-0.00411,-0.84348,0.0005,-8e-05,0.00017,0.01868,-0.00959,-0.86404,3,37.9415,362.8238,35.8043,179.92,0.3985,-101.9308,0.0067,23.4924,0.2569
155,000155.png,False,1788891970.162744,1788891970.102744,normal_unload,4,,0.0,0.0106,-0.00599,-0.68868,0.0011,0.00029,0.00013,0.0189,-0.00744,-0.66789,0.00053,5e-05,5e-05,0.01695,-0.01092,-0.68849,3,37.9419,362.8236,35.8283,179.9201,0.3988,-101.9308,0.0016,23.5164,0.2328
156,000156.png,False,1788891970.358875,1788891970.298875,normal_unload,4,,0.0,0.00855,-0.00475,-0.68883,0.00103,0.00032,0.00013,0.01688,-0.00621,-0.66796,0.00046,8e-05,5e-05,0.01455,-0.01088,-0.68866,3,37.9406,362.8239,35.8283,179.9203,0.3984,-101.9306,0.0029,23.5164,0.2329
157,000157.png,False,1788891970.554852,1788891970.494853,normal_unload,4,,0.0,0.00939,-0.00806,-0.52541,0.0009,0.00024,0.0001,0.01776,-0.00953,-0.50446,0.00033,1e-05,2e-05,0.01581,-0.0107,-0.52521,3,37.9426,362.8232,35.8528,179.9205,0.3985,-101.9308,0.0083,23.5409,0.2084
158,000158.png,False,1788891970.746811,1788891970.686811,normal_unload,4,,0.0,0.00901,-0.00544,-0.52877,0.00093,0.00035,0.00024,0.01741,-0.00692,-0.50774,0.00036,0.00011,0.00016,0.01419,-0.00868,-0.52861,3,37.9413,362.8238,35.8579,179.9203,0.3989,-101.9308,0.0025,23.546,0.2033
159,000159.png,False,1788891970.942827,1788891970.882828,normal_unload,4,,0.0,0.00719,-0.00728,-0.375,0.00098,0.00043,7e-05,0.01562,-0.00875,-0.35389,0.00041,0.00019,-1e-05,0.01246,-0.00872,-0.37483,3,37.942,362.8233,35.8872,179.921,0.3977,-101.931,0.003,23.5752,0.174
160,000160.png,False,1788891971.138891,1788891971.078891,normal_unload,4,,0.0,0.00735,-0.00311,-0.3404,0.00103,0.0005,-6e-05,0.01581,-0.0046,-0.31921,0.00045,0.00026,-0.00014,0.01028,-0.00448,-0.34031,3,37.9421,362.8257,35.9029,179.9206,0.3987,-101.9308,0.0086,23.591,0.1582
161,000161.png,False,1788891971.526974,1788891971.466974,normal_unload,4,,0.0,0.0082,0.00915,-0.13504,0.00049,0.00054,-0.00018,0.01672,0.00766,-0.11369,-9e-05,0.0003,-0.00026,0.00346,0.00986,-0.13519,3,37.9414,362.8358,35.9609,179.92,0.4008,-101.9313,0.01,23.6492,0.1001
162,000162.png,False,1788891972.698951,1788891972.638951,normal_unload,4,,0.0,-0.00069,0.00551,-0.03301,0.00056,0.00061,1e-05,0.00803,0.00398,-0.01118,-3e-05,0.00036,-7e-05,-0.00312,0.0039,-0.0331,3,37.9413,362.8394,36.0508,179.9207,0.3997,-101.9317,0.0097,23.7391,0.0102
163,000163.png,False,1788891975.039084,1788891974.979084,normal_load,5,,2.0,-0.01322,0.00312,-0.0468,0.00074,0.00027,5e-05,-0.00412,0.00153,-0.02402,0.00012,1e-05,-3e-05,-0.01269,-0.00465,-0.04682,3,37.9239,362.8227,36.0597,179.9249,0.3934,-101.9317,0.0029,23.7479,0.0014
164,000164.png,False,1788891975.627110,1788891975.567111,normal_load,5,,2.0,-0.01558,0.00392,-0.08825,0.0007,0.00022,0.00027,-0.00639,0.00231,-0.06523,8e-05,-4e-05,0.00019,-0.01485,-0.0058,-0.08828,3,37.9178,362.8239,36.0435,179.9243,0.3946,-101.9308,0.0081,23.7317,0.0175
165,000165.png,False,1788891976.015175,1788891975.955175,normal_load,5,,2.0,-0.01027,0.0112,-0.24049,0.0005,0.00027,0.00041,-0.00101,0.00957,-0.21731,-0.00014,1e-05,0.00032,-0.01282,0.00071,-0.24063,3,37.9142,362.8327,35.9734,179.9237,0.3962,-101.9306,0.0063,23.6618,0.0875
166,000166.png,False,1788891976.407066,1788891976.347066,normal_load,5,,2.0,-0.00919,0.02494,-0.48821,0.00038,0.00026,0.00029,0.00014,0.0233,-0.46487,-0.00025,-0.0,0.0002,-0.01703,0.00919,-0.48855,3,37.9148,362.8358,35.9048,179.9237,0.3967,-101.9306,0.0037,23.5932,0.156
167,000167.png,False,1788891976.795173,1788891976.735173,normal_load,5,,2.0,-7e-05,0.02767,-0.6694,0.0003,0.00019,-2e-05,0.00932,0.02603,-0.6459,-0.00034,-8e-05,-0.00011,-0.00924,0.01321,-0.66978,3,37.9125,362.8407,35.8557,179.9233,0.3973,-101.9308,0.01,23.5443,0.205
168,000168.png,False,1788891976.991189,1788891976.931189,normal_load,5,,2.0,0.00568,0.0455,-1.02595,4e-05,0.00016,0.00012,0.0151,0.04385,-1.00237,-0.0006,-0.00011,3e-05,-0.0107,0.02581,-1.02659,3,37.9121,362.8491,35.8064,179.9222,0.401,-101.9306,0.0048,23.4951,0.2541
169,000169.png,False,1788891977.187207,1788891977.127207,normal_load,5,,2.0,0.00703,0.04599,-1.22645,0.00014,0.0001,-1e-05,0.01649,0.04434,-1.20279,-0.0005,-0.00017,-0.0001,-0.00838,0.0237,-1.22707,3,37.9121,362.8444,35.7765,179.9227,0.3994,-101.9304,0.0049,23.4651,0.2841
170,000170.png,False,1788891977.383217,1788891977.323217,normal_load,5,,2.0,0.0136,0.0486,-1.3238,7e-05,1e-05,0.00019,0.02308,0.04693,-1.30006,-0.00058,-0.00026,0.0001,-0.00332,0.02768,-1.32447,3,37.9116,362.8488,35.7668,179.9223,0.4004,-101.9304,0.0099,23.4555,0.2938
171,000171.png,False,1788891977.575217,1788891977.515218,normal_load,5,,2.0,0.01809,0.05144,-1.56524,3e-05,-0.00016,0.0,0.0276,0.04977,-1.54142,-0.00062,-0.00043,-9e-05,0.00082,0.02851,-1.56593,3,37.9113,362.8517,35.7359,179.9225,0.4004,-101.9306,0.0004,23.4246,0.3246
172,000172.png,False,1788891977.771240,1788891977.711240,normal_load,5,,2.0,0.01688,0.05463,-1.58183,0.0001,-6e-05,0.00011,0.02643,0.05296,-1.55793,-0.00055,-0.00034,2e-05,-0.0017,0.03041,-1.58257,3,37.9116,362.8522,35.7358,179.9224,0.4006,-101.9306,0.0051,23.4245,0.3247
173,000173.png,False,1788891978.163228,1788891978.103228,normal_load,5,,2.0,0.02201,0.06264,-1.87938,-3e-05,-4e-05,0.00021,0.03162,0.06096,-1.85532,-0.00069,-0.00032,0.00012,0.0008,0.03514,-1.88023,3,37.9119,362.8517,35.7045,179.9223,0.4013,-101.9304,0.0045,23.3933,0.356
174,000174.png,False,1788891979.919330,1788891979.859330,normal_unload,5,,0.0,0.02781,0.07457,-2.0296,-0.00015,7e-05,0.00011,0.03771,0.07283,-2.00482,-0.00082,-0.00021,2e-05,0.00091,0.04597,-2.03064,3,37.913,362.8579,35.6887,179.9224,0.4023,-101.9311,0.0027,23.3776,0.3717
175,000175.png,False,1788891980.111403,1788891980.051403,normal_unload,5,,0.0,0.02598,0.06617,-1.98997,2e-05,7e-05,0.00016,0.03591,0.06443,-1.96512,-0.00065,-0.00021,7e-05,0.00324,0.03842,-1.99087,3,37.9129,362.8565,35.6923,179.9232,0.4015,-101.9308,0.0067,23.3811,0.3681
176,000176.png,False,1788891980.307403,1788891980.247403,normal_unload,5,,0.0,0.02779,0.04981,-1.90109,0.00025,-7e-05,5e-05,0.03775,0.04807,-1.87616,-0.00043,-0.00036,-5e-05,0.01236,0.02658,-1.90172,3,37.9158,362.8522,35.6984,179.9241,0.3999,-101.931,0.0079,23.3871,0.3622
177,000177.png,False,1788891980.699353,1788891980.639354,normal_unload,5,,0.0,0.02361,0.04557,-1.8058,0.00033,-0.00012,0.00013,0.03363,0.04381,-1.7807,-0.00036,-0.00041,3e-05,0.0102,0.02233,-1.80636,3,37.9159,362.853,35.7098,179.9245,0.3994,-101.9315,0.0031,23.3986,0.3507
178,000178.png,False,1788891980.895380,1788891980.835380,normal_unload,5,,0.0,0.02081,0.03832,-1.7384,0.00047,-9e-05,0.00015,0.03086,0.03656,-1.71323,-0.00022,-0.00038,5e-05,0.01093,0.01574,-1.73884,3,37.916,362.8465,35.7111,179.9253,0.3974,-101.9313,0.0078,23.3998,0.3495
179,000179.png,False,1788891981.087446,1788891981.027446,normal_unload,5,,0.0,0.0172,0.02999,-1.64453,0.00074,-5e-05,0.00015,0.02729,0.02822,-1.61928,5e-05,-0.00034,5e-05,0.01131,0.00822,-1.64484,3,37.9172,362.8427,35.7198,179.9262,0.3959,-101.9313,0.0033,23.4084,0.3409
180,000180.png,False,1788891981.283324,1788891981.223324,normal_unload,5,,0.0,0.01774,0.0287,-1.57466,0.00068,-1e-05,9e-05,0.02786,0.02693,-1.54932,-1e-05,-0.00029,-0.0,0.01194,0.0085,-1.57495,3,37.9177,362.8439,35.7277,179.9262,0.3963,-101.9313,0.002,23.4163,0.333
181,000181.png,False,1788891981.479331,1788891981.419332,normal_unload,5,,0.0,0.01743,0.0248,-1.55225,0.00083,6e-05,0.0004,0.02759,0.02302,-1.52683,0.00014,-0.00023,0.0003,0.01347,0.00533,-1.55248,3,37.9191,362.8436,35.7313,179.9271,0.396,-101.9313,0.007,23.4199,0.3293
182,000182.png,False,1788891981.867440,1788891981.807441,normal_unload,5,,0.0,0.0203,0.02555,-1.2954,0.00064,0.00028,0.00021,0.03052,0.02376,-1.26982,-5e-05,-1e-05,0.00012,0.0138,0.01152,-1.29568,3,37.9223,362.8463,35.7552,179.9276,0.3969,-101.9315,0.0095,23.4438,0.3054
183,000183.png,False,1788891982.259463,1788891982.199463,normal_unload,5,,0.0,0.02192,0.02455,-1.14377,0.00068,0.00044,0.00022,0.0322,0.02274,-1.11803,-2e-05,0.00015,0.00012,0.01465,0.01389,-1.14406,3,37.9237,362.8474,35.7738,179.9287,0.3978,-101.9317,0.0005,23.4624,0.2868
184,000184.png,False,1788891982.455379,1788891982.395379,normal_unload,5,,0.0,0.02074,0.01725,-1.02593,0.00083,0.00053,0.00024,0.03105,0.01544,-1.00011,0.00013,0.00024,0.00014,0.01646,0.00887,-1.02611,3,37.9261,362.8444,35.7841,179.9295,0.397,-101.9317,0.0052,23.4727,0.2766
185,000185.png,False,1788891982.647502,1788891982.587502,normal_unload,5,,0.0,0.02136,0.02109,-0.8561,0.00065,0.00061,9e-05,0.0317,0.01928,-0.83021,-6e-05,0.00032,-1e-05,0.01389,0.01523,-0.85638,3,37.9251,362.8479,35.8054,179.9294,0.3972,-101.9315,0.0065,23.494,0.2552
186,000186.png,False,1788891982.843406,1788891982.783406,normal_unload,5,,0.0,0.02113,0.01592,-0.7743,0.00061,0.00049,0.0001,0.0315,0.01411,-0.74832,-0.0001,0.00019,0.0,0.01571,0.01194,-0.7745,3,37.927,362.8454,35.8139,179.9298,0.3969,-101.9319,0.0002,23.5024,0.2468
187,000187.png,False,1788891983.235548,1788891983.175549,normal_unload,5,,0.0,0.0161,0.0121,-0.63758,0.00066,0.00056,0.00023,0.02654,0.01027,-0.61145,-5e-05,0.00026,0.00013,0.01232,0.00831,-0.63773,3,37.9274,362.8421,35.8395,179.9301,0.3965,-101.9319,0.0095,23.528,0.2212
188,000188.png,False,1788891983.431540,1788891983.371540,normal_unload,5,,0.0,0.01263,0.00848,-0.44265,0.00062,0.00048,0.00016,0.0231,0.00664,-0.41644,-0.0001,0.00018,6e-05,0.00977,0.00656,-0.44276,3,37.9277,362.8412,35.8705,179.9305,0.3962,-101.9323,0.0041,23.559,0.1903
189,000189.png,False,1788891983.623542,1788891983.563542,normal_unload,5,,0.0,0.01401,0.008,-0.46947,0.00073,0.00052,0.00019,0.02451,0.00615,-0.44318,2e-05,0.00022,9e-05,0.0114,0.0064,-0.46957,3,37.929,362.8421,35.872,179.9306,0.3965,-101.9328,0.0051,23.5605,0.1888
190,000190.png,False,1788891984.015550,1788891983.955550,normal_unload,5,,0.0,0.00782,0.00523,-0.33259,0.0009,0.00051,0.00011,0.01839,0.00338,-0.30614,0.00018,0.00021,1e-05,0.00647,0.00311,-0.33265,3,37.9303,362.8388,35.9084,179.9312,0.3956,-101.933,0.0019,23.5968,0.1525
191,000191.png,False,1788891984.403490,1788891984.343490,normal_unload,5,,0.0,0.00471,0.00435,-0.21464,0.00066,0.0006,0.00013,0.01534,0.00249,-0.18803,-6e-05,0.0003,3e-05,0.00339,0.00268,-0.2147,3,37.931,362.8401,35.95,179.9315,0.3961,-101.933,0.0031,23.6384,0.1109
192,000192.png,False,1788891987.331729,1788891987.271729,normal_load,6,,2.0,-0.01175,0.00049,-0.06227,0.00088,0.00049,9e-05,-0.00063,-0.00146,-0.03446,0.00012,0.00018,-2e-05,-0.00999,-0.00644,-0.06225,3,37.9324,362.8287,36.067,179.9342,0.3923,-101.9365,0.0098,23.7552,-0.006
193,000193.png,False,1788891988.111788,1788891988.051788,normal_load,6,,2.0,-0.0114,0.00239,-0.06422,0.00073,0.00027,0.0,-0.00016,0.00042,-0.03609,-4e-05,-5e-05,-0.00011,-0.01062,-0.00465,-0.06423,3,37.925,362.8313,36.0466,179.934,0.3934,-101.9352,0.0002,23.7349,0.0144
194,000194.png,False,1788891988.307688,1788891988.247689,normal_load,6,,2.0,-0.01131,0.01068,-0.11794,0.00061,0.00046,0.00011,-4e-05,0.0087,-0.08973,-0.00016,0.00014,-0.0,-0.01432,0.0017,-0.11809,3,37.9202,362.8438,36.0228,179.9319,0.3984,-101.9347,0.0051,23.7113,0.0379
195,000195.png,False,1788891988.503871,1788891988.443871,normal_load,6,,2.0,-0.01187,0.00461,-0.15887,0.00064,0.00032,-4e-05,-0.00056,0.00263,-0.13058,-0.00013,-0.0,-0.00014,-0.01148,-0.00448,-0.15891,3,37.9235,362.83,35.9824,179.9343,0.3926,-101.9352,0.0059,23.6707,0.0785
196,000196.png,False,1788891988.695714,1788891988.635714,normal_load,6,,2.0,-0.0118,0.00303,-0.2232,0.00065,0.0003,1e-05,-0.00047,0.00104,-0.19483,-0.00012,-2e-05,-0.0001,-0.01019,-0.00685,-0.22319,3,37.9231,362.8316,35.9692,179.9344,0.3929,-101.9347,0.0034,23.6575,0.0917
197,000197.png,False,1788891988.891798,1788891988.831798,normal_load,6,,2.0,-0.00684,0.0119,-0.4684,0.00067,0.00028,0.00016,0.00453,0.00991,-0.43995,-0.00011,-5e-05,5e-05,-0.00862,-0.00061,-0.46852,3,37.9236,362.8301,35.9033,179.935,0.3922,-101.9347,0.0084,23.5916,0.1577
198,000198.png,False,1788891989.087821,1788891989.027821,normal_load,6,,2.0,-0.00651,0.01093,-0.52357,0.00073,0.0003,0.00021,0.00489,0.00893,-0.49504,-5e-05,-2e-05,0.00011,-0.00747,-0.00218,-0.52367,3,37.9246,362.8321,35.8949,179.9349,0.3924,-101.9352,0.007,23.5832,0.1661
199,000199.png,False,1788891989.283916,1788891989.223916,normal_load,6,,2.0,0.00132,0.0229,-0.63128,0.00052,0.00045,3e-05,0.01275,0.0209,-0.60267,-0.00026,0.00013,-8e-05,-0.00592,0.01038,-0.63159,3,37.9217,362.8433,35.8635,179.9334,0.3965,-101.9349,0.0019,23.5521,0.1972
200,000200.png,False,1788891989.475853,1788891989.415854,normal_load,6,,2.0,0.00072,0.02008,-0.74064,0.00053,0.00037,-2e-05,0.01218,0.01807,-0.71196,-0.00025,5e-05,-0.00013,-0.00428,0.00588,-0.74088,3,37.9221,362.842,35.8472,179.9334,0.3953,-101.9349,0.0078,23.5358,0.2135
201,000201.png,False,1788891989.671890,1788891989.611890,normal_load,6,,2.0,0.00892,0.03283,-1.06252,0.00027,0.00022,7e-05,0.02041,0.03081,-1.03375,-0.00051,-0.0001,-4e-05,-0.00131,0.01587,-1.06294,3,37.9207,362.8481,35.8007,179.933,0.3975,-101.935,0.007,23.4894,0.2599
202,000202.png,False,1788891989.867770,1788891989.807770,normal_load,6,,2.0,0.00936,0.03971,-1.07887,0.00041,0.00039,0.00015,0.02088,0.03769,-1.05002,-0.00038,7e-05,4e-05,-0.00425,0.02178,-1.07941,3,37.9207,362.8486,35.7995,179.9328,0.3979,-101.935,0.0066,23.4881,0.2611
203,000203.png,False,1788891990.063862,1788891990.003862,normal_load,6,,2.0,0.01446,0.04414,-1.29696,0.00041,0.00029,0.00013,0.02602,0.04211,-1.26803,-0.00038,-4e-05,2e-05,-0.00054,0.02467,-1.29756,3,37.9206,362.8512,35.773,179.9329,0.3984,-101.935,0.0082,23.4617,0.2875
204,000204.png,False,1788891990.259939,1788891990.199939,normal_load,6,,2.0,0.01322,0.04175,-1.3216,0.00044,0.00033,0.00015,0.02481,0.03972,-1.29259,-0.00035,1e-05,4e-05,-0.00025,0.02159,-1.32215,3,37.9235,362.8446,35.756,179.9338,0.3961,-101.9349,0.0021,23.4446,0.3047
205,000205.png,False,1788891990.451953,1788891990.391953,normal_load,6,,2.0,0.01715,0.04426,-1.60668,0.00044,0.00015,6e-05,0.02877,0.04222,-1.5776,-0.00035,-0.00018,-5e-05,0.00388,0.02116,-1.60724,3,37.9207,362.8504,35.7345,179.933,0.3975,-101.9352,0.0076,23.4232,0.326
206,000206.png,False,1788891990.647896,1788891990.587896,normal_load,6,,2.0,0.02192,0.04063,-1.75881,0.00055,-2e-05,7e-05,0.03357,0.03859,-1.72964,-0.00024,-0.00036,-4e-05,0.01088,0.01797,-1.75929,3,37.921,362.8473,35.7183,179.9331,0.3973,-101.9352,0.0069,23.407,0.3423
207,000207.png,False,1788891990.843949,1788891990.783949,normal_load,6,,2.0,0.0205,0.04532,-1.86676,0.00058,7e-05,0.00012,0.03218,0.04328,-1.83751,-0.00021,-0.00026,1e-05,0.00805,0.01959,-1.8673,3,37.9212,362.8499,35.7099,179.9331,0.398,-101.935,0.0013,23.3986,0.3507
208,000208.png,False,1788891991.039833,1788891990.979833,normal_load,6,,2.0,0.02354,0.05203,-1.93485,0.00032,8e-05,0.00012,0.03525,0.04998,-1.90552,-0.00048,-0.00025,1e-05,0.0078,0.02583,-1.93551,3,37.9216,362.8527,35.7027,179.9324,0.3996,-101.9354,0.0043,23.3914,0.3578
209,000209.png,False,1788891992.796005,1788891992.736006,normal_unload,6,,0.0,0.02638,0.05416,-2.01781,0.00046,5e-05,0.00014,0.03838,0.05206,-1.98776,-0.00036,-0.00029,3e-05,0.00978,0.02777,-2.01849,3,37.922,362.8529,35.6932,179.9336,0.3965,-101.9356,0.0046,23.382,0.3673
210,000210.png,False,1788891992.988048,1788891992.928048,normal_unload,6,,0.0,0.02219,0.04276,-1.93722,0.00048,1e-05,0.00011,0.03423,0.04065,-1.90709,-0.00034,-0.00033,-0.0,0.01129,0.01709,-1.93771,3,37.921,362.8514,35.6964,179.9338,0.3961,-101.9356,0.006,23.3851,0.3641
211,000211.png,False,1788891993.184062,1788891993.124062,normal_unload,6,,0.0,0.01671,0.03505,-1.87738,0.00081,-2e-05,0.00025,0.02878,0.03293,-1.84717,-1e-05,-0.00036,0.00013,0.00998,0.00863,-1.87774,3,37.9239,362.8471,35.7008,179.9348,0.3947,-101.9358,0.0004,23.3894,0.3598
212,000212.png,False,1788891993.380080,1788891993.320080,normal_unload,6,,0.0,0.01346,0.02445,-1.76138,0.00103,-5e-05,0.0002,0.02556,0.02233,-1.7311,0.00021,-0.00039,9e-05,0.01166,-0.00031,-1.76156,3,37.9238,362.8411,35.7116,179.936,0.3919,-101.9354,0.0051,23.4001,0.3491
213,000213.png,False,1788891993.576069,1788891993.516069,normal_unload,6,,0.0,0.012,0.01875,-1.7274,0.00113,-0.00011,-8e-05,0.02413,0.01662,-1.69703,0.00031,-0.00046,-0.00019,0.013,-0.00544,-1.72748,3,37.9248,362.8388,35.7112,179.9359,0.3921,-101.9354,0.0097,23.3996,0.3496
214,000214.png,False,1788891993.768093,1788891993.708093,normal_unload,6,,0.0,0.00586,0.01202,-1.66407,0.00134,-7e-05,0.00013,0.01802,0.00989,-1.63362,0.00051,-0.00041,2e-05,0.01061,-0.01332,-1.66403,3,37.9266,362.8328,35.7164,179.9369,0.3897,-101.9356,0.0002,23.4048,0.3445
215,000215.png,False,1788891993.964070,1788891993.904070,normal_unload,6,,0.0,0.01097,0.01148,-1.54718,0.00127,-1e-05,5e-05,0.02316,0.00934,-1.51666,0.00044,-0.00036,-6e-05,0.0145,-0.00936,-1.54717,2,37.9262,362.835,35.7303,179.9371,0.3893,-101.9358,0.0054,23.4187,0.3306
216,000216.png,False,1788891994.160087,1788891994.100087,normal_unload,6,,0.0,0.00886,0.00939,-1.54001,0.00142,6e-05,0.00032,0.02109,0.00725,-1.50941,0.00058,-0.00029,0.0002,0.01366,-0.01211,-1.53996,3,37.9256,362.8342,35.731,179.937,0.3895,-101.9358,0.0098,23.4194,0.3298
217,000217.png,False,1788891994.552098,1788891994.492098,normal_unload,6,,0.0,0.0044,0.0075,-1.2462,0.0014,0.00021,0.00023,0.01669,0.00534,-1.21544,0.00057,-0.00014,0.00012,0.0087,-0.01127,-1.24615,3,37.9268,362.8347,35.761,179.9366,0.3905,-101.9362,0.0062,23.4494,0.2998
218,000218.png,False,1788891994.744117,1788891994.684117,normal_unload,6,,0.0,0.00566,0.00537,-1.16595,0.00129,5e-05,9e-05,0.01798,0.00321,-1.13511,0.00045,-0.0003,-3e-05,0.0103,-0.0112,-1.16588,3,37.9269,362.8341,35.7658,179.9372,0.3895,-101.9362,0.0045,23.4541,0.2951
219,000219.png,False,1788891994.940042,1788891994.880043,normal_unload,6,,0.0,0.00701,0.00067,-1.0564,0.00127,3e-05,0.00013,0.01936,-0.0015,-1.02548,0.00042,-0.00032,1e-05,0.01306,-0.01284,-1.05626,3,37.9262,362.8331,35.7795,179.9375,0.3894,-101.936,0.0005,23.4678,0.2814
220,000220.png,False,1788891995.136045,1788891995.076046,normal_unload,6,,0.0,0.00512,0.00317,-1.04475,0.00131,0.00022,0.00022,0.01751,0.001,-1.01374,0.00046,-0.00013,0.00011,0.0101,-0.01143,-1.04465,3,37.9264,362.832,35.7824,179.9374,0.3889,-101.9362,0.0056,23.4707,0.2785
221,000221.png,False,1788891995.332057,1788891995.272058,normal_unload,6,,0.0,0.00593,0.00984,-0.86017,0.00107,0.00038,3e-05,0.01835,0.00766,-0.82908,0.00022,3e-05,-8e-05,0.00618,-0.00229,-0.86022,3,37.9264,362.8359,35.8008,179.9374,0.3896,-101.9367,0.0095,23.4892,0.26
222,000222.png,False,1788891995.524071,1788891995.464071,normal_unload,6,,0.0,0.0051,0.00777,-0.85901,0.00105,0.0003,-2e-05,0.01755,0.00559,-0.82785,0.0002,-6e-05,-0.00014,0.00649,-0.00448,-0.85902,2,37.927,362.8361,35.8024,179.9376,0.389,-101.9367,0.0005,23.4908,0.2585
223,000223.png,False,1788891995.916196,1788891995.856196,normal_unload,6,,0.0,0.00372,0.01109,-0.70933,0.00095,0.00029,0.0002,0.01624,0.00889,-0.67801,9e-05,-7e-05,8e-05,0.0026,0.0001,-0.70942,3,37.9253,362.8412,35.8306,179.9381,0.3885,-101.9369,0.0098,23.5191,0.2301
224,000224.png,False,1788891996.308224,1788891996.248224,normal_unload,6,,0.0,0.00243,0.00034,-0.49544,0.00112,0.00036,0.00027,0.01501,-0.00187,-0.46396,0.00026,1e-05,0.00015,0.00537,-0.00643,-0.49537,3,37.9285,362.8369,35.8685,179.9381,0.3897,-101.9373,0.0004,23.5568,0.1924
225,000225.png,False,1788891996.696131,1788891996.636132,normal_unload,6,,0.0,0.00086,0.00385,-0.32856,0.00101,0.00057,0.00011,0.0135,0.00164,-0.29691,0.00015,0.00021,-1e-05,0.0011,-0.0015,-0.32858,3,37.9288,362.8379,35.906,179.9387,0.3887,-101.9373,0.0003,23.5944,0.1549
226,000226.png,False,1788891996.892232,1788891996.832232,normal_unload,6,,0.0,-0.00293,0.00393,-0.30178,0.00112,0.00053,0.00012,0.00975,0.0017,-0.27006,0.00025,0.00017,-0.0,-0.00241,-0.0029,-0.3018,3,37.9302,362.8352,35.9189,179.9392,0.3887,-101.9373,0.0053,23.6072,0.142
227,000227.png,False,1788891997.088249,1788891997.028249,normal_unload,6,,0.0,-0.00275,0.00423,-0.18949,0.00094,0.00054,0.00016,0.00996,0.00201,-0.15768,7e-05,0.00018,4e-05,-0.00318,-0.00074,-0.18953,3,37.9304,362.836,35.9503,179.9389,0.3893,-101.9373,0.0092,23.6386,0.1106
228,000228.png,False,1788891997.280253,1788891997.220253,normal_unload,6,,0.0,-0.00566,0.0016,-0.17581,0.00106,0.00056,0.00016,0.00707,-0.00064,-0.14393,0.00019,0.0002,4e-05,-0.00449,-0.00426,-0.1758,3,37.9308,362.8353,35.9677,179.9391,0.3894,-101.9375,0.02,23.656,0.0932
229,000229.png,False,1788891997.868313,1788891997.808313,normal_unload,6,,0.0,-0.00486,0.00408,-0.03587,0.0007,0.00057,3e-05,0.00797,0.00183,-0.00375,-0.00017,0.00021,-9e-05,-0.006,0.00053,-0.03592,3,37.9317,362.8424,36.0489,179.9392,0.3915,-101.9375,0.0032,23.7373,0.0119
230,000230.png,False,1788892001.768496,1788892001.708496,normal_load,7,,2.0,-0.01795,0.00465,-0.11953,0.00098,0.00027,0.00028,-0.00448,0.00229,-0.08581,6e-05,-0.00011,0.00015,-0.01705,-0.00685,-0.11955,3,37.923,362.8219,36.0377,179.9443,0.3859,-101.9386,0.0098,23.7258,0.0234
231,000231.png,False,1788892002.160494,1788892002.100494,normal_load,7,,2.0,-0.01794,0.00383,-0.27396,0.00102,0.00027,2e-05,-0.0044,0.00145,-0.24008,0.0001,-0.00011,-0.00011,-0.01555,-0.01004,-0.27395,3,37.9207,362.8257,35.9496,179.9446,0.3851,-101.9386,0.0003,23.6379,0.1114
232,000232.png,False,1788892002.352504,1788892002.292505,normal_load,7,,2.0,-0.01495,0.01088,-0.43436,0.00095,0.00041,0.0002,-0.00138,0.00851,-0.4004,2e-05,2e-05,7e-05,-0.01538,-0.005,-0.43445,3,37.9198,362.829,35.9165,179.9444,0.3862,-101.9384,0.0094,23.6048,0.1444
233,000233.png,False,1788892002.548543,1788892002.488544,normal_load,7,,2.0,-0.01223,0.01636,-0.61935,0.00077,0.00022,0.00019,0.00137,0.01397,-0.58531,-0.00016,-0.00017,6e-05,-0.01447,-0.00187,-0.61951,3,37.9171,362.8318,35.87,179.9439,0.3869,-101.938,0.0055,23.5584,0.1909
234,000234.png,False,1788892002.744518,1788892002.684518,normal_load,7,,2.0,-0.01141,0.01983,-0.81745,0.00086,0.00025,0.00041,0.00222,0.01744,-0.78333,-7e-05,-0.00014,0.00028,-0.01412,-0.00162,-0.81765,3,37.9194,362.8285,35.8431,179.9446,0.3858,-101.9382,0.0005,23.5314,0.2178
235,000235.png,False,1788892002.940523,1788892002.880523,normal_load,7,,2.0,-0.00553,0.03175,-0.89619,0.00069,0.00025,0.00029,0.00813,0.02935,-0.86199,-0.00024,-0.00014,0.00016,-0.01444,0.01038,-0.89659,3,37.9164,362.8415,35.825,179.943,0.3903,-101.938,0.0043,23.5136,0.2357
236,000236.png,False,1788892003.136555,1788892003.076555,normal_load,7,,2.0,-0.00102,0.03773,-0.99455,0.00055,0.00029,0.0001,0.01267,0.03533,-0.96027,-0.00039,-9e-05,-3e-05,-0.01284,0.01623,-0.99505,3,37.9169,362.8425,35.8122,179.9426,0.3911,-101.938,0.0095,23.5007,0.2485
237,000237.png,False,1788892003.328547,1788892003.268548,normal_load,7,,2.0,0.00447,0.0467,-1.17639,0.00036,0.00023,7e-05,0.0182,0.04429,-1.14203,-0.00057,-0.00016,-6e-05,-0.0113,0.02383,-1.17703,3,37.9149,362.8493,35.7892,179.9419,0.3929,-101.938,0.0015,23.4779,0.2714
238,000238.png,False,1788892003.524560,1788892003.464561,normal_load,7,,2.0,0.003,0.04568,-1.18411,0.00056,0.00038,7e-05,0.01675,0.04327,-1.14968,-0.00037,-1e-05,-6e-05,-0.01202,0.02209,-1.18473,3,37.9158,362.8437,35.7743,179.943,0.3903,-101.938,0.0095,23.4628,0.2864
239,000239.png,False,1788892003.720576,1788892003.660576,normal_load,7,,2.0,0.01108,0.04593,-1.51573,0.00044,1e-05,-5e-05,0.02486,0.04351,-1.48121,-0.0005,-0.00038,-0.00018,-0.00284,0.02103,-1.51631,3,37.9175,362.8458,35.743,179.9427,0.3914,-101.9382,0.0056,23.4316,0.3176
240,000240.png,False,1788892003.916596,1788892003.856596,normal_load,7,,2.0,0.01194,0.0435,-1.80608,0.00072,-6e-05,0.0001,0.02576,0.04108,-1.77149,-0.00023,-0.00045,-3e-05,0.00113,0.01471,-1.80659,3,37.9187,362.8454,35.7146,179.9433,0.3899,-101.9382,0.0005,23.4032,0.3461
241,000241.png,False,1788892004.108592,1788892004.048592,normal_load,7,,2.0,0.013,0.05085,-1.8487,0.0006,-7e-05,-0.00022,0.02685,0.04842,-1.81403,-0.00034,-0.00046,-0.00035,-0.00133,0.02092,-1.84933,3,37.9176,362.8457,35.7079,179.943,0.3907,-101.9382,0.0086,23.3965,0.3528
242,000242.png,False,1788892004.304624,1788892004.244624,normal_load,7,,2.0,0.01156,0.04901,-1.92488,0.00063,-0.0001,0.0,0.02545,0.04657,-1.89013,-0.00031,-0.0005,-0.00013,-0.00113,0.01739,-1.92546,4,37.9162,362.8447,35.703,179.9428,0.3912,-101.9378,0.0066,23.3916,0.3577
243,000243.png,False,1788892006.452740,1788892006.392740,normal_unload,7,,0.0,0.01121,0.03911,-1.93592,0.00094,4e-05,-8e-05,0.02545,0.03661,-1.90029,-3e-05,-0.00036,-0.00021,0.00359,0.00846,-1.93633,3,37.9172,362.8446,35.6954,179.9445,0.3883,-101.9382,0.0079,23.384,0.3653
244,000244.png,False,1788892006.644656,1788892006.584656,normal_unload,7,,0.0,0.0091,0.03206,-1.86338,0.00106,-0.00012,-5e-05,0.02337,0.02956,-1.82767,9e-05,-0.00053,-0.00019,0.00478,0.00246,-1.86367,4,37.9183,362.8396,35.7011,179.9453,0.3863,-101.9382,0.0015,23.3897,0.3596
245,000245.png,False,1788892006.840665,1788892006.780665,normal_unload,7,,0.0,0.00812,0.02891,-1.82406,0.00112,-0.00021,8e-05,0.02242,0.0264,-1.78827,0.00015,-0.00062,-6e-05,0.00524,-0.00012,-1.8243,3,37.9209,362.8334,35.7059,179.9467,0.384,-101.9384,0.0067,23.3943,0.3549
246,000246.png,False,1788892007.036671,1788892006.976671,normal_unload,7,,0.0,0.00291,0.02399,-1.8069,0.00138,-0.00011,0.00022,0.01724,0.02148,-1.77103,0.0004,-0.00051,8e-05,0.00306,-0.00671,-1.80705,3,37.9203,362.8339,35.7072,179.9464,0.3841,-101.9386,0.008,23.3956,0.3536
247,000247.png,False,1788892007.232813,1788892007.172813,normal_unload,7,,0.0,0.00056,0.00975,-1.68964,0.00154,-0.00028,8e-05,0.01492,0.00723,-1.65368,0.00056,-0.00068,-6e-05,0.00733,-0.01835,-1.68955,3,37.9208,362.8292,35.7159,179.9471,0.3823,-101.9382,0.0029,23.4042,0.3451
248,000248.png,False,1788892007.428796,1788892007.368796,normal_unload,7,,0.0,-0.00046,0.00802,-1.57093,0.00148,-0.00024,-8e-05,0.01393,0.0055,-1.53489,0.0005,-0.00065,-0.00021,0.00648,-0.01845,-1.57083,3,37.9231,362.8271,35.7246,179.9478,0.3807,-101.9386,0.0073,23.4128,0.3364
249,000249.png,False,1788892007.620800,1788892007.560800,normal_unload,7,,0.0,-0.00102,0.00645,-1.57782,0.00158,-0.00015,-5e-05,0.01341,0.00392,-1.5417,0.0006,-0.00056,-0.00018,0.00683,-0.0202,-1.57768,3,37.921,362.8279,35.7255,179.9475,0.3813,-101.9384,0.0037,23.4138,0.3355
250,000250.png,False,1788892007.816794,1788892007.756794,normal_unload,7,,0.0,-0.00161,0.0073,-1.44511,0.00154,-0.00016,-1e-05,0.01285,0.00476,-1.40892,0.00055,-0.00057,-0.00015,0.00498,-0.01763,-1.44501,3,37.921,362.8265,35.7375,179.9476,0.3811,-101.9384,0.0017,23.4258,0.3235
251,000251.png,False,1788892008.012837,1788892007.952837,normal_unload,7,,0.0,0.00186,0.02118,-1.22092,0.00111,0.0,1e-05,0.01635,0.01864,-1.18465,0.00012,-0.00041,-0.00013,-0.00051,-0.00029,-1.22111,3,37.9203,362.8353,35.7589,179.9465,0.3837,-101.9388,0.0073,23.4473,0.3019
252,000252.png,False,1788892008.208805,1788892008.148805,normal_unload,7,,0.0,-0.00173,0.01538,-1.17186,0.00123,5e-05,-8e-05,0.01279,0.01283,-1.13551,0.00024,-0.00036,-0.00022,-0.00106,-0.00632,-1.17195,3,37.9205,362.8341,35.7625,179.9466,0.3835,-101.9388,0.0077,23.4509,0.2984
253,000253.png,False,1788892008.400893,1788892008.340894,normal_unload,7,,0.0,-0.0007,0.01514,-1.09896,0.00132,8e-05,-2e-05,0.01385,0.01259,-1.06252,0.00033,-0.00033,-0.00016,-0.00055,-0.00484,-1.09905,3,37.9217,362.8325,35.7733,179.9474,0.3822,-101.9386,0.0013,23.4617,0.2875
254,000254.png,False,1788892008.596832,1788892008.536832,normal_unload,7,,0.0,-0.00119,0.00991,-1.04948,0.00127,2e-05,-0.00023,0.01339,0.00735,-1.01297,0.00027,-0.0004,-0.00037,0.00129,-0.00883,-1.04949,3,37.9208,362.8323,35.7764,179.9474,0.3822,-101.9386,0.0064,23.4647,0.2845
255,000255.png,False,1788892008.792814,1788892008.732815,normal_unload,7,,0.0,-0.004,0.00375,-0.96979,0.00154,0.00018,0.00013,0.01062,0.00118,-0.9332,0.00055,-0.00024,-1e-05,0.00138,-0.01429,-0.9697,3,37.9211,362.8247,35.7899,179.9487,0.3792,-101.9386,0.0086,23.4782,0.2711
256,000256.png,False,1788892008.988889,1788892008.928889,normal_unload,7,,0.0,-0.0061,0.00026,-0.95131,0.00144,2e-05,-6e-05,0.00855,-0.00231,-0.91464,0.00045,-0.0004,-0.0002,0.00118,-0.01806,-0.95116,3,37.922,362.8268,35.7905,179.9486,0.3799,-101.9386,0.0032,23.4788,0.2704
257,000257.png,False,1788892009.376827,1788892009.316827,normal_unload,7,,0.0,-0.00913,-0.00153,-0.75295,0.00145,0.00015,-0.00015,0.00559,-0.00411,-0.71612,0.00045,-0.00027,-0.00029,-0.00192,-0.01794,-0.75279,3,37.9231,362.8275,35.8211,179.9485,0.3801,-101.939,0.0028,23.5094,0.2399
258,000258.png,False,1788892009.572899,1788892009.512899,normal_unload,7,,0.0,-0.00729,0.00059,-0.61281,0.00132,0.00018,-9e-05,0.00745,-0.002,-0.5759,0.00032,-0.00024,-0.00023,-0.00236,-0.01295,-0.61272,3,37.9225,362.8252,35.8387,179.9486,0.3799,-101.9388,0.0028,23.5269,0.2223
259,000259.png,False,1788892009.768818,1788892009.708818,normal_unload,7,,0.0,-0.00547,0.0045,-0.52713,0.0013,0.00034,-5e-05,0.0093,0.00191,-0.49013,0.00029,-8e-05,-0.0002,-0.00334,-0.00728,-0.52711,3,37.9215,362.8309,35.8529,179.9482,0.3809,-101.939,0.0083,23.5412,0.208
260,000260.png,False,1788892009.964926,1788892009.904927,normal_unload,7,,0.0,-0.00809,0.00535,-0.47758,0.00127,0.00031,1e-05,0.00672,0.00276,-0.44051,0.00026,-0.00011,-0.00013,-0.00637,-0.00706,-0.47758,3,37.9229,362.829,35.8658,179.9483,0.3805,-101.939,0.0033,23.5541,0.1952
261,000261.png,False,1788892010.156943,1788892010.096943,normal_unload,7,,0.0,-0.00485,0.0089,-0.37851,0.00106,0.00035,-0.00012,0.00999,0.00629,-0.34136,5e-05,-7e-05,-0.00026,-0.00602,-0.00078,-0.37859,3,37.9229,362.8334,35.885,179.9485,0.3806,-101.9392,0.0065,23.5734,0.1759
262,000262.png,False,1788892010.352931,1788892010.292932,normal_unload,7,,0.0,-0.00753,0.01077,-0.3737,0.00119,0.00051,0.00023,0.00734,0.00816,-0.33647,0.00017,9e-05,9e-05,-0.00931,-0.00042,-0.37382,3,37.9227,362.8333,35.9001,179.9486,0.3811,-101.9395,0.0079,23.5885,0.1608
263,000263.png,False,1788892010.548933,1788892010.488933,normal_unload,7,,0.0,-0.01033,0.01381,-0.21774,0.00099,0.00051,-8e-05,0.00458,0.0112,-0.18043,-3e-05,9e-05,-0.00022,-0.01434,0.00332,-0.21792,3,37.9225,362.8402,35.9398,179.948,0.3829,-101.9397,0.0031,23.6283,0.121
264,000264.png,False,1788892010.744952,1788892010.684952,normal_unload,7,,0.0,-0.0103,0.00879,-0.18871,0.00095,0.00041,-0.00024,0.00464,0.00618,-0.15132,-7e-05,-1e-05,-0.00039,-0.01201,-0.00055,-0.18881,3,37.9222,362.8353,35.9497,179.9485,0.3819,-101.9395,0.0019,23.638,0.1112
265,000265.png,False,1788892014.257157,1788892014.197157,normal_load,8,,2.0,-0.01795,0.00295,-0.09467,0.00122,0.00054,0.00012,-0.00244,0.00023,-0.05584,0.00016,0.0001,-3e-05,-0.01637,-0.00793,-0.09467,3,37.9251,362.8259,36.0416,179.951,0.3769,-101.9412,0.0015,23.7298,0.0195
266,000266.png,False,1788892014.645160,1788892014.585160,normal_load,8,,2.0,-0.01317,0.00926,-0.23838,0.00102,0.00058,-0.0,0.00241,0.00653,-0.1994,-4e-05,0.00013,-0.00015,-0.01438,-0.00238,-0.23848,3,37.924,362.8347,35.9684,179.9498,0.3792,-101.9412,0.0037,23.6568,0.0925
267,000267.png,False,1788892014.841083,1788892014.781083,normal_load,8,,2.0,-0.00878,0.00806,-0.43887,0.00113,0.00043,-0.00011,0.00682,0.00532,-0.3998,6e-05,-2e-05,-0.00026,-0.00859,-0.00444,-0.43892,3,37.9238,362.8348,35.9032,179.9507,0.3782,-101.9414,0.0017,23.5916,0.1577
268,000268.png,False,1788892015.037095,1788892014.977095,normal_load,8,,2.0,-0.00781,0.01548,-0.46727,0.00108,0.0005,-0.00022,0.00783,0.01273,-0.42812,2e-05,6e-05,-0.00037,-0.01126,0.00201,-0.46745,3,37.9233,362.8372,35.9019,179.9504,0.379,-101.9412,0.0072,23.5903,0.159
269,000269.png,False,1788892015.425251,1788892015.365251,normal_load,8,,2.0,-0.00244,0.02609,-0.79247,0.00086,0.00049,-0.00018,0.01326,0.02333,-0.75317,-0.00021,5e-05,-0.00033,-0.00966,0.00868,-0.7928,3,37.9233,362.8442,35.8363,179.9503,0.3792,-101.9419,0.0017,23.5248,0.2244
270,000270.png,False,1788892015.621217,1788892015.561217,normal_load,8,,2.0,0.00575,0.0423,-1.08307,0.0007,0.00056,-8e-05,0.02149,0.03954,-1.04369,-0.00037,0.00012,-0.00023,-0.00864,0.02216,-1.08365,3,37.9217,362.8516,35.7991,179.9492,0.3825,-101.9414,0.0073,23.4878,0.2614
271,000271.png,False,1788892015.817281,1788892015.757281,normal_load,8,,2.0,0.00939,0.04143,-1.17432,0.0007,0.00047,0.00012,0.02516,0.03866,-1.13485,-0.00037,2e-05,-3e-05,-0.00442,0.02176,-1.17488,3,37.9215,362.8549,35.786,179.9486,0.3834,-101.9421,0.0039,23.4747,0.2745
272,000272.png,False,1788892016.013245,1788892015.953245,normal_load,8,,2.0,0.01207,0.05017,-1.21552,0.00044,0.00045,-0.00029,0.02787,0.0474,-1.17598,-0.00064,0.0,-0.00044,-0.00618,0.03002,-1.21623,3,37.9207,362.8575,35.7764,179.9481,0.3851,-101.9421,0.0183,23.4652,0.2841
273,000273.png,False,1788892016.205282,1788892016.145283,normal_load,8,,2.0,0.01946,0.06347,-1.44115,0.00023,0.00049,-0.00032,0.03529,0.0607,-1.40152,-0.00085,4e-05,-0.00047,-0.00487,0.04161,-1.44207,3,37.9198,362.864,35.7502,179.947,0.3872,-101.9421,0.0088,23.4391,0.3102
274,000274.png,False,1788892016.597258,1788892016.537258,normal_load,8,,2.0,0.02312,0.06104,-1.90448,0.00042,0.00031,-8e-05,0.03902,0.05825,-1.8647,-0.00067,-0.00014,-0.00024,0.00274,0.03391,-1.9053,3,37.9199,362.8623,35.7068,179.9483,0.3852,-101.9419,0.0017,23.3957,0.3535
275,000275.png,False,1788892016.793256,1788892016.733256,normal_load,8,,2.0,0.02221,0.05504,-1.91029,0.00061,0.00023,-0.00021,0.03813,0.05225,-1.87042,-0.00047,-0.00023,-0.00036,0.00498,0.02816,-1.911,3,37.9216,362.8574,35.7024,179.9485,0.3846,-101.9425,0.0072,23.3912,0.3581
276,000276.png,False,1788892017.961339,1788892017.901339,normal_unload,8,,0.0,0.02846,0.07113,-2.01679,0.0003,0.00028,-0.00029,0.04458,0.0683,-1.97645,-0.0008,-0.00018,-0.00044,0.0031,0.04352,-2.01778,3,37.9212,362.865,35.6918,179.948,0.3865,-101.9425,0.0081,23.3807,0.3685
277,000277.png,False,1788892018.353267,1788892018.293267,normal_unload,8,,0.0,0.03287,0.08003,-1.94087,0.0001,0.00056,-2e-05,0.04905,0.0772,-1.90037,-0.001,0.0001,-0.00017,0.00194,0.05465,-1.94203,3,37.9212,362.871,35.6997,179.9488,0.3856,-101.943,0.0072,23.3887,0.3605
278,000278.png,False,1788892018.549276,1788892018.489276,normal_unload,8,,0.0,0.03404,0.07828,-1.84562,-1e-05,0.00047,-0.00021,0.05026,0.07544,-1.80504,-0.00112,1e-05,-0.00037,0.00317,0.05524,-1.84676,3,37.921,362.8722,35.7028,179.9488,0.3856,-101.9432,0.0078,23.3919,0.3574
279,000279.png,False,1788892018.741288,1788892018.681288,normal_unload,8,,0.0,0.03213,0.07486,-1.79041,0.00024,0.00062,-8e-05,0.04838,0.07201,-1.74975,-0.00087,0.00016,-0.00024,0.00284,0.05221,-1.7915,3,37.9218,362.8706,35.7066,179.9497,0.3841,-101.9436,0.0008,23.3956,0.3537
280,000280.png,False,1788892018.937299,1788892018.877299,normal_unload,8,,0.0,0.02465,0.05599,-1.66314,0.00046,0.00044,-0.00031,0.04093,0.05313,-1.6224,-0.00065,-2e-05,-0.00046,0.00491,0.03416,-1.66391,3,37.9241,362.8637,35.7165,179.9509,0.3815,-101.944,0.006,23.4054,0.3439
281,000281.png,False,1788892019.133309,1788892019.073309,normal_unload,8,,0.0,0.0225,0.05544,-1.65823,0.00064,0.00053,-0.00035,0.03881,0.05259,-1.6174,-0.00047,7e-05,-0.00051,0.00329,0.0327,-1.65898,3,37.9252,362.8614,35.7175,179.9511,0.3818,-101.944,0.009,23.4064,0.3429
282,000282.png,False,1788892019.329320,1788892019.269320,normal_unload,8,,0.0,0.0209,0.04412,-1.56813,0.00076,0.00048,-0.00034,0.03724,0.04126,-1.52723,-0.00036,2e-05,-0.0005,0.00693,0.02354,-1.5687,3,37.9254,362.8565,35.7234,179.952,0.3794,-101.9438,0.004,23.4121,0.3371
283,000283.png,False,1788892019.521428,1788892019.461428,normal_unload,8,,0.0,0.01693,0.03275,-1.47847,0.001,0.0004,-0.00046,0.0333,0.02988,-1.43749,-0.00011,-7e-05,-0.00062,0.00855,0.01314,-1.47885,3,37.9259,362.8547,35.7332,179.9527,0.3783,-101.9438,0.0048,23.4219,0.3274
284,000284.png,False,1788892019.717339,1788892019.657339,normal_unload,8,,0.0,0.01931,0.03628,-1.4626,0.00091,0.00048,-0.00037,0.03571,0.03341,-1.42154,-0.00021,1e-05,-0.00052,0.00874,0.01764,-1.46304,3,37.9266,362.8557,35.7337,179.9528,0.3788,-101.944,0.01,23.4224,0.3268
285,000285.png,False,1788892019.913352,1788892019.853353,normal_unload,8,,0.0,0.01764,0.03429,-1.3021,0.00099,0.00049,-0.00045,0.03408,0.03141,-1.26096,-0.00013,2e-05,-0.0006,0.00718,0.01765,-1.30253,3,37.9271,362.8552,35.7482,179.953,0.3789,-101.9442,0.0048,23.4369,0.3124
286,000286.png,False,1788892020.109425,1788892020.049425,normal_unload,8,,0.0,0.02219,0.04102,-1.20213,0.00071,0.00056,-0.00035,0.03865,0.03813,-1.16091,-0.00042,9e-05,-0.0005,0.00706,0.02735,-1.2027,3,37.9269,362.8599,35.7626,179.9526,0.3803,-101.9445,0.0065,23.4514,0.2979
287,000287.png,False,1788892020.301387,1788892020.241387,normal_unload,8,,0.0,0.02006,0.03779,-1.1189,0.00088,0.00072,-0.00046,0.03656,0.0349,-1.0776,-0.00024,0.00026,-0.00062,0.00626,0.02483,-1.11943,3,37.9293,362.8601,35.7681,179.9533,0.3804,-101.9447,0.0047,23.4568,0.2924
288,000288.png,False,1788892020.497381,1788892020.437382,normal_unload,8,,0.0,0.02132,0.03295,-1.00657,0.00095,0.00083,-0.00038,0.03785,0.03005,-0.96519,-0.00018,0.00036,-0.00054,0.00899,0.02306,-1.00703,3,37.9311,362.858,35.7815,179.9547,0.3793,-101.9447,0.0024,23.4702,0.279
289,000289.png,False,1788892020.693388,1788892020.633389,normal_unload,8,,0.0,0.02021,0.02915,-0.9976,0.00112,0.00104,-0.00046,0.03677,0.02625,-0.95614,-1e-05,0.00057,-0.00062,0.00985,0.01936,-0.998,3,37.9325,362.8567,35.7832,179.9554,0.3794,-101.9449,0.0077,23.4719,0.2774
290,000290.png,False,1788892020.889401,1788892020.829401,normal_unload,8,,0.0,0.02193,0.02101,-0.85173,0.00124,0.00098,-0.00016,0.03852,0.0181,-0.81018,0.00011,0.00051,-0.00031,0.0144,0.01551,-0.852,3,37.9351,362.855,35.8049,179.9566,0.3787,-101.9453,0.0072,23.4935,0.2557
291,000291.png,False,1788892021.085410,1788892021.025410,normal_unload,8,,0.0,0.02253,0.0224,-0.82563,0.00099,0.00092,-0.0003,0.03916,0.01948,-0.78401,-0.00014,0.00045,-0.00045,0.01405,0.01743,-0.82594,2,37.9361,362.8526,35.8046,179.9569,0.3784,-101.9453,0.0018,23.4931,0.2561
292,000292.png,False,1788892021.473509,1788892021.413509,normal_unload,8,,0.0,0.02127,0.02022,-0.63231,0.001,0.00099,-0.0005,0.03796,0.0173,-0.59053,-0.00013,0.00052,-0.00065,0.0127,0.01801,-0.63261,3,37.9363,362.8575,35.8329,179.9569,0.3795,-101.9453,0.0075,23.5216,0.2277
293,000293.png,False,1788892021.865452,1788892021.805452,normal_unload,8,,0.0,0.01925,0.02607,-0.46102,0.00087,0.00113,-0.00038,0.036,0.02313,-0.41908,-0.00028,0.00065,-0.00054,0.00684,0.02481,-0.46144,4,37.9366,362.8606,35.8693,179.9571,0.3796,-101.946,0.0095,23.558,0.1912
294,000294.png,False,1788892022.057469,1788892021.997469,normal_unload,8,,0.0,0.01485,0.02085,-0.35386,0.00106,0.00116,-0.00038,0.03164,0.0179,-0.31185,-9e-05,0.00068,-0.00054,0.0049,0.01981,-0.3542,3,37.9365,362.8593,35.8896,179.9573,0.3792,-101.946,0.0,23.5783,0.1709
295,000295.png,False,1788892022.253592,1788892022.193592,normal_unload,8,,0.0,0.0118,0.01714,-0.26848,0.00092,0.00109,-0.00025,0.02862,0.0142,-0.22638,-0.00022,0.00061,-0.00041,0.00352,0.01645,-0.26876,3,37.937,362.8594,35.9159,179.9572,0.3799,-101.9464,0.0052,23.6046,0.1446
296,000296.png,False,1788892022.449584,1788892022.389584,normal_unload,8,,0.0,0.00833,0.02342,-0.23597,0.00079,0.00103,-0.00017,0.02518,0.02046,-0.19379,-0.00036,0.00055,-0.00032,-0.00285,0.02066,-0.23636,3,37.9366,362.8606,35.9344,179.9573,0.3804,-101.9462,0.0098,23.6231,0.1262
297,000297.png,False,1788892022.645601,1788892022.585601,normal_unload,8,,0.0,0.00911,0.02851,-0.13328,0.00078,0.0012,-0.00013,0.02599,0.02555,-0.09102,-0.00037,0.00073,-0.00029,-0.00543,0.02711,-0.13377,3,37.936,362.8672,35.9748,179.9562,0.383,-101.9469,0.0044,23.6636,0.0857
298,000298.png,False,1788892025.377720,1788892025.317720,normal_load,9,,2.0,-0.02596,0.00289,-0.11598,0.00127,0.00036,-9e-05,-0.00863,-0.00015,-0.0726,9e-05,-0.00013,-0.00026,-0.02313,-0.01233,-0.11596,3,37.9073,362.8227,35.9993,179.9592,0.3779,-101.9447,0.0062,23.6876,0.0617
299,000299.png,False,1788892025.569773,1788892025.509773,normal_load,9,,2.0,-0.02742,0.01535,-0.22584,0.0013,0.00058,-5e-05,-0.01006,0.01231,-0.18239,0.00011,9e-05,-0.00022,-0.02986,-0.00402,-0.22602,3,37.9073,362.826,35.9759,179.9591,0.3776,-101.9447,0.0046,23.6642,0.085
300,000300.png,False,1788892025.765659,1788892025.705659,normal_load,9,,2.0,-0.02367,0.00981,-0.30713,0.00117,0.0003,-7e-05,-0.00628,0.00676,-0.26359,-2e-05,-0.00019,-0.00023,-0.02328,-0.00825,-0.30721,3,37.9076,362.8219,35.9424,179.9604,0.3756,-101.9447,0.0046,23.6307,0.1185
301,000301.png,False,1788892025.961747,1788892025.901747,normal_load,9,,2.0,-0.02079,0.02033,-0.4633,0.00116,0.00054,5e-05,-0.00337,0.01727,-0.41968,-3e-05,4e-05,-0.00012,-0.02495,-0.00021,-0.46354,3,37.906,362.8287,35.9107,179.9593,0.3777,-101.9447,0.0007,23.5991,0.1502
302,000302.png,False,1788892026.157771,1788892026.097771,normal_load,9,,2.0,-0.01342,0.02688,-0.62986,0.00096,0.00045,-0.00014,0.00403,0.02382,-0.58617,-0.00023,-4e-05,-0.00031,-0.02069,0.00648,-0.63021,3,37.9069,362.8337,35.8632,179.9592,0.3784,-101.9449,0.0062,23.5517,0.1976
303,000303.png,False,1788892026.349766,1788892026.289767,normal_load,9,,2.0,-0.01443,0.02447,-0.74055,0.00116,0.00046,-8e-05,0.00306,0.0214,-0.69677,-3e-05,-4e-05,-0.00025,-0.01959,0.00212,-0.74083,3,37.9075,362.8307,35.8492,179.9596,0.3776,-101.9449,0.0046,23.5376,0.2116
304,000304.png,False,1788892026.545790,1788892026.485790,normal_load,9,,2.0,-0.00802,0.03507,-1.00146,0.00086,0.00041,-7e-05,0.0095,0.032,-0.9576,-0.00033,-9e-05,-0.00023,-0.01753,0.01032,-1.00189,3,37.9053,362.8352,35.8084,179.959,0.379,-101.9447,0.0006,23.4969,0.2523
305,000305.png,False,1788892026.741821,1788892026.681821,normal_load,9,,2.0,-0.00797,0.03764,-1.00545,0.00087,0.00041,-2e-05,0.00958,0.03456,-0.96152,-0.00033,-9e-05,-0.00019,-0.01874,0.01251,-1.00593,3,37.9065,362.836,35.8069,179.959,0.3795,-101.9449,0.006,23.4954,0.2538
306,000306.png,False,1788892027.133835,1788892027.073835,normal_load,9,,2.0,-0.00234,0.04832,-1.35735,0.00095,0.00036,-0.00013,0.01527,0.04523,-1.31325,-0.00026,-0.00014,-0.00029,-0.01676,0.01893,-1.35798,3,37.9039,362.8457,35.7629,179.958,0.3821,-101.9449,0.0032,23.4516,0.2976
307,000307.png,False,1788892027.325756,1788892027.265756,normal_load,9,,2.0,0.00621,0.05873,-1.47472,0.00065,0.00023,-0.0001,0.02385,0.05564,-1.43055,-0.00055,-0.00027,-0.00027,-0.01374,0.03034,-1.47553,3,37.9041,362.8477,35.7481,179.9575,0.3833,-101.9447,0.0074,23.4369,0.3124
308,000308.png,False,1788892027.521831,1788892027.461831,normal_load,9,,2.0,0.01026,0.05893,-1.85705,0.00073,0.00015,-0.00015,0.02794,0.05583,-1.8128,-0.00047,-0.00035,-0.00031,-0.00769,0.02642,-1.85781,3,37.9049,362.8487,35.7103,179.9576,0.3829,-101.9451,0.0022,23.3991,0.3502
309,000309.png,False,1788892029.861874,1788892029.801874,normal_unload,9,,0.0,0.01706,0.0719,-1.926,0.00047,0.00026,-2e-05,0.03512,0.06873,-1.88079,-0.00077,-0.00025,-0.00019,-0.00779,0.03994,-1.92699,3,37.9064,362.8556,35.6976,179.9587,0.3819,-101.9453,0.0,23.3865,0.3628
310,000310.png,False,1788892030.057986,1788892029.997986,normal_unload,9,,0.0,0.01312,0.063,-1.86726,0.0007,0.00024,9e-05,0.03122,0.05983,-1.82196,-0.00053,-0.00028,-8e-05,-0.00717,0.03121,-1.86809,3,37.9061,362.8497,35.7017,179.9596,0.3797,-101.9453,0.0051,23.3905,0.3588
311,000311.png,False,1788892030.253967,1788892030.193967,normal_unload,9,,0.0,0.01318,0.05324,-1.79722,0.00075,0.00014,5e-05,0.03131,0.05006,-1.75185,-0.00048,-0.00037,-0.00012,-0.00272,0.0239,-1.79789,3,37.9079,362.8452,35.7077,179.9604,0.3784,-101.9453,0.0094,23.3964,0.3528
312,000312.png,False,1788892030.450027,1788892030.390027,normal_unload,9,,0.0,0.01102,0.04816,-1.7677,0.00097,0.00023,-2e-05,0.02918,0.04497,-1.72225,-0.00026,-0.00028,-0.00019,-0.00226,0.0189,-1.76829,3,37.907,362.8465,35.7093,179.9606,0.378,-101.9455,0.0041,23.398,0.3512
313,000313.png,False,1788892030.642004,1788892030.582005,normal_unload,9,,0.0,0.00308,0.03195,-1.62502,0.00126,0.00011,-0.00014,0.02126,0.02876,-1.57949,2e-05,-0.0004,-0.00032,-0.00203,0.00318,-1.62533,3,37.9077,362.8384,35.7219,179.9616,0.3754,-101.9453,0.0055,23.4104,0.3388
314,000314.png,False,1788892030.838038,1788892030.778039,normal_unload,9,,0.0,0.00338,0.03042,-1.58279,0.00133,0.00015,-2e-05,0.02161,0.02722,-1.53718,9e-05,-0.00036,-0.00019,-0.00129,0.00268,-1.58309,3,37.9091,362.836,35.7265,179.9621,0.3748,-101.9453,0.0092,23.4151,0.3342
315,000315.png,False,1788892031.034060,1788892030.974060,normal_unload,9,,0.0,0.00056,0.02649,-1.52404,0.00141,0.00019,5e-05,0.01882,0.02329,-1.47835,0.00017,-0.00032,-0.00012,-0.00218,-0.00119,-1.52427,3,37.9085,362.8363,35.7306,179.9623,0.3742,-101.9453,0.0037,23.4192,0.3301
316,000316.png,False,1788892031.425958,1788892031.365958,normal_unload,9,,0.0,0.00091,0.03248,-1.31511,0.00126,0.0003,2e-05,0.01922,0.02927,-1.26926,1e-05,-0.00022,-0.00016,-0.00633,0.00752,-1.31547,3,37.9093,362.8381,35.7507,179.9618,0.3754,-101.946,0.0064,23.4393,0.31
317,000317.png,False,1788892031.813977,1788892031.753977,normal_unload,9,,0.0,0.00119,0.03187,-1.09431,0.00108,0.0003,-0.00015,0.01957,0.02864,-1.0483,-0.00018,-0.00022,-0.00032,-0.0073,0.01066,-1.0947,3,37.9094,362.8416,35.7753,179.9621,0.3753,-101.9464,0.0084,23.4639,0.2854
318,000318.png,False,1788892032.009990,1788892031.949990,normal_unload,9,,0.0,0.00117,0.02732,-0.95736,0.00118,0.00044,-0.00015,0.01959,0.02409,-0.91127,-7e-05,-9e-05,-0.00032,-0.006,0.00891,-0.95769,3,37.9097,362.8393,35.7895,179.9625,0.375,-101.9462,0.0064,23.478,0.2712
319,000319.png,False,1788892032.206086,1788892032.146086,normal_unload,9,,0.0,0.00371,0.03893,-0.85983,0.0008,0.00057,-0.00026,0.02215,0.0357,-0.81366,-0.00046,5e-05,-0.00044,-0.01028,0.0218,-0.86038,3,37.9083,362.8461,35.8003,179.9621,0.3753,-101.9462,0.001,23.489,0.2602
320,000320.png,False,1788892032.398072,1788892032.338073,normal_unload,9,,0.0,-0.00344,0.03165,-0.80001,0.00109,0.00068,-0.00018,0.01504,0.02841,-0.75376,-0.00017,0.00015,-0.00036,-0.01325,0.01288,-0.80043,3,37.909,362.8423,35.8087,179.9626,0.3746,-101.9464,0.0084,23.4973,0.252
321,000321.png,False,1788892032.594095,1788892032.534095,normal_unload,9,,0.0,-0.0011,0.03661,-0.63746,0.00082,0.00072,-2e-05,0.01741,0.03336,-0.59113,-0.00045,0.0002,-0.0002,-0.01483,0.02094,-0.638,3,37.9083,362.8495,35.8369,179.9617,0.377,-101.9462,0.0061,23.5256,0.2236
322,000322.png,False,1788892032.790116,1788892032.730116,normal_unload,9,,0.0,-0.00201,0.03782,-0.59114,0.00075,0.00069,-0.00019,0.01653,0.03457,-0.54473,-0.00052,0.00016,-0.00037,-0.01654,0.02228,-0.5917,3,37.9085,362.8481,35.8402,179.9619,0.3764,-101.9464,0.0006,23.5289,0.2203
323,000323.png,False,1788892033.178122,1788892033.118122,normal_unload,9,,0.0,-0.00345,0.02915,-0.45101,0.001,0.00063,-0.00019,0.01515,0.02589,-0.40445,-0.00027,0.0001,-0.00036,-0.01443,0.0163,-0.45144,3,37.9086,362.8468,35.8703,179.9622,0.3763,-101.9466,0.0209,23.559,0.1903
324,000324.png,False,1788892033.374170,1788892033.314170,normal_unload,9,,0.0,-0.009,0.01973,-0.26348,0.00112,0.00069,-0.00024,0.00964,0.01646,-0.21683,-0.00015,0.00016,-0.00042,-0.01583,0.00837,-0.26376,3,37.9102,362.8395,35.9124,179.9628,0.3749,-101.9471,0.0058,23.6009,0.1483
325,000325.png,False,1788892033.570173,1788892033.510173,normal_unload,9,,0.0,-0.01303,0.02292,-0.3002,0.00114,0.00071,-0.0002,0.00564,0.01964,-0.25347,-0.00013,0.00018,-0.00037,-0.02066,0.00853,-0.30053,3,37.9101,362.8423,35.9108,179.9626,0.3753,-101.9471,0.0092,23.5994,0.1498
326,000326.png,False,1788892037.470376,1788892037.410377,normal_load,10,,2.0,-0.0251,0.00224,-0.07521,0.00157,0.00071,-0.00016,-0.0058,-0.00114,-0.02689,0.00026,0.00016,-0.00034,-0.02234,-0.01181,-0.07519,3,37.9182,362.823,36.044,179.966,0.3699,-101.9473,0.0084,23.7322,0.0171
327,000327.png,False,1788892037.666389,1788892037.606390,normal_load,10,,2.0,-0.02228,0.0089,-0.22573,0.00141,0.0007,-0.00024,-0.00294,0.00551,-0.17732,9e-05,0.00015,-0.00043,-0.02218,-0.00704,-0.2258,3,37.9159,362.8295,35.9719,179.9643,0.3734,-101.9473,0.0062,23.6602,0.089
328,000328.png,False,1788892037.862378,1788892037.802378,normal_load,10,,2.0,-0.02126,0.00893,-0.26924,0.00143,0.00068,0.0,-0.00189,0.00553,-0.22076,0.00011,0.00013,-0.00018,-0.02101,-0.0072,-0.26932,3,37.9176,362.8267,35.9639,179.9653,0.3715,-101.9475,0.0195,23.6522,0.0971
329,000329.png,False,1788892038.058352,1788892037.998352,normal_load,10,,2.0,-0.02189,0.00518,-0.41867,0.00161,0.00064,4e-05,-0.00249,0.00177,-0.3701,0.00028,9e-05,-0.00015,-0.01864,-0.01316,-0.41865,3,37.9209,362.8195,35.912,179.9669,0.3676,-101.9475,0.0049,23.6001,0.1491
330,000330.png,False,1788892038.254429,1788892038.194429,normal_load,10,,2.0,-0.01632,0.01717,-0.53231,0.00124,0.00073,1e-05,0.00311,0.01376,-0.48367,-8e-05,0.00017,-0.00018,-0.01902,-0.00181,-0.5325,3,37.9193,362.8285,35.8904,179.9657,0.3705,-101.9475,0.0098,23.5787,0.1705
331,000331.png,False,1788892038.446411,1788892038.386411,normal_load,10,,2.0,-0.00961,0.0266,-0.78946,0.00124,0.00083,1e-05,0.00986,0.02319,-0.74073,-9e-05,0.00027,-0.00018,-0.01614,0.00559,-0.78978,3,37.9181,362.8353,35.8412,179.9648,0.3727,-101.9477,0.0006,23.5297,0.2196
332,000332.png,False,1788892038.642415,1788892038.582415,normal_load,10,,2.0,-0.00982,0.02809,-0.81742,0.00115,0.00078,-7e-05,0.00968,0.02467,-0.76862,-0.00018,0.00022,-0.00025,-0.01687,0.00632,-0.81777,3,37.9187,362.8349,35.8358,179.965,0.373,-101.9477,0.0045,23.5242,0.225
333,000333.png,False,1788892038.838427,1788892038.778427,normal_load,10,,2.0,-0.00546,0.0373,-1.12406,0.00122,0.00062,-9e-05,0.01407,0.03387,-1.07517,-0.00011,7e-05,-0.00028,-0.01557,0.01157,-1.12452,3,37.9174,362.8397,35.7968,179.9648,0.374,-101.9475,0.0098,23.4853,0.2639
334,000334.png,False,1788892039.034440,1788892038.974440,normal_load,10,,2.0,-0.00576,0.0346,-1.10806,0.00113,0.0006,-0.00013,0.0138,0.03117,-1.05909,-0.00021,5e-05,-0.00032,-0.0146,0.00934,-1.10848,3,37.9188,362.8364,35.7918,179.9649,0.3736,-101.9479,0.003,23.4803,0.269
335,000335.png,False,1788892039.226473,1788892039.166473,normal_load,10,,2.0,0.0006,0.04317,-1.3237,0.00111,0.00066,2e-05,0.0202,0.03973,-1.27466,-0.00023,0.0001,-0.00017,-0.01187,0.01648,-1.32425,3,37.9165,362.8435,35.7675,179.9641,0.375,-101.9475,0.0081,23.4561,0.2931
336,000336.png,False,1788892039.422384,1788892039.362384,normal_load,10,,2.0,0.00522,0.04457,-1.5987,0.00129,0.00056,-4e-05,0.02485,0.04113,-1.54958,-5e-05,-0.0,-0.00023,-0.00666,0.0156,-1.59924,3,37.9178,362.843,35.7322,179.9646,0.3744,-101.9477,0.0027,23.4208,0.3284
337,000337.png,False,1788892039.618489,1788892039.558489,normal_load,10,,2.0,0.0118,0.04744,-1.65646,0.00109,0.00054,-5e-05,0.03146,0.04399,-1.60725,-0.00025,-2e-05,-0.00024,-0.00199,0.02044,-1.65705,3,37.9191,362.8442,35.7288,179.9646,0.3749,-101.9479,0.0027,23.4174,0.3318
338,000338.png,False,1788892039.814501,1788892039.754501,normal_load,10,,2.0,0.01663,0.05438,-1.79512,0.00102,0.00059,0.0,0.03632,0.05092,-1.74583,-0.00032,3e-05,-0.00018,-0.00032,0.02665,-1.79582,3,37.9186,362.8485,35.7157,179.964,0.3765,-101.9477,0.0085,23.4044,0.3449
339,000339.png,False,1788892040.982461,1788892040.922462,normal_unload,10,,0.0,0.02737,0.05933,-2.01558,0.00104,0.00066,-2e-05,0.04725,0.05585,-1.96582,-0.00032,9e-05,-0.0002,0.00804,0.03278,-2.01636,3,37.9214,362.8515,35.6949,179.9638,0.3774,-101.9484,0.0023,23.3836,0.3656
340,000340.png,False,1788892041.374552,1788892041.314553,normal_unload,10,,0.0,0.02119,0.04102,-1.86695,0.00115,0.00057,9e-05,0.04114,0.03752,-1.81703,-0.00021,-0.0,-0.0001,0.01081,0.01621,-1.86742,3,37.9244,362.8464,35.704,179.9654,0.3748,-101.9488,0.0081,23.3926,0.3566
341,000341.png,False,1788892041.570554,1788892041.510554,normal_unload,10,,0.0,0.01727,0.02897,-1.80963,0.00158,0.00062,0.0001,0.03725,0.02547,-1.75963,0.00021,6e-05,-9e-05,0.01304,0.00473,-1.80989,3,37.9251,362.841,35.7098,179.9663,0.3726,-101.9486,0.0066,23.3983,0.351
342,000342.png,False,1788892041.958600,1788892041.898600,normal_unload,10,,0.0,0.01132,0.02285,-1.72498,0.00171,0.00058,0.0002,0.03136,0.01934,-1.67482,0.00035,1e-05,1e-05,0.01035,-0.00219,-1.72514,3,37.9266,362.8352,35.7173,179.9672,0.3703,-101.9486,0.0082,23.4057,0.3435
343,000343.png,False,1788892042.154590,1788892042.094590,normal_unload,10,,0.0,0.01164,0.01846,-1.62633,0.0018,0.00063,0.0001,0.03172,0.01494,-1.57609,0.00044,6e-05,-9e-05,0.01214,-0.00425,-1.62643,3,37.9281,362.8331,35.724,179.9677,0.3691,-101.949,0.0065,23.4123,0.3369
344,000344.png,False,1788892042.350653,1788892042.290653,normal_unload,10,,0.0,0.01009,0.00762,-1.58295,0.00199,0.00057,0.00023,0.03019,0.0041,-1.53263,0.00062,0.0,4e-05,0.0159,-0.01371,-1.58286,3,37.928,362.8304,35.7293,179.9683,0.3682,-101.9486,0.0017,23.4176,0.3317
345,000345.png,False,1788892042.546649,1788892042.486649,normal_unload,10,,0.0,0.0076,0.00937,-1.51681,0.00192,0.00061,6e-05,0.02774,0.00584,-1.46641,0.00055,3e-05,-0.00013,0.01242,-0.01238,-1.51676,4,37.9285,362.831,35.7363,179.9685,0.3683,-101.9486,0.0034,23.4246,0.3247
346,000346.png,False,1788892042.738678,1788892042.678679,normal_unload,10,,0.0,0.00714,0.0084,-1.48474,0.00206,0.00061,0.00036,0.02731,0.00486,-1.43426,0.00069,3e-05,0.00017,0.01228,-0.01294,-1.48467,3,37.9291,362.8276,35.7394,179.9688,0.3675,-101.9486,0.0078,23.4277,0.3216
347,000347.png,False,1788892043.130574,1788892043.070574,normal_unload,10,,0.0,0.00769,0.01413,-1.22967,0.00191,0.00076,0.00019,0.02793,0.01058,-1.17903,0.00053,0.00018,0.0,0.00813,-0.00362,-1.22975,3,37.9298,362.8325,35.7657,179.9686,0.3686,-101.949,0.0066,23.454,0.2953
348,000348.png,False,1788892043.326672,1788892043.266672,normal_unload,10,,0.0,0.00774,0.01368,-1.09923,0.00165,0.00076,0.00013,0.02801,0.01013,-1.04851,0.00027,0.00018,-6e-05,0.00749,-0.00189,-1.09931,3,37.9298,362.833,35.7758,179.9684,0.3692,-101.949,0.0086,23.4641,0.2852
349,000349.png,False,1788892043.518595,1788892043.458596,normal_unload,10,,0.0,0.00737,0.01621,-1.01367,0.00163,0.00094,7e-05,0.02766,0.01266,-0.96287,0.00024,0.00036,-0.00013,0.00531,0.00149,-1.01381,3,37.9295,362.8356,35.7871,179.9683,0.3694,-101.949,0.0012,23.4754,0.2738
350,000350.png,False,1788892043.714705,1788892043.654705,normal_unload,10,,0.0,0.00891,0.01231,-0.96459,0.00169,0.00088,4e-05,0.02924,0.00875,-0.91371,0.0003,0.0003,-0.00015,0.00825,-0.00034,-0.96467,3,37.9302,362.8348,35.7929,179.9687,0.3691,-101.949,0.0061,23.4812,0.268
351,000351.png,False,1788892043.910694,1788892043.850694,normal_unload,10,,0.0,0.00759,0.0138,-0.76232,0.00153,0.00086,-0.00011,0.02795,0.01023,-0.71136,0.00014,0.00029,-0.0003,0.00497,0.00353,-0.76246,3,37.9314,362.8354,35.8155,179.9688,0.3689,-101.9492,0.0089,23.5038,0.2454
352,000352.png,False,1788892044.106718,1788892044.046718,normal_unload,10,,0.0,0.00506,0.01221,-0.79565,0.00168,0.00098,0.00019,0.02545,0.00863,-0.74461,0.00029,0.0004,-0.0,0.0038,0.00036,-0.79575,2,37.9313,362.8354,35.8173,179.9688,0.3689,-101.9494,0.0039,23.5057,0.2436
353,000353.png,False,1788892044.886794,1788892044.826794,normal_unload,10,,0.0,-0.00142,0.00829,-0.44749,0.00167,0.00105,-2e-05,0.01909,0.00469,-0.39613,0.00027,0.00047,-0.00022,-0.00227,-0.0007,-0.44756,3,37.9344,362.8316,35.8764,179.9693,0.3686,-101.9499,0.0017,23.5647,0.1846
354,000354.png,False,1788892045.274792,1788892045.214792,normal_unload,10,,0.0,0.00032,0.00882,-0.30986,0.00148,0.00103,0.00037,0.0209,0.00521,-0.25835,8e-05,0.00044,0.00018,-0.00198,0.00283,-0.30997,3,37.9332,362.8391,35.9355,179.9689,0.3696,-101.9499,0.0008,23.6239,0.1254
355,000355.png,False,1788892048.786986,1788892048.726986,normal_load,11,,2.0,-0.0257,0.00304,-0.09288,0.00161,0.00065,0.00023,-0.00454,-0.00067,-0.03993,0.00016,5e-05,3e-05,-0.02314,-0.01169,-0.09287,3,37.9379,362.8208,36.0625,179.9733,0.3616,-101.9531,0.0074,23.7505,-0.0013
356,000356.png,False,1788892049.178971,1788892049.118971,normal_load,11,,2.0,-0.02562,0.00489,-0.11762,0.00151,0.00065,0.00036,-0.0044,0.00117,-0.06451,7e-05,5e-05,0.00015,-0.02382,-0.01045,-0.11764,3,37.9361,362.8228,36.0517,179.9729,0.3626,-101.9527,0.0035,23.7398,0.0095
357,000357.png,False,1788892049.374982,1788892049.314982,normal_load,11,,2.0,-0.01928,0.0179,-0.16657,0.00122,0.00068,0.00026,0.00198,0.01417,-0.11338,-0.00023,8e-05,6e-05,-0.02448,0.0032,-0.16682,3,37.9341,362.8408,36.0064,179.9702,0.3692,-101.9529,0.0085,23.6948,0.0545
358,000358.png,False,1788892049.567042,1788892049.507042,normal_load,11,,2.0,-0.02057,0.01332,-0.2009,0.00138,0.0007,0.00045,0.00071,0.00959,-0.14763,-7e-05,0.0001,0.00025,-0.02308,-0.00196,-0.20106,3,37.9341,362.837,36.0077,179.9708,0.3671,-101.9529,0.0023,23.6961,0.0532
359,000359.png,False,1788892049.763016,1788892049.703017,normal_load,11,,2.0,-0.02451,0.00167,-0.32328,0.00162,0.00058,0.0002,-0.0032,-0.00207,-0.26992,0.00016,-3e-05,0.0,-0.01983,-0.01598,-0.32321,3,37.9364,362.8247,35.947,179.9736,0.3615,-101.9527,0.0028,23.6351,0.1141
360,000360.png,False,1788892049.959053,1788892049.899053,normal_load,11,,2.0,-0.02159,0.00954,-0.35216,0.00164,0.00062,0.00028,-0.00025,0.0058,-0.29872,0.00019,2e-05,8e-05,-0.02103,-0.00816,-0.35223,3,37.9351,362.8272,35.9451,179.9733,0.3623,-101.9527,0.0122,23.6333,0.116
361,000361.png,False,1788892050.347045,1788892050.287045,normal_load,11,,2.0,-0.01458,0.01843,-0.62691,0.00135,0.00065,0.00045,0.00683,0.01467,-0.57332,-0.00011,5e-05,0.00025,-0.01749,-0.00137,-0.62711,3,37.9345,362.8338,35.8797,179.9725,0.3648,-101.9529,0.0099,23.568,0.1813
362,000362.png,False,1788892050.543054,1788892050.483054,normal_load,11,,2.0,-0.00909,0.03288,-0.87624,0.00127,0.00075,0.00027,0.01236,0.02912,-0.82257,-0.00019,0.00014,7e-05,-0.01822,0.0099,-0.87666,3,37.9321,362.8417,35.834,179.9714,0.3669,-101.9525,0.0046,23.5225,0.2268
363,000363.png,False,1788892050.739066,1788892050.679066,normal_load,11,,2.0,-0.01002,0.03302,-0.87278,0.00128,0.00074,0.00025,0.01146,0.02926,-0.81903,-0.00019,0.00014,4e-05,-0.01912,0.00961,-0.8732,3,37.9339,362.8405,35.8318,179.9718,0.3664,-101.9527,0.001,23.5202,0.229
364,000364.png,False,1788892050.935081,1788892050.875081,normal_load,11,,2.0,0.00055,0.04682,-1.24266,0.00104,0.00065,0.00045,0.02205,0.04305,-1.18883,-0.00042,4e-05,0.00025,-0.01431,0.02092,-1.24328,3,37.9322,362.8499,35.7859,179.9706,0.3694,-101.9527,0.0066,23.4745,0.2747
365,000365.png,False,1788892051.127077,1788892051.067077,normal_load,11,,2.0,0.00256,0.04239,-1.33036,0.00116,0.00059,0.00038,0.0241,0.03862,-1.27645,-0.00031,-2e-05,0.00018,-0.00974,0.01668,-1.3309,3,37.9335,362.8454,35.773,179.9715,0.3679,-101.9529,0.0041,23.4615,0.2878
366,000366.png,False,1788892051.323050,1788892051.263051,normal_load,11,,2.0,0.00381,0.04464,-1.46349,0.00127,0.00047,0.00026,0.02538,0.04086,-1.4095,-0.0002,-0.00015,6e-05,-0.00886,0.01713,-1.46405,3,37.9333,362.8462,35.7545,179.9715,0.3679,-101.9527,0.0012,23.443,0.3062
367,000367.png,False,1788892051.519109,1788892051.459109,normal_load,11,,2.0,0.00152,0.03362,-1.73786,0.00153,0.00031,0.00037,0.02312,0.02984,-1.68379,6e-05,-0.00031,0.00016,-0.00344,0.00204,-1.73818,3,37.9347,362.8364,35.7224,179.9728,0.3646,-101.9529,0.0066,23.4107,0.3385
368,000368.png,False,1788892051.715056,1788892051.655056,normal_load,11,,2.0,0.00456,0.03768,-1.84343,0.00156,0.00024,0.00026,0.0262,0.03388,-1.78928,8e-05,-0.00037,6e-05,-0.00209,0.00538,-1.84381,3,37.9341,362.8377,35.7144,179.9728,0.3651,-101.9527,0.0078,23.4028,0.3464
369,000369.png,False,1788892053.275206,1788892053.215206,normal_unload,11,,0.0,0.01385,0.05162,-2.05234,0.00132,0.00031,0.00027,0.03574,0.04778,-1.99755,-0.00017,-0.00031,7e-05,0.00044,0.01875,-2.05295,3,37.9344,362.8461,35.6918,179.9724,0.3668,-101.9529,0.0057,23.3803,0.3689
370,000370.png,False,1788892053.859222,1788892053.799222,normal_unload,11,,0.0,0.00443,0.02817,-1.90138,0.00182,0.00028,0.00029,0.02642,0.02432,-1.84636,0.00032,-0.00034,8e-05,0.00295,-0.00384,-1.90159,3,37.9368,362.8361,35.7038,179.9744,0.3625,-101.9529,0.0068,23.3922,0.3571
371,000371.png,False,1788892054.055260,1788892053.995260,normal_unload,11,,0.0,0.00131,0.01991,-1.85549,0.00209,0.00024,0.00038,0.02332,0.01605,-1.80038,0.00059,-0.00038,0.00018,0.00405,-0.01182,-1.85555,3,37.9376,362.8331,35.7077,179.9751,0.3614,-101.9531,0.0079,23.396,0.3533
372,000372.png,False,1788892054.251261,1788892054.191261,normal_unload,11,,0.0,-0.00291,0.01053,-1.75143,0.00221,0.00025,0.00033,0.01914,0.00666,-1.69624,0.00071,-0.00038,0.00012,0.00436,-0.02039,-1.75134,3,37.9389,362.8275,35.7144,179.976,0.3591,-101.9531,0.0021,23.4026,0.3467
373,000373.png,False,1788892054.447287,1788892054.387287,normal_unload,11,,0.0,-0.00294,0.01161,-1.74886,0.0022,0.00017,0.00031,0.01914,0.00774,-1.69359,0.0007,-0.00046,0.0001,0.00378,-0.01943,-1.74879,3,37.9397,362.8275,35.7168,179.9758,0.3595,-101.9533,0.0083,23.405,0.3443
374,000374.png,False,1788892054.639270,1788892054.579270,normal_unload,11,,0.0,-0.0064,0.00587,-1.68062,0.00235,0.00014,0.00034,0.01571,0.00199,-1.62527,0.00084,-0.00049,0.00013,0.00317,-0.02504,-1.68046,3,37.9398,362.825,35.7213,179.9768,0.3578,-101.9531,0.0024,23.4094,0.3398
375,000375.png,False,1788892054.835287,1788892054.775287,normal_unload,11,,0.0,-0.00735,-0.00185,-1.57439,0.00235,0.00018,0.00032,0.01479,-0.00573,-1.51896,0.00084,-0.00045,0.00011,0.00547,-0.03049,-1.57411,3,37.9402,362.823,35.7302,179.9773,0.3564,-101.9533,0.0169,23.4183,0.3309
376,000376.png,False,1788892055.031292,1788892054.971292,normal_unload,11,,0.0,-0.00847,-0.00055,-1.51521,0.00246,0.00025,0.00041,0.0137,-0.00444,-1.4597,0.00094,-0.00038,0.0002,0.00344,-0.02898,-1.51495,3,37.9404,362.8236,35.7405,179.9778,0.3559,-101.9535,0.0084,23.4286,0.3207
377,000377.png,False,1788892055.227301,1788892055.167301,normal_unload,11,,0.0,-0.01391,-0.00804,-1.40218,0.00256,0.0003,0.00019,0.0083,-0.01193,-1.34659,0.00105,-0.00033,-2e-05,0.00169,-0.03637,-1.4018,3,37.9417,362.817,35.744,179.9783,0.3545,-101.9535,0.0063,23.432,0.3173
378,000378.png,False,1788892055.419317,1788892055.359317,normal_unload,11,,0.0,-0.01346,-0.00955,-1.22283,0.0025,0.00031,0.00021,0.00878,-0.01345,-1.16716,0.00098,-0.00032,-0.0,0.00159,-0.03459,-1.22245,3,37.9415,362.8186,35.7629,179.9779,0.3555,-101.9535,0.0034,23.4509,0.2983
379,000379.png,False,1788892055.615240,1788892055.555240,normal_unload,11,,0.0,-0.01117,-0.00672,-1.21998,0.00245,0.00022,0.00016,0.0111,-0.01062,-1.16423,0.00093,-0.00041,-5e-05,0.00214,-0.03094,-1.21966,3,37.9412,362.8218,35.7658,179.9778,0.3559,-101.9538,0.009,23.4539,0.2954
380,000380.png,False,1788892056.007256,1788892055.947256,normal_unload,11,,0.0,-0.01137,-0.00427,-0.95107,0.00222,0.00058,0.00016,0.01097,-0.00818,-0.89516,0.00069,-5e-05,-5e-05,-0.00112,-0.02461,-0.95083,3,37.9411,362.8243,35.7954,179.9778,0.3564,-101.9535,0.0009,23.4835,0.2657
381,000381.png,False,1788892056.203379,1788892056.143379,normal_unload,11,,0.0,-0.01686,-0.00856,-0.85509,0.00235,0.00059,0.00016,0.00551,-0.01249,-0.7991,0.00082,-4e-05,-5e-05,-0.0044,-0.02954,-0.85478,3,37.9414,362.8222,35.8081,179.9782,0.3554,-101.9535,0.0036,23.4962,0.2531
382,000382.png,False,1788892056.395378,1788892056.335378,normal_unload,11,,0.0,-0.01788,-0.01379,-0.76164,0.0024,0.00042,0.00021,0.00452,-0.01771,-0.70558,0.00087,-0.00021,-1e-05,-0.00332,-0.03307,-0.76125,3,37.9422,362.8188,35.8242,179.9783,0.3547,-101.954,0.0071,23.5122,0.2371
383,000383.png,False,1788892056.591413,1788892056.531414,normal_unload,11,,0.0,-0.01852,-0.01075,-0.65207,0.00226,0.00046,2e-05,0.00392,-0.01469,-0.59592,0.00073,-0.00017,-0.0002,-0.00614,-0.02901,-0.65174,3,37.9441,362.8176,35.8367,179.9788,0.3544,-101.954,0.0017,23.5247,0.2245
384,000384.png,False,1788892056.983452,1788892056.923452,normal_unload,11,,0.0,-0.01807,-0.0139,-0.49424,0.00228,0.0006,0.00016,0.00442,-0.01784,-0.43794,0.00075,-4e-05,-5e-05,-0.00528,-0.02898,-0.49389,3,37.9417,362.8177,35.8679,179.9788,0.3546,-101.9537,0.0049,23.5558,0.1934
385,000385.png,False,1788892057.175400,1788892057.115400,normal_unload,11,,0.0,-0.01839,-0.00448,-0.35344,0.00208,0.00077,-7e-05,0.00414,-0.00843,-0.29706,0.00054,0.00013,-0.00028,-0.01124,-0.01873,-0.35327,3,37.9416,362.8239,35.8969,179.9781,0.3562,-101.9542,0.0065,23.585,0.1642
386,000386.png,False,1788892057.371429,1788892057.311430,normal_unload,11,,0.0,-0.01956,-0.00403,-0.34991,0.00201,0.00074,0.00013,0.003,-0.00799,-0.29344,0.00047,0.0001,-8e-05,-0.0125,-0.01887,-0.34974,3,37.9414,362.8212,35.9045,179.9785,0.3557,-101.954,0.0081,23.5925,0.1567
387,000387.png,False,1788892057.763427,1788892057.703427,normal_unload,11,,0.0,-0.02123,-0.00187,-0.22328,0.00195,0.00081,4e-05,0.00139,-0.00584,-0.16665,0.00041,0.00017,-0.00017,-0.01591,-0.0158,-0.22317,3,37.9418,362.8232,35.9523,179.9785,0.3552,-101.9544,0.0035,23.6404,0.1089
388,000388.png,False,1788892061.275540,1788892061.215540,normal_load,12,,2.0,-0.03124,0.01035,-0.09584,0.00175,0.00068,2e-05,-0.00805,0.00629,-0.03777,0.00017,2e-05,-0.0002,-0.03157,-0.00818,-0.09594,3,37.9286,362.8203,36.0431,179.9818,0.35,-101.9561,0.0055,23.7312,0.0181
389,000389.png,False,1788892061.467547,1788892061.407547,normal_load,12,,2.0,-0.02456,0.02308,-0.20929,0.0014,0.00071,3e-05,-0.00133,0.019,-0.15115,-0.00018,5e-05,-0.00019,-0.03135,0.00436,-0.20961,3,37.9241,362.838,35.9805,179.9793,0.3556,-101.9559,0.0055,23.669,0.0803
390,000390.png,False,1788892061.663557,1788892061.603557,normal_load,12,,2.0,-0.02605,0.01702,-0.26556,0.00148,0.00068,0.00027,-0.00279,0.01294,-0.20734,-0.00011,2e-05,5e-05,-0.02922,-0.00253,-0.26577,3,37.9249,362.8336,35.9721,179.9806,0.353,-101.9559,0.0001,23.6605,0.0888
391,000391.png,False,1788892062.055691,1788892061.995691,normal_load,12,,2.0,-0.02541,0.01894,-0.46742,0.00157,0.0006,0.00016,-0.00209,0.01485,-0.40904,-2e-05,-6e-05,-6e-05,-0.02824,-0.00378,-0.46763,3,37.9248,362.8307,35.9122,179.9814,0.351,-101.9559,0.01,23.6005,0.1487
392,000392.png,False,1788892062.247673,1788892062.187673,normal_load,12,,2.0,-0.0183,0.0225,-0.74754,0.00151,0.00049,0.00031,0.00506,0.01841,-0.68908,-9e-05,-0.00017,8e-05,-0.02191,-0.00163,-0.74778,3,37.9246,362.8321,35.8525,179.981,0.3518,-101.9557,0.0094,23.5408,0.2085
393,000393.png,False,1788892062.443682,1788892062.383682,normal_load,12,,2.0,-0.01886,0.02413,-0.85971,0.00156,0.00054,0.00048,0.00453,0.02003,-0.80116,-4e-05,-0.00013,0.00026,-0.02243,-0.00229,-0.85996,3,37.924,362.833,35.8401,179.981,0.3518,-101.9557,0.0037,23.5284,0.2208
394,000394.png,False,1788892062.639693,1788892062.579694,normal_load,12,,2.0,-0.01566,0.03493,-0.98594,0.00136,0.00065,0.00029,0.00776,0.03082,-0.92732,-0.00024,-1e-05,7e-05,-0.02418,0.00663,-0.98637,3,37.9233,362.839,35.8132,179.9803,0.3543,-101.9557,0.0023,23.5017,0.2476
395,000395.png,False,1788892062.835702,1788892062.775702,normal_load,12,,2.0,-0.01136,0.04112,-1.05043,0.00133,0.00055,0.00031,0.01209,0.03701,-0.99172,-0.00027,-0.00011,9e-05,-0.0231,0.01311,-1.05096,3,37.9239,362.8394,35.8079,179.98,0.3544,-101.9561,0.008,23.4964,0.2529
396,000396.png,False,1788892063.223717,1788892063.163717,normal_load,12,,2.0,-0.00368,0.05221,-1.26588,0.00106,0.00052,0.00015,0.01984,0.04809,-1.20702,-0.00054,-0.00015,-8e-05,-0.0205,0.0231,-1.26659,3,37.9227,362.8447,35.7675,179.9795,0.3561,-101.9559,0.0082,23.4561,0.2932
397,000397.png,False,1788892063.615757,1788892063.555757,normal_load,12,,2.0,-0.00348,0.03997,-1.90158,0.00168,8e-05,0.00023,0.0201,0.03583,-1.84256,7e-05,-0.00059,1e-05,-0.0098,0.00241,-1.90198,3,37.9239,362.8365,35.7084,179.981,0.3525,-101.9557,0.0044,23.3969,0.3524
398,000398.png,False,1788892063.811671,1788892063.751671,normal_load,12,,2.0,0.00055,0.04955,-1.97478,0.00144,0.00012,0.00011,0.02416,0.04541,-1.91568,-0.00017,-0.00055,-0.00012,-0.01059,0.01155,-1.97534,3,37.9237,362.8396,35.7016,179.9806,0.3535,-101.9559,0.0099,23.3901,0.3592
399,000399.png,False,1788892064.787827,1788892064.727828,normal_unload,12,,0.0,0.0023,0.0605,-1.87065,0.00131,0.00041,0.00029,0.02607,0.05633,-1.81115,-0.00031,-0.00026,6e-05,-0.01527,0.02358,-1.87142,3,37.9215,362.8486,35.7093,179.9798,0.3553,-101.9557,0.0008,23.3979,0.3513
400,000400.png,False,1788892064.979849,1788892064.919849,normal_unload,12,,0.0,-0.00036,0.05343,-1.69735,0.00127,0.0003,0.00019,0.02345,0.04926,-1.63777,-0.00035,-0.00037,-3e-05,-0.01524,0.01891,-1.69802,3,37.9223,362.8464,35.7192,179.9805,0.3542,-101.9559,0.0017,23.4078,0.3414
401,000401.png,False,1788892065.175831,1788892065.115831,normal_unload,12,,0.0,-0.00073,0.04699,-1.66872,0.00139,0.00031,0.00025,0.0231,0.04282,-1.60906,-0.00023,-0.00036,2e-05,-0.01254,0.0136,-1.66928,3,37.9228,362.8455,35.7271,179.981,0.3532,-101.9559,0.0041,23.4157,0.3336
402,000402.png,False,1788892065.371901,1788892065.311901,normal_unload,12,,0.0,-0.00064,0.0486,-1.59264,0.00139,0.00037,0.00012,0.02323,0.04441,-1.53291,-0.00024,-0.00031,-0.00011,-0.01379,0.01626,-1.59324,3,37.923,362.8449,35.7289,179.9806,0.3535,-101.9561,0.0099,23.4174,0.3318
403,000403.png,False,1788892065.567847,1788892065.507847,normal_unload,12,,0.0,-0.00549,0.03982,-1.44212,0.00136,0.00028,0.00032,0.01841,0.03563,-1.3823,-0.00027,-0.00039,9e-05,-0.01465,0.00864,-1.44257,3,37.9243,362.8411,35.7428,179.9812,0.3526,-101.9564,0.0046,23.4313,0.318
404,000404.png,False,1788892065.759854,1788892065.699854,normal_unload,12,,0.0,-0.00852,0.03657,-1.28713,0.00149,0.00033,0.00031,0.01541,0.03237,-1.22723,-0.00014,-0.00034,9e-05,-0.01673,0.00679,-1.28755,3,37.9242,362.8415,35.7618,179.9808,0.3536,-101.9564,0.0047,23.4503,0.2989
405,000405.png,False,1788892066.347915,1788892066.287915,normal_unload,12,,0.0,-0.00719,0.03591,-1.11642,0.00152,0.00061,0.00053,0.01684,0.0317,-1.05628,-0.00012,-7e-05,0.0003,-0.01643,0.00963,-1.11686,3,37.9231,362.842,35.7823,179.981,0.353,-101.9561,0.0001,23.4709,0.2784
406,000406.png,False,1788892066.539891,1788892066.479892,normal_unload,12,,0.0,-0.01186,0.0335,-0.939,0.00151,0.00057,0.00039,0.0122,0.02928,-0.87878,-0.00013,-0.00012,0.00017,-0.0205,0.00804,-0.93941,3,37.9242,362.8396,35.8015,179.9814,0.3522,-101.9563,0.0095,23.4899,0.2593
407,000407.png,False,1788892066.735918,1788892066.675918,normal_unload,12,,0.0,-0.0119,0.02873,-0.94208,0.00158,0.00052,0.00033,0.01219,0.02451,-0.88178,-7e-05,-0.00017,0.0001,-0.01813,0.00385,-0.94241,3,37.9241,362.8431,35.8027,179.9813,0.3524,-101.9563,0.0028,23.4913,0.258
408,000408.png,False,1788892066.931967,1788892066.871968,normal_unload,12,,0.0,-0.01188,0.03465,-0.74912,0.00138,0.00059,0.00036,0.01224,0.03042,-0.68874,-0.00027,-0.0001,0.00013,-0.02241,0.01207,-0.74958,3,37.9233,362.8438,35.8268,179.9808,0.3536,-101.9564,0.0084,23.5153,0.2339
409,000409.png,False,1788892067.127970,1788892067.067970,normal_unload,12,,0.0,-0.0126,0.03741,-0.69049,0.00136,0.00074,0.00035,0.01155,0.03317,-0.63003,-0.00029,5e-05,0.00012,-0.02482,0.01504,-0.69101,3,37.9228,362.8464,35.8411,179.9811,0.3535,-101.9564,0.0061,23.5297,0.2196
410,000410.png,False,1788892067.323951,1788892067.263952,normal_unload,12,,0.0,-0.01478,0.03654,-0.5966,0.00129,0.00069,0.00037,0.00941,0.0323,-0.53606,-0.00036,1e-05,0.00014,-0.02692,0.0147,-0.59711,3,37.9245,362.8445,35.8521,179.9812,0.3533,-101.9566,0.0007,23.5407,0.2086
411,000411.png,False,1788892067.515950,1788892067.455950,normal_unload,12,,0.0,-0.01326,0.03789,-0.54509,0.00131,0.00083,0.00036,0.01096,0.03364,-0.48447,-0.00034,0.00014,0.00013,-0.02663,0.01746,-0.54564,3,37.9228,362.853,35.8686,179.9805,0.3549,-101.9566,0.009,23.5573,0.1919
412,000412.png,False,1788892067.711952,1788892067.651953,normal_unload,12,,0.0,-0.01667,0.03443,-0.45375,0.0013,0.00083,0.00044,0.00758,0.03017,-0.39305,-0.00035,0.00014,0.00021,-0.0285,0.01422,-0.45424,3,37.9236,362.8467,35.8857,179.9808,0.3536,-101.9566,0.0056,23.5742,0.175
413,000413.png,False,1788892067.907994,1788892067.847994,normal_unload,12,,0.0,-0.01607,0.03076,-0.35147,0.00129,0.00087,0.00041,0.00821,0.02651,-0.29069,-0.00037,0.00018,0.00018,-0.02686,0.01298,-0.35192,3,37.9223,362.8493,35.9119,179.981,0.3537,-101.9564,0.0002,23.6005,0.1487
414,000414.png,False,1788892068.295983,1788892068.235983,normal_unload,12,,0.0,-0.02072,0.02987,-0.20285,0.00133,0.00076,0.00012,0.00362,0.0256,-0.14191,-0.00033,7e-05,-0.00011,-0.03147,0.01227,-0.20329,3,37.9234,362.8472,35.9597,179.9808,0.3548,-101.9566,0.0052,23.6483,0.101
415,000415.png,False,1788892072.588222,1788892072.528222,normal_load,13,,2.0,-0.02553,0.01397,-0.26927,0.00165,0.00071,8e-05,-0.00049,0.00958,-0.20658,-6e-05,-1e-05,-0.00015,-0.02723,-0.00497,-0.26942,3,37.9284,362.8274,35.9631,179.9823,0.3509,-101.9587,0.0094,23.6513,0.098
416,000416.png,False,1788892072.980156,1788892072.920156,normal_load,13,,2.0,-0.0238,0.00569,-0.49546,0.00184,0.00059,0.00021,0.00131,0.00129,-0.4326,0.00012,-0.00013,-2e-05,-0.02003,-0.0149,-0.49543,3,37.9302,362.8187,35.8949,179.9847,0.3458,-101.9587,0.0017,23.583,0.1663
417,000417.png,False,1788892073.176251,1788892073.116251,normal_load,13,,2.0,-0.02114,0.01961,-0.5748,0.00172,0.00075,0.00021,0.00401,0.0152,-0.51187,1e-05,3e-05,-3e-05,-0.02412,-0.00279,-0.57501,3,37.9274,362.8269,35.8894,179.9834,0.349,-101.9585,0.0065,23.5777,0.1716
418,000418.png,False,1788892073.372270,1788892073.312270,normal_load,13,,2.0,-0.01175,0.03068,-0.86134,0.00145,0.0007,0.00017,0.01343,0.02626,-0.79833,-0.00027,-1e-05,-7e-05,-0.01953,0.0069,-0.86172,3,37.9273,362.8331,35.8355,179.9827,0.3501,-101.9587,0.0083,23.5239,0.2254
419,000419.png,False,1788892073.956358,1788892073.896358,normal_load,13,,2.0,-0.007,0.03958,-1.15031,0.00144,0.00061,4e-05,0.01827,0.03514,-1.08705,-0.00028,-0.00011,-0.0002,-0.01786,0.01235,-1.1508,3,37.9256,362.8371,35.7854,179.9819,0.3524,-101.9585,0.0093,23.4738,0.2755
420,000420.png,False,1788892074.152333,1788892074.092333,normal_load,13,,2.0,0.00139,0.05577,-1.3528,0.00126,0.00075,0.00023,0.02669,0.05133,-1.28947,-0.00047,4e-05,-1e-05,-0.01728,0.02732,-1.35356,3,37.9245,362.8431,35.7666,179.981,0.3548,-101.9587,0.0039,23.4552,0.2941
421,000421.png,False,1788892074.344230,1788892074.284230,normal_load,13,,2.0,0.00033,0.04588,-1.60942,0.00156,0.0004,0.00016,0.02566,0.04144,-1.54601,-0.00017,-0.00031,-8e-05,-0.01148,0.01412,-1.60997,3,37.9257,362.8389,35.7358,179.982,0.3522,-101.9587,0.0097,23.4243,0.325
422,000422.png,False,1788892077.272538,1788892077.212538,normal_unload,13,,0.0,-0.00373,0.03114,-1.73915,0.00201,0.0003,0.00021,0.02208,0.02661,-1.67454,0.00025,-0.00043,-4e-05,-0.00673,-0.00275,-1.73941,3,37.9283,362.8313,35.7161,179.9842,0.3475,-101.9594,0.0066,23.4044,0.3449
423,000423.png,False,1788892077.856487,1788892077.796487,normal_unload,13,,0.0,-0.00674,0.01994,-1.55666,0.00218,0.00026,0.00019,0.01916,0.0154,-1.49182,0.00042,-0.00048,-6e-05,-0.00501,-0.01103,-1.55676,3,37.9272,362.828,35.7316,179.9848,0.3449,-101.9594,0.0053,23.4199,0.3294
424,000424.png,False,1788892078.052499,1788892077.992499,normal_unload,13,,0.0,-0.01043,0.01382,-1.42141,0.00223,0.00032,0.00031,0.01551,0.00927,-1.35649,0.00046,-0.00042,6e-05,-0.00609,-0.01601,-1.42142,3,37.9279,362.8262,35.7446,179.9852,0.3446,-101.9598,0.0099,23.4329,0.3164
425,000425.png,False,1788892078.248533,1788892078.188534,normal_unload,13,,0.0,-0.01339,0.01812,-1.2966,0.00204,0.00034,0.00015,0.01258,0.01357,-1.23159,0.00027,-0.0004,-9e-05,-0.01167,-0.01177,-1.29669,3,37.9289,362.8268,35.7549,179.9852,0.3451,-101.96,0.005,23.4431,0.3061
426,000426.png,False,1788892078.636541,1788892078.576541,normal_unload,13,,0.0,-0.01244,0.01609,-1.11564,0.00209,0.00032,0.0002,0.01359,0.01153,-1.05047,0.00032,-0.00042,-5e-05,-0.01109,-0.01015,-1.11572,3,37.9283,362.8263,35.7764,179.9851,0.3448,-101.9605,0.0088,23.4646,0.2846
427,000427.png,False,1788892078.832555,1788892078.772555,normal_unload,13,,0.0,-0.01326,0.01669,-1.09974,0.00205,0.00046,0.00027,0.01281,0.01212,-1.03449,0.00027,-0.00028,2e-05,-0.0122,-0.00978,-1.09983,3,37.9281,362.8258,35.7773,179.9851,0.3448,-101.9602,0.0064,23.4655,0.2837
428,000428.png,False,1788892079.028541,1788892078.968541,normal_unload,13,,0.0,-0.00808,0.01814,-0.97783,0.00185,0.00054,0.00043,0.01802,0.01356,-0.9125,7e-05,-0.0002,0.00019,-0.00928,-0.00399,-0.97798,3,37.927,362.8299,35.7955,179.9851,0.3448,-101.9605,0.0016,23.4838,0.2654
429,000429.png,False,1788892079.224555,1788892079.164556,normal_unload,13,,0.0,-0.01105,0.01971,-0.96172,0.002,0.0005,0.00028,0.01508,0.01513,-0.89631,0.00022,-0.00024,3e-05,-0.01275,-0.00386,-0.96189,2,37.9273,362.8314,35.7973,179.9852,0.3451,-101.9605,0.0035,23.4857,0.2636
430,000430.png,False,1788892079.612638,1788892079.552638,normal_unload,13,,0.0,-0.01587,0.01502,-0.79035,0.00192,0.00054,0.0003,0.01032,0.01043,-0.72478,0.00013,-0.0002,6e-05,-0.01577,-0.00758,-0.79046,3,37.9287,362.8281,35.822,179.9854,0.344,-101.9613,0.0044,23.5103,0.239
431,000431.png,False,1788892080.004621,1788892079.944621,normal_unload,13,,0.0,-0.01594,0.02077,-0.4984,0.00175,0.00086,5e-05,0.01032,0.01617,-0.43267,-4e-05,0.00012,-0.0002,-0.02073,0.00204,-0.49865,2,37.9263,362.8352,35.8658,179.9847,0.3456,-101.9611,0.0057,23.5542,0.1951
432,000432.png,False,1788892080.200593,1788892080.140593,normal_unload,13,,0.0,-0.01666,0.01285,-0.42815,0.00171,0.00067,5e-05,0.00963,0.00824,-0.36234,-8e-05,-8e-05,-0.0002,-0.01789,-0.00405,-0.42827,3,37.9284,362.8317,35.879,179.9852,0.3451,-101.9611,0.0006,23.5673,0.182
433,000433.png,False,1788892080.392553,1788892080.332553,normal_unload,13,,0.0,-0.01446,0.01874,-0.36465,0.00166,0.00084,6e-05,0.01186,0.01412,-0.29877,-0.00013,9e-05,-0.00019,-0.01936,0.00316,-0.36489,3,37.9258,362.8374,35.9002,179.9848,0.3459,-101.9613,0.0085,23.5886,0.1607
434,000434.png,False,1788892085.464909,1788892085.404909,normal_load,14,,2.0,-0.02884,0.00752,-0.30942,0.00199,0.00082,0.0002,-0.00169,0.00276,-0.24146,0.00014,5e-05,-6e-05,-0.02659,-0.01285,-0.30945,3,37.93,362.8244,35.9531,179.988,0.3399,-101.9639,0.0014,23.6412,0.108
435,000435.png,False,1788892085.856844,1788892085.796844,normal_load,14,,2.0,-0.02267,0.01595,-0.64704,0.00191,0.00089,0.00025,0.00455,0.01118,-0.57892,5e-05,0.00012,-1e-05,-0.02312,-0.00788,-0.64718,3,37.9286,362.8336,35.8724,179.9868,0.3429,-101.9639,0.0089,23.5607,0.1885
436,000436.png,False,1788892086.052848,1788892085.992848,normal_load,14,,2.0,-0.01976,0.02058,-0.76809,0.00188,0.00078,0.00034,0.00748,0.01581,-0.69989,2e-05,1e-05,8e-05,-0.02208,-0.00435,-0.76829,3,37.9287,362.8327,35.8537,179.9871,0.3421,-101.9639,0.0065,23.5421,0.2072
437,000437.png,False,1788892086.636889,1788892086.576890,normal_load,14,,2.0,-0.00238,0.05618,-1.19483,0.00112,0.00082,0.00038,0.02496,0.05138,-1.12639,-0.00075,4e-05,0.00012,-0.02185,0.02832,-1.19562,3,37.9271,362.8523,35.7885,179.9844,0.3499,-101.9642,0.0022,23.4771,0.2721
438,000438.png,False,1788892086.832892,1788892086.772892,normal_load,14,,2.0,-0.00468,0.05294,-1.21076,0.00131,0.00085,0.00039,0.02269,0.04814,-1.14224,-0.00055,8e-05,0.00013,-0.02211,0.02411,-1.21149,3,37.9262,362.8532,35.7875,179.9844,0.3499,-101.9642,0.0071,23.4762,0.273
439,000439.png,False,1788892087.028899,1788892086.968899,normal_load,14,,2.0,0.00119,0.05849,-1.37111,0.00123,0.00089,0.00037,0.02859,0.05369,-1.30251,-0.00064,0.00011,0.00011,-0.01869,0.02929,-1.37192,3,37.9256,362.8547,35.7682,179.9842,0.3503,-101.964,0.0079,23.4569,0.2923
440,000440.png,False,1788892089.953182,1788892089.893182,normal_unload,14,,0.0,-0.00261,0.02642,-1.69297,0.00216,0.00046,-4e-05,0.02527,0.02153,-1.62317,0.00026,-0.00033,-0.0003,-0.00372,-0.00554,-1.69317,3,37.9303,362.8399,35.7196,179.9879,0.3419,-101.9644,0.006,23.408,0.3413
441,000441.png,False,1788892090.537158,1788892090.477158,normal_unload,14,,0.0,-0.00625,0.01408,-1.53448,0.00223,0.00026,0.00014,0.02173,0.00917,-1.46445,0.00032,-0.00053,-0.00013,-0.00181,-0.01551,-1.53448,3,37.9306,362.8372,35.737,179.9885,0.3403,-101.9648,0.0008,23.4254,0.3239
442,000442.png,False,1788892090.733204,1788892090.673204,normal_unload,14,,0.0,-0.00955,0.01587,-1.44347,0.00236,0.00037,0.00017,0.01846,0.01096,-1.37335,0.00045,-0.00043,-0.0001,-0.00619,-0.01415,-1.4435,3,37.9314,362.8333,35.7429,179.9891,0.3394,-101.965,0.0046,23.4312,0.3181
443,000443.png,False,1788892090.929192,1788892090.869192,normal_unload,14,,0.0,-0.01478,0.008,-1.22213,0.00228,0.00045,0.00014,0.01326,0.00309,-1.15193,0.00037,-0.00035,-0.00012,-0.00833,-0.02003,-1.22205,3,37.9317,362.8307,35.7624,179.989,0.3386,-101.965,0.0092,23.4507,0.2986
444,000444.png,False,1788892091.125119,1788892091.065120,normal_unload,14,,0.0,-0.01699,0.01104,-1.226,0.00224,0.00049,6e-05,0.01108,0.00612,-1.15573,0.00032,-0.00031,-0.0002,-0.01174,-0.01857,-1.22597,3,37.9303,362.8331,35.762,179.989,0.3391,-101.9646,0.0038,23.4503,0.2989
445,000445.png,False,1788892091.513148,1788892091.453148,normal_unload,14,,0.0,-0.01245,0.01156,-1.07055,0.00219,0.00059,0.00028,0.01569,0.00663,-1.00011,0.00027,-0.00021,1e-05,-0.00914,-0.01336,-1.07056,3,37.9312,362.8337,35.7834,179.989,0.3391,-101.9652,0.009,23.4717,0.2775
446,000446.png,False,1788892091.709152,1788892091.649152,normal_unload,14,,0.0,-0.01708,0.00641,-0.88261,0.00222,0.00059,0.00013,0.01109,0.00147,-0.81209,0.0003,-0.00021,-0.00014,-0.01188,-0.01712,-0.88255,3,37.9317,362.831,35.8048,179.9895,0.3379,-101.9654,0.0035,23.4931,0.2562
447,000447.png,False,1788892091.905168,1788892091.845168,normal_unload,14,,0.0,-0.01627,0.00679,-0.82397,0.00222,0.00062,0.00028,0.01194,0.00185,-0.75338,0.00029,-0.00018,1e-05,-0.01177,-0.01544,-0.82393,3,37.9317,362.8315,35.8159,179.9893,0.3383,-101.9654,0.0013,23.5042,0.245
448,000448.png,False,1788892092.101172,1788892092.041172,normal_unload,14,,0.0,-0.01747,0.00519,-0.73665,0.00213,0.00063,0.0002,0.01076,0.00024,-0.66598,0.00021,-0.00017,-7e-05,-0.01262,-0.01603,-0.73659,3,37.9316,362.8315,35.8271,179.9894,0.3381,-101.9657,0.0061,23.5154,0.2338
449,000449.png,False,1788892092.293185,1788892092.233185,normal_unload,14,,0.0,-0.0161,0.01081,-0.55044,0.00195,0.00073,0.00028,0.01217,0.00586,-0.47969,2e-05,-7e-05,2e-05,-0.01553,-0.0075,-0.55051,3,37.9298,362.8364,35.8585,179.9885,0.3403,-101.9659,0.0053,23.5469,0.2024
450,000450.png,False,1788892092.489285,1788892092.429285,normal_unload,14,,0.0,-0.01768,0.01245,-0.52614,0.00209,0.00083,0.00012,0.01061,0.00748,-0.45531,0.00016,3e-05,-0.00015,-0.01789,-0.00649,-0.52624,3,37.9311,362.8371,35.8651,179.9889,0.34,-101.9661,0.0004,23.5535,0.1958
451,000451.png,False,1788892092.685206,1788892092.625206,normal_unload,14,,0.0,-0.01995,0.0092,-0.42849,0.00199,0.00078,5e-05,0.00838,0.00424,-0.35757,5e-05,-2e-05,-0.00022,-0.01891,-0.00886,-0.42854,3,37.931,362.8364,35.8813,179.9891,0.3389,-101.9665,0.0079,23.5697,0.1796
452,000452.png,False,1788892093.269316,1788892093.209316,normal_unload,14,,0.0,-0.0244,0.0069,-0.34291,0.00218,0.00086,0.00031,0.00402,0.00191,-0.27176,0.00024,6e-05,4e-05,-0.02221,-0.01171,-0.34293,3,37.9318,362.8308,35.9223,179.9899,0.3369,-101.9668,0.008,23.6106,0.1387
453,000453.png,False,1788892097.953583,1788892097.893583,normal_load,15,,2.0,-0.03095,0.00753,-0.3467,0.00209,0.00076,0.00015,-0.00176,0.00242,-0.27363,0.0001,-7e-05,-0.00013,-0.02817,-0.01449,-0.34671,3,37.929,362.8265,35.9392,179.9918,0.3327,-101.9698,0.0022,23.6274,0.1219
454,000454.png,False,1788892098.341618,1788892098.281618,normal_load,15,,2.0,-0.02549,0.01902,-0.5922,0.00193,0.00075,0.00021,0.00377,0.01389,-0.51897,-7e-05,-8e-05,-7e-05,-0.02748,-0.00575,-0.59239,3,37.9249,362.8344,35.8621,179.9907,0.3354,-101.9691,0.0025,23.5504,0.1988
455,000455.png,False,1788892098.537611,1788892098.477611,normal_load,15,,2.0,-0.02188,0.02836,-0.90057,0.0017,0.00059,0.00025,0.00741,0.02323,-0.82726,-0.00029,-0.00024,-3e-05,-0.02688,-0.00079,-0.90088,3,37.9258,362.8329,35.8295,179.991,0.3352,-101.9691,0.003,23.5179,0.2314
456,000456.png,False,1788892098.929533,1788892098.869534,normal_load,15,,2.0,-0.01694,0.04536,-1.11824,0.0016,0.00072,0.00021,0.01241,0.04022,-1.04477,-0.0004,-0.00012,-7e-05,-0.02959,0.01291,-1.11882,3,37.9242,362.841,35.7958,179.9898,0.3383,-101.9689,0.0061,23.4843,0.265
457,000457.png,False,1788892099.121671,1788892099.061671,normal_load,15,,2.0,-0.00825,0.05675,-1.28935,0.00136,0.00074,0.00034,0.02114,0.05159,-1.21581,-0.00064,-9e-05,6e-05,-0.02656,0.02437,-1.29013,3,37.9222,362.85,35.7769,179.9884,0.3412,-101.9694,0.0032,23.4656,0.2837
458,000458.png,False,1788892100.877743,1788892100.817744,normal_unload,15,,0.0,-0.00431,0.05207,-1.81398,0.00159,0.00045,0.00024,0.02536,0.04686,-1.73972,-0.00043,-0.00039,-5e-05,-0.01717,0.01388,-1.8146,3,37.9232,362.8469,35.7119,179.9896,0.3387,-101.9696,0.0077,23.4005,0.3488
459,000459.png,False,1788892101.465775,1788892101.405775,normal_unload,15,,0.0,-0.00962,0.04,-1.53921,0.00183,0.00044,3e-05,0.02015,0.03478,-1.46471,-0.0002,-0.0004,-0.00025,-0.01764,0.00518,-1.53965,2,37.9241,362.8404,35.7326,179.9908,0.3359,-101.9698,0.008,23.4211,0.3281
460,000460.png,False,1788892101.657821,1788892101.597821,normal_unload,15,,0.0,-0.01226,0.03771,-1.36484,0.00177,0.0005,-1e-05,0.01754,0.03249,-1.29026,-0.00026,-0.00035,-0.0003,-0.02,0.00467,-1.36526,3,37.9225,362.8434,35.7492,179.9905,0.3365,-101.9696,0.0011,23.4377,0.3115
461,000461.png,False,1788892101.853698,1788892101.793698,normal_unload,15,,0.0,-0.01197,0.0383,-1.28057,0.00166,0.00051,8e-05,0.01786,0.03307,-1.2059,-0.00038,-0.00034,-0.00021,-0.02063,0.00667,-1.28101,3,37.9242,362.8437,35.76,179.9909,0.3356,-101.9698,0.0065,23.4486,0.3007
462,000462.png,False,1788892102.245713,1788892102.185714,normal_unload,15,,0.0,-0.01675,0.03129,-1.08123,0.00191,0.00067,0.00026,0.01314,0.02605,-1.00641,-0.00013,-0.00017,-3e-05,-0.02265,0.00141,-1.08158,3,37.9239,362.8408,35.7825,179.9906,0.3363,-101.97,0.0036,23.471,0.2783
463,000463.png,False,1788892102.441720,1788892102.381721,normal_unload,15,,0.0,-0.01212,0.03198,-1.0564,0.00187,0.00063,0.00011,0.0178,0.02673,-0.9815,-0.00017,-0.00022,-0.00017,-0.01915,0.00471,-1.05677,3,37.9238,362.841,35.7839,179.9904,0.3362,-101.97,0.0019,23.4724,0.2768
464,000464.png,False,1788892102.829813,1788892102.769813,normal_unload,15,,0.0,-0.0149,0.03674,-0.8628,0.00159,0.00069,0.00023,0.01509,0.03148,-0.78773,-0.00045,-0.00016,-5e-05,-0.02528,0.01056,-0.86328,3,37.9228,362.8445,35.8101,179.9904,0.3369,-101.9698,0.0041,23.4986,0.2506
465,000465.png,False,1788892103.025824,1788892102.965824,normal_unload,15,,0.0,-0.01573,0.03624,-0.6584,0.00158,0.00082,0.00013,0.01429,0.03098,-0.58325,-0.00047,-3e-05,-0.00015,-0.02717,0.01298,-0.65889,3,37.9228,362.8463,35.8379,179.9897,0.3378,-101.9702,0.0013,23.5265,0.2228
466,000466.png,False,1788892103.609853,1788892103.549853,normal_unload,15,,0.0,-0.01968,0.0271,-0.56431,0.00167,0.00075,0.00022,0.01044,0.02182,-0.48893,-0.00038,-0.0001,-7e-05,-0.02667,0.0046,-0.56465,3,37.924,362.8441,35.8582,179.9906,0.3363,-101.9704,0.0053,23.5467,0.2025
467,000467.png,False,1788892103.805962,1788892103.745962,normal_unload,15,,0.0,-0.02326,0.02511,-0.43002,0.00171,0.00089,0.00017,0.00689,0.01982,-0.35456,-0.00034,3e-05,-0.00012,-0.02971,0.00324,-0.43034,3,37.9238,362.8421,35.8846,179.9907,0.3354,-101.9702,0.0099,23.5731,0.1762
468,000468.png,False,1788892104.389925,1788892104.329926,normal_unload,15,,0.0,-0.02747,0.02342,-0.18704,0.00163,0.00089,5e-05,0.00277,0.01812,-0.11133,-0.00043,3e-05,-0.00024,-0.0342,0.00356,-0.18736,3,37.9242,362.8453,35.9622,179.9899,0.3379,-101.9707,0.0062,23.6508,0.0985
469,000469.png,False,1788892108.486051,1788892108.426051,normal_load,16,,2.0,-0.03526,0.0004,-0.13127,0.00222,0.00089,0.00036,-0.00435,-0.00502,-0.05389,0.00011,1e-05,6e-05,-0.02983,-0.01938,-0.13119,3,37.9269,362.824,36.0483,179.9913,0.3346,-101.9724,0.0057,23.7364,0.0128
470,000470.png,False,1788892108.878145,1788892108.818146,normal_load,16,,2.0,-0.03064,0.00895,-0.2357,0.00206,0.00088,0.00017,0.00034,0.00351,-0.15816,-5e-05,0.0,-0.00013,-0.02937,-0.01134,-0.23575,3,37.9278,362.8304,35.9787,179.9906,0.3367,-101.9731,0.0044,23.667,0.0823
471,000471.png,False,1788892109.074183,1788892109.014184,normal_load,16,,2.0,-0.03493,-0.00219,-0.39605,0.00234,0.00072,-4e-05,-0.00392,-0.00763,-0.31843,0.00022,-0.00016,-0.00034,-0.02642,-0.02569,-0.39588,3,37.9281,362.8195,35.9215,179.9926,0.3314,-101.9726,0.0096,23.6096,0.1396
472,000472.png,False,1788892109.270153,1788892109.210153,normal_load,16,,2.0,-0.02625,0.01069,-0.48048,0.00199,0.00081,0.0001,0.00479,0.00525,-0.40278,-0.00013,-7e-05,-0.00019,-0.02475,-0.01156,-0.48054,3,37.9259,362.8297,35.9072,179.9908,0.3352,-101.9726,0.005,23.5955,0.1537
473,000473.png,False,1788892109.462189,1788892109.402189,normal_load,16,,2.0,-0.02316,0.01966,-0.77734,0.0021,0.0009,0.0,0.00792,0.01421,-0.69956,-2e-05,1e-05,-0.00029,-0.02449,-0.007,-0.77752,3,37.926,362.8305,35.8396,179.9908,0.3356,-101.9728,0.0044,23.5279,0.2214
474,000474.png,False,1788892109.658242,1788892109.598242,normal_load,16,,2.0,-0.02343,0.02247,-0.83881,0.00199,0.00085,0.0002,0.00767,0.01702,-0.76096,-0.00013,-3e-05,-0.0001,-0.02571,-0.00569,-0.83903,3,37.9256,362.8324,35.8393,179.9907,0.3361,-101.9728,0.0101,23.5276,0.2216
475,000475.png,False,1788892110.242141,1788892110.182141,normal_load,16,,2.0,-0.00792,0.056,-1.23761,0.00134,0.00097,0.00029,0.02328,0.05053,-1.15951,-0.00079,9e-05,-1e-05,-0.02626,0.02472,-1.23838,3,37.9221,362.8529,35.7833,179.9876,0.3435,-101.9729,0.0051,23.472,0.2772
476,000476.png,False,1788892112.974407,1788892112.914407,normal_unload,16,,0.0,-0.00184,0.04624,-1.83826,0.00175,0.00052,0.00035,0.02981,0.04069,-1.75905,-0.00041,-0.00038,5e-05,-0.01195,0.00968,-1.83878,3,37.9224,362.8492,35.7094,179.9896,0.3382,-101.9731,0.0059,23.3981,0.3512
477,000477.png,False,1788892113.366420,1788892113.306420,normal_unload,16,,0.0,-0.00929,0.03639,-1.68857,0.00203,0.00053,0.00038,0.02243,0.03083,-1.6092,-0.00013,-0.00037,8e-05,-0.01452,-0.00017,-1.68893,4,37.9241,362.8412,35.7242,179.991,0.3352,-101.9733,0.0033,23.4127,0.3366
478,000478.png,False,1788892113.950425,1788892113.890425,normal_unload,16,,0.0,-0.01536,0.0233,-1.47549,0.00233,0.0006,0.00036,0.01644,0.01773,-1.39588,0.00016,-0.00031,5e-05,-0.01472,-0.01113,-1.47564,3,37.9248,362.8369,35.7442,179.9918,0.3332,-101.9739,0.0034,23.4326,0.3167
479,000479.png,False,1788892115.122466,1788892115.062466,normal_unload,16,,0.0,-0.0167,0.01894,-0.87561,0.00216,0.00069,0.00031,0.01529,0.01333,-0.79552,-3e-05,-0.00021,1e-05,-0.01786,-0.00597,-0.87577,3,37.9261,362.8381,35.8097,179.9921,0.3324,-101.975,0.0008,23.4981,0.2511
480,000480.png,False,1788892115.318491,1788892115.258491,normal_unload,16,,0.0,-0.01922,0.02765,-0.76506,0.00182,0.00072,0.00018,0.01281,0.02203,-0.68488,-0.00036,-0.00018,-0.00013,-0.02516,0.00208,-0.76538,3,37.9241,362.8415,35.8266,179.9917,0.3334,-101.9748,0.004,23.5151,0.2341
481,000481.png,False,1788892115.510425,1788892115.450425,normal_unload,16,,0.0,-0.01817,0.02446,-0.67976,0.00201,0.00086,0.00032,0.01389,0.01883,-0.59951,-0.00018,-5e-05,2e-05,-0.02325,0.00121,-0.68005,3,37.9259,362.8391,35.8378,179.992,0.3328,-101.9752,0.0064,23.5262,0.223
482,000482.png,False,1788892115.706539,1788892115.646539,normal_unload,16,,0.0,-0.01644,0.01969,-0.56518,0.00205,0.00091,0.00021,0.01566,0.01406,-0.48485,-0.00014,0.0,-0.0001,-0.02016,-0.00021,-0.5654,3,37.9224,362.8441,35.8589,179.9917,0.3336,-101.9748,0.001,23.5474,0.2018
483,000483.png,False,1788892116.098536,1788892116.038537,normal_unload,16,,0.0,-0.02193,0.01827,-0.38212,0.00203,0.00092,0.00029,0.01023,0.01263,-0.30162,-0.00016,0.0,-1e-05,-0.02547,-0.00126,-0.38233,3,37.9242,362.8385,35.9017,179.9917,0.3329,-101.975,0.01,23.5901,0.1592
484,000484.png,False,1788892121.362736,1788892121.302736,normal_load,17,,2.0,-0.03339,0.00645,-0.29132,0.00226,0.00091,0.00034,-0.00037,0.00066,-0.20867,1e-05,-2e-05,3e-05,-0.03013,-0.01576,-0.29132,3,37.927,362.8276,35.9673,179.9931,0.33,-101.9778,0.0158,23.6555,0.0938
485,000485.png,False,1788892121.558748,1788892121.498749,normal_load,17,,2.0,-0.02996,0.00836,-0.55815,0.0023,0.0009,0.00032,0.00309,0.00256,-0.47542,4e-05,-4e-05,0.0,-0.02626,-0.01668,-0.55815,3,37.9274,362.8243,35.8893,179.9943,0.3272,-101.9778,0.0026,23.5775,0.1718
486,000486.png,False,1788892121.754756,1788892121.694756,normal_load,17,,2.0,-0.03056,0.01024,-0.61764,0.00231,0.00095,0.00021,0.00253,0.00444,-0.53484,6e-05,1e-05,-0.0001,-0.0273,-0.01629,-0.61767,3,37.9268,362.8268,35.8796,179.9939,0.328,-101.9778,0.0026,23.5678,0.1814
487,000487.png,False,1788892122.146849,1788892122.086849,normal_load,17,,2.0,-0.02139,0.0261,-0.87789,0.00202,0.00088,0.0005,0.01175,0.02029,-0.79492,-0.00024,-6e-05,0.00018,-0.02549,-0.00215,-0.87817,3,37.9264,362.8364,35.8365,179.9923,0.332,-101.9783,0.0073,23.5249,0.2243
488,000488.png,False,1788892126.631123,1788892126.571123,normal_unload,17,,0.0,-0.02365,-0.00026,-1.44223,0.00291,0.00041,0.00036,0.01023,-0.0062,-1.35742,0.00059,-0.00055,4e-05,-0.01036,-0.03514,-1.44195,3,37.927,362.8252,35.7444,179.996,0.323,-101.9811,0.0058,23.4326,0.3166
489,000489.png,False,1788892126.827025,1788892126.767025,normal_unload,17,,0.0,-0.02563,0.00167,-1.28715,0.00271,0.00034,0.00064,0.00828,-0.00428,-1.20226,0.00039,-0.00062,0.00032,-0.01411,-0.03198,-1.28693,3,37.9281,362.8245,35.7592,179.9956,0.3233,-101.9813,0.0002,23.4474,0.3019
490,000490.png,False,1788892127.411170,1788892127.351170,normal_unload,17,,0.0,-0.0222,0.01234,-1.01141,0.00249,0.00068,0.00034,0.01181,0.00638,-0.92629,0.00017,-0.00029,2e-05,-0.01838,-0.01661,-1.01143,3,37.9275,362.83,35.792,179.9958,0.3234,-101.9817,0.003,23.4803,0.269
491,000491.png,False,1788892127.607152,1788892127.547153,normal_unload,17,,0.0,-0.02784,0.00324,-0.93992,0.00271,0.00069,0.00038,0.0062,-0.00272,-0.85472,0.00039,-0.00027,5e-05,-0.01922,-0.02616,-0.93978,3,37.9285,362.8276,35.8019,179.9958,0.3227,-101.9822,0.0082,23.4901,0.2591
492,000492.png,False,1788892127.999166,1788892127.939166,normal_unload,17,,0.0,-0.02538,0.00757,-0.7658,0.00253,0.00078,0.00038,0.00872,0.00159,-0.68044,0.00021,-0.00018,6e-05,-0.02046,-0.01839,-0.76576,3,37.927,362.8331,35.8296,179.9956,0.324,-101.9817,0.0002,23.5179,0.2313
493,000493.png,False,1788892133.459465,1788892133.399465,normal_load,18,,2.0,-0.01673,0.03459,-1.06041,0.00193,0.00091,4e-05,0.01827,0.02845,-0.97281,-0.00046,-9e-05,-0.00029,-0.02442,0.00461,-1.06081,3,37.9244,362.8423,35.7986,179.9948,0.3258,-101.9839,0.0058,23.4871,0.2621
494,000494.png,False,1788892133.655475,1788892133.595475,normal_load,18,,2.0,-0.01031,0.05404,-1.29314,0.00161,0.00088,0.00021,0.02471,0.0479,-1.20546,-0.00078,-0.00012,-0.00012,-0.02697,0.02094,-1.29386,3,37.9227,362.854,35.7751,179.9929,0.3299,-101.9839,0.0093,23.4638,0.2854
495,000495.png,False,1788892137.559683,1788892137.499683,normal_unload,18,,0.0,-0.0186,0.01429,-1.64621,0.00282,0.00052,0.00041,0.01706,0.00804,-1.55694,0.00038,-0.00049,7e-05,-0.01184,-0.02329,-1.64617,3,37.9268,362.8342,35.7248,179.9972,0.3199,-101.9854,0.0028,23.4132,0.3361
496,000496.png,False,1788892137.751713,1788892137.691713,normal_unload,18,,0.0,-0.02396,0.00738,-1.47888,0.00283,0.00042,0.00022,0.01173,0.00112,-1.38953,0.0004,-0.00059,-0.00012,-0.01419,-0.02927,-1.47873,3,37.9275,362.8293,35.7371,179.9979,0.3181,-101.9861,0.0084,23.4254,0.3238
497,000497.png,False,1788892137.947621,1788892137.887621,normal_unload,18,,0.0,-0.02382,0.00631,-1.32937,0.00288,0.00042,0.00014,0.01191,5e-05,-1.23994,0.00044,-0.00059,-0.0002,-0.01457,-0.02773,-1.32923,3,37.9263,362.8307,35.751,179.998,0.3179,-101.9861,0.0033,23.4393,0.3099
498,000498.png,False,1788892138.143718,1788892138.083719,normal_unload,18,,0.0,-0.02382,0.00291,-1.31232,0.00283,0.00043,0.0001,0.01194,-0.00336,-1.22281,0.00039,-0.00058,-0.00024,-0.01298,-0.0304,-1.31212,3,37.9276,362.827,35.755,179.9978,0.3178,-101.9863,0.0017,23.4433,0.306
499,000499.png,False,1788892138.531728,1788892138.471728,normal_unload,18,,0.0,-0.02455,0.00855,-1.06153,0.00275,0.00058,0.00021,0.01128,0.00227,-0.97186,0.0003,-0.00044,-0.00013,-0.01818,-0.02186,-1.06147,3,37.9259,362.8305,35.7814,179.9974,0.3189,-101.9865,0.0035,23.4697,0.2796
500,000500.png,False,1788892139.119785,1788892139.059785,normal_unload,18,,0.0,-0.02749,0.00522,-0.86063,0.00278,0.00071,0.00012,0.00843,-0.00108,-0.77072,0.00033,-0.00031,-0.00022,-0.02045,-0.023,-0.86054,3,37.9273,362.8315,35.8085,179.9981,0.3177,-101.9869,0.0016,23.4969,0.2524
501,000501.png,False,1788892145.360148,1788892145.300148,shear_+X_out,1,+X,0.5,-0.033,-0.03951,-2.14243,0.00439,-0.00028,0.00029,0.00379,-0.0459,-2.05009,0.00188,-0.00132,-7e-05,0.00601,-0.08503,-2.14135,3,37.9412,362.761,35.6909,-179.9947,0.3,-101.9906,0.0021,23.378,0.3712
502,000502.png,False,1788892145.556114,1788892145.496114,shear_+X_out,1,+X,0.5,0.33497,0.12639,-2.35823,0.00053,0.00843,0.00026,0.37178,0.12,-2.26583,-0.00198,0.00739,-9e-05,0.24335,0.23906,-2.36073,3,38.075,362.9159,35.6661,-179.9978,0.3069,-101.9915,0.0076,23.3548,0.3945
503,000503.png,False,1788892145.752132,1788892145.692132,shear_+X_out,1,+X,0.5,0.37396,-0.14972,-2.6466,0.00727,0.00941,0.00065,0.41079,-0.1561,-2.55413,0.00476,0.00837,0.00029,0.41708,0.0148,-2.64435,3,38.1502,362.8234,35.6483,-179.9924,0.2938,-101.9912,0.0069,23.3349,0.4143
504,000504.png,False,1788892145.948131,1788892145.888131,shear_+X_out,1,+X,0.5,0.34804,-0.17473,-2.28766,0.0077,0.00876,0.00043,0.38489,-0.18111,-2.19512,0.00519,0.00772,7e-05,0.40464,-0.01407,-2.28498,3,38.1523,362.8068,35.6695,-179.9917,0.292,-101.9912,0.0039,23.3559,0.3933
505,000505.png,False,1788892146.144143,1788892146.084143,shear_+X_out,1,+X,0.5,0.61905,0.0369,-1.60416,0.00233,0.01546,0.00051,0.65591,0.03053,-1.51155,-0.00018,0.01442,0.00015,0.52891,0.31558,-1.60579,3,38.2639,362.9783,35.7296,-179.9975,0.306,-101.9943,0.0096,23.4179,0.3313
506,000506.png,False,1788892146.336136,1788892146.276136,shear_+X_out,1,+X,0.5,0.60644,-0.22051,-1.87289,0.00855,0.01524,0.0006,0.64332,-0.22688,-1.78022,0.00603,0.0142,0.00025,0.64846,0.08204,-1.87,3,38.3292,362.8717,35.7066,-179.9922,0.2929,-101.9943,0.0011,23.3928,0.3564
507,000507.png,False,1788892146.728184,1788892146.668185,shear_+X_back,1,+X,0.0,0.60615,-0.16077,-1.91995,0.00726,0.01529,0.00058,0.64306,-0.16714,-1.82714,0.00474,0.01425,0.00022,0.61869,0.13288,-1.91808,3,38.3237,362.8927,35.7006,-179.9924,0.2942,-101.9934,0.0098,23.3871,0.3621
508,000508.png,False,1788892146.924103,1788892146.864103,shear_+X_back,1,+X,0.0,0.60877,-0.15089,-2.13645,0.00704,0.01527,0.00057,0.64571,-0.15725,-2.04357,0.00452,0.01423,0.00022,0.61753,0.13928,-2.13472,3,38.3203,362.8971,35.6822,-179.9916,0.2922,-101.9928,0.0025,23.3688,0.3804
509,000509.png,False,1788892147.116120,1788892147.056120,shear_+X_back,1,+X,0.0,0.22356,-0.04124,-2.29579,0.00454,0.00604,0.00043,0.26051,-0.0476,-2.20284,0.00202,0.005,7e-05,0.23017,0.03921,-2.29517,3,38.0997,362.79,35.6513,-179.9843,0.2745,-101.9768,0.0066,23.3378,0.4115
510,000510.png,False,1788892147.312206,1788892147.252206,shear_+X_back,1,+X,0.0,0.03442,-0.04397,-2.53641,0.00474,0.00111,0.00028,0.07139,-0.05032,-2.4434,0.00222,7e-05,-8e-05,0.06937,-0.06151,-2.53533,3,38.0347,362.8129,35.6544,-179.9866,0.2807,-101.9801,0.0084,23.3417,0.4075
511,000511.png,False,1788892147.508140,1788892147.448140,shear_+X_back,1,+X,0.0,0.02767,0.0019,-2.47547,0.00362,0.00087,0.00041,0.06466,-0.00445,-2.38239,0.0011,-0.00017,5e-05,0.04018,-0.02418,-2.47518,2,38.0184,362.8024,35.6495,-179.9863,0.2797,-101.984,0.003,23.3367,0.4126
512,000512.png,False,1788892147.704252,1788892147.644253,shear_+X_back,1,+X,0.0,-0.05164,-0.0473,-2.44051,0.0049,-0.00085,0.0003,-0.01464,-0.05365,-2.34736,0.00238,-0.00189,-6e-05,-0.00418,-0.10586,-2.43921,3,37.9846,362.7304,35.6544,-179.9838,0.2729,-101.9879,0.0024,23.3407,0.4085
513,000513.png,False,1788892148.680295,1788892148.620296,shear_-X_out,1,-X,0.5,-0.03952,0.0813,-1.70556,0.00137,-0.00011,0.00036,-0.00243,0.07497,-1.61208,-0.00116,-0.00115,-0.0,-0.06303,0.02334,-1.70663,3,37.939,362.8073,35.7059,-179.9937,0.2976,-101.9923,0.0077,23.3938,0.3554
514,000514.png,False,1788892148.872293,1788892148.812293,shear_-X_out,1,-X,0.5,-0.54168,-0.09168,-2.41467,0.00604,-0.01257,0.00056,-0.50458,-0.09801,-2.32113,0.00351,-0.01361,0.0002,-0.40666,-0.38874,-2.41163,3,37.7528,362.6087,35.659,-179.988,0.2838,-101.9914,0.0044,23.345,0.4043
515,000515.png,False,1788892149.460359,1788892149.400359,shear_-X_back,1,-X,0.0,-0.47741,0.08059,-2.05703,0.00174,-0.01086,0.00035,-0.44025,0.07427,-1.96328,-0.00079,-0.0119,-2e-05,-0.43954,-0.2017,-2.05716,3,37.7187,362.6891,35.683,-179.9924,0.2945,-101.9919,0.0,23.3705,0.3788
516,000516.png,False,1788892149.652259,1788892149.592259,shear_-X_back,1,-X,0.0,-0.47598,0.06572,-1.88838,0.00211,-0.01074,0.00018,-0.43881,0.0594,-1.79457,-0.00042,-0.01178,-0.00018,-0.43204,-0.21116,-1.88829,3,37.7189,362.6847,35.694,-179.9927,0.2953,-101.9915,0.0091,23.3814,0.3678
517,000517.png,False,1788892149.848358,1788892149.788358,shear_-X_back,1,-X,0.0,-0.17886,0.03395,-1.58666,0.0027,-0.00353,0.0004,-0.14167,0.02764,-1.49278,0.00017,-0.00457,4e-05,-0.16089,-0.08538,-1.58665,3,37.8513,362.7444,35.7226,-179.9949,0.3009,-102.0008,0.0033,23.4101,0.3392
518,000518.png,False,1788892150.044353,1788892149.984353,shear_-X_back,1,-X,0.0,-0.04609,0.06681,-1.51237,0.00189,-6e-05,0.00057,-0.00889,0.0605,-1.41842,-0.00064,-0.0011,0.0002,-0.06282,0.01061,-1.51321,3,37.9127,362.7709,35.7277,-179.9972,0.3058,-102.005,0.0023,23.4152,0.3341
519,000519.png,False,1788892151.216416,1788892151.156416,shear_-Y_out,1,-Y,0.5,-0.0328,0.0624,-1.68426,0.00188,5e-05,0.00075,0.0045,0.05611,-1.58991,-0.00066,-0.00099,0.00038,-0.04791,0.01067,-1.68502,3,37.9238,362.8065,35.718,-179.9985,0.3095,-101.9867,0.0093,23.406,0.3433
520,000520.png,False,1788892151.408487,1788892151.348487,shear_-Y_out,1,-Y,0.5,-0.02224,-0.1787,-1.79771,0.00764,0.0003,0.00061,0.01508,-0.18499,-1.70329,0.00509,-0.00074,0.00025,0.08248,-0.19468,-1.79429,3,38.0182,362.6541,35.6962,-179.9943,0.2985,-101.9919,0.0015,23.3811,0.3682
521,000521.png,False,1788892151.604485,1788892151.544485,shear_-Y_out,1,-Y,0.5,0.0694,-0.33625,-1.65377,0.01155,0.00255,0.00043,0.10674,-0.34253,-1.55929,0.00901,0.00151,7e-05,0.23957,-0.28303,-1.64783,2,38.085,362.6354,35.7166,179.9992,0.3146,-101.9928,0.0042,23.4007,0.3486
522,000522.png,False,1788892151.996372,1788892151.936372,shear_-Y_out,1,-Y,0.5,0.04871,-0.33485,-1.55771,0.01128,0.00207,0.00033,0.08609,-0.34113,-1.4631,0.00873,0.00103,-4e-05,0.22029,-0.29062,-1.55177,3,38.0823,362.6282,35.7221,-179.9998,0.3122,-101.993,0.0016,23.4061,0.3432
523,000523.png,False,1788892152.188494,1788892152.128494,shear_-Y_out,1,-Y,0.5,-0.08026,-0.70963,-1.48103,0.02011,-0.00076,0.00072,-0.04286,-0.7159,-1.38635,0.01756,-0.0018,0.00035,0.29529,-0.67841,-1.46834,3,38.1469,362.3786,35.7339,-179.9958,0.3025,-101.9852,0.0094,23.4135,0.3358
524,000524.png,False,1788892152.384494,1788892152.324494,shear_-Y_out,1,-Y,0.5,-0.00123,-0.50875,-1.30606,0.01517,0.00114,0.00088,0.03619,-0.51502,-1.2113,0.01262,0.0001,0.00051,0.26217,-0.46214,-1.29703,2,38.1321,362.4876,35.752,179.9983,0.317,-101.9867,0.0022,23.4334,0.3159
525,000525.png,False,1788892152.580492,1788892152.520493,shear_-Y_out,1,-Y,0.5,0.00083,-0.52971,-1.3415,0.01581,0.00118,0.00065,0.03825,-0.53598,-1.24668,0.01326,0.00014,0.00028,0.27467,-0.47985,-1.33211,3,38.1421,362.4751,35.7476,179.9988,0.3156,-101.9872,0.003,23.4287,0.3206
526,000526.png,False,1788892152.776495,1788892152.716495,shear_-Y_back,1,-Y,0.0,0.04228,-0.5799,-1.39706,0.01715,0.00224,0.00055,0.07973,-0.58617,-1.30218,0.0146,0.0012,0.00018,0.33604,-0.50349,-1.38688,3,38.1759,362.4635,35.7434,179.9989,0.3154,-101.9922,0.0083,23.4241,0.3251
527,000527.png,False,1788892152.972505,1788892152.912505,shear_-Y_back,1,-Y,0.0,0.05413,-0.60863,-1.45326,0.01768,0.00248,0.00063,0.09159,-0.61489,-1.35831,0.01513,0.00144,0.00026,0.36105,-0.52335,-1.44259,3,38.1902,362.4519,35.7378,179.9994,0.3142,-101.9935,0.0062,23.4182,0.331
528,000528.png,False,1788892153.164519,1788892153.104519,shear_-Y_back,1,-Y,0.0,0.09627,-0.41061,-2.44272,0.01369,0.00285,0.00067,0.13375,-0.41687,-2.3477,0.01113,0.0018,0.0003,0.30548,-0.34664,-2.43542,4,38.1511,362.561,35.6551,-179.9978,0.3067,-101.9991,0.0032,23.3375,0.4117
529,000529.png,False,1788892153.360522,1788892153.300522,shear_-Y_back,1,-Y,0.0,0.09141,-0.20511,-2.42166,0.00888,0.00274,0.00059,0.12891,-0.21136,-2.32657,0.00632,0.0017,0.00021,0.19845,-0.17076,-2.41792,3,38.1018,362.6274,35.6544,-179.996,0.3027,-102.0084,0.0041,23.3382,0.411
530,000530.png,False,1788892153.556548,1788892153.496548,shear_-Y_back,1,-Y,0.0,0.02674,-0.17888,-2.05249,0.00796,0.00138,0.00051,0.06425,-0.18513,-1.95733,0.00541,0.00033,0.00013,0.12676,-0.17444,-2.04913,3,38.0634,362.6503,35.6764,-179.9951,0.3005,-102.0093,0.0033,23.3609,0.3884
531,000531.png,False,1788892153.944565,1788892153.884565,shear_-Y_back,1,-Y,0.0,-0.05893,0.03274,-1.5463,0.0027,-0.00039,0.00048,-0.02139,0.02649,-1.45101,0.00014,-0.00143,0.00011,-0.05668,-0.02586,-1.54651,2,37.9483,362.7461,35.7204,-179.9958,0.3026,-102.0056,0.0017,23.4072,0.3421
532,000532.png,False,1788892154.532597,1788892154.472597,shear_+Y_out,1,+Y,0.5,-0.04545,0.0508,-1.53707,0.00228,4e-05,0.00027,-0.00785,0.04456,-1.44158,-0.00028,-0.001,-0.00011,-0.05409,-0.00334,-1.53762,3,37.9396,362.7788,35.7251,-179.9963,0.3038,-102.01,0.0049,23.4125,0.3368
533,000533.png,False,1788892154.724610,1788892154.664610,shear_+Y_out,1,+Y,0.5,-0.01888,0.03027,-1.33353,0.00262,0.00062,0.00031,0.01874,0.02403,-1.23798,6e-05,-0.00042,-7e-05,-0.02223,-0.00458,-1.33382,3,37.957,362.7776,35.7435,-179.9971,0.3063,-102.0126,0.0123,23.4308,0.3185
534,000534.png,False,1788892154.920600,1788892154.860600,shear_+Y_out,1,+Y,0.5,0.02408,0.52295,-1.46396,-0.00901,0.00148,0.00022,0.06172,0.51673,-1.36834,-0.01157,0.00044,-0.00016,-0.23027,0.4415,-1.47286,3,37.8253,363.0365,35.7384,-179.9998,0.3114,-102.0146,0.0026,23.4308,0.3185
535,000535.png,False,1788892155.116537,1788892155.056537,shear_+Y_out,1,+Y,0.5,-0.03755,0.36058,-1.61919,-0.0051,5e-05,0.00047,0.0001,0.35435,-1.5235,-0.00767,-0.00099,0.0001,-0.20145,0.26758,-1.62512,3,37.8409,362.9541,35.7239,-179.9955,0.3021,-102.0128,0.0025,23.4147,0.3345
536,000536.png,False,1788892155.312633,1788892155.252633,shear_+Y_out,1,+Y,0.5,-0.04656,0.32157,-1.35101,-0.00435,-0.00014,0.00033,-0.00889,0.31535,-1.25526,-0.00692,-0.00118,-4e-05,-0.19163,0.2336,-1.35629,3,37.8448,362.9384,35.7464,-179.9948,0.2998,-102.0132,0.0076,23.437,0.3123
537,000537.png,False,1788892155.700613,1788892155.640613,shear_+Y_out,1,+Y,0.5,-0.06215,0.50313,-1.31409,-0.00859,-0.00047,0.00017,-0.02445,0.49691,-1.2182,-0.01116,-0.00152,-0.0002,-0.2961,0.38364,-1.32249,3,37.746,363.0879,35.7586,-179.9941,0.2987,-102.0119,0.0035,23.4523,0.2969
538,000538.png,False,1788892155.896660,1788892155.836660,shear_+Y_out,1,+Y,0.5,-0.05225,0.52426,-1.28249,-0.00922,-0.00026,1e-05,-0.01453,0.51804,-1.18653,-0.01179,-0.00131,-0.00037,-0.2983,0.40739,-1.29128,3,37.7432,363.1018,35.7591,-179.9949,0.3,-102.0124,0.009,23.4531,0.2962
539,000539.png,False,1788892156.092658,1788892156.032658,shear_+Y_back,1,+Y,0.0,-0.0384,0.55091,-1.27599,-0.00979,-5e-05,8e-05,-0.00067,0.5447,-1.17996,-0.01236,-0.00109,-0.0003,-0.29966,0.4375,-1.28527,3,37.7399,363.1199,35.7632,-179.9954,0.3017,-102.0126,0.0059,23.4574,0.2918
540,000540.png,False,1788892156.288674,1788892156.228674,shear_+Y_back,1,+Y,0.0,-0.03242,0.56359,-1.27488,-0.01007,0.0002,0.00011,0.00533,0.55739,-1.17879,-0.01264,-0.00085,-0.00027,-0.30082,0.45149,-1.28439,2,37.7388,363.129,35.7641,-179.9958,0.3027,-102.0128,0.0007,23.4585,0.2907
541,000541.png,False,1788892156.480616,1788892156.420616,shear_+Y_back,1,+Y,0.0,0.02708,0.32609,-1.3692,-0.00453,0.00157,0.00022,0.06485,0.31989,-1.27304,-0.00711,0.00053,-0.00016,-0.12997,0.27401,-1.3747,3,37.8541,362.9874,35.7439,-179.9941,0.2982,-102.0219,0.0052,23.4353,0.314
542,000542.png,False,1788892156.676623,1788892156.616623,shear_+Y_back,1,+Y,0.0,0.01177,0.05517,-1.8018,0.002,0.00095,0.00055,0.04956,0.04897,-1.70558,-0.00058,-0.0001,0.00017,-0.00488,0.0248,-1.80251,3,37.9071,362.8991,35.7171,-179.9905,0.2893,-102.0282,0.0007,23.4067,0.3426
543,000543.png,False,1788892156.872817,1788892156.812817,shear_+Y_back,1,+Y,0.0,0.00413,0.06942,-1.83104,0.00171,0.00089,0.00036,0.04194,0.06323,-1.73474,-0.00086,-0.00015,-2e-05,-0.01841,0.03286,-1.83197,3,37.9108,362.877,35.7043,-179.9895,0.2869,-102.0271,0.0077,23.3935,0.3558
544,000544.png,False,1788892158.432843,1788892158.372844,shear_+X_out,2,+X,0.5,-0.03205,-0.00612,-1.21851,0.00337,0.00032,0.00044,0.00589,-0.01229,-1.12168,0.00078,-0.00072,6e-05,-0.01626,-0.04083,-1.21815,3,37.9287,362.8021,35.7617,-179.9988,0.3097,-102.0137,0.0074,23.4495,0.2997
545,000545.png,False,1788892158.628818,1788892158.568818,shear_+X_out,2,+X,0.5,-0.04056,-0.05008,-1.59542,0.00449,2e-05,0.00046,-0.0026,-0.05625,-1.49853,0.0019,-0.00103,7e-05,0.00095,-0.0892,-1.59423,3,37.9345,362.7817,35.7308,-179.9956,0.3025,-102.0134,0.0071,23.4182,0.331
546,000546.png,False,1788892159.212851,1788892159.152851,shear_+X_out,2,+X,0.5,0.36532,-0.1855,-1.68368,0.00773,0.00961,0.00062,0.40333,-0.19165,-1.58658,0.00514,0.00856,0.00023,0.4208,-0.00508,-1.68093,3,38.1882,362.8302,35.7154,-179.992,0.2936,-102.0197,0.0071,23.4019,0.3474
547,000547.png,False,1788892159.408873,1788892159.348873,shear_+X_out,2,+X,0.5,0.53192,0.08374,-1.09496,0.00113,0.0137,0.00035,0.56994,0.07759,-0.9978,-0.00146,0.01266,-3e-05,0.42651,0.32076,-1.09731,3,38.2441,363.0111,35.7751,-179.9983,0.3088,-102.0161,0.0038,23.4641,0.2851
548,000548.png,False,1788892159.992932,1788892159.932932,shear_+X_back,2,+X,0.0,0.5618,-0.13752,-1.38837,0.00644,0.01459,0.00064,0.59988,-0.14366,-1.29101,0.00385,0.01354,0.00026,0.56498,0.13937,-1.3869,3,38.3406,362.9246,35.7481,-179.9933,0.296,-102.0171,0.0031,23.4351,0.3142
549,000549.png,False,1788892160.188895,1788892160.128896,shear_+X_back,2,+X,0.0,0.5684,-0.12079,-1.45246,0.00617,0.01461,0.00038,0.60649,-0.12693,-1.35502,0.00357,0.01357,-0.0,0.56277,0.15613,-1.45128,3,38.3405,362.9326,35.7402,-179.9932,0.2958,-102.0171,0.0084,23.4273,0.3219
550,000550.png,False,1788892160.384933,1788892160.324933,shear_+X_back,2,+X,0.0,0.34483,-0.0794,-1.60052,0.00517,0.00921,0.00044,0.38294,-0.08553,-1.50302,0.00257,0.00817,5e-05,0.34946,0.07789,-1.59959,4,38.2191,362.8854,35.7229,-179.9912,0.2913,-102.0158,0.005,23.4101,0.3392
551,000551.png,False,1788892160.580936,1788892160.520936,shear_+X_back,2,+X,0.0,0.17176,-0.08135,-1.72698,0.00531,0.00517,0.00032,0.20989,-0.08748,-1.62942,0.00271,0.00413,-7e-05,0.2014,-0.01229,-1.72565,3,38.1157,362.7824,35.6961,-179.9855,0.2781,-102.0214,0.0008,23.3823,0.3669
552,000552.png,False,1788892160.772974,1788892160.712974,shear_+X_back,2,+X,0.0,0.05326,-0.0327,-1.82525,0.00433,0.00236,0.00026,0.0914,-0.03883,-1.72762,0.00173,0.00132,-0.00013,0.07513,-0.03095,-1.82451,3,38.061,362.8214,35.7014,-179.9875,0.2823,-102.023,0.0099,23.3886,0.3607
553,000553.png,False,1788892161.164954,1788892161.104954,shear_+X_back,2,+X,0.0,-0.15286,-0.02136,-1.60221,0.00386,-0.00261,0.0003,-0.11468,-0.02749,-1.50444,0.00126,-0.00365,-9e-05,-0.11063,-0.12055,-1.60129,3,37.9495,362.7737,35.7171,-179.987,0.2809,-102.0243,0.0015,23.4043,0.3449
554,000554.png,False,1788892161.557046,1788892161.497046,shear_+X_back,2,+X,0.0,-0.12674,-0.00232,-1.45874,0.00346,-0.0019,0.00022,-0.08853,-0.00843,-1.36084,0.00086,-0.00294,-0.00018,-0.09851,-0.0887,-1.45822,3,37.9493,362.7347,35.7238,-179.9908,0.2906,-102.0236,0.0018,23.4104,0.3389
555,000555.png,False,1788892161.944984,1788892161.884984,shear_-X_out,2,-X,0.5,-0.09588,0.05696,-1.34777,0.00193,-0.00114,0.00024,-0.05763,0.05086,-1.24973,-0.00067,-0.00219,-0.00015,-0.10217,-0.02016,-1.34836,4,37.9213,362.8615,35.7545,-179.9981,0.3083,-102.0278,0.0039,23.4433,0.3059
556,000556.png,False,1788892162.141010,1788892162.081010,shear_-X_out,2,-X,0.5,-0.38528,-0.18828,-1.90373,0.00798,-0.00827,0.00033,-0.34701,-0.19438,-1.80563,0.00537,-0.00932,-6e-05,-0.22647,-0.38607,-1.89941,3,37.8421,362.6229,35.6944,-179.9885,0.2853,-102.0271,0.0014,23.38,0.3692
557,000557.png,False,1788892162.725046,1788892162.665046,shear_-X_back,2,-X,0.0,-0.45302,0.06534,-1.56268,0.00187,-0.00978,0.00021,-0.4147,0.05925,-1.46438,-0.00073,-0.01083,-0.00019,-0.41422,-0.1948,-1.56267,3,37.7248,362.6956,35.7238,-179.9943,0.2992,-102.0293,0.0013,23.4114,0.3379
558,000558.png,False,1788892162.921121,1788892162.861121,shear_-X_back,2,-X,0.0,-0.46015,0.04023,-1.58097,0.00253,-0.00988,0.00042,-0.42181,0.03414,-1.4826,-8e-05,-0.01092,2e-05,-0.40773,-0.22041,-1.58051,3,37.7274,362.6813,35.7239,-179.9938,0.298,-102.0295,0.0065,23.4112,0.338
559,000559.png,False,1788892163.117075,1788892163.057076,shear_-X_back,2,-X,0.0,-0.22602,0.04706,-1.33938,0.00219,-0.00419,0.00058,-0.18767,0.04097,-1.24095,-0.00042,-0.00524,0.00018,-0.21,-0.09363,-1.33954,3,37.8352,362.7725,35.751,-179.9974,0.307,-102.0376,0.0019,23.439,0.3103
560,000560.png,False,1788892163.309069,1788892163.249069,shear_-X_back,2,-X,0.0,-0.13468,0.02828,-1.20784,0.00268,-0.00188,0.00036,-0.09631,0.02219,-1.10934,7e-05,-0.00293,-4e-05,-0.12241,-0.06215,-1.20788,3,37.8823,362.7673,35.7556,-179.9972,0.3061,-102.0361,0.0096,23.4432,0.3061
561,000561.png,False,1788892164.285136,1788892164.225137,shear_-X_back,2,-X,0.0,-0.06098,0.05679,-1.27017,0.00188,-0.00025,0.0009,-0.02253,0.05073,-1.17133,-0.00074,-0.00129,0.0005,-0.07239,-0.00163,-1.27083,3,37.915,362.8265,35.7636,179.9998,0.3136,-102.0204,0.0017,23.4519,0.2974
562,000562.png,False,1788892164.481143,1788892164.421144,shear_-Y_out,2,-Y,0.5,-0.06331,0.03811,-1.30671,0.00218,-0.00031,0.00063,-0.02484,0.03205,-1.20781,-0.00044,-0.00136,0.00023,-0.06482,-0.01956,-1.30705,3,37.9229,362.8024,35.7522,-179.9994,0.3118,-102.0202,0.0074,23.4401,0.3091
563,000563.png,False,1788892164.677160,1788892164.617160,shear_-Y_out,2,-Y,0.5,-0.06877,-0.07208,-1.3138,0.00487,-0.00036,0.00063,-0.03028,-0.07814,-1.21482,0.00226,-0.00141,0.00023,-0.01445,-0.11783,-1.31221,3,38.0189,362.6522,35.7336,-179.9944,0.299,-102.0265,0.0005,23.4184,0.3309
564,000564.png,False,1788892164.873169,1788892164.813169,shear_-Y_out,2,-Y,0.5,0.02685,-0.34275,-1.31329,0.01129,0.00201,0.00052,0.06535,-0.34881,-1.21425,0.00867,0.00097,0.00012,0.20361,-0.30447,-1.3072,3,38.0861,362.6265,35.7487,179.9997,0.314,-102.0283,0.0053,23.4326,0.3167
565,000565.png,False,1788892165.261086,1788892165.201086,shear_-Y_out,2,-Y,0.5,0.01235,-0.32841,-1.28201,0.01097,0.00172,0.00061,0.05088,-0.33446,-1.18284,0.00835,0.00068,0.00021,0.18366,-0.29879,-1.27615,3,38.0816,362.6215,35.7517,179.9999,0.3131,-102.028,0.0,23.4356,0.3137
566,000566.png,False,1788892165.457093,1788892165.397094,shear_-Y_out,2,-Y,0.5,-0.10575,-0.62077,-1.12498,0.0177,-0.00099,0.00088,-0.06719,-0.62681,-1.02574,0.01508,-0.00204,0.00048,0.22635,-0.60849,-1.11383,3,38.1248,362.4047,35.781,-179.9952,0.3012,-102.0224,0.01,23.4612,0.2881
567,000567.png,False,1788892165.653183,1788892165.593183,shear_-Y_out,2,-Y,0.5,-0.03167,-0.47466,-1.00477,0.01415,0.00082,0.00071,0.00691,-0.48071,-0.90547,0.01152,-0.00022,0.00031,0.21669,-0.44301,-0.99633,3,38.1271,362.4838,35.7873,179.9975,0.3196,-102.0202,0.0046,23.4687,0.2806
568,000568.png,False,1788892166.041199,1788892165.981199,shear_-Y_back,2,-Y,0.0,0.00301,-0.53618,-1.11435,0.01578,0.00164,0.00095,0.04162,-0.54222,-1.01491,0.01315,0.0006,0.00055,0.27822,-0.48072,-1.10489,3,38.1673,362.4593,35.781,179.9979,0.3174,-102.0254,0.0099,23.4617,0.2875
569,000569.png,False,1788892166.237243,1788892166.177243,shear_-Y_back,2,-Y,0.0,0.01864,-0.58311,-1.18436,0.01697,0.00206,0.00099,0.05726,-0.58915,-1.08485,0.01434,0.00102,0.00059,0.31569,-0.51467,-1.1741,3,38.1901,362.4394,35.7747,179.9991,0.3151,-102.0287,0.0043,23.4549,0.2944
570,000570.png,False,1788892166.433249,1788892166.373250,shear_-Y_back,2,-Y,0.0,0.05746,-0.36927,-2.11115,0.01278,0.00243,0.00083,0.09611,-0.3753,-2.01157,0.01015,0.00139,0.00043,0.24891,-0.32492,-2.10454,3,38.1227,362.6291,35.6708,-179.9974,0.3069,-102.0387,0.0039,23.3545,0.3947
571,000571.png,False,1788892166.629164,1788892166.569164,shear_-Y_back,2,-Y,0.0,0.01841,-0.23627,-1.92936,0.00932,0.00139,0.00056,0.05707,-0.2423,-1.82972,0.00669,0.00034,0.00016,0.14737,-0.22634,-1.92501,3,38.0966,362.6108,35.6904,-179.9944,0.2988,-102.043,0.0096,23.374,0.3752
572,000572.png,False,1788892166.821237,1788892166.761237,shear_-Y_back,2,-Y,0.0,-0.01013,-0.15896,-1.74956,0.00747,0.00095,0.00083,0.02855,-0.16499,-1.64985,0.00484,-9e-05,0.00043,0.08278,-0.17076,-1.74652,3,38.0555,362.6465,35.7077,-179.9938,0.2974,-102.0443,0.0011,23.3922,0.357
573,000573.png,False,1788892167.213188,1788892167.153188,shear_-Y_back,2,-Y,0.0,-0.0674,-0.00099,-1.18742,0.00329,-0.00025,0.00052,-0.02869,-0.007,-1.08758,0.00066,-0.0013,0.00012,-0.04966,-0.05355,-1.18709,3,37.9493,362.7512,35.7669,-179.9957,0.3025,-102.0417,0.0099,23.4537,0.2955
574,000574.png,False,1788892167.993314,1788892167.933314,shear_+Y_out,2,+Y,0.5,-0.04256,0.02014,-1.07066,0.00283,0.00037,0.00032,-0.00379,0.01413,-0.97054,0.00019,-0.00068,-9e-05,-0.03951,-0.02098,-1.07076,3,37.9465,362.7787,35.7755,-179.997,0.3055,-102.0448,0.0072,23.4628,0.2864
575,000575.png,False,1788892168.189343,1788892168.129344,shear_+Y_out,2,+Y,0.5,0.00324,0.45612,-1.1705,-0.00754,0.00144,0.00033,0.04204,0.45012,-1.07032,-0.01018,0.0004,-8e-05,-0.21697,0.3779,-1.17823,3,37.8289,363.0338,35.774,-179.9986,0.3094,-102.0483,0.0074,23.4662,0.283
576,000576.png,False,1788892168.385270,1788892168.325270,shear_+Y_out,2,+Y,0.5,-0.05001,0.30283,-1.2607,-0.0039,1e-05,0.00018,-0.01119,0.29683,-1.16045,-0.00654,-0.00104,-0.00022,-0.18588,0.21709,-1.26566,2,37.8416,362.9494,35.7607,-179.9948,0.3001,-102.0465,0.0019,23.4515,0.2977
577,000577.png,False,1788892169.165376,1788892169.105376,shear_+Y_out,2,+Y,0.5,-0.0412,0.32623,-1.22249,-0.00439,0.00032,0.00039,-0.00232,0.32024,-1.12198,-0.00704,-0.00073,-2e-05,-0.1902,0.24237,-1.22788,3,37.8403,362.9659,35.766,-179.9953,0.3018,-102.047,0.0038,23.4571,0.2921
578,000578.png,False,1788892169.357418,1788892169.297418,shear_+Y_out,2,+Y,0.5,0.03248,0.55663,-0.84638,-0.00991,0.00222,0.00037,0.07138,0.55065,-0.74581,-0.01255,0.00118,-4e-05,-0.2441,0.48475,-0.85597,3,37.7801,363.1552,35.8221,179.9985,0.3169,-102.0487,0.0016,23.5166,0.2326
579,000579.png,False,1788892169.553399,1788892169.493399,shear_+Y_out,2,+Y,0.5,-0.03604,0.5478,-1.14432,-0.00971,0.00037,0.00036,0.00288,0.54182,-1.04367,-0.01236,-0.00067,-6e-05,-0.29697,0.43809,-1.15357,3,37.7442,363.1109,35.7774,-179.9947,0.2997,-102.0476,0.0042,23.4715,0.2778
580,000580.png,False,1788892169.945401,1788892169.885401,shear_+Y_back,2,+Y,0.0,-0.02872,0.55894,-1.14086,-0.00982,0.00076,0.00029,0.01023,0.55297,-1.04008,-0.01247,-0.00029,-0.00012,-0.29623,0.45145,-1.15032,3,37.7384,363.153,35.7841,-179.996,0.3041,-102.0474,0.0044,23.4789,0.2704
581,000581.png,False,1788892170.137437,1788892170.077437,shear_+Y_back,2,+Y,0.0,-0.01976,0.57456,-1.2317,-0.0103,0.00072,0.0003,0.01921,0.56859,-1.13085,-0.01295,-0.00032,-0.00011,-0.29564,0.46801,-1.24143,3,37.7351,363.1647,35.774,-179.9964,0.3037,-102.0478,0.0063,23.4689,0.2803
582,000582.png,False,1788892170.333442,1788892170.273443,shear_+Y_back,2,+Y,0.0,-0.0198,0.35455,-1.35711,-0.0052,0.0007,0.00059,0.01918,0.34859,-1.25619,-0.00785,-0.00034,0.00017,-0.18488,0.27543,-1.36301,3,37.8103,363.0057,35.7488,-179.9928,0.2956,-102.0498,0.0084,23.4407,0.3085
583,000583.png,False,1788892170.529367,1788892170.469368,shear_+Y_back,2,+Y,0.0,-0.06171,0.14753,-1.7028,-6e-05,-0.00035,0.0006,-0.02271,0.14157,-1.60181,-0.00271,-0.00139,0.00019,-0.11536,0.06966,-1.70497,4,37.8612,362.8558,35.7029,-179.9843,0.275,-102.0462,0.0026,23.3921,0.3572
584,000584.png,False,1788892170.725452,1788892170.665452,shear_+Y_back,2,+Y,0.0,-0.07768,0.10785,-1.7148,0.00092,-0.00079,0.00057,-0.03867,0.10189,-1.61375,-0.00173,-0.00184,0.00015,-0.10929,0.02712,-1.71625,3,37.8502,362.8967,35.7185,-179.9879,0.2839,-102.0432,0.003,23.4084,0.3409
585,000585.png,False,1788892171.113487,1788892171.053488,shear_+Y_back,2,+Y,0.0,-0.10225,0.02253,-1.12565,0.00265,-0.00091,0.00065,-0.0632,0.01658,-1.02447,-1e-05,-0.00196,0.00024,-0.09202,-0.04961,-1.12567,3,37.8639,362.8517,35.7732,-179.9904,0.2894,-102.0319,0.0062,23.4623,0.287
586,000586.png,False,1788892171.309497,1788892171.249497,shear_+Y_back,2,+Y,0.0,-0.034,0.0864,-0.79103,0.00102,0.00071,0.0006,0.00506,0.08046,-0.68979,-0.00163,-0.00034,0.00019,-0.06714,0.04517,-0.79234,3,37.8941,362.8632,35.8168,-179.9953,0.302,-102.0335,0.0081,23.5059,0.2434
587,000587.png,False,1788892171.505508,1788892171.445508,shear_+Y_back,2,+Y,0.0,0.01784,-0.01929,-0.78483,0.00352,0.00198,0.00053,0.05693,-0.02523,-0.68352,0.00086,0.00093,0.00012,0.03053,-0.02036,-0.78442,4,37.9921,362.7524,35.8183,-179.9964,0.3046,-102.0478,0.0026,23.5049,0.2444
588,000588.png,False,1788892172.089556,1788892172.029556,shear_+Y_back,2,+Y,0.0,-0.06471,0.04032,-1.55818,0.00244,-0.0005,0.00061,-0.02557,0.03438,-1.45666,-0.00022,-0.00155,0.00019,-0.06539,-0.02238,-1.55851,3,37.9077,362.8066,35.7378,-179.998,0.3086,-102.0404,0.0034,23.4258,0.3234
589,000589.png,False,1788892172.869567,1788892172.809567,shear_+Y_back,2,+Y,0.0,-0.04401,-3e-05,-1.09961,0.00326,0.0003,0.00054,-0.00481,-0.00595,-0.99783,0.00059,-0.00074,0.00012,-0.03049,-0.03963,-1.09936,3,37.9311,362.7961,35.7942,179.9997,0.3141,-102.0441,0.0099,23.482,0.2673
590,000590.png,False,1788892174.429667,1788892174.369667,shear_+X_out,3,+X,0.5,0.01868,-0.01786,-1.11474,0.00362,0.00188,0.00042,0.05802,-0.02375,-1.01242,0.00094,0.00083,-0.0,0.03283,-0.02399,-1.1143,3,37.9683,362.7943,35.7742,-179.9997,0.3127,-102.0505,0.0052,23.4617,0.2876
591,000591.png,False,1788892174.625670,1788892174.565670,shear_+X_out,3,+X,0.5,0.24197,0.06168,-1.0273,0.0017,0.00715,0.00047,0.28133,0.05578,-0.92491,-0.00098,0.0061,5e-05,0.18591,0.15787,-1.0287,3,38.0671,362.9122,35.7888,179.9958,0.3237,-102.0555,0.0045,23.4774,0.2718
592,000592.png,False,1788892174.821648,1788892174.761648,shear_+X_out,3,+X,0.5,0.37957,-0.04329,-1.15542,0.0042,0.01019,0.00068,0.41894,-0.04917,-1.05296,0.00152,0.00914,0.00026,0.35842,0.13366,-1.15525,3,38.186,362.8779,35.7701,-179.9998,0.313,-102.0518,0.0009,23.4573,0.2919
593,000593.png,False,1788892175.017685,1788892174.957685,shear_+X_out,3,+X,0.5,0.36189,-0.04643,-1.13835,0.00438,0.00994,0.00046,0.40128,-0.05231,-1.03583,0.0017,0.00889,3e-05,0.34456,0.12238,-1.13809,3,38.1921,362.9248,35.781,179.999,0.3165,-102.0494,0.0064,23.469,0.2802
594,000594.png,False,1788892175.797729,1788892175.737730,shear_+X_back,3,+X,0.0,0.56429,-0.07121,-1.15982,0.00491,0.01476,0.00056,0.60375,-0.07709,-1.05703,0.00222,0.01371,0.00013,0.53241,0.2017,-1.15954,3,38.3498,362.9687,35.7771,-179.9994,0.3122,-102.0502,0.0094,23.4647,0.2845
595,000595.png,False,1788892175.993784,1788892175.933784,shear_+X_back,3,+X,0.0,0.56262,-0.06054,-1.21371,0.00479,0.01484,0.00073,0.6021,-0.0664,-1.11085,0.00211,0.0138,0.0003,0.52601,0.20925,-1.2136,3,38.35,362.9718,35.7744,-179.9993,0.312,-102.05,0.0041,23.4621,0.2872
596,000596.png,False,1788892176.185797,1788892176.125798,shear_+X_back,3,+X,0.0,0.34182,-0.03275,-1.25883,0.00404,0.00955,0.00053,0.38132,-0.03862,-1.15591,0.00136,0.00851,0.00011,0.32118,0.12227,-1.25876,3,38.2297,362.9201,35.7634,-179.9973,0.3074,-102.047,0.0096,23.451,0.2982
597,000597.png,False,1788892176.381807,1788892176.321807,shear_+X_back,3,+X,0.0,0.18558,-0.04161,-1.35496,0.00441,0.00586,0.00021,0.22509,-0.04747,-1.25197,0.00173,0.00481,-0.00022,0.19093,0.03498,-1.35441,3,38.1168,362.812,35.7315,-179.9907,0.2911,-102.0502,0.0049,23.4182,0.331
598,000598.png,False,1788892176.577693,1788892176.517693,shear_+X_back,3,+X,0.0,0.08067,0.0056,-1.44416,0.00338,0.00343,0.00047,0.1202,-0.00026,-1.3411,0.0007,0.00239,4e-05,0.07709,0.02202,-1.4442,3,38.0778,362.8528,35.7433,-179.9938,0.2991,-102.0515,0.0006,23.4309,0.3183
599,000599.png,False,1788892176.773809,1788892176.713809,shear_+X_back,3,+X,0.0,0.02645,0.0253,-1.46344,0.00281,0.00203,0.00077,0.066,0.01944,-1.36031,0.00012,0.00098,0.00034,0.02042,0.01168,-1.46371,3,38.0372,362.8386,35.7404,-179.9931,0.2974,-102.0517,0.0067,23.4281,0.3212
600,000600.png,False,1788892177.749819,1788892177.689819,shear_-X_out,3,-X,0.5,-0.07687,-0.00218,-1.18074,0.00341,-0.00029,0.00063,-0.03724,-0.00802,-1.07728,0.00071,-0.00134,0.0002,-0.05731,-0.05921,-1.18037,4,37.9398,362.7764,35.7687,-179.9987,0.3107,-102.0565,0.0032,23.4561,0.2932
601,000601.png,False,1788892177.941877,1788892177.881877,shear_-X_out,3,-X,0.5,-0.29427,-0.08657,-1.56187,0.0055,-0.00564,0.00059,-0.25462,-0.0924,-1.45835,0.00281,-0.00669,0.00016,-0.20082,-0.24703,-1.55955,3,37.8565,362.6786,35.7281,-179.9957,0.3045,-102.0528,0.0053,23.4144,0.3348
602,000602.png,False,1788892178.137882,1788892178.077883,shear_-X_out,3,-X,0.5,-0.49475,0.02757,-1.53179,0.00294,-0.01045,0.00055,-0.45508,0.02174,-1.4282,0.00024,-0.01149,0.00012,-0.43171,-0.24787,-1.53105,3,37.7317,362.7027,35.7429,-179.9992,0.3125,-102.0568,0.0009,23.4305,0.3187
603,000603.png,False,1788892178.333816,1788892178.273816,shear_-X_out,3,-X,0.5,-0.44151,0.07854,-1.39498,0.00167,-0.00912,0.00038,-0.40182,0.07271,-1.29132,-0.00102,-0.01017,-5e-05,-0.41201,-0.17494,-1.39525,3,37.7311,362.7055,35.7462,-179.9996,0.313,-102.0563,0.0065,23.4339,0.3154
604,000604.png,False,1788892178.721906,1788892178.661906,shear_-X_out,3,-X,0.5,-0.42145,0.07989,-1.21595,0.00167,-0.00836,0.0004,-0.38174,0.07407,-1.11215,-0.00103,-0.0094,-3e-05,-0.39656,-0.16087,-1.2163,3,37.7315,362.706,35.7642,-179.9998,0.3139,-102.057,0.0042,23.4519,0.2973
605,000605.png,False,1788892178.917901,1788892178.857901,shear_-X_out,3,-X,0.5,-0.5402,0.01171,-0.99302,0.00301,-0.01113,0.00046,-0.50047,0.00589,-0.88916,0.00031,-0.01217,2e-05,-0.46689,-0.27569,-0.99199,3,37.6313,362.6194,35.7927,-179.9992,0.3123,-102.0609,0.0095,23.4797,0.2695
606,000606.png,False,1788892179.113914,1788892179.053914,shear_-X_out,3,-X,0.5,-0.55538,0.10393,-1.04592,0.00096,-0.01162,0.0006,-0.51563,0.09812,-0.94199,-0.00174,-0.01267,0.00017,-0.52575,-0.20424,-1.04646,3,37.5897,362.6553,35.794,179.9986,0.318,-102.059,0.0055,23.4818,0.2674
607,000607.png,False,1788892179.505978,1788892179.445978,shear_-X_back,3,-X,0.0,-0.54747,0.09099,-1.10192,0.0014,-0.01139,0.00037,-0.50768,0.08518,-0.99786,-0.0013,-0.01244,-6e-05,-0.51205,-0.2124,-1.10224,3,37.5906,362.6481,35.7838,179.998,0.3189,-102.0596,0.0041,23.4715,0.2778
608,000608.png,False,1788892179.697958,1788892179.637958,shear_-X_back,3,-X,0.0,-0.54849,0.07899,-1.14366,0.00162,-0.01142,0.00051,-0.50869,0.07318,-1.03953,-0.00108,-0.01247,8e-05,-0.50664,-0.22397,-1.14376,3,37.5916,362.6399,35.7786,179.9986,0.318,-102.0592,0.0073,23.4662,0.2831
609,000609.png,False,1788892179.893966,1788892179.833966,shear_-X_back,3,-X,0.0,-0.36736,0.03224,-1.35004,0.00273,-0.00741,0.00065,-0.32754,0.02644,-1.24584,3e-05,-0.00846,0.00022,-0.32497,-0.17726,-1.34966,3,37.6991,362.6798,35.7564,179.9983,0.3181,-102.0609,0.0055,23.4438,0.3054
610,000610.png,False,1788892180.090008,1788892180.030008,shear_-X_back,3,-X,0.0,-0.18686,0.03635,-1.64569,0.00276,-0.00327,0.00052,-0.14702,0.03055,-1.54143,5e-05,-0.00432,9e-05,-0.16861,-0.08825,-1.6457,3,37.81,362.7567,35.7259,179.9978,0.3195,-102.0594,0.009,23.4139,0.3354
611,000611.png,False,1788892180.285985,1788892180.225985,shear_-X_back,3,-X,0.0,-0.11895,-0.04684,-1.60053,0.00476,-0.00163,0.00074,-0.0791,-0.05264,-1.4962,0.00205,-0.00268,0.00031,-0.06854,-0.12565,-1.59924,3,37.8551,362.7141,35.7285,-179.9988,0.3112,-102.0578,0.0029,23.4154,0.3338
612,000612.png,False,1788892180.478030,1788892180.418030,shear_-X_back,3,-X,0.0,-0.07872,-0.04842,-1.39318,0.00455,-0.00064,0.0007,-0.03885,-0.05421,-1.28878,0.00184,-0.00169,0.00026,-0.03434,-0.10358,-1.39197,3,37.8902,362.7287,35.7405,-179.9982,0.31,-102.0574,0.0016,23.4275,0.3218
613,000613.png,False,1788892180.674001,1788892180.614002,shear_-X_back,3,-X,0.0,0.02335,0.01554,-1.10707,0.00291,0.00197,0.0006,0.06324,0.00975,-1.0026,0.0002,0.00092,0.00017,0.02014,0.00739,-1.10722,3,37.9427,362.8024,35.7768,-179.9989,0.3116,-102.0578,0.0045,23.4646,0.2847
614,000614.png,False,1788892181.454021,1788892181.394021,shear_-Y_out,3,-Y,0.5,-0.01689,0.02383,-0.84727,0.00273,0.00124,0.00056,0.02307,0.01806,-0.74253,1e-05,0.00019,0.00012,-0.02066,-0.00137,-0.84752,3,37.9328,362.8007,35.8085,179.999,0.3173,-102.0572,0.0085,23.4963,0.253
615,000615.png,False,1788892181.846086,1788892181.786086,shear_-Y_out,3,-Y,0.5,-0.01156,-0.20177,-0.83293,0.00809,0.0016,0.00058,0.02843,-0.20754,-0.72806,0.00537,0.00055,0.00013,0.09657,-0.19386,-0.82928,3,38.0241,362.6608,35.8121,179.9974,0.3209,-102.0544,0.0021,23.4971,0.2522
616,000616.png,False,1788892182.626113,1788892182.566113,shear_-Y_out,3,-Y,0.5,-0.03091,-0.25685,-1.00496,0.00927,0.00077,0.00076,0.00915,-0.26261,-0.89983,0.00655,-0.00027,0.00031,0.10852,-0.25399,-1.00029,3,38.0322,362.6268,35.7936,179.9977,0.3203,-102.0548,0.0026,23.478,0.2713
617,000617.png,False,1788892182.822145,1788892182.762145,shear_-Y_out,3,-Y,0.5,-0.03963,-0.37579,-1.29925,0.01236,0.00057,0.00065,0.00044,-0.38155,-1.19405,0.00964,-0.00047,0.00021,0.16243,-0.36608,-1.29246,3,38.0679,362.5516,35.758,179.9988,0.3175,-102.0561,0.0027,23.4409,0.3084
618,000618.png,False,1788892183.014042,1788892182.954042,shear_-Y_out,3,-Y,0.5,-0.02426,-0.44267,-1.3135,0.01385,0.00102,0.00088,0.01583,-0.44842,-1.20823,0.01113,-3e-05,0.00044,0.20926,-0.41655,-1.30558,3,38.1019,362.5164,35.7589,179.9995,0.3165,-102.0561,0.0086,23.4409,0.3083
619,000619.png,False,1788892183.210136,1788892183.150136,shear_-Y_out,3,-Y,0.5,-0.02147,-0.56106,-1.07842,0.01653,0.00123,0.00084,0.01864,-0.5668,-0.97308,0.01381,0.00019,0.0004,0.2692,-0.51392,-1.06848,3,38.1466,362.4443,35.7837,179.9989,0.3168,-102.0572,0.0035,23.4643,0.285
620,000620.png,False,1788892183.798182,1788892183.738182,shear_-Y_back,3,-Y,0.0,-0.02032,-0.53909,-1.02997,0.01605,0.00133,0.00101,0.01984,-0.54483,-0.92444,0.01332,0.00028,0.00056,0.25888,-0.49354,-1.02043,3,38.1602,362.4248,35.7936,179.9977,0.3205,-102.0563,0.0058,23.4738,0.2755
621,000621.png,False,1788892183.990166,1788892183.930166,shear_-Y_back,3,-Y,0.0,-0.02465,-0.53955,-1.01353,0.01617,0.00133,0.00085,0.01552,-0.54528,-0.90793,0.01345,0.00029,0.0004,0.25524,-0.49584,-1.00397,2,38.1603,362.4237,35.7948,179.9976,0.3212,-102.0563,0.0105,23.4749,0.2743
622,000622.png,False,1788892184.382113,1788892184.322113,shear_-Y_back,3,-Y,0.0,0.01012,-0.38989,-0.76951,0.0124,0.00209,0.00059,0.05033,-0.39561,-0.66377,0.00967,0.00104,0.00014,0.2089,-0.34494,-0.76265,3,38.1381,362.5156,35.8255,179.9949,0.3271,-102.0609,0.0018,23.5073,0.2419
623,000623.png,False,1788892184.578216,1788892184.518216,shear_-Y_back,3,-Y,0.0,0.04443,-0.25641,-0.61314,0.00908,0.00291,0.00081,0.08466,-0.26214,-0.50734,0.00635,0.00186,0.00036,0.17085,-0.20969,-0.60869,3,38.1232,362.5872,35.8514,179.9934,0.3312,-102.0696,0.0072,23.5344,0.2148
624,000624.png,False,1788892184.770201,1788892184.710201,shear_-Y_back,3,-Y,0.0,0.00848,-0.15776,-0.53718,0.00675,0.00204,0.0004,0.04872,-0.16348,-0.43131,0.00402,0.00099,-4e-05,0.08989,-0.141,-0.53438,3,38.0667,362.6413,35.8577,179.9933,0.3307,-102.0699,0.0031,23.542,0.2073
625,000625.png,False,1788892185.162241,1788892185.102241,shear_-Y_back,3,-Y,0.0,-0.07771,-0.06148,-1.13453,0.00494,-0.00041,0.00065,-0.03743,-0.06719,-1.02853,0.00221,-0.00146,0.0002,-0.02874,-0.11025,-1.13314,3,37.9623,362.6909,35.7816,179.9985,0.3185,-102.059,0.0006,23.4674,0.2819
626,000626.png,False,1788892186.334310,1788892186.274310,shear_+Y_out,3,+Y,0.40925202069907396,-0.0278,0.04513,-0.82407,0.00222,0.0009,0.00036,0.01259,0.03943,-0.71766,-0.00052,-0.00015,-9e-05,-0.04091,0.01199,-0.82467,3,37.9448,362.7911,35.8151,-179.9963,0.3063,-102.0668,0.0103,23.5026,0.2466
627,000627.png,False,1788892186.526317,1788892186.466317,shear_+Y_out,3,+Y,0.40925202069907396,-0.01922,0.04653,-0.66032,0.00207,0.00119,0.00045,0.02118,0.04084,-0.55384,-0.00067,0.00014,-1e-05,-0.03532,0.02011,-0.66098,4,37.9446,362.8142,35.8461,-179.9986,0.312,-102.0679,0.0001,23.534,0.2153
628,000628.png,False,1788892186.722246,1788892186.662246,shear_+Y_out,3,+Y,0.40925202069907396,-0.00568,0.09759,-0.63786,0.00088,0.00167,0.00052,0.03474,0.0919,-0.53132,-0.00186,0.00062,7e-05,-0.04926,0.07146,-0.63944,3,37.9386,362.8428,35.8484,-179.9986,0.3125,-102.0696,0.006,23.5368,0.2124
629,000629.png,False,1788892186.918308,1788892186.858308,shear_+Y_out,3,+Y,0.40925202069907396,0.00109,0.1254,-0.65646,0.00027,0.00179,0.00046,0.04153,0.11971,-0.54986,-0.00247,0.00074,1e-05,-0.05715,0.09863,-0.65854,3,37.9292,362.8664,35.8478,-179.9982,0.3117,-102.0713,0.0095,23.5367,0.2126
630,000630.png,False,1788892187.114341,1788892187.054342,shear_+Y_out,3,+Y,0.40925202069907396,-0.0208,0.17776,-0.74861,-0.00097,0.0011,0.00049,0.01965,0.17208,-0.64194,-0.00371,6e-05,3e-05,-0.10164,0.13157,-0.75154,3,37.8955,362.8936,35.8348,-179.997,0.3091,-102.0687,0.0049,23.5243,0.2249
631,000631.png,False,1788892187.306346,1788892187.246346,shear_+Y_out,3,+Y,0.40925202069907396,-0.02757,0.23785,-0.78153,-0.00213,0.00116,0.00031,0.0129,0.23218,-0.67479,-0.00488,0.00011,-0.00014,-0.1373,0.1797,-0.78548,3,37.8715,362.9265,35.8266,-179.9964,0.3077,-102.0672,0.0049,23.5169,0.2324
632,000632.png,False,1788892187.502352,1788892187.442352,shear_+Y_out,3,+Y,0.40925202069907396,-0.02781,0.27154,-0.82568,-0.00317,0.00073,0.00047,0.01267,0.26587,-0.71887,-0.00592,-0.00032,1e-05,-0.15403,0.20805,-0.83021,3,37.8519,362.954,35.8239,-179.9962,0.3071,-102.0696,0.0092,23.5147,0.2345
633,000633.png,False,1788892189.062452,1788892189.002452,shear_+Y_out,3,+Y,0.40925202069907396,-0.02936,0.29663,-1.05093,-0.00383,0.00066,0.00069,0.01126,0.29098,-0.94358,-0.00658,-0.00039,0.00023,-0.16635,0.22539,-1.05585,3,37.8298,362.9837,35.7981,-179.9958,0.3061,-102.0674,0.0062,23.4896,0.2597
634,000634.png,False,1788892189.454466,1788892189.394466,shear_+Y_out,3,+Y,0.40925202069907396,-0.01495,0.36022,-1.07926,-0.00528,0.0011,0.00029,0.0257,0.35458,-0.97178,-0.00804,5e-05,-0.00017,-0.18544,0.28721,-1.08532,3,37.8194,363.026,35.7904,-179.9968,0.3085,-102.0696,0.0023,23.4826,0.2667
635,000635.png,False,1788892189.650461,1788892189.590461,shear_+Y_out,3,+Y,0.40925202069907396,-0.0109,0.4066,-1.1192,-0.00608,0.00123,0.00043,0.02977,0.40096,-1.01166,-0.00884,0.00018,-3e-05,-0.20483,0.32877,-1.12606,3,37.8078,363.0502,35.7889,-179.9974,0.3094,-102.0696,0.0035,23.4815,0.2677
636,000636.png,False,1788892189.842475,1788892189.782475,shear_+Y_out,3,+Y,0.40925202069907396,-0.01772,0.44275,-1.12232,-0.0072,0.00091,0.00034,0.02297,0.43712,-1.01471,-0.00996,-0.00014,-0.00012,-0.22877,0.35662,-1.12979,3,37.7892,363.0759,35.7889,-179.9973,0.3097,-102.0687,0.0064,23.4821,0.2671
637,000637.png,False,1788892190.038418,1788892189.978418,shear_+Y_out,3,+Y,0.40925202069907396,-0.02611,0.48685,-1.11934,-0.00811,0.00074,0.00045,0.0146,0.48122,-1.01166,-0.01087,-0.00031,-1e-05,-0.2581,0.39067,-1.12756,3,37.7696,363.0993,35.791,-179.9967,0.3083,-102.0678,0.0006,23.4847,0.2645
638,000638.png,False,1788892190.234430,1788892190.174430,shear_+Y_out,3,+Y,0.40925202069907396,-0.02805,0.52155,-1.08605,-0.00888,0.00069,0.00035,0.01268,0.51593,-0.9783,-0.01165,-0.00036,-0.00011,-0.27735,0.42029,-1.09487,3,37.7549,363.1173,35.7923,-179.9959,0.3068,-102.0678,0.0051,23.4864,0.2629
639,000639.png,False,1788892190.430560,1788892190.370560,shear_+Y_out,3,+Y,0.40925202069907396,-0.02924,0.56163,-1.07908,-0.00972,0.00073,0.00028,0.01151,0.55601,-0.97126,-0.01249,-0.00032,-0.00018,-0.29845,0.45452,-1.08859,3,37.7383,363.1461,35.7955,-179.9963,0.3073,-102.0681,0.009,23.4902,0.2591
640,000640.png,False,1788892191.210578,1788892191.150578,shear_+Y_back,3,+Y,0.0,-0.03103,0.58288,-1.11179,-0.01036,0.00058,0.00044,0.00978,0.57727,-1.0037,-0.01313,-0.00047,-2e-05,-0.31039,0.4715,-1.12166,3,37.7187,363.1712,35.7932,-179.9958,0.3059,-102.0676,0.0014,23.4884,0.2608
641,000641.png,False,1788892191.406604,1788892191.346604,shear_+Y_back,3,+Y,0.0,-0.03273,0.58227,-1.07479,-0.0105,0.00054,0.00028,0.00809,0.57667,-0.96664,-0.01327,-0.00051,-0.00018,-0.31182,0.47072,-1.08466,2,37.7185,363.1721,35.7929,-179.9957,0.3057,-102.0676,0.0039,23.4882,0.2611
642,000642.png,False,1788892191.598600,1788892191.538600,shear_+Y_back,3,+Y,0.0,-0.08835,0.42723,-1.2544,-0.00671,-0.00079,0.00029,-0.0475,0.42163,-1.14618,-0.00948,-0.00184,-0.00017,-0.28129,0.30577,-1.26144,3,37.7383,363.0717,35.7709,-179.9915,0.2956,-102.065,0.007,23.4644,0.2848
643,000643.png,False,1788892191.794645,1788892191.734645,shear_+Y_back,3,+Y,0.0,-0.10402,0.369,-1.30909,-0.00528,-0.00119,0.00049,-0.06315,0.3634,-1.2008,-0.00806,-0.00224,2e-05,-0.26539,0.24664,-1.31508,3,37.7436,363.0564,35.7705,-179.9917,0.2961,-102.0624,0.0016,23.4637,0.2855
644,000644.png,False,1788892191.990586,1788892191.930586,shear_+Y_back,3,+Y,0.0,-0.13685,0.2602,-1.4094,-0.00271,-0.00199,0.0004,-0.09598,0.2546,-1.30105,-0.00548,-0.00304,-6e-05,-0.23878,0.13439,-1.41342,3,37.7625,362.9678,35.7533,-179.9881,0.2881,-102.0541,0.0085,23.4449,0.3043
645,000645.png,False,1788892192.186646,1788892192.126647,shear_+Y_back,3,+Y,0.0,-0.06161,0.23277,-1.03654,-0.00207,7e-05,0.00045,-0.02071,0.22718,-0.92813,-0.00485,-0.00098,-1e-05,-0.16248,0.15421,-1.0403,4,37.8279,362.9499,35.8012,-179.9913,0.2952,-102.0632,0.003,23.4921,0.2572
646,000646.png,False,1788892192.382692,1788892192.322692,shear_+Y_back,3,+Y,0.0,-0.02777,0.19942,-0.80621,-0.00133,0.00109,0.0004,0.01314,0.19383,-0.69772,-0.00411,4e-05,-7e-05,-0.1181,0.14592,-0.80949,3,37.8468,362.9572,35.8206,-179.9935,0.3007,-102.0613,0.0023,23.5115,0.2377
647,000647.png,False,1788892192.574558,1788892192.514559,shear_+Y_back,3,+Y,0.0,0.01476,0.14494,-0.69747,-0.00016,0.00201,0.0005,0.05569,0.13935,-0.58892,-0.00294,0.00096,3e-05,-0.05479,0.12173,-0.69991,3,37.8919,362.9395,35.8386,-179.998,0.3117,-102.0657,0.0081,23.5288,0.2204
648,000648.png,False,1788892192.770565,1788892192.710565,shear_+Y_back,3,+Y,0.0,0.00146,0.09824,-0.52386,0.0009,0.00183,0.00043,0.04241,0.09265,-0.41524,-0.00188,0.00078,-4e-05,-0.04418,0.07742,-0.52548,3,37.9097,362.9048,35.8706,-179.9992,0.3141,-102.0679,0.0025,23.5602,0.189
649,000649.png,False,1788892193.162683,1788892193.102683,shear_+Y_back,3,+Y,0.0,-0.02511,0.0477,-0.68271,0.0022,0.00127,0.00051,0.01587,0.04213,-0.57396,-0.00058,0.00022,4e-05,-0.04085,0.01783,-0.68338,3,37.9195,362.852,35.849,-179.9989,0.3133,-102.0672,0.0032,23.5377,0.2115
650,000650.png,False,1788892196.866845,1788892196.806845,shear_+X_out,4,+X,0.5,-0.03499,-0.0058,-1.26309,0.00372,0.00069,0.00042,0.00631,-0.01131,-1.15307,0.00092,-0.00036,-5e-05,-0.01866,-0.04274,-1.26273,3,37.9398,362.7885,35.766,-179.9995,0.3156,-102.0596,0.0069,23.4536,0.2957
651,000651.png,False,1788892197.062891,1788892197.002892,shear_+X_out,4,+X,0.5,-0.02196,0.02329,-1.20816,0.00297,0.00089,0.00034,0.01937,0.01778,-1.09807,0.00017,-0.00016,-0.00013,-0.02228,-0.01015,-1.20834,3,37.9375,362.8071,35.7708,179.9995,0.3178,-102.0592,0.0043,23.4587,0.2906
652,000652.png,False,1788892197.454819,1788892197.394819,shear_+X_out,4,+X,0.5,0.04291,0.04241,-1.09796,0.00257,0.00261,0.00034,0.08427,0.03691,-0.98773,-0.00024,0.00155,-0.00014,0.02359,0.04059,-1.09861,3,37.9692,362.8353,35.781,179.9987,0.32,-102.0544,0.0068,23.469,0.2802
653,000653.png,False,1788892197.646837,1788892197.586838,shear_+X_out,4,+X,0.5,0.12795,0.00612,-1.0414,0.00324,0.0046,0.00057,0.16932,0.00062,-0.93111,0.00043,0.00355,9e-05,0.115,0.05255,-1.04161,3,38.0239,362.8452,35.79,179.9986,0.3197,-102.0592,0.0041,23.4779,0.2714
654,000654.png,False,1788892197.842844,1788892197.782844,shear_+X_out,4,+X,0.5,0.19889,-0.00873,-1.11568,0.00361,0.00613,0.00049,0.24028,-0.01423,-1.00532,0.0008,0.00508,1e-05,0.18438,0.07394,-1.11576,3,38.0732,362.8593,35.7763,179.9994,0.3179,-102.0613,0.0009,23.4641,0.2852
655,000655.png,False,1788892198.038885,1788892197.978885,shear_+X_out,4,+X,0.5,0.23492,0.00197,-1.28591,0.00334,0.00699,0.00064,0.27633,-0.00352,-1.17549,0.00053,0.00594,0.00016,0.21142,0.09849,-1.28622,3,38.0881,362.8781,35.7646,179.9999,0.3167,-102.0605,0.006,23.4525,0.2967
656,000656.png,False,1788892198.235008,1788892198.175009,shear_+X_out,4,+X,0.5,0.28043,-0.00898,-1.31279,0.00377,0.00801,0.00052,0.32186,-0.01447,-1.20229,0.00096,0.00695,4e-05,0.25651,0.11131,-1.31299,3,38.1141,362.8854,35.7613,-179.9999,0.3156,-102.06,0.0084,23.4492,0.3
657,000657.png,False,1788892198.426878,1788892198.366879,shear_+X_out,4,+X,0.5,0.3317,-0.00765,-1.27751,0.00373,0.00934,0.00062,0.37315,-0.01313,-1.16695,0.00092,0.00828,0.00014,0.3,0.13866,-1.27784,3,38.144,362.9016,35.7665,-179.9998,0.3161,-102.06,0.0013,23.4544,0.2948
658,000658.png,False,1788892199.014902,1788892198.954902,shear_+X_out,4,+X,0.5,0.34932,-0.00545,-1.24484,0.0036,0.00965,0.00039,0.39081,-0.01093,-1.13407,0.00079,0.0086,-0.0001,0.31394,0.14988,-1.24525,3,38.1616,362.9171,35.7652,-179.9998,0.3156,-102.0618,0.0082,23.4533,0.296
659,000659.png,False,1788892199.210981,1788892199.150981,shear_+X_out,4,+X,0.5,0.37851,0.00416,-1.19762,0.00342,0.01043,0.00035,0.42003,-0.00132,-1.0868,0.0006,0.00938,-0.00014,0.3341,0.17355,-1.19827,3,38.177,362.9297,35.7712,180.0,0.3162,-102.0605,0.007,23.4594,0.2899
660,000660.png,False,1788892199.403020,1788892199.343020,shear_+X_out,4,+X,0.5,0.40696,-0.01037,-1.16785,0.00369,0.01105,0.00037,0.44849,-0.01584,-1.05695,0.00088,0.01,-0.00011,0.36579,0.17566,-1.1683,3,38.2011,362.9342,35.7732,-180.0,0.316,-102.0613,0.0025,23.4613,0.288
661,000661.png,False,1788892199.599024,1788892199.539024,shear_+X_out,4,+X,0.5,0.44387,-0.01443,-1.16454,0.00373,0.01187,0.00045,0.48542,-0.01989,-1.05358,0.00091,0.01082,-4e-05,0.39977,0.19064,-1.165,3,38.2269,362.945,35.777,180.0,0.3162,-102.062,0.0082,23.4651,0.2842
662,000662.png,False,1788892199.794950,1788892199.734950,shear_+X_out,4,+X,0.5,0.47847,-0.00853,-1.16577,0.00364,0.01285,0.00047,0.52003,-0.01399,-1.05474,0.00082,0.0118,-2e-05,0.4268,0.21302,-1.1664,3,38.249,362.9586,35.7745,-179.9999,0.316,-102.0616,0.006,23.4627,0.2866
663,000663.png,False,1788892199.991113,1788892199.931113,shear_+X_out,4,+X,0.5,0.51163,0.0012,-1.1898,0.00344,0.01361,0.00041,0.55321,-0.00426,-1.0787,0.00062,0.01256,-7e-05,0.45083,0.23763,-1.19066,3,38.2663,362.9756,35.7724,179.9998,0.3163,-102.0611,0.0002,23.4607,0.2886
664,000664.png,False,1788892200.183075,1788892200.123075,shear_+X_out,4,+X,0.5,0.54723,-0.00156,-1.22129,0.00346,0.01437,0.00052,0.58883,-0.00701,-1.11012,0.00064,0.01332,3e-05,0.48327,0.25252,-1.22217,3,38.2904,362.9866,35.7704,179.9999,0.3159,-102.0618,0.0086,23.4587,0.2906
665,000665.png,False,1788892200.379043,1788892200.319043,shear_+X_out,4,+X,0.5,0.57788,-0.01332,-1.26037,0.00375,0.01514,0.00039,0.61949,-0.01878,-1.14914,0.00093,0.01409,-0.0001,0.51596,0.25702,-1.26111,3,38.312,362.992,35.7651,-179.9994,0.315,-102.0609,0.0065,23.4533,0.2959
666,000666.png,False,1788892201.159027,1788892201.099027,shear_+X_back,4,+X,0.0,0.61031,-0.01081,-1.29954,0.00375,0.0159,0.00047,0.65199,-0.01625,-1.18804,0.00092,0.01485,-2e-05,0.54307,0.27478,-1.30038,3,38.3373,363.009,35.764,-179.9995,0.3145,-102.0618,0.0018,23.4523,0.297
667,000667.png,False,1788892201.355128,1788892201.295128,shear_+X_back,4,+X,0.0,0.6083,-0.00604,-1.30016,0.00357,0.01579,0.00065,0.65,-0.01148,-1.18859,0.00074,0.01474,0.00017,0.53895,0.27789,-1.30107,3,38.338,363.0082,35.7631,-179.9991,0.3142,-102.0615,0.0034,23.4514,0.2978
668,000668.png,False,1788892201.551120,1788892201.491120,shear_+X_back,4,+X,0.0,0.5498,-0.10584,-1.41576,0.00598,0.01452,0.00044,0.59152,-0.11127,-1.30412,0.00315,0.01347,-5e-05,0.53894,0.16037,-1.4148,3,38.3354,362.9482,35.7503,-179.9967,0.3082,-102.07,0.0084,23.4377,0.3116
669,000669.png,False,1788892201.747159,1788892201.687159,shear_+X_back,4,+X,0.0,0.39647,-0.02765,-1.457,0.00427,0.01091,0.00042,0.43821,-0.03308,-1.3453,0.00145,0.00986,-7e-05,0.36735,0.15082,-1.45709,3,38.2443,362.9428,35.7441,-179.9966,0.3078,-102.0672,0.0065,23.432,0.3173
670,000670.png,False,1788892201.939144,1788892201.879144,shear_+X_back,4,+X,0.0,0.27688,-0.02787,-1.576,0.00442,0.00808,0.0005,0.31863,-0.03329,-1.46423,0.00159,0.00703,1e-05,0.26468,0.08897,-1.57583,3,38.1784,362.8995,35.7306,-179.9945,0.3032,-102.0661,0.0027,23.4182,0.331
671,000671.png,False,1788892202.135194,1788892202.075194,shear_+X_back,4,+X,0.0,0.23819,0.00993,-1.52194,0.00346,0.00699,0.00016,0.27996,0.0045,-1.4101,0.00063,0.00594,-0.00033,0.21192,0.10323,-1.52235,3,38.1446,362.9007,35.7317,-179.9959,0.3059,-102.0654,0.0078,23.4196,0.3296
672,000672.png,False,1788892202.331178,1788892202.271178,shear_+X_back,4,+X,0.0,0.12876,0.04634,-1.51208,0.00253,0.00432,0.00015,0.17054,0.04092,-1.40018,-0.00031,0.00326,-0.00034,0.09886,0.08024,-1.51291,3,38.0818,362.8894,35.7319,-179.9967,0.3089,-102.0663,0.0073,23.4201,0.3291
673,000673.png,False,1788892202.527160,1788892202.467160,shear_+X_back,4,+X,0.0,0.04939,0.04433,-1.27755,0.00243,0.00266,0.00045,0.09119,0.03892,-1.16558,-0.0004,0.00161,-5e-05,0.02949,0.04261,-1.27822,3,38.0346,362.8699,35.7576,-179.9987,0.3124,-102.0672,0.0025,23.4458,0.3034
674,000674.png,False,1788892202.719175,1788892202.659175,shear_+X_back,4,+X,0.0,0.00338,-0.00213,-1.0005,0.00342,0.00168,0.00045,0.0452,-0.00754,-0.88846,0.00058,0.00063,-4e-05,0.01093,-0.01618,-1.00031,3,38.0097,362.8409,35.7894,-179.9992,0.3148,-102.0689,0.0069,23.4773,0.272
675,000675.png,False,1788892203.111124,1788892203.051124,shear_+X_back,4,+X,0.0,-0.08336,0.02275,-1.16122,0.00307,-0.00036,0.00017,-0.04151,0.01735,-1.04905,0.00023,-0.00141,-0.00032,-0.07553,-0.04055,-1.16127,3,37.9461,362.8165,35.7744,179.9982,0.3203,-102.0705,0.0027,23.4624,0.2869
676,000676.png,False,1788892203.695272,1788892203.635272,shear_+X_back,4,+X,0.0,-0.06844,0.02221,-1.25059,0.0031,-0.0001,0.00042,-0.02654,0.01681,-1.13823,0.00026,-0.00115,-7e-05,-0.06171,-0.035,-1.25065,3,37.9463,362.803,35.7629,179.998,0.3214,-102.0711,0.0075,23.4506,0.2987
677,000677.png,False,1788892203.891272,1788892203.831272,shear_-X_out,4,-X,0.5,-0.08518,0.01168,-1.36371,0.00339,-0.00052,0.00048,-0.04326,0.00628,-1.25127,0.00055,-0.00157,-2e-05,-0.07016,-0.05429,-1.36353,3,37.942,362.7917,35.7555,179.9988,0.3201,-102.074,0.0075,23.4431,0.3062
678,000678.png,False,1788892204.087278,1788892204.027278,shear_-X_out,4,-X,0.5,-0.102,-0.02826,-1.3883,0.00431,-0.00093,0.00043,-0.06006,-0.03365,-1.2758,0.00147,-0.00198,-6e-05,-0.06461,-0.09768,-1.3874,3,37.9429,362.769,35.7488,179.9994,0.318,-102.0764,0.0023,23.436,0.3132
679,000679.png,False,1788892204.283184,1788892204.223184,shear_-X_out,4,-X,0.5,-0.13905,-0.01397,-1.35509,0.00388,-0.00184,0.00019,-0.09709,-0.01936,-1.24252,0.00104,-0.00289,-0.00031,-0.10407,-0.10329,-1.35436,3,37.9154,362.7605,35.7477,179.9995,0.3176,-102.0757,0.0027,23.4349,0.3143
680,000680.png,False,1788892204.475202,1788892204.415202,shear_-X_out,4,-X,0.5,-0.19892,0.01678,-1.28619,0.00303,-0.00328,0.00015,-0.15695,0.0114,-1.17355,0.00019,-0.00433,-0.00034,-0.17178,-0.10546,-1.28588,3,37.8762,362.7571,35.7552,179.9987,0.3196,-102.0744,0.0085,23.4427,0.3066
681,000681.png,False,1788892204.671206,1788892204.611207,shear_-X_out,4,-X,0.5,-0.24841,0.016,-1.27485,0.00331,-0.0043,0.00034,-0.20642,0.01062,-1.16214,0.00046,-0.00535,-0.00015,-0.21434,-0.13068,-1.27443,3,37.8501,362.7419,35.7593,179.9985,0.3212,-102.0735,0.0032,23.4467,0.3026
682,000682.png,False,1788892204.867282,1788892204.807282,shear_-X_out,4,-X,0.5,-0.31062,0.01892,-1.27253,0.00308,-0.0058,0.00036,-0.26861,0.01354,-1.15976,0.00023,-0.00685,-0.00014,-0.26969,-0.15921,-1.27204,3,37.8131,362.7244,35.758,179.9986,0.3203,-102.0724,0.0022,23.4454,0.3038
683,000683.png,False,1788892205.063303,1788892205.003303,shear_-X_out,4,-X,0.5,-0.34367,0.00641,-1.27864,0.00341,-0.00665,0.00027,-0.30165,0.00104,-1.1658,0.00056,-0.0077,-0.00023,-0.29203,-0.18665,-1.27787,3,37.7948,362.707,35.7571,179.9987,0.3199,-102.074,0.0078,23.4444,0.3049
684,000684.png,False,1788892205.255336,1788892205.195336,shear_-X_out,4,-X,0.5,-0.37876,0.00948,-1.28496,0.00355,-0.00746,0.00022,-0.33672,0.00411,-1.17206,0.0007,-0.00851,-0.00028,-0.32391,-0.20163,-1.28417,3,37.7737,362.693,35.7567,179.999,0.3196,-102.0751,0.0025,23.4439,0.3054
685,000685.png,False,1788892205.451338,1788892205.391338,shear_-X_out,4,-X,0.5,-0.42378,0.01761,-1.29786,0.00337,-0.0085,0.00037,-0.38172,0.01224,-1.18488,0.00052,-0.00955,-0.00013,-0.36689,-0.21729,-1.29712,3,37.7455,362.6801,35.7576,179.9987,0.3197,-102.0744,0.0034,23.4447,0.3045
686,000686.png,False,1788892206.819454,1788892206.759454,shear_-X_out,4,-X,0.5,-0.45862,0.00545,-1.15025,0.00348,-0.00939,0.00025,-0.41644,0.0001,-1.0368,0.00062,-0.01044,-0.00026,-0.39201,-0.24286,-1.14925,3,37.7055,362.6554,35.7717,179.9983,0.3207,-102.0759,0.0066,23.4588,0.2905
687,000687.png,False,1788892207.011419,1788892206.951419,shear_-X_out,4,-X,0.5,-0.4824,0.01363,-1.10787,0.00313,-0.00988,1e-05,-0.4402,0.00829,-0.99436,0.00027,-0.01093,-0.00049,-0.41699,-0.24698,-1.10697,3,37.6867,362.6496,35.7731,179.9986,0.3199,-102.0755,0.0043,23.4602,0.2891
688,000688.png,False,1788892207.207471,1788892207.147471,shear_-X_out,4,-X,0.5,-0.50406,0.02899,-1.10427,0.00285,-0.01029,0.0001,-0.46185,0.02365,-0.9907,-1e-05,-0.01134,-0.0004,-0.44346,-0.24445,-1.1036,3,37.6702,362.6485,35.7748,179.9986,0.3204,-102.0753,0.001,23.4619,0.2873
689,000689.png,False,1788892207.403480,1788892207.343480,shear_-X_out,4,-X,0.5,-0.52337,0.03272,-1.13003,0.00283,-0.01084,0.0001,-0.48114,0.02739,-1.01639,-4e-05,-0.01189,-0.0004,-0.46187,-0.25127,-1.12938,3,37.6536,362.6409,35.7727,179.998,0.3218,-102.0755,0.0068,23.4599,0.2893
690,000690.png,False,1788892207.599452,1788892207.539452,shear_-X_out,4,-X,0.5,-0.5474,0.0262,-1.16045,0.00305,-0.01139,2e-05,-0.50515,0.02087,-1.04674,0.00018,-0.01244,-0.00048,-0.47921,-0.26941,-1.15963,3,37.6407,362.6296,35.7707,179.9977,0.3226,-102.0761,0.0079,23.4578,0.2914
691,000691.png,False,1788892207.987499,1788892207.927499,shear_-X_out,4,-X,0.5,-0.59271,0.02006,-1.13619,0.00321,-0.01248,0.00011,-0.55043,0.01474,-1.02235,0.00035,-0.01353,-0.00039,-0.51556,-0.29698,-1.13518,3,37.6115,362.61,35.7756,179.9977,0.3224,-102.0751,0.007,23.4626,0.2867
692,000692.png,False,1788892208.379488,1788892208.319488,shear_-X_out,4,-X,0.5,-0.62362,0.02897,-1.16657,0.00286,-0.0133,4e-05,-0.5813,0.02366,-1.05259,-1e-05,-0.01436,-0.00047,-0.54657,-0.30519,-1.16565,3,37.5823,362.5977,35.7695,179.9979,0.3225,-102.0757,0.0025,23.4565,0.2927
693,000693.png,False,1788892208.963526,1788892208.903526,shear_-X_back,4,-X,0.0,-0.62241,0.02471,-1.21006,0.00301,-0.01338,1e-05,-0.58005,0.01941,-1.09588,0.00014,-0.01443,-0.00049,-0.5431,-0.30898,-1.20906,3,37.5782,362.5915,35.7648,179.998,0.3221,-102.0751,0.0036,23.4517,0.2976
694,000694.png,False,1788892209.159450,1788892209.099450,shear_-X_back,4,-X,0.0,-0.62359,0.02343,-1.2242,0.00314,-0.01334,0.00011,-0.58121,0.01812,-1.10996,0.00027,-0.0144,-0.00039,-0.54338,-0.31091,-1.22318,3,37.5766,362.5893,35.765,179.998,0.3221,-102.0748,0.0066,23.4519,0.2974
695,000695.png,False,1788892209.355568,1788892209.295568,shear_-X_back,4,-X,0.0,-0.58269,0.07675,-1.1357,0.00183,-0.01227,4e-05,-0.54029,0.07145,-1.02138,-0.00105,-0.01332,-0.00047,-0.53521,-0.24287,-1.13569,3,37.5827,362.6277,35.7745,179.9964,0.3256,-102.0692,0.0083,23.4619,0.2873
696,000696.png,False,1788892209.547598,1788892209.487598,shear_-X_back,4,-X,0.0,-0.4317,0.04432,-1.00028,0.00251,-0.00866,0.00012,-0.38928,0.03903,-0.8859,-0.00036,-0.00972,-0.00039,-0.38916,-0.19334,-1.00003,3,37.6586,362.6526,35.7868,179.9956,0.3278,-102.0703,0.0009,23.4742,0.2751
697,000697.png,False,1788892209.743483,1788892209.683483,shear_-X_back,4,-X,0.0,-0.34426,0.04286,-0.89363,0.00246,-0.00658,-3e-05,-0.30183,0.03757,-0.77918,-0.00041,-0.00764,-0.00054,-0.31343,-0.14921,-0.89355,3,37.7174,362.6881,35.7995,179.9941,0.3314,-102.0707,0.0063,23.487,0.2622
698,000698.png,False,1788892209.939585,1788892209.879586,shear_-X_back,4,-X,0.0,-0.29414,0.01729,-0.89328,0.00295,-0.00533,0.00015,-0.25169,0.012,-0.77876,8e-05,-0.00639,-0.00036,-0.25723,-0.1463,-0.89285,3,37.745,362.6922,35.7985,179.9944,0.3308,-102.0703,0.0053,23.4859,0.2634
699,000699.png,False,1788892210.135650,1788892210.075650,shear_-X_back,4,-X,0.0,-0.18928,0.01726,-0.89901,0.00305,-0.00275,0.00021,-0.14682,0.01197,-0.78443,0.00017,-0.0038,-0.0003,-0.16635,-0.09403,-0.8988,3,37.8091,362.7206,35.8003,179.9936,0.3323,-102.0705,0.0002,23.4877,0.2616
700,000700.png,False,1788892210.331621,1788892210.271621,shear_-X_back,4,-X,0.0,-0.12394,-0.00421,-1.1499,0.0036,-0.00135,0.00026,-0.08146,-0.00949,-1.03525,0.00072,-0.00241,-0.00025,-0.09728,-0.084,-1.1494,3,37.8548,362.7358,35.7709,179.9946,0.3299,-102.0714,0.01,23.4582,0.2911
701,000701.png,False,1788892210.523663,1788892210.463663,shear_-X_back,4,-X,0.0,-0.11218,0.00399,-1.22925,0.00343,-0.00114,3e-05,-0.06967,-0.0013,-1.11454,0.00055,-0.00219,-0.00048,-0.09064,-0.07229,-1.22891,3,37.8689,362.7523,35.7533,179.9955,0.3284,-102.0727,0.0011,23.4408,0.3085
702,000702.png,False,1788892210.719536,1788892210.659536,shear_-X_back,4,-X,0.0,-0.07015,0.00065,-1.33346,0.00356,-0.0002,0.00014,-0.02763,-0.00463,-1.21868,0.00068,-0.00126,-0.00037,-0.05184,-0.05585,-1.33313,3,37.8871,362.7585,35.7491,179.9959,0.3269,-102.0712,0.0042,23.4366,0.3127
703,000703.png,False,1788892211.695665,1788892211.635665,shear_-Y_out,4,-Y,0.5,0.00948,0.00013,-1.34581,0.00353,0.00157,0.00028,0.05209,-0.00514,-1.23069,0.00064,0.00051,-0.00024,0.01748,-0.01671,-1.34563,3,37.9411,362.7853,35.7487,179.9974,0.3235,-102.0711,0.0085,23.4362,0.313
704,000704.png,False,1788892211.891677,1788892211.831677,shear_-Y_out,4,-Y,0.5,-0.00197,-0.01856,-1.46016,0.00394,0.00119,0.0003,0.04065,-0.02382,-1.34497,0.00105,0.00013,-0.00021,0.01769,-0.04045,-1.45961,3,37.9419,362.7705,35.7356,179.9985,0.3207,-102.0709,0.0066,23.4228,0.3264
705,000705.png,False,1788892212.087706,1788892212.027706,shear_-Y_out,4,-Y,0.5,-0.0151,-0.04534,-1.48567,0.00477,0.00097,0.00022,0.02754,-0.05059,-1.37042,0.00188,-9e-05,-0.00029,0.01987,-0.07061,-1.48463,3,37.9444,362.7575,35.7336,179.9989,0.3197,-102.0707,0.0016,23.4206,0.3286
706,000706.png,False,1788892212.279619,1788892212.219619,shear_-Y_out,4,-Y,0.5,-0.02525,-0.07787,-1.53346,0.00553,0.00067,0.00037,0.01741,-0.08312,-1.41814,0.00265,-0.00038,-0.00015,0.02766,-0.10462,-1.53182,3,37.9504,362.736,35.7302,179.9996,0.3181,-102.07,0.0077,23.4168,0.3325
707,000707.png,False,1788892212.475736,1788892212.415736,shear_-Y_out,4,-Y,0.5,-0.0319,-0.11275,-1.54481,0.00645,0.00058,0.00048,0.01078,-0.118,-1.42942,0.00356,-0.00047,-4e-05,0.03941,-0.13833,-1.54255,3,37.9587,362.7161,35.73,179.9994,0.318,-102.0687,0.0072,23.4163,0.333
708,000708.png,False,1788892212.671732,1788892212.611732,shear_-Y_out,4,-Y,0.5,-0.01882,-0.17099,-1.37706,0.0075,0.00096,0.00015,0.02387,-0.17623,-1.2616,0.0046,-0.0001,-0.00037,0.07868,-0.17955,-1.37384,3,37.9826,362.6961,35.7417,179.9986,0.3205,-102.0703,0.0013,23.4274,0.3218
709,000709.png,False,1788892212.867654,1788892212.807654,shear_-Y_out,4,-Y,0.5,0.00324,-0.21689,-1.362,0.00865,0.00154,0.00037,0.04594,-0.22213,-1.24648,0.00576,0.00049,-0.00014,0.12061,-0.20804,-1.35803,3,38.0066,362.6765,35.7438,179.9978,0.322,-102.0711,0.0045,23.4291,0.3202
710,000710.png,False,1788892213.059752,1788892212.999752,shear_-Y_out,4,-Y,0.5,0.0058,-0.24522,-1.40963,0.00934,0.00153,0.0004,0.04852,-0.25046,-1.29404,0.00645,0.00047,-0.00011,0.13731,-0.23206,-1.40517,3,38.0175,362.6613,35.7403,179.997,0.3245,-102.0718,0.0058,23.4253,0.324
711,000711.png,False,1788892213.255676,1788892213.195676,shear_-Y_out,4,-Y,0.5,-0.00472,-0.29058,-1.39869,0.01054,0.00127,0.00029,0.03802,-0.29582,-1.28304,0.00764,0.00021,-0.00023,0.15079,-0.27643,-1.39343,3,38.0269,362.6343,35.7396,179.9975,0.3226,-102.0709,0.0002,23.4241,0.3252
712,000712.png,False,1788892213.451852,1788892213.391852,shear_-Y_out,4,-Y,0.5,-0.01306,-0.33518,-1.38879,0.01151,0.00109,0.00027,0.0297,-0.34041,-1.27307,0.00861,4e-05,-0.00025,0.16578,-0.31906,-1.38274,3,38.0407,362.6077,35.7396,179.9983,0.3215,-102.0709,0.0053,23.4235,0.3257
713,000713.png,False,1788892213.647813,1788892213.587813,shear_-Y_out,4,-Y,0.5,-0.01806,-0.38345,-1.40404,0.01267,0.00095,0.00031,0.02471,-0.38868,-1.28825,0.00977,-0.00011,-0.0002,0.18567,-0.36361,-1.39714,3,38.0537,362.5804,35.739,179.9983,0.3215,-102.0709,0.0097,23.4224,0.3268
714,000714.png,False,1788892213.839706,1788892213.779706,shear_-Y_out,4,-Y,0.5,-0.01742,-0.40778,-1.37829,0.01325,0.001,0.00028,0.02538,-0.413,-1.26244,0.01035,-5e-05,-0.00024,0.1982,-0.38394,-1.37097,3,38.0637,362.5679,35.7419,179.9982,0.3217,-102.0709,0.0003,23.425,0.3242
715,000715.png,False,1788892215.595814,1788892215.535814,shear_-Y_out,4,-Y,0.5,-0.02311,-0.41813,-1.0262,0.01326,0.0011,0.0005,0.01983,-0.42333,-0.90974,0.01035,4e-05,-2e-05,0.196,-0.39012,-1.01874,3,38.0875,362.5296,35.7836,179.9982,0.321,-102.0709,0.0015,23.4659,0.2833
716,000716.png,False,1788892215.791940,1788892215.731941,shear_-Y_out,4,-Y,0.5,-0.02792,-0.46235,-1.00258,0.01428,0.001,0.00029,0.01504,-0.46755,-0.88606,0.01137,-6e-05,-0.00023,0.21377,-0.43044,-0.99436,3,38.1029,362.4997,35.7839,179.999,0.3197,-102.0716,0.0072,23.4657,0.2835
717,000717.png,False,1788892216.183837,1788892216.123837,shear_-Y_out,4,-Y,0.5,-0.01916,-0.50387,-1.05218,0.01537,0.00125,0.00041,0.02384,-0.50905,-0.93552,0.01245,0.0002,-0.00011,0.24244,-0.46281,-1.04325,3,38.1265,362.4723,35.7801,179.9977,0.3224,-102.0727,0.0019,23.4613,0.2879
718,000718.png,False,1788892216.571973,1788892216.511973,shear_-Y_out,4,-Y,0.5,-0.01786,-0.55377,-1.09227,0.01649,0.0011,0.00042,0.02517,-0.55895,-0.97548,0.01358,4e-05,-0.00011,0.26878,-0.50602,-1.08247,3,38.1467,362.4374,35.7768,179.9976,0.3226,-102.0724,0.0076,23.4573,0.2919
719,000719.png,False,1788892217.159986,1788892217.099986,shear_-Y_out,4,-Y,0.5,-0.02228,-0.58714,-1.12126,0.01734,0.00114,0.00058,0.0208,-0.59231,-1.00427,0.01442,8e-05,6e-05,0.28182,-0.5376,-1.11087,3,38.1619,362.4084,35.7757,179.9972,0.3231,-102.072,0.0086,23.4556,0.2937
720,000720.png,False,1788892217.351988,1788892217.291988,shear_-Y_back,4,-Y,0.0,-0.02272,-0.59134,-1.11853,0.01746,0.0012,0.00053,0.02038,-0.5965,-1.00147,0.01455,0.00014,0.0,0.28352,-0.54141,-1.10806,3,38.164,362.4057,35.7754,179.9975,0.3228,-102.0722,0.0023,23.4553,0.294
721,000721.png,False,1788892217.547903,1788892217.487903,shear_-Y_back,4,-Y,0.0,-0.02232,-0.59372,-1.11508,0.01761,0.00117,0.00029,0.0208,-0.59888,-0.99795,0.01469,0.00011,-0.00023,0.28504,-0.54321,-1.10457,2,38.1654,362.4046,35.7749,179.9975,0.3228,-102.0722,0.0028,23.4547,0.2946
722,000722.png,False,1788892217.744025,1788892217.684026,shear_-Y_back,4,-Y,0.0,0.02866,-0.44574,-0.93209,0.01396,0.00234,0.00041,0.07179,-0.4509,-0.81489,0.01104,0.00128,-0.00012,0.25399,-0.38665,-0.92427,3,38.1466,362.4961,35.7961,179.9934,0.3324,-102.0746,0.0078,23.4775,0.2717
723,000723.png,False,1788892217.940032,1788892217.880032,shear_-Y_back,4,-Y,0.0,0.04478,-0.3717,-0.81725,0.01209,0.00286,0.00036,0.08793,-0.37686,-0.69999,0.00917,0.0018,-0.00017,0.23016,-0.31264,-0.81077,3,38.1405,362.5278,35.8084,179.9931,0.3337,-102.0775,0.0069,23.4904,0.2589
724,000724.png,False,1788892218.131936,1788892218.071936,shear_-Y_back,4,-Y,0.0,0.06241,-0.29584,-0.74669,0.01035,0.00335,0.00043,0.10558,-0.30099,-0.62937,0.00743,0.0023,-0.0001,0.20704,-0.23699,-0.74157,3,38.1272,362.5847,35.8218,179.9913,0.3372,-102.0849,0.003,23.5048,0.2445
725,000725.png,False,1788892218.327946,1788892218.267946,shear_-Y_back,4,-Y,0.0,0.0488,-0.30757,-0.92207,0.01074,0.00292,0.00044,0.09199,-0.31272,-0.80468,0.00782,0.00186,-9e-05,0.20234,-0.25676,-0.9167,3,38.1229,362.5808,35.7996,179.9931,0.3328,-102.0847,0.0098,23.4826,0.2667
726,000726.png,False,1788892218.523954,1788892218.463954,shear_-Y_back,4,-Y,0.0,0.00915,-0.2129,-1.21176,0.00868,0.00177,0.00047,0.05235,-0.21804,-1.09429,0.00576,0.00071,-6e-05,0.1227,-0.19922,-1.2079,3,38.0686,362.6254,35.7672,179.9949,0.3288,-102.0846,0.0041,23.4513,0.298
727,000727.png,False,1788892218.916047,1788892218.856047,shear_-Y_back,4,-Y,0.0,-0.05757,-0.05254,-1.44165,0.0051,0.0001,0.00018,-0.01434,-0.05768,-1.32405,0.00217,-0.00095,-0.00035,-0.01362,-0.09737,-1.4404,3,37.9797,362.6912,35.737,179.997,0.3238,-102.0761,0.0068,23.4227,0.3265
728,000728.png,False,1788892219.888155,1788892219.828156,shear_-Y_back,4,-Y,0.0,-0.02351,0.05383,-1.41602,0.00257,0.00084,0.00021,0.01981,0.04871,-1.29809,-0.00036,-0.00021,-0.00032,-0.03745,0.01219,-1.41669,3,37.9549,362.7712,35.7403,179.9984,0.3195,-102.0885,0.0069,23.4275,0.3217
729,000729.png,False,1788892220.084042,1788892220.024042,shear_+Y_out,4,+Y,0.5,-0.03049,0.06033,-1.39434,0.00221,0.00058,0.00011,0.01284,0.05521,-1.27634,-0.00072,-0.00048,-0.00043,-0.04689,0.01468,-1.39511,3,37.9475,362.7748,35.7395,179.9986,0.3198,-102.0881,0.001,23.4267,0.3225
730,000730.png,False,1788892220.280052,1788892220.220052,shear_+Y_out,4,+Y,0.5,-0.02509,0.09334,-1.33477,0.00155,0.00081,-2e-05,0.01827,0.08823,-1.21671,-0.00139,-0.00025,-0.00055,-0.05911,0.04692,-1.33614,3,37.9415,362.7929,35.7455,179.9978,0.3216,-102.0896,0.0047,23.4331,0.3161
731,000731.png,False,1788892220.476238,1788892220.416238,shear_+Y_out,4,+Y,0.5,-0.0281,0.13715,-1.35221,0.00048,0.00069,9e-05,0.01528,0.13204,-1.23408,-0.00246,-0.00036,-0.00045,-0.08349,0.08308,-1.35433,3,37.9271,362.8125,35.7467,179.9974,0.3226,-102.0888,0.0098,23.4348,0.3145
732,000732.png,False,1788892220.668169,1788892220.608169,shear_+Y_out,4,+Y,0.5,-0.02755,0.16775,-1.31825,-0.00024,0.00067,-0.0,0.01584,0.16265,-1.20005,-0.00318,-0.00039,-0.00054,-0.09854,0.1104,-1.3209,3,37.9176,362.8277,35.7461,179.9977,0.3218,-102.0892,0.0003,23.4344,0.3148
733,000733.png,False,1788892220.864189,1788892220.804189,shear_+Y_out,4,+Y,0.5,-0.02003,0.20568,-1.35926,-0.00119,0.00081,7e-05,0.02338,0.20058,-1.241,-0.00412,-0.00025,-0.00046,-0.11069,0.14635,-1.36258,3,37.9078,362.8573,35.7441,179.9979,0.3214,-102.0909,0.0057,23.433,0.3163
734,000734.png,False,1788892221.060193,1788892221.000193,shear_+Y_out,4,+Y,0.5,-0.01679,0.25001,-1.40501,-0.00218,0.00084,4e-05,0.02663,0.24491,-1.28668,-0.00512,-0.00022,-0.00049,-0.12972,0.18563,-1.4091,3,37.8953,362.8801,35.7411,179.9981,0.3208,-102.0907,0.0089,23.4304,0.3188
735,000735.png,False,1788892221.256201,1788892221.196201,shear_+Y_out,4,+Y,0.5,-0.01957,0.29836,-1.41824,-0.00334,0.00076,4e-05,0.02387,0.29326,-1.29984,-0.00628,-0.0003,-0.0005,-0.15619,0.2259,-1.42316,3,37.879,362.9058,35.7413,179.9982,0.3211,-102.0901,0.0037,23.4311,0.3181
736,000736.png,False,1788892221.452188,1788892221.392189,shear_+Y_out,4,+Y,0.5,-0.03235,0.33848,-1.38513,-0.00426,0.00053,-0.00013,0.01111,0.33339,-1.26666,-0.0072,-0.00052,-0.00067,-0.18753,0.2548,-1.39072,3,37.859,362.928,35.7422,179.9981,0.3208,-102.0892,0.0017,23.4325,0.3167
737,000737.png,False,1788892221.644201,1788892221.584201,shear_+Y_out,4,+Y,0.5,-0.02875,0.38822,-1.38463,-0.00545,0.00057,-7e-05,0.01473,0.38313,-1.2661,-0.00839,-0.00049,-0.00061,-0.20926,0.29968,-1.39109,3,37.8443,362.956,35.7426,179.9976,0.322,-102.089,0.0092,23.4335,0.3157
738,000738.png,False,1788892221.840137,1788892221.780137,shear_+Y_out,4,+Y,0.5,-0.0205,0.42864,-1.40799,-0.00647,0.00062,5e-05,0.02299,0.42355,-1.28939,-0.00942,-0.00044,-0.00048,-0.22216,0.33843,-1.41517,3,37.8334,362.9818,35.7414,179.9978,0.3221,-102.0903,0.0041,23.4328,0.3165
739,000739.png,False,1788892223.400229,1788892223.340229,shear_+Y_out,4,+Y,0.5,-0.01816,0.46116,-1.2426,-0.00733,0.00075,8e-05,0.02547,0.4561,-1.12347,-0.01028,-0.00031,-0.00046,-0.23752,0.37042,-1.25037,3,37.81,363.0291,35.7612,179.9982,0.3211,-102.0912,0.0078,23.4535,0.2957
740,000740.png,False,1788892223.596346,1788892223.536346,shear_+Y_out,4,+Y,0.5,-0.01724,0.47729,-1.19383,-0.00766,0.00098,0.0001,0.02641,0.47223,-1.07463,-0.01061,-8e-05,-0.00044,-0.24512,0.38563,-1.20189,3,37.8063,363.04,35.765,179.998,0.321,-102.0916,0.0068,23.4575,0.2918
741,000741.png,False,1788892223.792309,1788892223.732309,shear_+Y_out,4,+Y,0.5,-0.01647,0.4903,-1.14447,-0.00801,0.00087,0.00011,0.0272,0.48524,-1.0252,-0.01096,-0.00018,-0.00043,-0.25129,0.39807,-1.15276,3,37.7984,363.0525,35.7713,179.9978,0.3214,-102.0916,0.001,23.4641,0.2852
742,000742.png,False,1788892223.988249,1788892223.928249,shear_+Y_out,4,+Y,0.5,-0.02071,0.51657,-1.10227,-0.00867,0.00093,5e-05,0.02298,0.51152,-0.98293,-0.01163,-0.00012,-0.00049,-0.26838,0.41938,-1.11102,3,37.7857,363.0732,35.777,179.9971,0.323,-102.0909,0.0047,23.4702,0.2791
743,000743.png,False,1788892224.376310,1788892224.316310,shear_+Y_out,4,+Y,0.5,-0.02632,0.55059,-1.26428,-0.00946,0.00059,4e-05,0.01739,0.54555,-1.14481,-0.01242,-0.00046,-0.0005,-0.28912,0.44344,-1.27358,3,37.7632,363.0975,35.7592,179.9983,0.3202,-102.0903,0.0004,23.4529,0.2963
744,000744.png,False,1788892224.572371,1788892224.512372,shear_+Y_out,4,+Y,0.5,-0.03467,0.58659,-1.36886,-0.01037,0.00034,3e-05,0.00906,0.58155,-1.24932,-0.01333,-0.00072,-0.00052,-0.31362,0.46877,-1.37875,3,37.75,363.1147,35.7512,179.9987,0.3197,-102.0894,0.0052,23.4453,0.3039
745,000745.png,False,1788892224.768372,1788892224.708372,shear_+Y_out,4,+Y,0.5,-0.03919,0.61881,-1.3989,-0.01102,0.00026,2e-05,0.00456,0.61377,-1.2793,-0.01398,-0.0008,-0.00053,-0.33343,0.49394,-1.40934,3,37.737,363.128,35.7484,179.9988,0.319,-102.0888,0.0092,23.4428,0.3064
746,000746.png,False,1788892224.960413,1788892224.900413,shear_+Y_out,4,+Y,0.5,-0.03235,0.63871,-1.42371,-0.0114,0.00043,5e-05,0.01142,0.63368,-1.30404,-0.01436,-0.00063,-0.0005,-0.33727,0.5142,-1.43451,3,37.7327,363.1417,35.7458,179.999,0.3189,-102.0896,0.0006,23.4405,0.3088
747,000747.png,False,1788892225.548432,1788892225.488432,shear_+Y_back,4,+Y,0.0,-0.03199,0.63469,-1.43258,-0.01147,0.00035,0.0002,0.01183,0.62966,-1.3127,-0.01443,-0.0007,-0.00035,-0.33488,0.51075,-1.4433,3,37.7313,363.1457,35.7452,179.9993,0.3178,-102.0905,0.0035,23.4399,0.3093
748,000748.png,False,1788892225.744441,1788892225.684441,shear_+Y_back,4,+Y,0.0,-0.02806,0.63301,-1.4381,-0.01146,0.0003,0.00027,0.01578,0.62799,-1.31816,-0.01442,-0.00076,-0.00027,-0.3306,0.51118,-1.4488,2,37.7318,363.1461,35.7462,179.9994,0.3181,-102.0905,0.002,23.4409,0.3083
749,000749.png,False,1788892225.936446,1788892225.876446,shear_+Y_back,4,+Y,0.0,-0.07871,0.50107,-1.61522,-0.00822,-0.00077,0.0003,-0.03486,0.49605,-1.49521,-0.01119,-0.00183,-0.00025,-0.30733,0.36876,-1.6235,3,37.7456,363.0711,35.7277,-179.9976,0.3106,-102.0892,0.0082,23.4212,0.3281
750,000750.png,False,1788892226.132448,1788892226.072448,shear_+Y_back,4,+Y,0.0,-0.10285,0.42351,-1.75266,-0.00644,-0.0014,0.00024,-0.05898,0.4185,-1.63259,-0.00941,-0.00246,-0.00031,-0.28854,0.28733,-1.75953,3,37.7566,363.0243,35.7138,-179.9962,0.3074,-102.0868,0.0021,23.4064,0.3429
751,000751.png,False,1788892226.328474,1788892226.268474,shear_+Y_back,4,+Y,0.0,-0.12591,0.34537,-1.9724,-0.00466,-0.00209,0.00029,-0.08202,0.34035,-1.85226,-0.00763,-0.00315,-0.00026,-0.26794,0.2046,-1.97783,3,37.7657,362.9825,35.6905,-179.9966,0.3084,-102.0783,0.008,23.3824,0.3669
752,000752.png,False,1788892226.524482,1788892226.464482,shear_+Y_back,4,+Y,0.0,-0.07799,0.36925,-1.92923,-0.00502,-0.00087,0.00015,-0.03409,0.36424,-1.80902,-0.00799,-0.00193,-0.0004,-0.23867,0.24992,-1.93518,3,37.7922,362.9894,35.6975,-179.9982,0.3124,-102.0822,0.0052,23.3893,0.36
753,000753.png,False,1788892226.716532,1788892226.656532,shear_+Y_back,4,+Y,0.0,-0.04339,0.25219,-1.79088,-0.00234,-4e-05,0.00016,0.00053,0.24718,-1.67061,-0.00531,-0.00109,-0.00038,-0.15117,0.16804,-1.7949,3,37.8277,362.9528,35.7047,-179.9983,0.3126,-102.0816,0.004,23.3957,0.3536
754,000754.png,False,1788892226.912432,1788892226.852432,shear_+Y_back,4,+Y,0.0,0.00671,0.16662,-1.34328,-0.00039,0.00151,0.00035,0.05065,0.16162,-1.22294,-0.00336,0.00045,-0.0002,-0.06812,0.12615,-1.34598,3,37.8838,362.9208,35.7437,-179.9997,0.3156,-102.0857,0.0101,23.4338,0.3154
755,000755.png,False,1788892227.108519,1788892227.048519,shear_+Y_back,4,+Y,0.0,-0.00074,0.11118,-1.21947,0.00075,0.00137,0.00038,0.04322,0.10618,-1.09906,-0.00222,0.00031,-0.00017,-0.04773,0.07639,-1.22121,3,37.8993,362.8921,35.7548,179.9993,0.318,-102.0872,0.0043,23.4443,0.3049
756,000756.png,False,1788892227.304539,1788892227.244539,shear_+Y_back,4,+Y,0.0,-0.04839,0.0032,-1.32961,0.00346,0.00037,0.00047,-0.00442,-0.00179,-1.20913,0.00049,-0.00069,-8e-05,-0.0343,-0.0427,-1.32937,3,37.9066,362.8538,35.7543,179.9979,0.3219,-102.0868,0.0006,23.4431,0.3062
757,000757.png,False,1788892227.888556,1788892227.828557,shear_+Y_back,4,+Y,0.0,-0.02736,-0.00157,-1.45983,0.00364,0.00066,0.00018,0.01667,-0.00655,-1.33915,0.00066,-0.0004,-0.00037,-0.01279,-0.03841,-1.45953,3,37.927,362.8128,35.7331,179.9965,0.3248,-102.0798,0.0016,23.4211,0.3281
758,000758.png,False,1788892229.840666,1788892229.780666,shear_+Y_back,4,+Y,0.0,-0.03123,-0.0193,-1.27558,0.00385,0.00064,0.00024,0.01296,-0.02425,-1.15423,0.00086,-0.00042,-0.00031,-0.00857,-0.05276,-1.27499,3,37.9457,362.7787,35.7385,179.9983,0.3204,-102.084,0.0052,23.4259,0.3234
759,000759.png,False,1788892231.984792,1788892231.924793,shear_+X_out,5,+X,0.5,-0.03744,-0.00011,-1.44485,0.00356,0.00041,0.00023,0.00694,-0.00503,-1.32277,0.00055,-0.00065,-0.00033,-0.02236,-0.04195,-1.44455,3,37.9393,362.7849,35.7381,179.9983,0.3211,-102.0833,0.0037,23.4256,0.3237
760,000760.png,False,1788892232.376815,1788892232.316815,shear_+X_out,5,+X,0.5,-0.0255,0.03001,-1.38612,0.00286,0.00085,0.00034,0.01892,0.02511,-1.2639,-0.00014,-0.0002,-0.00022,-0.02747,-0.00895,-1.38638,3,37.9375,362.8049,35.7449,179.9972,0.3237,-102.0801,0.0059,23.4327,0.3165
761,000761.png,False,1788892232.572875,1788892232.512875,shear_+X_out,5,+X,0.5,0.00356,0.0573,-1.32628,0.00229,0.00154,0.00037,0.04799,0.05239,-1.204,-0.00072,0.00048,-0.00019,-0.01635,0.03016,-1.32708,3,37.9414,362.8263,35.7514,179.9965,0.3255,-102.0746,0.0002,23.4395,0.3097
762,000762.png,False,1788892232.764838,1788892232.704839,shear_+X_out,5,+X,0.5,0.10057,0.03052,-1.25091,0.00288,0.00386,0.00028,0.14502,0.02562,-1.12856,-0.00012,0.0028,-0.00028,0.08054,0.05665,-1.25145,3,38.0007,362.8441,35.7584,179.9956,0.3272,-102.082,0.0098,23.4465,0.3028
763,000763.png,False,1788892232.960844,1788892232.900844,shear_+X_out,5,+X,0.5,0.15796,0.01057,-1.17273,0.00336,0.00523,0.00031,0.20242,0.00567,-1.05031,0.00035,0.00417,-0.00026,0.13967,0.06929,-1.17305,3,38.0368,362.8524,35.765,179.9962,0.3263,-102.0827,0.0043,23.4529,0.2964
764,000764.png,False,1788892233.156834,1788892233.096834,shear_+X_out,5,+X,0.5,0.217,-0.00123,-1.21659,0.00346,0.00662,0.00048,0.26148,-0.00612,-1.09411,0.00045,0.00556,-9e-05,0.19701,0.08787,-1.21682,3,38.0714,362.8672,35.7631,179.9964,0.3261,-102.0844,0.0017,23.451,0.2983
765,000765.png,False,1788892233.352758,1788892233.292758,shear_+X_out,5,+X,0.5,0.24208,0.01145,-1.33864,0.00333,0.00732,0.00058,0.28658,0.00656,-1.21608,0.00032,0.00626,2e-05,0.21326,0.10943,-1.33911,3,38.0852,362.8767,35.7502,179.997,0.324,-102.0844,0.008,23.4381,0.3111
766,000766.png,False,1788892233.544796,1788892233.484796,shear_+X_out,5,+X,0.5,0.28952,-0.00227,-1.46635,0.00367,0.00831,0.00072,0.33403,-0.00716,-1.34373,0.00066,0.00725,0.00015,0.26208,0.11921,-1.46666,2,38.1125,362.8827,35.7401,179.9979,0.3218,-102.0833,0.0031,23.428,0.3212
767,000767.png,False,1788892233.740782,1788892233.680782,shear_+X_out,5,+X,0.5,0.32727,-0.00011,-1.44666,0.00364,0.00909,0.00041,0.37181,-0.005,-1.32398,0.00063,0.00803,-0.00016,0.29358,0.14026,-1.4471,3,38.1325,362.8991,35.7393,179.9977,0.3219,-102.084,0.0087,23.4273,0.322
768,000768.png,False,1788892234.328902,1788892234.268903,shear_+X_out,5,+X,0.5,0.35883,-0.00792,-1.39771,0.00386,0.01,0.00024,0.40342,-0.0128,-1.27483,0.00084,0.00894,-0.00033,0.32447,0.15005,-1.39808,3,38.1583,362.9086,35.7428,179.9983,0.321,-102.0835,0.0045,23.4308,0.3185
769,000769.png,False,1788892235.300865,1788892235.240865,shear_+X_out,5,+X,0.5,0.36896,0.01055,-1.21984,0.00345,0.01027,0.00019,0.41363,0.00569,-1.09662,0.00043,0.00921,-0.00038,0.32279,0.17395,-1.22058,3,38.1696,362.9215,35.759,179.9987,0.32,-102.0835,0.0025,23.4471,0.3022
770,000770.png,False,1788892235.496998,1788892235.436998,shear_+X_out,5,+X,0.5,0.40192,-0.00338,-1.20875,0.00368,0.0111,0.00041,0.44661,-0.00823,-1.08546,0.00066,0.01004,-0.00016,0.35822,0.17854,-1.20931,3,38.1915,362.9269,35.7633,179.9985,0.3201,-102.0831,0.0077,23.4513,0.2979
771,000771.png,False,1788892235.888898,1788892235.828898,shear_+X_out,5,+X,0.5,0.46209,-0.00921,-1.1115,0.00385,0.01252,0.0003,0.50681,-0.01406,-0.98808,0.00083,0.01146,-0.00027,0.41258,0.20511,-1.11209,3,38.2378,362.9508,35.7746,179.998,0.322,-102.0853,0.008,23.4627,0.2866
772,000772.png,False,1788892236.080904,1788892236.020904,shear_+X_out,5,+X,0.5,0.47892,0.00102,-1.07452,0.00339,0.01274,0.00036,0.52366,-0.00383,-0.95103,0.00036,0.01168,-0.00021,0.42179,0.22297,-1.07533,3,38.2464,362.9629,35.7787,179.9973,0.3226,-102.0835,0.0021,23.4669,0.2824
773,000773.png,False,1788892236.276932,1788892236.216932,shear_+X_out,5,+X,0.5,0.49928,0.00788,-1.04758,0.00333,0.01333,0.00043,0.54404,0.00304,-0.92402,0.00031,0.01227,-0.00015,0.43581,0.23952,-1.04855,3,38.263,362.976,35.7831,179.9972,0.3233,-102.0833,0.0031,23.4714,0.2778
774,000774.png,False,1788892236.472922,1788892236.412922,shear_+X_out,5,+X,0.5,0.52994,0.00672,-1.1234,0.00337,0.01409,0.0003,0.57472,0.00188,-0.99977,0.00034,0.01303,-0.00028,0.46347,0.25262,-1.1244,3,38.2836,362.9875,35.7738,179.9978,0.3226,-102.084,0.0026,23.4621,0.2871
775,000775.png,False,1788892236.668940,1788892236.608940,shear_+X_out,5,+X,0.5,0.56139,0.00554,-1.30159,0.00339,0.01469,0.00058,0.60618,0.0007,-1.1779,0.00036,0.01363,1e-05,0.49254,0.26445,-1.30261,3,38.2991,362.9944,35.7588,179.9986,0.3201,-102.0846,0.0083,23.4472,0.3021
776,000776.png,False,1788892237.644993,1788892237.584993,shear_+X_back,5,+X,0.0,0.60745,-0.00153,-1.40607,0.00339,0.01574,0.0008,0.65232,-0.00635,-1.28204,0.00036,0.01468,0.00022,0.53669,0.27967,-1.40704,3,38.3339,363.0069,35.7488,179.9994,0.3181,-102.0848,0.0097,23.4372,0.3121
777,000777.png,False,1788892237.837091,1788892237.777092,shear_+X_back,5,+X,0.0,0.56729,-0.08028,-1.50705,0.00565,0.01493,0.00061,0.61219,-0.0851,-1.38296,0.00261,0.01387,3e-05,0.54196,0.18979,-1.50657,3,38.3369,362.9564,35.735,-179.9985,0.3129,-102.0894,0.0012,23.4225,0.3267
778,000778.png,False,1788892238.033091,1788892237.973091,shear_+X_back,5,+X,0.0,0.42296,-0.04359,-1.61767,0.0049,0.01161,0.00061,0.46787,-0.0484,-1.49351,0.00186,0.01055,3e-05,0.39936,0.14767,-1.61751,3,38.2558,362.9301,35.7244,-179.9976,0.3107,-102.089,0.004,23.412,0.3372
779,000779.png,False,1788892238.229023,1788892238.169023,shear_+X_back,5,+X,0.0,0.37546,-0.0026,-1.62556,0.0039,0.01034,0.00039,0.42038,-0.00741,-1.50134,0.00087,0.00928,-0.00019,0.3378,0.15931,-1.62602,4,38.2131,362.9291,35.7212,-179.9978,0.3117,-102.0866,0.0096,23.4091,0.3401
780,000780.png,False,1788892238.425040,1788892238.365041,shear_+X_back,5,+X,0.0,0.22668,0.02834,-1.77399,0.00328,0.00667,0.00044,0.27163,0.02354,-1.64969,0.00024,0.00561,-0.00014,0.19449,0.1094,-1.77466,2,38.1432,362.9081,35.7098,-179.9978,0.3113,-102.0892,0.0042,23.3979,0.3514
781,000781.png,False,1788892238.621041,1788892238.561041,shear_+X_back,5,+X,0.0,0.12563,0.00252,-1.80621,0.00375,0.00426,0.00016,0.1706,-0.00228,-1.68185,0.00071,0.0032,-0.00041,0.12009,0.03603,-1.80623,3,38.0923,362.8685,35.7032,-179.998,0.3117,-102.089,0.0036,23.391,0.3582
782,000782.png,False,1788892238.813056,1788892238.753057,shear_+X_back,5,+X,0.0,0.0897,0.01335,-1.66346,0.00346,0.00344,0.00039,0.13468,0.00855,-1.53903,0.00042,0.00238,-0.00019,0.08256,0.02974,-1.66361,3,38.0718,362.8553,35.7162,-179.998,0.3122,-102.0883,0.0025,23.4039,0.3454
783,000783.png,False,1788892239.009218,1788892238.949219,shear_+X_back,5,+X,0.0,0.04072,0.05348,-1.48895,0.00253,0.00239,0.00053,0.08571,0.04868,-1.36445,-0.00052,0.00133,-5e-05,0.01887,0.04281,-1.48973,3,38.0308,362.8655,35.7323,-179.9995,0.3163,-102.0887,0.0033,23.4204,0.3288
784,000784.png,False,1788892240.373212,1788892240.313212,shear_-X_out,5,-X,0.5,-0.09408,0.06158,-1.37145,0.00222,-0.00084,5e-05,-0.04897,0.0568,-1.24649,-0.00083,-0.0019,-0.00053,-0.10275,-0.01565,-1.37212,3,37.9341,362.8149,35.7387,179.9967,0.3247,-102.0914,0.0076,23.4268,0.3225
785,000785.png,False,1788892240.569251,1788892240.509251,shear_-X_out,5,-X,0.5,-0.11401,-0.0003,-1.327,0.00375,-0.00134,0.00016,-0.06887,-0.00507,-1.20197,0.0007,-0.0024,-0.00043,-0.0894,-0.07848,-1.32657,3,37.9387,362.7835,35.7449,179.9973,0.3235,-102.0914,0.0067,23.4323,0.3169
786,000786.png,False,1788892240.961260,1788892240.901260,shear_-X_out,5,-X,0.5,-0.14453,0.00323,-1.43027,0.00371,-0.00205,0.00027,-0.09936,-0.00153,-1.30511,0.00066,-0.00311,-0.00031,-0.11689,-0.09233,-1.42982,3,37.9248,362.7688,35.7348,179.9974,0.3236,-102.0959,0.0031,23.4221,0.3272
787,000787.png,False,1788892241.157181,1788892241.097181,shear_-X_out,5,-X,0.5,-0.22663,0.02212,-1.47962,0.00322,-0.004,0.0,-0.18144,0.01736,-1.35439,0.00017,-0.00506,-0.00058,-0.1971,-0.11778,-1.47933,3,37.88,362.7566,35.7288,179.9976,0.3225,-102.0927,0.0026,23.4162,0.333
788,000788.png,False,1788892241.349273,1788892241.289273,shear_-X_out,5,-X,0.5,-0.27754,0.01243,-1.58607,0.00373,-0.00519,7e-05,-0.23234,0.00767,-1.46077,0.00067,-0.00625,-0.00052,-0.23562,-0.15332,-1.58549,3,37.8585,362.737,35.7218,179.998,0.3215,-102.0931,0.0065,23.4091,0.3401
789,000789.png,False,1788892241.545277,1788892241.485277,shear_-X_out,5,-X,0.5,-0.33146,-0.00238,-1.47063,0.00399,-0.00647,-0.0,-0.28625,-0.00713,-1.34526,0.00094,-0.00753,-0.00059,-0.27574,-0.19124,-1.4697,3,37.8312,362.7148,35.7301,179.9983,0.3219,-102.0916,0.0013,23.4173,0.332
790,000790.png,False,1788892241.937307,1788892241.877307,shear_-X_out,5,-X,0.5,-0.38301,0.02051,-1.35657,0.00342,-0.0077,9e-05,-0.33775,0.01576,-1.23107,0.00036,-0.00876,-0.00049,-0.33261,-0.19534,-1.35596,3,37.7839,362.7004,35.7408,179.9973,0.3243,-102.0909,0.0075,23.4281,0.3212
791,000791.png,False,1788892242.129329,1788892242.069330,shear_-X_out,5,-X,0.5,-0.42275,0.01577,-1.3474,0.00351,-0.00855,0.0001,-0.37748,0.01103,-1.22183,0.00045,-0.00961,-0.00048,-0.36473,-0.21915,-1.34662,3,37.7644,362.6841,35.7428,179.9971,0.324,-102.0918,0.0035,23.4299,0.3193
792,000792.png,False,1788892242.325268,1788892242.265268,shear_-X_out,5,-X,0.5,-0.46229,0.01212,-1.39165,0.00366,-0.00942,0.00017,-0.417,0.00738,-1.26601,0.0006,-0.01048,-0.00042,-0.39685,-0.24279,-1.39072,3,37.7409,362.67,35.7408,179.9971,0.3245,-102.0933,0.0086,23.4278,0.3214
793,000793.png,False,1788892242.521330,1788892242.461330,shear_-X_out,5,-X,0.5,-0.47985,0.01663,-1.35697,0.00364,-0.00986,-2e-05,-0.43455,0.01189,-1.23127,0.00057,-0.01092,-0.00061,-0.41455,-0.2471,-1.35609,3,37.7274,362.6638,35.7412,179.9973,0.3241,-102.092,0.0064,23.4282,0.321
794,000794.png,False,1788892243.105436,1788892243.045436,shear_-X_back,5,-X,0.0,-0.46665,0.01538,-1.33647,0.0036,-0.00953,5e-05,-0.42129,0.01065,-1.21057,0.00054,-0.0106,-0.00054,-0.40264,-0.24126,-1.3356,3,37.7262,362.6626,35.7454,179.9971,0.3245,-102.092,0.0001,23.4324,0.3169
795,000795.png,False,1788892243.301299,1788892243.241299,shear_-X_back,5,-X,0.0,-0.41682,0.09013,-1.21798,0.00167,-0.00824,0.00018,-0.37145,0.0854,-1.09201,-0.00139,-0.0093,-0.00041,-0.39764,-0.14973,-1.21852,3,37.7284,362.7123,35.7572,179.9951,0.3295,-102.0862,0.0073,23.445,0.3043
796,000796.png,False,1788892243.497428,1788892243.437428,shear_-X_back,5,-X,0.0,-0.36138,0.08308,-1.1538,0.00179,-0.00706,9e-05,-0.31599,0.07836,-1.02776,-0.00128,-0.00812,-0.0005,-0.34654,-0.1271,-1.15434,3,37.7567,362.7378,35.7682,179.9943,0.3315,-102.084,0.0077,23.4562,0.293
797,000797.png,False,1788892243.693466,1788892243.633466,shear_-X_back,5,-X,0.0,-0.25189,0.04993,-1.08062,0.00248,-0.00438,0.00017,-0.20648,0.04521,-0.95452,-0.00059,-0.00544,-0.00042,-0.23564,-0.09993,-1.08082,3,37.8251,362.7439,35.7716,179.9933,0.3334,-102.0827,0.0053,23.4592,0.2901
798,000798.png,False,1788892243.885430,1788892243.825430,shear_-X_back,5,-X,0.0,-0.16636,-0.01788,-1.05771,0.00408,-0.00232,-3e-05,-0.12094,-0.0226,-0.93154,0.00101,-0.00338,-0.00062,-0.12784,-0.11556,-1.0569,3,37.8728,362.7376,35.7718,179.9938,0.3324,-102.0838,0.0058,23.459,0.2902
799,000799.png,False,1788892244.081408,1788892244.021408,shear_-X_back,5,-X,0.0,-0.14532,-0.02475,-1.07081,0.00434,-0.00176,0.0001,-0.09988,-0.02946,-0.94458,0.00126,-0.00282,-0.00049,-0.10609,-0.1112,-1.06993,3,37.8923,362.7395,35.7698,179.9937,0.3321,-102.0831,0.0005,23.4569,0.2923
800,000800.png,False,1788892245.253421,1788892245.193421,shear_-Y_out,5,-Y,0.5,-0.05719,0.02012,-1.60204,0.00341,-5e-05,0.0003,-0.01165,0.01544,-1.4754,0.00033,-0.00111,-0.00029,-0.04849,-0.03681,-1.60203,3,37.9326,362.7868,35.7212,179.9951,0.3289,-102.0712,0.005,23.4088,0.3405
801,000801.png,False,1788892245.449411,1788892245.389411,shear_-Y_out,5,-Y,0.5,-0.05308,-0.01599,-1.79766,0.00427,-6e-05,0.00029,-0.00752,-0.02068,-1.67095,0.00119,-0.00113,-0.0003,-0.02553,-0.06917,-1.797,3,37.9447,362.7704,35.7038,179.9968,0.3249,-102.0729,0.0086,23.391,0.3583
802,000802.png,False,1788892245.837530,1788892245.777530,shear_-Y_out,5,-Y,0.5,-0.05962,-0.08636,-1.65932,0.00594,-0.00016,0.00037,-0.01402,-0.09104,-1.53248,0.00286,-0.00122,-0.00023,0.00301,-0.13117,-1.65745,3,37.9611,362.7393,35.7139,179.9966,0.3255,-102.0714,0.0033,23.4005,0.3487
803,000803.png,False,1788892246.033533,1788892245.973533,shear_-Y_out,5,-Y,0.5,-0.05918,-0.12556,-1.55725,0.00684,-3e-05,0.00052,-0.01357,-0.13024,-1.43035,0.00376,-0.00109,-7e-05,0.02227,-0.16326,-1.55472,3,37.9734,362.719,35.723,179.9963,0.3266,-102.0716,0.0083,23.4092,0.3401
804,000804.png,False,1788892246.229520,1788892246.169520,shear_-Y_out,5,-Y,0.5,-0.0459,-0.18377,-1.56392,0.008,0.00022,0.0004,-0.00027,-0.18844,-1.43695,0.00491,-0.00084,-0.0002,0.0629,-0.20714,-1.56041,3,37.9953,362.6972,35.7212,179.9958,0.3273,-102.0727,0.0064,23.4069,0.3423
805,000805.png,False,1788892246.421552,1788892246.361552,shear_-Y_out,5,-Y,0.5,-0.04504,-0.23652,-1.64367,0.00937,0.00025,0.00043,0.0006,-0.24119,-1.51663,0.00629,-0.00081,-0.00016,0.09055,-0.25368,-1.63923,3,38.0124,362.6712,35.7125,179.9951,0.3291,-102.0738,0.0025,23.3977,0.3515
806,000806.png,False,1788892246.617564,1788892246.557564,shear_-Y_out,5,-Y,0.5,-0.04697,-0.27269,-1.69841,0.01036,0.00019,0.00039,-0.00131,-0.27736,-1.5713,0.00728,-0.00087,-0.00021,0.10733,-0.28685,-1.69333,3,38.0226,362.6505,35.7091,179.9953,0.3287,-102.0722,0.0077,23.3939,0.3554
807,000807.png,False,1788892246.813487,1788892246.753487,shear_-Y_out,5,-Y,0.5,-0.05698,-0.32303,-1.6838,0.0116,0.0001,0.00035,-0.0113,-0.3277,-1.55663,0.00851,-0.00096,-0.00025,0.12371,-0.33521,-1.67783,3,38.0339,362.6243,35.7099,179.9958,0.3275,-102.0727,0.007,23.3942,0.3551
808,000808.png,False,1788892247.009624,1788892246.949624,shear_-Y_out,5,-Y,0.5,-0.0677,-0.37989,-1.68235,0.01302,-0.00014,0.00029,-0.022,-0.38455,-1.55511,0.00993,-0.0012,-0.00031,0.14282,-0.38979,-1.67538,3,38.0474,362.591,35.7097,179.9967,0.3253,-102.0725,0.0011,23.3933,0.3559
809,000809.png,False,1788892248.177674,1788892248.117674,shear_-Y_out,5,-Y,0.5,-0.05406,-0.39777,-1.42957,0.01318,0.00028,0.0004,-0.00826,-0.40241,-1.30193,0.01008,-0.00078,-0.00021,0.16182,-0.39441,-1.42235,3,38.0686,362.5705,35.7315,179.9955,0.3281,-102.0738,0.0046,23.4147,0.3345
810,000810.png,False,1788892248.765707,1788892248.705707,shear_-Y_out,5,-Y,0.5,-0.06208,-0.4253,-1.28497,0.01383,0.00016,0.00051,-0.01623,-0.42993,-1.15712,0.01074,-0.0009,-0.0001,0.16762,-0.41994,-1.27727,3,38.0774,362.5418,35.7485,179.9964,0.3254,-102.074,0.0026,23.4312,0.3181
811,000811.png,False,1788892248.957607,1788892248.897607,shear_-Y_out,5,-Y,0.5,-0.06672,-0.45148,-1.2419,0.01416,-7e-05,0.00042,-0.02085,-0.45611,-1.11399,0.01106,-0.00113,-0.00019,0.17639,-0.44425,-1.23375,3,38.0826,362.5259,35.7509,179.9969,0.3247,-102.0731,0.0079,23.4332,0.316
812,000812.png,False,1788892249.153727,1788892249.093727,shear_-Y_out,5,-Y,0.5,-0.06718,-0.47237,-1.23468,0.01489,8e-05,0.00048,-0.0213,-0.47699,-1.1067,0.01179,-0.00098,-0.00012,0.18637,-0.46245,-1.22617,3,38.0917,362.5114,35.7537,179.997,0.3247,-102.072,0.0026,23.4358,0.3135
813,000813.png,False,1788892249.349625,1788892249.289625,shear_-Y_out,5,-Y,0.5,-0.06113,-0.50739,-1.23666,0.0157,0.00032,0.00041,-0.01523,-0.51201,-1.10862,0.0126,-0.00074,-0.00019,0.20913,-0.48979,-1.22755,3,38.1045,362.4917,35.7534,179.9971,0.3243,-102.072,0.0023,23.4351,0.3142
814,000814.png,False,1788892249.545633,1788892249.485633,shear_-Y_out,5,-Y,0.5,-0.05956,-0.54204,-1.23204,0.01661,0.00035,0.00023,-0.01364,-0.54666,-1.10392,0.01351,-0.00072,-0.00038,0.22776,-0.51894,-1.22233,3,38.1179,362.47,35.754,179.9969,0.3249,-102.0733,0.008,23.4352,0.3141
815,000815.png,False,1788892249.933769,1788892249.873769,shear_-Y_out,5,-Y,0.5,-0.04643,-0.57351,-1.25969,0.01729,0.00065,0.00034,-0.00047,-0.57812,-1.13144,0.01419,-0.00041,-0.00026,0.25505,-0.54007,-1.24946,3,38.1383,362.4502,35.7539,179.9953,0.3282,-102.074,0.0034,23.4347,0.3146
816,000816.png,False,1788892250.129664,1788892250.069664,shear_-Y_out,5,-Y,0.5,-0.04175,-0.59205,-1.26343,0.01776,0.00089,0.00038,0.00422,-0.59666,-1.13511,0.01466,-0.00017,-0.00022,0.26839,-0.55386,-1.25289,3,38.1499,362.4372,35.7528,179.9951,0.3293,-102.0742,0.0091,23.4332,0.316
817,000817.png,False,1788892250.909708,1788892250.849709,shear_-Y_back,5,-Y,0.0,-0.04163,-0.61381,-1.33396,0.01837,0.00076,0.00048,0.00441,-0.6184,-1.20538,0.01526,-0.00031,-0.00012,0.27986,-0.57377,-1.32303,3,38.1612,362.4169,35.7459,179.9953,0.3287,-102.0738,0.0043,23.4259,0.3233
818,000818.png,False,1788892251.105721,1788892251.045722,shear_-Y_back,5,-Y,0.0,-0.04281,-0.61255,-1.32759,0.01831,0.0007,0.00038,0.00324,-0.61714,-1.19894,0.0152,-0.00036,-0.00023,0.27816,-0.57317,-1.31668,3,38.1615,362.4152,35.7467,179.9953,0.3287,-102.074,0.0019,23.4267,0.3225
819,000819.png,False,1788892251.301824,1788892251.241824,shear_-Y_back,5,-Y,0.0,-0.00217,-0.49432,-1.15699,0.01543,0.0016,0.00038,0.0439,-0.49891,-1.02828,0.01232,0.00053,-0.00023,0.25312,-0.44773,-1.14824,3,38.1485,362.4854,35.7629,179.9925,0.3351,-102.0762,0.0073,23.4442,0.3051
820,000820.png,False,1788892251.493845,1788892251.433845,shear_-Y_back,5,-Y,0.0,0.02227,-0.39439,-0.99497,0.01287,0.00237,0.00022,0.06836,-0.39898,-0.86619,0.00976,0.00131,-0.00039,0.22324,-0.34638,-0.98803,3,38.1372,362.5407,35.7784,179.9912,0.3388,-102.0794,0.0035,23.4606,0.2887
821,000821.png,False,1788892251.689844,1788892251.629844,shear_-Y_back,5,-Y,0.0,0.04744,-0.31784,-0.93743,0.01103,0.00299,0.00035,0.09355,-0.32242,-0.80858,0.00792,0.00192,-0.00026,0.20639,-0.26658,-0.93187,3,38.125,362.5932,35.7876,179.9894,0.3423,-102.0869,0.0099,23.4708,0.2785
822,000822.png,False,1788892251.885786,1788892251.825786,shear_-Y_back,5,-Y,0.0,0.03101,-0.33836,-1.11889,0.01173,0.00248,0.00016,0.07713,-0.34294,-0.98997,0.00861,0.00142,-0.00045,0.20367,-0.29548,-1.11291,3,38.1224,362.5774,35.7663,179.9921,0.3364,-102.086,0.0043,23.4492,0.3001
823,000823.png,False,1788892252.081770,1788892252.021770,shear_-Y_back,5,-Y,0.0,-0.01745,-0.23774,-1.52755,0.00957,0.00106,0.00019,0.02869,-0.24231,-1.39856,0.00645,-0.0,-0.00042,0.11425,-0.23909,-1.52316,3,38.0669,362.618,35.7254,179.9944,0.3307,-102.086,0.0012,23.4094,0.3399
824,000824.png,False,1788892252.277822,1788892252.217823,shear_-Y_back,5,-Y,0.0,-0.07138,-0.13701,-1.92124,0.00728,-0.00061,0.00018,-0.02522,-0.14158,-1.79218,0.00416,-0.00168,-0.00043,0.01994,-0.1851,-1.91842,3,38.0125,362.6443,35.6914,179.9969,0.3252,-102.0822,0.0064,23.3761,0.3731
825,000825.png,False,1788892252.469796,1788892252.409796,shear_-Y_back,5,-Y,0.0,-0.08408,-0.06745,-1.79004,0.00566,-0.00068,4e-05,-0.03791,-0.07201,-1.66092,0.00254,-0.00175,-0.00057,-0.02673,-0.1291,-1.78843,3,37.9851,362.6831,35.6993,179.9965,0.3255,-102.0803,0.0041,23.3849,0.3644
826,000826.png,False,1788892253.837869,1788892253.777869,shear_+Y_out,5,+Y,0.5,-0.06361,0.1028,-2.68517,0.00197,-0.00082,0.00022,-0.01731,0.09826,-2.55559,-0.00116,-0.00189,-0.0004,-0.08784,0.01424,-2.68642,3,37.9339,362.7861,35.6398,-179.9995,0.3157,-102.0916,0.0064,23.3274,0.4219
827,000827.png,False,1788892254.033875,1788892253.973875,shear_+Y_out,5,+Y,0.5,-0.05946,0.12786,-2.52892,0.00125,-0.00076,0.00032,-0.01315,0.12332,-2.39927,-0.00188,-0.00182,-0.0003,-0.09785,0.04051,-2.53063,3,37.9285,362.7961,35.6446,179.9998,0.3173,-102.0914,0.0089,23.3323,0.4169
828,000828.png,False,1788892254.225896,1788892254.165896,shear_+Y_out,5,+Y,0.5,-0.05596,0.15669,-2.42069,0.00069,-0.00038,0.00033,-0.00963,0.15215,-2.29097,-0.00244,-0.00144,-0.00029,-0.10997,0.06897,-2.42292,3,37.9224,362.8116,35.6514,179.9994,0.3183,-102.092,0.0,23.3394,0.4098
829,000829.png,False,1788892254.422009,1788892254.362009,shear_+Y_out,5,+Y,0.5,-0.04505,0.20011,-2.23982,-0.00048,-0.00017,0.00019,0.00129,0.19558,-2.11003,-0.00361,-0.00123,-0.00043,-0.12348,0.11492,-2.24286,3,37.9152,362.8352,35.6632,179.9991,0.3189,-102.0938,0.0052,23.3517,0.3976
830,000830.png,False,1788892254.618004,1788892254.558004,shear_+Y_out,5,+Y,0.5,-0.04164,0.27078,-2.07156,-0.00217,6e-05,0.00014,0.00472,0.26625,-1.9417,-0.00531,-0.00101,-0.00048,-0.157,0.18052,-2.07586,3,37.8983,362.8675,35.6741,179.9985,0.321,-102.0933,0.0058,23.3633,0.386
831,000831.png,False,1788892254.814008,1788892254.754008,shear_+Y_out,5,+Y,0.5,-0.0454,0.34581,-1.92362,-0.00414,0.00012,0.00024,0.00098,0.34129,-1.7937,-0.00727,-0.00095,-0.00038,-0.19877,0.246,-1.92924,3,37.878,362.9025,35.6871,179.9977,0.323,-102.0933,0.0005,23.3769,0.3724
832,000832.png,False,1788892255.005942,1788892254.945942,shear_+Y_out,5,+Y,0.5,-0.06215,0.40315,-1.87555,-0.00539,-0.00028,0.00019,-0.01575,0.39863,-1.74556,-0.00852,-0.00134,-0.00043,-0.24225,0.28806,-1.88213,3,37.8513,362.9298,35.6921,179.9973,0.3238,-102.092,0.009,23.3825,0.3668
833,000833.png,False,1788892255.202050,1788892255.142050,shear_+Y_out,5,+Y,0.5,-0.06266,0.43192,-2.15587,-0.00608,-0.00058,9e-05,-0.01625,0.4274,-2.02582,-0.00921,-0.00165,-0.00053,-0.25513,0.30823,-2.16291,3,37.8413,362.9447,35.666,179.9988,0.3202,-102.0922,0.0059,23.3568,0.3925
834,000834.png,False,1788892255.398040,1788892255.338040,shear_+Y_out,5,+Y,0.5,-0.05436,0.48393,-2.49858,-0.00724,-0.00062,6e-05,-0.00793,0.47941,-2.36846,-0.01038,-0.00168,-0.00055,-0.27155,0.35193,-2.50648,3,37.8312,362.9643,35.645,-179.9998,0.3163,-102.0922,0.0002,23.3362,0.4131
835,000835.png,False,1788892256.177994,1788892256.117994,shear_+Y_back,5,+Y,0.0,-0.05989,0.52941,-2.72364,-0.00812,-0.0007,0.00021,-0.01339,0.5249,-2.59325,-0.01126,-0.00176,-0.00041,-0.2975,0.38495,-2.73229,3,37.8143,362.987,35.6309,-179.9988,0.3143,-102.092,0.012,23.3225,0.4268
836,000836.png,False,1788892256.374120,1788892256.314120,shear_+Y_back,5,+Y,0.0,-0.0588,0.53481,-2.69164,-0.00859,-0.0009,0.00026,-0.01229,0.53031,-2.56118,-0.01173,-0.00196,-0.00036,-0.29948,0.39068,-2.70038,3,37.8112,362.9904,35.631,-179.9989,0.3145,-102.092,0.0068,23.3227,0.4266
837,000837.png,False,1788892256.570135,1788892256.510135,shear_+Y_back,5,+Y,0.0,-0.12374,0.35851,-3.00873,-0.00401,-0.0025,0.00051,-0.07721,0.35401,-2.87821,-0.00715,-0.00356,-0.00011,-0.26545,0.20046,-3.01424,3,37.8277,362.9072,35.6118,-179.9954,0.3066,-102.0905,0.0013,23.302,0.4472
838,000838.png,False,1788892256.762125,1788892256.702125,shear_+Y_back,5,+Y,0.0,-0.1186,0.36825,-2.9701,-0.00445,-0.00241,0.00023,-0.07205,0.36376,-2.83951,-0.00759,-0.00347,-0.00039,-0.26613,0.2121,-2.97579,3,37.8323,362.8789,35.603,-179.9942,0.3033,-102.0889,0.0031,23.2928,0.4564
839,000839.png,False,1788892256.958120,1788892256.898120,shear_+Y_back,5,+Y,0.0,-0.14323,0.29002,-3.15253,-0.00237,-0.003,0.00044,-0.09666,0.28553,-3.02187,-0.00551,-0.00407,-0.00019,-0.24711,0.12911,-3.15679,3,37.836,362.8556,35.5963,-179.9938,0.3016,-102.0831,0.0028,23.2857,0.4636
840,000840.png,False,1788892257.154129,1788892257.094129,shear_+Y_back,5,+Y,0.0,-0.17138,0.19764,-3.26377,-0.00018,-0.0039,0.00031,-0.1248,0.19315,-3.13304,-0.00332,-0.00496,-0.00031,-0.22457,0.03325,-3.26635,3,37.8419,362.8335,35.594,-179.9933,0.301,-102.0768,0.008,23.2829,0.4663
841,000841.png,False,1788892257.350145,1788892257.290145,shear_+Y_back,5,+Y,0.0,-0.16642,0.17826,-3.15107,0.0004,-0.0036,0.00041,-0.11982,0.17378,-3.02028,-0.00275,-0.00466,-0.00022,-0.21138,0.02076,-3.15335,3,37.8493,362.8252,35.5992,-179.9933,0.3012,-102.0739,0.0069,23.288,0.4612
842,000842.png,False,1788892257.542161,1788892257.482162,shear_+Y_back,5,+Y,0.0,-0.098,0.13295,-2.72824,0.00128,-0.00166,0.00031,-0.05138,0.12847,-2.59739,-0.00187,-0.00273,-0.00031,-0.1324,0.02247,-2.72994,3,37.8858,362.8214,35.6226,-179.9946,0.3043,-102.0757,0.0022,23.311,0.4382
843,000843.png,False,1788892258.518272,1788892258.458272,shear_+Y_back,5,+Y,0.0,-0.04252,0.03023,-2.42908,0.00364,-0.00015,0.00041,0.00418,0.02576,-2.29788,0.00048,-0.00121,-0.00021,-0.0351,-0.03398,-2.42915,3,37.9436,362.7794,35.6438,179.999,0.32,-102.084,0.0091,23.3312,0.4181
844,000844.png,False,1788892262.226407,1788892262.166407,shear_+X_out,6,+X,0.5,-0.05217,0.019,-1.32515,0.00352,0.00046,0.00068,-0.00514,0.0146,-1.19269,0.00035,-0.0006,5e-05,-0.04549,-0.03084,-1.32518,3,37.9347,362.7849,35.751,179.9996,0.3183,-102.0842,0.0028,23.4385,0.3108
845,000845.png,False,1788892263.006458,1788892262.946458,shear_+X_out,6,+X,0.5,0.04836,0.05142,-1.25524,0.00279,0.00288,0.00056,0.09546,0.04703,-1.12251,-0.00039,0.00181,-8e-05,0.0249,0.04859,-1.25604,3,37.9743,362.8332,35.7592,179.9987,0.3208,-102.0805,0.0098,23.4473,0.302
846,000846.png,False,1788892263.202466,1788892263.142467,shear_+X_out,6,+X,0.5,0.11636,0.03389,-1.17282,0.003,0.00447,0.00055,0.16347,0.0295,-1.04002,-0.00018,0.0034,-9e-05,0.09199,0.0687,-1.17346,3,38.0163,362.8496,35.7677,179.9985,0.3214,-102.0835,0.0042,23.4557,0.2935
847,000847.png,False,1788892263.398490,1788892263.338490,shear_+X_out,6,+X,0.5,0.16449,0.04468,-1.12067,0.00279,0.0056,0.00062,0.21162,0.0403,-0.9878,-0.00039,0.00453,-2e-05,0.12793,0.10294,-1.12161,3,38.0438,362.8732,35.7745,179.998,0.3226,-102.0838,0.0018,23.4626,0.2866
848,000848.png,False,1788892263.590528,1788892263.530529,shear_+X_out,6,+X,0.5,0.22045,0.04023,-1.2218,0.00283,0.00684,0.00075,0.2676,0.03585,-1.08887,-0.00036,0.00578,0.00011,0.17933,0.12542,-1.22275,3,38.0758,362.8851,35.7631,179.9985,0.3214,-102.0862,0.0089,23.4513,0.298
849,000849.png,False,1788892263.786444,1788892263.726444,shear_+X_out,6,+X,0.5,0.24794,0.03569,-1.38516,0.00304,0.00757,0.00072,0.2951,0.03132,-1.25215,-0.00014,0.00651,8e-05,0.20654,0.13261,-1.38606,3,38.0938,362.8915,35.7479,179.9997,0.3186,-102.0824,0.0034,23.4361,0.3132
850,000850.png,False,1788892263.982508,1788892263.922508,shear_+X_out,6,+X,0.5,0.29729,0.03262,-1.38342,0.0032,0.00874,0.00069,0.34448,0.02824,-1.25035,2e-05,0.00767,5e-05,0.25081,0.15463,-1.38437,3,38.1216,362.9054,35.7473,179.9999,0.3181,-102.0853,0.0036,23.4355,0.3138
851,000851.png,False,1788892265.346503,1788892265.286503,shear_+X_out,6,+X,0.5,0.35425,0.04437,-1.2617,0.00284,0.01022,0.0008,0.40155,0.04002,-1.12816,-0.00035,0.00915,0.00016,0.29344,0.19522,-1.26298,3,38.1597,362.9376,35.7607,-179.9998,0.3175,-102.0848,0.0029,23.4491,0.3002
852,000852.png,False,1788892265.542651,1788892265.482651,shear_+X_out,6,+X,0.5,0.37452,0.04153,-1.2289,0.00296,0.01053,0.00071,0.42184,0.03719,-1.09529,-0.00024,0.00947,7e-05,0.31218,0.20342,-1.23018,3,38.1763,362.9412,35.7635,-179.9999,0.3177,-102.0853,0.0021,23.4519,0.2974
853,000853.png,False,1788892265.738589,1788892265.678589,shear_+X_out,6,+X,0.5,0.40425,0.032,-1.16265,0.00299,0.01126,0.00055,0.45159,0.02766,-1.02898,-0.00021,0.0102,-0.0001,0.34224,0.21108,-1.16384,3,38.1945,362.9513,35.7692,179.9997,0.3183,-102.0857,0.0091,23.4576,0.2917
854,000854.png,False,1788892265.934525,1788892265.874525,shear_+X_out,6,+X,0.5,0.43305,0.03404,-1.09977,0.003,0.01201,0.00054,0.48041,0.0297,-0.96603,-0.00019,0.01094,-0.00011,0.36574,0.22824,-1.10106,3,38.2165,362.9659,35.778,179.9994,0.3191,-102.0851,0.0056,23.4664,0.2828
855,000855.png,False,1788892266.126647,1788892266.066647,shear_+X_out,6,+X,0.5,0.46145,0.03844,-1.07409,0.00296,0.01261,0.00055,0.50883,0.03411,-0.94028,-0.00023,0.01154,-0.0001,0.38796,0.24666,-1.07552,3,38.235,362.9793,35.7817,179.999,0.3201,-102.0857,0.004,23.4702,0.279
856,000856.png,False,1788892266.322546,1788892266.262546,shear_+X_out,6,+X,0.5,0.48026,0.04306,-1.10552,0.00287,0.01315,0.00048,0.52765,0.03873,-0.97165,-0.00033,0.01209,-0.00016,0.40216,0.25956,-1.10706,3,38.2509,362.9907,35.7779,179.999,0.3201,-102.0861,0.0097,23.4665,0.2828
857,000857.png,False,1788892266.518635,1788892266.458635,shear_+X_out,6,+X,0.5,0.51002,0.03643,-1.22212,0.00294,0.01375,0.0005,0.55743,0.0321,-1.08818,-0.00026,0.01268,-0.00014,0.43206,0.26682,-1.22359,3,38.2681,362.9941,35.7643,-180.0,0.3177,-102.0855,0.0049,23.4529,0.2964
858,000858.png,False,1788892266.714566,1788892266.654567,shear_+X_out,6,+X,0.5,0.53655,0.03544,-1.32335,0.00297,0.01442,0.00058,0.58397,0.03112,-1.18934,-0.00023,0.01336,-6e-05,0.45623,0.27759,-1.32483,3,38.281,363.0031,35.7543,-179.9996,0.3167,-102.0835,0.0001,23.443,0.3063
859,000859.png,False,1788892266.906582,1788892266.846582,shear_+X_out,6,+X,0.5,0.56897,0.04822,-1.3431,0.00265,0.01521,0.00062,0.61641,0.0439,-1.20902,-0.00055,0.01414,-3e-05,0.47807,0.30454,-1.34487,3,38.2962,363.0166,35.7546,-179.9993,0.3161,-102.0833,0.0101,23.4433,0.3059
860,000860.png,False,1788892267.882710,1788892267.822710,shear_+X_back,6,+X,0.0,0.60721,0.0274,-1.35877,0.00332,0.01621,0.00068,0.65473,0.0231,-1.22436,0.00012,0.01514,3e-05,0.5217,0.30537,-1.36025,3,38.3342,363.023,35.7535,-179.9992,0.3159,-102.0859,0.0033,23.4421,0.3072
861,000861.png,False,1788892268.078834,1788892268.018834,shear_+X_back,6,+X,0.0,0.56306,-0.05251,-1.46748,0.00516,0.01514,0.00073,0.6106,-0.05681,-1.333,0.00195,0.01408,8e-05,0.52414,0.21236,-1.46747,3,38.3334,362.9748,35.742,-179.9972,0.3108,-102.0916,0.0098,23.4298,0.3195
862,000862.png,False,1788892268.274749,1788892268.214749,shear_+X_back,6,+X,0.0,0.38931,-0.01928,-1.57368,0.00453,0.01102,0.00066,0.43687,-0.02357,-1.43913,0.00132,0.00995,1e-05,0.35777,0.15262,-1.57388,3,38.2388,362.9392,35.729,-179.9954,0.3069,-102.0892,0.0038,23.4169,0.3324
863,000863.png,False,1788892268.662796,1788892268.602796,shear_+X_back,6,+X,0.0,0.21011,0.03649,-1.70377,0.00325,0.00668,0.00069,0.2577,0.0322,-1.5691,4e-05,0.00561,4e-05,0.17558,0.10929,-1.70457,3,38.1379,362.9155,35.7182,-179.9951,0.3061,-102.0887,0.001,23.4064,0.3429
864,000864.png,False,1788892269.250703,1788892269.190703,shear_+X_back,6,+X,0.0,0.02634,0.06924,-1.38421,0.00237,0.00246,0.00064,0.07399,0.06496,-1.24933,-0.00085,0.0014,-1e-05,-0.00218,0.05096,-1.38525,3,38.0248,362.8637,35.7442,-179.9978,0.3128,-102.0881,0.0099,23.4324,0.3168
865,000865.png,False,1788892269.834835,1788892269.774835,shear_+X_back,6,+X,0.0,-0.12207,0.08085,-1.35722,0.00215,-0.00109,0.00038,-0.07437,0.07658,-1.22214,-0.00107,-0.00215,-0.00027,-0.13672,-0.01272,-1.35817,3,37.9293,362.8226,35.7444,-179.9986,0.3144,-102.0918,0.0085,23.4326,0.3166
866,000866.png,False,1788892270.614787,1788892270.554787,shear_-X_out,6,-X,0.5,-0.11592,0.03444,-1.23024,0.0033,-0.00087,0.00066,-0.06815,0.03018,-1.09489,8e-05,-0.00194,0.0,-0.10909,-0.0478,-1.23041,3,37.9379,362.7751,35.7632,179.9988,0.3213,-102.0922,0.009,23.4506,0.2987
867,000867.png,False,1788892270.810938,1788892270.750938,shear_-X_out,6,-X,0.5,-0.11686,0.01401,-1.14863,0.00364,-0.00082,0.00073,-0.06908,0.00976,-1.01322,0.00041,-0.00189,8e-05,-0.10026,-0.06466,-1.14847,3,37.9354,362.7861,35.7699,179.9973,0.325,-102.0936,0.0056,23.4575,0.2918
868,000868.png,False,1788892271.006949,1788892270.946949,shear_-X_out,6,-X,0.5,-0.12669,0.01689,-1.17787,0.00361,-0.0011,0.00066,-0.07889,0.01264,-1.04239,0.00038,-0.00217,1e-05,-0.11001,-0.06754,-1.17773,3,37.9289,362.7841,35.767,179.9969,0.326,-102.0966,0.0004,23.4546,0.2947
869,000869.png,False,1788892271.198928,1788892271.138928,shear_-X_out,6,-X,0.5,-0.18573,0.03945,-1.22131,0.00311,-0.00245,0.00055,-0.13792,0.0352,-1.08577,-0.00012,-0.00352,-0.0001,-0.17213,-0.07821,-1.22144,3,37.891,362.7742,35.7604,179.9975,0.325,-102.0951,0.0089,23.4481,0.3012
870,000870.png,False,1788892271.394824,1788892271.334824,shear_-X_out,6,-X,0.5,-0.24876,0.03778,-1.30146,0.00318,-0.004,0.00055,-0.20093,0.03353,-1.16585,-4e-05,-0.00507,-0.0001,-0.22533,-0.11243,-1.30142,3,37.8582,362.7558,35.7533,179.9981,0.3236,-102.0914,0.0059,23.4409,0.3084
871,000871.png,False,1788892271.590859,1788892271.530859,shear_-X_out,6,-X,0.5,-0.2865,0.01951,-1.41156,0.00374,-0.00498,0.00061,-0.23865,0.01527,-1.27588,0.00052,-0.00605,-5e-05,-0.24813,-0.14887,-1.41111,3,37.8407,362.7298,35.744,179.9987,0.322,-102.0927,0.0001,23.4313,0.3179
872,000872.png,False,1788892271.786994,1788892271.726995,shear_-X_out,6,-X,0.5,-0.34253,0.01902,-1.4431,0.00359,-0.00628,0.00057,-0.29466,0.01478,-1.30735,0.00036,-0.00735,-9e-05,-0.2962,-0.1778,-1.44253,3,37.8101,362.7149,35.7386,179.9991,0.321,-102.0927,0.005,23.4259,0.3234
873,000873.png,False,1788892271.982850,1788892271.922850,shear_-X_out,6,-X,0.5,-0.36898,0.02616,-1.33307,0.00362,-0.00683,0.00069,-0.32109,0.02192,-1.19725,0.00039,-0.0079,3e-05,-0.32344,-0.18306,-1.33258,3,37.7899,362.7084,35.7521,179.9978,0.324,-102.0925,0.0096,23.4394,0.3098
874,000874.png,False,1788892272.174869,1788892272.114869,shear_-X_out,6,-X,0.5,-0.40394,0.02996,-1.17476,0.00337,-0.00748,0.00059,-0.35604,0.02573,-1.03888,0.00014,-0.00855,-7e-05,-0.35673,-0.1947,-1.17429,3,37.7675,362.6978,35.7675,179.9973,0.3257,-102.092,0.0031,23.4548,0.2944
875,000875.png,False,1788892272.370878,1788892272.310878,shear_-X_out,6,-X,0.5,-0.43377,0.03652,-1.11887,0.00318,-0.00822,0.00054,-0.38585,0.0323,-0.98292,-5e-05,-0.00928,-0.00012,-0.38623,-0.20303,-1.11847,3,37.7422,362.6879,35.7732,179.9973,0.3257,-102.0923,0.0095,23.4605,0.2888
876,000876.png,False,1788892272.955067,1788892272.895067,shear_-X_out,6,-X,0.5,-0.47037,0.02372,-1.14253,0.00345,-0.00924,0.00044,-0.42241,0.0195,-1.00638,0.00021,-0.01031,-0.00022,-0.41137,-0.23279,-1.14183,3,37.7096,362.6635,35.7701,179.9968,0.3269,-102.0929,0.0083,23.4572,0.292
877,000877.png,False,1788892273.150920,1788892273.090920,shear_-X_out,6,-X,0.5,-0.49669,0.03024,-1.13016,0.00333,-0.00974,0.00051,-0.4487,0.02602,-0.99394,0.0001,-0.01081,-0.00016,-0.43751,-0.24009,-1.12952,3,37.6939,362.6563,35.7737,179.9968,0.3267,-102.0931,0.0008,23.4608,0.2884
878,000878.png,False,1788892273.347031,1788892273.287031,shear_-X_out,6,-X,0.5,-0.52097,0.03364,-1.10193,0.00322,-0.01042,0.0004,-0.47296,0.02943,-0.96564,-2e-05,-0.01149,-0.00027,-0.46044,-0.24883,-1.1013,3,37.6715,362.648,35.7756,179.9966,0.3266,-102.092,0.006,23.4627,0.2865
879,000879.png,False,1788892273.542935,1788892273.482935,shear_-X_out,6,-X,0.5,-0.54603,0.03607,-1.14227,0.00309,-0.01099,0.0004,-0.49801,0.03186,-1.00591,-0.00015,-0.01206,-0.00027,-0.48308,-0.25989,-1.14162,3,37.6526,362.6394,35.771,179.9965,0.3275,-102.0929,0.0087,23.4582,0.2911
880,000880.png,False,1788892273.931075,1788892273.871075,shear_-X_out,6,-X,0.5,-0.58786,0.03707,-1.12381,0.00312,-0.01207,0.00021,-0.5398,0.03287,-0.98733,-0.00012,-0.01314,-0.00046,-0.51994,-0.27963,-1.12311,3,37.6226,362.6218,35.7722,179.9964,0.3277,-102.0938,0.0081,23.4593,0.29
881,000881.png,False,1788892274.127059,1788892274.067059,shear_-X_out,6,-X,0.5,-0.61243,0.03985,-1.14332,0.00314,-0.01247,0.0003,-0.56436,0.03565,-1.00677,-0.0001,-0.01354,-0.00036,-0.54248,-0.28981,-1.14262,3,37.6041,362.615,35.7723,179.9964,0.3282,-102.0931,0.0067,23.4594,0.2899
882,000882.png,False,1788892274.322981,1788892274.262981,shear_-X_out,6,-X,0.5,-0.63471,0.04127,-1.14652,0.00317,-0.01315,0.00027,-0.58662,0.03708,-1.0099,-7e-05,-0.01421,-0.0004,-0.56246,-0.29976,-1.14579,3,37.5845,362.6044,35.7711,179.9962,0.3279,-102.0927,0.0009,23.4581,0.2911
883,000883.png,False,1788892274.907138,1788892274.847138,shear_-X_back,6,-X,0.0,-0.63363,0.04567,-1.16518,0.00302,-0.01315,0.00042,-0.58549,0.04149,-1.02836,-0.00022,-0.01422,-0.00025,-0.5636,-0.29571,-1.16453,3,37.5723,362.5999,35.7717,179.9959,0.3292,-102.0933,0.0014,23.4588,0.2905
884,000884.png,False,1788892275.103159,1788892275.043159,shear_-X_back,6,-X,0.0,-0.63024,0.04137,-1.15948,0.00305,-0.0131,0.00033,-0.58208,0.03719,-1.02259,-0.00019,-0.01416,-0.00034,-0.55855,-0.29765,-1.15876,3,37.5699,362.601,35.7726,179.9956,0.3295,-102.0931,0.008,23.4597,0.2896
885,000885.png,False,1788892275.491048,1788892275.431048,shear_-X_back,6,-X,0.0,-0.44634,0.04771,-0.95985,0.00271,-0.00858,0.00038,-0.39815,0.04353,-0.82283,-0.00054,-0.00965,-0.00029,-0.40381,-0.19708,-0.95964,3,37.6554,362.6545,35.7916,179.9939,0.3345,-102.0897,0.0023,23.479,0.2703
886,000886.png,False,1788892275.687060,1788892275.627060,shear_-X_back,6,-X,0.0,-0.33449,0.05052,-0.84047,0.00269,-0.00578,0.00026,-0.28628,0.04635,-0.70338,-0.00056,-0.00685,-0.00041,-0.30916,-0.13684,-0.84054,4,37.7207,362.6985,35.8082,179.992,0.3391,-102.0895,0.009,23.4958,0.2535
887,000887.png,False,1788892275.883066,1788892275.823066,shear_-X_back,6,-X,0.0,-0.30479,0.03242,-0.86624,0.00306,-0.00525,0.00062,-0.25656,0.02825,-0.72908,-0.00019,-0.00632,-4e-05,-0.2742,-0.13809,-0.86606,3,37.7508,362.7071,35.8104,179.992,0.3386,-102.0899,0.0021,23.498,0.2513
888,000888.png,False,1788892276.079075,1788892276.019075,shear_-X_back,6,-X,0.0,-0.21197,0.0095,-0.83633,0.0035,-0.00292,0.00072,-0.16373,0.00533,-0.69911,0.00024,-0.00398,5e-05,-0.18256,-0.11109,-0.83595,3,37.8061,362.7205,35.8111,179.9916,0.3391,-102.0882,0.0077,23.4985,0.2508
889,000889.png,False,1788892276.275155,1788892276.215155,shear_-X_back,6,-X,0.0,-0.13544,0.01487,-0.93193,0.00333,-0.0013,0.00069,-0.08718,0.01071,-0.79464,7e-05,-0.00237,2e-05,-0.11829,-0.06973,-0.93178,3,37.851,362.7423,35.7979,179.9919,0.3392,-102.0895,0.0027,23.4853,0.2639
890,000890.png,False,1788892276.467186,1788892276.407187,shear_-X_back,6,-X,0.0,-0.07889,0.03876,-1.19045,0.00318,-5e-05,0.00072,-0.03061,0.0346,-1.0531,-8e-05,-0.00111,5e-05,-0.07945,-0.02492,-1.19079,3,37.8807,362.7748,35.7725,179.9924,0.3375,-102.0881,0.0082,23.4603,0.289
891,000891.png,False,1788892276.663193,1788892276.603194,shear_-X_back,6,-X,0.0,-0.04279,0.05117,-1.18833,0.00293,0.00095,0.00052,0.00551,0.04701,-1.0509,-0.00033,-0.00012,-0.00015,-0.05439,0.0039,-1.18895,3,37.9116,362.8013,35.7696,179.9929,0.337,-102.0881,0.0023,23.4576,0.2917
892,000892.png,False,1788892277.639230,1788892277.579231,shear_-Y_out,6,-Y,0.5,-0.02439,0.01468,-1.19096,0.00373,0.0014,0.00085,0.02399,0.01054,-1.0532,0.00047,0.00033,0.00017,-0.0202,-0.01855,-1.19099,3,37.9321,362.7901,35.7704,179.9979,0.3237,-102.0896,0.0083,23.458,0.2913
893,000893.png,False,1788892278.027189,1788892277.967189,shear_-Y_out,6,-Y,0.5,-0.04198,-0.03667,-1.21768,0.00487,0.00089,0.00081,0.00643,-0.0408,-1.07979,0.00161,-0.00018,0.00013,-0.0096,-0.07224,-1.21677,3,37.9392,362.7591,35.766,179.9992,0.321,-102.0879,0.0077,23.453,0.2962
894,000894.png,False,1788892278.223289,1788892278.163289,shear_-Y_out,6,-Y,0.5,-0.04713,-0.07943,-1.24355,0.00578,0.00068,0.00086,0.0013,-0.08356,-1.10559,0.00251,-0.00039,0.00019,0.00748,-0.11226,-1.24189,3,37.9495,362.7356,35.7639,179.9997,0.3198,-102.0879,0.007,23.4505,0.2987
895,000895.png,False,1788892278.419320,1788892278.359320,shear_-Y_out,6,-Y,0.5,-0.03991,-0.12697,-1.20035,0.00701,0.00098,0.00097,0.00854,-0.1311,-1.06232,0.00374,-9e-05,0.0003,0.03719,-0.14913,-1.19789,3,37.9711,362.7127,35.7681,179.9994,0.3206,-102.0885,0.0017,23.4543,0.295
896,000896.png,False,1788892278.615345,1788892278.555345,shear_-Y_out,6,-Y,0.5,-0.01616,-0.17696,-1.15546,0.00803,0.00143,0.00108,0.0323,-0.18108,-1.01737,0.00476,0.00037,0.00041,0.08243,-0.17984,-1.15219,3,37.9966,362.6916,35.7747,179.9986,0.3219,-102.0909,0.0038,23.4603,0.289
897,000897.png,False,1788892278.811223,1788892278.751223,shear_-Y_out,6,-Y,0.5,-0.0203,-0.21765,-1.15323,0.00909,0.00148,0.00094,0.02818,-0.22177,-1.01507,0.00583,0.00041,0.00027,0.09915,-0.21711,-1.14924,3,38.0115,362.667,35.7715,179.9984,0.3232,-102.0909,0.0094,23.4566,0.2927
898,000898.png,False,1788892279.003239,1788892278.943239,shear_-Y_out,6,-Y,0.5,-0.02243,-0.24542,-1.17147,0.00963,0.00136,0.00085,0.02607,-0.24953,-1.03324,0.00636,0.00029,0.00017,0.11131,-0.24252,-1.16699,3,38.0223,362.6492,35.7709,179.9973,0.3252,-102.0907,0.0014,23.4557,0.2936
899,000899.png,False,1788892279.199355,1788892279.139355,shear_-Y_out,6,-Y,0.5,-0.03167,-0.28563,-1.12274,0.01063,0.00119,0.00072,0.01685,-0.28975,-0.98444,0.00736,0.00012,5e-05,0.12306,-0.28119,-1.11755,3,38.0339,362.6235,35.7734,179.9977,0.3248,-102.0901,0.0033,23.4577,0.2916
900,000900.png,False,1788892279.395256,1788892279.335256,shear_-Y_out,6,-Y,0.5,-0.03681,-0.32578,-1.11421,0.01162,0.00105,0.00096,0.01173,-0.32989,-0.97585,0.00834,-1e-05,0.00028,0.13861,-0.31839,-1.10832,3,38.047,362.5944,35.7762,179.998,0.3235,-102.0903,0.0095,23.4599,0.2894
901,000901.png,False,1788892279.783380,1788892279.723380,shear_-Y_out,6,-Y,0.5,-0.02505,-0.34394,-1.10118,0.012,0.00134,0.00073,0.02351,-0.34804,-0.96269,0.00872,0.00027,5e-05,0.15777,-0.32803,-1.095,3,38.066,362.5827,35.7761,179.9977,0.3243,-102.0912,0.0092,23.4594,0.2898
902,000902.png,False,1788892280.175349,1788892280.115350,shear_-Y_out,6,-Y,0.5,-0.02801,-0.38491,-1.09855,0.01295,0.00128,0.00092,0.02059,-0.389,-0.95992,0.00967,0.00022,0.00024,0.17566,-0.36495,-1.09166,3,38.0811,362.552,35.7799,179.998,0.3242,-102.0912,0.0033,23.4627,0.2865
903,000903.png,False,1788892280.371380,1788892280.311380,shear_-Y_out,6,-Y,0.5,-0.03401,-0.41055,-1.14138,0.0137,0.00131,0.00098,0.01461,-0.41464,-1.00269,0.01042,0.00024,0.0003,0.18357,-0.39084,-1.13402,3,38.0884,362.5345,35.776,179.998,0.3237,-102.0905,0.0083,23.4584,0.2908
904,000904.png,False,1788892280.567456,1788892280.507457,shear_-Y_out,6,-Y,0.5,-0.03784,-0.45074,-1.1446,0.01446,0.00101,0.00094,0.0108,-0.45483,-1.00584,0.01118,-6e-05,0.00026,0.20036,-0.42761,-1.13653,3,38.0993,362.5095,35.7755,179.998,0.3235,-102.0901,0.0069,23.4575,0.2918
905,000905.png,False,1788892280.759481,1788892280.699481,shear_-Y_out,6,-Y,0.5,-0.03196,-0.46619,-1.10421,0.01482,0.00117,0.00075,0.01669,-0.47027,-0.96538,0.01154,0.00011,7e-05,0.21289,-0.43741,-1.09589,3,38.1102,362.4977,35.7789,179.9977,0.3243,-102.0907,0.0024,23.4606,0.2886
906,000906.png,False,1788892280.955381,1788892280.895381,shear_-Y_out,6,-Y,0.5,-0.04089,-0.51429,-1.13045,0.01593,0.00101,0.001,0.00778,-0.51837,-0.99155,0.01265,-6e-05,0.00032,0.22937,-0.48395,-1.12128,3,38.1252,362.4643,35.7761,179.9986,0.3228,-102.0901,0.0077,23.4572,0.2921
907,000907.png,False,1788892281.151349,1788892281.091349,shear_-Y_out,6,-Y,0.5,-0.02613,-0.55207,-1.09435,0.01685,0.00138,0.00079,0.02256,-0.55614,-0.95539,0.01357,0.00031,0.00011,0.26078,-0.50871,-1.08456,3,38.1485,362.4446,35.7778,179.9983,0.3229,-102.0918,0.0073,23.4584,0.2909
908,000908.png,False,1788892282.319417,1788892282.259418,shear_-Y_back,6,-Y,0.0,-0.02223,-0.56939,-1.06718,0.01736,0.00156,0.00099,0.02656,-0.57345,-0.92781,0.01407,0.00049,0.0003,0.27262,-0.52133,-1.0571,3,38.1729,362.4137,35.7873,179.9971,0.3264,-102.0918,0.0046,23.4672,0.2821
909,000909.png,False,1788892282.515533,1788892282.455534,shear_-Y_back,6,-Y,0.0,0.01821,-0.45733,-0.93466,0.01456,0.00241,0.00101,0.06702,-0.46139,-0.79522,0.01127,0.00134,0.00032,0.25075,-0.40195,-0.92662,3,38.158,362.4807,35.8023,179.9944,0.3324,-102.0944,0.0007,23.4834,0.2658
910,000910.png,False,1788892282.711489,1788892282.651489,shear_-Y_back,6,-Y,0.0,0.03902,-0.35582,-0.78646,0.01195,0.00306,0.00102,0.08785,-0.35987,-0.64696,0.00866,0.00199,0.00033,0.21703,-0.30126,-0.78025,3,38.1436,362.5489,35.8241,179.9928,0.3362,-102.0982,0.0082,23.5064,0.2428
911,000911.png,False,1788892282.907449,1788892282.847449,shear_-Y_back,6,-Y,0.0,0.05898,-0.28727,-0.75332,0.01048,0.00345,0.00104,0.10782,-0.29132,-0.61375,0.00719,0.00238,0.00036,0.19984,-0.23139,-0.74834,3,38.1329,362.5927,35.8305,179.9917,0.3388,-102.1053,0.0069,23.5136,0.2357
912,000912.png,False,1788892283.103538,1788892283.043538,shear_-Y_back,6,-Y,0.0,0.03622,-0.29866,-0.82613,0.01083,0.00289,0.00067,0.08508,-0.30271,-0.6865,0.00753,0.00182,-2e-05,0.18632,-0.2538,-0.8209,3,38.1207,362.5851,35.8151,179.9936,0.3337,-102.1042,0.0005,23.4981,0.2511
913,000913.png,False,1788892283.295561,1788892283.235561,shear_-Y_back,6,-Y,0.0,-0.0287,-0.19845,-1.18016,0.00863,0.00119,0.00064,0.02018,-0.20249,-1.04046,0.00534,0.00012,-4e-05,0.08247,-0.20511,-1.17648,3,38.051,362.626,35.7712,179.9966,0.3268,-102.1016,0.0085,23.4553,0.2939
914,000914.png,False,1788892285.051571,1788892284.991571,shear_+Y_out,6,+Y,0.5,-0.04627,0.0861,-1.90682,0.00229,0.00028,0.0008,0.00276,0.08209,-1.76651,-0.00101,-0.00079,0.00011,-0.06988,0.0209,-1.90793,3,37.9291,362.7948,35.7039,-179.9987,0.3156,-102.1096,0.0033,23.3916,0.3576
915,000915.png,False,1788892285.247572,1788892285.187572,shear_+Y_out,6,+Y,0.5,-0.05661,0.10003,-1.84209,0.00186,1e-05,0.00083,-0.00756,0.09602,-1.70172,-0.00145,-0.00106,0.00014,-0.08624,0.02884,-1.84343,3,37.9213,362.7976,35.7047,-179.9986,0.3149,-102.1096,0.0077,23.3925,0.3568
916,000916.png,False,1788892285.443591,1788892285.383591,shear_+Y_out,6,+Y,0.5,-0.05512,0.12442,-1.76652,0.00135,7e-05,0.00074,-0.00606,0.12041,-1.62608,-0.00196,-0.001,5e-05,-0.09766,0.05192,-1.7683,3,37.9148,362.8141,35.7128,-179.999,0.3164,-102.1109,0.0028,23.4009,0.3483
917,000917.png,False,1788892285.639714,1788892285.579714,shear_+Y_out,6,+Y,0.5,-0.04479,0.1797,-1.58668,-3e-05,0.00046,0.00059,0.00429,0.1757,-1.44618,-0.00334,-0.00061,-0.0001,-0.11758,0.10784,-1.58947,3,37.9052,362.8433,35.7252,-179.9996,0.3178,-102.1114,0.0027,23.4139,0.3354
918,000918.png,False,1788892285.831718,1788892285.771719,shear_+Y_out,6,+Y,0.5,-0.0391,0.23676,-1.42204,-0.0015,0.00076,0.00047,0.01,0.23276,-1.28147,-0.0048,-0.00031,-0.00023,-0.1423,0.16274,-1.42585,3,37.8898,362.8766,35.7403,179.9998,0.3192,-102.1109,0.0078,23.4296,0.3196
919,000919.png,False,1788892286.027620,1788892285.967620,shear_+Y_out,6,+Y,0.5,-0.03948,0.29176,-1.34854,-0.00282,0.00065,0.00068,0.00964,0.28777,-1.2079,-0.00613,-0.00042,-1e-05,-0.17062,0.21136,-1.35332,3,37.8716,362.9072,35.7502,179.9991,0.321,-102.1107,0.003,23.4401,0.3092
920,000920.png,False,1788892286.223629,1788892286.163630,shear_+Y_out,6,+Y,0.5,-0.05326,0.33441,-1.30001,-0.0038,0.00034,0.00041,-0.00413,0.33041,-1.1593,-0.00711,-0.00073,-0.00029,-0.2042,0.24218,-1.3055,3,37.8486,362.9323,35.7538,179.9989,0.3214,-102.1092,0.0047,23.4443,0.305
921,000921.png,False,1788892286.419747,1788892286.359747,shear_+Y_out,6,+Y,0.5,-0.05632,0.38218,-1.55658,-0.00493,6e-05,0.00058,-0.00718,0.37819,-1.41581,-0.00824,-0.00101,-0.00011,-0.22894,0.27791,-1.56286,3,37.8317,362.9536,35.7284,-179.9996,0.3183,-102.1096,0.01,23.4194,0.3299
922,000922.png,False,1788892286.611736,1788892286.551736,shear_+Y_out,6,+Y,0.5,-0.05063,0.41739,-1.89031,-0.00574,9e-05,0.00058,-0.00147,0.4134,-1.74947,-0.00906,-0.00098,-0.00011,-0.23929,0.30591,-1.89716,3,37.8226,362.9715,35.7015,-179.9982,0.3142,-102.1105,0.0006,23.3928,0.3565
923,000923.png,False,1788892286.807663,1788892286.747663,shear_+Y_out,6,+Y,0.5,-0.0463,0.44261,-1.98809,-0.0064,4e-05,0.00074,0.00288,0.43862,-1.84718,-0.00971,-0.00103,5e-05,-0.24746,0.32835,-1.99537,3,37.8174,362.983,35.6956,-179.9974,0.3124,-102.1109,0.0049,23.3872,0.3621
924,000924.png,False,1788892288.367872,1788892288.307873,shear_+Y_out,6,+Y,0.5,-0.04746,0.4559,-1.64504,-0.00658,0.00028,0.00068,0.00186,0.45195,-1.5036,-0.0099,-0.00079,-2e-05,-0.25748,0.34478,-1.6526,3,37.8086,363.002,35.7218,-179.9964,0.3099,-102.1114,0.0052,23.4136,0.3356
925,000925.png,False,1788892288.563847,1788892288.503847,shear_+Y_out,6,+Y,0.5,-0.03784,0.4788,-1.56655,-0.00716,0.00051,0.0006,0.01149,0.47485,-1.42504,-0.01049,-0.00056,-0.0001,-0.26114,0.37067,-1.57454,3,37.8029,363.0205,35.7289,-179.9969,0.3112,-102.1124,0.0096,23.4211,0.3281
926,000926.png,False,1788892288.759856,1788892288.699856,shear_+Y_out,6,+Y,0.5,-0.03459,0.50527,-1.51815,-0.00792,0.00056,0.00074,0.01477,0.50132,-1.37657,-0.01124,-0.00052,4e-05,-0.27188,0.396,-1.52661,3,37.796,363.0381,35.7354,-179.9973,0.3126,-102.1131,0.0038,23.428,0.3213
927,000927.png,False,1788892288.955773,1788892288.895773,shear_+Y_out,6,+Y,0.5,-0.03312,0.54411,-1.45339,-0.00892,0.00055,0.00079,0.01625,0.54017,-1.31175,-0.01224,-0.00053,9e-05,-0.29046,0.43141,-1.46254,3,37.7829,363.0602,35.7421,-179.998,0.3143,-102.1125,0.0019,23.4351,0.3141
928,000928.png,False,1788892289.151890,1788892289.091890,shear_+Y_out,6,+Y,0.5,-0.04655,0.56526,-1.40562,-0.00934,0.0003,0.00073,0.00284,0.56132,-1.26391,-0.01267,-0.00077,3e-05,-0.313,0.44378,-1.41511,3,37.7663,363.0763,35.7478,-179.9983,0.3144,-102.1109,0.0084,23.4411,0.3081
929,000929.png,False,1788892289.343807,1788892289.283807,shear_+Y_out,6,+Y,0.5,-0.0545,0.59636,-1.3775,-0.01018,0.00015,0.00059,-0.0051,0.59242,-1.23572,-0.01351,-0.00092,-0.00011,-0.33562,0.46719,-1.38752,3,37.7509,363.0953,35.7496,-179.9983,0.3155,-102.1098,0.002,23.4434,0.3058
930,000930.png,False,1788892289.539900,1788892289.479900,shear_+Y_out,6,+Y,0.5,-0.05489,0.62743,-1.64936,-0.0109,-3e-05,0.00046,-0.00547,0.62349,-1.50751,-0.01423,-0.00111,-0.00024,-0.34959,0.48955,-1.65988,3,37.7406,363.1118,35.7226,-179.9968,0.3114,-102.1103,0.0032,23.4168,0.3325
931,000931.png,False,1788892290.515954,1788892290.455955,shear_+Y_back,6,+Y,0.0,-0.05395,0.67527,-1.85428,-0.012,-0.00018,0.00061,-0.00445,0.67135,-1.7121,-0.01533,-0.00125,-0.0001,-0.37126,0.52817,-1.8656,3,37.725,363.1318,35.7057,-179.9954,0.308,-102.1109,0.0054,23.4002,0.349
932,000932.png,False,1788892290.711977,1788892290.651977,shear_+Y_back,6,+Y,0.0,-0.04831,0.6856,-1.86625,-0.01205,-2e-05,0.00076,0.00121,0.68168,-1.724,-0.01538,-0.00109,6e-05,-0.37145,0.53974,-1.87776,3,37.7219,363.1417,35.7091,-179.996,0.3094,-102.1107,0.0004,23.4038,0.3455
933,000933.png,False,1788892290.903978,1788892290.843978,shear_+Y_back,6,+Y,0.0,-0.10446,0.53239,-2.0714,-0.00853,-0.00147,0.00076,-0.05492,0.52848,-1.92908,-0.01187,-0.00254,6e-05,-0.34212,0.37571,-2.0801,3,37.7383,363.0545,35.6872,-179.9924,0.3008,-102.1087,0.009,23.3804,0.3689
934,000934.png,False,1788892291.099893,1788892291.039893,shear_+Y_back,6,+Y,0.0,-0.11316,0.49811,-2.19996,-0.00762,-0.00163,0.00086,-0.0636,0.4942,-2.05758,-0.01096,-0.0027,0.00016,-0.33163,0.33961,-2.20804,3,37.7426,363.0487,35.6805,-179.9931,0.3024,-102.107,0.0032,23.3735,0.3757
935,000935.png,False,1788892291.492033,1788892291.432033,shear_+Y_back,6,+Y,0.0,-0.1663,0.23393,-2.60145,-0.00114,-0.00316,0.00081,-0.11671,0.23003,-2.45893,-0.00448,-0.00423,0.00011,-0.2429,0.07783,-2.60477,3,37.7902,362.9068,35.6463,-179.9907,0.2968,-102.0963,0.01,23.3368,0.4125
936,000936.png,False,1788892291.688127,1788892291.628127,shear_+Y_back,6,+Y,0.0,-0.08044,0.2223,-2.15872,-0.00117,-0.00087,0.00092,-0.03083,0.2184,-2.01614,-0.00452,-0.00194,0.00021,-0.16578,0.11775,-2.16209,4,37.8395,362.9073,35.6787,-179.9929,0.3022,-102.1016,0.0047,23.3689,0.3804
937,000937.png,False,1788892291.880045,1788892291.820045,shear_+Y_back,6,+Y,0.0,-0.01766,0.17936,-1.7228,-0.00011,0.00098,0.00082,0.03196,0.17546,-1.58016,-0.00345,-9e-05,0.00011,-0.09297,0.11891,-1.72562,3,37.8761,362.9004,35.7085,-179.9946,0.3062,-102.1042,0.0048,23.3983,0.351
938,000938.png,False,1788892292.076022,1788892292.016022,shear_+Y_back,6,+Y,0.0,-0.0089,0.15128,-1.38596,0.00042,0.0014,0.00074,0.04074,0.14739,-1.24324,-0.00292,0.00033,3e-05,-0.07369,0.10437,-1.38835,3,37.8913,362.8978,35.7372,-179.9973,0.3124,-102.1066,0.01,23.4268,0.3224
939,000939.png,False,1788892292.468061,1788892292.408062,shear_+Y_back,6,+Y,0.0,-0.03921,0.09734,-1.33367,0.00161,0.00077,0.00078,0.01047,0.09346,-1.19082,-0.00173,-0.00031,7e-05,-0.07335,0.04335,-1.33508,3,37.9011,362.8484,35.7429,179.9986,0.3222,-102.1062,0.0087,23.4317,0.3176
940,000940.png,False,1788892292.659984,1788892292.599984,shear_+Y_back,6,+Y,0.0,-0.05758,0.04723,-1.58718,0.00304,0.00022,0.00081,-0.00789,0.04334,-1.44427,-0.0003,-0.00085,0.0001,-0.06247,-0.0133,-1.58765,3,37.9176,362.7693,35.7053,-179.9994,0.3181,-102.1016,0.0018,23.3927,0.3566
941,000941.png,False,1788892293.051997,1788892292.991997,shear_+Y_back,6,+Y,0.0,-0.05938,0.00265,-1.94506,0.0042,-9e-05,0.00101,-0.00965,-0.00122,-1.80201,0.00085,-0.00117,0.0003,-0.03928,-0.05853,-1.94469,3,37.9193,362.7909,35.6915,179.9961,0.3285,-102.097,0.0084,23.3793,0.37
942,000942.png,False,1788892294.028124,1788892293.968124,shear_+Y_back,6,+Y,0.0,-0.03743,0.01987,-0.62603,0.0031,0.0011,0.0009,0.01239,0.01601,-0.48264,-0.00026,3e-05,0.00019,-0.03801,-0.01152,-0.6262,3,37.9413,362.7937,35.8215,179.994,0.3337,-102.0999,0.0065,23.5091,0.2402
943,000943.png,False,1788892296.368330,1788892296.308331,shear_+X_out,7,+X,0.5,-0.03921,0.00541,-1.18884,0.0038,0.00068,0.00078,0.01081,0.00159,-1.04465,0.00043,-0.00039,6e-05,-0.02842,-0.03395,-1.18867,3,37.9396,362.7849,35.7688,179.9957,0.3288,-102.0994,0.0021,23.4562,0.293
944,000944.png,False,1788892297.148334,1788892297.088334,shear_+X_out,7,+X,0.5,0.10186,0.02036,-1.03473,0.00335,0.00413,0.00065,0.15195,0.01655,-0.89027,-2e-05,0.00305,-7e-05,0.08523,0.05196,-1.03513,3,38.0081,362.8423,35.7867,179.9935,0.3339,-102.0992,0.0029,23.4746,0.2746
945,000945.png,False,1788892297.344236,1788892297.284236,shear_+X_out,7,+X,0.5,0.14284,0.02124,-1.05466,0.00317,0.00501,0.00074,0.19294,0.01744,-0.91014,-0.0002,0.00394,2e-05,0.12043,0.07287,-1.05516,3,38.0352,362.8551,35.7835,179.9943,0.3326,-102.0997,0.0082,23.4714,0.2778
946,000946.png,False,1788892297.732255,1788892297.672256,shear_+X_out,7,+X,0.5,0.23025,0.01754,-1.21438,0.00336,0.00707,0.0009,0.28039,0.01374,-1.06972,-2e-05,0.00599,0.00017,0.1991,0.11078,-1.21496,3,38.0875,362.882,35.7699,179.9952,0.3304,-102.0994,0.0047,23.4579,0.2913
947,000947.png,False,1788892297.928381,1788892297.868381,shear_+X_out,7,+X,0.5,0.28183,0.0089,-1.22585,0.00355,0.00829,0.00088,0.33199,0.00511,-1.08113,0.00018,0.00722,0.00016,0.24818,0.12889,-1.22638,3,38.1187,362.894,35.7697,179.9953,0.3297,-102.1005,0.0098,23.4577,0.2916
948,000948.png,False,1788892298.124323,1788892298.064323,shear_+X_out,7,+X,0.5,0.31768,0.01215,-1.2087,0.00355,0.00903,0.00103,0.36786,0.00836,-1.0639,0.00017,0.00795,0.00031,0.27749,0.1499,-1.20936,3,38.1419,362.9064,35.771,179.9952,0.3301,-102.1003,0.0052,23.459,0.2903
949,000949.png,False,1788892298.516295,1788892298.456295,shear_+X_out,7,+X,0.5,0.3414,0.02448,-1.18261,0.00324,0.00955,0.00095,0.3916,0.0207,-1.03768,-0.00014,0.00847,0.00023,0.29169,0.17285,-1.18354,3,38.1577,362.9259,35.7745,179.9949,0.3307,-102.0999,0.0073,23.4627,0.2865
950,000950.png,False,1788892298.708420,1788892298.648420,shear_+X_out,7,+X,0.5,0.38163,0.02924,-1.18795,0.003,0.01059,0.00096,0.43186,0.02546,-1.04295,-0.00038,0.00951,0.00024,0.3242,0.19698,-1.18903,3,38.1827,362.9398,35.7736,179.9948,0.3304,-102.1007,0.0034,23.4619,0.2874
951,000951.png,False,1788892298.904320,1788892298.844321,shear_+X_out,7,+X,0.5,0.41953,0.01263,-1.19504,0.00356,0.01156,0.00095,0.46977,0.00885,-1.04998,0.00017,0.01049,0.00023,0.36538,0.20142,-1.19592,3,38.2119,362.948,35.7722,179.995,0.3307,-102.1014,0.0018,23.4604,0.2889
952,000952.png,False,1788892299.100395,1788892299.040395,shear_+X_out,7,+X,0.5,0.44722,0.0159,-1.20083,0.00354,0.01212,0.00084,0.49748,0.01213,-1.05571,0.00016,0.01104,0.00012,0.38777,0.218,-1.20182,3,38.2272,362.9577,35.7703,179.9951,0.3298,-102.1007,0.0086,23.4586,0.2907
953,000953.png,False,1788892299.296360,1788892299.236360,shear_+X_out,7,+X,0.5,0.48106,0.01339,-1.24269,0.00365,0.01294,0.00107,0.53134,0.00962,-1.0975,0.00027,0.01186,0.00035,0.41863,0.23206,-1.2437,3,38.248,362.9687,35.7704,179.9954,0.3299,-102.0997,0.0062,23.4587,0.2905
954,000954.png,False,1788892299.488430,1788892299.428430,shear_+X_out,7,+X,0.5,0.51341,0.01318,-1.20498,0.00361,0.01372,0.00089,0.5637,0.00941,-1.05972,0.00023,0.01264,0.00016,0.44649,0.24865,-1.20605,3,38.2693,362.9818,35.7727,179.9953,0.3301,-102.1001,0.0027,23.4611,0.2882
955,000955.png,False,1788892299.684472,1788892299.624472,shear_+X_out,7,+X,0.5,0.53786,0.02071,-1.19777,0.00331,0.01425,0.00092,0.58817,0.01694,-1.05244,-8e-05,0.01318,0.00019,0.46386,0.2675,-1.19902,3,38.2852,362.9949,35.7738,179.995,0.3302,-102.0992,0.0085,23.4622,0.287
956,000956.png,False,1788892299.880467,1788892299.820467,shear_+X_out,7,+X,0.5,0.57161,0.01688,-1.18679,0.00348,0.01516,0.00081,0.62193,0.01312,-1.04139,9e-05,0.01409,8e-05,0.49493,0.28122,-1.18804,3,38.3102,363.0064,35.7755,179.9953,0.3296,-102.1003,0.0065,23.464,0.2853
957,000957.png,False,1788892300.856552,1788892300.796552,shear_+X_back,7,+X,0.0,0.59556,0.01267,-1.22921,0.00344,0.0157,0.00082,0.64597,0.00892,-1.08348,4e-05,0.01462,9e-05,0.51807,0.28886,-1.23043,3,38.3358,363.0202,35.7705,179.9954,0.3294,-102.1005,0.0105,23.459,0.2903
958,000958.png,False,1788892301.052524,1788892300.992524,shear_+X_back,7,+X,0.0,0.52945,-0.06979,-1.38161,0.00551,0.01412,0.00093,0.57988,-0.07353,-1.23581,0.00211,0.01305,0.0002,0.50306,0.18198,-1.38124,3,38.3202,362.9612,35.7553,179.9976,0.3233,-102.1066,0.0043,23.4429,0.3063
959,000959.png,False,1788892301.244565,1788892301.184565,shear_+X_back,7,+X,0.0,0.38274,-0.0067,-1.43512,0.00406,0.01067,0.00076,0.43319,-0.01044,-1.28926,0.00066,0.00959,3e-05,0.34483,0.16245,-1.43555,3,38.2353,362.9581,35.7505,179.9975,0.324,-102.1046,0.0053,23.4387,0.3105
960,000960.png,False,1788892301.440459,1788892301.380459,shear_+X_back,7,+X,0.0,0.28133,0.01435,-1.50656,0.00358,0.00811,0.0008,0.3318,0.01061,-1.36063,0.00018,0.00703,7e-05,0.24697,0.12886,-1.50714,3,38.1719,362.9196,35.7373,179.9994,0.3192,-102.1035,0.0042,23.4253,0.324
961,000961.png,False,1788892302.024584,1788892301.964584,shear_+X_back,7,+X,0.0,0.03544,0.01238,-1.3479,0.00374,0.00245,0.00092,0.08595,0.00866,-1.20177,0.00034,0.00138,0.00019,0.03385,0.00684,-1.34798,3,38.0376,362.8456,35.751,179.9977,0.3237,-102.1038,0.0011,23.4388,0.3105
962,000962.png,False,1788892303.392652,1788892303.332652,shear_-X_out,7,-X,0.5,-0.06431,0.03074,-1.2471,0.00311,7e-05,0.00063,-0.01368,0.02704,-1.10049,-0.0003,-0.001,-0.0001,-0.06242,-0.02549,-1.24731,2,37.9483,362.8074,35.7629,179.9904,0.3421,-102.1106,0.0081,23.4507,0.2986
963,000963.png,False,1788892303.780597,1788892303.720598,shear_-X_out,7,-X,0.5,-0.10231,-0.00824,-1.34678,0.00424,-0.00086,0.00069,-0.05164,-0.01193,-1.20005,0.00083,-0.00194,-4e-05,-0.07517,-0.07983,-1.34623,3,37.9367,362.7734,35.7516,179.9909,0.3402,-102.1147,0.009,23.4389,0.3103
964,000964.png,False,1788892303.976603,1788892303.916603,shear_-X_out,7,-X,0.5,-0.15958,0.02221,-1.40154,0.00358,-0.00229,0.00068,-0.1089,0.01852,-1.25474,0.00017,-0.00336,-5e-05,-0.13961,-0.08295,-1.40139,3,37.8991,362.768,35.7459,179.9909,0.3407,-102.1132,0.0042,23.4334,0.3159
965,000965.png,False,1788892304.172603,1788892304.112603,shear_-X_out,7,-X,0.5,-0.22013,0.02032,-1.4036,0.00359,-0.00377,0.00048,-0.16943,0.01663,-1.25673,0.00018,-0.00485,-0.00026,-0.1911,-0.11488,-1.40329,3,37.8668,362.7481,35.7431,179.9912,0.3394,-102.1114,0.0013,23.4305,0.3188
966,000966.png,False,1788892304.368611,1788892304.308611,shear_-X_out,7,-X,0.5,-0.26801,-0.00104,-1.34219,0.00404,-0.00481,0.0006,-0.21729,-0.00472,-1.19525,0.00063,-0.00589,-0.00014,-0.22233,-0.15632,-1.34143,3,37.8465,362.7222,35.7503,179.9913,0.339,-102.1138,0.0065,23.4375,0.3118
967,000967.png,False,1788892304.564623,1788892304.504623,shear_-X_out,7,-X,0.5,-0.31373,0.01276,-1.29577,0.00363,-0.00599,0.0007,-0.26299,0.00908,-1.14876,0.00022,-0.00707,-4e-05,-0.26915,-0.16646,-1.29516,3,37.8097,362.7143,35.7565,179.9904,0.3412,-102.1108,0.0067,23.4438,0.3055
968,000968.png,False,1788892304.756730,1788892304.696730,shear_-X_out,7,-X,0.5,-0.34592,0.00811,-1.25265,0.0038,-0.0067,0.00068,-0.29516,0.00444,-1.10558,0.00038,-0.00777,-6e-05,-0.29501,-0.18588,-1.25191,3,37.7959,362.6994,35.7618,179.9903,0.3414,-102.114,0.0022,23.4489,0.3003
969,000969.png,False,1788892304.952689,1788892304.892689,shear_-X_out,7,-X,0.5,-0.39021,0.01052,-1.29361,0.00382,-0.00769,0.00073,-0.33943,0.00685,-1.14647,0.00041,-0.00876,-1e-05,-0.33429,-0.20658,-1.29281,3,37.7691,362.6852,35.7579,179.9903,0.3419,-102.1123,0.0098,23.4449,0.3043
970,000970.png,False,1788892306.316726,1788892306.256726,shear_-X_out,7,-X,0.5,-0.46244,0.00283,-1.16645,0.00401,-0.00931,0.00067,-0.41154,-0.00082,-1.01884,0.00059,-0.01038,-7e-05,-0.3939,-0.24729,-1.16539,3,37.7095,362.6472,35.7738,179.9904,0.3415,-102.1156,0.0098,23.4607,0.2886
971,000971.png,False,1788892306.512861,1788892306.452861,shear_-X_out,7,-X,0.5,-0.49054,-0.00024,-1.1438,0.00406,-0.01,0.00054,-0.43963,-0.00389,-0.99613,0.00064,-0.01107,-0.00021,-0.41686,-0.26364,-1.14264,3,37.6923,362.6336,35.774,179.991,0.3406,-102.1162,0.0036,23.4607,0.2885
972,000972.png,False,1788892306.708875,1788892306.648875,shear_-X_out,7,-X,0.5,-0.5232,0.01361,-1.16304,0.00372,-0.01072,0.00067,-0.47228,0.00997,-1.0153,0.00029,-0.01179,-8e-05,-0.45194,-0.26827,-1.16205,3,37.6675,362.6301,35.7747,179.9905,0.3411,-102.1145,0.0026,23.4616,0.2876
973,000973.png,False,1788892306.904752,1788892306.844752,shear_-X_out,7,-X,0.5,-0.55157,0.01186,-1.1497,0.00384,-0.0113,0.00044,-0.50063,0.00822,-1.0019,0.00041,-0.01237,-0.0003,-0.47574,-0.28375,-1.14863,3,37.6489,362.6181,35.7726,179.9904,0.3413,-102.1145,0.009,23.4594,0.2898
974,000974.png,False,1788892307.292777,1788892307.232777,shear_-X_out,7,-X,0.5,-0.59462,0.01035,-1.23611,0.00381,-0.0125,0.0005,-0.54364,0.00671,-1.08817,0.00038,-0.01357,-0.00024,-0.51167,-0.30795,-1.23491,3,37.621,362.5998,35.7643,179.9895,0.344,-102.1162,0.0048,23.451,0.2982
975,000975.png,False,1788892307.488935,1788892307.428935,shear_-X_out,7,-X,0.5,-0.63309,0.00752,-1.26629,0.00394,-0.01351,0.00048,-0.58209,0.00389,-1.11828,0.00051,-0.01459,-0.00027,-0.54337,-0.3301,-1.26496,3,37.5964,362.5835,35.7614,179.9901,0.3426,-102.1147,0.0095,23.4481,0.3012
976,000976.png,False,1788892308.072819,1788892308.012819,shear_-X_back,7,-X,0.0,-0.63567,0.00214,-1.28598,0.00411,-0.01364,0.00087,-0.58462,-0.00148,-1.13777,0.00067,-0.01471,0.00013,-0.54278,-0.33637,-1.28455,3,37.5826,362.5716,35.7649,179.9903,0.342,-102.1145,0.009,23.4515,0.2978
977,000977.png,False,1788892308.268882,1788892308.208882,shear_-X_back,7,-X,0.0,-0.63438,0.0098,-1.27075,0.00402,-0.01341,0.00085,-0.58332,0.00618,-1.12247,0.00058,-0.01449,0.0001,-0.5456,-0.32884,-1.26946,3,37.5812,362.5756,35.7672,179.9897,0.3427,-102.1147,0.0029,23.4538,0.2955
978,000978.png,False,1788892308.464843,1788892308.404843,shear_-X_back,7,-X,0.0,-0.55187,0.10525,-1.07941,0.00149,-0.0115,0.00065,-0.50079,0.10164,-0.93106,-0.00195,-0.01258,-9e-05,-0.52314,-0.20188,-1.07996,3,37.6011,362.6473,35.7857,179.9869,0.3505,-102.1082,0.0018,23.4733,0.276
979,000979.png,False,1788892308.660939,1788892308.600940,shear_-X_back,7,-X,0.0,-0.43394,0.02759,-1.00824,0.00341,-0.00851,0.00058,-0.38285,0.02398,-0.85983,-3e-05,-0.00958,-0.00017,-0.38268,-0.20909,-1.00769,3,37.668,362.6415,35.7898,179.9876,0.3488,-102.1097,0.0074,23.4768,0.2724
980,000980.png,False,1788892308.852862,1788892308.792862,shear_-X_back,7,-X,0.0,-0.32022,0.03436,-0.87803,0.00305,-0.00586,0.00057,-0.26911,0.03076,-0.72956,-0.00039,-0.00694,-0.00018,-0.28846,-0.14431,-0.87786,3,37.7314,362.6861,35.8046,179.9854,0.3533,-102.1097,0.0032,23.4919,0.2573
981,000981.png,False,1788892309.048877,1788892308.988877,shear_-X_back,7,-X,0.0,-0.28826,0.01465,-0.897,0.00356,-0.00503,0.00071,-0.23713,0.01105,-0.74845,0.00012,-0.0061,-4e-05,-0.2508,-0.14571,-0.89654,4,37.7622,362.6947,35.8077,179.9856,0.3534,-102.1106,0.0015,23.495,0.2542
982,000982.png,False,1788892309.244890,1788892309.184891,shear_-X_back,7,-X,0.0,-0.20548,-0.00377,-0.88555,0.00389,-0.00309,0.00075,-0.15433,-0.00737,-0.73694,0.00045,-0.00417,0.0,-0.16996,-0.12012,-0.88494,3,37.8126,362.7076,35.807,179.9858,0.353,-102.1091,0.0125,23.4941,0.2552
983,000983.png,False,1788892309.440890,1788892309.380890,shear_-X_back,7,-X,0.0,-0.13088,-0.01653,-1.00758,0.00426,-0.0015,0.00087,-0.07972,-0.02012,-0.85891,0.00082,-0.00257,0.00012,-0.09813,-0.09585,-1.00688,3,37.8627,362.7246,35.7951,179.9857,0.3529,-102.1095,0.0024,23.4822,0.2671
984,000984.png,False,1788892309.636989,1788892309.576989,shear_-X_back,7,-X,0.0,-0.06846,-0.00622,-1.36424,0.00413,-0.00016,0.00093,-0.01728,-0.00981,-1.21549,0.00069,-0.00123,0.00018,-0.04673,-0.06145,-1.36379,3,37.8973,362.7448,35.7539,179.9874,0.3489,-102.1091,0.0053,23.441,0.3082
985,000985.png,False,1788892310.025047,1788892309.965047,shear_-X_back,7,-X,0.0,0.01421,0.07542,-1.39599,0.00239,0.00182,0.00095,0.06542,0.07183,-1.24711,-0.00105,0.00075,0.00019,-0.0157,0.05005,-1.39711,2,37.9311,362.7799,35.7414,179.99,0.3427,-102.106,0.0006,23.4289,0.3204
986,000986.png,False,1788892310.805079,1788892310.745079,shear_-Y_out,7,-Y,0.5,-0.00603,0.02239,-1.27074,0.00346,0.00134,0.00082,0.04525,0.01881,-1.12159,1e-05,0.00027,6e-05,-0.0076,-0.00398,-1.27092,2,37.9356,362.7889,35.7585,179.9912,0.3392,-102.1014,0.0028,23.4461,0.3032
987,000987.png,False,1788892311.393124,1788892311.333124,shear_-Y_out,7,-Y,0.5,-0.01926,-0.10575,-1.38487,0.00662,0.00109,0.00103,0.03208,-0.10932,-1.23552,0.00317,1e-05,0.00028,0.04576,-0.1234,-1.38279,3,37.9673,362.7258,35.7501,179.9931,0.3347,-102.1012,0.0017,23.4365,0.3128
988,000988.png,False,1788892311.585098,1788892311.525098,shear_-Y_out,7,-Y,0.5,-0.02131,-0.15394,-1.37329,0.00779,0.00105,0.00113,0.03004,-0.1575,-1.22388,0.00434,-2e-05,0.00037,0.06797,-0.16597,-1.37037,2,37.9853,362.6998,35.7535,179.9929,0.3358,-102.1012,0.0088,23.4393,0.3099
989,000989.png,False,1788892311.781104,1788892311.721104,shear_-Y_out,7,-Y,0.5,-0.01322,-0.19659,-1.33499,0.00869,0.00122,0.00119,0.03815,-0.20015,-1.18551,0.00524,0.00015,0.00044,0.09603,-0.19825,-1.33135,3,38.0053,362.6758,35.7551,179.9923,0.3372,-102.1023,0.0011,23.4404,0.3088
990,000990.png,False,1788892311.977034,1788892311.917034,shear_-Y_out,7,-Y,0.5,-0.01362,-0.24777,-1.30768,0.00988,0.00128,0.00112,0.03776,-0.25132,-1.15813,0.00643,0.0002,0.00037,0.12106,-0.24234,-1.30316,3,38.0216,362.6507,35.7563,179.9918,0.3384,-102.1023,0.0039,23.4411,0.3082
991,000991.png,False,1788892312.173039,1788892312.113039,shear_-Y_out,7,-Y,0.5,-0.01524,-0.29048,-1.29932,0.01075,0.00115,0.00098,0.03617,-0.29403,-1.14971,0.0073,8e-05,0.00022,0.14094,-0.28,-1.29406,3,38.0334,362.6278,35.7564,179.9916,0.3388,-102.1019,0.0077,23.4407,0.3085
992,000992.png,False,1788892312.365129,1788892312.305129,shear_-Y_out,7,-Y,0.5,-0.01987,-0.32193,-1.26993,0.01163,0.00116,0.00099,0.03155,-0.32548,-1.12025,0.00817,9e-05,0.00023,0.15243,-0.30909,-1.26411,3,38.0465,362.6034,35.7626,179.9917,0.3388,-102.1019,0.0028,23.4465,0.3028
993,000993.png,False,1788892312.953187,1788892312.893187,shear_-Y_out,7,-Y,0.5,-0.03289,-0.39805,-1.19602,0.01333,0.00083,0.00088,0.01858,-0.40158,-1.04614,0.00987,-0.00024,0.00012,0.17867,-0.38033,-1.18887,3,38.0706,362.5517,35.7667,179.9916,0.3386,-102.101,0.0064,23.4495,0.2997
994,000994.png,False,1788892313.145101,1788892313.085101,shear_-Y_out,7,-Y,0.5,-0.03502,-0.41158,-1.18473,0.01371,0.00083,0.001,0.01647,-0.41511,-1.03478,0.01025,-0.00024,0.00024,0.18352,-0.39293,-1.17734,4,38.0788,362.5386,35.7698,179.9914,0.3394,-102.101,0.0041,23.4524,0.2968
995,000995.png,False,1788892313.341108,1788892313.281108,shear_-Y_out,7,-Y,0.5,-0.03868,-0.4504,-1.19982,0.01464,0.00073,0.0008,0.01282,-0.45393,-1.0498,0.01118,-0.00035,4e-05,0.19984,-0.42863,-1.19175,3,38.0911,362.5115,35.7651,179.9919,0.3377,-102.101,0.0014,23.4472,0.302
996,000996.png,False,1788892313.733231,1788892313.673231,shear_-Y_out,7,-Y,0.5,-0.03461,-0.51685,-1.30507,0.01625,0.0007,0.00092,0.01693,-0.52037,-1.15492,0.01278,-0.00037,0.00016,0.2373,-0.48582,-1.29584,3,38.1182,362.4718,35.7557,179.9917,0.3382,-102.1016,0.0063,23.4369,0.3123
997,000997.png,False,1788892313.929131,1788892313.869131,shear_-Y_out,7,-Y,0.5,-0.02607,-0.53901,-1.25145,0.01669,0.00096,0.00103,0.02549,-0.54253,-1.10123,0.01322,-0.00012,0.00027,0.2554,-0.49989,-1.24186,3,38.1301,362.4607,35.7639,179.9911,0.3398,-102.1016,0.0,23.4449,0.3043
998,000998.png,False,1788892314.121273,1788892314.061273,shear_-Y_out,7,-Y,0.5,-0.02388,-0.5657,-1.20034,0.01724,0.00105,0.00087,0.02769,-0.56922,-1.05006,0.01377,-3e-05,0.00011,0.27027,-0.5211,-1.1903,3,38.1456,362.4375,35.7657,179.9913,0.3398,-102.1014,0.0092,23.4462,0.303
999,000999.png,False,1788892315.097326,1788892315.037326,shear_-Y_back,7,-Y,0.0,-0.02575,-0.584,-1.18332,0.01785,0.00115,0.00084,0.02591,-0.5875,-1.0327,0.01438,7e-05,8e-05,0.27768,-0.53761,-1.17297,3,38.1635,362.4103,35.7699,179.991,0.3402,-102.1019,0.0015,23.4498,0.2994
1000,001000.png,False,1788892315.489219,1788892315.429219,shear_-Y_back,7,-Y,0.0,0.03054,-0.38826,-0.89737,0.01285,0.00254,0.00084,0.08224,-0.39175,-0.74661,0.00937,0.00146,7e-05,0.22666,-0.33537,-0.89056,3,38.1398,362.5195,35.8012,179.9874,0.3486,-102.108,0.0041,23.4831,0.2662
