sensor,width_px,height_px,split,seed,fz_mae,fz_rmse,fz_mae_baseline,fz_r2,lat_mae,lat_mae_baseline,lat_r2,lat_mae_shear,fz_mae_normal,n_test_shear,n_test_normal,norm,n_train,n_val,n_test,fz_range,tx_mae,ty_mae,tz_mae,epochs,epochs_run,best_epoch,train_loss,val_loss,batch,micro_batch,accum,seconds
hard_1mm_r1,854,480,cycle,0,0.039974529296159744,0.04709266871213913,0.19011549651622772,0.9784153699874878,0.02070462517440319,0.12971888482570648,0.9725617170333862,0.020932864397764206,0.043013423681259155,119,55,none,595,231,174,1.9910300970077515,0.0003826283209491521,0.0003836023388430476,0.00011473576159914955,30,30,29,0.16063505781798804,0.22635909282799924,64,24,3,91.9
hard_1mm_r1,854,480,cycle,1,0.03811775520443916,0.047792382538318634,0.19011549651622772,0.9777691960334778,0.02539747580885887,0.12971888482570648,0.957748293876648,0.023333793506026268,0.051558926701545715,119,55,none,595,231,174,1.9910300970077515,0.0006299033993855119,0.0004476445901673287,0.00011369592539267614,30,30,26,0.1734933572656968,0.23530110239466548,64,24,3,100.6
hard_1mm_r1,854,480,cycle,2,0.07767698913812637,0.08757432550191879,0.19011549651622772,0.9253565669059753,0.025437558069825172,0.12971888482570648,0.9588050842285156,0.027768772095441818,0.08984927833080292,119,55,none,595,231,174,1.9910300970077515,0.0005164468311704695,0.0005386791890487075,9.863255399977788e-05,30,30,28,0.18189638081718892,0.2597206454256396,64,24,3,97.4
hard_1mm_r1,640,360,cycle,0,0.037111423909664154,0.044143885374069214,0.19011549651622772,0.9810338616371155,0.02238839492201805,0.12971888482570648,0.9685148000717163,0.023613711819052696,0.04540280997753143,119,55,none,595,231,174,1.9910300970077515,0.0004737147537525743,0.0006275356281548738,0.0001290398940909654,30,30,27,0.18353928798387031,0.24093793480943293,64,44,1,54.1
hard_1mm_r1,640,360,cycle,1,0.029591239988803864,0.03491659089922905,0.19011549651622772,0.9881340861320496,0.021103229373693466,0.12971888482570648,0.9699352383613586,0.024119611829519272,0.025892138481140137,119,55,none,595,231,174,1.9910300970077515,0.0004803152405656874,0.0004587591683957726,0.00010378738079452887,30,30,29,0.13518728488633613,0.2058565327615449,64,44,1,53.4
hard_1mm_r1,640,360,cycle,2,0.056365594267845154,0.06586813181638718,0.19011549651622772,0.9577731490135193,0.022529996931552887,0.12971888482570648,0.965090274810791,0.024846268817782402,0.038538649678230286,119,55,none,595,231,174,1.9910300970077515,0.000761986302677542,0.0004934580065310001,0.00010885438678087667,30,30,27,0.1612924595840839,0.23506447969577013,64,44,1,53.4
hard_1mm_r1,426,240,cycle,0,0.05119446665048599,0.05847571790218353,0.19011549651622772,0.9667195677757263,0.02400340512394905,0.12971888482570648,0.961283802986145,0.021549882367253304,0.04000469669699669,119,55,none,595,231,174,1.9910300970077515,0.0004715482355095446,0.00045870745088905096,0.00010180995741393417,30,30,29,0.14477430231430952,0.2226261700386609,64,64,1,25.1
hard_1mm_r1,426,240,cycle,1,0.02825363725423813,0.036003295332193375,0.19011549651622772,0.9873839616775513,0.025104116648435593,0.12971888482570648,0.9587410688400269,0.026740793138742447,0.032972902059555054,119,55,none,595,231,174,1.9910300970077515,0.0007430209661833942,0.00056329375365749,0.00010419571481179446,30,30,30,0.13710425240652901,0.23354044001855892,64,64,1,24.4
hard_1mm_r1,426,240,cycle,2,0.030621808022260666,0.040371935814619064,0.19011549651622772,0.9841365814208984,0.029802465811371803,0.12971888482570648,0.9380851984024048,0.026769589632749557,0.04166853800415993,119,55,none,595,231,174,1.9910300970077515,0.0006026782793924212,0.0006434971000999212,0.00012601245543919504,30,30,23,0.14983716371680508,0.24617136918105087,64,64,1,24.6
hard_1mm_r1,320,180,cycle,0,0.035817161202430725,0.04503289610147476,0.19011549651622772,0.9802622199058533,0.023239966481924057,0.12971888482570648,0.962474524974823,0.020877016708254814,0.028750138357281685,119,55,none,595,231,174,1.9910300970077515,0.0005965663003735244,0.0006069386727176607,0.00012595178850460798,30,30,26,0.185891056862198,0.24489016347117237,64,64,1,15.7
hard_1mm_r1,320,180,cycle,1,0.06113338842988014,0.0704871267080307,0.19011549651622772,0.951643168926239,0.022727258503437042,0.12971888482570648,0.9630607962608337,0.025518376380205154,0.07056925445795059,119,55,none,595,231,174,1.9910300970077515,0.0007903206860646605,0.00042606089846231043,0.00010656747326720506,30,30,30,0.14878072979069557,0.2471999048670649,64,64,1,13.6
hard_1mm_r1,320,180,cycle,2,0.03948068246245384,0.046993378549814224,0.19011549651622772,0.9785062670707703,0.021587632596492767,0.12971888482570648,0.9706149101257324,0.02361600659787655,0.045077431946992874,119,55,none,595,231,174,1.9910300970077515,0.0006815652595832944,0.0007300289580598474,9.736030187923461e-05,30,30,23,0.1769966558248055,0.26146778915867663,64,64,1,14.1
hard_1mm_r1,160,90,cycle,0,0.0432647280395031,0.054738447070121765,0.19011549651622772,0.9708375930786133,0.022199265658855438,0.12971888482570648,0.9645510315895081,0.019268283620476723,0.060807351022958755,119,55,none,595,231,174,1.9910300970077515,0.0006304294802248478,0.0006469606305472553,0.00011536597594385967,30,30,28,0.17919887975484383,0.2632594294362254,64,64,1,5.7
hard_1mm_r1,160,90,cycle,1,0.05010822042822838,0.059055082499980927,0.19011549651622772,0.9660568237304688,0.02510005608201027,0.12971888482570648,0.9541462063789368,0.02854493260383606,0.0372648686170578,119,55,none,595,231,174,1.9910300970077515,0.000714794616214931,0.0004355021519586444,0.0001124994014389813,30,30,26,0.18429479198295529,0.24913206967440518,64,64,1,4.7
hard_1mm_r1,160,90,cycle,2,0.052687205374240875,0.061411600559949875,0.19011549651622772,0.9632938504219055,0.027022628113627434,0.12971888482570648,0.9542426466941833,0.02601025626063347,0.046277966350317,119,55,none,595,231,174,1.9910300970077515,0.0006787688471376896,0.0005616144044324756,0.00012631934077944607,30,30,28,0.20948251515877347,0.2664684031432841,64,64,1,4.6
hard_1mm_r1,80,45,cycle,0,0.07283881306648254,0.07785525918006897,0.19011549651622772,0.9410051703453064,0.034438297152519226,0.12971888482570648,0.9217075705528259,0.02566215582191944,0.06010314077138901,119,55,none,595,231,174,1.9910300970077515,0.0008511796477250755,0.00032836428727023304,0.0001065383548848331,30,30,22,0.2987556738011977,0.26706646840809745,64,64,1,3.3
hard_1mm_r1,80,45,cycle,1,0.03831387311220169,0.04672526568174362,0.19011549651622772,0.9787508249282837,0.021113477647304535,0.12971888482570648,0.9709876775741577,0.019217293709516525,0.037070900201797485,119,55,none,595,231,174,1.9910300970077515,0.0005347068654373288,0.0003713025071192533,0.00014124625886324793,30,30,30,0.18959483619497602,0.24297877720424108,64,64,1,3.1
hard_1mm_r1,80,45,cycle,2,0.04995793476700783,0.06014404073357582,0.19011549651622772,0.9647934436798096,0.0203525573015213,0.12971888482570648,0.972531795501709,0.023514101281762123,0.04258747026324272,119,55,none,595,231,174,1.9910300970077515,0.00042439831304363906,0.00043378767441026866,0.00013311045768205076,30,30,29,0.23660136310994123,0.26039737024348536,64,64,1,3.1
hard_1mm_r1,48,27,cycle,0,0.037422630935907364,0.053555890917778015,0.19011549651622772,0.9720840454101562,0.02299446426331997,0.12971888482570648,0.9667847752571106,0.02421402931213379,0.06132915988564491,119,55,none,595,231,174,1.9910300970077515,0.0008045295253396034,0.0005256733275018632,0.00011905448627658188,30,30,29,0.23804966982673195,0.24337318552520884,64,64,1,3.9
hard_1mm_r1,48,27,cycle,1,0.05142667517066002,0.06656594574451447,0.19011549651622772,0.9568736553192139,0.025682169944047928,0.12971888482570648,0.9550921320915222,0.02750234119594097,0.07251083850860596,119,55,none,595,231,174,1.9910300970077515,0.0007482871296815574,0.000519414315931499,0.00011335049202898517,30,30,30,0.2503225238383317,0.24483831826742594,64,64,1,2.0
hard_1mm_r1,48,27,cycle,2,0.07885479182004929,0.1003941223025322,0.19011549651622772,0.9019032120704651,0.02373761124908924,0.12971888482570648,0.9602436423301697,0.02677100896835327,0.04051908850669861,119,55,none,595,231,174,1.9910300970077515,0.000520859844982624,0.0005009181331843138,0.0001161013133241795,30,30,29,0.2477761797544335,0.24639943771032027,64,64,1,2.4
hard_1mm_r1,32,18,cycle,0,0.07392118871212006,0.19905221462249756,0.19011549651622772,0.6143687963485718,0.035067953169345856,0.12971888482570648,0.810867965221405,0.04197627305984497,0.03455762565135956,119,55,none,595,231,174,1.9910300970077515,0.0009817935060709715,0.0006705558625981212,0.00011284515494480729,30,30,30,0.2816536142044708,0.27406704064571497,64,64,1,3.9
hard_1mm_r1,32,18,cycle,1,0.08182447403669357,0.11396465450525284,0.19011549651622772,0.8735908269882202,0.030899014323949814,0.12971888482570648,0.885375440120697,0.039525024592876434,0.04820893332362175,119,55,none,595,231,174,1.9910300970077515,0.0009017505217343569,0.0005687003722414374,0.00012098324805265293,30,30,30,0.2719266955592051,0.2833895002092634,64,64,1,2.4
hard_1mm_r1,32,18,cycle,2,0.04075530916452408,0.058950431644916534,0.19011549651622772,0.9661769866943359,0.0306702833622694,0.12971888482570648,0.91273033618927,0.03951885551214218,0.04145125299692154,119,55,none,595,231,174,1.9910300970077515,0.0006858721608296037,0.0006485781050287187,0.0001149343661381863,30,30,29,0.26096016859807886,0.26462487637738646,64,64,1,2.7
hard_1mm_r1,16,9,cycle,0,0.03871465101838112,0.04744686931371689,0.19011549651622772,0.978089451789856,0.029189055785536766,0.12971888482570648,0.9431782364845276,0.03452980890870094,0.04337548837065697,119,55,none,595,231,174,1.9910300970077515,0.0007501086802221835,0.0004998634103685617,9.594836592441425e-05,30,30,30,0.27332592170779446,0.22454664717504988,64,64,1,4.0
hard_1mm_r1,16,9,cycle,1,0.043338362127542496,0.053587574511766434,0.19011549651622772,0.9720510244369507,0.025544973090291023,0.12971888482570648,0.9610888957977295,0.02059916779398918,0.05662587657570839,119,55,none,595,231,174,1.9910300970077515,0.0005309366970323026,0.0005095272208563983,9.8526528745424e-05,30,30,29,0.2815695722563928,0.24228424220890193,64,64,1,2.9
hard_1mm_r1,16,9,cycle,2,0.052223481237888336,0.06661532819271088,0.19011549651622772,0.9568096995353699,0.03276243805885315,0.12971888482570648,0.931406557559967,0.03509347140789032,0.06199340894818306,119,55,none,595,231,174,1.9910300970077515,0.0009046593331731856,0.0007114759064279497,0.00011135792738059536,30,30,29,0.2762750577525932,0.2525640669323149,64,64,1,2.9
hard_1mm_r1,8,5,cycle,0,0.09192372858524323,0.15234920382499695,0.19011549651622772,0.774098813533783,0.06916528195142746,0.12971888482570648,0.4597775936126709,0.0861472487449646,0.055673129856586456,119,55,none,595,231,174,1.9910300970077515,0.0011629282962530851,0.001707105664536357,0.00011011006426997483,30,30,28,0.2603539987772453,0.3172400008032332,64,64,1,3.9
hard_1mm_r1,8,5,cycle,1,0.08708216995000839,0.10312288999557495,0.19011549651622772,0.8964980840682983,0.04425443336367607,0.12971888482570648,0.8472071886062622,0.0577201284468174,0.07855141162872314,119,55,none,595,231,174,1.9910300970077515,0.0012937963474541903,0.0008060669060796499,0.00010761966404970735,30,30,30,0.3680977252351136,0.2873035942837273,64,64,1,2.8
hard_1mm_r1,8,5,cycle,2,0.13261546194553375,0.2218768447637558,0.19011549651622772,0.5208603143692017,0.06644435226917267,0.12971888482570648,0.6263480186462402,0.08889329433441162,0.11060894280672073,119,55,none,595,231,174,1.9910300970077515,0.0014562061987817287,0.0014007810968905687,0.00011331096902722493,30,30,15,0.41011807417669216,0.3600324903215681,64,64,1,2.8
hard_1mm_r2,854,480,cycle,0,0.0506005696952343,0.06159229204058647,0.215550035238266,0.9674831032752991,0.022840825840830803,0.11845756322145462,0.9567214250564575,0.02326628565788269,0.02486688829958439,87,42,none,694,177,129,1.8539299964904785,0.0006094305426813662,0.0007148687727749348,0.0002797212218865752,30,30,26,0.18053179584250326,0.24265849657651395,64,24,3,102.5
hard_1mm_r2,854,480,cycle,1,0.048480093479156494,0.056826043874025345,0.215550035238266,0.9723209142684937,0.03171085566282272,0.11845756322145462,0.9327905178070068,0.0323852077126503,0.032684843987226486,87,42,none,694,177,129,1.8539299964904785,0.0006401067948900163,0.0006689666770398617,0.0002242087066406384,30,30,26,0.16679139920545244,0.25179374554736467,64,24,3,114.4
hard_1mm_r2,854,480,cycle,2,0.03878311067819595,0.04904545098543167,0.215550035238266,0.9793816208839417,0.023919932544231415,0.11845756322145462,0.9516656398773193,0.029538458213210106,0.039921846240758896,87,42,none,694,177,129,1.8539299964904785,0.0007807981455698609,0.0004781843745149672,0.0002736905007623136,30,30,25,0.1841916615406443,0.24205406102756996,64,24,3,110.7
hard_1mm_r2,640,360,cycle,0,0.03193483129143715,0.0412648469209671,0.215550035238266,0.9854045510292053,0.02195880189538002,0.11845756322145462,0.9627967476844788,0.02148924581706524,0.04407172277569771,87,42,none,694,177,129,1.8539299964904785,0.0005328513216227293,0.0005671339458785951,0.0002805870317388326,30,30,30,0.13014023276502187,0.24044369944071364,64,44,1,60.5
hard_1mm_r2,640,360,cycle,1,0.041019391268491745,0.05285600945353508,0.215550035238266,0.9760532975196838,0.02489529736340046,0.11845756322145462,0.9469589591026306,0.029164936393499374,0.07389217615127563,87,42,none,694,177,129,1.8539299964904785,0.0006069045048207045,0.0009253699099645019,0.0002546344476286322,30,30,26,0.19318106263790075,0.24730618020235481,64,44,1,60.8
hard_1mm_r2,640,360,cycle,2,0.10684280842542648,0.11560264229774475,0.215550035238266,0.8854507803916931,0.023059597238898277,0.11845756322145462,0.9488673210144043,0.02889513410627842,0.1331264227628708,87,42,none,694,177,129,1.8539299964904785,0.0008383795502595603,0.0007423519273288548,0.00023908574075903744,30,30,25,0.20052365198602595,0.25822496599396744,64,44,1,59.4
hard_1mm_r2,426,240,cycle,0,0.04823305457830429,0.058569494634866714,0.215550035238266,0.970596432685852,0.018662193790078163,0.11845756322145462,0.9697045683860779,0.0200397539883852,0.026176759973168373,87,42,none,694,177,129,1.8539299964904785,0.0005223930929787457,0.000604730099439621,0.0002811038284562528,30,30,30,0.12573598028947022,0.24278717256535245,64,64,1,29.5
hard_1mm_r2,426,240,cycle,1,0.062355365604162216,0.06897944957017899,0.215550035238266,0.9592154026031494,0.020735064521431923,0.11845756322145462,0.9659041166305542,0.021885942667722702,0.05248046666383743,87,42,none,694,177,129,1.8539299964904785,0.00043621519580483437,0.0004501970543060452,0.0002158706047339365,30,30,30,0.14137742223932007,0.228667076024632,64,64,1,26.6
hard_1mm_r2,426,240,cycle,2,0.04946576803922653,0.059407562017440796,0.215550035238266,0.9697489738464355,0.026136837899684906,0.11845756322145462,0.9456521272659302,0.03165721520781517,0.049697909504175186,87,42,none,694,177,129,1.8539299964904785,0.0005412129685282707,0.0005675515276379883,0.00025575366453267634,30,30,21,0.2658028740017146,0.25084891561734474,64,64,1,27.6
hard_1mm_r2,320,180,cycle,0,0.039445050060749054,0.047885406762361526,0.215550035238266,0.9803454279899597,0.020888542756438255,0.11845756322145462,0.9618580937385559,0.02588643692433834,0.05457160621881485,87,42,none,694,177,129,1.8539299964904785,0.0005887860315851867,0.0008744025835767388,0.0002827385033015162,30,30,30,0.12739890521816286,0.24402367327846375,64,64,1,17.2
hard_1mm_r2,320,180,cycle,1,0.03688497468829155,0.044978562742471695,0.215550035238266,0.9826592803001404,0.023562340065836906,0.11845756322145462,0.9573085308074951,0.02370729111135006,0.05499471351504326,87,42,none,694,177,129,1.8539299964904785,0.000591752992477268,0.0006777624366804957,0.0002587049675639719,30,30,26,0.1742192620159226,0.2473496151509258,64,64,1,15.1
hard_1mm_r2,320,180,cycle,2,0.05058131366968155,0.05900297313928604,0.215550035238266,0.9701595902442932,0.020633360370993614,0.11845756322145462,0.9648457169532776,0.021950814872980118,0.03657149150967598,87,42,none,694,177,129,1.8539299964904785,0.0007097079651430249,0.0005330424755811691,0.00023893309116829187,30,30,22,0.1600907549734418,0.2545011595817609,64,64,1,16.0
hard_1mm_r2,160,90,cycle,0,0.04129612445831299,0.05391116812825203,0.215550035238266,0.9750877022743225,0.02116985432803631,0.11845756322145462,0.9629058241844177,0.02400045096874237,0.026081258431077003,87,42,none,694,177,129,1.8539299964904785,0.0005326105747371912,0.0007066149264574051,0.0002739033952821046,30,30,26,0.21352293580684606,0.2661922153106517,64,64,1,6.1
hard_1mm_r2,160,90,cycle,1,0.037279222160577774,0.04825638607144356,0.215550035238266,0.9800397157669067,0.022465087473392487,0.11845756322145462,0.9587588906288147,0.02072330191731453,0.05654669925570488,87,42,none,694,177,129,1.8539299964904785,0.0005108292098157108,0.0005161382141523063,0.0002320283674634993,30,30,30,0.1445337750382657,0.2338737821848379,64,64,1,5.1
hard_1mm_r2,160,90,cycle,2,0.05152739956974983,0.06136814132332802,0.215550035238266,0.967719316482544,0.020973537117242813,0.11845756322145462,0.9617026448249817,0.02408933825790882,0.02463553659617901,87,42,none,694,177,129,1.8539299964904785,0.0007799150771461427,0.0006198266055434942,0.00018418933905195445,30,30,28,0.18934203293550256,0.23288009126307602,64,64,1,5.0
hard_1mm_r2,80,45,cycle,0,0.05250377953052521,0.05980571359395981,0.215550035238266,0.9693421125411987,0.017728909850120544,0.11845756322145462,0.9719131588935852,0.018340030685067177,0.06934088468551636,87,42,none,694,177,129,1.8539299964904785,0.00041005172533914447,0.0007646766607649624,0.00016927624528761953,30,30,29,0.19976866417041086,0.23631037695933196,64,64,1,4.3
hard_1mm_r2,80,45,cycle,1,0.043574195355176926,0.05646039918065071,0.215550035238266,0.9726759791374207,0.03176317736506462,0.11845756322145462,0.9156254529953003,0.036736924201250076,0.07359571754932404,87,42,none,694,177,129,1.8539299964904785,0.0008799581555649638,0.0007085931720212102,0.00013509657583199441,30,30,20,0.24980769995653665,0.2264438025695456,64,64,1,3.4
hard_1mm_r2,80,45,cycle,2,0.10731471329927444,0.11971946805715561,0.215550035238266,0.8771468997001648,0.02492472156882286,0.11845756322145462,0.9445072412490845,0.030112631618976593,0.1441114991903305,87,42,none,694,177,129,1.8539299964904785,0.000795477069914341,0.0005846127169206738,0.0002465035067871213,30,30,17,0.26439134394401087,0.2717974334113342,64,64,1,3.4
hard_1mm_r2,48,27,cycle,0,0.034729354083538055,0.04342286288738251,0.215550035238266,0.9838380813598633,0.021908249706029892,0.11845756322145462,0.9599656462669373,0.02451111003756523,0.027890563011169434,87,42,none,694,177,129,1.8539299964904785,0.0005219868035055697,0.0006186303799040616,0.00010170275345444679,30,30,29,0.21778607849428908,0.1853156709401621,64,64,1,4.2
hard_1mm_r2,48,27,cycle,1,0.03426508978009224,0.041765064001083374,0.215550035238266,0.9850485324859619,0.0232513677328825,0.11845756322145462,0.953283429145813,0.029668783769011497,0.04355378448963165,87,42,none,694,177,129,1.8539299964904785,0.0007924417150206864,0.00041098633664660156,0.0001954881736310199,30,30,30,0.2167050419348461,0.2180577078781559,64,64,1,3.0
hard_1mm_r2,48,27,cycle,2,0.03704828768968582,0.04696764424443245,0.215550035238266,0.9810916185379028,0.020371034741401672,0.11845756322145462,0.964784562587738,0.023978227749466896,0.04766213893890381,87,42,none,694,177,129,1.8539299964904785,0.0005190250230953097,0.0006429682835005224,0.00023898459039628506,30,30,30,0.2492319555035242,0.2496362513741531,64,64,1,3.1
hard_1mm_r2,32,18,cycle,0,0.038825664669275284,0.048492398113012314,0.215550035238266,0.9798440337181091,0.026010727509856224,0.11845756322145462,0.9407044649124146,0.032383184880018234,0.029194338247179985,87,42,none,694,177,129,1.8539299964904785,0.0007184819551184773,0.0005765356472693384,0.00023373300791718066,30,30,29,0.24992420487857345,0.23665286996270304,64,64,1,4.0
hard_1mm_r2,32,18,cycle,1,0.04907061532139778,0.0624096617102623,0.215550035238266,0.966614305973053,0.03241239860653877,0.11845756322145462,0.8994137644767761,0.042998116463422775,0.035721417516469955,87,42,none,694,177,129,1.8539299964904785,0.0007470599375665188,0.0007980449008755386,0.00017392929294146597,30,30,26,0.2536805727296329,0.24076320626641398,64,64,1,3.0
hard_1mm_r2,32,18,cycle,2,0.03872179985046387,0.04740728437900543,0.215550035238266,0.9807359576225281,0.027682311832904816,0.11845756322145462,0.9410204291343689,0.030718106776475906,0.045177243649959564,87,42,none,694,177,129,1.8539299964904785,0.000587779562920332,0.0006282945396378636,0.00016197492368519306,30,30,30,0.2450073981491221,0.2245507051715743,64,64,1,3.0
hard_1mm_r2,16,9,cycle,0,0.048307593911886215,0.060460515320301056,0.215550035238266,0.9686671495437622,0.02707640826702118,0.11845756322145462,0.9396528601646423,0.03415171802043915,0.0578986331820488,87,42,none,694,177,129,1.8539299964904785,0.0008314480655826628,0.000574663863517344,0.00020527720334939659,30,30,29,0.23791917394148857,0.23644452714650643,64,64,1,4.1
hard_1mm_r2,16,9,cycle,1,0.05532819777727127,0.06697770953178406,0.215550035238266,0.9615481495857239,0.024889584630727768,0.11845756322145462,0.9488091468811035,0.027251675724983215,0.06219556927680969,87,42,none,694,177,129,1.8539299964904785,0.0005420038942247629,0.0007267695618793368,0.00023403146769851446,30,30,27,0.3318531410151325,0.2505204906571383,64,64,1,2.8
hard_1mm_r2,16,9,cycle,2,0.055960968136787415,0.06727538257837296,0.215550035238266,0.9612056016921997,0.04657290130853653,0.11845756322145462,0.7383397817611694,0.06063869595527649,0.06225326657295227,87,42,none,694,177,129,1.8539299964904785,0.0009369096951559186,0.0008052238263189793,0.000172084997757338,30,30,30,0.27258944717539146,0.2422033568560067,64,64,1,2.9
hard_1mm_r2,8,5,cycle,0,0.08539531379938126,0.11148738116025925,0.215550035238266,0.8934611082077026,0.06681566685438156,0.11845756322145462,0.4910162091255188,0.09089639037847519,0.08282575011253357,87,42,none,694,177,129,1.8539299964904785,0.0014536939561367035,0.0013523186789825559,0.0001167959562735632,30,30,30,0.2203632555365219,0.21980880478681145,64,64,1,4.9
hard_1mm_r2,8,5,cycle,1,0.06341607123613358,0.08058764785528183,0.215550035238266,0.944333553314209,0.05414900556206703,0.11845756322145462,0.7191120982170105,0.07012154161930084,0.08528017997741699,87,42,none,694,177,129,1.8539299964904785,0.001712450641207397,0.0010538684437051415,0.00011095256922999397,30,30,30,0.26436044434649114,0.24872591266524322,64,64,1,3.1
hard_1mm_r2,8,5,cycle,2,0.06732261925935745,0.0850272923707962,0.215550035238266,0.9380311965942383,0.06615153700113297,0.11845756322145462,0.59614098072052,0.08355417102575302,0.0822397843003273,87,42,none,694,177,129,1.8539299964904785,0.0017896268982440233,0.0018785310676321387,0.00012572771811392158,30,30,30,0.28949921275421936,0.2677747651008563,64,64,1,3.2
hard_2mm_r1,854,480,cycle,0,0.030224047601222992,0.03822154179215431,0.22613592445850372,0.9853312969207764,0.041401587426662445,0.12681090831756592,0.8920031785964966,0.04855610802769661,0.02760903909802437,81,46,none,703,170,127,1.6808600425720215,0.0008749882108531892,0.000713166780769825,0.0001488031557528302,30,30,24,0.24503569650446538,0.22778862995259902,64,24,3,97.9
hard_2mm_r1,854,480,cycle,1,0.03326898068189621,0.039115652441978455,0.22613592445850372,0.9846369624137878,0.041690241545438766,0.12681090831756592,0.8649336695671082,0.0586559921503067,0.03686349838972092,81,46,none,703,170,127,1.6808600425720215,0.0006609046249650419,0.0008624717011116445,0.00015501116286031902,30,30,30,0.1727245372864464,0.22374046409831327,64,24,3,115.8
hard_2mm_r1,854,480,cycle,2,0.027205638587474823,0.03384769707918167,0.22613592445850372,0.9884963631629944,0.03618990629911423,0.12681090831756592,0.8958112597465515,0.048762738704681396,0.027852635830640793,81,46,none,703,170,127,1.6808600425720215,0.0006094093550927937,0.000983705627731979,0.00015944684855639935,30,30,30,0.18958297664376444,0.2367448007359224,64,24,3,114.1
hard_2mm_r1,640,360,cycle,0,0.028182365000247955,0.03490551933646202,0.22613592445850372,0.9877661466598511,0.041130878031253815,0.12681090831756592,0.8863992094993591,0.05451168119907379,0.030499305576086044,81,46,none,703,170,127,1.6808600425720215,0.0008737099706195295,0.0009525962523184717,0.000160231749759987,30,30,28,0.15490093204069613,0.2573535582598518,64,44,1,61.4
hard_2mm_r1,640,360,cycle,1,0.06084967777132988,0.06937997043132782,0.22613592445850372,0.9516669511795044,0.05363883450627327,0.12681090831756592,0.821803092956543,0.06490900367498398,0.05479290336370468,81,46,none,703,170,127,1.6808600425720215,0.0008978694095276296,0.0009375715162605047,0.00013013792340643704,30,30,30,0.16754664974565356,0.2659018965328441,64,44,1,62.5
hard_2mm_r1,640,360,cycle,2,0.028798727318644524,0.037379905581474304,0.22613592445850372,0.9859701991081238,0.04578283429145813,0.12681090831756592,0.8393101096153259,0.06464866548776627,0.020015709102153778,81,46,none,703,170,127,1.6808600425720215,0.0008083627908490598,0.0009760055691003799,0.00016088626580312848,30,30,30,0.1706190740061688,0.23397677084978888,64,44,1,61.6
hard_2mm_r1,426,240,cycle,0,0.034001585096120834,0.042104322463274,0.22613592445850372,0.9821996092796326,0.024467727169394493,0.12681090831756592,0.9577379822731018,0.029072990640997887,0.03617515042424202,81,46,none,703,170,127,1.6808600425720215,0.0006243354291655123,0.0006955549470148981,0.00016108325507957488,30,30,30,0.16506761914466217,0.24175378014059629,64,64,1,29.5
hard_2mm_r1,426,240,cycle,1,0.05920799449086189,0.06640538573265076,0.22613592445850372,0.9557225704193115,0.021597791463136673,0.12681090831756592,0.9684624075889587,0.02473578043282032,0.04191577807068825,81,46,none,703,170,127,1.6808600425720215,0.0004714362439699471,0.0006371865165419877,0.00017769134137779474,30,30,29,0.1482599985548646,0.2539147881900563,64,64,1,27.3
hard_2mm_r1,426,240,cycle,2,0.04760560393333435,0.05443476140499115,0.22613592445850372,0.9702471494674683,0.031851738691329956,0.12681090831756592,0.9325136542320251,0.04019474610686302,0.04832923412322998,81,46,none,703,170,127,1.6808600425720215,0.0007688088226132095,0.0009982011979445815,0.00016312493244186044,30,30,29,0.14107535065153076,0.23751532610724954,64,64,1,28.7
hard_2mm_r1,320,180,cycle,0,0.032205965369939804,0.04098207876086235,0.22613592445850372,0.9831358790397644,0.0277281254529953,0.12681090831756592,0.9554495215415955,0.028294427320361137,0.03852103650569916,81,46,none,703,170,127,1.6808600425720215,0.000707377796061337,0.0007090836297720671,0.0001562563411425799,30,30,28,0.19665569262009427,0.26319623834946576,64,64,1,17.1
hard_2mm_r1,320,180,cycle,1,0.04935894533991814,0.06011446565389633,0.22613592445850372,0.9637144207954407,0.01976977102458477,0.12681090831756592,0.9718003869056702,0.025478871539235115,0.06274983286857605,81,46,none,703,170,127,1.6808600425720215,0.0005400944501161575,0.0006239194772206247,0.00016137337661348283,30,30,29,0.1688719948867646,0.25268067752613743,64,64,1,16.0
hard_2mm_r1,320,180,cycle,2,0.036261167377233505,0.04295080527663231,0.22613592445850372,0.9814766645431519,0.027485840022563934,0.12681090831756592,0.9497827291488647,0.03336574509739876,0.03183699771761894,81,46,none,703,170,127,1.6808600425720215,0.0005437593208625913,0.0006797806126996875,0.0001833739224821329,30,30,28,0.14730445080427493,0.23776070650886086,64,64,1,15.1
hard_2mm_r1,160,90,cycle,0,0.03626194968819618,0.04484638571739197,0.22613592445850372,0.979805588722229,0.02667994797229767,0.12681090831756592,0.9527423977851868,0.032069988548755646,0.03085574321448803,81,46,none,703,170,127,1.6808600425720215,0.0006357142119668424,0.0008382669766433537,0.00015650827845092863,30,30,30,0.19549823723002144,0.24272254495059742,64,64,1,6.2
hard_2mm_r1,160,90,cycle,1,0.04412079229950905,0.05353152006864548,0.22613592445850372,0.9712263345718384,0.02567325346171856,0.12681090831756592,0.9576632380485535,0.02899489365518093,0.033531829714775085,81,46,none,703,170,127,1.6808600425720215,0.0007242644787766039,0.0006015828112140298,0.0001872844441095367,30,30,30,0.16709956742960902,0.26454097523408776,64,64,1,5.1
hard_2mm_r1,160,90,cycle,2,0.06342914700508118,0.07336537539958954,0.22613592445850372,0.9459546804428101,0.024507656693458557,0.12681090831756592,0.9563367962837219,0.0301844272762537,0.04974014684557915,81,46,none,703,170,127,1.6808600425720215,0.0005994700477458537,0.0007502365624532104,0.00018977629952132702,30,30,30,0.20521760970396474,0.26788233027738684,64,64,1,5.2
hard_2mm_r1,80,45,cycle,0,0.03859546408057213,0.04885479807853699,0.22613592445850372,0.9760342836380005,0.022616270929574966,0.12681090831756592,0.9628289341926575,0.02916649915277958,0.048247575759887695,81,46,none,703,170,127,1.6808600425720215,0.00041224309825338423,0.0006088434020057321,0.00017522658163215965,30,30,30,0.20357155155491186,0.2413165709551643,64,64,1,4.4
hard_2mm_r1,80,45,cycle,1,0.04554837569594383,0.056608494371175766,0.22613592445850372,0.9678235054016113,0.0203087218105793,0.12681090831756592,0.9705029726028442,0.023384306579828262,0.0322125181555748,81,46,none,703,170,127,1.6808600425720215,0.0004615990328602493,0.0004831521073356271,0.0001884519006125629,30,30,30,0.21525398867567777,0.2465146345250747,64,64,1,3.4
hard_2mm_r1,80,45,cycle,2,0.05126010626554489,0.06042271852493286,0.22613592445850372,0.9633413553237915,0.02090568281710148,0.12681090831756592,0.9667432308197021,0.027087382972240448,0.07212942838668823,81,46,none,703,170,127,1.6808600425720215,0.00065346754854545,0.0005878038355149329,0.00019034500292036682,30,30,30,0.2092002486097355,0.25841966516831344,64,64,1,3.4
hard_2mm_r1,48,27,cycle,0,0.03976715728640556,0.0504230335354805,0.22613592445850372,0.9744709730148315,0.022339466959238052,0.12681090831756592,0.9669598340988159,0.027875449508428574,0.03340846300125122,81,46,none,703,170,127,1.6808600425720215,0.000439730123616755,0.0006963977939449251,0.00018405698938295245,30,30,24,0.23448930119043732,0.25137106390560376,64,64,1,4.2
hard_2mm_r1,48,27,cycle,1,0.04393695294857025,0.056549321860075,0.22613592445850372,0.967890739440918,0.029659518972039223,0.12681090831756592,0.9392717480659485,0.035395748913288116,0.04506872966885567,81,46,none,703,170,127,1.6808600425720215,0.0010410528630018234,0.0004735251422971487,0.0001693392696324736,30,30,24,0.24488651769429148,0.2533243740306181,64,64,1,3.2
hard_2mm_r1,48,27,cycle,2,0.08966471254825592,0.1155933290719986,0.22613592445850372,0.8658343553543091,0.03863026201725006,0.12681090831756592,0.9103333353996277,0.04446324706077576,0.10097941011190414,81,46,none,703,170,127,1.6808600425720215,0.0009669654536992311,0.0013397068250924349,0.0001488504494773224,30,30,13,0.39416843322059336,0.27460032070384305,64,64,1,2.6
hard_2mm_r1,32,18,cycle,0,0.07737478613853455,0.1319577991962433,0.22613592445850372,0.825157880783081,0.02559201419353485,0.12681090831756592,0.9593152403831482,0.02768442966043949,0.047113534063100815,81,46,none,703,170,127,1.6808600425720215,0.0009529937524348497,0.0008151571382768452,0.00018110420205630362,30,30,28,0.2560316197054824,0.26888247097239776,64,64,1,4.6
hard_2mm_r1,32,18,cycle,1,0.061378128826618195,0.07436749339103699,0.22613592445850372,0.9444681406021118,0.031483396887779236,0.12681090831756592,0.9354000091552734,0.0409059002995491,0.06017255783081055,81,46,none,703,170,127,1.6808600425720215,0.0005727942916564643,0.0007563873077742755,0.00018679726053960621,30,30,29,0.25263956837769425,0.27627803578096277,64,64,1,3.5
hard_2mm_r1,32,18,cycle,2,0.07220485061407089,0.09734565019607544,0.22613592445850372,0.9048499464988708,0.04017849266529083,0.12681090831756592,0.8820646405220032,0.04735117405653,0.04955293983221054,81,46,none,703,170,127,1.6808600425720215,0.000896237266715616,0.001036314875818789,0.00021393825591076165,30,30,29,0.2658337814200823,0.3051833096672507,64,64,1,3.4
hard_2mm_r1,16,9,cycle,0,0.04347321763634682,0.05713064968585968,0.22613592445850372,0.9672271609306335,0.032887741923332214,0.12681090831756592,0.920716404914856,0.042664527893066406,0.04808838292956352,81,46,none,703,170,127,1.6808600425720215,0.0006547546945512295,0.0006569381221197546,0.00018880158313550055,30,30,26,0.3370724022812389,0.2663392796235926,64,64,1,4.2
hard_2mm_r1,16,9,cycle,1,0.05287264287471771,0.06822872161865234,0.22613592445850372,0.95325767993927,0.02589697763323784,0.12681090831756592,0.953119158744812,0.029818812385201454,0.042071208357810974,81,46,none,703,170,127,1.6808600425720215,0.000608090020250529,0.000700154050718993,0.00018871709471568465,30,30,29,0.2394822488299135,0.27135230232687557,64,64,1,2.9
hard_2mm_r1,16,9,cycle,2,0.05508328229188919,0.07078305631875992,0.22613592445850372,0.9496923089027405,0.04119454324245453,0.12681090831756592,0.8359066247940063,0.051639374345541,0.054527293890714645,81,46,none,703,170,127,1.6808600425720215,0.0006673411699011922,0.0009747599833644927,0.00018985271162819117,30,30,16,0.3345966936005637,0.32040364882525274,64,64,1,3.0
hard_2mm_r1,8,5,cycle,0,0.07085083425045013,0.08984410017728806,0.22613592445850372,0.9189496040344238,0.05583828315138817,0.12681090831756592,0.782957136631012,0.07159408181905746,0.10052558779716492,81,46,none,703,170,127,1.6808600425720215,0.0016798224532976747,0.001860958174802363,0.0001518088683951646,30,30,23,0.3088065699527138,0.3084794549381032,64,64,1,4.5
hard_2mm_r1,8,5,cycle,1,0.06055381894111633,0.0720476359128952,0.22613592445850372,0.9478786587715149,0.03949638456106186,0.12681090831756592,0.8899534344673157,0.05021066963672638,0.06755273044109344,81,46,none,703,170,127,1.6808600425720215,0.0008556793327443302,0.0008216813439503312,0.0001957197964657098,30,30,29,0.26267581983107763,0.29894319983089673,64,64,1,2.8
hard_2mm_r1,8,5,cycle,2,0.07935895770788193,0.10066993534564972,0.22613592445850372,0.8982403874397278,0.04409194365143776,0.12681090831756592,0.8518931269645691,0.04882638901472092,0.10604722797870636,81,46,none,703,170,127,1.6808600425720215,0.0010353452526032925,0.001165117253549397,0.00019777815032284707,30,30,29,0.25679693995295344,0.3197079826803768,64,64,1,2.8
hard_2mm_r2,854,480,cycle,0,0.03616546839475632,0.04414284974336624,0.2603023052215576,0.9858093857765198,0.038348350673913956,0.13527724146842957,0.9059698581695557,0.04653360694646835,0.0356343574821949,65,43,none,700,192,108,2.1476900577545166,0.000855098944157362,0.0006629690760746598,0.00012136251461924985,30,30,30,0.17659899183682032,0.22895886252323785,64,24,3,90.6
hard_2mm_r2,854,480,cycle,1,0.021384045481681824,0.02757575362920761,0.2603023052215576,0.9944621920585632,0.02380567416548729,0.13527724146842957,0.9614534974098206,0.030931128188967705,0.021038798615336418,65,43,none,700,192,108,2.1476900577545166,0.000691301072947681,0.0005654412088915706,0.00012035206600558013,30,30,27,0.18131441729409353,0.2045574076473713,64,24,3,110.4
hard_2mm_r2,854,480,cycle,2,0.03639206290245056,0.045343056321144104,0.2603023052215576,0.9850271940231323,0.029636744409799576,0.13527724146842957,0.9333986043930054,0.03736630082130432,0.041706666350364685,65,43,none,700,192,108,2.1476900577545166,0.0005701063782908022,0.0006504132761619985,0.00010459678742336109,30,30,27,0.21930347749165127,0.20976282035311064,64,24,3,111.6
hard_2mm_r2,640,360,cycle,0,0.03608902916312218,0.043767500668764114,0.2603023052215576,0.9860496520996094,0.027337264269590378,0.13527724146842957,0.9458270072937012,0.03704027086496353,0.036192767322063446,65,43,none,700,192,108,2.1476900577545166,0.0006236018962226808,0.0007150483434088528,0.00011625609477050602,30,30,30,0.14450634377343313,0.2144542708992958,64,44,1,62.2
hard_2mm_r2,640,360,cycle,1,0.027476057410240173,0.034780144691467285,0.2603023052215576,0.9911906719207764,0.026330793276429176,0.13527724146842957,0.957922637462616,0.023180704563856125,0.025414058938622475,65,43,none,700,192,108,2.1476900577545166,0.0005893946508876979,0.0005844485713168979,0.00011346765677444637,30,30,27,0.1768092121396746,0.21813315898180008,64,44,1,63.7
hard_2mm_r2,640,360,cycle,2,0.06145875155925751,0.06952445209026337,0.2603023052215576,0.9647989273071289,0.02774728462100029,0.13527724146842957,0.9568839073181152,0.03227187320590019,0.05820119008421898,65,43,none,700,192,108,2.1476900577545166,0.0005569295026361942,0.0008634731057099998,0.00010892107820836827,30,30,26,0.17272143159593856,0.22583704690138498,64,44,1,60.0
hard_2mm_r2,426,240,cycle,0,0.03888542950153351,0.048486433923244476,0.2603023052215576,0.9828792810440063,0.029453208670020103,0.13527724146842957,0.9486247301101685,0.030773207545280457,0.03800168260931969,65,43,none,700,192,108,2.1476900577545166,0.000652636808808893,0.00057574751554057,0.00010581986862234771,30,30,28,0.14930763925824847,0.22681609789530435,64,64,1,29.6
hard_2mm_r2,426,240,cycle,1,0.03837999701499939,0.04522905498743057,0.2603023052215576,0.9851024150848389,0.024629943072795868,0.13527724146842957,0.9608447551727295,0.02900216169655323,0.038193438202142715,65,43,none,700,192,108,2.1476900577545166,0.0005364965181797743,0.0009310860768891871,0.00012640797649510205,30,30,30,0.15930901663643973,0.2193375825881958,64,64,1,27.1
hard_2mm_r2,426,240,cycle,2,0.027939973399043083,0.035836923867464066,0.2603023052215576,0.9906471967697144,0.023456381633877754,0.13527724146842957,0.9662060737609863,0.028991766273975372,0.026233315467834473,65,43,none,700,192,108,2.1476900577545166,0.0006063024047762156,0.0007042554789222777,0.00010895229934249073,30,30,30,0.13805898802621025,0.21888080736001334,64,64,1,27.9
hard_2mm_r2,320,180,cycle,0,0.02543526701629162,0.03199666738510132,0.2603023052215576,0.9925442934036255,0.02569931373000145,0.13527724146842957,0.9585837125778198,0.03001943975687027,0.027037421241402626,65,43,none,700,192,108,2.1476900577545166,0.0006052467506378889,0.000532955804374069,0.00011477874795673415,30,30,30,0.14071441173553467,0.21668840448061624,64,64,1,17.0
hard_2mm_r2,320,180,cycle,1,0.027807440608739853,0.03459513559937477,0.2603023052215576,0.9912841320037842,0.02172083966434002,0.13527724146842957,0.9716171622276306,0.02410999871790409,0.024746859446167946,65,43,none,700,192,108,2.1476900577545166,0.0005510353366844356,0.0006006030016578734,0.00011720242764567956,30,30,27,0.2007755892617362,0.21687563260396323,64,64,1,15.8
hard_2mm_r2,320,180,cycle,2,0.03238038718700409,0.040532831102609634,0.2603023052215576,0.9880355000495911,0.01934698596596718,0.13527724146842957,0.9777776002883911,0.02159035950899124,0.039017204195261,65,43,none,700,192,108,2.1476900577545166,0.00047343113692477345,0.0004939732025377452,0.00011834824545076117,30,30,23,0.19576259885515485,0.20458270609378815,64,64,1,15.8
hard_2mm_r2,160,90,cycle,0,0.0563495010137558,0.06908761709928513,0.2603023052215576,0.9652398824691772,0.02819080837070942,0.13527724146842957,0.9512725472450256,0.02920958586037159,0.06590361893177032,65,43,none,700,192,108,2.1476900577545166,0.0005268043605610728,0.0006636274047195911,0.0001517366908956319,30,30,26,0.19295822484152658,0.23486629128456116,64,64,1,5.9
hard_2mm_r2,160,90,cycle,1,0.02903650514781475,0.03950883448123932,0.2603023052215576,0.9886323809623718,0.02229573018848896,0.13527724146842957,0.9704793095588684,0.026257475838065147,0.037778615951538086,65,43,none,700,192,108,2.1476900577545166,0.0005892712506465614,0.0008784466772340238,0.00011239646119065583,30,30,28,0.20941266468593053,0.23705274860064188,64,64,1,4.7
hard_2mm_r2,160,90,cycle,2,0.030069589614868164,0.04218569025397301,0.2603023052215576,0.9870398044586182,0.019535338506102562,0.13527724146842957,0.9721199870109558,0.024046089500188828,0.03830732777714729,65,43,none,700,192,108,2.1476900577545166,0.0005705911316908896,0.0005723729263991117,0.0001427329843863845,30,30,30,0.15644427708217076,0.2162452091773351,64,64,1,5.3
hard_2mm_r2,80,45,cycle,0,0.039547570049762726,0.047804009169340134,0.2603023052215576,0.983357846736908,0.026024650782346725,0.13527724146842957,0.9616732597351074,0.026682967320084572,0.043203651905059814,65,43,none,700,192,108,2.1476900577545166,0.0006448549684137106,0.0004580910608638078,0.0001308424398303032,30,30,29,0.21910251753670829,0.21333448588848114,64,64,1,4.4
hard_2mm_r2,80,45,cycle,1,0.03369543328881264,0.04532076045870781,0.2603023052215576,0.9850419163703918,0.03684534877538681,0.13527724146842957,0.9232926368713379,0.0387926809489727,0.03767292574048042,65,43,none,700,192,108,2.1476900577545166,0.0006027777562849224,0.0005924153374508023,0.0001209060792461969,30,30,25,0.25097438267299105,0.24869036177794138,64,64,1,3.4
hard_2mm_r2,80,45,cycle,2,0.04423448070883751,0.05476211756467819,0.2603023052215576,0.978160560131073,0.021513139829039574,0.13527724146842957,0.9681040644645691,0.027995701879262924,0.05670789256691933,65,43,none,700,192,108,2.1476900577545166,0.0004646886663977057,0.0005037272931076586,0.00012593893916346133,30,30,30,0.19939922605242047,0.18800804515679678,64,64,1,3.6
hard_2mm_r2,48,27,cycle,0,0.03416188806295395,0.04644571989774704,0.2603023052215576,0.9842901229858398,0.031988777220249176,0.13527724146842957,0.9410818815231323,0.03722890466451645,0.04043760895729065,65,43,none,700,192,108,2.1476900577545166,0.0007218551472760737,0.0007361985626630485,0.000135814247187227,30,30,27,0.25973259244646346,0.20775330066680908,64,64,1,4.4
hard_2mm_r2,48,27,cycle,1,0.042147111147642136,0.06842882931232452,0.2603023052215576,0.965899646282196,0.02669135294854641,0.13527724146842957,0.9575780034065247,0.03241763636469841,0.05136128515005112,65,43,none,700,192,108,2.1476900577545166,0.0005658814334310591,0.0005279788165353239,0.00018893455853685737,30,30,29,0.20062642778669085,0.21638699869314829,64,64,1,3.2
hard_2mm_r2,48,27,cycle,2,0.03810659423470497,0.050011564046144485,0.2603023052215576,0.9817852973937988,0.019879890605807304,0.13527724146842957,0.9747468829154968,0.02323002740740776,0.052956219762563705,65,43,none,700,192,108,2.1476900577545166,0.0004982955288141966,0.00046583940275013447,0.00013322863378562033,30,30,30,0.21458069937569754,0.19436907768249512,64,64,1,3.3
hard_2mm_r2,32,18,cycle,0,0.04608761891722679,0.06815080344676971,0.2603023052215576,0.9661761522293091,0.035833414644002914,0.13527724146842957,0.9231473207473755,0.0462571382522583,0.06501588225364685,65,43,none,700,192,108,2.1476900577545166,0.000775064982008189,0.0008289518882520497,0.0001725921465549618,30,30,30,0.2514986310686384,0.23257419963677725,64,64,1,5.0
hard_2mm_r2,32,18,cycle,1,0.06383974105119705,0.07962080091238022,0.2603023052215576,0.953832745552063,0.030802814289927483,0.13527724146842957,0.9372636079788208,0.03884801268577576,0.058155570179224014,65,43,none,700,192,108,2.1476900577545166,0.0008930730982683599,0.000901868857908994,0.00016169169975910336,30,30,26,0.2957370090484619,0.22302001218001047,64,64,1,3.5
hard_2mm_r2,32,18,cycle,2,0.041967686265707016,0.049392715096473694,0.2603023052215576,0.9822332859039307,0.02892865054309368,0.13527724146842957,0.949920654296875,0.03553137928247452,0.043469976633787155,65,43,none,700,192,108,2.1476900577545166,0.0007961320807226002,0.0006630573770962656,0.00017034538905136287,30,30,28,0.25071049962724956,0.23116614917914072,64,64,1,3.0
hard_2mm_r2,16,9,cycle,0,0.048359014093875885,0.06247780844569206,0.2603023052215576,0.9715728759765625,0.027313515543937683,0.13527724146842957,0.9541283845901489,0.033615365624427795,0.06239619851112366,65,43,none,700,192,108,2.1476900577545166,0.0006972007686272264,0.0008240445167757571,0.00014328393444884568,30,30,25,0.2571950776236398,0.23594300945599875,64,64,1,5.1
hard_2mm_r2,16,9,cycle,1,0.07012621313333511,0.11094462126493454,0.2603023052215576,0.9103617668151855,0.03472062945365906,0.13527724146842957,0.9081859588623047,0.0426596961915493,0.06407536566257477,65,43,none,700,192,108,2.1476900577545166,0.0011300136102363467,0.0007698083645664155,0.00013270216004457325,30,30,26,0.28335238456726075,0.236828143397967,64,64,1,3.5
hard_2mm_r2,16,9,cycle,2,0.06706182658672333,0.08039138466119766,0.2603023052215576,0.9529348015785217,0.027836956083774567,0.13527724146842957,0.9467899203300476,0.03464534878730774,0.0728151723742485,65,43,none,700,192,108,2.1476900577545166,0.0005964405718259513,0.0008790547726675868,0.00012612735736183822,30,30,29,0.24706769125802178,0.2142502466837565,64,64,1,2.9
hard_2mm_r2,8,5,cycle,0,0.07824912667274475,0.09992067515850067,0.2603023052215576,0.9272904396057129,0.04418669641017914,0.13527724146842957,0.8816957473754883,0.05125848203897476,0.10236865282058716,65,43,none,700,192,108,2.1476900577545166,0.0011432846076786518,0.0009643386583775282,0.00018241623183712363,30,30,30,0.24894967760358538,0.28149089217185974,64,64,1,4.7
hard_2mm_r2,8,5,cycle,1,0.11728323251008987,0.15909981727600098,0.2603023052215576,0.8156597018241882,0.05509467422962189,0.13527724146842957,0.8203905820846558,0.05924656614661217,0.17373113334178925,65,43,none,700,192,108,2.1476900577545166,0.0010414915159344673,0.00101334392093122,0.00013853974814992398,30,30,30,0.24383852005004883,0.2528443435827891,64,64,1,3.0
hard_2mm_r2,8,5,cycle,2,0.09989513456821442,0.1447696089744568,0.2603023052215576,0.8473714590072632,0.05082111060619354,0.13527724146842957,0.7765060067176819,0.0675552487373352,0.13926872611045837,65,43,none,700,192,108,2.1476900577545166,0.001477187150157988,0.0012552031548693776,0.00014852498134132475,30,30,30,0.27565825053623744,0.30525652567545575,64,64,1,2.5
hard_3mm_r1,854,480,cycle,0,0.05137748271226883,0.0635804608464241,0.363511323928833,0.9798914194107056,0.043414901942014694,0.135903999209404,0.8431074619293213,0.06555861979722977,0.041106898337602615,70,85,none,721,124,155,2.000200033187866,0.0017829800490289927,0.0010066101094707847,0.00013903994113206863,30,30,28,0.19575293624616033,0.2783965468406677,64,24,3,84.1
hard_3mm_r1,854,480,cycle,1,0.04420699179172516,0.057390689849853516,0.363511323928833,0.9836161136627197,0.04904881864786148,0.135903999209404,0.8434160351753235,0.06002797931432724,0.04614254832267761,70,85,none,721,124,155,2.000200033187866,0.0008380969520658255,0.00098580087069422,0.00013511200086213648,30,30,25,0.17041630437403876,0.2585682561320643,64,24,3,115.0
hard_3mm_r1,854,480,cycle,2,0.06343327462673187,0.07800998538732529,0.363511323928833,0.9697284698486328,0.039665620774030685,0.135903999209404,0.8737607002258301,0.05481402948498726,0.08026058971881866,70,85,none,721,124,155,2.000200033187866,0.0008701032493263483,0.0009817047975957394,0.00013372728426475078,30,30,24,0.21404116382711308,0.27037588627107684,64,24,3,115.2
hard_3mm_r1,640,360,cycle,0,0.06181865930557251,0.07467448711395264,0.363511323928833,0.9722617864608765,0.043568335473537445,0.135903999209404,0.836877167224884,0.06558502465486526,0.06939730048179626,70,85,none,721,124,155,2.000200033187866,0.0009457023115828633,0.0010651849443092942,0.00013801216846331954,30,30,30,0.15906601772228987,0.28551963836916033,64,44,1,62.3
hard_3mm_r1,640,360,cycle,1,0.06994500011205673,0.08114822953939438,0.363511323928833,0.9672439098358154,0.05290262773633003,0.135903999209404,0.8353487253189087,0.05575626716017723,0.06863965094089508,70,85,none,721,124,155,2.000200033187866,0.001070561120286584,0.0010967128910124302,0.00013059655611868948,30,30,25,0.18965043571884854,0.2794750352059641,64,44,1,60.8
hard_3mm_r1,640,360,cycle,2,0.04488550126552582,0.05836671218276024,0.363511323928833,0.9830541014671326,0.048748165369033813,0.135903999209404,0.8019654750823975,0.07460583001375198,0.03476753085851669,70,85,none,721,124,155,2.000200033187866,0.0012622373178601265,0.0011503612622618675,0.00013247979222796857,30,30,28,0.16834597580971897,0.27051221939825243,64,44,1,61.2
hard_3mm_r1,426,240,cycle,0,0.045304641127586365,0.0539415068924427,0.363511323928833,0.9855262637138367,0.04549282416701317,0.135903999209404,0.8477306365966797,0.06849490851163864,0.04192059114575386,70,85,none,721,124,155,2.000200033187866,0.0011545759625732899,0.0008056576480157673,0.0001405345246894285,30,30,30,0.13022876910131617,0.2723678619630875,64,64,1,29.5
hard_3mm_r1,426,240,cycle,1,0.0413978286087513,0.05136147886514664,0.363511323928833,0.9868777394294739,0.04030560329556465,0.135903999209404,0.8700512647628784,0.0609864704310894,0.03663089871406555,70,85,none,721,124,155,2.000200033187866,0.0010589685989543796,0.0009021396399475634,0.00013419284368865192,30,30,26,0.18080182743469322,0.2634425163269043,64,64,1,28.0
hard_3mm_r1,426,240,cycle,2,0.037622954696416855,0.0509367436170578,0.363511323928833,0.9870938658714294,0.03502660244703293,0.135903999209404,0.8888135552406311,0.056455258280038834,0.03347417712211609,70,85,none,721,124,155,2.000200033187866,0.0007951350999064744,0.000965095532592386,0.00014495360665023327,30,30,30,0.15464467413713134,0.2705311006115329,64,64,1,26.6
hard_3mm_r1,320,180,cycle,0,0.04242842271924019,0.054163575172424316,0.363511323928833,0.9854068756103516,0.046362292021512985,0.135903999209404,0.8525407314300537,0.06683970242738724,0.042017389088869095,70,85,none,721,124,155,2.000200033187866,0.0010221217526122928,0.0009255436016246676,0.00013637357915285975,30,30,30,0.15138439860985448,0.2830397082913306,64,64,1,17.4
hard_3mm_r1,320,180,cycle,1,0.08494847267866135,0.0969572439789772,0.363511323928833,0.9532378315925598,0.04452362284064293,0.135903999209404,0.8831374049186707,0.055617306381464005,0.08571641147136688,70,85,none,721,124,155,2.000200033187866,0.0008884023991413414,0.00108325423207134,0.00013028668763581663,30,30,29,0.16343586553978356,0.2880801385448825,64,64,1,16.1
hard_3mm_r1,320,180,cycle,2,0.039113543927669525,0.05091177672147751,0.363511323928833,0.9871065020561218,0.04736415669322014,0.135903999209404,0.8560453057289124,0.06155715137720108,0.0377945676445961,70,85,none,721,124,155,2.000200033187866,0.0009116567089222372,0.0011125184828415513,0.00014866933634039015,30,30,29,0.2000629309973009,0.28336023515270603,64,64,1,16.1
hard_3mm_r1,160,90,cycle,0,0.05034764111042023,0.06176328286528587,0.363511323928833,0.981024444103241,0.035629477351903915,0.135903999209404,0.9155207872390747,0.049747444689273834,0.049836788326501846,70,85,none,721,124,155,2.000200033187866,0.0009190804557874799,0.0006921867025084794,0.0001432202843716368,30,30,30,0.16346516390944651,0.2733687969946092,64,64,1,6.4
hard_3mm_r1,160,90,cycle,1,0.1082313284277916,0.1202552542090416,0.363511323928833,0.9280646443367004,0.045725587755441666,0.135903999209404,0.8792717456817627,0.053235236555337906,0.09270351380109787,70,85,none,721,124,155,2.000200033187866,0.000981609569862485,0.0008238094742409885,0.0001395928702550009,30,30,18,0.24068944695587793,0.2951088720752347,64,64,1,5.3
hard_3mm_r1,160,90,cycle,2,0.04386484622955322,0.05416087433695793,0.363511323928833,0.9854083061218262,0.03798951953649521,0.135903999209404,0.9042783975601196,0.05012774467468262,0.040133699774742126,70,85,none,721,124,155,2.000200033187866,0.0009558775927871466,0.0019997158087790012,0.0001501891965745017,30,30,24,0.22238143241025207,0.3038864597197502,64,64,1,5.2
hard_3mm_r1,80,45,cycle,0,0.04924757778644562,0.059429317712783813,0.363511323928833,0.9824314713478088,0.039230383932590485,0.135903999209404,0.9169145226478577,0.04214036837220192,0.04588509351015091,70,85,none,721,124,155,2.000200033187866,0.000631496193818748,0.0006485781050287187,0.00013217120431363583,30,30,30,0.22919880533681333,0.24395500459978658,64,64,1,4.5
hard_3mm_r1,80,45,cycle,1,0.0720520168542862,0.0829785168170929,0.363511323928833,0.9657496213912964,0.029677899554371834,0.135903999209404,0.9379541873931885,0.043229248374700546,0.07726400345563889,70,85,none,721,124,155,2.000200033187866,0.0006355633959174156,0.0008651713142171502,0.0001314589608227834,30,30,30,0.2484647232351951,0.2600815834537629,64,64,1,3.7
hard_3mm_r1,80,45,cycle,2,0.052309367805719376,0.06471551209688187,0.363511323928833,0.9791670441627502,0.03449729084968567,0.135903999209404,0.9205832481384277,0.04515380412340164,0.04958842322230339,70,85,none,721,124,155,2.000200033187866,0.0006963279447518289,0.0008067174348980188,0.00015059160068631172,30,30,24,0.27132373643152924,0.2597910511878229,64,64,1,3.6
hard_3mm_r1,48,27,cycle,0,0.04422208294272423,0.05993016064167023,0.363511323928833,0.9821341037750244,0.0434483140707016,0.135903999209404,0.7667235732078552,0.036128655076026917,0.04752882942557335,70,85,none,721,124,155,2.000200033187866,0.0011196744162589312,0.0008951987838372588,0.0001308699866058305,30,30,28,0.2860704916690821,0.2546104461916031,64,64,1,4.4
hard_3mm_r1,48,27,cycle,1,0.05110788717865944,0.08520548790693283,0.363511323928833,0.9638864994049072,0.03167779743671417,0.135903999209404,0.8925822973251343,0.03690999373793602,0.06106891110539436,70,85,none,721,124,155,2.000200033187866,0.0006803331198170781,0.0009229594725184143,0.00014612179074902087,30,30,29,0.23034659437266863,0.24313688278198242,64,64,1,3.5
hard_3mm_r1,48,27,cycle,2,0.036210596561431885,0.04570231959223747,0.363511323928833,0.9896101355552673,0.030624616891145706,0.135903999209404,0.9402693510055542,0.034953877329826355,0.0357745885848999,70,85,none,721,124,155,2.000200033187866,0.0007457436877302825,0.0006212747539393604,0.00013767990458291024,30,30,30,0.2425113273229083,0.23655055415245793,64,64,1,3.5
hard_3mm_r1,32,18,cycle,0,0.040839336812496185,0.05084829032421112,0.363511323928833,0.9871386289596558,0.025286979973316193,0.135903999209404,0.9515207409858704,0.038228556513786316,0.04384457692503929,70,85,none,721,124,155,2.000200033187866,0.0005991946090944111,0.0007708887569606304,0.00013621269317809492,30,30,30,0.24220456561169248,0.23174455858046009,64,64,1,5.0
hard_3mm_r1,32,18,cycle,1,0.041224073618650436,0.05121041461825371,0.363511323928833,0.9869548082351685,0.03216039016842842,0.135903999209404,0.9152024388313293,0.04313794896006584,0.04431179165840149,70,85,none,721,124,155,2.000200033187866,0.0006187882390804589,0.0006755616632290184,0.00013533221499528736,30,30,30,0.2863519287638459,0.23874512026386877,64,64,1,3.9
hard_3mm_r1,32,18,cycle,2,0.05182166397571564,0.06550728529691696,0.363511323928833,0.978654146194458,0.03829876706004143,0.135903999209404,0.89751797914505,0.045093756169080734,0.05758007988333702,70,85,none,721,124,155,2.000200033187866,0.0007671542698517442,0.0009116212022490799,0.00013943076191935688,30,30,29,0.3252648381353582,0.2641023820446384,64,64,1,4.0
hard_3mm_r1,16,9,cycle,0,0.24227160215377808,0.2791459858417511,0.363511323928833,0.6123882532119751,0.07101933658123016,0.135903999209404,0.6229627728462219,0.10769268125295639,0.2861463725566864,70,85,none,721,124,155,2.000200033187866,0.0015416508540511131,0.0015054793329909444,0.00014911670587025583,30,30,18,0.3904077103994425,0.41159906694965975,64,64,1,4.8
hard_3mm_r1,16,9,cycle,1,0.10023920238018036,0.18525028228759766,0.363511323928833,0.8292927742004395,0.054571859538555145,0.135903999209404,0.8219617009162903,0.0677308738231659,0.061318207532167435,70,85,none,721,124,155,2.000200033187866,0.0011814712779596448,0.0010347856441512704,0.0001473624724894762,30,30,25,0.3043897366887488,0.2859536447832661,64,64,1,3.6
hard_3mm_r1,16,9,cycle,2,0.04240179806947708,0.052200764417648315,0.363511323928833,0.9864453673362732,0.05256355181336403,0.135903999209404,0.8344337344169617,0.05859890580177307,0.03681504353880882,70,85,none,721,124,155,2.000200033187866,0.0008933554636314511,0.0007583471015095711,0.000141114869620651,30,30,30,0.2811152197616937,0.2784143724749165,64,64,1,3.6
hard_3mm_r1,8,5,cycle,0,0.09326913952827454,0.13022083044052124,0.363511323928833,0.9156480431556702,0.12340913712978363,0.135903999209404,-0.4503748416900635,0.21930739283561707,0.08365977555513382,70,85,none,721,124,155,2.000200033187866,0.004234258085489273,0.001516345189884305,0.00013583073450718075,30,30,28,0.3206516588610518,0.34407997131347656,64,64,1,4.9
hard_3mm_r1,8,5,cycle,1,0.6702068448066711,1.1089332103729248,0.363511323928833,-5.117092132568359,0.26292192935943604,0.135903999209404,-7.17943000793457,0.5327033400535583,0.10180417448282242,70,85,none,721,124,155,2.000200033187866,0.0048064179718494415,0.0073832497000694275,0.0002578625571914017,30,30,30,0.30704021586128477,0.4339859024170906,64,64,1,2.7
hard_3mm_r1,8,5,cycle,2,0.08600201457738876,0.11161475628614426,0.363511323928833,0.9380306005477905,0.08500712364912033,0.135903999209404,0.30096709728240967,0.14782296121120453,0.0718672052025795,70,85,none,721,124,155,2.000200033187866,0.001736850361339748,0.0015946690691635013,0.000153648346895352,30,30,29,0.30837661647928905,0.3305139080170662,64,64,1,3.1
hard_3mm_r2,854,480,cycle,0,0.04864734411239624,0.05962086468935013,0.3390273451805115,0.979874849319458,0.040642980486154556,0.23993933200836182,0.9647007584571838,0.05560050159692764,0.03279383108019829,58,51,none,723,168,109,2.090240001678467,0.0009984124917536974,0.0013568352442234755,0.00022982031805440784,30,30,30,0.15567809978131603,0.2827889805748349,64,24,3,83.6
hard_3mm_r2,854,480,cycle,1,0.04244689643383026,0.051033008843660355,0.3390273451805115,0.9852550029754639,0.043311066925525665,0.23993933200836182,0.9589555859565735,0.059463486075401306,0.03569105267524719,58,51,none,723,168,109,2.090240001678467,0.001427140086889267,0.0008122882572934031,0.00022677844390273094,30,30,27,0.16400603770715072,0.2704933966909136,64,24,3,120.7
hard_3mm_r2,854,480,cycle,2,0.04978324845433235,0.06195367872714996,0.3390273451805115,0.9782691597938538,0.03554393723607063,0.23993933200836182,0.9705433249473572,0.052332803606987,0.04856765642762184,58,51,none,723,168,109,2.090240001678467,0.0009998928289860487,0.0011226919014006853,0.0002954403462354094,30,30,29,0.17317832996076898,0.30275713545935495,64,24,3,121.4
hard_3mm_r2,640,360,cycle,0,0.04930711165070534,0.05736629292368889,0.3390273451805115,0.9813681840896606,0.0382239930331707,0.23993933200836182,0.9659678936004639,0.056996025145053864,0.039011694490909576,58,51,none,723,168,109,2.090240001678467,0.0011384162353351712,0.0007626471924595535,0.00025497694150544703,30,30,30,0.12276399251006616,0.27109758910678683,64,44,1,63.2
hard_3mm_r2,640,360,cycle,1,0.03950109705328941,0.04905863106250763,0.3390273451805115,0.9863738417625427,0.032019034028053284,0.23993933200836182,0.9792895913124084,0.04311433434486389,0.0515371710062027,58,51,none,723,168,109,2.090240001678467,0.0011146926553919911,0.0007529632421210408,0.00023223071184474975,30,30,26,0.1784779036193468,0.2734142768950689,64,44,1,62.1
hard_3mm_r2,640,360,cycle,2,0.038134701550006866,0.04626939818263054,0.3390273451805115,0.98787921667099,0.036706723272800446,0.23993933200836182,0.9707441926002502,0.051900435239076614,0.040779463946819305,58,51,none,723,168,109,2.090240001678467,0.0009150058613158762,0.0007610020111314952,0.0002336723991902545,30,30,25,0.16655661753104437,0.2498683872677031,64,44,1,62.7
hard_3mm_r2,426,240,cycle,0,0.08620874583721161,0.10114580392837524,0.3390273451805115,0.9420787692070007,0.03645741194486618,0.23993933200836182,0.9687895774841309,0.05164030194282532,0.04577096924185753,58,51,none,723,168,109,2.090240001678467,0.001539787044748664,0.0005935155786573887,0.00025600555818527937,30,30,28,0.14934521262246708,0.3088809819448562,64,64,1,30.0
hard_3mm_r2,426,240,cycle,1,0.04467613250017166,0.053368762135505676,0.3390273451805115,0.9838743805885315,0.04254722222685814,0.23993933200836182,0.955379843711853,0.06613792479038239,0.0315791480243206,58,51,none,723,168,109,2.090240001678467,0.0011181208537891507,0.0007341583841480315,0.00020727005903609097,30,30,28,0.1499438998115508,0.242919507480803,64,64,1,28.6
hard_3mm_r2,426,240,cycle,2,0.05502154678106308,0.07152637839317322,0.3390273451805115,0.9710349440574646,0.05613274499773979,0.23993933200836182,0.9319470524787903,0.0863737165927887,0.07451528310775757,58,51,none,723,168,109,2.090240001678467,0.0013821162283420563,0.0009552216506563127,0.00021173266577534378,30,30,14,0.29238516001615616,0.29276817185538156,64,64,1,27.3
hard_3mm_r2,320,180,cycle,0,0.055631838738918304,0.06807880848646164,0.3390273451805115,0.9737598896026611,0.040995582938194275,0.23993933200836182,0.9668871760368347,0.05351278930902481,0.031861525028944016,58,51,none,723,168,109,2.090240001678467,0.0012031093938276172,0.0007177511579357088,0.0002577356353867799,30,30,28,0.15200645729054388,0.2971361591702416,64,64,1,17.8
hard_3mm_r2,320,180,cycle,1,0.04744275286793709,0.05703815445303917,0.3390273451805115,0.9815806746482849,0.04789339378476143,0.23993933200836182,0.954807460308075,0.05501376464962959,0.03771386295557022,58,51,none,723,168,109,2.090240001678467,0.001091828802600503,0.0008652220712974668,0.0002318793412996456,30,30,29,0.14017871735336704,0.2861239966892061,64,64,1,16.7
hard_3mm_r2,320,180,cycle,2,0.06460268050432205,0.08132664859294891,0.3390273451805115,0.9625537991523743,0.03583337739109993,0.23993933200836182,0.9726167321205139,0.051243241876363754,0.10169854015111923,58,51,none,723,168,109,2.090240001678467,0.00101005332544446,0.0009777996456250548,0.00022797704150434583,30,30,29,0.14343670031176892,0.28981216180892216,64,64,1,16.6
hard_3mm_r2,160,90,cycle,0,0.04847953841090202,0.057336632162332535,0.3390273451805115,0.9813874363899231,0.029430242255330086,0.23993933200836182,0.9817841649055481,0.03545611724257469,0.05048101395368576,58,51,none,723,168,109,2.090240001678467,0.0011937555391341448,0.0007077548652887344,0.00028983864467591047,30,30,30,0.14546672470177194,0.30019526254563106,64,64,1,6.5
hard_3mm_r2,160,90,cycle,1,0.03831679746508598,0.046292368322610855,0.3390273451805115,0.9878671765327454,0.03785766288638115,0.23993933200836182,0.9691370129585266,0.05151000991463661,0.030587436631321907,58,51,none,723,168,109,2.090240001678467,0.0009947811486199498,0.001208917936310172,0.0002673978160601109,30,30,24,0.2323827802887596,0.30263816175006686,64,64,1,5.5
hard_3mm_r2,160,90,cycle,2,0.0423053540289402,0.055115681141614914,0.3390273451805115,0.9828014373779297,0.04163406416773796,0.23993933200836182,0.9618409276008606,0.059409353882074356,0.05578611046075821,58,51,none,723,168,109,2.090240001678467,0.0016225276049226522,0.0010401718318462372,0.00022170247393660247,30,30,28,0.14360530280803085,0.2973231985455468,64,64,1,5.5
hard_3mm_r2,80,45,cycle,0,0.04750071465969086,0.05965757742524147,0.3390273451805115,0.9798500537872314,0.026350928470492363,0.23993933200836182,0.984565794467926,0.035234566777944565,0.027745014056563377,58,51,none,723,168,109,2.090240001678467,0.0007516199839301407,0.0010079091880470514,0.00022971325961407274,30,30,29,0.1993514650590192,0.2569361698059809,64,64,1,4.0
hard_3mm_r2,80,45,cycle,1,0.07588567584753036,0.09380806237459183,0.3390273451805115,0.9501778483390808,0.0256852637976408,0.23993933200836182,0.9845603704452515,0.03590806573629379,0.027548842132091522,58,51,none,723,168,109,2.090240001678467,0.0008114133379422128,0.0007646451122127473,0.0002862036635633558,30,30,28,0.2115572333170995,0.3082366216750372,64,64,1,3.8
hard_3mm_r2,80,45,cycle,2,0.08698534965515137,0.10916855186223984,0.3390273451805115,0.9325258731842041,0.0395650789141655,0.23993933200836182,0.9662659764289856,0.05168365687131882,0.12364156544208527,58,51,none,723,168,109,2.090240001678467,0.001008569379337132,0.000781847455073148,0.0002064197906292975,30,30,15,0.28794144331007415,0.27579290526253836,64,64,1,3.8
hard_3mm_r2,48,27,cycle,0,0.11001762747764587,0.12665033340454102,0.3390273451805115,0.909185528755188,0.03543615713715553,0.23993933200836182,0.9748021960258484,0.044586509466171265,0.06356845796108246,58,51,none,723,168,109,2.090240001678467,0.0008328823023475707,0.0027248510159552097,0.00030002353014424443,30,30,30,0.1756167378827909,0.2989797421864101,64,64,1,4.5
hard_3mm_r2,48,27,cycle,1,0.04660515487194061,0.06226097792387009,0.3390273451805115,0.9780530333518982,0.035756610333919525,0.23993933200836182,0.9766461849212646,0.03758108615875244,0.03837541863322258,58,51,none,723,168,109,2.090240001678467,0.0008937426027841866,0.0006419624551199377,0.0002413592883385718,30,30,30,0.20961873725901667,0.2665884608314151,64,64,1,3.6
hard_3mm_r2,48,27,cycle,2,0.06095372140407562,0.07552781701087952,0.3390273451805115,0.9677034616470337,0.03781270980834961,0.23993933200836182,0.963979184627533,0.05276539549231529,0.0506206676363945,58,51,none,723,168,109,2.090240001678467,0.0011157235130667686,0.00098922080360353,0.00025377003476023674,30,30,29,0.2223837557010466,0.3037639004843576,64,64,1,3.7
hard_3mm_r2,32,18,cycle,0,0.07332921028137207,0.09104271233081818,0.3390273451805115,0.9530719518661499,0.05418277531862259,0.23993933200836182,0.9363913536071777,0.07393009215593338,0.06125845015048981,58,51,none,723,168,109,2.090240001678467,0.0018132951809093356,0.0010324048344045877,0.00026436938787810504,30,30,26,0.2819949416533875,0.2970513048626128,64,64,1,5.0
hard_3mm_r2,32,18,cycle,1,0.09714478254318237,0.11523907631635666,0.3390273451805115,0.9248131513595581,0.04253549128770828,0.23993933200836182,0.954066276550293,0.0675978884100914,0.09266331046819687,58,51,none,723,168,109,2.090240001678467,0.0008816033368930221,0.0008304624352604151,0.00024036478134803474,30,30,21,0.29044121825348784,0.28808151540302096,64,64,1,4.0
hard_3mm_r2,32,18,cycle,2,0.1178811639547348,0.13683773577213287,0.3390273451805115,0.8939882516860962,0.058246713131666183,0.23993933200836182,0.9331725239753723,0.08742551505565643,0.13355638086795807,58,51,none,723,168,109,2.090240001678467,0.0012649259297177196,0.0013830390525981784,0.0002774782187771052,30,30,25,0.37079023754283436,0.3337975513367426,64,64,1,4.1
hard_3mm_r2,16,9,cycle,0,0.09256979078054428,0.112498939037323,0.3390273451805115,0.9283462166786194,0.06478945165872574,0.23993933200836182,0.88332599401474,0.10079385340213776,0.0816265344619751,58,51,none,723,168,109,2.090240001678467,0.0010678149992600083,0.001179937389679253,0.00028408205253072083,30,30,29,0.25049407716278876,0.3100994768596831,64,64,1,5.2
hard_3mm_r2,16,9,cycle,1,0.1088762953877449,0.12540562450885773,0.3390273451805115,0.9109618067741394,0.09712710976600647,0.23993933200836182,0.6902803182601929,0.16077584028244019,0.09432906657457352,58,51,none,723,168,109,2.090240001678467,0.0009453638922423124,0.0019949916750192642,0.0002651454706210643,30,30,12,0.3444604293274517,0.3249193146115258,64,64,1,3.3
hard_3mm_r2,16,9,cycle,2,0.11191977560520172,0.18007473647594452,0.3390273451805115,0.8164105415344238,0.08520481735467911,0.23993933200836182,0.4785914421081543,0.13167959451675415,0.07829348742961884,58,51,none,723,168,109,2.090240001678467,0.0021279477514326572,0.0013499933993443847,0.0002514784864615649,30,30,29,0.2551141055622866,0.31445131983075825,64,64,1,3.6
hard_3mm_r2,8,5,cycle,0,0.7728971838951111,1.3666967153549194,0.3390273451805115,-9.575149536132812,0.11720366030931473,0.23993933200836182,0.6661769151687622,0.1859506517648697,0.1340152472257614,58,51,none,723,168,109,2.090240001678467,0.010781589895486832,0.007743415888398886,0.00033385553979314864,30,30,21,0.332325568667421,0.4085212207975842,64,64,1,5.0
hard_3mm_r2,8,5,cycle,1,0.09479351341724396,0.13550226390361786,0.3390273451805115,0.8960474133491516,0.07271775603294373,0.23993933200836182,0.8673525452613831,0.09770800918340683,0.11507444083690643,58,51,none,723,168,109,2.090240001678467,0.0016255466034635901,0.0019218756351619959,0.00023725623032078147,30,30,30,0.2959603214659631,0.35275007429577054,64,64,1,3.1
hard_3mm_r2,8,5,cycle,2,0.08933700621128082,0.11628974974155426,0.3390273451805115,0.9234359264373779,0.08053044974803925,0.23993933200836182,0.8401880264282227,0.1245768666267395,0.053219057619571686,58,51,none,723,168,109,2.090240001678467,0.002000624081119895,0.0020293269772082567,0.00022827147040516138,30,30,28,0.25894463540442586,0.31718876248314265,64,64,1,3.1
medium_1mm_r1,854,480,cycle,0,0.04672449082136154,0.061498694121837616,0.2810598909854889,0.9737281203269958,0.026461070403456688,0.13500180840492249,0.9458699822425842,0.035905323922634125,0.03670047968626022,103,109,none,663,125,212,2.0367698669433594,0.0005765992100350559,0.000616206438280642,0.00017035276687238365,30,30,28,0.17657124870323307,0.23251236534118652,64,24,3,72.3
medium_1mm_r1,854,480,cycle,1,0.04744258150458336,0.0625787079334259,0.2810598909854889,0.9727972745895386,0.028201626613736153,0.13500180840492249,0.9319342970848083,0.041851140558719635,0.03878951445221901,103,109,none,663,125,212,2.0367698669433594,0.0006089597009122372,0.0005847838474437594,0.00016789934306871146,30,30,25,0.1710177607845577,0.25381164932250977,64,24,3,102.5
medium_1mm_r1,854,480,cycle,2,0.04708729684352875,0.06087394058704376,0.2810598909854889,0.9742591977119446,0.03278253227472305,0.13500180840492249,0.9288208484649658,0.03796966001391411,0.0418965183198452,103,109,none,663,125,212,2.0367698669433594,0.0012423883890733123,0.0005815000040456653,0.000190903534530662,30,30,28,0.18260315316834602,0.2561737861633301,64,24,3,104.1
medium_1mm_r1,640,360,cycle,0,0.04679616540670395,0.06273585557937622,0.2810598909854889,0.972660481929779,0.02986714616417885,0.13500180840492249,0.9269794821739197,0.04167136549949646,0.0386485829949379,103,109,none,663,125,212,2.0367698669433594,0.0005595085094682872,0.0005718953325413167,0.0001683995797066018,30,30,27,0.16109008738717703,0.24028793334960938,64,44,1,57.7
medium_1mm_r1,640,360,cycle,1,0.047644417732954025,0.06104104965925217,0.2810598909854889,0.9741176962852478,0.026305895298719406,0.13500180840492249,0.9370552897453308,0.03841928020119667,0.04316699877381325,103,109,none,663,125,212,2.0367698669433594,0.0007755013648420572,0.0005950214108452201,0.00019456056179478765,30,30,21,0.19458359848500018,0.24636078643798828,64,44,1,58.2
medium_1mm_r1,640,360,cycle,2,0.06120036542415619,0.07704740017652512,0.2810598909854889,0.9587641358375549,0.0264674574136734,0.13500180840492249,0.9452954530715942,0.03522703796625137,0.05441448092460632,103,109,none,663,125,212,2.0367698669433594,0.0005579428398050368,0.000772414612583816,0.00019002013141289353,30,30,30,0.14760058444010188,0.2336494369506836,64,44,1,57.5
medium_1mm_r1,426,240,cycle,0,0.04772745817899704,0.0628180056810379,0.2810598909854889,0.972588837146759,0.02530236914753914,0.13500180840492249,0.9459291696548462,0.03703581541776657,0.042291365563869476,103,109,none,663,125,212,2.0367698669433594,0.000531153054907918,0.000990286935120821,0.00017970812041312456,30,30,27,0.16236932461078352,0.244732666015625,64,64,1,27.3
medium_1mm_r1,426,240,cycle,1,0.05267719551920891,0.06892309337854385,0.2810598909854889,0.9670019149780273,0.027551695704460144,0.13500180840492249,0.9456615447998047,0.03536244481801987,0.04867378994822502,103,109,none,663,125,212,2.0367698669433594,0.0008812942542135715,0.000628670968580991,0.0001755073171807453,30,30,28,0.15711194969050665,0.25826665496826173,64,64,1,25.8
medium_1mm_r1,426,240,cycle,2,0.05583130568265915,0.07022794336080551,0.2810598909854889,0.9657406210899353,0.03354785218834877,0.13500180840492249,0.9269185066223145,0.041555989533662796,0.04808924347162247,103,109,none,663,125,212,2.0367698669433594,0.0005159891443327069,0.0005407742573879659,0.0001836670417105779,30,30,29,0.12974184706559908,0.23793773651123046,64,64,1,25.2
medium_1mm_r1,320,180,cycle,0,0.052659668028354645,0.06878157705068588,0.2810598909854889,0.9671372771263123,0.028078651055693626,0.13500180840492249,0.938377857208252,0.04084257036447525,0.04663967713713646,103,109,none,663,125,212,2.0367698669433594,0.0007152673788368702,0.0007288207416422665,0.00019326040637679398,30,30,24,0.1830596362843233,0.25913534545898437,64,64,1,16.4
medium_1mm_r1,320,180,cycle,1,0.051609620451927185,0.06627092510461807,0.2810598909854889,0.9694925546646118,0.028143342584371567,0.13500180840492249,0.9476665258407593,0.0325729064643383,0.04992571845650673,103,109,none,663,125,212,2.0367698669433594,0.0007668198086321354,0.000672855821903795,0.00017667410429567099,30,30,30,0.1418312005867246,0.2663440246582031,64,64,1,15.1
medium_1mm_r1,320,180,cycle,2,0.054038021713495255,0.06983625143766403,0.2810598909854889,0.9661217331886292,0.026736300438642502,0.13500180840492249,0.9439995288848877,0.03649935871362686,0.05260857567191124,103,109,none,663,125,212,2.0367698669433594,0.0007066958351060748,0.0005717585445381701,0.0001842691417550668,30,30,30,0.12987158417162312,0.24449324035644532,64,64,1,15.2
medium_1mm_r1,160,90,cycle,0,0.05170447379350662,0.06658420711755753,0.2810598909854889,0.9692034721374512,0.02584686316549778,0.13500180840492249,0.9528597593307495,0.035527825355529785,0.04833497479557991,103,109,none,663,125,212,2.0367698669433594,0.0005364875541999936,0.0006677501951344311,0.0001938809873536229,30,30,27,0.1756759819042269,0.24588502502441406,64,64,1,5.8
medium_1mm_r1,160,90,cycle,1,0.0560283400118351,0.07178694754838943,0.2810598909854889,0.9642027020454407,0.03795624524354935,0.13500180840492249,0.9102683067321777,0.049112796783447266,0.042877621948719025,103,109,none,663,125,212,2.0367698669433594,0.0008143979939632118,0.0005728027317672968,0.00018098340660799295,30,30,12,0.2879917733090316,0.23807677459716797,64,64,1,4.8
medium_1mm_r1,160,90,cycle,2,0.05406022071838379,0.07037172466516495,0.2810598909854889,0.9656001925468445,0.03016323782503605,0.13500180840492249,0.9372367858886719,0.040379755198955536,0.05228329077363014,103,109,none,663,125,212,2.0367698669433594,0.0006248704739846289,0.0006877508712932467,0.00020441449305508286,30,30,30,0.16620735884791585,0.2635371170043945,64,64,1,4.9
medium_1mm_r1,80,45,cycle,0,0.06389071047306061,0.0802692398428917,0.2810598909854889,0.9552433490753174,0.03271233290433884,0.13500180840492249,0.9353026747703552,0.03949779272079468,0.059079065918922424,103,109,none,663,125,212,2.0367698669433594,0.0005964277661405504,0.0005572501104325056,0.0001643068972043693,30,30,28,0.23841435733064448,0.22942697906494142,64,64,1,4.5
medium_1mm_r1,80,45,cycle,1,0.06986819952726364,0.08990991860628128,0.2810598909854889,0.9438467621803284,0.025163641199469566,0.13500180840492249,0.9532860517501831,0.03410809114575386,0.05655251815915108,103,109,none,663,125,212,2.0367698669433594,0.0006645614048466086,0.0004732810193672776,0.00017706758808344603,30,30,18,0.2780594991163251,0.24527036285400391,64,64,1,3.4
medium_1mm_r1,80,45,cycle,2,0.06196553260087967,0.08033344149589539,0.2810598909854889,0.9551717042922974,0.028745140880346298,0.13500180840492249,0.9466791749000549,0.03757688030600548,0.044080283492803574,103,109,none,663,125,212,2.0367698669433594,0.0008983454899862409,0.0005485279252752662,0.00020228726498316973,30,30,29,0.19846040990377803,0.261553955078125,64,64,1,3.1
medium_1mm_r1,48,27,cycle,0,0.06332279741764069,0.07770494371652603,0.2810598909854889,0.9580572843551636,0.03131606802344322,0.13500180840492249,0.941390335559845,0.034533001482486725,0.056025177240371704,103,109,none,663,125,212,2.0367698669433594,0.0006287913420237601,0.0005099880509078503,0.00016314031381625682,30,30,30,0.2509120362916144,0.23283621215820313,64,64,1,4.3
medium_1mm_r1,48,27,cycle,1,0.05022788420319557,0.06601259857416153,0.2810598909854889,0.9697299599647522,0.03405769541859627,0.13500180840492249,0.9311151504516602,0.03890720382332802,0.04487314447760582,103,109,none,663,125,212,2.0367698669433594,0.0005342637887224555,0.0005387617275118828,0.00016005794168449938,30,30,30,0.22561840701786462,0.24218904113769532,64,64,1,3.4
medium_1mm_r1,48,27,cycle,2,0.0591379776597023,0.07617984712123871,0.2810598909854889,0.9596875309944153,0.02287333272397518,0.13500180840492249,0.9603679180145264,0.0323166698217392,0.04067734256386757,103,109,none,663,125,212,2.0367698669433594,0.000674662587698549,0.0005499636754393578,0.00018962325702887028,30,30,28,0.21295205716094281,0.2679922180175781,64,64,1,3.3
medium_1mm_r1,32,18,cycle,0,0.057597480714321136,0.07890545576810837,0.2810598909854889,0.95675128698349,0.027970056980848312,0.13500180840492249,0.9440115690231323,0.0388672798871994,0.04822728410363197,103,109,none,663,125,212,2.0367698669433594,0.0006697488715872169,0.0004923642263747752,0.00016445352230221033,30,30,28,0.2860087082576608,0.24212447357177735,64,64,1,4.7
medium_1mm_r1,32,18,cycle,1,0.056408707052469254,0.0718938335776329,0.2810598909854889,0.9640960097312927,0.027474237605929375,0.13500180840492249,0.9413707852363586,0.04010211303830147,0.048001836985349655,103,109,none,663,125,212,2.0367698669433594,0.0008971928618848324,0.0008194913971237838,0.00016795140982139856,30,30,28,0.2636141367088076,0.2648045120239258,64,64,1,3.7
medium_1mm_r1,32,18,cycle,2,0.054097529500722885,0.07018156349658966,0.2810598909854889,0.9657858610153198,0.0281966682523489,0.13500180840492249,0.9415174722671509,0.03930127993226051,0.04558025300502777,103,109,none,663,125,212,2.0367698669433594,0.0006952855619601905,0.0005802173400297761,0.00016224681166931987,30,30,30,0.24764269689269375,0.24536289978027342,64,64,1,3.7
medium_1mm_r1,16,9,cycle,0,0.06325783580541611,0.08114621043205261,0.2810598909854889,0.9542600512504578,0.030625928193330765,0.13500180840492249,0.9267175197601318,0.04391273483633995,0.06273892521858215,103,109,none,663,125,212,2.0367698669433594,0.0006759946118108928,0.0005916637019254267,0.0001616784284124151,30,30,24,0.2760284418074434,0.2494390106201172,64,64,1,5.2
medium_1mm_r1,16,9,cycle,1,0.07046323269605637,0.09078573435544968,0.2810598909854889,0.9427474737167358,0.029411064460873604,0.13500180840492249,0.9236230850219727,0.04651965573430061,0.06040630117058754,103,109,none,663,125,212,2.0367698669433594,0.0007161248358897865,0.0009098796872422099,0.00015905975305940956,30,30,22,0.2860230608403593,0.24376616668701173,64,64,1,3.7
medium_1mm_r1,16,9,cycle,2,0.051637932658195496,0.06726907938718796,0.2810598909854889,0.9685666561126709,0.03036120906472206,0.13500180840492249,0.9391627311706543,0.03574588522315025,0.04666227847337723,103,109,none,663,125,212,2.0367698669433594,0.0005525355809368193,0.0005509628099389374,0.00016689269978087395,30,30,30,0.2494058839156437,0.24885487365722656,64,64,1,3.7
medium_1mm_r1,8,5,cycle,0,0.16672740876674652,0.3211497664451599,0.2810598909854889,0.2835686206817627,0.11441314220428467,0.13500180840492249,-1.5926399230957031,0.1873830109834671,0.07254071533679962,103,109,none,663,125,212,2.0367698669433594,0.0017751088598743081,0.0021045163739472628,0.00021132473193574697,30,30,30,0.2888861953942484,0.33390857696533205,64,64,1,4.5
medium_1mm_r1,8,5,cycle,1,0.10354684293270111,0.1389751136302948,0.2810598909854889,0.8658367991447449,0.054339732974767685,0.13500180840492249,0.6595064401626587,0.06692728400230408,0.12267084419727325,103,109,none,663,125,212,2.0367698669433594,0.0012623871443793178,0.001260620541870594,0.0001767455687513575,30,30,17,0.38626698455120106,0.3317802734375,64,64,1,2.9
medium_1mm_r1,8,5,cycle,2,0.09894402325153351,0.12870058417320251,0.2810598909854889,0.884941041469574,0.03703382611274719,0.13500180840492249,0.8867249488830566,0.052493978291749954,0.10390254855155945,103,109,none,663,125,212,2.0367698669433594,0.000945711915846914,0.0011451116297394037,0.00020124201546423137,30,30,30,0.2722673315448099,0.3194004669189453,64,64,1,3.0
medium_1mm_r2,854,480,cycle,0,0.0569877065718174,0.07390931248664856,0.3062925636768341,0.9643851518630981,0.03745149448513985,0.12083593010902405,0.8812335133552551,0.05149481073021889,0.03690313175320625,106,99,none,647,148,205,1.9746201038360596,0.000724649231415242,0.0010185459395870566,0.00018499097495805472,30,30,29,0.1560579567825223,0.23670899344457164,64,24,3,69.7
medium_1mm_r2,854,480,cycle,1,0.05749378725886345,0.07308550179004669,0.3062925636768341,0.965174674987793,0.032317813485860825,0.12083593010902405,0.9075573682785034,0.0465768538415432,0.05573814734816551,106,99,none,647,148,205,1.9746201038360596,0.0007681300048716366,0.0010414518183097243,0.0001744441397022456,30,30,26,0.17957316926310568,0.22982115640833573,64,24,3,106.0
medium_1mm_r2,854,480,cycle,2,0.07445905357599258,0.08826815336942673,0.3062925636768341,0.9492027163505554,0.035671643912792206,0.12083593010902405,0.8860973119735718,0.05237962305545807,0.07302960753440857,106,99,none,647,148,205,1.9746201038360596,0.000797573768068105,0.0011895382776856422,0.00019965948013123125,30,30,26,0.1929700319328485,0.23979681246989482,64,24,3,109.3
medium_1mm_r2,640,360,cycle,0,0.03853829577565193,0.05001865327358246,0.3062925636768341,0.9836884140968323,0.040857017040252686,0.12083593010902405,0.8667888641357422,0.05106964707374573,0.032668586820364,106,99,none,647,148,205,1.9746201038360596,0.0011144193122163415,0.0009570086258463562,0.0001704646711004898,30,30,28,0.18763426614139328,0.2349805703034272,64,44,1,58.1
medium_1mm_r2,640,360,cycle,1,0.054459165781736374,0.06657950580120087,0.3062925636768341,0.9710989594459534,0.03606397286057472,0.12083593010902405,0.8829666376113892,0.05304425209760666,0.05835523456335068,106,99,none,647,148,205,1.9746201038360596,0.0007887856336310506,0.0009623226360417902,0.00017855716578196734,30,30,29,0.15820447812677352,0.23323217598167625,64,44,1,55.9
medium_1mm_r2,640,360,cycle,2,0.07966842502355576,0.09907064586877823,0.3062925636768341,0.9360084533691406,0.03767366334795952,0.12083593010902405,0.8814264535903931,0.05232938379049301,0.05314251407980919,106,99,none,647,148,205,1.9746201038360596,0.0007786356727592647,0.0009493961115367711,0.0002042608248302713,30,30,30,0.1681712657627772,0.24975482515386632,64,44,1,57.8
medium_1mm_r2,426,240,cycle,0,0.06696487218141556,0.08242294192314148,0.3062925636768341,0.9557076692581177,0.04232532158493996,0.12083593010902405,0.8699800372123718,0.049047768115997314,0.07411423325538635,106,99,none,647,148,205,1.9746201038360596,0.00132959324400872,0.000823949696496129,0.00017546948220115155,30,30,28,0.1803659607859262,0.2516132238748911,64,64,1,27.4
medium_1mm_r2,426,240,cycle,1,0.04281815141439438,0.05536572262644768,0.3062925636768341,0.9800145030021667,0.035312991589307785,0.12083593010902405,0.895243763923645,0.047280505299568176,0.03474407270550728,106,99,none,647,148,205,1.9746201038360596,0.0007726249750703573,0.0009538131416775286,0.0002234995481558144,30,30,30,0.13199504965792483,0.25779151916503906,64,64,1,25.5
medium_1mm_r2,426,240,cycle,2,0.06609898805618286,0.08393873274326324,0.3062925636768341,0.9540635347366333,0.03624552860856056,0.12083593010902405,0.8765709400177002,0.053630683571100235,0.03937803581357002,106,99,none,647,148,205,1.9746201038360596,0.0008837046334519982,0.001154998317360878,0.00021277659106999636,30,30,30,0.1540784338342351,0.2754669189453125,64,64,1,25.7
medium_1mm_r2,320,180,cycle,0,0.07959965616464615,0.09190025180578232,0.3062925636768341,0.944936215877533,0.03308035805821419,0.12083593010902405,0.8975686430931091,0.050631020218133926,0.08435160666704178,106,99,none,647,148,205,1.9746201038360596,0.0009079225710593164,0.0009717271314002573,0.00019464708748273551,30,30,25,0.17832714181042159,0.29736400939322805,64,64,1,15.1
medium_1mm_r2,320,180,cycle,1,0.04717965051531792,0.05960177630186081,0.3062925636768341,0.9768393635749817,0.04246680065989494,0.12083593010902405,0.8600449562072754,0.05536611005663872,0.04692205786705017,106,99,none,647,148,205,1.9746201038360596,0.0010312735103070736,0.0009811402997002006,0.00018866980099119246,30,30,21,0.17191872714660267,0.24478566968763196,64,64,1,15.1
medium_1mm_r2,320,180,cycle,2,0.07392487674951553,0.08984803408384323,0.3062925636768341,0.9473680257797241,0.033234648406505585,0.12083593010902405,0.89906245470047,0.05015544965863228,0.05128449946641922,106,99,none,647,148,205,1.9746201038360596,0.0009083251352421939,0.0007286820909939706,0.00017832389858085662,30,30,30,0.1601430140838741,0.2540084413579992,64,64,1,15.0
medium_1mm_r2,160,90,cycle,0,0.04098859801888466,0.05301648750901222,0.3062925636768341,0.9816745519638062,0.04442699998617172,0.12083593010902405,0.8493027687072754,0.05658763274550438,0.038005612790584564,106,99,none,647,148,205,1.9746201038360596,0.0009441444999538362,0.0007702292641624808,0.000192019491805695,30,30,28,0.18994863177009122,0.24958645330893026,64,64,1,6.0
medium_1mm_r2,160,90,cycle,1,0.056096650660037994,0.07237233221530914,0.3062925636768341,0.9658510088920593,0.029525604099035263,0.12083593010902405,0.9263472557067871,0.04056653752923012,0.035713206976652145,106,99,none,647,148,205,1.9746201038360596,0.000744377903174609,0.000805730524007231,0.0002261956105940044,30,30,30,0.1336473069935346,0.2450437610213821,64,64,1,5.1
medium_1mm_r2,160,90,cycle,2,0.05345471575856209,0.06858411431312561,0.3062925636768341,0.9693323969841003,0.029449746012687683,0.12083593010902405,0.9176657199859619,0.04271162673830986,0.04133278504014015,106,99,none,647,148,205,1.9746201038360596,0.0008440057863481343,0.0011051876936107874,0.00021153161651454866,30,30,30,0.17228025170345396,0.269095955668269,64,64,1,5.0
medium_1mm_r2,80,45,cycle,0,0.051446788012981415,0.06349450349807739,0.3062925636768341,0.9737151861190796,0.029500873759388924,0.12083593010902405,0.9294279217720032,0.03916351869702339,0.054283104836940765,106,99,none,647,148,205,1.9746201038360596,0.0006765989237464964,0.0007543256506323814,0.0002179733564844355,30,30,29,0.1736121384032543,0.26598477363586426,64,64,1,4.4
medium_1mm_r2,80,45,cycle,1,0.04877869039773941,0.059583649039268494,0.3062925636768341,0.9768534302711487,0.03893797844648361,0.12083593010902405,0.8935801386833191,0.04575410485267639,0.0509134866297245,106,99,none,647,148,205,1.9746201038360596,0.0012116977013647556,0.0007953137974254787,0.00018295309564564377,30,30,29,0.18622297407854838,0.2514217576465091,64,64,1,3.5
medium_1mm_r2,80,45,cycle,2,0.07549332082271576,0.09062468260526657,0.3062925636768341,0.9464541673660278,0.026593733578920364,0.12083593010902405,0.9360535144805908,0.03882000967860222,0.05789666250348091,106,99,none,647,148,205,1.9746201038360596,0.0008678552112542093,0.0007660225965082645,0.00018707005074247718,30,30,30,0.2055791083959376,0.2498506887539013,64,64,1,3.5
medium_1mm_r2,48,27,cycle,0,0.07417786866426468,0.09432975202798843,0.3062925636768341,0.9419863820075989,0.03486279398202896,0.12083593010902405,0.9023343324661255,0.045518659055233,0.07182762026786804,106,99,none,647,148,205,1.9746201038360596,0.0008230736129917204,0.0007006499217823148,0.00019628214067779481,30,30,29,0.22079088201478608,0.22829724646903374,64,64,1,4.3
medium_1mm_r2,48,27,cycle,1,0.04955974966287613,0.06633041054010391,0.3062925636768341,0.9713147878646851,0.043147217482328415,0.12083593010902405,0.8165375590324402,0.06774831563234329,0.037155888974666595,106,99,none,647,148,205,1.9746201038360596,0.0009506369242444634,0.0010836734436452389,0.0001619846880203113,30,30,30,0.20502209331742394,0.24955604527447675,64,64,1,2.2
medium_1mm_r2,48,27,cycle,2,0.05731601640582085,0.0780302882194519,0.3062925636768341,0.9603028893470764,0.03042612224817276,0.12083593010902405,0.9262397289276123,0.038191426545381546,0.06087875738739967,106,99,none,647,148,205,1.9746201038360596,0.0007924524834379554,0.0006288314471021295,0.00023538882669527084,30,30,30,0.2397716023269724,0.2511121711215457,64,64,1,3.2
medium_1mm_r2,32,18,cycle,0,0.06108391284942627,0.07690194249153137,0.3062925636768341,0.9614426493644714,0.03866046294569969,0.12083593010902405,0.8775659799575806,0.04771336168050766,0.06149543821811676,106,99,none,647,148,205,1.9746201038360596,0.0008233069675043225,0.0006795763038098812,0.0001979916705749929,30,30,26,0.30633517063382604,0.2427916720106795,64,64,1,4.7
medium_1mm_r2,32,18,cycle,1,0.056908003985881805,0.07179469615221024,0.3062925636768341,0.9663939476013184,0.041215430945158005,0.12083593010902405,0.8615915179252625,0.05572650581598282,0.044644951820373535,106,99,none,647,148,205,1.9746201038360596,0.00102027237880975,0.0007433277787640691,0.00019918697944376618,30,30,25,0.2600843158350477,0.24642736847336227,64,64,1,3.6
medium_1mm_r2,32,18,cycle,2,0.06869152933359146,0.08514776080846786,0.3062925636768341,0.9527307152748108,0.04032360017299652,0.12083593010902405,0.8541960716247559,0.05712123215198517,0.06000455841422081,106,99,none,647,148,205,1.9746201038360596,0.001000920427031815,0.0007401093025691807,0.00019245212024543434,30,30,30,0.2554075869010442,0.2581530616090104,64,64,1,3.4
medium_1mm_r2,16,9,cycle,0,0.06692881137132645,0.08228259533643723,0.3062925636768341,0.9558583498001099,0.03698552027344704,0.12083593010902405,0.8923681974411011,0.04405023157596588,0.08526692539453506,106,99,none,647,148,205,1.9746201038360596,0.001011009095236659,0.0008190017542801797,0.000192984429304488,30,30,30,0.2989710302220246,0.24394825664726463,64,64,1,5.2
medium_1mm_r2,16,9,cycle,1,0.0630502849817276,0.0770576074719429,0.3062925636768341,0.9612863659858704,0.04239673539996147,0.12083593010902405,0.783065915107727,0.0674368292093277,0.05666908249258995,106,99,none,647,148,205,1.9746201038360596,0.0011440424714237452,0.001223489292897284,0.0001878465263871476,30,30,25,0.27626000747798585,0.24852198845631368,64,64,1,3.6
medium_1mm_r2,16,9,cycle,2,0.07080669701099396,0.08696065843105316,0.3062925636768341,0.9506964683532715,0.04274106025695801,0.12083593010902405,0.8083077669143677,0.05269112065434456,0.06283668428659439,106,99,none,647,148,205,1.9746201038360596,0.0011980377603322268,0.0010361874010413885,0.0002038576058112085,30,30,25,0.31878760572194687,0.2995689108565047,64,64,1,3.6
medium_1mm_r2,8,5,cycle,0,0.18775540590286255,0.3719410300254822,0.3062925636768341,0.0980534553527832,0.06657950580120087,0.12083593010902405,0.4832460880279541,0.06058130040764809,0.26874101161956787,106,99,none,647,148,205,1.9746201038360596,0.001722809742204845,0.0011851346353068948,0.00018229472334496677,30,30,30,0.2707920811460044,0.39341082444062103,64,64,1,4.8
medium_1mm_r2,8,5,cycle,1,0.07308399677276611,0.09464903920888901,0.3062925636768341,0.9415929913520813,0.05734371021389961,0.12083593010902405,0.6569173336029053,0.07599768787622452,0.08259552717208862,106,99,none,647,148,205,1.9746201038360596,0.0017096387455239892,0.0014759487239643931,0.00020686062634922564,30,30,28,0.33146141706699567,0.27623766177409403,64,64,1,3.2
medium_1mm_r2,8,5,cycle,2,0.09683316946029663,0.12880127131938934,0.3062925636768341,0.8918384313583374,0.0706404447555542,0.12083593010902405,0.5699758529663086,0.08173039555549622,0.12087754160165787,106,99,none,647,148,205,1.9746201038360596,0.0016673272475600243,0.0017132677603513002,0.00017708743689581752,30,30,30,0.29885760562313024,0.3149061654065106,64,64,1,3.3
medium_2mm_r2,854,480,cycle,0,0.04986179247498512,0.06463038176298141,0.3021888732910156,0.9735059142112732,0.03250155225396156,0.149377703666687,0.9299734830856323,0.05471985042095184,0.041314270347356796,78,93,none,711,118,171,1.9752999544143677,0.0009578331373631954,0.0007357766153290868,0.00011747674579964951,30,30,29,0.18123075277996464,0.2154564291743909,64,24,3,75.1
medium_2mm_r2,854,480,cycle,1,0.056615717709064484,0.0753759890794754,0.3021888732910156,0.9639635682106018,0.028932075947523117,0.149377703666687,0.9399526715278625,0.05194057524204254,0.041947294026613235,78,93,none,711,118,171,1.9752999544143677,0.0006743667181581259,0.0006406262400560081,0.00012903155584353954,30,30,26,0.18066876816514843,0.19236722639051534,64,24,3,112.6
medium_2mm_r2,854,480,cycle,2,0.04396498203277588,0.05967416986823082,0.3021888732910156,0.977413535118103,0.031196683645248413,0.149377703666687,0.9417291283607483,0.05032311752438545,0.03391342610120773,78,93,none,711,118,171,1.9752999544143677,0.0007215068908408284,0.00068508624099195,0.00011868657020386308,30,30,24,0.17956034308915064,0.20710270485635532,64,24,3,112.5
medium_2mm_r2,640,360,cycle,0,0.04656118154525757,0.06293497234582901,0.3021888732910156,0.9748777151107788,0.030315527692437172,0.149377703666687,0.9385644197463989,0.05166860669851303,0.03983519971370697,78,93,none,711,118,171,1.9752999544143677,0.0006063077016733587,0.000636069686152041,0.00011941865523112938,30,30,30,0.1793726209849748,0.19681218923148464,64,44,1,61.3
medium_2mm_r2,640,360,cycle,1,0.04663342982530594,0.06722644716501236,0.3021888732910156,0.9713347554206848,0.03511997312307358,0.149377703666687,0.9306231737136841,0.056170862168073654,0.030251994729042053,78,93,none,711,118,171,1.9752999544143677,0.0009221862419508398,0.0007219819817692041,0.0001346807839581743,30,30,26,0.19821304309217236,0.22374874858532923,64,44,1,60.8
medium_2mm_r2,640,360,cycle,2,0.04283754527568817,0.05886410176753998,0.3021888732910156,0.978022575378418,0.03437647223472595,0.149377703666687,0.9227210283279419,0.05650119110941887,0.03309188783168793,78,93,none,711,118,171,1.9752999544143677,0.0010042202193289995,0.000704810896422714,0.00012553224223665893,30,30,29,0.16738486491175142,0.2229551501193289,64,44,1,59.7
medium_2mm_r2,426,240,cycle,0,0.052720021456480026,0.06653352081775665,0.3021888732910156,0.9719226360321045,0.033838555216789246,0.149377703666687,0.9288591742515564,0.054332733154296875,0.042858999222517014,78,93,none,711,118,171,1.9752999544143677,0.0006464597536250949,0.0016187047585844994,0.0001290129730477929,30,30,30,0.1361044388783129,0.24797492916301145,64,64,1,29.2
medium_2mm_r2,426,240,cycle,1,0.055895667523145676,0.07119909673929214,0.3021888732910156,0.9678467512130737,0.027431298047304153,0.149377703666687,0.9524213671684265,0.044196050614118576,0.055605169385671616,78,93,none,711,118,171,1.9752999544143677,0.0006248137797228992,0.000681058969348669,0.00012136450823163614,30,30,27,0.14167067739698622,0.21389811725939734,64,64,1,27.4
medium_2mm_r2,426,240,cycle,2,0.05093830078840256,0.06593421846628189,0.3021888732910156,0.972426176071167,0.032421763986349106,0.149377703666687,0.9328423738479614,0.05342130735516548,0.03703904524445534,78,93,none,711,118,171,1.9752999544143677,0.0007909545092843473,0.000798490596935153,0.00012009476631646976,30,30,13,0.252827300301081,0.2098720194929737,64,64,1,27.6
medium_2mm_r2,320,180,cycle,0,0.04485812410712242,0.06061587482690811,0.3021888732910156,0.9766950607299805,0.028076667338609695,0.149377703666687,0.9457114934921265,0.04747866466641426,0.034517932683229446,78,93,none,711,118,171,1.9752999544143677,0.0006695208721794188,0.0006800821283832192,0.00013536150800064206,30,30,30,0.17877434477021423,0.2151198306326139,64,64,1,16.3
medium_2mm_r2,320,180,cycle,1,0.051635563373565674,0.0657387226819992,0.3021888732910156,0.9725894331932068,0.03324116766452789,0.149377703666687,0.9398753643035889,0.04892025887966156,0.04513763263821602,78,93,none,711,118,171,1.9752999544143677,0.0006186109967529774,0.0007891500135883689,0.00014544400619342923,30,30,29,0.19519623623618595,0.2111513493424755,64,64,1,16.2
medium_2mm_r2,320,180,cycle,2,0.06503008306026459,0.08233516663312912,0.3021888732910156,0.9570022225379944,0.02787524275481701,0.149377703666687,0.9541125297546387,0.04457387700676918,0.06344982236623764,78,93,none,711,118,171,1.9752999544143677,0.0006423724116757512,0.000812332727946341,0.0001349615486105904,30,30,25,0.16532070224295187,0.22832127748909642,64,64,1,16.1
medium_2mm_r2,160,90,cycle,0,0.04501275345683098,0.0665222778916359,0.3021888732910156,0.9719321131706238,0.03217177838087082,0.149377703666687,0.9394720792770386,0.052478887140750885,0.0288644228130579,78,93,none,711,118,171,1.9752999544143677,0.0007036568131297827,0.0010662493295967579,0.00013480665802489966,30,30,30,0.1842812878170094,0.22804609395689884,64,64,1,6.3
medium_2mm_r2,160,90,cycle,1,0.0555165559053421,0.07168876379728317,0.3021888732910156,0.967402994632721,0.028145337477326393,0.149377703666687,0.94634610414505,0.047454655170440674,0.04838555306196213,78,93,none,711,118,171,1.9752999544143677,0.0006226429250091314,0.0005731218843720853,0.000126376049593091,30,30,27,0.19494019480194222,0.21347203497159278,64,64,1,5.3
medium_2mm_r2,160,90,cycle,2,0.057747770100831985,0.07500743865966797,0.3021888732910156,0.9643151164054871,0.02978096529841423,0.149377703666687,0.9442702531814575,0.046442773193120956,0.03987730294466019,78,93,none,711,118,171,1.9752999544143677,0.0006194486049935222,0.0005913039785809815,0.00015130106476135552,30,30,27,0.19539164926767685,0.21557027202541545,64,64,1,5.4
medium_2mm_r2,80,45,cycle,0,0.04945626109838486,0.06435636430978775,0.3021888732910156,0.9737300872802734,0.02861298993229866,0.149377703666687,0.9495013952255249,0.04299052432179451,0.04274163767695427,78,93,none,711,118,171,1.9752999544143677,0.0007521493826061487,0.0004418563039507717,0.00012191243149572983,30,30,29,0.2191034936033053,0.19046365608603266,64,64,1,4.4
medium_2mm_r2,80,45,cycle,1,0.04285039007663727,0.05604233592748642,0.3021888732910156,0.980079174041748,0.02532063238322735,0.149377703666687,0.9596573114395142,0.04315071552991867,0.03691703826189041,78,93,none,711,118,171,1.9752999544143677,0.0005674806307069957,0.0008914733189158142,0.00012363922724034637,30,30,30,0.2084932726311449,0.18619981054532325,64,64,1,3.7
medium_2mm_r2,80,45,cycle,2,0.05338471010327339,0.07123097032308578,0.3021888732910156,0.9678179621696472,0.026469646021723747,0.149377703666687,0.957829475402832,0.04384249448776245,0.03651180863380432,78,93,none,711,118,171,1.9752999544143677,0.0005615576519630849,0.0010352060198783875,0.00012476769916247576,30,30,26,0.2378272010974911,0.2078231552899894,64,64,1,3.6
medium_2mm_r2,48,27,cycle,0,0.05084675922989845,0.06903649866580963,0.3021888732910156,0.9697703719139099,0.02597714029252529,0.149377703666687,0.9503235220909119,0.04746254161000252,0.04921566694974899,78,93,none,711,118,171,1.9752999544143677,0.0005296970484778285,0.0006048322538845241,0.00011794389865826815,30,30,30,0.2199915350740972,0.1760650812569311,64,64,1,4.5
medium_2mm_r2,48,27,cycle,1,0.07619120180606842,0.0885796770453453,0.3021888732910156,0.950232744216919,0.03084086813032627,0.149377703666687,0.9349616765975952,0.054900798946619034,0.07931693643331528,78,93,none,711,118,171,1.9752999544143677,0.0007001208723522723,0.0009155913139693439,0.00012020663416478783,30,30,24,0.26708613702851847,0.23759266481561175,64,64,1,3.4
medium_2mm_r2,48,27,cycle,2,0.04940222576260567,0.06907771527767181,0.3021888732910156,0.969734251499176,0.039086710661649704,0.149377703666687,0.8864294290542603,0.06186185032129288,0.035790156573057175,78,93,none,711,118,171,1.9752999544143677,0.0009499337174929678,0.0005635430570691824,0.00011823297973023728,30,30,30,0.23932035864656986,0.21517107042215639,64,64,1,3.6
medium_2mm_r2,32,18,cycle,0,0.05647563561797142,0.07266600430011749,0.3021888732910156,0.9665082097053528,0.04081873223185539,0.149377703666687,0.7858849167823792,0.07706493884325027,0.041133616119623184,78,93,none,711,118,171,1.9752999544143677,0.0007324421894736588,0.0007773294346407056,0.00014865359116811305,30,30,29,0.26567934468158017,0.1997255228333554,64,64,1,4.0
medium_2mm_r2,32,18,cycle,1,0.05212017521262169,0.07097529619932175,0.3021888732910156,0.9680485725402832,0.027537448331713676,0.149377703666687,0.9487338662147522,0.046203844249248505,0.03456324338912964,78,93,none,711,118,171,1.9752999544143677,0.0007892425055615604,0.0005405782139860094,0.00012693824828602374,30,30,28,0.3162983104314147,0.21155692763247733,64,64,1,3.8
medium_2mm_r2,32,18,cycle,2,0.05643026903271675,0.07878697663545609,0.3021888732910156,0.9606282711029053,0.03396289795637131,0.149377703666687,0.9034426212310791,0.05709676817059517,0.04589136689901352,78,93,none,711,118,171,1.9752999544143677,0.0010412194533273578,0.000941689417231828,0.0001217719545820728,30,30,28,0.2999118853218948,0.20851662199375992,64,64,1,3.9
medium_2mm_r2,16,9,cycle,0,0.08031841367483139,0.14793719351291656,0.3021888732910156,0.8611869812011719,0.04783588647842407,0.149377703666687,0.8649365901947021,0.06676746904850006,0.042556196451187134,78,93,none,711,118,171,1.9752999544143677,0.0011434720363467932,0.0007756077102385461,0.00012015829997835681,30,30,30,0.27546515779991526,0.25265615269289177,64,64,1,5.3
medium_2mm_r2,16,9,cycle,1,0.09104688465595245,0.10657920688390732,0.3021888732910156,0.927952229976654,0.026572585105895996,0.149377703666687,0.9473636150360107,0.0403922013938427,0.09465710073709488,78,93,none,711,118,171,1.9752999544143677,0.0007620783289894462,0.0006693491595797241,0.00013352639507502317,30,30,30,0.25667769194655277,0.24225412789037673,64,64,1,3.8
medium_2mm_r2,16,9,cycle,2,0.06575502455234528,0.0872139036655426,0.3021888732910156,0.9517555832862854,0.029167501255869865,0.149377703666687,0.9367603063583374,0.05192667245864868,0.06522369384765625,78,93,none,711,118,171,1.9752999544143677,0.0014688398223370314,0.0006439402350224555,0.00014047669537831098,30,30,25,0.27950134894348233,0.22358641381991112,64,64,1,3.8
medium_2mm_r2,8,5,cycle,0,0.09602610021829605,0.10982365906238556,0.3021888732910156,0.9234989881515503,0.03588448837399483,0.149377703666687,0.8972631096839905,0.05853554606437683,0.09229567646980286,78,93,none,711,118,171,1.9752999544143677,0.001029249862767756,0.0006583508802577853,0.00013882468920201063,30,30,30,0.28040937029359714,0.218850426754709,64,64,1,5.1
medium_2mm_r2,8,5,cycle,1,0.0942927673459053,0.14790746569633484,0.3021888732910156,0.8612427711486816,0.05631904676556587,0.149377703666687,0.7686994671821594,0.08544626832008362,0.07570834457874298,78,93,none,711,118,171,1.9752999544143677,0.0008254783460870385,0.0009837221587076783,0.00014015210035722703,30,30,28,0.32139330272433125,0.25120861247434456,64,64,1,3.3
medium_2mm_r2,8,5,cycle,2,0.08683493733406067,0.11498171836137772,0.3021888732910156,0.9161441922187805,0.04434287175536156,0.149377703666687,0.8915237188339233,0.05841394513845444,0.06827762722969055,78,93,none,711,118,171,1.9752999544143677,0.0008327813702635467,0.0008435233612544835,0.00012548480299301445,30,30,30,0.2854544817982176,0.2418871895741608,64,64,1,3.4
medium_3mm_r1,854,480,cycle,0,0.04473847895860672,0.05778142809867859,0.29664918780326843,0.9695836901664734,0.04651890695095062,0.16866368055343628,0.8983293771743774,0.06905468553304672,0.03979930281639099,66,75,none,729,130,141,1.7433899641036987,0.0010530381696298718,0.0011704163625836372,0.00018548098159953952,30,30,26,0.18444151740996437,0.23587246674757736,64,24,3,77.2
medium_3mm_r1,854,480,cycle,1,0.05562490224838257,0.0720285177230835,0.29664918780326843,0.9527350664138794,0.036751169711351395,0.16866368055343628,0.9264520406723022,0.06363461166620255,0.048197127878665924,66,75,none,729,130,141,1.7433899641036987,0.0011409104336053133,0.0007990826852619648,0.00019583858374971896,30,30,28,0.15746240753205223,0.2331788814984835,64,24,3,115.5
medium_3mm_r1,854,480,cycle,2,0.042465683072805405,0.0525122731924057,0.29664918780326843,0.9748781323432922,0.04435088485479355,0.16866368055343628,0.8971720933914185,0.0701214149594307,0.03229805454611778,66,75,none,729,130,141,1.7433899641036987,0.0007530012517236173,0.0012832061620429158,0.00023449212312698364,30,30,27,0.16670086616024232,0.2324873814216027,64,24,3,117.5
medium_3mm_r1,640,360,cycle,0,0.04738771170377731,0.05994626507163048,0.29664918780326843,0.9672618508338928,0.04527616500854492,0.16866368055343628,0.9045907855033875,0.06883671134710312,0.03960315138101578,66,75,none,729,130,141,1.7433899641036987,0.0009917676215991378,0.0011039472883567214,0.0001982232934096828,30,30,30,0.17048766387342917,0.22950359491201547,64,44,1,63.1
medium_3mm_r1,640,360,cycle,1,0.04912269487977028,0.06471682339906693,0.29664918780326843,0.9618438482284546,0.03562590479850769,0.16866368055343628,0.9331619739532471,0.059246718883514404,0.03840009868144989,66,75,none,729,130,141,1.7433899641036987,0.001167119131423533,0.0008257897570729256,0.00015740978415124118,30,30,29,0.1568761493279937,0.22170297182523288,64,44,1,63.4
medium_3mm_r1,640,360,cycle,2,0.07959992438554764,0.09682491421699524,0.29664918780326843,0.9145908951759338,0.05531122162938118,0.16866368055343628,0.8757262825965881,0.07461396604776382,0.0884246975183487,66,75,none,729,130,141,1.7433899641036987,0.00099616136867553,0.0008821561932563782,0.0002083147264784202,30,30,22,0.20831411463733562,0.2482779209430401,64,44,1,63.9
medium_3mm_r1,426,240,cycle,0,0.052226435393095016,0.0657137781381607,0.29664918780326843,0.9606592059135437,0.05147310346364975,0.16866368055343628,0.9042311310768127,0.0609700083732605,0.04522181674838066,66,75,none,729,130,141,1.7433899641036987,0.0009633689769543707,0.0009680702933110297,0.00022777616686653346,30,30,22,0.1846342734348627,0.25462153508112984,64,64,1,29.9
medium_3mm_r1,426,240,cycle,1,0.050938673317432404,0.060811590403318405,0.29664918780326843,0.9663098454475403,0.03413901478052139,0.16866368055343628,0.9427251815795898,0.05842646211385727,0.04946592450141907,66,75,none,729,130,141,1.7433899641036987,0.0011379864299669862,0.0008013087208382785,0.00019106057879980654,30,30,30,0.15591014723391852,0.23486804778759296,64,64,1,28.2
medium_3mm_r1,426,240,cycle,2,0.042142849415540695,0.054742828011512756,0.29664918780326843,0.9726986289024353,0.048274926841259,0.16866368055343628,0.8851149082183838,0.07689734548330307,0.028836330398917198,66,75,none,729,130,141,1.7433899641036987,0.00101912347599864,0.0014329730765894055,0.00023857812630012631,30,30,27,0.1581758092296794,0.24074724912643433,64,64,1,28.4
medium_3mm_r1,320,180,cycle,0,0.042422834783792496,0.054780736565589905,0.29664918780326843,0.9726607799530029,0.03822564333677292,0.16866368055343628,0.9395470023155212,0.053664736449718475,0.035888079553842545,66,75,none,729,130,141,1.7433899641036987,0.0008764126687310636,0.0007530298898927867,0.00024059123825281858,30,30,27,0.18232112460666233,0.22267089165174045,64,64,1,18.2
medium_3mm_r1,320,180,cycle,1,0.042350586503744125,0.05440657213330269,0.29664918780326843,0.9730330109596252,0.0349324531853199,0.16866368055343628,0.9407947659492493,0.056076809763908386,0.038254011422395706,66,75,none,729,130,141,1.7433899641036987,0.0011882432736456394,0.0007003291975706816,0.00018744371482171118,30,30,30,0.1520972572399919,0.23438170919051537,64,64,1,15.6
medium_3mm_r1,320,180,cycle,2,0.0444016270339489,0.057599879801273346,0.29664918780326843,0.9697745442390442,0.03393534570932388,0.16866368055343628,0.9526914358139038,0.05088119953870773,0.034987714141607285,66,75,none,729,130,141,1.7433899641036987,0.0007918112096376717,0.0008366541587747633,0.00023180512653198093,30,30,22,0.24745252528144826,0.22525825133690466,64,64,1,16.8
medium_3mm_r1,160,90,cycle,0,0.0560649037361145,0.07417844980955124,0.29664918780326843,0.9498714208602905,0.043271806091070175,0.16866368055343628,0.9381685256958008,0.05698121339082718,0.03608149662613869,66,75,none,729,130,141,1.7433899641036987,0.0007361428579315543,0.0013387564104050398,0.00019118143245577812,30,30,30,0.21198160396518367,0.26597780539439275,64,64,1,6.5
medium_3mm_r1,160,90,cycle,1,0.04789811745285988,0.06292415410280228,0.29664918780326843,0.9639284610748291,0.028015267103910446,0.16866368055343628,0.9596145153045654,0.04718247056007385,0.03751881793141365,66,75,none,729,130,141,1.7433899641036987,0.0008873677579686046,0.0005031723994761705,0.000284687674138695,30,30,29,0.16944306050471972,0.22592744827270508,64,64,1,5.5
medium_3mm_r1,160,90,cycle,2,0.047452546656131744,0.059681423008441925,0.29664918780326843,0.9675504565238953,0.03613359108567238,0.16866368055343628,0.9461525678634644,0.05108657106757164,0.03276582807302475,66,75,none,729,130,141,1.7433899641036987,0.0007932140724733472,0.0007879738113842905,0.00022151030134409666,30,30,27,0.15603952643312055,0.24097814193138709,64,64,1,5.6
medium_3mm_r1,80,45,cycle,0,0.05166197568178177,0.06621243804693222,0.29664918780326843,0.9600598812103271,0.03307771310210228,0.16866368055343628,0.9453591108322144,0.05338231474161148,0.04086575284600258,66,75,none,729,130,141,1.7433899641036987,0.0006657927297055721,0.0006823470466770232,0.0001887185499072075,30,30,17,0.26632460383557816,0.2427290508380303,64,64,1,4.6
medium_3mm_r1,80,45,cycle,1,0.0704425722360611,0.09015994518995285,0.29664918780326843,0.9259445071220398,0.031763721257448196,0.16866368055343628,0.9561405777931213,0.0518641322851181,0.05505022779107094,66,75,none,729,130,141,1.7433899641036987,0.0010174603667110205,0.0005681628827005625,0.0001901557989185676,30,30,28,0.2329373248483582,0.2212520636045016,64,64,1,3.8
medium_3mm_r1,80,45,cycle,2,0.05113709717988968,0.06492964923381805,0.29664918780326843,0.9615924954414368,0.03599267825484276,0.16866368055343628,0.9504152536392212,0.04694458469748497,0.040191054344177246,66,75,none,729,130,141,1.7433899641036987,0.000739140494260937,0.0010247877798974514,0.00018003374862018973,30,30,26,0.24611602594823012,0.2601555517086616,64,64,1,3.6
medium_3mm_r1,48,27,cycle,0,0.04719504341483116,0.05794113129377365,0.29664918780326843,0.9694153070449829,0.02709788642823696,0.16866368055343628,0.9697563052177429,0.040376000106334686,0.03897416591644287,66,75,none,729,130,141,1.7433899641036987,0.0006926425849087536,0.0006580714252777398,0.0002227203076472506,30,30,29,0.2171070677099241,0.21567563918920662,64,64,1,4.7
medium_3mm_r1,48,27,cycle,1,0.04712895303964615,0.05956412851810455,0.29664918780326843,0.967677891254425,0.026981249451637268,0.16866368055343628,0.966188371181488,0.04346027597784996,0.035859961062669754,66,75,none,729,130,141,1.7433899641036987,0.000784266390837729,0.0006186157697811723,0.0002026552683673799,30,30,29,0.21961704497474702,0.20474061278196481,64,64,1,3.8
medium_3mm_r1,48,27,cycle,2,0.05430465191602707,0.07004256546497345,0.29664918780326843,0.9553055167198181,0.027646807953715324,0.16866368055343628,0.9612385034561157,0.04654012247920036,0.04573967680335045,66,75,none,729,130,141,1.7433899641036987,0.0008185107726603746,0.0005551035283133388,0.00020150720956735313,30,30,26,0.24359002590833542,0.21368885315381564,64,64,1,3.7
medium_3mm_r1,32,18,cycle,0,0.05311859771609306,0.06895805150270462,0.29664918780326843,0.9566788673400879,0.033288415521383286,0.16866368055343628,0.9303888082504272,0.05935363844037056,0.03904656320810318,66,75,none,729,130,141,1.7433899641036987,0.0007319558062590659,0.0008733684662729502,0.00019432078988756984,30,30,30,0.3152392836101098,0.23548080095878013,64,64,1,5.2
medium_3mm_r1,32,18,cycle,1,0.05901369825005531,0.07568278163671494,0.29664918780326843,0.9478175640106201,0.02804732508957386,0.16866368055343628,0.961987316608429,0.045654185116291046,0.04764099046587944,66,75,none,729,130,141,1.7433899641036987,0.0008893382037058473,0.0009484425536356866,0.00019674528448376805,30,30,30,0.27136751261267644,0.24996732152425327,64,64,1,4.2
medium_3mm_r1,32,18,cycle,2,0.05103304982185364,0.06599681824445724,0.29664918780326843,0.9603195786476135,0.03406992182135582,0.16866368055343628,0.9505786299705505,0.05016523227095604,0.03497830405831337,66,75,none,729,130,141,1.7433899641036987,0.0007122217793948948,0.0007094722823239863,0.00019856977451127023,30,30,29,0.24558888672147106,0.23344685710393465,64,64,1,3.2
medium_3mm_r1,16,9,cycle,0,0.09309644997119904,0.20594710111618042,0.29664918780326843,0.6135962009429932,0.039834294468164444,0.16866368055343628,0.9087226390838623,0.0700727254152298,0.03460674732923508,66,75,none,729,130,141,1.7433899641036987,0.0007708206539973617,0.0009267257410101593,0.00017644147737883031,30,30,30,0.2734119430981546,0.2521737731420077,64,64,1,5.6
medium_3mm_r1,16,9,cycle,1,0.05637218803167343,0.07438598573207855,0.29664918780326843,0.9495905041694641,0.04049242287874222,0.16866368055343628,0.9237338900566101,0.06737955659627914,0.04757629707455635,66,75,none,729,130,141,1.7433899641036987,0.0009428165503777564,0.00080608029384166,0.00018492383242119104,30,30,30,0.2638824891978658,0.2480343502301436,64,64,1,4.0
medium_3mm_r1,16,9,cycle,2,0.05311737209558487,0.07163053750991821,0.29664918780326843,0.9532559514045715,0.03204689547419548,0.16866368055343628,0.94468754529953,0.05682732164859772,0.04833248630166054,66,75,none,729,130,141,1.7433899641036987,0.0009283741237595677,0.0007962650270201266,0.00017169058264698833,30,30,28,0.2716975388703523,0.24276776955677912,64,64,1,3.8
medium_3mm_r1,8,5,cycle,0,0.09047987312078476,0.12061132490634918,0.29664918780326843,0.8674724698066711,0.05898570269346237,0.16866368055343628,0.7605291604995728,0.10813543945550919,0.07465419173240662,66,75,none,729,130,141,1.7433899641036987,0.0012250796426087618,0.001023115124553442,0.00017170512001030147,30,30,29,0.28026682195676533,0.28310713401207555,64,64,1,5.4
medium_3mm_r1,8,5,cycle,1,0.08525002002716064,0.11539514362812042,0.29664918780326843,0.8786876201629639,0.06511703133583069,0.16866368055343628,0.7342990040779114,0.10999611765146255,0.05709391459822655,66,75,none,729,130,141,1.7433899641036987,0.0017272521508857608,0.0011314257280901074,0.00016457625315524638,30,30,23,0.3579866686639145,0.27173604231614334,64,64,1,3.6
medium_3mm_r1,8,5,cycle,2,0.08583903312683105,0.10831455141305923,0.29664918780326843,0.8931182622909546,0.04873703420162201,0.16866368055343628,0.8769299983978271,0.07840043306350708,0.0681609958410263,66,75,none,729,130,141,1.7433899641036987,0.0011384687386453152,0.0009240396320819855,0.0001665510208113119,30,30,28,0.2704421378293973,0.2821230209790743,64,64,1,3.6
medium_3mm_r2,854,480,cycle,0,0.04653558507561684,0.058938588947057724,0.2618199288845062,0.9710863828659058,0.0514741949737072,0.14911872148513794,0.7886756658554077,0.08562629669904709,0.03663777559995651,83,74,none,713,130,157,1.9430299997329712,0.0008923900313675404,0.001262972829863429,0.0003279860829934478,30,30,30,0.16079926557661273,0.27166584821847767,64,24,3,77.9
medium_3mm_r2,854,480,cycle,1,0.06798461079597473,0.0829782783985138,0.2618199288845062,0.9426897764205933,0.032945193350315094,0.14911872148513794,0.9152286648750305,0.051998332142829895,0.0474516823887825,83,74,none,713,130,157,1.9430299997329712,0.0006568091921508312,0.0008526836172677577,0.00030848229653201997,30,30,27,0.1828881025648719,0.22298951148986818,64,24,3,109.0
medium_3mm_r2,854,480,cycle,2,0.05166450887918472,0.06575119495391846,0.2618199288845062,0.9640159010887146,0.04320232942700386,0.14911872148513794,0.8587351441383362,0.06876540184020996,0.03824946656823158,83,74,none,713,130,157,1.9430299997329712,0.0008143750601448119,0.000998163246549666,0.0003028715727850795,30,30,28,0.1577000378893602,0.2574189021037175,64,24,3,116.5
medium_3mm_r2,640,360,cycle,0,0.043652016669511795,0.05716036632657051,0.2618199288845062,0.9728047251701355,0.05266328528523445,0.14911872148513794,0.7746814489364624,0.08835462480783463,0.03766452148556709,83,74,none,713,130,157,1.9430299997329712,0.0008587836055085063,0.001217733253724873,0.00032707929494790733,30,30,28,0.1748279428415178,0.2731618147629958,64,44,1,61.8
medium_3mm_r2,640,360,cycle,1,0.06813513487577438,0.08304351568222046,0.2618199288845062,0.9425996541976929,0.034771665930747986,0.14911872148513794,0.8986363410949707,0.056023407727479935,0.04364703968167305,83,74,none,713,130,157,1.9430299997329712,0.0006322916015051305,0.001023497898131609,0.0003059465961996466,30,30,30,0.15777126903453684,0.24468994140625,64,44,1,61.1
medium_3mm_r2,640,360,cycle,2,0.06996642053127289,0.08570501208305359,0.2618199288845062,0.9388613700866699,0.03813041374087334,0.14911872148513794,0.9022778868675232,0.057028885930776596,0.045129988342523575,83,74,none,713,130,157,1.9430299997329712,0.0007858999888412654,0.0009617507457733154,0.0002981910074595362,30,30,29,0.1565856000651484,0.25893767430232123,64,44,1,62.0
medium_3mm_r2,426,240,cycle,0,0.047705795615911484,0.059743884950876236,0.2618199288845062,0.9702908396720886,0.049859244376420975,0.14911872148513794,0.8723018169403076,0.05399994179606438,0.042659346014261246,83,74,none,713,130,157,1.9430299997329712,0.0007414324791170657,0.0009918388677760959,0.000347915047314018,30,30,25,0.18083836821653732,0.29285798233288984,64,64,1,29.4
medium_3mm_r2,426,240,cycle,1,0.15377095341682434,0.16552194952964783,0.2618199288845062,0.7719582319259644,0.04600970819592476,0.14911872148513794,0.8493685722351074,0.06950901448726654,0.13115401566028595,83,74,none,713,130,157,1.9430299997329712,0.0008082800777629018,0.00105246901512146,0.0002934268268290907,30,30,18,0.1790624928842253,0.27946745248941274,64,64,1,28.0
medium_3mm_r2,426,240,cycle,2,0.0429006852209568,0.054260529577732086,0.2618199288845062,0.9754940867424011,0.04052649810910225,0.14911872148513794,0.9043028950691223,0.054875779896974564,0.039152584969997406,83,74,none,713,130,157,1.9430299997329712,0.0007700321730226278,0.0013202481204643846,0.0003268494037911296,30,30,30,0.1455603231052864,0.294148555627236,64,64,1,27.6
medium_3mm_r2,320,180,cycle,0,0.05429708957672119,0.06539710611104965,0.2618199288845062,0.964402437210083,0.03474561125040054,0.14911872148513794,0.9384725093841553,0.03691055625677109,0.03819737210869789,83,74,none,713,130,157,1.9430299997329712,0.0006696301279589534,0.0013137036003172398,0.00031850620871409774,30,30,30,0.15048205568278822,0.28851075562146994,64,64,1,17.9
medium_3mm_r2,320,180,cycle,1,0.04973858967423439,0.06354676932096481,0.2618199288845062,0.9663883447647095,0.035944487899541855,0.14911872148513794,0.9348291754722595,0.04328989237546921,0.03710934519767761,83,74,none,713,130,157,1.9430299997329712,0.0008923732093535364,0.0007674487424083054,0.00034850239171646535,30,30,30,0.17137282259166658,0.27698720051692083,64,64,1,16.3
medium_3mm_r2,320,180,cycle,2,0.03877223655581474,0.04851219803094864,0.2618199288845062,0.9804113507270813,0.03154240921139717,0.14911872148513794,0.9348275661468506,0.0485447533428669,0.03897374868392944,83,74,none,713,130,157,1.9430299997329712,0.0007988496217876673,0.0012778459349647164,0.00028719817055389285,30,30,19,0.24532182186549376,0.26239351744835193,64,64,1,15.6
medium_3mm_r2,160,90,cycle,0,0.12086012959480286,0.13257382810115814,0.2618199288845062,0.8537086248397827,0.03160173445940018,0.14911872148513794,0.9473012685775757,0.03435158357024193,0.08993028104305267,83,74,none,713,130,157,1.9430299997329712,0.000618784804828465,0.0006502340547740459,0.00035408110124990344,30,30,27,0.18581565499807307,0.282579250060595,64,64,1,6.5
medium_3mm_r2,160,90,cycle,1,0.07095661014318466,0.08909516036510468,0.2618199288845062,0.933928906917572,0.0335778146982193,0.14911872148513794,0.9271245002746582,0.051307596266269684,0.04280883073806763,83,74,none,713,130,157,1.9430299997329712,0.0012752762995660305,0.0007311250665225089,0.00032367126550525427,30,30,26,0.21219242037094993,0.27417803498414844,64,64,1,5.4
medium_3mm_r2,160,90,cycle,2,0.043267346918582916,0.055706631392240524,0.2618199288845062,0.974170446395874,0.03650067001581192,0.14911872148513794,0.9350543022155762,0.03862094134092331,0.04201317951083183,83,74,none,713,130,157,1.9430299997329712,0.0010716600809246302,0.0008092848001979291,0.0003469671937637031,30,30,27,0.19455234867326007,0.3043008061555716,64,64,1,5.3
medium_3mm_r2,80,45,cycle,0,0.04173404350876808,0.055583737790584564,0.2618199288845062,0.974284291267395,0.03706812858581543,0.14911872148513794,0.9201991558074951,0.04636441543698311,0.042577892541885376,83,74,none,713,130,157,1.9430299997329712,0.0007390552782453597,0.0006615083548240364,0.00035741570172831416,30,30,27,0.256562807449619,0.2840211501488319,64,64,1,4.8
medium_3mm_r2,80,45,cycle,1,0.13047365844249725,0.13998378813266754,0.2618199288845062,0.8368982672691345,0.029734838753938675,0.14911872148513794,0.9485365152359009,0.04005997255444527,0.11720041185617447,83,74,none,713,130,157,1.9430299997329712,0.0005514029762707651,0.0008723905775696039,0.0003392183280084282,30,30,28,0.22665522677032343,0.2768265893826118,64,64,1,3.8
medium_3mm_r2,80,45,cycle,2,0.04225289449095726,0.05492003634572029,0.2618199288845062,0.9748947620391846,0.02841189317405224,0.14911872148513794,0.951922595500946,0.03864361345767975,0.03720860928297043,83,74,none,713,130,157,1.9430299997329712,0.0006445528706535697,0.0006088096415624022,0.0003213565796613693,30,30,30,0.23573450620846528,0.26555113379771894,64,64,1,3.9
medium_3mm_r2,48,27,cycle,0,0.04810359701514244,0.07431869953870773,0.2618199288845062,0.9540273547172546,0.03833277150988579,0.14911872148513794,0.8947561383247375,0.05091189220547676,0.04862071946263313,83,74,none,713,130,157,1.9430299997329712,0.0008527733152732253,0.0008742101490497589,0.0003316624497529119,30,30,29,0.23215619778733435,0.2882672798175078,64,64,1,4.6
medium_3mm_r2,48,27,cycle,1,0.057740163058042526,0.0770190879702568,0.2618199288845062,0.9506258368492126,0.023398514837026596,0.14911872148513794,0.9632611274719238,0.03487830236554146,0.04698264226317406,83,74,none,713,130,157,1.9430299997329712,0.000750014849472791,0.0005097633111290634,0.00029632897349074483,30,30,29,0.21349406877707633,0.23136723935604095,64,64,1,3.5
medium_3mm_r2,48,27,cycle,2,0.08972281962633133,0.10552497208118439,0.2618199288845062,0.907314121723175,0.023140959441661835,0.14911872148513794,0.9711928963661194,0.031839773058891296,0.06141318380832672,83,74,none,713,130,157,1.9430299997329712,0.0007447124226018786,0.0006003782618790865,0.00032861458021216094,30,30,26,0.24548963009057173,0.2677009481650132,64,64,1,3.6
medium_3mm_r2,32,18,cycle,0,0.10377740859985352,0.11955075711011887,0.2618199288845062,0.8810381293296814,0.03637629374861717,0.14911872148513794,0.9152471423149109,0.05386403203010559,0.11156565696001053,83,74,none,713,130,157,1.9430299997329712,0.001216069096699357,0.0009024054743349552,0.00030902697471901774,30,30,26,0.3116436573098117,0.3157119040305798,64,64,1,5.1
medium_3mm_r2,32,18,cycle,1,0.04871390387415886,0.06419007480144501,0.2618199288845062,0.9657043814659119,0.05101332813501358,0.14911872148513794,0.8155567646026611,0.07198383659124374,0.05148085206747055,83,74,none,713,130,157,1.9430299997329712,0.000999236712232232,0.000781796989031136,0.00028726266464218497,30,30,30,0.2541489768329208,0.2641284704208374,64,64,1,4.2
medium_3mm_r2,32,18,cycle,2,0.06803244352340698,0.09289737790822983,0.2618199288845062,0.928169310092926,0.04258528724312782,0.14911872148513794,0.8302025198936462,0.07173258066177368,0.047499753534793854,83,74,none,713,130,157,1.9430299997329712,0.0020767832174897194,0.0014714914141222835,0.00030094097019173205,30,30,28,0.27964946698674314,0.2958595138329726,64,64,1,4.1
medium_3mm_r2,16,9,cycle,0,0.04365100711584091,0.05499134212732315,0.2618199288845062,0.9748294949531555,0.03388813138008118,0.14911872148513794,0.9217007756233215,0.05151116102933884,0.04218284413218498,83,74,none,713,130,157,1.9430299997329712,0.0009473181562498212,0.0005825833650305867,0.0003156807797495276,30,30,29,0.2624061920198117,0.27307718166938194,64,64,1,4.8
medium_3mm_r2,16,9,cycle,1,0.07883277535438538,0.12193296104669571,0.2618199288845062,0.8762499690055847,0.044501617550849915,0.14911872148513794,0.8636763691902161,0.07059887051582336,0.047218553721904755,83,74,none,713,130,157,1.9430299997329712,0.0011534187942743301,0.0014108957257121801,0.00029578106477856636,30,30,30,0.2702242047388791,0.3006412038436303,64,64,1,3.7
medium_3mm_r2,16,9,cycle,2,0.0882934108376503,0.16426993906497955,0.2618199288845062,0.7753950357437134,0.03559093549847603,0.14911872148513794,0.9006274342536926,0.045027632266283035,0.09787261486053467,83,74,none,713,130,157,1.9430299997329712,0.0010274300584569573,0.0010372721590101719,0.0003206506953574717,30,30,27,0.2675750820700283,0.2879383323284296,64,64,1,3.9
medium_3mm_r2,8,5,cycle,0,0.10081960260868073,0.16516005992889404,0.2618199288845062,0.7729543447494507,0.08264592289924622,0.14911872148513794,0.20592230558395386,0.07851943373680115,0.13591501116752625,83,74,none,713,130,157,1.9430299997329712,0.0014309869147837162,0.0020435783080756664,0.00030305603286251426,30,30,27,0.2795439823145285,0.3633924071605389,64,64,1,5.3
medium_3mm_r2,8,5,cycle,1,0.10641919076442719,0.14436018466949463,0.2618199288845062,0.8265405297279358,0.13828234374523163,0.14911872148513794,-1.9976811408996582,0.22346368432044983,0.08998854458332062,83,74,none,713,130,157,1.9430299997329712,0.0018379836110398173,0.0035164663568139076,0.00027487691841088235,30,30,26,0.3391638818663267,0.32492173451643724,64,64,1,3.5
medium_3mm_r2,8,5,cycle,2,0.11351445317268372,0.14564462006092072,0.2618199288845062,0.8234401345252991,0.04307195544242859,0.14911872148513794,0.8739697337150574,0.06931976974010468,0.14633288979530334,83,74,none,713,130,157,1.9430299997329712,0.001168214832432568,0.0017116094240918756,0.00028431450482457876,30,30,28,0.2691278176755758,0.2684523820877075,64,64,1,3.6
soft_1mm_r1,854,480,cycle,0,0.05672302469611168,0.07051859050989151,0.2878139317035675,0.9661550521850586,0.033353373408317566,0.14793545007705688,0.9361709356307983,0.04505466669797897,0.06530354917049408,84,95,none,693,128,179,1.8603500127792358,0.0006412371876649559,0.0007014854927547276,0.00023262047034222633,30,30,20,0.19174786425944187,0.2026614248752594,64,24,3,78.5
soft_1mm_r1,854,480,cycle,1,0.05557628720998764,0.0700078010559082,0.2878139317035675,0.9666435718536377,0.02813834138214588,0.14793545007705688,0.9496972560882568,0.04182116314768791,0.050922755151987076,84,95,none,693,128,179,1.8603500127792358,0.0005282633937895298,0.0005831457674503326,0.00021689565619453788,30,30,30,0.15962526791367523,0.2115237768739462,64,24,3,102.1
soft_1mm_r1,854,480,cycle,2,0.05984468385577202,0.07769162207841873,0.2878139317035675,0.9589195847511292,0.030208805575966835,0.14793545007705688,0.9404698610305786,0.046482063829898834,0.06553109735250473,84,95,none,693,128,179,1.8603500127792358,0.0006624707602895796,0.0007353196269832551,0.0002070465125143528,30,30,23,0.22460199365712175,0.20040063746273518,64,24,3,112.7
soft_1mm_r1,640,360,cycle,0,0.05422816425561905,0.0707087591290474,0.2878139317035675,0.9659723043441772,0.03659091517329216,0.14793545007705688,0.9283697605133057,0.04490794613957405,0.0368276983499527,84,95,none,693,128,179,1.8603500127792358,0.0006747959996573627,0.0007079142378643155,0.0001665191084612161,30,30,24,0.20821246302661098,0.2237473502755165,64,44,1,61.6
soft_1mm_r1,640,360,cycle,1,0.051135480403900146,0.06423646211624146,0.2878139317035675,0.9719166159629822,0.025536952540278435,0.14793545007705688,0.9561311602592468,0.039556827396154404,0.04243757948279381,84,95,none,693,128,179,1.8603500127792358,0.0005239931051619351,0.0005590778891928494,0.00019900685583706945,30,30,30,0.1349835419895673,0.18796655163168907,64,44,1,62.7
soft_1mm_r1,640,360,cycle,2,0.09919874370098114,0.11903416365385056,0.2878139317035675,0.9035661220550537,0.027889309450984,0.14793545007705688,0.9462562203407288,0.0430106595158577,0.11395101994276047,84,95,none,693,128,179,1.8603500127792358,0.0008270313264802098,0.0006055340636521578,0.0001823259226512164,30,30,29,0.1631404011796563,0.22011394053697586,64,44,1,60.3
soft_1mm_r1,426,240,cycle,0,0.08975910395383835,0.1033707931637764,0.2878139317035675,0.9272752404212952,0.029143530875444412,0.14793545007705688,0.947479784488678,0.04488218575716019,0.10787016898393631,84,95,none,693,128,179,1.8603500127792358,0.0005936637171544135,0.0006502676988020539,0.0002716959861572832,30,30,22,0.2030355699822672,0.22998420894145966,64,64,1,28.4
soft_1mm_r1,426,240,cycle,1,0.05850919708609581,0.0754321739077568,0.2878139317035675,0.961274266242981,0.036885518580675125,0.14793545007705688,0.9235610365867615,0.049115367233753204,0.07017531991004944,84,95,none,693,128,179,1.8603500127792358,0.0005528305773623288,0.0008779577910900116,0.00019679909746628255,30,30,20,0.19011778920931904,0.22397203743457794,64,64,1,26.8
soft_1mm_r1,426,240,cycle,2,0.058914534747600555,0.07525404542684555,0.2878139317035675,0.9614569544792175,0.028378909453749657,0.14793545007705688,0.9441521167755127,0.045957718044519424,0.0365450344979763,84,95,none,693,128,179,1.8603500127792358,0.0006306333234533668,0.0007154230843298137,0.00021659414051100612,30,30,24,0.16599301617554943,0.19369429349899292,64,64,1,26.6
soft_1mm_r1,320,180,cycle,0,0.08434722572565079,0.10175622999668121,0.2878139317035675,0.9295293092727661,0.02657816745340824,0.14793545007705688,0.9548459649085999,0.039373256266117096,0.05626283586025238,84,95,none,693,128,179,1.8603500127792358,0.0005949895712547004,0.0005598524585366249,0.00022908624669071287,30,30,30,0.13220891842422375,0.21390064805746078,64,64,1,17.1
soft_1mm_r1,320,180,cycle,1,0.07240717858076096,0.08974190056324005,0.2878139317035675,0.9451878070831299,0.03212013095617294,0.14793545007705688,0.9388574361801147,0.042149610817432404,0.052538853138685226,84,95,none,693,128,179,1.8603500127792358,0.0006041814922355115,0.0006603926885873079,0.0001779200101736933,30,30,23,0.17087679886370682,0.2370586022734642,64,64,1,15.9
soft_1mm_r1,320,180,cycle,2,0.04642798751592636,0.06147576496005058,0.2878139317035675,0.9742786288261414,0.024578947573900223,0.14793545007705688,0.9601720571517944,0.03808596357703209,0.03939579054713249,84,95,none,693,128,179,1.8603500127792358,0.0005037704831920564,0.0007096022018231452,0.00019512615108396858,30,30,29,0.1598806567006297,0.196500264108181,64,64,1,14.9
soft_1mm_r1,160,90,cycle,0,0.04950069263577461,0.06402420252561569,0.2878139317035675,0.9721018671989441,0.02607235312461853,0.14793545007705688,0.9549586772918701,0.04070740193128586,0.041258253157138824,84,95,none,693,128,179,1.8603500127792358,0.0007416990702040493,0.0007415300351567566,0.0001908658305183053,30,30,29,0.13812372281953886,0.19099515676498413,64,64,1,6.1
soft_1mm_r1,160,90,cycle,1,0.05433792620897293,0.07118433713912964,0.2878139317035675,0.9655129909515381,0.026546180248260498,0.14793545007705688,0.9558959603309631,0.03982533887028694,0.03649619221687317,84,95,none,693,128,179,1.8603500127792358,0.0005208224174566567,0.0007182464469224215,0.00019509534467943013,30,30,24,0.15377591973947413,0.2077590972185135,64,64,1,5.2
soft_1mm_r1,160,90,cycle,2,0.04551040753722191,0.060744524002075195,0.2878139317035675,0.9748868942260742,0.027541035786271095,0.14793545007705688,0.9542016386985779,0.039772290736436844,0.03783620148897171,84,95,none,693,128,179,1.8603500127792358,0.0007847977103665471,0.0005954673979431391,0.00018405154696665704,30,30,30,0.14609709859410405,0.2044975832104683,64,64,1,5.2
soft_1mm_r1,80,45,cycle,0,0.04228641837835312,0.054061006754636765,0.2878139317035675,0.9801090955734253,0.03139173984527588,0.14793545007705688,0.9401931762695312,0.04731341078877449,0.03768911957740784,84,95,none,693,128,179,1.8603500127792358,0.0007360756280831993,0.0006635129684582353,0.00022328016348183155,30,30,29,0.20518119338614943,0.21231751143932343,64,64,1,4.5
soft_1mm_r1,80,45,cycle,1,0.04493076354265213,0.056762341409921646,0.2878139317035675,0.9780715703964233,0.024270761758089066,0.14793545007705688,0.9618422985076904,0.03777216374874115,0.04604283347725868,84,95,none,693,128,179,1.8603500127792358,0.0005219456506893039,0.0004742492747027427,0.00020124082220718265,30,30,28,0.21291257327081148,0.1635998785495758,64,64,1,3.3
soft_1mm_r1,80,45,cycle,2,0.04641527682542801,0.05740496516227722,0.2878139317035675,0.9775722622871399,0.02372598834335804,0.14793545007705688,0.9597842693328857,0.040147218853235245,0.04680556803941727,84,95,none,693,128,179,1.8603500127792358,0.0004884188529103994,0.0004807732766494155,0.00021647739049512893,30,30,30,0.1705250031332261,0.16876539587974548,64,64,1,3.4
soft_1mm_r1,48,27,cycle,0,0.04934636875987053,0.06196264177560806,0.2878139317035675,0.9738695621490479,0.025599706918001175,0.14793545007705688,0.9449520707130432,0.04783354327082634,0.04323108121752739,84,95,none,693,128,179,1.8603500127792358,0.0005714750150218606,0.0005857099313288927,0.00021711150475312024,30,30,30,0.21385754892148326,0.16846055909991264,64,64,1,4.3
soft_1mm_r1,48,27,cycle,1,0.04975445568561554,0.06167695298790932,0.2878139317035675,0.9741100072860718,0.023194512352347374,0.14793545007705688,0.9545049667358398,0.03943535313010216,0.036132004112005234,84,95,none,693,128,179,1.8603500127792358,0.0005209789960645139,0.0005273317219689488,0.00023754996072966605,30,30,30,0.21352752393802352,0.17439166456460953,64,64,1,3.3
soft_1mm_r1,48,27,cycle,2,0.058046117424964905,0.1036294624209404,0.2878139317035675,0.9269108176231384,0.023696262389421463,0.14793545007705688,0.9567699432373047,0.042525772005319595,0.0359773188829422,84,95,none,693,128,179,1.8603500127792358,0.0005640324088744819,0.000447194033768028,0.0002124222955899313,30,30,30,0.17829289787259453,0.16748465225100517,64,64,1,3.3
soft_1mm_r1,32,18,cycle,0,0.04856567829847336,0.059377215802669525,0.2878139317035675,0.9760047197341919,0.030084360390901566,0.14793545007705688,0.9322777986526489,0.048686545342206955,0.048555638641119,84,95,none,693,128,179,1.8603500127792358,0.0006536810542456806,0.0007325137848965824,0.00022131911828182638,30,30,27,0.23684189261124075,0.18409839272499084,64,64,1,4.9
soft_1mm_r1,32,18,cycle,1,0.06002442166209221,0.0732252225279808,0.2878139317035675,0.9635071158409119,0.029755325987935066,0.14793545007705688,0.9269645810127258,0.051200781017541885,0.06861448287963867,84,95,none,693,128,179,1.8603500127792358,0.0006306160357780755,0.0006185087258927524,0.0002903171698562801,30,30,29,0.24208568391345797,0.18159472197294235,64,64,1,3.7
soft_1mm_r1,32,18,cycle,2,0.0843483954668045,0.1719704568386078,0.2878139317035675,0.7987229824066162,0.026250243186950684,0.14793545007705688,0.9482923746109009,0.04366269335150719,0.08132531493902206,84,95,none,693,128,179,1.8603500127792358,0.0008269109530374408,0.0008351915166713297,0.00026614792295731604,30,30,25,0.2604338644558905,0.2269313782453537,64,64,1,3.7
soft_1mm_r1,16,9,cycle,0,0.049581266939640045,0.06525839120149612,0.2878139317035675,0.9710159301757812,0.030131680890917778,0.14793545007705688,0.9423364400863647,0.04579170048236847,0.04453130066394806,84,95,none,693,128,179,1.8603500127792358,0.0006520678871311247,0.0007538475911132991,0.00021655084856320173,30,30,29,0.23254749854061682,0.19889850169420242,64,64,1,5.3
soft_1mm_r1,16,9,cycle,1,0.07654917240142822,0.09751292318105698,0.2878139317035675,0.9352841377258301,0.03241666406393051,0.14793545007705688,0.9193835258483887,0.056623391807079315,0.08669789135456085,84,95,none,693,128,179,1.8603500127792358,0.0007448456017300487,0.0006631456781178713,0.00021856548846699297,30,30,30,0.2393706130430984,0.204096719622612,64,64,1,3.8
soft_1mm_r1,16,9,cycle,2,0.05786891654133797,0.07403035461902618,0.2878139317035675,0.9627002477645874,0.0253464262932539,0.14793545007705688,0.939346194267273,0.042459554970264435,0.05309922248125076,84,95,none,693,128,179,1.8603500127792358,0.0006444015307351947,0.0006903296452946961,0.00017906386347021908,30,30,27,0.2375784305611042,0.19535969197750092,64,64,1,3.8
soft_1mm_r1,8,5,cycle,0,0.09214314818382263,0.11842641234397888,0.2878139317035675,0.9045482873916626,0.034373726695775986,0.14793545007705688,0.9131873846054077,0.05793788284063339,0.09278271347284317,84,95,none,693,128,179,1.8603500127792358,0.0008083562715910375,0.0006394838565029204,0.00019411712128203362,30,30,29,0.23269196987840177,0.20514259487390518,64,64,1,5.1
soft_1mm_r1,8,5,cycle,1,0.08847954124212265,0.10910888016223907,0.2878139317035675,0.9189772605895996,0.03231504559516907,0.14793545007705688,0.9257662892341614,0.055925946682691574,0.08278856426477432,84,95,none,693,128,179,1.8603500127792358,0.0006538822781294584,0.0007196124643087387,0.00019854323181789368,30,30,30,0.23889273551291373,0.1833912767469883,64,64,1,2.5
soft_1mm_r1,8,5,cycle,2,0.07011431455612183,0.09897918999195099,0.2878139317035675,0.9333232641220093,0.03156362473964691,0.14793545007705688,0.9219107031822205,0.048593394458293915,0.07571051269769669,84,95,none,693,128,179,1.8603500127792358,0.000686307845171541,0.0006214636960066855,0.00019702700956258923,30,30,29,0.24557347868772125,0.19505535066127777,64,64,1,3.3
soft_1mm_r2,854,480,cycle,0,0.05861946567893028,0.07507020235061646,0.3517704904079437,0.9724900722503662,0.03913746774196625,0.14275845885276794,0.8748517632484436,0.07403434067964554,0.05864688381552696,70,102,none,653,175,172,1.9977998733520508,0.0005527590401470661,0.0006313928170129657,0.0005762867513112724,30,30,28,0.15250498120306463,0.22921344348362513,64,24,3,78.7
soft_1mm_r2,854,480,cycle,1,0.08437874913215637,0.09860769659280777,0.3517704904079437,0.9525347948074341,0.04256977140903473,0.14275845885276794,0.8770820498466492,0.06661514192819595,0.07352681457996368,70,102,none,653,175,172,1.9977998733520508,0.0007546005072072148,0.0006861194269731641,0.0006237787893041968,30,30,27,0.15440414227533852,0.26784569331577845,64,24,3,89.3
soft_1mm_r2,854,480,cycle,2,0.05659012496471405,0.07578396052122116,0.3517704904079437,0.9719644784927368,0.05536244809627533,0.14275845885276794,0.8309535980224609,0.07298815250396729,0.044463012367486954,70,102,none,653,175,172,1.9977998733520508,0.0008627291535958648,0.0007354652625508606,0.0005133007070980966,30,30,27,0.19638201224676136,0.2557011113848005,64,24,3,104.4
soft_1mm_r2,640,360,cycle,0,0.056579601019620895,0.07245759665966034,0.3517704904079437,0.9743715524673462,0.03619914874434471,0.14275845885276794,0.8939433693885803,0.06771203130483627,0.05049963667988777,70,102,none,653,175,172,1.9977998733520508,0.0006226780824363232,0.0006985789514146745,0.0005920604453422129,30,30,28,0.1763275534964265,0.2265138190133231,64,44,1,57.8
soft_1mm_r2,640,360,cycle,1,0.05233361944556236,0.06763040274381638,0.3517704904079437,0.9776726365089417,0.03615682199597359,0.14275845885276794,0.8875205516815186,0.06907521933317184,0.050368767231702805,70,102,none,653,175,172,1.9977998733520508,0.0005232245312072337,0.0006452715024352074,0.000599587569013238,30,30,30,0.13963704963555562,0.23243475777762276,64,44,1,57.0
soft_1mm_r2,640,360,cycle,2,0.07358603179454803,0.09760166704654694,0.3517704904079437,0.953498363494873,0.046297550201416016,0.14275845885276794,0.8586028814315796,0.07251770049333572,0.05315764248371124,70,102,none,653,175,172,1.9977998733520508,0.0006228034035302699,0.00072029436705634,0.00047719955909997225,30,30,28,0.18115013408806935,0.23234374727521623,64,44,1,57.1
soft_1mm_r2,426,240,cycle,0,0.06297082453966141,0.08028998970985413,0.3517704904079437,0.9685314297676086,0.040350764989852905,0.14275845885276794,0.8727040886878967,0.07158027589321136,0.06285946816205978,70,102,none,653,175,172,1.9977998733520508,0.0006334647187031806,0.0006328503950498998,0.00045620481250807643,30,30,28,0.1546079404138679,0.21674012320382255,64,64,1,27.7
soft_1mm_r2,426,240,cycle,1,0.051645245403051376,0.06579555571079254,0.3517704904079437,0.9788677096366882,0.05390091985464096,0.14275845885276794,0.7939847707748413,0.08877209573984146,0.04255501925945282,70,102,none,653,175,172,1.9977998733520508,0.0011708567617461085,0.0006519207381643355,0.0005157620762474835,30,30,28,0.16159824499857553,0.25329372950962614,64,64,1,25.7
soft_1mm_r2,426,240,cycle,2,0.057263463735580444,0.07406457513570786,0.3517704904079437,0.9732221961021423,0.03395611420273781,0.14275845885276794,0.9135857224464417,0.05593610182404518,0.051595479249954224,70,102,none,653,175,172,1.9977998733520508,0.000908597547095269,0.0010392725234851241,0.0005808266578242183,30,30,29,0.16015073022652548,0.25387498583112444,64,64,1,26.1
soft_1mm_r2,320,180,cycle,0,0.08207514882087708,0.10147802531719208,0.3517704904079437,0.9497312903404236,0.03636397048830986,0.14275845885276794,0.9001657962799072,0.06265654414892197,0.07652566581964493,70,102,none,653,175,172,1.9977998733520508,0.0006470842636190355,0.0006131300469860435,0.0005015438655391335,30,30,28,0.1674191185015084,0.21985255650111607,64,64,1,15.9
soft_1mm_r2,320,180,cycle,1,0.060372885316610336,0.07860871404409409,0.3517704904079437,0.9698355793952942,0.032186925411224365,0.14275845885276794,0.9219948649406433,0.058142635971307755,0.05212754011154175,70,102,none,653,175,172,1.9977998733520508,0.0009441115544177592,0.0011576220858842134,0.000532907375600189,30,30,25,0.24811577614379696,0.26180821555001393,64,64,1,14.7
soft_1mm_r2,320,180,cycle,2,0.06028027832508087,0.0762590765953064,0.3517704904079437,0.9716118574142456,0.03166865557432175,0.14275845885276794,0.91414475440979,0.053737934678792953,0.05691315978765488,70,102,none,653,175,172,1.9977998733520508,0.0008611612138338387,0.0006629945710301399,0.0006143810460343957,30,30,25,0.15426881097907494,0.26698916843959264,64,64,1,14.9
soft_1mm_r2,160,90,cycle,0,0.05767018347978592,0.07424400001764297,0.3517704904079437,0.9730923175811768,0.0450572595000267,0.14275845885276794,0.8526202440261841,0.07467806339263916,0.05105775594711304,70,102,none,653,175,172,1.9977998733520508,0.0005809885915368795,0.0008344704983755946,0.0004036152677144855,30,30,15,0.22192883747094988,0.23699705396379744,64,64,1,6.1
soft_1mm_r2,160,90,cycle,1,0.0659237951040268,0.08460642397403717,0.3517704904079437,0.9650569558143616,0.032905224710702896,0.14275845885276794,0.9184842109680176,0.05792127177119255,0.060635361820459366,70,102,none,653,175,172,1.9977998733520508,0.0016375638078898191,0.0009141782065853477,0.0004517050983849913,30,30,27,0.1528090364535041,0.2637118857247489,64,64,1,5.2
soft_1mm_r2,160,90,cycle,2,0.06497941166162491,0.0825442224740982,0.3517704904079437,0.9667395949363708,0.04027145355939865,0.14275845885276794,0.8956204652786255,0.061014264822006226,0.0517500601708889,70,102,none,653,175,172,1.9977998733520508,0.0007778567960485816,0.0005579555872827768,0.0004368075751699507,30,30,24,0.2092896289153632,0.23354846954345704,64,64,1,5.1
soft_1mm_r2,80,45,cycle,0,0.10131270438432693,0.14619125425815582,0.3517704904079437,0.8956730365753174,0.03822607547044754,0.14275845885276794,0.8611923456192017,0.07610893994569778,0.08737270534038544,70,102,none,653,175,172,1.9977998733520508,0.0005881030228920281,0.0006096954457461834,0.0005387087003327906,30,30,30,0.20747424851515392,0.2660790797642299,64,64,1,4.1
soft_1mm_r2,80,45,cycle,1,0.08061425387859344,0.09609203785657883,0.3517704904079437,0.9549257159233093,0.026188140735030174,0.14275845885276794,0.9446679353713989,0.046532049775123596,0.07760295271873474,70,102,none,653,175,172,1.9977998733520508,0.0007073296001181006,0.0010188575834035873,0.0004828250966966152,30,30,25,0.25588863001848255,0.2642150115966797,64,64,1,3.5
soft_1mm_r2,80,45,cycle,2,0.06664618849754333,0.08501123636960983,0.3517704904079437,0.9647217988967896,0.0452759824693203,0.14275845885276794,0.8260995745658875,0.09204467386007309,0.04648770019412041,70,102,none,653,175,172,1.9977998733520508,0.0007120203808881342,0.0006139007746241987,0.0004486517864279449,30,30,21,0.2211277481242672,0.2258493641444615,64,64,1,3.5
soft_1mm_r2,48,27,cycle,0,0.06230691447854042,0.08304151892662048,0.3517704904079437,0.9663376808166504,0.05024147033691406,0.14275845885276794,0.7703313231468201,0.09907036274671555,0.050370827317237854,70,102,none,653,175,172,1.9977998733520508,0.0005644824123010039,0.0006311959587037563,0.0005331119173206389,30,30,23,0.2661403988988622,0.2473463821411133,64,64,1,4.3
soft_1mm_r2,48,27,cycle,1,0.06560434401035309,0.08932492882013321,0.3517704904079437,0.9610507488250732,0.04356599226593971,0.14275845885276794,0.8158486485481262,0.08727725595235825,0.05386587604880333,70,102,none,653,175,172,1.9977998733520508,0.0010693802032619715,0.0006272217142395675,0.0004909257986582816,30,30,30,0.21595800160266357,0.25013947895595007,64,64,1,3.4
soft_1mm_r2,48,27,cycle,2,0.09220664203166962,0.112628273665905,0.3517704904079437,0.938077449798584,0.05335085466504097,0.14275845885276794,0.8136391639709473,0.08403908461332321,0.0893242210149765,70,102,none,653,175,172,1.9977998733520508,0.0006702442187815905,0.000904568936675787,0.00042167140054516494,30,30,27,0.21824346165562114,0.29928380148751393,64,64,1,3.4
soft_1mm_r2,32,18,cycle,0,0.07617051899433136,0.09093288332223892,0.3517704904079437,0.959635853767395,0.033575475215911865,0.14275845885276794,0.8998110890388489,0.06667231023311615,0.06455980241298676,70,102,none,653,175,172,1.9977998733520508,0.0011511535849422216,0.0009126975201070309,0.0003853495873045176,30,30,23,0.3044275368519618,0.2540572793143136,64,64,1,4.9
soft_1mm_r2,32,18,cycle,1,0.07172160595655441,0.09381907433271408,0.3517704904079437,0.9570329189300537,0.043171320110559464,0.14275845885276794,0.8156874179840088,0.09049636870622635,0.04590863734483719,70,102,none,653,175,172,1.9977998733520508,0.001041294657625258,0.0009613297879695892,0.0004601136315613985,30,30,29,0.30621914038431775,0.25686512538364953,64,64,1,3.8
soft_1mm_r2,32,18,cycle,2,0.07598339021205902,0.0945492684841156,0.3517704904079437,0.9563614726066589,0.04307233914732933,0.14275845885276794,0.8063151836395264,0.08572008460760117,0.05514397844672203,70,102,none,653,175,172,1.9977998733520508,0.0009658557828515768,0.0013013954740017653,0.00043613126035779715,30,30,19,0.423163643292227,0.26851206643240794,64,64,1,3.8
soft_1mm_r2,16,9,cycle,0,0.07604121416807175,0.09488075226545334,0.3517704904079437,0.9560549259185791,0.0584615096449852,0.14275845885276794,0.7657431960105896,0.09815008193254471,0.07690007239580154,70,102,none,653,175,172,1.9977998733520508,0.0005975067033432424,0.0009380372939631343,0.0005336179747246206,30,30,30,0.27730473990097165,0.2876715796334403,64,64,1,5.3
soft_1mm_r2,16,9,cycle,1,0.07209053635597229,0.0939614400267601,0.3517704904079437,0.9569023847579956,0.05733656883239746,0.14275845885276794,0.7388039827346802,0.10629779100418091,0.05942956730723381,70,102,none,653,175,172,1.9977998733520508,0.0006982695776969194,0.0010088327107951045,0.0005803603562526405,30,30,27,0.3111785929564495,0.286681878226144,64,64,1,3.7
soft_1mm_r2,16,9,cycle,2,0.08424250036478043,0.10707579553127289,0.3517704904079437,0.9440324306488037,0.034967340528964996,0.14275845885276794,0.9051985740661621,0.06057398021221161,0.06251947581768036,70,102,none,653,175,172,1.9977998733520508,0.0007205594447441399,0.0006451808148995042,0.0003717332147061825,30,30,25,0.30178329590451297,0.24471783774239678,64,64,1,3.5
soft_1mm_r2,8,5,cycle,0,0.13560976088047028,0.1872408241033554,0.3517704904079437,0.8288586139678955,0.04559728130698204,0.14275845885276794,0.8161059617996216,0.08820406347513199,0.1104702576994896,70,102,none,653,175,172,1.9977998733520508,0.001093821250833571,0.0014408265706151724,0.00046559172915294766,30,30,17,0.3555059053266213,0.3152166312081473,64,64,1,5.0
soft_1mm_r2,8,5,cycle,1,0.12503577768802643,0.22753240168094635,0.3517704904079437,0.7472795248031616,0.04835548624396324,0.14275845885276794,0.8117661476135254,0.08723526448011398,0.06447424739599228,70,102,none,653,175,172,1.9977998733520508,0.0008212540415115654,0.0012899645371362567,0.00045874211355112493,30,30,30,0.29097698439500236,0.30599257332938057,64,64,1,3.4
soft_1mm_r2,8,5,cycle,2,0.11193829029798508,0.19064469635486603,0.3517704904079437,0.8225796818733215,0.05614003911614418,0.14275845885276794,0.5007432699203491,0.11630909889936447,0.06182146072387695,70,102,none,653,175,172,1.9977998733520508,0.0013666682643815875,0.0018648388795554638,0.0004750303633045405,30,30,18,0.32994544889441313,0.38046673366001676,64,64,1,3.4
soft_2mm_r1,854,480,cycle,0,0.03958902135491371,0.053234443068504333,0.27661192417144775,0.9802384972572327,0.03201697766780853,0.146596297621727,0.9512093663215637,0.0308225154876709,0.029650868847966194,65,61,none,724,150,126,1.9325799942016602,0.001011241925880313,0.0005173954414203763,0.00022428946977015585,30,30,16,0.24738285702895063,0.24316838900248208,64,24,3,88.9
soft_2mm_r1,854,480,cycle,1,0.04986826330423355,0.060313645750284195,0.27661192417144775,0.9746331572532654,0.028713015839457512,0.146596297621727,0.9507235288619995,0.041202206164598465,0.04981738701462746,65,61,none,724,150,126,1.9325799942016602,0.0009074953268282115,0.0007647256134077907,0.00024059538554865867,30,30,27,0.1862764203746016,0.25145514408747355,64,24,3,91.7
soft_2mm_r1,854,480,cycle,2,0.05102464556694031,0.06139785423874855,0.27661192417144775,0.9737129807472229,0.022929731756448746,0.146596297621727,0.9710600972175598,0.030697112902998924,0.054512158036231995,65,61,none,724,150,126,1.9325799942016602,0.0005242942715995014,0.0006093176198191941,0.000198344758246094,30,30,27,0.1620908707215641,0.1993632491429647,64,24,3,116.8
soft_2mm_r1,640,360,cycle,0,0.03804070129990578,0.047789882868528366,0.27661192417144775,0.9840739965438843,0.028228892013430595,0.146596297621727,0.9508699774742126,0.04119664430618286,0.029008561745285988,65,61,none,724,150,126,1.9325799942016602,0.0006495642010122538,0.0005957953399047256,0.00021430976630654186,30,30,24,0.17427650736181777,0.21923137029012044,64,44,1,63.0
soft_2mm_r1,640,360,cycle,1,0.041101910173892975,0.05433537811040878,0.27661192417144775,0.9794126749038696,0.023389356210827827,0.146596297621727,0.9664475321769714,0.03208645060658455,0.028374478220939636,65,61,none,724,150,126,1.9325799942016602,0.0010426045628264546,0.0006321045802906156,0.0001853714493336156,30,30,26,0.186050063668035,0.22082454999287923,64,44,1,61.9
soft_2mm_r1,640,360,cycle,2,0.05004684999585152,0.061436545103788376,0.27661192417144775,0.9736798405647278,0.03310847282409668,0.146596297621727,0.9475806951522827,0.029363015666604042,0.04361984506249428,65,61,none,724,150,126,1.9325799942016602,0.0006582678761333227,0.0009590743575245142,0.00021693392773158848,30,30,14,0.26290304621280225,0.23815134048461914,64,44,1,62.5
soft_2mm_r1,426,240,cycle,0,0.04120030254125595,0.05436355248093605,0.27661192417144775,0.9793912768363953,0.02679133601486683,0.146596297621727,0.9535251259803772,0.03643886372447014,0.031325969845056534,65,61,none,724,150,126,1.9325799942016602,0.0007991761085577309,0.000738668255507946,0.00020054746710229665,30,30,20,0.23558060569657804,0.2109069283803304,64,64,1,29.9
soft_2mm_r1,426,240,cycle,1,0.049569789320230484,0.058987874537706375,0.27661192417144775,0.9757360816001892,0.0210211593657732,0.146596297621727,0.9691466689109802,0.03058629296720028,0.049344778060913086,65,61,none,724,150,126,1.9325799942016602,0.0005355105386115611,0.0005752519355155528,0.00022930953127797693,30,30,27,0.1600146929203476,0.2196746571858724,64,64,1,28.1
soft_2mm_r1,426,240,cycle,2,0.042451098561286926,0.05367216467857361,0.27661192417144775,0.9799121618270874,0.02499103546142578,0.146596297621727,0.9655814170837402,0.03388787433505058,0.031469494104385376,65,61,none,724,150,126,1.9325799942016602,0.0005895682261325419,0.0007591775502078235,0.0002415733615634963,30,30,29,0.1558917747676702,0.2128306007385254,64,64,1,28.4
soft_2mm_r1,320,180,cycle,0,0.06998950988054276,0.08446948975324631,0.27661192417144775,0.950245201587677,0.023479854688048363,0.146596297621727,0.9614585638046265,0.03608803451061249,0.05184730887413025,65,61,none,724,150,126,1.9325799942016602,0.0010334773687645793,0.0005568279302679002,0.00021226340322755277,30,30,29,0.145533156329097,0.23314991633097332,64,64,1,17.1
soft_2mm_r1,320,180,cycle,1,0.04318852722644806,0.053569596260786057,0.27661192417144775,0.9799888730049133,0.02274719811975956,0.146596297621727,0.9709555506706238,0.031529251486063004,0.038544315844774246,65,61,none,724,150,126,1.9325799942016602,0.0006014366517774761,0.0005426976713351905,0.00023238286667037755,30,30,27,0.17938828995214642,0.20571272532145182,64,64,1,16.0
soft_2mm_r1,320,180,cycle,2,0.03809502348303795,0.04786514490842819,0.27661192417144775,0.9840238094329834,0.03016527183353901,0.146596297621727,0.9519379138946533,0.03381921350955963,0.02849138341844082,65,61,none,724,150,126,1.9325799942016602,0.0006538429297506809,0.0008814891916699708,0.00021126859064679593,30,30,30,0.12770135988846668,0.2109500726064046,64,64,1,16.1
soft_2mm_r1,160,90,cycle,0,0.04191230982542038,0.051693789660930634,0.27661192417144775,0.9813657402992249,0.022266604006290436,0.146596297621727,0.9664388298988342,0.033130183815956116,0.03392505645751953,65,61,none,724,150,126,1.9325799942016602,0.0005271389381960034,0.0008572049555368721,0.00019236192747484893,30,30,25,0.20732953864566528,0.19098928769429524,64,64,1,6.6
soft_2mm_r1,160,90,cycle,1,0.04192206263542175,0.052998047322034836,0.27661192417144775,0.9804136157035828,0.022898059338331223,0.146596297621727,0.9690963625907898,0.031300999224185944,0.03653084114193916,65,61,none,724,150,126,1.9325799942016602,0.0005660892929881811,0.0011489432072266936,0.0001881256903288886,30,30,22,0.22814539914631712,0.2038290246327718,64,64,1,5.6
soft_2mm_r1,160,90,cycle,2,0.05095652490854263,0.06362779438495636,0.27661192417144775,0.971768856048584,0.02399260737001896,0.146596297621727,0.9685685634613037,0.030951716005802155,0.03546127676963806,65,61,none,724,150,126,1.9325799942016602,0.0005408393335528672,0.0011249134549871087,0.0001946712436620146,30,30,29,0.17982939066807868,0.20477205912272137,64,64,1,5.6
soft_2mm_r1,80,45,cycle,0,0.047202810645103455,0.05869568884372711,0.27661192417144775,0.9759758710861206,0.026634782552719116,0.146596297621727,0.9577662348747253,0.03814439848065376,0.0351882204413414,65,61,none,724,150,126,1.9325799942016602,0.000912918709218502,0.0009057475836016238,0.00017812245641835034,30,30,19,0.24523576847097492,0.18726847012837727,64,64,1,4.6
soft_2mm_r1,80,45,cycle,1,0.04336635395884514,0.05401365086436272,0.27661192417144775,0.9796557426452637,0.02394360676407814,0.146596297621727,0.9670048952102661,0.031335197389125824,0.04536500945687294,65,61,none,724,150,126,1.9325799942016602,0.0007539582438766956,0.0005580655997619033,0.00016885065997485071,30,30,28,0.21314559522913307,0.18501882553100585,64,64,1,2.4
soft_2mm_r1,80,45,cycle,2,0.04292469844222069,0.05604487285017967,0.27661192417144775,0.9780968427658081,0.02141980454325676,0.146596297621727,0.9700255990028381,0.03188331425189972,0.026320651173591614,65,61,none,724,150,126,1.9325799942016602,0.0005192091921344399,0.0005825299886055291,0.0001772771793184802,30,30,28,0.19509874127846397,0.1672005271911621,64,64,1,3.7
soft_2mm_r1,48,27,cycle,0,0.05216701328754425,0.06377499550580978,0.27661192417144775,0.9716380834579468,0.03727025166153908,0.146596297621727,0.841830849647522,0.05848231166601181,0.05394326522946358,65,61,none,724,150,126,1.9325799942016602,0.0009554391144774854,0.0007911967113614082,0.00018167708185501397,30,30,28,0.1908805916981144,0.20451308568318685,64,64,1,4.6
soft_2mm_r1,48,27,cycle,1,0.04270077496767044,0.05230197310447693,0.27661192417144775,0.9809247255325317,0.02188812382519245,0.146596297621727,0.9622886180877686,0.02868540957570076,0.03839443251490593,65,61,none,724,150,126,1.9325799942016602,0.0006780768162570894,0.0006068089860491455,0.00015768854063935578,30,30,30,0.1799043397218483,0.1705641492207845,64,64,1,3.7
soft_2mm_r1,48,27,cycle,2,0.0636749267578125,0.0825171172618866,0.27661192417144775,0.9525186419487,0.02206721156835556,0.146596297621727,0.9613699913024902,0.031667858362197876,0.04193464666604996,65,61,none,724,150,126,1.9325799942016602,0.0006492887041531503,0.0011067490559071302,0.00017890841991174966,30,30,29,0.1937043528530479,0.19791855494181315,64,64,1,3.6
soft_2mm_r1,32,18,cycle,0,0.056828491389751434,0.06824831664562225,0.27661192417144775,0.9675197601318359,0.02871336042881012,0.146596297621727,0.9500936269760132,0.042154815047979355,0.05907418206334114,65,61,none,724,150,126,1.9325799942016602,0.0007275913958437741,0.0007130374433472753,0.00020700672757811844,30,30,30,0.19102472692563388,0.21733891169230143,64,64,1,5.3
soft_2mm_r1,32,18,cycle,1,0.05028781294822693,0.06391464918851852,0.27661192417144775,0.9715137481689453,0.028004981577396393,0.146596297621727,0.9312289357185364,0.046069975942373276,0.04293651133775711,65,61,none,724,150,126,1.9325799942016602,0.0005533148651011288,0.0007807313231751323,0.00017566251335665584,30,30,30,0.19756669629344625,0.19066624959309897,64,64,1,4.1
soft_2mm_r1,32,18,cycle,2,0.062236882746219635,0.08858779072761536,0.27661192417144775,0.9452753663063049,0.030847392976284027,0.146596297621727,0.8910929560661316,0.048807866871356964,0.043619707226753235,65,61,none,724,150,126,1.9325799942016602,0.0006030147196725011,0.000780658854637295,0.00017327572277281433,30,30,29,0.21431471563834512,0.21025091489156086,64,64,1,4.1
soft_2mm_r1,16,9,cycle,0,0.05556196719408035,0.07208210974931717,0.27661192417144775,0.9637681841850281,0.022893065586686134,0.146596297621727,0.9624625444412231,0.03356438875198364,0.033693719655275345,65,61,none,724,150,126,1.9325799942016602,0.000493426457978785,0.0006359920371323824,0.00020519827376119792,30,30,29,0.24450830596586617,0.20217615763346355,64,64,1,5.7
soft_2mm_r1,16,9,cycle,1,0.07323761284351349,0.08702124655246735,0.27661192417144775,0.9471937417984009,0.025035807862877846,0.146596297621727,0.9597572088241577,0.03899894282221794,0.0854959487915039,65,61,none,724,150,126,1.9325799942016602,0.0007024772348813713,0.0006859393324702978,0.00019002110639121383,30,30,27,0.20810458278129115,0.21719690322875976,64,64,1,4.2
soft_2mm_r1,16,9,cycle,2,0.19087781012058258,0.589744508266449,0.27661192417144775,-1.4252853393554688,0.04780304804444313,0.146596297621727,0.6506238579750061,0.08285914361476898,0.03183950111269951,65,61,none,724,150,126,1.9325799942016602,0.0018128964584320784,0.0009781640255823731,0.00022952757717575878,30,30,29,0.21239086409300073,0.22152903874715169,64,64,1,4.1
soft_2mm_r1,8,5,cycle,0,0.0806090384721756,0.10052450746297836,0.27661192417144775,0.9295341372489929,0.03829815238714218,0.146596297621727,0.8956552147865295,0.06108751520514488,0.07203399389982224,65,61,none,724,150,126,1.9325799942016602,0.0008082022541202605,0.0007677601533941925,0.00021125211787875742,30,30,29,0.23323923184726778,0.23113354365030925,64,64,1,5.3
soft_2mm_r1,8,5,cycle,1,0.05347670242190361,0.06682218611240387,0.27661192417144775,0.9688630104064941,0.03063451685011387,0.146596297621727,0.9416868686676025,0.0375119149684906,0.05221453681588173,65,61,none,724,150,126,1.9325799942016602,0.0007477714098058641,0.000988760613836348,0.0001746679627103731,30,30,28,0.3251472006845211,0.2112887668609619,64,64,1,3.6
soft_2mm_r1,8,5,cycle,2,0.06782729923725128,0.09360773116350174,0.27661192417144775,0.9388976097106934,0.04651118069887161,0.146596297621727,0.793584406375885,0.05477982014417648,0.07232549041509628,65,61,none,724,150,126,1.9325799942016602,0.0011720662005245686,0.0012686796253547072,0.00023486804275307804,30,30,22,0.2669307935303746,0.26267775853474934,64,64,1,3.7
soft_2mm_r2,854,480,cycle,0,0.035332195460796356,0.04708315432071686,0.26252099871635437,0.9831819534301758,0.027531389147043228,0.14045055210590363,0.9504826664924622,0.041202254593372345,0.030376050621271133,71,77,none,701,151,148,1.7921299934387207,0.0007133339531719685,0.0004917272599413991,0.0001884561643237248,30,30,30,0.14182189748902804,0.17733831595111366,64,24,3,93.4
soft_2mm_r2,854,480,cycle,1,0.04449381306767464,0.055192261934280396,0.26252099871635437,0.976889967918396,0.02985798381268978,0.14045055210590363,0.940112829208374,0.04424898326396942,0.03410011902451515,71,77,none,701,151,148,1.7921299934387207,0.0006784001016058028,0.0006058370345272124,0.0001917415065690875,30,30,27,0.17962043482634887,0.18334432627191607,64,24,3,78.7
soft_2mm_r2,854,480,cycle,2,0.046120814979076385,0.0593949556350708,0.26252099871635437,0.9732365012168884,0.027956102043390274,0.14045055210590363,0.9494670629501343,0.039565347135066986,0.03262799605727196,71,77,none,701,151,148,1.7921299934387207,0.0005941200070083141,0.0004972337046638131,0.00019539981440175325,30,30,27,0.1800189385570575,0.17559933346628354,64,24,3,109.6
soft_2mm_r2,640,360,cycle,0,0.03603371977806091,0.04595451056957245,0.26252099871635437,0.9839786291122437,0.025363042950630188,0.14045055210590363,0.9533118009567261,0.03869040310382843,0.03380391001701355,71,77,none,701,151,148,1.7921299934387207,0.0006878642016090453,0.0005784016102552414,0.0001960373920155689,30,30,30,0.13303429321963844,0.18161794207743462,64,44,1,61.7
soft_2mm_r2,640,360,cycle,1,0.07112759351730347,0.08101058006286621,0.26252099871635437,0.9502117037773132,0.023539504036307335,0.14045055210590363,0.9589037895202637,0.03580915927886963,0.08147065341472626,71,77,none,701,151,148,1.7921299934387207,0.0005116708925925195,0.0005552921211346984,0.00019071350106969476,30,30,29,0.12848421952523792,0.18890775592121856,64,44,1,59.9
soft_2mm_r2,640,360,cycle,2,0.03626832365989685,0.04842616245150566,0.26252099871635437,0.9822088479995728,0.023657143115997314,0.14045055210590363,0.958444356918335,0.036462362855672836,0.029432643204927444,71,77,none,701,151,148,1.7921299934387207,0.0005486662848852575,0.0007176587823778391,0.00019149731087964028,30,30,24,0.19663175468608077,0.17715638520701832,64,44,1,59.4
soft_2mm_r2,426,240,cycle,0,0.06346891075372696,0.07791662216186523,0.26252099871635437,0.953942060470581,0.020753145217895508,0.14045055210590363,0.9623584151268005,0.031787093728780746,0.048778217285871506,71,77,none,701,151,148,1.7921299934387207,0.00050004554213956,0.0005373215535655618,0.00019097005133517087,30,30,24,0.13949715087825323,0.2002148154555567,64,64,1,29.2
soft_2mm_r2,426,240,cycle,1,0.04397634416818619,0.056600090116262436,0.26252099871635437,0.9756959676742554,0.02576652728021145,0.14045055210590363,0.9524268507957458,0.0395403727889061,0.03006078116595745,71,77,none,701,151,148,1.7921299934387207,0.0005130039062350988,0.00079100247239694,0.00018273107707500458,30,30,30,0.14017182988208984,0.17879421663600087,64,64,1,27.4
soft_2mm_r2,426,240,cycle,2,0.040220946073532104,0.052173566073179245,0.26252099871635437,0.9793488383293152,0.021759169176220894,0.14045055210590363,0.9648972153663635,0.031888291239738464,0.029056306928396225,71,77,none,701,151,148,1.7921299934387207,0.0005063943681307137,0.0005200334708206356,0.0001915327156893909,30,30,30,0.14105619207428458,0.17985121619622438,64,64,1,27.2
soft_2mm_r2,320,180,cycle,0,0.04436826705932617,0.057472482323646545,0.26252099871635437,0.9749410152435303,0.027106214314699173,0.14045055210590363,0.9545210599899292,0.03465437889099121,0.03183960169553757,71,77,none,701,151,148,1.7921299934387207,0.0005148154450580478,0.0007108125719241798,0.00019188833539374173,30,30,30,0.14098877573489463,0.1958953718475948,64,64,1,16.8
soft_2mm_r2,320,180,cycle,1,0.0401262491941452,0.051465779542922974,0.26252099871635437,0.9799053072929382,0.02348726987838745,0.14045055210590363,0.9548969864845276,0.03747570514678955,0.029927123337984085,71,77,none,701,151,148,1.7921299934387207,0.0005386628909036517,0.0008497789967805147,0.00019511475693434477,30,30,30,0.1499331640278902,0.18349149211353025,64,64,1,15.6
soft_2mm_r2,320,180,cycle,2,0.03846517205238342,0.04962629824876785,0.26252099871635437,0.981316089630127,0.02322661317884922,0.14045055210590363,0.9656947255134583,0.03093813546001911,0.030209971591830254,71,77,none,701,151,148,1.7921299934387207,0.00047887800610624254,0.0005094478256069124,0.00019431865075603127,30,30,30,0.12266357002856898,0.1777603863090869,64,64,1,15.6
soft_2mm_r2,160,90,cycle,0,0.03965543583035469,0.050938211381435394,0.26252099871635437,0.9803152084350586,0.02239769883453846,0.14045055210590363,0.963835597038269,0.03356100991368294,0.03767935186624527,71,77,none,701,151,148,1.7921299934387207,0.0007294098613783717,0.0006257916102185845,0.00022336495749186724,30,30,18,0.2196440186548165,0.18606977589083035,64,64,1,6.3
soft_2mm_r2,160,90,cycle,1,0.05291101336479187,0.0629664957523346,0.26252099871635437,0.9699210524559021,0.025667013600468636,0.14045055210590363,0.9560901522636414,0.0367441400885582,0.05235413834452629,71,77,none,701,151,148,1.7921299934387207,0.0007784420740790665,0.0006335655343718827,0.00020473799668252468,30,30,25,0.19097895901145337,0.2119957690207374,64,64,1,5.4
soft_2mm_r2,160,90,cycle,2,0.04050689935684204,0.05164817348122597,0.26252099871635437,0.979762613773346,0.0238247849047184,0.14045055210590363,0.958457887172699,0.0363900363445282,0.0321514829993248,71,77,none,701,151,148,1.7921299934387207,0.0005326563841663301,0.0005795293836854398,0.00023284275084733963,30,30,30,0.16317896768131882,0.20361842856501902,64,64,1,5.4
soft_2mm_r2,80,45,cycle,0,0.03965483605861664,0.050970256328582764,0.26252099871635437,0.980290412902832,0.026962021365761757,0.14045055210590363,0.9534995555877686,0.034032151103019714,0.04300646483898163,71,77,none,701,151,148,1.7921299934387207,0.0005309425760060549,0.0005641165771521628,0.00021257450862322003,30,30,24,0.2062744162392174,0.20329428350688605,64,64,1,4.6
soft_2mm_r2,80,45,cycle,1,0.04189182072877884,0.05178820341825485,0.26252099871635437,0.9796527624130249,0.0217042937874794,0.14045055210590363,0.9670501947402954,0.03443029895424843,0.04457082971930504,71,77,none,701,151,148,1.7921299934387207,0.0004900523344986141,0.00044353617704473436,0.0002475629444234073,30,30,29,0.17501949005562298,0.20119740947192868,64,64,1,3.5
soft_2mm_r2,80,45,cycle,2,0.03839053213596344,0.04857261851429939,0.26252099871635437,0.9821010828018188,0.021644068881869316,0.14045055210590363,0.9705814123153687,0.030948856845498085,0.03209756687283516,71,77,none,701,151,148,1.7921299934387207,0.0004165342834312469,0.0008931634947657585,0.00020863296231254935,30,30,30,0.19458902851491103,0.18475491479532608,64,64,1,3.6
soft_2mm_r2,48,27,cycle,0,0.04396318644285202,0.05635952576994896,0.26252099871635437,0.9759021401405334,0.02382494881749153,0.14045055210590363,0.9630005955696106,0.030777156352996826,0.033617470413446426,71,77,none,701,151,148,1.7921299934387207,0.0005420097731985152,0.0006441102595999837,0.00022891280241310596,30,30,28,0.20330002304490724,0.19660936444010957,64,64,1,4.5
soft_2mm_r2,48,27,cycle,1,0.04815647751092911,0.058554328978061676,0.26252099871635437,0.9739887118339539,0.02868306264281273,0.14045055210590363,0.9429711103439331,0.04371151700615883,0.05397636070847511,71,77,none,701,151,148,1.7921299934387207,0.0006127078086137772,0.0004856205778196454,0.00022870705288369209,30,30,29,0.18193782855372626,0.19657729319389292,64,64,1,3.5
soft_2mm_r2,48,27,cycle,2,0.03539356589317322,0.04679884389042854,0.26252099871635437,0.9833844900131226,0.02247156947851181,0.14045055210590363,0.9679439067840576,0.03012615442276001,0.029891856014728546,71,77,none,701,151,148,1.7921299934387207,0.0005942868301644921,0.0006876882980577648,0.00024107066565193236,30,30,30,0.18087206553460528,0.19426671716551117,64,64,1,3.4
soft_2mm_r2,32,18,cycle,0,0.04416632279753685,0.05897540971636772,0.26252099871635437,0.9736132621765137,0.03713617101311684,0.14045055210590363,0.8968876600265503,0.05994824320077896,0.03353779762983322,71,77,none,701,151,148,1.7921299934387207,0.0014452844625338912,0.0007783505716361105,0.00021219966583885252,30,30,25,0.2698763182091815,0.23453109943314104,64,64,1,4.5
soft_2mm_r2,32,18,cycle,1,0.04994480311870575,0.06460926681756973,0.26252099871635437,0.9683310389518738,0.02355947718024254,0.14045055210590363,0.9609357714653015,0.03571507707238197,0.035678233951330185,71,77,none,701,151,148,1.7921299934387207,0.0008696168661117554,0.0007008525426499546,0.00021643046056851745,30,30,23,0.2637808496363663,0.19238529142165026,64,64,1,3.8
soft_2mm_r2,32,18,cycle,2,0.049770064651966095,0.06419505923986435,0.26252099871635437,0.9687358140945435,0.025655513629317284,0.14045055210590363,0.9489639401435852,0.04102449491620064,0.046116121113300323,71,77,none,701,151,148,1.7921299934387207,0.000552402576431632,0.0012927959905937314,0.00019919451733585447,30,30,21,0.2825785349847247,0.19820381316128155,64,64,1,3.8
soft_2mm_r2,16,9,cycle,0,0.049705371260643005,0.06343492865562439,0.26252099871635437,0.96947181224823,0.024298135191202164,0.14045055210590363,0.961409330368042,0.03507542237639427,0.03979514539241791,71,77,none,701,151,148,1.7921299934387207,0.0005675050197169185,0.0008639412117190659,0.00021193173597566783,30,30,30,0.2937624927254104,0.20286075010994412,64,64,1,5.5
soft_2mm_r2,16,9,cycle,1,0.050579655915498734,0.06714671850204468,0.26252099871635437,0.9657946825027466,0.03039603866636753,0.14045055210590363,0.9320474863052368,0.048622313886880875,0.03542250022292137,71,77,none,701,151,148,1.7921299934387207,0.0005361156654544175,0.0007846551015973091,0.00022240552061703056,30,30,30,0.21056593705856172,0.20534928429205687,64,64,1,3.8
soft_2mm_r2,16,9,cycle,2,0.03748980164527893,0.049729831516742706,0.26252099871635437,0.981238067150116,0.026197262108325958,0.14045055210590363,0.9466255903244019,0.04139048233628273,0.034377917647361755,71,77,none,701,151,148,1.7921299934387207,0.0006726102437824011,0.0005111949285492301,0.0002204093907494098,30,30,27,0.23370717901646157,0.19628863934649537,64,64,1,3.9
soft_2mm_r2,8,5,cycle,0,0.09463992714881897,0.1377512812614441,0.26252099871635437,0.856042206287384,0.04305276647210121,0.14045055210590363,0.8522353172302246,0.06362689286470413,0.1352209746837616,71,77,none,701,151,148,1.7921299934387207,0.0012092005927115679,0.0011426800629124045,0.0002468547027092427,30,30,30,0.2922777850685718,0.2680490380091383,64,64,1,5.1
soft_2mm_r2,8,5,cycle,1,0.09760233014822006,0.12580204010009766,0.26252099871635437,0.8799341917037964,0.05739164352416992,0.14045055210590363,0.7500762939453125,0.08126747608184814,0.0847395658493042,71,77,none,701,151,148,1.7921299934387207,0.0008760240743868053,0.0011243484914302826,0.00020868399587925524,30,30,28,0.27054768180030897,0.2641107736044372,64,64,1,3.5
soft_2mm_r2,8,5,cycle,2,0.06364636868238449,0.08504493534564972,0.26252099871635437,0.9451292753219604,0.025900984182953835,0.14045055210590363,0.9528125524520874,0.03971772640943527,0.07193230092525482,71,77,none,701,151,148,1.7921299934387207,0.0009063062607310712,0.0006691049202345312,0.00020900990057270974,30,30,30,0.2205315983074368,0.2122853354902457,64,64,1,3.5
soft_3mm_r1,854,480,cycle,0,0.055500589311122894,0.07483906298875809,0.3110223412513733,0.9668186902999878,0.03297383338212967,0.16940103471279144,0.9374831914901733,0.061408333480358124,0.028854556381702423,61,74,none,715,150,135,1.968269944190979,0.0007917699404060841,0.000956819683779031,0.00021127276704646647,30,30,29,0.15542757861264103,0.21759178717931113,64,24,3,98.6
soft_3mm_r1,854,480,cycle,1,0.053677868098020554,0.06537946313619614,0.3110223412513733,0.9746767282485962,0.036256011575460434,0.16940103471279144,0.9363835453987122,0.06162780150771141,0.04854503646492958,61,74,none,715,150,135,1.968269944190979,0.000642244762275368,0.0009437924018129706,0.0002202802279498428,30,30,30,0.16929955182375608,0.22277675787607829,64,24,3,79.2
soft_3mm_r1,854,480,cycle,2,0.056057158857584,0.07586778700351715,0.3110223412513733,0.965900182723999,0.04002276062965393,0.16940103471279144,0.9129536151885986,0.07511395961046219,0.02607368305325508,61,74,none,715,150,135,1.968269944190979,0.0006993384449742734,0.0007500111241824925,0.000213146791793406,30,30,28,0.1688093862333498,0.2129619558652242,64,24,3,116.2
soft_3mm_r1,640,360,cycle,0,0.05983258783817291,0.0704176276922226,0.3110223412513733,0.9706234931945801,0.03543922305107117,0.16940103471279144,0.9366869330406189,0.062321677803993225,0.054737478494644165,61,74,none,715,150,135,1.968269944190979,0.0006349213654175401,0.000744477438274771,0.00021638823091052473,30,30,30,0.16847726014944223,0.23045798619588218,64,44,1,62.6
soft_3mm_r1,640,360,cycle,1,0.056429095566272736,0.07240283489227295,0.3110223412513733,0.9689438343048096,0.03302149847149849,0.16940103471279144,0.9505336880683899,0.05259757116436958,0.036426201462745667,61,74,none,715,150,135,1.968269944190979,0.0005869194865226746,0.001007890678010881,0.00022531389549840242,30,30,25,0.17929983305764366,0.22573010762532553,64,44,1,61.8
soft_3mm_r1,640,360,cycle,2,0.07047126442193985,0.08677273243665695,0.3110223412513733,0.9553929567337036,0.0421215258538723,0.16940103471279144,0.9227375984191895,0.06966353952884674,0.045482635498046875,61,74,none,715,150,135,1.968269944190979,0.0007311281515285373,0.001322430674917996,0.0002249244280392304,30,30,24,0.18903908696207966,0.236209348042806,64,44,1,60.1
soft_3mm_r1,426,240,cycle,0,0.05141444131731987,0.06390537321567535,0.3110223412513733,0.9758057594299316,0.04153423383831978,0.16940103471279144,0.9165489673614502,0.07210691273212433,0.04589476063847542,61,74,none,715,150,135,1.968269944190979,0.0007284530438482761,0.0008473461493849754,0.00021515823027584702,30,30,27,0.1228474461948955,0.23618780771891276,64,64,1,29.0
soft_3mm_r1,426,240,cycle,1,0.05295049026608467,0.06795072555541992,0.3110223412513733,0.9726456999778748,0.03837449103593826,0.16940103471279144,0.9391096830368042,0.054565537720918655,0.04475344344973564,61,74,none,715,150,135,1.968269944190979,0.000822421454358846,0.0009304973646067083,0.00024263370141852647,30,30,18,0.19819814175158948,0.2312428379058838,64,64,1,28.0
soft_3mm_r1,426,240,cycle,2,0.09458497166633606,0.11191707104444504,0.3110223412513733,0.9257955551147461,0.03941347822546959,0.16940103471279144,0.93343186378479,0.06131362542510033,0.060305215418338776,61,74,none,715,150,135,1.968269944190979,0.0007730018114671111,0.0008397898054681718,0.00022378981520887464,30,30,28,0.18952931890954505,0.2554473336537679,64,64,1,27.9
soft_3mm_r1,320,180,cycle,0,0.04496125131845474,0.06099068000912666,0.3110223412513733,0.9779624342918396,0.05027631297707558,0.16940103471279144,0.9002185463905334,0.07425583899021149,0.036926791071891785,61,74,none,715,150,135,1.968269944190979,0.0006781312986277044,0.0007532159215770662,0.00022202199033927172,30,30,25,0.18988124473945245,0.23844217300415038,64,64,1,17.1
soft_3mm_r1,320,180,cycle,1,0.069351926445961,0.08646923303604126,0.3110223412513733,0.9557044506072998,0.03159036114811897,0.16940103471279144,0.9513928890228271,0.05473175644874573,0.03861893340945244,61,74,none,715,150,135,1.968269944190979,0.0006274232873693109,0.0011231278767809272,0.0002430416934657842,30,30,25,0.20094275174441037,0.23750229199727377,64,64,1,16.0
soft_3mm_r1,320,180,cycle,2,0.059734296053647995,0.0726630911231041,0.3110223412513733,0.9687201380729675,0.03241812437772751,0.16940103471279144,0.9440745115280151,0.057168327271938324,0.05965682119131088,61,74,none,715,150,135,1.968269944190979,0.001233553746715188,0.0010513607412576675,0.00024881030549295247,30,30,21,0.1895008367258352,0.23937527020772298,64,64,1,15.7
soft_3mm_r1,160,90,cycle,0,0.0677456259727478,0.07762378454208374,0.3110223412513733,0.9643034338951111,0.03129615634679794,0.16940103471279144,0.948229193687439,0.05719336122274399,0.074617899954319,61,74,none,715,150,135,1.968269944190979,0.0007188367308117449,0.0008064319845288992,0.0002237230510218069,30,30,30,0.18479859612204813,0.212300599416097,64,64,1,6.6
soft_3mm_r1,160,90,cycle,1,0.0483485646545887,0.05962705239653587,0.3110223412513733,0.9789368510246277,0.04004144296050072,0.16940103471279144,0.9411025643348694,0.0465516522526741,0.04604698345065117,61,74,none,715,150,135,1.968269944190979,0.0007070354768075049,0.0007974754553288221,0.0002522339054848999,30,30,30,0.15007696585221725,0.2340840212504069,64,64,1,5.6
soft_3mm_r1,160,90,cycle,2,0.13817709684371948,0.1544836163520813,0.3110223412513733,0.8586154580116272,0.03171323612332344,0.16940103471279144,0.9525636434555054,0.05075753852725029,0.11852245032787323,61,74,none,715,150,135,1.968269944190979,0.0007968758582137525,0.0014592158840969205,0.00023024488473311067,30,30,28,0.21173960078846324,0.27819473266601563,64,64,1,5.5
soft_3mm_r1,80,45,cycle,0,0.051477499306201935,0.06685390323400497,0.3110223412513733,0.9735216498374939,0.0335720032453537,0.16940103471279144,0.9430968165397644,0.05808466672897339,0.038933973759412766,61,74,none,715,150,135,1.968269944190979,0.001024726196192205,0.0007250229245983064,0.00020011173910461366,30,30,25,0.22780270576477052,0.23943821589152017,64,64,1,5.0
soft_3mm_r1,80,45,cycle,1,0.09696735441684723,0.11029581725597382,0.3110223412513733,0.9279298782348633,0.03164805471897125,0.16940103471279144,0.9544860124588013,0.04982178658246994,0.07156491279602051,61,74,none,715,150,135,1.968269944190979,0.0005580746219493449,0.0007300852448679507,0.0002463920973241329,30,30,29,0.2028906382047213,0.24430680592854817,64,64,1,3.9
soft_3mm_r1,80,45,cycle,2,0.06873112171888351,0.08850139379501343,0.3110223412513733,0.953597903251648,0.030275695025920868,0.16940103471279144,0.9563770890235901,0.04693081974983215,0.03300813212990761,61,74,none,715,150,135,1.968269944190979,0.0007565740961581469,0.001282832701690495,0.0002056540542980656,30,30,24,0.21215152807169027,0.2187743345896403,64,64,1,3.9
soft_3mm_r1,48,27,cycle,0,0.08433561027050018,0.10320591181516647,0.3110223412513733,0.9368975758552551,0.0392787866294384,0.16940103471279144,0.9110238552093506,0.07238373905420303,0.07135792076587677,61,74,none,715,150,135,1.968269944190979,0.0005372412852011621,0.0007482942892238498,0.00025549123529344797,30,30,30,0.1968706324383929,0.20945567766825357,64,64,1,4.7
soft_3mm_r1,48,27,cycle,1,0.06449683755636215,0.08265817165374756,0.3110223412513733,0.9595229625701904,0.05640292912721634,0.16940103471279144,0.8196346163749695,0.08975015580654144,0.0463479720056057,61,74,none,715,150,135,1.968269944190979,0.0005835074698552489,0.0011745193041861057,0.000250226934440434,30,30,29,0.20362252055348215,0.2166201400756836,64,64,1,3.7
soft_3mm_r1,48,27,cycle,2,0.054835401475429535,0.06996499747037888,0.3110223412513733,0.9709999561309814,0.03986871615052223,0.16940103471279144,0.9294689893722534,0.0655183270573616,0.04829663038253784,61,74,none,715,150,135,1.968269944190979,0.0006015841499902308,0.0007862866623327136,0.00023137223615776747,30,30,29,0.21470855699552524,0.20110525131225587,64,64,1,3.7
soft_3mm_r1,32,18,cycle,0,0.07533714920282364,0.09464859962463379,0.3110223412513733,0.9469280242919922,0.045696359127759933,0.16940103471279144,0.8988792300224304,0.0715412050485611,0.05151820555329323,61,74,none,715,150,135,1.968269944190979,0.0007595403585582972,0.00068714190274477,0.0002656161959748715,30,30,28,0.2809499460500437,0.2174303944905599,64,64,1,5.3
soft_3mm_r1,32,18,cycle,1,0.08346298336982727,0.11975407600402832,0.3110223412513733,0.9150393605232239,0.03816254064440727,0.16940103471279144,0.892591118812561,0.07527799904346466,0.04383207485079765,61,74,none,715,150,135,1.968269944190979,0.0008355857571586967,0.0006454662652686238,0.00027193716960027814,30,30,30,0.2428958999527084,0.23781534830729167,64,64,1,3.9
soft_3mm_r1,32,18,cycle,2,0.08169308304786682,0.11870076507329941,0.3110223412513733,0.9165273904800415,0.03847537562251091,0.16940103471279144,0.9229316711425781,0.06574221700429916,0.036178942769765854,61,74,none,715,150,135,1.968269944190979,0.0010305903851985931,0.0010123829124495387,0.0002771919243969023,30,30,29,0.257465098454402,0.23460769017537436,64,64,1,2.8
soft_3mm_r1,16,9,cycle,0,0.07568563520908356,0.09194120019674301,0.3110223412513733,0.9499207735061646,0.04751382768154144,0.16940103471279144,0.8951975107192993,0.06519805639982224,0.05238671600818634,61,74,none,715,150,135,1.968269944190979,0.0007243594154715538,0.0007858104072511196,0.0002789124846458435,30,30,30,0.22576163632052762,0.2240334129333496,64,64,1,5.7
soft_3mm_r1,16,9,cycle,1,0.10344511270523071,0.13835409283638,0.3110223412513733,0.8865978717803955,0.04583972692489624,0.16940103471279144,0.8969072103500366,0.06317188590765,0.04245550557971001,61,74,none,715,150,135,1.968269944190979,0.0009707488352432847,0.0010946668917313218,0.0002584276080597192,30,30,16,0.2955130410361123,0.3091084162394206,64,64,1,4.0
soft_3mm_r1,16,9,cycle,2,0.060402680188417435,0.07698074728250504,0.3110223412513733,0.9648923873901367,0.04851806163787842,0.16940103471279144,0.8656622171401978,0.08739456534385681,0.04211186245083809,61,74,none,715,150,135,1.968269944190979,0.000973089539911598,0.0007029196131043136,0.00027659229817800224,30,30,30,0.24014704244120139,0.22199443499247232,64,64,1,4.2
soft_3mm_r1,8,5,cycle,0,0.10023260861635208,0.12388744205236435,0.3110223412513733,0.9090732336044312,0.06689222902059555,0.16940103471279144,0.7723463773727417,0.12235713750123978,0.06694040447473526,61,74,none,715,150,135,1.968269944190979,0.0015330094611272216,0.0010789289372041821,0.00025153084425255656,30,30,26,0.25884285106525556,0.2284123929341634,64,64,1,5.4
soft_3mm_r1,8,5,cycle,1,0.15171295404434204,0.2749236524105072,0.3110223412513733,0.5522235631942749,0.06419079005718231,0.16940103471279144,0.8517603874206543,0.06250922381877899,0.08431293070316315,61,74,none,715,150,135,1.968269944190979,0.002336487639695406,0.001874643610790372,0.00030291007715277374,30,30,21,0.33268864238178814,0.31848052978515623,64,64,1,3.5
soft_3mm_r1,8,5,cycle,2,0.1372036337852478,0.18194086849689484,0.3110223412513733,0.8038909435272217,0.038847386837005615,0.16940103471279144,0.904668390750885,0.06605152040719986,0.07735485583543777,61,74,none,715,150,135,1.968269944190979,0.001106400042772293,0.001059359172359109,0.00033048028126358986,30,30,30,0.2261008489382017,0.20112484614054363,64,64,1,3.7
soft_3mm_r2,854,480,cycle,0,0.053906626999378204,0.06791112571954727,0.23563703894615173,0.9618046283721924,0.03594377264380455,0.1653498411178589,0.9389482140541077,0.05142272636294365,0.029423054307699203,74,56,none,735,135,130,1.98471999168396,0.0011084818979725242,0.0010293712839484215,0.0004535038024187088,30,30,22,0.20145647022999874,0.27841499116685653,64,24,3,102.0
soft_3mm_r2,854,480,cycle,1,0.04480617120862007,0.06104327738285065,0.23563703894615173,0.9691393971443176,0.030644895508885384,0.1653498411178589,0.9592238664627075,0.03884788975119591,0.03704925999045372,74,56,none,735,135,130,1.98471999168396,0.0009104415075853467,0.0011610534274950624,0.00041696609696373343,30,30,27,0.18943890552131498,0.26489149552804453,64,24,3,77.4
soft_3mm_r2,854,480,cycle,2,0.08211302757263184,0.10441916435956955,0.23563703894615173,0.9096996784210205,0.037131257355213165,0.1653498411178589,0.923907458782196,0.05508743226528168,0.036440130323171616,74,56,none,735,135,130,1.98471999168396,0.0007061901269480586,0.0006743893027305603,0.00042690220288932323,30,30,30,0.14686727929277485,0.276566833919949,64,24,3,120.4
soft_3mm_r2,640,360,cycle,0,0.05792531371116638,0.07126970589160919,0.23563703894615173,0.9579333066940308,0.036299850791692734,0.1653498411178589,0.9393331408500671,0.050893090665340424,0.0675218477845192,74,56,none,735,135,130,1.98471999168396,0.0006506822537630796,0.001142764464020729,0.00041880589560605586,30,30,27,0.15455312664006032,0.2747204762917978,64,44,1,64.3
soft_3mm_r2,640,360,cycle,1,0.049535155296325684,0.06323733925819397,0.23563703894615173,0.9668810963630676,0.043932776898145676,0.1653498411178589,0.8926730751991272,0.06762638688087463,0.030014922842383385,74,56,none,735,135,130,1.98471999168396,0.0006938420701771975,0.0007375248824246228,0.00036865839501842856,30,30,30,0.17587169076309722,0.2548119094636705,64,44,1,62.1
soft_3mm_r2,640,360,cycle,2,0.06313101947307587,0.07569707930088043,0.23563703894615173,0.9525444507598877,0.03707993030548096,0.1653498411178589,0.9207000732421875,0.05781463533639908,0.044341765344142914,74,56,none,735,135,130,1.98471999168396,0.000672988360747695,0.0008322165813297033,0.00035873279557563365,30,30,29,0.1512204076157135,0.2562996299178512,64,44,1,63.3
soft_3mm_r2,426,240,cycle,0,0.07221924513578415,0.08569518476724625,0.23563703894615173,0.9391806721687317,0.03692442178726196,0.1653498411178589,0.9415462613105774,0.04863135889172554,0.04420172795653343,74,56,none,735,135,130,1.98471999168396,0.0010421181796118617,0.0011814276222139597,0.00035416102036833763,30,30,24,0.17807058866332176,0.2774171440689652,64,64,1,29.6
soft_3mm_r2,426,240,cycle,1,0.05163956806063652,0.062366388738155365,0.23563703894615173,0.9677870869636536,0.0399310477077961,0.1653498411178589,0.931117057800293,0.0529295839369297,0.044436294585466385,74,56,none,735,135,130,1.98471999168396,0.00061649369308725,0.0007246037130244076,0.0003893897810485214,30,30,30,0.19972094840743915,0.27051057462339045,64,64,1,28.8
soft_3mm_r2,426,240,cycle,2,0.05818581208586693,0.07254745066165924,0.23563703894615173,0.9564113616943359,0.02836018055677414,0.1653498411178589,0.9580972194671631,0.04081840068101883,0.04367129132151604,74,56,none,735,135,130,1.98471999168396,0.0007553000468760729,0.0007836017175577581,0.0003784153959713876,30,30,30,0.16147825344890154,0.2640455175329138,64,64,1,28.7
soft_3mm_r2,320,180,cycle,0,0.06109708547592163,0.07437358796596527,0.23563703894615173,0.9541893601417542,0.03210891783237457,0.1653498411178589,0.9538384079933167,0.04449193924665451,0.07274448871612549,74,56,none,735,135,130,1.98471999168396,0.0006373206852003932,0.0007046863320283592,0.0003220379294361919,30,30,23,0.1825676288734488,0.2521196206410726,64,64,1,17.2
soft_3mm_r2,320,180,cycle,1,0.03948962688446045,0.05196881294250488,0.23563703894615173,0.9776326417922974,0.03016221523284912,0.1653498411178589,0.9557512998580933,0.04297605901956558,0.029938071966171265,74,56,none,735,135,130,1.98471999168396,0.0010556530905887485,0.0007347943028435111,0.0004260133719071746,30,30,28,0.1757916632152739,0.28240014535409436,64,64,1,16.3
soft_3mm_r2,320,180,cycle,2,0.04855794832110405,0.06163730472326279,0.23563703894615173,0.968535840511322,0.028861884027719498,0.1653498411178589,0.9567172527313232,0.04084889218211174,0.03435962274670601,74,56,none,735,135,130,1.98471999168396,0.0007192306802608073,0.000780165777541697,0.0003736933576874435,30,30,30,0.1612111221365377,0.2523153993818495,64,64,1,16.3
soft_3mm_r2,160,90,cycle,0,0.042042139917612076,0.054934754967689514,0.23563703894615173,0.9750066995620728,0.024778904393315315,0.1653498411178589,0.9703115820884705,0.033915240317583084,0.03261960297822952,74,56,none,735,135,130,1.98471999168396,0.0008794437744654715,0.0007584788836538792,0.0005094890948385,30,30,29,0.19831844641237842,0.2970364429332592,64,64,1,6.6
soft_3mm_r2,160,90,cycle,1,0.04748421907424927,0.05982907861471176,0.23563703894615173,0.9703548550605774,0.026782497763633728,0.1653498411178589,0.9659022092819214,0.036080848425626755,0.05040488764643669,74,56,none,735,135,130,1.98471999168396,0.0007570266607217491,0.0009356664959341288,0.0004409333923831582,30,30,29,0.17405254467814957,0.270251445417051,64,64,1,5.6
soft_3mm_r2,160,90,cycle,2,0.04337860271334648,0.05267587676644325,0.23563703894615173,0.9770199060440063,0.03291487321257591,0.1653498411178589,0.9456397294998169,0.046509940177202225,0.04295200854539871,74,56,none,735,135,130,1.98471999168396,0.0010520335054025054,0.0007406791555695236,0.00043183876550756395,30,30,30,0.16662159679698296,0.29189448356628417,64,64,1,5.5
soft_3mm_r2,80,45,cycle,0,0.04071112349629402,0.05286657065153122,0.23563703894615173,0.9768531918525696,0.03330805152654648,0.1653498411178589,0.9462282061576843,0.04687821865081787,0.038083817809820175,74,56,none,735,135,130,1.98471999168396,0.0006002244772389531,0.0006204845267347991,0.00034782648435793817,30,30,26,0.20525384111469294,0.22169580282988371,64,64,1,4.8
soft_3mm_r2,80,45,cycle,1,0.057516634464263916,0.06875824183225632,0.23563703894615173,0.9608458280563354,0.0290845837444067,0.1653498411178589,0.9649178981781006,0.035538312047719955,0.06018706411123276,74,56,none,735,135,130,1.98471999168396,0.0006842843722552061,0.0007039645570330322,0.0005061841220594943,30,30,29,0.2131711771699036,0.2894703953354447,64,64,1,3.8
soft_3mm_r2,80,45,cycle,2,0.04938690364360809,0.06373502314090729,0.23563703894615173,0.9663577675819397,0.03133324906229973,0.1653498411178589,0.9460141658782959,0.0461839996278286,0.046602729707956314,74,56,none,735,135,130,1.98471999168396,0.0008753458969295025,0.0006255987100303173,0.00048488349420949817,30,30,24,0.25132986834260074,0.2774495831242314,64,64,1,3.9
soft_3mm_r2,48,27,cycle,0,0.07555494457483292,0.0943983644247055,0.23563703894615173,0.9261997938156128,0.05470438674092293,0.1653498411178589,0.7988091707229614,0.08921119570732117,0.04101544991135597,74,56,none,735,135,130,1.98471999168396,0.0009886360494419932,0.000831172161269933,0.0005281519843265414,30,30,28,0.197430960986079,0.27599031660291884,64,64,1,4.7
soft_3mm_r2,48,27,cycle,1,0.08204934000968933,0.12994791567325592,0.23563703894615173,0.8601484298706055,0.029216144233942032,0.1653498411178589,0.9593270421028137,0.04210515320301056,0.03762922063469887,74,56,none,735,135,130,1.98471999168396,0.000670178618747741,0.0012238703202456236,0.0005209379596635699,30,30,28,0.18720442454020184,0.2736142017223217,64,64,1,3.6
soft_3mm_r2,48,27,cycle,2,0.08198940753936768,0.11133575439453125,0.23563703894615173,0.8973407745361328,0.047700684517621994,0.1653498411178589,0.8820590972900391,0.07298959791660309,0.05632547289133072,74,56,none,735,135,130,1.98471999168396,0.0011967397294938564,0.000833134981803596,0.0005495931836776435,30,30,28,0.1956347082747894,0.28590059986820926,64,64,1,3.7
soft_3mm_r2,32,18,cycle,0,0.047751788049936295,0.059176769107580185,0.23563703894615173,0.9709978103637695,0.03661346435546875,0.1653498411178589,0.9314639568328857,0.05504757538437843,0.03733266144990921,74,56,none,735,135,130,1.98471999168396,0.0008901642286218703,0.0007848049863241613,0.0004989937879145145,30,30,25,0.27776046026320683,0.2862903665613245,64,64,1,5.3
soft_3mm_r2,32,18,cycle,1,0.06302006542682648,0.08465714752674103,0.23563703894615173,0.940645158290863,0.035337429493665695,0.1653498411178589,0.9379395246505737,0.04881415143609047,0.05424158647656441,74,56,none,735,135,130,1.98471999168396,0.001037541893310845,0.0009407842881046236,0.0004823612980544567,30,30,24,0.2743576354720966,0.2664624443760625,64,64,1,4.3
soft_3mm_r2,32,18,cycle,2,0.06856357306241989,0.08649345487356186,0.23563703894615173,0.9380423426628113,0.0522734709084034,0.1653498411178589,0.8198496699333191,0.08513433486223221,0.0365171954035759,74,56,none,735,135,130,1.98471999168396,0.0008853283361531794,0.0011593577219173312,0.0004919918137602508,30,30,30,0.23291300300027237,0.2865287727779812,64,64,1,4.2
soft_3mm_r2,16,9,cycle,0,0.11433594673871994,0.15885834395885468,0.23563703894615173,0.7909988164901733,0.04465656355023384,0.1653498411178589,0.8689890503883362,0.06763561069965363,0.06469063460826874,74,56,none,735,135,130,1.98471999168396,0.0013939384371042252,0.0029863978270441294,0.0005624238401651382,30,30,27,0.26326445235687046,0.31721036699083116,64,64,1,5.8
soft_3mm_r2,16,9,cycle,1,0.09547200053930283,0.1173073798418045,0.23563703894615173,0.8860329389572144,0.07381118088960648,0.1653498411178589,0.4959397315979004,0.08621399104595184,0.11836738139390945,74,56,none,735,135,130,1.98471999168396,0.0013151955790817738,0.0013876709854230285,0.0005016742506995797,30,30,25,0.25951835476622287,0.3341344091627333,64,64,1,4.1
soft_3mm_r2,16,9,cycle,2,0.06949438899755478,0.0859542116522789,0.23563703894615173,0.9388124346733093,0.035037413239479065,0.1653498411178589,0.933729350566864,0.051428135484457016,0.07123398035764694,74,56,none,735,135,130,1.98471999168396,0.000819107168354094,0.0008204173645935953,0.0004252833023201674,30,30,25,0.31146837351273515,0.25988575794078683,64,64,1,2.7
soft_3mm_r2,8,5,cycle,0,0.08158603310585022,0.10722000151872635,0.23563703894615173,0.904790461063385,0.05972762778401375,0.1653498411178589,0.8184893131256104,0.08651484549045563,0.07351366430521011,74,56,none,735,135,130,1.98471999168396,0.001378880930133164,0.0008539633709006011,0.000461431045550853,30,30,27,0.26392251618054446,0.2938952622590242,64,64,1,5.5
soft_3mm_r2,8,5,cycle,1,0.068180613219738,0.08906465768814087,0.23563703894615173,0.9343039393424988,0.04084116965532303,0.1653498411178589,0.9031011462211609,0.06327581405639648,0.06470821797847748,74,56,none,735,135,130,1.98471999168396,0.001190784270875156,0.0009527531801722944,0.0003569727414287627,30,30,30,0.2323236322727333,0.2711005634731717,64,64,1,3.7
soft_3mm_r2,8,5,cycle,2,0.14778800308704376,0.2044653743505478,0.23563703894615173,0.6537671685218811,0.0837988331913948,0.1653498411178589,0.5071182250976562,0.13383594155311584,0.13158822059631348,74,56,none,735,135,130,1.98471999168396,0.0015433818334713578,0.0023279478773474693,0.0003547386731952429,30,30,17,0.3393920119927854,0.3413025750054253,64,64,1,3.6
