index,file,missing,t_img,t_exposure_start,segment,cycle,axis,target_N,Fx_s,Fy_s,Fz_s,Tx_s,Ty_s,Tz_s,Fx_s_corr,Fy_s_corr,Fz_s_corr,Tx_s_corr,Ty_s_corr,Tz_s_corr,Fx_base,Fy_base,Fz_base,ft_chunks,tcp_x,tcp_y,tcp_z,rx,ry,rz,pose_gap_s,height_above_plane_mm,depth_mm
1,000001.png,False,1788787579.571821,1788787579.367121,normal_load,1,,0.0,-0.01001,-0.00384,-0.02798,8e-05,0.00023,1e-05,-0.00587,-0.0007,-0.02147,-7e-05,0.00015,8e-05,-0.00656,-0.00877,-0.02789,10,37.907,362.8109,39.0026,179.3432,0.3537,-123.3333,0.0089,26.6902,-0.0922
2,000002.png,False,1788787579.779843,1788787579.575143,normal_load,1,,0.17417172825348928,-0.00706,0.00148,-0.0978,-3e-05,0.00027,0.00011,-0.00288,0.00465,-0.09122,-0.00018,0.00018,0.00019,-0.00618,-0.00382,-0.0978,10,37.9086,362.822,38.9291,179.3399,0.3572,-123.334,0.0045,26.6169,-0.0189
3,000003.png,False,1788787579.987833,1788787579.783134,normal_load,1,,0.17417172825348928,-0.00846,-0.00131,-0.06496,5e-05,0.00024,-0.00016,-0.00423,0.0019,-0.0583,-0.0001,0.00015,-8e-05,-0.00622,-0.0064,-0.06491,11,37.909,362.8118,38.9255,179.341,0.3561,-123.3338,0.0025,26.6131,-0.0151
4,000004.png,False,1788787580.811785,1788787580.607085,normal_load,1,,0.2029336057222878,-0.00668,-0.00222,-0.1195,0.00012,0.00026,2e-05,-0.00227,0.00113,-0.11255,-4e-05,0.00017,0.00011,-0.00385,-0.00718,-0.11943,10,37.9154,362.8167,38.874,179.3414,0.3559,-123.3349,0.0003,26.5617,0.0363
5,000005.png,False,1788787581.223930,1788787581.019230,normal_load,1,,0.24546821237165092,-0.0043,0.00596,-0.14558,-8e-05,0.00035,-4e-05,0.00021,0.00938,-0.13848,-0.00024,0.00026,4e-05,-0.00569,0.00068,-0.14565,10,37.9122,362.8328,38.831,179.338,0.3595,-123.3355,0.0052,26.519,0.079
6,000006.png,False,1788787581.843831,1788787581.639131,normal_load,1,,0.24546821237165092,-0.00548,0.00687,-0.1838,-1e-05,0.00032,-2e-05,-0.00083,0.01039,-0.17648,-0.00017,0.00023,7e-05,-0.0069,0.00027,-0.18388,10,37.911,362.8276,38.7914,179.3368,0.3602,-123.3358,0.0002,26.4793,0.1187
7,000007.png,False,1788787582.051930,1788787581.847230,normal_load,1,,0.28698937378785844,-0.00505,0.00976,-0.19707,-9e-05,0.00034,0.00015,-0.00035,0.01332,-0.18967,-0.00026,0.00025,0.00024,-0.00788,0.00277,-0.1972,10,37.9121,362.8319,38.7883,179.336,0.3612,-123.3362,0.0066,26.4763,0.1217
8,000008.png,False,1788787582.255985,1788787582.051286,normal_load,1,,0.28698937378785844,-0.00473,0.00815,-0.19427,-5e-05,0.00034,0.0001,1e-05,0.01174,-0.18681,-0.00022,0.00025,0.00019,-0.00682,0.00158,-0.19438,10,37.9106,362.8317,38.7876,179.336,0.3612,-123.3364,0.0087,26.4756,0.1224
9,000009.png,False,1788787582.667958,1788787582.463258,normal_load,1,,0.3695305026392731,-0.00569,0.0089,-0.26974,-4e-05,0.00027,7e-05,-0.00085,0.01256,-0.26213,-0.00021,0.00017,0.00016,-0.0075,0.00054,-0.26984,11,37.9118,362.8266,38.7146,179.3363,0.3612,-123.3386,0.0071,26.4025,0.1955
10,000010.png,False,1788787583.700042,1788787583.495342,normal_load,1,,0.3982757836491799,-0.00397,0.00982,-0.31017,-0.0001,0.00028,6e-05,0.0011,0.01366,-0.30219,-0.00028,0.00018,0.00016,-0.00619,0.00155,-0.31029,10,37.9123,362.8277,38.6704,179.3353,0.3626,-123.3397,0.0042,26.3583,0.2397
11,000011.png,False,1788787584.320106,1788787584.115406,normal_load,1,,0.3982757836491799,-0.00535,0.0081,-0.38888,3e-05,0.00025,7e-05,-0.00014,0.01205,-0.38068,-0.00015,0.00015,0.00017,-0.00599,-0.00189,-0.38895,10,37.9125,362.8207,38.6142,179.3348,0.3634,-123.3403,0.0079,26.302,0.296
12,000012.png,False,1788787584.731962,1788787584.527262,normal_load,1,,0.49584589548746294,-0.00706,0.00606,-0.37182,0.00015,0.00025,4e-05,-0.00176,0.01008,-0.36347,-4e-05,0.00015,0.00014,-0.00657,-0.00424,-0.37185,11,37.9123,362.8172,38.6188,179.3362,0.362,-123.3401,0.0003,26.3066,0.2914
13,000013.png,False,1788787585.148097,1788787584.943397,normal_load,1,,0.49856070867147084,-0.00694,0.00349,-0.39994,0.00011,0.00016,-8e-05,-0.00155,0.00758,-0.39144,-8e-05,6e-05,2e-05,-0.00498,-0.00686,-0.39992,11,37.9132,362.8176,38.589,179.3371,0.3613,-123.3408,0.0071,26.2768,0.3212
14,000014.png,False,1788787585.560096,1788787585.355396,normal_load,1,,0.5614614429739617,-0.00765,0.00885,-0.46551,3e-05,0.00016,-9e-05,-0.00216,0.01301,-0.45687,-0.00016,6e-05,1e-05,-0.00782,-0.00362,-0.46557,10,37.9124,362.8185,38.5408,179.3378,0.3602,-123.341,0.0032,26.2285,0.3695
15,000015.png,False,1788787586.592189,1788787586.387489,normal_load,1,,0.6621902705399748,-0.00651,0.01023,-0.56009,7e-05,0.00023,0.0001,-0.00079,0.01457,-0.55108,-0.00014,0.00012,0.00021,-0.00687,-0.00337,-0.56017,10,37.9133,362.8204,38.4884,179.3378,0.3611,-123.3419,0.0005,26.1763,0.4217
16,000016.png,False,1788787587.624150,1788787587.419450,normal_load,1,,0.7128601312677346,-0.00746,0.01286,-0.63679,-6e-05,0.00014,0.00018,-0.0015,0.01738,-0.62742,-0.00028,2e-05,0.00029,-0.00847,-0.00279,-0.6369,10,37.9118,362.8217,38.4429,179.3366,0.3624,-123.3425,0.0015,26.1308,0.4672
17,000017.png,False,1788787588.656212,1788787588.451512,normal_load,1,,0.8172514101209856,-0.01175,0.00456,-0.71083,0.00031,2e-05,0.00023,-0.00556,0.00925,-0.70109,9e-05,-0.00011,0.00034,-0.00753,-0.01331,-0.71078,10,37.9129,362.8066,38.401,179.3378,0.3617,-123.3427,0.0023,26.0886,0.5094
18,000018.png,False,1788787588.864267,1788787588.659567,normal_load,1,,0.8172514101209856,-0.01619,-0.00396,-0.77676,0.00055,-9e-05,0.00029,-0.00996,0.00077,-0.76694,0.00033,-0.00021,0.00041,-0.00666,-0.02396,-0.77654,10,37.9162,362.7937,38.3455,179.3423,0.3573,-123.3427,0.0086,26.0329,0.5651
19,000019.png,False,1788787589.068255,1788787588.863555,normal_load,1,,0.8172514101209856,-0.01468,0.00183,-0.8166,0.00051,-4e-05,0.00021,-0.0084,0.0066,-0.8067,0.00029,-0.00016,0.00033,-0.00797,-0.01883,-0.81647,11,37.9143,362.8088,38.3495,179.3405,0.3592,-123.3432,0.009,26.0371,0.5609
20,000020.png,False,1788787589.480271,1788787589.275571,normal_load,1,,0.9119695809158258,-0.00669,0.01616,-0.79324,0.0,4e-05,0.00018,-0.00031,0.02099,-0.7832,-0.00022,-8e-05,0.0003,-0.00837,-0.00206,-0.79338,10,37.9115,362.8195,38.3493,179.3385,0.3617,-123.3432,0.0004,26.0372,0.5608
21,000021.png,False,1788787589.688263,1788787589.483563,normal_load,1,,0.9119695809158258,-0.0086,0.01843,-0.76754,-3e-05,7e-05,-0.0,-0.00217,0.0233,-0.75743,-0.00026,-5e-05,0.00012,-0.01133,-0.00063,-0.76773,11,37.9106,362.8208,38.3515,179.3375,0.362,-123.3432,0.007,26.0394,0.5586
22,000022.png,False,1788787590.100227,1788787589.895527,normal_load,1,,0.9490855208501073,-0.00468,0.02881,-0.85439,-0.00025,0.00011,7e-05,0.00183,0.03375,-0.84414,-0.00048,-2e-05,0.00019,-0.01253,0.00892,-0.85475,10,37.9088,362.8285,38.3112,179.3352,0.3652,-123.3432,0.0036,25.9992,0.5988
23,000023.png,False,1788787591.132348,1788787590.927648,normal_load,1,,1.028522752373459,-0.00908,0.02128,-0.91666,-1e-05,0.0,-4e-05,-0.00233,0.0264,-0.90603,-0.00025,-0.00013,9e-05,-0.01214,-0.00079,-0.91687,10,37.9091,362.8188,38.2729,179.3341,0.3663,-123.3436,0.0011,25.9608,0.6372
24,000024.png,False,1788787591.340327,1788787591.135627,normal_load,1,,1.028522752373459,-0.01108,0.01929,-1.01763,8e-05,-8e-05,0.00012,-0.00429,0.02444,-1.00693,-0.00016,-0.00022,0.00025,-0.01218,-0.00513,-1.01779,10,37.908,362.8245,38.2057,179.3334,0.3671,-123.3438,0.0008,25.8937,0.7043
25,000025.png,False,1788787591.544385,1788787591.339685,normal_load,1,,1.028522752373459,-0.00749,0.02674,-1.10146,-1e-05,0.0,0.00022,-0.00065,0.03193,-1.09069,-0.00025,-0.00013,0.00035,-0.01222,0.00177,-1.10174,10,37.9101,362.8194,38.2038,179.334,0.3664,-123.3443,0.0036,25.8916,0.7064
26,000026.png,False,1788787591.752355,1788787591.547655,normal_load,1,,1.028522752373459,-0.00962,0.0263,-1.07896,-3e-05,-7e-05,0.00019,-0.00273,0.03152,-1.06811,-0.00027,-0.0002,0.00032,-0.01399,0.00068,-1.07923,10,37.9091,362.8208,38.2114,179.3337,0.367,-123.3441,0.0098,25.8993,0.6987
27,000027.png,False,1788787591.960365,1788787591.755665,normal_load,1,,1.194708322659176,-0.00812,0.02653,-1.04648,-7e-05,-2e-05,0.00012,-0.00118,0.03179,-1.03556,-0.00032,-0.00016,0.00025,-0.01303,0.00216,-1.04676,10,37.9091,362.821,38.2202,179.3334,0.3674,-123.3441,0.0042,25.9081,0.6899
28,000028.png,False,1788787593.196420,1788787592.991720,normal_load,1,,1.1794416805366468,-0.00922,0.02862,-1.09364,-0.00015,-3e-05,0.0001,-0.00201,0.03409,-1.08228,-0.00041,-0.00017,0.00024,-0.01471,0.00266,-1.09395,10,37.9067,362.8232,38.1919,179.3307,0.3705,-123.3437,0.0027,25.8799,0.7181
29,000029.png,False,1788787594.024463,1788787593.819763,normal_load,1,,1.32852908455788,-0.01294,0.02422,-1.21158,7e-05,-0.00011,0.00014,-0.00554,0.02984,-1.19992,-0.00019,-0.00026,0.00029,-0.01491,-0.00489,-1.21179,10,37.9091,362.8136,38.1405,179.3305,0.3707,-123.3439,0.0147,25.8283,0.7697
30,000030.png,False,1788787594.228468,1788787594.023768,normal_load,1,,1.32852908455788,-0.01473,0.02324,-1.19236,0.00015,-0.00015,4e-05,-0.00728,0.02888,-1.18063,-0.00012,-0.00029,0.00018,-0.0161,-0.00633,-1.19255,11,37.9092,362.8114,38.1421,179.3311,0.37,-123.3434,0.008,25.8299,0.7681
31,000031.png,False,1788787594.640404,1788787594.435704,normal_load,1,,1.32852908455788,-0.02023,0.01043,-1.34237,0.00056,-0.00032,-0.0,-0.01269,0.01615,-1.3305,0.0003,-0.00047,0.00014,-0.01343,-0.02258,-1.34231,10,37.9119,362.8007,38.0815,179.3358,0.3651,-123.3436,0.0034,25.7691,0.8289
32,000032.png,False,1788787595.056548,1788787594.851848,normal_load,1,,1.440322213068913,-0.01552,0.02453,-1.32026,0.00022,-0.00014,5e-05,-0.00788,0.03032,-1.30824,-5e-05,-0.00029,0.0002,-0.01654,-0.00766,-1.32045,10,37.9083,362.8132,38.0892,179.3319,0.3693,-123.3432,0.0095,25.777,0.821
33,000033.png,False,1788787595.260514,1788787595.055815,normal_load,1,,1.440322213068913,-0.01378,0.02811,-1.3031,1e-05,-0.00012,-0.0,-0.0061,0.03394,-1.291,-0.00027,-0.00027,0.00015,-0.01695,-0.00341,-1.30336,10,37.9079,362.8157,38.0914,179.331,0.3702,-123.3432,0.007,25.7792,0.8188
34,000034.png,False,1788787595.468432,1788787595.263732,normal_load,1,,1.440322213068913,-0.00888,0.03805,-1.34536,-0.00026,-0.0001,-2e-05,-0.00115,0.04391,-1.33319,-0.00053,-0.00025,0.00013,-0.01737,0.00696,-1.3458,11,37.906,362.8336,38.0548,179.325,0.3765,-123.3433,0.0006,25.743,0.855
35,000035.png,False,1788787596.292578,1788787596.087878,normal_load,1,,1.508922449020946,-0.01089,0.03145,-1.373,-4e-05,-0.0001,-4e-05,-0.00298,0.03746,-1.36054,-0.00032,-0.00026,0.00011,-0.01563,-0.0002,-1.37332,10,37.9088,362.8178,38.0582,179.3293,0.3719,-123.3437,0.0005,25.7461,0.8519
36,000036.png,False,1788787596.912592,1788787596.707892,normal_load,1,,1.508922449020946,-0.01851,0.0121,-1.56478,0.00064,-0.00041,0.00015,-0.01046,0.01821,-1.5521,0.00035,-0.00057,0.00031,-0.01123,-0.02384,-1.56472,10,37.913,362.7982,37.9941,179.3328,0.3686,-123.3432,0.0065,25.6816,0.9164
37,000037.png,False,1788787597.120624,1788787596.915924,normal_load,1,,1.6602042041867293,-0.01557,0.02139,-1.54024,0.00032,-0.00033,3e-05,-0.00747,0.02753,-1.52749,3e-05,-0.00049,0.00019,-0.0135,-0.01393,-1.54035,10,37.9118,362.8038,37.997,179.3308,0.3707,-123.3434,0.0006,25.6846,0.9134
38,000038.png,False,1788787597.324625,1788787597.119925,normal_load,1,,1.6602042041867293,-0.01186,0.02788,-1.50148,0.00011,-0.00023,-0.00015,-0.00371,0.03406,-1.48865,-0.00018,-0.00039,1e-05,-0.0138,-0.00583,-1.50171,10,37.9102,362.8116,38.0042,179.329,0.3726,-123.3435,0.0035,25.692,0.906
39,000039.png,False,1788787597.736623,1788787597.531923,normal_load,1,,1.6602042041867293,-0.00523,0.05505,-1.63074,-0.00055,-2e-05,8e-05,0.00301,0.0613,-1.61777,-0.00084,-0.00018,0.00024,-0.02073,0.01894,-1.63144,10,37.9081,362.8286,37.964,179.3244,0.3778,-123.3435,0.0067,25.6521,0.9459
40,000040.png,False,1788787598.356652,1788787598.151953,normal_load,1,,1.727997963931995,-0.00887,0.03569,-1.61604,3e-05,-0.00019,0.00012,-0.00049,0.04204,-1.60284,-0.00026,-0.00036,0.00028,-0.01431,0.00059,-1.61639,10,37.9101,362.8168,37.9677,179.3275,0.3744,-123.3432,0.0087,25.6555,0.9425
41,000041.png,False,1788787598.564668,1788787598.359968,normal_load,1,,1.727997963931995,-0.01772,0.01409,-1.67507,0.00056,-0.00046,-3e-05,-0.00929,0.02048,-1.6618,0.00026,-0.00062,0.00013,-0.01078,-0.02349,-1.67503,10,37.9166,362.7887,37.9,179.3346,0.3673,-123.3434,0.006,25.5874,1.0106
42,000042.png,False,1788787599.388698,1788787599.183998,normal_load,1,,1.8990551316938935,-0.01453,0.02424,-1.76373,0.00038,-0.00038,0.00022,-0.00592,0.03077,-1.75017,8e-05,-0.00055,0.00038,-0.01247,-0.01452,-1.76385,11,37.9138,362.8024,37.9155,179.3283,0.374,-123.3432,0.0101,25.6032,0.9948
43,000043.png,False,1788787599.596725,1788787599.392025,normal_load,1,,1.8990551316938935,-0.00705,0.04442,-1.81885,-0.0001,-0.00018,0.00016,0.00162,0.05099,-1.80521,-0.00041,-0.00035,0.00033,-0.01569,0.00581,-1.81933,10,37.9066,362.8326,37.8813,179.3217,0.3809,-123.3431,0.0034,25.5694,1.0286
44,000044.png,False,1788787600.008723,1788787599.804023,normal_load,1,,1.8990551316938935,-0.00227,0.05684,-1.85827,-0.00036,-5e-05,0.00018,0.00649,0.06348,-1.84449,-0.00067,-0.00022,0.00035,-0.01748,0.01833,-1.85897,11,37.9092,362.8272,37.8817,179.3237,0.3789,-123.3431,0.0067,25.5697,1.0283
45,000045.png,False,1788787600.420758,1788787600.216058,normal_load,1,,1.9633756219352592,-0.00691,0.04403,-1.84163,-3e-05,-0.00015,0.00016,0.00194,0.05074,-1.8277,-0.00034,-0.00033,0.00033,-0.01522,0.00518,-1.8421,10,37.9103,362.8186,37.8824,179.3259,0.3765,-123.3433,0.0035,25.5703,1.0277
46,000046.png,False,1788787601.452794,1788787601.248094,normal_load,1,,2.0,-0.01168,0.03237,-1.97034,0.00029,-0.00038,0.00021,-0.0026,0.03925,-1.95605,-3e-05,-0.00056,0.00039,-0.01263,-0.00937,-1.97058,10,37.9143,362.8062,37.8375,179.3265,0.3762,-123.3437,0.0003,25.5252,1.0728
47,000047.png,False,1788787601.660830,1788787601.456130,normal_load,1,,2.0,-0.01035,0.03863,-2.02203,0.0002,-0.00033,0.00013,-0.00122,0.04555,-2.00766,-0.00013,-0.00051,0.0003,-0.01425,-0.00411,-2.02237,10,37.9131,362.8163,37.8058,179.3261,0.3769,-123.3435,0.0,25.4937,1.1043
48,000048.png,False,1788787602.280833,1788787602.076133,normal_unload,1,,2.0,-0.0093,0.03943,-2.0661,0.00023,-0.00028,0.00037,-3e-05,0.04646,-2.05151,-9e-05,-0.00046,0.00054,-0.01343,-0.00359,-2.06645,10,37.9131,362.8121,37.8138,179.3267,0.3766,-123.3433,0.0029,25.5016,1.0964
49,000049.png,False,1788787602.692850,1788787602.488150,normal_unload,1,,1.9277741371254646,-0.00951,0.03939,-1.9947,0.00011,-0.00026,0.00031,-0.00014,0.04648,-1.97996,-0.00022,-0.00045,0.00049,-0.01408,-0.00259,-1.99506,10,37.911,362.8264,37.8687,179.3252,0.3782,-123.3437,0.0063,25.5567,1.0413
50,000050.png,False,1788787602.900894,1788787602.696194,normal_unload,1,,1.6563524777246244,0.00206,0.06082,-1.68977,-0.00062,0.00011,0.00018,0.01147,0.06795,-1.67496,-0.00096,-7e-05,0.00036,-0.01689,0.02663,-1.69057,10,37.9102,362.8306,37.9122,179.3197,0.3843,-123.3438,0.0073,25.6003,0.9977
51,000051.png,False,1788787603.104944,1788787602.900244,normal_unload,1,,1.6563524777246244,-0.003,0.04754,-1.76737,-0.00029,-0.0001,0.00012,0.00646,0.05471,-1.75249,-0.00063,-0.00029,0.0003,-0.01409,0.01136,-1.76792,10,37.9128,362.821,37.8789,179.3234,0.3807,-123.3437,0.0047,25.5668,1.0312
52,000052.png,False,1788787603.516847,1788787603.312147,normal_unload,1,,1.592414401844715,-0.01443,0.01842,-1.70302,0.00054,-0.00029,0.00024,-0.00488,0.02566,-1.68799,0.0002,-0.00047,0.00042,-0.00989,-0.01853,-1.70305,10,37.9157,362.8029,37.9222,179.3255,0.3785,-123.3437,0.0064,25.6098,0.9882
53,000053.png,False,1788787603.724901,1788787603.520201,normal_unload,1,,1.592414401844715,-0.01326,0.02066,-1.6812,0.00044,-0.00023,0.00013,-0.00366,0.02794,-1.66609,0.0001,-0.00042,0.00031,-0.01015,-0.01566,-1.68127,10,37.909,362.8404,37.9332,179.3255,0.3785,-123.3439,0.0,25.6215,0.9765
54,000054.png,False,1788787603.932915,1788787603.728215,normal_unload,1,,1.530533332441908,-0.0086,0.02923,-1.64484,0.00029,-8e-05,6e-05,0.00104,0.03655,-1.62966,-5e-05,-0.00027,0.00025,-0.01065,-0.00533,-1.64508,10,37.9179,362.8069,37.9372,179.3284,0.3764,-123.3441,0.007,25.6248,0.9732
55,000055.png,False,1788787604.136996,1788787603.932296,normal_unload,1,,1.530533332441908,-0.01321,0.01779,-1.63015,0.00053,-0.00018,0.00012,-0.00352,0.02513,-1.6149,0.00019,-0.00037,0.00031,-0.00903,-0.01731,-1.63019,10,37.9163,362.8068,37.949,179.3272,0.3777,-123.3441,0.0092,25.6366,0.9614
56,000056.png,False,1788787604.344964,1788787604.140264,normal_unload,1,,1.530533332441908,-0.00569,0.0322,-1.49098,4e-05,1e-05,0.00012,0.00404,0.03958,-1.47566,-0.0003,-0.00018,0.00031,-0.01068,0.00116,-1.4913,10,37.9169,362.8137,38.0116,179.3248,0.3811,-123.3457,0.0095,25.6994,0.8986
57,000057.png,False,1788787604.756937,1788787604.552237,normal_unload,1,,1.3646087394073958,-0.00937,0.02242,-1.45971,0.00025,-2e-05,0.00037,0.00046,0.02987,-1.44423,-0.0001,-0.00021,0.00056,-0.0092,-0.00865,-1.45986,10,37.9201,362.8025,38.0554,179.3233,0.3827,-123.3461,0.0029,25.743,0.855
58,000058.png,False,1788787605.168957,1788787604.964257,normal_unload,1,,1.2124089308803803,-0.01089,0.02206,-1.31282,0.00032,0.00018,0.00018,-0.00097,0.02959,-1.2972,-3e-05,-1e-05,0.00037,-0.01136,-0.00736,-1.31298,11,37.9172,362.8129,38.0657,179.323,0.383,-123.3461,0.0061,25.7535,0.8445
59,000059.png,False,1788787605.376945,1788787605.172246,normal_unload,1,,1.2124089308803803,-0.01359,0.02174,-1.24022,0.00028,2e-05,1e-05,-0.00362,0.0293,-1.22452,-8e-05,-0.00017,0.0002,-0.01403,-0.00783,-1.24038,10,37.9139,362.8119,38.0985,179.3239,0.382,-123.3461,0.008,25.7862,0.8118
60,000060.png,False,1788787605.580966,1788787605.376266,normal_unload,1,,1.1311567640579112,-0.01742,0.01971,-1.2236,0.00032,-1e-05,3e-05,-0.00741,0.02731,-1.20783,-4e-05,-0.00021,0.00022,-0.01646,-0.01123,-1.22372,10,37.9111,362.8096,38.0975,179.3243,0.3816,-123.3457,0.0057,25.7853,0.8127
61,000061.png,False,1788787605.788979,1788787605.584279,normal_unload,1,,1.1311567640579112,-0.01701,0.0228,-1.23187,0.00013,-7e-05,0.00022,-0.00695,0.03043,-1.21603,-0.00023,-0.00026,0.00041,-0.01758,-0.00849,-1.23205,11,37.9094,362.8207,38.1101,179.3234,0.3828,-123.3466,0.0005,25.7981,0.7999
62,000062.png,False,1788787605.997070,1788787605.792370,normal_unload,1,,1.0016685490958195,-0.01197,0.03661,-1.06467,-0.0003,0.0001,-4e-05,-0.00187,0.04428,-1.04875,-0.00066,-0.0001,0.00015,-0.02128,0.00867,-1.06512,10,37.9084,362.8236,38.1549,179.3222,0.3838,-123.3464,0.0077,25.8428,0.7552
63,000063.png,False,1788787606.200915,1788787605.996215,normal_unload,1,,1.0016685490958195,-0.01577,0.02992,-1.09579,-4e-05,7e-05,-0.0,-0.00562,0.03762,-1.0798,-0.0004,-0.00013,0.00019,-0.02101,0.00048,-1.09611,10,37.9081,362.8205,38.1532,179.323,0.3833,-123.3459,0.0099,25.8411,0.7569
64,000064.png,False,1788787606.409039,1788787606.204339,normal_unload,1,,1.0016685490958195,-0.01786,0.02675,-1.04126,-2e-05,2e-05,0.00011,-0.00766,0.03449,-1.0252,-0.00039,-0.00018,0.0003,-0.02162,-0.00244,-1.04153,11,37.908,362.815,38.1962,179.3227,0.3833,-123.3457,0.0077,25.884,0.714
65,000065.png,False,1788787606.821032,1788787606.616332,normal_unload,1,,0.9085719623522551,-0.01939,0.02124,-1.00183,0.00014,1e-05,5e-05,-0.0091,0.02905,-0.98562,-0.00023,-0.00019,0.00025,-0.02047,-0.00734,-1.00201,10,37.9071,362.8185,38.2244,179.3222,0.3841,-123.3459,0.0003,25.9123,0.6857
66,000066.png,False,1788787607.233061,1788787607.028361,normal_unload,1,,0.8230020871137044,-0.02116,0.01804,-0.91523,0.00015,3e-05,7e-05,-0.01077,0.02591,-0.89887,-0.00022,-0.00018,0.00027,-0.021,-0.00961,-0.91536,10,37.9074,362.8156,38.2439,179.3228,0.3834,-123.3457,0.0099,25.9318,0.6662
67,000067.png,False,1788787607.441047,1788787607.236347,normal_unload,1,,0.8230020871137044,-0.02056,0.02057,-0.85346,3e-05,7e-05,5e-05,-0.01012,0.02848,-0.83703,-0.00034,-0.00014,0.00025,-0.02216,-0.00613,-0.85364,10,37.9074,362.8155,38.2832,179.3227,0.3836,-123.3457,0.0042,25.9711,0.6269
68,000068.png,False,1788787607.853074,1788787607.648374,normal_unload,1,,0.75050944292812,-0.02037,0.01665,-0.85438,0.00013,4e-05,0.00023,-0.00984,0.02464,-0.8378,-0.00024,-0.00017,0.00044,-0.02004,-0.00944,-0.8545,10,37.9054,362.8219,38.3015,179.3224,0.3839,-123.3451,0.0046,25.9894,0.6086
69,000069.png,False,1788787608.061098,1788787607.856398,normal_unload,1,,0.6424410029556242,-0.0212,0.01311,-0.74368,0.00018,0.00012,0.00028,-0.01062,0.02113,-0.72703,-0.0002,-8e-05,0.00048,-0.01976,-0.01115,-0.74375,10,37.9075,362.8122,38.3371,179.3239,0.382,-123.3455,0.0092,26.0249,0.5731
70,000070.png,False,1788787608.265118,1788787608.060418,normal_unload,1,,0.6424410029556242,-0.02276,0.01173,-0.74225,0.00022,0.00012,0.00015,-0.01214,0.01978,-0.72553,-0.00016,-9e-05,0.00035,-0.02042,-0.0131,-0.7423,10,37.9077,362.8132,38.3371,179.3236,0.3824,-123.3455,0.0068,26.0249,0.5731
71,000071.png,False,1788787608.473137,1788787608.268437,normal_unload,1,,0.6424410029556242,-0.0189,0.01759,-0.66891,1e-05,0.00019,0.00012,-0.00823,0.02568,-0.65212,-0.00037,-1e-05,0.00032,-0.02052,-0.00493,-0.66908,10,37.9067,362.8198,38.3942,179.323,0.3833,-123.3453,0.003,26.0821,0.5159
72,000072.png,False,1788787608.885132,1788787608.680432,normal_unload,1,,0.5477127002938715,-0.01973,0.01534,-0.64827,0.00013,0.00021,0.00014,-0.00897,0.0235,-0.63132,-0.00025,-0.0,0.00034,-0.02026,-0.00696,-0.64839,10,37.9069,362.8199,38.4024,179.3231,0.3831,-123.3453,0.0053,26.0903,0.5077
73,000073.png,False,1788787609.297158,1788787609.092458,normal_unload,1,,0.4399076345545695,-0.02245,0.00961,-0.54375,0.00022,0.00026,8e-05,-0.0116,0.01784,-0.52666,-0.00017,4e-05,0.00028,-0.02048,-0.01161,-0.54379,10,37.9083,362.8139,38.4533,179.3241,0.3825,-123.3451,0.006,26.1411,0.4569
74,000074.png,False,1788787609.917077,1788787609.712377,normal_unload,1,,0.37437284512475344,-0.02433,-0.00075,-0.47479,0.00043,0.00014,0.00011,-0.01334,0.00759,-0.45748,4e-05,-8e-05,0.00032,-0.01741,-0.02041,-0.47465,10,37.9101,362.8073,38.512,179.3258,0.3806,-123.3453,0.0095,26.1996,0.3984
75,000075.png,False,1788787610.329179,1788787610.124479,normal_unload,1,,0.2854801617897721,-0.01962,0.01516,-0.38717,4e-05,0.00041,0.00017,-0.00854,0.02357,-0.36971,-0.00035,0.00019,0.00038,-0.02189,-0.00288,-0.38733,11,37.9067,362.8234,38.5761,179.3258,0.3806,-123.345,0.0014,26.264,0.334
76,000076.png,False,1788787610.537108,1788787610.332408,normal_unload,1,,0.2854801617897721,-0.01811,0.01999,-0.33702,-6e-05,0.00051,8e-05,-0.00697,0.02844,-0.31949,-0.00046,0.00029,0.00029,-0.02334,0.00287,-0.33728,10,37.9034,362.8363,38.6393,179.3228,0.3831,-123.3451,0.0,26.3274,0.2706
77,000077.png,False,1788787610.949229,1788787610.744529,normal_unload,1,,0.2237507056939563,-0.01898,0.01346,-0.31672,-3e-05,0.00044,0.00018,-0.00776,0.02197,-0.29904,-0.00042,0.00022,0.0004,-0.02097,-0.00291,-0.31687,11,37.9047,362.828,38.6385,179.3246,0.3816,-123.3446,0.0093,26.3265,0.2715
78,000078.png,False,1788787611.157221,1788787610.952521,normal_unload,1,,0.14821809315886297,-0.02298,0.00044,-0.22931,0.00024,0.00035,0.0001,-0.01171,0.00899,-0.21156,-0.00016,0.00013,0.00031,-0.01854,-0.01477,-0.22924,10,37.9083,362.8147,38.6976,179.3257,0.3808,-123.345,0.0041,26.3854,0.2126
79,000079.png,False,1788787611.361259,1788787611.156559,normal_unload,1,,0.14821809315886297,-0.02333,0.00497,-0.23959,0.00023,0.00044,0.00012,-0.01201,0.01355,-0.22177,-0.00017,0.00022,0.00034,-0.02103,-0.01119,-0.23959,10,37.9077,362.8156,38.6982,179.3252,0.3809,-123.3453,0.0013,26.386,0.212
80,000080.png,False,1788787611.981172,1788787611.776472,normal_unload,1,,0.07086087688579992,-0.02334,0.00824,-0.17224,1e-05,0.00052,0.00011,-0.01188,0.01693,-0.1542,-0.00039,0.00029,0.00033,-0.02314,-0.00729,-0.17231,10,37.9071,362.8301,38.7784,179.3236,0.3833,-123.3455,0.0048,26.4664,0.1316
81,000081.png,False,1788787612.393197,1788787612.188497,normal_unload,1,,0.02258839559295893,-0.02409,-0.00051,-0.12562,0.00027,0.00047,0.00019,-0.01253,0.00826,-0.10743,-0.00014,0.00024,0.00042,-0.01974,-0.01449,-0.12554,10,37.9084,362.8167,38.8592,179.3257,0.3811,-123.3453,0.0041,26.547,0.051
82,000082.png,False,1788787612.601272,1788787612.396572,normal_unload,1,,0.02258839559295893,-0.02197,0.00534,-0.0831,5e-05,0.00054,9e-05,-0.01037,0.01414,-0.06483,-0.00036,0.00031,0.00031,-0.02112,-0.00768,-0.08313,10,37.9002,362.8584,39.0202,179.3173,0.3896,-123.3455,0.0051,26.7087,-0.1107
83,000083.png,False,1788787613.837353,1788787613.632653,normal_load,2,,0.0,-0.02104,0.00942,-0.11846,-1e-05,0.00061,0.00027,-0.00916,0.01843,-0.09976,-0.00043,0.00038,0.0005,-0.02211,-0.00425,-0.11857,10,37.9057,362.8309,38.9127,179.3227,0.3839,-123.3455,0.0078,26.6007,-0.0027
84,000084.png,False,1788787614.253357,1788787614.048657,normal_load,2,,0.22755129071075827,-0.02161,0.00963,-0.11892,-4e-05,0.00055,0.00026,-0.00964,0.01871,-0.10006,-0.00046,0.00031,0.00049,-0.02271,-0.00437,-0.11902,10,37.9053,362.8305,38.909,179.3224,0.3848,-123.3453,0.0052,26.597,0.001
85,000085.png,False,1788787614.665291,1788787614.460591,normal_load,2,,0.22755129071075827,-0.01969,0.0126,-0.14834,-8e-05,0.00063,0.00025,-0.00762,0.02175,-0.12934,-0.0005,0.00039,0.00048,-0.02232,-0.0013,-0.1485,10,37.9038,362.8452,38.8779,179.3178,0.3894,-123.346,0.0061,26.5661,0.0319
86,000086.png,False,1788787615.077390,1788787614.872690,normal_load,2,,0.2496468414835988,-0.02055,0.00813,-0.13976,2e-05,0.00058,0.00023,-0.00839,0.01735,-0.12061,-0.00041,0.00035,0.00046,-0.02089,-0.00546,-0.13984,10,37.9058,362.833,38.8812,179.3204,0.3866,-123.3457,0.0034,26.5692,0.0288
87,000087.png,False,1788787615.905460,1788787615.700760,normal_load,2,,0.2670024308905369,-0.01786,0.01427,-0.21652,-0.0001,0.00055,0.00012,-0.00551,0.02363,-0.19708,-0.00053,0.00031,0.00036,-0.0211,-3e-05,-0.2167,10,37.9078,362.8298,38.7728,179.3245,0.3832,-123.3468,0.0008,26.4607,0.1373
88,000088.png,False,1788787616.521505,1788787616.316805,normal_load,2,,0.3119038110520904,-0.02266,0.00432,-0.20813,0.00016,0.00049,0.00015,-0.01017,0.01379,-0.18847,-0.00028,0.00024,0.00039,-0.02035,-0.01091,-0.20813,10,37.9099,362.8176,38.7803,179.3242,0.3836,-123.347,0.0126,26.4681,0.1299
89,000089.png,False,1788787616.937472,1788787616.732772,normal_load,2,,0.34550437268487433,-0.02106,0.01235,-0.24561,4e-05,0.00062,0.00011,-0.00848,0.02189,-0.22581,-0.0004,0.00038,0.00035,-0.02271,-0.00376,-0.24575,10,37.9083,362.8268,38.7416,179.3217,0.3862,-123.3479,0.0064,26.4296,0.1684
90,000090.png,False,1788787617.349485,1788787617.144785,normal_load,2,,0.34550437268487433,-0.02182,0.00916,-0.28631,0.00011,0.00051,0.00016,-0.00915,0.01877,-0.26636,-0.00034,0.00026,0.0004,-0.0215,-0.00756,-0.28639,11,37.9113,362.8174,38.7051,179.3227,0.3854,-123.3481,0.0077,26.3929,0.2051
91,000091.png,False,1788787617.969495,1788787617.764795,normal_load,2,,0.3833862755050148,-0.01915,0.01454,-0.27779,-0.0,0.00056,4e-05,-0.00634,0.02426,-0.25762,-0.00046,0.00031,0.00029,-0.02193,-0.00142,-0.27797,11,37.9104,362.8267,38.6998,179.3211,0.3875,-123.3481,0.0078,26.3877,0.2103
92,000092.png,False,1788787618.381463,1788787618.176763,normal_load,2,,0.4557222501820235,-0.01748,0.01564,-0.36267,-1e-05,0.00054,-7e-05,-0.00458,0.02542,-0.34235,-0.00047,0.00029,0.00018,-0.02044,-0.001,-0.36285,10,37.9108,362.8263,38.6245,179.3215,0.3879,-123.3484,0.0025,26.3124,0.2856
93,000093.png,False,1788787618.793566,1788787618.588866,normal_load,2,,0.4557222501820235,-0.01912,0.01055,-0.40177,0.00011,0.00047,-8e-05,-0.00611,0.02041,-0.3813,-0.00035,0.00021,0.00017,-0.01904,-0.00685,-0.40186,10,37.9122,362.816,38.5896,179.3235,0.3859,-123.3486,0.0076,26.2773,0.3207
94,000094.png,False,1788787619.413501,1788787619.208801,normal_load,2,,0.5038458077239767,-0.01622,0.01738,-0.40923,-5e-05,0.00052,1e-05,-0.00308,0.02734,-0.38854,-0.00052,0.00026,0.00026,-0.0199,0.00039,-0.40944,10,37.9121,362.8246,38.5826,179.321,0.3888,-123.349,0.0033,26.2705,0.3275
95,000095.png,False,1788787619.617611,1788787619.412911,normal_load,2,,0.5038458077239767,-0.01979,0.01297,-0.45727,0.00015,0.0005,-6e-05,-0.0066,0.02297,-0.4365,-0.00031,0.00024,0.0002,-0.02045,-0.00598,-0.45738,10,37.9125,362.8237,38.5314,179.3187,0.3915,-123.351,0.0007,26.2192,0.3788
96,000096.png,False,1788787619.825603,1788787619.620903,normal_load,2,,0.5038458077239767,-0.01641,0.01938,-0.49149,2e-05,0.00052,-3e-05,-0.00317,0.02942,-0.47065,-0.00045,0.00026,0.00022,-0.02049,0.00072,-0.49171,10,37.9121,362.8235,38.5282,179.3195,0.3907,-123.3506,0.0076,26.2161,0.3819
97,000097.png,False,1788787620.445628,1788787620.240928,normal_load,2,,0.5906484242558804,-0.02253,0.00791,-0.48012,0.00029,0.00043,-2e-05,-0.00916,0.01805,-0.45907,-0.00019,0.00016,0.00023,-0.02014,-0.0121,-0.48014,10,37.914,362.8087,38.5295,179.3219,0.3882,-123.3501,0.0035,26.2171,0.3809
98,000098.png,False,1788787620.649643,1788787620.444943,normal_load,2,,0.5906484242558804,-0.01981,0.01157,-0.51857,0.00019,0.00037,-3e-05,-0.00639,0.02175,-0.49744,-0.00028,0.00011,0.00022,-0.01935,-0.00818,-0.51865,11,37.912,362.8165,38.4776,179.3256,0.3848,-123.351,0.0065,26.1653,0.4327
99,000099.png,False,1788787621.477690,1788787621.272990,normal_load,2,,0.6722911012208556,-0.01982,0.02192,-0.56041,-2e-05,0.00044,1e-05,-0.00621,0.03224,-0.53899,-0.0005,0.00018,0.00027,-0.02423,0.00011,-0.56066,10,37.9091,362.8207,38.4794,179.3226,0.3883,-123.3503,0.0075,26.1673,0.4307
100,000100.png,False,1788787621.681703,1788787621.477003,normal_load,2,,0.7558600108010182,-0.0196,0.0259,-0.62567,-9e-05,0.00046,0.00014,-0.00594,0.03625,-0.60418,-0.00057,0.0002,0.0004,-0.02558,0.00262,-0.62599,10,37.9078,362.8334,38.4369,179.3178,0.394,-123.3504,0.0039,26.125,0.473
101,000101.png,False,1788787621.889699,1788787621.684999,normal_load,2,,0.7558600108010182,-0.01593,0.03173,-0.64943,-0.00024,0.00053,0.00021,-0.00223,0.04212,-0.62786,-0.00072,0.00026,0.00047,-0.02515,0.00912,-0.64985,11,37.9069,362.8323,38.4391,179.3183,0.3935,-123.3501,0.0096,26.1272,0.4708
102,000102.png,False,1788787622.097708,1788787621.893008,normal_load,2,,0.7558600108010182,-0.02629,0.00284,-0.68942,0.00056,0.00015,0.00021,-0.01254,0.01326,-0.66777,7e-05,-0.00011,0.00047,-0.01941,-0.02172,-0.68931,10,37.9123,362.797,38.4076,179.322,0.3896,-123.3499,0.0062,26.0951,0.5029
103,000103.png,False,1788787622.509742,1788787622.305042,normal_load,2,,0.7558600108010182,-0.01863,0.02481,-0.68673,-0.0001,0.00034,2e-05,-0.00479,0.03531,-0.66494,-0.00059,7e-05,0.00028,-0.02377,0.00118,-0.68702,11,37.9065,362.8236,38.3996,179.3174,0.3941,-123.3497,0.0053,26.0876,0.5104
104,000104.png,False,1788787622.921726,1788787622.717026,normal_load,2,,0.7944982052638891,-0.01681,0.02924,-0.70757,-0.00011,0.0004,0.00016,-0.00287,0.03981,-0.68563,-0.0006,0.00012,0.00042,-0.02426,0.00559,-0.70794,10,37.9068,362.8251,38.3987,179.3169,0.3949,-123.3499,0.0036,26.0866,0.5114
105,000105.png,False,1788787623.541802,1788787623.337102,normal_load,2,,0.7944982052638891,-0.01847,0.02798,-0.82141,-3e-05,0.00031,0.00011,-0.0044,0.03865,-0.79925,-0.00053,3e-05,0.00038,-0.02428,0.00184,-0.82173,10,37.9079,362.8189,38.3341,179.3172,0.3946,-123.3499,0.0015,26.022,0.576
106,000106.png,False,1788787623.745809,1788787623.541109,normal_load,2,,0.9286215748001098,-0.01941,0.02534,-0.81194,4e-05,0.00026,0.00014,-0.00529,0.03605,-0.78971,-0.00046,-2e-05,0.00041,-0.02384,-0.00076,-0.81222,10,37.9083,362.8194,38.3436,179.3171,0.3951,-123.3499,0.001,26.0315,0.5665
107,000107.png,False,1788787624.365834,1788787624.161134,normal_load,2,,0.936511494683603,-0.01964,0.01832,-0.8307,0.0002,0.0002,0.00012,-0.00538,0.02913,-0.80825,-0.0003,-8e-05,0.00039,-0.0204,-0.00725,-0.83086,10,37.9089,362.8135,38.3241,179.3177,0.3941,-123.3499,0.0032,26.0119,0.5861
108,000108.png,False,1788787625.397896,1788787625.193196,normal_load,2,,1.0229813148073532,-0.01631,0.02925,-0.90946,5e-05,0.00021,2e-05,-0.00182,0.04024,-0.88664,-0.00047,-7e-05,0.00029,-0.02244,0.00261,-0.90979,10,37.9081,362.8194,38.2778,179.3174,0.3948,-123.3499,0.0034,25.9657,0.6323
109,000109.png,False,1788787626.017797,1788787625.813097,normal_load,2,,1.0229813148073532,-0.01592,0.02892,-1.07898,0.0002,0.00013,0.00028,-0.00129,0.04001,-1.05594,-0.00032,-0.00015,0.00056,-0.02076,-0.0002,-1.07928,10,37.9104,362.8131,38.213,179.3173,0.3949,-123.3499,0.0044,25.9008,0.6972
110,000110.png,False,1788787626.225893,1788787626.021194,normal_load,2,,1.1866814040470928,-0.01757,0.02962,-1.04283,0.00011,0.00015,0.00015,-0.00289,0.04075,-1.01972,-0.00042,-0.00014,0.00043,-0.02279,0.00017,-1.04315,10,37.9091,362.8152,38.221,179.3168,0.3954,-123.3497,0.0021,25.9088,0.6892
111,000111.png,False,1788787627.461943,1788787627.257243,normal_load,2,,1.1813906684669122,-0.01279,0.03576,-1.07414,1e-05,0.00021,-6e-05,0.00217,0.0471,-1.05058,-0.00052,-8e-05,0.00023,-0.0215,0.00737,-1.07457,10,37.9091,362.8207,38.1928,179.3153,0.397,-123.3499,0.0091,25.8807,0.7173
112,000112.png,False,1788787627.669960,1788787627.465260,normal_load,2,,1.1813906684669122,-0.01718,0.02983,-1.20518,0.00021,0.00012,4e-05,-0.00217,0.04121,-1.18155,-0.00032,-0.00018,0.00033,-0.02143,-0.00205,-1.20548,11,37.9094,362.8144,38.105,179.3153,0.3973,-123.3499,0.0058,25.7928,0.8052
113,000113.png,False,1788787627.874004,1788787627.669304,normal_load,2,,1.1813906684669122,-0.01224,0.03629,-1.27225,6e-05,0.00012,6e-05,0.00281,0.04771,-1.24855,-0.00048,-0.00017,0.00035,-0.01991,0.00493,-1.27266,10,37.9101,362.814,38.1124,179.3155,0.3971,-123.3497,0.0033,25.8002,0.7978
114,000114.png,False,1788787628.081947,1788787627.877247,normal_load,2,,1.1813906684669122,-0.01398,0.03136,-1.2459,0.00022,8e-05,-3e-05,0.00112,0.04281,-1.22213,-0.00031,-0.00022,0.00026,-0.01914,0.00022,-1.24623,10,37.911,362.8119,38.1207,179.3165,0.3963,-123.3497,0.0031,25.8084,0.7896
115,000115.png,False,1788787628.289992,1788787628.085292,normal_load,2,,1.376846840745094,-0.01467,0.02727,-1.21621,0.00027,3e-05,-1e-05,0.00048,0.03875,-1.19237,-0.00027,-0.00027,0.00028,-0.0179,-0.00319,-1.21647,11,37.9114,362.8121,38.1304,179.3165,0.3963,-123.3499,0.0099,25.8182,0.7798
116,000116.png,False,1788787629.938080,1788787629.733380,normal_load,2,,1.3716466184763505,-0.00751,0.0408,-1.29374,-0.0,0.00016,0.0,0.00801,0.05257,-1.2693,-0.00055,-0.00015,0.0003,-0.01792,0.01086,-1.29423,10,37.9111,362.8217,38.0914,179.314,0.4002,-123.3502,0.0087,25.7794,0.8186
117,000117.png,False,1788787630.145983,1788787629.941283,normal_load,2,,1.3716466184763505,-0.01296,0.02558,-1.35887,0.00046,-0.0,-0.00015,0.0026,0.03738,-1.33436,-9e-05,-0.00031,0.00015,-0.01459,-0.00609,-1.35908,10,37.9151,362.8054,38.0268,179.3151,0.3994,-123.3502,0.0092,25.7144,0.8836
118,000118.png,False,1788787630.974019,1788787630.769319,normal_load,2,,1.5427062647145506,-0.01669,0.01653,-1.41901,0.00075,-7e-05,-3e-05,-0.00093,0.02848,-1.3942,0.00019,-0.00038,0.00027,-0.01287,-0.01675,-1.41905,10,37.9165,362.7976,38.0396,179.3166,0.3979,-123.3504,0.0083,25.7271,0.8709
119,000119.png,False,1788787632.006063,1788787631.801363,normal_load,2,,1.6748115355943527,-0.00883,0.04198,-1.57457,0.00011,8e-05,0.00026,0.00716,0.05411,-1.5494,-0.00045,-0.00023,0.00056,-0.01771,0.00673,-1.57504,10,37.9128,362.8152,37.9894,179.3158,0.3986,-123.3506,0.0024,25.6773,0.9207
120,000120.png,False,1788787632.210073,1788787632.005373,normal_load,2,,1.6748115355943527,-0.00766,0.043,-1.61459,8e-05,2e-05,0.00019,0.00837,0.05515,-1.58935,-0.00049,-0.0003,0.00049,-0.01692,0.00755,-1.61508,11,37.9125,362.8232,37.9539,179.3106,0.4042,-123.3513,0.0058,25.6418,0.9562
121,000121.png,False,1788787632.830101,1788787632.625401,normal_load,2,,1.7427865974560093,-0.00693,0.04297,-1.62528,0.00012,6e-05,4e-05,0.00924,0.05523,-1.59982,-0.00046,-0.00026,0.00035,-0.0162,0.00771,-1.62576,11,37.9135,362.8159,37.9583,179.3139,0.4013,-123.3509,0.0095,25.6462,0.9518
122,000122.png,False,1788787633.038107,1788787632.833407,normal_load,2,,1.7427865974560093,-0.00822,0.03908,-1.61137,0.00018,4e-05,-9e-05,0.008,0.05138,-1.58584,-0.00039,-0.00028,0.00022,-0.01547,0.00393,-1.61179,10,37.9151,362.8159,37.9591,179.3142,0.401,-123.3515,0.004,25.6469,0.9511
123,000123.png,False,1788787633.242118,1788787633.037418,normal_load,2,,1.7427865974560093,-0.01726,0.01493,-1.69707,0.00092,-0.00022,-0.00013,-0.00099,0.02727,-1.67146,0.00034,-0.00054,0.00018,-0.01064,-0.02288,-1.69703,10,37.92,362.7812,37.8903,179.3212,0.3936,-123.3515,0.0014,25.5775,1.0205
124,000124.png,False,1788787634.070241,1788787633.865541,normal_load,2,,1.9051271316557434,-0.00745,0.04083,-1.7756,0.00022,-7e-05,0.00014,0.009,0.05331,-1.7497,-0.00036,-0.0004,0.00045,-0.01455,0.0032,-1.77602,11,37.9152,362.8106,37.9067,179.3145,0.401,-123.3515,0.0004,25.5944,1.0036
125,000125.png,False,1788787634.686270,1788787634.481570,normal_load,2,,1.9051271316557434,-0.00085,0.06089,-1.87743,-0.00022,8e-05,0.00015,0.01575,0.07347,-1.85131,-0.00081,-0.00025,0.00046,-0.01814,0.02223,-1.8782,11,37.9137,362.8232,37.87,179.3109,0.4048,-123.3522,0.0087,25.558,1.04
126,000126.png,False,1788787635.102198,1788787634.897498,normal_load,2,,1.9863562606704932,-0.00608,0.04983,-1.84762,8e-05,-2e-05,-4e-05,0.01061,0.06249,-1.82134,-0.00051,-0.00034,0.00028,-0.01735,0.01053,-1.84819,10,37.9145,362.8156,37.8713,179.3127,0.4029,-123.352,0.0026,25.5592,1.0388
127,000127.png,False,1788787635.514218,1788787635.309518,normal_load,2,,1.9863562606704932,-0.01748,0.01662,-2.05623,0.00105,-0.00044,4e-05,-0.0007,0.02935,-2.02981,0.00045,-0.00077,0.00036,-0.00919,-0.02728,-2.05617,10,37.92,362.7891,37.8059,179.3185,0.397,-123.3526,0.0069,25.4933,1.1047
128,000128.png,False,1788787635.926305,1788787635.721605,normal_unload,2,,1.9863562606704932,-0.00699,0.03885,-2.03465,0.00042,-0.0002,7e-05,0.00988,0.05165,-2.00808,-0.00018,-0.00053,0.00039,-0.01136,-0.00244,-2.035,10,37.9186,362.804,37.8109,179.3145,0.4016,-123.3528,0.0032,25.4985,1.0995
129,000129.png,False,1788787636.134315,1788787635.929615,normal_unload,2,,1.8862649404817886,-0.00496,0.04479,-1.99947,0.00027,-0.00019,-3e-05,0.01196,0.05762,-1.97282,-0.00033,-0.00052,0.0003,-0.01281,0.00429,-1.99993,10,37.9169,362.8085,37.818,179.3131,0.403,-123.3526,0.0096,25.5057,1.0923
130,000130.png,False,1788787636.338257,1788787636.133557,normal_unload,2,,1.8862649404817886,-0.00063,0.05047,-1.95361,9e-05,-2e-05,-4e-05,0.01633,0.06334,-1.9269,-0.00051,-0.00035,0.00029,-0.01222,0.0121,-1.95419,10,37.911,362.8414,37.9003,179.301,0.4164,-123.3533,0.0067,25.5886,1.0094
131,000131.png,False,1788787636.546263,1788787636.341563,normal_unload,2,,1.6866922674003375,0.0104,0.07967,-1.70565,-0.00082,0.00039,0.00014,0.02741,0.09257,-1.67886,-0.00142,6e-05,0.00046,-0.01897,0.04688,-1.70679,10,37.9129,362.8353,37.9045,179.3043,0.4129,-123.3531,0.0003,25.5927,1.0053
132,000132.png,False,1788787637.370369,1788787637.165669,normal_unload,2,,1.623698920703373,-0.00551,0.04255,-1.71458,0.0002,1e-05,-4e-05,0.01169,0.05559,-1.6875,-0.00041,-0.00032,0.00029,-0.01415,0.00663,-1.71505,11,37.9087,362.8492,37.9204,179.309,0.4086,-123.3546,0.0056,25.6088,0.9892
133,000133.png,False,1788787637.578315,1788787637.373616,normal_unload,2,,1.5531311955585692,-0.00081,0.05646,-1.67125,-0.00018,0.00012,6e-05,0.01644,0.06954,-1.6441,-0.00079,-0.00022,0.00039,-0.01732,0.02172,-1.67198,10,37.9147,362.8185,37.9259,179.312,0.4058,-123.3546,0.0011,25.6137,0.9843
134,000134.png,False,1788787637.782387,1788787637.577688,normal_unload,2,,1.5531311955585692,-0.00985,0.03212,-1.64982,0.00035,-0.0001,0.0,0.00744,0.04524,-1.62259,-0.00026,-0.00043,0.00033,-0.01315,-0.00353,-1.6501,10,37.9159,362.8072,37.9336,179.3118,0.4059,-123.3541,0.0044,25.6213,0.9767
135,000135.png,False,1788787637.990402,1788787637.785702,normal_unload,2,,1.5531311955585692,-0.0091,0.03684,-1.54813,0.00024,-2e-05,-6e-05,0.00824,0.04999,-1.52083,-0.00038,-0.00036,0.00027,-0.01556,0.00256,-1.54852,11,37.9158,362.803,37.9743,179.3118,0.4062,-123.3548,0.0097,25.6619,0.9361
136,000136.png,False,1788787638.198337,1788787637.993637,normal_unload,2,,1.4237562406268978,-0.01399,0.02245,-1.51786,0.00064,-0.00013,-0.00011,0.00339,0.03563,-1.49048,2e-05,-0.00047,0.00022,-0.01281,-0.01186,-1.51799,10,37.9151,362.8053,37.9745,179.3112,0.4069,-123.3546,0.0028,25.6621,0.9359
137,000137.png,False,1788787638.402352,1788787638.197652,normal_unload,2,,1.4237562406268978,-0.00905,0.03215,-1.47248,0.00037,-3e-05,-6e-05,0.00838,0.04537,-1.44503,-0.00025,-0.00038,0.00028,-0.01369,-0.00026,-1.47279,10,37.9121,362.8314,38.0815,179.3025,0.4163,-123.3557,0.0003,25.7696,0.8284
138,000138.png,False,1788787638.610456,1788787638.405756,normal_unload,2,,1.256141772688329,-0.00454,0.05028,-1.28809,-0.00025,0.00026,-5e-05,0.01294,0.06353,-1.26057,-0.00086,-8e-05,0.00028,-0.02012,0.02064,-1.28875,11,37.9121,362.8242,38.0512,179.3054,0.4133,-123.3551,0.0071,25.7392,0.8588
139,000139.png,False,1788787638.814368,1788787638.609668,normal_unload,2,,1.256141772688329,-0.00679,0.03897,-1.36259,6e-05,0.00011,-0.00015,0.01073,0.05226,-1.335,-0.00056,-0.00023,0.00018,-0.01591,0.00853,-1.36305,10,37.9119,362.8161,38.0245,179.3088,0.4097,-123.355,0.01,25.7123,0.8857
140,000140.png,False,1788787639.434465,1788787639.229765,normal_unload,2,,1.19591697141403,-0.00904,0.03699,-1.27464,6e-05,0.00014,-0.0001,0.00863,0.05039,-1.24683,-0.00056,-0.00021,0.00024,-0.01747,0.0071,-1.27507,10,37.9004,362.8734,38.0983,179.3066,0.4124,-123.3546,0.0071,25.7872,0.8108
141,000141.png,False,1788787639.846501,1788787639.641801,normal_unload,2,,1.1496549638807578,-0.01263,0.02764,-1.24964,0.00037,8e-05,-0.00014,0.00513,0.0411,-1.22168,-0.00026,-0.00026,0.0002,-0.01608,-0.00239,-1.2499,11,37.9113,362.8113,38.0832,179.313,0.4059,-123.355,0.0029,25.771,0.827
142,000142.png,False,1788787640.262501,1788787640.057801,normal_unload,2,,0.9903419313368061,-0.0137,0.02521,-1.08734,0.00029,0.00011,-0.00024,0.00415,0.03875,-1.05923,-0.00035,-0.00024,0.0001,-0.01693,-0.00243,-1.08758,10,37.9116,362.813,38.1412,179.3106,0.4087,-123.355,0.0034,25.8289,0.7691
143,000143.png,False,1788787640.466566,1788787640.261866,normal_unload,2,,0.9903419313368061,-0.01322,0.02355,-1.02215,0.00029,0.00014,-0.00029,0.00468,0.03712,-0.99397,-0.00034,-0.00021,5e-05,-0.01613,-0.00258,-1.02237,11,37.912,362.8118,38.2167,179.308,0.4115,-123.3555,0.0069,25.9045,0.6935
144,000144.png,False,1788787640.878526,1788787640.673826,normal_unload,2,,0.8572078727533267,-0.01367,0.02225,-0.96737,0.00025,0.00017,-0.00011,0.00432,0.03589,-0.93904,-0.00039,-0.00018,0.00023,-0.01625,-0.00306,-0.96758,10,37.9122,362.811,38.1948,179.3103,0.4093,-123.3555,0.0036,25.8825,0.7155
145,000145.png,False,1788787641.086545,1788787640.881845,normal_unload,2,,0.8572078727533267,-0.01621,0.01903,-0.90267,0.00041,0.0002,-0.00016,0.00183,0.03271,-0.87427,-0.00023,-0.00015,0.00019,-0.01729,-0.00608,-0.90283,11,37.9134,362.8016,38.236,179.3125,0.4074,-123.3555,0.0034,25.9236,0.6744
146,000146.png,False,1788787641.498549,1788787641.293849,normal_unload,2,,0.8110006199193265,-0.01523,0.01874,-0.89265,0.00031,0.00017,2e-05,0.0029,0.03249,-0.8641,-0.00034,-0.00018,0.00037,-0.01636,-0.00568,-0.89281,10,37.9107,362.8172,38.2638,179.3147,0.4057,-123.355,0.0065,25.9516,0.6464
147,000147.png,False,1788787641.910507,1788787641.705807,normal_unload,2,,0.7637199629826057,-0.01138,0.02862,-0.86388,6e-05,0.0003,1e-05,0.00684,0.04244,-0.83518,-0.00059,-6e-05,0.00036,-0.01817,0.00527,-0.86422,11,37.9096,362.8168,38.2639,179.3149,0.4058,-123.355,0.0018,25.9517,0.6463
148,000148.png,False,1788787642.118516,1788787641.913816,normal_unload,2,,0.6103342884399069,-0.00372,0.04532,-0.67176,-0.00041,0.0006,-5e-05,0.01456,0.05918,-0.64299,-0.00106,0.00024,0.0003,-0.02121,0.02664,-0.67243,10,37.9069,362.8388,38.3648,179.308,0.4131,-123.3562,0.0054,26.053,0.545
149,000149.png,False,1788787642.942647,1788787642.737947,normal_unload,2,,0.5634794145479759,-0.01872,0.00382,-0.66126,0.00064,0.00025,2e-05,-0.00027,0.01781,-0.63219,-2e-05,-0.00011,0.00037,-0.01354,-0.01664,-0.66118,10,37.9123,362.8073,38.3819,179.3131,0.4083,-123.3559,0.0001,26.0696,0.5284
150,000150.png,False,1788787643.358664,1788787643.153964,normal_unload,2,,0.5077662642963503,-0.01217,0.02241,-0.60822,0.00016,0.0005,5e-05,0.00639,0.03648,-0.579,-0.00049,0.00014,0.00041,-0.01752,0.00358,-0.60849,10,37.9097,362.8225,38.4178,179.3146,0.4067,-123.3568,0.0068,26.1056,0.4924
151,000151.png,False,1788787643.770687,1788787643.565987,normal_unload,2,,0.34975477909548824,-0.0119,0.0251,-0.40395,-3e-05,0.00063,-0.00012,0.00675,0.03924,-0.37459,-0.00069,0.00026,0.00023,-0.02004,0.00932,-0.4043,11,37.908,362.8329,38.5214,179.3083,0.4137,-123.3568,0.002,26.2095,0.3885
152,000152.png,False,1788787644.182688,1788787643.977988,normal_unload,2,,0.34975477909548824,-0.0204,0.00061,-0.40949,0.00059,0.00037,9e-05,-0.00166,0.01482,-0.37999,-7e-05,0.0,0.00045,-0.01513,-0.01623,-0.4094,10,37.9115,362.8041,38.5501,179.315,0.4063,-123.3568,0.0056,26.2376,0.3604
153,000153.png,False,1788787644.390702,1788787644.186002,normal_unload,2,,0.2920551080409922,-0.01891,0.00111,-0.3944,0.00052,0.00039,-3e-05,-0.00012,0.01536,-0.36482,-0.00014,3e-05,0.00033,-0.0142,-0.0148,-0.39432,11,37.9121,362.8066,38.5535,179.3149,0.4067,-123.357,0.0078,26.2411,0.3569
154,000154.png,False,1788787644.594732,1788787644.390032,normal_unload,2,,0.2920551080409922,-0.01453,0.01264,-0.36129,0.0002,0.00054,-0.00012,0.0043,0.02692,-0.33164,-0.00047,0.00017,0.00024,-0.0164,-0.0021,-0.36143,10,37.9101,362.8238,38.5994,179.3183,0.404,-123.3572,0.0069,26.2873,0.3107
155,000155.png,False,1788787645.006733,1788787644.802033,normal_unload,2,,0.21987914967585878,-0.01782,0.00155,-0.31828,0.00046,0.00041,-0.00011,0.00111,0.0159,-0.28848,-0.00021,4e-05,0.00025,-0.014,-0.01266,-0.31822,10,37.9111,362.8084,38.607,179.3176,0.4045,-123.3572,0.002,26.2946,0.3034
156,000156.png,False,1788787645.214736,1788787645.010036,normal_unload,2,,0.14000008219077245,-0.00734,0.0267,-0.17106,-0.00019,0.00088,-7e-05,0.01163,0.04109,-0.14118,-0.00087,0.00051,0.00029,-0.01851,0.01672,-0.17148,10,37.9082,362.8415,38.7537,179.3086,0.4155,-123.3571,0.0086,26.4419,0.1561
157,000157.png,False,1788787645.422740,1788787645.218040,normal_unload,2,,0.14000008219077245,-0.01359,0.009,-0.22316,0.00026,0.00065,-2e-05,0.00543,0.02342,-0.19322,-0.00042,0.00028,0.00035,-0.01472,-0.00257,-0.22326,10,37.9118,362.824,38.6976,179.3155,0.4082,-123.3577,0.0048,26.3855,0.2125
158,000158.png,False,1788787646.042800,1788787645.838100,normal_unload,2,,0.08969027477976965,-0.0192,-0.0042,-0.18792,0.0005,0.00049,-8e-05,-4e-05,0.01032,-0.15775,-0.00018,0.00011,0.00029,-0.01323,-0.01625,-0.18778,10,37.9129,362.8046,38.7462,179.3205,0.403,-123.3581,0.0084,26.4337,0.1643
159,000159.png,False,1788787646.658833,1788787646.454133,normal_unload,2,,0.0,-0.01589,0.00358,-0.07036,0.00026,0.00062,-0.00033,0.00341,0.01821,-0.03998,-0.00042,0.00025,4e-05,-0.01506,-0.00597,-0.07038,10,37.9094,362.817,38.9125,179.3202,0.4033,-123.3583,0.0022,26.6002,-0.0022
160,000160.png,False,1788787647.486907,1788787647.282207,dwell,2,,0.0,-0.01998,-0.00942,-0.079,0.00058,0.00052,-0.00021,-0.00049,0.00536,-0.04832,-0.00011,0.00014,0.00016,-0.01205,-0.01941,-0.07878,10,37.9114,362.8017,38.9034,179.3239,0.3994,-123.3585,0.0075,26.5908,0.0072
161,000161.png,False,1788787648.106811,1788787647.902111,normal_load,3,,0.1800900808133747,-0.01889,-0.00559,-0.07368,0.00041,0.0006,-0.00017,0.00074,0.00929,-0.04277,-0.00029,0.00022,0.0002,-0.01306,-0.01546,-0.07353,10,37.9102,362.8119,38.9127,179.3212,0.4025,-123.3587,0.0083,26.6003,-0.0023
162,000162.png,False,1788787648.930964,1788787648.726264,normal_load,3,,0.1800900808133747,-0.01653,0.00148,-0.08762,0.00024,0.00062,-0.00029,0.00328,0.0165,-0.05642,-0.00046,0.00023,9e-05,-0.01445,-0.00838,-0.0876,10,37.9059,362.8309,38.881,179.3187,0.4052,-123.3589,0.0066,26.569,0.029
163,000163.png,False,1788787649.342937,1788787649.138237,normal_load,3,,0.19402755303685526,-0.01907,0.00015,-0.11097,0.00038,0.00067,-0.0001,0.00084,0.01524,-0.07963,-0.00032,0.00028,0.00028,-0.01582,-0.01118,-0.11092,10,37.9081,362.827,38.8805,179.3199,0.4039,-123.3592,0.0054,26.5684,0.0296
164,000164.png,False,1788787649.550927,1788787649.346227,normal_load,3,,0.2523161886893831,-0.02122,-0.00821,-0.1294,0.00061,0.00056,-0.00025,-0.00127,0.00691,-0.09799,-0.0001,0.00017,0.00013,-0.01338,-0.01979,-0.1292,11,37.9148,362.7817,38.7978,179.329,0.3943,-123.3595,0.0077,26.4849,0.1131
165,000165.png,False,1788787649.962955,1788787649.758255,normal_load,3,,0.2523161886893831,-0.01299,0.00945,-0.16018,0.00015,0.00069,-0.00031,0.00706,0.02465,-0.12861,-0.00056,0.0003,7e-05,-0.01486,-0.00087,-0.16029,10,37.9039,362.8446,38.7735,179.3242,0.3997,-123.36,0.0032,26.4618,0.1362
166,000166.png,False,1788787650.787005,1788787650.582305,normal_load,3,,0.29706062872612904,-0.01552,0.00041,-0.17642,0.00041,0.00063,-0.00036,0.00472,0.01575,-0.14457,-0.00031,0.00023,3e-05,-0.01242,-0.01023,-0.17637,11,37.9093,362.8237,38.7658,179.3256,0.3992,-123.36,0.0038,26.4537,0.1443
167,000167.png,False,1788787650.994985,1788787650.790285,normal_load,3,,0.3645676571406653,-0.0191,-0.00736,-0.21986,0.00058,0.00057,-0.00032,0.00118,0.00802,-0.18793,-0.00014,0.00017,7e-05,-0.01134,-0.01944,-0.21966,10,37.9141,362.806,38.7004,179.3259,0.3998,-123.3609,0.0035,26.388,0.21
168,000168.png,False,1788787651.203066,1788787650.998366,normal_load,3,,0.3645676571406653,-0.01692,-0.00463,-0.26015,0.0006,0.00063,-0.00028,0.00341,0.01078,-0.22814,-0.00012,0.00023,0.00011,-0.01054,-0.01663,-0.25999,10,37.914,362.8129,38.6994,179.3262,0.3994,-123.3611,0.0029,26.387,0.211
169,000169.png,False,1788787651.406935,1788787651.202235,normal_load,3,,0.3645676571406653,-0.01541,-0.00222,-0.30272,0.00054,0.00059,-0.0002,0.00496,0.01323,-0.27064,-0.00018,0.00019,0.00019,-0.01014,-0.01447,-0.3026,11,37.9145,362.8092,38.6405,179.3306,0.3955,-123.3608,0.0057,26.3281,0.2699
170,000170.png,False,1788787651.818946,1788787651.614246,normal_load,3,,0.3645676571406653,-0.01838,-0.00862,-0.32313,0.00072,0.00054,-0.00025,0.00208,0.0069,-0.29091,-1e-05,0.00014,0.00014,-0.00938,-0.02182,-0.3229,10,37.9155,362.803,38.6435,179.3292,0.3969,-123.3609,0.0042,26.331,0.267
171,000171.png,False,1788787652.647079,1788787652.442379,normal_load,3,,0.44353987047942667,-0.00781,0.02089,-0.33887,1e-05,0.00078,-0.00043,0.01284,0.03655,-0.30636,-0.00072,0.00038,-3e-05,-0.01485,0.00876,-0.33917,11,37.9083,362.8445,38.6197,179.3193,0.4073,-123.3622,0.0027,26.308,0.29
172,000172.png,False,1788787653.059127,1788787652.854427,normal_load,3,,0.452173945191339,-0.01381,0.00637,-0.3594,0.00037,0.00061,-0.00045,0.00694,0.0221,-0.32674,-0.00037,0.00021,-5e-05,-0.01265,-0.00714,-0.35943,10,37.9099,362.8239,38.5978,179.3196,0.4073,-123.3627,0.0003,26.2857,0.3123
173,000173.png,False,1788787654.091053,1788787653.886353,normal_load,3,,0.5216591871145966,-0.01591,0.00723,-0.44678,0.0004,0.00058,-0.00033,0.00507,0.02313,-0.41375,-0.00034,0.00017,7e-05,-0.0143,-0.00885,-0.4468,11,37.9075,362.8228,38.5428,179.3198,0.4071,-123.3631,0.0023,26.2307,0.3673
174,000174.png,False,1788787654.299061,1788787654.094361,normal_load,3,,0.5216591871145966,-0.01912,-0.00075,-0.47969,0.00057,0.00048,-0.0003,0.00191,0.01519,-0.44659,-0.00017,7e-05,0.00011,-0.01286,-0.01789,-0.47957,10,37.9109,362.811,38.5144,179.3222,0.4046,-123.3631,0.004,26.2021,0.3959
175,000175.png,False,1788787655.123178,1788787654.918478,normal_load,3,,0.6046389346425428,-0.01681,0.00661,-0.50981,0.00045,0.00056,-0.00023,0.0044,0.0227,-0.47641,-0.00031,0.00014,0.00018,-0.01433,-0.01084,-0.50981,10,37.909,362.8165,38.5044,179.3202,0.4069,-123.3629,0.0032,26.1922,0.4058
176,000176.png,False,1788787655.331195,1788787655.126495,normal_load,3,,0.6046389346425428,-0.01391,0.00974,-0.55498,0.00034,0.00053,-0.00033,0.00735,0.02587,-0.52151,-0.00042,0.00011,8e-05,-0.01307,-0.0074,-0.55504,10,37.9079,362.83,38.4488,179.3171,0.4109,-123.3631,0.0097,26.1368,0.4612
177,000177.png,False,1788787656.155226,1788787655.950526,normal_load,3,,0.7021926212745399,-0.01638,0.00823,-0.58528,0.00045,0.00061,-0.00031,0.00507,0.02449,-0.55151,-0.00031,0.00019,0.0001,-0.01424,-0.01043,-0.5853,10,37.91,362.8219,38.457,179.3195,0.409,-123.3629,0.0074,26.1448,0.4532
178,000178.png,False,1788787656.363233,1788787656.158533,normal_load,3,,0.741410086420396,-0.01922,-0.00149,-0.61064,0.00067,0.00049,-0.0004,0.00227,0.01481,-0.5768,-9e-05,7e-05,1e-05,-0.01167,-0.02068,-0.61048,10,37.9128,362.8086,38.4179,179.3222,0.4064,-123.3631,0.0065,26.1056,0.4924
179,000179.png,False,1788787656.567164,1788787656.362464,normal_load,3,,0.741410086420396,-0.01854,2e-05,-0.64038,0.00066,0.00046,-0.0004,0.003,0.01635,-0.60647,-0.00011,4e-05,1e-05,-0.01163,-0.01951,-0.64025,11,37.9124,362.8074,38.4153,179.3225,0.4064,-123.3631,0.0042,26.103,0.495
180,000180.png,False,1788787656.979263,1788787656.774563,normal_load,3,,0.741410086420396,-0.01328,0.01378,-0.73329,0.00031,0.00056,-0.00023,0.00835,0.03018,-0.69923,-0.00045,0.00014,0.00019,-0.0133,-0.00645,-0.73339,10,37.9109,362.8217,38.373,179.323,0.4066,-123.3633,0.0008,26.0609,0.5371
181,000181.png,False,1788787657.599282,1788787657.394582,normal_load,3,,0.8351073136709886,-0.01694,0.01067,-0.73157,0.00048,0.00055,-0.00027,0.00483,0.02718,-0.69729,-0.00029,0.00013,0.00015,-0.01493,-0.01095,-0.73161,10,37.9115,362.8183,38.3678,179.3221,0.4075,-123.3633,0.0074,26.0556,0.5424
182,000182.png,False,1788787657.807329,1788787657.602629,normal_load,3,,0.8351073136709886,-0.01925,0.00417,-0.79265,0.00064,0.0004,-0.00038,0.00257,0.02071,-0.7583,-0.00013,-2e-05,4e-05,-0.01326,-0.01871,-0.79257,11,37.911,362.809,38.3001,179.3216,0.4086,-123.3638,0.0079,25.9878,0.6102
183,000183.png,False,1788787658.011307,1788787657.806607,normal_load,3,,0.8351073136709886,-0.01946,0.00981,-0.87427,0.0005,0.0003,-0.00019,0.0024,0.02639,-0.83984,-0.00027,-0.00013,0.00023,-0.0157,-0.01524,-0.87426,10,37.9076,362.8139,38.3024,179.3218,0.4081,-123.3633,0.0052,25.9902,0.6078
184,000184.png,False,1788787658.427289,1788787658.222589,normal_load,3,,0.9818394361245169,-0.0173,0.01173,-0.82276,0.00048,0.00043,-0.00047,0.00466,0.02838,-0.78819,-0.0003,0.0,-5e-05,-0.01514,-0.01167,-0.82281,11,37.908,362.817,38.3094,179.3225,0.4076,-123.3631,0.008,25.9972,0.6008
185,000185.png,False,1788787659.043401,1788787658.838701,normal_load,3,,0.9647048178008389,-0.01854,0.00859,-0.87022,0.00056,0.00038,-0.00048,0.00356,0.02534,-0.83543,-0.00023,-5e-05,-6e-05,-0.01432,-0.01577,-0.8702,10,37.9085,362.8148,38.2854,179.3239,0.4065,-123.3633,0.0046,25.9732,0.6248
186,000186.png,False,1788787659.871383,1788787659.666683,normal_load,3,,1.0408871199751075,-0.01651,0.01577,-0.9371,0.00041,0.00037,-0.00036,0.00577,0.03267,-0.90201,-0.00038,-7e-05,7e-05,-0.01569,-0.0096,-0.9372,10,37.9075,362.8194,38.253,179.3228,0.4076,-123.3633,0.0029,25.9409,0.6571
187,000187.png,False,1788787660.075404,1788787659.870704,normal_load,3,,1.0408871199751075,-0.01602,0.0164,-0.95009,0.00041,0.0004,-0.00027,0.00631,0.03333,-0.91493,-0.00038,-3e-05,0.00015,-0.01548,-0.00902,-0.9502,10,37.908,362.8167,38.2529,179.3228,0.4076,-123.3633,0.0004,25.9408,0.6572
188,000188.png,False,1788787660.283325,1788787660.078625,normal_load,3,,1.0408871199751075,-0.01877,0.01067,-0.99928,0.00063,0.00034,-0.0003,0.00361,0.02764,-0.96404,-0.00017,-0.0001,0.00013,-0.01466,-0.01614,-0.99927,10,37.9087,362.8194,38.1888,179.3212,0.4094,-123.3633,0.0028,25.8767,0.7213
189,000189.png,False,1788787660.491422,1788787660.286722,normal_load,3,,1.0408871199751075,-0.0185,0.01489,-1.10919,0.00054,0.00029,-0.00026,0.00392,0.03189,-1.07388,-0.00026,-0.00015,0.00017,-0.01578,-0.01412,-1.10924,10,37.9098,362.8144,38.1843,179.3225,0.4076,-123.3635,0.0098,25.8721,0.7259
190,000190.png,False,1788787660.903468,1788787660.698768,normal_load,3,,1.2083362928798125,-0.01724,0.01238,-1.08803,0.00063,0.00035,-0.0002,0.00528,0.02946,-1.05258,-0.00017,-9e-05,0.00023,-0.01358,-0.01532,-1.08805,10,37.9113,362.8137,38.1957,179.3236,0.4078,-123.3636,0.0014,25.8835,0.7145
191,000191.png,False,1788787662.143486,1788787661.938786,normal_load,3,,1.1872764147497237,-0.01215,0.02041,-1.09989,0.00042,0.00043,-0.00035,0.01065,0.0377,-1.064,-0.00039,-1e-05,8e-05,-0.0131,-0.00601,-1.10006,10,37.9137,362.8094,38.1703,179.323,0.4093,-123.3638,0.0029,25.8579,0.7401
192,000192.png,False,1788787662.555542,1788787662.350842,normal_load,3,,1.1872764147497237,-0.0178,-0.00232,-1.2942,0.00108,0.0002,-0.00036,0.00509,0.01504,-1.25816,0.00027,-0.00025,8e-05,-0.00529,-0.03163,-1.29393,10,37.9167,362.7992,38.1011,179.324,0.4099,-123.3638,0.0082,25.7887,0.8093
193,000193.png,False,1788787662.967530,1788787662.762830,normal_load,3,,1.383863906095553,-0.00167,0.04252,-1.21981,-0.00011,0.00062,-0.00038,0.02132,0.05995,-1.18362,-0.00092,0.00017,6e-05,-0.01423,0.01645,-1.22036,11,37.9103,362.8331,38.1234,179.3229,0.4107,-123.3638,0.0007,25.8115,0.7865
194,000194.png,False,1788787663.175537,1788787662.970837,normal_load,3,,1.383863906095553,-0.00683,0.02516,-1.2006,0.00031,0.00051,-0.00047,0.01621,0.04262,-1.16434,-0.0005,5e-05,-3e-05,-0.01016,-0.00085,-1.20084,10,37.9128,362.8235,38.1244,179.3237,0.4099,-123.3642,0.0068,25.8124,0.7856
195,000195.png,False,1788787663.379545,1788787663.174845,normal_load,3,,1.383863906095553,-0.0151,0.00692,-1.27781,0.00086,0.00027,-0.00028,0.00798,0.02442,-1.24148,4e-05,-0.00018,0.00016,-0.00768,-0.02202,-1.27771,10,37.9157,362.8041,38.0939,179.3256,0.4078,-123.3651,0.0049,25.7815,0.8165
196,000196.png,False,1788787664.207592,1788787664.002892,normal_load,3,,1.3992964050561882,-0.01134,0.0196,-1.32478,0.00063,0.00038,-0.00025,0.01193,0.03725,-1.28815,-0.0002,-8e-05,0.0002,-0.01043,-0.00991,-1.32489,11,37.9143,362.815,38.0839,179.3228,0.4108,-123.3649,0.0081,25.7717,0.8263
197,000197.png,False,1788787664.619630,1788787664.414930,normal_load,3,,1.3992964050561882,-0.01039,0.01977,-1.40873,0.00057,0.00034,-0.00029,0.01297,0.03748,-1.37196,-0.00026,-0.00012,0.00015,-0.00911,-0.01064,-1.40884,10,37.9137,362.8143,38.0507,179.3201,0.4137,-123.3651,0.0027,25.7385,0.8595
198,000198.png,False,1788787665.239625,1788787665.034925,normal_load,3,,1.502223658708607,-0.01324,0.01548,-1.36224,0.00076,0.00033,-0.00045,0.01026,0.03329,-1.32524,-7e-05,-0.00013,-0.0,-0.00975,-0.01503,-1.36228,10,37.9164,362.8116,38.0573,179.3223,0.4119,-123.3653,0.0071,25.7451,0.8529
199,000199.png,False,1788787665.443679,1788787665.238979,normal_load,3,,1.502223658708607,-0.01738,0.00241,-1.46169,0.0011,0.00014,-0.00035,0.00616,0.02027,-1.42462,0.00027,-0.00032,0.0001,-0.00613,-0.03001,-1.46147,10,37.9197,362.7915,37.983,179.3295,0.404,-123.3661,0.0095,25.6703,0.9277
200,000200.png,False,1788787665.651660,1788787665.446960,normal_load,3,,1.502223658708607,-0.01889,0.00021,-1.57352,0.00117,6e-05,-0.00027,0.0047,0.0181,-1.53637,0.00034,-0.0004,0.00018,-0.00556,-0.03446,-1.57324,10,37.9185,362.7972,37.9889,179.3276,0.4061,-123.3657,0.003,25.6764,0.9216
201,000201.png,False,1788787666.271711,1788787666.067011,normal_load,3,,1.6751598708994124,-0.00959,0.02292,-1.52124,0.0006,0.0003,-0.00019,0.01414,0.04091,-1.48387,-0.00025,-0.00016,0.00026,-0.00921,-0.00931,-1.52139,10,37.9151,362.8135,38.0065,179.3219,0.4124,-123.3658,0.0071,25.6943,0.9037
202,000202.png,False,1788787667.303771,1788787667.099072,normal_load,3,,1.7149386946627374,-0.00724,0.02314,-1.55949,0.00057,0.00036,-0.00055,0.01672,0.04131,-1.52176,-0.00028,-0.00011,-9e-05,-0.00702,-0.00856,-1.55964,10,37.9158,362.8173,37.9735,179.3205,0.4147,-123.3671,0.0007,25.6614,0.9366
203,000203.png,False,1788787667.919800,1788787667.715100,normal_load,3,,1.7149386946627374,-0.0173,0.00306,-1.75472,0.00119,-1e-05,-0.00048,0.0068,0.02134,-1.71676,0.00034,-0.00048,-2e-05,-0.00435,-0.03411,-1.75447,10,37.9197,362.7968,37.9068,179.3252,0.4107,-123.3677,0.0098,25.5943,1.0037
204,000204.png,False,1788787668.127757,1788787667.923057,normal_load,3,,1.8666853353691153,-0.01467,0.01305,-1.75071,0.00098,0.00017,-0.00046,0.00948,0.03137,-1.71269,0.00013,-0.00031,0.0,-0.00709,-0.02407,-1.75064,11,37.9166,362.8043,37.9087,179.3228,0.413,-123.3675,0.0032,25.5963,1.0017
205,000205.png,False,1788787668.335804,1788787668.131104,normal_load,3,,1.8666853353691153,-0.01457,0.02278,-1.73527,0.00075,0.00015,-0.00045,0.00963,0.04113,-1.69717,-0.00011,-0.00032,2e-05,-0.01197,-0.01535,-1.73537,10,37.9134,362.8083,37.9145,179.3219,0.4142,-123.3671,0.0031,25.6023,0.9957
206,000206.png,False,1788787669.367814,1788787669.163114,normal_load,3,,1.9396098246827422,-0.01606,0.03713,-1.83718,0.0004,7e-05,-0.00022,0.00837,0.05566,-1.79871,-0.00047,-0.0004,0.00025,-0.01973,-0.0053,-1.83751,11,37.907,362.8172,37.8829,179.3195,0.417,-123.3662,0.006,25.5708,1.0272
207,000207.png,False,1788787669.779871,1788787669.575171,normal_load,3,,1.9396098246827422,-0.02205,0.01582,-1.89053,0.00097,-0.00014,-0.00024,0.00248,0.03442,-1.85192,0.0001,-0.00062,0.00023,-0.0139,-0.0276,-1.89048,10,37.9101,362.8029,37.865,179.3209,0.4159,-123.366,0.004,25.5526,1.0454
208,000208.png,False,1788787669.983890,1788787669.779190,normal_load,3,,1.9396098246827422,-0.01988,0.02396,-1.89977,0.00082,-7e-05,-0.00025,0.00469,0.04259,-1.86109,-5e-05,-0.00055,0.00021,-0.01602,-0.01962,-1.89986,10,37.9102,362.8074,37.8586,179.3201,0.4164,-123.3662,0.0011,25.5463,1.0517
209,000209.png,False,1788787670.191767,1788787669.987067,normal_load,3,,1.9844423558342443,-0.01589,0.02913,-1.93801,0.00061,-4e-05,-0.0002,0.00873,0.0478,-1.89925,-0.00026,-0.00052,0.00027,-0.01489,-0.01375,-1.93819,10,37.9089,362.8112,37.8457,179.3194,0.4175,-123.3662,0.0057,25.5335,1.0645
210,000210.png,False,1788787670.603789,1788787670.399089,normal_load,3,,2.0,-0.01709,0.03045,-1.95768,0.00069,3e-05,-0.00029,0.00762,0.04919,-1.91877,-0.00019,-0.00045,0.00018,-0.01645,-0.01353,-1.95787,10,37.9088,362.8097,37.8397,179.3195,0.417,-123.3662,0.0051,25.5275,1.0705
211,000211.png,False,1788787670.811821,1788787670.607121,normal_load,3,,2.0,-0.02189,0.02345,-2.17876,0.00099,-0.00023,-0.00028,0.00287,0.04222,-2.13978,0.00011,-0.00071,0.0002,-0.01557,-0.02553,-2.17879,11,37.9119,362.8007,37.7588,179.3236,0.4131,-123.3662,0.0016,25.4464,1.1516
212,000212.png,False,1788787671.015809,1788787670.811109,normal_load,3,,2.0,-0.01949,0.02242,-2.19133,0.00101,-0.00022,-0.00022,0.00532,0.04122,-2.15228,0.00013,-0.00071,0.00026,-0.01289,-0.02543,-2.19135,10,37.9109,362.8057,37.7764,179.3221,0.4147,-123.3662,0.0037,25.4641,1.1339
213,000213.png,False,1788787671.223813,1788787671.019113,normal_unload,3,,2.0,-0.01783,0.03162,-2.08983,0.0007,-7e-05,-0.00022,0.00702,0.05046,-2.0507,-0.00018,-0.00056,0.00026,-0.01676,-0.015,-2.09003,10,37.9092,362.8108,37.8036,179.3197,0.4169,-123.3658,0.01,25.4914,1.1066
214,000214.png,False,1788787671.431914,1788787671.227214,normal_unload,3,,1.8860681944676798,-0.01642,0.03183,-2.00492,0.0006,-8e-05,-0.00035,0.00848,0.05071,-1.96572,-0.00028,-0.00056,0.00013,-0.01623,-0.01276,-2.00513,10,37.9096,362.811,37.8179,179.3194,0.4172,-123.3662,0.0032,25.5057,1.0923
215,000215.png,False,1788787671.635835,1788787671.431135,normal_unload,3,,1.8860681944676798,-0.01637,0.03185,-1.97594,0.00058,-3e-05,-0.00028,0.00857,0.05077,-1.93667,-0.0003,-0.00052,0.00019,-0.0164,-0.01224,-1.97616,10,37.9107,362.8112,37.8277,179.3188,0.4178,-123.3662,0.0034,25.5155,1.0825
216,000216.png,False,1788787671.843841,1788787671.639141,normal_unload,3,,1.6559576480091236,-0.00804,0.04958,-1.61987,-4e-05,0.00036,-0.00034,0.01695,0.06853,-1.58052,-0.00092,-0.00013,0.00014,-0.02051,0.01298,-1.62047,10,37.9052,362.8289,37.9326,179.3117,0.4253,-123.3659,0.0036,25.6207,0.9773
217,000217.png,False,1788787672.047963,1788787671.843263,normal_unload,3,,1.6559576480091236,-0.0156,0.03272,-1.74687,0.0005,0.00022,-0.00025,0.00944,0.05171,-1.70745,-0.00039,-0.00027,0.00023,-0.01775,-0.00744,-1.74714,11,37.9094,362.8148,37.8871,179.3168,0.4202,-123.366,0.0067,25.575,1.023
218,000218.png,False,1788787672.255859,1788787672.051159,normal_unload,3,,1.6559576480091236,-0.02195,0.01733,-1.75609,0.00089,3e-05,-0.00023,0.00314,0.03635,-1.71659,-0.0,-0.00046,0.00025,-0.01549,-0.02409,-1.75608,10,37.9109,362.8048,37.9167,179.3183,0.4183,-123.366,0.0068,25.6044,0.9936
219,000219.png,False,1788787673.079904,1788787672.875204,normal_unload,3,,1.5599028982339518,-0.03021,-0.01184,-1.65734,0.00165,-0.00018,-0.00038,-0.00494,0.00732,-1.61756,0.00075,-0.00068,0.0001,-0.00877,-0.0519,-1.65683,10,37.9138,362.7884,37.9372,179.3219,0.4145,-123.3658,0.0084,25.6246,0.9734
220,000220.png,False,1788787673.287904,1788787673.083204,normal_unload,3,,1.5599028982339518,-0.00206,0.06402,-1.53922,-0.00047,0.00063,-0.00042,0.02326,0.08322,-1.49936,-0.00136,0.00014,7e-05,-0.0231,0.02976,-1.54009,11,37.904,362.8446,37.9798,179.32,0.4172,-123.3658,0.0084,25.6682,0.9298
221,000221.png,False,1788787673.495913,1788787673.291213,normal_unload,3,,1.424384041947701,-0.00815,0.04423,-1.52699,-2e-05,0.00044,-0.00038,0.01722,0.06346,-1.48706,-0.00092,-6e-05,0.0001,-0.01857,0.00977,-1.52751,10,37.9078,362.8301,37.9757,179.3209,0.4166,-123.366,0.0019,25.6638,0.9342
222,000222.png,False,1788787673.699923,1788787673.495223,normal_unload,3,,1.424384041947701,-0.01744,0.01954,-1.46706,0.00064,0.00031,-0.00056,0.00797,0.03881,-1.42705,-0.00026,-0.00019,-7e-05,-0.0147,-0.01529,-1.46714,10,37.9099,362.8178,38.0895,179.3136,0.4243,-123.3661,0.0002,25.7773,0.8207
223,000223.png,False,1788787673.907937,1788787673.703237,normal_unload,3,,1.2376766185287493,-0.01524,0.01863,-1.24306,0.00055,0.00041,-0.00054,0.01022,0.03793,-1.20298,-0.00035,-9e-05,-5e-05,-0.01389,-0.01139,-1.24316,11,37.9106,362.8182,38.0628,179.3152,0.4229,-123.3656,0.0065,25.7507,0.8473
224,000224.png,False,1788787674.528049,1788787674.323349,normal_unload,3,,1.144628280733599,-0.02277,0.00085,-1.26089,0.00108,0.00024,-0.00061,0.00283,0.02026,-1.22058,0.00017,-0.00026,-0.00012,-0.0114,-0.03083,-1.26067,11,37.9129,362.8046,38.0719,179.321,0.4167,-123.366,0.0016,25.7596,0.8384
225,000225.png,False,1788787674.731977,1788787674.527277,normal_unload,3,,1.144628280733599,-0.01961,0.01238,-1.23999,0.00073,0.0004,-0.00071,0.00603,0.03182,-1.19961,-0.00018,-0.0001,-0.00022,-0.01458,-0.01894,-1.23998,10,37.9095,362.8284,38.0871,179.3209,0.4166,-123.366,0.004,25.7751,0.8229
226,000226.png,False,1788787675.143989,1788787674.939289,normal_unload,3,,1.104799177503105,-0.02096,0.00826,-1.21167,0.00085,0.00036,-0.00059,0.00477,0.02778,-1.17115,-6e-05,-0.00014,-9e-05,-0.01389,-0.02273,-1.21159,10,37.9121,362.8086,38.0972,179.3227,0.4147,-123.366,0.0072,25.7849,0.8131
227,000227.png,False,1788787675.351996,1788787675.147296,normal_unload,3,,1.104799177503105,-0.01625,0.01911,-1.05933,0.00042,0.0006,-0.00059,0.00953,0.03866,-1.01873,-0.00049,0.0001,-0.0001,-0.01628,-0.00854,-1.05947,10,37.9114,362.8156,38.1714,179.32,0.4178,-123.366,0.0058,25.8593,0.7387
228,000228.png,False,1788787675.560024,1788787675.355325,normal_unload,3,,0.9567844049625364,-0.01994,0.00897,-1.03658,0.00081,0.00054,-0.00051,0.00589,0.02856,-0.99591,-0.0001,3e-05,-2e-05,-0.01457,-0.0188,-1.03654,10,37.9113,362.8161,38.1699,179.3202,0.418,-123.366,0.0007,25.8577,0.7403
229,000229.png,False,1788787675.764116,1788787675.559416,normal_unload,3,,0.9567844049625364,-0.01995,0.00462,-1.03615,0.00087,0.00053,-0.00046,0.00593,0.02425,-0.99541,-5e-05,2e-05,3e-05,-0.01241,-0.02256,-1.03604,10,37.9156,362.7925,38.221,179.3211,0.417,-123.3662,0.0031,25.9084,0.6896
230,000230.png,False,1788787676.180031,1788787675.975331,normal_unload,3,,0.8312761497298482,-0.02097,0.00223,-0.93488,0.0008,0.0005,-0.0005,0.005,0.02192,-0.89398,-0.00012,-1e-05,0.0,-0.0128,-0.02352,-0.93473,10,37.9129,362.8142,38.221,179.3203,0.4184,-123.3663,0.0044,25.9088,0.6892
231,000231.png,False,1788787676.384042,1788787676.179342,normal_unload,3,,0.8312761497298482,-0.01671,0.01329,-0.87479,0.00053,0.00068,-0.00046,0.00931,0.03302,-0.83383,-0.00039,0.00017,3e-05,-0.01505,-0.01085,-0.87486,10,37.9112,362.8224,38.2693,179.3197,0.419,-123.3663,0.0018,25.9572,0.6408
232,000232.png,False,1788787676.796160,1788787676.591460,normal_unload,3,,0.7455977939416982,-0.01796,0.00772,-0.83143,0.00064,0.00062,-0.00054,0.00816,0.02752,-0.79032,-0.00029,0.00011,-4e-05,-0.01364,-0.01561,-0.8314,10,37.9106,362.8239,38.3025,179.3199,0.4186,-123.3665,0.0075,25.9905,0.6075
233,000233.png,False,1788787677.212160,1788787677.007460,normal_unload,3,,0.6269643893830307,-0.02062,0.00138,-0.73073,0.00075,0.0006,-0.00058,0.00558,0.02125,-0.68947,-0.00018,9e-05,-7e-05,-0.01349,-0.02082,-0.7306,10,37.9123,362.8161,38.3249,179.32,0.4187,-123.3665,0.0,26.0127,0.5853
234,000234.png,False,1788787677.416185,1788787677.211485,normal_unload,3,,0.6269643893830307,-0.01955,0.00471,-0.6569,0.00059,0.00066,-0.00067,0.0067,0.02461,-0.61557,-0.00034,0.00015,-0.00017,-0.01473,-0.01621,-0.65684,10,37.9114,362.8207,38.3782,179.3193,0.4195,-123.3671,0.0054,26.066,0.532
235,000235.png,False,1788787677.624171,1788787677.419471,normal_unload,3,,0.526113395824359,-0.02012,0.00088,-0.61741,0.00061,0.00067,-0.00071,0.00618,0.02083,-0.576,-0.00032,0.00016,-0.00021,-0.01359,-0.01918,-0.61729,10,37.9127,362.8168,38.3761,179.32,0.419,-123.3673,0.0011,26.0638,0.5342
236,000236.png,False,1788787677.828230,1788787677.623530,normal_unload,3,,0.526113395824359,-0.01844,0.00285,-0.63628,0.0007,0.00071,-0.0005,0.0079,0.02283,-0.5948,-0.00024,0.0002,1e-05,-0.01299,-0.01694,-0.63619,11,37.9121,362.819,38.386,179.3197,0.419,-123.3671,0.0036,26.0738,0.5242
237,000237.png,False,1788787678.244142,1788787678.039442,normal_unload,3,,0.42803408181787006,-0.02351,-0.00732,-0.53012,0.00089,0.00077,-0.00062,0.00292,0.01273,-0.48849,-5e-05,0.00025,-0.00011,-0.01304,-0.02658,-0.52986,10,37.9137,362.8116,38.4434,179.3212,0.4178,-123.3682,0.004,26.1311,0.4669
238,000238.png,False,1788787678.448317,1788787678.243617,normal_unload,3,,0.42803408181787006,-0.01895,0.00313,-0.46504,0.00057,0.00084,-0.00065,0.00754,0.02321,-0.42334,-0.00037,0.00033,-0.00014,-0.01475,-0.01421,-0.46499,11,37.912,362.8237,38.5102,179.3199,0.4195,-123.3697,0.001,26.198,0.4
239,000239.png,False,1788787678.860282,1788787678.655582,normal_unload,3,,0.336205300562338,-0.02013,0.00086,-0.43838,0.00061,0.00083,-0.00057,0.00644,0.02102,-0.39654,-0.00034,0.00032,-6e-05,-0.01483,-0.01633,-0.43829,10,37.9114,362.8273,38.5164,179.32,0.4193,-123.3693,0.0008,26.2043,0.3937
240,000240.png,False,1788787679.068249,1788787678.863549,normal_unload,3,,0.2535178937250635,-0.02504,-0.00829,-0.34294,0.00078,0.0008,-0.00063,0.00159,0.0119,-0.30102,-0.00016,0.00028,-0.00012,-0.01517,-0.02518,-0.34269,11,37.9131,362.8159,38.5676,179.3217,0.4179,-123.3697,0.0074,26.2553,0.3427
241,000241.png,False,1788787679.276257,1788787679.071557,normal_unload,3,,0.2535178937250635,-0.02314,-0.01043,-0.35328,0.00086,0.00085,-0.00065,0.00353,0.00979,-0.31129,-9e-05,0.00033,-0.00014,-0.01238,-0.02626,-0.353,10,37.9142,362.8138,38.5678,179.3218,0.418,-123.3697,0.0064,26.2555,0.3425
242,000242.png,False,1788787679.480185,1788787679.275485,normal_unload,3,,0.2535178937250635,-0.01968,-0.00317,-0.29173,0.00062,0.00094,-0.00065,0.00703,0.01708,-0.24966,-0.00033,0.00042,-0.00014,-0.01344,-0.01726,-0.29159,10,37.9124,362.8241,38.6541,179.32,0.4202,-123.3702,0.0037,26.342,0.256
243,000243.png,False,1788787679.892302,1788787679.687602,normal_unload,3,,0.1488972414404941,-0.02318,-0.00738,-0.26032,0.00073,0.00099,-0.00062,0.00363,0.01295,-0.21811,-0.00022,0.00047,-0.0001,-0.01459,-0.02215,-0.26011,10,37.9139,362.8252,38.6507,179.3205,0.42,-123.3706,0.0001,26.3385,0.2595
244,000244.png,False,1788787680.308310,1788787680.103610,normal_unload,3,,0.0948069143638463,-0.02619,-0.01454,-0.19779,0.00092,0.00092,-0.00059,0.00071,0.00586,-0.15543,-4e-05,0.00039,-8e-05,-0.01405,-0.02885,-0.19746,11,37.9148,362.812,38.7185,179.3233,0.4173,-123.3717,0.0067,26.4061,0.1919
245,000245.png,False,1788787680.512353,1788787680.307653,normal_unload,3,,0.0948069143638463,-0.02251,-0.00659,-0.14575,0.00061,0.00098,-0.00066,0.00444,0.01384,-0.10331,-0.00035,0.00046,-0.00014,-0.01519,-0.01929,-0.14556,10,37.9078,362.8545,38.8528,179.3167,0.4242,-123.3752,0.0015,26.5412,0.0568
246,000246.png,False,1788787680.720315,1788787680.515615,normal_unload,3,,0.0030319596813995903,-0.02228,-0.00539,-0.0863,0.0006,0.00101,-0.00061,0.00472,0.01509,-0.04379,-0.00036,0.00048,-0.0001,-0.01601,-0.01718,-0.08614,10,37.9117,362.8298,38.8364,179.32,0.4205,-123.3741,0.0083,26.5244,0.0736
247,000247.png,False,1788787680.924333,1788787680.719633,normal_unload,3,,0.0030319596813995903,-0.02514,-0.00876,-0.09948,0.00072,0.00102,-0.00072,0.00191,0.01175,-0.0569,-0.00023,0.00049,-0.00021,-0.01671,-0.02174,-0.09927,10,37.9121,362.8277,38.827,179.3212,0.4192,-123.3732,0.0089,26.5149,0.0831
248,000248.png,False,1788787681.340259,1788787681.135559,dwell,3,,0.0,-0.02971,-0.01854,-0.01997,0.00091,0.00092,-0.00086,-0.00257,0.00203,0.02276,-6e-05,0.00038,-0.00034,-0.01633,-0.03122,-0.01958,10,37.9147,362.8074,38.9211,179.3257,0.4148,-123.3738,0.0022,26.6087,-0.0107
249,000249.png,False,1788787682.372373,1788787682.167673,normal_load,4,,0.0,-0.02734,-0.01874,-0.0669,0.0009,0.00089,-0.00066,3e-05,0.00202,-0.0238,-7e-05,0.00035,-0.00014,-0.01386,-0.03096,-0.06651,10,37.9168,362.8088,38.913,179.326,0.416,-123.3741,0.0048,26.6006,-0.0026
250,000250.png,False,1788787682.576394,1788787682.371694,normal_load,4,,0.16891065162971586,-0.02871,-0.01915,-0.06636,0.0009,0.00091,-0.00065,-0.00129,0.00164,-0.02319,-7e-05,0.00038,-0.00013,-0.01484,-0.032,-0.06596,10,37.9153,362.8098,38.9177,179.3257,0.416,-123.3739,0.0021,26.6053,-0.0073
251,000251.png,False,1788787682.988408,1788787682.783708,normal_load,4,,0.16891065162971586,-0.02862,-0.00295,-0.09245,0.00045,0.0009,-0.00059,-0.00111,0.01791,-0.04914,-0.00053,0.00036,-6e-05,-0.02268,-0.01834,-0.09233,11,37.8966,362.8417,38.8919,179.3235,0.4199,-123.373,0.0073,26.5801,0.0179
252,000252.png,False,1788787683.608367,1788787683.403667,normal_load,4,,0.196754671915582,-0.03387,-0.01562,-0.10752,0.0009,0.00081,-0.00058,-0.00622,0.00534,-0.06398,-8e-05,0.00027,-5e-05,-0.02079,-0.03218,-0.10716,11,37.9006,362.8125,38.8778,179.3264,0.4166,-123.3726,0.0015,26.5656,0.0324
253,000253.png,False,1788787684.640491,1788787684.435791,normal_load,4,,0.2927232888067408,-0.03082,-0.00784,-0.17052,0.00072,0.00094,-0.00034,-0.00293,0.0133,-0.12662,-0.00027,0.00039,0.00019,-0.02159,-0.02492,-0.1703,10,37.8988,362.8291,38.8283,179.3259,0.4171,-123.3717,0.0067,26.5163,0.0817
254,000254.png,False,1788787685.052524,1788787684.847824,normal_load,4,,0.28601225447800116,-0.03313,-0.01456,-0.19721,0.0009,0.00083,-0.00035,-0.00515,0.00666,-0.15317,-0.0001,0.00028,0.00018,-0.02006,-0.03232,-0.19687,10,37.9026,362.816,38.8012,179.3258,0.4173,-123.371,0.0016,26.489,0.109
255,000255.png,False,1788787685.468522,1788787685.263822,normal_load,4,,0.32371363470584524,-0.02876,-0.00684,-0.22673,0.00062,0.00089,-0.00041,-0.00068,0.01445,-0.18253,-0.00038,0.00034,0.00013,-0.01992,-0.02392,-0.22652,11,37.9008,362.828,38.7573,179.3241,0.4193,-123.3708,0.0089,26.4453,0.1527
256,000256.png,False,1788787685.880556,1788787685.675856,normal_load,4,,0.3631956001285346,-0.03032,-0.00754,-0.27131,0.00077,0.00086,-0.00052,-0.00215,0.01382,-0.22697,-0.00023,0.0003,2e-05,-0.02061,-0.02602,-0.27108,10,37.9015,362.8234,38.7099,179.3238,0.4193,-123.3702,0.0027,26.3978,0.2002
257,000257.png,False,1788787686.292567,1788787686.087867,normal_load,4,,0.3631956001285346,-0.02925,-0.0081,-0.33452,0.00078,0.00083,-0.00047,-0.00099,0.01332,-0.29003,-0.00022,0.00028,7e-05,-0.01897,-0.02699,-0.33427,10,37.903,362.8217,38.6597,179.3246,0.4185,-123.37,0.0058,26.3476,0.2504
258,000258.png,False,1788787686.912626,1788787686.707926,normal_load,4,,0.43419213327884165,-0.02965,-0.00654,-0.33232,0.00071,0.00084,-0.00044,-0.00126,0.015,-0.28761,-0.0003,0.00028,0.0001,-0.02012,-0.0258,-0.3321,10,37.9026,362.8242,38.6583,179.324,0.4192,-123.3698,0.0005,26.3462,0.2518
259,000259.png,False,1788787687.736651,1788787687.531951,normal_load,4,,0.5080703855400088,-0.02787,-0.00564,-0.39856,0.00071,0.00089,-0.00036,0.00071,0.01603,-0.35355,-0.0003,0.00033,0.00018,-0.01856,-0.0252,-0.39835,10,37.905,362.8243,38.6117,179.3229,0.42,-123.3698,0.0052,26.2996,0.2984
260,000260.png,False,1788787687.944633,1788787687.739933,normal_load,4,,0.5080703855400088,-0.02927,-0.0072,-0.38822,0.00076,0.0009,-0.00044,-0.00064,0.01451,-0.34314,-0.00025,0.00034,0.00011,-0.01907,-0.02708,-0.38798,10,37.9055,362.8228,38.6129,179.3235,0.4196,-123.3698,0.001,26.3008,0.2972
261,000261.png,False,1788787688.976671,1788787688.771971,normal_load,4,,0.571732211648262,-0.02721,-0.00621,-0.46437,0.00084,0.00097,-0.00037,0.00165,0.01567,-0.41892,-0.00018,0.00041,0.00018,-0.01725,-0.02642,-0.46414,10,37.9083,362.8223,38.5614,179.3235,0.4196,-123.3702,0.0051,26.2493,0.3487
262,000262.png,False,1788787689.180690,1788787688.975990,normal_load,4,,0.6271610446837058,-0.02511,-0.00236,-0.51851,0.00072,0.00094,-0.00027,0.0038,0.01956,-0.47299,-0.00031,0.00037,0.00028,-0.01698,-0.0229,-0.51834,10,37.9081,362.838,38.5152,179.3188,0.4247,-123.3707,0.0031,26.2033,0.3947
263,000263.png,False,1788787689.388641,1788787689.183941,normal_load,4,,0.6271610446837058,-0.02122,0.00485,-0.53911,0.00055,0.00102,-0.00037,0.00774,0.02681,-0.49352,-0.00047,0.00045,0.00018,-0.01707,-0.01504,-0.53907,11,37.9073,362.8343,38.5156,179.3197,0.4237,-123.3704,0.0091,26.2037,0.3943
264,000264.png,False,1788787689.596723,1788787689.392023,normal_load,4,,0.6271610446837058,-0.03164,-0.02302,-0.56647,0.00128,0.00072,-0.00041,-0.00264,-0.00103,-0.52081,0.00025,0.00015,0.00015,-0.01198,-0.04483,-0.56592,10,37.9136,362.7991,38.4814,179.3226,0.4203,-123.3704,0.0048,26.1688,0.4292
265,000265.png,False,1788787690.420819,1788787690.216119,normal_load,4,,0.6773989674258815,-0.02273,-0.00182,-0.57892,0.0007,0.00087,-0.0006,0.00647,0.02031,-0.53296,-0.00034,0.00029,-4e-05,-0.01476,-0.02221,-0.57875,10,37.9108,362.8247,38.4698,179.3183,0.4252,-123.3704,0.0078,26.1577,0.4403
266,000266.png,False,1788787690.628762,1788787690.424062,normal_load,4,,0.6773989674258815,-0.02518,-0.00491,-0.64158,0.00084,0.00088,-0.00058,0.00406,0.01726,-0.59555,-0.00019,0.0003,-2e-05,-0.01491,-0.02712,-0.64135,11,37.9133,362.8201,38.3941,179.318,0.4258,-123.3709,0.0078,26.082,0.516
267,000267.png,False,1788787691.248852,1788787691.044152,normal_load,4,,0.8011484328144206,-0.02289,-0.00318,-0.70117,0.00088,0.00092,-0.00042,0.00648,0.0191,-0.65492,-0.00017,0.00034,0.00014,-0.01338,-0.02542,-0.70097,11,37.9132,362.8215,38.4107,179.3178,0.4253,-123.3713,0.0078,26.0985,0.4995
268,000268.png,False,1788787691.864738,1788787691.660038,normal_load,4,,0.7744573627298678,-0.02696,-0.01246,-0.6765,0.00107,0.00081,-0.00084,0.00255,0.00992,-0.63003,2e-05,0.00023,-0.00028,-0.01244,-0.0351,-0.67613,10,37.9159,362.8116,38.3922,179.319,0.4247,-123.3722,0.0033,26.0799,0.5181
269,000269.png,False,1788787692.280750,1788787692.076050,normal_load,4,,0.8385435010303951,-0.02065,-4e-05,-0.74041,0.00068,0.00082,-0.00071,0.00896,0.02242,-0.69378,-0.00037,0.00024,-0.00014,-0.01274,-0.02221,-0.74025,10,37.9126,362.8241,38.3624,179.3179,0.4262,-123.3724,0.0049,26.0503,0.5477
270,000270.png,False,1788787692.692768,1788787692.488068,normal_load,4,,0.8385435010303951,-0.02294,-0.00248,-0.85858,0.00091,0.00083,-0.00059,0.00676,0.02004,-0.81181,-0.00014,0.00025,-3e-05,-0.01268,-0.02737,-0.85836,10,37.9145,362.817,38.3118,179.317,0.4275,-123.3733,0.0055,25.9996,0.5984
271,000271.png,False,1788787693.312926,1788787693.108226,normal_load,4,,0.9484621114919548,-0.0229,-0.00842,-0.83188,0.00096,0.00079,-0.00058,0.00694,0.01421,-0.78489,-0.0001,0.00021,-1e-05,-0.00987,-0.03206,-0.83156,10,37.9164,362.8147,38.3191,179.3188,0.4262,-123.3733,0.0098,26.0068,0.5912
272,000272.png,False,1788787694.344965,1788787694.140265,normal_load,4,,1.0408540054468318,-0.02177,0.00699,-0.94269,0.00074,0.00087,-0.00052,0.00831,0.0298,-0.89533,-0.00033,0.00029,6e-05,-0.01581,-0.01992,-0.94262,10,37.9145,362.8232,38.269,179.3186,0.427,-123.3742,0.0053,25.9569,0.6411
273,000273.png,False,1788787694.548930,1788787694.344230,normal_load,4,,1.0408540054468318,-0.01589,0.01322,-0.98954,0.00055,0.00092,-0.00044,0.01423,0.03606,-0.94211,-0.00051,0.00033,0.00013,-0.01351,-0.01234,-0.98959,11,37.9124,362.8429,38.2341,179.3121,0.4345,-123.3747,0.0078,25.9224,0.6756
274,000274.png,False,1788787695.168967,1788787694.964267,normal_load,4,,1.0975941809731808,-0.01949,0.00629,-1.00243,0.0007,0.00086,-0.00051,0.01077,0.02924,-0.95478,-0.00037,0.00027,7e-05,-0.01308,-0.02035,-1.00234,11,37.9146,362.8248,38.2399,179.3167,0.4296,-123.3744,0.0073,25.9278,0.6702
275,000275.png,False,1788787695.377000,1788787695.172300,normal_load,4,,1.0975941809731808,-0.02074,0.00074,-0.99473,0.00082,0.00078,-0.00053,0.00958,0.02373,-0.947,-0.00026,0.00019,5e-05,-0.01144,-0.02565,-0.99455,10,37.9156,362.8205,38.2406,179.3171,0.4291,-123.3748,0.0065,25.9284,0.6696
276,000276.png,False,1788787695.581008,1788787695.376308,normal_load,4,,1.0975941809731808,-0.03101,-0.0227,-1.07415,0.00154,0.00059,-0.00047,-0.00066,0.00032,-1.02635,0.00046,-0.0,0.00011,-0.00808,-0.05237,-1.07353,10,37.9193,362.7912,38.1885,179.3221,0.4242,-123.3755,0.0039,25.8759,0.7221
277,000277.png,False,1788787695.788907,1788787695.584207,normal_load,4,,1.0975941809731808,-0.02999,-0.0255,-1.13689,0.00165,0.00052,-0.00044,0.00042,-0.00245,-1.08902,0.00057,-8e-05,0.00014,-0.00535,-0.05528,-1.13621,11,37.9204,362.795,38.1868,179.3219,0.4247,-123.3757,0.0022,25.8742,0.7238
278,000278.png,False,1788787696.201023,1788787695.996323,normal_load,4,,1.2382056465448756,-0.02531,-0.00968,-1.1067,0.00115,0.00062,-0.00058,0.00518,0.01345,-1.05868,7e-05,3e-05,0.0,-0.00942,-0.03876,-1.10631,10,37.9175,362.8046,38.183,179.3195,0.4269,-123.3757,0.0089,25.8706,0.7274
279,000279.png,False,1788787696.613039,1788787696.408339,normal_load,4,,1.2382056465448756,-0.01874,0.00771,-1.13191,0.00079,0.00079,-0.00076,0.01185,0.03091,-1.08375,-0.0003,0.00019,-0.00018,-0.01224,-0.02081,-1.13184,10,37.9126,362.8337,38.1491,179.3131,0.4343,-123.377,0.0067,25.8372,0.7608
280,000280.png,False,1788787696.821024,1788787696.616324,normal_load,4,,1.2382056465448756,-0.01631,0.02016,-1.18753,0.00044,0.00089,-0.00062,0.01433,0.04339,-1.13929,-0.00065,0.00029,-4e-05,-0.01597,-0.00972,-1.18767,10,37.9134,362.8293,38.1495,179.314,0.4333,-123.3773,0.0006,25.8375,0.7605
281,000281.png,False,1788787697.441075,1788787697.236375,normal_load,4,,1.2861781462071207,-0.02133,0.00425,-1.17994,0.00093,0.00076,-0.0006,0.00945,0.02759,-1.13149,-0.00016,0.00016,-1e-05,-0.01242,-0.02588,-1.17979,10,37.916,362.817,38.1516,179.3175,0.43,-123.3768,0.0049,25.8394,0.7586
282,000282.png,False,1788787698.265108,1788787698.060408,normal_load,4,,1.4359865765852562,-0.02568,-0.00368,-1.31996,0.00112,0.0005,-0.00066,0.00528,0.0198,-1.27121,2e-05,-0.00011,-7e-05,-0.01125,-0.03716,-1.31964,10,37.9163,362.8079,38.0907,179.3193,0.4281,-123.377,0.0052,25.7783,0.8197
283,000283.png,False,1788787698.473144,1788787698.268444,normal_load,4,,1.4359865765852562,-0.02197,0.00126,-1.30744,0.001,0.00054,-0.00058,0.00904,0.02478,-1.25861,-0.0001,-6e-05,2e-05,-0.0106,-0.03083,-1.30721,10,37.9156,362.8119,38.0994,179.3176,0.4299,-123.377,0.0016,25.7872,0.8108
284,000284.png,False,1788787698.677042,1788787698.472342,normal_load,4,,1.4359865765852562,-0.0203,0.01497,-1.34865,0.00066,0.00069,-0.00052,0.01076,0.03852,-1.29975,-0.00044,8e-05,7e-05,-0.01571,-0.01878,-1.34866,10,37.9105,362.8332,38.0622,179.3113,0.4365,-123.3775,0.0013,25.7503,0.8477
285,000285.png,False,1788787699.297160,1788787699.092460,normal_load,4,,1.4949950039517548,-0.02031,0.01173,-1.3956,0.00084,0.0007,-0.00044,0.01088,0.03539,-1.34648,-0.00027,9e-05,0.00015,-0.01378,-0.02234,-1.39555,10,37.9137,362.8213,38.0662,179.3152,0.433,-123.3777,0.0018,25.7541,0.8439
286,000286.png,False,1788787699.505193,1788787699.300493,normal_load,4,,1.4949950039517548,-0.02264,0.00709,-1.36069,0.00088,0.00066,-0.00071,0.0086,0.03078,-1.3115,-0.00023,5e-05,-0.00012,-0.01372,-0.02697,-1.36056,10,37.9138,362.8168,38.0664,179.3164,0.432,-123.3775,0.0053,25.7543,0.8437
287,000287.png,False,1788787699.709186,1788787699.504486,normal_load,4,,1.4949950039517548,-0.02884,-0.01499,-1.45392,0.00152,0.00035,-0.00068,0.00245,0.00874,-1.40465,0.00041,-0.00026,-8e-05,-0.00741,-0.05068,-1.45338,11,37.9192,362.7901,38.0021,179.323,0.4263,-123.3781,0.0079,25.6895,0.9085
288,000288.png,False,1788787700.537209,1788787700.332509,normal_load,4,,1.6638911288593363,-0.02653,0.00592,-1.54994,0.00105,0.00044,-0.00039,0.00495,0.02979,-1.50038,-7e-05,-0.00017,0.00021,-0.0152,-0.03295,-1.54975,10,37.913,362.8099,38.0065,179.3176,0.432,-123.3779,0.0096,25.6942,0.9038
289,000289.png,False,1788787701.153233,1788787700.948533,normal_load,4,,1.6638911288593363,-0.01983,0.02175,-1.61787,0.00062,0.00059,-0.00051,0.01179,0.04573,-1.56809,-0.00051,-3e-05,0.0001,-0.01683,-0.01699,-1.61796,10,37.9103,362.8215,37.9743,179.3137,0.4358,-123.3777,0.0022,25.6623,0.9357
290,000290.png,False,1788787701.569253,1788787701.364553,normal_load,4,,1.7254765615793162,-0.02323,0.01303,-1.63297,0.00093,0.00049,-0.00035,0.00848,0.03708,-1.58304,-0.0002,-0.00013,0.00025,-0.01531,-0.02648,-1.6329,11,37.9124,362.8155,37.9752,179.3159,0.4342,-123.3777,0.0045,25.663,0.935
291,000291.png,False,1788787702.393286,1788787702.188586,normal_load,4,,1.780002141181268,-0.02579,0.00987,-1.68949,0.00105,0.00041,-0.0004,0.00611,0.03406,-1.63927,-8e-05,-0.00022,0.00021,-0.01555,-0.0314,-1.68935,10,37.9129,362.8102,37.9475,179.3156,0.4342,-123.3781,0.0092,25.6352,0.9628
292,000292.png,False,1788787702.601213,1788787702.396513,normal_load,4,,1.780002141181268,-0.02434,0.01187,-1.69952,0.00105,0.00048,-0.00044,0.00761,0.0361,-1.64922,-9e-05,-0.00014,0.00017,-0.01523,-0.0291,-1.69941,10,37.9126,362.8133,37.9459,179.3152,0.4348,-123.3781,0.0043,25.6337,0.9643
293,000293.png,False,1788787703.013230,1788787702.808530,normal_load,4,,1.780002141181268,-0.02677,0.00616,-1.95633,0.00125,0.00023,-0.00045,0.00527,0.03046,-1.90589,0.00011,-0.0004,0.00016,-0.0127,-0.03937,-1.95609,10,37.9135,362.8053,37.8585,179.3188,0.4307,-123.3781,0.0051,25.5462,1.0518
294,000294.png,False,1788787703.217328,1788787703.012628,normal_load,4,,1.780002141181268,-0.02535,0.00844,-1.91563,0.00117,0.00029,-0.00036,0.00673,0.03277,-1.86512,3e-05,-0.00034,0.00025,-0.0129,-0.03604,-1.91543,10,37.9132,362.8087,37.88,179.3172,0.4325,-123.3783,0.0077,25.5677,1.0303
295,000295.png,False,1788787703.425354,1788787703.220654,normal_load,4,,2.0,-0.02435,0.01666,-1.82605,0.00091,0.00045,-0.00028,0.00778,0.04103,-1.77546,-0.00023,-0.00018,0.00034,-0.01676,-0.02699,-1.82602,10,37.9117,362.815,37.9103,179.3143,0.4351,-123.379,0.0061,25.5981,0.9999
296,000296.png,False,1788787703.633359,1788787703.428659,normal_load,4,,2.0,-0.02447,0.01495,-1.7836,0.00098,0.00043,-0.00031,0.00771,0.03935,-1.73294,-0.00016,-0.0002,0.0003,-0.0163,-0.02785,-1.78354,10,37.9109,362.8139,37.9167,179.3148,0.435,-123.3784,0.0005,25.6045,0.9935
297,000297.png,False,1788787703.837399,1788787703.632699,normal_load,4,,1.9367843171387051,-0.02989,-0.00147,-1.80787,0.00135,0.00022,-0.00039,0.00233,0.02296,-1.75713,0.00021,-0.00041,0.00023,-0.01262,-0.04517,-1.80751,10,37.916,362.8005,37.8961,179.316,0.4337,-123.379,0.0002,25.5836,1.0144
298,000298.png,False,1788787704.665304,1788787704.460604,normal_load,4,,1.9367843171387051,-0.03041,0.00116,-1.92821,0.00133,0.00021,-0.00035,0.002,0.02574,-1.87718,0.00018,-0.00043,0.00027,-0.01356,-0.04508,-1.92788,10,37.9127,362.8049,37.8643,179.3148,0.435,-123.3786,0.0021,25.552,1.046
299,000299.png,False,1788787705.077411,1788787704.872711,normal_load,4,,2.0,-0.01777,0.03159,-1.90351,0.00064,0.00051,-0.00052,0.01473,0.05624,-1.85233,-0.00051,-0.00013,0.0001,-0.01798,-0.01201,-1.90373,10,37.9096,362.823,37.8683,179.3133,0.4369,-123.3786,0.0086,25.5563,1.0417
300,000300.png,False,1788787705.281416,1788787705.076716,normal_load,4,,2.0,-0.02162,0.01961,-1.97944,0.00087,0.00035,-0.00043,0.01093,0.04429,-1.92819,-0.00028,-0.00029,0.00019,-0.0148,-0.02553,-1.97943,10,37.9109,362.8231,37.8282,179.3102,0.4402,-123.3793,0.0073,25.5162,1.0818
301,000301.png,False,1788787705.901453,1788787705.696753,normal_unload,4,,2.0,-0.02355,0.02013,-2.02872,0.00091,0.00036,-0.00031,0.00914,0.04492,-1.97725,-0.00025,-0.00028,0.00031,-0.0164,-0.02683,-2.02871,10,37.9122,362.8147,37.8298,179.3127,0.4372,-123.3792,0.0026,25.5176,1.0804
302,000302.png,False,1788787706.317482,1788787706.112782,normal_unload,4,,1.9157583229652602,-0.02488,0.01319,-2.0023,0.00107,0.0003,-0.0003,0.0079,0.03805,-1.95068,-9e-05,-0.00034,0.00032,-0.01426,-0.03308,-2.00217,10,37.9118,362.8163,37.8893,179.3111,0.4398,-123.3795,0.0045,25.5772,1.0208
303,000303.png,False,1788787706.521468,1788787706.316768,normal_unload,4,,1.7196598564217112,-0.02535,0.01339,-1.79295,0.00104,0.00043,-0.00038,0.00748,0.03828,-1.74126,-0.00013,-0.00021,0.00024,-0.01622,-0.02979,-1.79286,10,37.9127,362.8096,37.892,179.3124,0.4381,-123.3793,0.0021,25.5798,1.0182
304,000304.png,False,1788787706.729398,1788787706.524698,normal_unload,4,,1.7196598564217112,-0.0247,0.00913,-1.82735,0.00113,0.00043,-0.00037,0.00818,0.03406,-1.77559,-4e-05,-0.00021,0.00026,-0.01329,-0.0337,-1.82718,11,37.9142,362.8106,37.8866,179.3125,0.438,-123.3797,0.0044,25.5744,1.0236
305,000305.png,False,1788787706.933490,1788787706.728790,normal_unload,4,,1.7196598564217112,-0.02732,0.00754,-1.76538,0.00117,0.0004,-0.00045,0.0056,0.03251,-1.71355,0.0,-0.00024,0.00017,-0.0152,-0.0354,-1.76519,10,37.9131,362.809,37.9147,179.313,0.4378,-123.3795,0.0068,25.6025,0.9955
306,000306.png,False,1788787707.349512,1788787707.144812,normal_unload,4,,1.6522888631324006,-0.02851,-0.00013,-1.73136,0.00127,0.00033,-0.00034,0.00451,0.0249,-1.67938,0.0001,-0.00032,0.00029,-0.01263,-0.04209,-1.73104,11,37.9146,362.802,37.9385,179.3168,0.4342,-123.3799,0.0055,25.6261,0.9719
307,000307.png,False,1788787707.761523,1788787707.556823,normal_unload,4,,1.5884436620851003,-0.03143,-0.00878,-1.68521,0.00149,0.00029,-0.00039,0.00168,0.01633,-1.63308,0.00031,-0.00035,0.00024,-0.01116,-0.0503,-1.68474,10,37.9152,362.8009,37.9383,179.3159,0.4351,-123.3799,0.0036,25.6259,0.9721
308,000308.png,False,1788787707.965527,1788787707.760827,normal_unload,4,,1.5884436620851003,-0.0247,0.01154,-1.61649,0.00092,0.00047,-0.00048,0.00846,0.03668,-1.56429,-0.00026,-0.00018,0.00015,-0.01595,-0.02824,-1.6164,10,37.9149,362.8067,37.961,179.3177,0.4338,-123.3803,0.006,25.6487,0.9493
309,000309.png,False,1788787708.173551,1788787707.968851,normal_unload,4,,1.4899975765460793,-0.03031,-0.00368,-1.60098,0.00132,0.00043,-0.00055,0.0029,0.0215,-1.5487,0.00014,-0.00022,8e-05,-0.01331,-0.04398,-1.60061,10,37.9147,362.8075,37.9623,179.3171,0.4344,-123.3803,0.0071,25.65,0.948
310,000310.png,False,1788787708.381594,1788787708.176894,normal_unload,4,,1.4899975765460793,-0.02585,0.00636,-1.52172,0.00104,0.00056,-0.00052,0.0074,0.03157,-1.46937,-0.00014,-9e-05,0.00011,-0.01502,-0.03178,-1.52155,10,37.9113,362.8191,38.05,179.3114,0.4401,-123.3812,0.0002,25.7379,0.8601
311,000311.png,False,1788787708.793556,1788787708.588856,normal_unload,4,,1.2654285141236072,-0.02647,0.01023,-1.39668,0.0009,0.00064,-0.00053,0.00687,0.03552,-1.34419,-0.00028,-1e-05,0.0001,-0.01836,-0.02674,-1.3966,10,37.912,362.8164,38.0315,179.3141,0.4376,-123.381,0.0095,25.7193,0.8787
312,000312.png,False,1788787708.997628,1788787708.792928,normal_unload,4,,1.2654285141236072,-0.03949,-0.02556,-1.31516,0.00176,0.00042,-0.00069,-0.0061,-0.00024,-1.26258,0.00058,-0.00023,-5e-05,-0.01232,-0.06294,-1.31443,10,37.9153,362.7936,38.0695,179.3172,0.4343,-123.3808,0.0078,25.757,0.841
313,000313.png,False,1788787709.205506,1788787709.000806,normal_unload,4,,1.1907223145713912,-0.0356,-0.01687,-1.29678,0.00149,0.00047,-0.00071,-0.00217,0.00848,-1.24413,0.00031,-0.00019,-7e-05,-0.01342,-0.05317,-1.29622,10,37.914,362.7994,38.0724,179.3168,0.4347,-123.381,0.0012,25.7599,0.8381
314,000314.png,False,1788787709.413620,1788787709.208920,normal_unload,4,,1.1907223145713912,-0.02749,0.00729,-1.2724,0.00095,0.0007,-0.00072,0.006,0.03268,-1.21969,-0.00024,5e-05,-8e-05,-0.01863,-0.0278,-1.27228,10,37.908,362.8326,38.1007,179.3177,0.4338,-123.381,0.0055,25.7889,0.8091
315,000315.png,False,1788787709.825599,1788787709.620899,normal_unload,4,,1.146210226385648,-0.03255,-0.00719,-1.23357,0.00126,0.00059,-0.00057,0.00103,0.01827,-1.1807,6e-05,-7e-05,7e-05,-0.01605,-0.04225,-1.23319,10,37.9129,362.8106,38.1114,179.3181,0.4336,-123.3812,0.0122,25.7991,0.7989
316,000316.png,False,1788787710.029630,1788787709.824930,normal_unload,4,,1.053077120242082,-0.03095,-0.00144,-1.14003,0.00101,0.00066,-0.00066,0.00267,0.02405,-1.08709,-0.00018,1e-05,-2e-05,-0.01819,-0.03498,-1.13977,11,37.913,362.8063,38.1423,179.3186,0.4332,-123.381,0.0097,25.83,0.768
317,000317.png,False,1788787710.237562,1788787710.032862,normal_unload,4,,1.053077120242082,-0.03401,-0.01007,-1.14785,0.00127,0.00056,-0.00056,-0.00034,0.01546,-1.09483,7e-05,-0.0001,8e-05,-0.01647,-0.0441,-1.14743,10,37.9114,362.8078,38.1415,179.3186,0.4329,-123.3807,0.003,25.8292,0.7688
318,000318.png,False,1788787710.649576,1788787710.444876,normal_unload,4,,0.9101996833339429,-0.02809,0.01166,-0.92961,0.00063,0.00089,-0.00057,0.00567,0.03726,-0.87645,-0.00057,0.00023,7e-05,-0.02371,-0.01883,-0.92961,11,37.9073,362.8242,38.2204,179.3133,0.4387,-123.3808,0.006,25.9084,0.6896
319,000319.png,False,1788787710.857703,1788787710.653003,normal_unload,4,,0.9101996833339429,-0.03284,-0.00116,-1.03257,0.00103,0.00072,-0.00051,0.00097,0.02448,-0.97934,-0.00017,6e-05,0.00013,-0.02071,-0.03395,-1.03233,10,37.9101,362.8162,38.1972,179.3165,0.4357,-123.3812,0.0078,25.885,0.713
320,000320.png,False,1788787711.889719,1788787711.685019,normal_unload,4,,0.8213980113661393,-0.03551,-0.01174,-0.92482,0.00123,0.00076,-0.00028,-0.00146,0.01408,-0.87122,2e-05,9e-05,0.00037,-0.01848,-0.04272,-0.9244,11,37.9109,362.8117,38.27,179.3198,0.4322,-123.381,0.0077,25.9578,0.6402
321,000321.png,False,1788787712.093764,1788787711.889064,normal_unload,4,,0.6463058556239843,-0.02819,0.00656,-0.71612,0.00065,0.00106,-0.00032,0.0059,0.03241,-0.66245,-0.00056,0.00039,0.00033,-0.02274,-0.01987,-0.71607,10,37.9082,362.8234,38.3728,179.3144,0.4379,-123.381,0.0051,26.0607,0.5373
322,000322.png,False,1788787712.301734,1788787712.097034,normal_unload,4,,0.6463058556239843,-0.03231,-0.0068,-0.73491,0.00103,0.00091,-0.00039,0.00182,0.01908,-0.68116,-0.00018,0.00024,0.00026,-0.01949,-0.03381,-0.73462,10,37.9107,362.8187,38.3513,179.3168,0.4357,-123.3812,0.0011,26.0391,0.5589
323,000323.png,False,1788787712.509722,1788787712.305022,normal_unload,4,,0.6463058556239843,-0.03847,-0.02091,-0.74432,0.00141,0.00079,-0.00047,-0.00428,0.00501,-0.6905,0.0002,0.00012,0.00018,-0.01772,-0.04925,-0.74377,11,37.9137,362.7957,38.3757,179.3213,0.4309,-123.3812,0.0079,26.0631,0.5349
324,000324.png,False,1788787712.921777,1788787712.717077,normal_unload,4,,0.6024154934106435,-0.03966,-0.02327,-0.70073,0.00143,0.00078,-0.00045,-0.00538,0.00272,-0.64676,0.00021,0.00011,0.00021,-0.01787,-0.05119,-0.70014,10,37.9136,362.8043,38.3805,179.3205,0.432,-123.381,0.0024,26.0681,0.5299
325,000325.png,False,1788787713.125777,1788787712.921077,normal_unload,4,,0.5593415467823946,-0.03039,0.00177,-0.64958,0.00081,0.00112,-0.00051,0.00393,0.0278,-0.59554,-0.0004,0.00045,0.00014,-0.02271,-0.02406,-0.64945,10,37.9105,362.8181,38.4096,179.3234,0.4293,-123.3812,0.0008,26.0974,0.5006
326,000326.png,False,1788787713.333765,1788787713.129065,normal_unload,4,,0.5593415467823946,-0.03657,-0.01528,-0.66266,0.00127,0.00089,-0.00038,-0.0022,0.01078,-0.60854,5e-05,0.00022,0.00028,-0.01945,-0.04212,-0.66222,10,37.9117,362.8136,38.4127,179.3234,0.4293,-123.3809,0.0077,26.1004,0.4976
327,000327.png,False,1788787713.745806,1788787713.541106,normal_unload,4,,0.4173001928178053,-0.03346,-0.01411,-0.50356,0.0011,0.001,-0.00055,0.001,0.01202,-0.4493,-0.00013,0.00033,0.0001,-0.01845,-0.03701,-0.50317,10,37.9126,362.8216,38.4952,179.3195,0.4344,-123.3823,0.0025,26.183,0.415
328,000328.png,False,1788787713.953815,1788787713.749115,normal_unload,4,,0.4173001928178053,-0.03321,-0.01361,-0.52654,0.00107,0.00104,-0.00046,0.0013,0.01256,-0.4722,-0.00016,0.00037,0.00019,-0.01831,-0.03681,-0.52616,10,37.9117,362.8203,38.5002,179.3201,0.4337,-123.3821,0.0168,26.188,0.41
329,000329.png,False,1788787714.157732,1788787713.953032,normal_unload,4,,0.30065108465614965,-0.03844,-0.03145,-0.41127,0.00146,0.00096,-0.00062,-0.00389,-0.00525,-0.35687,0.00023,0.00029,4e-05,-0.01473,-0.05304,-0.41059,10,37.9158,362.808,38.556,179.3206,0.4336,-123.3827,0.0003,26.2436,0.3544
330,000330.png,False,1788787714.365843,1788787714.161143,normal_unload,4,,0.30065108465614965,-0.0372,-0.02245,-0.40586,0.00127,0.00104,-0.00072,-0.0026,0.00379,-0.35138,5e-05,0.00036,-6e-05,-0.01819,-0.04454,-0.40534,10,37.9114,362.8145,38.5572,179.3198,0.434,-123.3825,0.0068,26.2449,0.3531
331,000331.png,False,1788787714.573748,1788787714.369048,normal_unload,4,,0.30065108465614965,-0.03231,-0.0144,-0.3755,0.00101,0.00115,-0.00064,0.00234,0.01188,-0.32094,-0.00022,0.00047,2e-05,-0.01819,-0.03463,-0.37513,10,37.9106,362.8301,38.6246,179.3199,0.4339,-123.384,0.0066,26.3126,0.2854
332,000332.png,False,1788787714.985857,1788787714.781157,normal_unload,4,,0.2480755285851586,-0.04115,-0.03274,-0.34287,0.00153,0.0009,-0.00063,-0.00641,-0.00639,-0.28816,0.0003,0.00023,3e-05,-0.01691,-0.05441,-0.34216,11,37.9151,362.8005,38.6179,179.3222,0.4315,-123.3838,0.0032,26.3053,0.2927
333,000333.png,False,1788787715.189853,1788787714.985153,normal_unload,4,,0.18077310844152236,-0.03572,-0.01474,-0.26572,0.00099,0.00118,-0.00071,-0.00093,0.01164,-0.21094,-0.00024,0.0005,-4e-05,-0.02173,-0.03487,-0.26535,11,37.9106,362.8254,38.6849,179.3214,0.4326,-123.3849,0.0058,26.3728,0.2252
334,000334.png,False,1788787715.397848,1788787715.193148,normal_unload,4,,0.18077310844152236,-0.03271,-0.01323,-0.28074,0.00092,0.00123,-0.00052,0.00213,0.01319,-0.22589,-0.00032,0.00055,0.00014,-0.01978,-0.0323,-0.2804,10,37.9092,362.8318,38.6861,179.3213,0.433,-123.3845,0.0074,26.3742,0.2238
335,000335.png,False,1788787715.605886,1788787715.401186,normal_unload,4,,0.18077310844152236,-0.0342,-0.01373,-0.25372,0.00099,0.00125,-0.00056,0.00068,0.01272,-0.1988,-0.00024,0.00057,0.0001,-0.02101,-0.03304,-0.25337,10,37.9093,362.8267,38.7575,179.3219,0.4327,-123.3849,0.006,26.4454,0.1526
336,000336.png,False,1788787716.017808,1788787715.813108,normal_unload,4,,0.1088158947967571,-0.03711,-0.0193,-0.21078,0.00109,0.00116,-0.00058,-0.00213,0.00722,-0.15571,-0.00015,0.00048,9e-05,-0.02104,-0.03863,-0.21034,10,37.9097,362.826,38.7539,179.3221,0.4326,-123.3849,0.003,26.4418,0.1562
337,000337.png,False,1788787716.429832,1788787716.225132,normal_unload,4,,0.05252902347885138,-0.03912,-0.02259,-0.14782,0.00111,0.00115,-0.00043,-0.00405,0.004,-0.09261,-0.00014,0.00047,0.00024,-0.02158,-0.04148,-0.14733,11,37.9094,362.8244,38.8495,179.3213,0.4336,-123.3853,0.0052,26.5374,0.0606
338,000338.png,False,1788787716.637837,1788787716.433137,normal_unload,4,,0.05252902347885138,-0.04042,-0.02105,-0.1362,0.00119,0.00117,-0.00054,-0.0053,0.00557,-0.08091,-6e-05,0.00048,0.00013,-0.02355,-0.04061,-0.13573,10,37.9082,362.8216,38.9204,179.3234,0.4314,-123.3853,0.0083,26.6082,-0.0102
339,000339.png,False,1788787717.049857,1788787716.845157,dwell,4,,0.0,-0.04235,-0.02677,-0.0897,0.00122,0.00111,-0.00061,-0.00714,-7e-05,-0.03426,-3e-05,0.00042,7e-05,-0.02269,-0.04578,-0.08913,11,37.9118,362.8115,38.9269,179.3243,0.4308,-123.3857,0.0035,26.6145,-0.0165
340,000340.png,False,1788787717.873899,1788787717.669199,normal_load,5,,0.0,-0.04183,-0.02784,-0.11791,0.00126,0.00113,-0.00055,-0.00644,-0.001,-0.06218,1e-05,0.00044,0.00013,-0.02151,-0.04691,-0.11732,10,37.913,362.811,38.9108,179.3251,0.4306,-123.386,0.0059,26.5984,-0.0004
341,000341.png,False,1788787718.494008,1788787718.289308,normal_load,5,,0.2234283775344551,-0.03632,-0.00937,-0.14911,0.0008,0.00126,-0.00047,-0.00078,0.01758,-0.09316,-0.00046,0.00056,0.0002,-0.02574,-0.02865,-0.14885,10,37.905,362.8448,38.8874,179.3209,0.4362,-123.3869,0.009,26.5756,0.0224
342,000342.png,False,1788787719.114039,1788787718.909339,normal_load,5,,0.26463227884165974,-0.03922,-0.01892,-0.13958,0.00105,0.00117,-0.00063,-0.00355,0.00813,-0.08341,-0.00021,0.00047,5e-05,-0.02356,-0.03822,-0.13915,10,37.9071,362.8341,38.8829,179.3227,0.4344,-123.3864,0.0068,26.571,0.027
343,000343.png,False,1788787719.733975,1788787719.529275,normal_load,5,,0.26463227884165974,-0.04122,-0.02101,-0.20546,0.00111,0.00109,-0.00043,-0.00541,0.00615,-0.14907,-0.00016,0.00039,0.00026,-0.02379,-0.04209,-0.20498,10,37.9112,362.8131,38.8188,179.3257,0.4315,-123.3868,0.0028,26.5064,0.0916
344,000344.png,False,1788787720.350117,1788787720.145417,normal_load,5,,0.32867929484624203,-0.03847,-0.01574,-0.20448,0.00099,0.0012,-0.00066,-0.00251,0.01152,-0.14786,-0.00029,0.00049,2e-05,-0.02404,-0.03613,-0.20409,11,37.9067,362.8368,38.7766,179.3196,0.438,-123.3871,0.0099,26.4647,0.1333
345,000345.png,False,1788787720.970118,1788787720.765418,normal_load,5,,0.34057130016537657,-0.03941,-0.01581,-0.24795,0.00106,0.00119,-0.00072,-0.00331,0.01156,-0.19112,-0.00022,0.00048,-3e-05,-0.02452,-0.03735,-0.24756,11,37.9091,362.8225,38.7487,179.3217,0.4358,-123.3877,0.0061,26.4366,0.1614
346,000346.png,False,1788787721.590067,1788787721.385367,normal_load,5,,0.34057130016537657,-0.03892,-0.01229,-0.30857,0.00094,0.00113,-0.00066,-0.00269,0.01518,-0.25151,-0.00034,0.00042,3e-05,-0.02543,-0.03504,-0.30823,11,37.9095,362.8278,38.6919,179.3205,0.4376,-123.3888,0.0026,26.3799,0.2181
347,000347.png,False,1788787722.210171,1788787722.005471,normal_load,5,,0.42321895516342356,-0.04209,-0.02568,-0.30685,0.00135,0.00105,-0.00087,-0.00571,0.0019,-0.24958,6e-05,0.00034,-0.00018,-0.0215,-0.04819,-0.30628,11,37.9141,362.8069,38.6652,179.3244,0.4344,-123.3895,0.0085,26.3527,0.2453
348,000348.png,False,1788787722.418190,1788787722.213490,normal_load,5,,0.42321895516342356,-0.04246,-0.02517,-0.33017,0.00129,0.00104,-0.00075,-0.00604,0.00245,-0.27282,-0.0,0.00032,-5e-05,-0.02192,-0.04831,-0.3296,10,37.9138,362.8101,38.6639,179.3236,0.4355,-123.3895,0.0019,26.3515,0.2465
349,000349.png,False,1788787722.830113,1788787722.625413,normal_load,5,,0.42321895516342356,-0.03759,-0.01394,-0.39716,0.0011,0.00117,-0.00063,-0.00108,0.01375,-0.33966,-0.00019,0.00046,7e-05,-0.02284,-0.03722,-0.39678,11,37.9132,362.8237,38.6271,179.3238,0.436,-123.3901,0.0077,26.3149,0.2831
350,000350.png,False,1788787723.450140,1788787723.245440,normal_load,5,,0.49089366792583466,-0.0401,-0.01551,-0.38204,0.00111,0.00112,-0.00072,-0.00344,0.01228,-0.32433,-0.00019,0.00041,-2e-05,-0.02434,-0.03959,-0.38164,11,37.9132,362.8214,38.6216,179.3233,0.4368,-123.3902,0.0044,26.3094,0.2886
351,000351.png,False,1788787724.482295,1788787724.277595,normal_load,5,,0.5809919615635806,-0.04115,-0.01509,-0.46088,0.00113,0.00111,-0.00065,-0.00426,0.01288,-0.40279,-0.00018,0.00039,6e-05,-0.02491,-0.04101,-0.46046,10,37.9112,362.8226,38.5729,179.3227,0.4374,-123.391,0.0097,26.2608,0.3372
352,000352.png,False,1788787724.686280,1788787724.481580,normal_load,5,,0.6034003644792477,-0.04343,-0.01649,-0.49452,0.00126,0.0011,-0.00055,-0.00649,0.01152,-0.43637,-5e-05,0.00037,0.00015,-0.02595,-0.0439,-0.49407,11,37.9121,362.8163,38.5472,179.3238,0.4366,-123.3915,0.0081,26.2349,0.3631
353,000353.png,False,1788787724.894210,1788787724.689510,normal_load,5,,0.6034003644792477,-0.04297,-0.01479,-0.5038,0.00116,0.00105,-0.00057,-0.00598,0.01325,-0.44558,-0.00015,0.00032,0.00014,-0.02633,-0.04235,-0.50339,10,37.9109,362.8163,38.5448,179.3242,0.4364,-123.391,0.0054,26.2325,0.3655
354,000354.png,False,1788787725.098299,1788787724.893599,normal_load,5,,0.6034003644792477,-0.04379,-0.01244,-0.5634,0.00114,0.00097,-0.00048,-0.00676,0.01564,-0.5051,-0.00018,0.00025,0.00023,-0.02781,-0.04168,-0.56301,10,37.909,362.8221,38.5003,179.3244,0.4366,-123.391,0.0023,26.1882,0.4098
355,000355.png,False,1788787725.926356,1788787725.721656,normal_load,5,,0.6861629098125945,-0.04013,-0.00195,-0.59586,0.00093,0.00112,-0.00046,-0.00291,0.02627,-0.53726,-0.00039,0.00039,0.00025,-0.02966,-0.03129,-0.59566,10,37.9074,362.8306,38.4973,179.3237,0.438,-123.3913,0.0027,26.1854,0.4126
356,000356.png,False,1788787726.130347,1788787725.925647,normal_load,5,,0.6861629098125945,-0.04134,-0.00425,-0.62908,0.00096,0.00106,-0.00047,-0.00408,0.024,-0.57041,-0.00036,0.00033,0.00024,-0.02932,-0.03442,-0.62883,11,37.9079,362.8333,38.4372,179.3214,0.4409,-123.3917,0.0003,26.1253,0.4727
357,000357.png,False,1788787727.370403,1788787727.165703,normal_load,5,,0.8249152747558639,-0.04642,-0.01892,-0.7221,0.00141,0.00088,-0.00038,-0.00888,0.00954,-0.66299,8e-05,0.00014,0.00034,-0.02575,-0.05115,-0.72156,10,37.911,362.8084,38.4161,179.3252,0.437,-123.3915,0.0089,26.1037,0.4943
358,000358.png,False,1788787727.782462,1788787727.577762,normal_load,5,,0.8249152747558639,-0.04096,-0.00629,-0.77674,0.00104,0.00095,-0.00067,-0.00332,0.02225,-0.71748,-0.00029,0.00022,5e-05,-0.02695,-0.03835,-0.77643,10,37.9103,362.8226,38.3726,179.3247,0.4378,-123.3921,0.0004,26.0605,0.5375
359,000359.png,False,1788787728.194437,1788787727.989737,normal_load,5,,0.8761584849739875,-0.04266,-0.01079,-0.80009,0.00125,0.00094,-0.00047,-0.00493,0.01782,-0.74069,-9e-05,0.0002,0.00025,-0.02601,-0.04348,-0.7997,10,37.91,362.8183,38.3698,179.325,0.4371,-123.3921,0.0099,26.0577,0.5403
360,000360.png,False,1788787728.402364,1788787728.197664,normal_load,5,,0.8761584849739875,-0.04389,-0.01032,-0.77298,0.00128,0.00093,-0.00072,-0.00611,0.01832,-0.71351,-6e-05,0.00019,-0.0,-0.0275,-0.04325,-0.7726,10,37.9103,362.8189,38.37,179.3249,0.4373,-123.3921,0.0035,26.0578,0.5402
361,000361.png,False,1788787728.814510,1788787728.609810,normal_load,5,,0.8761584849739875,-0.04198,-0.01144,-0.90054,0.0013,0.00088,-0.00076,-0.00411,0.01728,-0.84092,-4e-05,0.00014,-3e-05,-0.02441,-0.04531,-0.90012,10,37.9103,362.8132,38.3025,179.3246,0.4373,-123.3919,0.0062,25.9903,0.6077
362,000362.png,False,1788787729.434492,1788787729.229792,normal_load,5,,0.9988572784001973,-0.04255,-0.01211,-0.89106,0.00134,0.00084,-0.00055,-0.00454,0.01672,-0.83122,-1e-05,0.0001,0.00017,-0.02463,-0.04602,-0.89063,10,37.9103,362.813,38.3151,179.325,0.4371,-123.3921,0.0023,26.0029,0.5951
363,000363.png,False,1788787729.846520,1788787729.641820,normal_load,5,,0.9953573574640074,-0.04268,-0.0118,-0.9025,0.00127,0.00079,-0.00078,-0.00458,0.01709,-0.84251,-8e-05,4e-05,-5e-05,-0.02482,-0.046,-0.90208,11,37.9116,362.813,38.2927,179.3255,0.4367,-123.3923,0.0099,25.9805,0.6175
364,000364.png,False,1788787730.878557,1788787730.673857,normal_load,5,,1.0750438804001534,-0.03926,-0.0035,-0.97383,0.00111,0.00083,-0.00072,-0.00093,0.02557,-0.91348,-0.00025,8e-05,1e-05,-0.02551,-0.03824,-0.97355,10,37.9087,362.8213,38.2601,179.3238,0.4384,-123.3921,0.0076,25.948,0.65
365,000365.png,False,1788787731.086482,1788787730.881782,normal_load,5,,1.0750438804001534,-0.04627,-0.01742,-1.08094,0.00158,0.00064,-0.00067,-0.00789,0.01168,-1.02051,0.00021,-0.00011,6e-05,-0.02388,-0.05552,-1.08038,11,37.9118,362.8012,38.1745,179.3274,0.4343,-123.3921,0.0007,25.8621,0.7359
366,000366.png,False,1788787731.498579,1788787731.293879,normal_load,5,,1.0750438804001534,-0.04302,-0.01362,-1.16671,0.00147,0.0006,-0.00056,-0.00454,0.01555,-1.10613,0.00011,-0.00015,0.00018,-0.02237,-0.05198,-1.16621,10,37.912,362.8047,38.1876,179.3264,0.4354,-123.3925,0.0087,25.8752,0.7228
367,000367.png,False,1788787731.910607,1788787731.705907,normal_load,5,,1.2983294022403329,-0.03992,-0.00128,-1.07733,0.00119,0.00081,-0.00058,-0.00136,0.02797,-1.01661,-0.00018,5e-05,0.00016,-0.02648,-0.03831,-1.07707,10,37.9094,362.8173,38.2141,179.3232,0.439,-123.3921,0.0025,25.902,0.696
368,000368.png,False,1788787732.322607,1788787732.117907,normal_load,5,,1.2511980672021623,-0.04089,-0.00153,-1.15049,0.00123,0.00079,-0.00045,-0.00222,0.02779,-1.08962,-0.00014,3e-05,0.00029,-0.02668,-0.04018,-1.15021,10,37.9105,362.814,38.1884,179.3241,0.4384,-123.3926,0.0042,25.8762,0.7218
369,000369.png,False,1788787733.354655,1788787733.149955,normal_load,5,,1.3309027016221167,-0.03913,0.0044,-1.2301,0.00118,0.00082,-0.00056,-0.00023,0.03389,-1.16887,-0.0002,6e-05,0.00019,-0.02756,-0.03545,-1.22992,10,37.9087,362.8196,38.1482,179.3222,0.4398,-123.3928,0.0082,25.8361,0.7619
370,000370.png,False,1788787734.182719,1788787733.978019,normal_load,5,,1.4571297485037804,-0.04093,-0.00445,-1.36536,0.00145,0.00068,-0.00057,-0.00185,0.02519,-1.30382,6e-05,-9e-05,0.00017,-0.02377,-0.04617,-1.36499,10,37.9132,362.8087,38.0924,179.3235,0.4393,-123.3932,0.0084,25.7801,0.8179
371,000371.png,False,1788787734.594739,1788787734.390039,normal_load,5,,1.4571297485037804,-0.03725,0.00841,-1.36528,0.00123,0.00078,-0.00075,0.00193,0.03812,-1.3036,-0.00016,2e-05,-0.0,-0.027,-0.0332,-1.36514,10,37.9077,362.8301,38.0627,179.3174,0.4455,-123.3931,0.0006,25.7508,0.8472
372,000372.png,False,1788787735.418684,1788787735.213984,normal_load,5,,1.5261420990757928,-0.03583,0.00855,-1.41515,0.00113,0.00075,-0.00057,0.00353,0.03839,-1.35317,-0.00027,-2e-05,0.00018,-0.0255,-0.03317,-1.41501,10,37.91,362.8211,38.0662,179.3202,0.4428,-123.393,0.0038,25.7542,0.8438
373,000373.png,False,1788787735.834796,1788787735.630096,normal_load,5,,1.5261420990757928,-0.05158,-0.03364,-1.57048,0.00237,0.00029,-0.00046,-0.01212,-0.00372,-1.50836,0.00097,-0.00048,0.0003,-0.01698,-0.08007,-1.56955,10,37.9183,362.7777,38.0122,179.3264,0.4363,-123.3939,0.0099,25.6994,0.8986
374,000374.png,False,1788787736.454813,1788787736.250113,normal_load,5,,1.6674393298167758,-0.0282,0.02977,-1.54876,0.00067,0.00081,-0.0005,0.0114,0.05979,-1.48642,-0.00074,4e-05,0.00026,-0.02856,-0.01312,-1.54899,10,37.9095,362.8281,38.0159,179.3192,0.4439,-123.3939,0.0063,25.704,0.894
375,000375.png,False,1788787736.658841,1788787736.454141,normal_load,5,,1.6674393298167758,-0.02951,0.02662,-1.63833,0.0007,0.00074,-0.00046,0.01014,0.05668,-1.57591,-0.00071,-4e-05,0.0003,-0.0275,-0.01793,-1.63848,10,37.9094,362.8334,37.9549,179.3153,0.4483,-123.3939,0.0041,25.643,0.955
376,000376.png,False,1788787737.070858,1788787736.866158,normal_load,5,,1.6674393298167758,-0.03179,0.02314,-1.69336,0.00096,0.00074,-0.00051,0.00794,0.05327,-1.6308,-0.00045,-3e-05,0.00025,-0.02736,-0.02297,-1.69344,10,37.911,362.8244,37.9624,179.3174,0.4458,-123.3939,0.0071,25.6504,0.9476
377,000377.png,False,1788787737.690892,1788787737.486192,normal_load,5,,1.805106148084647,-0.04024,-0.00191,-1.72562,0.0016,0.00045,-0.00042,-0.00037,0.02833,-1.66284,0.00019,-0.00033,0.00034,-0.02194,-0.04941,-1.72524,10,37.9139,362.8032,37.9357,179.3216,0.4417,-123.3945,0.0075,25.6233,0.9747
378,000378.png,False,1788787738.518816,1788787738.314116,normal_load,5,,1.8619540607043321,-0.03566,0.00935,-1.76038,0.00131,0.00053,-0.00062,0.00441,0.03973,-1.69731,-0.00011,-0.00025,0.00015,-0.02336,-0.03791,-1.76021,10,37.9123,362.8136,37.9282,179.3186,0.4451,-123.3944,0.0068,25.616,0.982
379,000379.png,False,1788787739.134918,1788787738.930218,normal_load,5,,1.8619540607043321,-0.03616,0.00757,-1.89764,0.00146,0.00046,-0.00056,0.00404,0.03806,-1.83434,4e-05,-0.00032,0.00021,-0.02195,-0.04191,-1.89741,10,37.9145,362.808,37.8848,179.3181,0.4456,-123.3946,0.0043,25.5725,1.0255
380,000380.png,False,1788787739.550859,1788787739.346159,normal_load,5,,2.0,-0.03617,0.00276,-1.8702,0.00158,0.00045,-0.00058,0.00412,0.03331,-1.80675,0.00016,-0.00034,0.00019,-0.01975,-0.04564,-1.86989,10,37.9145,362.807,37.8888,179.3195,0.4445,-123.3943,0.0092,25.5765,1.0215
381,000381.png,False,1788787739.754982,1788787739.550282,normal_load,5,,2.0,-0.04109,-0.00646,-1.95984,0.00187,0.00033,-0.00055,-0.00075,0.02413,-1.89632,0.00044,-0.00046,0.00022,-0.01878,-0.05752,-1.95935,10,37.9176,362.7955,37.836,179.3235,0.4402,-123.3945,0.0082,25.5235,1.0745
382,000382.png,False,1788787740.166893,1788787739.962193,normal_load,5,,2.0,-0.03845,-0.00023,-2.03923,0.00179,0.00032,-0.00056,0.00199,0.03043,-1.97556,0.00035,-0.00047,0.00021,-0.01905,-0.05208,-2.03883,11,37.9171,362.8021,37.8335,179.3224,0.4421,-123.3945,0.002,25.5211,1.0769
383,000383.png,False,1788787740.374897,1788787740.170197,normal_unload,5,,2.0,-0.0374,0.00502,-2.0151,0.00156,0.0004,-0.00071,0.00308,0.03572,-1.95136,0.00012,-0.0004,6e-05,-0.02094,-0.04662,-2.01481,10,37.9163,362.8072,37.8329,179.321,0.4435,-123.3946,0.0094,25.5206,1.0774
384,000384.png,False,1788787740.787031,1788787740.582331,normal_unload,5,,1.9117570325158084,-0.03295,0.01109,-2.01143,0.00142,0.0005,-0.0006,0.00763,0.04186,-1.94755,-2e-05,-0.0003,0.00018,-0.02013,-0.03908,-2.01125,11,37.9158,362.8124,37.8387,179.3195,0.4454,-123.3946,0.0058,25.5265,1.0715
385,000385.png,False,1788787740.994998,1788787740.790298,normal_unload,5,,1.701406189827827,-0.01773,0.0439,-1.71312,0.00045,0.00109,-0.00061,0.02289,0.0747,-1.64916,-0.00099,0.00029,0.00016,-0.02541,0.00172,-1.71358,10,37.9132,362.8392,37.9362,179.3104,0.4562,-123.396,0.0009,25.6244,0.9736
386,000386.png,False,1788787741.198937,1788787740.994237,normal_unload,5,,1.701406189827827,-0.02466,0.03077,-1.76955,0.0008,0.00092,-0.00056,0.01601,0.06161,-1.70551,-0.00064,0.00013,0.00022,-0.02446,-0.01402,-1.76976,10,37.9151,362.8244,37.9011,179.315,0.451,-123.3957,0.0038,25.589,1.009
387,000387.png,False,1788787741.615047,1788787741.410347,normal_unload,5,,1.675057281419515,-0.04463,-0.02529,-1.76967,0.00229,0.00043,-0.00056,-0.00387,0.00562,-1.70549,0.00084,-0.00036,0.00022,-0.01375,-0.07255,-1.76887,10,37.9214,362.7956,37.9202,179.3185,0.448,-123.3972,0.0037,25.6077,0.9903
388,000388.png,False,1788787741.818965,1788787741.614265,normal_unload,5,,1.675057281419515,-0.03802,-0.00888,-1.76553,0.00183,0.0005,-0.00042,0.00279,0.02206,-1.70128,0.00039,-0.0003,0.00036,-0.01625,-0.05497,-1.76503,10,37.9185,362.8021,37.9248,179.3176,0.4487,-123.397,0.0006,25.6124,0.9856
389,000389.png,False,1788787742.230983,1788787742.026284,normal_unload,5,,1.6085264792552407,-0.0372,0.00272,-1.70269,0.00143,0.00053,-0.00062,0.0037,0.03374,-1.63829,-2e-05,-0.00027,0.00016,-0.02178,-0.0435,-1.7024,11,37.9167,362.8078,37.9423,179.3204,0.446,-123.3976,0.0084,25.63,0.968
390,000390.png,False,1788787742.439126,1788787742.234426,normal_unload,5,,1.6085264792552407,-0.03534,0.00657,-1.61555,0.00137,0.00072,-0.00064,0.00561,0.03762,-1.55108,-8e-05,-8e-05,0.00014,-0.02269,-0.03785,-1.61535,10,37.9163,362.8087,37.9759,179.3194,0.4471,-123.3979,0.0053,25.6636,0.9344
391,000391.png,False,1788787742.851071,1788787742.646371,normal_unload,5,,1.4916684789666759,-0.03756,0.00248,-1.54974,0.00143,0.0007,-0.0005,0.00348,0.0336,-1.48512,-2e-05,-0.0001,0.00029,-0.02303,-0.04145,-1.54947,10,37.9134,362.8178,38.0421,179.3166,0.4507,-123.3979,0.0036,25.7299,0.8681
392,000392.png,False,1788787743.059125,1788787742.854425,normal_unload,5,,1.3045497031597477,-0.03095,0.01684,-1.29095,0.00091,0.00097,-0.00064,0.01014,0.048,-1.22626,-0.00054,0.00017,0.00014,-0.02627,-0.02155,-1.29098,10,37.9129,362.8264,38.0715,179.3139,0.4538,-123.3979,0.0101,25.7595,0.8385
393,000393.png,False,1788787743.471151,1788787743.266451,normal_unload,5,,1.3045497031597477,-0.04336,-0.01609,-1.37094,0.00181,0.0006,-0.00065,-0.00218,0.01513,-1.3061,0.00035,-0.0002,0.00014,-0.02002,-0.05757,-1.37037,10,37.9182,362.7989,38.0698,179.3206,0.447,-123.3983,0.0087,25.7573,0.8407
394,000394.png,False,1788787743.883054,1788787743.678355,normal_unload,5,,1.2490359039283845,-0.04263,-0.01489,-1.35343,0.00177,0.00066,-0.00057,-0.00135,0.01641,-1.28844,0.00031,-0.00015,0.00022,-0.02011,-0.05587,-1.35288,10,37.9138,362.8236,38.0831,179.3196,0.4484,-123.3985,0.0005,25.7711,0.8269
395,000395.png,False,1788787744.503176,1788787744.298476,normal_unload,5,,1.204246953108415,-0.03938,-0.00375,-1.24441,0.00144,0.00083,-0.0007,0.00203,0.02766,-1.1792,-3e-05,3e-05,9e-05,-0.02361,-0.04286,-1.24407,10,37.9162,362.8097,38.1146,179.3236,0.4457,-123.4002,0.004,25.8023,0.7957
396,000396.png,False,1788787744.711182,1788787744.506482,normal_unload,5,,1.150568055489802,-0.04003,-0.01173,-1.2458,0.00162,0.00068,-0.00055,0.00143,0.01971,-1.18052,0.00015,-0.00013,0.00024,-0.02018,-0.05012,-1.24533,10,37.9164,362.8087,38.1187,179.3233,0.446,-123.4005,0.0024,25.8064,0.7916
397,000397.png,False,1788787744.915191,1788787744.710491,normal_unload,5,,1.150568055489802,-0.03965,-0.00335,-1.16154,0.0013,0.00086,-0.00058,0.00186,0.02813,-1.09619,-0.00017,5e-05,0.00022,-0.02462,-0.04132,-1.16123,10,37.9106,362.8291,38.2208,179.3164,0.4532,-123.4007,0.0048,25.9088,0.6892
398,000398.png,False,1788787745.123189,1788787744.918489,normal_unload,5,,0.9553851374770518,-0.03635,0.00751,-0.99479,0.00101,0.00099,-0.00064,0.0052,0.03902,-0.92936,-0.00046,0.00018,0.00016,-0.02835,-0.0276,-0.9947,10,37.9124,362.8246,38.2113,179.3179,0.4523,-123.4009,0.0086,25.8992,0.6988
399,000399.png,False,1788787745.327223,1788787745.122523,normal_unload,5,,0.9553851374770518,-0.0386,-0.00039,-1.07976,0.00126,0.00094,-0.00049,0.003,0.03115,-1.01426,-0.00021,0.00012,0.0003,-0.02575,-0.03692,-1.07952,10,37.9135,362.8152,38.1774,179.3215,0.4479,-123.4007,0.0103,25.8652,0.7328
400,000400.png,False,1788787745.535222,1788787745.330522,normal_unload,5,,0.9553851374770518,-0.04788,-0.02236,-0.99127,0.0018,0.00072,-0.00068,-0.00623,0.00922,-0.92569,0.00032,-9e-05,0.00011,-0.02343,-0.05917,-0.99063,10,37.9149,362.8034,38.2319,179.3223,0.4474,-123.4009,0.0036,25.9195,0.6785
401,000401.png,False,1788787745.743227,1788787745.538527,normal_unload,5,,0.8878390055466298,-0.04767,-0.01883,-0.97819,0.00173,0.00073,-0.00062,-0.00598,0.01279,-0.91254,0.00025,-8e-05,0.00018,-0.02511,-0.0558,-0.97762,10,37.9145,362.8052,38.2364,179.322,0.4477,-123.4011,0.0033,25.924,0.674
402,000402.png,False,1788787746.359281,1788787746.154581,normal_unload,5,,0.8064060189295476,-0.05512,-0.03486,-0.91147,0.00202,0.0006,-0.00084,-0.01328,-0.00314,-0.8456,0.00054,-0.00022,-4e-05,-0.02401,-0.07233,-0.91061,10,37.9172,362.7791,38.2571,179.3268,0.4427,-123.4011,0.0047,25.9443,0.6537
403,000403.png,False,1788787746.775259,1788787746.570560,normal_unload,5,,0.6885244871068551,-0.04789,-0.0199,-0.79199,0.00166,0.00078,-0.00073,-0.00597,0.01189,-0.72597,0.00017,-4e-05,7e-05,-0.02605,-0.05385,-0.79143,10,37.9101,362.8221,38.3288,179.3239,0.4456,-123.4013,0.0081,26.0167,0.5813
404,000404.png,False,1788787747.807328,1788787747.602628,normal_unload,5,,0.5104462541403052,-0.04806,-0.01998,-0.61481,0.00152,0.00091,-0.00081,-0.0059,0.01199,-0.54843,3e-05,9e-05,-0.0,-0.02738,-0.05116,-0.61427,11,37.9098,362.8117,38.4309,179.3233,0.4466,-123.402,0.0081,26.1186,0.4794
405,000405.png,False,1788787748.219359,1788787748.014659,normal_unload,5,,0.4399626253782032,-0.0444,-0.01093,-0.52108,0.00121,0.00109,-0.00069,-0.00214,0.02111,-0.45455,-0.00029,0.00027,0.00011,-0.02938,-0.04,-0.52072,10,37.9088,362.8222,38.492,179.323,0.4472,-123.4016,0.0025,26.1799,0.4181
406,000406.png,False,1788787749.455305,1788787749.250605,normal_unload,5,,0.23934691398194727,-0.0509,-0.02818,-0.33871,0.00153,0.00102,-0.00097,-0.00836,0.00407,-0.27174,3e-05,0.00018,-0.00016,-0.02766,-0.05527,-0.33807,10,37.9122,362.8062,38.6113,179.3245,0.4459,-123.4022,0.0008,26.2989,0.2991
407,000407.png,False,1788787751.107476,1788787750.902776,normal_unload,5,,0.049529316499183546,-0.04908,-0.03028,-0.13588,0.00156,0.00118,-0.00086,-0.00618,0.00225,-0.06833,4e-05,0.00034,-4e-05,-0.02645,-0.05293,-0.13524,11,37.9126,362.8075,38.852,179.328,0.4435,-123.4037,0.0022,26.5396,0.0584
408,000408.png,False,1788787756.887739,1788787756.683039,normal_load,6,,0.46074333470773465,-0.04925,-0.02554,-0.372,0.00154,0.00118,-0.0008,-0.00503,0.00798,-0.30239,-3e-05,0.00032,4e-05,-0.02732,-0.05269,-0.3714,11,37.9166,362.8058,38.6444,179.3224,0.455,-123.4092,0.0066,26.332,0.266
409,000409.png,False,1788787757.299724,1788787757.095024,normal_load,6,,0.46074333470773465,-0.04932,-0.02411,-0.47715,0.00162,0.00119,-0.00073,-0.00502,0.00948,-0.40739,4e-05,0.00033,0.00012,-0.02737,-0.05317,-0.47656,10,37.9163,362.821,38.5795,179.325,0.4535,-123.4103,0.0046,26.2673,0.3307
410,000410.png,False,1788787758.951857,1788787758.747157,normal_load,6,,0.5790860789391303,-0.05,-0.00988,-0.47263,0.00124,0.00115,-0.00082,-0.00532,0.024,-0.40228,-0.00035,0.00028,4e-05,-0.0351,-0.04111,-0.47229,10,37.9092,362.8247,38.5644,179.3199,0.4588,-123.4106,0.0044,26.2523,0.3457
411,000411.png,False,1788787759.363863,1788787759.159163,normal_load,6,,0.5790860789391303,-0.05696,-0.02038,-0.56995,0.00149,0.00094,-0.00072,-0.01218,0.01357,-0.49945,-9e-05,6e-05,0.00014,-0.0352,-0.05524,-0.56939,10,37.909,362.8061,38.5046,179.3241,0.4541,-123.4101,0.0054,26.1922,0.4058
412,000412.png,False,1788787759.571841,1788787759.367141,normal_load,6,,0.5790860789391303,-0.0533,-0.01551,-0.5508,0.00135,0.00099,-0.00093,-0.00847,0.01848,-0.48023,-0.00024,0.00012,-7e-05,-0.0346,-0.04888,-0.55034,10,37.909,362.8135,38.5002,179.3217,0.4566,-123.4104,0.0078,26.1879,0.4101
413,000413.png,False,1788787760.395802,1788787760.191103,normal_load,6,,0.7001264295298085,-0.04545,0.00433,-0.60589,0.00091,0.00121,-0.00094,-0.00044,0.03846,-0.53503,-0.00069,0.00033,-8e-05,-0.03733,-0.02867,-0.60578,10,37.9042,362.8356,38.469,179.3145,0.4642,-123.4102,0.0083,26.1571,0.4409
414,000414.png,False,1788787761.843857,1788787761.639157,normal_load,6,,0.8427289142126568,-0.04928,-0.0047,-0.72827,0.00116,0.00095,-0.00098,-0.00394,0.02968,-0.65689,-0.00044,6e-05,-0.00012,-0.03529,-0.04036,-0.72798,10,37.9068,362.8219,38.3895,179.3143,0.4647,-123.4104,0.0041,26.0774,0.5206
415,000415.png,False,1788787762.255877,1788787762.051177,normal_load,6,,0.8427289142126568,-0.05143,-0.0124,-0.8285,0.00149,0.00095,-0.00086,-0.006,0.02204,-0.75697,-0.00012,6e-05,1e-05,-0.03261,-0.04971,-0.82805,10,37.9089,362.8124,38.3455,179.3152,0.4634,-123.4104,0.0266,26.0333,0.5647
416,000416.png,False,1788787762.875994,1788787762.671294,normal_load,6,,0.9246253203678776,-0.04843,-0.00717,-0.83536,0.00134,0.00093,-0.00081,-0.00286,0.02739,-0.76361,-0.00028,4e-05,6e-05,-0.03258,-0.04379,-0.83501,10,37.909,362.8165,38.3408,179.3143,0.465,-123.4104,0.0099,26.0286,0.5694
417,000417.png,False,1788787763.079917,1788787762.875217,normal_load,6,,0.9246253203678776,-0.04657,-0.00102,-0.89673,0.00124,0.00098,-0.00084,-0.00096,0.03357,-0.82491,-0.00038,9e-05,3e-05,-0.03361,-0.03852,-0.89648,10,37.9065,362.8313,38.2863,179.31,0.4699,-123.4105,0.0076,25.9743,0.6237
418,000418.png,False,1788787763.700029,1788787763.495329,normal_load,6,,1.018374425486624,-0.04741,-0.00411,-0.90407,0.00125,0.00093,-0.00094,-0.00166,0.03058,-0.83203,-0.00037,4e-05,-6e-05,-0.03275,-0.04173,-0.90377,10,37.9096,362.8187,38.2939,179.3134,0.4662,-123.4106,0.0089,25.9818,0.6162
419,000419.png,False,1788787764.319969,1788787764.115269,normal_load,6,,1.0680966127634492,-0.04952,-0.0126,-0.96808,0.00155,0.00079,-0.00108,-0.00363,0.0222,-0.89582,-8e-05,-0.00011,-0.0002,-0.02989,-0.05117,-0.96761,10,37.911,362.8092,38.2561,179.3161,0.4631,-123.4106,0.0011,25.9438,0.6542
420,000420.png,False,1788787765.764134,1788787765.559434,normal_load,6,,1.1815974865376775,-0.04231,-0.00344,-1.2076,0.00137,0.00083,-0.00079,0.00391,0.03161,-1.13483,-0.00027,-8e-05,9e-05,-0.02656,-0.04346,-1.20727,10,37.9118,362.8163,38.1633,179.3142,0.4664,-123.4109,0.0038,25.8511,0.7469
421,000421.png,False,1788787766.176166,1788787765.971466,normal_load,6,,1.301633372042818,-0.04346,-0.00432,-1.18569,0.0014,0.0008,-0.00078,0.00286,0.0308,-1.11277,-0.00025,-0.00011,0.00011,-0.02726,-0.04445,-1.18535,10,37.9122,362.8144,38.1673,179.3157,0.4648,-123.4106,0.0053,25.8551,0.7429
422,000422.png,False,1788787766.384161,1788787766.179461,normal_load,6,,1.301633372042818,-0.04494,-0.00675,-1.15547,0.00149,0.00084,-0.00098,0.00142,0.0284,-1.08247,-0.00016,-6e-05,-9e-05,-0.02755,-0.04682,-1.15508,10,37.912,362.8121,38.1687,179.3165,0.464,-123.4111,0.0084,25.8564,0.7416
423,000423.png,False,1788787767.208189,1788787767.003489,normal_load,6,,1.3650147473061027,-0.04381,-0.00205,-1.25995,0.00142,0.00078,-0.00097,0.00274,0.03325,-1.18666,-0.00023,-0.00013,-9e-05,-0.02819,-0.04385,-1.25963,11,37.9116,362.8156,38.1222,179.3161,0.464,-123.4113,0.0062,25.81,0.788
424,000424.png,False,1788787767.416194,1788787767.211494,normal_load,6,,1.3650147473061027,-0.04707,-0.01189,-1.27859,0.00168,0.0007,-0.00092,-0.00047,0.02344,-1.20523,3e-05,-0.00021,-3e-05,-0.02596,-0.0543,-1.2781,10,37.914,362.8022,38.1183,179.3169,0.4632,-123.4113,0.0079,25.8059,0.7921
425,000425.png,False,1788787768.036223,1788787767.831523,normal_load,6,,1.3650147473061027,-0.0346,0.02157,-1.38527,0.00089,0.00093,-0.00087,0.01214,0.05701,-1.31169,-0.00077,1e-05,2e-05,-0.03114,-0.02079,-1.38537,10,37.9095,362.8284,38.0782,179.3148,0.4654,-123.4115,0.0072,25.7662,0.8318
426,000426.png,False,1788787768.448257,1788787768.243557,normal_load,6,,1.5020580985440717,-0.04078,0.00625,-1.3599,0.00128,0.00082,-0.00094,0.00605,0.04175,-1.28618,-0.00038,-9e-05,-4e-05,-0.02902,-0.03675,-1.35972,11,37.9099,362.8185,38.0823,179.3167,0.4634,-123.4113,0.0034,25.7702,0.8278
427,000427.png,False,1788787768.860249,1788787768.655549,normal_load,6,,1.5020580985440717,-0.04501,-0.00969,-1.46812,0.00172,0.00062,-0.00072,0.00191,0.02589,-1.39425,5e-05,-0.00029,0.00017,-0.02397,-0.0544,-1.46764,10,37.9138,362.8054,38.0475,179.3188,0.4615,-123.4117,0.0038,25.7352,0.8628
428,000428.png,False,1788787769.480330,1788787769.275630,normal_load,6,,1.5628852527653323,-0.0408,0.0033,-1.46735,0.00135,0.00067,-0.00087,0.00626,0.03898,-1.39325,-0.00032,-0.00025,3e-05,-0.02681,-0.04103,-1.4671,10,37.9124,362.8128,38.038,179.3161,0.4643,-123.4117,0.0009,25.7257,0.8723
429,000429.png,False,1788787769.688281,1788787769.483581,normal_load,6,,1.5628852527653323,-0.04227,0.00021,-1.53464,0.00146,0.00068,-0.00081,0.00484,0.03593,-1.46047,-0.00021,-0.00025,9e-05,-0.02608,-0.04552,-1.53432,11,37.9115,362.8184,37.9948,179.3116,0.469,-123.4131,0.0059,25.6827,0.9153
430,000430.png,False,1788787770.512336,1788787770.307636,normal_load,6,,1.684726534210867,-0.04409,-0.00364,-1.5588,0.00168,0.00068,-0.00082,0.00321,0.03222,-1.48434,-0.0,-0.00025,9e-05,-0.02556,-0.05015,-1.55841,10,37.9138,362.8084,38.0072,179.316,0.4641,-123.4128,0.0058,25.6949,0.9031
431,000431.png,False,1788787770.720374,1788787770.515674,normal_load,6,,1.684726534210867,-0.04647,-0.01068,-1.63482,0.00187,0.00051,-0.00079,0.00087,0.02522,-1.56028,0.00019,-0.00041,0.00011,-0.02359,-0.05865,-1.63429,10,37.9148,362.8,37.9598,179.3194,0.4608,-123.4126,0.0048,25.6474,0.9506
432,000432.png,False,1788787771.336322,1788787771.131622,normal_load,6,,1.787160548231327,-0.04192,-0.00077,-1.68915,0.00158,0.00051,-0.00092,0.00556,0.03523,-1.61439,-0.0001,-0.00042,-1e-05,-0.02422,-0.04867,-1.68879,10,37.9143,362.8089,37.9531,179.317,0.4634,-123.4126,0.0032,25.6408,0.9572
433,000433.png,False,1788787771.544379,1788787771.339679,normal_load,6,,1.787160548231327,-0.04279,0.0042,-1.67406,0.00157,0.00061,-0.00101,0.00474,0.04024,-1.59922,-0.00012,-0.00032,-0.0001,-0.02756,-0.04456,-1.67379,10,37.9128,362.8103,37.9552,179.3166,0.4638,-123.4124,0.0023,25.643,0.955
434,000434.png,False,1788787772.576422,1788787772.371722,normal_load,6,,1.8826371381634743,-0.03825,0.00873,-1.76574,0.00141,0.00064,-0.00093,0.00952,0.04495,-1.69055,-0.00028,-0.0003,-1e-05,-0.02525,-0.03983,-1.76555,10,37.9138,362.8158,37.9221,179.3151,0.4657,-123.4128,0.0063,25.61,0.988
435,000435.png,False,1788787772.988432,1788787772.783732,normal_load,6,,1.8826371381634743,-0.04967,-0.02426,-1.94612,0.00231,0.00022,-0.00103,-0.00181,0.01202,-1.87078,0.00061,-0.00072,-0.00011,-0.01741,-0.07701,-1.94531,11,37.918,362.7891,37.8559,179.3211,0.46,-123.413,0.0094,25.5433,1.0547
436,000436.png,False,1788787773.400476,1788787773.195776,normal_load,6,,2.0,-0.04232,-0.00232,-1.94879,0.00186,0.00043,-0.00098,0.00563,0.03404,-1.8733,0.00016,-0.0005,-6e-05,-0.02199,-0.05437,-1.94837,10,37.9158,362.8031,37.858,179.3174,0.464,-123.4128,0.002,25.5456,1.0524
437,000437.png,False,1788787773.608383,1788787773.403683,normal_load,6,,2.0,-0.03764,0.00163,-1.92991,0.00166,0.0005,-0.00092,0.01035,0.03802,-1.85435,-5e-05,-0.00044,-0.0,-0.02004,-0.04831,-1.92957,11,37.9146,362.8082,37.8663,179.3159,0.4655,-123.413,0.0041,25.5541,1.0439
438,000438.png,False,1788787773.816458,1788787773.611758,normal_load,6,,2.0,-0.03376,0.01677,-1.95152,0.0013,0.00068,-0.00098,0.01428,0.0532,-1.87588,-0.0004,-0.00026,-6e-05,-0.02409,-0.0336,-1.95144,10,37.9116,362.8264,37.8428,179.3108,0.4709,-123.4129,0.0094,25.5309,1.0671
439,000439.png,False,1788787774.432507,1788787774.227807,normal_unload,6,,2.0,-0.03297,0.01664,-1.99224,0.00134,0.0006,-0.00078,0.01521,0.05318,-1.91639,-0.00037,-0.00035,0.00014,-0.02307,-0.03398,-1.99216,10,37.9135,362.8168,37.845,179.3135,0.4681,-123.4128,0.0023,25.5328,1.0652
440,000440.png,False,1788787774.848525,1788787774.643825,normal_unload,6,,1.885634171766739,-0.03472,0.01105,-1.98904,0.00146,0.00059,-0.00077,0.01355,0.04765,-1.91303,-0.00025,-0.00036,0.00015,-0.02181,-0.03964,-1.98886,11,37.9135,362.8149,37.8447,179.3147,0.4671,-123.4128,0.01,25.5326,1.0654
441,000441.png,False,1788787775.260517,1788787775.055817,normal_unload,6,,1.7293947895738,-0.03668,0.00293,-1.82206,0.00157,0.00065,-0.00088,0.01169,0.03961,-1.7459,-0.00014,-0.0003,5e-05,-0.02061,-0.04498,-1.82176,10,37.9163,362.8091,37.8903,179.3153,0.4671,-123.413,0.0007,25.578,1.02
442,000442.png,False,1788787775.672533,1788787775.467833,normal_unload,6,,1.6637907513473067,-0.0376,0.00362,-1.77414,0.00157,0.00071,-0.00071,0.01086,0.04037,-1.69784,-0.00015,-0.00023,0.00022,-0.02208,-0.04407,-1.77386,10,37.9152,362.8129,37.9155,179.3147,0.4674,-123.4139,0.0101,25.6032,0.9948
443,000443.png,False,1788787775.880585,1788787775.675885,normal_unload,6,,1.6637907513473067,-0.0377,0.00028,-1.75425,0.00163,0.00068,-0.00089,0.01081,0.03706,-1.67788,-9e-05,-0.00027,4e-05,-0.02063,-0.0467,-1.75392,10,37.9158,362.8117,37.9161,179.3151,0.4672,-123.4139,0.0029,25.6039,0.9941
444,000444.png,False,1788787776.084496,1788787775.879797,normal_unload,6,,1.5614178047651848,-0.03786,-0.00503,-1.64688,0.00167,0.00067,-0.00102,0.01069,0.03179,-1.57043,-5e-05,-0.00028,-9e-05,-0.01887,-0.04965,-1.64646,10,37.916,362.8106,37.9468,179.3154,0.4669,-123.415,0.0,25.6346,0.9634
445,000445.png,False,1788787776.292614,1788787776.087914,normal_unload,6,,1.5614178047651848,-0.03955,-0.00665,-1.66953,0.00177,0.00066,-0.00085,0.00905,0.0302,-1.59301,4e-05,-0.00029,8e-05,-0.01936,-0.05227,-1.66908,10,37.9167,362.8067,37.9457,179.3156,0.4667,-123.415,0.0068,25.6333,0.9647
446,000446.png,False,1788787776.496630,1788787776.291930,normal_unload,6,,1.5614178047651848,-0.03738,-0.00089,-1.58707,0.00152,0.00081,-0.00082,0.01126,0.036,-1.51048,-0.00021,-0.00014,0.00011,-0.02094,-0.04487,-1.58674,10,37.9166,362.813,37.9971,179.3151,0.4678,-123.4157,0.0014,25.6849,0.9131
447,000447.png,False,1788787776.912625,1788787776.707925,normal_unload,6,,1.425211252929398,-0.0372,-0.00286,-1.51658,0.00159,0.00091,-0.00086,0.01154,0.0341,-1.43984,-0.00013,-5e-05,7e-05,-0.02028,-0.04536,-1.51622,10,37.9166,362.8142,38.0093,179.3142,0.4688,-123.4157,0.0073,25.6971,0.9009
448,000448.png,False,1788787777.944663,1788787777.739963,normal_unload,6,,1.1856664737041314,-0.04548,-0.02502,-1.29025,0.00203,0.00084,-0.00096,0.0035,0.01212,-1.21315,0.0003,-0.00012,-3e-05,-0.01795,-0.06506,-1.28953,10,37.9188,362.8009,38.1059,179.3153,0.4682,-123.4183,0.0099,25.7934,0.8046
449,000449.png,False,1788787778.148685,1788787777.943985,normal_unload,6,,1.0955573671525285,-0.04579,-0.03129,-1.17365,0.00209,0.00077,-0.00106,0.00323,0.00588,-1.09647,0.00035,-0.00019,-0.00012,-0.0159,-0.06878,-1.17283,11,37.9202,362.7945,38.1261,179.3175,0.4662,-123.4185,0.0072,25.8136,0.7844
450,000450.png,False,1788787778.560734,1788787778.356034,normal_unload,6,,1.0955573671525285,-0.03243,0.01257,-1.11999,0.00092,0.00127,-0.001,0.01668,0.04981,-1.04266,-0.00082,0.00031,-7e-05,-0.02661,-0.02326,-1.11997,10,37.9127,362.8363,38.1736,179.3139,0.47,-123.4198,0.0002,25.8618,0.7362
451,000451.png,False,1788787778.976704,1788787778.772004,normal_unload,6,,1.0011251383210436,-0.03611,-0.00276,-1.07816,0.00135,0.00112,-0.001,0.0131,0.03456,-1.00068,-0.0004,0.00016,-6e-05,-0.02243,-0.0377,-1.07787,10,37.9165,362.8135,38.2231,179.314,0.4698,-123.4211,0.0068,25.9109,0.6871
452,000452.png,False,1788787779.388720,1788787779.184020,normal_unload,6,,0.8836522920680466,-0.04363,-0.01661,-0.98702,0.00168,0.00105,-0.00112,0.00567,0.02077,-0.9094,-7e-05,9e-05,-0.00018,-0.02265,-0.052,-0.98649,11,37.9162,362.8143,38.2183,179.3148,0.4696,-123.4207,0.0021,25.9061,0.6919
453,000453.png,False,1788787779.800736,1788787779.596036,normal_unload,6,,0.7855132522902836,-0.04289,-0.01309,-0.8834,0.00141,0.00101,-0.00101,0.0065,0.02437,-0.80563,-0.00034,5e-05,-7e-05,-0.02449,-0.04692,-0.88295,10,37.9128,362.8168,38.2681,179.3144,0.4704,-123.4203,0.0066,25.9559,0.6421
454,000454.png,False,1788787780.008782,1788787779.804082,normal_unload,6,,0.7855132522902836,-0.04382,-0.01206,-0.87623,0.00147,0.00104,-0.00101,0.00563,0.02543,-0.79839,-0.00028,7e-05,-6e-05,-0.02585,-0.04637,-0.8758,11,37.9117,362.8183,38.3187,179.3132,0.4716,-123.4205,0.0098,26.0065,0.5915
455,000455.png,False,1788787780.832815,1788787780.628115,normal_unload,6,,0.5920626387157313,-0.04833,-0.0135,-0.69787,0.00145,0.00113,-0.00094,0.0013,0.02413,-0.61973,-0.00031,0.00016,1e-05,-0.03028,-0.04702,-0.69743,10,37.9085,362.8186,38.3779,179.3144,0.4713,-123.4201,0.0097,26.0657,0.5323
456,000456.png,False,1788787781.040808,1788787780.836108,normal_unload,6,,0.5920626387157313,-0.04705,-0.01514,-0.69088,0.00141,0.0011,-0.00096,0.00263,0.02252,-0.61267,-0.00035,0.00012,-1e-05,-0.0284,-0.04769,-0.69041,10,37.9082,362.8175,38.406,179.3147,0.471,-123.4207,0.0027,26.0939,0.5041
457,000457.png,False,1788787781.452855,1788787781.248155,normal_unload,6,,0.495869566949915,-0.05107,-0.02093,-0.5923,0.0016,0.00112,-0.00124,-0.00131,0.01681,-0.51394,-0.00016,0.00015,-0.00028,-0.02968,-0.05314,-0.59175,10,37.9107,362.8119,38.4289,179.3159,0.4703,-123.4209,0.0074,26.1166,0.4814
458,000458.png,False,1788787782.072863,1788787781.868163,normal_unload,6,,0.40978123500991614,-0.0464,-0.01418,-0.51052,0.00135,0.00126,-0.0011,0.0035,0.02366,-0.43194,-0.00042,0.00028,-0.00015,-0.02957,-0.04364,-0.5101,10,37.9086,362.8226,38.4995,179.3155,0.4717,-123.4207,0.0064,26.1874,0.4106
459,000459.png,False,1788787790.121138,1788787789.916438,normal_load,7,,0.3858779351723569,-0.04896,-0.02419,-0.27845,0.00145,0.00141,-0.00116,0.00277,0.01504,-0.19701,-0.00038,0.0004,-0.00017,-0.02839,-0.04987,-0.27789,10,37.9116,362.8288,38.7135,179.3124,0.4784,-123.4245,0.0077,26.4014,0.1966
460,000460.png,False,1788787790.329130,1788787790.124430,normal_load,7,,0.3858779351723569,-0.05356,-0.03736,-0.36744,0.00186,0.00125,-0.00096,-0.00179,0.0019,-0.28592,3e-05,0.00024,3e-05,-0.02518,-0.065,-0.36663,11,37.9182,362.791,38.5917,179.3245,0.4656,-123.4268,0.0095,26.279,0.319
461,000461.png,False,1788787791.565310,1788787791.360610,normal_load,7,,0.49946377590332536,-0.04668,-0.01279,-0.39836,0.00129,0.0015,-0.00092,0.00538,0.02668,-0.3164,-0.00056,0.00049,8e-05,-0.03128,-0.04078,-0.39798,10,37.9109,362.8352,38.6364,179.3071,0.4839,-123.4265,0.0019,26.3244,0.2736
462,000462.png,False,1788787791.981333,1788787791.776633,normal_load,7,,0.5123929017788271,-0.05004,-0.02266,-0.41328,0.0015,0.00132,-0.001,0.00211,0.01688,-0.33117,-0.00035,0.00031,-0.0,-0.02916,-0.05125,-0.41272,10,37.912,362.8209,38.6123,179.3069,0.484,-123.4263,0.008,26.3001,0.2979
463,000463.png,False,1788787793.013328,1788787792.808628,normal_load,7,,0.5835606827986339,-0.05025,-0.01855,-0.48335,0.00143,0.00137,-0.00095,0.00213,0.02117,-0.40088,-0.00043,0.00035,5e-05,-0.0309,-0.04892,-0.48286,10,37.9109,362.8257,38.5632,179.3059,0.4854,-123.4269,0.0044,26.2512,0.3468
464,000464.png,False,1788787795.281452,1788787795.076752,normal_load,7,,0.8233038970236947,-0.05288,-0.01418,-0.72258,0.00149,0.00111,-0.00109,2e-05,0.02592,-0.6393,-0.00039,8e-05,-8e-05,-0.03371,-0.05028,-0.72211,10,37.9074,362.8168,38.4049,179.3112,0.4827,-123.4271,0.0008,26.0927,0.5053
465,000465.png,False,1788787795.489450,1788787795.284750,normal_load,7,,0.8233038970236947,-0.05197,-0.01054,-0.68433,0.00136,0.00118,-0.0013,0.00097,0.0296,-0.60098,-0.00051,0.00015,-0.00029,-0.03501,-0.04606,-0.68394,11,37.9064,362.8203,38.4132,179.31,0.4836,-123.4273,0.0072,26.1011,0.4969
466,000466.png,False,1788787796.521407,1788787796.316707,normal_load,7,,0.8765384114065341,-0.05067,-0.00709,-0.76206,0.00137,0.0012,-0.00112,0.0025,0.03323,-0.67834,-0.00052,0.00016,-0.0001,-0.03506,-0.04367,-0.76172,10,37.9054,362.8263,38.381,179.3077,0.486,-123.4271,0.0097,26.069,0.529
467,000467.png,False,1788787797.141520,1788787796.936820,normal_load,7,,0.8765384114065341,-0.05836,-0.02609,-0.89235,0.0019,0.00098,-0.00104,-0.00505,0.01434,-0.80841,1e-05,-6e-05,-3e-05,-0.03133,-0.06605,-0.89164,10,37.9095,362.802,38.3128,179.3116,0.4819,-123.4271,0.0035,26.0004,0.5976
468,000468.png,False,1788787797.553566,1788787797.348866,normal_load,7,,0.9907887078084571,-0.05324,-0.01405,-0.85868,0.00155,0.00106,-0.00118,0.00017,0.02644,-0.7746,-0.00035,1e-05,-0.00016,-0.03314,-0.05253,-0.8582,10,37.9084,362.814,38.3238,179.3083,0.4856,-123.4276,0.0086,26.0115,0.5865
469,000469.png,False,1788787798.377598,1788787798.172898,normal_load,7,,1.0501182292589817,-0.0492,-0.00254,-0.95281,0.00131,0.00112,-0.00123,0.00439,0.03809,-0.86843,-0.00059,8e-05,-0.00021,-0.03474,-0.04205,-0.95252,10,37.9076,362.8221,38.2714,179.3033,0.491,-123.4276,0.0088,25.9593,0.6387
470,000470.png,False,1788787798.793607,1788787798.588907,normal_load,7,,1.0501182292589817,-0.04415,0.00782,-1.02267,0.00108,0.00123,-0.00113,0.00953,0.04853,-0.93815,-0.00082,0.00018,-0.0001,-0.03506,-0.03167,-1.02257,10,37.9061,362.8308,38.2451,179.2995,0.4949,-123.4274,0.0052,25.9332,0.6648
471,000471.png,False,1788787799.825639,1788787799.620939,normal_load,7,,1.1261844799365237,-0.05216,-0.01466,-1.20694,0.00175,0.00088,-0.00081,0.00176,0.02623,-1.12205,-0.00016,-0.00017,0.00022,-0.02949,-0.05809,-1.2064,10,37.909,362.8084,38.1785,179.3069,0.4872,-123.4269,0.0006,25.8662,0.7318
472,000472.png,False,1788787800.029634,1788787799.824934,normal_load,7,,1.1261844799365237,-0.05249,-0.01371,-1.18898,0.00172,0.00093,-0.00085,0.00148,0.02721,-1.10401,-0.0002,-0.00013,0.00018,-0.03037,-0.05715,-1.18846,11,37.9097,362.809,38.18,179.3058,0.488,-123.4272,0.002,25.8677,0.7303
473,000473.png,False,1788787800.237667,1788787800.032967,normal_load,7,,1.2999198908986926,-0.04974,-0.00597,-1.1494,0.00155,0.00101,-0.00103,0.00427,0.03499,-1.06436,-0.00037,-5e-05,0.0,-0.03213,-0.04844,-1.14903,10,37.9089,362.8145,38.1902,179.3037,0.4905,-123.4272,0.0087,25.878,0.72
474,000474.png,False,1788787801.473732,1788787801.269032,normal_load,7,,1.287891160429473,-0.04796,-0.0033,-1.17341,0.00147,0.00099,-0.0011,0.00633,0.03787,-1.08793,-0.00045,-7e-05,-6e-05,-0.03176,-0.04561,-1.17308,10,37.9097,362.8189,38.1697,179.3002,0.4942,-123.4277,0.0092,25.8576,0.7404
475,000475.png,False,1788787801.889763,1788787801.685063,normal_load,7,,1.287891160429473,-0.05983,-0.03205,-1.34578,0.00235,0.00065,-0.00101,-0.00545,0.00919,-1.26015,0.00042,-0.00041,3e-05,-0.02649,-0.07921,-1.3449,11,37.9137,362.7894,38.1,179.3063,0.4879,-123.4274,0.0039,25.7874,0.8106
476,000476.png,False,1788787802.505785,1788787802.301085,normal_load,7,,1.4375451671033348,-0.05101,-0.00631,-1.34037,0.00164,0.0009,-0.00092,0.00352,0.03504,-1.25452,-0.00029,-0.00016,0.00012,-0.03174,-0.05242,-1.33995,11,37.91,362.8099,38.1086,179.301,0.4934,-123.4272,0.0049,25.7963,0.8017
477,000477.png,False,1788787802.921799,1788787802.717099,normal_load,7,,1.4375451671033348,-0.04069,0.01785,-1.39463,0.00095,0.00105,-0.00107,0.01393,0.05927,-1.30863,-0.00099,-1e-05,-2e-05,-0.0345,-0.02721,-1.39464,10,37.9065,362.8288,38.0767,179.2961,0.4986,-123.4273,0.0016,25.7647,0.8333
478,000478.png,False,1788787803.537848,1788787803.333148,normal_load,7,,1.4954410186587552,-0.04414,0.00527,-1.39563,0.00124,0.00095,-0.00102,0.01062,0.04679,-1.30942,-0.0007,-0.00012,2e-05,-0.03119,-0.03985,-1.39542,10,37.9081,362.8212,38.0757,179.2984,0.496,-123.4272,0.0067,25.7637,0.8343
479,000479.png,False,1788787803.745831,1788787803.541131,normal_load,7,,1.4954410186587552,-0.05291,-0.0176,-1.4645,0.00198,0.00068,-0.00104,0.0019,0.02396,-1.37821,3e-05,-0.00039,1e-05,-0.02689,-0.06514,-1.46387,11,37.9131,362.7928,38.0201,179.304,0.4902,-123.427,0.0,25.7076,0.8904
480,000480.png,False,1788787805.601941,1788787805.397241,normal_load,7,,1.7737783784764674,-0.04625,0.00043,-1.65299,0.00157,0.00077,-0.00082,0.00898,0.0423,-1.56604,-0.00039,-0.00031,0.00023,-0.02881,-0.04922,-1.65265,10,37.9108,362.8127,37.9826,179.2986,0.4959,-123.4274,0.0034,25.6704,0.9276
481,000481.png,False,1788787806.634013,1788787806.429313,normal_load,7,,1.8292064486985227,-0.04543,0.00468,-1.7554,0.00157,0.0008,-0.00072,0.01003,0.04673,-1.66808,-0.0004,-0.00028,0.00034,-0.02952,-0.04677,-1.75512,10,37.9104,362.8148,37.9477,179.2973,0.4973,-123.4275,0.0069,25.6355,0.9625
482,000482.png,False,1788787807.049978,1788787806.845279,normal_load,7,,1.8292064486985227,-0.04271,0.01271,-1.83765,0.00135,0.0008,-0.00086,0.01285,0.05483,-1.75018,-0.00062,-0.00028,0.0002,-0.0306,-0.03977,-1.8375,11,37.9085,362.8184,37.9129,179.295,0.4997,-123.427,0.0066,25.6009,0.9971
483,000483.png,False,1788787807.666029,1788787807.461329,normal_load,7,,1.9343629079843738,-0.0481,0.00062,-1.81402,0.00173,0.00072,-0.00088,0.00759,0.04285,-1.72633,-0.00024,-0.00037,0.00018,-0.0294,-0.05255,-1.81365,11,37.9101,362.8102,37.9196,179.297,0.4976,-123.427,0.0021,25.6074,0.9906
484,000484.png,False,1788787808.286041,1788787808.081342,normal_load,7,,1.9343629079843738,-0.04821,-0.00541,-1.93967,0.00194,0.00056,-0.00099,0.00762,0.03692,-1.85176,-4e-05,-0.00054,8e-05,-0.02561,-0.05985,-1.93918,11,37.9117,362.806,37.8696,179.2983,0.4959,-123.4272,0.0067,25.5573,1.0407
485,000485.png,False,1788787808.698017,1788787808.493317,normal_load,7,,2.0,-0.04569,0.0057,-1.94585,0.00163,0.0007,-0.00092,0.01024,0.04811,-1.85779,-0.00035,-0.00039,0.00015,-0.02894,-0.04906,-1.94556,10,37.9113,362.8107,37.8696,179.2967,0.4979,-123.4272,0.0021,25.5574,1.0406
486,000486.png,False,1788787809.114057,1788787808.909357,normal_load,7,,2.0,-0.03831,0.02135,-1.98003,0.0013,0.00087,-0.00104,0.01771,0.06383,-1.89183,-0.00068,-0.00022,3e-05,-0.03012,-0.03237,-1.98002,10,37.91,362.8224,37.8549,179.2928,0.502,-123.4273,0.0051,25.5429,1.0551
487,000487.png,False,1788787809.526087,1788787809.321387,normal_unload,7,,2.0,-0.04935,-0.008,-1.97969,0.0021,0.00058,-0.00106,0.00677,0.03454,-1.89135,0.00011,-0.00052,1e-05,-0.02502,-0.0633,-1.97915,11,37.9131,362.8019,37.8529,179.2956,0.499,-123.427,0.0046,25.5406,1.0574
488,000488.png,False,1788787809.730103,1788787809.525403,normal_unload,7,,1.879881276528573,-0.05138,-0.01333,-1.98446,0.00217,0.00053,-0.00096,0.00478,0.02926,-1.89603,0.00018,-0.00057,0.00011,-0.02409,-0.069,-1.98382,10,37.9135,362.8008,37.8535,179.2962,0.4984,-123.4272,0.0078,25.5411,1.0569
489,000489.png,False,1788787809.938009,1788787809.733309,normal_unload,7,,1.879881276528573,-0.04599,-0.00022,-1.97029,0.00185,0.00064,-0.00101,0.01021,0.0424,-1.8818,-0.00015,-0.00045,6e-05,-0.02607,-0.05473,-1.96989,10,37.9104,362.8234,37.8625,179.2943,0.5005,-123.4275,0.0057,25.5505,1.0475
490,000490.png,False,1788787811.382080,1788787811.177380,normal_unload,7,,1.5562140139022773,-0.05133,-0.01365,-1.65796,0.00201,0.0007,-0.00092,0.0052,0.02921,-1.56895,1e-05,-0.0004,0.00016,-0.02615,-0.06403,-1.65736,10,37.9141,362.8048,37.9624,179.2968,0.4981,-123.4275,0.0106,25.6501,0.9479
491,000491.png,False,1788787812.002218,1788787811.797518,normal_unload,7,,1.3659345288131333,-0.04884,-0.00613,-1.47444,0.00176,0.00093,-0.00097,0.00784,0.03685,-1.38521,-0.00025,-0.00018,0.00011,-0.02902,-0.05333,-1.47401,10,37.9126,362.8135,38.0464,179.2947,0.5003,-123.4273,0.0024,25.7342,0.8638
492,000492.png,False,1788787814.894227,1788787814.689527,normal_unload,7,,0.7776868854848772,-0.04788,-0.01622,-0.87935,0.00178,0.00131,-0.00132,0.00944,0.02725,-0.7891,-0.00026,0.00019,-0.00023,-0.02728,-0.05206,-0.87884,10,37.9162,362.818,38.2768,179.2958,0.5016,-123.4286,0.0079,25.9646,0.6334
493,000493.png,False,1788787815.098237,1788787814.893537,normal_unload,7,,0.7776868854848772,-0.04785,-0.01808,-0.87305,0.00174,0.0013,-0.0012,0.00952,0.02543,-0.78272,-0.0003,0.00018,-0.0001,-0.02636,-0.05355,-0.87251,10,37.9161,362.8145,38.3332,179.2961,0.5016,-123.4292,0.0055,26.0209,0.5771
494,000494.png,False,1788787816.130284,1788787815.925584,normal_unload,7,,0.5754830059913048,-0.0513,-0.02184,-0.64996,0.00175,0.00137,-0.00139,0.0063,0.02184,-0.55926,-0.00029,0.00024,-0.00029,-0.02902,-0.05496,-0.64938,10,37.9149,362.8229,38.4446,179.2953,0.5024,-123.4334,0.0053,26.1324,0.4656
495,000495.png,False,1788787816.542404,1788787816.337704,normal_unload,7,,0.4803442940364818,-0.05194,-0.02612,-0.58675,0.00182,0.00136,-0.00141,0.00576,0.01763,-0.49591,-0.00023,0.00023,-0.00031,-0.02787,-0.05797,-0.5861,10,37.9152,362.8183,38.4383,179.2961,0.5016,-123.4329,0.0048,26.1261,0.4719
496,000496.png,False,1788787817.162416,1788787816.957716,normal_unload,7,,0.39580979508458536,-0.05203,-0.02901,-0.48065,0.00186,0.00142,-0.00141,0.00581,0.01484,-0.38959,-0.00019,0.00029,-0.00031,-0.02724,-0.05883,-0.47997,10,37.9142,362.8292,38.5667,179.2947,0.5036,-123.4353,0.0007,26.2546,0.3434
497,000497.png,False,1788787819.638506,1788787819.433806,normal_unload,7,,0.014140840435783272,-0.05969,-0.03697,-0.12182,0.00184,0.00141,-0.0013,-0.00129,0.00732,-0.02987,-0.00023,0.00027,-0.00019,-0.03239,-0.06379,-0.12104,10,37.91,362.8214,38.8746,179.2977,0.5025,-123.4393,0.0047,26.5624,0.0356
498,000498.png,False,1788787820.054554,1788787819.849854,normal_unload,7,,0.014140840435783272,-0.06465,-0.04624,-0.03318,0.00211,0.00132,-0.00151,-0.00616,-0.00189,0.05891,3e-05,0.00018,-0.00039,-0.03267,-0.07289,-0.03224,10,37.9082,362.8075,39.0167,179.2982,0.5023,-123.439,0.0085,26.7043,-0.1063
499,000499.png,False,1788787828.102921,1788787827.898221,normal_load,8,,0.6063585877840978,-0.05586,-0.02548,-0.49927,0.00185,0.00131,-0.00111,0.00445,0.02026,-0.40431,-0.00029,0.00013,4e-05,-0.0322,-0.05797,-0.49864,10,37.9102,362.8175,38.5657,179.2892,0.5146,-123.4396,0.0022,26.2535,0.3445
500,000500.png,False,1788787831.611062,1788787831.406362,normal_load,8,,0.7766019175840825,-0.05583,-0.02373,-0.8446,0.00202,0.00119,-0.00125,0.00527,0.0226,-0.74839,-0.00015,0.0,-8e-05,-0.03065,-0.06198,-0.84394,10,37.9117,362.816,38.358,179.2883,0.5167,-123.4413,0.0033,26.0458,0.5522
501,000501.png,False,1788787858.860205,1788787858.655505,shear_+X_out,1,+X,0.1,-0.06534,-0.03811,-1.21139,0.00258,0.00074,-0.00146,0.00138,0.01277,-1.10595,0.0002,-0.00056,-0.00017,-0.02916,-0.08506,-1.21041,10,37.9159,362.8188,38.1682,179.2881,0.5308,-123.4532,0.003,25.8561,0.7419
502,000502.png,False,1788787859.068279,1788787858.863579,shear_+X_out,1,+X,0.1,-0.06661,-0.03952,-1.20171,0.0026,0.00074,-0.00142,0.0001,0.01138,-1.09624,0.00022,-0.00056,-0.00013,-0.02962,-0.08676,-1.2007,11,37.9162,362.8174,38.1713,179.289,0.5302,-123.4532,0.0099,25.8591,0.7389
503,000503.png,False,1788787859.480303,1788787859.275603,shear_+X_out,1,+X,0.1,-0.01006,-0.05505,-1.28336,0.00308,0.00223,-0.00133,0.05663,-0.0041,-1.17784,0.0007,0.00093,-4e-05,0.02769,-0.07326,-1.28219,10,37.9656,362.8297,38.1439,179.2939,0.5252,-123.4554,0.0005,25.8315,0.7665
504,000504.png,False,1788787859.684326,1788787859.479626,shear_+X_out,1,+X,0.1,0.00144,-0.0335,-1.2417,0.00253,0.00251,-0.00133,0.06813,0.01747,-1.13615,0.00014,0.00121,-4e-05,0.02659,-0.04818,-1.24094,10,37.9921,362.9519,38.1542,179.2853,0.5345,-123.4502,0.0023,25.8436,0.7544
505,000505.png,False,1788787861.336354,1788787861.131654,shear_+X_out,1,+X,0.2,0.09801,-0.03349,-1.3472,0.00253,0.00507,-0.00124,0.16465,0.01766,-1.24142,0.00014,0.00377,4e-05,0.11097,-0.00161,-1.34661,10,38.0612,362.9047,38.1074,179.288,0.5318,-123.4546,0.0003,25.7956,0.8024
506,000506.png,False,1788787861.544397,1788787861.339697,shear_+X_out,1,+X,0.2,0.23887,-0.04052,-1.05128,0.0026,0.009,-0.00123,0.30551,0.01066,-0.94547,0.0002,0.0077,6e-05,0.23445,0.06743,-1.05089,10,38.1918,362.9368,38.2037,179.2829,0.5371,-123.4683,0.0073,25.8915,0.7065
507,000507.png,False,1788787861.748413,1788787861.543713,shear_+X_out,1,+X,0.2,0.15673,-0.05978,-1.14045,0.00309,0.00671,-0.00128,0.22336,-0.00858,-1.03462,0.00069,0.00541,1e-05,0.17353,0.00827,-1.13955,11,38.1333,362.9274,38.1747,179.2869,0.5328,-123.4589,0.0093,25.8628,0.7352
508,000508.png,False,1788787861.956358,1788787861.751658,shear_+X_out,1,+X,0.2,0.11892,-0.04781,-1.19956,0.00291,0.00576,-0.00118,0.18555,0.00341,-1.0937,0.00051,0.00447,0.00011,0.13521,-0.0012,-1.19879,10,38.116,362.9038,38.1626,179.2902,0.5297,-123.4556,0.002,25.8504,0.7476
509,000509.png,False,1788787862.988378,1788787862.783678,shear_+X_out,1,+X,0.3,0.11672,-0.01492,-1.26323,0.00209,0.0057,-0.00107,0.18332,0.03642,-1.15722,-0.00031,0.00441,0.00022,0.11732,0.02516,-1.26301,11,38.1026,362.9472,38.1542,179.2939,0.5259,-123.4499,0.0026,25.8428,0.7552
510,000510.png,False,1788787863.196388,1788787862.991688,shear_+X_out,1,+X,0.3,0.3394,0.00716,-1.25359,0.00149,0.01157,-0.001,0.40599,0.05852,-1.14755,-0.00092,0.01028,0.00029,0.2991,0.15571,-1.2542,10,38.3073,363.0079,38.1376,179.292,0.5279,-123.4517,0.0031,25.8258,0.7722
511,000511.png,False,1788787863.400481,1788787863.195781,shear_+X_out,1,+X,0.3,0.33839,-0.06811,-1.2909,0.00338,0.01155,-0.00085,0.40497,-0.01673,-1.18483,0.00098,0.01026,0.00045,0.33609,0.08941,-1.29019,10,38.3049,363.0272,38.1424,179.2907,0.5294,-123.4513,0.0054,25.8308,0.7672
512,000512.png,False,1788787864.640571,1788787864.435871,shear_+X_out,1,+X,0.4,0.26345,-0.03356,-1.38758,0.00261,0.00958,-0.00087,0.33,0.01797,-1.28134,0.0002,0.00829,0.00043,0.25459,0.08035,-1.38731,10,38.2557,363.0108,38.0983,179.2901,0.53,-123.4565,0.0059,25.7869,0.8111
513,000513.png,False,1788787865.052586,1788787864.847886,shear_+X_out,1,+X,0.4,0.30292,-0.05267,-1.23836,0.00298,0.01068,-0.00117,0.36945,-0.0011,-1.13206,0.00056,0.00939,0.00013,0.29729,0.0859,-1.23786,10,38.2996,363.0239,38.1465,179.2915,0.5286,-123.458,0.0053,25.835,0.763
514,000514.png,False,1788787865.260591,1788787865.055891,shear_+X_out,1,+X,0.4,0.39461,-0.01165,-1.3496,0.00203,0.01309,-0.00125,0.46114,0.03994,-1.24328,-0.00038,0.01181,5e-05,0.35699,0.16546,-1.34998,10,38.3831,363.0559,38.0837,179.2981,0.5215,-123.4525,0.0014,25.7721,0.8259
515,000515.png,False,1788787865.464499,1788787865.259799,shear_+X_out,1,+X,0.4,0.3971,-0.06342,-1.34188,0.00335,0.01314,-0.00121,0.46362,-0.0118,-1.23553,0.00094,0.01185,9e-05,0.38496,0.12199,-1.34137,10,38.3803,363.0738,38.1153,179.2943,0.5259,-123.4521,0.0031,25.804,0.794
516,000516.png,False,1788787866.292643,1788787866.087943,shear_+X_out,1,+X,0.5,0.4319,-0.04272,-1.23079,0.00267,0.01416,-0.0012,0.4984,0.00899,-1.12433,0.00025,0.01287,0.0001,0.40399,0.1591,-1.23073,10,38.4232,363.1112,38.1496,179.2884,0.5317,-123.4589,0.0002,25.8386,0.7594
517,000517.png,False,1788787866.496631,1788787866.291931,shear_+X_out,1,+X,0.5,0.56155,-0.05146,-1.1004,0.0028,0.01754,-0.00118,0.62805,0.00027,-0.9939,0.00038,0.01626,0.00012,0.51977,0.21839,-1.10046,10,38.5386,363.1442,38.1952,179.2855,0.5353,-123.4702,0.0024,25.8839,0.7141
518,000518.png,False,1788787867.116689,1788787866.911989,shear_+X_back,1,+X,0.0,0.42195,-0.03533,-1.14718,0.00246,0.01394,-0.00111,0.48843,0.01647,-1.0406,4e-05,0.01266,0.00019,0.3911,0.16186,-1.14723,10,38.455,363.1309,38.1864,179.2877,0.5326,-123.4576,0.0019,25.8755,0.7225
519,000519.png,False,1788787867.324697,1788787867.119998,shear_+X_back,1,+X,0.0,0.41864,-0.03367,-1.14168,0.00242,0.01385,-0.00122,0.48511,0.01815,-1.03507,-0.0,0.01256,8e-05,0.38737,0.16173,-1.14176,10,38.451,363.131,38.1851,179.2879,0.5325,-123.4569,0.0026,25.8743,0.7237
520,000520.png,False,1788787867.736705,1788787867.532005,shear_+X_back,1,+X,0.0,0.12964,-0.04271,-1.15564,0.0027,0.00614,-0.0013,0.1961,0.00916,-1.04897,0.00027,0.00486,0.0,0.14164,0.00927,-1.15498,10,38.184,362.8832,38.1618,179.2945,0.5248,-123.4571,0.0068,25.8488,0.7492
521,000521.png,False,1788787867.940680,1788787867.735980,shear_+X_back,1,+X,0.0,0.04575,-0.00619,-1.14715,0.00181,0.00396,-0.00125,0.11221,0.0457,-1.04045,-0.00062,0.00268,6e-05,0.05067,-0.00088,-1.14696,10,38.123,362.9692,38.1817,179.2848,0.5347,-123.4563,0.0095,25.8705,0.7275
522,000522.png,False,1788787868.148708,1788787867.944008,shear_-X_out,1,-X,0.1,-0.1623,-0.03881,-1.17889,0.00265,-0.00155,-0.00122,-0.09585,0.01311,-1.07217,0.00022,-0.00283,9e-05,-0.11302,-0.13359,-1.17771,11,37.9055,362.8747,38.1799,179.2845,0.5346,-123.4511,0.004,25.8687,0.7293
523,000523.png,False,1788787868.356621,1788787868.151921,shear_-X_out,1,-X,0.1,-0.15509,0.02625,-1.16217,0.00098,-0.00141,-0.00122,-0.08865,0.07819,-1.05542,-0.00145,-0.00269,8e-05,-0.1394,-0.07337,-1.16214,10,37.9096,362.8621,38.1782,179.2854,0.534,-123.4524,0.0024,25.8668,0.7312
524,000524.png,False,1788787868.560712,1788787868.356012,shear_-X_out,1,-X,0.1,-0.14251,0.00454,-1.1787,0.00157,-0.00105,-0.00124,-0.07607,0.0565,-1.07192,-0.00086,-0.00233,6e-05,-0.11753,-0.08616,-1.17831,10,37.9483,362.9237,38.1281,179.2847,0.5345,-123.457,0.0048,25.8174,0.7806
525,000525.png,False,1788787868.768723,1788787868.564023,shear_-X_out,1,-X,0.1,-0.03793,-0.04118,-1.38575,0.00285,0.00152,-0.00117,0.0285,0.0108,-1.27894,0.00042,0.00024,0.00014,-0.00267,-0.07682,-1.38475,11,38.0014,362.8506,38.1006,179.2919,0.5273,-123.4617,0.0083,25.7883,0.8097
526,000526.png,False,1788787868.972753,1788787868.768053,shear_-X_out,1,-X,0.1,-0.06429,-0.03379,-1.31416,0.00256,0.0009,-0.00109,0.00214,0.01822,-1.20733,0.00013,-0.00038,0.00022,-0.0297,-0.08244,-1.31325,10,37.9741,362.8617,38.1246,179.2891,0.5303,-123.4556,0.0055,25.8127,0.7853
527,000527.png,False,1788787871.036746,1788787870.832046,shear_-X_out,1,-X,0.2,-0.09565,0.02064,-1.11319,0.00104,5e-05,-0.0013,-0.02928,0.07288,-1.00606,-0.0014,-0.00123,1e-05,-0.08545,-0.04775,-1.11318,10,37.9125,362.8772,38.187,179.2788,0.5409,-123.457,0.0018,25.8758,0.7222
528,000528.png,False,1788787872.276797,1788787872.072097,shear_-X_out,1,-X,0.3,-0.1803,0.00742,-1.27222,0.00151,-0.00224,-0.00134,-0.11396,0.05979,-1.16492,-0.00094,-0.00351,-2e-05,-0.15106,-0.10405,-1.27179,10,37.8394,362.8206,38.1275,179.2838,0.5363,-123.4548,0.006,25.8159,0.7821
529,000529.png,False,1788787872.484805,1788787872.280105,shear_-X_out,1,-X,0.3,-0.28796,0.02405,-1.13981,0.00102,-0.00507,-0.00135,-0.22164,0.07645,-1.03249,-0.00143,-0.00635,-4e-05,-0.25355,-0.14132,-1.13948,10,37.7427,362.8002,38.1805,179.2809,0.5392,-123.4481,0.0007,25.8693,0.7287
530,000530.png,False,1788787872.688840,1788787872.484140,shear_-X_out,1,-X,0.3,-0.26311,0.02635,-1.16298,0.00098,-0.00434,-0.00138,-0.19679,0.07877,-1.05563,-0.00148,-0.00561,-6e-05,-0.23301,-0.12728,-1.16273,11,37.7636,362.7959,38.1658,179.2827,0.5376,-123.4507,0.0035,25.8543,0.7437
531,000531.png,False,1788787872.896908,1788787872.692208,shear_-X_out,1,-X,0.3,-0.23286,0.0072,-1.19375,0.00147,-0.00354,-0.00134,-0.16655,0.05965,-1.08637,-0.00099,-0.00481,-2e-05,-0.19703,-0.12924,-1.19323,10,37.7837,362.7964,38.1595,179.2833,0.5367,-123.4537,0.0094,25.8479,0.7501
532,000532.png,False,1788787873.928953,1788787873.724253,shear_-X_out,1,-X,0.4,-0.22958,-0.02245,-1.15783,0.0022,-0.00352,-0.00145,-0.16329,0.03012,-1.05031,-0.00026,-0.00479,-0.00013,-0.17962,-0.1527,-1.15681,11,37.7738,362.7322,38.1592,179.2894,0.5299,-123.4602,0.0085,25.8466,0.7514
533,000533.png,False,1788787874.341000,1788787874.136300,shear_-X_out,1,-X,0.4,-0.32871,0.02748,-1.23831,0.001,-0.00613,-0.00153,-0.26243,0.08009,-1.13073,-0.00146,-0.00739,-0.00021,-0.28987,-0.16028,-1.23795,10,37.6877,362.7525,38.138,179.2808,0.5394,-123.4583,0.0008,25.8264,0.7716
534,000534.png,False,1788787874.961020,1788787874.756320,shear_-X_out,1,-X,0.4,-0.36651,0.02165,-1.35548,0.00118,-0.00727,-0.00136,-0.30026,0.07433,-1.24781,-0.00128,-0.00854,-4e-05,-0.3189,-0.1861,-1.35492,10,37.6454,362.7249,38.0991,179.2829,0.5381,-123.4535,0.0023,25.7874,0.8106
535,000535.png,False,1788787875.993049,1788787875.788349,shear_-X_out,1,-X,0.5,-0.35131,0.01049,-1.08734,0.0014,-0.00671,-0.0014,-0.28508,0.06329,-0.97953,-0.00107,-0.00798,-8e-05,-0.30201,-0.18387,-1.08666,10,37.6343,362.708,38.1912,179.2759,0.5446,-123.4606,0.0032,25.8792,0.7188
536,000536.png,False,1788787876.201042,1788787875.996342,shear_-X_out,1,-X,0.5,-0.4531,-0.01917,-1.20683,0.00224,-0.00948,-0.00157,-0.38688,0.03365,-1.09899,-0.00024,-0.01074,-0.00024,-0.37454,-0.26233,-1.2054,10,37.5284,362.6654,38.1479,179.2823,0.5386,-123.4529,0.004,25.8359,0.7621
537,000537.png,False,1788787876.817079,1788787876.612379,shear_-X_out,1,-X,0.5,-0.48679,0.02258,-1.47393,0.00123,-0.01064,-0.0014,-0.42058,0.07546,-1.36601,-0.00125,-0.0119,-7e-05,-0.42272,-0.24729,-1.47312,10,37.5101,362.6455,38.06,179.2825,0.5382,-123.4557,0.0033,25.7479,0.8501
538,000538.png,False,1788787877.233114,1788787877.028414,shear_-X_back,1,-X,0.0,-0.47453,0.01965,-1.34327,0.00129,-0.01024,-0.00146,-0.40834,0.07258,-1.23529,-0.00118,-0.0115,-0.00012,-0.41155,-0.24161,-1.34246,10,37.5107,362.6462,38.1008,179.2806,0.5402,-123.4553,0.0099,25.7887,0.8093
539,000539.png,False,1788787877.437136,1788787877.232436,shear_-X_back,1,-X,0.0,-0.47243,0.01749,-1.33767,0.00131,-0.01013,-0.00123,-0.40624,0.07045,-1.22966,-0.00117,-0.01139,0.0001,-0.40869,-0.24234,-1.33683,10,37.5107,362.6447,38.1076,179.2807,0.5401,-123.4553,0.0108,25.7954,0.8026
540,000540.png,False,1788787877.645133,1788787877.440433,shear_-X_back,1,-X,0.0,-0.28743,0.01353,-1.21643,0.00126,-0.0052,-0.0012,-0.22125,0.06651,-1.10839,-0.00123,-0.00646,0.00013,-0.2473,-0.15139,-1.2159,11,37.6843,362.6931,38.1549,179.2858,0.5354,-123.4587,0.0038,25.8423,0.7557
541,000541.png,False,1788787877.849126,1788787877.644426,shear_-X_back,1,-X,0.0,-0.20991,0.02525,-1.16048,0.00099,-0.00306,-0.0013,-0.14373,0.07825,-1.05241,-0.00149,-0.00432,4e-05,-0.18639,-0.10161,-1.16032,11,37.7459,362.8164,38.1811,179.2815,0.5404,-123.4475,0.0011,25.8701,0.7279
542,000542.png,False,1788787878.057138,1788787877.852438,shear_-X_back,1,-X,0.0,-0.14528,0.00532,-1.14039,0.00148,-0.00134,-0.00142,-0.07911,0.05834,-1.03229,-0.001,-0.0026,-9e-05,-0.12059,-0.08625,-1.14001,10,37.833,362.9009,38.1923,179.2801,0.5412,-123.4523,0.0056,25.882,0.716
543,000543.png,False,1788787878.265145,1788787878.060445,shear_-Y_out,1,-Y,0.1,-0.00452,-0.02644,-1.13185,0.00232,0.00236,-0.00136,0.06164,0.02661,-1.02372,-0.00017,0.0011,-3e-05,0.01714,-0.04329,-1.13121,10,37.9086,362.8218,38.1741,179.2892,0.5319,-123.4515,0.0082,25.8621,0.7359
544,000544.png,False,1788787878.469187,1788787878.264488,shear_-Y_out,1,-Y,0.1,-0.03048,-0.03653,-1.13495,0.00258,0.0017,-0.00144,0.03567,0.01654,-1.0268,9e-05,0.00044,-0.0001,-0.00029,-0.06505,-1.13409,11,37.9048,362.8378,38.177,179.2877,0.5332,-123.4511,0.0057,25.8653,0.7327
545,000545.png,False,1788787878.677166,1788787878.472466,shear_-Y_out,1,-Y,0.1,-0.05566,-0.07689,-1.18349,0.00359,0.00098,-0.00124,0.01049,-0.02379,-1.0753,0.0011,-0.00028,0.0001,-0.00159,-0.11336,-1.18186,10,37.9148,362.786,38.1567,179.2895,0.531,-123.4495,0.0018,25.844,0.754
546,000546.png,False,1788787878.881176,1788787878.676476,shear_-Y_out,1,-Y,0.1,-0.05521,-0.05262,-1.19052,0.00307,0.00114,-0.00129,0.01094,0.0005,-1.08231,0.00058,-0.00012,5e-05,-0.01328,-0.09223,-1.18931,10,37.9095,362.8052,38.1567,179.2877,0.5326,-123.4493,0.0011,25.8443,0.7537
547,000547.png,False,1788787879.089183,1788787878.884483,shear_-Y_out,1,-Y,0.1,-0.0628,-0.08276,-1.20898,0.0038,0.00083,-0.0014,0.00333,-0.02961,-1.10074,0.00131,-0.00042,-6e-05,-0.00467,-0.12242,-1.20724,11,37.9314,362.7612,38.1354,179.2876,0.533,-123.4502,0.0077,25.8222,0.7758
548,000548.png,False,1788787880.121243,1788787879.916543,shear_-Y_out,1,-Y,0.2,-0.05739,-0.09343,-1.21653,0.00411,0.00095,-0.00139,0.00872,-0.04017,-1.10815,0.00161,-0.00031,-5e-05,0.0054,-0.12908,-1.21461,10,37.9581,362.7356,38.1445,179.2877,0.5329,-123.4515,0.0068,25.8307,0.7673
549,000549.png,False,1788787881.773382,1788787881.568682,shear_-Y_out,1,-Y,0.3,-0.08009,-0.17095,-1.23946,0.00619,0.00043,-0.0012,-0.01403,-0.11751,-1.13085,0.00369,-0.00082,0.00014,0.02463,-0.20793,-1.23615,10,37.9814,362.6884,38.1375,179.2878,0.5333,-123.4502,0.0008,25.8228,0.7752
550,000550.png,False,1788787882.185354,1788787881.980654,shear_-Y_out,1,-Y,0.3,-0.08756,-0.19783,-1.12195,0.00687,0.0004,-0.00119,-0.0215,-0.14434,-1.01328,0.00437,-0.00085,0.00016,0.03078,-0.23306,-1.11817,11,37.9912,362.658,38.1757,179.2863,0.5352,-123.4472,0.0082,25.8605,0.7375
551,000551.png,False,1788787882.597374,1788787882.392674,shear_-Y_out,1,-Y,0.3,-0.06043,-0.25924,-1.27013,0.00846,0.00091,-0.00108,0.00561,-0.2057,-1.16141,0.00595,-0.00033,0.00027,0.08598,-0.27506,-1.26533,10,38.0427,362.6127,38.1267,179.2849,0.5368,-123.4509,0.0029,25.8103,0.7877
552,000552.png,False,1788787883.009279,1788787882.804579,shear_-Y_out,1,-Y,0.3,-0.07976,-0.30505,-1.42019,0.00974,0.00025,-0.00111,-0.01374,-0.25147,-1.31141,0.00723,-0.001,0.00024,0.09316,-0.3268,-1.41453,11,38.0511,362.5588,38.064,179.2937,0.5272,-123.45,0.0063,25.7468,0.8512
553,000553.png,False,1788787883.425390,1788787883.220690,shear_-Y_out,1,-Y,0.4,-0.08559,-0.30839,-1.36328,0.00986,0.00024,-0.00116,-0.01957,-0.25476,-1.25444,0.00734,-0.00101,0.00019,0.08939,-0.33169,-1.35756,11,38.0509,362.5645,38.0908,179.2908,0.5302,-123.4504,0.0003,25.7736,0.8244
554,000554.png,False,1788787884.249337,1788787884.044637,shear_-Y_out,1,-Y,0.4,-0.07815,-0.2761,-1.04783,0.00876,0.00053,-0.00113,-0.01215,-0.22238,-0.93888,0.00624,-0.00071,0.00022,0.07752,-0.29496,-1.04273,11,38.052,362.5684,38.2014,179.2829,0.5386,-123.4479,0.0086,25.8843,0.7137
555,000555.png,False,1788787884.457341,1788787884.252641,shear_-Y_out,1,-Y,0.4,-0.06536,-0.41122,-1.16228,0.0124,0.00082,-0.00118,0.00063,-0.35747,-1.05329,0.00989,-0.00042,0.00017,0.1569,-0.40742,-1.15484,10,38.1369,362.4857,38.1631,179.2891,0.5325,-123.455,0.0026,25.8441,0.7539
556,000556.png,False,1788787885.489502,1788787885.284802,shear_-Y_out,1,-Y,0.5,-0.08296,-0.37095,-1.23524,0.01145,0.00037,-0.00107,-0.017,-0.31709,-1.12611,0.00892,-0.00087,0.00029,0.12204,-0.38251,-1.22845,10,38.1036,362.4812,38.1404,179.2873,0.5341,-123.4491,0.0134,25.8215,0.7765
557,000557.png,False,1788787885.901555,1788787885.696855,shear_-Y_out,1,-Y,0.5,-0.1009,-0.40847,-1.15309,0.01234,-0.00012,-0.00119,-0.03496,-0.35456,-1.04391,0.00981,-0.00137,0.00017,0.12467,-0.42265,-1.14563,10,38.1124,362.4335,38.166,179.2882,0.5335,-123.4487,0.0046,25.8463,0.7517
558,000558.png,False,1788787886.105524,1788787885.900824,shear_-Y_out,1,-Y,0.5,-0.09552,-0.49108,-1.24647,0.01455,-1e-05,-0.00109,-0.02958,-0.43715,-1.13726,0.01203,-0.00125,0.00027,0.17126,-0.49301,-1.23758,11,38.1572,362.3853,38.1326,179.2869,0.5346,-123.4481,0.0022,25.8118,0.7862
559,000559.png,False,1788787887.141557,1788787886.936857,shear_-Y_back,1,-Y,0.0,-0.09033,-0.48294,-1.27532,0.01444,0.00013,-0.001,-0.02442,-0.4289,-1.16596,0.01191,-0.00111,0.00036,0.17189,-0.48382,-1.26657,10,38.1617,362.3634,38.1256,179.2883,0.5335,-123.4489,0.0006,25.8044,0.7936
560,000560.png,False,1788787887.345556,1788787887.140857,shear_-Y_back,1,-Y,0.0,-0.08956,-0.48196,-1.27131,0.01442,0.00016,-0.00102,-0.02366,-0.42789,-1.16193,0.01188,-0.00107,0.00034,0.17203,-0.48253,-1.26258,11,38.1632,362.3624,38.1276,179.2881,0.5337,-123.4491,0.0037,25.8064,0.7916
561,000561.png,False,1788787887.553582,1788787887.348882,shear_-Y_back,1,-Y,0.0,-0.04698,-0.29906,-1.21848,0.00965,0.00132,-0.00108,0.01891,-0.24497,-1.10907,0.00712,9e-05,0.00028,0.11717,-0.302,-1.21301,10,38.1149,362.4965,38.1491,179.2844,0.5373,-123.4577,0.0096,25.8304,0.7676
562,000562.png,False,1788787887.757493,1788787887.552793,shear_-Y_back,1,-Y,0.0,-0.05604,-0.20898,-1.18188,0.0072,0.00111,-0.00111,0.00985,-0.15487,-1.07244,0.00467,-0.00013,0.00025,0.06406,-0.22792,-1.17796,10,38.003,362.7015,38.1662,179.2849,0.5369,-123.4542,0.0075,25.8515,0.7465
563,000563.png,False,1788787888.173511,1788787887.968811,shear_+Y_out,1,+Y,0.1,-0.08303,0.05959,-1.17198,0.00029,0.00036,-0.00121,-0.01715,0.11375,-1.06248,-0.00225,-0.00088,0.00015,-0.09357,-0.00865,-1.17267,10,37.9167,362.7884,38.1707,179.2909,0.5302,-123.4498,0.0051,25.8581,0.7399
564,000564.png,False,1788787888.377518,1788787888.172818,shear_+Y_out,1,+Y,0.1,-0.08832,0.02521,-1.18144,0.00117,0.00031,-0.00111,-0.02245,0.07939,-1.07191,-0.00137,-0.00093,0.00025,-0.08091,-0.04123,-1.18152,10,37.9145,362.801,38.1746,179.2901,0.5313,-123.4502,0.0077,25.8621,0.7359
565,000565.png,False,1788787888.789629,1788787888.584929,shear_+Y_out,1,+Y,0.1,-0.07929,0.07021,-1.15178,-8e-05,0.00048,-0.00123,-0.01343,0.12444,-1.04219,-0.00262,-0.00076,0.00013,-0.09578,0.00274,-1.15266,10,37.8906,362.8467,38.1795,179.2892,0.5319,-123.4509,0.008,25.868,0.73
566,000566.png,False,1788787890.441732,1788787890.237032,shear_+Y_out,1,+Y,0.2,-0.07614,0.08078,-1.28184,-0.00037,0.00049,-0.00143,-0.01033,0.13519,-1.17203,-0.00292,-0.00074,-6e-05,-0.09743,0.01138,-1.28289,10,37.8605,362.9141,38.1296,179.2872,0.5348,-123.4505,0.0073,25.8194,0.7786
567,000567.png,False,1788787890.649692,1788787890.444992,shear_+Y_out,1,+Y,0.2,-0.10974,0.19642,-1.06941,-0.00347,-0.00032,-0.0014,-0.04393,0.25086,-0.95957,-0.00602,-0.00155,-3e-05,-0.18578,0.09815,-1.07243,10,37.795,362.9537,38.2014,179.2824,0.5404,-123.4459,0.0005,25.8923,0.7057
568,000568.png,False,1788787892.505794,1788787892.301094,shear_+Y_out,1,+Y,0.3,-0.07975,0.19263,-1.25711,-0.00338,0.00036,-0.00143,-0.01399,0.24728,-1.14701,-0.00594,-0.00087,-6e-05,-0.15661,0.10685,-1.2601,10,37.7904,363.0112,38.1309,179.2915,0.5304,-123.4522,0.0057,25.8227,0.7753
569,000569.png,False,1788787892.713790,1788787892.509090,shear_+Y_out,1,+Y,0.3,-0.05792,0.26427,-1.36742,-0.00516,0.00088,-0.00146,0.00783,0.31894,-1.25729,-0.00773,-0.00034,-8e-05,-0.17273,0.17804,-1.37167,10,37.7794,363.0489,38.0831,179.296,0.5259,-123.456,0.0009,25.7756,0.8224
570,000570.png,False,1788787892.917814,1788787892.713114,shear_+Y_out,1,+Y,0.3,-0.07095,0.22787,-1.36015,-0.00412,0.00064,-0.00138,-0.0052,0.28256,-1.25,-0.00669,-0.00058,-0.0,-0.16588,0.14011,-1.36376,10,37.7806,363.0491,38.108,179.294,0.528,-123.4556,0.0039,25.8004,0.7976
571,000571.png,False,1788787893.949769,1788787893.745069,shear_+Y_out,1,+Y,0.4,-0.07462,0.28541,-1.24814,-0.00574,0.00048,-0.00152,-0.0089,0.34022,-1.13784,-0.00831,-0.00075,-0.00015,-0.19858,0.18991,-1.25275,11,37.7419,363.1064,38.1364,179.2925,0.5295,-123.4545,0.0076,25.8301,0.7679
572,000572.png,False,1788787894.157779,1788787893.953079,shear_+Y_out,1,+Y,0.4,-0.06267,0.31745,-1.22762,-0.00666,0.0008,-0.00156,0.00304,0.37229,-1.11729,-0.00923,-0.00042,-0.00018,-0.20438,0.22396,-1.23282,10,37.7367,363.1379,38.1442,179.2896,0.5325,-123.4546,0.0058,25.8384,0.7596
573,000573.png,False,1788787894.569803,1788787894.365103,shear_+Y_out,1,+Y,0.4,-0.08676,0.32262,-1.15999,-0.0068,0.00027,-0.0015,-0.02106,0.37749,-1.0496,-0.00937,-0.00096,-0.00012,-0.2283,0.21748,-1.16523,11,37.7029,363.1529,38.1755,179.2923,0.5299,-123.4548,0.0036,25.8701,0.7279
574,000574.png,False,1788787895.809957,1788787895.605257,shear_+Y_out,1,+Y,0.5,-0.07232,0.40538,-1.30763,-0.00891,0.00056,-0.00148,-0.00666,0.46039,-1.19708,-0.01149,-0.00066,-0.0001,-0.25612,0.294,-1.31432,11,37.6619,363.2361,38.1215,179.293,0.5297,-123.4552,0.0051,25.8178,0.7802
575,000575.png,False,1788787896.221952,1788787896.017252,shear_+Y_out,1,+Y,0.5,-0.0583,0.43585,-1.23749,-0.00978,0.00099,-0.00162,0.00735,0.49091,-1.12687,-0.01236,-0.00023,-0.00024,-0.25968,0.32853,-1.24474,10,37.6526,363.2859,38.1465,179.2919,0.5314,-123.4583,0.0041,25.8436,0.7544
576,000576.png,False,1788787897.046003,1788787896.841303,shear_+Y_back,1,+Y,0.0,-0.05886,0.49965,-1.36817,-0.01144,0.00086,-0.00146,0.00677,0.55481,-1.25744,-0.01402,-0.00036,-8e-05,-0.29114,0.38141,-1.37651,11,37.6176,363.3463,38.1041,179.2931,0.5301,-123.4583,0.0013,25.8025,0.7955
577,000577.png,False,1788787897.254044,1788787897.049344,shear_+Y_back,1,+Y,0.0,-0.05781,0.5011,-1.34566,-0.01158,0.00082,-0.00159,0.00781,0.55627,-1.2349,-0.01417,-0.0004,-0.00021,-0.29111,0.38354,-1.35403,10,37.6167,363.3445,38.1048,179.2934,0.5298,-123.4583,0.0075,25.8032,0.7948
578,000578.png,False,1788787897.462025,1788787897.257325,shear_+Y_back,1,+Y,0.0,-0.09733,0.27803,-1.1575,-0.00568,-1e-05,-0.00169,-0.03171,0.33323,-1.04672,-0.00826,-0.00123,-0.0003,-0.21519,0.17362,-1.16195,10,37.6811,363.2102,38.1704,179.2909,0.5328,-123.4478,0.0065,25.8662,0.7318
579,000579.png,False,1788787897.666062,1788787897.461362,shear_+Y_back,1,+Y,0.0,-0.08956,0.18045,-1.18476,-0.00318,0.00021,-0.00162,-0.02395,0.23567,-1.07394,-0.00577,-0.001,-0.00023,-0.15952,0.09255,-1.18752,11,37.8016,362.9718,38.1496,179.2926,0.5309,-123.4478,0.0039,25.8407,0.7573
580,000580.png,False,1788787898.906110,1788787898.701410,shear_+X_out,2,+X,0.1,-0.07604,-0.09722,-1.21007,0.00419,0.00051,-0.00141,-0.01046,-0.04186,-1.09909,0.0016,-0.00071,-2e-05,-0.0089,-0.14158,-1.20805,11,37.9081,362.8211,38.1417,179.289,0.5338,-123.4491,0.0031,25.8296,0.7684
581,000581.png,False,1788787899.110105,1788787898.905405,shear_+X_out,2,+X,0.1,-0.07402,-0.08837,-1.20881,0.00397,0.00058,-0.0014,-0.00845,-0.03299,-1.09779,0.00137,-0.00063,-0.0,-0.01158,-0.13289,-1.20694,10,37.9083,362.8229,38.1416,179.2888,0.5342,-123.4487,0.0055,25.8296,0.7684
582,000582.png,False,1788787899.730135,1788787899.525435,shear_+X_out,2,+X,0.1,0.03604,-0.03454,-1.17903,0.00254,0.0035,-0.00154,0.10159,0.02092,-1.06793,-6e-05,0.00229,-0.00015,0.05664,-0.03079,-1.17832,10,37.9826,362.9934,38.1439,179.2812,0.5427,-123.4412,0.008,25.8341,0.7639
583,000583.png,False,1788787900.350120,1788787900.145420,shear_+X_out,2,+X,0.1,0.07749,-0.07828,-1.21325,0.00365,0.00457,-0.0015,0.14303,-0.02276,-1.10206,0.00105,0.00336,-0.00011,0.11465,-0.04851,-1.21186,10,38.046,362.8934,38.137,179.2907,0.5325,-123.448,0.0073,25.8251,0.7729
584,000584.png,False,1788787901.178184,1788787900.973484,shear_+X_out,2,+X,0.2,0.0998,-0.07181,-1.20642,0.00348,0.00511,-0.00141,0.16531,-0.01619,-1.09512,0.00087,0.0039,-1e-05,0.13069,-0.03165,-1.20519,10,38.0671,362.9136,38.1442,179.289,0.5342,-123.4511,0.003,25.8325,0.7655
585,000585.png,False,1788787901.382190,1788787901.177490,shear_+X_out,2,+X,0.2,0.2313,-0.06399,-1.15438,0.00333,0.00874,-0.00143,0.2968,-0.00835,-1.04305,0.00072,0.00753,-3e-05,0.24033,0.04166,-1.15356,10,38.1703,362.9432,38.1577,179.2873,0.5362,-123.4613,0.0054,25.8457,0.7523
586,000586.png,False,1788787902.826251,1788787902.621551,shear_+X_out,2,+X,0.3,0.14218,-0.04342,-1.23945,0.00277,0.00633,-0.00134,0.20764,0.01238,-1.12792,0.00015,0.00513,6e-05,0.15345,0.01358,-1.23879,11,38.1119,362.9559,38.1339,179.2896,0.5339,-123.4465,0.0052,25.8225,0.7755
587,000587.png,False,1788787903.034267,1788787902.829567,shear_+X_out,2,+X,0.3,0.3763,-0.03361,-1.34641,0.00264,0.01251,-0.00127,0.44176,0.02221,-1.23486,2e-05,0.01131,0.00014,0.35209,0.13735,-1.34638,10,38.3155,363.0109,38.0846,179.2939,0.5297,-123.4515,0.0011,25.7727,0.8253
588,000588.png,False,1788787903.654298,1788787903.449598,shear_+X_out,2,+X,0.3,0.23431,-0.01303,-1.14645,0.00194,0.00887,-0.00116,0.29975,0.04287,-1.0348,-0.00068,0.00767,0.00024,0.21742,0.08743,-1.14652,10,38.2049,363.0244,38.1638,179.2856,0.5382,-123.4474,0.0064,25.8529,0.7451
589,000589.png,False,1788787904.066301,1788787903.861601,shear_+X_out,2,+X,0.3,0.3726,-0.12338,-1.47577,0.00496,0.01243,-0.00114,0.43803,-0.06744,-1.36407,0.00233,0.01123,0.00027,0.39462,0.05568,-1.47416,11,38.3495,363.0009,38.0699,179.2954,0.5281,-123.4593,0.0029,25.7577,0.8403
590,000590.png,False,1788787904.274352,1788787904.069652,shear_+X_out,2,+X,0.3,0.25895,-0.10707,-1.23966,0.00441,0.00955,-0.00129,0.32438,-0.0511,-1.12793,0.00179,0.00835,0.00012,0.2864,0.0168,-1.23813,10,38.1741,362.985,38.2168,179.285,0.5389,-123.437,0.0092,25.9055,0.6925
591,000591.png,False,1788787904.478319,1788787904.273619,shear_+X_out,2,+X,0.3,0.19697,0.00414,-1.0902,0.00149,0.0079,-0.00119,0.26238,0.06013,-0.97844,-0.00113,0.00669,0.00022,0.1761,0.08454,-1.0905,10,38.1974,363.0321,38.1795,179.2844,0.5396,-123.442,0.0083,25.8688,0.7292
592,000592.png,False,1788787904.890342,1788787904.685642,shear_+X_out,2,+X,0.3,0.41367,-0.1089,-1.49981,0.00461,0.01368,-0.00113,0.47907,-0.05287,-1.388,0.00198,0.01248,0.00028,0.42313,0.08835,-1.49852,10,38.375,363.0545,38.0632,179.2929,0.5308,-123.4615,0.0076,25.7517,0.8463
593,000593.png,False,1788787906.338324,1788787906.133624,shear_+X_out,2,+X,0.3,0.21118,-0.0142,-1.16951,0.00195,0.00825,-0.00124,0.27654,0.042,-1.05749,-0.00069,0.00705,0.00017,0.19813,0.07449,-1.16951,10,38.224,363.0317,38.1572,179.287,0.5369,-123.4455,0.0088,25.8463,0.7517
594,000594.png,False,1788787907.162436,1788787906.957736,shear_+X_out,2,+X,0.3,0.195,-0.00196,-1.14299,0.00171,0.0079,-0.00125,0.26034,0.05433,-1.03085,-0.00093,0.0067,0.00016,0.17782,0.07743,-1.14317,10,38.2172,363.0343,38.1646,179.2867,0.5372,-123.4435,0.0024,25.8538,0.7442
595,000595.png,False,1788787907.782470,1788787907.577770,shear_+X_out,2,+X,0.3,0.36822,-0.06237,-1.29002,0.00328,0.01236,-0.00129,0.43354,-0.00601,-1.17781,0.00064,0.01117,0.00012,0.35906,0.1093,-1.28948,10,38.3616,363.0762,38.1193,179.2886,0.5352,-123.4535,0.0016,25.8082,0.7898
596,000596.png,False,1788787910.878629,1788787910.673929,shear_+X_back,2,+X,0.0,0.44893,-0.05355,-1.31867,0.00307,0.01466,-0.00132,0.51416,0.00315,-1.20603,0.00041,0.01348,0.0001,0.42476,0.15681,-1.31844,10,38.4559,363.1327,38.108,179.2883,0.5359,-123.4515,0.007,25.7971,0.8009
597,000597.png,False,1788787911.082639,1788787910.877939,shear_+X_back,2,+X,0.0,0.44813,-0.051,-1.31556,0.00302,0.01459,-0.00127,0.51336,0.00573,-1.20288,0.00036,0.01341,0.00016,0.42278,0.15868,-1.31537,10,38.4547,363.1335,38.1072,179.2883,0.5359,-123.4515,0.0097,25.7964,0.8016
598,000598.png,False,1788787911.498629,1788787911.293929,shear_+X_back,2,+X,0.0,0.13759,-0.04594,-1.21614,0.00283,0.00637,-0.00121,0.20281,0.01083,-1.10341,0.00017,0.00518,0.00022,0.15057,0.00948,-1.21543,10,38.1497,362.8815,38.125,179.2935,0.5295,-123.4524,0.0022,25.8123,0.7857
599,000599.png,False,1788787911.702568,1788787911.497868,shear_+X_back,2,+X,0.0,0.03371,-0.0247,-1.25539,0.00228,0.00353,-0.00132,0.09892,0.0321,-1.14263,-0.00038,0.00234,0.00011,0.05024,-0.02466,-1.25483,10,38.1147,362.9567,38.1335,179.2878,0.5355,-123.4515,0.0003,25.8221,0.7759
600,000600.png,False,1788787911.910636,1788787911.705936,shear_-X_out,2,-X,0.1,-0.19515,-0.05674,-1.27539,0.00326,-0.00245,-0.00135,-0.12995,8e-05,-1.1626,0.00059,-0.00364,8e-05,-0.13185,-0.16708,-1.27382,10,37.9091,362.8735,38.1385,179.2861,0.5371,-123.4485,0.0075,25.8273,0.7707
601,000601.png,False,1788787912.114676,1788787911.909976,shear_-X_out,2,-X,0.1,-0.16441,0.00223,-1.25053,0.00168,-0.0017,-0.0013,-0.09921,0.05907,-1.13771,-0.00099,-0.00288,0.00012,-0.13486,-0.10025,-1.25005,10,37.911,362.8588,38.1355,179.2875,0.5357,-123.4494,0.0095,25.824,0.774
602,000602.png,False,1788787912.322683,1788787912.117983,shear_-X_out,2,-X,0.1,-0.15155,-0.01712,-1.26887,0.00209,-0.00139,-0.00126,-0.08635,0.03975,-1.15602,-0.00058,-0.00257,0.00017,-0.11392,-0.11087,-1.26807,10,37.9329,362.9267,38.1088,179.2849,0.5377,-123.454,0.0023,25.7983,0.7997
603,000603.png,False,1788787912.530682,1788787912.325982,shear_-X_out,2,-X,0.1,-0.05364,-0.05328,-1.39157,0.00303,0.00109,-0.00134,0.01155,0.00361,-1.27869,0.00037,-0.0001,9e-05,-0.0102,-0.09524,-1.39033,10,37.9915,362.8603,38.0842,179.2916,0.5312,-123.4565,0.0048,25.7721,0.8259
604,000604.png,False,1788787912.942686,1788787912.737986,shear_-X_out,2,-X,0.1,-0.17502,0.02648,-1.16582,0.00104,-0.00199,-0.00139,-0.10984,0.08342,-1.05288,-0.00163,-0.00317,4e-05,-0.15675,-0.08319,-1.16575,10,37.8718,362.891,38.1687,179.2824,0.5411,-123.4379,0.0055,25.858,0.74
605,000605.png,False,1788787914.594813,1788787914.390113,shear_-X_out,2,-X,0.2,-0.11563,-0.03152,-1.06792,0.0024,-0.00043,-0.00144,-0.0505,0.0256,-0.95476,-0.00028,-0.00161,-0.0,-0.07701,-0.10218,-1.06698,10,37.9138,362.8605,38.1898,179.279,0.5441,-123.4532,0.0088,25.8783,0.7197
606,000606.png,False,1788787914.798804,1788787914.594104,shear_-X_out,2,-X,0.2,-0.11031,-0.02414,-1.14275,0.00231,-0.00028,-0.00143,-0.04518,0.03301,-1.02956,-0.00037,-0.00146,1e-05,-0.07557,-0.09433,-1.14194,10,37.9142,362.8539,38.1658,179.2822,0.5408,-123.4529,0.0137,25.8543,0.7437
607,000607.png,False,1788787916.038754,1788787915.834054,shear_-X_out,2,-X,0.3,-0.1799,-0.01461,-1.28502,0.00206,-0.00217,-0.00168,-0.11482,0.04267,-1.17166,-0.00063,-0.00335,-0.00024,-0.13963,-0.12313,-1.28422,10,37.8435,362.8165,38.1127,179.2855,0.5374,-123.4516,0.0093,25.801,0.797
608,000608.png,False,1788787916.246887,1788787916.042187,shear_-X_out,2,-X,0.3,-0.26246,0.00061,-1.06493,0.00161,-0.00425,-0.00173,-0.19738,0.05792,-0.95154,-0.00108,-0.00542,-0.00029,-0.22027,-0.14767,-1.06425,11,37.7641,362.8134,38.191,179.2792,0.5439,-123.4451,0.0042,25.8798,0.7182
609,000609.png,False,1788787918.102976,1788787917.898276,shear_-X_out,2,-X,0.3,-0.25752,0.0027,-1.11479,0.00159,-0.00417,-0.00176,-0.19249,0.06021,-1.00115,-0.00111,-0.00534,-0.00032,-0.21668,-0.1442,-1.11416,10,37.7446,362.7778,38.1517,179.2819,0.5408,-123.4514,0.0065,25.8401,0.7579
610,000610.png,False,1788787919.343055,1788787919.138355,shear_-X_out,2,-X,0.4,-0.2656,-0.00571,-1.30013,0.00181,-0.00451,-0.00173,-0.2006,0.05194,-1.18631,-0.0009,-0.00568,-0.00028,-0.2182,-0.15848,-1.2993,10,37.7365,362.7671,38.0964,179.2849,0.5379,-123.4514,0.0021,25.7847,0.8133
611,000611.png,False,1788787919.547004,1788787919.342304,shear_-X_out,2,-X,0.4,-0.34501,0.03442,-1.02859,0.00074,-0.00639,-0.00195,-0.28002,0.0921,-0.91474,-0.00197,-0.00755,-0.0005,-0.30892,-0.15905,-1.02834,11,37.6373,362.7808,38.209,179.2752,0.5482,-123.4441,0.0002,25.8981,0.6999
612,000612.png,False,1788787919.755024,1788787919.550324,shear_-X_out,2,-X,0.4,-0.32472,0.03533,-1.09802,0.00067,-0.00593,-0.00185,-0.25974,0.09303,-0.98414,-0.00203,-0.0071,-0.0004,-0.29132,-0.14924,-1.09781,10,37.6647,362.7646,38.1709,179.2799,0.5433,-123.4477,0.0015,25.8596,0.7384
613,000613.png,False,1788787921.819104,1788787921.614404,shear_-X_out,2,-X,0.5,-0.37539,-0.01433,-1.26852,0.00206,-0.0075,-0.00196,-0.31047,0.0436,-1.15435,-0.00066,-0.00866,-0.0005,-0.30922,-0.2203,-1.26732,10,37.6212,362.6965,38.1088,179.2856,0.5379,-123.4518,0.0026,25.7967,0.8013
614,000614.png,False,1788787922.023102,1788787921.818402,shear_-X_out,2,-X,0.5,-0.5033,0.02532,-1.15903,0.00101,-0.0107,-0.00199,-0.43838,0.08328,-1.04484,-0.00171,-0.01186,-0.00053,-0.44059,-0.24812,-1.15829,10,37.4964,362.688,38.1606,179.2823,0.5416,-123.439,0.0054,25.8493,0.7487
615,000615.png,False,1788787922.231107,1788787922.026407,shear_-X_out,2,-X,0.5,-0.44896,0.02592,-1.16215,0.0009,-0.00935,-0.00196,-0.38405,0.0839,-1.04793,-0.00182,-0.01052,-0.0005,-0.39379,-0.2205,-1.16153,10,37.5438,362.688,38.1479,179.2833,0.5402,-123.4468,0.0079,25.8362,0.7618
616,000616.png,False,1788787923.883215,1788787923.678515,shear_-X_back,2,-X,0.0,-0.48749,-0.0189,-1.3058,0.00221,-0.01044,-0.00174,-0.42262,0.03926,-1.19135,-0.00052,-0.0116,-0.00028,-0.40377,-0.28087,-1.3043,10,37.5085,362.6266,38.1051,179.2864,0.5373,-123.4524,0.0055,25.7927,0.8053
617,000617.png,False,1788787924.087264,1788787923.882564,shear_-X_back,2,-X,0.0,-0.48665,-0.01916,-1.31153,0.00226,-0.01035,-0.00176,-0.42179,0.03902,-1.19705,-0.00047,-0.01151,-0.0003,-0.40288,-0.28077,-1.31002,11,37.506,362.6266,38.1041,179.2865,0.5372,-123.452,0.003,25.7917,0.8063
618,000618.png,False,1788787924.295220,1788787924.090520,shear_-X_back,2,-X,0.0,-0.3703,0.04124,-1.35161,0.00072,-0.00745,-0.00173,-0.30545,0.09945,-1.2371,-0.00201,-0.00861,-0.00027,-0.332,-0.17096,-1.35138,10,37.5827,362.6724,38.0832,179.2934,0.5306,-123.4406,0.0037,25.771,0.827
619,000619.png,False,1788787924.707257,1788787924.502557,shear_-X_back,2,-X,0.0,-0.10086,-0.02913,-1.21504,0.00244,-0.00022,-0.00162,-0.03602,0.02913,-1.10048,-0.0003,-0.00137,-0.00016,-0.06439,-0.09509,-1.21415,11,37.8477,362.91,38.1605,179.2821,0.5431,-123.4462,0.0098,25.8503,0.7477
620,000620.png,False,1788787924.915231,1788787924.710531,shear_-Y_out,2,-Y,0.1,-0.00457,-0.04747,-1.19708,0.00291,0.00245,-0.00151,0.06027,0.01081,-1.08248,0.00018,0.0013,-5e-05,0.02806,-0.06257,-1.19606,10,37.9011,362.8229,38.143,179.2899,0.535,-123.447,0.0034,25.831,0.767
621,000621.png,False,1788787925.119251,1788787924.914551,shear_-Y_out,2,-Y,0.1,-0.02607,-0.05073,-1.21594,0.00308,0.00192,-0.00146,0.03875,0.00757,-1.10132,0.00035,0.00077,0.0,0.01119,-0.07645,-1.21482,10,37.9022,362.8261,38.1427,179.2896,0.535,-123.447,0.0007,25.8308,0.7672
622,000622.png,False,1788787925.327281,1788787925.122581,shear_-Y_out,2,-Y,0.1,-0.0549,-0.10189,-1.16729,0.00432,0.00108,-0.00164,0.00992,-0.04357,-1.05264,0.00158,-8e-05,-0.00018,0.01144,-0.13438,-1.16523,11,37.9094,362.7839,38.1654,179.2887,0.5357,-123.4444,0.006,25.8527,0.7453
623,000623.png,False,1788787926.567312,1788787926.362612,shear_-Y_out,2,-Y,0.2,-0.01412,-0.19846,-1.21898,0.00684,0.00217,-0.00165,0.05067,-0.14,-1.10416,0.0041,0.00101,-0.00019,0.09538,-0.19847,-1.21533,11,38.0036,362.7438,38.1328,179.2884,0.536,-123.4563,0.0099,25.8188,0.7792
624,000624.png,False,1788787927.183346,1788787926.978646,shear_-Y_out,2,-Y,0.2,-0.05217,-0.18659,-1.18237,0.00651,0.00125,-0.00155,0.0126,-0.12806,-1.06746,0.00376,0.0001,-8e-05,0.05623,-0.20661,-1.17885,10,37.9838,362.7071,38.1469,179.2886,0.5359,-123.447,0.0005,25.8324,0.7656
625,000625.png,False,1788787928.011400,1788787927.806700,shear_-Y_out,2,-Y,0.3,-0.07398,-0.19167,-1.20393,0.00667,0.00069,-0.00151,-0.00923,-0.13304,-1.08891,0.00392,-0.00046,-4e-05,0.04003,-0.22225,-1.20027,10,37.9786,362.6911,38.1419,179.2892,0.5353,-123.4461,0.0015,25.8273,0.7707
626,000626.png,False,1788787928.215380,1788787928.010680,shear_-Y_out,2,-Y,0.3,-0.10359,-0.27371,-1.1806,0.00881,-6e-05,-0.00149,-0.03885,-0.21506,-1.06555,0.00605,-0.0012,-1e-05,0.0552,-0.30772,-1.17547,10,37.9868,362.6451,38.156,179.2889,0.5356,-123.4455,0.0008,25.8406,0.7574
627,000627.png,False,1788787928.835433,1788787928.630733,shear_-Y_out,2,-Y,0.3,-0.07393,-0.2504,-1.27235,0.00826,0.00056,-0.00146,-0.00921,-0.19168,-1.15721,0.0055,-0.00059,1e-05,0.06988,-0.27419,-1.26767,10,38.01,362.627,38.1153,179.2872,0.5375,-123.4435,0.0042,25.7994,0.7986
628,000628.png,False,1788787930.075504,1788787929.870804,shear_-Y_out,2,-Y,0.4,-0.07371,-0.28003,-1.28775,0.00911,0.00065,-0.00156,-0.00902,-0.22118,-1.17244,0.00635,-0.00049,-8e-05,0.08499,-0.29999,-1.28255,10,38.0316,362.6049,38.1045,179.2891,0.5355,-123.4465,0.002,25.7881,0.8099
629,000629.png,False,1788787930.279480,1788787930.074780,shear_-Y_out,2,-Y,0.4,-0.04716,-0.38648,-1.19179,0.01181,0.00142,-0.00153,0.01753,-0.32761,-1.07645,0.00905,0.00028,-6e-05,0.16051,-0.37738,-1.18481,10,38.1,362.5605,38.1527,179.2881,0.5363,-123.4542,0.0005,25.8351,0.7629
630,000630.png,False,1788787930.487504,1788787930.282804,shear_-Y_out,2,-Y,0.4,-0.02895,-0.33712,-1.16104,0.01059,0.0019,-0.00153,0.03573,-0.27822,-1.04568,0.00783,0.00076,-5e-05,0.15141,-0.32503,-1.15496,11,38.0948,362.5703,38.1556,179.2877,0.5371,-123.4533,0.0072,25.8382,0.7598
631,000631.png,False,1788787931.727457,1788787931.522757,shear_-Y_out,2,-Y,0.5,-0.0832,-0.38217,-1.25154,0.01177,0.00042,-0.00165,-0.01855,-0.32313,-1.136,0.009,-0.00072,-0.00017,0.12755,-0.3926,-1.24456,11,38.0905,362.4963,38.1149,179.2894,0.5354,-123.4448,0.0076,25.7964,0.8016
632,000632.png,False,1788787931.931467,1788787931.726767,shear_-Y_out,2,-Y,0.5,-0.10859,-0.45293,-1.16021,0.01352,-0.0002,-0.00155,-0.04395,-0.39387,-1.04465,0.01074,-0.00134,-7e-05,0.14028,-0.46512,-1.15197,10,38.1011,362.4541,38.1649,179.2874,0.5378,-123.4442,0.0053,25.8456,0.7524
633,000633.png,False,1788787932.139566,1788787931.934866,shear_-Y_out,2,-Y,0.5,-0.09338,-0.40412,-1.14104,0.01232,0.00027,-0.00155,-0.02875,-0.34503,-1.02545,0.00955,-0.00087,-7e-05,0.12893,-0.41493,-1.13368,10,38.0971,362.4665,38.1639,179.2867,0.5383,-123.4437,0.0013,25.8448,0.7532
634,000634.png,False,1788787932.347594,1788787932.142895,shear_-Y_out,2,-Y,0.5,-0.09725,-0.4927,-1.23661,0.01468,8e-05,-0.00152,-0.03262,-0.4336,-1.12099,0.01191,-0.00106,-3e-05,0.1705,-0.49512,-1.22769,11,38.1358,362.4136,38.125,179.287,0.5384,-123.4414,0.0081,25.8049,0.7931
635,000635.png,False,1788787933.379611,1788787933.174911,shear_-Y_back,2,-Y,0.0,-0.09557,-0.49012,-1.32296,0.01471,9e-05,-0.00153,-0.03097,-0.4309,-1.20719,0.01193,-0.00105,-4e-05,0.17127,-0.49342,-1.31407,10,38.1428,362.3849,38.0941,179.2903,0.5346,-123.4428,0.0081,25.7734,0.8246
636,000636.png,False,1788787933.583544,1788787933.378844,shear_-Y_back,2,-Y,0.0,-0.09379,-0.48885,-1.32347,0.01466,0.00012,-0.00148,-0.0292,-0.4296,-1.20768,0.01188,-0.00102,1e-05,0.17218,-0.49144,-1.3146,10,38.1427,362.3854,38.0962,179.2897,0.5352,-123.4426,0.0056,25.7756,0.8224
637,000637.png,False,1788787933.791659,1788787933.586959,shear_-Y_back,2,-Y,0.0,-0.05147,-0.29989,-1.29912,0.00979,0.00122,-0.00149,0.01311,-0.24062,-1.1833,0.007,8e-05,-0.0,0.11425,-0.30625,-1.29362,10,38.0965,362.5079,38.1029,179.2865,0.5384,-123.4524,0.0009,25.7845,0.8135
638,000638.png,False,1788787933.995646,1788787933.790946,shear_-Y_back,2,-Y,0.0,-0.05758,-0.2041,-1.23927,0.00723,0.00109,-0.00157,0.007,-0.14481,-1.12342,0.00445,-4e-05,-9e-05,0.06069,-0.22539,-1.23543,10,37.9898,362.7128,38.1413,179.2853,0.5393,-123.4501,0.0034,25.8269,0.7711
639,000639.png,False,1788787934.411664,1788787934.206964,shear_+Y_out,2,+Y,0.1,-0.08729,0.04268,-1.20357,0.00064,0.00024,-0.00171,-0.02272,0.10202,-1.08767,-0.00215,-0.00089,-0.00022,-0.08859,-0.02593,-1.20396,10,37.9087,362.7886,38.1363,179.2917,0.5325,-123.4457,0.0031,25.8237,0.7743
640,000640.png,False,1788787934.615665,1788787934.410965,shear_+Y_out,2,+Y,0.1,-0.08895,0.01276,-1.22225,0.00155,0.00033,-0.00157,-0.02439,0.07212,-1.10631,-0.00124,-0.00081,-8e-05,-0.07495,-0.05298,-1.2221,10,37.9072,362.8033,38.1416,179.2905,0.5337,-123.4463,0.0006,25.8293,0.7687
641,000641.png,False,1788787935.027710,1788787934.823010,shear_+Y_out,2,+Y,0.1,-0.08046,0.05674,-1.19067,0.00025,0.00048,-0.00181,-0.01591,0.11615,-1.07468,-0.00254,-0.00065,-0.00032,-0.08979,-0.01013,-1.19131,11,37.8861,362.8483,38.1418,179.2902,0.5343,-123.4481,0.0082,25.8303,0.7677
642,000642.png,False,1788787935.235728,1788787935.031028,shear_+Y_out,2,+Y,0.1,-0.07887,0.09096,-1.20608,-0.00057,0.00049,-0.0017,-0.01432,0.15039,-1.09006,-0.00336,-0.00064,-0.0002,-0.1054,0.02005,-1.20732,10,37.8559,362.88,38.1409,179.2923,0.5318,-123.4472,0.0055,25.8301,0.7679
643,000643.png,False,1788787936.679685,1788787936.474985,shear_+Y_out,2,+Y,0.2,-0.07713,0.11476,-1.2659,-0.00124,0.00052,-0.00164,-0.01263,0.17436,-1.14968,-0.00404,-0.00061,-0.00015,-0.11537,0.04057,-1.26755,10,37.8415,362.9351,38.1238,179.2921,0.5322,-123.4474,0.0008,25.814,0.784
644,000644.png,False,1788787937.919807,1788787937.715107,shear_+Y_out,2,+Y,0.3,-0.08717,0.21601,-1.29769,-0.00382,0.00036,-0.00152,-0.02271,0.27574,-1.1813,-0.00663,-0.00077,-3e-05,-0.17444,0.12274,-1.30107,10,37.778,363.0232,38.1196,179.2923,0.5321,-123.4467,0.0061,25.8116,0.7864
645,000645.png,False,1788787938.331794,1788787938.127094,shear_+Y_out,2,+Y,0.3,-0.06966,0.25475,-1.29339,-0.00492,0.00072,-0.00155,-0.0052,0.31453,-1.17694,-0.00772,-0.00041,-5e-05,-0.17865,0.16511,-1.29747,10,37.7677,363.0715,38.1226,179.291,0.5332,-123.4481,0.0052,25.8155,0.7825
646,000646.png,False,1788787939.571893,1788787939.367193,shear_+Y_out,2,+Y,0.4,-0.07606,0.28772,-1.35327,-0.00569,0.00059,-0.00158,-0.01164,0.34764,-1.23665,-0.00851,-0.00053,-8e-05,-0.20025,0.18951,-1.3579,10,37.7346,363.1226,38.1057,179.293,0.5313,-123.4493,0.006,25.7997,0.7983
647,000647.png,False,1788787939.983893,1788787939.779193,shear_+Y_out,2,+Y,0.4,-0.12337,0.3411,-1.20376,-0.00722,-0.00063,-0.00164,-0.05896,0.40107,-1.08708,-0.01003,-0.00175,-0.00013,-0.26894,0.21449,-1.20924,10,37.6667,363.1555,38.1596,179.2912,0.5331,-123.4426,0.0098,25.8546,0.7434
648,000648.png,False,1788787940.395929,1788787940.191229,shear_+Y_out,2,+Y,0.4,-0.10563,0.38212,-1.35869,-0.0083,-0.00033,-0.00175,-0.04123,0.44213,-1.24195,-0.01112,-0.00145,-0.00024,-0.27299,0.2564,-1.3649,10,37.6515,363.2079,38.1103,179.2959,0.528,-123.4495,0.0016,25.8062,0.7918
649,000649.png,False,1788787941.219887,1788787941.015187,shear_+Y_out,2,+Y,0.5,-0.08315,0.40133,-1.25543,-0.00878,0.0004,-0.00172,-0.01878,0.46143,-1.13858,-0.0116,-0.00072,-0.00021,-0.26384,0.28592,-1.26203,10,37.6553,363.2352,38.1381,179.292,0.5324,-123.4496,0.0063,25.8344,0.7636
650,000650.png,False,1788787941.427901,1788787941.223201,shear_+Y_out,2,+Y,0.5,-0.05082,0.4886,-1.30929,-0.01106,0.00129,-0.0018,0.01355,0.54873,-1.19241,-0.01388,0.00017,-0.00029,-0.27906,0.3768,-1.31746,11,37.6442,363.2924,38.1171,179.2902,0.5346,-123.4511,0.0001,25.8144,0.7836
651,000651.png,False,1788787941.636004,1788787941.431304,shear_+Y_out,2,+Y,0.5,-0.06818,0.43554,-1.31392,-0.00974,0.00075,-0.00189,-0.00382,0.49569,-1.19701,-0.01257,-0.00037,-0.00038,-0.26755,0.32209,-1.32114,10,37.6471,363.2783,38.1118,179.2913,0.5332,-123.4513,0.0068,25.8089,0.7891
652,000652.png,False,1788787942.460031,1788787942.255331,shear_+Y_back,2,+Y,0.0,-0.08203,0.50796,-1.45051,-0.01159,0.00037,-0.0017,-0.01769,0.5682,-1.33349,-0.01442,-0.00075,-0.00019,-0.31478,0.3757,-1.45894,10,37.5992,363.3364,38.0727,179.2929,0.532,-123.45,0.0045,25.7711,0.8269
653,000653.png,False,1788787942.668041,1788787942.463341,shear_+Y_back,2,+Y,0.0,-0.07965,0.50953,-1.44497,-0.01158,0.00044,-0.00174,-0.01532,0.5698,-1.32792,-0.01441,-0.00068,-0.00023,-0.31355,0.37835,-1.45343,11,37.599,363.3406,38.0748,179.2923,0.5323,-123.4507,0.0089,25.7732,0.8248
654,000654.png,False,1788787942.872044,1788787942.667344,shear_+Y_back,2,+Y,0.0,-0.06222,0.27749,-1.21554,-0.00565,0.00102,-0.00173,0.0021,0.33778,-1.09846,-0.00848,-0.0001,-0.00022,-0.18411,0.18976,-1.22004,10,37.7157,363.2086,38.1527,179.2865,0.5386,-123.4529,0.006,25.8481,0.7499
655,000655.png,False,1788787943.284165,1788787943.079465,shear_+Y_back,2,+Y,0.0,-0.09395,0.08471,-1.2973,-0.00055,7e-05,-0.00166,-0.02964,0.14504,-1.18016,-0.00338,-0.00105,-0.00014,-0.11471,0.00564,-1.29838,10,37.7732,363.0285,38.1135,179.2891,0.5365,-123.4437,0.0033,25.8057,0.7923
656,000656.png,False,1788787943.700086,1788787943.495386,shear_+X_out,3,+X,0.1,-0.07531,-0.11556,-1.21634,0.00463,0.00062,-0.00158,-0.01101,-0.05518,-1.09915,0.0018,-0.00049,-6e-05,0.00094,-0.1572,-1.214,10,37.9003,362.8293,38.1359,179.2905,0.535,-123.4465,0.0038,25.824,0.774
657,000657.png,False,1788787943.904115,1788787943.699415,shear_+X_out,3,+X,0.1,-0.08431,-0.12463,-1.23225,0.0048,0.00035,-0.0015,-0.02001,-0.06423,-1.11502,0.00196,-0.00077,1e-05,-0.00222,-0.16981,-1.22973,10,37.9034,362.8105,38.1326,179.2919,0.5332,-123.4463,0.001,25.8204,0.7776
658,000658.png,False,1788787944.316184,1788787944.111484,shear_+X_out,3,+X,0.1,-0.02322,-0.13454,-1.38492,0.00526,0.00196,-0.00155,0.04106,-0.07409,-1.26764,0.00242,0.00084,-3e-05,0.05671,-0.15031,-1.38233,10,37.9571,362.8115,38.0851,179.296,0.5291,-123.4476,0.009,25.7725,0.8255
659,000659.png,False,1788787944.936150,1788787944.731450,shear_+X_out,3,+X,0.1,0.0756,-0.0948,-1.2407,0.00409,0.00459,-0.00153,0.13986,-0.03429,-1.12333,0.00125,0.00348,-1e-05,0.12145,-0.06421,-1.23902,10,38.0331,362.8899,38.1295,179.2903,0.5351,-123.4437,0.0006,25.8177,0.7803
660,000660.png,False,1788787945.764165,1788787945.559465,shear_+X_out,3,+X,0.2,0.09478,-0.07858,-1.23708,0.00367,0.00508,-0.00133,0.15902,-0.01796,-1.1196,0.00082,0.00397,0.00019,0.12993,-0.04051,-1.23572,10,38.0755,362.9265,38.1319,179.2899,0.5359,-123.4481,0.0027,25.8204,0.7776
661,000661.png,False,1788787945.968199,1788787945.763499,shear_+X_out,3,+X,0.2,0.2324,-0.12826,-1.4175,0.0051,0.00883,-0.00129,0.29664,-0.06763,-1.29999,0.00225,0.00772,0.00024,0.27522,-0.01767,-1.41552,11,38.1734,362.9123,38.071,179.2951,0.5304,-123.4569,0.0055,25.7586,0.8394
662,000662.png,False,1788787947.416245,1788787947.211545,shear_+X_out,3,+X,0.3,0.13893,-0.02962,-1.14815,0.00247,0.00643,-0.00146,0.20313,0.03118,-1.03044,-0.00038,0.00533,7e-05,0.14311,0.02538,-1.14774,10,38.1029,362.976,38.1588,179.284,0.5422,-123.4394,0.0052,25.8478,0.7502
663,000663.png,False,1788787947.620257,1788787947.415557,shear_+X_out,3,+X,0.3,0.36777,-0.07624,-1.50359,0.00378,0.01238,-0.0014,0.43196,-0.01542,-1.38585,0.00093,0.01127,0.00012,0.36708,0.09365,-1.50278,10,38.3243,362.9846,38.0329,179.299,0.5271,-123.4447,0.0026,25.7206,0.8774
664,000664.png,False,1788787947.828267,1788787947.623567,shear_+X_out,3,+X,0.3,0.36606,-0.13248,-1.43497,0.00517,0.0123,-0.00147,0.43024,-0.07163,-1.31721,0.00231,0.0112,5e-05,0.39322,0.04519,-1.43319,11,38.3196,363.0109,38.0694,179.2941,0.5323,-123.4441,0.0037,25.7575,0.8405
665,000665.png,False,1788787948.240330,1788787948.035630,shear_+X_out,3,+X,0.3,0.22917,-0.01174,-1.13422,0.00195,0.00883,-0.00138,0.29334,0.04915,-1.0164,-0.00091,0.00773,0.00014,0.21224,0.08618,-1.1343,10,38.2003,363.0276,38.1618,179.2846,0.5422,-123.4414,0.007,25.851,0.747
666,000666.png,False,1788787948.652301,1788787948.447601,shear_+X_out,3,+X,0.3,0.38678,-0.13325,-1.49257,0.00532,0.01299,-0.0013,0.45094,-0.07232,-1.37469,0.00246,0.01189,0.00022,0.41195,0.05394,-1.49081,10,38.3556,363.0252,38.0716,179.2939,0.5324,-123.453,0.0088,25.7597,0.8383
667,000667.png,False,1788787949.272336,1788787949.067636,shear_+X_out,3,+X,0.3,0.2371,-0.03132,-1.18227,0.00248,0.00898,-0.00155,0.30125,0.02968,-1.0643,-0.00038,0.00788,-2e-05,0.22923,0.07241,-1.18202,10,38.2587,363.0563,38.1277,179.2872,0.5392,-123.4411,0.0071,25.817,0.781
668,000668.png,False,1788787950.096404,1788787949.891704,shear_+X_out,3,+X,0.3,0.21073,-0.02141,-1.19949,0.00228,0.00837,-0.00135,0.27485,0.03968,-1.08141,-0.00059,0.00727,0.00018,0.20155,0.06754,-1.19936,10,38.2225,363.0247,38.1451,179.2868,0.5397,-123.4396,0.0003,25.8341,0.7639
669,000669.png,False,1788787950.716312,1788787950.511612,shear_+X_out,3,+X,0.3,0.20502,-0.0666,-1.16717,0.00349,0.00823,-0.00151,0.26912,-0.00543,-1.049,0.00062,0.00714,3e-05,0.21896,0.02607,-1.16625,10,38.1779,363.0322,38.2014,179.2823,0.5445,-123.4316,0.0055,25.8908,0.7072
670,000670.png,False,1788787951.956517,1788787951.751817,shear_+X_out,3,+X,0.3,0.29783,-0.02277,-1.25774,0.00226,0.01062,-0.00143,0.36189,0.03853,-1.1394,-0.00062,0.00953,0.0001,0.27808,0.10894,-1.25775,10,38.4118,363.1774,38.0613,179.2869,0.5399,-123.4585,0.0007,25.7515,0.8465
671,000671.png,False,1788787952.368460,1788787952.163760,shear_+X_out,3,+X,0.3,0.37334,-0.08098,-1.33505,0.00385,0.01261,-0.00138,0.43739,-0.01962,-1.21666,0.00097,0.01151,0.00016,0.37311,0.09503,-1.33419,11,38.3671,363.069,38.109,179.2892,0.5373,-123.4476,0.0098,25.7977,0.8003
672,000672.png,False,1788787954.432585,1788787954.227885,shear_+X_out,3,+X,0.5,0.37983,-0.05036,-1.26891,0.00308,0.01289,-0.00159,0.44382,0.01122,-1.15022,0.00019,0.0118,-4e-05,0.36297,0.12584,-1.2686,10,38.3848,363.1046,38.1217,179.2885,0.5382,-123.4418,0.0006,25.8109,0.7871
673,000673.png,False,1788787955.256511,1788787955.051811,shear_+X_back,3,+X,0.0,0.41482,-0.06302,-1.28377,0.00341,0.0138,-0.00135,0.47879,-0.00134,-1.16497,0.00051,0.01271,0.0002,0.39971,0.13213,-1.28331,10,38.4332,363.1146,38.1277,179.2884,0.5384,-123.442,0.0033,25.8167,0.7813
674,000674.png,False,1788787955.464628,1788787955.259928,shear_+X_back,3,+X,0.0,0.41026,-0.06255,-1.26384,0.00335,0.0137,-0.0015,0.47422,-0.00085,-1.14501,0.00045,0.01261,4e-05,0.39538,0.13058,-1.26338,10,38.4265,363.1134,38.1259,179.2884,0.5384,-123.4411,0.0033,25.8149,0.7831
675,000675.png,False,1788787955.672618,1788787955.467918,shear_+X_back,3,+X,0.0,0.1262,-0.08005,-1.29597,0.00389,0.00614,-0.0015,0.19016,-0.01832,-1.17712,0.00099,0.00505,5e-05,0.15829,-0.02703,-1.29464,10,38.2031,363.042,38.1351,179.2925,0.5338,-123.4335,0.0096,25.8245,0.7735
676,000676.png,False,1788787955.876652,1788787955.671952,shear_+X_back,3,+X,0.0,0.08427,-0.0841,-1.24928,0.00399,0.0051,-0.00154,0.14822,-0.02236,-1.1304,0.00109,0.00401,0.0,0.12368,-0.05074,-1.2478,10,38.122,362.8802,38.1409,179.2934,0.5321,-123.4491,0.0078,25.8283,0.7697
677,000677.png,False,1788787956.084547,1788787955.879847,shear_+X_back,3,+X,0.0,0.02135,-0.02382,-1.18172,0.0024,0.00343,-0.00163,0.0853,0.03794,-1.0628,-0.0005,0.00234,-8e-05,0.03859,-0.0289,-1.18117,10,38.0627,362.85,38.1389,179.2966,0.5288,-123.4478,0.0015,25.8262,0.7718
678,000678.png,False,1788787956.288568,1788787956.083868,shear_-X_out,3,-X,0.1,-0.20495,-0.05784,-1.2607,0.00334,-0.00266,-0.00165,-0.14101,0.00395,-1.14176,0.00043,-0.00375,-0.0001,-0.13989,-0.1727,-1.2591,11,37.901,362.8658,38.1367,179.2881,0.5369,-123.4457,0.001,25.8254,0.7726
679,000679.png,False,1788787956.496572,1788787956.291873,shear_-X_out,3,-X,0.1,-0.17622,-0.00999,-1.25326,0.00216,-0.00192,-0.00159,-0.11228,0.05182,-1.13429,-0.00075,-0.003,-4e-05,-0.13896,-0.11678,-1.25255,10,37.9038,362.8487,38.1307,179.2899,0.5353,-123.4463,0.0079,25.8191,0.7789
680,000680.png,False,1788787956.704577,1788787956.499877,shear_-X_out,3,-X,0.1,-0.15886,-0.04644,-1.3015,0.00301,-0.00147,-0.00151,-0.09493,0.0154,-1.1825,0.00011,-0.00255,4e-05,-0.10539,-0.14045,-1.30018,10,37.986,362.9065,38.0652,179.2933,0.5319,-123.4567,0.0075,25.754,0.844
681,000681.png,False,1788787957.940736,1788787957.736036,shear_-X_out,3,-X,0.1,-0.09851,-0.02823,-1.44313,0.00264,0.0,-0.00137,-0.03461,0.03375,-1.32396,-0.00027,-0.00108,0.00019,-0.06122,-0.09679,-1.44222,10,37.9299,362.8669,38.0753,179.2928,0.5327,-123.4461,0.004,25.7638,0.8342
682,000682.png,False,1788787959.180686,1788787958.975986,shear_-X_out,3,-X,0.2,-0.11212,-0.00692,-1.14881,0.00201,-0.00021,-0.00148,-0.04826,0.0552,-1.02947,-0.00091,-0.00129,8e-05,-0.0857,-0.08042,-1.1483,10,37.9047,362.8667,38.1676,179.2839,0.5422,-123.4492,0.0043,25.8562,0.7418
683,000683.png,False,1788787960.416867,1788787960.212168,shear_-X_out,3,-X,0.3,-0.1797,-0.01464,-1.30466,0.00231,-0.00209,-0.00179,-0.11588,0.04761,-1.18514,-0.00061,-0.00317,-0.00023,-0.1393,-0.12337,-1.30385,10,37.8416,362.8233,38.1049,179.2882,0.5381,-123.4483,0.0086,25.7933,0.8047
684,000684.png,False,1788787960.624843,1788787960.420143,shear_-X_out,3,-X,0.3,-0.24538,-0.00511,-1.06016,0.00186,-0.00368,-0.00196,-0.18156,0.05717,-0.94062,-0.00106,-0.00476,-0.0004,-0.20265,-0.14401,-1.05942,11,37.7744,362.8194,38.1961,179.2819,0.5456,-123.4412,0.005,25.8849,0.7131
685,000685.png,False,1788787962.484922,1788787962.280222,shear_-X_out,3,-X,0.3,-0.25268,-0.00926,-1.14297,0.00205,-0.00398,-0.00178,-0.18891,0.05322,-1.02317,-0.00088,-0.00505,-0.00021,-0.20632,-0.15259,-1.14213,10,37.7549,362.7807,38.1527,179.2852,0.5421,-123.4488,0.0002,25.8411,0.7569
686,000686.png,False,1788787963.721014,1788787963.516314,shear_-X_out,3,-X,0.3,-0.2702,-0.02311,-1.30265,0.0025,-0.00451,-0.00156,-0.20647,0.03951,-1.18268,-0.00044,-0.00558,1e-05,-0.21347,-0.17589,-1.30151,10,37.7388,362.7275,38.0623,179.2958,0.5309,-123.4487,0.0001,25.7499,0.8481
687,000687.png,False,1788787964.961023,1788787964.756323,shear_-X_out,3,-X,0.4,-0.27041,-0.01947,-1.29888,0.00239,-0.00452,-0.00161,-0.20671,0.0433,-1.17874,-0.00056,-0.00559,-3e-05,-0.2155,-0.17278,-1.2978,10,37.725,362.7491,38.128,179.2882,0.5389,-123.4492,0.005,25.8161,0.7819
688,000688.png,False,1788787965.785094,1788787965.580394,shear_-X_out,3,-X,0.4,-0.35759,-0.02471,-1.28707,0.00256,-0.00682,-0.00164,-0.29391,0.03814,-1.16681,-0.00039,-0.00789,-6e-05,-0.28848,-0.22069,-1.28573,11,37.6533,362.7081,38.124,179.2889,0.5378,-123.4522,0.0047,25.8119,0.7861
689,000689.png,False,1788787966.613143,1788787966.408443,shear_-X_out,3,-X,0.4,-0.35868,-0.01726,-1.17641,0.00223,-0.00687,-0.00163,-0.29503,0.04569,-1.05604,-0.00073,-0.00793,-5e-05,-0.29391,-0.21301,-1.17521,10,37.6276,362.6782,38.1001,179.2876,0.5392,-123.4503,0.0081,25.7877,0.8103
690,000690.png,False,1788787967.229198,1788787967.024498,shear_-X_out,3,-X,0.4,-0.39877,-0.02932,-1.36248,0.00276,-0.00802,-0.00168,-0.33514,0.03369,-1.24203,-0.0002,-0.00908,-0.0001,-0.32133,-0.24648,-1.36097,11,37.6117,362.6788,38.0956,179.2916,0.5352,-123.4479,0.0004,25.7833,0.8147
691,000691.png,False,1788787967.849161,1788787967.644461,shear_-X_out,3,-X,0.5,-0.37971,9e-05,-1.30347,0.00193,-0.00755,-0.00183,-0.3161,0.06318,-1.18292,-0.00104,-0.00861,-0.00025,-0.31992,-0.21053,-1.30251,11,37.6097,362.7036,38.1093,179.288,0.5393,-123.4479,0.0082,25.7974,0.8006
692,000692.png,False,1788787968.057173,1788787967.852473,shear_-X_out,3,-X,0.5,-0.45638,0.02207,-1.08914,0.00129,-0.00934,-0.0017,-0.39277,0.08518,-0.96856,-0.00168,-0.0104,-0.00012,-0.3988,-0.22637,-1.08844,10,37.5279,362.7087,38.1963,179.28,0.5472,-123.4423,0.0017,25.8851,0.7129
693,000693.png,False,1788787968.261173,1788787968.056473,shear_-X_out,3,-X,0.5,-0.43767,0.02747,-1.17908,0.00118,-0.00896,-0.0017,-0.37407,0.0906,-1.05848,-0.00179,-0.01002,-0.00012,-0.38467,-0.21379,-1.1785,10,37.5396,362.6922,38.1558,179.2846,0.5427,-123.4436,0.0008,25.8443,0.7537
694,000694.png,False,1788787969.501241,1788787969.296541,shear_-X_back,3,-X,0.0,-0.46916,-0.02727,-1.34067,0.00259,-0.00991,-0.00162,-0.4056,0.036,-1.2199,-0.00038,-0.01096,-4e-05,-0.38348,-0.27952,-1.33905,10,37.52,362.6344,38.107,179.2883,0.5389,-123.4499,0.0056,25.7946,0.8034
695,000695.png,False,1788787969.709237,1788787969.504537,shear_-X_back,3,-X,0.0,-0.47786,-0.01459,-1.32688,0.00241,-0.01014,-0.00167,-0.4143,0.0487,-1.20607,-0.00056,-0.0112,-8e-05,-0.39744,-0.27266,-1.32547,10,37.5083,362.6338,38.1116,179.2881,0.5394,-123.4481,0.0022,25.7993,0.7987
696,000696.png,False,1788787969.913243,1788787969.708543,shear_-X_back,3,-X,0.0,-0.36908,0.0753,-1.27256,5e-05,-0.00719,-0.00158,-0.30552,0.13862,-1.15173,-0.00293,-0.00825,0.0,-0.3485,-0.13958,-1.27293,10,37.5705,362.7064,38.1298,179.2871,0.5409,-123.4379,0.0006,25.8182,0.7798
697,000697.png,False,1788787970.325265,1788787970.120565,shear_-X_back,3,-X,0.0,-0.11172,-0.03641,-1.28253,0.00286,-0.00043,-0.00132,-0.04818,0.02696,-1.16164,-0.00012,-0.00148,0.00027,-0.0697,-0.1079,-1.28148,11,37.8417,362.9004,38.1459,179.2847,0.5432,-123.4451,0.0065,25.8356,0.7624
698,000698.png,False,1788787970.533273,1788787970.328573,shear_-Y_out,3,-Y,0.1,-0.01077,-0.057,-1.284,0.00335,0.00223,-0.00138,0.05277,0.00639,-1.16309,0.00037,0.00118,0.00021,0.02805,-0.07532,-1.2828,10,37.8982,362.8177,38.1259,179.2928,0.5348,-123.4452,0.0071,25.8139,0.7841
699,000699.png,False,1788787970.741209,1788787970.536509,shear_-Y_out,3,-Y,0.1,-0.03075,-0.05393,-1.28091,0.00336,0.00174,-0.00142,0.03278,0.00948,-1.15996,0.00038,0.00069,0.00016,0.00919,-0.08259,-1.27971,10,37.8949,362.8301,38.1283,179.2916,0.5354,-123.4448,0.0006,25.8165,0.7815
700,000700.png,False,1788787970.945221,1788787970.740521,shear_-Y_out,3,-Y,0.1,-0.0573,-0.09549,-1.31053,0.00445,0.00111,-0.00128,0.00623,-0.03206,-1.18956,0.00147,5e-05,0.00031,0.00716,-0.13233,-1.30856,11,37.9034,362.7897,38.1228,179.2932,0.5339,-123.4426,0.0023,25.8103,0.7877
701,000701.png,False,1788787972.389372,1788787972.184672,shear_-Y_out,3,-Y,0.2,-0.01059,-0.16513,-1.28602,0.00623,0.00228,-0.00125,0.05289,-0.10153,-1.16485,0.00324,0.00123,0.00035,0.08224,-0.16891,-1.28294,11,37.9874,362.7493,38.1284,179.2893,0.5377,-123.4505,0.0074,25.8146,0.7834
702,000702.png,False,1788787973.629441,1788787973.424741,shear_-Y_out,3,-Y,0.3,-0.09197,-0.16081,-1.32734,0.00627,0.00021,-0.00134,-0.02852,-0.09708,-1.206,0.00328,-0.00084,0.00026,0.00988,-0.20649,-1.32417,11,37.9447,362.7095,38.1108,179.2935,0.5336,-123.4413,0.0057,25.7967,0.8013
703,000703.png,False,1788787974.041482,1788787973.836782,shear_-Y_out,3,-Y,0.3,-0.07565,-0.24048,-1.30703,0.0082,0.0006,-0.00121,-0.01221,-0.1767,-1.18563,0.0052,-0.00045,0.00039,0.06368,-0.26701,-1.30251,10,37.9922,362.6538,38.1187,179.2916,0.5354,-123.4416,0.0036,25.8034,0.7946
704,000704.png,False,1788787974.661463,1788787974.456764,shear_-Y_out,3,-Y,0.3,-0.08885,-0.26757,-1.34569,0.00901,0.00026,-0.00123,-0.02543,-0.20372,-1.2242,0.00601,-0.00079,0.00037,0.06605,-0.29769,-1.34067,10,37.9994,362.6233,38.1042,179.2925,0.5345,-123.4413,0.0055,25.7883,0.8097
705,000705.png,False,1788787975.281492,1788787975.076792,shear_-Y_out,3,-Y,0.4,-0.08833,-0.26333,-1.33532,0.00889,0.00025,-0.00129,-0.02492,-0.19941,-1.21375,0.00588,-0.0008,0.00031,0.06431,-0.29359,-1.33037,10,38.0031,362.6229,38.1049,179.2922,0.5348,-123.442,0.0049,25.789,0.809
706,000706.png,False,1788787975.485503,1788787975.280803,shear_-Y_out,3,-Y,0.4,-0.04103,-0.34722,-1.23208,0.01099,0.00157,-0.00112,0.02237,-0.28328,-1.11048,0.00798,0.00053,0.00048,0.14648,-0.34095,-1.22579,11,38.0773,362.5979,38.1594,179.2883,0.5389,-123.4496,0.008,25.8426,0.7554
707,000707.png,False,1788787975.693514,1788787975.488814,shear_-Y_out,3,-Y,0.4,-0.03374,-0.3121,-1.23571,0.01014,0.00185,-0.00104,0.02965,-0.24814,-1.11408,0.00714,0.00081,0.00056,0.13527,-0.30696,-1.23004,10,38.072,362.5981,38.1501,179.2894,0.5378,-123.4483,0.0059,25.8333,0.7647
708,000708.png,False,1788787976.105536,1788787975.900836,shear_-Y_out,3,-Y,0.4,-0.06718,-0.36751,-1.34183,0.01165,0.00082,-0.0012,-0.0038,-0.3035,-1.22014,0.00864,-0.00023,0.0004,0.13473,-0.37335,-1.33511,11,38.0814,362.5331,38.1075,179.2908,0.5365,-123.4435,0.0037,25.7896,0.8084
709,000709.png,False,1788787976.313540,1788787976.108840,shear_-Y_out,3,-Y,0.4,-0.08264,-0.39554,-1.33083,0.01234,0.00046,-0.00132,-0.01927,-0.3315,-1.20912,0.00933,-0.00058,0.00029,0.13526,-0.40518,-1.32361,10,38.0838,362.5079,38.1055,179.2926,0.5346,-123.4428,0.01,25.7872,0.8108
710,000710.png,False,1788787977.345588,1788787977.140888,shear_-Y_out,3,-Y,0.5,-0.08823,-0.37698,-1.3247,0.01191,0.00032,-0.00131,-0.02489,-0.31283,-1.20284,0.00889,-0.00072,0.00029,0.1211,-0.39179,-1.31779,11,38.0776,362.5089,38.1075,179.2924,0.5348,-123.4418,0.0066,25.7893,0.8087
711,000711.png,False,1788787977.757608,1788787977.552908,shear_-Y_out,3,-Y,0.5,-0.10086,-0.40613,-1.21215,0.0126,-1e-05,-0.00151,-0.03753,-0.34194,-1.09023,0.00958,-0.00105,0.0001,0.12395,-0.42155,-1.20472,10,38.0848,362.4699,38.1473,179.2914,0.5359,-123.4405,0.0032,25.8283,0.7697
712,000712.png,False,1788787977.965528,1788787977.760828,shear_-Y_out,3,-Y,0.5,-0.11437,-0.50852,-1.24055,0.01523,-0.00036,-0.00135,-0.05105,-0.4443,-1.1186,0.01221,-0.0014,0.00025,0.16359,-0.51743,-1.23131,11,38.1227,362.3998,38.1413,179.2948,0.5325,-123.4385,0.0096,25.821,0.777
713,000713.png,False,1788787978.169624,1788787977.964924,shear_-Y_out,3,-Y,0.5,-0.10119,-0.47415,-1.23792,0.01443,4e-05,-0.00138,-0.03787,-0.40991,-1.11595,0.01141,-0.001,0.00023,0.15782,-0.48104,-1.22931,11,38.1194,362.4155,38.1443,179.2931,0.5342,-123.4389,0.008,25.8242,0.7738
714,000714.png,False,1788787978.585556,1788787978.380856,shear_-Y_back,3,-Y,0.0,-0.09544,-0.45555,-1.25173,0.01394,0.00021,-0.00126,-0.03213,-0.39127,-1.1297,0.01092,-0.00083,0.00035,0.15361,-0.46228,-1.24345,11,38.1204,362.419,38.1407,179.2916,0.5358,-123.4394,0.0065,25.8207,0.7773
715,000715.png,False,1788787978.789633,1788787978.584933,shear_-Y_back,3,-Y,0.0,-0.09674,-0.45626,-1.25464,0.014,0.00014,-0.00129,-0.03344,-0.39195,-1.13258,0.01097,-0.00089,0.00032,0.15285,-0.46359,-1.24635,10,38.1211,362.4181,38.1382,179.2919,0.5358,-123.4394,0.0099,25.8182,0.7798
716,000716.png,False,1788787978.997651,1788787978.792951,shear_-Y_back,3,-Y,0.0,-0.07542,-0.27828,-1.35105,0.00941,0.00057,-0.00152,-0.01212,-0.21394,-1.22897,0.00638,-0.00047,9e-05,0.08307,-0.30033,-1.34587,10,38.0631,362.5221,38.0939,179.2934,0.5336,-123.4463,0.0036,25.776,0.822
717,000717.png,False,1788787979.617692,1788787979.412992,shear_+Y_out,3,+Y,0.1,-0.09717,0.01111,-1.26108,0.00175,9e-05,-0.00169,-0.03389,0.07551,-1.13891,-0.00128,-0.00095,-7e-05,-0.08098,-0.05914,-1.26089,10,37.9085,362.7826,38.1273,179.2942,0.5324,-123.4446,0.0089,25.8147,0.7833
718,000718.png,False,1788787980.233733,1788787980.029033,shear_+Y_out,3,+Y,0.1,-0.08201,0.03824,-1.31403,0.00102,0.00046,-0.00169,-0.01875,0.10271,-1.19177,-0.00201,-0.00058,-8e-05,-0.08104,-0.02891,-1.31433,10,37.8929,362.8359,38.1056,179.2936,0.5336,-123.447,0.0048,25.7939,0.8041
719,000719.png,False,1788787980.441797,1788787980.237097,shear_+Y_out,3,+Y,0.1,-0.08617,0.09344,-1.31012,-0.00044,0.0003,-0.00179,-0.02291,0.15793,-1.18783,-0.00347,-0.00074,-0.00018,-0.11224,0.01688,-1.31137,10,37.8387,362.8844,38.0993,179.2943,0.5328,-123.4446,0.0022,25.7887,0.8093
720,000720.png,False,1788787981.885706,1788787981.681006,shear_+Y_out,3,+Y,0.2,-0.08371,0.12252,-1.26489,-0.00122,0.00043,-0.00151,-0.02049,0.18717,-1.1424,-0.00426,-0.0006,0.00011,-0.12495,0.04402,-1.26666,11,37.8292,362.9428,38.1368,179.294,0.5331,-123.445,0.0087,25.8272,0.7708
721,000721.png,False,1788787983.125760,1788787982.921060,shear_+Y_out,3,+Y,0.3,-0.08549,0.20747,-1.37183,-0.00339,0.00035,-0.0016,-0.02231,0.27227,-1.24917,-0.00644,-0.00068,2e-05,-0.1682,0.11499,-1.37505,11,37.7826,363.022,38.0943,179.2942,0.5327,-123.4465,0.0027,25.7864,0.8116
722,000722.png,False,1788787983.329771,1788787983.125071,shear_+Y_out,3,+Y,0.3,-0.09325,0.30759,-1.17054,-0.0061,0.00023,-0.00171,-0.03008,0.37241,-1.04785,-0.00915,-0.0008,-9e-05,-0.22634,0.20105,-1.17551,10,37.728,363.0849,38.1688,179.2894,0.5377,-123.442,0.0051,25.8622,0.7358
723,000723.png,False,1788787983.949930,1788787983.745230,shear_+Y_out,3,+Y,0.3,-0.12265,0.288,-1.37041,-0.00557,-0.00065,-0.0017,-0.05949,0.35289,-1.24763,-0.00862,-0.00167,-7e-05,-0.24063,0.16619,-1.37495,10,37.6973,363.105,38.1093,179.2971,0.5294,-123.4441,0.0046,25.8032,0.7948
724,000724.png,False,1788787984.777934,1788787984.573234,shear_+Y_out,3,+Y,0.4,-0.0866,0.2977,-1.2729,-0.00573,0.0004,-0.00169,-0.02347,0.36268,-1.15001,-0.00878,-0.00063,-6e-05,-0.21493,0.19417,-1.27769,10,37.7104,363.1477,38.1332,179.2923,0.5348,-123.447,0.0018,25.8277,0.7703
725,000725.png,False,1788787985.189937,1788787984.985237,shear_+Y_out,3,+Y,0.4,-0.07555,0.33138,-1.33923,-0.00666,0.00066,-0.0018,-0.01243,0.39641,-1.21628,-0.00972,-0.00037,-0.00017,-0.22172,0.22779,-1.34462,10,37.7054,363.1696,38.1063,179.2934,0.5337,-123.4481,0.0082,25.8013,0.7967
726,000726.png,False,1788787986.425915,1788787986.221215,shear_+Y_out,3,+Y,0.5,-0.08389,0.40327,-1.38805,-0.00858,0.00038,-0.00192,-0.0208,0.46843,-1.26493,-0.01164,-0.00064,-0.00028,-0.26453,0.28511,-1.39466,11,37.6597,363.2359,38.0865,179.2933,0.5336,-123.4489,0.0098,25.7828,0.8152
727,000727.png,False,1788787986.634040,1788787986.429340,shear_+Y_out,3,+Y,0.5,-0.08352,0.48723,-1.17244,-0.01083,0.00046,-0.00196,-0.02044,0.55242,-1.04929,-0.01389,-0.00056,-0.00032,-0.30765,0.36146,-1.18054,10,37.6093,363.2953,38.1764,179.2892,0.5378,-123.4446,0.0028,25.8739,0.7241
728,000728.png,False,1788787986.842022,1788787986.637322,shear_+Y_out,3,+Y,0.5,-0.10185,0.42796,-1.20374,-0.00937,-0.00012,-0.00187,-0.03878,0.49317,-1.08057,-0.01244,-0.00114,-0.00024,-0.2937,0.30046,-1.21078,10,37.6141,363.2741,38.1533,179.2928,0.5343,-123.4452,0.0041,25.8505,0.7475
729,000729.png,False,1788787987.665962,1788787987.461262,shear_+Y_back,3,+Y,0.0,-0.09314,0.52114,-1.29274,-0.01173,0.00013,-0.00186,-0.03009,0.58645,-1.16945,-0.0148,-0.00089,-0.00022,-0.33209,0.3841,-1.30139,11,37.5671,363.3667,38.1349,179.2928,0.5339,-123.4483,0.0172,25.8339,0.7641
730,000730.png,False,1788787987.874087,1788787987.669387,shear_+Y_back,3,+Y,0.0,-0.08509,0.51974,-1.27554,-0.01173,0.00036,-0.00192,-0.02204,0.58507,-1.15222,-0.0148,-0.00065,-0.00028,-0.32453,0.38718,-1.28419,10,37.5707,363.3701,38.1385,179.2924,0.5343,-123.4492,0.0038,25.8376,0.7604
731,000731.png,False,1788787988.078115,1788787987.873415,shear_+Y_back,3,+Y,0.0,-0.02431,0.23804,-1.06042,-0.00441,0.00203,-0.00182,0.03873,0.30339,-0.93707,-0.00748,0.00102,-0.00018,-0.13263,0.17703,-1.06434,10,37.7436,363.2159,38.2194,179.2901,0.5374,-123.457,0.0069,25.9147,0.6833
732,000732.png,False,1788787988.490093,1788787988.285393,shear_+Y_back,3,+Y,0.0,-0.10537,0.06121,-1.30236,0.00026,-0.00022,-0.00162,-0.04234,0.12661,-1.17895,-0.00281,-0.00124,2e-05,-0.11282,-0.0205,-1.30301,11,37.7718,363.0155,38.125,179.2932,0.5341,-123.4442,0.0096,25.817,0.781
733,000733.png,False,1788787989.522051,1788787989.317351,shear_+X_out,4,+X,0.1,-0.08968,-0.11487,-1.22929,0.00489,0.0003,-0.00144,-0.02668,-0.04936,-1.10574,0.00181,-0.00072,0.0002,-0.01177,-0.16399,-1.22693,10,37.8961,362.8214,38.1491,179.2917,0.5361,-123.4394,0.0051,25.8372,0.7608
734,000734.png,False,1788787989.730057,1788787989.525357,shear_+X_out,4,+X,0.1,-0.0868,-0.10757,-1.25251,0.00485,0.00038,-0.00129,-0.0238,-0.04203,-1.12894,0.00177,-0.00063,0.00035,-0.01276,-0.15659,-1.25028,10,37.9002,362.8211,38.1497,179.2917,0.5361,-123.4394,0.0082,25.8377,0.7603
735,000735.png,False,1788787989.938190,1788787989.733490,shear_+X_out,4,+X,0.1,-0.04656,-0.10602,-1.25927,0.00469,0.00137,-0.00139,0.01643,-0.04046,-1.13567,0.00161,0.00036,0.00025,0.02137,-0.13525,-1.25715,10,38.0355,362.903,38.1033,179.2892,0.5389,-123.4531,0.0018,25.7916,0.8064
736,000736.png,False,1788787992.002270,1788787991.797570,shear_+X_out,4,+X,0.2,0.10106,-0.07855,-1.29096,0.004,0.00529,-0.00172,0.16399,-0.01275,-1.16707,0.00091,0.00428,-7e-05,0.13574,-0.03821,-1.2896,10,38.0621,362.919,38.1098,179.2909,0.5375,-123.4405,0.0096,25.7982,0.7998
737,000737.png,False,1788787993.238310,1788787993.033610,shear_+X_out,4,+X,0.3,0.12163,-0.073,-1.21768,0.00383,0.00592,-0.00177,0.18452,-0.00707,-1.09362,0.00073,0.00492,-0.00012,0.15027,-0.02195,-1.21648,10,38.1032,362.9372,38.1395,179.2914,0.5369,-123.4403,0.005,25.8279,0.7701
738,000738.png,False,1788787993.654319,1788787993.449619,shear_+X_out,4,+X,0.3,0.14285,-0.06505,-1.26182,0.00364,0.00641,-0.00166,0.20573,0.00092,-1.1377,0.00053,0.00541,-1e-05,0.16499,-0.00517,-1.26078,10,38.1172,362.9565,38.1276,179.294,0.5343,-123.4348,0.0006,25.8163,0.7817
739,000739.png,False,1788787993.858349,1788787993.653649,shear_+X_out,4,+X,0.3,0.37888,-0.03107,-1.21056,0.00273,0.01268,-0.00181,0.44176,0.03493,-1.08641,-0.00038,0.01168,-0.00016,0.35211,0.14301,-1.2106,10,38.3239,363.0268,38.1259,179.2946,0.5343,-123.4402,0.0027,25.8142,0.7838
740,000740.png,False,1788787994.478353,1788787994.273653,shear_+X_out,4,+X,0.3,0.23688,-0.02954,-1.18142,0.00263,0.00892,-0.00182,0.29974,0.03653,-1.05719,-0.00048,0.00792,-0.00017,0.22814,0.07385,-1.1812,10,38.2077,363.0305,38.1483,179.2888,0.5398,-123.4375,0.0035,25.8375,0.7605
741,000741.png,False,1788787994.890356,1788787994.685656,shear_+X_out,4,+X,0.3,0.37359,-0.11576,-1.48727,0.00509,0.01248,-0.00173,0.43644,-0.04964,-1.36298,0.00198,0.01148,-8e-05,0.39176,0.06259,-1.48578,10,38.3381,363.0351,38.0511,179.2959,0.5325,-123.4472,0.0048,25.7395,0.8585
742,000742.png,False,1788787995.302313,1788787995.097613,shear_+X_out,4,+X,0.3,0.1668,-0.02024,-1.03992,0.00241,0.00714,-0.00195,0.22963,0.04592,-0.91557,-0.00071,0.00614,-0.00029,0.1618,0.04915,-1.03974,10,38.174,363.0342,38.179,179.2859,0.5431,-123.4307,0.0048,25.8685,0.7295
743,000743.png,False,1788787995.510314,1788787995.305614,shear_+X_out,4,+X,0.3,0.22278,-0.03035,-1.17131,0.0027,0.00867,-0.00184,0.2856,0.03584,-1.04693,-0.00041,0.00767,-0.00019,0.21626,0.06627,-1.17105,10,38.2266,363.0362,38.1451,179.2892,0.5391,-123.4422,0.0088,25.8343,0.7637
744,000744.png,False,1788787996.334357,1788787996.129657,shear_+X_out,4,+X,0.3,0.17522,-0.0038,-1.11115,0.00202,0.0074,-0.00206,0.23802,0.06248,-0.98665,-0.0011,0.0064,-0.0004,0.16138,0.06646,-1.11126,10,38.1777,363.03,38.1606,179.2883,0.5403,-123.4318,0.0091,25.85,0.748
745,000745.png,False,1788787997.366403,1788787997.161703,shear_+X_out,4,+X,0.3,0.17799,-0.00729,-1.15978,0.00212,0.00746,-0.00188,0.24077,0.0591,-1.03514,-0.00101,0.00646,-0.00022,0.16586,0.06404,-1.15983,11,38.1919,363.0349,38.1504,179.2888,0.5398,-123.4342,0.0072,25.8398,0.7582
746,000746.png,False,1788788000.878641,1788788000.673941,shear_+X_out,4,+X,0.5,0.38833,-0.05563,-1.17154,0.00334,0.01311,-0.00146,0.451,0.01116,-1.04642,0.0002,0.01212,0.00021,0.37229,0.12709,-1.17118,10,38.4098,363.1224,38.1677,179.2885,0.5406,-123.4372,0.0021,25.8569,0.7411
747,000747.png,False,1788788001.082686,1788788000.877986,shear_+X_out,4,+X,0.5,0.51619,-0.04573,-1.37869,0.00317,0.01649,-0.00143,0.57886,0.02108,-1.25354,3e-05,0.0155,0.00024,0.47954,0.19624,-1.37872,10,38.5303,363.1377,38.0873,179.3038,0.5249,-123.4362,0.0048,25.776,0.822
748,000748.png,False,1788788001.702692,1788788001.497992,shear_+X_back,4,+X,0.0,0.52614,-0.0584,-1.21079,0.0034,0.01674,-0.00154,0.58879,0.00848,-1.08556,0.00025,0.01576,0.00013,0.49333,0.19292,-1.21065,10,38.5399,363.1969,38.1607,179.292,0.5374,-123.4368,0.0015,25.8503,0.7477
749,000749.png,False,1788788001.910764,1788788001.706064,shear_+X_back,4,+X,0.0,0.54224,-0.05739,-1.20188,0.00343,0.01723,-0.00158,0.60489,0.00951,-1.07662,0.00028,0.01625,9e-05,0.50671,0.20198,-1.20179,10,38.5529,363.1961,38.1662,179.2911,0.5384,-123.4387,0.0084,25.8557,0.7423
750,000750.png,False,1788788002.114737,1788788001.910037,shear_+X_back,4,+X,0.0,0.37021,-0.11407,-1.04066,0.00483,0.01265,-0.00166,0.43285,-0.04714,-0.91537,0.00168,0.01167,1e-05,0.38489,0.06952,-1.03926,10,38.3991,363.1474,38.227,179.2806,0.5487,-123.4467,0.0094,25.9167,0.6813
751,000751.png,False,1788788002.322817,1788788002.118117,shear_+X_back,4,+X,0.0,0.24335,-0.06061,-1.11915,0.00353,0.00934,-0.0016,0.30598,0.00634,-0.99383,0.00037,0.00835,8e-05,0.24883,0.05118,-1.11842,10,38.1959,362.942,38.1538,179.2968,0.5313,-123.4365,0.0028,25.8417,0.7563
752,000752.png,False,1788788002.526730,1788788002.322030,shear_+X_back,4,+X,0.0,0.01327,-0.01755,-1.23141,0.00244,0.0032,-0.00161,0.0759,0.04942,-1.10606,-0.00071,0.00221,7e-05,0.0288,-0.02829,-1.23094,11,38.1113,363.0095,38.1566,179.2891,0.5391,-123.4381,0.0074,25.8462,0.7518
753,000753.png,False,1788788002.734728,1788788002.530028,shear_-X_out,4,-X,0.1,-0.16616,-0.09804,-1.25289,0.00464,-0.0015,-0.00174,-0.10354,-0.03104,-1.12751,0.00149,-0.00248,-6e-05,-0.08627,-0.188,-1.25067,10,37.907,362.8678,38.1507,179.2885,0.5388,-123.4401,0.0007,25.8394,0.7586
754,000754.png,False,1788788003.146791,1788788002.942091,shear_-X_out,4,-X,0.1,-0.17773,-0.03666,-1.23193,0.00295,-0.00184,-0.00174,-0.11512,0.03038,-1.1065,-0.00021,-0.00282,-6e-05,-0.12709,-0.14029,-1.23076,11,37.9108,362.8427,38.1433,179.2906,0.5366,-123.4413,0.0089,25.8315,0.7665
755,000755.png,False,1788788003.558764,1788788003.354064,shear_-X_out,4,-X,0.1,-0.07119,-0.06893,-1.35231,0.00382,0.00081,-0.0018,-0.00859,-0.00184,-1.22682,0.00067,-0.00018,-0.00012,-0.01786,-0.11693,-1.35077,10,37.9899,362.873,38.0987,179.2925,0.5348,-123.4444,0.0014,25.7869,0.8111
756,000756.png,False,1788788003.766833,1788788003.562133,shear_-X_out,4,-X,0.1,-0.06584,-0.05149,-1.31671,0.00337,0.00095,-0.00184,-0.00324,0.01562,-1.19118,0.00022,-3e-05,-0.00016,-0.02217,-0.09859,-1.31548,11,37.9853,362.8855,38.1063,179.2914,0.5364,-123.4426,0.0054,25.7947,0.8033
757,000757.png,False,1788788004.590886,1788788004.386186,shear_-X_out,4,-X,0.2,-0.17145,0.04032,-1.06842,0.00088,-0.00173,-0.00183,-0.10888,0.10752,-0.94279,-0.00228,-0.00271,-0.00015,-0.16125,-0.06786,-1.06862,10,37.8499,362.9234,38.2139,179.2799,0.5486,-123.4264,0.0057,25.9039,0.6941
758,000758.png,False,1788788006.862936,1788788006.658237,shear_-X_out,4,-X,0.3,-0.19379,-0.02327,-1.32202,0.00261,-0.00252,-0.00186,-0.13129,0.04418,-1.19607,-0.00057,-0.0035,-0.00017,-0.14707,-0.13817,-1.32103,10,37.8382,362.8253,38.1026,179.2904,0.5378,-123.4409,0.0125,25.7911,0.8069
759,000759.png,False,1788788007.070949,1788788006.866249,shear_-X_out,4,-X,0.3,-0.306,-0.00042,-1.18801,0.00203,-0.00541,-0.00191,-0.2435,0.06706,-1.06203,-0.00114,-0.00639,-0.00022,-0.25662,-0.17229,-1.18721,10,37.7314,362.8095,38.1615,179.2893,0.5389,-123.4266,0.0053,25.8505,0.7475
760,000760.png,False,1788788007.274935,1788788007.070235,shear_-X_out,4,-X,0.3,-0.25641,0.01004,-1.16999,0.00167,-0.00412,-0.0019,-0.19391,0.07754,-1.04398,-0.00151,-0.0051,-0.00021,-0.21901,-0.13817,-1.16948,10,37.7774,362.8169,38.1602,179.2889,0.5394,-123.4344,0.0023,25.849,0.749
761,000761.png,False,1788788008.102957,1788788007.898257,shear_-X_out,4,-X,0.4,-0.19965,-0.02879,-1.18724,0.00271,-0.00264,-0.00194,-0.13718,0.03881,-1.06111,-0.00047,-0.00361,-0.00025,-0.15033,-0.14371,-1.18616,10,37.8164,362.7995,38.1522,179.2905,0.5379,-123.4435,0.0053,25.8404,0.7576
762,000762.png,False,1788788008.515023,1788788008.310323,shear_-X_out,4,-X,0.4,-0.22684,-0.04551,-1.2132,0.00315,-0.00337,-0.00194,-0.16438,0.02213,-1.08702,-3e-05,-0.00434,-0.00025,-0.16534,-0.17219,-1.21177,10,37.8009,362.7834,38.145,179.2903,0.5377,-123.4474,0.0003,25.8331,0.7649
763,000763.png,False,1788788008.927028,1788788008.722328,shear_-X_out,4,-X,0.4,-0.33179,-0.00537,-1.19889,0.00216,-0.00607,-0.0019,-0.26934,0.06231,-1.07266,-0.00102,-0.00704,-0.0002,-0.2764,-0.18964,-1.19796,10,37.6998,362.7578,38.1516,179.2881,0.54,-123.4414,0.009,25.84,0.758
764,000764.png,False,1788788010.579073,1788788010.374373,shear_-X_out,4,-X,0.5,-0.37931,-0.02745,-1.31463,0.00281,-0.00746,-0.00192,-0.31691,0.04042,-1.18816,-0.00039,-0.00843,-0.00022,-0.30574,-0.23436,-1.31319,10,37.6468,362.7063,38.1099,179.2871,0.5424,-123.4434,0.0008,25.7978,0.8002
765,000765.png,False,1788788010.991114,1788788010.786414,shear_-X_out,4,-X,0.5,-0.45063,0.00672,-1.23196,0.0019,-0.00922,-0.00186,-0.38824,0.07464,-1.10543,-0.0013,-0.01019,-0.00016,-0.38516,-0.23908,-1.23099,10,37.5638,362.6912,38.1446,179.285,0.5442,-123.4425,0.0098,25.8328,0.7652
766,000766.png,False,1788788011.819122,1788788011.614422,shear_-X_back,4,-X,0.0,-0.47101,-0.01054,-1.39541,0.00244,-0.00991,-0.002,-0.40865,0.05747,-1.26878,-0.00077,-0.01087,-0.0003,-0.39306,-0.26683,-1.39408,10,37.5435,362.6611,38.0742,179.288,0.5414,-123.4407,0.0059,25.7621,0.8359
767,000767.png,False,1788788012.023153,1788788011.818453,shear_-X_back,4,-X,0.0,-0.469,-0.01293,-1.40354,0.00253,-0.00986,-0.0019,-0.40664,0.0551,-1.27687,-0.00067,-0.01082,-0.00019,-0.39006,-0.26803,-1.40216,10,37.5438,362.6596,38.0767,179.288,0.5414,-123.4407,0.0027,25.7645,0.8335
768,000768.png,False,1788788012.231152,1788788012.026452,shear_-X_back,4,-X,0.0,-0.24978,0.01191,-1.27532,0.00176,-0.00408,-0.00198,-0.18743,0.07997,-1.14863,-0.00145,-0.00504,-0.00027,-0.21347,-0.13492,-1.27484,10,37.7028,362.7268,38.1087,179.2841,0.5459,-123.4493,0.0046,25.7966,0.8014
769,000769.png,False,1788788012.435165,1788788012.230465,shear_-X_back,4,-X,0.0,-0.2018,0.00937,-1.21746,0.0018,-0.00271,-0.00194,-0.13945,0.07745,-1.09073,-0.00141,-0.00367,-0.00024,-0.17104,-0.11222,-1.21703,10,37.7649,362.7785,38.1399,179.2888,0.5411,-123.4375,0.0078,25.8282,0.7698
770,000770.png,False,1788788012.851213,1788788012.646513,shear_-Y_out,4,-Y,0.1,-0.04065,-0.08135,-1.20456,0.00418,0.00161,-0.00183,0.02168,-0.01322,-1.07778,0.00097,0.00065,-0.00013,0.01378,-0.11006,-1.20288,10,37.9083,362.8236,38.1459,179.2931,0.5365,-123.4411,0.0015,25.8338,0.7642
771,000771.png,False,1788788013.055211,1788788012.850511,shear_-Y_out,4,-Y,0.1,-0.04874,-0.05757,-1.1999,0.00355,0.00141,-0.00181,0.01359,0.01058,-1.07309,0.00034,0.00044,-0.00011,-0.00514,-0.09343,-1.19862,10,37.9049,362.84,38.1496,179.2914,0.538,-123.4401,0.0044,25.8379,0.7601
772,000772.png,False,1788788013.263109,1788788013.058409,shear_-Y_out,4,-Y,0.1,-0.07292,-0.10047,-1.1717,0.00463,0.00075,-0.00182,-0.0106,-0.0323,-1.04486,0.00142,-0.00021,-0.00011,-0.00485,-0.14222,-1.16964,10,37.9095,362.8142,38.1688,179.2902,0.5392,-123.4392,0.0092,25.8566,0.7414
773,000773.png,False,1788788014.295250,1788788014.090550,shear_-Y_out,4,-Y,0.2,-0.08155,-0.09309,-1.22455,0.00447,0.00048,-0.00165,-0.01926,-0.0248,-1.09757,0.00125,-0.00048,6e-05,-0.01564,-0.14099,-1.22259,10,37.9179,362.7944,38.1471,179.2928,0.5366,-123.4394,0.0057,25.8346,0.7634
774,000774.png,False,1788788014.707299,1788788014.502599,shear_-Y_out,4,-Y,0.2,-0.03206,-0.17557,-1.41036,0.00669,0.00164,-0.00159,0.03023,-0.10723,-1.28332,0.00348,0.00069,0.00012,0.06973,-0.19066,-1.40704,11,37.9958,362.7459,38.0758,179.2949,0.5344,-123.4455,0.0038,25.7619,0.8361
775,000775.png,False,1788788014.915259,1788788014.710559,shear_-Y_out,4,-Y,0.2,-0.05586,-0.15581,-1.38583,0.00615,0.00112,-0.00159,0.00641,-0.08745,-1.25876,0.00293,0.00016,0.00012,0.03906,-0.18505,-1.38281,10,37.9661,362.751,38.0851,179.2946,0.5347,-123.4407,0.0099,25.7715,0.8265
776,000776.png,False,1788788015.947315,1788788015.742615,shear_-Y_out,4,-Y,0.3,-0.09942,-0.14123,-1.16735,0.00575,0.00013,-0.00153,-0.03718,-0.07275,-1.04013,0.00252,-0.00082,0.00018,-0.00747,-0.19069,-1.16452,11,37.943,362.7374,38.1616,179.2901,0.5392,-123.4359,0.01,25.848,0.75
777,000777.png,False,1788788016.151362,1788788015.946662,shear_-Y_out,4,-Y,0.3,-0.08942,-0.25794,-1.25897,0.0088,0.0003,-0.00136,-0.02718,-0.18945,-1.13173,0.00558,-0.00065,0.00035,0.06014,-0.28825,-1.25413,10,37.9934,362.6832,38.1451,179.2933,0.5362,-123.4389,0.0075,25.8302,0.7678
778,000778.png,False,1788788016.359330,1788788016.154630,shear_-Y_out,4,-Y,0.3,-0.08098,-0.22216,-1.25365,0.00788,0.00054,-0.00138,-0.01874,-0.15364,-1.12638,0.00466,-0.00041,0.00033,0.04954,-0.25295,-1.24945,10,37.9938,362.6802,38.1419,179.2936,0.5356,-123.4389,0.0009,25.827,0.771
779,000779.png,False,1788788016.771269,1788788016.566569,shear_-Y_out,4,-Y,0.3,-0.08347,-0.26358,-1.34597,0.00899,0.00036,-0.00155,-0.02124,-0.19502,-1.21864,0.00576,-0.00059,0.00016,0.06872,-0.29155,-1.34103,10,38.0145,362.637,38.1002,179.295,0.5342,-123.4378,0.0083,25.7844,0.8136
780,000780.png,False,1788788018.011435,1788788017.806735,shear_-Y_out,4,-Y,0.4,-0.09284,-0.26598,-1.30184,0.00905,0.00022,-0.00135,-0.03066,-0.19727,-1.17434,0.00582,-0.00073,0.00037,0.06149,-0.2976,-1.29684,10,38.017,362.629,38.1244,179.2923,0.5373,-123.4377,0.0056,25.8085,0.7895
781,000781.png,False,1788788018.423424,1788788018.218724,shear_-Y_out,4,-Y,0.4,-0.06847,-0.32097,-1.2825,0.01046,0.00079,-0.00124,-0.00629,-0.25222,-1.15494,0.00722,-0.00016,0.00047,0.10995,-0.33274,-1.2766,10,38.0628,362.5903,38.1351,179.2916,0.5382,-123.4401,0.0033,25.8183,0.7797
782,000782.png,False,1788788019.659553,1788788019.454853,shear_-Y_out,4,-Y,0.5,-0.08486,-0.38782,-1.33402,0.01229,0.00033,-0.00143,-0.02272,-0.31893,-1.20629,0.00905,-0.00062,0.0003,0.1295,-0.39965,-1.32692,10,38.0888,362.5224,38.1079,179.2925,0.5367,-123.4385,0.0093,25.7898,0.8082
783,000783.png,False,1788788019.867501,1788788019.662802,shear_-Y_out,4,-Y,0.5,-0.12051,-0.46797,-1.13162,0.0142,-0.00048,-0.00148,-0.05837,-0.39906,-1.00387,0.01095,-0.00143,0.00025,0.13727,-0.48364,-1.12309,11,38.101,362.4618,38.1979,179.2901,0.5398,-123.437,0.002,25.8787,0.7193
784,000784.png,False,1788788020.075547,1788788019.870847,shear_-Y_out,4,-Y,0.5,-0.10098,-0.40627,-1.10063,0.01266,4e-05,-0.00173,-0.03885,-0.33733,-0.97285,0.00942,-0.00091,-1e-05,0.12314,-0.41994,-1.09322,10,38.0971,362.4784,38.1777,179.2911,0.5392,-123.437,0.003,25.8588,0.7392
785,000785.png,False,1788788020.487545,1788788020.282845,shear_-Y_out,4,-Y,0.5,-0.09631,-0.43458,-1.23038,0.01351,0.00013,-0.00173,-0.03419,-0.3656,-1.10254,0.01026,-0.00081,-1e-05,0.14223,-0.44421,-1.22247,11,38.1171,362.447,38.1335,179.2902,0.5399,-123.4344,0.0071,25.814,0.784
786,000786.png,False,1788788021.311569,1788788021.106869,shear_-Y_back,4,-Y,0.0,-0.08842,-0.48606,-1.33568,0.015,0.00017,-0.00162,-0.02632,-0.41699,-1.20772,0.01175,-0.00077,0.00011,0.17552,-0.48654,-1.32687,10,38.1495,362.4064,38.101,179.2921,0.5375,-123.4387,0.0079,25.7807,0.8173
787,000787.png,False,1788788021.519480,1788788021.314780,shear_-Y_back,4,-Y,0.0,-0.08132,-0.4916,-1.32277,0.01508,0.00041,-0.00156,-0.01923,-0.4225,-1.19479,0.01183,-0.00054,0.00017,0.18435,-0.48758,-1.31388,10,38.1553,362.4049,38.1047,179.2923,0.5374,-123.4396,0.0073,25.7843,0.8137
788,000788.png,False,1788788021.727588,1788788021.522888,shear_-Y_back,4,-Y,0.0,-0.04596,-0.34845,-1.24,0.01138,0.00138,-0.00172,0.01613,-0.27932,-1.11199,0.00812,0.00043,1e-05,0.14288,-0.3446,-1.23368,11,38.1233,362.5034,38.1264,179.2942,0.5355,-123.4472,0.0001,25.8077,0.7903
789,000789.png,False,1788788022.139504,1788788021.934804,shear_-Y_back,4,-Y,0.0,-0.08801,-0.13915,-1.2304,0.00572,0.0002,-0.00176,-0.02594,-0.06998,-1.10233,0.00246,-0.00075,-3e-05,0.00182,-0.1842,-1.22763,10,37.9489,362.798,38.1462,179.2889,0.5407,-123.4409,0.0043,25.8335,0.7645
790,000790.png,False,1788788022.343620,1788788022.138920,shear_+Y_out,4,+Y,0.1,-0.0933,0.0281,-1.22826,0.0015,0.00012,-0.00194,-0.03124,0.09729,-1.10017,-0.00175,-0.00082,-0.00021,-0.08634,-0.04196,-1.22838,10,37.9192,362.7855,38.1352,179.2956,0.5335,-123.4411,0.0076,25.8225,0.7755
791,000791.png,False,1788788022.963547,1788788022.758847,shear_+Y_out,4,+Y,0.1,-0.08498,0.02883,-1.22297,0.00135,0.00027,-0.00195,-0.02294,0.09809,-1.09478,-0.00192,-0.00067,-0.00022,-0.07954,-0.03709,-1.22311,10,37.9008,362.8356,38.1352,179.295,0.5344,-123.4415,0.0042,25.8235,0.7745
792,000792.png,False,1788788023.171613,1788788022.966913,shear_+Y_out,4,+Y,0.1,-0.08697,0.0847,-1.22676,-8e-05,0.00025,-0.00197,-0.02493,0.15399,-1.09855,-0.00334,-0.00069,-0.00024,-0.10915,0.01025,-1.22787,10,37.8566,362.883,38.1353,179.2972,0.532,-123.4424,0.0085,25.8245,0.7735
793,000793.png,False,1788788024.407612,1788788024.202912,shear_+Y_out,4,+Y,0.2,-0.0744,0.15946,-1.24233,-0.00209,0.0006,-0.00199,-0.0124,0.22888,-1.11395,-0.00536,-0.00034,-0.00025,-0.1355,0.08102,-1.24476,11,37.8332,362.9589,38.1263,179.2934,0.5356,-123.4413,0.0075,25.817,0.781
794,000794.png,False,1788788024.615707,1788788024.411007,shear_+Y_out,4,+Y,0.2,-0.08626,0.12574,-1.27073,-0.00118,0.00024,-0.00195,-0.02426,0.19518,-1.14232,-0.00445,-0.0007,-0.00022,-0.12873,0.04544,-1.27255,10,37.835,362.946,38.1224,179.2951,0.5342,-123.4413,0.0003,25.8129,0.7851
795,000795.png,False,1788788024.823631,1788788024.618931,shear_+Y_out,4,+Y,0.2,-0.09978,0.23694,-1.31742,-0.00406,-0.00016,-0.00204,-0.03779,0.30641,-1.18898,-0.00733,-0.0011,-0.0003,-0.19568,0.13425,-1.32113,10,37.7725,363.0042,38.098,179.2991,0.5298,-123.4415,0.0066,25.7898,0.8082
796,000796.png,False,1788788025.855798,1788788025.651098,shear_+Y_out,4,+Y,0.3,-0.09494,0.22754,-1.3151,-0.00378,-1e-05,-0.00192,-0.03298,0.29713,-1.18651,-0.00706,-0.00094,-0.00018,-0.18681,0.12856,-1.31865,10,37.7683,363.0429,38.1117,179.2958,0.5336,-123.4413,0.0031,25.8042,0.7938
797,000797.png,False,1788788026.059806,1788788025.855106,shear_+Y_out,4,+Y,0.3,-0.06556,0.31083,-1.25953,-0.00601,0.00082,-0.00194,-0.0036,0.38044,-1.13092,-0.00928,-0.00011,-0.0002,-0.20335,0.21627,-1.2646,10,37.7548,363.0999,38.132,179.2932,0.5363,-123.4416,0.0053,25.8254,0.7726
798,000798.png,False,1788788027.503899,1788788027.299199,shear_+Y_out,4,+Y,0.4,-0.07846,0.29457,-1.37215,-0.00557,0.00043,-0.00186,-0.01654,0.36433,-1.24333,-0.00886,-0.0005,-0.00012,-0.20562,0.19393,-1.37689,10,37.7337,363.133,38.0962,179.2959,0.5337,-123.4433,0.0021,25.7903,0.8077
799,000799.png,False,1788788027.711855,1788788027.507155,shear_+Y_out,4,+Y,0.4,-0.10106,0.38989,-1.16415,-0.00807,-7e-05,-0.0019,-0.03914,0.45969,-1.03531,-0.01136,-0.00099,-0.00015,-0.27427,0.26853,-1.17053,10,37.6684,363.181,38.1711,179.2927,0.5369,-123.44,0.004,25.8665,0.7315
800,000800.png,False,1788788027.919881,1788788027.715181,shear_+Y_out,4,+Y,0.4,-0.11279,0.34054,-1.20274,-0.00676,-0.00037,-0.00181,-0.05089,0.41035,-1.07387,-0.01005,-0.0013,-6e-05,-0.2595,0.2193,-1.20823,10,37.6702,363.1776,38.1631,179.2937,0.5358,-123.44,0.0054,25.8584,0.7396
801,000801.png,False,1788788028.123883,1788788027.919183,shear_+Y_out,4,+Y,0.4,-0.10618,0.41678,-1.46448,-0.00877,-0.00035,-0.00181,-0.04428,0.48662,-1.33558,-0.01206,-0.00128,-6e-05,-0.29005,0.28445,-1.47127,10,37.6459,363.2095,38.0648,179.305,0.5243,-123.4402,0.0077,25.7607,0.8373
802,000802.png,False,1788788029.155844,1788788028.951144,shear_+Y_out,4,+Y,0.5,-0.08358,0.40983,-1.27253,-0.00865,0.00037,-0.00199,-0.02171,0.47978,-1.14349,-0.01195,-0.00056,-0.00024,-0.26834,0.29279,-1.27928,10,37.6448,363.2737,38.1343,179.294,0.5361,-123.444,0.009,25.8313,0.7667
803,000803.png,False,1788788029.363992,1788788029.159292,shear_+Y_out,4,+Y,0.5,-0.04614,0.51228,-1.3067,-0.0114,0.00131,-0.0021,0.01573,0.58226,-1.17763,-0.0147,0.00039,-0.00035,-0.28685,0.39968,-1.31529,10,37.6356,363.3153,38.1173,179.2932,0.5368,-123.4474,0.0019,25.815,0.783
804,000804.png,False,1788788029.567955,1788788029.363256,shear_+Y_out,4,+Y,0.5,-0.06932,0.44551,-1.32746,-0.0096,0.00069,-0.00209,-0.00746,0.51551,-1.19836,-0.0129,-0.00023,-0.00034,-0.27343,0.32994,-1.33485,11,37.6389,363.3009,38.1123,179.2944,0.5353,-123.4468,0.0011,25.8098,0.7882
805,000805.png,False,1788788030.395878,1788788030.191178,shear_+Y_back,4,+Y,0.0,-0.07509,0.48841,-1.46274,-0.01069,0.00045,-0.00189,-0.01325,0.5585,-1.33353,-0.01399,-0.00048,-0.00014,-0.29892,0.36205,-1.47084,10,37.6106,363.3408,38.0698,179.297,0.5329,-123.4452,0.0044,25.7681,0.8299
806,000806.png,False,1788788030.599976,1788788030.395276,shear_+Y_back,4,+Y,0.0,-0.07529,0.48876,-1.45403,-0.01074,0.0005,-0.00201,-0.01346,0.55888,-1.32479,-0.01404,-0.00043,-0.00026,-0.29933,0.36239,-1.46214,10,37.6082,363.3465,38.0719,179.2964,0.5335,-123.4452,0.0071,25.7703,0.8277
807,000807.png,False,1788788030.807993,1788788030.603293,shear_+Y_back,4,+Y,0.0,-0.09016,0.31432,-1.259,-0.00624,0.00015,-0.00187,-0.02834,0.38446,-1.12973,-0.00955,-0.00077,-0.00012,-0.22641,0.20701,-1.26408,11,37.6793,363.2429,38.1528,179.2881,0.5422,-123.4414,0.0067,25.849,0.749
808,000808.png,False,1788788031.016016,1788788030.811316,shear_+Y_back,4,+Y,0.0,-0.08713,0.22997,-1.29244,-0.00397,0.00025,-0.0018,-0.02531,0.30013,-1.16314,-0.00728,-0.00067,-5e-05,-0.18141,0.13493,-1.29606,10,37.7782,363.0043,38.1066,179.2979,0.5321,-123.4385,0.0029,25.7984,0.7996
809,000809.png,False,1788788031.220006,1788788031.015306,shear_+Y_back,4,+Y,0.0,-0.08484,0.04997,-1.3337,0.00063,0.00028,-0.0016,-0.02302,0.12016,-1.20437,-0.00268,-0.00065,0.00015,-0.08921,-0.02047,-1.33419,10,37.7872,363.0297,38.1145,179.293,0.537,-123.4394,0.0001,25.8066,0.7914
810,000810.png,False,1788788031.428016,1788788031.223316,shear_+Y_back,4,+Y,0.0,-0.09807,-0.15735,-1.28664,0.00605,-1e-05,-0.00159,-0.03626,-0.08714,-1.15729,0.00274,-0.00093,0.00017,0.00259,-0.20589,-1.28352,11,37.9045,362.8362,38.1317,179.294,0.5365,-123.4418,0.0067,25.8199,0.7781
811,000811.png,False,1788788033.080087,1788788032.875387,shear_+X_out,5,+X,0.1,-0.08495,-0.10577,-1.20145,0.00477,0.00037,-0.00185,-0.02319,-0.03538,-1.07186,0.00145,-0.00055,-9e-05,-0.01242,-0.1533,-1.19926,10,37.9079,362.8272,38.1503,179.294,0.5365,-123.4411,0.001,25.8384,0.7596
812,000812.png,False,1788788033.492014,1788788033.287314,shear_+X_out,5,+X,0.1,0.01181,-0.12522,-1.17197,0.00525,0.00289,-0.00179,0.07356,-0.05478,-1.04233,0.00193,0.00197,-2e-05,0.08092,-0.12132,-1.16964,10,37.9902,362.847,38.1605,179.2935,0.5372,-123.4464,0.0096,25.8482,0.7498
813,000813.png,False,1788788033.696144,1788788033.491444,shear_+X_out,5,+X,0.1,0.0399,-0.05334,-1.16974,0.00344,0.00368,-0.00182,0.10164,0.01712,-1.04007,0.00012,0.00276,-6e-05,0.06932,-0.045,-1.16872,10,38.0138,362.9411,38.1621,179.294,0.5371,-123.434,0.0069,25.8512,0.7468
814,000814.png,False,1788788035.144088,1788788034.939388,shear_+X_out,5,+X,0.2,0.10321,-0.08555,-1.18002,0.00415,0.00528,-0.00188,0.16491,-0.01493,-1.05014,0.00082,0.00437,-0.00011,0.14032,-0.04143,-1.17856,10,38.0692,362.9226,38.157,179.2932,0.5379,-123.4424,0.0071,25.8454,0.7526
815,000815.png,False,1788788035.348226,1788788035.143526,shear_+X_out,5,+X,0.2,0.23012,-0.10552,-1.25595,0.00479,0.00872,-0.0018,0.29182,-0.03487,-1.12605,0.00147,0.0078,-4e-05,0.26076,0.00348,-1.25439,11,38.1889,362.9341,38.1214,179.2955,0.5354,-123.4539,0.0038,25.8092,0.7888
816,000816.png,False,1788788035.556186,1788788035.351486,shear_+X_out,5,+X,0.2,0.17922,-0.11657,-1.29761,0.00511,0.00731,-0.00164,0.24091,-0.0459,-1.16768,0.00179,0.0064,0.00013,0.22248,-0.0322,-1.29575,10,38.1436,362.9357,38.1234,179.2957,0.5355,-123.4468,0.0034,25.8115,0.7865
817,000817.png,False,1788788036.796247,1788788036.591547,shear_+X_out,5,+X,0.3,0.14239,-0.06403,-1.19483,0.00372,0.00637,-0.0018,0.20404,0.00678,-1.06472,0.00038,0.00546,-3e-05,0.16361,-0.00345,-1.19382,10,38.1172,362.9635,38.1542,179.2938,0.5376,-123.437,0.0049,25.843,0.755
818,000818.png,False,1788788037.000258,1788788036.795558,shear_+X_out,5,+X,0.3,0.36742,-0.03908,-1.19406,0.00298,0.01227,-0.00169,0.42907,0.03175,-1.06393,-0.00036,0.01136,8e-05,0.34607,0.13061,-1.19394,10,38.3392,363.0297,38.1472,179.2951,0.5369,-123.4442,0.0024,25.8355,0.7625
819,000819.png,False,1788788037.208277,1788788037.003577,shear_+X_out,5,+X,0.3,0.37164,-0.11568,-1.21538,0.00509,0.01247,-0.00182,0.43329,-0.04482,-1.08522,0.00175,0.01156,-5e-05,0.38815,0.06604,-1.21393,11,38.337,363.0402,38.1494,179.2945,0.5375,-123.4437,0.0043,25.8379,0.7601
820,000820.png,False,1788788037.620305,1788788037.415605,shear_+X_out,5,+X,0.3,0.22015,-0.02865,-1.13428,0.00269,0.00842,-0.0017,0.28178,0.04225,-1.00406,-0.00065,0.00751,7e-05,0.21288,0.06702,-1.13405,10,38.2061,363.0282,38.1769,179.2928,0.5394,-123.4372,0.0059,25.8661,0.7319
821,000821.png,False,1788788038.032219,1788788037.827519,shear_+X_out,5,+X,0.3,0.39737,-0.14442,-1.51234,0.00601,0.01319,-0.00156,0.45899,-0.07347,-1.38207,0.00267,0.01229,0.00021,0.42685,0.04925,-1.5104,10,38.3729,363.036,38.0646,179.3004,0.5317,-123.4524,0.0041,25.7527,0.8453
822,000822.png,False,1788788038.652249,1788788038.447549,shear_+X_out,5,+X,0.3,0.21674,-0.03275,-1.22953,0.00294,0.00837,-0.00166,0.27834,0.03827,-1.09917,-0.00041,0.00746,0.00011,0.21263,0.06024,-1.22921,10,38.2329,363.0421,38.1319,179.2919,0.5403,-123.439,0.004,25.8212,0.7768
823,000823.png,False,1788788039.272382,1788788039.067683,shear_+X_out,5,+X,0.3,0.16498,-0.05627,-1.12178,0.00344,0.00705,-0.00157,0.22656,0.01482,-0.99134,9e-05,0.00615,0.00021,0.17879,0.01573,-1.12096,10,38.1756,363.0407,38.203,179.2878,0.5446,-123.4295,0.0007,25.8925,0.7055
824,000824.png,False,1788788039.476296,1788788039.271596,shear_+X_out,5,+X,0.3,0.19764,-0.02431,-1.17645,0.00271,0.00789,-0.0016,0.25921,0.0468,-1.04598,-0.00064,0.00699,0.00017,0.1915,0.05885,-1.17624,10,38.2148,363.0299,38.1619,179.292,0.5402,-123.4364,0.0038,25.851,0.747
825,000825.png,False,1788788040.716339,1788788040.511639,shear_+X_out,5,+X,0.3,0.42836,-0.14397,-1.50575,0.00586,0.01394,-0.00157,0.48991,-0.07272,-1.37511,0.0025,0.01304,0.00021,0.45342,0.06524,-1.50388,10,38.4083,363.0591,38.066,179.2992,0.5327,-123.4524,0.0044,25.7543,0.8437
826,000826.png,False,1788788044.432593,1788788044.227893,shear_+X_out,5,+X,0.5,0.48632,-0.04771,-1.26474,0.00323,0.01547,-0.00178,0.54776,0.02395,-1.13358,-0.00015,0.01458,1e-05,0.45387,0.18142,-1.26469,10,38.4852,363.1512,38.1313,179.2941,0.5387,-123.4418,0.0,25.8205,0.7775
827,000827.png,False,1788788045.052608,1788788044.847908,shear_+X_back,5,+X,0.0,0.45652,-0.07332,-1.28514,0.00391,0.01468,-0.00178,0.51794,-0.00159,-1.15389,0.00053,0.01379,1e-05,0.44099,0.14402,-1.28458,10,38.4761,363.1486,38.1242,179.2943,0.538,-123.442,0.004,25.8134,0.7846
828,000828.png,False,1788788045.668564,1788788045.463864,shear_+X_back,5,+X,0.0,0.14665,-0.05883,-1.29139,0.0036,0.00656,-0.00168,0.20806,0.01297,-1.16006,0.00022,0.00567,0.00011,0.16538,0.00164,-1.29047,11,38.1947,362.9014,38.1259,179.3017,0.5295,-123.4426,0.0086,25.8131,0.7849
829,000829.png,False,1788788045.876575,1788788045.671875,shear_+X_back,5,+X,0.0,0.01629,-0.03602,-1.26591,0.00306,0.00305,-0.00174,0.07768,0.0358,-1.13455,-0.00032,0.00216,5e-05,0.04088,-0.04334,-1.26513,10,38.1147,362.9851,38.1381,179.2922,0.5391,-123.4422,0.0049,25.8272,0.7708
830,000830.png,False,1788788046.084580,1788788045.879880,shear_-X_out,5,-X,0.1,-0.18217,-0.08061,-1.26335,0.00423,-0.00216,-0.00171,-0.12078,-0.00876,-1.13196,0.00084,-0.00305,9e-05,-0.10877,-0.18108,-1.2614,11,37.9075,362.8782,38.1531,179.2909,0.5401,-123.4414,0.0018,25.8419,0.7561
831,000831.png,False,1788788047.116714,1788788046.912014,shear_-X_out,5,-X,0.1,-0.2057,0.01468,-1.2603,0.00185,-0.00282,-0.00199,-0.14434,0.08665,-1.12877,-0.00154,-0.00371,-0.00019,-0.17678,-0.11025,-1.25995,10,37.8692,362.8918,38.1383,179.2924,0.5386,-123.4283,0.0022,25.8277,0.7703
832,000832.png,False,1788788050.212767,1788788050.008067,shear_-X_out,5,-X,0.3,-0.18151,-0.02385,-1.322,0.00268,-0.0024,-0.00191,-0.12023,0.04846,-1.19004,-0.00073,-0.00328,-0.00011,-0.13614,-0.13252,-1.32102,10,37.8508,362.8295,38.1084,179.2903,0.5407,-123.444,0.008,25.7968,0.8012
833,000833.png,False,1788788050.416782,1788788050.212082,shear_-X_out,5,-X,0.3,-0.26485,-0.00757,-1.16477,0.00226,-0.00446,-0.0019,-0.20359,0.06477,-1.03278,-0.00115,-0.00534,-0.0001,-0.21756,-0.15755,-1.16394,10,37.7767,362.8292,38.17,179.286,0.5454,-123.4384,0.0051,25.859,0.739
834,000834.png,False,1788788052.896888,1788788052.692189,shear_-X_out,5,-X,0.3,-0.24487,-0.02122,-1.22568,0.0026,-0.00403,-0.00203,-0.18367,0.05139,-1.09334,-0.00082,-0.0049,-0.00022,-0.19301,-0.16036,-1.22463,10,37.7676,362.7972,38.1405,179.2884,0.5433,-123.4458,0.0144,25.829,0.769
835,000835.png,False,1788788053.309006,1788788053.104306,shear_-X_out,5,-X,0.3,-0.28771,-0.04204,-1.47287,0.00333,-0.00537,-0.00202,-0.22652,0.03062,-1.34048,-9e-05,-0.00624,-0.0002,-0.218,-0.20376,-1.47135,11,37.7465,362.7614,38.0585,179.2974,0.5339,-123.4418,0.0038,25.7466,0.8514
836,000836.png,False,1788788054.545043,1788788054.340343,shear_-X_out,5,-X,0.4,-0.29873,-0.00378,-1.13124,0.00207,-0.00543,-0.00201,-0.23758,0.06902,-0.99868,-0.00136,-0.0063,-0.0002,-0.24904,-0.17066,-1.1304,11,37.7,362.7738,38.1722,179.2856,0.5464,-123.4436,0.0072,25.8608,0.7372
837,000837.png,False,1788788056.197113,1788788055.992413,shear_-X_out,5,-X,0.5,-0.36493,-0.0274,-1.25941,0.00282,-0.0073,-0.00202,-0.30383,0.04558,-1.12662,-0.00062,-0.00816,-0.00019,-0.29369,-0.22625,-1.25802,10,37.6375,362.7081,38.1306,179.2906,0.5421,-123.4427,0.0022,25.8185,0.7795
838,000838.png,False,1788788056.609141,1788788056.404441,shear_-X_out,5,-X,0.5,-0.42193,-0.02707,-1.30323,0.00289,-0.00884,-0.00201,-0.36084,0.04596,-1.17038,-0.00055,-0.0097,-0.00018,-0.34293,-0.25515,-1.30172,10,37.5881,362.6568,38.1143,179.2961,0.537,-123.4455,0.0088,25.8018,0.7962
839,000839.png,False,1788788057.437168,1788788057.232468,shear_-X_back,5,-X,0.0,-0.46873,-0.02254,-1.3415,0.00272,-0.01009,-0.00203,-0.40766,0.05058,-1.20854,-0.00073,-0.01096,-0.00021,-0.38546,-0.27522,-1.33997,10,37.5399,362.6614,38.1043,179.291,0.5422,-123.4442,0.0065,25.7922,0.8058
840,000840.png,False,1788788058.469209,1788788058.264509,shear_-Y_out,5,-Y,0.1,-0.02893,-0.06381,-1.22396,0.00377,0.00163,-0.00189,0.03211,0.00943,-1.09086,0.00032,0.00077,-6e-05,0.01531,-0.08933,-1.22261,10,37.8999,362.8336,38.1456,179.2947,0.5386,-123.4403,0.0075,25.8338,0.7642
841,000841.png,False,1788788058.673152,1788788058.468452,shear_-Y_out,5,-Y,0.1,-0.04443,-0.05374,-1.20448,0.00344,0.00116,-0.00202,0.01661,0.01952,-1.07135,-1e-05,0.0003,-0.00019,-0.00328,-0.08804,-1.20328,10,37.8964,362.8491,38.1505,179.2936,0.5394,-123.4394,0.0099,25.839,0.759
842,000842.png,False,1788788058.881155,1788788058.676455,shear_-Y_out,5,-Y,0.1,-0.06641,-0.09398,-1.15952,0.00444,0.00059,-0.00197,-0.00539,-0.0207,-1.02636,0.00099,-0.00027,-0.00014,-0.00253,-0.13315,-1.15758,10,37.9009,362.8234,38.1861,179.2909,0.5423,-123.4384,0.0035,25.8741,0.7239
843,000843.png,False,1788788059.913290,1788788059.708590,shear_-Y_out,5,-Y,0.2,-0.07518,-0.098,-1.23343,0.00466,0.00037,-0.00186,-0.01418,-0.0246,-1.10013,0.0012,-0.00049,-2e-05,-0.00761,-0.1422,-1.23139,10,37.9149,362.7998,38.1473,179.2944,0.5383,-123.4394,0.0045,25.8348,0.7632
844,000844.png,False,1788788060.121308,1788788059.916608,shear_-Y_out,5,-Y,0.2,-0.02381,-0.23263,-1.41835,0.00828,0.00166,-0.00174,0.03718,-0.15921,-1.28502,0.00482,0.0008,9e-05,0.10544,-0.2361,-1.41405,10,38.0191,362.7425,38.0735,179.2971,0.5359,-123.4481,0.0018,25.7594,0.8386
845,000845.png,False,1788788061.565390,1788788061.360690,shear_-Y_out,5,-Y,0.3,-0.08918,-0.13722,-1.15968,0.00566,0.00011,-0.00175,-0.02823,-0.06364,-1.02614,0.0022,-0.00075,9e-05,-0.00065,-0.18198,-1.15694,10,37.9432,362.7445,38.1503,179.2925,0.5408,-123.4368,0.0058,25.8367,0.7613
846,000846.png,False,1788788061.977384,1788788061.772684,shear_-Y_out,5,-Y,0.3,-0.08942,-0.26334,-1.2836,0.00902,-4e-05,-0.00174,-0.02849,-0.18971,-1.15,0.00555,-0.0009,0.0001,0.06301,-0.29332,-1.27865,10,37.9983,362.6545,38.1245,179.2981,0.535,-123.4383,0.0035,25.8092,0.7888
847,000847.png,False,1788788062.185375,1788788061.980675,shear_-Y_out,5,-Y,0.3,-0.10741,-0.30763,-1.31667,0.01024,-0.00047,-0.0019,-0.04648,-0.23398,-1.18305,0.00677,-0.00132,-6e-05,0.06979,-0.34119,-1.31092,11,38.0062,362.6209,38.1053,179.2984,0.5347,-123.4368,0.0089,25.7893,0.8087
848,000848.png,False,1788788063.009441,1788788062.804741,shear_-Y_out,5,-Y,0.4,-0.0928,-0.26101,-1.30022,0.00896,-8e-05,-0.00186,-0.03189,-0.18726,-1.16649,0.00549,-0.00093,-2e-05,0.05904,-0.29325,-1.29531,10,38.0045,362.6391,38.111,179.2957,0.5372,-123.437,0.0069,25.7953,0.8027
849,000849.png,False,1788788063.217431,1788788063.012731,shear_-Y_out,5,-Y,0.4,-0.09385,-0.26463,-1.32137,0.00906,-0.00017,-0.00172,-0.03295,-0.19086,-1.1876,0.00559,-0.00102,0.00013,0.06008,-0.29725,-1.31639,10,38.004,362.637,38.1114,179.296,0.5369,-123.4363,0.0069,25.7957,0.8023
850,000850.png,False,1788788063.629448,1788788063.424748,shear_-Y_out,5,-Y,0.4,-0.05468,-0.31177,-1.14995,0.01021,0.00096,-0.00181,0.00621,-0.23795,-1.01613,0.00673,0.00011,3e-05,0.11637,-0.31576,-1.14426,11,38.0608,362.6098,38.168,179.2926,0.5409,-123.4403,0.0049,25.8515,0.7465
851,000851.png,False,1788788064.041462,1788788063.836762,shear_-Y_out,5,-Y,0.4,-0.06905,-0.36804,-1.29128,0.0118,0.00047,-0.00171,-0.00817,-0.29418,-1.1574,0.00832,-0.00038,0.00014,0.13302,-0.37393,-1.28457,10,38.083,362.5499,38.1222,179.2941,0.5391,-123.4394,0.0042,25.8046,0.7934
852,000852.png,False,1788788064.661442,1788788064.456742,shear_-Y_out,5,-Y,0.4,-0.08646,-0.39179,-1.37444,0.01254,7e-05,-0.00145,-0.02559,-0.31786,-1.24047,0.00905,-0.00078,0.0004,0.13039,-0.40453,-1.36726,10,38.0844,362.5192,38.1015,179.2967,0.5364,-123.4372,0.0008,25.7834,0.8146
853,000853.png,False,1788788065.693543,1788788065.488843,shear_-Y_out,5,-Y,0.5,-0.09633,-0.40001,-1.18876,0.01268,-7e-05,-0.00164,-0.0355,-0.32596,-1.05465,0.00918,-0.00091,0.00021,0.12465,-0.41362,-1.18145,10,38.0901,362.4947,38.1681,179.293,0.5404,-123.434,0.0017,25.8495,0.7485
854,000854.png,False,1788788066.105480,1788788065.900780,shear_-Y_out,5,-Y,0.5,-0.0916,-0.46231,-1.18705,0.01425,5e-05,-0.00152,-0.03078,-0.38822,-1.05289,0.01075,-0.0008,0.00033,0.15987,-0.46518,-1.17867,11,38.1245,362.4379,38.1729,179.2955,0.5377,-123.4361,0.0066,25.8531,0.7449
855,000855.png,False,1788788066.933515,1788788066.728815,shear_-Y_back,5,-Y,0.0,-0.10054,-0.47499,-1.20834,0.01464,-0.00018,-0.00153,-0.03974,-0.4008,-1.07406,0.01114,-0.00103,0.00032,0.1586,-0.48096,-1.19972,10,38.1306,362.4146,38.1661,179.297,0.5362,-123.4346,0.0082,25.846,0.752
856,000856.png,False,1788788067.137531,1788788066.932831,shear_-Y_back,5,-Y,0.0,-0.09899,-0.47501,-1.19636,0.0146,-0.00017,-0.00165,-0.03819,-0.4008,-1.06205,0.0111,-0.00101,0.00021,0.15988,-0.48002,-1.18774,10,38.1333,362.4136,38.1667,179.297,0.5365,-123.435,0.0053,25.8465,0.7515
857,000857.png,False,1788788067.757638,1788788067.552938,shear_-Y_back,5,-Y,0.0,-0.08788,-0.13608,-1.20959,0.00578,3e-05,-0.00188,-0.02711,-0.0618,-1.07519,0.00227,-0.00081,-3e-05,0.00025,-0.18114,-1.20687,10,37.9423,362.8032,38.1628,179.291,0.5426,-123.4416,0.0004,25.8502,0.7478
858,000858.png,False,1788788067.965676,1788788067.760976,shear_+Y_out,5,+Y,0.1,-0.09096,0.02319,-1.24495,0.00165,1e-05,-0.0019,-0.03019,0.09749,-1.11053,-0.00186,-0.00083,-5e-05,-0.08174,-0.0453,-1.24498,11,37.9119,362.7995,38.1453,179.2963,0.5366,-123.4409,0.0069,25.8328,0.7652
859,000859.png,False,1788788068.581677,1788788068.376977,shear_+Y_out,5,+Y,0.1,-0.08285,0.03632,-1.33047,0.00133,0.0002,-0.0019,-0.0221,0.1107,-1.19596,-0.00218,-0.00064,-5e-05,-0.0807,-0.03125,-1.33073,10,37.8945,362.8534,38.113,179.2958,0.5373,-123.4414,0.0061,25.8015,0.7965
860,000860.png,False,1788788070.233670,1788788070.028970,shear_+Y_out,5,+Y,0.2,-0.07817,0.10855,-1.15727,-0.0007,0.00031,-0.0019,-0.01747,0.18311,-1.02254,-0.00422,-0.00052,-3e-05,-0.11392,0.03642,-1.15882,10,37.8334,362.9717,38.1693,179.2944,0.5396,-123.4414,0.0079,25.8601,0.7379
861,000861.png,False,1788788070.645812,1788788070.441112,shear_+Y_out,5,+Y,0.2,-0.10319,0.20543,-1.43638,-0.00309,-0.00051,-0.00209,-0.0425,0.28004,-1.30159,-0.0066,-0.00134,-0.00023,-0.18206,0.10335,-1.43952,11,37.7716,363.0332,38.084,179.3001,0.5335,-123.4411,0.0021,25.7762,0.8218
862,000862.png,False,1788788071.473844,1788788071.269144,shear_+Y_out,5,+Y,0.3,-0.08322,0.23638,-1.34293,-0.00393,6e-05,-0.00192,-0.02256,0.31108,-1.20802,-0.00746,-0.00077,-6e-05,-0.18088,0.14163,-1.34666,10,37.7643,363.0697,38.1129,179.296,0.5381,-123.4412,0.0031,25.8059,0.7921
863,000863.png,False,1788788071.885867,1788788071.681167,shear_+Y_out,5,+Y,0.3,-0.08918,0.27456,-1.26943,-0.00494,3e-05,-0.00189,-0.02853,0.3493,-1.13446,-0.00846,-0.0008,-2e-05,-0.20563,0.17289,-1.27382,11,37.7343,363.1142,38.1453,179.2941,0.5398,-123.4403,0.0072,25.8391,0.7589
864,000864.png,False,1788788073.125922,1788788072.921222,shear_+Y_out,5,+Y,0.4,-0.07841,0.29441,-1.38783,-0.00547,0.00019,-0.00213,-0.01779,0.36929,-1.25269,-0.00901,-0.00064,-0.00026,-0.20539,0.19357,-1.39256,11,37.7254,363.1534,38.0963,179.2981,0.5361,-123.4429,0.0001,25.7909,0.8071
865,000865.png,False,1788788073.329926,1788788073.125226,shear_+Y_out,5,+Y,0.4,-0.11248,0.46718,-1.31612,-0.00998,-0.00062,-0.00206,-0.05187,0.54208,-1.18095,-0.01351,-0.00145,-0.00019,-0.32172,0.32732,-1.32379,10,37.6338,363.2298,38.1253,179.2988,0.5355,-123.4372,0.0032,25.8216,0.7764
866,000866.png,False,1788788074.361948,1788788074.157248,shear_+Y_out,5,+Y,0.5,-0.07911,0.42847,-1.29175,-0.00899,0.00024,-0.00224,-0.01852,0.50348,-1.15644,-0.01253,-0.00059,-0.00036,-0.27364,0.31086,-1.29882,10,37.6394,363.3037,38.1245,179.2959,0.5388,-123.4412,0.0072,25.8221,0.7759
867,000867.png,False,1788788075.190010,1788788074.985310,shear_+Y_out,5,+Y,0.5,-0.07556,0.47285,-1.33001,-0.01019,0.00035,-0.00212,-0.015,0.54796,-1.19459,-0.01373,-0.00047,-0.00025,-0.29248,0.35045,-1.33786,10,37.6181,363.3324,38.1238,179.2969,0.5374,-123.4433,0.0088,25.8219,0.7761
868,000868.png,False,1788788076.013922,1788788075.809222,shear_+Y_back,5,+Y,0.0,-0.07362,0.48937,-1.36953,-0.01065,0.00042,-0.00199,-0.01308,0.56457,-1.23399,-0.01419,-0.0004,-0.00011,-0.29877,0.3651,-1.37766,10,37.6083,363.3521,38.1153,179.2951,0.5396,-123.4427,0.0081,25.8138,0.7842
869,000869.png,False,1788788076.222043,1788788076.017343,shear_+Y_back,5,+Y,0.0,-0.07804,0.49579,-1.38846,-0.01076,0.00029,-0.00185,-0.01751,0.57102,-1.2529,-0.01431,-0.00053,3e-05,-0.30569,0.36815,-1.39669,10,37.5996,363.3556,38.113,179.2948,0.5399,-123.4416,0.0096,25.8116,0.7864
870,000870.png,False,1788788076.633951,1788788076.429251,shear_+Y_back,5,+Y,0.0,-0.10586,0.2132,-1.27963,-0.00349,-0.00043,-0.00189,-0.04534,0.28847,-1.144,-0.00704,-0.00125,-1e-05,-0.18935,0.11125,-1.28292,10,37.7894,363.0003,38.135,179.2995,0.5354,-123.4405,0.0003,25.8266,0.7714
871,000871.png,False,1788788076.837970,1788788076.633270,shear_+Y_back,5,+Y,0.0,-0.07589,0.06092,-1.27125,0.00052,0.00036,-0.00195,-0.01537,0.13622,-1.1356,-0.00303,-0.00046,-7e-05,-0.08736,-0.00552,-1.27197,10,37.7881,363.034,38.1377,179.2953,0.5395,-123.4409,0.0031,25.8299,0.7681
872,000872.png,False,1788788077.457995,1788788077.253295,shear_+Y_back,5,+Y,0.0,-0.07662,-0.10468,-1.21655,0.00485,0.00039,-0.00184,-0.01612,-0.02931,-1.08081,0.00129,-0.00043,5e-05,-0.00563,-0.14843,-1.21439,10,37.9006,362.8337,38.151,179.2962,0.5386,-123.4409,0.0016,25.8392,0.7588
873,000873.png,False,1788788079.318071,1788788079.113371,shear_+X_out,6,+X,0.1,0.06703,-0.10514,-1.27629,0.00495,0.00419,-0.00201,0.12747,-0.02957,-1.14029,0.00139,0.00338,-0.00012,0.11944,-0.07801,-1.27441,10,38.0336,362.8975,38.1293,179.2968,0.5386,-123.4364,0.0026,25.8176,0.7804
874,000874.png,False,1788788082.414213,1788788082.209513,shear_+X_out,6,+X,0.3,0.21146,-0.07864,-1.17125,0.00416,0.00807,-0.00181,0.27182,-0.00272,-1.03482,0.00058,0.00726,9e-05,0.23058,0.0188,-1.17013,10,38.1859,362.9893,38.1745,179.2951,0.5401,-123.4418,0.0068,25.8632,0.7348
875,000875.png,False,1788788082.618311,1788788082.413611,shear_+X_out,6,+X,0.3,0.2238,-0.08553,-1.16455,0.00434,0.00839,-0.00188,0.28415,-0.00959,-1.0281,0.00075,0.00758,2e-05,0.24467,0.01909,-1.16334,10,38.1971,362.9961,38.1737,179.2941,0.5409,-123.4436,0.0048,25.8624,0.7356
876,000876.png,False,1788788082.826324,1788788082.621624,shear_+X_out,6,+X,0.3,0.3641,-0.12717,-1.26333,0.0055,0.01213,-0.00167,0.42445,-0.0512,-1.12684,0.00192,0.01132,0.00023,0.38769,0.05155,-1.26166,11,38.3149,362.9836,38.1397,179.296,0.5391,-123.4544,0.0019,25.8274,0.7706
877,000877.png,False,1788788083.858408,1788788083.653708,shear_+X_out,6,+X,0.4,0.24228,-0.05001,-1.26562,0.00344,0.00891,-0.00176,0.3026,0.02608,-1.12899,-0.00015,0.0081,0.00014,0.24363,0.05748,-1.26504,10,38.2212,363.0269,38.1389,179.293,0.5423,-123.4414,0.0015,25.828,0.77
878,000878.png,False,1788788084.270376,1788788084.065676,shear_+X_out,6,+X,0.4,0.26344,-0.04495,-1.26252,0.00334,0.00945,-0.00181,0.32375,0.03118,-1.12584,-0.00025,0.00865,0.0001,0.25941,0.07248,-1.26208,10,38.2354,363.0497,38.1421,179.2912,0.5443,-123.4373,0.0096,25.8314,0.7666
879,000879.png,False,1788788084.478375,1788788084.273675,shear_+X_out,6,+X,0.4,0.45721,-0.06305,-1.53714,0.00393,0.01459,-0.00171,0.51751,0.0131,-1.40043,0.00033,0.01379,0.00019,0.43821,0.14922,-1.53673,10,38.4284,363.0715,38.0272,179.3005,0.5351,-123.4413,0.0034,25.7156,0.8824
880,000880.png,False,1788788084.682316,1788788084.477616,shear_+X_out,6,+X,0.4,0.46813,-0.12725,-1.50302,0.00556,0.01478,-0.00177,0.52842,-0.05107,-1.36628,0.00197,0.01398,0.00013,0.4795,0.09963,-1.50152,10,38.4255,363.0915,38.0635,179.2961,0.5394,-123.4414,0.0016,25.7522,0.8458
881,000881.png,False,1788788085.922446,1788788085.717746,shear_+X_out,6,+X,0.4,0.25284,-0.03519,-1.10169,0.00307,0.0093,-0.00181,0.3131,0.04112,-0.96477,-0.00053,0.0085,0.0001,0.24424,0.07821,-1.10141,10,38.2874,363.1031,38.1994,179.2881,0.5479,-123.4304,0.0021,25.8892,0.7088
882,000882.png,False,1788788086.130482,1788788085.925782,shear_+X_out,6,+X,0.4,0.31057,-0.03642,-1.19328,0.00316,0.01079,-0.00173,0.37082,0.03992,-1.05634,-0.00045,0.00999,0.00017,0.29549,0.10453,-1.19308,10,38.3343,363.094,38.1588,179.2915,0.5443,-123.4379,0.0078,25.8481,0.7499
883,000883.png,False,1788788086.954489,1788788086.749789,shear_+X_out,6,+X,0.4,0.28842,-0.01339,-1.16159,0.0025,0.01022,-0.00187,0.34865,0.06303,-1.02454,-0.0011,0.00942,4e-05,0.26458,0.11391,-1.16176,10,38.3212,363.1012,38.1615,179.2908,0.5451,-123.4342,0.0041,25.8511,0.7469
884,000884.png,False,1788788087.162511,1788788086.957811,shear_+X_out,6,+X,0.4,0.47504,-0.0412,-1.37033,0.00333,0.01517,-0.00182,0.53526,0.03525,-1.23325,-0.00027,0.01437,9e-05,0.44157,0.17973,-1.37036,10,38.5269,363.1368,38.0542,179.2983,0.5373,-123.454,0.0043,25.7429,0.8551
885,000885.png,False,1788788087.778591,1788788087.573891,shear_+X_out,6,+X,0.4,0.26242,-0.00202,-1.14763,0.0022,0.00954,-0.00158,0.32262,0.0745,-1.01046,-0.00141,0.00874,0.00033,0.23628,0.11098,-1.14794,10,38.2991,363.111,38.1773,179.2893,0.5467,-123.4306,0.0043,25.8672,0.7308
886,000886.png,False,1788788091.290705,1788788091.086005,shear_+X_back,6,+X,0.0,0.51695,-0.07452,-1.2921,0.00417,0.01626,-0.00184,0.57706,0.00239,-1.15445,0.00054,0.01547,8e-05,0.49398,0.17307,-1.29165,10,38.5615,363.2053,38.1376,179.2934,0.5426,-123.4412,0.0065,25.8271,0.7709
887,000887.png,False,1788788091.494743,1788788091.290043,shear_+X_back,6,+X,0.0,0.516,-0.06629,-1.29093,0.00392,0.01625,-0.0017,0.5761,0.01064,-1.15324,0.00029,0.01546,0.00022,0.48904,0.17973,-1.29061,10,38.5593,363.2107,38.1432,179.2925,0.5435,-123.4408,0.003,25.8329,0.7651
888,000888.png,False,1788788091.906640,1788788091.701940,shear_+X_back,6,+X,0.0,0.23486,-0.0464,-1.12675,0.00337,0.00878,-0.00191,0.29494,0.03058,-0.98901,-0.00026,0.00799,1e-05,0.23443,0.05912,-1.12625,11,38.2801,362.9935,38.1617,179.2959,0.5391,-123.4398,0.008,25.8498,0.7482
889,000889.png,False,1788788092.526767,1788788092.322067,shear_-X_out,6,-X,0.1,-0.20241,-0.00741,-1.19096,0.00244,-0.00281,-0.00215,-0.14234,0.06965,-1.05314,-0.0012,-0.0036,-0.00023,-0.16338,-0.12663,-1.19025,11,37.9076,362.8752,38.1651,179.2924,0.5419,-123.441,0.0077,25.8539,0.7441
890,000890.png,False,1788788093.558845,1788788093.354145,shear_-X_out,6,-X,0.2,-0.07108,-0.05415,-1.22899,0.00365,0.00061,-0.00191,-0.01104,0.02302,-1.09102,1e-05,-0.00017,1e-05,-0.026,-0.1021,-1.22772,10,37.9899,362.8948,38.1583,179.2941,0.5402,-123.442,0.0081,25.8469,0.7511
891,000891.png,False,1788788093.766814,1788788093.562114,shear_-X_out,6,-X,0.2,-0.06686,-0.04218,-1.21986,0.00333,0.00067,-0.00185,-0.00683,0.03501,-1.08186,-0.00031,-0.00011,8e-05,-0.02838,-0.08948,-1.21881,11,37.9857,362.9036,38.1641,179.2935,0.5411,-123.4412,0.002,25.8528,0.7452
892,000892.png,False,1788788094.178890,1788788093.974190,shear_-X_out,6,-X,0.2,-0.17964,0.03916,-1.12086,0.00126,-0.00215,-0.00194,-0.11962,0.1164,-0.9828,-0.00239,-0.00294,-1e-05,-0.1674,-0.0738,-1.12101,10,37.8591,362.9307,38.2107,179.288,0.5467,-123.426,0.0061,25.9007,0.6973
893,000893.png,False,1788788094.590960,1788788094.386260,shear_-X_out,6,-X,0.2,-0.18439,-0.07354,-1.23896,0.00415,-0.00242,-0.00195,-0.12438,0.00374,-1.10085,0.0005,-0.0032,-2e-05,-0.11439,-0.17567,-1.23713,10,37.8841,362.8597,38.1579,179.2925,0.5416,-123.4475,0.005,25.8466,0.7514
894,000894.png,False,1788788096.450961,1788788096.246261,shear_-X_out,6,-X,0.3,-0.18648,-0.03095,-1.28384,0.00307,-0.00249,-0.00212,-0.12652,0.04654,-1.14547,-0.00059,-0.00326,-0.00018,-0.13717,-0.14055,-1.28274,10,37.8503,362.8388,38.1289,179.294,0.5404,-123.441,0.0045,25.8175,0.7805
895,000895.png,False,1788788096.862859,1788788096.658159,shear_-X_out,6,-X,0.3,-0.26172,0.00396,-1.25696,0.00213,-0.00447,-0.0022,-0.20178,0.08149,-1.11853,-0.00153,-0.00525,-0.00026,-0.21997,-0.14748,-1.25632,10,37.7856,362.8282,38.1395,179.2941,0.5401,-123.4355,0.0032,25.8284,0.7696
896,000896.png,False,1788788098.103022,1788788097.898322,shear_-X_out,6,-X,0.4,-0.22017,-0.03954,-1.14509,0.00328,-0.00335,-0.00239,-0.16026,0.03814,-1.00649,-0.00038,-0.00412,-0.00045,-0.16302,-0.1626,-1.14379,10,37.8098,362.8052,38.1683,179.293,0.5414,-123.4475,0.0059,25.8567,0.7413
897,000897.png,False,1788788098.514992,1788788098.310292,shear_-X_out,6,-X,0.4,-0.3273,-0.01089,-1.23449,0.00252,-0.00629,-0.00258,-0.2674,0.06683,-1.09584,-0.00115,-0.00707,-0.00064,-0.26951,-0.19275,-1.23346,10,37.7119,362.7796,38.1281,179.2936,0.5408,-123.4407,0.0051,25.8167,0.7813
898,000898.png,False,1788788099.339057,1788788099.134357,shear_-X_out,6,-X,0.4,-0.36843,-0.02607,-1.31028,0.00293,-0.00744,-0.00242,-0.30855,0.05175,-1.17151,-0.00074,-0.00821,-0.00048,-0.29703,-0.22766,-1.30889,10,37.6686,362.7411,38.1093,179.2939,0.5404,-123.4414,0.0133,25.7976,0.8004
899,000899.png,False,1788788100.579093,1788788100.374393,shear_-X_out,6,-X,0.5,-0.3707,-0.02944,-1.33629,0.00306,-0.00748,-0.00226,-0.31086,0.04851,-1.19735,-0.00061,-0.00825,-0.00031,-0.29713,-0.23213,-1.33484,10,37.66,362.7252,38.1068,179.2943,0.5399,-123.4433,0.0016,25.7949,0.8031
900,000900.png,False,1788788102.435184,1788788102.230484,shear_-X_back,6,-X,0.0,-0.46281,-0.03146,-1.34461,0.00319,-0.01001,-0.00218,-0.40302,0.04671,-1.20541,-0.0005,-0.01077,-0.00023,-0.37585,-0.28003,-1.34293,10,37.5528,362.6642,38.1068,179.2943,0.5401,-123.4449,0.0054,25.7947,0.8033
901,000901.png,False,1788788102.643207,1788788102.438507,shear_-X_back,6,-X,0.0,-0.34393,0.04011,-1.23973,0.00118,-0.00689,-0.0023,-0.28415,0.1183,-1.1005,-0.00251,-0.00765,-0.00034,-0.30936,-0.15697,-1.23955,10,37.6379,362.726,38.1363,179.2911,0.5438,-123.4386,0.0082,25.8246,0.7734
902,000902.png,False,1788788103.263231,1788788103.058531,shear_-Y_out,6,-Y,0.1,-0.02793,-0.06355,-1.17556,0.00384,0.00154,-0.00214,0.03183,0.0147,-1.03624,0.00015,0.00078,-0.00018,0.01571,-0.08783,-1.17422,10,37.9039,362.8334,38.1625,179.2954,0.5397,-123.4409,0.0004,25.8507,0.7473
903,000903.png,False,1788788104.707210,1788788104.502510,shear_-Y_out,6,-Y,0.2,-0.07963,-0.08747,-1.20368,0.00456,0.00024,-0.00198,-0.01991,-0.00906,-1.06416,0.00086,-0.00052,-3e-05,-0.01693,-0.13483,-1.20182,11,37.9156,362.8134,38.1645,179.2946,0.5406,-123.4397,0.009,25.8522,0.7458
904,000904.png,False,1788788104.911227,1788788104.706527,shear_-Y_out,6,-Y,0.2,-0.03718,-0.19252,-1.21619,0.00724,0.00132,-0.00192,0.02253,-0.11408,-1.07665,0.00354,0.00056,4e-05,0.07241,-0.2048,-1.2126,10,37.9956,362.7688,38.1583,179.2954,0.5399,-123.446,0.0085,25.8448,0.7532
905,000905.png,False,1788788105.739258,1788788105.534558,shear_-Y_out,6,-Y,0.2,-0.07804,-0.17722,-1.20679,0.00689,0.00031,-0.00192,-0.01835,-0.09869,-1.06713,0.00318,-0.00045,4e-05,0.02931,-0.21181,-1.20338,10,37.9727,362.7362,38.1613,179.294,0.5413,-123.4407,0.0064,25.8475,0.7505
906,000906.png,False,1788788106.359396,1788788106.154696,shear_-Y_out,6,-Y,0.3,-0.08913,-0.18684,-1.21081,0.00711,-6e-05,-0.00187,-0.02945,-0.10823,-1.07106,0.0034,-0.00081,9e-05,0.02454,-0.22574,-1.20721,10,37.9725,362.7123,38.1609,179.2954,0.5396,-123.4396,0.0036,25.8466,0.7514
907,000907.png,False,1788788108.423455,1788788108.218755,shear_-Y_out,6,-Y,0.4,-0.08787,-0.26951,-1.25648,0.00942,2e-05,-0.002,-0.02825,-0.19068,-1.11645,0.0057,-0.00073,-3e-05,0.06725,-0.29745,-1.25144,10,38.0236,362.6376,38.133,179.2948,0.5409,-123.4401,0.0096,25.8172,0.7808
908,000908.png,False,1788788108.835474,1788788108.630774,shear_-Y_out,6,-Y,0.4,-0.03184,-0.32568,-1.10375,0.01075,0.00152,-0.00208,0.02776,-0.2468,-0.96366,0.00703,0.00077,-0.00011,0.14279,-0.31565,-1.09787,10,38.0945,362.6073,38.1774,179.2914,0.544,-123.4466,0.0041,25.8606,0.7374
909,000909.png,False,1788788109.247503,1788788109.042803,shear_-Y_out,6,-Y,0.4,-0.08414,-0.37043,-1.28164,0.0121,0.00017,-0.00208,-0.02455,-0.2915,-1.14149,0.00837,-0.00058,-0.00011,0.12108,-0.38339,-1.27485,11,38.0869,362.5436,38.123,179.2944,0.5415,-123.4412,0.0056,25.8053,0.7927
910,000910.png,False,1788788110.487617,1788788110.282917,shear_-Y_out,6,-Y,0.5,-0.09942,-0.37598,-1.35905,0.0123,-0.00025,-0.00184,-0.03986,-0.29691,-1.21874,0.00857,-0.001,0.00013,0.11115,-0.39707,-1.35213,11,38.0828,362.5213,38.1017,179.2942,0.5415,-123.4381,0.0002,25.7836,0.8144
911,000911.png,False,1788788113.171588,1788788112.966888,shear_+Y_out,6,+Y,0.1,-0.07604,0.02167,-1.19376,0.00177,0.00034,-0.00207,-0.01656,0.10104,-1.05307,-0.00197,-0.00041,-9e-05,-0.06842,-0.03835,-1.1938,10,37.9088,362.8663,38.1676,179.2948,0.5403,-123.4433,0.0043,25.8563,0.7417
912,000912.png,False,1788788113.375688,1788788113.170988,shear_+Y_out,6,+Y,0.1,-0.07285,0.02107,-1.18957,0.00181,0.0004,-0.00216,-0.01337,0.10045,-1.04885,-0.00194,-0.00034,-0.00017,-0.06538,-0.03721,-1.18961,10,37.9108,362.856,38.1649,179.2956,0.5395,-123.4436,0.0018,25.8533,0.7447
913,000913.png,False,1788788115.027674,1788788114.822974,shear_+Y_out,6,+Y,0.2,-0.07308,0.12241,-1.22029,-0.00083,0.00045,-0.0021,-0.01365,0.20198,-1.07935,-0.00459,-0.00028,-0.00011,-0.116,0.04995,-1.22208,11,37.8323,363.0189,38.1656,179.2916,0.5444,-123.4432,0.0097,25.8572,0.7408
914,000914.png,False,1788788116.267851,1788788116.063151,shear_+Y_out,6,+Y,0.3,-0.07611,0.21929,-1.21675,-0.00348,0.0003,-0.00222,-0.01672,0.299,-1.07563,-0.00724,-0.00044,-0.00024,-0.16706,0.1324,-1.22021,11,37.7805,363.0778,38.1588,179.2988,0.5374,-123.4438,0.0028,25.8517,0.7463
915,000915.png,False,1788788116.471896,1788788116.267196,shear_+Y_out,6,+Y,0.3,-0.12505,0.32567,-1.19591,-0.00622,-0.00095,-0.00229,-0.06566,0.4054,-1.05477,-0.00999,-0.00169,-0.0003,-0.26274,0.20041,-1.20113,10,37.6982,363.1228,38.1655,179.2989,0.5375,-123.4381,0.0,25.8597,0.7383
916,000916.png,False,1788788116.883760,1788788116.679060,shear_+Y_out,6,+Y,0.3,-0.12221,0.27291,-1.23724,-0.00476,-0.00083,-0.00207,-0.06283,0.35269,-1.09604,-0.00852,-0.00156,-8e-05,-0.23364,0.15548,-1.24154,10,37.7184,363.1106,38.1618,179.2993,0.537,-123.4403,0.0099,25.8556,0.7424
917,000917.png,False,1788788117.915804,1788788117.711104,shear_+Y_out,6,+Y,0.4,-0.08377,0.24947,-1.40631,-0.00417,2e-05,-0.00203,-0.02442,0.32937,-1.26496,-0.00794,-0.00071,-3e-05,-0.18745,0.15167,-1.41025,10,37.7458,363.1214,38.0972,179.3029,0.5332,-123.4461,0.0054,25.7911,0.8069
918,000918.png,False,1788788118.123814,1788788117.919114,shear_+Y_out,6,+Y,0.4,-0.0602,0.44317,-1.36912,-0.00922,0.0006,-0.00215,-0.00086,0.52309,-1.22774,-0.01299,-0.00013,-0.00016,-0.26407,0.33181,-1.37648,11,37.6694,363.2626,38.1086,179.2976,0.5389,-123.449,0.001,25.8052,0.7928
919,000919.png,False,1788788118.743989,1788788118.539289,shear_+Y_out,6,+Y,0.5,-0.06962,0.42997,-1.33535,-0.00885,0.00042,-0.0021,-0.0103,0.50995,-1.19388,-0.01263,-0.00031,-0.0001,-0.26587,0.3162,-1.34246,11,37.6632,363.2854,38.1278,179.2986,0.5381,-123.4479,0.0033,25.8249,0.7731
920,000920.png,False,1788788119.155927,1788788118.951227,shear_+Y_out,6,+Y,0.5,-0.06745,0.43394,-1.31775,-0.00899,0.00048,-0.00222,-0.00814,0.51398,-1.17623,-0.01277,-0.00025,-0.00022,-0.2661,0.32101,-1.32494,10,37.6602,363.2949,38.1299,179.2982,0.5386,-123.4479,0.0005,25.8272,0.7708
921,000921.png,False,1788788119.567877,1788788119.363177,shear_+Y_out,6,+Y,0.5,-0.12714,0.49515,-1.37048,-0.01063,-0.00113,-0.0022,-0.06784,0.57523,-1.2289,-0.01441,-0.00186,-0.0002,-0.34802,0.34335,-1.3786,11,37.5808,363.3285,38.1155,179.3001,0.5368,-123.4405,0.0089,25.8138,0.7842
922,000922.png,False,1788788119.979908,1788788119.775208,shear_+Y_back,6,+Y,0.0,-0.09502,0.45273,-1.34507,-0.00957,-0.00028,-0.00238,-0.03573,0.53286,-1.20344,-0.01336,-0.001,-0.00038,-0.29917,0.32307,-1.35253,10,37.6145,363.3214,38.1153,179.3001,0.5371,-123.4468,0.0021,25.8133,0.7847
923,000923.png,False,1788788121.840071,1788788121.635371,shear_+X_out,7,+X,0.1,-0.00122,-0.18671,-1.35171,0.00727,0.00223,-0.00174,0.05802,-0.10638,-1.20982,0.00348,0.0015,0.00026,0.1016,-0.18397,-1.34826,10,37.9977,362.8188,38.1213,179.3011,0.5352,-123.4474,0.003,25.8086,0.7894
924,000924.png,False,1788788122.252094,1788788122.047394,shear_+X_out,7,+X,0.1,0.06123,-0.09636,-1.26923,0.0048,0.00396,-0.00195,0.12046,-0.01597,-1.12729,0.00101,0.00324,6e-05,0.10998,-0.07319,-1.26749,10,38.0256,362.8987,38.1331,179.2981,0.539,-123.434,0.0088,25.8214,0.7766
925,000925.png,False,1788788126.588267,1788788126.383567,shear_+X_out,7,+X,0.3,0.38998,-0.1375,-1.51765,0.00605,0.01274,-0.00185,0.44908,-0.05663,-1.3751,0.00224,0.01203,0.00017,0.41702,0.05147,-1.51581,11,38.3694,363.0467,38.0685,179.3035,0.5338,-123.4489,0.0099,25.7568,0.8412
926,000926.png,False,1788788128.032279,1788788127.827579,shear_+X_out,7,+X,0.3,0.16175,-0.01687,-1.17206,0.00272,0.00669,-0.00212,0.22081,0.06416,-1.02931,-0.00111,0.00598,-9e-05,0.15667,0.04744,-1.17191,10,38.1767,363.0322,38.16,179.2948,0.5426,-123.4325,0.0018,25.8494,0.7486
927,000927.png,False,1788788128.444389,1788788128.239689,shear_+X_out,7,+X,0.3,0.44627,-0.15771,-1.45693,0.00649,0.01413,-0.00196,0.50532,-0.07664,-1.31413,0.00266,0.01343,6e-05,0.47546,0.06306,-1.45487,11,38.4337,363.0712,38.084,179.3021,0.5351,-123.4505,0.0089,25.7723,0.8257
928,000928.png,False,1788788132.572585,1788788132.367885,shear_+X_out,7,+X,0.5,0.43175,-0.06888,-1.32719,0.00419,0.01389,-0.00182,0.49068,0.01266,-1.18381,0.00034,0.01319,0.00021,0.41761,0.13482,-1.32666,10,38.434,363.1347,38.1186,179.298,0.54,-123.4392,0.0059,25.8079,0.7901
929,000929.png,False,1788788133.400570,1788788133.195870,shear_+X_back,7,+X,0.0,0.51558,-0.06758,-1.35434,0.00408,0.01611,-0.00177,0.57449,0.01405,-1.21085,0.00022,0.01541,0.00026,0.48976,0.1774,-1.354,10,38.51,363.1836,38.1122,179.2974,0.5407,-123.4377,0.0029,25.8018,0.7962
930,000930.png,False,1788788133.604588,1788788133.399888,shear_+X_back,7,+X,0.0,0.51765,-0.0599,-1.34308,0.00392,0.01608,-0.00185,0.57655,0.02175,-1.19956,6e-05,0.01538,0.00018,0.48764,0.18526,-1.34287,11,38.5107,363.1876,38.1137,179.2973,0.5409,-123.4375,0.0055,25.8033,0.7947
931,000931.png,False,1788788134.016539,1788788133.811839,shear_+X_back,7,+X,0.0,0.23343,-0.06386,-1.21367,0.00403,0.00865,-0.002,0.29232,0.01784,-1.07009,0.00018,0.00795,4e-05,0.24252,0.04189,-1.21284,10,38.2019,362.9457,38.1276,179.3015,0.5354,-123.4392,0.0039,25.8155,0.7825
932,000932.png,False,1788788134.636655,1788788134.431955,shear_-X_out,7,-X,0.1,-0.18999,-0.01955,-1.22058,0.00281,-0.00277,-0.00199,-0.13112,0.06222,-1.07691,-0.00106,-0.00346,5e-05,-0.14635,-0.13141,-1.21967,10,37.904,362.8632,38.1571,179.2952,0.5409,-123.441,0.0042,25.8457,0.7523
933,000933.png,False,1788788135.668687,1788788135.463987,shear_-X_out,7,-X,0.2,-0.06974,-0.0667,-1.323,0.00417,0.00039,-0.00207,-0.01089,0.01518,-1.1792,0.00031,-0.0003,-3e-05,-0.01791,-0.11381,-1.32151,11,37.9831,362.8785,38.1135,179.2977,0.5388,-123.4422,0.0029,25.8019,0.7961
934,000934.png,False,1788788138.144843,1788788137.940143,shear_-X_out,7,-X,0.3,-0.18936,-0.03282,-1.29632,0.00321,-0.0029,-0.0021,-0.13059,0.04934,-1.15217,-0.00067,-0.00359,-6e-05,-0.13864,-0.14381,-1.29517,11,37.8454,362.8342,38.1198,179.2943,0.5422,-123.4418,0.0026,25.8084,0.7896
935,000935.png,False,1788788139.796910,1788788139.592210,shear_-X_out,7,-X,0.4,-0.23099,-0.0437,-1.31201,0.00361,-0.00391,-0.00206,-0.17226,0.03865,-1.16763,-0.00028,-0.00459,-1e-05,-0.16916,-0.17428,-1.31059,10,37.7919,362.7881,38.1207,179.2936,0.5426,-123.4488,0.0015,25.809,0.789
936,000936.png,False,1788788140.208931,1788788140.004231,shear_-X_out,7,-X,0.4,-0.33305,-0.02344,-1.34715,0.00311,-0.00671,-0.00216,-0.27433,0.05896,-1.20272,-0.00078,-0.0074,-0.00011,-0.26744,-0.20829,-1.34588,11,37.7015,362.7519,38.106,179.2948,0.5414,-123.444,0.0087,25.7942,0.8038
937,000937.png,False,1788788142.276896,1788788142.072196,shear_-X_out,7,-X,0.5,-0.46502,-0.0161,-1.25486,0.00278,-0.01029,-0.00201,-0.40636,0.06653,-1.11014,-0.00112,-0.01096,5e-05,-0.38606,-0.2664,-1.25346,10,37.5535,362.6789,38.1528,179.2937,0.5426,-123.4403,0.0026,25.8409,0.7571
938,000938.png,False,1788788144.133082,1788788143.928382,shear_-Y_out,7,-Y,0.1,-0.03952,-0.08189,-1.22185,0.00447,0.00096,-0.00192,0.01908,0.00094,-1.07687,0.00055,0.00028,0.00014,0.01515,-0.11024,-1.22016,10,37.8987,362.8261,38.157,179.297,0.5399,-123.4407,0.0044,25.8451,0.7529
939,000939.png,False,1788788145.577145,1788788145.372445,shear_-Y_out,7,-Y,0.2,-0.08113,-0.09078,-1.22184,0.00474,-8e-05,-0.00189,-0.02257,-0.00779,-1.07666,0.00082,-0.00075,0.00018,-0.01645,-0.13874,-1.21992,10,37.9048,362.8082,38.1623,179.2971,0.5401,-123.4394,0.0083,25.85,0.748
940,000940.png,False,1788788146.197171,1788788145.992471,shear_-Y_out,7,-Y,0.2,-0.05812,-0.17416,-1.22913,0.00689,0.0004,-0.002,0.00042,-0.0911,-1.08386,0.00296,-0.00026,7e-05,0.04519,-0.19957,-1.22581,10,37.9659,362.7493,38.1508,179.2994,0.5378,-123.444,0.0086,25.8372,0.7608
941,000941.png,False,1788788147.229218,1788788147.024518,shear_-Y_out,7,-Y,0.3,-0.09865,-0.13048,-1.38183,0.0058,-0.00069,-0.00192,-0.04014,-0.0473,-1.23642,0.00187,-0.00136,0.00015,-0.01068,-0.18443,-1.37916,10,37.9269,362.7559,38.0958,179.2971,0.5403,-123.4357,0.0058,25.7825,0.8155
942,000942.png,False,1788788149.705360,1788788149.500660,shear_-Y_out,7,-Y,0.4,-0.07593,-0.29313,-1.17998,0.01002,0.0001,-0.00164,-0.01748,-0.20967,-1.03422,0.00608,-0.00056,0.00044,0.08886,-0.31071,-1.17456,11,38.0366,362.6092,38.1732,179.2924,0.5452,-123.438,0.0067,25.8569,0.7411
943,000943.png,False,1788788150.945371,1788788150.740671,shear_-Y_out,7,-Y,0.5,-0.09008,-0.3662,-1.23459,0.01199,-0.00032,-0.00186,-0.03168,-0.28261,-1.08867,0.00804,-0.00097,0.00022,0.11349,-0.38195,-1.22787,11,38.0687,362.5417,38.1532,179.2968,0.541,-123.4377,0.0092,25.8355,0.7625
944,000944.png,False,1788788151.357434,1788788151.152734,shear_-Y_out,7,-Y,0.5,-0.10484,-0.39976,-1.32202,0.01297,-0.00077,-0.00192,-0.04644,-0.31612,-1.17604,0.00902,-0.00143,0.00017,0.11808,-0.41978,-1.31468,10,38.077,362.5008,38.12,179.2954,0.5427,-123.4362,0.0017,25.8016,0.7964
945,000945.png,False,1788788155.897602,1788788155.692902,shear_+Y_out,7,+Y,0.2,-0.08182,0.12098,-1.24057,-0.0007,-0.00013,-0.00205,-0.02355,0.20513,-1.09395,-0.00467,-0.00078,5e-05,-0.12272,0.04402,-1.24231,10,37.8245,362.9715,38.1572,179.2983,0.5387,-123.4416,0.0024,25.8481,0.7499
946,000946.png,False,1788788157.961723,1788788157.757023,shear_+Y_out,7,+Y,0.4,-0.09796,0.23139,-1.35463,-0.00364,-0.00066,-0.00226,-0.03976,0.31577,-1.20773,-0.00763,-0.00131,-0.00016,-0.19107,0.12975,-1.35824,10,37.7451,363.0787,38.1051,179.2992,0.5378,-123.4401,0.0001,25.7983,0.7997
947,000947.png,False,1788788158.169730,1788788157.965030,shear_+Y_out,7,+Y,0.4,-0.15833,0.34441,-1.27467,-0.00663,-0.00228,-0.00217,-0.10012,0.42882,-1.12774,-0.01062,-0.00293,-6e-05,-0.30038,0.19875,-1.28013,10,37.6512,363.1193,38.1387,179.2999,0.537,-123.4311,0.0066,25.8332,0.7648
948,000948.png,False,1788788158.377710,1788788158.173010,shear_+Y_out,7,+Y,0.4,-0.14935,0.29412,-1.28964,-0.00526,-0.00201,-0.00217,-0.09115,0.37855,-1.14268,-0.00925,-0.00266,-6e-05,-0.26738,0.15945,-1.29424,10,37.6821,363.12,38.1403,179.2996,0.5373,-123.4359,0.0068,25.8346,0.7634
949,000949.png,False,1788788158.581717,1788788158.377017,shear_+Y_out,7,+Y,0.4,-0.08199,0.4171,-1.43422,-0.0085,-0.00031,-0.00228,-0.0238,0.50156,-1.28724,-0.01249,-0.00095,-0.00018,-0.26947,0.2973,-1.44107,10,37.665,363.2088,38.0708,179.3036,0.533,-123.4405,0.0044,25.7667,0.8313
950,000950.png,False,1788788159.821760,1788788159.617060,shear_+Y_out,7,+Y,0.5,-0.05665,0.49468,-1.20044,-0.0106,0.00049,-0.00225,0.00151,0.57927,-1.05329,-0.0146,-0.00014,-0.00014,-0.2879,0.38089,-1.20872,10,37.6219,363.3202,38.1719,179.293,0.5439,-123.4464,0.0044,25.8698,0.7282
951,000951.png,False,1788788160.025692,1788788159.820992,shear_+Y_out,7,+Y,0.5,-0.07885,0.42826,-1.23636,-0.00891,-4e-05,-0.00212,-0.0207,0.51288,-1.08918,-0.01291,-0.00068,-1e-05,-0.2737,0.3117,-1.24344,11,37.6244,363.3059,38.1639,179.2947,0.5421,-123.4455,0.0067,25.8615,0.7365
952,000952.png,False,1788788160.441859,1788788160.237159,shear_+Y_out,7,+Y,0.5,-0.10692,0.49723,-1.51585,-0.01071,-0.001,-0.0023,-0.04878,0.58189,-1.3686,-0.01471,-0.00163,-0.00019,-0.33053,0.35293,-1.52402,10,37.5709,363.355,38.0713,179.3016,0.5349,-123.4403,0.0002,25.7701,0.8279
953,000953.png,False,1788788160.853851,1788788160.649151,shear_+Y_back,7,+Y,0.0,-0.08881,0.52304,-1.43003,-0.01139,-0.00046,-0.00215,-0.03068,0.60775,-1.28273,-0.01539,-0.0011,-4e-05,-0.32834,0.38571,-1.43871,10,37.5667,363.3825,38.0966,179.2977,0.5393,-123.442,0.0093,25.7959,0.8021
954,000954.png,False,1788788167.870131,1788788167.665431,shear_+X_out,8,+X,0.3,0.36013,-0.11525,-1.32023,0.00537,0.01155,-0.00198,0.41805,-0.02975,-1.17196,0.00133,0.01093,0.00015,0.37868,0.05898,-1.31875,10,38.3069,363.0439,38.1256,179.3024,0.5366,-123.4374,0.002,25.8143,0.7837
955,000955.png,False,1788788169.110182,1788788168.905482,shear_+X_out,8,+X,0.3,0.17204,-0.02582,-1.13739,0.0029,0.00667,-0.00198,0.22993,0.05981,-0.98895,-0.00115,0.00605,0.00016,0.16981,0.04538,-1.13712,10,38.1788,363.0327,38.1734,179.2941,0.5449,-123.4286,0.0061,25.8629,0.7351
956,000956.png,False,1788788175.302468,1788788175.097768,shear_+X_out,8,+X,0.5,0.44964,-0.06331,-1.29777,0.00393,0.01401,-0.00195,0.50735,0.02301,-1.14846,-0.00015,0.01341,0.0002,0.43011,0.14905,-1.29737,10,38.4568,363.164,38.136,179.2968,0.5428,-123.4342,0.0057,25.8256,0.7724
957,000957.png,False,1788788176.746546,1788788176.541846,shear_+X_back,8,+X,0.0,0.203,-0.05728,-1.23995,0.0038,0.00743,-0.00205,0.26068,0.0292,-1.09045,-0.00029,0.00682,0.00011,0.21306,0.03196,-1.23917,11,38.2486,362.9569,38.1326,179.3022,0.5364,-123.4394,0.0039,25.8203,0.7777
958,000958.png,False,1788788183.766854,1788788183.562154,shear_-X_out,8,-X,0.3,-0.26433,-0.03063,-1.34693,0.00318,-0.00517,-0.00207,-0.20686,0.05664,-1.19646,-0.00095,-0.00576,0.00011,-0.20433,-0.18018,-1.34567,11,37.7196,362.8088,38.1821,179.2904,0.5495,-123.4343,0.0044,25.8711,0.7269
959,000959.png,False,1788788185.414916,1788788185.210216,shear_-X_out,8,-X,0.4,-0.37445,-0.04887,-1.35957,0.00366,-0.00805,-0.00226,-0.31702,0.03859,-1.20887,-0.00048,-0.00863,-8e-05,-0.29051,-0.25121,-1.35777,10,37.6552,362.7515,38.1103,179.2949,0.545,-123.438,0.0026,25.7988,0.7992
960,000960.png,False,1788788187.687057,1788788187.482358,shear_-X_out,8,-X,0.5,-0.45929,-0.03982,-1.29957,0.00338,-0.01043,-0.00239,-0.40193,0.0479,-1.14855,-0.00077,-0.01101,-0.00021,-0.36895,-0.2848,-1.29776,11,37.5514,362.6687,38.128,179.2977,0.5422,-123.439,0.0049,25.816,0.782
961,000961.png,False,1788788189.751113,1788788189.546413,shear_-Y_out,8,-Y,0.1,-0.03751,-0.08012,-1.23754,0.00437,0.00078,-0.0022,0.0198,0.00783,-1.08624,0.00022,0.0002,-1e-05,0.01612,-0.10795,-1.23589,10,37.902,362.8429,38.1529,179.2987,0.541,-123.4384,0.0098,25.8412,0.7568
962,000962.png,False,1788788190.991164,1788788190.786464,shear_-Y_out,8,-Y,0.2,-0.06398,-0.08938,-1.1826,0.00456,5e-05,-0.00227,-0.00671,-0.0013,-1.03112,0.0004,-0.00052,-8e-05,-0.00256,-0.12832,-1.18074,10,37.9428,362.7516,38.1473,179.3007,0.5375,-123.4377,0.0048,25.8339,0.7641
963,000963.png,False,1788788192.435227,1788788192.230527,shear_-Y_out,8,-Y,0.3,-0.11277,-0.28047,-1.2617,0.00962,-0.00121,-0.00226,-0.05555,-0.19223,-1.11002,0.00545,-0.00178,-7e-05,0.05119,-0.31947,-1.25642,10,37.9691,362.6796,38.1424,179.2955,0.5427,-123.436,0.0091,25.8276,0.7704
964,000964.png,False,1788788195.531379,1788788195.326679,shear_-Y_out,8,-Y,0.4,-0.07254,-0.27842,-1.28997,0.00959,-0.00017,-0.00204,-0.0154,-0.18983,-1.13787,0.0054,-0.00073,0.00017,0.08521,-0.29804,-1.28481,10,38.023,362.6446,38.1317,179.2954,0.5435,-123.4388,0.0083,25.816,0.782
965,000965.png,False,1788788197.595506,1788788197.390806,shear_-Y_out,8,-Y,0.5,-0.09179,-0.38901,-1.13435,0.01248,-0.00059,-0.00217,-0.03471,-0.30019,-0.98196,0.00828,-0.00114,4e-05,0.12271,-0.40095,-1.12725,10,38.075,362.5197,38.1796,179.2926,0.5463,-123.4382,0.0027,25.8615,0.7365
966,000966.png,False,1788788200.071576,1788788199.866876,shear_+Y_out,8,+Y,0.1,-0.0801,-0.04244,-1.24187,0.00353,-0.00037,-0.00239,-0.02308,0.04666,-1.08913,-0.00069,-0.00092,-0.00018,-0.03957,-0.09667,-1.24078,10,37.9254,362.8028,38.1436,179.3014,0.5375,-123.4414,0.0046,25.8311,0.7669
967,000967.png,False,1788788202.135688,1788788201.930988,shear_+Y_out,8,+Y,0.2,-0.06514,0.10196,-1.231,-0.00032,-0.0,-0.0024,-0.00819,0.19129,-1.07798,-0.00454,-0.00055,-0.00017,-0.09883,0.03604,-1.23245,10,37.8412,362.9676,38.1504,179.3024,0.5366,-123.4438,0.0004,25.8412,0.7568
968,000968.png,False,1788788203.995814,1788788203.791114,shear_+Y_out,8,+Y,0.2,-0.04318,0.17638,-1.29775,-0.00226,0.00053,-0.00239,0.01372,0.26592,-1.14447,-0.00649,-1e-05,-0.00016,-0.11653,0.1104,-1.30052,10,37.6913,363.1596,38.0276,179.3045,0.5347,-123.434,0.0022,25.7225,0.8755
969,000969.png,False,1788788204.819705,1788788204.615005,shear_+Y_out,8,+Y,0.2,-0.0485,0.13209,-1.25775,-0.00107,0.00045,-0.00211,0.00838,0.22173,-1.10435,-0.00531,-9e-05,0.00012,-0.09929,0.07002,-1.25975,10,37.807,363.0312,38.1433,179.3004,0.5392,-123.4446,0.0038,25.8353,0.7627
970,000970.png,False,1788788206.059767,1788788205.855067,shear_+Y_out,8,+Y,0.2,-0.14526,0.27392,-1.6033,-0.00469,-0.00228,-0.00212,-0.08842,0.36369,-1.44973,-0.00893,-0.00282,0.00012,-0.25157,0.13897,-1.60751,10,37.7053,363.1084,38.0526,179.3056,0.5336,-123.437,0.0059,25.7466,0.8514
971,000971.png,False,1788788206.471777,1788788206.267077,shear_+Y_out,8,+Y,0.2,-0.01321,0.11475,-1.21584,-0.0006,0.00138,-0.00205,0.04362,0.20457,-1.06221,-0.00484,0.00085,0.00019,-0.06034,0.07331,-1.21761,10,37.824,363.0444,38.1558,179.299,0.5406,-123.4477,0.0086,25.8479,0.7501
972,000972.png,False,1788788209.567916,1788788209.363216,shear_+Y_out,8,+Y,0.4,-0.0717,0.33455,-1.25532,-0.00635,-0.00016,-0.00236,-0.01496,0.42471,-1.10126,-0.01061,-0.00069,-0.00011,-0.22056,0.23381,-1.26078,11,37.674,363.2441,38.1595,179.3007,0.5389,-123.444,0.0045,25.8559,0.7421
973,000973.png,False,1788788211.220113,1788788211.015413,shear_+Y_out,8,+Y,0.5,-0.10737,0.41284,-1.37023,-0.00837,-0.00125,-0.00251,-0.05068,0.50319,-1.21594,-0.01264,-0.00177,-0.00026,-0.28977,0.28195,-1.37696,10,37.6056,363.2956,38.1161,179.3008,0.5389,-123.4418,0.004,25.8137,0.7843
974,000974.png,False,1788788211.424068,1788788211.219368,shear_+Y_out,8,+Y,0.5,-0.07927,0.53916,-1.5563,-0.0117,-0.00058,-0.00255,-0.02258,0.62953,-1.40199,-0.01597,-0.00111,-0.0003,-0.32725,0.40241,-1.56525,11,37.5716,363.374,38.0329,179.3109,0.5285,-123.4446,0.0017,25.732,0.866
975,000975.png,False,1788788212.044137,1788788211.839437,shear_+Y_back,8,+Y,0.0,-0.07391,0.53671,-1.39826,-0.0117,-0.0003,-0.00256,-0.01724,0.62716,-1.24387,-0.01597,-0.00082,-0.00031,-0.32249,0.4055,-1.40721,10,37.5643,363.4139,38.1056,179.3022,0.5373,-123.4455,0.0053,25.8055,0.7925
976,000976.png,False,1788788215.760268,1788788215.555568,shear_+X_out,9,+X,0.1,0.03659,-0.16202,-1.19282,0.00653,0.00269,-0.0022,0.09315,-0.07116,-1.03791,0.00223,0.00218,7e-05,0.12091,-0.14115,-1.1899,10,38.0077,362.8509,38.1732,179.2999,0.5409,-123.4501,0.0036,25.8609,0.7371
977,000977.png,False,1788788221.540514,1788788221.335814,shear_+X_out,9,+X,0.3,0.4114,-0.15943,-1.49996,0.00665,0.01266,-0.00207,0.4678,-0.06792,-1.34425,0.00232,0.01216,0.00021,0.44642,0.04346,-1.49779,10,38.3627,363.0444,38.0705,179.3047,0.5358,-123.4538,0.0096,25.7588,0.8392
978,000978.png,False,1788788223.812649,1788788223.607949,shear_+X_out,9,+X,0.3,0.2039,-0.04292,-1.19566,0.00353,0.00721,-0.00232,0.26024,0.04884,-1.03963,-0.00081,0.00671,-3e-05,0.20635,0.04556,-1.19514,10,38.2184,363.0399,38.1572,179.2966,0.5445,-123.4373,0.0032,25.8465,0.7515
979,000979.png,False,1788788227.112705,1788788226.908005,shear_+X_out,9,+X,0.5,0.44012,-0.08263,-1.17702,0.00456,0.01358,-0.00231,0.49637,0.0095,-1.02053,0.0002,0.01309,-2e-05,0.43069,0.1295,-1.17628,10,38.4481,363.1456,38.1735,179.2972,0.5447,-123.4419,0.008,25.8628,0.7352
980,000980.png,False,1788788227.940736,1788788227.736036,shear_+X_back,9,+X,0.0,0.49491,-0.08745,-1.19865,0.00465,0.01502,-0.00245,0.55112,0.00477,-1.04205,0.00029,0.01453,-0.00015,0.4807,0.15235,-1.19794,10,38.5058,363.1772,38.1659,179.3024,0.5394,-123.4401,0.0082,25.8553,0.7427
981,000981.png,False,1788788228.556769,1788788228.352069,shear_+X_back,9,+X,0.0,0.24591,-0.08055,-1.08684,0.00459,0.00854,-0.00247,0.30211,0.01174,-0.93015,0.00022,0.00806,-0.00017,0.26079,0.0357,-1.08577,10,38.2122,362.9438,38.1803,179.3059,0.5345,-123.4411,0.0011,25.868,0.73
982,000982.png,False,1788788235.369224,1788788235.164524,shear_-X_out,9,-X,0.3,-0.26658,-0.08354,-1.51495,0.00482,-0.00558,-0.00244,-0.21057,0.00951,-1.35733,0.00041,-0.00605,-0.00012,-0.17867,-0.22982,-1.51274,10,37.7654,362.7497,38.0535,179.3069,0.5345,-123.4468,0.0028,25.7412,0.8568
983,000983.png,False,1788788237.229238,1788788237.024538,shear_-X_out,9,-X,0.4,-0.28262,-0.07233,-1.27294,0.00454,-0.00578,-0.00243,-0.22667,0.02093,-1.11506,0.00013,-0.00625,-0.00011,-0.19985,-0.22425,-1.27093,10,37.7311,362.7403,38.1421,179.2994,0.5415,-123.451,0.0051,25.83,0.768
984,000984.png,False,1788788238.881233,1788788238.676533,shear_-X_out,9,-X,0.5,-0.37672,-0.05509,-1.18364,0.00405,-0.0082,-0.00228,-0.32081,0.03836,-1.02552,-0.00037,-0.00866,5e-05,-0.29059,-0.25491,-1.18175,10,37.6248,362.692,38.1703,179.2966,0.5448,-123.4484,0.0045,25.8581,0.7399
985,000985.png,False,1788788239.085323,1788788238.880623,shear_-X_out,9,-X,0.5,-0.48752,-0.05904,-1.34437,0.00419,-0.01128,-0.00226,-0.43162,0.03444,-1.18623,-0.00023,-0.01175,7e-05,-0.38348,-0.31626,-1.34217,11,37.5179,362.6696,38.1278,179.3001,0.5408,-123.4425,0.0017,25.816,0.782
986,000986.png,False,1788788240.945404,1788788240.740704,shear_-Y_out,9,-Y,0.1,-0.02971,-0.10197,-1.2416,0.00521,0.00078,-0.0023,0.02614,-0.00829,-1.0832,0.00078,0.00032,3e-05,0.03382,-0.12305,-1.23958,11,37.9135,362.8295,38.1555,179.3036,0.5381,-123.4416,0.0034,25.8436,0.7544
987,000987.png,False,1788788241.357430,1788788241.152730,shear_-Y_out,9,-Y,0.2,-0.01175,-0.01321,-1.20637,0.0028,0.00128,-0.00219,0.04408,0.08051,-1.04791,-0.00164,0.00082,0.00014,0.00478,-0.03664,-1.20593,10,37.9031,362.8964,38.1734,179.2975,0.5438,-123.4414,0.0075,25.8625,0.7355
988,000988.png,False,1788788241.561436,1788788241.356736,shear_-Y_out,9,-Y,0.2,-0.0197,-0.02253,-1.20114,0.00314,0.00107,-0.00231,0.03613,0.07122,-1.04265,-0.00129,0.00061,3e-05,0.00252,-0.0486,-1.20052,10,37.904,362.8902,38.1729,179.2983,0.543,-123.4412,0.0065,25.8619,0.7361
989,000989.png,False,1788788242.181469,1788788241.976769,shear_-Y_out,9,-Y,0.2,-0.05832,-0.08513,-1.20614,0.00471,5e-05,-0.00211,-0.0025,0.00869,-1.04756,0.00027,-0.00041,0.00022,0.00038,-0.12219,-1.20436,10,37.9087,362.8332,38.1756,179.2977,0.5433,-123.4414,0.0045,25.8638,0.7342
990,000990.png,False,1788788247.341706,1788788247.137006,shear_-Y_out,9,-Y,0.4,-0.08991,-0.3679,-1.26172,0.01215,-0.00085,-0.00205,-0.03424,-0.27351,-1.10243,0.00768,-0.0013,0.0003,0.11468,-0.38377,-1.25497,10,38.0509,362.5771,38.1452,179.2965,0.5452,-123.4427,0.0091,25.8282,0.7698
991,000991.png,False,1788788249.613810,1788788249.409110,shear_-Y_out,9,-Y,0.5,-0.0535,-0.46175,-1.26261,0.0147,0.00012,-0.00215,0.00211,-0.3671,-1.103,0.01022,-0.00032,0.00021,0.19311,-0.44686,-1.2543,10,38.1421,362.4688,38.1463,179.2935,0.5484,-123.4458,0.0064,25.827,0.771
992,000992.png,False,1788788251.469897,1788788251.265197,shear_+Y_out,9,+Y,0.1,-0.07133,-0.0734,-1.24924,0.00455,-0.00042,-0.00242,-0.01578,0.02145,-1.08938,6e-05,-0.00086,-6e-05,-0.01645,-0.11923,-1.24764,10,37.9503,362.7571,38.1436,179.3085,0.5326,-123.445,0.0087,25.8302,0.7678
993,000993.png,False,1788788254.774018,1788788254.569318,shear_+Y_out,9,+Y,0.2,-0.0558,0.15316,-1.30668,-0.00144,-8e-05,-0.00245,-0.00035,0.24839,-1.14637,-0.00595,-0.00051,-8e-05,-0.1158,0.08384,-1.30903,10,37.7084,363.1097,38.033,179.3124,0.5287,-123.435,0.0051,25.7269,0.8711
994,000994.png,False,1788788255.186077,1788788254.981377,shear_+Y_out,9,+Y,0.2,-0.11112,0.29491,-1.54947,-0.005,-0.00164,-0.00244,-0.05568,0.39019,-1.38909,-0.00951,-0.00207,-7e-05,-0.23286,0.17507,-1.55413,11,37.7127,363.1208,38.0549,179.3104,0.531,-123.4413,0.0048,25.749,0.849
995,000995.png,False,1788788255.806096,1788788255.601396,shear_+Y_out,9,+Y,0.2,-0.09065,0.20061,-1.43935,-0.00252,-0.00106,-0.00234,-0.03522,0.29595,-1.27889,-0.00703,-0.00149,4e-05,-0.16877,0.10539,-1.44243,11,37.6574,363.1397,38.0004,179.3125,0.5285,-123.4315,0.0092,25.6952,0.9028
996,000996.png,False,1788788257.870207,1788788257.665507,shear_+Y_out,9,+Y,0.2,-0.03983,0.06161,-1.3014,0.001,0.00038,-0.00224,0.01554,0.15718,-1.14065,-0.00352,-4e-05,0.00014,-0.05625,0.01261,-1.30219,10,37.8099,363.0288,38.1007,179.3061,0.5357,-123.4453,0.0001,25.7927,0.8053
997,000997.png,False,1788788267.986642,1788788267.781942,shear_+Y_out,9,+Y,0.5,-0.05443,0.44892,-1.39704,-0.00913,-0.00013,-0.00237,0.00065,0.54563,-1.23489,-0.01371,-0.00053,3e-05,-0.26175,0.33922,-1.4045,11,37.6097,363.3633,38.1138,179.3071,0.5353,-123.4481,0.0077,25.8124,0.7856
998,000998.png,False,1788788269.430710,1788788269.226010,shear_+Y_back,9,+Y,0.0,-0.03396,0.15047,-1.27554,-0.0015,0.00043,-0.00234,0.02108,0.24734,-1.11318,-0.00608,4e-05,7e-05,-0.09576,0.09292,-1.27788,10,37.7799,363.0355,38.137,179.3138,0.5291,-123.4472,0.0009,25.8292,0.7688
999,000999.png,False,1788788278.511111,1788788278.306412,shear_+X_out,10,+X,0.5,0.42144,-0.10159,-1.22383,0.00527,0.01266,-0.00213,0.47622,-0.00371,-1.06023,0.00063,0.01228,0.0003,0.4243,0.10299,-1.22273,10,38.4094,363.113,38.175,179.308,0.5365,-123.4455,0.0015,25.8641,0.7339
1000,001000.png,False,1788788284.499378,1788788284.294678,shear_-X_out,10,-X,0.3,-0.19325,-0.07898,-1.30372,0.00473,-0.00389,-0.00236,-0.13864,0.01957,-1.13928,6e-05,-0.00426,9e-05,-0.11889,-0.18585,-1.30177,10,37.8281,362.7994,38.1382,179.306,0.537,-123.4468,0.0065,25.8263,0.7717
