index,file,missing,t_img,t_exposure_start,segment,cycle,axis,target_N,Fx_s,Fy_s,Fz_s,Tx_s,Ty_s,Tz_s,Fx_s_corr,Fy_s_corr,Fz_s_corr,Tx_s_corr,Ty_s_corr,Tz_s_corr,Fx_base,Fy_base,Fz_base,ft_chunks,tcp_x,tcp_y,tcp_z,rx,ry,rz,pose_gap_s,height_above_plane_mm,depth_mm
1,000001.png,False,1788890461.848572,1788890461.788572,normal_load,1,,2.0,-0.00072,0.00145,-0.04146,0.00011,0.00011,-5e-05,0.00015,0.00182,-0.04091,8e-05,7e-05,-5e-05,-0.00106,0.00023,-0.04148,3,37.9094,362.8468,37.4905,179.8041,0.5592,-101.139,0.0029,25.1789,-0.0013
2,000002.png,False,1788890462.436608,1788890462.376608,normal_load,1,,2.0,0.00222,-0.02185,-0.06759,0.00066,8e-05,9e-05,0.00319,-0.02144,-0.06697,0.00062,5e-05,0.0001,0.01331,-0.0189,-0.0672,3,37.9258,362.8005,37.4679,179.8036,0.5604,-101.1399,0.0032,25.1555,0.022
3,000003.png,False,1788890462.632618,1788890462.572618,normal_load,1,,2.0,-0.00602,-0.05295,-0.16598,0.00132,-0.00032,0.00014,-0.00501,-0.05252,-0.16534,0.00128,-0.00035,0.00015,0.02239,-0.05152,-0.16503,3,37.9387,362.7543,37.3542,179.8077,0.5506,-101.1405,0.0025,25.041,0.1365
4,000004.png,False,1788890462.824623,1788890462.764623,normal_load,1,,2.0,-0.00132,-0.03537,-0.21004,0.00093,-0.00013,-2e-05,-0.00028,-0.03492,-0.20938,0.00089,-0.00017,-1e-05,0.01798,-0.03466,-0.2094,3,37.9363,362.7718,37.3327,179.8057,0.555,-101.1408,0.0069,25.0197,0.1578
5,000005.png,False,1788890463.020674,1788890462.960675,normal_load,1,,2.0,-0.00139,-0.03955,-0.45792,0.00115,-0.00011,3e-05,-0.00032,-0.03909,-0.45724,0.0011,-0.00015,4e-05,0.02173,-0.04229,-0.45716,3,37.9376,362.7666,37.2095,179.8068,0.5521,-101.1407,0.0029,24.8965,0.281
6,000006.png,False,1788890463.216598,1788890463.156598,normal_load,1,,2.0,0.00378,-0.01716,-0.51747,0.00075,9e-05,-1e-05,0.00489,-0.01668,-0.51676,0.00071,5e-05,-0.0,0.01544,-0.02126,-0.5171,3,37.9353,362.7812,37.1882,179.8053,0.5562,-101.141,0.0086,24.8755,0.3021
7,000007.png,False,1788890463.412704,1788890463.352704,normal_load,1,,2.0,0.01436,-0.00741,-0.81987,0.00052,7e-05,0.00022,0.0155,-0.00692,-0.81915,0.00048,2e-05,0.00023,0.02182,-0.01238,-0.81965,3,37.9358,362.7904,37.0807,179.8048,0.5574,-101.1412,0.0026,24.7681,0.4095
8,000008.png,False,1788890463.604702,1788890463.544703,normal_load,1,,2.0,0.0155,0.0006,-0.87245,0.00019,1e-05,0.00033,0.01668,0.0011,-0.87171,0.00014,-4e-05,0.00034,0.01917,-0.00572,-0.87236,3,37.9368,362.7905,37.0739,179.8044,0.5589,-101.1414,0.0071,24.7613,0.4163
9,000009.png,False,1788890463.800612,1788890463.740613,normal_load,1,,2.0,0.02725,0.0185,-1.15207,9e-05,0.00025,0.00021,0.02847,0.01902,-1.1513,4e-05,0.0002,0.00022,0.02235,0.01119,-1.15227,2,37.9355,362.8068,37.0054,179.8025,0.5633,-101.1417,0.0008,24.693,0.4845
10,000010.png,False,1788890463.996705,1788890463.936705,normal_load,1,,2.0,0.02696,0.01985,-1.13839,-2e-05,0.00016,0.00025,0.02821,0.02038,-1.1376,-7e-05,0.00011,0.00026,0.02133,0.01242,-1.13862,3,37.9355,362.8022,36.9987,179.8029,0.5621,-101.1414,0.005,24.6863,0.4912
11,000011.png,False,1788890464.192726,1788890464.132726,normal_load,1,,2.0,0.03086,0.03054,-1.42493,-0.00022,0.00013,0.0003,0.03214,0.03109,-1.42412,-0.00028,8e-05,0.00031,0.02135,0.01905,-1.4253,3,37.9357,362.8072,36.9383,179.8024,0.5642,-101.1417,0.0093,24.626,0.5515
12,000012.png,False,1788890464.388641,1788890464.328641,normal_load,1,,2.0,0.02874,0.02562,-1.54341,0.00015,0.00014,0.00021,0.03006,0.02618,-1.54257,0.0001,9e-05,0.00022,0.02279,0.01183,-1.54367,3,37.9345,362.805,36.9039,179.8025,0.5633,-101.1417,0.0033,24.5915,0.586
13,000013.png,False,1788890464.580765,1788890464.520766,normal_load,1,,2.0,0.03325,0.04943,-1.71613,-0.00027,0.00031,0.00014,0.0346,0.05001,-1.71527,-0.00032,0.00026,0.00015,0.016,0.03193,-1.71679,4,37.9345,362.8144,36.8768,179.8014,0.5661,-101.1417,0.0046,24.5647,0.6129
14,000014.png,False,1788890464.776806,1788890464.716806,normal_load,1,,2.0,0.03543,0.04463,-1.85658,-0.00032,0.00014,0.00015,0.03682,0.04522,-1.8557,-0.00037,9e-05,0.00016,0.02127,0.02662,-1.85714,3,37.9334,362.8116,36.842,179.802,0.5645,-101.1417,0.001,24.5298,0.6477
15,000015.png,False,1788890465.360836,1788890465.300836,normal_unload,1,,0.0,0.04123,0.0572,-1.99094,-0.00042,0.00019,0.00027,0.04272,0.05783,-1.99,-0.00049,0.00014,0.00029,0.02094,0.03825,-1.99171,2,37.9328,362.8183,36.8239,179.8013,0.5668,-101.1417,0.0036,24.5118,0.6657
16,000016.png,False,1788890465.556844,1788890465.496844,normal_unload,1,,0.0,0.0415,0.06486,-1.91402,-0.00079,0.00021,0.00016,0.04302,0.06551,-1.91306,-0.00085,0.00016,0.00017,0.01681,0.04625,-1.91494,3,37.9344,362.8201,36.8306,179.8008,0.567,-101.1421,0.0093,24.5185,0.659
17,000017.png,False,1788890465.752849,1788890465.692849,normal_unload,1,,0.0,0.03779,0.05135,-1.89762,-0.0004,0.00014,0.0003,0.03935,0.05201,-1.89663,-0.00046,8e-05,0.00031,0.02024,0.03296,-1.8983,3,37.9337,362.8178,36.8373,179.8014,0.5659,-101.1419,0.005,24.5252,0.6524
18,000018.png,False,1788890465.948869,1788890465.888869,normal_unload,1,,0.0,0.032,0.02685,-1.72907,0.00017,-5e-05,0.00034,0.03359,0.02753,-1.72805,0.00011,-0.00011,0.00036,0.02629,0.01155,-1.72933,3,37.9363,362.8057,36.8725,179.8033,0.5617,-101.1419,0.0006,24.5602,0.6174
19,000019.png,False,1788890466.140882,1788890466.080882,normal_unload,1,,0.0,0.02996,0.02325,-1.68666,0.00014,-2e-05,0.00036,0.03158,0.02395,-1.68563,7e-05,-8e-05,0.00037,0.02603,0.00809,-1.68687,2,37.9377,362.8035,36.8716,179.8033,0.5617,-101.1419,0.0104,24.5593,0.6183
20,000020.png,False,1788890466.532907,1788890466.472907,normal_unload,1,,0.0,0.03345,0.0122,-1.42464,0.00032,0.00024,9e-05,0.03515,0.01292,-1.42356,0.00025,0.00018,0.0001,0.03276,0.00446,-1.4247,3,37.9396,362.8034,36.9255,179.8024,0.5628,-101.1425,0.0054,24.6131,0.5644
21,000021.png,False,1788890466.728892,1788890466.668892,normal_unload,1,,0.0,0.03325,0.01687,-1.28153,0.00028,0.00045,4e-05,0.03498,0.01761,-1.28044,0.00021,0.00038,5e-05,0.02925,0.0107,-1.2817,3,37.9413,362.8045,36.945,179.8028,0.563,-101.1427,0.0092,24.6327,0.5449
22,000022.png,False,1788890466.924923,1788890466.864923,normal_unload,1,,0.0,0.0398,0.02437,-1.1444,2e-05,0.00061,4e-05,0.04156,0.02513,-1.14328,-6e-05,0.00055,5e-05,0.03023,0.02267,-1.14473,3,37.9431,362.8096,36.9768,179.8022,0.5641,-101.143,0.0015,24.6645,0.5131
23,000023.png,False,1788890467.116949,1788890467.056949,normal_unload,1,,0.0,0.04034,0.01331,-1.1029,0.0003,0.00063,0.00023,0.04214,0.01408,-1.10176,0.00023,0.00056,0.00025,0.03594,0.01402,-1.10305,3,37.9446,362.8076,36.9932,179.8024,0.564,-101.1434,0.008,24.6808,0.4967
24,000024.png,False,1788890467.312958,1788890467.252959,normal_unload,1,,0.0,0.04397,0.01853,-1.00202,-2e-05,0.00063,0.00023,0.0458,0.01931,-1.00085,-0.0001,0.00056,0.00024,0.03578,0.02197,-1.00227,3,37.9462,362.8092,37.0207,179.8027,0.5634,-101.1436,0.0032,24.7083,0.4692
25,000025.png,False,1788890467.508950,1788890467.448951,normal_unload,1,,0.0,0.04028,0.00945,-0.91224,0.00027,0.00066,0.00015,0.04215,0.01024,-0.91106,0.00019,0.00059,0.00017,0.0365,0.0137,-0.91235,3,37.9465,362.8061,37.0369,179.8028,0.5625,-101.1438,0.0021,24.7245,0.453
26,000026.png,False,1788890467.704952,1788890467.644952,normal_unload,1,,0.0,0.04352,0.00946,-0.7716,0.00019,0.00084,-6e-05,0.04542,0.01027,-0.77039,0.00012,0.00077,-4e-05,0.03833,0.01758,-0.77173,3,37.948,362.8108,37.0737,179.8028,0.563,-101.1443,0.0088,24.7613,0.4162
27,000027.png,False,1788890467.896972,1788890467.836972,normal_unload,1,,0.0,0.04172,0.00282,-0.7502,0.00015,0.00065,0.00023,0.04365,0.00365,-0.74897,7e-05,0.00058,0.00025,0.03993,0.01127,-0.75021,3,37.9481,362.8072,37.0842,179.8031,0.5623,-101.144,0.0019,24.7717,0.4058
28,000028.png,False,1788890468.092891,1788890468.032891,normal_unload,1,,0.0,0.04413,0.00812,-0.58335,0.00012,0.00086,0.00011,0.0461,0.00896,-0.5821,4e-05,0.00079,0.00013,0.03821,0.01974,-0.58349,3,37.9481,362.8134,37.1413,179.8019,0.5647,-101.1443,0.0045,24.829,0.3486
29,000029.png,False,1788890468.288904,1788890468.228904,normal_unload,1,,0.0,0.0367,0.00328,-0.55072,0.0002,0.00084,-1e-05,0.0387,0.00413,-0.54944,0.00012,0.00077,0.0,0.03397,0.01236,-0.55076,3,37.9491,362.8095,37.146,179.8025,0.5638,-101.1445,0.0097,24.8336,0.3439
30,000030.png,False,1788890468.485008,1788890468.425008,normal_unload,1,,0.0,0.03704,0.00472,-0.36468,0.0002,0.00088,-2e-05,0.03907,0.00559,-0.36339,0.00011,0.0008,-1e-05,0.03225,0.01676,-0.36478,3,37.95,362.8114,37.2164,179.8023,0.5644,-101.1445,0.0028,24.904,0.2735
31,000031.png,False,1788890468.681001,1788890468.621001,normal_unload,1,,0.0,0.03451,-0.00052,-0.3578,0.00018,0.00078,-0.00016,0.03658,0.00037,-0.35648,0.0001,0.00071,-0.00015,0.03263,0.01106,-0.35781,3,37.9499,362.8097,37.2159,179.8022,0.5641,-101.1447,0.0097,24.9035,0.274
32,000032.png,False,1788890468.872947,1788890468.812948,normal_unload,1,,0.0,0.03285,-0.00315,-0.19991,0.00037,0.00079,-0.00024,0.03496,-0.00225,-0.19858,0.00029,0.00071,-0.00023,0.03142,0.01048,-0.19989,3,37.9496,362.8115,37.2969,179.8018,0.5649,-101.1445,0.0009,24.9845,0.193
33,000033.png,False,1788890469.069044,1788890469.009044,normal_unload,1,,0.0,0.02916,-0.00551,-0.23315,0.00027,0.00074,6e-05,0.0313,-0.00459,-0.23179,0.00018,0.00066,7e-05,0.02963,0.00607,-0.23308,3,37.9498,362.8097,37.293,179.8024,0.5642,-101.1447,0.0065,24.9806,0.1969
34,000034.png,False,1788890469.461046,1788890469.401047,normal_unload,1,,0.0,0.0192,-0.01339,-0.08904,0.00056,0.00065,-0.00012,0.02141,-0.01244,-0.08764,0.00047,0.00057,-0.0001,0.02393,-0.00343,-0.08883,3,37.9481,362.8122,37.3943,179.8016,0.5655,-101.1447,0.0006,25.0819,0.0956
35,000035.png,False,1788890469.849006,1788890469.789006,normal_unload,1,,0.0,0.01416,-0.02177,0.00789,0.00053,0.00048,-0.00026,0.01643,-0.0208,0.00934,0.00044,0.0004,-0.00024,0.02308,-0.01166,0.00824,3,37.9508,362.8072,37.4757,179.8022,0.5646,-101.1451,0.0026,25.1632,0.0144
36,000036.png,False,1788890471.409194,1788890471.349195,dwell,1,,0.0,0.00969,-0.01697,-0.01188,0.00042,0.00028,-0.0,0.01224,-0.01588,-0.01026,0.00032,0.00018,2e-05,0.01695,-0.01005,-0.01161,3,37.9411,362.8157,37.4884,179.8033,0.5627,-101.1514,0.0053,25.1761,0.0014
37,000037.png,False,1788890471.997274,1788890471.937274,normal_load,2,,2.0,0.00647,-0.01364,-0.05419,0.00056,0.00044,0.0002,0.00912,-0.01251,-0.05251,0.00045,0.00034,0.00022,0.0128,-0.00945,-0.05396,3,37.9379,362.8191,37.4903,179.803,0.563,-101.1501,0.0089,25.1781,-0.0005
38,000038.png,False,1788890472.189163,1788890472.129164,normal_load,2,,2.0,0.00698,-0.01635,-0.04235,0.00035,0.00033,0.00027,0.00967,-0.0152,-0.04064,0.00024,0.00024,0.00029,0.01451,-0.01135,-0.04207,3,37.9364,362.8189,37.4891,179.8032,0.5629,-101.1499,0.0015,25.1769,0.0007
39,000039.png,False,1788890472.385174,1788890472.325174,normal_load,2,,2.0,0.0056,-0.01359,-0.05494,0.00035,0.0002,0.00029,0.00832,-0.01242,-0.05321,0.00024,0.0001,0.00031,0.01202,-0.00985,-0.0547,3,37.9319,362.8189,37.4896,179.8032,0.5631,-101.1488,0.008,25.1774,0.0001
40,000040.png,False,1788890472.777205,1788890472.717206,normal_load,2,,2.0,0.00317,-0.00886,-0.06187,0.00029,0.00029,2e-05,0.00596,-0.00767,-0.06009,0.00018,0.00018,4e-05,0.0076,-0.00708,-0.06171,3,37.9278,362.8226,37.4448,179.8034,0.5632,-101.1484,0.0028,25.1327,0.0448
41,000041.png,False,1788890472.969222,1788890472.909222,normal_load,2,,2.0,0.00506,-0.00625,-0.18301,0.00014,0.00012,-9e-05,0.00789,-0.00504,-0.18122,2e-05,1e-05,-7e-05,0.00877,-0.00581,-0.18288,3,37.9261,362.826,37.3482,179.8034,0.5632,-101.148,0.0068,25.0362,0.1414
42,000042.png,False,1788890473.165301,1788890473.105301,normal_load,2,,2.0,0.00335,-0.01062,-0.29129,0.00044,0.00013,2e-05,0.00621,-0.0094,-0.28947,0.00033,2e-05,4e-05,0.01022,-0.01219,-0.29106,3,37.9251,362.8163,37.279,179.8054,0.5581,-101.1475,0.0081,24.9669,0.2107
43,000043.png,False,1788890473.361362,1788890473.301362,normal_load,2,,2.0,0.0098,0.00763,-0.45925,0.0,0.00018,0.00011,0.01269,0.00886,-0.45741,-0.00012,7e-05,0.00013,0.00786,0.00414,-0.45933,3,37.9229,362.8285,37.2138,179.8035,0.5628,-101.1475,0.0028,24.9019,0.2756
44,000044.png,False,1788890473.557355,1788890473.497355,normal_load,2,,2.0,0.00843,0.00804,-0.61648,0.00021,0.00024,0.00021,0.01136,0.00929,-0.61462,9e-05,0.00013,0.00023,0.00756,0.0013,-0.61654,3,37.9216,362.8314,37.1447,179.8035,0.5634,-101.1475,0.0046,24.8329,0.3447
45,000045.png,False,1788890473.753355,1788890473.693355,normal_load,2,,2.0,0.01594,0.02501,-0.81783,-0.00016,0.00019,0.00028,0.01891,0.02628,-0.81595,-0.00028,9e-05,0.0003,0.00698,0.01653,-0.81817,3,37.9219,362.837,37.0954,179.8027,0.5655,-101.1475,0.0095,24.7836,0.3939
46,000046.png,False,1788890473.945370,1788890473.885370,normal_load,2,,2.0,0.01431,0.02806,-0.99805,-0.0003,0.00016,0.00021,0.0173,0.02934,-0.99614,-0.00042,5e-05,0.00023,0.0053,0.01546,-0.99841,3,37.9194,362.8412,37.0396,179.8022,0.5674,-101.1471,0.0058,24.728,0.4496
47,000047.png,False,1788890474.141294,1788890474.081295,normal_load,2,,2.0,0.01832,0.03701,-1.0794,-0.00041,0.00013,0.0002,0.02135,0.03831,-1.07748,-0.00054,2e-05,0.00022,0.00486,0.02392,-1.07992,3,37.9197,362.8435,37.0171,179.802,0.568,-101.1473,0.0088,24.7054,0.4721
48,000048.png,False,1788890474.337386,1788890474.277386,normal_load,2,,2.0,0.02164,0.051,-1.36633,-0.00073,0.00018,0.00031,0.02471,0.05231,-1.36439,-0.00086,7e-05,0.00033,0.00274,0.03309,-1.36705,3,37.9175,362.8503,36.9504,179.8009,0.5706,-101.1473,0.0028,24.6389,0.5386
49,000049.png,False,1788890474.533406,1788890474.473406,normal_load,2,,2.0,0.02546,0.0544,-1.35429,-0.00075,0.00013,0.00026,0.02856,0.05573,-1.35232,-0.00087,1e-05,0.00028,0.00426,0.03814,-1.35508,3,37.9185,362.8506,36.9499,179.8008,0.5708,-101.1473,0.003,24.6384,0.5392
50,000050.png,False,1788890474.921439,1788890474.861439,normal_load,2,,2.0,0.03116,0.06353,-1.67149,-0.00082,0.00016,0.00022,0.03433,0.06488,-1.66948,-0.00095,4e-05,0.00025,0.00684,0.04381,-1.6724,4,37.9185,362.8535,36.8822,179.8009,0.5713,-101.1473,0.0016,24.5708,0.6068
51,000051.png,False,1788890475.509453,1788890475.449453,normal_load,2,,2.0,0.03257,0.07658,-1.9272,-0.001,0.00024,0.00027,0.03584,0.07798,-1.92512,-0.00114,0.00012,0.00029,0.00331,0.05173,-1.9283,3,37.9164,362.8586,36.8349,179.8004,0.5725,-101.1473,0.0177,24.5235,0.654
52,000052.png,False,1788890476.677536,1788890476.617536,normal_unload,2,,0.0,0.03678,0.08048,-2.02915,-0.00093,0.00024,0.00046,0.04026,0.08197,-2.02694,-0.00107,0.00011,0.00049,0.00572,0.05558,-2.03031,3,37.9164,362.8612,36.8186,179.8002,0.5729,-101.1471,0.0057,24.5073,0.6702
53,000053.png,False,1788890477.069485,1788890477.009485,normal_unload,2,,0.0,0.02614,0.05483,-1.90702,-0.00055,1e-05,0.00046,0.02969,0.05635,-1.90477,-0.0007,-0.00011,0.00048,0.00847,0.03,-1.90774,3,37.92,362.8486,36.8392,179.8029,0.5667,-101.1473,0.0064,24.5277,0.6499
54,000054.png,False,1788890477.261585,1788890477.201585,normal_unload,2,,0.0,0.01828,0.03513,-1.83087,5e-05,0.0,0.00038,0.02185,0.03665,-1.82859,-0.0001,-0.00013,0.00041,0.01097,0.01022,-1.83123,3,37.9203,362.8399,36.8486,179.8038,0.5645,-101.1473,0.0046,24.5369,0.6406
55,000055.png,False,1788890477.457633,1788890477.397633,normal_unload,2,,0.0,0.01418,0.02777,-1.69928,0.00011,-1e-05,0.00055,0.0178,0.02932,-1.69698,-4e-05,-0.00014,0.00058,0.01019,0.00392,-1.69953,3,37.9212,362.8375,36.8724,179.8046,0.563,-101.1473,0.0005,24.5607,0.6169
56,000056.png,False,1788890477.653613,1788890477.593613,normal_unload,2,,0.0,0.01669,0.03175,-1.63843,0.0001,0.00012,0.00038,0.02034,0.03331,-1.63611,-5e-05,-2e-05,0.00041,0.00995,0.0096,-1.63876,3,37.9212,362.8448,36.8905,179.8033,0.5664,-101.1475,0.0059,24.579,0.5986
57,000057.png,False,1788890478.045639,1788890477.985639,normal_unload,2,,0.0,0.02533,0.04539,-1.38615,-0.00046,0.00029,0.00045,0.02905,0.04698,-1.38378,-0.00061,0.00016,0.00048,0.00887,0.02976,-1.38677,3,37.9209,362.8472,36.934,179.803,0.567,-101.1475,0.0033,24.6225,0.5551
58,000058.png,False,1788890478.237653,1788890478.177653,normal_unload,2,,0.0,0.02592,0.0426,-1.26485,-0.00047,0.00023,0.00036,0.02967,0.0442,-1.26247,-0.00063,0.0001,0.00039,0.00994,0.02958,-1.26545,3,37.9197,362.8507,36.9571,179.8031,0.568,-101.1473,0.0061,24.6456,0.5319
59,000059.png,False,1788890478.433725,1788890478.373725,normal_unload,2,,0.0,0.02106,0.03783,-1.22832,-0.00041,0.00035,0.00019,0.02485,0.03945,-1.22592,-0.00056,0.00021,0.00022,0.00786,0.02362,-1.22883,3,37.9223,362.8443,36.9659,179.8037,0.5666,-101.1478,0.0015,24.6543,0.5232
60,000060.png,False,1788890478.629591,1788890478.569591,normal_unload,2,,0.0,0.01823,0.02406,-1.06848,-0.00012,0.00025,0.00028,0.02205,0.02569,-1.06605,-0.00028,0.00011,0.00031,0.01117,0.01283,-1.06877,3,37.9224,362.8407,36.9992,179.8046,0.5648,-101.1478,0.0043,24.6875,0.49
61,000061.png,False,1788890478.825601,1788890478.765601,normal_unload,2,,0.0,0.01548,0.0318,-1.00143,-0.00018,0.00049,0.00049,0.01933,0.03344,-0.99898,-0.00034,0.00035,0.00052,0.00446,0.01923,-1.00186,3,37.9232,362.8457,37.029,179.804,0.5669,-101.1478,0.0092,24.7174,0.4601
62,000062.png,False,1788890479.017738,1788890478.957738,normal_unload,2,,0.0,0.01588,0.02371,-0.88554,-0.0002,0.00046,0.00013,0.01977,0.02537,-0.88308,-0.00036,0.00032,0.00016,0.00805,0.01428,-0.88585,3,37.9247,362.8434,37.0462,179.8048,0.5661,-101.148,0.0188,24.7346,0.443
63,000063.png,False,1788890479.213628,1788890479.153628,normal_unload,2,,0.0,0.02239,0.03481,-0.72785,-0.00051,0.00064,0.00031,0.02631,0.03648,-0.72536,-0.00067,0.0005,0.00034,0.00705,0.02967,-0.72839,3,37.9224,362.8498,37.0961,179.8041,0.5679,-101.1478,0.0038,24.7846,0.393
64,000064.png,False,1788890479.409715,1788890479.349715,normal_unload,2,,0.0,0.0212,0.02688,-0.70625,-0.00045,0.00056,0.00035,0.02516,0.02857,-0.70374,-0.00061,0.00041,0.00038,0.00983,0.02256,-0.70665,3,37.9238,362.8476,37.1029,179.8045,0.5674,-101.148,0.0089,24.7913,0.3862
65,000065.png,False,1788890479.605723,1788890479.545723,normal_unload,2,,0.0,0.01781,0.02866,-0.5902,-0.00023,0.0008,0.00032,0.0218,0.03036,-0.58766,-0.0004,0.00065,0.00035,0.0052,0.02426,-0.59064,3,37.9217,362.8522,37.148,179.804,0.5681,-101.1478,0.0051,24.8364,0.3411
66,000066.png,False,1788890479.801662,1788890479.741663,normal_unload,2,,0.0,0.01864,0.02687,-0.54698,-0.00041,0.00062,0.00039,0.02267,0.02859,-0.54443,-0.00057,0.00047,0.00042,0.00652,0.02382,-0.5474,3,37.9237,362.8485,37.1624,179.8043,0.5673,-101.148,0.0002,24.8508,0.3267
67,000067.png,False,1788890479.993689,1788890479.933689,normal_unload,2,,0.0,0.01371,0.02016,-0.38384,-0.00023,0.00076,0.00025,0.01777,0.02189,-0.38127,-0.0004,0.00061,0.00028,0.00447,0.01816,-0.38416,3,37.9233,362.8502,37.2283,179.8039,0.569,-101.1482,0.0097,24.9168,0.2608
68,000068.png,False,1788890480.189693,1788890480.129694,normal_unload,2,,0.0,0.01491,0.01783,-0.35585,-0.0003,0.00065,0.00025,0.019,0.01958,-0.35325,-0.00046,0.0005,0.00028,0.00647,0.0172,-0.35614,3,37.925,362.8476,37.2372,179.8045,0.568,-101.148,0.0047,24.9255,0.252
69,000069.png,False,1788890480.385818,1788890480.325818,normal_unload,2,,0.0,0.01226,0.01519,-0.22516,-0.00016,0.00071,0.00021,0.01639,0.01696,-0.22254,-0.00033,0.00056,0.00024,0.00459,0.01568,-0.22542,3,37.9234,362.8502,37.3142,179.8047,0.5681,-101.148,0.0082,25.0026,0.1749
70,000070.png,False,1788890480.581810,1788890480.521810,normal_unload,2,,0.0,0.01204,0.00906,-0.20906,-0.00013,0.00057,0.00019,0.0162,0.01084,-0.20641,-0.00031,0.00042,0.00023,0.00735,0.01052,-0.20921,2,37.924,362.8486,37.323,179.8045,0.568,-101.148,0.0064,25.0114,0.1661
71,000071.png,False,1788890480.969870,1788890480.909870,normal_unload,2,,0.0,0.01119,0.00998,-0.0816,-8e-05,0.00069,0.00017,0.01542,0.01178,-0.07891,-0.00026,0.00054,0.00021,0.00527,0.01292,-0.08178,3,37.9244,362.858,37.4302,179.8044,0.5701,-101.1482,0.0086,25.1187,0.0588
72,000072.png,False,1788890481.165874,1788890481.105875,normal_unload,2,,0.0,0.00666,-0.00024,-0.03635,9e-05,0.00066,7e-05,0.01093,0.00158,-0.03364,-9e-05,0.00051,0.00011,0.00614,0.00254,-0.03635,3,37.9259,362.8511,37.459,179.8061,0.5656,-101.1482,0.0004,25.1474,0.0301
73,000073.png,False,1788890481.945929,1788890481.885929,dwell,2,,0.0,0.00558,-0.00716,-0.02786,9e-05,0.00054,0.00014,0.00998,-0.00528,-0.02506,-9e-05,0.00037,0.00017,0.0086,-0.00386,-0.02774,3,37.9287,362.8433,37.4858,179.8079,0.5628,-101.1484,0.0058,25.1741,0.0035
74,000074.png,False,1788890482.921869,1788890482.861869,normal_load,3,,2.0,-0.01365,-0.00775,-0.06009,0.00025,0.00031,0.00025,-0.00908,-0.00579,-0.05719,6e-05,0.00014,0.00028,-0.00754,-0.01449,-0.05992,3,37.8959,362.8363,37.501,179.8072,0.5651,-101.1454,0.0059,25.1894,-0.0118
75,000075.png,False,1788890483.309899,1788890483.249899,normal_load,3,,2.0,-0.00894,-0.01375,-0.04523,0.00021,0.00017,0.00015,-0.00429,-0.01177,-0.04228,2e-05,0.0,0.00019,-0.00056,-0.0171,-0.04496,3,37.9041,362.8286,37.4875,179.8081,0.5629,-101.1471,0.0088,25.1756,0.0019
76,000076.png,False,1788890483.701926,1788890483.641927,normal_load,3,,2.0,-0.0059,-0.02773,-0.13214,0.0006,0.00025,9e-05,-0.00119,-0.02572,-0.12915,0.00041,8e-05,0.00013,0.00966,-0.02908,-0.13163,3,37.9157,362.8138,37.405,179.81,0.5585,-101.1482,0.001,25.0929,0.0847
77,000077.png,False,1788890484.090047,1788890484.030047,normal_load,3,,2.0,0.01471,-0.03758,-0.23818,0.00094,0.00067,1e-05,0.01949,-0.03554,-0.23514,0.00074,0.0005,5e-05,0.03317,-0.02902,-0.23752,3,37.9468,362.8129,37.3167,179.8102,0.5588,-101.1529,0.0002,25.0044,0.1732
78,000078.png,False,1788890484.285964,1788890484.225965,normal_load,3,,2.0,0.01639,-0.03364,-0.52716,0.00108,0.00069,5e-05,0.02121,-0.03159,-0.5241,0.00088,0.00051,9e-05,0.03466,-0.02939,-0.52653,3,37.9497,362.8114,37.189,179.8107,0.5574,-101.1536,0.0051,24.8767,0.3009
79,000079.png,False,1788890484.482067,1788890484.422067,normal_load,3,,2.0,0.01534,-0.03093,-0.54348,0.0011,0.00076,0.00011,0.02019,-0.02886,-0.5404,0.0009,0.00058,0.00015,0.03251,-0.02783,-0.54289,3,37.9499,362.8095,37.182,179.8108,0.5577,-101.1536,0.0095,24.8696,0.308
80,000080.png,False,1788890484.678142,1788890484.618142,normal_load,3,,2.0,0.02371,-0.01371,-0.84651,0.00056,0.00069,0.00022,0.02859,-0.01162,-0.84341,0.00036,0.00052,0.00026,0.03325,-0.01358,-0.84619,3,37.9474,362.822,37.0845,179.8098,0.561,-101.1532,0.0035,24.7723,0.4052
81,000081.png,False,1788890484.874077,1788890484.814077,normal_load,3,,2.0,0.02192,-0.01126,-0.89493,0.00073,0.00082,0.00036,0.02684,-0.00916,-0.8918,0.00053,0.00064,0.0004,0.03082,-0.01313,-0.89464,3,37.9486,362.8202,37.0558,179.8097,0.5605,-101.1534,0.0017,24.7436,0.4339
82,000082.png,False,1788890485.066178,1788890485.006178,normal_load,3,,2.0,0.03111,0.00609,-1.10999,0.00017,0.00072,0.00022,0.03606,0.00821,-1.10685,-4e-05,0.00054,0.00026,0.0316,0.00304,-1.10999,3,37.9472,362.8305,37.0083,179.8091,0.5633,-101.1536,0.0096,24.6963,0.4813
83,000083.png,False,1788890485.262183,1788890485.202183,normal_load,3,,2.0,0.03326,0.01162,-1.28536,0.00016,0.00074,0.00014,0.03824,0.01375,-1.2822,-5e-05,0.00056,0.00018,0.03191,0.00609,-1.28544,3,37.9457,362.8335,36.9619,179.8087,0.5638,-101.1536,0.0038,24.6499,0.5276
84,000084.png,False,1788890485.458188,1788890485.398188,normal_load,3,,2.0,0.04126,0.01986,-1.41103,-3e-05,0.00076,0.00017,0.04628,0.022,-1.40785,-0.00024,0.00058,0.00021,0.0356,0.01521,-1.41125,3,37.9451,362.836,36.9364,179.808,0.5655,-101.1534,0.0048,24.6245,0.5531
85,000085.png,False,1788890485.654159,1788890485.594159,normal_load,3,,2.0,0.03926,0.02642,-1.66257,8e-05,0.00072,0.00035,0.04432,0.02858,-1.65936,-0.00013,0.00054,0.00039,0.03233,0.01587,-1.66285,3,37.9456,362.8375,36.8856,179.8085,0.5654,-101.1536,0.0056,24.5737,0.6038
86,000086.png,False,1788890485.846183,1788890485.786183,normal_load,3,,2.0,0.03965,0.03549,-1.6846,-0.00014,0.00087,0.00024,0.04474,0.03767,-1.68137,-0.00035,0.00068,0.00028,0.02829,0.02357,-1.68504,3,37.9444,362.8414,36.881,179.8078,0.5668,-101.1534,0.0038,24.5692,0.6083
87,000087.png,False,1788890486.042081,1788890485.982081,normal_load,3,,2.0,0.04944,0.05745,-1.98667,-0.00048,0.00079,0.00047,0.05457,0.05964,-1.98341,-0.00069,0.0006,0.00051,0.0279,0.04263,-1.98746,3,37.9444,362.8492,36.8325,179.8069,0.5695,-101.1539,0.0087,24.5208,0.6567
88,000088.png,False,1788890486.238240,1788890486.178240,normal_load,3,,2.0,0.05256,0.05464,-1.95687,-0.0005,0.00082,0.00031,0.05771,0.05684,-1.9536,-0.00071,0.00063,0.00035,0.03179,0.04224,-1.95763,3,37.9433,362.849,36.8329,179.8072,0.5693,-101.1532,0.0033,24.5212,0.6563
89,000089.png,False,1788890486.434200,1788890486.374200,normal_unload,3,,0.0,0.0488,0.05252,-1.91271,-0.00039,0.00088,2e-05,0.05399,0.05473,-1.90941,-0.0006,0.00069,6e-05,0.02929,0.03923,-1.91343,3,37.9444,362.8488,36.8329,179.8072,0.5693,-101.1536,0.0024,24.5212,0.6563
90,000090.png,False,1788890486.822226,1788890486.762226,normal_unload,3,,0.0,0.04655,0.04113,-1.85999,-0.00028,0.0008,0.00017,0.05181,0.04338,-1.85665,-0.0005,0.0006,0.00021,0.03266,0.02909,-1.86052,3,37.9452,362.8436,36.8401,179.808,0.5673,-101.1536,0.0,24.5283,0.6492
91,000091.png,False,1788890487.018239,1788890486.958240,normal_unload,3,,0.0,0.04254,0.02256,-1.82298,0.00025,0.00065,0.00017,0.04783,0.02482,-1.81962,3e-05,0.00045,0.00021,0.03822,0.01159,-1.82318,3,37.9468,362.8377,36.8473,179.8089,0.5651,-101.1538,0.0059,24.5355,0.6421
92,000092.png,False,1788890487.214158,1788890487.154158,normal_unload,3,,0.0,0.03523,-0.00057,-1.7239,0.00076,0.00048,2e-05,0.04056,0.0017,-1.72052,0.00054,0.00028,6e-05,0.04276,-0.01051,-1.7237,3,37.9501,362.8231,36.8638,179.8112,0.5592,-101.154,0.0036,24.5517,0.6259
93,000093.png,False,1788890487.410269,1788890487.350269,normal_unload,3,,0.0,0.03298,-0.00144,-1.69964,0.00076,0.0005,9e-05,0.03834,0.00085,-1.69623,0.00054,0.00031,0.00013,0.04107,-0.012,-1.69942,3,37.9496,362.824,36.8667,179.811,0.5596,-101.154,0.007,24.5546,0.623
94,000094.png,False,1788890487.602255,1788890487.542255,normal_unload,3,,0.0,0.03034,-0.01154,-1.59464,0.00096,0.00049,0.00011,0.03573,-0.00923,-1.59121,0.00073,0.0003,0.00016,0.0431,-0.02038,-1.59426,3,37.9504,362.8183,36.8857,179.8119,0.5579,-101.1538,0.0039,24.5735,0.604
95,000095.png,False,1788890487.798197,1788890487.738197,normal_unload,3,,0.0,0.03677,0.01005,-1.36257,0.00052,0.00094,9e-05,0.0422,0.01237,-1.35912,0.00029,0.00074,0.00013,0.03628,0.00525,-1.36261,3,37.948,362.8321,36.935,179.8097,0.5635,-101.1538,0.0032,24.623,0.5545
96,000096.png,False,1788890487.994332,1788890487.934332,normal_unload,3,,0.0,0.03549,0.00702,-1.34977,0.00058,0.00089,0.00029,0.04096,0.00936,-1.3463,0.00035,0.00069,0.00033,0.03659,0.00219,-1.34976,3,37.949,362.8302,36.9384,179.81,0.5627,-101.1538,0.0119,24.6264,0.5511
97,000097.png,False,1788890488.190323,1788890488.130323,normal_unload,3,,0.0,0.03407,0.00183,-1.2379,0.00066,0.00085,0.00022,0.03957,0.00418,-1.23441,0.00044,0.00065,0.00026,0.03719,-0.00122,-1.23781,3,37.9499,362.8302,36.9644,179.8104,0.5624,-101.1543,0.0019,24.6524,0.5252
98,000098.png,False,1788890488.382340,1788890488.322340,normal_unload,3,,0.0,0.03111,0.00109,-1.20184,0.00071,0.00096,0.00019,0.03665,0.00345,-1.19832,0.00048,0.00076,0.00023,0.03474,-0.00276,-1.20173,3,37.9506,362.8265,36.9701,179.8109,0.5617,-101.1545,0.009,24.658,0.5195
99,000099.png,False,1788890488.578330,1788890488.518330,normal_unload,3,,0.0,0.0371,0.00122,-1.08797,0.00048,0.0009,0.00028,0.04267,0.0036,-1.08443,0.00025,0.00069,0.00032,0.03907,0.00217,-1.0879,3,37.9505,362.8308,37.0015,179.8109,0.5617,-101.1547,0.0033,24.6895,0.4881
100,000100.png,False,1788890488.774343,1788890488.714343,normal_unload,3,,0.0,0.03451,-0.00694,-1.03315,0.00053,0.00082,0.00012,0.04011,-0.00455,-1.0296,0.0003,0.00062,0.00017,0.04053,-0.00532,-1.03295,3,37.9518,362.8265,37.0068,179.8113,0.5611,-101.1549,0.0022,24.6947,0.4828
101,000101.png,False,1788890489.166285,1788890489.106285,normal_unload,3,,0.0,0.03544,-0.00816,-0.83814,0.00064,0.00104,5e-05,0.04111,-0.00574,-0.83454,0.0004,0.00083,9e-05,0.04058,-0.00278,-0.83794,3,37.9528,362.8273,37.0596,179.811,0.5626,-101.1554,0.0069,24.7475,0.43
102,000102.png,False,1788890489.358390,1788890489.298390,normal_unload,3,,0.0,0.03307,-0.00637,-0.675,0.00074,0.00114,-1e-05,0.03878,-0.00394,-0.67138,0.0005,0.00093,4e-05,0.03651,0.00019,-0.67486,3,37.9522,362.8298,37.1107,179.8109,0.5633,-101.1554,0.003,24.7986,0.3789
103,000103.png,False,1788890489.554419,1788890489.494419,normal_unload,3,,0.0,0.03302,-0.00812,-0.67504,0.00066,0.00117,5e-05,0.03876,-0.00567,-0.67139,0.00042,0.00096,0.0001,0.03734,-0.00135,-0.67486,3,37.9524,362.8287,37.1094,179.8111,0.5629,-101.1554,0.0087,24.7973,0.3802
104,000104.png,False,1788890489.946340,1788890489.886340,normal_unload,3,,0.0,0.03095,-0.01296,-0.4725,0.00066,0.00118,-9e-05,0.03676,-0.01048,-0.46881,0.00042,0.00097,-4e-05,0.03656,-0.00333,-0.47227,3,37.9525,362.8299,37.1748,179.8111,0.5629,-101.1554,0.0075,24.8627,0.3148
105,000105.png,False,1788890490.334460,1788890490.274461,normal_unload,3,,0.0,0.02789,-0.01094,-0.33453,0.00054,0.00119,4e-05,0.03377,-0.00843,-0.3308,0.0003,0.00097,9e-05,0.03194,-0.00089,-0.33435,3,37.9539,362.8313,37.2418,179.811,0.5638,-101.1558,0.0022,24.9298,0.2478
106,000106.png,False,1788890490.726465,1788890490.666465,normal_unload,3,,0.0,0.02623,-0.01734,-0.15325,0.00073,0.00127,3e-05,0.03218,-0.0148,-0.14947,0.00049,0.00105,8e-05,0.03245,-0.00437,-0.15298,3,37.9541,362.8367,37.3536,179.8108,0.5654,-101.1562,0.0063,25.0416,0.1359
107,000107.png,False,1788890493.066546,1788890493.006546,dwell,3,,0.0,0.00358,-0.01301,-0.03063,0.00054,0.00071,5e-05,0.00994,-0.01029,-0.02659,0.00028,0.00047,0.0001,0.00981,-0.00997,-0.03041,3,37.9342,362.8289,37.4984,179.8137,0.5602,-101.1617,0.0072,25.1864,-0.0089
108,000108.png,False,1788890493.262564,1788890493.202564,normal_load,4,,2.0,0.00475,-0.01464,-0.0023,0.00042,0.00059,-0.00012,0.01114,-0.01191,0.00176,0.00015,0.00036,-7e-05,0.01145,-0.01034,-0.00206,3,37.9325,362.8276,37.4969,179.8141,0.5599,-101.161,0.0015,25.1849,-0.0073
109,000109.png,False,1788890493.650658,1788890493.590658,normal_load,4,,2.0,0.00278,-0.01207,-0.01936,0.00049,0.00063,-0.00024,0.00924,-0.00932,-0.01526,0.00022,0.0004,-0.00019,0.00858,-0.00938,-0.01915,3,37.9305,362.8309,37.4783,179.8135,0.5613,-101.1606,0.0015,25.1663,0.0113
110,000110.png,False,1788890493.846673,1788890493.786673,normal_load,4,,2.0,0.00175,-0.00969,-0.02734,0.00031,0.00058,-0.00019,0.00824,-0.00692,-0.02321,5e-05,0.00034,-0.00014,0.00654,-0.00796,-0.02717,3,37.9295,362.837,37.4712,179.8126,0.5637,-101.1606,0.0072,25.1593,0.0182
111,000111.png,False,1788890494.042610,1788890493.982610,normal_load,4,,2.0,0.002,-0.00742,-0.16776,0.00033,0.00059,2e-05,0.00853,-0.00463,-0.16362,7e-05,0.00035,7e-05,0.0066,-0.00811,-0.16761,3,37.9284,362.8363,37.369,179.8131,0.563,-101.1601,0.0046,25.0572,0.1204
112,000112.png,False,1788890494.238621,1788890494.178621,normal_load,4,,2.0,0.00572,-0.00532,-0.16628,0.00034,0.00066,-9e-05,0.01229,-0.00252,-0.16211,7e-05,0.00042,-4e-05,0.00877,-0.00441,-0.16617,3,37.9284,362.8385,37.3618,179.8128,0.5636,-101.1601,0.0005,25.05,0.1276
113,000113.png,False,1788890494.430710,1788890494.370710,normal_load,4,,2.0,0.00229,-0.00168,-0.35174,0.00041,0.00062,-0.00017,0.00889,0.00114,-0.34755,0.00014,0.00038,-0.00011,0.00526,-0.00594,-0.35166,3,37.926,362.8364,37.2482,179.8141,0.5604,-101.1599,0.0085,24.9364,0.2411
114,000114.png,False,1788890494.626657,1788890494.566658,normal_load,4,,2.0,0.00801,0.00038,-0.39489,9e-05,0.00049,-1e-05,0.01464,0.00322,-0.39068,-0.00018,0.00024,4e-05,0.00948,-0.00199,-0.39485,3,37.9263,362.8421,37.2355,179.8131,0.563,-101.1599,0.0026,24.9237,0.2538
115,000115.png,False,1788890494.822755,1788890494.762755,normal_load,4,,2.0,0.00826,0.00933,-0.66339,-1e-05,0.0005,1e-05,0.01492,0.01218,-0.65916,-0.00029,0.00025,6e-05,0.00709,0.00158,-0.66347,3,37.9264,362.843,37.1307,179.8131,0.563,-101.1601,0.0086,24.819,0.3586
116,000116.png,False,1788890495.018677,1788890494.958678,normal_load,4,,2.0,0.01169,0.0144,-0.70988,8e-05,0.00063,5e-05,0.01839,0.01726,-0.70562,-0.0002,0.00038,0.00011,0.00785,0.00694,-0.71004,3,37.9247,362.8486,37.1216,179.8125,0.5651,-101.1599,0.0062,24.8101,0.3675
117,000117.png,False,1788890495.210814,1788890495.150815,normal_load,4,,2.0,0.01801,0.03277,-1.00987,-0.0002,0.00067,1e-05,0.02474,0.03565,-1.00559,-0.00047,0.00043,6e-05,0.00623,0.02121,-1.01032,3,37.923,362.8562,37.0369,179.8113,0.5681,-101.1599,0.0041,24.7255,0.452
118,000118.png,False,1788890495.406729,1788890495.346729,normal_load,4,,2.0,0.02125,0.03233,-1.01175,-0.00019,0.00065,0.00012,0.02801,0.03522,-1.00745,-0.00047,0.0004,0.00017,0.00926,0.02241,-1.0122,3,37.9246,362.8552,37.0308,179.8119,0.5672,-101.1597,0.0096,24.7193,0.4582
119,000119.png,False,1788890495.798731,1788890495.738731,normal_load,4,,2.0,0.02314,0.03863,-1.33426,-0.00049,0.00039,8e-05,0.02997,0.04155,-1.32992,-0.00077,0.00014,0.00013,0.00999,0.02364,-1.33477,3,37.9245,362.8559,36.9356,179.8119,0.5684,-101.16,0.0061,24.6241,0.5534
120,000120.png,False,1788890495.994849,1788890495.934849,normal_load,4,,2.0,0.02793,0.05127,-1.54655,-0.00065,0.00049,0.00021,0.0348,0.0542,-1.54219,-0.00093,0.00024,0.00027,0.0093,0.03359,-1.54726,3,37.924,362.862,36.9077,179.8112,0.5709,-101.1597,0.0089,24.5964,0.5811
121,000121.png,False,1788890496.186759,1788890496.126759,normal_load,4,,2.0,0.0341,0.06532,-1.84958,-0.00085,0.00055,9e-05,0.04101,0.06827,-1.84519,-0.00113,0.00029,0.00014,0.00972,0.04399,-1.8505,3,37.9225,362.8675,36.8447,179.8106,0.5716,-101.16,0.0085,24.5335,0.6441
122,000122.png,False,1788890496.774898,1788890496.714898,normal_load,4,,2.0,0.03466,0.06362,-1.89443,-0.0009,0.00048,0.00031,0.04167,0.06662,-1.88998,-0.00119,0.00023,0.00036,0.01137,0.04208,-1.89531,3,37.9236,362.866,36.8387,179.8106,0.5716,-101.1597,0.0082,24.5274,0.6501
123,000123.png,False,1788890496.966841,1788890496.906842,normal_load,4,,2.0,0.03723,0.07255,-1.94726,-0.00089,0.00061,0.00025,0.04427,0.07556,-1.94278,-0.00118,0.00035,0.0003,0.0095,0.05025,-1.94829,3,37.9228,362.8702,36.8314,179.8103,0.5736,-101.1598,0.0191,24.5203,0.6573
124,000124.png,False,1788890497.162930,1788890497.102930,normal_load,4,,2.0,0.04121,0.08096,-1.99338,-0.00121,0.00059,6e-05,0.04829,0.08398,-1.98888,-0.0015,0.00033,0.00012,0.00907,0.05878,-1.99456,3,37.9204,362.8785,36.8167,179.8089,0.5773,-101.1598,0.0019,24.5057,0.6718
125,000125.png,False,1788890497.942969,1788890497.882969,normal_unload,4,,0.0,0.03592,0.06884,-1.97112,-0.00059,0.00083,0.0001,0.04313,0.07192,-1.96654,-0.00089,0.00057,0.00015,0.01039,0.04599,-1.97209,3,37.9233,362.8703,36.8199,179.8112,0.5719,-101.1597,0.0098,24.5088,0.6688
126,000126.png,False,1788890498.138979,1788890498.078979,normal_unload,4,,0.0,0.03042,0.04794,-1.89752,-0.00033,0.00045,-2e-05,0.03767,0.05104,-1.89292,-0.00063,0.00019,4e-05,0.01556,0.02633,-1.89812,3,37.9253,362.8608,36.827,179.8124,0.569,-101.1597,0.003,24.5156,0.6619
127,000127.png,False,1788890498.334969,1788890498.274969,normal_unload,4,,0.0,0.01775,0.01035,-1.79472,0.00061,0.00026,5e-05,0.02504,0.01346,-1.79009,0.00031,-1e-05,0.0001,0.02265,-0.01091,-1.79466,3,37.9287,362.8426,36.8452,179.8154,0.5613,-101.1597,0.0052,24.5335,0.6441
128,000128.png,False,1788890498.530976,1788890498.470976,normal_unload,4,,0.0,0.02153,0.01933,-1.75126,0.00046,0.00038,4e-05,0.02884,0.02246,-1.74661,0.00015,0.00012,9e-05,0.02113,-0.00055,-1.75137,3,37.9283,362.8471,36.8573,179.815,0.5628,-101.1599,0.0067,24.5457,0.6318
129,000129.png,False,1788890498.723010,1788890498.663010,normal_unload,4,,0.0,0.01788,0.01202,-1.63203,0.00043,0.00041,5e-05,0.02523,0.01516,-1.62736,0.00013,0.00014,0.00011,0.02079,-0.0068,-1.63202,3,37.93,362.8445,36.8754,179.8154,0.5618,-101.1601,0.0021,24.5638,0.6138
130,000130.png,False,1788890498.918936,1788890498.858936,normal_unload,4,,0.0,0.02252,0.02589,-1.29806,-0.00011,0.00059,0.00015,0.02991,0.02905,-1.29337,-0.00041,0.00032,0.00021,0.01557,0.01289,-1.29836,3,37.9272,362.8531,36.9402,179.8134,0.5671,-101.1599,0.0028,24.6287,0.5489
131,000131.png,False,1788890499.114949,1788890499.054949,normal_unload,4,,0.0,0.02366,0.02637,-1.31613,-0.0001,0.00051,0.00017,0.03108,0.02954,-1.31141,-0.00041,0.00024,0.00023,0.01644,0.01358,-1.31643,3,37.927,362.8547,36.9421,179.8133,0.5673,-101.1599,0.0024,24.6306,0.5469
132,000132.png,False,1788890499.311073,1788890499.251073,normal_unload,4,,0.0,0.01992,0.01888,-1.2245,3e-05,0.00059,5e-05,0.02738,0.02206,-1.21976,-0.00027,0.00032,0.00011,0.01632,0.00669,-1.22468,3,37.9285,362.851,36.9601,179.8144,0.5649,-101.1599,0.0089,24.6485,0.529
133,000133.png,False,1788890499.503052,1788890499.443052,normal_unload,4,,0.0,0.01941,0.021,-1.16814,3e-05,0.00065,5e-05,0.02689,0.0242,-1.16339,-0.00028,0.00038,0.00011,0.01442,0.00917,-1.16837,3,37.9278,362.8528,36.9703,179.8142,0.5655,-101.1599,0.0024,24.6588,0.5188
134,000134.png,False,1788890499.698990,1788890499.638990,normal_unload,4,,0.0,0.02025,0.0129,-1.01147,0.00025,0.00059,-0.00013,0.02778,0.01611,-1.00669,-6e-05,0.00032,-7e-05,0.01811,0.00509,-1.01158,3,37.9289,362.8481,37.0092,179.8148,0.5639,-101.1599,0.0033,24.6976,0.4799
135,000135.png,False,1788890499.895103,1788890499.835104,normal_unload,4,,0.0,0.01996,0.01276,-1.00371,0.00028,0.00067,-5e-05,0.02752,0.01599,-0.99891,-3e-05,0.00039,1e-05,0.01788,0.00495,-1.00382,3,37.9299,362.8475,37.0108,179.8152,0.5641,-101.1601,0.0109,24.6992,0.4784
136,000136.png,False,1788890500.091103,1788890500.031103,normal_unload,4,,0.0,0.01772,0.01016,-0.78824,0.00027,0.00089,-0.00013,0.02531,0.0134,-0.78342,-5e-05,0.00061,-7e-05,0.01574,0.00502,-0.78833,3,37.9296,362.8495,37.0641,179.8147,0.5655,-101.1602,0.0028,24.7525,0.425
137,000137.png,False,1788890500.287153,1788890500.227154,normal_unload,4,,0.0,0.01997,0.01068,-0.82183,0.00015,0.00086,0.00012,0.0276,0.01394,-0.81699,-0.00017,0.00058,0.00018,0.01766,0.00606,-0.82193,3,37.9304,362.8529,37.0658,179.8149,0.5656,-101.1602,0.0084,24.7543,0.4233
138,000138.png,False,1788890500.675159,1788890500.615160,normal_unload,4,,0.0,0.02095,0.01368,-0.62319,-0.00013,0.00083,-3e-05,0.02864,0.01697,-0.6183,-0.00044,0.00055,3e-05,0.01563,0.01234,-0.62337,3,37.9293,362.8584,37.125,179.8148,0.5669,-101.1602,0.0031,24.8136,0.364
139,000139.png,False,1788890500.871197,1788890500.811198,normal_unload,4,,0.0,0.02092,0.00943,-0.46794,4e-05,0.00091,0.00017,0.02865,0.01273,-0.46303,-0.00028,0.00062,0.00023,0.01665,0.01112,-0.46808,3,37.9308,362.8525,37.1777,179.8149,0.5661,-101.1602,0.0088,24.8661,0.3114
140,000140.png,False,1788890501.067074,1788890501.007074,normal_unload,4,,0.0,0.02364,0.01758,-0.45946,5e-05,0.00109,0.00023,0.0314,0.02089,-0.45453,-0.00027,0.0008,0.00029,0.01488,0.01968,-0.45974,3,37.9293,362.8604,37.2075,179.8144,0.568,-101.1599,0.006,24.896,0.2815
141,000141.png,False,1788890501.259186,1788890501.199186,normal_unload,4,,0.0,0.01768,0.00804,-0.29054,4e-05,0.00095,8e-05,0.02548,0.01137,-0.28558,-0.00029,0.00066,0.00014,0.01331,0.01115,-0.29067,3,37.9311,362.8556,37.2582,179.8148,0.5669,-101.1602,0.0031,24.9466,0.2309
142,000142.png,False,1788890501.455162,1788890501.395162,normal_unload,4,,0.0,0.01821,0.01728,-0.24084,-0.00034,0.00096,1e-05,0.02604,0.02062,-0.23587,-0.00066,0.00067,7e-05,0.00881,0.0202,-0.24114,3,37.9308,362.8626,37.2915,179.8142,0.5691,-101.1604,0.0085,24.9801,0.1975
143,000143.png,False,1788890501.847213,1788890501.787213,normal_unload,4,,0.0,0.01533,0.00687,-0.0778,1e-05,0.00109,-0.00016,0.02323,0.01024,-0.07278,-0.00032,0.00081,-0.0001,0.01039,0.01236,-0.07794,3,37.9291,362.863,37.3916,179.8145,0.5696,-101.16,0.0046,25.0802,0.0973
144,000144.png,False,1788890502.235259,1788890502.175259,normal_unload,4,,0.0,0.00707,-0.00296,-0.03918,0.00011,0.00083,2e-05,0.01504,0.00045,-0.03412,-0.00022,0.00054,8e-05,0.00788,0.00035,-0.03913,3,37.9327,362.8493,37.4515,179.8158,0.5662,-101.1604,0.0016,25.1398,0.0377
145,000145.png,False,1788890503.795382,1788890503.735383,dwell,4,,0.0,-0.01493,0.00108,-0.05453,0.00025,0.00034,0.00024,-0.00669,0.0046,-0.04929,-9e-05,4e-05,0.0003,-0.01309,-0.0074,-0.05451,3,37.8885,362.8486,37.5229,179.8167,0.5672,-101.1567,0.0053,25.2115,-0.034
146,000146.png,False,1788890504.187393,1788890504.127393,normal_load,5,,2.0,-0.01369,-0.01112,-0.0611,0.00044,0.00029,0.0002,-0.00538,-0.00757,-0.05582,0.0001,-2e-05,0.00026,-0.00588,-0.01745,-0.06087,3,37.9,362.8317,37.4985,179.8185,0.5628,-101.1586,0.0038,25.1868,-0.0093
147,000147.png,False,1788890504.383404,1788890504.323404,normal_load,5,,2.0,-0.00929,-0.01691,-0.08653,0.00069,0.00056,0.00032,-0.00094,-0.01334,-0.08123,0.00035,0.00026,0.00038,0.001,-0.02067,-0.0862,3,37.9138,362.8283,37.4969,179.8185,0.5628,-101.1612,0.0017,25.185,-0.0074
148,000148.png,False,1788890504.579376,1788890504.519377,normal_load,5,,2.0,0.00207,-0.02253,-0.05784,0.00078,0.00081,0.0001,0.01045,-0.01896,-0.05251,0.00044,0.0005,0.00017,0.01345,-0.01941,-0.05744,3,37.9454,362.8218,37.4846,179.819,0.5627,-101.1654,0.0081,25.1724,0.0052
149,000149.png,False,1788890504.967395,1788890504.907395,normal_load,5,,2.0,0.00705,-0.0401,-0.1252,0.00114,0.00077,4e-05,0.0155,-0.03649,-0.11983,0.00079,0.00046,0.00011,0.02701,-0.03321,-0.1245,3,37.9673,362.8021,37.4023,179.8223,0.5549,-101.1688,0.0085,25.0896,0.088
150,000150.png,False,1788890505.359463,1788890505.299464,normal_load,5,,2.0,0.00773,-0.03318,-0.29269,0.00116,0.00093,0.00025,0.01624,-0.02954,-0.28728,0.00081,0.00062,0.00032,0.0253,-0.02956,-0.29209,3,37.9665,362.8052,37.3033,179.8213,0.5569,-101.169,0.0006,24.9907,0.1868
151,000151.png,False,1788890505.747486,1788890505.687486,normal_load,5,,2.0,0.01232,-0.02328,-0.54777,0.00096,0.00078,0.00036,0.02091,-0.01961,-0.54232,0.00061,0.00046,0.00043,0.0261,-0.02278,-0.54731,3,37.967,362.8082,37.1872,179.8215,0.5574,-101.169,0.0013,24.8747,0.3029
152,000152.png,False,1788890505.943495,1788890505.883495,normal_load,5,,2.0,0.01696,-0.00954,-0.86009,0.00075,0.00086,0.00036,0.02558,-0.00586,-0.85462,0.0004,0.00055,0.00043,0.02542,-0.01357,-0.85983,3,37.9658,362.8148,37.0837,179.8209,0.559,-101.1693,0.0076,24.7713,0.4063
153,000153.png,False,1788890506.139527,1788890506.079527,normal_load,5,,2.0,0.01633,-0.0152,-0.87491,0.00088,0.0007,0.00031,0.02498,-0.01151,-0.86942,0.00052,0.00039,0.00037,0.0278,-0.01902,-0.87455,3,37.9674,362.8079,37.0644,179.8218,0.5566,-101.1693,0.0065,24.7519,0.4257
154,000154.png,False,1788890506.527555,1788890506.467555,normal_load,5,,2.0,0.02185,0.00028,-1.24466,0.00077,0.00078,0.00043,0.03057,0.004,-1.23912,0.00041,0.00046,0.0005,0.02742,-0.00878,-1.24452,3,37.9665,362.8183,36.976,179.8204,0.5607,-101.1695,0.0073,24.6636,0.5139
155,000155.png,False,1788890506.723543,1788890506.663543,normal_load,5,,2.0,0.02678,0.01616,-1.38652,0.00032,0.00085,0.00031,0.03554,0.0199,-1.38095,-4e-05,0.00053,0.00037,0.02473,0.00517,-1.38664,3,37.9647,362.826,36.9444,179.8194,0.5641,-101.1693,0.0021,24.6322,0.5453
156,000156.png,False,1788890506.919465,1788890506.859465,normal_load,5,,2.0,0.02889,0.01429,-1.66163,0.00073,0.00085,0.00032,0.03768,0.01805,-1.65604,0.00037,0.00053,0.00039,0.0294,0.0002,-1.66168,3,37.9647,362.8241,36.8834,179.8196,0.5628,-101.1695,0.0031,24.5712,0.6063
157,000157.png,False,1788890507.115541,1788890507.055541,normal_load,5,,2.0,0.03157,0.01822,-1.71259,0.00048,0.00079,0.00027,0.04039,0.02199,-1.70698,0.00012,0.00047,0.00034,0.03011,0.00412,-1.7127,3,37.9653,362.8245,36.8775,179.8198,0.5629,-101.1697,0.0086,24.5652,0.6123
158,000158.png,False,1788890507.699585,1788890507.639585,normal_unload,5,,0.0,0.0332,0.03143,-2.02121,0.00056,0.00086,0.00024,0.04213,0.03524,-2.01554,0.00019,0.00054,0.00031,0.02707,0.01144,-2.02152,3,37.9657,362.8271,36.8202,179.8196,0.5639,-101.1697,0.0089,24.5081,0.6695
159,000159.png,False,1788890507.895616,1788890507.835616,normal_unload,5,,0.0,0.0343,0.02748,-2.00863,0.00055,0.00087,0.00017,0.04326,0.03131,-2.00294,0.00018,0.00054,0.00024,0.02991,0.00876,-2.00887,3,37.965,362.8268,36.8196,179.8197,0.5637,-101.1699,0.0056,24.5074,0.6701
160,000160.png,False,1788890508.087547,1788890508.027547,normal_unload,5,,0.0,0.03719,0.0366,-1.90313,0.00025,0.00096,-2e-05,0.04618,0.04045,-1.89741,-0.00012,0.00063,6e-05,0.02712,0.0198,-1.90355,3,37.9639,362.8348,36.8332,179.8193,0.5648,-101.1695,0.0093,24.5211,0.6564
161,000161.png,False,1788890508.283644,1788890508.223644,normal_unload,5,,0.0,0.03543,0.02891,-1.8714,0.00034,0.00082,0.0002,0.04446,0.03276,-1.86567,-3e-05,0.00049,0.00027,0.02922,0.01276,-1.87169,3,37.9668,362.8281,36.8387,179.8202,0.563,-101.1704,0.0005,24.5266,0.651
162,000162.png,False,1788890508.479571,1788890508.419571,normal_unload,5,,0.0,0.02754,0.00737,-1.74761,0.00079,0.00067,0.00019,0.0366,0.01124,-1.74185,0.00041,0.00034,0.00026,0.03229,-0.00785,-1.74753,3,37.9691,362.8182,36.8571,179.8223,0.5584,-101.1703,0.0071,24.5448,0.6328
163,000163.png,False,1788890508.675663,1788890508.615664,normal_unload,5,,0.0,0.02937,0.0082,-1.72794,0.00076,0.00084,0.0003,0.03847,0.01208,-1.72216,0.00039,0.00051,0.00037,0.03332,-0.00591,-1.72788,3,37.9669,362.8228,36.8709,179.8219,0.5594,-101.1706,0.0004,24.5586,0.6189
164,000164.png,False,1788890508.871691,1788890508.811691,normal_unload,5,,0.0,0.02835,0.0017,-1.55655,0.00082,0.00076,0.00031,0.03748,0.0056,-1.55075,0.00045,0.00043,0.00038,0.0345,-0.0093,-1.5564,3,37.9695,362.8193,36.8967,179.8222,0.5591,-101.1708,0.0057,24.5844,0.5932
165,000165.png,False,1788890509.063702,1788890509.003702,normal_unload,5,,0.0,0.03062,0.00887,-1.30268,0.00066,0.00104,0.00015,0.03979,0.01278,-1.29686,0.00029,0.0007,0.00022,0.03112,0.00211,-1.3027,3,37.9673,362.8236,36.9461,179.821,0.5622,-101.1704,0.0054,24.6338,0.5437
166,000166.png,False,1788890509.259626,1788890509.199626,normal_unload,5,,0.0,0.02905,0.0048,-1.27269,0.00072,0.00103,-1e-05,0.03825,0.00873,-1.26684,0.00034,0.00069,7e-05,0.03159,-0.00172,-1.27263,3,37.9676,362.8221,36.9491,179.8212,0.5617,-101.1708,0.0,24.6368,0.5407
167,000167.png,False,1788890509.455781,1788890509.395781,normal_unload,5,,0.0,0.02796,0.00551,-1.17211,0.00058,0.001,6e-05,0.0372,0.00946,-1.16624,0.0002,0.00066,0.00013,0.02959,-3e-05,-1.17208,3,37.9666,362.8241,36.9756,179.8216,0.5614,-101.1708,0.0052,24.6633,0.5142
168,000168.png,False,1788890509.651750,1788890509.591750,normal_unload,5,,0.0,0.02847,-0.00062,-1.1279,0.00067,0.001,1e-05,0.03774,0.00334,-1.12201,0.00029,0.00066,8e-05,0.03279,-0.00438,-1.12778,3,37.9677,362.8229,36.9833,179.8214,0.5611,-101.171,0.0094,24.671,0.5066
169,000169.png,False,1788890510.039799,1788890509.979799,normal_unload,5,,0.0,0.02557,-0.00659,-0.94958,0.00074,0.001,0.00016,0.03491,-0.0026,-0.94365,0.00036,0.00066,0.00023,0.03203,-0.00815,-0.94937,3,37.97,362.8204,37.0315,179.8218,0.5608,-101.1714,0.0071,24.7191,0.4584
170,000170.png,False,1788890510.235775,1788890510.175775,normal_unload,5,,0.0,0.02417,-0.00673,-0.72922,0.00067,0.00114,-0.0,0.03354,-0.00272,-0.72326,0.00028,0.0008,7e-05,0.02935,-0.00543,-0.72904,3,37.9696,362.823,37.0857,179.822,0.5614,-101.1717,0.0079,24.7734,0.4042
171,000171.png,False,1788890510.431699,1788890510.371699,normal_unload,5,,0.0,0.0222,-0.00076,-0.77113,0.0007,0.00122,0.00023,0.0316,0.00326,-0.76516,0.00031,0.00088,0.0003,0.02495,-0.00192,-0.77105,3,37.9684,362.8234,37.0857,179.8218,0.5615,-101.1714,0.0058,24.7734,0.4041
172,000172.png,False,1788890510.819755,1788890510.759755,normal_unload,5,,0.0,0.02342,-0.0028,-0.60421,0.00067,0.00127,0.00023,0.0329,0.00124,-0.59819,0.00028,0.00092,0.00031,0.02588,-0.00041,-0.60411,3,37.9693,362.8285,37.1434,179.8217,0.5622,-101.1723,0.0006,24.8311,0.3464
173,000173.png,False,1788890511.015885,1788890510.955885,normal_unload,5,,0.0,0.0204,-0.00666,-0.397,0.00063,0.0013,4e-05,0.02991,-0.0026,-0.39096,0.00024,0.00095,0.00011,0.02375,-0.00193,-0.39687,3,37.969,362.828,37.2071,179.8218,0.5627,-101.1721,0.0061,24.8949,0.2827
174,000174.png,False,1788890511.211832,1788890511.151832,normal_unload,5,,0.0,0.01981,-0.00431,-0.43112,0.00063,0.00136,0.00014,0.02936,-0.00023,-0.42506,0.00024,0.00101,0.00021,0.0223,-0.00074,-0.43102,3,37.9691,362.8338,37.2148,179.8216,0.5638,-101.1725,0.0117,24.9027,0.2749
175,000175.png,False,1788890511.407928,1788890511.347929,normal_unload,5,,0.0,0.01746,-0.01486,-0.2665,0.00079,0.00129,0.00015,0.02704,-0.01077,-0.26042,0.0004,0.00094,0.00023,0.02439,-0.00841,-0.26624,3,37.9713,362.8254,37.2849,179.8224,0.5622,-101.1723,0.0033,24.9726,0.2049
176,000176.png,False,1788890511.599885,1788890511.539886,normal_unload,5,,0.0,0.01481,-0.01465,-0.2871,0.00081,0.00133,0.00018,0.02443,-0.01054,-0.28099,0.00041,0.00098,0.00025,0.02214,-0.00988,-0.28683,3,37.9707,362.8276,37.2902,179.8222,0.5621,-101.1725,0.0063,24.978,0.1996
177,000177.png,False,1788890511.991866,1788890511.931866,normal_unload,5,,0.0,0.01409,-0.01788,-0.13577,0.00078,0.00119,0.00018,0.02377,-0.01374,-0.12962,0.00038,0.00084,0.00026,0.02208,-0.01062,-0.13547,3,37.9693,362.8321,37.3968,179.8215,0.5644,-101.1728,0.0048,25.0846,0.0929
178,000178.png,False,1788890512.187861,1788890512.127861,dwell,5,,0.0,0.00726,-0.02368,-0.03839,0.00092,0.00117,0.0001,0.01698,-0.01953,-0.03222,0.00052,0.00081,0.00018,0.01839,-0.01749,-0.03799,3,37.9729,362.8275,37.4875,179.8221,0.5642,-101.1732,0.0097,25.1751,0.0024
179,000179.png,False,1788890512.771860,1788890512.711860,dwell,5,,0.0,-0.01187,-0.01078,-0.06704,0.0007,0.00066,0.00018,-0.00205,-0.00659,-0.06081,0.00029,0.0003,0.00026,-0.00443,-0.01634,-0.06682,3,37.9324,362.8263,37.4854,179.8225,0.5634,-101.1767,0.0041,25.1734,0.0042
180,000180.png,False,1788890513.944015,1788890513.884015,normal_load,6,,2.0,-0.01744,-0.01143,-0.1028,0.00075,0.00065,3e-05,-0.00741,-0.00715,-0.09643,0.00034,0.00028,0.0001,-0.00868,-0.02026,-0.10255,3,37.9319,362.8236,37.4437,179.8218,0.5657,-101.1763,0.0046,25.1316,0.046
181,000181.png,False,1788890514.331962,1788890514.271962,normal_load,6,,2.0,-0.01476,-0.01238,-0.22543,0.0007,0.00054,-6e-05,-0.00467,-0.00806,-0.21902,0.00028,0.00017,2e-05,-0.00504,-0.0217,-0.22515,3,37.9295,362.8146,37.3057,179.8251,0.5581,-101.1754,0.01,24.9935,0.1841
182,000182.png,False,1788890514.724050,1788890514.664050,normal_load,6,,2.0,-0.01674,-0.00561,-0.52616,0.00055,0.00044,0.00017,-0.00658,-0.00127,-0.51971,0.00013,7e-05,0.00025,-0.00805,-0.02165,-0.52595,3,37.9282,362.8168,37.1796,179.8243,0.5606,-101.1751,0.0061,24.8674,0.3101
183,000183.png,False,1788890514.916003,1788890514.856004,normal_load,6,,2.0,-0.0077,0.01633,-0.77433,0.00022,0.00063,9e-05,0.0025,0.02069,-0.76786,-0.0002,0.00026,0.00017,-0.00946,-0.0021,-0.77448,3,37.9266,362.8325,37.1061,179.8222,0.5666,-101.1752,0.0014,24.7943,0.3833
184,000184.png,False,1788890515.112105,1788890515.052105,normal_load,6,,2.0,-0.00765,0.01326,-0.78695,0.00015,0.00048,0.00013,0.00258,0.01763,-0.78045,-0.00027,0.00011,0.00021,-0.0078,-0.00494,-0.78705,3,37.9271,362.8271,37.091,179.8226,0.5649,-101.1754,0.004,24.7791,0.3985
185,000185.png,False,1788890515.308148,1788890515.248148,normal_load,6,,2.0,0.00188,0.03355,-1.00221,-0.00016,0.00056,-0.0001,0.01215,0.03793,-0.99569,-0.00058,0.00018,-2e-05,-0.00818,0.01394,-1.00264,3,37.9246,362.8419,37.0313,179.8207,0.5698,-101.1754,0.0095,24.7196,0.4579
186,000186.png,False,1788890515.504038,1788890515.444038,normal_load,6,,2.0,0.0008,0.0396,-1.31308,-0.00011,0.00058,-9e-05,0.0111,0.044,-1.30654,-0.00054,0.0002,-1e-05,-0.00999,0.01367,-1.31357,3,37.9247,362.843,36.9518,179.8213,0.569,-101.1754,0.0046,24.6401,0.5374
187,000187.png,False,1788890515.700160,1788890515.640160,normal_load,6,,2.0,0.0048,0.04612,-1.35881,-0.00033,0.00056,-0.00013,0.01514,0.05054,-1.35224,-0.00075,0.00018,-5e-05,-0.00946,0.02058,-1.35941,3,37.9227,362.8465,36.946,179.8207,0.5704,-101.1752,0.0016,24.6344,0.5431
188,000188.png,False,1788890515.892092,1788890515.832092,normal_load,6,,2.0,0.0075,0.05112,-1.57982,-0.00024,0.00055,-0.00015,0.01787,0.05554,-1.57323,-0.00067,0.00017,-7e-05,-0.00809,0.02271,-1.58048,3,37.9234,362.8482,36.8964,179.8205,0.5704,-101.1754,0.0041,24.5849,0.5927
189,000189.png,False,1788890516.088124,1788890516.028124,normal_load,6,,2.0,0.00706,0.05695,-1.64823,-0.00039,0.0006,-1e-05,0.01746,0.06139,-1.64162,-0.00082,0.00022,7e-05,-0.01091,0.02645,-1.64898,3,37.9239,362.8503,36.8865,179.8207,0.5711,-101.1756,0.001,24.575,0.6026
190,000190.png,False,1788890516.284100,1788890516.224100,normal_load,6,,2.0,0.01895,0.07779,-1.95134,-0.00078,0.00059,0.00011,0.02939,0.08225,-1.94471,-0.00121,0.0002,0.00019,-0.00892,0.04558,-1.95242,3,37.9224,362.8568,36.8347,179.8195,0.5735,-101.1752,0.0066,24.5233,0.6542
191,000191.png,False,1788890516.868266,1788890516.808266,normal_load,6,,2.0,0.01379,0.06435,-1.95271,-0.00067,0.00039,0.00016,0.02432,0.06885,-1.94602,-0.0011,0.0,0.00024,-0.00667,0.03134,-1.95356,3,37.9238,362.8519,36.8272,179.8197,0.5736,-101.1752,0.007,24.5157,0.6619
192,000192.png,False,1788890517.648260,1788890517.588260,normal_unload,6,,0.0,0.01887,0.0835,-2.00869,-0.00098,0.00064,0.00016,0.02955,0.08806,-2.00191,-0.00142,0.00025,0.00024,-0.01145,0.04957,-2.00987,3,37.9212,362.8622,36.817,179.8195,0.5746,-101.1752,0.0033,24.5057,0.6718
193,000193.png,False,1788890517.844193,1788890517.784194,normal_unload,6,,0.0,0.01806,0.07862,-1.97797,-0.00082,0.0006,8e-05,0.02877,0.08319,-1.97117,-0.00126,0.00021,0.00017,-0.00992,0.04543,-1.97907,3,37.9231,362.8586,36.8203,179.8198,0.5738,-101.1754,0.004,24.5089,0.6687
194,000194.png,False,1788890518.040204,1788890517.980204,normal_unload,6,,0.0,0.01464,0.06777,-1.94845,-0.00062,0.00057,0.00017,0.02539,0.07236,-1.94163,-0.00106,0.00018,0.00025,-0.00767,0.0348,-1.94936,3,37.9241,362.8561,36.8269,179.8209,0.5717,-101.1754,0.0062,24.5154,0.6621
195,000195.png,False,1788890518.236309,1788890518.176309,normal_unload,6,,0.0,0.01286,0.05806,-1.84103,-0.00048,0.00051,8e-05,0.02364,0.06267,-1.83419,-0.00092,0.00011,0.00016,-0.0051,0.02722,-1.84179,3,37.9245,362.8486,36.8425,179.823,0.5669,-101.1754,0.0007,24.5309,0.6466
196,000196.png,False,1788890518.428240,1788890518.368240,normal_unload,6,,0.0,0.01153,0.05428,-1.83628,-0.00015,0.00057,0.00012,0.02235,0.0589,-1.82941,-0.0006,0.00017,0.0002,-0.0044,0.02336,-1.83696,3,37.9261,362.8497,36.8443,179.8231,0.5674,-101.1756,0.0049,24.5328,0.6447
197,000197.png,False,1788890518.624348,1788890518.564348,normal_unload,6,,0.0,0.00398,0.03849,-1.73843,0.0001,0.00046,1e-05,0.01483,0.04312,-1.73154,-0.00035,7e-05,9e-05,-0.00373,0.00747,-1.73884,3,37.9272,362.8441,36.8588,179.8238,0.5656,-101.1756,0.0003,24.5472,0.6304
198,000198.png,False,1788890518.820259,1788890518.760259,normal_unload,6,,0.0,0.00631,0.04031,-1.60994,-5e-05,0.00052,0.0002,0.01719,0.04496,-1.60302,-0.0005,0.00013,0.00029,-0.00351,0.01228,-1.6104,3,37.9267,362.8457,36.8908,179.8231,0.5674,-101.1756,0.0054,24.5792,0.5983
199,000199.png,False,1788890519.016269,1788890518.956269,normal_unload,6,,0.0,0.00649,0.0405,-1.55936,-9e-05,0.00058,0.00035,0.0174,0.04517,-1.55242,-0.00054,0.00018,0.00043,-0.00381,0.01334,-1.55984,3,37.9274,362.8443,36.8965,179.8233,0.5673,-101.1758,0.0094,24.5848,0.5927
200,000200.png,False,1788890519.208333,1788890519.148333,normal_unload,6,,0.0,0.0081,0.04649,-1.36439,-0.00014,0.00079,8e-05,0.01905,0.05117,-1.35743,-0.00059,0.00039,0.00017,-0.00676,0.02246,-1.365,3,37.9266,362.8503,36.9349,179.8226,0.5691,-101.1758,0.0018,24.6234,0.5541
201,000201.png,False,1788890519.404306,1788890519.344306,normal_unload,6,,0.0,0.0091,0.04159,-1.35306,-0.00018,0.00075,0.00021,0.02008,0.04628,-1.34609,-0.00063,0.00035,0.0003,-0.00352,0.01889,-1.3536,3,37.927,362.849,36.9373,179.823,0.5688,-101.1756,0.0076,24.6257,0.5519
202,000202.png,False,1788890519.600314,1788890519.540314,normal_unload,6,,0.0,0.00839,0.04043,-1.1917,-0.00018,0.00074,0.00013,0.01941,0.04514,-1.1847,-0.00064,0.00033,0.00021,-0.00467,0.02012,-1.19223,3,37.9276,362.8482,36.9729,179.8234,0.5678,-101.176,0.0066,24.6613,0.5162
203,000203.png,False,1788890519.796410,1788890519.736410,normal_unload,6,,0.0,0.00545,0.03755,-1.19441,-0.00013,0.00086,0.00024,0.01651,0.04228,-1.18739,-0.00058,0.00045,0.00032,-0.00576,0.01612,-1.19489,3,37.928,362.8485,36.9716,179.8237,0.5676,-101.176,0.0033,24.66,0.5175
204,000204.png,False,1788890520.184448,1788890520.124448,normal_unload,6,,0.0,0.00201,0.02923,-1.03576,-8e-05,0.00077,0.00028,0.01313,0.03399,-1.02869,-0.00054,0.00036,0.00036,-0.00569,0.00973,-1.03611,3,37.9289,362.846,37.0131,179.8241,0.5671,-101.1763,0.0017,24.7015,0.4761
205,000205.png,False,1788890520.576451,1788890520.516451,normal_unload,6,,0.0,0.0065,0.03626,-0.81394,-0.00013,0.00105,0.00037,0.01769,0.04104,-0.80683,-0.00059,0.00064,0.00045,-0.00685,0.02161,-0.81446,3,37.9286,362.8517,37.0835,179.8238,0.5691,-101.1765,0.004,24.7719,0.4056
206,000206.png,False,1788890520.964559,1788890520.904559,normal_unload,6,,0.0,0.00625,0.03207,-0.60212,-0.00016,0.00108,-0.0,0.01751,0.03688,-0.59497,-0.00062,0.00066,9e-05,-0.00643,0.02125,-0.6026,4,37.9305,362.8528,37.1436,179.8239,0.5694,-101.1767,0.0027,24.8321,0.3455
207,000207.png,False,1788890521.160521,1788890521.100521,normal_unload,6,,0.0,0.00349,0.02745,-0.4819,-8e-05,0.00103,0.00019,0.01478,0.03228,-0.47473,-0.00055,0.00062,0.00028,-0.00735,0.0178,-0.48231,3,37.9304,362.8496,37.1828,179.8244,0.5688,-101.1765,0.003,24.8711,0.3064
208,000208.png,False,1788890521.356430,1788890521.296430,normal_unload,6,,0.0,0.00291,0.02143,-0.38258,-6e-05,0.00103,5e-05,0.01424,0.02627,-0.37538,-0.00052,0.00061,0.00014,-0.00553,0.01389,-0.3829,3,37.9313,362.849,37.2303,179.8244,0.5698,-101.1767,0.0083,24.9187,0.2589
209,000209.png,False,1788890521.552634,1788890521.492635,normal_unload,6,,0.0,0.0008,0.01693,-0.31991,8e-05,0.00104,0.00013,0.01216,0.02178,-0.31269,-0.00039,0.00062,0.00022,-0.00555,0.00994,-0.32016,3,37.9313,362.8501,37.2624,179.8246,0.5694,-101.1767,0.0068,24.9508,0.2267
210,000210.png,False,1788890521.744547,1788890521.684547,normal_unload,6,,0.0,0.00234,0.02654,-0.1645,-0.00013,0.00118,-0.00018,0.01374,0.03141,-0.15726,-0.0006,0.00076,-9e-05,-0.01009,0.02152,-0.16494,3,37.9309,362.8608,37.3245,179.8238,0.5726,-101.1767,0.0101,25.0131,0.1645
211,000211.png,False,1788890525.452819,1788890525.392819,normal_load,7,,2.0,-0.02849,-0.00745,-0.04995,0.00059,0.00054,0.0,-0.01645,-0.0023,-0.04229,0.0001,0.0001,0.0001,-0.02061,-0.02149,-0.04975,3,37.9074,362.8304,37.4988,179.8281,0.5675,-101.1773,0.0006,25.187,-0.0094
212,000212.png,False,1788890525.844850,1788890525.784850,normal_load,7,,2.0,-0.02872,-0.01557,-0.11277,0.00078,0.00049,-7e-05,-0.01661,-0.01039,-0.10508,0.00028,5e-05,3e-05,-0.01632,-0.02964,-0.11243,3,37.9148,362.8184,37.4099,179.8292,0.5654,-101.1778,0.0091,25.0978,0.0797
213,000213.png,False,1788890526.232778,1788890526.172778,normal_load,7,,2.0,-0.0239,-0.00687,-0.2391,0.00075,0.00062,-0.00011,-0.01171,-0.00167,-0.23136,0.00025,0.00017,-1e-05,-0.01561,-0.02172,-0.23889,3,37.9159,362.8224,37.3151,179.8298,0.5642,-101.1782,0.0045,25.0031,0.1744
214,000214.png,False,1788890526.624877,1788890526.564878,normal_load,7,,2.0,-0.02324,-0.01003,-0.52956,0.00073,0.00054,5e-05,-0.01098,-0.0048,-0.52178,0.00023,9e-05,0.00015,-0.01144,-0.02878,-0.52926,3,37.9212,362.8155,37.181,179.8311,0.5615,-101.1791,0.0094,24.8689,0.3086
215,000215.png,False,1788890526.820853,1788890526.760853,normal_load,7,,2.0,-0.01234,0.00723,-0.85632,0.00067,0.00073,0.00011,-5e-05,0.01247,-0.84851,0.00017,0.00028,0.00021,-0.00836,-0.01362,-0.85629,4,37.9209,362.8259,37.0862,179.8297,0.5651,-101.1789,0.0054,24.7743,0.4032
216,000216.png,False,1788890527.012949,1788890526.952949,normal_load,7,,2.0,-0.01182,0.00389,-0.82753,0.00063,0.0007,-8e-05,0.0005,0.00915,-0.8197,0.00012,0.00025,1e-05,-0.00645,-0.0158,-0.82745,3,37.9251,362.8231,37.0764,179.8303,0.5642,-101.1795,0.0036,24.7644,0.4131
217,000217.png,False,1788890527.208819,1788890527.148819,normal_load,7,,2.0,0.00152,0.0166,-1.1073,0.00035,0.00089,0.00017,0.01387,0.02188,-1.09945,-0.00016,0.00044,0.00026,0.00069,-0.0026,-1.10742,3,37.9259,362.8337,37.0133,179.8282,0.5683,-101.1802,0.0088,24.7015,0.476
218,000218.png,False,1788890527.404929,1788890527.344929,normal_load,7,,2.0,0.0189,0.01073,-1.28016,0.00062,0.00118,0.00011,0.03129,0.01602,-1.27229,0.00011,0.00073,0.00021,0.01989,-0.00178,-1.28019,3,37.9357,362.8343,36.9643,179.8286,0.5679,-101.1817,0.006,24.6524,0.5251
219,000219.png,False,1788890527.600838,1788890527.540838,normal_load,7,,2.0,0.02436,0.02819,-1.38996,0.00025,0.0013,0.0001,0.03678,0.03349,-1.38207,-0.00027,0.00084,0.0002,0.01665,0.01432,-1.39028,3,37.9373,362.8412,36.9416,179.8276,0.5711,-101.1821,0.0004,24.6298,0.5477
220,000220.png,False,1788890527.792861,1788890527.732862,normal_load,7,,2.0,0.02851,0.01924,-1.57733,0.00052,0.00136,5e-05,0.04097,0.02456,-1.56941,1e-05,0.0009,0.00014,0.02602,0.00564,-1.57748,3,37.9428,362.8394,36.8978,179.8279,0.5704,-101.183,0.01,24.586,0.5916
221,000221.png,False,1788890527.988983,1788890527.928983,normal_load,7,,2.0,0.03627,0.02529,-1.62925,0.0004,0.00141,9e-05,0.04877,0.03063,-1.62132,-0.00012,0.00095,0.00019,0.03008,0.01393,-1.62951,3,37.9429,362.8427,36.8937,179.8277,0.5715,-101.1828,0.0011,24.5819,0.5956
222,000222.png,False,1788890528.769033,1788890528.709033,normal_unload,7,,0.0,0.03651,0.02486,-2.01363,0.00043,0.00123,0.00051,0.04914,0.03026,-2.00561,-9e-05,0.00077,0.00061,0.03316,0.00752,-2.01383,3,37.9449,362.8387,36.8238,179.828,0.5712,-101.183,0.0098,24.5119,0.6656
223,000223.png,False,1788890528.964940,1788890528.904940,normal_unload,7,,0.0,0.04062,0.02611,-1.91568,0.00055,0.00152,0.00048,0.05329,0.03152,-1.90763,3e-05,0.00106,0.00058,0.03542,0.01223,-1.91592,3,37.9469,362.8411,36.8419,179.8282,0.5708,-101.1832,0.0054,24.5301,0.6474
224,000224.png,False,1788890529.161036,1788890529.101036,normal_unload,7,,0.0,0.03026,0.01212,-1.86265,0.00125,0.00158,0.00033,0.04296,0.01755,-1.85458,0.00073,0.00111,0.00043,0.03307,-0.00422,-1.86263,2,37.9491,362.8338,36.8487,179.829,0.5688,-101.1837,0.0008,24.5368,0.6408
225,000225.png,False,1788890529.357050,1788890529.297050,normal_unload,7,,0.0,0.03033,-0.0065,-1.70729,0.00132,0.00132,0.00031,0.04306,-0.00106,-1.6992,0.0008,0.00086,0.00041,0.04136,-0.01782,-1.70698,3,37.9508,362.826,36.869,179.8306,0.5652,-101.1836,0.0041,24.5569,0.6207
226,000226.png,False,1788890529.549074,1788890529.489074,normal_unload,7,,0.0,0.02849,-0.00346,-1.66011,0.00125,0.00137,0.0002,0.04126,0.00199,-1.652,0.00073,0.0009,0.0003,0.03792,-0.01535,-1.65985,3,37.951,362.8243,36.8842,179.8303,0.5653,-101.1836,0.0066,24.5721,0.6054
227,000227.png,False,1788890529.745091,1788890529.685091,normal_unload,7,,0.0,0.03059,0.00042,-1.48309,0.00105,0.00143,0.00033,0.04339,0.00589,-1.47496,0.00052,0.00096,0.00043,0.03657,-0.0081,-1.48293,3,37.949,362.8305,36.9143,179.8297,0.5676,-101.1834,0.0012,24.6023,0.5753
228,000228.png,False,1788890529.941096,1788890529.881096,normal_unload,7,,0.0,0.03767,0.01059,-1.31631,0.00074,0.00175,0.00042,0.0505,0.01607,-1.30815,0.00021,0.00128,0.00052,0.03646,0.0069,-1.31637,3,37.9507,362.8393,36.9549,179.8287,0.5708,-101.1839,0.0042,24.643,0.5345
229,000229.png,False,1788890530.137016,1788890530.077016,normal_unload,7,,0.0,0.0351,-0.00042,-1.24711,0.00081,0.00169,0.00028,0.04797,0.00508,-1.23894,0.00028,0.00122,0.00038,0.03926,-0.0028,-1.24699,3,37.9522,362.8348,36.9621,179.8291,0.5696,-101.1839,0.0083,24.6501,0.5274
230,000230.png,False,1788890530.329113,1788890530.269113,normal_unload,7,,0.0,0.03483,-0.00441,-1.15776,0.00108,0.00179,0.0002,0.04773,0.0011,-1.14957,0.00055,0.00131,0.0003,0.0404,-0.00497,-1.15758,3,37.9546,362.8327,36.9854,179.8298,0.5684,-101.1843,0.0061,24.6734,0.5042
231,000231.png,False,1788890530.525146,1788890530.465147,normal_unload,7,,0.0,0.03659,-0.00957,-1.09868,0.00105,0.00169,0.00014,0.04953,-0.00404,-1.09046,0.00052,0.00122,0.00024,0.04409,-0.0076,-1.09842,3,37.9549,362.8332,36.9941,179.83,0.568,-101.1845,0.0084,24.6821,0.4954
232,000232.png,False,1788890530.721145,1788890530.661145,normal_unload,7,,0.0,0.03109,-0.00585,-0.92062,0.00105,0.0018,0.00032,0.04406,-0.00031,-0.91238,0.00052,0.00133,0.00043,0.03623,-0.00428,-0.92044,4,37.9538,362.833,37.0468,179.8296,0.569,-101.1841,0.0035,24.7348,0.4428
233,000233.png,False,1788890530.917174,1788890530.857174,normal_unload,7,,0.0,0.03219,-0.00966,-0.88891,0.00096,0.00179,9e-05,0.04519,-0.0041,-0.88064,0.00042,0.00131,0.00019,0.03887,-0.00652,-0.88867,3,37.9558,362.8309,37.0478,179.8299,0.5687,-101.1843,0.0018,24.7358,0.4418
234,000234.png,False,1788890531.113171,1788890531.053171,normal_unload,7,,0.0,0.03775,-0.00071,-0.73424,0.00086,0.00194,0.00022,0.05079,0.00487,-0.72595,0.00033,0.00146,0.00032,0.03814,0.00649,-0.73419,3,37.9553,362.8396,37.1008,179.8291,0.5702,-101.1848,0.0088,24.7888,0.3887
235,000235.png,False,1788890531.305092,1788890531.245092,normal_unload,7,,0.0,0.034,-0.00409,-0.72174,0.00077,0.00189,0.00016,0.04708,0.0015,-0.71343,0.00023,0.00141,0.00026,0.0365,0.00189,-0.72162,3,37.9553,362.8384,37.1009,179.8297,0.5698,-101.1845,0.0091,24.7889,0.3886
236,000236.png,False,1788890531.697218,1788890531.637218,normal_unload,7,,0.0,0.02921,-0.01246,-0.5713,0.00097,0.0018,0.00039,0.04235,-0.00684,-0.56295,0.00043,0.00132,0.0005,0.03549,-0.00535,-0.57105,3,37.9582,362.8342,37.1662,179.8303,0.5695,-101.1847,0.0002,24.8541,0.3234
237,000237.png,False,1788890532.085245,1788890532.025245,normal_unload,7,,0.0,0.02093,-0.00999,-0.35861,0.00086,0.0018,0.00039,0.03414,-0.00434,-0.35021,0.00031,0.00131,0.0005,0.02561,-0.00394,-0.35842,4,37.9575,362.8409,37.2745,179.8295,0.5723,-101.1854,0.0048,24.9625,0.215
238,000238.png,False,1788890532.281245,1788890532.221246,normal_unload,7,,0.0,0.01307,-0.00774,-0.20947,0.00071,0.00176,0.00038,0.02631,-0.00208,-0.20106,0.00017,0.00127,0.00048,0.01664,-0.00353,-0.20933,3,37.9576,362.8404,37.3386,179.8294,0.5725,-101.1854,0.0005,25.0266,0.1509
239,000239.png,False,1788890532.673368,1788890532.613368,normal_unload,7,,0.0,0.00647,-0.01394,-0.1065,0.00089,0.0015,0.00033,0.01978,-0.00825,-0.09804,0.00034,0.00101,0.00043,0.0133,-0.01055,-0.10626,3,37.9585,362.8412,37.444,179.8298,0.5721,-101.1854,0.0078,25.132,0.0455
240,000240.png,False,1788890535.405461,1788890535.345461,normal_load,8,,2.0,-0.02316,-0.01046,-0.06862,0.00077,0.00081,0.0001,-0.00937,-0.00456,-0.05986,0.0002,0.00031,0.00021,-0.01436,-0.02173,-0.06838,4,37.9266,362.8325,37.4803,179.8323,0.5696,-101.1882,0.0064,25.1684,0.0092
241,000241.png,False,1788890535.597453,1788890535.537453,normal_load,8,,2.0,-0.01859,-0.00447,-0.13891,0.00068,0.00091,0.00032,-0.00476,0.00144,-0.13012,0.00011,0.0004,0.00043,-0.01291,-0.01539,-0.13877,3,37.926,362.837,37.4366,179.8314,0.5719,-101.1882,0.0038,25.1247,0.0528
242,000242.png,False,1788890535.793489,1788890535.733489,normal_load,8,,2.0,-0.02213,-0.01371,-0.16549,0.00084,0.00072,0.0001,-0.00827,-0.00779,-0.15669,0.00027,0.00021,0.00021,-0.01117,-0.02558,-0.16519,3,37.9294,362.8251,37.376,179.8334,0.5675,-101.1884,0.0081,25.064,0.1136
243,000243.png,False,1788890535.989503,1788890535.929503,normal_load,8,,2.0,-0.01561,0.00266,-0.2161,0.0005,0.00082,0.00018,-0.00171,0.0086,-0.20727,-7e-05,0.00031,0.00029,-0.01335,-0.00896,-0.21608,3,37.9262,362.8384,37.3516,179.8317,0.5717,-101.1882,0.0066,25.0398,0.1377
244,000244.png,False,1788890536.185415,1788890536.125415,normal_load,8,,2.0,-0.01726,-0.00361,-0.43395,0.00084,0.0008,0.00021,-0.00333,0.00234,-0.4251,0.00027,0.00029,0.00032,-0.01014,-0.0187,-0.43378,3,37.9293,362.8315,37.2392,179.8335,0.5678,-101.1882,0.0004,24.9273,0.2503
245,000245.png,False,1788890536.377515,1788890536.317515,normal_load,8,,2.0,-0.01379,0.00879,-0.50997,0.00051,0.00079,0.00022,0.00018,0.01475,-0.5011,-7e-05,0.00028,0.00033,-0.0128,-0.00745,-0.51002,3,37.9276,362.8365,37.2035,179.8327,0.5698,-101.1884,0.0084,24.8916,0.2859
246,000246.png,False,1788890536.573592,1788890536.513592,normal_load,8,,2.0,-0.01176,0.01095,-0.66321,0.00057,0.00083,0.0,0.00224,0.01693,-0.65432,-1e-05,0.00032,0.00011,-0.01106,-0.00702,-0.66327,3,37.927,362.844,37.1318,179.8319,0.5718,-101.1885,0.0014,24.8201,0.3574
247,000247.png,False,1788890536.769547,1788890536.709547,normal_load,8,,2.0,-0.00754,0.02241,-0.81133,0.00039,0.00086,0.00012,0.00649,0.02841,-0.80241,-0.00018,0.00035,0.00023,-0.01211,0.00264,-0.81158,3,37.9257,362.8446,37.0966,179.8316,0.5726,-101.188,0.0038,24.7849,0.3926
248,000248.png,False,1788890536.965609,1788890536.905609,normal_load,8,,2.0,-0.00255,0.03304,-1.1118,0.00012,0.00086,0.00012,0.01152,0.03905,-1.10286,-0.00046,0.00034,0.00023,-0.01101,0.00953,-1.1122,3,37.9264,362.8494,37.0091,179.8312,0.5741,-101.1882,0.0091,24.6975,0.48
249,000249.png,False,1788890537.157515,1788890537.097515,normal_load,8,,2.0,-0.00025,0.03537,-1.11711,3e-05,0.00087,2e-05,0.01386,0.04139,-1.10816,-0.00055,0.00035,0.00013,-0.01014,0.01261,-1.11756,3,37.9242,362.8531,37.0071,179.8306,0.575,-101.1882,0.0013,24.6956,0.482
250,000250.png,False,1788890537.549592,1788890537.489592,normal_load,8,,2.0,0.007,0.05614,-1.4281,-0.00016,0.00102,0.00031,0.02118,0.0622,-1.4191,-0.00075,0.0005,0.00042,-0.01208,0.02925,-1.42887,3,37.9242,362.8604,36.9402,179.8305,0.5766,-101.1883,0.0094,24.6288,0.5487
251,000251.png,False,1788890537.745613,1788890537.685613,normal_load,8,,2.0,0.01491,0.07827,-1.66151,-0.0006,0.00106,0.00011,0.02912,0.08434,-1.65249,-0.00119,0.00054,0.00023,-0.01467,0.04862,-1.66265,3,37.923,362.8701,36.8904,179.8288,0.5809,-101.1885,0.0054,24.5792,0.5983
252,000252.png,False,1788890538.721703,1788890538.661703,normal_unload,8,,0.0,0.02346,0.08926,-1.92162,-0.00095,0.00109,0.00031,0.03784,0.0954,-1.91249,-0.00154,0.00057,0.00042,-0.01095,0.05825,-1.92292,3,37.9226,362.8782,36.8386,179.8288,0.5814,-101.1885,0.0064,24.5276,0.65
253,000253.png,False,1788890538.913682,1788890538.853682,normal_unload,8,,0.0,0.01898,0.07497,-1.89705,-0.00058,0.00101,0.00039,0.03339,0.08112,-1.8879,-0.00118,0.00048,0.00051,-0.00786,0.04402,-1.8981,3,37.9243,362.87,36.8442,179.8296,0.58,-101.1887,0.0028,24.533,0.6445
254,000254.png,False,1788890539.109608,1788890539.049608,normal_unload,8,,0.0,0.0162,0.07452,-1.68477,-0.00054,0.0013,0.00027,0.03065,0.08069,-1.6756,-0.00114,0.00078,0.00039,-0.01152,0.04565,-1.68584,3,37.9238,362.871,36.8751,179.8296,0.58,-101.1887,0.0096,24.5639,0.6136
255,000255.png,False,1788890539.305664,1788890539.245664,normal_unload,8,,0.0,0.01583,0.06607,-1.63839,-0.00047,0.00094,0.00017,0.03031,0.07225,-1.62919,-0.00106,0.00041,0.00028,-0.00794,0.03888,-1.63932,3,37.9241,362.8734,36.8914,179.83,0.5795,-101.1889,0.0036,24.5803,0.5973
256,000256.png,False,1788890539.501827,1788890539.441827,normal_unload,8,,0.0,0.01543,0.06215,-1.41099,-0.00046,0.00096,0.00016,0.02994,0.06835,-1.40177,-0.00106,0.00043,0.00027,-0.0079,0.03893,-1.41188,3,37.9249,362.8694,36.9275,179.8299,0.5799,-101.1891,0.0018,24.6163,0.5612
257,000257.png,False,1788890539.697709,1788890539.637709,normal_unload,8,,0.0,0.01529,0.06018,-1.35326,-0.00051,0.00104,0.00018,0.02984,0.0664,-1.34402,-0.00111,0.00051,0.00029,-0.00744,0.03809,-1.35413,3,37.9259,362.8677,36.9404,179.8301,0.58,-101.1889,0.0004,24.6291,0.5484
258,000258.png,False,1788890539.889797,1788890539.829798,normal_unload,8,,0.0,0.01596,0.05716,-1.2664,-0.00045,0.00115,6e-05,0.03055,0.06339,-1.25713,-0.00105,0.00061,0.00017,-0.00595,0.0372,-1.26723,3,37.9245,362.8695,36.956,179.8302,0.5798,-101.1887,0.01,24.6447,0.5328
259,000259.png,False,1788890540.085677,1788890540.025677,normal_unload,8,,0.0,0.01636,0.05154,-1.17475,-0.0004,0.00111,0.00041,0.03098,0.05779,-1.16547,-0.001,0.00058,0.00052,-0.00343,0.034,-1.1755,3,37.9253,362.8672,36.982,179.8305,0.5794,-101.1889,0.0047,24.6707,0.5068
260,000260.png,False,1788890540.281810,1788890540.221810,normal_unload,8,,0.0,0.0142,0.0465,-1.1224,-0.00023,0.00114,0.00017,0.02885,0.05276,-1.1131,-0.00083,0.00061,0.00029,-0.00315,0.02939,-1.12307,3,37.9263,362.8656,36.9939,179.8309,0.5791,-101.1887,0.0036,24.6825,0.495
261,000261.png,False,1788890540.477699,1788890540.417699,normal_unload,8,,0.0,0.01801,0.04739,-0.96617,-0.00024,0.00126,0.00021,0.0327,0.05366,-0.95685,-0.00085,0.00073,0.00033,-0.00137,0.03456,-0.96689,3,37.926,362.8688,37.0368,179.8307,0.5802,-101.1889,0.0096,24.7256,0.452
262,000262.png,False,1788890540.669717,1788890540.609717,normal_unload,8,,0.0,0.01189,0.0485,-0.93556,-0.00026,0.00128,4e-05,0.02661,0.05479,-0.9262,-0.00086,0.00074,0.00016,-0.00745,0.03296,-0.93628,3,37.9261,362.868,37.0366,179.8308,0.58,-101.1891,0.0011,24.7253,0.4523
263,000263.png,False,1788890540.865804,1788890540.805804,normal_unload,8,,0.0,0.0142,0.04651,-0.75868,-0.0003,0.00129,0.00024,0.02896,0.05281,-0.74931,-0.0009,0.00075,0.00036,-0.00568,0.03522,-0.7594,3,37.9262,362.8677,37.0892,179.8307,0.5802,-101.1894,0.0053,24.7779,0.3996
264,000264.png,False,1788890541.061851,1788890541.001851,normal_unload,8,,0.0,0.01337,0.04402,-0.75238,-0.00035,0.00131,0.00012,0.02816,0.05034,-0.74299,-0.00095,0.00077,0.00024,-0.0052,0.03275,-0.75306,3,37.9276,362.8704,37.09,179.8308,0.5805,-101.1896,0.0068,24.7787,0.3988
265,000265.png,False,1788890541.449847,1788890541.389847,normal_unload,8,,0.0,0.01269,0.04134,-0.58148,-0.00033,0.00133,6e-05,0.02755,0.04769,-0.57204,-0.00094,0.00079,0.00017,-0.00563,0.03283,-0.58213,3,37.9272,362.8738,37.1496,179.8309,0.5815,-101.1898,0.0082,24.8384,0.3391
266,000266.png,False,1788890541.645872,1788890541.585872,normal_unload,8,,0.0,0.0104,0.03755,-0.40464,-4e-05,0.00149,0.00011,0.02529,0.04391,-0.39518,-0.00066,0.00094,0.00023,-0.00695,0.03123,-0.40525,3,37.928,362.8729,37.2199,179.8306,0.5823,-101.1898,0.0064,24.9087,0.2689
267,000267.png,False,1788890541.841938,1788890541.781939,normal_unload,8,,0.0,0.01188,0.04109,-0.37293,-0.00039,0.00141,0.00019,0.02681,0.04746,-0.36345,-0.00101,0.00086,0.00031,-0.00765,0.03555,-0.37361,4,37.9274,362.8769,37.2397,179.8302,0.5831,-101.19,0.0011,24.9286,0.249
268,000268.png,False,1788890542.037964,1788890541.977964,normal_unload,8,,0.0,0.00876,0.02888,-0.24205,-4e-05,0.00136,5e-05,0.02372,0.03527,-0.23255,-0.00066,0.00081,0.00017,-0.00516,0.02551,-0.24253,3,37.9282,362.8727,37.3027,179.8304,0.5827,-101.1902,0.0039,24.9915,0.1861
269,000269.png,False,1788890545.158016,1788890545.098016,normal_load,9,,2.0,-0.02083,-0.01886,-0.05917,0.00094,0.00082,-2e-05,-0.00532,-0.01224,-0.04932,0.00031,0.00025,0.0001,-0.00821,-0.02769,-0.05879,3,37.9287,362.8158,37.4857,179.8342,0.5769,-101.193,0.002,25.1735,0.004
270,000270.png,False,1788890545.742054,1788890545.682054,normal_load,9,,2.0,-0.01889,-0.01283,-0.21849,0.0009,0.00063,-5e-05,-0.00328,-0.00616,-0.20858,0.00026,6e-05,7e-05,-0.00844,-0.02405,-0.2182,3,37.9278,362.8131,37.339,179.8353,0.5743,-101.193,0.0012,25.0267,0.1508
271,000271.png,False,1788890545.938169,1788890545.878169,normal_load,9,,2.0,-0.01716,-0.01656,-0.31994,0.00108,0.00071,0.00016,-0.00151,-0.00988,-0.31,0.00044,0.00014,0.00028,-0.00437,-0.02804,-0.31957,3,37.9292,362.81,37.294,179.8365,0.5718,-101.193,0.004,24.9818,0.1958
272,000272.png,False,1788890546.134227,1788890546.074227,normal_load,9,,2.0,-0.0203,-0.01175,-0.50915,0.00105,0.00064,0.0002,-0.00462,-0.00505,-0.49919,0.0004,6e-05,0.00032,-0.00819,-0.02847,-0.50883,3,37.9281,362.8083,37.1978,179.8377,0.5692,-101.1926,0.0091,24.8856,0.292
273,000273.png,False,1788890546.330192,1788890546.270192,normal_load,9,,2.0,-0.01796,-0.00838,-0.54282,0.00092,0.0006,-9e-05,-0.00224,-0.00167,-0.53284,0.00028,2e-05,3e-05,-0.0076,-0.02493,-0.54256,3,37.9279,362.8102,37.1773,179.8373,0.5702,-101.1926,0.0057,24.8651,0.3125
274,000274.png,False,1788890546.526227,1788890546.466227,normal_load,9,,2.0,-0.01034,0.00803,-0.7207,0.00041,0.00052,-4e-05,0.00541,0.01476,-0.7107,-0.00023,-5e-05,8e-05,-0.00798,-0.00976,-0.72071,3,37.9225,362.8233,37.1106,179.8353,0.5748,-101.1922,0.0043,24.7986,0.3789
275,000275.png,False,1788890546.718212,1788890546.658212,normal_load,9,,2.0,-0.01032,0.01328,-0.80847,0.00048,0.00062,1e-05,0.00546,0.02002,-0.79844,-0.00017,4e-05,0.00013,-0.00997,-0.00661,-0.80856,3,37.9241,362.8226,37.0888,179.8352,0.575,-101.1924,0.0061,24.7768,0.4007
276,000276.png,False,1788890546.914260,1788890546.854260,normal_load,9,,2.0,-0.00974,0.01733,-1.10197,0.00064,0.00065,-3e-05,0.00607,0.02409,-1.09192,-1e-05,8e-05,9e-05,-0.00946,-0.00751,-1.10208,3,37.923,362.8254,37.0085,179.8346,0.5771,-101.1924,0.0068,24.6966,0.481
277,000277.png,False,1788890547.110146,1788890547.050146,normal_load,9,,2.0,-0.00597,0.02444,-1.10855,0.00041,0.00067,0.0001,0.00988,0.03121,-1.09848,-0.00024,9e-05,0.00022,-0.00969,0.00042,-1.10879,3,37.9237,362.8276,37.0095,179.8346,0.5773,-101.1924,0.0076,24.6976,0.4799
278,000278.png,False,1788890547.306242,1788890547.246242,normal_load,9,,2.0,-0.00293,0.0385,-1.39853,0.00031,0.00078,0.0,0.01295,0.04529,-1.38844,-0.00034,0.0002,0.00013,-0.01208,0.00948,-1.39898,3,37.9232,362.8313,36.9446,179.8343,0.5786,-101.1926,0.0021,24.6328,0.5448
279,000279.png,False,1788890547.498174,1788890547.438174,normal_load,9,,2.0,-0.00123,0.03451,-1.41138,0.00021,0.00064,0.00014,0.01469,0.04131,-1.40127,-0.00045,5e-05,0.00026,-0.00853,0.00667,-1.41176,3,37.9237,362.8294,36.9308,179.835,0.5775,-101.1924,0.0058,24.6189,0.5586
280,000280.png,False,1788890548.474235,1788890548.414235,normal_unload,9,,0.0,0.00889,0.05775,-1.98057,-8e-05,0.00061,0.00029,0.02498,0.06463,-1.97034,-0.00074,2e-05,0.00042,-0.00743,0.02273,-1.98128,3,37.9235,362.8395,36.8275,179.8342,0.5807,-101.1924,0.0076,24.5158,0.6618
281,000281.png,False,1788890548.670340,1788890548.610340,normal_unload,9,,0.0,0.01251,0.063,-1.90936,-0.00022,0.00067,0.0001,0.02864,0.06989,-1.89912,-0.00088,8e-05,0.00023,-0.0074,0.03023,-1.91019,3,37.9236,362.8415,36.835,179.8342,0.5811,-101.1924,0.0037,24.5233,0.6542
282,000282.png,False,1788890548.866301,1788890548.806301,normal_unload,9,,0.0,0.00825,0.05071,-1.8853,-0.0001,0.00057,0.00031,0.02441,0.05761,-1.87503,-0.00077,-2e-05,0.00044,-0.00512,0.01784,-1.88591,3,37.9226,362.8399,36.842,179.8346,0.5801,-101.1924,0.0086,24.5303,0.6472
283,000283.png,False,1788890549.062364,1788890549.002364,normal_unload,9,,0.0,0.0064,0.04484,-1.78795,0.00012,0.00054,0.00034,0.0226,0.05176,-1.77766,-0.00055,-6e-05,0.00047,-0.00446,0.01339,-1.78847,3,37.9242,362.8377,36.8579,179.8358,0.5783,-101.1924,0.0034,24.5462,0.6314
284,000284.png,False,1788890549.254374,1788890549.194374,normal_unload,9,,0.0,0.00633,0.03879,-1.76552,0.00048,0.00065,0.00049,0.02256,0.04572,-1.75522,-0.00019,6e-05,0.00062,-0.00165,0.00848,-1.76594,3,37.9263,362.8319,36.8791,179.8365,0.5766,-101.1928,0.0056,24.5672,0.6103
285,000285.png,False,1788890549.450300,1788890549.390301,normal_unload,9,,0.0,0.00188,0.02181,-1.57808,0.00062,0.0005,0.0003,0.01814,0.02875,-1.56775,-5e-05,-0.0001,0.00043,0.00167,-0.00546,-1.57822,3,37.9268,362.8279,36.898,179.8367,0.5756,-101.1928,0.009,24.5861,0.5915
286,000286.png,False,1788890549.646431,1788890549.586432,normal_unload,9,,0.0,0.00525,0.03567,-1.33962,0.00028,0.00091,0.00015,0.02155,0.04263,-1.32927,-0.00039,0.00031,0.00028,-0.00398,0.01206,-1.34005,3,37.9252,362.8364,36.9404,179.8358,0.5794,-101.1924,0.0034,24.6286,0.5489
287,000287.png,False,1788890549.842467,1788890549.782467,normal_unload,9,,0.0,0.00472,0.03326,-1.3561,0.00028,0.00074,0.00039,0.02105,0.04023,-1.34573,-0.00039,0.00015,0.00052,-0.00312,0.00944,-1.35648,3,37.9263,362.8311,36.9422,179.8363,0.5782,-101.1926,0.0022,24.6303,0.5472
288,000288.png,False,1788890550.034431,1788890549.974431,normal_unload,9,,0.0,0.00542,0.03468,-1.20622,0.0003,0.0009,0.00022,0.02179,0.04167,-1.19582,-0.00037,0.0003,0.00034,-0.00427,0.01342,-1.20665,3,37.9266,362.8366,36.9763,179.8357,0.5796,-101.1928,0.0071,24.6646,0.513
289,000289.png,False,1788890550.230459,1788890550.170460,normal_unload,9,,0.0,0.00539,0.03668,-1.15751,0.00013,0.00089,0.00022,0.02179,0.04368,-1.14709,-0.00054,0.00029,0.00035,-0.00563,0.01592,-1.15798,3,37.9268,362.8359,36.9816,179.8358,0.5794,-101.1931,0.0014,24.6698,0.5077
290,000290.png,False,1788890550.426479,1788890550.366479,normal_unload,9,,0.0,0.00143,0.02639,-0.97881,0.00027,0.00088,1e-05,0.01787,0.03341,-0.96837,-0.0004,0.00028,0.00014,-0.00516,0.00789,-0.97912,3,37.9273,362.8345,37.0218,179.8364,0.578,-101.193,0.0099,24.7099,0.4676
291,000291.png,False,1788890550.622497,1788890550.562497,normal_unload,9,,0.0,0.00221,0.02166,-0.99725,0.00055,0.00093,-9e-05,0.01868,0.0287,-0.98679,-0.00013,0.00032,4e-05,-0.002,0.00389,-0.99748,2,37.9278,362.8329,37.0205,179.8367,0.5779,-101.1933,0.0043,24.7086,0.4689
292,000292.png,False,1788890550.818573,1788890550.758573,normal_unload,9,,0.0,0.00174,0.01551,-0.79811,0.00051,0.00096,-0.0,0.01824,0.02256,-0.78763,-0.00017,0.00036,0.00013,-0.00071,0.00152,-0.79826,3,37.9285,362.8322,37.0691,179.8368,0.5782,-101.1933,0.0012,24.7573,0.4203
293,000293.png,False,1788890551.010484,1788890550.950485,normal_unload,9,,0.0,0.00385,0.01846,-0.84421,0.00049,0.00096,0.00032,0.02039,0.02552,-0.83371,-0.00019,0.00036,0.00045,-3e-05,0.00439,-0.84441,3,37.9287,362.8338,37.0721,179.8367,0.5789,-101.1933,0.009,24.7602,0.4173
294,000294.png,False,1788890551.402522,1788890551.342522,normal_unload,9,,0.0,0.00266,0.02081,-0.63641,0.0004,0.00117,0.00021,0.01927,0.0279,-0.62586,-0.00029,0.00056,0.00034,-0.00368,0.00916,-0.63668,3,37.9261,362.8417,37.1371,179.836,0.5807,-101.1931,0.0023,24.8253,0.3522
295,000295.png,False,1788890551.598517,1788890551.538517,normal_unload,9,,0.0,0.00211,0.01583,-0.4473,0.00029,0.00109,0.0003,0.01875,0.02294,-0.43673,-0.0004,0.00049,0.00043,-0.00298,0.0076,-0.44751,3,37.9282,362.8381,37.1999,179.8363,0.581,-101.1937,0.0087,24.8881,0.2894
296,000296.png,False,1788890551.790552,1788890551.730552,normal_unload,9,,0.0,0.00106,0.02018,-0.4368,0.0003,0.00114,0.00011,0.01773,0.0273,-0.42621,-0.00039,0.00053,0.00024,-0.00613,0.01101,-0.43708,3,37.927,362.8489,37.2151,179.836,0.5819,-101.1935,0.0023,24.9034,0.2741
297,000297.png,False,1788890552.182518,1788890552.122519,normal_unload,9,,0.0,-0.0002,0.01228,-0.27019,0.00044,0.00124,4e-05,0.01654,0.01943,-0.25955,-0.00025,0.00063,0.00017,-0.00444,0.00621,-0.27036,4,37.9278,362.8477,37.316,179.8361,0.5823,-101.1937,0.0076,25.0044,0.1732
298,000298.png,False,1788890554.326711,1788890554.266711,normal_load,10,,2.0,-0.02386,-0.00473,-0.07965,0.0007,0.00061,-0.00015,-0.00674,0.00259,-0.06878,-0.0,-2e-05,-1e-05,-0.01775,-0.01729,-0.07951,3,37.9033,362.8299,37.4524,179.8363,0.5841,-101.1924,0.0027,25.1407,0.0369
299,000299.png,False,1788890554.718714,1788890554.658714,normal_load,10,,2.0,-0.01827,-0.00632,-0.21008,0.00073,0.00065,-0.0001,-0.00108,0.00102,-0.19917,2e-05,2e-05,4e-05,-0.01121,-0.01797,-0.20991,3,37.9118,362.8259,37.3374,179.8371,0.582,-101.1939,0.0055,25.0255,0.152
300,000300.png,False,1788890554.914778,1788890554.854778,normal_load,10,,2.0,-0.02082,-0.00799,-0.34382,0.00097,0.00065,-0.00019,-0.0036,-0.00064,-0.33288,0.00026,2e-05,-5e-05,-0.01166,-0.02283,-0.34358,3,37.9138,362.8201,37.2528,179.8383,0.5795,-101.1939,0.0,24.9409,0.2367
301,000301.png,False,1788890555.106764,1788890555.046764,normal_load,10,,2.0,-0.01948,0.00272,-0.44548,0.00076,0.00075,-0.00012,-0.00222,0.01009,-0.43452,5e-05,0.00012,1e-05,-0.01514,-0.01452,-0.44542,3,37.9122,362.8291,37.2176,179.8369,0.5826,-101.1937,0.0087,24.9057,0.2718
302,000302.png,False,1788890555.302716,1788890555.242717,normal_load,10,,2.0,-0.00885,0.00654,-0.66931,0.00062,0.00082,-0.0,0.00844,0.01392,-0.65833,-9e-05,0.00018,0.00013,-0.00629,-0.00948,-0.66931,3,37.9156,362.8307,37.1297,179.8369,0.5824,-101.1946,0.0028,24.8179,0.3597
303,000303.png,False,1788890555.498786,1788890555.438786,normal_load,10,,2.0,-0.01044,0.00012,-0.75737,0.00085,0.00069,-4e-05,0.00688,0.00752,-0.74637,0.00014,5e-05,0.0001,-0.00385,-0.01725,-0.75724,3,37.9183,362.8245,37.1034,179.8371,0.5827,-101.1946,0.0024,24.7914,0.3861
304,000304.png,False,1788890555.694864,1788890555.634864,normal_load,10,,2.0,-0.00709,-0.00612,-1.03468,0.00123,0.00067,-0.00015,0.01027,0.0013,-1.02366,0.00052,3e-05,-1e-05,0.00409,-0.02542,-1.0344,3,37.922,362.8196,37.0205,179.8367,0.5837,-101.1952,0.0084,24.7084,0.4691
305,000305.png,False,1788890555.890766,1788890555.830766,normal_load,10,,2.0,-0.00397,-0.00034,-1.06535,0.00101,0.00075,-0.00016,0.01343,0.00709,-1.0543,0.0003,0.00012,-2e-05,0.00412,-0.01934,-1.06517,3,37.9228,362.8235,37.0163,179.8364,0.5843,-101.1955,0.0064,24.7043,0.4732
306,000306.png,False,1788890556.082753,1788890556.022753,normal_load,10,,2.0,0.01849,0.02914,-1.35643,0.00052,0.00118,-0.00012,0.03592,0.03659,-1.34536,-0.0002,0.00054,2e-05,0.01086,0.01275,-1.35677,3,37.925,362.8432,36.9542,179.8348,0.5891,-101.1964,0.0035,24.6426,0.535
307,000307.png,False,1788890556.278756,1788890556.218756,normal_load,10,,2.0,0.02112,0.02981,-1.33314,0.00036,0.00111,-5e-05,0.03858,0.03727,-1.32205,-0.00036,0.00047,8e-05,0.01264,0.01501,-1.33349,3,37.9269,362.8421,36.9509,179.8349,0.5887,-101.1964,0.002,24.6392,0.5383
308,000308.png,False,1788890556.474889,1788890556.414889,normal_load,10,,2.0,0.02779,0.02874,-1.7337,0.00049,0.0011,-8e-05,0.04529,0.03621,-1.72259,-0.00023,0.00046,6e-05,0.02174,0.01101,-1.73399,3,37.9325,362.8395,36.872,179.8357,0.5869,-101.1974,0.0035,24.5602,0.6173
309,000309.png,False,1788890557.450948,1788890557.390948,normal_unload,10,,0.0,0.03484,0.02958,-1.97462,0.00065,0.00113,0.00011,0.05251,0.03713,-1.96339,-8e-05,0.00049,0.00025,0.02909,0.0114,-1.9749,3,37.9339,362.8399,36.8244,179.8358,0.5876,-101.1974,0.005,24.5126,0.6649
310,000310.png,False,1788890557.646925,1788890557.586925,normal_unload,10,,0.0,0.04586,0.04062,-1.91754,0.0004,0.00143,-7e-05,0.06356,0.04819,-1.9063,-0.00033,0.00078,7e-05,0.03272,0.02738,-1.91805,3,37.9367,362.8468,36.8306,179.8355,0.5891,-101.1979,0.0073,24.519,0.6586
311,000311.png,False,1788890557.838983,1788890557.778983,normal_unload,10,,0.0,0.04145,0.03402,-1.87723,0.00052,0.0014,-6e-05,0.05919,0.04159,-1.86597,-0.00021,0.00075,8e-05,0.03193,0.0201,-1.87762,3,37.9374,362.8431,36.8358,179.8359,0.5881,-101.1981,0.0032,24.5241,0.6534
312,000312.png,False,1788890558.034995,1788890557.974995,normal_unload,10,,0.0,0.04799,0.04031,-1.79324,0.0004,0.0016,-0.00013,0.06576,0.0479,-1.78195,-0.00033,0.00095,1e-05,0.03386,0.03017,-1.79376,3,37.938,362.8539,36.8596,179.8354,0.5893,-101.1985,0.0021,24.548,0.6295
313,000313.png,False,1788890558.231033,1788890558.171033,normal_unload,10,,0.0,0.04409,0.02724,-1.75205,0.00074,0.00156,-0.00013,0.06189,0.03485,-1.74074,1e-05,0.00091,1e-05,0.03672,0.01756,-1.75234,3,37.9406,362.8418,36.858,179.8363,0.5871,-101.1983,0.0098,24.5462,0.6313
314,000314.png,False,1788890558.426989,1788890558.366989,normal_unload,10,,0.0,0.03871,0.01614,-1.52126,0.00083,0.00148,-0.0001,0.05655,0.02376,-1.50993,9e-05,0.00083,4e-05,0.03602,0.00895,-1.52139,3,37.9417,362.8413,36.8992,179.8362,0.5873,-101.1987,0.0045,24.5874,0.5901
315,000315.png,False,1788890558.619033,1788890558.559033,normal_unload,10,,0.0,0.03971,0.01448,-1.4459,0.00077,0.00146,-5e-05,0.05758,0.02212,-1.43455,4e-05,0.0008,9e-05,0.03719,0.00922,-1.44601,3,37.9417,362.8396,36.9156,179.8364,0.5874,-101.1985,0.0063,24.6037,0.5738
316,000316.png,False,1788890558.815024,1788890558.755024,normal_unload,10,,0.0,0.03843,0.00926,-1.35339,0.00082,0.00148,1e-05,0.05634,0.01691,-1.34202,9e-05,0.00083,0.00016,0.03804,0.00554,-1.35342,3,37.9423,362.8369,36.931,179.8369,0.5866,-101.1985,0.0009,24.6191,0.5584
317,000317.png,False,1788890559.011042,1788890558.951042,normal_unload,10,,0.0,0.03797,0.00814,-1.22386,0.00089,0.00166,-0.00029,0.05592,0.01581,-1.21246,0.00016,0.001,-0.00015,0.03731,0.00642,-1.22389,3,37.9425,362.8402,36.9594,179.8369,0.5873,-101.1987,0.0049,24.6476,0.53
318,000318.png,False,1788890559.206949,1788890559.146950,normal_unload,10,,0.0,0.03933,0.0051,-1.15675,0.00093,0.00159,-0.00032,0.0573,0.01278,-1.14533,0.00019,0.00093,-0.00018,0.03954,0.00554,-1.15674,3,37.9432,362.839,36.9709,179.837,0.5871,-101.199,0.0081,24.659,0.5185
319,000319.png,False,1788890559.399033,1788890559.339033,normal_unload,10,,0.0,0.03529,0.00811,-1.04826,0.00071,0.00171,-0.0003,0.0533,0.01581,-1.03682,-3e-05,0.00105,-0.00016,0.03378,0.00787,-1.04831,3,37.9433,362.8417,36.9983,179.8368,0.5875,-101.199,0.0018,24.6864,0.4911
320,000320.png,False,1788890559.987118,1788890559.927118,normal_unload,10,,0.0,0.03439,0.00848,-0.83833,0.00092,0.00189,-0.00013,0.05251,0.01622,-0.82683,0.00018,0.00123,1e-05,0.03137,0.0111,-0.83842,3,37.9427,362.8438,37.0607,179.837,0.5883,-101.1987,0.0065,24.7489,0.4287
321,000321.png,False,1788890560.183101,1788890560.123101,normal_unload,10,,0.0,0.03318,0.00799,-0.65377,0.00075,0.00183,-8e-05,0.05133,0.01575,-0.64224,1e-05,0.00117,6e-05,0.02928,0.01303,-0.65387,3,37.9425,362.8449,37.1167,179.8369,0.5885,-101.199,0.0047,24.8049,0.3726
322,000322.png,False,1788890560.375099,1788890560.315099,normal_unload,10,,0.0,0.03256,0.00429,-0.65019,0.00083,0.0019,-0.00024,0.05075,0.01205,-0.63864,8e-05,0.00123,-9e-05,0.03057,0.00957,-0.65023,3,37.9449,362.8433,37.1132,179.8375,0.5881,-101.199,0.0079,24.8014,0.3761
323,000323.png,False,1788890560.571154,1788890560.511154,normal_unload,10,,0.0,0.02928,-0.00226,-0.4641,0.00078,0.00171,-0.0001,0.0475,0.00552,-0.45253,3e-05,0.00105,4e-05,0.02971,0.00524,-0.46405,3,37.945,362.8446,37.1774,179.8371,0.5893,-101.1992,0.0043,24.8656,0.3119
324,000324.png,False,1788890560.767149,1788890560.707150,normal_unload,10,,0.0,0.02935,0.0068,-0.48797,0.00069,0.00179,0.00011,0.0476,0.01459,-0.47637,-6e-05,0.00112,0.00025,0.02541,0.01273,-0.48807,3,37.9443,362.8468,37.188,179.8369,0.5897,-101.1996,0.0056,24.8762,0.3013
325,000325.png,False,1788890560.963170,1788890560.903170,normal_unload,10,,0.0,0.0247,0.00317,-0.30227,0.00062,0.0017,-0.0001,0.04299,0.01098,-0.29066,-0.00014,0.00103,4e-05,0.02191,0.01025,-0.30233,3,37.9446,362.8499,37.2567,179.8362,0.5913,-101.1998,0.0092,24.945,0.2325
326,000326.png,False,1788890565.839481,1788890565.779481,normal_load,11,,2.0,-0.02006,-0.01385,-0.26207,0.00127,0.0008,-0.00016,-0.00091,-0.00568,-0.24991,0.00049,0.0001,-1e-05,-0.00864,-0.02622,-0.26175,3,37.927,362.8126,37.3098,179.8404,0.5869,-101.2046,0.0058,24.9976,0.18
327,000327.png,False,1788890566.035490,1788890565.975490,normal_load,11,,2.0,-0.02065,-0.01248,-0.25819,0.00102,0.00071,-1e-05,-0.00147,-0.00429,-0.24601,0.00023,1e-05,0.00014,-0.00986,-0.02526,-0.25789,3,37.9257,362.8151,37.3142,179.8396,0.5884,-101.2044,0.0003,25.0021,0.1755
328,000328.png,False,1788890566.227515,1788890566.167516,normal_load,11,,2.0,-0.02257,-0.01569,-0.49361,0.00127,0.00057,-3e-05,-0.00336,-0.00748,-0.4814,0.00048,-0.00013,0.00012,-0.00829,-0.03277,-0.49321,3,37.9217,362.8076,37.1971,179.8402,0.587,-101.2037,0.0096,24.8849,0.2927
329,000329.png,False,1788890566.423629,1788890566.363629,normal_load,11,,2.0,-0.0174,-0.00521,-0.5352,0.00115,0.0007,-9e-05,0.00185,0.00301,-0.52297,0.00036,0.0,7e-05,-0.00876,-0.02178,-0.53499,3,37.9204,362.8146,37.189,179.8395,0.5886,-101.2038,0.0059,24.8769,0.3007
330,000330.png,False,1788890566.619442,1788890566.559443,normal_load,11,,2.0,-0.01321,0.01626,-0.90752,0.00061,0.00072,0.00018,0.00607,0.02449,-0.89527,-0.00018,1e-05,0.00033,-0.01327,-0.00706,-0.90764,3,37.9176,362.8297,37.0706,179.8382,0.5921,-101.2035,0.0033,24.7588,0.4188
331,000331.png,False,1788890566.815457,1788890566.755457,normal_load,11,,2.0,-0.01026,0.02091,-0.89146,0.00055,0.00077,4e-05,0.00905,0.02916,-0.87919,-0.00025,7e-05,0.00019,-0.01316,-0.0013,-0.89166,3,37.918,362.832,37.0733,179.8381,0.5923,-101.2035,0.0082,24.7615,0.4161
332,000332.png,False,1788890567.203577,1788890567.143577,normal_load,11,,2.0,-0.00624,0.03193,-1.23587,0.00047,0.00071,5e-05,0.01314,0.04021,-1.22356,-0.00033,0.0,0.0002,-0.01279,0.00474,-1.23623,3,37.9162,362.8329,36.9786,179.8383,0.5919,-101.2035,0.0062,24.6669,0.5107
333,000333.png,False,1788890567.595632,1788890567.535632,normal_load,11,,2.0,0.00413,0.05121,-1.49235,6e-05,0.00064,4e-05,0.02358,0.05952,-1.48,-0.00074,-7e-05,0.0002,-0.01166,0.02251,-1.49302,3,37.9139,362.8434,36.9185,179.8365,0.5963,-101.2033,0.0013,24.6069,0.5706
334,000334.png,False,1788890567.791657,1788890567.731657,normal_load,11,,2.0,0.00751,0.06918,-1.66903,-0.00042,0.00071,9e-05,0.027,0.07751,-1.65665,-0.00122,-0.0,0.00024,-0.01648,0.03693,-1.66999,3,37.9126,362.8523,36.8879,179.8355,0.5994,-101.2038,0.0064,24.5765,0.601
335,000335.png,False,1788890567.983646,1788890567.923646,normal_load,11,,2.0,0.01034,0.08665,-1.93065,-0.00072,0.00062,0.00021,0.02986,0.09499,-1.91825,-0.00153,-9e-05,0.00036,-0.02095,0.04929,-1.93187,3,37.9121,362.8574,36.8396,179.8346,0.6017,-101.2036,0.0043,24.5283,0.6493
336,000336.png,False,1788890569.351738,1788890569.291739,normal_unload,11,,0.0,0.0212,0.08571,-1.99239,-0.00047,0.00089,1e-05,0.04096,0.09416,-1.97984,-0.00128,0.00017,0.00016,-0.01065,0.05291,-1.99362,3,37.9133,362.8609,36.8236,179.8354,0.602,-101.2036,0.0004,24.5123,0.6652
337,000337.png,False,1788890569.547730,1788890569.487730,normal_unload,11,,0.0,0.01905,0.08793,-1.92066,-0.00086,0.00083,-0.0,0.03884,0.09638,-1.90809,-0.00167,0.00011,0.00015,-0.01411,0.0549,-1.92193,3,37.9138,362.8615,36.8306,179.836,0.6006,-101.2036,0.0094,24.5193,0.6582
338,000338.png,False,1788890569.739810,1788890569.679811,normal_unload,11,,0.0,0.01651,0.07373,-1.90695,-0.0005,0.00072,6e-05,0.03634,0.0822,-1.89435,-0.00131,-1e-05,0.00021,-0.00931,0.04156,-1.90797,3,37.9164,362.8516,36.8387,179.8372,0.5975,-101.204,0.0016,24.5272,0.6503
339,000339.png,False,1788890569.935777,1788890569.875777,normal_unload,11,,0.0,0.00931,0.0629,-1.88473,3e-05,0.00076,0.00011,0.02917,0.07138,-1.87212,-0.00079,3e-05,0.00027,-0.0103,0.02893,-1.88556,3,37.9155,362.852,36.8414,179.8373,0.5978,-101.2038,0.0033,24.53,0.6476
340,000340.png,False,1788890570.131855,1788890570.071856,normal_unload,11,,0.0,0.00449,0.0461,-1.77791,0.00023,0.00063,4e-05,0.02439,0.0546,-1.76527,-0.00059,-9e-05,0.0002,-0.00682,0.01369,-1.77845,3,37.9178,362.8439,36.8553,179.8386,0.5946,-101.2038,0.0091,24.5437,0.6338
341,000341.png,False,1788890570.327825,1788890570.267825,normal_unload,11,,0.0,0.00846,0.05958,-1.69346,2e-05,0.00088,0.00011,0.02839,0.06809,-1.6808,-0.0008,0.00015,0.00026,-0.0107,0.0287,-1.69425,3,37.9176,362.8476,36.8718,179.838,0.596,-101.204,0.0007,24.5603,0.6172
342,000342.png,False,1788890570.519712,1788890570.459712,normal_unload,11,,0.0,0.00785,0.05374,-1.65967,4e-05,0.00076,0.00017,0.02782,0.06227,-1.64699,-0.00078,3e-05,0.00033,-0.00854,0.02388,-1.66037,3,37.9179,362.8489,36.879,179.8381,0.5965,-101.204,0.0092,24.5675,0.61
343,000343.png,False,1788890570.715722,1788890570.655722,normal_unload,11,,0.0,0.01211,0.06384,-1.43003,-0.00022,0.00105,4e-05,0.03211,0.07239,-1.41733,-0.00104,0.00031,0.0002,-0.01149,0.03844,-1.43094,3,37.9153,362.8568,36.9244,179.837,0.5993,-101.2036,0.0022,24.6131,0.5645
344,000344.png,False,1788890570.911884,1788890570.851884,normal_unload,11,,0.0,0.00962,0.06319,-1.41684,-0.00026,0.00099,-0.0,0.02965,0.07175,-1.40412,-0.00108,0.00026,0.00016,-0.01342,0.03683,-1.41774,3,37.9161,362.856,36.9236,179.8373,0.599,-101.204,0.0046,24.6122,0.5653
345,000345.png,False,1788890571.107898,1788890571.047898,normal_unload,11,,0.0,0.00897,0.04921,-1.26102,-8e-05,0.00099,0.0,0.02904,0.05779,-1.24827,-0.0009,0.00026,0.00016,-0.00808,0.02691,-1.2617,3,37.9176,362.8516,36.9588,179.8376,0.5977,-101.2044,0.0083,24.6473,0.5302
346,000346.png,False,1788890571.303925,1788890571.243925,normal_unload,11,,0.0,0.00576,0.05016,-1.25304,-0.00013,0.00098,0.00015,0.02586,0.05875,-1.24027,-0.00096,0.00024,0.0003,-0.01139,0.02625,-1.25373,3,37.9173,362.8514,36.9616,179.8382,0.5974,-101.204,0.0027,24.6501,0.5275
347,000347.png,False,1788890571.495870,1788890571.435870,normal_unload,11,,0.0,0.00603,0.04404,-1.08812,0.00012,0.00111,0.00016,0.02617,0.05264,-1.07533,-0.00071,0.00038,0.00032,-0.00924,0.02373,-1.08873,3,37.919,362.846,37.0021,179.8389,0.5956,-101.2044,0.0067,24.6905,0.487
348,000348.png,False,1788890571.691884,1788890571.631884,normal_unload,11,,0.0,0.00241,0.0362,-1.08166,0.00024,0.00105,0.00012,0.02258,0.04482,-1.06885,-0.00059,0.00032,0.00028,-0.0085,0.01523,-1.08213,3,37.9189,362.846,37.0044,179.8389,0.5954,-101.2046,0.008,24.6928,0.4847
349,000349.png,False,1788890572.083927,1788890572.023927,normal_unload,11,,0.0,0.00446,0.03723,-0.86906,0.00018,0.00111,0.0001,0.0247,0.04587,-0.85621,-0.00066,0.00037,0.00026,-0.00871,0.02055,-0.86959,3,37.9197,362.8475,37.0588,179.8386,0.5969,-101.2047,0.0074,24.7472,0.4303
350,000350.png,False,1788890572.275972,1788890572.215972,normal_unload,11,,0.0,0.00347,0.03795,-0.65997,5e-05,0.00114,2e-05,0.02374,0.04661,-0.64709,-0.00078,0.0004,0.00018,-0.01138,0.02403,-0.66053,3,37.9177,362.852,37.1158,179.8383,0.5975,-101.2044,0.0031,24.8043,0.3732
351,000351.png,False,1788890572.471934,1788890572.411934,normal_unload,11,,0.0,0.00338,0.0375,-0.68091,7e-05,0.00125,0.00014,0.02368,0.04617,-0.66801,-0.00077,0.00051,0.0003,-0.01109,0.02326,-0.68146,3,37.9176,362.8554,37.1194,179.8381,0.5976,-101.2047,0.0098,24.808,0.3696
352,000352.png,False,1788890572.667935,1788890572.607935,normal_unload,11,,0.0,0.00267,0.03541,-0.50312,7e-05,0.00128,0.00011,0.02302,0.0441,-0.4902,-0.00076,0.00054,0.00027,-0.01189,0.02395,-0.50366,3,37.9186,362.8545,37.1797,179.838,0.5983,-101.2047,0.0048,24.8682,0.3093
353,000353.png,False,1788890572.864008,1788890572.804008,normal_unload,11,,0.0,0.00162,0.04192,-0.50046,-0.00023,0.00124,0.00027,0.022,0.05062,-0.48752,-0.00107,0.0005,0.00043,-0.01607,0.02909,-0.50111,3,37.918,362.8593,37.1844,179.8381,0.5988,-101.2047,0.0053,24.873,0.3045
354,000354.png,False,1788890573.252042,1788890573.192042,normal_unload,11,,0.0,0.00071,0.03274,-0.35303,0.00014,0.0013,0.00014,0.02116,0.04148,-0.34004,-0.00071,0.00056,0.0003,-0.01329,0.02306,-0.35355,3,37.917,362.8625,37.2599,179.8376,0.6005,-101.2044,0.0062,24.9486,0.2289
355,000355.png,False,1788890576.376101,1788890576.316101,normal_load,12,,2.0,-0.02683,-0.01526,-0.0773,0.00118,0.00097,4e-05,-0.00583,-0.00629,-0.06396,0.00031,0.00021,0.00021,-0.01508,-0.02786,-0.07697,3,37.9153,362.8276,37.4892,179.8421,0.5969,-101.2051,0.0052,25.1773,0.0003
356,000356.png,False,1788890576.960222,1788890576.900223,normal_load,12,,2.0,-0.02734,-0.02141,-0.23071,0.00129,0.00084,3e-05,-0.00624,-0.0124,-0.21731,0.00042,7e-05,0.00019,-0.01138,-0.0359,-0.23025,3,37.919,362.8132,37.3351,179.8438,0.5924,-101.2053,0.0028,25.023,0.1545
357,000357.png,False,1788890577.156238,1788890577.096238,normal_load,12,,2.0,-0.02671,-0.0169,-0.28795,0.00128,0.00084,0.00011,-0.00557,-0.00787,-0.27453,0.00042,6e-05,0.00028,-0.01269,-0.03259,-0.28756,3,37.9175,362.8152,37.3144,179.8442,0.5914,-101.2053,0.004,25.0023,0.1752
358,000358.png,False,1788890577.348169,1788890577.288169,normal_load,12,,2.0,-0.02752,-0.01024,-0.58447,0.00119,0.00077,0.0001,-0.00636,-0.0012,-0.57103,0.00032,-0.0,0.00026,-0.01467,-0.03198,-0.58415,3,37.9166,362.8156,37.1716,179.8449,0.5891,-101.2053,0.0065,24.8595,0.318
359,000359.png,False,1788890577.544285,1788890577.484285,normal_load,12,,2.0,-0.02392,-0.0096,-0.59735,0.00118,0.0008,0.00028,-0.00272,-0.00055,-0.58388,0.0003,3e-05,0.00045,-0.01178,-0.02984,-0.59704,3,37.9185,362.8147,37.1739,179.8449,0.5896,-101.2053,0.0038,24.8618,0.3157
360,000360.png,False,1788890577.740309,1788890577.680310,normal_load,12,,2.0,-0.02071,-0.00236,-0.94285,0.00111,0.00073,0.00016,0.00052,0.00671,-0.92936,0.00023,-4e-05,0.00033,-0.01023,-0.0275,-0.94263,3,37.917,362.8201,37.0575,179.8445,0.5908,-101.2053,0.0097,24.7455,0.432
361,000361.png,False,1788890577.936291,1788890577.876291,normal_load,12,,2.0,-0.01925,0.00346,-0.95508,0.00099,0.00086,0.00023,0.00202,0.01255,-0.94157,0.00012,8e-05,0.00039,-0.01179,-0.02192,-0.95495,3,37.9158,362.8237,37.0616,179.8441,0.5916,-101.2053,0.0008,24.7497,0.4279
362,000362.png,False,1788890578.324318,1788890578.264318,normal_load,12,,2.0,-0.01369,0.02259,-1.14629,0.00054,0.00076,0.00023,0.00765,0.0317,-1.13273,-0.00033,-2e-05,0.0004,-0.0152,-0.00564,-1.14648,3,37.9148,362.8286,37.006,179.8422,0.596,-101.2053,0.0052,24.6942,0.4833
363,000363.png,False,1788890578.520325,1788890578.460325,normal_load,12,,2.0,-0.00675,0.04453,-1.31473,0.0002,0.001,0.00026,0.01462,0.05366,-1.30116,-0.00067,0.00022,0.00043,-0.01898,0.01413,-1.31529,3,37.9122,362.8431,36.9689,179.8401,0.6019,-101.2051,0.0004,24.6573,0.5202
364,000364.png,False,1788890578.716346,1788890578.656346,normal_load,12,,2.0,-0.0127,0.02918,-1.73471,0.00067,0.00048,0.00026,0.0087,0.03833,-1.72111,-0.00022,-0.0003,0.00043,-0.01356,-0.00886,-1.73493,3,37.9144,362.8293,36.8762,179.8426,0.5955,-101.2051,0.0064,24.5644,0.6131
365,000365.png,False,1788890578.912339,1788890578.852340,normal_load,12,,2.0,-0.0091,0.03793,-1.7363,0.00052,0.0007,0.0002,0.01234,0.04709,-1.72268,-0.00036,-8e-05,0.00037,-0.0148,0.00049,-1.73668,3,37.9135,362.836,36.8801,179.8419,0.5973,-101.2051,0.0005,24.5684,0.6091
366,000366.png,False,1788890580.080432,1788890580.020432,normal_unload,12,,0.0,-0.00278,0.04724,-1.89563,0.00028,0.00073,0.00037,0.01887,0.05649,-1.88188,-0.00061,-6e-05,0.00054,-0.01286,0.00916,-1.89616,3,37.9156,362.8387,36.8439,179.8418,0.5982,-101.2053,0.0081,24.5322,0.6453
367,000367.png,False,1788890580.276448,1788890580.216448,normal_unload,12,,0.0,-0.00637,0.03927,-1.61377,0.00044,0.00074,0.00032,0.01531,0.04853,-1.6,-0.00045,-5e-05,0.00049,-0.01395,0.00498,-1.61419,3,37.914,362.8366,36.9092,179.842,0.5976,-101.2051,0.0008,24.5975,0.58
368,000368.png,False,1788890580.472369,1788890580.412369,normal_unload,12,,0.0,-0.00916,0.03792,-1.52467,0.00036,0.00085,0.00022,0.01256,0.04719,-1.51088,-0.00054,6e-05,0.00039,-0.01631,0.00384,-1.52508,3,37.9154,362.8373,36.9064,179.8422,0.5976,-101.2055,0.0082,24.5947,0.5828
369,000369.png,False,1788890580.668474,1788890580.608474,normal_unload,12,,0.0,-0.00898,0.02538,-1.3553,0.00073,0.00076,0.00012,0.01277,0.03467,-1.34148,-0.00017,-4e-05,0.00029,-0.01106,-0.00422,-1.35551,3,37.9164,362.8321,36.9415,179.8428,0.5962,-101.2055,0.0066,24.6297,0.5478
370,000370.png,False,1788890580.860498,1788890580.800498,normal_unload,12,,0.0,-0.00944,0.02724,-1.37227,0.00058,0.00082,0.00028,0.01234,0.03655,-1.35844,-0.00032,2e-05,0.00045,-0.01228,-0.0031,-1.37252,3,37.9153,362.8325,36.9425,179.8429,0.596,-101.2053,0.003,24.6307,0.5468
371,000371.png,False,1788890581.056499,1788890580.996499,normal_unload,12,,0.0,-0.0156,0.01699,-1.17146,0.00096,0.00095,0.00028,0.00622,0.02631,-1.1576,6e-05,0.00015,0.00045,-0.01388,-0.01184,-1.17155,3,37.9163,362.8292,36.9864,179.8433,0.595,-101.2057,0.0091,24.6746,0.5029
372,000372.png,False,1788890581.252423,1788890581.192423,normal_unload,12,,0.0,-0.01508,0.01815,-1.03763,0.00072,0.00088,7e-05,0.00677,0.02749,-1.02375,-0.00018,8e-05,0.00024,-0.01494,-0.00844,-1.03775,3,37.9157,362.8339,37.0189,179.8426,0.5961,-101.2057,0.0007,24.7071,0.4704
373,000373.png,False,1788890581.448526,1788890581.388526,normal_unload,12,,0.0,-0.01598,0.01569,-0.94139,0.00082,0.0009,-8e-05,0.0059,0.02504,-0.92749,-8e-05,0.0001,9e-05,-0.01515,-0.00948,-0.94149,3,37.9173,362.8299,37.0379,179.8428,0.5955,-101.2059,0.0072,24.726,0.4515
374,000374.png,False,1788890581.640540,1788890581.580540,normal_unload,12,,0.0,-0.01787,0.0194,-0.81178,0.00061,0.00102,-4e-05,0.00405,0.02876,-0.79786,-0.0003,0.00022,0.00013,-0.01955,-0.00513,-0.81196,3,37.9161,362.8347,37.0789,179.8424,0.5972,-101.206,0.0018,24.7672,0.4103
375,000375.png,False,1788890581.836545,1788890581.776545,normal_unload,12,,0.0,-0.01337,0.01801,-0.74841,0.00062,0.00103,4e-05,0.00859,0.02739,-0.73447,-0.00029,0.00023,0.00022,-0.01539,-0.00307,-0.74858,3,37.9153,362.8345,37.0949,179.8426,0.5966,-101.2057,0.0076,24.7831,0.3944
376,000376.png,False,1788890582.032566,1788890581.972566,normal_unload,12,,0.0,-0.01486,0.01975,-0.61682,0.00066,0.00119,9e-05,0.00713,0.02914,-0.60286,-0.00024,0.00039,0.00027,-0.01846,-0.0002,-0.61704,3,37.9166,362.8375,37.1438,179.8423,0.5968,-101.2062,0.0066,24.8321,0.3454
377,000377.png,False,1788890582.228589,1788890582.168589,normal_unload,12,,0.0,-0.01675,0.01525,-0.55288,0.00052,0.00103,0.0,0.00528,0.02466,-0.53889,-0.00039,0.00023,0.00018,-0.01829,-0.00401,-0.55303,3,37.9177,362.8332,37.1571,179.8429,0.596,-101.2064,0.0012,24.8453,0.3323
378,000378.png,False,1788890582.424590,1788890582.364590,normal_unload,12,,0.0,-0.01403,0.0195,-0.39968,0.00044,0.00121,-1e-05,0.00803,0.02892,-0.38567,-0.00047,0.00041,0.00016,-0.01912,0.00348,-0.39993,3,37.9147,362.8417,37.2182,179.8418,0.5989,-101.2062,0.0045,24.9065,0.271
379,000379.png,False,1788890582.616624,1788890582.556624,normal_unload,12,,0.0,-0.01876,0.01048,-0.4212,0.00076,0.0012,0.00032,0.00334,0.01991,-0.40717,-0.00015,0.00039,0.00049,-0.01856,-0.00705,-0.42128,3,37.9151,362.8381,37.2339,179.8421,0.598,-101.2062,0.0066,24.9222,0.2554
380,000380.png,False,1788890586.520869,1788890586.460869,normal_load,13,,2.0,-0.02828,-0.01366,-0.26201,0.00133,0.00102,-2e-05,-0.0055,-0.00393,-0.24754,0.00039,0.00019,0.00016,-0.01586,-0.03016,-0.26168,3,37.9229,362.8184,37.3016,179.8468,0.5901,-101.2088,0.002,24.9896,0.188
381,000381.png,False,1788890586.908885,1788890586.848886,normal_load,13,,2.0,-0.02013,-0.00302,-0.5141,0.00108,0.0011,-0.00028,0.00271,0.00674,-0.49959,0.00014,0.00027,-0.0001,-0.01236,-0.02091,-0.51393,3,37.9216,362.8335,37.172,179.8463,0.5932,-101.2088,0.0032,24.8602,0.3173
382,000382.png,False,1788890587.104903,1788890587.044904,normal_load,13,,2.0,-0.01716,0.00515,-0.77999,0.00085,0.00098,-0.00028,0.00572,0.01493,-0.76546,-9e-05,0.00015,-0.0001,-0.01203,-0.01661,-0.77993,3,37.9222,362.8333,37.0958,179.8454,0.5956,-101.2088,0.009,24.784,0.3936
383,000383.png,False,1788890587.300972,1788890587.240972,normal_load,13,,2.0,-0.01992,-0.0036,-0.90474,0.00123,0.00087,8e-05,0.003,0.00619,-0.89018,0.00028,3e-05,0.00026,-0.00918,-0.02756,-0.9045,3,37.9248,362.828,37.056,179.8458,0.5956,-101.2088,0.0019,24.744,0.4335
384,000384.png,False,1788890587.496967,1788890587.436967,normal_load,13,,2.0,-0.00907,0.02372,-1.10538,0.00067,0.00098,-4e-05,0.01388,0.03352,-1.09081,-0.00028,0.00014,0.00014,-0.01204,-0.0017,-1.10561,3,37.9212,362.8402,37.0132,179.8446,0.5981,-101.2086,0.0037,24.7015,0.476
385,000385.png,False,1788890587.689051,1788890587.629051,normal_load,13,,2.0,-0.00046,0.0473,-1.29032,0.00028,0.0012,-4e-05,0.02252,0.05712,-1.27572,-0.00067,0.00036,0.00014,-0.01508,0.02007,-1.29094,3,37.9193,362.8531,36.9666,179.8436,0.6005,-101.2086,0.0077,24.6551,0.5224
386,000386.png,False,1788890587.884991,1788890587.824991,normal_load,13,,2.0,0.0006,0.05413,-1.3823,8e-05,0.00121,-6e-05,0.02361,0.06396,-1.36768,-0.00087,0.00037,0.00012,-0.01694,0.02504,-1.38303,3,37.9203,362.8541,36.9457,179.8431,0.6024,-101.209,0.0026,24.6343,0.5433
387,000387.png,False,1788890588.080882,1788890588.020882,normal_load,13,,2.0,-0.00077,0.04582,-1.73535,0.00031,0.00091,9e-05,0.02229,0.05567,-1.72071,-0.00064,6e-05,0.00028,-0.01152,0.0115,-1.73588,3,37.9199,362.8554,36.8702,179.8444,0.6004,-101.2086,0.0048,24.5587,0.6188
388,000388.png,False,1788890588.276953,1788890588.216953,normal_load,13,,2.0,0.00267,0.05207,-1.75318,0.00016,0.00111,7e-05,0.02576,0.06193,-1.73851,-0.00079,0.00026,0.00025,-0.01155,0.01835,-1.75382,3,37.9199,362.8547,36.8719,179.8443,0.6006,-101.2088,0.0097,24.5604,0.6171
389,000389.png,False,1788890588.469022,1788890588.409022,normal_load,13,,2.0,0.00698,0.05783,-1.87027,7e-05,0.00101,-7e-05,0.0301,0.06771,-1.85559,-0.00088,0.00017,0.00012,-0.00988,0.02362,-1.87101,3,37.9212,362.8556,36.8461,179.8438,0.6018,-101.209,0.0049,24.5347,0.6428
390,000390.png,False,1788890590.421163,1788890590.361163,normal_unload,13,,0.0,0.00956,0.04533,-1.86334,0.00056,0.00102,-7e-05,0.03302,0.05536,-1.84844,-0.00041,0.00016,0.00011,-0.00145,0.01419,-1.86386,3,37.925,362.8486,36.8434,179.8468,0.5973,-101.209,0.0008,24.5318,0.6457
391,000391.png,False,1788890590.617141,1788890590.557142,normal_unload,13,,0.0,0.00451,0.03665,-1.81862,0.00062,0.00098,7e-05,0.028,0.04669,-1.80369,-0.00035,0.00012,0.00025,-0.0018,0.00486,-1.81899,3,37.9242,362.8486,36.8467,179.8471,0.597,-101.2088,0.0061,24.5352,0.6423
392,000392.png,False,1788890591.009076,1788890590.949076,normal_unload,13,,0.0,0.00251,0.03069,-1.65289,0.00081,0.00101,-0.00028,0.02607,0.04076,-1.63792,-0.00016,0.00015,-9e-05,-0.0017,0.00136,-1.65318,4,37.9257,362.8454,36.8779,179.8476,0.5965,-101.2092,0.0074,24.5663,0.6112
393,000393.png,False,1788890591.397183,1788890591.337183,normal_unload,13,,0.0,0.00695,0.0359,-1.38179,0.00038,0.00125,-0.00044,0.03058,0.04599,-1.36678,-0.00059,0.00038,-0.00026,-0.00234,0.01242,-1.38222,3,37.9264,362.8513,36.9227,179.8474,0.598,-101.2099,0.0069,24.6112,0.5664
394,000394.png,False,1788890591.593226,1788890591.533226,normal_unload,13,,0.0,0.0053,0.0333,-1.34013,0.0005,0.00123,-0.0002,0.02897,0.04341,-1.32509,-0.00048,0.00036,-2e-05,-0.00276,0.01002,-1.34051,3,37.9271,362.8495,36.9323,179.8476,0.5976,-101.2099,0.0053,24.6207,0.5568
395,000395.png,False,1788890591.981264,1788890591.921264,normal_unload,13,,0.0,0.00637,0.0333,-1.18398,0.00078,0.0015,-0.00023,0.0301,0.04344,-1.1689,-0.0002,0.00063,-5e-05,-0.00291,0.01305,-1.18438,3,37.9281,362.85,36.9715,179.8476,0.5976,-101.2103,0.001,24.66,0.5176
396,000396.png,False,1788890592.177241,1788890592.117241,normal_unload,13,,0.0,0.00942,0.03454,-1.02871,0.00042,0.00141,-4e-05,0.03319,0.0447,-1.01361,-0.00056,0.00054,0.00014,-0.00197,0.01814,-1.02917,3,37.928,362.8555,37.0101,179.8478,0.5982,-101.2103,0.0046,24.6986,0.4789
397,000397.png,False,1788890592.373243,1788890592.313243,normal_unload,13,,0.0,0.00496,0.02769,-1.02616,0.00065,0.00141,-9e-05,0.02876,0.03786,-1.01104,-0.00033,0.00054,9e-05,-0.00242,0.01002,-1.0265,3,37.9279,362.851,37.0108,179.8481,0.5976,-101.2103,0.0099,24.6992,0.4783
398,000398.png,False,1788890592.761298,1788890592.701298,normal_unload,13,,0.0,0.0042,0.02455,-0.85528,0.00062,0.00144,3e-05,0.02807,0.03474,-0.84012,-0.00036,0.00057,0.00021,-0.0027,0.00966,-0.85559,3,37.928,362.85,37.0561,179.848,0.5978,-101.2103,0.0047,24.7445,0.433
399,000399.png,False,1788890593.153296,1788890593.093296,normal_unload,13,,0.0,0.0043,0.01887,-0.6407,0.00072,0.0016,-0.00022,0.02824,0.0291,-0.62549,-0.00026,0.00073,-3e-05,-0.00126,0.00823,-0.64094,3,37.93,362.8555,37.123,179.8481,0.5986,-101.211,0.0042,24.8115,0.3661
400,000400.png,False,1788890593.545364,1788890593.485364,normal_unload,13,,0.0,0.00282,0.01873,-0.4626,0.00061,0.00164,-0.00018,0.02683,0.02898,-0.44735,-0.00037,0.00076,1e-05,-0.00371,0.01022,-0.46286,4,37.9301,362.857,37.1929,179.848,0.599,-101.2112,0.0045,24.8814,0.2961
401,000401.png,False,1788890593.737359,1788890593.677359,normal_unload,13,,0.0,0.0012,0.01433,-0.32298,0.00077,0.00166,-5e-05,0.02524,0.02461,-0.30771,-0.00022,0.00078,0.00014,-0.00389,0.00784,-0.32318,3,37.9303,362.8555,37.2537,179.848,0.6001,-101.211,0.0049,24.9421,0.2354
402,000402.png,False,1788890593.933381,1788890593.873381,normal_unload,13,,0.0,0.00057,0.0214,-0.23642,0.00054,0.00165,-0.00015,0.02465,0.03169,-0.22113,-0.00045,0.00077,4e-05,-0.00856,0.01503,-0.23676,3,37.9299,362.8597,37.2993,179.8471,0.6019,-101.2112,0.0096,24.9878,0.1897
403,000403.png,False,1788890598.225672,1788890598.165673,normal_load,14,,2.0,-0.02899,-0.01282,-0.13909,0.00148,0.00111,-0.00019,-0.00416,-0.00221,-0.12331,0.00046,0.00021,0.0,-0.01775,-0.02782,-0.13879,3,37.9254,362.8149,37.3969,179.8519,0.5959,-101.2142,0.0033,25.0847,0.0928
404,000404.png,False,1788890598.421715,1788890598.361716,normal_load,14,,2.0,-0.03498,-0.01344,-0.18206,0.00132,0.00083,-0.00015,-0.01012,-0.00281,-0.16626,0.0003,-8e-05,5e-05,-0.02233,-0.03203,-0.18173,3,37.9204,362.8078,37.3445,179.8536,0.5923,-101.2133,0.0032,25.0323,0.1453
405,000405.png,False,1788890598.617706,1788890598.557706,normal_load,14,,2.0,-0.03068,-0.00656,-0.30784,0.00125,0.0009,0.0,-0.00578,0.00408,-0.29202,0.00023,-1e-05,0.0002,-0.02117,-0.02595,-0.30762,3,37.918,362.8161,37.295,179.8524,0.5951,-101.2129,0.0097,24.9829,0.1947
406,000406.png,False,1788890598.809670,1788890598.749671,normal_load,14,,2.0,-0.03248,-0.01034,-0.40744,0.00135,0.00083,-0.00015,-0.00754,0.00031,-0.3916,0.00033,-8e-05,5e-05,-0.02014,-0.03171,-0.40713,3,37.9196,362.8112,37.2362,179.8537,0.5921,-101.2131,0.0035,24.924,0.2535
407,000407.png,False,1788890599.005609,1788890598.945609,normal_load,14,,2.0,-0.02749,0.00446,-0.50817,0.00099,0.00075,-0.0002,-0.00252,0.01512,-0.49231,-4e-05,-0.00016,0.0,-0.02252,-0.01802,-0.50811,3,37.918,362.8211,37.189,179.8524,0.5953,-101.2133,0.0087,24.877,0.3005
408,000408.png,False,1788890599.397708,1788890599.337708,normal_load,14,,2.0,-0.02589,0.0213,-0.8377,0.00082,0.00094,-0.00011,-0.00085,0.032,-0.82179,-0.00021,2e-05,9e-05,-0.02726,-0.00791,-0.83789,3,37.914,362.8285,37.0819,179.8512,0.5984,-101.2127,0.0003,24.7701,0.4075
409,000409.png,False,1788890599.589662,1788890599.529662,normal_load,14,,2.0,-0.02139,0.02774,-1.04897,0.00082,0.00089,-0.00021,0.00368,0.03845,-1.03304,-0.00022,-3e-05,-1e-05,-0.02512,-0.00346,-1.04925,3,37.9146,362.8313,37.0194,179.8509,0.599,-101.2131,0.0082,24.7076,0.4699
410,000410.png,False,1788890600.177819,1788890600.117819,normal_load,14,,2.0,-0.00811,0.05128,-1.39543,0.00026,0.00095,4e-05,0.01707,0.06203,-1.37944,-0.00078,3e-05,0.00024,-0.02297,0.01801,-1.39609,3,37.914,362.8406,36.9385,179.85,0.6026,-101.2132,0.0043,24.6269,0.5507
411,000411.png,False,1788890600.373802,1788890600.313802,normal_load,14,,2.0,-0.00393,0.05834,-1.635,0.00027,0.00089,-0.00023,0.02128,0.06911,-1.61898,-0.00076,-3e-05,-3e-05,-0.02122,0.02237,-1.63575,3,37.9125,362.8458,36.8915,179.8493,0.6042,-101.2127,0.0097,24.58,0.5975
412,000412.png,False,1788890601.345843,1788890601.285843,normal_unload,14,,0.0,0.00371,0.0701,-1.85639,-3e-05,0.00091,-0.00014,0.0291,0.08094,-1.84027,-0.00108,-1e-05,6e-05,-0.01894,0.03283,-1.85733,3,37.9143,362.8526,36.8433,179.8498,0.6055,-101.2129,0.0089,24.5319,0.6457
413,000413.png,False,1788890601.541784,1788890601.481784,normal_unload,14,,0.0,0.00072,0.05821,-1.82826,0.00037,0.00098,-5e-05,0.02614,0.06907,-1.81211,-0.00068,5e-05,0.00015,-0.01578,0.02149,-1.82899,3,37.9148,362.8478,36.8495,179.8507,0.6043,-101.2129,0.0035,24.538,0.6396
414,000414.png,False,1788890601.737794,1788890601.677794,normal_unload,14,,0.0,-0.00408,0.04045,-1.61158,0.00056,0.00081,4e-05,0.02137,0.05132,-1.59541,-0.00049,-0.00012,0.00024,-0.01257,0.00718,-1.61203,3,37.9182,362.8387,36.8845,179.8524,0.6007,-101.2131,0.0021,24.5729,0.6047
415,000415.png,False,1788890601.933920,1788890601.873920,normal_unload,14,,0.0,-0.00475,0.04424,-1.59344,0.00064,0.00099,-4e-05,0.02073,0.05513,-1.57725,-0.00041,6e-05,0.00016,-0.01517,0.01042,-1.59395,3,37.9159,362.8438,36.898,179.8516,0.6025,-101.2129,0.0071,24.5864,0.5911
416,000416.png,False,1788890602.321896,1788890602.261896,normal_unload,14,,0.0,0.00711,0.05488,-1.31572,0.00012,0.00133,0.00013,0.03267,0.0658,-1.29949,-0.00093,0.00039,0.00033,-0.01214,0.03001,-1.31649,3,37.9184,362.8487,36.9562,179.8519,0.6043,-101.2134,0.003,24.6447,0.5328
417,000417.png,False,1788890602.517951,1788890602.457952,normal_unload,14,,0.0,3e-05,0.04512,-1.19883,0.00027,0.00122,-0.00011,0.02561,0.05605,-1.18258,-0.00078,0.00029,9e-05,-0.01421,0.01989,-1.19943,3,37.92,362.8461,36.9669,179.8526,0.6036,-101.2134,0.0085,24.6553,0.5222
418,000418.png,False,1788890602.713987,1788890602.653987,normal_unload,14,,0.0,-2e-05,0.03952,-1.10677,0.00041,0.0013,-2e-05,0.02561,0.05047,-1.09049,-0.00065,0.00036,0.00018,-0.01209,0.01649,-1.10728,3,37.9194,362.8466,36.9928,179.8532,0.6027,-101.2129,0.0061,24.6812,0.4963
419,000419.png,False,1788890602.910026,1788890602.850026,normal_unload,14,,0.0,-0.00311,0.03717,-1.04976,0.00061,0.00132,-0.0001,0.02255,0.04813,-1.03346,-0.00045,0.00038,0.00011,-0.01398,0.01382,-1.05023,3,37.9207,362.8454,37.0063,179.8533,0.6025,-101.2134,0.0007,24.6947,0.4829
420,000420.png,False,1788890603.298045,1788890603.238045,normal_unload,14,,0.0,-0.00072,0.02823,-0.84137,0.00055,0.00132,-8e-05,0.025,0.03922,-0.82503,-0.00051,0.00038,0.00012,-0.0089,0.01061,-0.84173,3,37.9207,362.8438,37.0589,179.8536,0.6028,-101.2129,0.0005,24.7473,0.4303
421,000421.png,False,1788890603.690012,1788890603.630012,normal_unload,14,,0.0,-0.00083,0.02945,-0.6732,0.00064,0.00145,-0.00011,0.02496,0.04047,-0.65682,-0.00042,0.00051,0.0001,-0.01077,0.0143,-0.67361,3,37.921,362.8457,37.112,179.8533,0.6043,-101.2136,0.0057,24.8004,0.3771
422,000422.png,False,1788890604.078042,1788890604.018042,normal_unload,14,,0.0,-0.00547,0.02702,-0.50278,0.00067,0.00159,-5e-05,0.02039,0.03806,-0.48635,-0.00039,0.00064,0.00015,-0.01475,0.01261,-0.50316,3,37.9226,362.8481,37.1753,179.8535,0.6042,-101.2138,0.0054,24.8637,0.3138
423,000423.png,False,1788890604.274058,1788890604.214058,normal_unload,14,,0.0,-0.00492,0.02328,-0.32257,0.0004,0.00146,2e-05,0.02098,0.03434,-0.30612,-0.00067,0.00051,0.00022,-0.01366,0.01254,-0.32292,3,37.922,362.8507,37.2492,179.8535,0.6061,-101.2136,0.0001,24.9377,0.2399
424,000424.png,False,1788890604.666011,1788890604.606011,normal_unload,14,,0.0,-0.00881,0.01837,-0.1373,0.00063,0.00145,-0.00031,0.01715,0.02946,-0.1208,-0.00044,0.0005,-0.0001,-0.01586,0.0093,-0.13758,3,37.9234,362.8521,37.3423,179.8532,0.6076,-101.2138,0.0041,25.0307,0.1468
425,000425.png,False,1788890608.370331,1788890608.310331,normal_load,15,,2.0,-0.03486,-0.0216,-0.25501,0.0017,0.00087,-0.00031,-0.00824,-0.01023,-0.2381,0.0006,-0.0001,-0.0001,-0.01763,-0.04021,-0.25452,3,37.9114,362.8072,37.3013,179.86,0.5943,-101.2135,0.0032,24.9891,0.1885
426,000426.png,False,1788890608.566251,1788890608.506251,normal_load,15,,2.0,-0.03199,-0.02037,-0.51926,0.00171,0.00089,-0.00011,-0.00534,-0.00899,-0.50233,0.00061,-8e-05,9e-05,-0.01393,-0.04195,-0.51876,3,37.9147,362.804,37.192,179.861,0.5924,-101.214,0.0098,24.8798,0.2977
427,000427.png,False,1788890608.762366,1788890608.702366,normal_load,15,,2.0,-0.02519,-0.00754,-0.54636,0.00136,0.00085,-0.00025,0.0015,0.00386,-0.52941,0.00026,-0.00013,-4e-05,-0.01426,-0.02787,-0.5461,3,37.9127,362.8158,37.1759,179.8598,0.5954,-101.214,0.0046,24.8638,0.3137
428,000428.png,False,1788890608.958364,1788890608.898365,normal_load,15,,2.0,-0.01801,-0.00831,-0.85437,0.00133,0.00099,-1e-05,0.00871,0.00311,-0.8374,0.00023,1e-05,0.0002,-0.00552,-0.02988,-0.85406,3,37.9195,362.8158,37.0556,179.8605,0.5934,-101.2153,0.0008,24.7435,0.434
429,000429.png,False,1788890609.346457,1788890609.286458,normal_load,15,,2.0,0.00523,0.00352,-1.21356,0.00141,0.00144,-5e-05,0.03202,0.01497,-1.19654,0.00031,0.00046,0.00016,0.01118,-0.01378,-1.21344,3,37.9295,362.8229,36.9805,179.8594,0.5969,-101.217,0.0034,24.6685,0.5091
430,000430.png,False,1788890609.930428,1788890609.870428,normal_load,15,,2.0,0.02043,0.02179,-1.41011,0.00099,0.00163,0.00013,0.04732,0.03328,-1.39303,-0.00012,0.00064,0.00034,0.01659,0.00649,-1.41031,3,37.934,362.8311,36.9378,179.8573,0.6029,-101.2179,0.0034,24.6259,0.5517
431,000431.png,False,1788890610.906487,1788890610.846488,normal_unload,15,,0.0,0.03144,0.0267,-1.93546,0.00106,0.00159,-0.00025,0.05851,0.03826,-1.91827,-6e-05,0.0006,-3e-05,0.02732,0.00783,-1.93569,3,37.9363,362.8367,36.8279,179.8573,0.6036,-101.2182,0.0011,24.516,0.6615
432,000432.png,False,1788890611.102566,1788890611.042567,normal_unload,15,,0.0,0.04243,0.05978,-1.62156,9e-05,0.00213,-0.00014,0.06952,0.07136,-1.60435,-0.00103,0.00114,7e-05,0.01812,0.047,-1.62243,3,37.9345,362.8571,36.8816,179.8549,0.6101,-101.2184,0.0043,24.5702,0.6074
433,000433.png,False,1788890611.686465,1788890611.626465,normal_unload,15,,0.0,0.03816,0.02752,-1.36699,0.00077,0.00193,-0.00025,0.06536,0.03914,-1.34972,-0.00035,0.00094,-3e-05,0.02878,0.021,-1.36734,3,37.9379,362.8457,36.9292,179.8556,0.6083,-101.2188,0.0096,24.6175,0.5601
434,000434.png,False,1788890612.078582,1788890612.018582,normal_unload,15,,0.0,0.03021,0.01206,-1.25005,0.00123,0.00203,0.0,0.05747,0.02371,-1.23273,0.00011,0.00104,0.00022,0.02881,0.00551,-1.25013,3,37.9413,362.837,36.9613,179.8569,0.6056,-101.2188,0.0007,24.6494,0.5281
435,000435.png,False,1788890612.466604,1788890612.406604,normal_unload,15,,0.0,0.0317,0.01541,-1.02241,0.00089,0.00201,2e-05,0.05903,0.02709,-1.00505,-0.00023,0.00101,0.00024,0.02685,0.0128,-1.02259,3,37.9406,362.8458,37.0173,179.8567,0.6068,-101.2188,0.0047,24.7056,0.4719
436,000436.png,False,1788890612.858603,1788890612.798604,normal_unload,15,,0.0,0.03145,0.01151,-0.82383,0.00098,0.00225,0.00016,0.05885,0.02322,-0.80642,-0.00015,0.00125,0.00038,0.0272,0.01249,-0.82396,3,37.942,362.8449,37.086,179.8562,0.6081,-101.2193,0.0076,24.7742,0.4033
437,000437.png,False,1788890613.054640,1788890612.994640,normal_unload,15,,0.0,0.02577,0.01052,-0.65416,0.00097,0.00221,-1e-05,0.05321,0.02224,-0.63673,-0.00016,0.00121,0.0002,0.02161,0.01151,-0.65429,3,37.9419,362.8446,37.1193,179.8559,0.6089,-101.2193,0.0028,24.8075,0.37
438,000438.png,False,1788890613.250652,1788890613.190652,normal_unload,15,,0.0,0.0231,0.00178,-0.56485,0.00114,0.00205,-0.00019,0.05057,0.01351,-0.54739,1e-05,0.00105,2e-05,0.02304,0.00403,-0.56484,3,37.9429,362.8409,37.1502,179.8567,0.6073,-101.2193,0.0049,24.8384,0.3392
439,000439.png,False,1788890613.638703,1788890613.578703,normal_unload,15,,0.0,0.02007,-0.00068,-0.39561,0.00109,0.00211,-0.00016,0.04761,0.01108,-0.37812,-4e-05,0.0011,6e-05,0.02047,0.0031,-0.39558,3,37.942,362.8438,37.225,179.8558,0.6091,-101.2193,0.0011,24.9132,0.2643
440,000440.png,False,1788890614.030711,1788890613.970711,normal_unload,15,,0.0,0.01702,0.00629,-0.19635,0.00085,0.00213,-8e-05,0.04463,0.01809,-0.17882,-0.00029,0.00112,0.00014,0.01296,0.01081,-0.19647,3,37.9416,362.8568,37.325,179.855,0.6128,-101.2195,0.0084,25.0134,0.1641
441,000441.png,False,1788890618.126890,1788890618.066890,normal_load,16,,2.0,-0.01728,-0.01233,-0.46459,0.00127,0.00104,-0.00027,0.01105,-0.00023,-0.4466,0.00011,1e-05,-4e-05,-0.00559,-0.02676,-0.46428,3,37.9267,362.828,37.2066,179.8598,0.6041,-101.2223,0.001,24.8946,0.2829
442,000442.png,False,1788890618.515016,1788890618.455016,normal_load,16,,2.0,-0.0142,0.00561,-0.81806,0.00094,0.00101,-0.0001,0.0142,0.01774,-0.80002,-0.00022,-3e-05,0.00012,-0.00943,-0.01534,-0.818,3,37.9256,362.8329,37.0852,179.8593,0.6053,-101.2225,0.0021,24.7733,0.4042
443,000443.png,False,1788890618.907062,1788890618.847062,normal_load,16,,2.0,-0.01628,0.0032,-1.13784,0.00147,0.00104,-0.00022,0.01219,0.01536,-1.11976,0.0003,0.0,1e-05,-0.00781,-0.02359,-1.13769,3,37.9275,362.826,37.0013,179.8589,0.6068,-101.2223,0.008,24.6893,0.4882
444,000444.png,False,1788890620.663066,1788890620.603066,normal_unload,16,,0.0,0.01195,0.06282,-1.89978,0.00025,0.00126,-4e-05,0.04072,0.07511,-1.8815,-0.00093,0.00021,0.00018,-0.00787,0.02994,-1.9006,3,37.9244,362.8518,36.8379,179.8574,0.6125,-101.2223,0.0019,24.5264,0.6512
445,000445.png,False,1788890621.051091,1788890620.991091,normal_unload,16,,0.0,0.00888,0.06141,-1.59295,0.00012,0.0015,-3e-05,0.03773,0.07373,-1.57463,-0.00107,0.00045,0.0002,-0.01194,0.03211,-1.59379,3,37.9233,362.8581,36.8929,179.856,0.6162,-101.2223,0.0047,24.5815,0.596
446,000446.png,False,1788890621.639251,1788890621.579251,normal_unload,16,,0.0,0.00189,0.04052,-1.40922,0.00071,0.00146,0.00013,0.03083,0.05289,-1.39083,-0.00048,0.00041,0.00036,-0.00884,0.01346,-1.40971,3,37.9259,362.8479,36.9308,179.8582,0.6117,-101.2223,0.0033,24.6192,0.5583
447,000447.png,False,1788890622.027158,1788890621.967159,normal_unload,16,,0.0,0.00115,0.02396,-1.2167,0.00087,0.00138,0.00011,0.03017,0.03636,-1.19827,-0.00032,0.00032,0.00033,-0.00254,0.00184,-1.21693,3,37.9276,362.8403,36.9724,179.8588,0.6103,-101.2223,0.0013,24.6607,0.5169
448,000448.png,False,1788890622.223262,1788890622.163262,normal_unload,16,,0.0,-0.00405,0.02033,-0.99142,0.00088,0.00136,-0.00018,0.025,0.03274,-0.97297,-0.00031,0.0003,4e-05,-0.0068,-0.0003,-0.99161,3,37.9275,362.8434,37.0174,179.8586,0.6111,-101.2223,0.0165,24.7057,0.4718
449,000449.png,False,1788890622.615284,1788890622.555285,normal_unload,16,,0.0,-0.00564,0.01844,-0.8179,0.00084,0.00155,-5e-05,0.02348,0.03088,-0.79941,-0.00036,0.00049,0.00018,-0.00843,6e-05,-0.81809,3,37.9293,362.8409,37.068,179.8586,0.6111,-101.2228,0.0008,24.7562,0.4213
450,000450.png,False,1788890622.807298,1788890622.747298,normal_unload,16,,0.0,-0.00027,0.024,-0.70154,0.00071,0.0017,-7e-05,0.02889,0.03645,-0.68302,-0.00049,0.00063,0.00016,-0.00736,0.00941,-0.70185,3,37.927,362.8522,37.1079,179.8579,0.613,-101.2225,0.0039,24.7964,0.3812
451,000451.png,False,1788890623.395298,1788890623.335298,normal_unload,16,,0.0,-0.005,0.01796,-0.48721,0.00081,0.00166,0.0001,0.02426,0.03046,-0.46863,-0.00039,0.00059,0.00033,-0.00993,0.00525,-0.48744,3,37.9271,362.8516,37.1913,179.8584,0.6129,-101.2225,0.0059,24.8797,0.2978
452,000452.png,False,1788890623.783361,1788890623.723361,normal_unload,16,,0.0,-0.00713,0.01204,-0.28044,0.00087,0.00165,-0.00013,0.0222,0.02457,-0.26181,-0.00034,0.00057,0.0001,-0.01024,0.00238,-0.28059,3,37.9275,362.8527,37.2773,179.8583,0.6143,-101.2225,0.0049,24.9657,0.2118
453,000453.png,False,1788890623.979411,1788890623.919411,normal_unload,16,,0.0,-0.01031,0.01835,-0.17112,0.00077,0.00173,1e-05,0.01905,0.03089,-0.15248,-0.00044,0.00066,0.00024,-0.01691,0.00799,-0.1714,3,37.9271,362.8584,37.3513,179.8578,0.6157,-101.2228,0.0026,25.0398,0.1377
454,000454.png,False,1788890626.907478,1788890626.847478,normal_load,17,,2.0,-0.02893,0.00243,-0.50481,0.0012,0.00121,-0.00035,0.00094,0.01519,-0.48584,-3e-05,0.00012,-0.00011,-0.02278,-0.02044,-0.50472,3,37.9177,362.8278,37.1848,179.8586,0.6172,-101.2236,0.0069,24.8729,0.3046
455,000455.png,False,1788890627.879550,1788890627.819551,normal_load,17,,2.0,-0.00999,0.04091,-1.44698,0.00053,0.00105,-0.0004,0.02005,0.05374,-1.4279,-0.00071,-5e-05,-0.00016,-0.01906,0.00726,-1.44745,3,37.9173,362.8424,36.9248,179.8564,0.6231,-101.2239,0.0026,24.6132,0.5644
456,000456.png,False,1788890630.611742,1788890630.551742,normal_unload,17,,0.0,-0.00738,0.03456,-1.74328,0.00088,0.00111,-0.00024,0.02314,0.0476,-1.72389,-0.00038,-0.0,0.0,-0.01157,-0.00168,-1.7436,3,37.9208,362.8414,36.8548,179.86,0.6175,-101.2239,0.0088,24.5431,0.6344
457,000457.png,False,1788890631.587798,1788890631.527798,normal_unload,17,,0.0,-0.01217,0.02213,-1.18021,0.00091,0.00141,-5e-05,0.01852,0.03524,-1.16071,-0.00036,0.00029,0.00019,-0.01342,-0.00582,-1.18039,3,37.9212,362.8423,36.9708,179.8596,0.6192,-101.2241,0.0094,24.6592,0.5184
458,000458.png,False,1788890631.979837,1788890631.919837,normal_unload,17,,0.0,-0.01041,0.02737,-1.02423,0.00073,0.00146,0.00012,0.02036,0.04051,-1.00469,-0.00054,0.00033,0.00036,-0.01559,0.00209,-1.02453,3,37.9209,362.8458,37.0144,179.8593,0.6205,-101.2241,0.0007,24.7028,0.4747
459,000459.png,False,1788890632.367990,1788890632.307991,normal_unload,17,,0.0,-0.01036,0.03039,-0.82006,0.00062,0.00161,7e-05,0.02047,0.04356,-0.80048,-0.00065,0.00048,0.00031,-0.01847,0.008,-0.82044,3,37.921,362.8479,37.068,179.8593,0.6207,-101.2241,0.0057,24.7565,0.4211
460,000460.png,False,1788890632.563862,1788890632.503862,normal_unload,17,,0.0,-0.01114,0.03574,-0.69708,0.00054,0.00181,-8e-05,0.01973,0.04893,-0.67747,-0.00073,0.00069,0.00017,-0.02267,0.01422,-0.69757,3,37.92,362.8535,37.1034,179.8591,0.6218,-101.2243,0.0,24.7919,0.3856
461,000461.png,False,1788890633.147989,1788890633.087989,normal_unload,17,,0.0,-0.01534,0.0236,-0.4792,0.00068,0.00163,0.00013,0.01563,0.03683,-0.45953,-0.00059,0.0005,0.00038,-0.02175,0.0051,-0.47951,3,37.9204,362.851,37.1942,179.8587,0.6226,-101.2243,0.0007,24.8827,0.2948
462,000462.png,False,1788890633.735928,1788890633.675928,normal_unload,17,,0.0,-0.01863,0.01727,-0.19273,0.00079,0.00182,1e-05,0.01245,0.03055,-0.17299,-0.00049,0.00068,0.00026,-0.02343,0.00256,-0.19296,3,37.9202,362.8539,37.3381,179.8583,0.6239,-101.225,0.0085,25.0266,0.151
463,000463.png,False,1788890638.028014,1788890637.968014,normal_load,18,,2.0,-0.04185,-0.01622,-0.20744,0.00148,0.00121,-0.00023,-0.01002,-0.00262,-0.18722,0.00017,5e-05,2e-05,-0.02671,-0.03828,-0.20704,3,37.9176,362.8234,37.3404,179.8613,0.6208,-101.2267,0.0041,25.0284,0.1491
464,000464.png,False,1788890638.415935,1788890638.355935,normal_load,18,,2.0,-0.04047,-0.00373,-0.4432,0.00137,0.0012,-0.00022,-0.00858,0.00989,-0.42294,6e-05,4e-05,3e-05,-0.03012,-0.03056,-0.44298,3,37.9142,362.8257,37.2201,179.8615,0.6214,-101.2261,0.0027,24.9082,0.2694
465,000465.png,False,1788890638.807971,1788890638.747971,normal_load,18,,2.0,-0.0368,0.00647,-0.77191,0.00117,0.0012,-0.00023,-0.00484,0.02013,-0.75161,-0.00015,4e-05,2e-05,-0.02976,-0.02515,-0.77183,3,37.9145,362.8269,37.0986,179.8618,0.6213,-101.2261,0.0091,24.7867,0.3908
466,000466.png,False,1788890638.999985,1788890638.939985,normal_load,18,,2.0,-0.02864,0.02299,-1.03097,0.00073,0.00124,2e-05,0.00336,0.03666,-1.01065,-0.00059,7e-05,0.00027,-0.02915,-0.01091,-1.03116,3,37.9118,362.8384,37.0209,179.8602,0.6246,-101.2261,0.0002,24.7093,0.4683
467,000467.png,False,1788890639.195909,1788890639.135909,normal_load,18,,2.0,-0.0268,0.02289,-1.05716,0.00075,0.00127,-0.00031,0.00523,0.03657,-1.03681,-0.00057,9e-05,-6e-05,-0.02732,-0.0105,-1.05734,3,37.9127,362.8386,37.0169,179.8602,0.6253,-101.2259,0.0128,24.7052,0.4723
468,000468.png,False,1788890642.124005,1788890642.064005,normal_unload,18,,0.0,-0.00852,0.05964,-1.6623,0.0001,0.00149,-0.00014,0.02403,0.07354,-1.64162,-0.00124,0.0003,0.00012,-0.02565,0.02077,-1.66306,3,37.9146,362.8563,36.8707,179.8594,0.632,-101.2263,0.0021,24.5593,0.6182
469,000469.png,False,1788890642.707948,1788890642.647949,normal_unload,18,,0.0,-0.01676,0.02826,-1.41771,0.00091,0.00134,-2e-05,0.01589,0.0422,-1.39697,-0.00043,0.00015,0.00024,-0.0188,-0.00661,-1.41795,3,37.9181,362.8428,36.9239,179.8618,0.6271,-101.2263,0.0022,24.6123,0.5653
470,000470.png,False,1788890643.291967,1788890643.231967,normal_unload,18,,0.0,-0.01687,0.04049,-1.01309,0.0006,0.00174,-0.00019,0.01588,0.05448,-0.99228,-0.00075,0.00055,6e-05,-0.02782,0.01041,-1.0136,3,37.916,362.8538,37.0126,179.8604,0.6308,-101.2263,0.0052,24.7012,0.4763
471,000471.png,False,1788890643.879961,1788890643.819962,normal_unload,18,,0.0,-0.0191,0.03229,-0.78364,0.00053,0.00169,-0.0002,0.01376,0.04633,-0.76277,-0.00082,0.00049,5e-05,-0.02725,0.00587,-0.78404,3,37.9166,362.851,37.073,179.8605,0.6304,-101.2263,0.0028,24.7615,0.416
472,000472.png,False,1788890649.731832,1788890649.671832,normal_load,19,,2.0,-0.05066,-0.01375,-0.22048,0.00157,0.00129,-0.00039,-0.01678,0.00073,-0.19896,0.00018,6e-05,-0.00012,-0.03549,-0.04075,-0.22011,3,37.9157,362.8221,37.3286,179.8636,0.6325,-101.2278,0.0091,25.0166,0.1609
473,000473.png,False,1788890650.903947,1788890650.843947,normal_load,19,,2.0,-0.04246,0.02165,-1.1625,0.00103,0.0011,-0.00034,-0.00837,0.03621,-1.14084,-0.00037,-0.00014,-7e-05,-0.03953,-0.02109,-1.16261,3,37.9098,362.8265,36.9904,179.8626,0.6356,-101.2272,0.0029,24.6786,0.4989
474,000474.png,False,1788890651.095932,1788890651.035933,normal_load,19,,2.0,-0.03467,0.04182,-1.54273,0.00067,0.001,-0.00029,-0.00054,0.0564,-1.52106,-0.00074,-0.00024,-3e-05,-0.04023,-0.00581,-1.54315,3,37.9075,362.8362,36.9131,179.8623,0.6371,-101.227,0.0065,24.6014,0.5761
475,000475.png,False,1788890651.291827,1788890651.231827,normal_load,19,,2.0,-0.03879,0.03292,-1.56906,0.00083,0.00096,-0.00024,-0.00464,0.04751,-1.54736,-0.00058,-0.00029,3e-05,-0.03917,-0.01601,-1.56931,3,37.91,362.8297,36.8984,179.8629,0.6355,-101.2272,0.0084,24.5866,0.5909
476,000476.png,False,1788890653.631986,1788890653.571986,normal_unload,19,,0.0,-0.0251,0.0442,-1.84488,0.00068,0.00115,-0.0002,0.00947,0.05897,-1.82292,-0.00074,-0.00011,7e-05,-0.03104,-0.00381,-1.84532,3,37.9098,362.842,36.8405,179.8631,0.6379,-101.227,0.0073,24.529,0.6486
477,000477.png,False,1788890653.827923,1788890653.767923,normal_unload,19,,0.0,-0.02555,0.04236,-1.83533,0.00071,0.00107,-0.0003,0.00905,0.05714,-1.81335,-0.00071,-0.0002,-3e-05,-0.03057,-0.00548,-1.83573,3,37.9108,362.8409,36.8453,179.8631,0.6382,-101.2272,0.0074,24.5337,0.6438
478,000478.png,False,1788890654.023914,1788890653.963914,normal_unload,19,,0.0,-0.03085,0.02384,-1.66466,0.0011,0.00114,-6e-05,0.00379,0.03863,-1.64266,-0.00033,-0.00013,0.00021,-0.02709,-0.02144,-1.66476,3,37.9112,362.8337,36.8744,179.8645,0.635,-101.227,0.0024,24.5627,0.6148
479,000479.png,False,1788890654.411838,1788890654.351838,normal_unload,19,,0.0,-0.03125,0.02461,-1.42363,0.00094,0.0012,-0.00018,0.00345,0.03944,-1.40159,-0.00049,-7e-05,9e-05,-0.0295,-0.01711,-1.42378,3,37.9128,362.8331,36.9192,179.8645,0.6357,-101.227,0.0081,24.6075,0.57
480,000480.png,False,1788890655.583906,1788890655.523906,normal_unload,19,,0.0,-0.03036,0.01611,-0.81216,0.00096,0.00149,-0.00017,0.00455,0.03102,-0.78999,-0.00047,0.00022,0.0001,-0.02872,-0.01423,-0.81226,3,37.9123,362.837,37.0738,179.8645,0.6368,-101.2272,0.0002,24.7621,0.4154
481,000481.png,False,1788890661.827860,1788890661.767860,normal_load,20,,2.0,-0.03441,-0.00782,-0.87835,0.0016,0.00124,-0.00019,0.0016,0.00756,-0.85548,0.00011,-8e-05,0.0001,-0.01981,-0.03803,-0.87801,3,37.9234,362.8163,37.0711,179.8702,0.63,-101.2302,0.0072,24.759,0.4186
482,000482.png,False,1788890662.215897,1788890662.155897,normal_load,20,,2.0,-0.02549,0.01637,-1.07258,0.0011,0.00136,-0.00042,0.01059,0.03178,-1.04966,-0.00038,4e-05,-0.00014,-0.02282,-0.01574,-1.07265,3,37.9211,362.8317,37.013,179.868,0.6361,-101.2302,0.0078,24.7012,0.4764
483,000483.png,False,1788890664.559866,1788890664.499866,normal_unload,20,,0.0,-0.02115,0.00803,-1.66852,0.00155,0.0011,-0.00026,0.01533,0.02361,-1.64534,5e-05,-0.00024,2e-05,-0.01077,-0.03035,-1.66836,3,37.9251,362.8253,36.8748,179.8701,0.6332,-101.2305,0.0039,24.5629,0.6147
484,000484.png,False,1788890664.947869,1788890664.887869,normal_unload,20,,0.0,-0.02357,0.00245,-1.37297,0.00149,0.00124,-0.00017,0.01299,0.01807,-1.34975,-2e-05,-0.0001,0.00012,-0.01212,-0.03165,-1.37276,3,37.9255,362.8272,36.9462,179.8694,0.6357,-101.2305,0.0044,24.6343,0.5433
485,000485.png,False,1788890666.119848,1788890666.059848,normal_unload,20,,0.0,-0.02067,-0.00033,-0.73474,0.00131,0.00161,-0.00032,0.0161,0.01538,-0.71139,-0.0002,0.00026,-4e-05,-0.01264,-0.02238,-0.73458,3,37.9273,362.8281,37.0919,179.8705,0.6352,-101.2305,0.0031,24.78,0.3975
486,000486.png,False,1788890666.703828,1788890666.643828,normal_unload,20,,0.0,-0.02464,-0.00673,-0.50502,0.00142,0.00171,-0.00026,0.01223,0.00902,-0.48161,-0.0001,0.00037,3e-05,-0.01448,-0.02623,-0.50478,3,37.9278,362.8293,37.1719,179.8704,0.6361,-101.2305,0.0025,24.86,0.3175
487,000487.png,False,1788890670.019882,1788890669.959882,normal_load,21,,2.0,-0.04748,-0.02034,-0.03896,0.0015,0.00127,-0.00018,-0.01003,-0.00434,-0.01517,-4e-05,-0.0001,0.00012,-0.0307,-0.04196,-0.0385,3,37.9092,362.8275,37.5013,179.873,0.6341,-101.2307,0.0006,25.1894,-0.0119
488,000488.png,False,1788890670.215739,1788890670.155740,normal_load,21,,2.0,-0.04558,-0.01688,-0.01972,0.00147,0.00117,-0.00042,-0.00809,-0.00087,0.00409,-8e-05,-0.0002,-0.00012,-0.03091,-0.03771,-0.01933,3,37.9106,362.8271,37.4988,179.873,0.6339,-101.2311,0.0082,25.1869,-0.0094
489,000489.png,False,1788890670.603823,1788890670.543823,normal_load,21,,2.0,-0.04464,-0.0133,-0.06901,0.00149,0.00133,-0.00034,-0.00709,0.00274,-0.04516,-5e-05,-4e-05,-5e-05,-0.03155,-0.03493,-0.06868,3,37.9092,362.8348,37.458,179.8725,0.6358,-101.2307,0.006,25.1463,0.0313
490,000490.png,False,1788890670.995733,1788890670.935733,normal_load,21,,2.0,-0.04042,-0.01382,-0.18614,0.00145,0.00136,-0.0002,-0.0028,0.00225,-0.16224,-0.0001,-2e-05,0.0001,-0.02682,-0.03515,-0.18579,3,37.9128,362.83,37.3572,179.8738,0.6326,-101.2313,0.0082,25.0454,0.1321
491,000491.png,False,1788890671.387724,1788890671.327724,normal_load,21,,2.0,-0.04253,-0.01823,-0.41032,0.00166,0.00125,-0.0002,-0.00484,-0.00213,-0.38638,0.00011,-0.00012,0.0001,-0.02489,-0.04362,-0.40985,3,37.9162,362.8217,37.2273,179.8746,0.6306,-101.2315,0.0057,24.9153,0.2622
492,000492.png,False,1788890671.579858,1788890671.519858,normal_load,21,,2.0,-0.03464,-0.00377,-0.69551,0.00138,0.00116,-0.00031,0.00309,0.01234,-0.67155,-0.00017,-0.00021,-2e-05,-0.0233,-0.03172,-0.69527,3,37.915,362.831,37.1259,179.8734,0.6343,-101.2315,0.004,24.8141,0.3634
493,000493.png,False,1788890671.775873,1788890671.715873,normal_load,21,,2.0,-0.03162,0.00171,-0.70835,0.00132,0.00137,-0.00026,0.00614,0.01784,-0.68437,-0.00023,-1e-05,4e-05,-0.02333,-0.02567,-0.70821,3,37.9144,362.8318,37.1056,179.8738,0.6326,-101.2315,0.0019,24.7938,0.3837
494,000494.png,False,1788890671.971830,1788890671.911830,normal_load,21,,2.0,-0.02324,0.02307,-1.03403,0.0008,0.00134,-0.00034,0.01455,0.03921,-1.01003,-0.00076,-4e-05,-4e-05,-0.02449,-0.0082,-1.03423,3,37.9117,362.8461,37.0245,179.8726,0.6363,-101.2313,0.0083,24.7129,0.4646
495,000495.png,False,1788890672.167804,1788890672.107805,normal_load,21,,2.0,-0.0277,0.01401,-1.22458,0.00122,0.00123,-0.0001,0.01013,0.03017,-1.20055,-0.00033,-0.00015,0.00019,-0.0225,-0.02132,-1.22458,3,37.9131,362.8412,36.9797,179.8733,0.6345,-101.2313,0.0033,24.6681,0.5094
496,000496.png,False,1788890672.359850,1788890672.299850,normal_load,21,,2.0,-0.017,0.03392,-1.39486,0.00067,0.00125,-0.00023,0.02086,0.05009,-1.37081,-0.00089,-0.00013,6e-05,-0.022,-0.00146,-1.3952,3,37.912,362.8505,36.941,179.8724,0.6374,-101.2313,0.0072,24.6295,0.548
497,000497.png,False,1788890672.555830,1788890672.495830,normal_load,21,,2.0,-0.01843,0.04122,-1.48758,0.00059,0.00141,-0.00016,0.01946,0.05741,-1.46351,-0.00097,2e-05,0.00014,-0.02625,0.00266,-1.48803,3,37.911,362.8561,36.9168,179.8711,0.6406,-101.2316,0.0008,24.6055,0.5721
498,000498.png,False,1788890672.751776,1788890672.691776,normal_load,21,,2.0,-0.00904,0.05664,-1.56038,0.00021,0.00144,-0.0001,0.02889,0.07284,-1.53629,-0.00135,5e-05,0.0002,-0.02531,0.01954,-1.56111,3,37.9111,362.8619,36.9074,179.8708,0.6426,-101.2316,0.0042,24.5961,0.5814
499,000499.png,False,1788890672.947852,1788890672.887852,normal_load,21,,2.0,0.0022,0.08925,-1.72378,-0.00045,0.00166,-4e-05,0.04017,0.10547,-1.69967,-0.00202,0.00027,0.00026,-0.03073,0.05079,-1.72507,3,37.908,362.8753,36.8796,179.8686,0.6483,-101.2316,0.0092,24.5686,0.6089
500,000500.png,False,1788890673.143729,1788890673.083729,normal_load,21,,2.0,-0.00095,0.07553,-1.78656,-0.00017,0.00146,5e-05,0.03705,0.09176,-1.76243,-0.00173,7e-05,0.00035,-0.02618,0.03632,-1.7876,3,37.9094,362.8717,36.8665,179.8692,0.6467,-101.2316,0.0052,24.5554,0.6221
501,000501.png,False,1788890682.311696,1788890682.251696,shear_+X_out,1,+X,0.5,-0.01944,0.07285,-1.01667,-0.00022,0.00137,-0.0005,0.02011,0.08975,-0.99173,-0.00185,-7e-05,-0.00019,-0.04619,0.0371,-1.01774,3,37.921,362.8018,37.0437,179.8743,0.6384,-101.2379,0.0012,24.7314,0.4462
502,000502.png,False,1788890682.507695,1788890682.447695,shear_+X_out,1,+X,0.5,0.11077,0.18251,-0.95843,-0.00294,0.00468,-0.00046,0.15034,0.19941,-0.93351,-0.00456,0.00324,-0.00015,0.01141,0.19806,-0.96167,3,37.9785,362.911,37.0327,179.8704,0.6485,-101.236,0.0075,24.7217,0.4558
503,000503.png,False,1788890682.699704,1788890682.639704,shear_+X_out,1,+X,0.5,0.26412,-0.04064,-1.11456,0.00255,0.00842,-0.00031,0.30372,-0.02372,-1.08966,0.00092,0.00697,1e-05,0.25682,0.07892,-1.11421,3,38.1178,362.8369,36.999,179.8768,0.6325,-101.2344,0.0036,24.6859,0.4916
504,000504.png,False,1788890683.287840,1788890683.227840,shear_+X_out,1,+X,0.5,0.26936,0.00908,-1.09517,0.00137,0.00859,-0.00027,0.30902,0.02603,-1.07032,-0.00026,0.00714,5e-05,0.23637,0.12491,-1.0957,3,38.1194,362.8729,37.0065,179.8754,0.636,-101.2339,0.0021,24.6939,0.4836
505,000505.png,False,1788890683.479712,1788890683.419713,shear_+X_out,1,+X,0.5,0.61124,0.05641,-0.95294,-6e-05,0.017,-0.00042,0.65093,0.07336,-0.92811,-0.00169,0.01556,-0.00011,0.50789,0.33901,-0.955,3,38.326,362.9657,37.0144,179.8746,0.6384,-101.2372,0.0074,24.7019,0.4757
506,000506.png,False,1788890683.871696,1788890683.811696,shear_+X_back,1,+X,0.0,0.53373,-0.0554,-1.04495,0.00288,0.01525,-0.00043,0.57347,-0.03843,-1.02016,0.00125,0.01381,-0.00012,0.49725,0.20197,-1.0449,3,38.3263,362.9417,37.0064,179.8759,0.6347,-101.237,0.0018,24.6935,0.484
507,000507.png,False,1788890684.067701,1788890684.007701,shear_+X_back,1,+X,0.0,0.53614,-0.04389,-1.07129,0.00244,0.01519,-0.00044,0.5759,-0.02691,-1.04651,0.0008,0.01375,-0.00013,0.49377,0.21271,-1.07144,3,38.3243,362.9481,36.9999,179.8766,0.6333,-101.2365,0.0094,24.6871,0.4904
508,000508.png,False,1788890684.263842,1788890684.203842,shear_+X_back,1,+X,0.0,0.18699,0.03262,-1.08549,0.00077,0.00661,-0.0003,0.22677,0.04962,-1.06073,-0.00086,0.00517,2e-05,0.1532,0.10429,-1.08627,3,38.1177,362.8781,36.998,179.8787,0.6281,-101.223,0.0036,24.6856,0.4919
509,000509.png,False,1788890684.455819,1788890684.395819,shear_+X_back,1,+X,0.0,0.03272,0.03304,-1.14882,0.00077,0.00287,-0.00045,0.07253,0.05005,-1.12407,-0.00086,0.00142,-0.00014,0.0198,0.02656,-1.14928,3,38.0163,362.8296,36.9859,179.8819,0.6205,-101.2213,0.0062,24.6734,0.5042
510,000510.png,False,1788890684.651840,1788890684.591841,shear_+X_back,1,+X,0.0,0.01642,0.05947,-1.13092,0.00025,0.00234,-0.00047,0.05625,0.07649,-1.10619,-0.00139,0.00089,-0.00015,-0.00765,0.04159,-1.13181,3,37.9987,362.8308,36.9888,179.8819,0.6198,-101.2243,0.0042,24.6764,0.5011
511,000511.png,False,1788890684.847805,1788890684.787805,shear_+X_back,1,+X,0.0,-0.03183,0.03018,-1.06484,0.00085,0.00109,-0.0006,0.00803,0.04721,-1.04013,-0.00079,-0.00035,-0.00028,-0.03526,-0.00682,-1.06514,3,37.9729,362.788,37.0057,179.8829,0.6168,-101.2291,0.007,24.6928,0.4847
512,000512.png,False,1788890685.043819,1788890684.983819,shear_+X_back,1,+X,0.0,-0.05985,0.08065,-0.77562,-0.00051,0.00073,-0.00052,-0.01997,0.09769,-0.75092,-0.00215,-0.00072,-0.0002,-0.08675,0.02752,-0.77678,3,37.9299,362.8126,37.0709,179.8789,0.6276,-101.2302,0.0079,24.7587,0.4188
513,000513.png,False,1788890685.823810,1788890685.763810,shear_-X_out,1,-X,0.5,-0.05272,-0.05744,-1.02601,0.00277,0.00063,-0.00033,-0.01275,-0.04036,-1.00138,0.00113,-0.00081,-1e-05,-0.00986,-0.09253,-1.02475,3,37.9571,362.7425,37.0209,179.8788,0.6277,-101.2346,0.006,24.7074,0.4702
514,000514.png,False,1788890686.015693,1788890685.955693,shear_-X_out,1,-X,0.5,-0.40441,-0.1001,-1.09939,0.00421,-0.00803,-0.00039,-0.36442,-0.08301,-1.07478,0.00256,-0.00947,-7e-05,-0.29267,-0.30637,-1.09668,3,37.7785,362.5879,36.996,179.8817,0.6201,-101.2313,0.0031,24.6813,0.4963
515,000515.png,False,1788890686.603814,1788890686.543814,shear_-X_out,1,-X,0.5,-0.47952,-0.05343,-1.12136,0.00301,-0.00988,-0.00054,-0.43945,-0.03631,-1.0968,0.00136,-0.01133,-0.00021,-0.3809,-0.30384,-1.1193,3,37.7052,362.5629,36.9885,179.8802,0.624,-101.2332,0.0062,24.6739,0.5036
516,000516.png,False,1788890686.799806,1788890686.739806,shear_-X_out,1,-X,0.5,-0.60699,0.1518,-0.99656,-0.00206,-0.01313,-0.00077,-0.5669,0.16894,-0.97202,-0.00371,-0.01457,-0.00045,-0.59472,-0.18778,-0.99783,3,37.5624,362.6265,37.0154,179.8742,0.6397,-101.2346,0.007,24.7028,0.4748
517,000517.png,False,1788890687.187689,1788890687.127689,shear_-X_back,1,-X,0.0,-0.59463,0.11271,-1.06046,-0.00115,-0.01295,-0.00035,-0.55449,0.12987,-1.03595,-0.0028,-0.0144,-2e-05,-0.56404,-0.21649,-1.06106,3,37.5653,362.6131,37.0121,179.875,0.6381,-101.2344,0.0026,24.6993,0.4783
518,000518.png,False,1788890687.383853,1788890687.323853,shear_-X_back,1,-X,0.0,-0.59937,0.09392,-1.09769,-0.00055,-0.01293,-0.00012,-0.5592,0.11109,-1.0732,-0.0022,-0.01438,0.0002,-0.5585,-0.23572,-1.09795,2,37.5684,362.602,37.0074,179.8759,0.6366,-101.2346,0.0128,24.6944,0.4831
519,000519.png,False,1788890687.579690,1788890687.519690,shear_-X_back,1,-X,0.0,-0.3436,0.0098,-1.32931,0.00142,-0.00689,-0.00014,-0.30341,0.02697,-1.30484,-0.00023,-0.00834,0.00019,-0.29331,-0.18449,-1.32859,3,37.7225,362.6239,36.9527,179.8792,0.6276,-101.2404,0.0015,24.639,0.5386
520,000520.png,False,1788890687.771699,1788890687.711699,shear_-X_back,1,-X,0.0,-0.18696,-0.00446,-1.27313,0.00182,-0.00295,-0.00017,-0.14675,0.01273,-1.24867,0.00017,-0.0044,0.00016,-0.15089,-0.11767,-1.27248,3,37.8259,362.6898,36.9606,179.8823,0.621,-101.2391,0.0082,24.6471,0.5304
521,000521.png,False,1788890687.967713,1788890687.907713,shear_-X_back,1,-X,0.0,-0.15892,-0.04984,-1.16314,0.00297,-0.00194,-0.00024,-0.11869,-0.03264,-1.1387,0.00132,-0.00339,9e-05,-0.1047,-0.1412,-1.16178,3,37.8551,362.6675,36.9768,179.883,0.6194,-101.236,0.0063,24.6628,0.5148
522,000522.png,False,1788890688.163767,1788890688.103767,shear_-X_back,1,-X,0.0,-0.08919,-0.00089,-1.05416,0.00164,-0.00018,-0.00011,-0.04894,0.01631,-1.02974,-1e-05,-0.00163,0.00022,-0.06951,-0.06223,-1.05381,3,37.8965,362.7647,37.027,179.8804,0.627,-101.2337,0.0009,24.7142,0.4633
523,000523.png,False,1788890688.555830,1788890688.495831,shear_-X_back,1,-X,0.0,0.00074,-0.03214,-0.95647,0.00217,0.00208,-0.00011,0.04104,-0.01491,-0.93208,0.00052,0.00063,0.00022,0.02332,-0.04279,-0.95577,3,37.9584,362.7402,37.0299,179.8822,0.6226,-101.2365,0.0017,24.7163,0.4612
524,000524.png,False,1788890688.943690,1788890688.883690,shear_-X_back,1,-X,0.0,-0.00459,-0.00878,-0.92125,0.00158,0.00171,-0.00046,0.03576,0.00847,-0.8969,-7e-05,0.00026,-0.00013,0.0068,-0.02466,-0.92095,3,37.9517,362.7522,37.0331,179.8824,0.6226,-101.2356,0.0038,24.7198,0.4578
525,000525.png,False,1788890689.139776,1788890689.079776,shear_-Y_out,1,-Y,0.5,-0.0562,0.0676,-0.90887,-0.00019,0.00055,-0.00042,-0.01583,0.08486,-0.88453,-0.00184,-0.0009,-9e-05,-0.07616,0.01591,-0.90979,3,37.903,362.7806,37.0413,179.8808,0.6265,-101.2309,0.0013,24.7288,0.4487
526,000526.png,False,1788890689.335741,1788890689.275741,shear_-Y_out,1,-Y,0.5,-0.06896,-0.32573,-0.80187,0.00956,0.0004,-3e-05,-0.02856,-0.30846,-0.77755,0.00791,-0.00105,0.0003,0.10857,-0.3294,-0.79596,3,38.0346,362.5338,37.0747,179.8825,0.6227,-101.2319,0.0061,24.7574,0.4202
527,000527.png,False,1788890689.527836,1788890689.467836,shear_-Y_out,1,-Y,0.5,-0.03057,-0.22569,-0.77346,0.00692,0.00132,-0.00032,0.00985,-0.20841,-0.74916,0.00526,-0.00014,1e-05,0.09164,-0.22313,-0.76937,3,38.0234,362.6026,37.0739,179.8799,0.6291,-101.2326,0.0049,24.7577,0.4198
528,000528.png,False,1788890689.723789,1788890689.663790,shear_-Y_out,1,-Y,0.5,-0.02075,-0.19371,-0.93606,0.00638,0.00152,-0.0003,0.0197,-0.17642,-0.91177,0.00472,7e-05,3e-05,0.0853,-0.19313,-0.93251,3,38.0204,362.6229,37.0349,179.8798,0.6295,-101.233,0.0075,24.719,0.4585
529,000529.png,False,1788890689.919783,1788890689.859783,shear_-Y_out,1,-Y,0.5,-0.01494,-0.59885,-0.97781,0.01629,0.00185,6e-05,0.02553,-0.58155,-0.95355,0.01463,0.0004,0.00039,0.29304,-0.54177,-0.96725,3,38.1669,362.3771,37.0251,179.8818,0.6249,-101.2356,0.0067,24.7043,0.4732
530,000530.png,False,1788890690.307690,1788890690.247690,shear_-Y_out,1,-Y,0.5,0.00213,-0.50854,-0.92835,0.01394,0.00205,-8e-05,0.04265,-0.49121,-0.90412,0.01228,0.00059,0.00026,0.26236,-0.45423,-0.9194,3,38.1536,362.4261,37.0341,179.8791,0.6318,-101.2352,0.0085,24.7141,0.4634
531,000531.png,False,1788890690.699740,1788890690.639740,shear_-Y_back,1,-Y,0.0,-0.01708,-0.53247,-0.9354,0.01459,0.0018,-0.0002,0.02348,-0.51513,-0.9112,0.01293,0.00034,0.00014,0.25772,-0.48468,-0.92599,3,38.1555,362.4047,37.0303,179.8803,0.6292,-101.2348,0.0052,24.71,0.4675
532,000532.png,False,1788890690.895812,1788890690.835812,shear_-Y_back,1,-Y,0.0,-0.13288,-0.30371,-1.101,0.00911,-0.00142,-0.00024,-0.09229,-0.28635,-1.07682,0.00744,-0.00287,0.0001,0.04427,-0.34707,-1.0953,3,38.0116,362.5008,36.9926,179.883,0.6221,-101.2234,0.0034,24.6749,0.5027
533,000533.png,False,1788890691.091814,1788890691.031814,shear_-Y_back,1,-Y,0.0,-0.12744,-0.1318,-1.055,0.00486,-0.0013,-0.00045,-0.08683,-0.11443,-1.03083,0.0032,-0.00275,-0.00012,-0.03723,-0.19472,-1.0523,3,37.9397,362.6627,37.0034,179.8826,0.6236,-101.2167,0.0048,24.6888,0.4888
534,000534.png,False,1788890691.283792,1788890691.223793,shear_-Y_back,1,-Y,0.0,-0.10201,-0.0527,-0.99383,0.00286,-0.00062,-0.00051,-0.06137,-0.03532,-0.96968,0.0012,-0.00207,-0.00018,-0.05514,-0.11253,-0.99256,3,37.9469,362.6385,37.0057,179.8862,0.614,-101.2177,0.0052,24.6906,0.4869
535,000535.png,False,1788890691.479763,1788890691.419763,shear_-Y_back,1,-Y,0.0,-0.08843,-0.02759,-0.94927,0.00231,-0.00016,-0.00068,-0.04777,-0.0102,-0.92514,0.00064,-0.00162,-0.00034,-0.05623,-0.08328,-0.94847,3,37.9423,362.6709,37.0181,179.8863,0.6143,-101.2182,0.0096,24.7035,0.474
536,000536.png,False,1788890692.259762,1788890692.199762,shear_-Y_back,1,-Y,0.0,-0.05065,0.05454,-0.83881,0.00023,0.00076,-0.00039,-0.0099,0.07196,-0.81475,-0.00144,-0.00069,-5e-05,-0.06531,0.00849,-0.83953,3,37.9239,362.7519,37.0584,179.885,0.6183,-101.2291,0.0002,24.7453,0.4323
537,000537.png,False,1788890692.455840,1788890692.395840,shear_+Y_out,1,+Y,0.48091663577920113,-0.02857,-0.01725,-0.82597,0.00184,0.00138,-0.00039,0.01221,0.00019,-0.80192,0.00017,-8e-05,-6e-05,-0.0104,-0.04244,-0.82548,3,37.9551,362.7499,37.0632,179.8847,0.6191,-101.2378,0.0051,24.7498,0.4277
538,000538.png,False,1788890692.651680,1788890692.591680,shear_+Y_out,1,+Y,0.48091663577920113,0.01101,0.46942,-0.96063,-0.01005,0.00211,-0.00071,0.05181,0.48687,-0.9366,-0.01172,0.00066,-0.00037,-0.21834,0.39666,-0.96865,3,37.8207,363.0194,37.0354,179.8819,0.6253,-101.2345,0.0095,24.7272,0.4503
539,000539.png,False,1788890693.039807,1788890692.979807,shear_+Y_out,1,+Y,0.48091663577920113,-0.04295,0.33527,-0.96544,-0.00672,0.00086,-0.0006,-0.00211,0.35274,-0.94145,-0.00839,-0.0006,-0.00026,-0.19802,0.25344,-0.97102,3,37.825,362.9458,37.0281,179.8859,0.6161,-101.2358,0.0085,24.7188,0.4588
540,000540.png,False,1788890693.235687,1788890693.175687,shear_+Y_out,1,+Y,0.48091663577920113,-0.02781,0.37598,-0.96006,-0.00765,0.00122,-0.00078,0.01306,0.39346,-0.93609,-0.00933,-0.00024,-0.00045,-0.20528,0.29635,-0.96638,3,37.8033,363.0436,37.0307,179.8824,0.625,-101.2358,0.0034,24.7231,0.4544
541,000541.png,False,1788890693.431788,1788890693.371788,shear_+Y_out,1,+Y,0.48091663577920113,-0.04194,0.61464,-1.03429,-0.01357,0.00083,-0.00071,-0.00104,0.63213,-1.01033,-0.01525,-0.00063,-0.00038,-0.33624,0.4948,-1.0447,3,37.7316,363.1025,37.0086,179.8872,0.6131,-101.2382,0.0084,24.7024,0.4751
542,000542.png,False,1788890693.627777,1788890693.567777,shear_+Y_out,1,+Y,0.48091663577920113,-0.04597,0.5826,-1.04308,-0.01279,0.00068,-0.00071,-0.00505,0.6001,-1.01913,-0.01446,-0.00078,-0.00037,-0.32367,0.4649,-1.05293,3,37.7313,363.1044,37.0115,179.887,0.6135,-101.238,0.0068,24.7053,0.4722
543,000543.png,False,1788890693.819824,1788890693.759824,shear_+Y_back,1,+Y,0.0,-0.03349,0.60818,-1.01516,-0.01336,0.00108,-0.00072,0.00745,0.62569,-0.99123,-0.01504,-0.00038,-0.00039,-0.32583,0.49373,-1.02548,3,37.7279,363.123,37.0175,179.8863,0.6154,-101.2378,0.002,24.7117,0.4658
544,000544.png,False,1788890694.015810,1788890693.955810,shear_+Y_back,1,+Y,0.0,-0.02308,0.63006,-1.00351,-0.01394,0.00134,-0.00064,0.01789,0.64758,-0.97961,-0.01562,-0.00012,-0.0003,-0.32782,0.51807,-1.01424,3,37.7243,363.1438,37.025,179.8857,0.617,-101.238,0.0081,24.7196,0.4579
545,000545.png,False,1788890694.211806,1788890694.151806,shear_+Y_back,1,+Y,0.0,0.00033,0.42891,-0.74437,-0.00904,0.00217,-0.00058,0.04132,0.44644,-0.72048,-0.01071,0.00071,-0.00024,-0.20884,0.35971,-0.75169,3,37.8051,363.0226,37.0902,179.8846,0.6205,-101.2384,0.007,24.7822,0.3953
546,000546.png,False,1788890694.407679,1788890694.347679,shear_+Y_back,1,+Y,0.0,-0.01757,0.20245,-0.70756,-0.00363,0.0016,-0.00057,0.02344,0.21999,-0.68369,-0.00531,0.00015,-0.00023,-0.11147,0.15522,-0.71093,3,37.8759,362.8891,37.0852,179.8855,0.6183,-101.2419,0.0018,24.7746,0.4029
547,000547.png,False,1788890694.599771,1788890694.539771,shear_+Y_back,1,+Y,0.0,-0.00622,0.18591,-0.76138,-0.00299,0.00193,-0.00047,0.03482,0.20346,-0.73752,-0.00467,0.00047,-0.00013,-0.09299,0.1457,-0.76448,3,37.8788,362.8977,37.0825,179.8832,0.6244,-101.2413,0.0057,24.772,0.4055
548,000548.png,False,1788890694.795687,1788890694.735687,shear_+Y_back,1,+Y,0.0,-0.02223,0.15411,-0.78856,-0.00234,0.00162,-0.00041,0.01883,0.17168,-0.76472,-0.00402,0.00016,-6e-05,-0.09079,0.10974,-0.79107,3,37.8863,362.8544,37.0804,179.8833,0.6249,-101.2378,0.0049,24.7692,0.4084
549,000549.png,False,1788890694.991825,1788890694.931825,shear_+Y_back,1,+Y,0.0,-0.06321,0.03713,-0.82528,0.0005,0.0006,-0.0003,-0.02212,0.0547,-0.80146,-0.00118,-0.00086,4e-05,-0.06758,-0.01265,-0.82567,3,37.8967,362.8066,37.0712,179.8839,0.623,-101.2311,0.0096,24.7592,0.4184
550,000550.png,False,1788890695.383677,1788890695.323677,shear_+Y_back,1,+Y,0.0,0.00629,-0.038,-0.83878,0.00236,0.00218,-0.0004,0.04742,-0.0204,-0.81499,0.00068,0.00072,-6e-05,0.03025,-0.0432,-0.83801,3,37.9697,362.7474,37.0554,179.8824,0.6266,-101.2367,0.0093,24.7419,0.4356
551,000551.png,False,1788890695.771677,1788890695.711677,shear_+Y_back,1,+Y,0.0,-0.00121,-0.01143,-0.86056,0.00174,0.00211,-0.00024,0.03996,0.00618,-0.83681,5e-05,0.00065,0.0001,0.01063,-0.02429,-0.86023,3,37.9617,362.7648,37.0591,179.8827,0.6265,-101.2369,0.0059,24.7459,0.4316
552,000552.png,False,1788890696.551780,1788890696.491781,shear_+X_out,2,+X,0.5,-0.07511,-0.04505,-1.22457,0.00277,8e-05,-0.00035,-0.03384,-0.02739,-1.20088,0.00109,-0.00139,-1e-05,-0.03407,-0.09616,-1.22345,3,37.9329,362.7063,36.9611,179.8835,0.6245,-101.2343,0.0012,24.6472,0.5303
553,000553.png,False,1788890696.747837,1788890696.687837,shear_+X_out,2,+X,0.5,-0.00919,0.02649,-1.10797,0.00106,0.00188,-0.0003,0.03211,0.04415,-1.0843,-0.00063,0.00042,5e-05,-0.01351,0.0006,-1.10824,3,37.9865,362.809,36.998,179.8754,0.6453,-101.2429,0.0087,24.6854,0.4922
554,000554.png,False,1788890696.943679,1788890696.883679,shear_+X_out,2,+X,0.5,0.36169,-0.04999,-1.02565,0.00263,0.01091,-0.00026,0.40301,-0.03231,-1.002,0.00094,0.00945,9e-05,0.34539,0.121,-1.02535,3,38.179,362.832,36.9996,179.8784,0.6385,-101.237,0.005,24.686,0.4915
555,000555.png,False,1788890697.331685,1788890697.271685,shear_+X_out,2,+X,0.5,0.30953,-0.11124,-1.0616,0.00413,0.00968,-0.00043,0.3509,-0.09354,-1.03798,0.00244,0.00822,-8e-05,0.33106,0.04132,-1.06013,3,38.1822,362.8103,36.9941,179.8803,0.6339,-101.2365,0.0088,24.6802,0.4974
556,000556.png,False,1788890697.527843,1788890697.467843,shear_+X_out,2,+X,0.5,0.62111,0.10433,-1.163,-0.00117,0.01732,-0.00051,0.6625,0.12204,-1.1394,-0.00286,0.01585,-0.00016,0.49395,0.38208,-1.16587,3,38.2982,363.011,36.9753,179.8766,0.6434,-101.2318,0.002,24.6638,0.5137
557,000557.png,False,1788890698.111798,1788890698.051798,shear_+X_back,2,+X,0.0,0.5996,-0.10198,-1.21843,0.00413,0.01692,4e-05,0.64106,-0.08424,-1.19488,0.00243,0.01546,0.00039,0.57878,0.19176,-1.21768,3,38.3543,362.9134,36.9705,179.8818,0.6304,-101.2326,0.002,24.657,0.5206
558,000558.png,False,1788890698.307837,1788890698.247837,shear_+X_back,2,+X,0.0,0.60368,-0.08376,-1.13236,0.00347,0.01694,-0.00021,0.64516,-0.06601,-1.10883,0.00178,0.01548,0.00014,0.57261,0.21096,-1.13194,3,38.3551,362.9254,36.9816,179.8807,0.6326,-101.233,0.0098,24.6682,0.5093
559,000559.png,False,1788890698.503849,1788890698.443849,shear_+X_back,2,+X,0.0,0.38621,-0.03107,-0.79934,0.00212,0.01181,-0.00045,0.42772,-0.01331,-0.77583,0.00042,0.01034,-0.0001,0.35561,0.15326,-0.79946,3,38.2469,362.8902,37.0571,179.8781,0.6398,-101.237,0.0055,24.744,0.4336
560,000560.png,False,1788890698.699830,1788890698.639830,shear_+X_back,2,+X,0.0,0.21408,-0.05307,-0.81954,0.00273,0.0075,-0.0004,0.25562,-0.0353,-0.79604,0.00103,0.00604,-5e-05,0.21764,0.04788,-0.81893,4,38.1272,362.7624,37.0537,179.8798,0.6351,-101.2444,0.0004,24.7393,0.4382
561,000561.png,False,1788890698.891802,1788890698.831802,shear_+X_back,2,+X,0.0,0.10827,0.00104,-0.94127,0.00141,0.00484,-0.00023,0.14983,0.01883,-0.91779,-0.00029,0.00337,0.00012,0.09979,0.03993,-0.94136,3,38.0656,362.822,37.0388,179.8764,0.6446,-101.2455,0.0087,24.7258,0.4517
562,000562.png,False,1788890699.087826,1788890699.027826,shear_+X_back,2,+X,0.0,0.06729,0.03273,-0.96581,0.00069,0.00378,-0.00042,0.10887,0.05052,-0.94234,-0.00101,0.00232,-6e-05,0.04863,0.0465,-0.96636,3,38.0284,362.8112,37.0244,179.876,0.6454,-101.2453,0.0068,24.7115,0.466
563,000563.png,False,1788890699.479846,1788890699.419847,shear_+X_back,2,+X,0.0,-0.09906,0.03093,-1.22689,0.00094,-0.00063,-0.00044,-0.05743,0.04874,-1.20346,-0.00076,-0.0021,-8e-05,-0.09275,-0.04236,-1.22704,2,37.9324,362.751,36.9624,179.8794,0.6369,-101.2477,0.0052,24.6492,0.5283
564,000564.png,False,1788890700.063822,1788890700.003822,shear_-X_out,2,-X,0.5,-0.10559,-0.04211,-0.92957,0.00252,-0.00045,-0.00036,-0.06389,-0.02426,-0.90619,0.00082,-0.00192,-1e-05,-0.06398,-0.10411,-0.92849,3,37.9358,362.7277,37.0325,179.8766,0.6445,-101.2488,0.0005,24.7189,0.4586
565,000565.png,False,1788890700.259783,1788890700.199783,shear_-X_out,2,-X,0.5,-0.42254,-0.10104,-0.92247,0.004,-0.00832,-0.00056,-0.38081,-0.08318,-0.89911,0.0023,-0.00979,-0.00021,-0.30913,-0.31341,-0.91974,3,37.7798,362.5761,37.0327,179.878,0.6418,-101.2505,0.0084,24.7178,0.4598
566,000566.png,False,1788890700.455678,1788890700.395678,shear_-X_out,2,-X,0.5,-0.39007,0.07329,-0.84793,-0.00033,-0.00766,-0.00065,-0.34832,0.09115,-0.82458,-0.00204,-0.00912,-0.00029,-0.36862,-0.14502,-0.84829,3,37.7216,362.6637,37.0501,179.8733,0.6529,-101.2503,0.0026,24.737,0.4406
567,000567.png,False,1788890700.647800,1788890700.587801,shear_-X_out,2,-X,0.5,-0.3858,0.07148,-0.94035,-0.00012,-0.00739,-0.00054,-0.34403,0.08935,-0.91702,-0.00182,-0.00886,-0.00019,-0.36338,-0.14593,-0.94067,3,37.7229,362.6643,37.0305,179.874,0.651,-101.2505,0.0061,24.7174,0.4602
568,000568.png,False,1788890700.843786,1788890700.783786,shear_-X_out,2,-X,0.5,-0.52997,-0.08924,-1.0913,0.00401,-0.0111,-0.00071,-0.48818,-0.07135,-1.06799,0.00231,-0.01257,-0.00035,-0.40692,-0.35957,-1.08852,3,37.6802,362.5147,36.9793,179.8799,0.6377,-101.2474,0.0013,24.6641,0.5135
569,000569.png,False,1788890701.039769,1788890700.979769,shear_-X_out,2,-X,0.5,-0.62787,0.11919,-1.04294,-0.00122,-0.01356,-0.00099,-0.58605,0.13709,-1.01965,-0.00293,-0.01503,-0.00064,-0.59619,-0.22721,-1.0436,3,37.565,362.599,37.0006,179.8741,0.6518,-101.2503,0.0057,24.6875,0.49
570,000570.png,False,1788890701.427682,1788890701.367682,shear_-X_back,2,-X,0.0,-0.61559,0.09618,-1.05296,-0.00059,-0.01323,-0.00076,-0.57373,0.1141,-1.0297,-0.0023,-0.01469,-0.0004,-0.57399,-0.24116,-1.05324,3,37.5687,362.5905,37.003,179.8749,0.651,-101.251,0.0005,24.6897,0.4878
571,000571.png,False,1788890701.623687,1788890701.563687,shear_-X_back,2,-X,0.0,-0.61453,0.08161,-0.99827,-0.00045,-0.0132,-0.001,-0.57265,0.09954,-0.97502,-0.00216,-0.01467,-0.00064,-0.56617,-0.25237,-0.9983,3,37.5692,362.5854,37.006,179.8749,0.651,-101.2512,0.007,24.6926,0.4849
572,000572.png,False,1788890701.819675,1788890701.759676,shear_-X_back,2,-X,0.0,-0.35047,-0.00154,-0.95878,0.00174,-0.00666,-0.00073,-0.30856,0.0164,-0.93555,3e-05,-0.00813,-0.00037,-0.29617,-0.19181,-0.9579,3,37.7341,362.6249,37.0196,179.8734,0.6546,-101.2619,0.0072,24.7058,0.4717
573,000573.png,False,1788890702.015674,1788890701.955674,shear_-X_back,2,-X,0.0,-0.21851,0.00427,-0.88623,0.00143,-0.00346,-0.0008,-0.17657,0.02222,-0.86302,-0.00028,-0.00493,-0.00044,-0.18526,-0.11968,-0.88573,3,37.8164,362.7045,37.0495,179.8693,0.6655,-101.2637,0.001,24.7363,0.4412
574,000574.png,False,1788890702.211769,1788890702.151769,shear_-X_back,2,-X,0.0,-0.14358,-0.02106,-0.82289,0.00194,-0.00165,-0.00053,-0.10163,-0.00311,-0.7997,0.00022,-0.00312,-0.00017,-0.10815,-0.10317,-0.82211,3,37.8656,362.6771,37.0474,179.8707,0.6621,-101.2608,0.0041,24.7335,0.4441
575,000575.png,False,1788890702.403773,1788890702.343773,shear_-X_back,2,-X,0.0,-0.11515,-0.02597,-0.84306,0.00222,-0.00067,-0.00046,-0.07317,-0.008,-0.81989,0.00051,-0.00214,-0.0001,-0.08093,-0.09353,-0.84225,3,37.8903,362.6979,37.0539,179.8699,0.6646,-101.2584,0.0066,24.7402,0.4374
576,000576.png,False,1788890702.599767,1788890702.539767,shear_-X_back,2,-X,0.0,-0.03561,-0.03081,-0.97991,0.00225,0.0011,-0.00043,0.0064,-0.01283,-0.95676,0.00054,-0.00037,-7e-05,-0.00866,-0.06017,-0.97916,3,37.9339,362.7157,37.02,179.8712,0.6608,-101.2591,0.0011,24.7062,0.4713
577,000577.png,False,1788890703.379785,1788890703.319785,shear_-Y_out,2,-Y,0.49466029342691725,-0.05682,-0.03433,-0.89012,0.00237,0.0007,-0.00074,-0.01472,-0.01631,-0.86703,0.00065,-0.00078,-0.00038,-0.02589,-0.07238,-0.88927,3,37.9335,362.7189,37.0316,179.878,0.6436,-101.2572,0.0014,24.7179,0.4596
578,000578.png,False,1788890703.575680,1788890703.515680,shear_-Y_out,2,-Y,0.49466029342691725,-0.07238,-0.23235,-0.64492,0.00699,0.00034,-0.00063,-0.03026,-0.21432,-0.62185,0.00527,-0.00113,-0.00027,0.05786,-0.24773,-0.64065,3,38.0178,362.5692,37.1048,179.8776,0.6449,-101.2579,0.0071,24.7881,0.3895
579,000579.png,False,1788890703.963684,1788890703.903684,shear_-Y_out,2,-Y,0.49466029342691725,-0.0268,-0.26723,-0.79462,0.00819,0.00155,-0.00065,0.01537,-0.24918,-0.77158,0.00647,7e-05,-0.00029,0.11581,-0.25756,-0.78981,3,38.0473,362.5704,37.0599,179.8755,0.6504,-101.2588,0.0095,24.743,0.4346
580,000580.png,False,1788890704.159684,1788890704.099684,shear_-Y_out,2,-Y,0.49466029342691725,-0.05801,-0.37607,-0.87745,0.0109,0.00063,-0.0006,-0.01582,-0.358,-0.85443,0.00918,-0.00084,-0.00024,0.14372,-0.36874,-0.87068,3,38.08,362.4442,37.0378,179.8781,0.6437,-101.2594,0.0004,24.7186,0.4589
581,000581.png,False,1788890704.355752,1788890704.295753,shear_-Y_out,2,-Y,0.49466029342691725,-0.01351,-0.54423,-0.85767,0.01496,0.00191,-0.00041,0.02871,-0.52615,-0.83466,0.01324,0.00043,-5e-05,0.26615,-0.49183,-0.84807,3,38.1491,362.4142,37.0507,179.8732,0.6565,-101.258,0.006,24.7306,0.4469
582,000582.png,False,1788890704.551676,1788890704.491676,shear_-Y_out,2,-Y,0.49466029342691725,-0.01014,-0.51519,-0.84501,0.01411,0.00188,-0.00036,0.0321,-0.49711,-0.82202,0.01239,0.0004,0.0,0.25447,-0.4648,-0.83592,3,38.1505,362.4113,37.051,179.8734,0.6565,-101.2584,0.0088,24.7308,0.4467
583,000583.png,False,1788890704.747797,1788890704.687798,shear_-Y_back,2,-Y,0.0,-0.02001,-0.52766,-0.84612,0.01449,0.00173,-0.00042,0.02225,-0.50956,-0.82315,0.01277,0.00025,-5e-05,0.25216,-0.48054,-0.8368,3,38.1517,362.4013,37.0484,179.8737,0.6552,-101.2586,0.0037,24.7281,0.4494
584,000584.png,False,1788890704.939787,1788890704.879787,shear_-Y_back,2,-Y,0.0,-0.02436,-0.53982,-0.83937,0.0148,0.00148,-0.00056,0.01793,-0.52172,-0.81642,0.01307,1e-05,-0.0002,0.25442,-0.49314,-0.82983,3,38.1543,362.3897,37.0452,179.8743,0.6538,-101.2586,0.0074,24.7247,0.4529
585,000585.png,False,1788890705.135695,1788890705.075696,shear_-Y_back,2,-Y,0.0,-0.09092,-0.38206,-1.06247,0.0111,-0.00019,-0.00076,-0.0486,-0.36395,-1.03953,0.00937,-0.00167,-0.00039,0.1195,-0.39334,-1.0555,3,38.063,362.4662,36.9879,179.8773,0.6459,-101.2546,0.0025,24.6693,0.5083
586,000586.png,False,1788890705.331806,1788890705.271806,shear_-Y_back,2,-Y,0.0,-0.08548,-0.19911,-1.06417,0.00667,-0.0001,-0.00059,-0.04314,-0.18099,-1.04125,0.00494,-0.00157,-0.00022,0.03281,-0.23221,-1.06038,3,37.9863,362.6341,36.9981,179.8766,0.6475,-101.249,0.0027,24.6827,0.4949
587,000587.png,False,1788890705.527841,1788890705.467841,shear_-Y_back,2,-Y,0.0,-0.08114,-0.15695,-0.97939,0.00557,3e-05,-0.00058,-0.03878,-0.13881,-0.95649,0.00384,-0.00144,-0.00021,0.01492,-0.19216,-0.97635,3,37.9971,362.5918,37.0104,179.8801,0.6391,-101.2524,0.0083,24.6942,0.4833
588,000588.png,False,1788890705.719679,1788890705.659679,shear_-Y_back,2,-Y,0.0,-0.06543,-0.13122,-0.92548,0.00493,0.00052,-0.00061,-0.02304,-0.11307,-0.9026,0.0032,-0.00096,-0.00024,0.0153,-0.16116,-0.92293,3,37.9926,362.6178,37.0249,179.8809,0.6371,-101.2566,0.0005,24.7091,0.4684
589,000589.png,False,1788890706.695787,1788890706.635787,shear_+Y_out,2,+Y,0.4484203318588348,-0.05816,0.00933,-0.76333,0.0012,0.0007,-0.00045,-0.01565,0.02753,-0.74054,-0.00053,-0.00078,-8e-05,-0.04975,-0.0332,-0.76326,3,37.9383,362.7248,37.0752,179.878,0.6458,-101.2647,0.0007,24.7615,0.416
590,000590.png,False,1788890706.891771,1788890706.831771,shear_+Y_out,2,+Y,0.4484203318588348,-0.04051,0.37827,-0.94369,-0.00774,0.001,-0.00083,0.00202,0.39648,-0.92091,-0.00947,-0.00048,-0.00046,-0.21754,0.29225,-0.95002,3,37.8233,362.9461,37.0323,179.8775,0.6466,-101.2657,0.0059,24.723,0.4545
591,000591.png,False,1788890707.475795,1788890707.415795,shear_+Y_out,2,+Y,0.4484203318588348,-0.08094,0.29069,-0.95249,-0.00549,9e-05,-0.00064,-0.03834,0.30893,-0.92976,-0.00723,-0.00139,-0.00027,-0.20875,0.19606,-0.95723,3,37.8205,362.898,37.029,179.8802,0.6397,-101.2651,0.0073,24.7189,0.4586
592,000592.png,False,1788890707.671827,1788890707.611827,shear_+Y_out,2,+Y,0.4484203318588348,-0.01416,0.67464,-0.89081,-0.01493,0.00158,-0.00072,0.02846,0.69289,-0.86809,-0.01666,0.0001,-0.00034,-0.34315,0.56294,-0.90234,3,37.7154,363.1559,37.0526,179.8747,0.6539,-101.2666,0.0037,24.7474,0.4301
593,000593.png,False,1788890708.063789,1788890708.003789,shear_+Y_out,2,+Y,0.4484203318588348,-0.07075,0.54594,-0.96265,-0.0117,0.00034,-0.00057,-0.02808,0.56421,-0.93997,-0.01344,-0.00114,-0.0002,-0.32737,0.42205,-0.97183,3,37.7211,363.0816,37.0368,179.8797,0.6418,-101.2664,0.0086,24.7304,0.4471
594,000594.png,False,1788890708.255829,1788890708.195829,shear_+Y_back,2,+Y,0.0,-0.06331,0.55977,-0.92668,-0.01213,0.00043,-0.00072,-0.02062,0.57806,-0.90402,-0.01386,-0.00104,-0.00035,-0.32809,0.43832,-0.93612,3,37.7191,363.0946,37.0423,179.8795,0.6418,-101.2662,0.0025,24.7361,0.4414
595,000595.png,False,1788890708.451683,1788890708.391683,shear_+Y_back,2,+Y,0.0,-0.05924,0.56771,-0.89212,-0.01241,0.00061,-0.00097,-0.01653,0.586,-0.86948,-0.01415,-0.00087,-0.0006,-0.32877,0.44778,-0.90171,3,37.717,363.0997,37.0414,179.8797,0.6413,-101.2664,0.0106,24.7352,0.4423
596,000596.png,False,1788890708.647681,1788890708.587681,shear_+Y_back,2,+Y,0.0,-0.04338,0.35125,-0.87785,-0.00715,0.00103,-0.00057,-0.00064,0.36956,-0.85522,-0.00889,-0.00045,-0.0002,-0.20698,0.26847,-0.88372,3,37.7953,362.9869,37.0505,179.8816,0.6365,-101.2711,0.0008,24.7421,0.4355
597,000597.png,False,1788890708.843801,1788890708.783802,shear_+Y_back,2,+Y,0.0,-0.06558,0.13329,-0.82777,-0.00175,0.00045,-0.00053,-0.02282,0.15161,-0.80516,-0.00349,-0.00103,-0.00016,-0.11767,0.06941,-0.82982,3,37.8625,362.8348,37.0619,179.8844,0.6303,-101.2713,0.0083,24.7506,0.427
598,000598.png,False,1788890709.039812,1788890708.979812,shear_+Y_back,2,+Y,0.0,-0.05533,0.12072,-0.75803,-0.00132,0.00084,-0.00076,-0.01254,0.13904,-0.73544,-0.00306,-0.00064,-0.00039,-0.10299,0.06476,-0.7599,3,37.8732,362.8336,37.0687,179.8834,0.6323,-101.27,0.0063,24.7573,0.4203
599,000599.png,False,1788890709.231786,1788890709.171786,shear_+Y_back,2,+Y,0.0,-0.05895,0.10865,-0.78319,-0.00123,0.00061,-0.00074,-0.01614,0.12698,-0.76061,-0.00297,-0.00087,-0.00037,-0.09992,0.05209,-0.78483,3,37.8754,362.8246,37.0644,179.8812,0.6386,-101.2677,0.0063,24.7528,0.4247
600,000600.png,False,1788890709.427689,1788890709.367689,shear_+Y_back,2,+Y,0.0,-0.07605,-0.01387,-0.76727,0.00184,0.0004,-0.00065,-0.03322,0.00447,-0.74471,0.0001,-0.00108,-0.00028,-0.05363,-0.0623,-0.76676,3,37.9053,362.762,37.0713,179.8812,0.6382,-101.264,0.0061,24.7584,0.4191
601,000601.png,False,1788890709.819783,1788890709.759783,shear_+Y_back,2,+Y,0.0,-0.03882,-0.02612,-0.77485,0.00215,0.00129,-0.00064,0.00406,-0.00775,-0.75233,0.00041,-0.00019,-0.00026,-0.01521,-0.05443,-0.7742,4,37.9387,362.7487,37.0623,179.8814,0.6378,-101.267,0.003,24.7491,0.4285
602,000602.png,False,1788890710.207793,1788890710.147793,shear_+Y_back,2,+Y,0.0,-0.05173,-0.05144,-0.84785,0.00271,0.00096,-0.0003,-0.00881,-0.03306,-0.82536,0.00096,-0.00052,8e-05,-0.01323,-0.08398,-0.84672,3,37.9444,362.7228,37.0592,179.8825,0.6356,-101.267,0.0256,24.7455,0.4321
603,000603.png,False,1788890710.403766,1788890710.343766,shear_+Y_back,2,+Y,0.0,-0.06245,-0.08096,-1.1136,0.00366,0.00045,-0.00061,-0.0195,-0.06257,-1.09112,0.00191,-0.00103,-0.00023,-0.00592,-0.11916,-1.1119,3,37.9494,362.6898,36.9805,179.8833,0.6329,-101.2672,0.0027,24.6662,0.5113
604,000604.png,False,1788890710.987786,1788890710.927786,shear_+X_out,3,+X,0.5,-0.0455,-0.03635,-1.13889,0.00255,0.00082,-0.00041,-0.00247,-0.01792,-1.11647,0.0008,-0.00067,-3e-05,-0.01335,-0.07246,-1.13799,3,37.9449,362.7206,36.9875,179.8797,0.6427,-101.2675,0.0104,24.6738,0.5038
605,000605.png,False,1788890711.183775,1788890711.123775,shear_+X_out,3,+X,0.5,0.07064,0.09185,-0.87698,-0.00064,0.00396,-0.0006,0.11369,0.11029,-0.85458,-0.00239,0.00247,-0.00022,0.02138,0.1008,-0.87858,3,37.9924,362.8792,37.0495,179.8726,0.6602,-101.2736,0.0044,24.7379,0.4396
606,000606.png,False,1788890711.379686,1788890711.319686,shear_+X_out,3,+X,0.5,0.30487,-0.07314,-0.96567,0.00335,0.00963,-0.00046,0.34794,-0.05469,-0.94329,0.0016,0.00815,-8e-05,0.30732,0.07352,-0.96487,3,38.1589,362.837,37.022,179.8768,0.6499,-101.2695,0.0048,24.7086,0.469
607,000607.png,False,1788890711.767684,1788890711.707684,shear_+X_out,3,+X,0.5,0.28194,-0.08049,-0.99667,0.00365,0.00926,-0.00039,0.32506,-0.06202,-0.97431,0.0019,0.00778,-1e-05,0.29134,0.0552,-0.99568,3,38.1614,362.8212,37.0149,179.8786,0.6452,-101.269,0.0083,24.7012,0.4763
608,000608.png,False,1788890711.963695,1788890711.903695,shear_+X_out,3,+X,0.5,0.58696,0.11591,-1.10123,-0.00122,0.01661,-0.00033,0.6301,0.13439,-1.07889,-0.00297,0.01513,5e-05,0.45815,0.37603,-1.10424,3,38.2693,363.0128,36.9943,179.8751,0.6555,-101.2686,0.0043,24.683,0.4946
609,000609.png,False,1788890712.159687,1788890712.099687,shear_+X_out,3,+X,0.5,0.57683,-0.16022,-1.16582,0.00537,0.01629,-0.0004,0.62,-0.14173,-1.1435,0.00361,0.01481,-2e-05,0.58779,0.13079,-1.16402,3,38.3609,362.8878,36.9712,179.8814,0.6386,-101.2688,0.0012,24.6572,0.5203
610,000610.png,False,1788890712.547693,1788890712.487693,shear_+X_back,3,+X,0.0,0.58234,-0.09521,-1.10645,0.00399,0.01664,-0.00049,0.62555,-0.0767,-1.08416,0.00223,0.01516,-0.00011,0.55967,0.19079,-1.10579,3,38.3553,362.9207,36.9853,179.8802,0.6423,-101.2688,0.0045,24.6719,0.5056
611,000611.png,False,1788890712.743693,1788890712.683693,shear_+X_back,3,+X,0.0,0.58744,-0.0736,-1.0423,0.00328,0.01653,-0.00063,0.63068,-0.05508,-1.02003,0.00152,0.01504,-0.00025,0.55285,0.21308,-1.04204,3,38.3535,362.932,36.9933,179.8795,0.6441,-101.2683,0.0033,24.6801,0.4974
612,000612.png,False,1788890712.939773,1788890712.879773,shear_+X_back,3,+X,0.0,0.31853,0.01162,-0.70941,0.0012,0.01032,-0.0007,0.36178,0.03015,-0.68716,-0.00055,0.00883,-0.00032,0.27502,0.15786,-0.71014,3,38.197,362.9038,37.0806,179.876,0.653,-101.2616,0.004,24.768,0.4095
613,000613.png,False,1788890713.135683,1788890713.075683,shear_+X_back,3,+X,0.0,0.14443,-0.02054,-0.68945,0.00195,0.00595,-0.00056,0.18771,-0.002,-0.66722,0.00019,0.00446,-0.00017,0.14015,0.04333,-0.68928,3,38.0794,362.8264,37.0911,179.8764,0.6517,-101.2658,0.0015,24.7781,0.3994
614,000614.png,False,1788890713.331773,1788890713.271773,shear_+X_back,3,+X,0.0,0.09353,-0.00318,-0.75124,0.00174,0.00463,-0.00071,0.13684,0.01537,-0.72902,-2e-05,0.00315,-0.00033,0.08782,0.03194,-0.75125,3,38.0579,362.8068,37.0744,179.876,0.652,-101.2688,0.0065,24.7613,0.4163
615,000615.png,False,1788890713.523773,1788890713.463773,shear_+X_back,3,+X,0.0,0.02979,-0.02737,-0.84402,0.0022,0.00301,-0.00069,0.07312,-0.00881,-0.82182,0.00044,0.00153,-0.00031,0.04533,-0.02234,-0.84347,3,38.011,362.7458,37.0379,179.8781,0.6468,-101.2734,0.0036,24.7241,0.4534
616,000616.png,False,1788890714.499846,1788890714.439847,shear_-X_out,3,-X,0.5,-0.1002,-0.064,-1.0358,0.00311,-0.00027,-0.00067,-0.05675,-0.04539,-1.01368,0.00134,-0.00176,-0.00028,-0.04764,-0.12209,-1.03433,3,37.9425,362.7264,37.0106,179.8733,0.6592,-101.2723,0.0017,24.697,0.4806
617,000617.png,False,1788890714.695807,1788890714.635807,shear_-X_out,3,-X,0.5,-0.39228,-0.14913,-1.06734,0.00548,-0.00746,-0.00047,-0.3488,-0.13051,-1.04524,0.00372,-0.00895,-9e-05,-0.25789,-0.34226,-1.06381,3,37.7925,362.5579,37.0017,179.8756,0.6524,-101.2743,0.0074,24.6864,0.4911
618,000618.png,False,1788890715.083806,1788890715.023806,shear_-X_out,3,-X,0.5,-0.38858,0.06138,-1.00179,0.00024,-0.00746,-0.00056,-0.34507,0.08003,-0.97972,-0.00153,-0.00894,-0.00017,-0.36032,-0.15705,-1.00192,3,37.7307,362.6583,37.0145,179.8714,0.6648,-101.2737,0.0062,24.7012,0.4763
619,000619.png,False,1788890715.279865,1788890715.219865,shear_-X_out,3,-X,0.5,-0.58884,-0.1232,-1.20253,0.0049,-0.01248,-0.00035,-0.5453,-0.10454,-1.18049,0.00313,-0.01397,4e-05,-0.44018,-0.42018,-1.19904,3,37.675,362.5018,36.9738,179.8764,0.6523,-101.2712,0.0054,24.6584,0.5191
620,000620.png,False,1788890715.475813,1788890715.415813,shear_-X_out,3,-X,0.5,-0.6292,0.12852,-1.07112,-0.00132,-0.01332,-0.0005,-0.58564,0.14719,-1.04909,-0.00309,-0.01481,-0.00011,-0.60181,-0.22024,-1.07193,3,37.569,362.6032,37.004,179.8698,0.6689,-101.2743,0.0,24.691,0.4865
621,000621.png,False,1788890715.867808,1788890715.807808,shear_-X_back,3,-X,0.0,-0.61809,0.08702,-1.0838,-0.00033,-0.01322,-0.00049,-0.57448,0.10571,-1.06181,-0.0021,-0.01471,-0.0001,-0.57136,-0.25083,-1.08391,3,37.5726,362.5883,37.001,179.8708,0.6677,-101.2743,0.0038,24.6877,0.4899
622,000622.png,False,1788890716.059695,1788890715.999695,shear_-X_back,3,-X,0.0,-0.61684,0.07161,-1.06469,-1e-05,-0.01324,-0.00069,-0.57321,0.09031,-1.04272,-0.00178,-0.01473,-0.0003,-0.56272,-0.26325,-1.06454,3,37.575,362.5798,36.9999,179.8712,0.6666,-101.2748,0.0066,24.6864,0.4911
623,000623.png,False,1788890716.255810,1788890716.195811,shear_-X_back,3,-X,0.0,-0.3574,-0.03716,-1.17781,0.00298,-0.00668,-0.00053,-0.31374,-0.01845,-1.15585,0.00121,-0.00817,-0.00014,-0.28286,-0.22963,-1.17627,3,37.7515,362.6293,36.971,179.872,0.6639,-101.285,0.005,24.6571,0.5204
624,000624.png,False,1788890716.451772,1788890716.391773,shear_-X_back,3,-X,0.0,-0.17862,-0.01676,-1.14385,0.00213,-0.00245,-0.00044,-0.13494,0.00196,-1.12191,0.00036,-0.00394,-5e-05,-0.13842,-0.12209,-1.14303,3,37.8554,362.6677,36.9842,179.8717,0.6651,-101.2871,0.0009,24.6702,0.5073
625,000625.png,False,1788890716.647813,1788890716.587813,shear_-X_back,3,-X,0.0,-0.15457,-0.06231,-1.06796,0.00305,-0.00177,-0.00054,-0.11086,-0.04358,-1.04604,0.00128,-0.00327,-0.00015,-0.09535,-0.1483,-1.06641,3,37.8701,362.6596,36.9903,179.8734,0.6613,-101.2823,0.0062,24.676,0.5015
626,000626.png,False,1788890716.839806,1788890716.779806,shear_-X_back,3,-X,0.0,-0.08692,-0.02666,-0.98776,0.00226,-6e-05,-0.00046,-0.04319,-0.00792,-0.96585,0.00049,-0.00156,-7e-05,-0.05513,-0.08234,-0.98697,3,37.9034,362.6954,37.0089,179.8737,0.6605,-101.281,0.0045,24.695,0.4825
627,000627.png,False,1788890717.035839,1788890716.975839,shear_-X_back,3,-X,0.0,-0.02025,-0.01286,-0.9637,0.002,0.0018,-0.0004,0.0235,0.00589,-0.94181,0.00022,0.00031,-1e-05,-0.00443,-0.0367,-0.96329,3,37.9441,362.7082,37.0172,179.8734,0.6618,-101.2817,0.0011,24.7032,0.4743
628,000628.png,False,1788890717.623852,1788890717.563852,shear_-Y_out,3,-Y,0.5,-0.04026,-0.02299,-0.94168,0.00229,0.00132,-0.00047,0.00357,-0.00421,-0.91984,0.00051,-0.00017,-8e-05,-0.01686,-0.05511,-0.94106,3,37.9409,362.722,37.0255,179.8721,0.6657,-101.2798,0.001,24.7118,0.4658
629,000629.png,False,1788890717.815694,1788890717.755694,shear_-Y_out,3,-Y,0.5,-0.04382,-0.01937,-0.86519,0.00207,0.00116,-0.00085,3e-05,-0.00058,-0.84336,0.00029,-0.00033,-0.00045,-0.02228,-0.05253,-0.86463,3,37.9384,362.7252,37.0358,179.8712,0.6672,-101.2795,0.0011,24.7222,0.4554
630,000630.png,False,1788890718.011795,1788890717.951795,shear_-Y_out,3,-Y,0.5,-0.05309,-0.43401,-0.90488,0.0122,0.00103,-0.00046,-0.00922,-0.41521,-0.88307,0.01041,-0.00046,-7e-05,0.17713,-0.41691,-0.89711,3,38.0771,362.4856,37.0292,179.8732,0.6626,-101.28,0.0072,24.7107,0.4668
631,000631.png,False,1788890718.403819,1788890718.343819,shear_-Y_out,3,-Y,0.5,-0.01045,-0.29538,-0.95326,0.00887,0.00198,-0.0003,0.03347,-0.27656,-0.93149,0.00709,0.00049,0.0001,0.14513,-0.27631,-0.94798,3,38.0616,362.5686,37.0218,179.8701,0.671,-101.2813,0.0097,24.7047,0.4728
632,000632.png,False,1788890718.595799,1788890718.535799,shear_-Y_out,3,-Y,0.5,-0.09362,-0.63649,-1.04748,0.01712,-3e-05,-1e-05,-0.04967,-0.61765,-1.02572,0.01533,-0.00153,0.00038,0.24417,-0.6148,-1.03609,3,38.1381,362.3483,37.0035,179.8729,0.6636,-101.2806,0.001,24.6824,0.4951
633,000633.png,False,1788890718.791811,1788890718.731812,shear_-Y_out,3,-Y,0.5,0.00019,-0.52546,-0.94217,0.01437,0.00225,-8e-05,0.04416,-0.50662,-0.92043,0.01259,0.00076,0.00032,0.26923,-0.47008,-0.93291,3,38.1541,362.4198,37.0258,179.8678,0.6766,-101.2811,0.0042,24.7057,0.4718
634,000634.png,False,1788890718.987803,1788890718.927803,shear_-Y_out,3,-Y,0.5,-0.01015,-0.53987,-0.9567,0.01476,0.00207,-0.00013,0.03384,-0.52102,-0.93498,0.01298,0.00057,0.00027,0.26757,-0.48797,-0.94717,3,38.1544,362.4093,37.0213,179.8685,0.6754,-101.2809,0.0062,24.7011,0.4764
635,000635.png,False,1788890719.183815,1788890719.123815,shear_-Y_back,3,-Y,0.0,-0.01756,-0.55946,-0.96716,0.01529,0.00182,-0.00025,0.02646,-0.54059,-0.94546,0.0135,0.00032,0.00015,0.27101,-0.5088,-0.95728,3,38.1572,362.3968,37.02,179.8689,0.674,-101.2807,0.0,24.6996,0.478
636,000636.png,False,1788890719.375843,1788890719.315843,shear_-Y_back,3,-Y,0.0,-0.02548,-0.57202,-0.98782,0.01571,0.00174,-0.00014,0.01856,-0.55314,-0.96614,0.01392,0.00025,0.00026,0.27057,-0.52396,-0.9777,3,38.1594,362.3847,37.0167,179.8694,0.6725,-101.2802,0.01,24.6961,0.4814
637,000637.png,False,1788890719.571856,1788890719.511856,shear_-Y_back,3,-Y,0.0,-0.06533,-0.41428,-1.20249,0.01204,0.00058,-0.00017,-0.02127,-0.3954,-1.18082,0.01025,-0.00091,0.00023,0.15873,-0.4107,-1.19499,3,38.0853,362.477,36.9657,179.8723,0.665,-101.2778,0.004,24.647,0.5305
638,000638.png,False,1788890719.767698,1788890719.707698,shear_-Y_back,3,-Y,0.0,-0.04253,-0.17651,-1.17823,0.00619,0.0012,-0.00011,0.00156,-0.15762,-1.15658,0.0044,-0.00029,0.00029,0.05952,-0.193,-1.1749,3,38.0356,362.5527,36.9709,179.8753,0.6573,-101.2778,0.0055,24.6538,0.5237
639,000639.png,False,1788890719.963809,1788890719.903810,shear_-Y_back,3,-Y,0.0,-0.04854,-0.19248,-1.06386,0.00642,0.00102,-0.00037,-0.00443,-0.17357,-1.04222,0.00463,-0.00047,3e-05,0.06149,-0.208,-1.06026,3,38.0253,362.5916,36.9906,179.8757,0.6568,-101.2802,0.0095,24.6742,0.5033
640,000640.png,False,1788890720.159822,1788890720.099823,shear_-Y_back,3,-Y,0.0,-0.01345,-0.10736,-0.97602,0.00439,0.00193,-0.0002,0.03068,-0.08844,-0.9544,0.0026,0.00043,0.0002,0.04875,-0.11534,-0.97398,4,38.0038,362.7051,37.0369,179.8729,0.6635,-101.2887,0.0023,24.7224,0.4551
641,000641.png,False,1788890720.547696,1788890720.487696,shear_-Y_back,3,-Y,0.0,-0.06167,-0.02098,-0.90822,0.00228,0.0008,-0.0002,-0.01749,-0.00204,-0.88664,0.00049,-0.0007,0.0002,-0.03664,-0.06353,-0.90759,3,37.9467,362.7152,37.0455,179.8748,0.6596,-101.2893,0.0078,24.7316,0.4459
642,000642.png,False,1788890721.131846,1788890721.071846,shear_+Y_out,3,+Y,0.47797858671153076,-0.06326,-0.01242,-0.84403,0.00202,0.00081,-0.00044,-0.01901,0.00655,-0.8225,0.00022,-0.00069,-3e-05,-0.04274,-0.05589,-0.84356,4,37.9517,362.6937,37.062,179.8744,0.6615,-101.2858,0.003,24.7478,0.4298
643,000643.png,False,1788890721.327792,1788890721.267792,shear_+Y_out,3,+Y,0.47797858671153076,0.01347,0.33332,-1.03064,-0.00648,0.00249,-0.00045,0.05775,0.3523,-1.00913,-0.00828,0.001,-4e-05,-0.14772,0.2789,-1.03629,3,37.8727,362.9278,37.0146,179.8728,0.6658,-101.2869,0.0055,24.7047,0.4728
644,000644.png,False,1788890721.915817,1788890721.855818,shear_+Y_out,3,+Y,0.47797858671153076,-0.04555,0.26423,-0.98085,-0.00488,0.0011,-0.0005,-0.0012,0.28324,-0.95938,-0.00667,-0.0004,-9e-05,-0.16467,0.19037,-0.98519,3,37.8595,362.8912,37.0204,179.8756,0.6585,-101.2889,0.0013,24.7099,0.4676
645,000645.png,False,1788890722.107707,1788890722.047707,shear_+Y_out,3,+Y,0.47797858671153076,-0.01647,0.63789,-0.90104,-0.01393,0.00187,-0.00067,0.0279,0.65692,-0.8796,-0.01573,0.00037,-0.00026,-0.32673,0.5298,-0.91193,3,37.7405,363.1277,37.046,179.868,0.677,-101.2868,0.0079,24.7402,0.4374
646,000646.png,False,1788890722.499778,1788890722.439778,shear_+Y_out,3,+Y,0.47797858671153076,-0.06518,0.54708,-0.96506,-0.01186,0.00064,-0.0007,-0.02076,0.56612,-0.94365,-0.01366,-0.00085,-0.0003,-0.3231,0.42578,-0.97427,3,37.7323,363.0805,37.0285,179.8748,0.6608,-101.2869,0.005,24.722,0.4555
647,000647.png,False,1788890722.695818,1788890722.635818,shear_+Y_back,3,+Y,0.0,-0.05532,0.56407,-0.93994,-0.01231,0.0008,-0.00068,-0.01088,0.58312,-0.91855,-0.01411,-0.0007,-0.00028,-0.32322,0.44582,-0.94947,3,37.7297,363.0962,37.0329,179.8746,0.6614,-101.2867,0.0097,24.7267,0.4509
648,000648.png,False,1788890722.887824,1788890722.827824,shear_+Y_back,3,+Y,0.0,-0.04397,0.58299,-0.96773,-0.01266,0.00108,-0.00064,0.00049,0.60206,-0.94636,-0.01446,-0.00042,-0.00023,-0.32266,0.46744,-0.97761,3,37.7309,363.1076,37.0324,179.8746,0.6618,-101.2876,0.0003,24.7264,0.4512
649,000649.png,False,1788890723.083704,1788890723.023704,shear_+Y_back,3,+Y,0.0,0.02807,0.2447,-0.92561,-0.00448,0.00301,-0.00066,0.07256,0.26378,-0.90425,-0.00628,0.00151,-0.00025,-0.09153,0.21113,-0.92977,3,37.8934,362.9064,37.0294,179.881,0.6452,-101.3027,0.0081,24.7189,0.4586
650,000650.png,False,1788890723.279701,1788890723.219701,shear_+Y_back,3,+Y,0.0,-0.00095,0.03891,-0.88388,0.00061,0.0023,-0.00053,0.04356,0.05799,-0.86253,-0.00119,0.0008,-0.00013,-0.01413,0.01907,-0.88441,3,37.929,362.8468,37.0443,179.88,0.6483,-101.3067,0.0061,24.7326,0.4449
651,000651.png,False,1788890723.667842,1788890723.607842,shear_+Y_back,3,+Y,0.0,-0.03795,0.01812,-0.83953,0.00117,0.00138,-0.00053,0.00661,0.03723,-0.81822,-0.00063,-0.00012,-0.00012,-0.03611,-0.01671,-0.83964,3,37.9297,362.7671,37.0507,179.8781,0.6538,-101.3032,0.0086,24.7378,0.4397
652,000652.png,False,1788890723.863709,1788890723.803710,shear_+Y_back,3,+Y,0.0,-0.07743,-0.06788,-0.79424,0.00311,0.00047,-0.00067,-0.03285,-0.04877,-0.77295,0.00131,-0.00103,-0.00026,-0.02765,-0.11021,-0.79278,3,37.9314,362.7295,37.0652,179.8766,0.657,-101.3015,0.0062,24.7516,0.4259
653,000653.png,False,1788890724.839831,1788890724.779831,shear_+Y_back,3,+Y,0.0,-0.06979,-0.05464,-1.2233,0.0032,0.00047,-0.00029,-0.02509,-0.03547,-1.2021,0.00139,-0.00103,0.00012,-0.02467,-0.10179,-1.22203,3,37.9419,362.7042,36.9659,179.8772,0.6556,-101.2967,0.0075,24.6519,0.5256
654,000654.png,False,1788890725.035786,1788890724.975786,shear_+X_out,4,+X,0.5,-0.06735,-0.0442,-1.12742,0.00306,0.00066,-0.00026,-0.02263,-0.02502,-1.10623,0.00125,-0.00084,0.00015,-0.02844,-0.08999,-1.12635,3,37.943,362.7086,36.9874,179.8765,0.6581,-101.2971,0.0009,24.6734,0.5041
655,000655.png,False,1788890725.231782,1788890725.171782,shear_+X_out,4,+X,0.5,-0.01161,0.01083,-1.08236,0.00148,0.00204,-0.00017,0.03314,0.03002,-1.06119,-0.00033,0.00054,0.00024,-0.00796,-0.01376,-1.08236,3,37.9702,362.7846,37.006,179.8741,0.6642,-101.3008,0.0034,24.6931,0.4845
656,000656.png,False,1788890725.423717,1788890725.363717,shear_+X_out,4,+X,0.5,0.31744,-0.08206,-0.92218,0.00354,0.01021,-0.00045,0.36221,-0.06287,-0.90103,0.00173,0.0087,-4e-05,0.32236,0.07277,-0.92125,3,38.1745,362.8119,37.0252,179.8748,0.6628,-101.3021,0.0089,24.7113,0.4663
657,000657.png,False,1788890725.815830,1788890725.755830,shear_+X_out,4,+X,0.5,0.27586,-0.12332,-0.97533,0.00461,0.00909,-0.00055,0.32068,-0.1041,-0.95421,0.0028,0.00759,-0.00014,0.30733,0.01541,-0.9736,3,38.1758,362.8073,37.0128,179.875,0.6628,-101.3024,0.0049,24.6988,0.4787
658,000658.png,False,1788890726.011882,1788890725.951882,shear_+X_out,4,+X,0.5,0.64573,-0.07215,-1.12954,0.00344,0.01819,-0.00048,0.69057,-0.05292,-1.10843,0.00162,0.01669,-7e-05,0.60322,0.24207,-1.12941,3,38.3669,362.8898,36.9699,179.8764,0.6588,-101.2995,0.0099,24.6559,0.5216
659,000659.png,False,1788890726.203825,1788890726.143825,shear_+X_out,4,+X,0.5,0.57385,-0.17746,-1.17403,0.00603,0.01642,-0.00037,0.61871,-0.15822,-1.15295,0.00421,0.01492,5e-05,0.59388,0.11423,-1.17193,3,38.3705,362.8686,36.9712,179.878,0.6546,-101.2997,0.0003,24.6569,0.5207
660,000660.png,False,1788890726.595835,1788890726.535836,shear_+X_back,4,+X,0.0,0.57493,-0.13416,-1.08521,0.005,0.01655,-0.00032,0.61984,-0.1149,-1.06416,0.00318,0.01504,0.0001,0.57257,0.1537,-1.08387,3,38.3659,362.894,36.9928,179.8772,0.6568,-101.2997,0.0083,24.6789,0.4987
661,000661.png,False,1788890726.791843,1788890726.731843,shear_+X_back,4,+X,0.0,0.34973,-0.05245,-0.80323,0.00297,0.01106,-0.00037,0.39467,-0.03318,-0.7822,0.00115,0.00955,4e-05,0.33472,0.11645,-0.8029,3,38.2323,362.8658,37.0647,179.8744,0.6637,-101.2989,0.0005,24.7513,0.4262
662,000662.png,False,1788890726.987816,1788890726.927816,shear_+X_back,4,+X,0.0,0.19458,-0.06167,-0.74177,0.00307,0.00734,-0.00043,0.23954,-0.04239,-0.72075,0.00125,0.00584,-1e-05,0.2045,0.03193,-0.74098,3,38.1313,362.7781,37.0773,179.8752,0.662,-101.3054,0.007,24.7632,0.4143
663,000663.png,False,1788890727.179833,1788890727.119833,shear_+X_back,4,+X,0.0,0.09523,-0.01152,-0.85248,0.002,0.00488,-0.00044,0.14021,0.00777,-0.83148,0.00018,0.00337,-2e-05,0.09415,0.02395,-0.85234,3,38.0634,362.8107,37.061,179.8719,0.6696,-101.3063,0.0032,24.7478,0.4297
664,000664.png,False,1788890727.375900,1788890727.315900,shear_+X_back,4,+X,0.0,0.06289,0.00931,-0.88396,0.00151,0.00389,-0.00072,0.1079,0.02861,-0.86298,-0.00031,0.00238,-0.0003,0.05595,0.02533,-0.88411,3,38.032,362.7963,37.0375,179.8714,0.6706,-101.3074,0.0024,24.7244,0.4532
665,000665.png,False,1788890727.571867,1788890727.511867,shear_+X_back,4,+X,0.0,-0.05343,-0.01674,-1.01229,0.00216,0.00102,-0.00066,-0.0084,0.00257,-0.99132,0.00034,-0.00049,-0.00024,-0.0309,-0.05741,-1.01173,3,37.9624,362.7463,37.0019,179.8711,0.671,-101.3089,0.0082,24.6885,0.4891
666,000666.png,False,1788890727.767816,1788890727.707816,shear_+X_back,4,+X,0.0,-0.10613,0.02353,-1.06891,0.00133,-0.00043,-0.00069,-0.06108,0.04286,-1.04796,-0.00049,-0.00194,-0.00027,-0.09628,-0.04977,-1.06894,3,37.9315,362.7474,36.9943,179.8706,0.6726,-101.3089,0.0068,24.681,0.4965
667,000667.png,False,1788890728.351844,1788890728.291844,shear_-X_out,4,-X,0.5,-0.1234,-0.08974,-1.08967,0.00386,-0.00091,-0.00073,-0.07827,-0.07039,-1.06877,0.00204,-0.00242,-0.00031,-0.0545,-0.15683,-1.0877,3,37.9421,362.7087,36.9873,179.8698,0.6745,-101.3096,0.0029,24.6734,0.5042
668,000668.png,False,1788890728.935823,1788890728.875823,shear_-X_out,4,-X,0.5,-0.42074,0.04714,-1.0874,0.00073,-0.00825,-0.00093,-0.37554,0.06653,-1.06655,-0.0011,-0.00976,-0.00051,-0.38047,-0.18682,-1.08721,3,37.7287,362.6387,36.9843,179.8681,0.6788,-101.3109,0.0046,24.6707,0.5068
669,000669.png,False,1788890729.131723,1788890729.071723,shear_-X_out,4,-X,0.5,-0.53832,-0.07175,-1.26782,0.00399,-0.0111,-0.00062,-0.4931,-0.05235,-1.24699,0.00216,-0.0126,-0.0002,-0.42166,-0.35143,-1.26531,3,37.6789,362.4963,36.9386,179.8724,0.6676,-101.3083,0.0012,24.6231,0.5545
670,000670.png,False,1788890729.327842,1788890729.267842,shear_-X_out,4,-X,0.5,-0.67002,0.11721,-1.19556,-0.00077,-0.0144,-0.00085,-0.62477,0.13662,-1.17475,-0.0026,-0.01591,-0.00043,-0.63065,-0.25242,-1.19607,3,37.572,362.5873,36.9671,179.8665,0.6826,-101.3112,0.0069,24.6538,0.5238
671,000671.png,False,1788890729.715816,1788890729.655816,shear_-X_back,4,-X,0.0,-0.65885,0.07564,-1.22018,0.0001,-0.01429,-0.00069,-0.61356,0.09507,-1.19941,-0.00173,-0.0158,-0.00026,-0.60004,-0.28325,-1.21999,3,37.5739,362.5741,36.9637,179.8672,0.6813,-101.3114,0.0015,24.6501,0.5274
672,000672.png,False,1788890729.911782,1788890729.851782,shear_-X_back,4,-X,0.0,-0.65758,0.06284,-1.2338,0.00045,-0.01431,-0.00058,-0.61227,0.08228,-1.21303,-0.00138,-0.01582,-0.00016,-0.59245,-0.29391,-1.23338,3,37.5756,362.5659,36.9638,179.8675,0.6807,-101.3118,0.0068,24.6501,0.5274
673,000673.png,False,1788890730.107906,1788890730.047906,shear_-X_back,4,-X,0.0,-0.33595,-0.01339,-1.24533,0.00227,-0.00634,-0.00047,-0.29061,0.00606,-1.22459,0.00044,-0.00785,-5e-05,-0.27568,-0.19941,-1.24424,3,37.7932,362.6769,36.9574,179.8655,0.6852,-101.3251,0.008,24.644,0.5335
674,000674.png,False,1788890730.303794,1788890730.243794,shear_-X_back,4,-X,0.0,-0.18581,-0.01962,-1.13967,0.00231,-0.00238,-0.00054,-0.14045,-0.00016,-1.11895,0.00048,-0.00389,-0.00012,-0.14325,-0.12809,-1.13879,3,37.8514,362.6505,36.9707,179.8666,0.6833,-101.3231,0.0054,24.6565,0.5211
675,000675.png,False,1788890730.495806,1788890730.435807,shear_-X_back,4,-X,0.0,-0.17535,-0.06663,-1.11406,0.00351,-0.00205,-0.00047,-0.12996,-0.04716,-1.09335,0.00168,-0.00356,-5e-05,-0.11088,-0.16317,-1.11239,3,37.8722,362.6487,36.9815,179.8673,0.6819,-101.3201,0.003,24.6671,0.5104
676,000676.png,False,1788890730.691729,1788890730.631729,shear_-X_back,4,-X,0.0,-0.10206,-0.02922,-1.05022,0.0025,-0.00026,-0.00036,-0.05665,-0.00974,-1.02953,0.00067,-0.00177,7e-05,-0.06653,-0.09313,-1.04935,3,37.9227,362.7166,37.0,179.8666,0.684,-101.3175,0.0027,24.6863,0.4913
677,000677.png,False,1788890730.887834,1788890730.827834,shear_-X_back,4,-X,0.0,-0.05373,-0.05604,-1.12148,0.00311,0.00073,-0.0004,-0.0083,-0.03655,-1.1008,0.00127,-0.00078,3e-05,-0.01077,-0.09335,-1.12023,3,37.9432,362.6928,36.9813,179.8688,0.6785,-101.3194,0.008,24.6671,0.5104
678,000678.png,False,1788890731.471725,1788890731.411726,shear_-Y_out,4,-Y,0.5,-0.0652,-0.04797,-1.08907,0.00297,0.00065,-0.00033,-0.0197,-0.02845,-1.06845,0.00113,-0.00086,9e-05,-0.02496,-0.09157,-1.08794,3,37.9403,362.7029,36.9914,179.8683,0.6797,-101.3188,0.0069,24.6774,0.5002
679,000679.png,False,1788890731.667854,1788890731.607854,shear_-Y_out,4,-Y,0.5,-0.06431,-0.0444,-0.97413,0.00285,0.00065,-0.00056,-0.01878,-0.02487,-0.95353,0.00101,-0.00086,-0.00014,-0.02677,-0.08619,-0.97309,3,37.9399,362.7036,37.0104,179.8674,0.6822,-101.3179,0.006,24.6964,0.4811
680,000680.png,False,1788890731.863724,1788890731.803725,shear_-Y_out,4,-Y,0.5,-0.05523,-0.42076,-0.86914,0.01201,0.00104,-0.00034,-0.00968,-0.40122,-0.84855,0.01017,-0.00047,9e-05,0.16841,-0.40593,-0.8616,3,38.0736,362.4988,37.0398,179.868,0.6812,-101.3188,0.0087,24.7216,0.4559
681,000681.png,False,1788890732.059806,1788890731.999806,shear_-Y_out,4,-Y,0.5,-0.03459,-0.33558,-0.84482,0.00973,0.00143,-0.00044,0.01098,-0.31603,-0.82425,0.00789,-8e-05,-1e-05,0.14355,-0.32145,-0.83881,3,38.0627,362.5412,37.0415,179.8654,0.6877,-101.3199,0.0025,24.7241,0.4535
682,000682.png,False,1788890732.251823,1788890732.191823,shear_-Y_out,4,-Y,0.5,-0.03171,-0.31009,-0.99245,0.00931,0.0016,-0.00034,0.01388,-0.29052,-0.9719,0.00747,9e-05,8e-05,0.13433,-0.3003,-0.98686,3,38.0592,362.5531,37.0119,179.8654,0.6877,-101.3197,0.0072,24.6947,0.4829
683,000683.png,False,1788890732.447836,1788890732.387836,shear_-Y_out,4,-Y,0.5,-0.09332,-0.70853,-1.14785,0.01937,3e-05,-0.00016,-0.04769,-0.68895,-1.12731,0.01753,-0.00148,0.00027,0.28112,-0.67865,-1.1352,3,38.1619,362.3091,36.9801,179.8687,0.6791,-101.3177,0.0034,24.6582,0.5193
684,000684.png,False,1788890732.643834,1788890732.583834,shear_-Y_out,4,-Y,0.5,-0.02479,-0.54469,-1.03183,0.01534,0.0019,-0.00028,0.02086,-0.52511,-1.01131,0.0135,0.00039,0.00015,0.25782,-0.50066,-1.02218,3,38.1485,362.4067,37.0,179.8645,0.6903,-101.3188,0.0093,24.6797,0.4978
685,000685.png,False,1788890732.839729,1788890732.779729,shear_-Y_out,4,-Y,0.5,-0.03251,-0.56697,-1.03611,0.01573,0.0014,-0.00028,0.01316,-0.54737,-1.0156,0.01389,-0.00011,0.00015,0.26229,-0.52388,-1.02605,3,38.1495,362.3944,36.9982,179.8649,0.6893,-101.3188,0.0053,24.6778,0.4997
686,000686.png,False,1788890733.035748,1788890732.975749,shear_-Y_back,4,-Y,0.0,-0.04259,-0.58304,-1.05341,0.0162,0.0014,-0.00022,0.00311,-0.56344,-1.03292,0.01435,-0.00011,0.00022,0.26172,-0.54311,-1.04305,3,38.1523,362.3792,36.9967,179.8654,0.6874,-101.3188,0.0004,24.676,0.5015
687,000687.png,False,1788890733.227884,1788890733.167884,shear_-Y_back,4,-Y,0.0,-0.04924,-0.59905,-1.05028,0.01657,0.00118,-0.00033,-0.00353,-0.57943,-1.02981,0.01473,-0.00034,0.00011,0.26393,-0.56025,-1.03963,3,38.1559,362.3695,36.9946,179.8661,0.6863,-101.319,0.0087,24.6738,0.5038
688,000688.png,False,1788890733.423783,1788890733.363783,shear_-Y_back,4,-Y,0.0,-0.06309,-0.42982,-1.07485,0.0124,0.00068,-0.00015,-0.01735,-0.4102,-1.0544,0.01056,-0.00083,0.00028,0.16755,-0.421,-1.06711,3,38.0959,362.4538,36.993,179.8664,0.6852,-101.3201,0.0033,24.6739,0.5036
689,000689.png,False,1788890733.619818,1788890733.559818,shear_-Y_back,4,-Y,0.0,-0.04607,-0.20247,-1.02915,0.00705,0.00124,-0.00048,-0.00031,-0.18283,-1.00871,0.0052,-0.00028,-4e-05,0.06838,-0.21486,-1.02539,3,38.0381,362.5652,36.9996,179.8667,0.6842,-101.3205,0.0091,24.6827,0.4949
690,000690.png,False,1788890733.815835,1788890733.755836,shear_-Y_back,4,-Y,0.0,-0.05755,-0.22437,-1.01722,0.00724,0.00082,-0.0004,-0.01177,-0.20472,-0.9968,0.00539,-0.00069,3e-05,0.0693,-0.23937,-1.01306,3,38.0323,362.5723,37.0016,179.8681,0.6806,-101.3244,0.0056,24.6849,0.4926
691,000691.png,False,1788890734.007816,1788890733.947816,shear_-Y_back,4,-Y,0.0,-0.02633,-0.14087,-0.96491,0.00543,0.00171,-0.00067,0.01948,-0.12121,-0.9445,0.00358,0.0002,-0.00024,0.05426,-0.15061,-0.96226,3,38.016,362.6569,37.0171,179.8666,0.684,-101.3321,0.0039,24.7019,0.4757
692,000692.png,False,1788890734.203843,1788890734.143843,shear_-Y_back,4,-Y,0.0,-0.03706,-0.12257,-0.99182,0.00478,0.0013,-0.00054,0.00878,-0.1029,-0.97144,0.00293,-0.00022,-0.0001,0.03602,-0.14056,-0.98947,3,38.0059,362.6412,37.009,179.8685,0.6791,-101.334,0.0098,24.6936,0.4839
693,000693.png,False,1788890734.399765,1788890734.339766,shear_-Y_back,4,-Y,0.0,-0.08385,-0.03402,-0.99362,0.00268,0.00017,-0.00071,-0.03799,-0.01435,-0.97325,0.00083,-0.00135,-0.00028,-0.04874,-0.08728,-0.99271,3,37.962,362.6697,37.0039,179.8691,0.6775,-101.3327,0.001,24.6892,0.4883
694,000694.png,False,1788890734.787816,1788890734.727816,shear_-Y_back,4,-Y,0.0,-0.0943,0.0111,-0.95825,0.00156,-3e-05,-0.00073,-0.04839,0.0308,-0.93792,-0.0003,-0.00154,-0.00029,-0.08059,-0.05286,-0.95811,3,37.926,362.708,37.0141,179.8704,0.6743,-101.3268,0.0017,24.7002,0.4773
695,000695.png,False,1788890734.983856,1788890734.923856,shear_+Y_out,4,+Y,0.5,-0.05614,-0.02105,-0.84589,0.00226,0.00099,-0.00082,-0.01021,-0.00134,-0.82558,0.0004,-0.00053,-0.00039,-0.03225,-0.05983,-0.84529,3,37.9513,362.7076,37.0395,179.8689,0.6781,-101.3296,0.0081,24.7255,0.4521
696,000696.png,False,1788890735.179742,1788890735.119742,shear_+Y_out,4,+Y,0.5,-0.00498,0.38876,-1.01444,-0.00775,0.00211,-0.00062,0.04097,0.40848,-0.99414,-0.00961,0.00059,-0.00019,-0.19152,0.31796,-1.02102,3,37.8476,362.9521,37.0099,179.8684,0.6794,-101.3329,0.0028,24.7005,0.477
697,000697.png,False,1788890735.763839,1788890735.703840,shear_+Y_out,4,+Y,0.5,-0.06019,0.24822,-1.10883,-0.00413,0.00079,-0.00048,-0.01417,0.26797,-1.08858,-0.00599,-0.00072,-4e-05,-0.16847,0.16714,-1.11285,3,37.8608,362.8712,36.9934,179.872,0.671,-101.3324,0.0021,24.6826,0.4949
698,000698.png,False,1788890735.959799,1788890735.899799,shear_+Y_out,4,+Y,0.5,-0.03512,0.70606,-1.03591,-0.01549,0.00137,-0.00075,0.01093,0.72582,-1.01568,-0.01735,-0.00014,-0.00032,-0.37601,0.57736,-1.04793,3,37.717,363.1402,37.0111,179.867,0.6826,-101.3307,0.0069,24.7056,0.4719
699,000699.png,False,1788890736.155839,1788890736.095840,shear_+Y_out,4,+Y,0.5,-0.09287,0.54701,-1.09157,-0.01167,-0.00011,-0.00081,-0.0468,0.56678,-1.07136,-0.01353,-0.00163,-0.00037,-0.34618,0.40986,-1.10071,3,37.7294,363.0562,36.9908,179.8718,0.6709,-101.3307,0.0073,24.6839,0.4936
700,000700.png,False,1788890736.351842,1788890736.291842,shear_+Y_out,4,+Y,0.5,-0.08208,0.56193,-1.08715,-0.012,6e-05,-0.00078,-0.03598,0.58172,-1.06695,-0.01386,-0.00145,-0.00034,-0.34431,0.42825,-1.09656,3,37.7274,363.0672,36.9968,179.8713,0.6717,-101.33,0.0018,24.6901,0.4874
701,000701.png,False,1788890736.543843,1788890736.483843,shear_+Y_back,4,+Y,0.0,-0.06678,0.5822,-1.08509,-0.01243,0.00047,-0.00065,-0.02066,0.60199,-1.06491,-0.01429,-0.00104,-0.00021,-0.34121,0.45347,-1.09489,3,37.726,363.0837,37.0007,179.8708,0.6729,-101.3305,0.0077,24.6942,0.4833
702,000702.png,False,1788890736.739872,1788890736.679873,shear_+Y_back,4,+Y,0.0,-0.0612,0.58624,-1.06754,-0.01262,0.00069,-0.00064,-0.01506,0.60605,-1.04738,-0.01448,-0.00083,-0.0002,-0.33851,0.46005,-1.07742,3,37.7286,363.0912,37.0048,179.8708,0.6731,-101.3314,0.0072,24.6985,0.479
703,000703.png,False,1788890736.935848,1788890736.875849,shear_+Y_back,4,+Y,0.0,0.04125,0.29754,-0.98275,-0.00535,0.00349,-0.00057,0.08741,0.31736,-0.96261,-0.00721,0.00197,-0.00013,-0.10612,0.26256,-0.98785,3,37.884,362.9432,37.0198,179.8725,0.6688,-101.3439,0.0061,24.71,0.4675
704,000704.png,False,1788890737.131745,1788890737.071745,shear_+Y_back,4,+Y,0.0,0.01486,0.07065,-0.90421,2e-05,0.00267,-0.00052,0.06105,0.09047,-0.88408,-0.00185,0.00115,-8e-05,-0.01616,0.05413,-0.90533,3,37.9414,362.8307,37.0358,179.8745,0.6633,-101.3513,0.0016,24.7238,0.4537
705,000705.png,False,1788890737.911851,1788890737.851851,shear_+Y_back,4,+Y,0.0,-0.07958,-0.05427,-0.86243,0.00309,0.00045,-0.00047,-0.03329,-0.0344,-0.84237,0.00123,-0.00107,-3e-05,-0.03584,-0.10058,-0.8612,3,37.9367,362.7142,37.0434,179.8712,0.6723,-101.3433,0.0119,24.7295,0.448
706,000706.png,False,1788890739.275806,1788890739.215806,shear_+X_out,5,+X,0.5,-0.06382,-0.07115,-1.16864,0.00351,0.00054,-0.00039,-0.01737,-0.05121,-1.1487,0.00164,-0.00098,6e-05,-0.01163,-0.11223,-1.1671,3,37.9523,362.7008,36.9693,179.8696,0.6761,-101.3348,0.0088,24.6552,0.5223
707,000707.png,False,1788890739.471751,1788890739.411751,shear_+X_out,5,+X,0.5,0.19114,0.03297,-1.07285,0.00112,0.00709,-0.00017,0.23761,0.05292,-1.05293,-0.00076,0.00557,0.00028,0.15653,0.10687,-1.07364,3,38.076,362.8543,37.0084,179.8643,0.6903,-101.3458,0.0006,24.6959,0.4816
708,000708.png,False,1788890739.667869,1788890739.607869,shear_+X_out,5,+X,0.5,0.33181,-0.18671,-1.14379,0.00657,0.01065,-4e-05,0.37831,-0.16675,-1.12389,0.0047,0.00913,0.0004,0.38863,-0.01423,-1.14104,3,38.2098,362.7751,36.9848,179.8704,0.6751,-101.3422,0.0062,24.6701,0.5075
709,000709.png,False,1788890739.863852,1788890739.803852,shear_+X_out,5,+X,0.5,0.32707,-0.16306,-1.12737,0.00596,0.01051,-0.00022,0.37359,-0.14309,-1.10749,0.00408,0.00898,0.00022,0.37259,0.00414,-1.12503,3,38.2074,362.7809,36.9848,179.8701,0.6755,-101.342,0.009,24.6702,0.5074
710,000710.png,False,1788890740.055846,1788890739.995847,shear_+X_out,5,+X,0.5,0.3251,-0.15517,-1.13489,0.00577,0.0104,-0.00019,0.37164,-0.13519,-1.11502,0.00389,0.00888,0.00026,0.367,0.00987,-1.13268,3,38.2081,362.7829,36.9816,179.8701,0.6759,-101.342,0.0001,24.667,0.5105
711,000711.png,False,1788890740.251842,1788890740.191842,shear_+X_out,5,+X,0.5,0.57712,0.09612,-1.17768,-0.00049,0.01653,-0.00028,0.62369,0.11611,-1.15782,-0.00237,0.01501,0.00017,0.46005,0.35275,-1.18032,3,38.2854,362.9805,36.9751,179.8655,0.6872,-101.3384,0.0059,24.6631,0.5144
712,000712.png,False,1788890740.447901,1788890740.387901,shear_+X_out,5,+X,0.5,0.60079,-0.21933,-1.30375,0.00728,0.01729,-6e-05,0.64738,-0.19933,-1.28391,0.00541,0.01576,0.00039,0.63903,0.08935,-1.30095,3,38.3874,362.847,36.9438,179.8725,0.6698,-101.3396,0.0064,24.629,0.5485
713,000713.png,False,1788890740.835860,1788890740.775860,shear_+X_back,5,+X,0.0,0.60309,-0.16504,-1.22534,0.00582,0.01727,-0.0001,0.64973,-0.14502,-1.20553,0.00394,0.01575,0.00035,0.61336,0.13878,-1.22349,3,38.3824,362.8749,36.9605,179.8716,0.672,-101.339,0.0078,24.6462,0.5314
714,000714.png,False,1788890741.031814,1788890740.971814,shear_+X_back,5,+X,0.0,0.60978,-0.13977,-1.21271,0.00532,0.01746,7e-05,0.65644,-0.11974,-1.19293,0.00345,0.01594,0.00052,0.60644,0.16421,-1.21132,3,38.3813,362.8883,36.9686,179.871,0.6736,-101.3392,0.0062,24.6545,0.5231
715,000715.png,False,1788890741.227823,1788890741.167823,shear_+X_back,5,+X,0.0,0.38024,-0.06948,-0.87729,0.00336,0.01187,-5e-05,0.42693,-0.04943,-0.85752,0.00148,0.01034,0.0004,0.37017,0.11577,-0.87671,3,38.2558,362.8583,37.0463,179.8677,0.6818,-101.3394,0.0058,24.7326,0.4449
716,000716.png,False,1788890741.423881,1788890741.363881,shear_+X_back,5,+X,0.0,0.20991,-0.08798,-0.84605,0.00391,0.00769,-0.00046,0.25662,-0.06792,-0.8263,0.00203,0.00617,-1e-05,0.23165,0.01514,-0.84481,4,38.141,362.7702,37.0455,179.8692,0.6784,-101.3462,0.0087,24.7312,0.4463
717,000717.png,False,1788890741.615919,1788890741.555919,shear_+X_back,5,+X,0.0,0.08736,-0.05516,-0.96581,0.00321,0.00473,-0.00035,0.13409,-0.0351,-0.94607,0.00133,0.00321,0.0001,0.10992,-0.0196,-0.96488,3,38.0799,362.7947,37.0254,179.8654,0.6865,-101.3464,0.0005,24.7119,0.4656
718,000718.png,False,1788890742.007764,1788890741.947764,shear_+X_back,5,+X,0.0,-0.06147,-0.05254,-1.16859,0.00304,0.00086,-0.00016,-0.01469,-0.03245,-1.14889,0.00115,-0.00067,0.00029,-0.01889,-0.09493,-1.16738,3,37.9833,362.6969,36.9674,179.8687,0.6788,-101.3464,0.0082,24.653,0.5246
719,000719.png,False,1788890742.787769,1788890742.727769,shear_-X_out,5,-X,0.5,-0.10756,-0.05015,-1.29238,0.00318,-0.00033,-0.00025,-0.06068,-0.03002,-1.27274,0.00129,-0.00186,0.0002,-0.05915,-0.11788,-1.29109,3,37.957,362.707,36.9522,179.866,0.685,-101.3566,0.0073,24.6381,0.5394
720,000720.png,False,1788890742.983860,1788890742.923860,shear_-X_out,5,-X,0.5,-0.46515,-0.17332,-1.35294,0.00657,-0.0093,-0.0002,-0.41825,-0.15318,-1.33332,0.00468,-0.01082,0.00025,-0.30695,-0.4042,-1.34879,3,37.7986,362.5294,36.9359,179.8687,0.6775,-101.3536,0.0067,24.6201,0.5574
721,000721.png,False,1788890743.567872,1788890743.507872,shear_-X_back,5,-X,0.0,-0.45783,-0.00531,-1.23136,0.00229,-0.00905,-0.00066,-0.41086,0.01486,-1.2118,0.00039,-0.01058,-0.0002,-0.38539,-0.25308,-1.23017,3,37.7379,362.6038,36.9547,179.8645,0.6882,-101.3562,0.0042,24.6405,0.5371
722,000722.png,False,1788890743.763869,1788890743.703869,shear_-X_back,5,-X,0.0,-0.46038,-0.03381,-1.26064,0.00292,-0.00923,-0.0005,-0.41339,-0.01363,-1.24109,0.00103,-0.01076,-5e-05,-0.37316,-0.27951,-1.25894,3,37.7403,362.5885,36.9515,179.8651,0.6861,-101.3564,0.0075,24.6371,0.5405
723,000723.png,False,1788890743.959795,1788890743.899795,shear_-X_back,5,-X,0.0,-0.22617,-0.09699,-1.42352,0.0046,-0.00333,-0.00045,-0.17915,-0.0768,-1.40399,0.00271,-0.00486,1e-05,-0.13758,-0.21981,-1.42117,3,37.8833,362.6276,36.9158,179.8678,0.6797,-101.3651,0.007,24.601,0.5766
724,000724.png,False,1788890744.155899,1788890744.095899,shear_-X_back,5,-X,0.0,-0.13451,-0.0843,-1.37461,0.00414,-0.00119,-0.00045,-0.08746,-0.0641,-1.3551,0.00225,-0.00272,1e-05,-0.06487,-0.16223,-1.37267,4,37.9253,362.6249,36.917,179.8704,0.6732,-101.3707,0.001,24.6019,0.5757
725,000725.png,False,1788890744.347909,1788890744.287910,shear_-X_back,5,-X,0.0,-0.13069,-0.08802,-1.29018,0.00434,-0.00088,-0.00052,-0.08363,-0.06781,-1.27069,0.00245,-0.00241,-6e-05,-0.06029,-0.1622,-1.2882,3,37.9283,362.66,36.9362,179.87,0.6738,-101.3683,0.0083,24.6216,0.5559
726,000726.png,False,1788890745.127872,1788890745.067872,shear_-X_back,5,-X,0.0,-0.07293,-0.03697,-1.182,0.00299,0.00048,-0.0005,-0.02577,-0.01672,-1.16257,0.0011,-0.00105,-4e-05,-0.03651,-0.08739,-1.18103,3,37.9448,362.703,36.9618,179.8693,0.6765,-101.3586,0.0026,24.6477,0.5298
727,000727.png,False,1788890745.323902,1788890745.263902,shear_-Y_out,5,-Y,0.5,-0.06338,-0.01205,-1.13067,0.00232,0.00068,-0.00063,-0.0162,0.00821,-1.11126,0.00043,-0.00085,-0.00017,-0.04105,-0.06022,-1.13016,3,37.9443,362.7195,36.972,179.868,0.6795,-101.354,0.0099,24.6582,0.5194
728,000728.png,False,1788890745.519900,1788890745.459900,shear_-Y_out,5,-Y,0.5,-0.07023,-0.08146,-1.0427,0.00395,0.00062,-0.00054,-0.02303,-0.06119,-1.02331,0.00205,-0.00091,-8e-05,-0.01291,-0.12235,-1.04099,3,37.9815,362.6579,36.9936,179.8679,0.6804,-101.3549,0.0052,24.6786,0.499
729,000729.png,False,1788890745.715806,1788890745.655806,shear_-Y_out,5,-Y,0.5,-0.00176,-0.37062,-1.04222,0.01081,0.00223,-0.00036,0.04547,-0.35033,-1.02284,0.00891,0.0007,0.0001,0.19087,-0.33855,-1.03563,3,38.0859,362.5655,36.9926,179.8658,0.6854,-101.3584,0.0036,24.6753,0.5022
730,000730.png,False,1788890746.103956,1788890746.043956,shear_-Y_out,5,-Y,0.5,-0.00761,-0.3324,-1.18506,0.01015,0.00208,-2e-05,0.03966,-0.31209,-1.16572,0.00825,0.00055,0.00044,0.16769,-0.31067,-1.1791,3,38.0838,362.56,36.972,179.8662,0.6843,-101.3582,0.0013,24.6547,0.5228
731,000731.png,False,1788890746.299871,1788890746.239871,shear_-Y_out,5,-Y,0.5,-0.12229,-0.67609,-1.19208,0.01875,-0.00043,-0.00012,-0.07499,-0.65577,-1.17276,0.01685,-0.00196,0.00034,0.24012,-0.66574,-1.17993,3,38.1334,362.3511,36.9673,179.8682,0.6802,-101.3514,0.0048,24.6463,0.5312
732,000732.png,False,1788890746.495786,1788890746.435786,shear_-Y_out,5,-Y,0.5,-0.03571,-0.53278,-1.10376,0.01521,0.00179,-0.00019,0.01162,-0.51246,-1.08445,0.01331,0.00026,0.00027,0.24291,-0.49695,-1.09428,3,38.1399,362.4284,36.9832,179.8634,0.6919,-101.3519,0.0096,24.6634,0.5141
733,000733.png,False,1788890746.691929,1788890746.631929,shear_-Y_out,5,-Y,0.5,-0.03898,-0.54881,-1.10349,0.01548,0.0015,-0.00036,0.00837,-0.52847,-1.0842,0.01358,-3e-05,0.0001,0.24808,-0.51246,-1.09373,3,38.142,362.4183,36.9796,179.864,0.6904,-101.3521,0.0041,24.6596,0.5179
734,000734.png,False,1788890746.883881,1788890746.823881,shear_-Y_back,5,-Y,0.0,-0.02468,-0.58243,-1.10258,0.01634,0.0018,-0.0004,0.0227,-0.56209,-1.0833,0.01444,0.00026,7e-05,0.27727,-0.53442,-1.09226,3,38.1612,362.4046,36.9762,179.8647,0.6886,-101.3551,0.005,24.6559,0.5216
735,000735.png,False,1788890747.079819,1788890747.019819,shear_-Y_back,5,-Y,0.0,0.00065,-0.61679,-1.13233,0.01718,0.0024,-0.00028,0.04804,-0.59644,-1.11307,0.01527,0.00087,0.00018,0.31658,-0.552,-1.12146,3,38.1857,362.3916,36.9736,179.8652,0.6874,-101.3586,0.0098,24.6529,0.5246
736,000736.png,False,1788890747.275911,1788890747.215911,shear_-Y_back,5,-Y,0.0,0.03467,-0.41399,-1.48058,0.01246,0.00316,-0.00034,0.08209,-0.39363,-1.46134,0.01055,0.00162,0.00012,0.24714,-0.36494,-1.47324,3,38.1479,362.4879,36.9046,179.8695,0.6763,-101.3657,0.0047,24.5858,0.5918
737,000737.png,False,1788890747.471956,1788890747.411956,shear_-Y_back,5,-Y,0.0,0.04234,-0.29803,-1.3383,0.00949,0.00337,-0.00068,0.08978,-0.27765,-1.31908,0.00758,0.00184,-0.00022,0.19485,-0.2584,-1.33301,3,38.1264,362.521,36.9141,179.8742,0.6644,-101.3785,0.0006,24.5959,0.5817
738,000738.png,False,1788890747.663886,1788890747.603886,shear_-Y_back,5,-Y,0.0,0.00678,-0.26809,-1.2677,0.0088,0.00241,-0.00056,0.05424,-0.2477,-1.24849,0.00689,0.00087,-9e-05,0.1486,-0.24911,-1.26287,3,38.0913,362.5745,36.9355,179.8737,0.6649,-101.382,0.0092,24.6184,0.5592
739,000739.png,False,1788890747.859912,1788890747.799912,shear_-Y_back,5,-Y,0.0,-0.04787,-0.10193,-1.14504,0.00469,0.00126,-0.00044,-0.00038,-0.08153,-1.12585,0.00278,-0.00028,3e-05,0.0174,-0.13054,-1.143,4,37.9731,362.7026,36.9909,179.8701,0.6742,-101.377,0.0026,24.6766,0.5009
740,000740.png,False,1788890748.443800,1788890748.383801,shear_-Y_back,5,-Y,0.0,-0.08572,0.00714,-1.04484,0.00182,0.00022,-0.00031,-0.03816,0.02757,-1.0257,-0.0001,-0.00132,0.00015,-0.07057,-0.05338,-1.04463,3,37.9384,362.7169,37.0022,179.8716,0.6702,-101.3744,0.0081,24.6884,0.4891
741,000741.png,False,1788890748.639802,1788890748.579802,shear_+Y_out,5,+Y,0.5,-0.07012,-0.01235,-1.03718,0.00231,0.00062,-0.00038,-0.02253,0.00809,-1.01806,0.0004,-0.00091,8e-05,-0.04738,-0.06235,-1.03667,4,37.9505,362.717,37.0003,179.8716,0.6704,-101.3768,0.0034,24.6864,0.4911
742,000742.png,False,1788890748.835797,1788890748.775797,shear_+Y_out,5,+Y,0.5,-0.04265,-0.04022,-0.95505,0.00323,0.0015,-0.00038,0.00496,-0.01977,-0.93595,0.00132,-3e-05,9e-05,-0.01023,-0.07144,-0.95412,2,37.9709,362.7072,37.0236,179.8705,0.6725,-101.3799,0.0017,24.7095,0.4681
743,000743.png,False,1788890749.031825,1788890748.971825,shear_+Y_out,5,+Y,0.5,0.00938,0.40272,-1.08729,-0.00784,0.00252,-0.00063,0.05701,0.42318,-1.0682,-0.00975,0.00098,-0.00017,-0.18554,0.33605,-1.09412,3,37.8569,362.9648,36.9984,179.8691,0.6767,-101.3845,0.0068,24.6892,0.4883
744,000744.png,False,1788890749.615905,1788890749.555905,shear_+Y_out,5,+Y,0.5,-0.04601,0.26214,-1.1379,-0.00437,0.00117,-0.00048,0.00169,0.28264,-1.11887,-0.00628,-0.00036,-1e-05,-0.16294,0.18582,-1.14218,3,37.8712,362.884,36.9831,179.8721,0.6681,-101.3827,0.0078,24.6725,0.5051
745,000745.png,False,1788890749.811943,1788890749.751943,shear_+Y_out,5,+Y,0.5,-0.02141,0.72908,-1.10864,-0.01587,0.00175,-0.00055,0.02631,0.74958,-1.08962,-0.01779,0.00021,-8e-05,-0.37513,0.60297,-1.12107,3,37.7221,363.1613,36.9996,179.8682,0.678,-101.3805,0.0033,24.6945,0.4831
746,000746.png,False,1788890750.007924,1788890749.947924,shear_+Y_out,5,+Y,0.5,-0.07888,0.56269,-1.16773,-0.01188,0.0002,-0.00063,-0.03113,0.58321,-1.14873,-0.0138,-0.00133,-0.00016,-0.34137,0.42921,-1.17715,3,37.742,363.0635,36.979,179.8725,0.6673,-101.3792,0.0086,24.6722,0.5054
747,000747.png,False,1788890750.199939,1788890750.139940,shear_+Y_out,5,+Y,0.5,-0.06766,0.58784,-1.16949,-0.01231,0.0006,-0.00054,-0.01989,0.60837,-1.15051,-0.01423,-0.00094,-7e-05,-0.3442,0.45657,-1.17937,3,37.7401,363.0803,36.9842,179.8718,0.6689,-101.3796,0.0021,24.6776,0.4999
748,000748.png,False,1788890750.395862,1788890750.335862,shear_+Y_back,5,+Y,0.0,-0.05535,0.60386,-1.14194,-0.01284,0.00101,-0.00051,-0.00756,0.62439,-1.12297,-0.01476,-0.00053,-4e-05,-0.34173,0.47703,-1.15212,3,37.7403,363.0954,36.9899,179.8713,0.6701,-101.3807,0.0033,24.6836,0.494
749,000749.png,False,1788890750.591803,1788890750.531803,shear_+Y_back,5,+Y,0.0,-0.04597,0.60968,-1.12207,-0.01295,0.00108,-0.00063,0.00185,0.63022,-1.10312,-0.01487,-0.00046,-0.00016,-0.33665,0.48708,-1.13238,3,37.7429,363.0998,36.9912,179.8714,0.6699,-101.3818,0.0087,24.685,0.4926
750,000750.png,False,1788890750.787806,1788890750.727806,shear_+Y_back,5,+Y,0.0,0.04511,0.24389,-0.98062,-0.00427,0.0034,-0.00048,0.09295,0.26444,-0.96169,-0.0062,0.00186,-1e-05,-0.07598,0.21806,-0.98479,3,37.9132,362.8978,37.0197,179.8751,0.6608,-101.3968,0.003,24.709,0.4686
751,000751.png,False,1788890750.983802,1788890750.923802,shear_+Y_back,5,+Y,0.0,0.0133,0.0404,-0.89548,0.00109,0.00287,-0.00061,0.06117,0.06096,-0.87656,-0.00083,0.00133,-0.00014,-0.00245,0.02729,-0.89607,3,37.9552,362.827,37.0313,179.875,0.661,-101.402,0.0082,24.7192,0.4583
752,000752.png,False,1788890751.175899,1788890751.115899,shear_+Y_back,5,+Y,0.0,0.02403,0.09369,-0.95129,-0.00044,0.00301,-0.00037,0.07193,0.11427,-0.93239,-0.00236,0.00147,0.0001,-0.0194,0.07791,-0.95282,2,37.9509,362.8347,37.025,179.8715,0.6699,-101.4014,0.0101,24.713,0.4645
753,000753.png,False,1788890751.567974,1788890751.507974,shear_+Y_back,5,+Y,0.0,-0.06748,-0.00795,-0.91199,0.00201,0.00079,-0.00047,-0.01954,0.01265,-0.89313,8e-05,-0.00075,1e-05,-0.04816,-0.05521,-0.91158,3,37.936,362.7509,37.0317,179.8705,0.6724,-101.3953,0.0043,24.7185,0.4591
754,000754.png,False,1788890752.151933,1788890752.091933,shear_+Y_back,5,+Y,0.0,-0.05665,-0.05498,-0.96766,0.00333,0.00108,-0.00047,-0.00864,-0.03435,-0.94885,0.0014,-0.00046,0.0,-0.01489,-0.09142,-0.96645,3,37.9576,362.7198,37.0223,179.8689,0.6761,-101.3901,0.0053,24.7084,0.4691
755,000755.png,False,1788890752.347897,1788890752.287897,shear_+Y_back,5,+Y,0.0,-0.05859,-0.0534,-0.97082,0.00337,0.00109,-0.00043,-0.01055,-0.03276,-0.95202,0.00144,-0.00045,5e-05,-0.01734,-0.09108,-0.96963,3,37.9585,362.7178,37.0208,179.8689,0.6768,-101.3892,0.0092,24.7069,0.4706
756,000756.png,False,1788890753.127946,1788890753.067946,shear_+X_out,6,+X,0.5,-0.06393,-0.06831,-1.16664,0.00375,0.00069,-0.00076,-0.0158,-0.04763,-1.14791,0.00182,-0.00085,-0.00029,-0.01316,-0.10979,-1.16515,3,37.9574,362.7148,36.9636,179.8681,0.6782,-101.3919,0.0064,24.6497,0.5278
757,000757.png,False,1788890753.323929,1788890753.263929,shear_+X_out,6,+X,0.5,0.29402,0.04791,-0.96272,0.00082,0.00967,-0.00048,0.34217,0.0686,-0.94402,-0.00111,0.00813,-1e-05,0.23742,0.17298,-0.964,3,38.122,362.87,37.0173,179.8635,0.6901,-101.4037,0.0079,24.7047,0.4729
758,000758.png,False,1788890753.519913,1788890753.459913,shear_+X_out,6,+X,0.5,0.32325,-0.17357,-1.07342,0.00625,0.0104,-0.00055,0.37143,-0.15287,-1.05473,0.00431,0.00886,-7e-05,0.37417,-0.006,-1.0709,3,38.2087,362.7771,36.9863,179.8692,0.6757,-101.3979,0.0023,24.6717,0.5059
759,000759.png,False,1788890753.907823,1788890753.847823,shear_+X_out,6,+X,0.5,0.31092,-0.15366,-1.10155,0.0058,0.01016,-0.00051,0.35914,-0.13294,-1.08289,0.00387,0.00862,-3e-05,0.35373,0.00463,-1.09934,3,38.207,362.7809,36.9812,179.8688,0.677,-101.3975,0.0026,24.6665,0.511
760,000760.png,False,1788890754.299941,1788890754.239941,shear_+X_out,6,+X,0.5,0.59651,-0.20589,-1.27473,0.0071,0.01714,-0.00028,0.64478,-0.18515,-1.2561,0.00516,0.01559,0.0002,0.62841,0.09932,-1.27216,3,38.3857,362.8523,36.9464,179.8713,0.6716,-101.3938,0.0066,24.6317,0.5458
761,000761.png,False,1788890754.687936,1788890754.627936,shear_+X_back,6,+X,0.0,0.60254,-0.14538,-1.19149,0.00555,0.01731,-0.00025,0.65085,-0.12462,-1.1729,0.00361,0.01577,0.00023,0.60282,0.15607,-1.18999,3,38.3809,362.8835,36.9659,179.8703,0.6737,-101.394,0.0088,24.6518,0.5258
762,000762.png,False,1788890754.883888,1788890754.823888,shear_+X_back,6,+X,0.0,0.60824,-0.12929,-1.16201,0.00517,0.01746,-0.00028,0.65658,-0.10852,-1.14343,0.00323,0.01592,0.0002,0.59952,0.17333,-1.1608,3,38.3836,362.8945,36.9714,179.8697,0.6756,-101.3945,0.003,24.6574,0.5201
763,000763.png,False,1788890755.079833,1788890755.019833,shear_+X_back,6,+X,0.0,0.40439,-0.08428,-0.83105,0.00389,0.01266,-0.0004,0.45275,-0.0635,-0.81249,0.00195,0.01111,8e-05,0.39816,0.11575,-0.83027,3,38.2795,362.8638,37.0472,179.8663,0.6837,-101.3988,0.0091,24.7334,0.4441
764,000764.png,False,1788890755.275949,1788890755.215950,shear_+X_back,6,+X,0.0,0.20454,-0.15522,-0.83986,0.00565,0.00767,-0.00063,0.25293,-0.13443,-0.82132,0.00371,0.00613,-0.00015,0.26055,-0.04569,-0.83745,2,38.1612,362.7268,37.0374,179.8683,0.6775,-101.4093,0.0041,24.7222,0.4553
765,000765.png,False,1788890755.467987,1788890755.407987,shear_+X_back,6,+X,0.0,0.09366,-0.07893,-1.0015,0.00396,0.00496,-0.00052,0.14207,-0.05812,-0.98298,0.00202,0.00342,-4e-05,0.12751,-0.0376,-1.00017,3,38.1007,362.7685,37.0157,179.8659,0.6838,-101.4099,0.0058,24.7016,0.4759
766,000766.png,False,1788890755.663831,1788890755.603831,shear_+X_back,6,+X,0.0,0.05882,-0.03909,-1.01866,0.003,0.00397,-0.00049,0.10726,-0.01827,-1.00016,0.00105,0.00243,-1e-05,0.07754,-0.02078,-1.01794,3,38.0534,362.7496,36.9997,179.8656,0.6842,-101.4091,0.0071,24.6856,0.4919
767,000767.png,False,1788890755.859936,1788890755.799936,shear_+X_back,6,+X,0.0,-0.06421,-0.02296,-1.20421,0.00271,0.00094,-0.00071,-0.01575,-0.00213,-1.18572,0.00076,-0.00061,-0.00023,-0.0358,-0.07125,-1.2035,3,37.9829,362.7503,36.9685,179.865,0.6861,-101.4108,0.0036,24.655,0.5226
768,000768.png,False,1788890756.443939,1788890756.383940,shear_+X_back,6,+X,0.0,-0.082,-0.0392,-1.17391,0.00299,0.00041,-0.00061,-0.03347,-0.01834,-1.15548,0.00104,-0.00114,-0.00012,-0.0433,-0.09372,-1.17289,3,37.9736,362.7031,36.9626,179.8623,0.6921,-101.4152,0.0078,24.6484,0.5292
769,000769.png,False,1788890756.639999,1788890756.579999,shear_-X_out,6,-X,0.5,-0.11983,-0.03408,-1.24887,0.00308,-0.00045,-0.00051,-0.07128,-0.01322,-1.23045,0.00113,-0.00199,-3e-05,-0.07811,-0.1094,-1.24785,3,37.9556,362.7026,36.9507,179.8634,0.6895,-101.4185,0.0026,24.6366,0.541
770,000770.png,False,1788890757.419843,1788890757.359843,shear_-X_out,6,-X,0.5,-0.47285,-0.01547,-1.24875,0.00254,-0.00933,-0.00061,-0.4242,0.00544,-1.2304,0.00059,-0.01088,-0.00013,-0.39321,-0.26967,-1.24734,3,37.739,362.5982,36.9539,179.862,0.6925,-101.4189,0.0036,24.6396,0.5379
771,000771.png,False,1788890757.616007,1788890757.556007,shear_-X_back,6,-X,0.0,-0.47747,-0.04047,-1.25827,0.00319,-0.00942,-0.00058,-0.4288,-0.01955,-1.23994,0.00124,-0.01097,-9e-05,-0.38465,-0.29378,-1.25642,3,37.7416,362.5844,36.9493,179.8627,0.6907,-101.4189,0.009,24.6348,0.5427
772,000772.png,False,1788890757.811929,1788890757.751929,shear_-X_back,6,-X,0.0,-0.29385,-0.11417,-1.38885,0.0051,-0.00486,-0.00048,-0.24515,-0.09324,-1.37054,0.00315,-0.00641,0.0,-0.18787,-0.26796,-1.38607,3,37.8592,362.6198,36.9191,179.8648,0.6852,-101.4256,0.0034,24.6044,0.5732
773,000773.png,False,1788890758.003851,1788890757.943851,shear_-X_back,6,-X,0.0,-0.15316,-0.0672,-1.38344,0.00404,-0.0013,-0.00034,-0.10444,-0.04626,-1.36514,0.00208,-0.00285,0.00015,-0.0895,-0.15689,-1.38176,3,37.9159,362.6329,36.9228,179.8671,0.6798,-101.4284,0.0077,24.6078,0.5697
774,000774.png,False,1788890758.199939,1788890758.139939,shear_-X_back,6,-X,0.0,-0.14857,-0.08455,-1.29943,0.00419,-0.00136,-0.00052,-0.09983,-0.0636,-1.28115,0.00224,-0.00291,-3e-05,-0.07745,-0.16828,-1.29747,3,37.9203,362.6558,36.9346,179.8674,0.679,-101.4254,0.0074,24.62,0.5575
775,000775.png,False,1788890758.395951,1788890758.335951,shear_-X_back,6,-X,0.0,-0.08946,-0.02518,-1.22649,0.0027,0.00019,-0.00038,-0.0407,-0.00422,-1.20822,0.00074,-0.00136,0.00011,-0.05641,-0.08616,-1.22569,3,37.9347,362.7535,36.9652,179.8653,0.6851,-101.4223,0.0021,24.652,0.5255
776,000776.png,False,1788890758.783953,1788890758.723953,shear_-X_back,6,-X,0.0,-0.09304,-0.05061,-1.19641,0.0034,0.00027,-0.00034,-0.04423,-0.02963,-1.17818,0.00144,-0.00128,0.00015,-0.04701,-0.10949,-1.19517,3,37.9436,362.6987,36.9663,179.8671,0.6802,-101.4206,0.008,24.6521,0.5254
777,000777.png,False,1788890759.175977,1788890759.115977,shear_-Y_out,6,-Y,0.5,-0.08078,-0.02175,-1.12197,0.00251,0.00048,-0.00055,-0.03192,-0.00075,-1.10377,0.00056,-0.00107,-6e-05,-0.05133,-0.07718,-1.12126,3,37.9432,362.7109,36.9737,179.8656,0.6836,-101.4165,0.004,24.6598,0.5178
778,000778.png,False,1788890759.371946,1788890759.311946,shear_-Y_out,6,-Y,0.5,-0.08854,-0.0299,-1.08403,0.00289,0.00036,-0.00055,-0.03966,-0.00889,-1.06585,0.00093,-0.00119,-6e-05,-0.05424,-0.0875,-1.08317,3,37.9426,362.7092,36.9852,179.8655,0.6845,-101.4143,0.0104,24.6712,0.5063
779,000779.png,False,1788890759.563942,1788890759.503942,shear_-Y_out,6,-Y,0.5,-0.05335,-0.48492,-1.07131,0.01394,0.00126,-0.00031,-0.00444,-0.4639,-1.05314,0.01198,-0.00029,0.00019,0.20349,-0.4638,-1.06263,3,38.105,362.4768,36.9849,179.867,0.6811,-101.4186,0.0074,24.6661,0.5114
780,000780.png,False,1788890759.955858,1788890759.895858,shear_-Y_out,6,-Y,0.5,-0.01987,-0.34562,-1.10292,0.01048,0.00206,-0.00034,0.02909,-0.32458,-1.08479,0.00852,0.00051,0.00015,0.16312,-0.32693,-1.09672,3,38.0875,362.5493,36.9805,179.8641,0.6883,-101.4193,0.0014,24.663,0.5145
781,000781.png,False,1788890760.151957,1788890760.091957,shear_-Y_out,6,-Y,0.5,-0.12052,-0.62872,-1.26185,0.01766,-0.00043,-5e-05,-0.07154,-0.60766,-1.24374,0.0157,-0.00198,0.00045,0.21847,-0.62495,-1.25051,3,38.1269,362.3582,36.95,179.8675,0.6798,-101.4154,0.0044,24.6292,0.5483
782,000782.png,False,1788890760.540023,1788890760.480023,shear_-Y_out,6,-Y,0.5,-0.04239,-0.56901,-1.13459,0.01614,0.00149,-0.00016,0.00663,-0.54793,-1.11651,0.01418,-6e-05,0.00034,0.25543,-0.53216,-1.12447,3,38.1541,362.4025,36.9738,179.8624,0.6925,-101.4146,0.0008,24.6535,0.5241
783,000783.png,False,1788890760.735986,1788890760.675986,shear_-Y_back,6,-Y,0.0,-0.05075,-0.60147,-1.15309,0.01682,0.0014,-0.00014,-0.0017,-0.58038,-1.13503,0.01485,-0.00015,0.00036,0.26454,-0.56474,-1.14238,3,38.1581,362.3882,36.9708,179.8631,0.6907,-101.4145,0.0068,24.6502,0.5273
784,000784.png,False,1788890760.931871,1788890760.871871,shear_-Y_back,6,-Y,0.0,-0.03405,-0.63141,-1.14968,0.01761,0.0018,-0.00029,0.01503,-0.61031,-1.13163,0.01565,0.00025,0.00021,0.29395,-0.58227,-1.13849,3,38.1779,362.3736,36.9692,179.8636,0.6893,-101.4171,0.0074,24.6482,0.5293
785,000785.png,False,1788890761.127978,1788890761.067978,shear_-Y_back,6,-Y,0.0,-0.01628,-0.50371,-1.30788,0.01478,0.00204,-0.00037,0.03282,-0.48261,-1.28985,0.01282,0.00049,0.00013,0.24663,-0.46534,-1.29891,3,38.1504,362.4454,36.9344,179.8664,0.682,-101.4223,0.0019,24.6148,0.5627
786,000786.png,False,1788890761.319991,1788890761.259991,shear_-Y_back,6,-Y,0.0,0.00688,-0.27466,-1.27195,0.00896,0.00279,-0.0003,0.056,-0.25354,-1.25394,0.00699,0.00124,0.00019,0.152,-0.25481,-1.26701,3,38.0988,362.5485,36.945,179.8682,0.6776,-101.4312,0.0016,24.6274,0.5502
787,000787.png,False,1788890761.516030,1788890761.456030,shear_-Y_back,6,-Y,0.0,-0.04211,-0.24296,-1.20267,0.00799,0.00149,-0.00039,0.00703,-0.22183,-1.18468,0.00602,-7e-05,0.00011,0.09325,-0.25072,-1.19819,2,38.0642,362.5779,36.9546,179.8686,0.6764,-101.4338,0.0044,24.6377,0.5398
788,000788.png,False,1788890761.711957,1788890761.651957,shear_-Y_back,6,-Y,0.0,-0.0506,-0.11063,-1.09801,0.00472,0.0013,-0.00028,-0.00143,-0.08949,-1.08004,0.00275,-0.00025,0.00021,0.01906,-0.13869,-1.09583,3,37.9669,362.7235,37.0085,179.8635,0.6891,-101.4315,0.0032,24.6946,0.4829
789,000789.png,False,1788890762.687941,1788890762.627941,shear_+Y_out,6,+Y,0.5,-0.06155,-0.04427,-0.98313,0.0031,0.00113,-0.00048,-0.01226,-0.02308,-0.96524,0.00112,-0.00042,2e-05,-0.02438,-0.08484,-0.98209,3,37.9703,362.7031,37.0124,179.8654,0.6847,-101.4356,0.0099,24.6981,0.4794
790,000790.png,False,1788890762.883875,1788890762.823875,shear_+Y_out,6,+Y,0.5,-0.02967,0.4102,-1.22842,-0.00807,0.00184,-0.0005,0.01964,0.4314,-1.21055,-0.01004,0.00028,-0.0,-0.22213,0.32075,-1.23529,3,37.8462,362.9445,36.9657,179.8652,0.6842,-101.4374,0.0044,24.6562,0.5214
791,000791.png,False,1788890763.076013,1788890763.016013,shear_+Y_out,6,+Y,0.5,-0.07805,0.27379,-1.2123,-0.00457,0.00055,-0.00031,-0.02872,0.295,-1.19445,-0.00654,-0.001,0.00019,-0.196,0.1787,-1.21671,2,37.8599,362.8742,36.9677,179.868,0.6778,-101.436,0.0094,24.657,0.5205
792,000792.png,False,1788890763.272025,1788890763.212025,shear_+Y_out,6,+Y,0.5,-0.0626,0.67387,-1.17336,-0.01444,0.00094,-0.00063,-0.01325,0.69509,-1.15553,-0.01641,-0.00062,-0.00013,-0.38277,0.53354,-1.18474,3,37.7441,363.0606,36.9757,179.8676,0.6784,-101.436,0.005,24.6688,0.5087
793,000793.png,False,1788890763.467978,1788890763.407979,shear_+Y_out,6,+Y,0.5,-0.09688,0.55784,-1.2143,-0.01154,0.00013,-0.0006,-0.0475,0.57907,-1.19648,-0.01352,-0.00143,-0.0001,-0.35421,0.41526,-1.22359,3,37.7464,363.0486,36.9715,179.8684,0.6764,-101.4356,0.0002,24.6644,0.5131
794,000794.png,False,1788890763.664026,1788890763.604026,shear_+Y_back,6,+Y,0.0,-0.08242,0.58383,-1.17029,-0.01226,0.00043,-0.00075,-0.03302,0.60507,-1.15248,-0.01423,-0.00113,-0.00025,-0.35498,0.44571,-1.18007,3,37.7432,363.0661,36.9763,179.8676,0.6784,-101.4356,0.0056,24.6695,0.5081
795,000795.png,False,1788890763.855994,1788890763.795995,shear_+Y_back,6,+Y,0.0,-0.07034,0.60437,-1.16863,-0.01285,0.00063,-0.00056,-0.02091,0.62563,-1.15084,-0.01483,-0.00093,-6e-05,-0.35479,0.46956,-1.17879,2,37.7414,363.0828,36.9805,179.8669,0.6802,-101.4356,0.002,24.674,0.5036
796,000796.png,False,1788890764.051891,1788890763.991891,shear_+Y_back,6,+Y,0.0,0.00188,0.34688,-0.97767,-0.00654,0.00269,-0.00037,0.05133,0.36814,-0.9599,-0.00852,0.00113,0.00014,-0.1649,0.2857,-0.98354,3,37.8587,362.9669,37.0244,179.8664,0.6816,-101.4437,0.0034,24.7152,0.4624
797,000797.png,False,1788890764.247883,1788890764.187883,shear_+Y_back,6,+Y,0.0,-0.01531,0.11092,-0.88586,-0.00101,0.00215,-0.00054,0.03417,0.1322,-0.86811,-0.00299,0.0006,-4e-05,-0.06254,0.07423,-0.88762,3,37.9317,362.8157,37.0344,179.8652,0.684,-101.4485,0.0088,24.7223,0.4553
798,000798.png,False,1788890764.639961,1788890764.579962,shear_+Y_back,6,+Y,0.0,-0.05755,0.02198,-0.94485,0.00145,0.00125,-0.00052,-0.00803,0.04327,-0.92713,-0.00053,-0.0003,-1e-05,-0.05428,-0.02486,-0.94497,3,37.9382,362.7516,37.0224,179.8655,0.6834,-101.4463,0.0094,24.7091,0.4684
799,000799.png,False,1788890765.611991,1788890765.551991,shear_+Y_back,6,+Y,0.0,-0.07933,-0.05867,-1.07736,0.00348,0.0007,-0.00038,-0.02969,-0.03732,-1.05973,0.0015,-0.00085,0.00013,-0.03194,-0.10771,-1.07602,3,37.9519,362.706,36.9956,179.8637,0.6876,-101.4376,0.0037,24.6816,0.4959
800,000800.png,False,1788890766.587991,1788890766.527991,shear_+X_out,7,+X,0.5,-0.08152,-0.04936,-1.20045,0.00329,0.00055,-0.00042,-0.03176,-0.02796,-1.1829,0.0013,-0.00101,9e-05,-0.03763,-0.10271,-1.19925,3,37.9474,362.7094,36.9665,179.863,0.6894,-101.4374,0.0014,24.6525,0.525
801,000801.png,False,1788890766.784024,1788890766.724024,shear_+X_out,7,+X,0.5,-0.00903,-0.00049,-1.05057,0.002,0.00245,-0.00067,0.04076,0.02092,-1.03304,1e-05,0.00089,-0.00016,-0.00029,-0.02176,-1.05038,3,38.0073,362.7923,36.9869,179.8594,0.6987,-101.4477,0.007,24.6739,0.5036
802,000802.png,False,1788890766.980007,1788890766.920007,shear_+X_out,7,+X,0.5,0.34594,-0.1404,-1.16315,0.00557,0.01124,-0.00043,0.39574,-0.11898,-1.14563,0.00357,0.00968,8e-05,0.37787,0.03262,-1.16123,3,38.2021,362.7856,36.966,179.8641,0.6872,-101.4426,0.0081,24.6515,0.526
803,000803.png,False,1788890767.176001,1788890767.116001,shear_+X_out,7,+X,0.5,0.40402,-0.01242,-1.13049,0.00234,0.01256,-0.00031,0.45385,0.00901,-1.113,0.00035,0.011,0.0002,0.36402,0.17301,-1.13091,3,38.2064,362.9022,36.9865,179.8609,0.6966,-101.4402,0.0031,24.6738,0.5037
804,000804.png,False,1788890767.367911,1788890767.307911,shear_+X_out,7,+X,0.5,0.60976,-0.1689,-1.14886,0.00605,0.01762,-0.00025,0.65962,-0.14746,-1.13138,0.00406,0.01606,0.00026,0.62053,0.14,-1.14697,3,38.3739,362.8683,36.9749,179.8644,0.687,-101.4398,0.006,24.6605,0.517
805,000805.png,False,1788890767.956040,1788890767.896040,shear_+X_back,7,+X,0.0,0.59769,-0.09598,-1.11327,0.00441,0.01749,-0.00034,0.64761,-0.07451,-1.09584,0.00242,0.01592,0.00017,0.5734,0.19769,-1.11263,3,38.3713,362.908,36.9827,179.8631,0.6909,-101.4396,0.0034,24.669,0.5085
806,000806.png,False,1788890768.147995,1788890768.087995,shear_+X_back,7,+X,0.0,0.37988,-0.06252,-1.06172,0.00339,0.01203,-0.00018,0.42983,-0.04104,-1.04431,0.0014,0.01046,0.00033,0.36766,0.11866,-1.06123,3,38.2496,362.8621,36.998,179.8631,0.6897,-101.4389,0.0074,24.6844,0.4932
807,000807.png,False,1788890768.343912,1788890768.283912,shear_+X_back,7,+X,0.0,0.19939,-0.09352,-1.04758,0.00437,0.00781,-0.00033,0.24937,-0.07203,-1.03019,0.00237,0.00625,0.00018,0.22671,0.00185,-1.0462,3,38.1509,362.7522,36.9983,179.8669,0.6808,-101.4467,0.0001,24.6836,0.4939
808,000808.png,False,1788890768.540012,1788890768.480012,shear_+X_back,7,+X,0.0,0.09024,-0.03762,-1.10312,0.00301,0.00497,-0.00029,0.14024,-0.01611,-1.08574,0.00102,0.0034,0.00023,0.10461,-0.00516,-1.10248,3,38.0867,362.7812,36.99,179.8658,0.6834,-101.4495,0.0078,24.6762,0.5013
809,000809.png,False,1788890768.931919,1788890768.871919,shear_+X_back,7,+X,0.0,-0.07836,-0.02186,-1.12397,0.00256,0.00068,-0.00056,-0.02832,-0.00034,-1.10663,0.00056,-0.00088,-5e-05,-0.04916,-0.07609,-1.12326,3,37.9703,362.7502,36.9845,179.8636,0.688,-101.4535,0.0014,24.6711,0.5065
810,000810.png,False,1788890769.124011,1788890769.064011,shear_+X_back,7,+X,0.0,-0.10375,0.01685,-1.00289,0.0017,0.00012,-0.0005,-0.05369,0.03838,-0.98557,-0.0003,-0.00144,1e-05,-0.09134,-0.05332,-1.00282,3,37.9463,362.7458,37.0111,179.8615,0.6926,-101.4531,0.0073,24.6977,0.4798
811,000811.png,False,1788890769.711921,1788890769.651921,shear_-X_out,7,-X,0.5,-0.09567,-0.00388,-1.08182,0.00218,0.00031,-0.00055,-0.04553,0.01769,-1.06454,0.00018,-0.00126,-3e-05,-0.07343,-0.06849,-1.08139,3,37.9497,362.7225,36.9923,179.8597,0.6977,-101.4535,0.0085,24.6785,0.499
812,000812.png,False,1788890769.904046,1788890769.844046,shear_-X_out,7,-X,0.5,-0.28517,-0.1769,-1.17783,0.00659,-0.00441,-0.00068,-0.23501,-0.15533,-1.16058,0.00459,-0.00598,-0.00016,-0.15047,-0.31457,-1.17402,3,37.8805,362.5655,36.9529,179.8638,0.6874,-101.4554,0.0064,24.6371,0.5404
813,000813.png,False,1788890770.099921,1788890770.039922,shear_-X_out,7,-X,0.5,-0.44987,0.06973,-1.0821,0.00043,-0.00844,-0.00073,-0.39969,0.09132,-1.06486,-0.00157,-0.01,-0.00021,-0.41702,-0.18173,-1.08224,3,37.7348,362.6458,36.989,179.8572,0.7031,-101.457,0.0084,24.6755,0.502
814,000814.png,False,1788890770.492014,1788890770.432014,shear_-X_back,7,-X,0.0,-0.45433,-0.00258,-1.10755,0.00232,-0.00852,-0.00071,-0.4041,0.01902,-1.09035,0.00031,-0.01009,-0.0002,-0.38458,-0.247,-1.10643,3,37.7416,362.6086,36.9808,179.8594,0.6984,-101.4564,0.0021,24.6667,0.5109
815,000815.png,False,1788890770.684051,1788890770.624051,shear_-X_back,7,-X,0.0,-0.46123,-0.04053,-1.11588,0.00309,-0.00886,-0.00076,-0.41097,-0.01891,-1.0987,0.00108,-0.01043,-0.00024,-0.37154,-0.28343,-1.11409,3,37.744,362.5902,36.9781,179.8599,0.6965,-101.4563,0.0091,24.6637,0.5139
816,000816.png,False,1788890770.880053,1788890770.820053,shear_-X_back,7,-X,0.0,-0.27067,-0.05623,-1.11941,0.00363,-0.00407,-0.00077,-0.22039,-0.0346,-1.10224,0.00162,-0.00564,-0.00025,-0.1986,-0.20187,-1.11772,3,37.8456,362.6356,36.9744,179.8608,0.694,-101.4603,0.0038,24.66,0.5176
817,000817.png,False,1788890771.076020,1788890771.016020,shear_-X_back,7,-X,0.0,-0.18703,-0.08268,-1.10452,0.00406,-0.00202,-0.0005,-0.13673,-0.06104,-1.08736,0.00205,-0.00358,1e-05,-0.11304,-0.18276,-1.10254,3,37.8987,362.6466,36.9803,179.8625,0.6907,-101.4607,0.0069,24.6657,0.5118
818,000818.png,False,1788890771.272023,1788890771.212023,shear_-X_back,7,-X,0.0,-0.16035,-0.06781,-1.08523,0.00371,-0.00116,-0.00039,-0.11003,-0.04616,-1.06809,0.0017,-0.00273,0.00013,-0.0975,-0.15624,-1.08357,3,37.9126,362.6681,36.9894,179.8627,0.6898,-101.4598,0.0019,24.675,0.5025
819,000819.png,False,1788890771.467932,1788890771.407933,shear_-X_back,7,-X,0.0,-0.08536,-0.01357,-1.04081,0.00223,0.00058,-0.00034,-0.03501,0.00809,-1.02369,0.00022,-0.00099,0.00018,-0.05995,-0.07108,-1.04025,3,37.9377,362.7166,37.0006,179.8621,0.6916,-101.4559,0.004,24.6868,0.4907
820,000820.png,False,1788890772.248037,1788890772.188037,shear_-Y_out,7,-Y,0.5,-0.08376,-0.0395,-1.00784,0.00299,0.00064,-0.00053,-0.03331,-0.0178,-0.99079,0.00097,-0.00093,-1e-05,-0.04583,-0.09221,-1.00683,3,37.9473,362.7131,37.0063,179.8609,0.6949,-101.4465,0.0096,24.6924,0.4851
821,000821.png,False,1788890772.440026,1788890772.380026,shear_-Y_out,7,-Y,0.5,-0.07994,-0.01839,-0.98877,0.00235,0.00083,-0.00036,-0.02947,0.00332,-0.97174,0.00034,-0.00074,0.00016,-0.0532,-0.0717,-0.98814,3,37.9445,362.7244,37.0157,179.8602,0.696,-101.4468,0.0059,24.702,0.4756
822,000822.png,False,1788890772.635947,1788890772.575947,shear_-Y_out,7,-Y,0.5,-0.01422,-0.37409,-0.94063,0.01104,0.00248,-0.00038,0.03627,-0.35236,-0.92361,0.00902,0.00092,0.00014,0.1811,-0.34616,-0.93397,3,38.0915,362.5561,37.023,179.8592,0.6991,-101.4516,0.0086,24.7056,0.472
823,000823.png,False,1788890772.832031,1788890772.772031,shear_-Y_out,7,-Y,0.5,-0.01675,-0.34446,-0.95176,0.01035,0.00246,-0.00022,0.03376,-0.32273,-0.93476,0.00833,0.00089,0.0003,0.16419,-0.32194,-0.9456,3,38.0887,362.5561,37.0201,179.859,0.6995,-101.4518,0.0023,24.7027,0.4749
824,000824.png,False,1788890773.027946,1788890772.967947,shear_-Y_out,7,-Y,0.5,-0.01208,-0.31872,-1.0396,0.00988,0.00255,-0.00028,0.03846,-0.29697,-1.02262,0.00786,0.00098,0.00025,0.15599,-0.29872,-1.03389,3,38.0875,362.5647,36.999,179.8588,0.7006,-101.4518,0.004,24.6817,0.4958
825,000825.png,False,1788890773.224041,1788890773.164042,shear_-Y_out,7,-Y,0.5,-0.12505,-0.68114,-1.13178,0.01882,-0.00029,-0.00026,-0.07448,-0.65939,-1.11481,0.01681,-0.00186,0.00026,0.23984,-0.67053,-1.11954,3,38.1495,362.3326,36.9827,179.8617,0.6937,-101.4437,0.0065,24.6613,0.5162
826,000826.png,False,1788890773.415971,1788890773.355971,shear_-Y_out,7,-Y,0.5,-0.04186,-0.53052,-1.01882,0.01509,0.00178,-0.00019,0.00873,-0.50876,-1.00188,0.01307,0.00021,0.00034,0.23587,-0.49671,-1.00939,3,38.1452,362.4234,37.0054,179.8565,0.7062,-101.4462,0.0026,24.6855,0.492
827,000827.png,False,1788890773.612047,1788890773.552047,shear_-Y_out,7,-Y,0.5,-0.0512,-0.55286,-1.05314,0.01567,0.00174,-7e-05,-0.00059,-0.53109,-1.03621,0.01365,0.00017,0.00045,0.23917,-0.52127,-1.0433,3,38.1516,362.4097,37.0019,179.8574,0.7045,-101.4464,0.0075,24.6817,0.4958
828,000828.png,False,1788890773.808038,1788890773.748039,shear_-Y_back,7,-Y,0.0,-0.02803,-0.6057,-1.07055,0.017,0.00223,-0.0,0.02261,-0.58391,-1.05364,0.01498,0.00066,0.00052,0.28576,-0.55573,-1.05983,3,38.1798,362.3872,36.9966,179.858,0.7026,-101.4496,0.0076,24.6759,0.5016
829,000829.png,False,1788890774.004056,1788890773.944057,shear_-Y_back,7,-Y,0.0,-0.00559,-0.63896,-1.06179,0.01778,0.00271,-0.00015,0.04507,-0.61717,-1.0449,0.01576,0.00114,0.00038,0.32176,-0.57319,-1.05054,3,38.2026,362.3736,36.995,179.8584,0.7013,-101.4529,0.0022,24.6739,0.5036
830,000830.png,False,1788890774.196075,1788890774.136075,shear_-Y_back,7,-Y,0.0,0.02321,-0.44419,-1.25138,0.01315,0.00339,-0.00016,0.07389,-0.42239,-1.2345,0.01113,0.00182,0.00036,0.25071,-0.39315,-1.24353,4,38.1554,362.5049,36.9527,179.8608,0.6953,-101.457,0.0065,24.634,0.5436
831,000831.png,False,1788890774.392026,1788890774.332026,shear_-Y_back,7,-Y,0.0,0.02542,-0.26035,-1.20996,0.00866,0.00337,-0.00027,0.07613,-0.23853,-1.1931,0.00663,0.0018,0.00025,0.16049,-0.23216,-1.20531,3,38.116,362.5437,36.957,179.8631,0.6883,-101.467,0.0009,24.6392,0.5383
832,000832.png,False,1788890774.588078,1788890774.528078,shear_-Y_back,7,-Y,0.0,-0.02365,-0.24515,-1.10869,0.00791,0.00212,-0.00046,0.02708,-0.22333,-1.09185,0.00589,0.00055,7e-05,0.10969,-0.24189,-1.10422,3,38.0761,362.5858,36.9774,179.8633,0.6881,-101.4683,0.0044,24.6606,0.517
833,000833.png,False,1788890774.783961,1788890774.723961,shear_-Y_back,7,-Y,0.0,-0.05168,-0.06561,-0.97121,0.00374,0.0017,-0.00046,-0.00093,-0.04378,-0.95438,0.00171,0.00012,7e-05,-0.00525,-0.09821,-0.96982,3,37.9871,362.7059,37.0276,179.859,0.6991,-101.4677,0.01,24.7133,0.4643
834,000834.png,False,1788890775.564064,1788890775.504064,shear_+Y_out,7,+Y,0.5,-0.08543,-0.0063,-0.97511,0.00217,0.00083,-0.00045,-0.03459,0.01558,-0.95836,0.00014,-0.00075,8e-05,-0.0641,-0.06376,-0.97469,3,37.9505,362.7179,37.019,179.8619,0.6916,-101.4683,0.0055,24.7052,0.4724
835,000835.png,False,1788890775.760029,1788890775.700029,shear_+Y_out,7,+Y,0.5,-0.0863,-0.02274,-0.90318,0.00262,0.00078,-0.0004,-0.03543,-0.00085,-0.88644,0.00059,-0.00079,0.00013,-0.05713,-0.07729,-0.90248,2,37.9529,362.7102,37.0428,179.8611,0.6938,-101.4687,0.0055,24.7288,0.4487
836,000836.png,False,1788890775.951972,1788890775.891972,shear_+Y_out,7,+Y,0.5,-0.04201,0.40493,-0.96417,-0.00792,0.00175,-0.00059,0.00888,0.42683,-0.94744,-0.00995,0.00018,-6e-05,-0.23202,0.31426,-0.97096,3,37.8307,362.9587,37.0297,179.8598,0.6964,-101.4718,0.0039,24.7205,0.457
837,000837.png,False,1788890776.147969,1788890776.087969,shear_+Y_out,7,+Y,0.5,-0.09511,0.26655,-1.00392,-0.00447,0.00045,-0.0006,-0.04419,0.28846,-0.98721,-0.0065,-0.00112,-7e-05,-0.2086,0.16725,-1.0082,3,37.8469,362.881,37.0159,179.8633,0.6882,-101.4709,0.009,24.7054,0.4722
838,000838.png,False,1788890776.344079,1788890776.284079,shear_+Y_out,7,+Y,0.5,-0.10191,0.25045,-1.02754,-0.00417,0.00028,-0.00053,-0.05097,0.27237,-1.01085,-0.0062,-0.00129,0.0,-0.20628,0.14953,-1.03153,3,37.8487,362.8722,37.0122,179.8634,0.6875,-101.4709,0.0062,24.7015,0.476
839,000839.png,False,1788890776.539969,1788890776.479970,shear_+Y_out,7,+Y,0.5,-0.05885,0.42714,-1.04543,-0.00843,0.00134,-0.00048,-0.00788,0.44908,-1.02876,-0.01046,-0.00023,5e-05,-0.25714,0.32379,-1.05256,3,37.8001,363.0249,37.0114,179.859,0.6989,-101.4698,0.001,24.7035,0.4741
840,000840.png,False,1788890776.731980,1788890776.671980,shear_+Y_out,7,+Y,0.5,-0.11803,0.57031,-1.16065,-0.01197,-0.00018,-0.00047,-0.06704,0.59225,-1.14399,-0.01401,-0.00175,6e-05,-0.37913,0.41636,-1.17013,3,37.7343,363.0445,36.9857,179.864,0.6862,-101.4702,0.0092,24.6786,0.499
841,000841.png,False,1788890777.124089,1788890777.064089,shear_+Y_back,7,+Y,0.0,-0.10645,0.57366,-1.12756,-0.01192,0.00025,-0.00047,-0.05542,0.59562,-1.11094,-0.01396,-0.00133,6e-05,-0.37101,0.42557,-1.13712,3,37.7302,363.0681,36.9973,179.8635,0.6867,-101.4704,0.001,24.6906,0.487
842,000842.png,False,1788890777.320050,1788890777.260050,shear_+Y_back,7,+Y,0.0,-0.0973,0.58291,-1.13052,-0.0124,0.00036,-0.00024,-0.04624,0.60488,-1.11391,-0.01443,-0.00121,0.0003,-0.36768,0.43811,-1.14026,3,37.7292,363.0769,37.0001,179.8636,0.6872,-101.4707,0.0059,24.6936,0.484
843,000843.png,False,1788890777.515979,1788890777.455979,shear_+Y_back,7,+Y,0.0,-0.01808,0.33113,-0.86533,-0.0063,0.00253,-0.0004,0.033,0.35311,-0.84875,-0.00834,0.00095,0.00013,-0.1751,0.26388,-0.87091,3,37.8468,362.9748,37.0556,179.8628,0.6894,-101.4807,0.0068,24.7466,0.431
844,000844.png,False,1788890777.708053,1788890777.648053,shear_+Y_back,7,+Y,0.0,-0.03951,0.15253,-0.80322,-0.00176,0.0021,-0.00037,0.0116,0.17453,-0.78665,-0.0038,0.00052,0.00017,-0.10486,0.0995,-0.80566,3,37.9219,362.7894,37.067,179.8653,0.6825,-101.487,0.0025,24.7544,0.4231
845,000845.png,False,1788890779.856142,1788890779.796142,shear_+X_out,8,+X,0.5,-0.09252,-0.04143,-1.12489,0.00302,0.00059,-0.00049,-0.04116,-0.01932,-1.10851,0.00098,-0.00099,5e-05,-0.05165,-0.10013,-1.12381,4,37.9424,362.7107,36.9862,179.8566,0.7049,-101.4729,0.0096,24.6723,0.5052
846,000846.png,False,1788890780.052073,1788890779.992073,shear_+X_out,8,+X,0.5,0.18867,0.0776,-0.92047,-4e-05,0.00753,-0.00047,0.24006,0.09972,-0.9041,-0.00209,0.00595,7e-05,0.13104,0.14673,-0.92205,3,38.0891,362.8811,37.0378,179.8495,0.7225,-101.4843,0.004,24.7256,0.4519
847,000847.png,False,1788890780.244000,1788890780.184000,shear_+X_out,8,+X,0.5,0.29174,-0.13612,-1.02756,0.00548,0.01033,-0.00036,0.34315,-0.11399,-1.01121,0.00343,0.00875,0.00018,0.32784,0.01143,-1.02563,3,38.1945,362.7926,37.0092,179.8557,0.7071,-101.4784,0.005,24.6948,0.4827
848,000848.png,False,1788890780.636149,1788890780.576149,shear_+X_out,8,+X,0.5,0.28151,-0.11303,-1.03311,0.00477,0.00988,-0.00059,0.33297,-0.09088,-1.01679,0.00272,0.0083,-5e-05,0.30748,0.02622,-1.03155,3,38.1907,362.7988,37.0,179.8558,0.7076,-101.4779,0.0042,24.6858,0.4918
849,000849.png,False,1788890780.832006,1788890780.772007,shear_+X_out,8,+X,0.5,0.64084,-0.02486,-1.08404,0.00246,0.01862,-0.00053,0.69233,-0.0027,-1.06774,0.0004,0.01704,1e-05,0.57504,0.28131,-1.08473,3,38.3682,362.9109,36.9782,179.8568,0.7051,-101.4718,0.0015,24.6646,0.513
850,000850.png,False,1788890781.220130,1788890781.160131,shear_+X_back,8,+X,0.0,0.57742,-0.13147,-1.16552,0.00538,0.01724,-0.00033,0.62895,-0.10929,-1.14925,0.00332,0.01566,0.00021,0.57394,0.15598,-1.16421,3,38.372,362.8911,36.9756,179.8576,0.7035,-101.4727,0.0041,24.6616,0.5159
851,000851.png,False,1788890781.416137,1788890781.356138,shear_+X_back,8,+X,0.0,0.58529,-0.09776,-1.12014,0.00448,0.01747,-0.00031,0.63684,-0.07556,-1.10389,0.00243,0.01589,0.00023,0.56359,0.18984,-1.11944,3,38.3713,362.9079,36.9832,179.8566,0.7055,-101.4731,0.0012,24.6694,0.5081
852,000852.png,False,1788890781.612016,1788890781.552016,shear_+X_back,8,+X,0.0,0.38248,-0.05193,-0.7871,0.00302,0.01238,-0.00054,0.43406,-0.02972,-0.77087,0.00097,0.0108,0.0,0.36271,0.13353,-0.78685,3,38.2623,362.8786,37.0597,179.8535,0.7132,-101.479,0.0063,24.7462,0.4313
853,000853.png,False,1788890782.000015,1788890781.940015,shear_+X_back,8,+X,0.0,0.08984,-0.00216,-0.89898,0.00199,0.00534,-0.00037,0.14147,0.02006,-0.88279,-7e-05,0.00376,0.00017,0.08513,0.02862,-0.89899,3,38.0757,362.8106,37.0457,179.8513,0.7178,-101.4926,0.0077,24.7325,0.445
854,000854.png,False,1788890782.196017,1788890782.136017,shear_+X_back,8,+X,0.0,0.04289,0.01845,-0.92327,0.00143,0.00405,-0.0005,0.09454,0.04068,-0.9071,-0.00063,0.00246,4e-05,0.03434,0.02262,-0.92354,3,38.0349,362.7967,37.0291,179.851,0.7182,-101.4921,0.0076,24.7159,0.4616
855,000855.png,False,1788890782.392021,1788890782.332021,shear_+X_back,8,+X,0.0,-0.07853,-0.03701,-1.04943,0.00305,0.00097,-0.00066,-0.02685,-0.01477,-1.03327,0.00099,-0.00061,-0.00011,-0.04225,-0.0881,-1.04847,3,37.9661,362.7361,36.998,179.8528,0.7138,-101.4934,0.0025,24.6844,0.4932
856,000856.png,False,1788890783.172029,1788890783.112029,shear_-X_out,8,-X,0.5,-0.1277,-0.06063,-1.05534,0.00361,-0.00027,-0.00063,-0.07593,-0.03834,-1.03924,0.00155,-0.00185,-8e-05,-0.073,-0.13322,-1.05387,3,37.9502,362.7049,36.9975,179.8492,0.7224,-101.4974,0.0061,24.6835,0.4941
857,000857.png,False,1788890783.756035,1788890783.696035,shear_-X_out,8,-X,0.5,-0.46205,0.01995,-1.06315,0.00164,-0.00855,-0.00087,-0.41021,0.04227,-1.04711,-0.00042,-0.01013,-0.00032,-0.40284,-0.23062,-1.06241,3,37.7305,362.6188,36.9906,179.8478,0.7253,-101.4987,0.0072,24.6767,0.5008
858,000858.png,False,1788890783.952035,1788890783.892035,shear_-X_back,8,-X,0.0,-0.46642,-0.01381,-1.0983,0.00254,-0.0087,-0.00066,-0.41456,0.00852,-1.08228,0.00048,-0.01028,-0.00011,-0.38951,-0.26261,-1.09696,3,37.7358,362.5955,36.9858,179.8489,0.7226,-101.4987,0.0072,24.6714,0.5061
859,000859.png,False,1788890784.148122,1788890784.088122,shear_-X_back,8,-X,0.0,-0.47212,-0.04437,-1.08203,0.0033,-0.00879,-0.001,-0.42023,-0.02203,-1.06602,0.00123,-0.01038,-0.00045,-0.37929,-0.29166,-1.08015,3,37.7366,362.5805,36.9827,179.8493,0.7209,-101.4985,0.0023,24.6682,0.5094
860,000860.png,False,1788890784.344038,1788890784.284038,shear_-X_back,8,-X,0.0,-0.2498,-0.05439,-1.11099,0.00354,-0.00336,-0.00071,-0.19789,-0.03204,-1.095,0.00147,-0.00494,-0.00016,-0.1815,-0.18972,-1.10938,3,37.8779,362.6954,36.9879,179.8469,0.7281,-101.5085,0.0033,24.6742,0.5033
861,000861.png,False,1788890784.536138,1788890784.476138,shear_-X_back,8,-X,0.0,-0.1607,-0.07909,-1.07778,0.00409,-0.00129,-0.00061,-0.10877,-0.05673,-1.0618,0.00202,-0.00287,-6e-05,-0.09221,-0.16606,-1.07592,3,37.91,362.6525,36.9873,179.85,0.72,-101.5067,0.0076,24.6727,0.5048
862,000862.png,False,1788890784.732112,1788890784.672112,shear_-X_back,8,-X,0.0,-0.14184,-0.0703,-1.05941,0.00376,-0.00057,-0.00059,-0.08988,-0.04793,-1.04346,0.00169,-0.00215,-4e-05,-0.0804,-0.14873,-1.05775,3,37.9224,362.6726,36.9937,179.8504,0.7192,-101.5043,0.0023,24.6794,0.4982
863,000863.png,False,1788890785.708046,1788890785.648046,shear_-Y_out,8,-Y,0.5,-0.09408,-0.02693,-0.98496,0.00267,0.00037,-0.00049,-0.042,-0.00451,-0.96909,0.0006,-0.00121,6e-05,-0.06121,-0.08611,-0.98416,3,37.9375,362.7111,37.0139,179.8494,0.7227,-101.4895,0.0008,24.7001,0.4775
864,000864.png,False,1788890785.904182,1788890785.844182,shear_-Y_out,8,-Y,0.5,-0.09319,-0.01717,-0.94227,0.00249,0.0007,-0.00038,-0.04109,0.00526,-0.92642,0.00041,-0.00089,0.00017,-0.06562,-0.07653,-0.94164,3,37.9367,362.7168,37.0326,179.8482,0.7253,-101.4885,0.0089,24.7189,0.4587
865,000865.png,False,1788890786.096054,1788890786.036054,shear_-Y_out,8,-Y,0.5,-0.02073,-0.40234,-0.89253,0.01181,0.00245,-0.00025,0.03139,-0.3799,-0.8767,0.00974,0.00086,0.0003,0.18925,-0.37311,-0.88538,4,38.0963,362.5528,37.0433,179.8469,0.7292,-101.4937,0.002,24.7257,0.4518
866,000866.png,False,1788890786.292130,1788890786.232130,shear_-Y_out,8,-Y,0.5,-0.02426,-0.34588,-0.87238,0.01044,0.00236,-0.0004,0.02789,-0.32343,-0.85656,0.00836,0.00077,0.00015,0.15784,-0.32565,-0.8662,3,38.0906,362.5488,37.0379,179.8472,0.7282,-101.4946,0.0034,24.7204,0.4572
867,000867.png,False,1788890786.488158,1788890786.428158,shear_-Y_out,8,-Y,0.5,-0.02095,-0.32762,-0.95494,0.01004,0.00235,-0.00029,0.03122,-0.30516,-0.93914,0.00796,0.00076,0.00027,0.15216,-0.30951,-0.94907,3,38.0875,362.5582,37.0252,179.8465,0.73,-101.4946,0.009,24.7078,0.4697
868,000868.png,False,1788890786.684199,1788890786.624199,shear_-Y_out,8,-Y,0.5,-0.1346,-0.67521,-1.11681,0.01884,-0.00046,-0.00028,-0.08241,-0.65274,-1.10102,0.01676,-0.00205,0.00028,0.2285,-0.66993,-1.10466,3,38.1388,362.3329,36.9893,179.8502,0.7211,-101.488,0.0041,24.668,0.5095
869,000869.png,False,1788890786.880142,1788890786.820142,shear_-Y_out,8,-Y,0.5,-0.06316,-0.55502,-0.96885,0.01569,0.00143,-0.0004,-0.01094,-0.53253,-0.95308,0.01361,-0.00016,0.00015,0.22931,-0.52776,-0.95895,3,38.1457,362.4006,37.0154,179.8452,0.7336,-101.4885,0.0017,24.6952,0.4824
870,000870.png,False,1788890787.072161,1788890787.012161,shear_-Y_out,8,-Y,0.5,-0.06317,-0.5625,-0.97032,0.01582,0.00136,-0.00038,-0.01092,-0.54001,-0.95457,0.01374,-0.00023,0.00018,0.23305,-0.53427,-0.96029,3,38.1464,362.3953,37.0149,179.8455,0.7328,-101.4883,0.009,24.6945,0.483
871,000871.png,False,1788890787.268184,1788890787.208184,shear_-Y_back,8,-Y,0.0,-0.03356,-0.59167,-0.9894,0.0165,0.00208,-0.00023,0.0187,-0.56917,-0.97367,0.01442,0.00049,0.00033,0.2734,-0.54505,-0.97893,3,38.1753,362.3888,37.0149,179.8458,0.7322,-101.4924,0.0023,24.6942,0.4833
872,000872.png,False,1788890787.464139,1788890787.404139,shear_-Y_back,8,-Y,0.0,-0.00867,-0.60583,-0.9686,0.01699,0.0028,-0.00042,0.04362,-0.58332,-0.95289,0.01491,0.00121,0.00013,0.3019,-0.54454,-0.95793,3,38.1968,362.3831,37.0156,179.8459,0.7318,-101.4957,0.0042,24.6947,0.4829
873,000873.png,False,1788890787.660065,1788890787.600065,shear_-Y_back,8,-Y,0.0,0.01038,-0.44791,-1.10863,0.01325,0.00309,-0.00019,0.0627,-0.42538,-1.09293,0.01117,0.0015,0.00037,0.24046,-0.40049,-1.10071,3,38.1579,362.4759,36.9883,179.8473,0.7275,-101.5007,0.0096,24.6691,0.5084
874,000874.png,False,1788890787.852216,1788890787.792217,shear_-Y_back,8,-Y,0.0,0.00626,-0.26597,-1.09083,0.00864,0.00296,-0.00051,0.0586,-0.24343,-1.07515,0.00656,0.00137,5e-05,0.14587,-0.24469,-1.08606,3,38.1003,362.5522,36.9809,179.8511,0.7175,-101.5106,0.0009,24.6633,0.5142
875,000875.png,False,1788890788.048197,1788890787.988197,shear_-Y_back,8,-Y,0.0,-0.04396,-0.24142,-1.08263,0.00801,0.00159,-0.00045,0.0084,-0.21888,-1.06696,0.00593,-0.0,0.00011,0.09005,-0.2484,-1.07819,3,38.0664,362.5807,36.9887,179.8524,0.7146,-101.5132,0.0041,24.6719,0.5056
876,000876.png,False,1788890788.244071,1788890788.184071,shear_-Y_back,8,-Y,0.0,-0.05543,-0.1333,-0.98645,0.00522,0.00138,-0.0007,-0.00305,-0.11075,-0.97081,0.00314,-0.00021,-0.00014,0.02542,-0.15895,-0.98388,3,38.0047,362.667,37.0158,179.8496,0.7212,-101.5141,0.0094,24.7007,0.4768
877,000877.png,False,1788890789.220078,1788890789.160078,shear_+Y_out,8,+Y,0.4426885031393283,-0.08223,-0.07192,-0.75473,0.0036,0.00074,-0.00073,-0.02973,-0.04931,-0.73917,0.00152,-0.00085,-0.00017,-0.03007,-0.11547,-0.75321,3,37.9633,362.7022,37.0702,179.8493,0.7211,-101.5187,0.0093,24.756,0.4215
878,000878.png,False,1788890789.416167,1788890789.356168,shear_+Y_out,8,+Y,0.4426885031393283,-0.03338,0.35841,-0.95812,-0.00662,0.00207,-0.00086,0.01915,0.38103,-0.94258,-0.00871,0.00048,-0.0003,-0.20134,0.27839,-0.96413,3,37.8588,362.9319,37.0285,179.8475,0.7263,-101.5207,0.0043,24.7187,0.4588
879,000879.png,False,1788890790.000088,1788890789.940089,shear_+Y_out,8,+Y,0.4426885031393283,-0.0839,0.26135,-0.95538,-0.00434,0.00068,-0.00066,-0.03131,0.284,-0.93989,-0.00643,-0.00092,-0.0001,-0.19663,0.16912,-0.9596,3,37.8495,362.8848,37.0272,179.8511,0.7172,-101.5198,0.0035,24.7167,0.4608
880,000880.png,False,1788890790.196173,1788890790.136173,shear_+Y_out,8,+Y,0.4426885031393283,-0.04184,0.6807,-0.91641,-0.01488,0.00155,-0.00086,0.01078,0.70336,-0.90093,-0.01697,-5e-05,-0.00029,-0.36998,0.55394,-0.92799,3,37.7226,363.1443,37.0428,179.8466,0.7274,-101.5196,0.0016,24.7373,0.4402
881,000881.png,False,1788890790.388163,1788890790.328163,shear_+Y_out,8,+Y,0.4426885031393283,-0.10598,0.53112,-0.97861,-0.01102,6e-05,-0.00107,-0.05333,0.55379,-0.96315,-0.01311,-0.00153,-0.00051,-0.35037,0.39136,-0.98746,3,37.7321,363.0572,37.0209,179.8515,0.7159,-101.5184,0.0093,24.714,0.4635
882,000882.png,False,1788890790.584185,1788890790.524185,shear_+Y_out,8,+Y,0.4426885031393283,-0.09488,0.55141,-0.96638,-0.01169,0.00021,-0.00084,-0.04221,0.57409,-0.95093,-0.01378,-0.00139,-0.00027,-0.35098,0.41467,-0.9756,3,37.7302,363.0719,37.0259,179.851,0.717,-101.5189,0.0043,24.7192,0.4583
883,000883.png,False,1788890790.976095,1788890790.916095,shear_+Y_back,8,+Y,0.0,-0.07462,0.59426,-0.94722,-0.01238,0.00082,-0.00094,-0.02191,0.61696,-0.93181,-0.01447,-0.00078,-0.00038,-0.35498,0.46221,-0.95723,3,37.7234,363.1044,37.0372,179.8499,0.7198,-101.5193,0.0066,24.7311,0.4464
884,000884.png,False,1788890791.172099,1788890791.112099,shear_+Y_back,8,+Y,0.0,-0.00395,0.333,-0.83667,-0.00617,0.00277,-0.00051,0.04879,0.35571,-0.82128,-0.00827,0.00117,6e-05,-0.16399,0.27302,-0.84231,3,37.8563,362.9571,37.0653,179.8513,0.7166,-101.5293,0.0034,24.7559,0.4216
885,000885.png,False,1788890791.756198,1788890791.696198,shear_+Y_back,8,+Y,0.0,-0.05689,0.04604,-0.82936,0.00103,0.00157,-0.00051,-0.00408,0.06878,-0.81402,-0.00107,-3e-05,6e-05,-0.06653,-0.00184,-0.82992,3,37.9309,362.7641,37.0615,179.8512,0.7163,-101.5302,0.0085,24.7485,0.429
886,000886.png,False,1788890793.512115,1788890793.452116,shear_+X_out,9,+X,0.5,-0.0722,-0.00989,-1.02316,0.0023,0.00093,-0.00057,-0.01918,0.01295,-1.00798,0.00019,-0.00067,0.0,-0.05051,-0.06103,-1.02269,3,37.94,362.7405,37.0253,179.8445,0.7335,-101.5203,0.0023,24.7119,0.4657
887,000887.png,False,1788890793.708121,1788890793.648121,shear_+X_out,9,+X,0.5,0.29572,0.0721,-0.96166,0.00021,0.01,-0.00059,0.34876,0.09495,-0.94649,-0.0019,0.0084,-1e-05,0.2268,0.1948,-0.96336,3,38.1204,362.8949,37.0216,179.8401,0.7448,-101.5288,0.0042,24.7094,0.4681
888,000888.png,False,1788890793.900157,1788890793.840158,shear_+X_out,9,+X,0.5,0.30557,-0.12433,-1.04567,0.00514,0.01039,-0.00044,0.35864,-0.10147,-1.03052,0.00304,0.00879,0.00013,0.33406,0.02826,-1.04397,3,38.1956,362.8013,37.0019,179.846,0.731,-101.5264,0.0072,24.6877,0.4899
889,000889.png,False,1788890794.292125,1788890794.232125,shear_+X_out,9,+X,0.5,0.3201,-0.05616,-1.05839,0.00327,0.01067,-0.00035,0.37321,-0.03328,-1.04327,0.00116,0.00907,0.00022,0.31267,0.09435,-1.05789,3,38.182,362.9144,36.9993,179.8423,0.7398,-101.5225,0.0031,24.687,0.4905
890,000890.png,False,1788890794.488125,1788890794.428125,shear_+X_out,9,+X,0.5,0.58911,-0.16,-1.22992,0.00604,0.01741,-0.00033,0.64225,-0.13711,-1.21482,0.00393,0.01582,0.00024,0.59877,0.13608,-1.22813,3,38.3654,362.8685,36.9579,179.8491,0.7232,-101.5196,0.0078,24.6436,0.5339
891,000891.png,False,1788890795.072134,1788890795.012135,shear_+X_back,9,+X,0.0,0.59674,-0.11014,-1.12021,0.00473,0.01753,-0.00045,0.64995,-0.08721,-1.10516,0.00261,0.01593,0.00012,0.57969,0.18484,-1.11932,3,38.3765,362.9042,36.9803,179.8473,0.7279,-101.5233,0.0067,24.6665,0.5111
892,000892.png,False,1788890795.268227,1788890795.208227,shear_+X_back,9,+X,0.0,0.39845,-0.06507,-0.81694,0.00348,0.01275,-0.00037,0.45169,-0.04214,-0.80191,0.00137,0.01115,0.0002,0.38332,0.12965,-0.81649,3,38.2764,362.8723,37.0583,179.8436,0.7368,-101.5299,0.003,24.7446,0.4329
893,000893.png,False,1788890795.656203,1788890795.596203,shear_+X_back,9,+X,0.0,0.11076,-0.00554,-0.87342,0.00222,0.00552,-0.00066,0.16404,0.01741,-0.85842,0.0001,0.00392,-8e-05,0.10476,0.03655,-0.87341,3,38.0838,362.8072,37.0439,179.8418,0.7404,-101.5421,0.0048,24.7305,0.447
894,000894.png,False,1788890796.632150,1788890796.572150,shear_+X_back,9,+X,0.0,-0.10273,-0.00354,-0.99482,0.00201,0.00019,-0.00093,-0.04933,0.01946,-0.97991,-0.0001,-0.00141,-0.00035,-0.08032,-0.07034,-0.9944,3,37.9464,362.737,37.0051,179.8403,0.7438,-101.5464,0.0032,24.6916,0.4859
895,000895.png,False,1788890796.828151,1788890796.768152,shear_-X_out,9,-X,0.5,-0.11121,-0.04279,-1.05525,0.00312,-6e-05,-0.00079,-0.05779,-0.01977,-1.04035,0.001,-0.00166,-0.00021,-0.06764,-0.10953,-1.05412,3,37.9516,362.7108,36.9951,179.8407,0.7428,-101.5477,0.004,24.6811,0.4964
896,000896.png,False,1788890797.024165,1788890796.964165,shear_-X_out,9,-X,0.5,-0.47592,-0.11814,-1.163,0.00512,-0.00902,-0.00058,-0.42247,-0.09511,-1.14812,0.003,-0.01062,0.0,-0.34516,-0.35875,-1.15982,3,37.7705,362.5525,36.9779,179.8419,0.7389,-101.5492,0.0088,24.6627,0.5149
897,000897.png,False,1788890797.608161,1788890797.548161,shear_-X_back,9,-X,0.0,-0.46234,-0.02995,-1.09207,0.00308,-0.00869,-0.00082,-0.40882,-0.0069,-1.07725,0.00096,-0.0103,-0.00024,-0.37795,-0.27445,-1.09046,3,37.7382,362.591,36.9888,179.8403,0.743,-101.5488,0.0079,24.6744,0.5031
898,000898.png,False,1788890797.804265,1788890797.744265,shear_-X_back,9,-X,0.0,-0.45557,-0.03495,-1.1163,0.0032,-0.00864,-0.00063,-0.40203,-0.01188,-1.10149,0.00107,-0.01025,-5e-05,-0.36942,-0.27578,-1.11461,3,37.7385,362.591,36.9893,179.8403,0.7428,-101.5488,0.0047,24.6749,0.5026
899,000899.png,False,1788890798.000308,1788890797.940308,shear_-X_back,9,-X,0.0,-0.21274,-0.01678,-1.16204,0.00266,-0.00267,-0.00072,-0.15918,0.0063,-1.14725,0.00054,-0.00427,-0.00014,-0.16784,-0.13945,-1.16115,4,37.8845,362.7401,36.9768,179.838,0.7486,-101.5586,0.0006,24.6638,0.5137
900,000900.png,False,1788890798.388286,1788890798.328286,shear_-X_back,9,-X,0.0,-0.12265,-0.06857,-1.08691,0.00374,-0.00038,-0.0006,-0.06904,-0.04548,-1.07215,0.00161,-0.00199,-1e-05,-0.06445,-0.13809,-1.08531,3,37.9282,362.6856,36.9858,179.8439,0.7338,-101.5544,0.0007,24.6716,0.5059
901,000901.png,False,1788890799.364258,1788890799.304258,shear_-Y_out,9,-Y,0.5,-0.0855,-0.01064,-0.95037,0.00246,0.00067,-0.00042,-0.03177,0.01251,-0.9357,0.00032,-0.00094,0.00016,-0.06216,-0.06716,-0.94987,3,37.9348,362.7276,37.0339,179.8396,0.7452,-101.5401,0.0095,24.7203,0.4573
902,000902.png,False,1788890799.560175,1788890799.500175,shear_-Y_out,9,-Y,0.5,-0.08599,-0.0053,-0.93091,0.00229,0.00058,-0.00028,-0.03223,0.01786,-0.91626,0.00016,-0.00102,0.00031,-0.06538,-0.06247,-0.93051,3,37.9357,362.7266,37.0424,179.8393,0.7458,-101.5401,0.0015,24.7288,0.4488
903,000903.png,False,1788890799.756255,1788890799.696255,shear_-Y_out,9,-Y,0.5,-0.0141,-0.40353,-0.92335,0.01184,0.00238,-0.00015,0.03968,-0.38036,-0.90871,0.0097,0.00078,0.00044,0.1958,-0.37132,-0.91618,3,38.0984,362.5461,37.0386,179.8381,0.7492,-101.5471,0.0035,24.721,0.4565
904,000904.png,False,1788890799.948183,1788890799.888183,shear_-Y_out,9,-Y,0.5,-0.01342,-0.33341,-0.89676,0.01025,0.00241,-0.00033,0.04038,-0.31023,-0.88214,0.00811,0.0008,0.00026,0.16117,-0.30983,-0.89081,3,38.0904,362.5577,37.041,179.8381,0.7492,-101.5473,0.0018,24.7236,0.4539
905,000905.png,False,1788890800.144180,1788890800.084180,shear_-Y_out,9,-Y,0.5,-0.01048,-0.32066,-0.91149,0.00988,0.00246,-0.00057,0.04334,-0.29747,-0.89689,0.00774,0.00085,2e-05,0.15745,-0.29755,-0.90577,3,38.0876,362.5634,37.0281,179.8379,0.7491,-101.5473,0.0037,24.7108,0.4667
906,000906.png,False,1788890800.340188,1788890800.280188,shear_-Y_out,9,-Y,0.5,-0.11936,-0.6402,-1.07297,0.01774,-0.00029,-0.00027,-0.06551,-0.617,-1.05838,0.0156,-0.0019,0.00031,0.22391,-0.63129,-1.06146,3,38.1327,362.3558,36.9985,179.8409,0.7426,-101.5395,0.009,24.6776,0.4999
907,000907.png,False,1788890800.728280,1788890800.668280,shear_-Y_out,9,-Y,0.5,-0.04424,-0.52865,-0.93634,0.01507,0.00159,-0.00038,0.00966,-0.50542,-0.92179,0.01294,-2e-05,0.0002,0.2323,-0.49495,-0.92694,3,38.146,362.4151,37.0272,179.8361,0.7547,-101.5411,0.0044,24.7071,0.4704
908,000908.png,False,1788890800.924284,1788890800.864285,shear_-Y_back,9,-Y,0.0,-0.03071,-0.56621,-0.95942,0.01599,0.00207,-0.00025,0.02321,-0.54298,-0.94488,0.01385,0.00046,0.00034,0.26294,-0.52109,-0.94939,3,38.1678,362.3997,37.0254,179.8366,0.7533,-101.5434,0.0087,24.7049,0.4726
909,000909.png,False,1788890801.120189,1788890801.060189,shear_-Y_back,9,-Y,0.0,-0.00285,-0.60012,-0.94782,0.01679,0.00284,-0.0003,0.05109,-0.57688,-0.9333,0.01465,0.00123,0.00029,0.30393,-0.53636,-0.93727,3,38.1952,362.3889,37.0232,179.8372,0.7519,-101.5478,0.0037,24.7024,0.4751
910,000910.png,False,1788890801.316194,1788890801.256194,shear_-Y_back,9,-Y,0.0,0.00718,-0.47046,-1.17275,0.0138,0.00269,-0.00023,0.06115,-0.4472,-1.15825,0.01166,0.00108,0.00036,0.2494,-0.42265,-1.16443,3,38.162,362.4605,36.9751,179.8409,0.7424,-101.5543,0.0106,24.6557,0.5219
911,000911.png,False,1788890801.508196,1788890801.448196,shear_-Y_back,9,-Y,0.0,0.00911,-0.27461,-1.11906,0.00901,0.00288,-0.00026,0.0631,-0.25135,-1.10458,0.00687,0.00127,0.00033,0.15285,-0.25121,-1.11415,3,38.0992,362.5615,36.9894,179.8438,0.7344,-101.5647,0.0001,24.672,0.5055
912,000912.png,False,1788890801.704197,1788890801.644197,shear_-Y_back,9,-Y,0.0,-0.03608,-0.22628,-1.03683,0.00783,0.00187,-0.00052,0.01793,-0.203,-1.02236,0.00568,0.00026,7e-05,0.08899,-0.23061,-1.03267,3,38.0639,362.5839,37.0,179.8449,0.7314,-101.566,0.0057,24.6833,0.4943
913,000913.png,False,1788890801.900295,1788890801.840296,shear_-Y_back,9,-Y,0.0,-0.05493,-0.11132,-0.93782,0.00488,0.00135,-0.00045,-0.00089,-0.08803,-0.92337,0.00273,-0.00026,0.00014,0.01454,-0.13888,-0.93564,3,38.0017,362.6682,37.0351,179.8452,0.7311,-101.5657,0.0096,24.7201,0.4574
914,000914.png,False,1788890802.876208,1788890802.816208,shear_+Y_out,9,+Y,0.44269907846094736,-0.05469,-0.03255,-0.74281,0.00275,0.0014,-0.00051,-0.00053,-0.00921,-0.72845,0.0006,-0.00021,9e-05,-0.02596,-0.06741,-0.74203,3,37.9672,362.714,37.0808,179.8424,0.7372,-101.5688,0.0069,24.7668,0.4108
915,000915.png,False,1788890803.072209,1788890803.012209,shear_+Y_out,9,+Y,0.44269907846094736,-0.00892,0.3706,-0.84461,-0.00711,0.00238,-0.00068,0.04526,0.39394,-0.83027,-0.00926,0.00076,-8e-05,-0.18703,0.30298,-0.85089,3,37.8503,362.9705,37.0622,179.8413,0.7399,-101.5732,0.0005,24.7531,0.4245
916,000916.png,False,1788890803.656318,1788890803.596318,shear_+Y_out,9,+Y,0.44269907846094736,-0.05341,0.28075,-0.91888,-0.00481,0.00147,-0.00032,0.00084,0.30413,-0.90459,-0.00696,-0.00015,0.00028,-0.18016,0.20174,-0.9235,3,37.8585,362.9091,37.0491,179.8436,0.7342,-101.5708,0.0017,24.739,0.4386
917,000917.png,False,1788890803.852287,1788890803.792287,shear_+Y_out,9,+Y,0.44269907846094736,-0.06658,0.66394,-1.00892,-0.0141,0.00095,-0.00049,-0.01231,0.68733,-0.99464,-0.01625,-0.00066,0.0001,-0.3824,0.52559,-1.02014,3,37.7308,363.0747,37.0199,179.8452,0.7304,-101.5692,0.0071,24.7133,0.4642
918,000918.png,False,1788890804.436317,1788890804.376317,shear_+Y_back,9,+Y,0.0,-0.07301,0.57289,-0.97377,-0.012,0.00073,-0.00052,-0.01867,0.59631,-0.95954,-0.01415,-0.00088,7e-05,-0.34272,0.44408,-0.98341,3,37.7312,363.0945,37.037,179.8449,0.7306,-101.5694,0.0098,24.7307,0.4469
919,000919.png,False,1788890804.632226,1788890804.572226,shear_+Y_back,9,+Y,0.0,0.03126,0.32642,-0.7217,-0.00573,0.00359,-0.00038,0.08563,0.34985,-0.70749,-0.00789,0.00198,0.00021,-0.13101,0.28676,-0.72732,3,37.8695,362.9945,37.1078,179.8431,0.7354,-101.5797,0.004,24.7989,0.3786
920,000920.png,False,1788890805.216238,1788890805.156238,shear_+Y_back,9,+Y,0.0,-0.02292,0.08626,-0.71691,-0.00017,0.00221,-0.00033,0.03152,0.10972,-0.70275,-0.00233,0.00059,0.00027,-0.05798,0.05177,-0.71825,3,37.9298,362.821,37.0998,179.8412,0.7401,-101.5825,0.0028,24.7877,0.3898
921,000921.png,False,1788890805.608238,1788890805.548238,shear_+Y_back,9,+Y,0.0,-0.06594,-0.03353,-0.73387,0.00292,0.00119,-0.00054,-0.01145,-0.01005,-0.71974,0.00076,-0.00043,6e-05,-0.03528,-0.07374,-0.73304,3,37.9496,362.7385,37.0888,179.8395,0.7445,-101.5782,0.0075,24.7753,0.4022
922,000922.png,False,1788890806.192245,1788890806.132245,shear_+Y_back,9,+Y,0.0,-0.06551,-0.03619,-0.7809,0.00285,0.00124,-0.00044,-0.01095,-0.01268,-0.76683,0.00069,-0.00038,0.00016,-0.03325,-0.07659,-0.78003,3,37.9525,362.7277,37.0785,179.8382,0.7475,-101.5739,0.0078,24.7648,0.4127
923,000923.png,False,1788890806.972342,1788890806.912342,shear_+X_out,10,+X,0.5,-0.08161,-0.03728,-1.20279,0.00308,0.00064,-0.0005,-0.02695,-0.01373,-1.18879,0.00091,-0.00097,0.00011,-0.04372,-0.09233,-1.2018,3,37.946,362.707,36.9677,179.8383,0.7471,-101.5732,0.0022,24.6537,0.5238
924,000924.png,False,1788890807.168352,1788890807.108352,shear_+X_out,10,+X,0.5,-0.05841,0.00386,-0.98687,0.00191,0.0012,-0.00051,-0.00373,0.02743,-0.97289,-0.00025,-0.00042,9e-05,-0.04568,-0.04165,-0.98667,3,37.9738,362.7975,37.0315,179.8311,0.7651,-101.5798,0.0037,24.7188,0.4588
925,000925.png,False,1788890807.364377,1788890807.304378,shear_+X_out,10,+X,0.5,0.36489,0.00188,-0.88797,0.00197,0.01177,-0.00052,0.41959,0.02546,-0.874,-0.00019,0.01015,9e-05,0.32129,0.16973,-0.8886,3,38.1916,362.8401,37.0314,179.8327,0.7619,-101.5787,0.0089,24.7179,0.4597
926,000926.png,False,1788890807.752263,1788890807.692263,shear_+X_out,10,+X,0.5,0.29505,-0.09152,-1.02172,0.00422,0.00991,-0.0003,0.3498,-0.06792,-1.00778,0.00205,0.00829,0.0003,0.30839,0.0518,-1.02057,3,38.1904,362.819,37.0123,179.8349,0.7569,-101.5787,0.003,24.6984,0.4791
927,000927.png,False,1788890808.144352,1788890808.084352,shear_+X_out,10,+X,0.5,0.57779,-0.17351,-1.24196,0.00649,0.01702,-0.00037,0.63258,-0.14989,-1.22806,0.00432,0.0154,0.00023,0.59579,0.11853,-1.23992,3,38.3739,362.875,36.9607,179.8389,0.7469,-101.5745,0.0042,24.6464,0.5311
928,000928.png,False,1788890808.728363,1788890808.668363,shear_+X_back,10,+X,0.0,0.61359,-0.06499,-1.04948,0.00364,0.01785,-0.00016,0.66845,-0.04134,-1.03562,0.00146,0.01623,0.00045,0.57125,0.2335,-1.04942,3,38.3799,362.9433,37.0084,179.8347,0.7581,-101.5761,0.004,24.6952,0.4824
929,000929.png,False,1788890808.924274,1788890808.864274,shear_+X_back,10,+X,0.0,0.40805,-0.03406,-0.73118,0.00253,0.01283,-0.00032,0.46294,-0.0104,-0.71735,0.00035,0.01121,0.00028,0.37555,0.16268,-0.7313,3,38.2803,362.9068,37.087,179.831,0.7661,-101.5829,0.0017,24.7739,0.4036
930,000930.png,False,1788890809.312365,1788890809.252365,shear_+X_back,10,+X,0.0,0.12936,0.03191,-0.79192,0.00124,0.006,-0.00058,0.1843,0.05559,-0.77812,-0.00094,0.00438,3e-05,0.1016,0.07958,-0.79261,3,38.0869,362.843,37.0729,179.8283,0.7723,-101.596,0.004,24.7601,0.4175
931,000931.png,False,1788890810.484376,1788890810.424376,shear_-X_out,10,-X,0.5,-0.10043,-0.04646,-0.9549,0.00314,0.00032,-0.00061,-0.04535,-0.02271,-0.9412,0.00096,-0.0013,-0.0,-0.05716,-0.10571,-0.95375,3,37.9558,362.7191,37.0269,179.8254,0.7788,-101.6088,0.0055,24.713,0.4645
932,000932.png,False,1788890811.068300,1788890811.008300,shear_-X_out,10,-X,0.5,-0.40591,0.07928,-0.94861,0.0002,-0.0074,-0.00046,-0.35076,0.10306,-0.93496,-0.00198,-0.00902,0.00015,-0.38464,-0.14935,-0.94902,3,37.7236,362.6647,37.0364,179.8219,0.7866,-101.6074,0.0068,24.7233,0.4542
933,000933.png,False,1788890811.264401,1788890811.204401,shear_-X_out,10,-X,0.5,-0.49845,-0.04823,-1.08188,0.00351,-0.00957,-0.00043,-0.44328,-0.02444,-1.06825,0.00133,-0.01119,0.00018,-0.40017,-0.30816,-1.07989,3,37.6964,362.5177,36.9886,179.8268,0.7741,-101.608,0.0082,24.6734,0.5042
934,000934.png,False,1788890811.460299,1788890811.400299,shear_-X_out,10,-X,0.5,-0.64704,0.12689,-1.07052,-0.00085,-0.01342,-0.0007,-0.59185,0.15069,-1.05691,-0.00304,-0.01504,-9e-05,-0.61646,-0.23055,-1.07126,3,37.5698,362.6016,37.0016,179.8212,0.7878,-101.6087,0.0008,24.6886,0.489
935,000935.png,False,1788890811.656399,1788890811.596399,shear_-X_out,10,-X,0.5,-0.63272,0.11498,-1.07721,-0.00058,-0.01315,-0.00068,-0.5775,0.13878,-1.06362,-0.00276,-0.01477,-7e-05,-0.59805,-0.23383,-1.07778,3,37.5698,362.6006,37.0038,179.8209,0.7879,-101.6085,0.0045,24.6907,0.4868
936,000936.png,False,1788890811.848383,1788890811.788383,shear_-X_back,10,-X,0.0,-0.63303,0.09535,-1.07052,-0.00012,-0.01318,-0.00072,-0.57778,0.11916,-1.05694,-0.0023,-0.01481,-0.00011,-0.58855,-0.25087,-1.07074,3,37.573,362.5913,37.0041,179.8215,0.7872,-101.6091,0.0063,24.6908,0.4867
937,000937.png,False,1788890812.044388,1788890811.984388,shear_-X_back,10,-X,0.0,-0.63445,0.08514,-1.10106,0.00031,-0.01309,-0.00031,-0.57919,0.10896,-1.0875,-0.00188,-0.01471,0.0003,-0.58448,-0.26092,-1.1011,3,37.5742,362.5816,37.0052,179.8215,0.7865,-101.6096,0.0007,24.6918,0.4857
938,000938.png,False,1788890812.240402,1788890812.180402,shear_-X_back,10,-X,0.0,-0.35109,0.04411,-0.9612,0.00112,-0.00612,-0.00049,-0.2958,0.06794,-0.94766,-0.00107,-0.00775,0.00013,-0.31949,-0.15263,-0.96112,3,37.7555,362.6968,37.0437,179.8158,0.801,-101.6175,0.0057,24.7308,0.4467
939,000939.png,False,1788890812.436383,1788890812.376384,shear_-X_back,10,-X,0.0,-0.21,0.03444,-0.86623,0.00127,-0.0024,-0.00052,-0.15469,0.05829,-0.85271,-0.00092,-0.00402,0.0001,-0.19311,-0.08898,-0.86628,3,37.8262,362.6772,37.0484,179.8173,0.7979,-101.6142,0.0087,24.7347,0.4428
940,000940.png,False,1788890812.628428,1788890812.568428,shear_-X_back,10,-X,0.0,-0.19336,-0.00492,-0.85569,0.0023,-0.00184,-0.0005,-0.13802,0.01894,-0.84218,0.00011,-0.00347,0.00012,-0.1591,-0.11458,-0.85508,3,37.8486,362.684,37.0571,179.8174,0.7984,-101.6105,0.0008,24.7434,0.4341
941,000941.png,False,1788890812.824319,1788890812.764319,shear_-X_back,10,-X,0.0,-0.11873,-0.00093,-0.804,0.00215,-0.00014,-0.00061,-0.06337,0.02294,-0.79051,-4e-05,-0.00176,1e-05,-0.09681,-0.07301,-0.80362,3,37.9035,362.7327,37.0593,179.8148,0.8043,-101.6094,0.0059,24.746,0.4316
942,000942.png,False,1788890813.020317,1788890812.960317,shear_-X_back,10,-X,0.0,-0.03309,-0.06485,-1.02668,0.00389,0.00188,-0.00059,0.0223,-0.04097,-1.01321,0.0017,0.00025,3e-05,0.01085,-0.08914,-1.02533,3,37.9616,362.7085,37.0148,179.8186,0.7955,-101.6109,0.0092,24.7007,0.4768
943,000943.png,False,1788890813.800328,1788890813.740329,shear_-Y_out,10,-Y,0.5,-0.09209,-0.01808,-0.88168,0.00236,0.00025,-0.00038,-0.03661,0.00584,-0.86827,0.00017,-0.00138,0.00024,-0.06463,-0.0758,-0.88104,3,37.9274,362.7158,37.0478,179.8226,0.7856,-101.6078,0.005,24.7341,0.4435
944,000944.png,False,1788890813.996326,1788890813.936327,shear_-Y_out,10,-Y,0.5,-0.09662,-0.35113,-0.73463,0.01063,0.00042,-0.00038,-0.04112,-0.3272,-0.72124,0.00843,-0.00121,0.00024,0.09683,-0.36415,-0.72824,3,38.0403,362.5173,37.0818,179.8226,0.7861,-101.6078,0.0001,24.7641,0.4135
945,000945.png,False,1788890814.384332,1788890814.324332,shear_-Y_out,10,-Y,0.5,-0.05442,-0.25637,-0.79496,0.00819,0.0014,-0.00036,0.00114,-0.23241,-0.7816,0.006,-0.00023,0.00026,0.08646,-0.26196,-0.79028,3,38.0351,362.5762,37.0715,179.8192,0.7945,-101.6085,0.0014,24.7548,0.4227
946,000946.png,False,1788890814.580416,1788890814.520416,shear_-Y_out,10,-Y,0.5,-0.10287,-0.63278,-1.01363,0.01761,0.00018,-0.00028,-0.0473,-0.60882,-1.00029,0.01542,-0.00145,0.00034,0.23407,-0.61567,-1.00229,3,38.1335,362.3509,37.0125,179.8244,0.7818,-101.6104,0.0036,24.6915,0.486
947,000947.png,False,1788890815.168444,1788890815.108444,shear_-Y_back,10,-Y,0.0,-0.04391,-0.55448,-0.88222,0.01549,0.00157,-0.00031,0.01173,-0.53049,-0.86893,0.01329,-6e-05,0.00032,0.24511,-0.51629,-0.87238,3,38.1541,362.3886,37.0447,179.8197,0.7938,-101.61,0.0009,24.7242,0.4534
948,000948.png,False,1788890815.360346,1788890815.300346,shear_-Y_back,10,-Y,0.0,-0.0552,-0.56722,-0.91209,0.01608,0.00155,-0.00016,0.00047,-0.54321,-0.89882,0.01388,-8e-05,0.00046,0.24191,-0.53344,-0.90201,3,38.1556,362.3763,37.0443,179.8203,0.7922,-101.6098,0.0093,24.7236,0.454
949,000949.png,False,1788890815.556435,1788890815.496435,shear_-Y_back,10,-Y,0.0,-0.12508,-0.29589,-0.83078,0.00935,-0.00039,-0.0004,-0.06938,-0.27187,-0.81752,0.00715,-0.00202,0.00022,0.04525,-0.33206,-0.82527,3,38.0285,362.5011,37.062,179.82,0.7925,-101.6037,0.0059,24.7441,0.4334
950,000950.png,False,1788890815.752347,1788890815.692347,shear_-Y_back,10,-Y,0.0,-0.11378,-0.14936,-0.78045,0.0058,4e-05,-0.00057,-0.05807,-0.12534,-0.76721,0.0036,-0.00159,5e-05,-0.01853,-0.19872,-0.77751,3,37.981,362.5846,37.0727,179.8199,0.7927,-101.6002,0.0007,24.7565,0.421
951,000951.png,False,1788890815.948359,1788890815.888360,shear_-Y_back,10,-Y,0.0,-0.1072,-0.15651,-0.83246,0.00591,6e-05,-0.00051,-0.05146,-0.13247,-0.81924,0.00371,-0.00157,0.00011,-0.0089,-0.20245,-0.8294,3,37.9805,362.6022,37.06,179.8211,0.7902,-101.6015,0.0047,24.7441,0.4334
952,000952.png,False,1788890816.140356,1788890816.080356,shear_-Y_back,10,-Y,0.0,-0.07242,-0.06506,-0.86247,0.00355,0.00096,-0.00039,-0.01666,-0.04101,-0.84927,0.00135,-0.00067,0.00024,-0.02425,-0.10635,-0.86106,3,37.9666,362.6732,37.0554,179.8212,0.79,-101.6041,0.0063,24.7408,0.4368
953,000953.png,False,1788890817.116378,1788890817.056378,shear_+Y_out,10,+Y,0.5,-0.04802,0.00143,-0.89087,0.00207,0.00152,-0.00032,0.00786,0.02553,-0.87776,-0.00014,-0.00011,0.00031,-0.03614,-0.03703,-0.89067,3,37.9537,362.7213,37.0517,179.822,0.7866,-101.62,0.0034,24.7379,0.4397
954,000954.png,False,1788890817.312369,1788890817.252369,shear_+Y_out,10,+Y,0.5,-0.05234,0.38314,-0.91673,-0.00739,0.0013,-0.00017,0.00357,0.40725,-0.90363,-0.0096,-0.00033,0.00045,-0.2304,0.29099,-0.92313,3,37.8206,362.9594,37.0595,179.8201,0.7915,-101.6191,0.0022,24.7504,0.4272
955,000955.png,False,1788890817.704466,1788890817.644466,shear_+Y_out,10,+Y,0.5,-0.09261,0.27536,-0.98356,-0.00483,0.00025,-0.00018,-0.03666,0.29949,-0.9705,-0.00704,-0.00139,0.00045,-0.21098,0.17645,-0.988,3,37.8275,362.8896,37.0361,179.8238,0.7822,-101.618,0.0075,24.7259,0.4517
956,000956.png,False,1788890818.092379,1788890818.032379,shear_+Y_out,10,+Y,0.5,-0.10012,0.54513,-1.13246,-0.01126,9e-05,-0.00027,-0.04412,0.56928,-1.11943,-0.01347,-0.00154,0.00036,-0.35123,0.40396,-1.14154,3,37.7267,363.0609,37.0089,179.8239,0.7811,-101.62,0.0068,24.7021,0.4755
957,000957.png,False,1788890818.676476,1788890818.616476,shear_+Y_back,10,+Y,0.0,-0.08279,0.57409,-1.05061,-0.0119,0.00064,-0.00036,-0.02672,0.59827,-1.03763,-0.01411,-0.00099,0.00027,-0.35126,0.439,-1.06024,3,37.7205,363.0854,37.0247,179.8241,0.7812,-101.6197,0.003,24.7184,0.4592
958,000958.png,False,1788890818.872473,1788890818.812474,shear_+Y_back,10,+Y,0.0,-0.03614,0.4064,-0.76907,-0.00793,0.00177,-0.00028,0.01996,0.4306,-0.75611,-0.01015,0.00014,0.00035,-0.22902,0.3216,-0.77592,3,37.7959,363.0156,37.0932,179.8215,0.7878,-101.622,0.0098,24.7852,0.3923
959,000959.png,False,1788890819.068462,1788890819.008462,shear_+Y_back,10,+Y,0.0,-0.04824,0.2088,-0.73207,-0.00335,0.00156,-0.00025,0.00788,0.23301,-0.71912,-0.00556,-8e-05,0.00038,-0.14103,0.14501,-0.73548,3,37.8547,362.9115,37.098,179.8191,0.7939,-101.6224,0.0006,24.7879,0.3897
960,000960.png,False,1788890819.652396,1788890819.592396,shear_+Y_back,10,+Y,0.0,-0.10374,0.01415,-0.97143,0.00168,8e-05,-0.00021,-0.04755,0.03838,-0.95854,-0.00054,-0.00156,0.00042,-0.09019,-0.05514,-0.97132,3,37.8914,362.784,37.0376,179.8196,0.7931,-101.6139,0.0018,24.7252,0.4523
961,000961.png,False,1788890822.580426,1788890822.520427,shear_+X_out,11,+X,0.5,0.19447,0.04068,-1.29213,0.00125,0.00737,-0.00031,0.25101,0.06507,-1.2795,-0.00098,0.00573,0.00033,0.15708,0.11171,-1.29303,3,38.0693,362.8403,36.9572,179.8125,0.8104,-101.6375,0.0024,24.6445,0.5331
962,000962.png,False,1788890822.776520,1788890822.716520,shear_+X_out,11,+X,0.5,0.36223,-0.21772,-1.40928,0.00765,0.01149,-0.0002,0.41879,-0.19332,-1.39666,0.00541,0.00985,0.00044,0.43232,-0.03015,-1.40601,3,38.225,362.7584,36.924,179.8199,0.793,-101.6337,0.0076,24.6089,0.5687
963,000963.png,False,1788890823.164439,1788890823.104439,shear_+X_out,11,+X,0.5,0.34987,-0.20405,-1.3278,0.00712,0.01098,-0.00022,0.40648,-0.17963,-1.31521,0.00489,0.00934,0.00042,0.41422,-0.02318,-1.32476,3,38.2244,362.7614,36.9391,179.8202,0.7924,-101.6337,0.0033,24.6241,0.5534
964,000964.png,False,1788890823.360440,1788890823.300440,shear_+X_out,11,+X,0.5,0.61732,0.00371,-1.14634,0.00202,0.01783,-0.0003,0.67395,0.02814,-1.13377,-0.00022,0.01619,0.00034,0.54082,0.2933,-1.14746,3,38.3297,362.9426,36.9778,179.8159,0.8035,-101.632,0.0089,24.6649,0.5126
965,000965.png,False,1788890823.556498,1788890823.496498,shear_+X_out,11,+X,0.5,0.60129,-0.25059,-1.31428,0.00843,0.01752,-0.00019,0.65796,-0.22615,-1.30173,0.0062,0.01588,0.00045,0.65516,0.06237,-1.31094,3,38.3966,362.8282,36.9453,179.8213,0.7897,-101.6318,0.006,24.6302,0.5474
966,000966.png,False,1788890824.140480,1788890824.080480,shear_+X_back,11,+X,0.0,0.61401,-0.166,-1.27571,0.00624,0.01768,-0.00014,0.67075,-0.14152,-1.26321,0.004,0.01604,0.0005,0.62365,0.1426,-1.27386,3,38.3912,362.868,36.9528,179.8197,0.7942,-101.6318,0.0006,24.6383,0.5392
967,000967.png,False,1788890824.336534,1788890824.276534,shear_+X_back,11,+X,0.0,0.30836,-0.14268,-1.18129,0.00567,0.01036,-0.00036,0.36511,-0.1182,-1.16881,0.00343,0.00872,0.00028,0.34658,0.01158,-1.17925,3,38.2413,362.7926,36.9694,179.8204,0.792,-101.6309,0.0075,24.6547,0.5228
968,000968.png,False,1788890824.532573,1788890824.472574,shear_+X_back,11,+X,0.0,0.15225,-0.10327,-1.24311,0.00472,0.00636,-0.0004,0.20903,-0.07877,-1.23065,0.00248,0.00472,0.00024,0.19209,-0.03328,-1.24144,4,38.134,362.7864,36.9577,179.8177,0.798,-101.6353,0.0067,24.6437,0.5339
969,000969.png,False,1788890825.896538,1788890825.836539,shear_-X_out,11,-X,0.5,-0.12397,-0.01615,-1.3065,0.00275,-0.00061,-0.00075,-0.06703,0.00842,-1.29415,0.00051,-0.00225,-0.0001,-0.09026,-0.09686,-1.30577,3,37.9531,362.7115,36.9353,179.8143,0.8056,-101.6438,0.0073,24.6213,0.5562
970,000970.png,False,1788890826.092550,1788890826.032550,shear_-X_out,11,-X,0.5,-0.52154,-0.16652,-1.4468,0.00661,-0.01047,-0.00061,-0.46457,-0.14194,-1.43447,0.00436,-0.01211,3e-05,-0.35854,-0.42799,-1.44265,2,37.7791,362.5255,36.9135,179.8172,0.797,-101.644,0.0023,24.5978,0.5798
971,000971.png,False,1788890826.872595,1788890826.812595,shear_-X_back,11,-X,0.0,-0.47547,-0.04597,-1.36487,0.00358,-0.00932,-0.00071,-0.4184,-0.02135,-1.35261,0.00133,-0.01096,-6e-05,-0.37943,-0.29925,-1.36292,4,37.7523,362.5827,36.9266,179.8142,0.8042,-101.6464,0.0058,24.612,0.5655
972,000972.png,False,1788890827.068483,1788890827.008483,shear_-X_back,11,-X,0.0,-0.28528,-0.04615,-1.51756,0.00367,-0.0047,-0.00059,-0.22819,-0.02152,-1.50531,0.00142,-0.00634,6e-05,-0.21353,-0.20682,-1.51595,3,37.8543,362.6675,36.8938,179.8151,0.8025,-101.6536,0.0017,24.5798,0.5977
973,000973.png,False,1788890827.260578,1788890827.200578,shear_-X_back,11,-X,0.0,-0.20029,-0.07453,-1.47132,0.00422,-0.00257,-0.00038,-0.14318,-0.04989,-1.4591,0.00197,-0.00421,0.00027,-0.12605,-0.18819,-1.46941,3,37.8941,362.6367,36.9042,179.8175,0.7973,-101.6529,0.0075,24.5895,0.5881
974,000974.png,False,1788890827.456486,1788890827.396487,shear_-X_back,11,-X,0.0,-0.17316,-0.07539,-1.41719,0.0042,-0.00189,-0.00044,-0.11602,-0.05074,-1.40498,0.00194,-0.00354,0.00021,-0.1025,-0.17451,-1.41532,3,37.9093,362.6596,36.9178,179.8178,0.7967,-101.6496,0.0075,24.6033,0.5742
975,000975.png,False,1788890828.040499,1788890827.980500,shear_-X_back,11,-X,0.0,-0.08449,-0.04125,-1.26291,0.00325,0.00046,-0.00043,-0.02729,-0.01656,-1.25075,0.001,-0.00119,0.00022,-0.04382,-0.09817,-1.26183,3,37.9487,362.704,36.9494,179.8168,0.7986,-101.6475,0.0075,24.6354,0.5421
976,000976.png,False,1788890828.236646,1788890828.176646,shear_-X_back,11,-X,0.0,-0.07939,-0.04225,-1.27445,0.00321,0.00042,-0.00038,-0.02216,-0.01756,-1.2623,0.00095,-0.00123,0.00027,-0.03882,-0.09668,-1.27336,3,37.9506,362.6957,36.9458,179.8171,0.7985,-101.6464,0.0016,24.6316,0.5459
977,000977.png,False,1788890828.628503,1788890828.568503,shear_-Y_out,11,-Y,0.5,-0.08949,-0.08628,-1.18581,0.0044,0.00045,-0.00043,-0.03221,-0.06157,-1.1737,0.00214,-0.0012,0.00022,-0.02619,-0.13844,-1.18395,3,38.0082,362.6111,36.9617,179.8177,0.7971,-101.6483,0.0085,24.6458,0.5318
978,000978.png,False,1788890828.824648,1788890828.764648,shear_-Y_out,11,-Y,0.5,-0.01724,-0.36611,-1.15543,0.0112,0.00221,-0.00045,0.04006,-0.34139,-1.14334,0.00894,0.00056,0.00021,0.176,-0.3442,-1.14887,3,38.0843,362.5513,36.9689,179.8137,0.8074,-101.649,0.0066,24.6515,0.5261
979,000979.png,False,1788890829.212553,1788890829.152553,shear_-Y_out,11,-Y,0.5,-0.04542,-0.40662,-1.20815,0.01233,0.00151,-0.0004,0.01193,-0.38188,-1.19609,0.01007,-0.00014,0.00025,0.17219,-0.39421,-1.20082,3,38.0873,362.5172,36.9581,179.8156,0.8028,-101.6486,0.0068,24.6401,0.5374
980,000980.png,False,1788890829.796528,1788890829.736528,shear_-Y_out,11,-Y,0.5,-0.05657,-0.41662,-1.19648,0.01251,0.00115,-0.00038,0.00085,-0.39185,-1.18447,0.01025,-0.0005,0.00027,0.16744,-0.40826,-1.18896,3,38.0899,362.502,36.9582,179.8151,0.804,-101.6488,0.0049,24.6399,0.5376
981,000981.png,False,1788890830.188596,1788890830.128596,shear_-Y_out,11,-Y,0.5,-0.08883,-0.54538,-1.16492,0.01561,0.00055,-0.0003,-0.03137,-0.52058,-1.15295,0.01334,-0.0011,0.00036,0.20361,-0.53539,-1.15511,3,38.1179,362.4113,36.9658,179.8132,0.8091,-101.641,0.0088,24.6458,0.5317
982,000982.png,False,1788890830.576617,1788890830.516617,shear_-Y_back,11,-Y,0.0,-0.0357,-0.6716,-1.20461,0.01886,0.00193,-0.00035,0.02181,-0.64678,-1.19267,0.01659,0.00028,0.0003,0.31297,-0.61879,-1.19271,3,38.1843,362.3649,36.9586,179.8148,0.805,-101.6497,0.0035,24.6375,0.54
983,000983.png,False,1788890830.772637,1788890830.712637,shear_-Y_back,11,-Y,0.0,-0.03229,-0.68822,-1.22811,0.0191,0.00184,-9e-05,0.02525,-0.66339,-1.21619,0.01684,0.00019,0.00057,0.3244,-0.63186,-1.21593,3,38.1921,362.3518,36.9578,179.8153,0.8033,-101.6501,0.0099,24.6364,0.5411
984,000984.png,False,1788890830.968625,1788890830.908625,shear_-Y_back,11,-Y,0.0,-0.02109,-0.51326,-1.16493,0.01493,0.00224,-0.00026,0.03647,-0.48842,-1.15303,0.01267,0.00059,0.00039,0.24625,-0.47372,-1.15581,3,38.1516,362.4407,36.9677,179.814,0.8062,-101.6525,0.0025,24.648,0.5295
985,000985.png,False,1788890831.164605,1788890831.104605,shear_-Y_back,11,-Y,0.0,0.01363,-0.34939,-1.08235,0.01083,0.00312,-0.0004,0.07121,-0.32454,-1.07046,0.00857,0.00146,0.00026,0.19387,-0.31312,-1.07615,3,38.1039,362.6069,36.996,179.8105,0.8156,-101.6637,0.0041,24.6793,0.4982
986,000986.png,False,1788890831.360624,1788890831.300624,shear_-Y_back,11,-Y,0.0,0.01002,-0.2575,-1.08795,0.00857,0.00286,-0.00046,0.06763,-0.23264,-1.07608,0.0063,0.00121,0.0002,0.14488,-0.23543,-1.08334,3,38.0948,362.5785,36.9827,179.8134,0.8069,-101.6682,0.0091,24.6656,0.512
987,000987.png,False,1788890832.528664,1788890832.468664,shear_+Y_out,11,+Y,0.5,-0.08053,-0.04821,-1.09253,0.00355,0.00073,-0.00043,-0.02278,-0.02329,-1.08076,0.00127,-0.00092,0.00024,-0.03809,-0.09949,-1.09136,3,37.9763,362.6805,36.9896,179.816,0.8007,-101.6642,0.0007,24.6749,0.5026
988,000988.png,False,1788890832.724655,1788890832.664655,shear_+Y_out,11,+Y,0.5,0.03951,0.2628,-0.9753,-0.00424,0.00371,-0.00053,0.09729,0.28773,-0.96355,-0.00651,0.00205,0.00014,-0.09031,0.23172,-0.97978,3,37.9289,362.8936,37.0234,179.81,0.8154,-101.668,0.0046,24.7125,0.4651
989,000989.png,False,1788890833.308565,1788890833.248565,shear_+Y_out,11,+Y,0.5,-0.03965,0.23308,-1.10046,-0.00352,0.00164,-0.00052,0.0182,0.25805,-1.08876,-0.0058,-1e-05,0.00015,-0.14316,0.16443,-1.10425,3,37.8895,362.8722,36.9938,179.8155,0.8014,-101.6684,0.0048,24.6828,0.4947
990,000990.png,False,1788890833.700649,1788890833.640649,shear_+Y_out,11,+Y,0.5,-0.0492,0.24381,-1.21276,-0.00379,0.00134,-0.00047,0.00869,0.26879,-1.2011,-0.00607,-0.00032,0.00019,-0.15602,0.16714,-1.21671,3,37.8802,362.8752,36.9689,179.8158,0.8006,-101.6673,0.0052,24.6581,0.5194
991,000991.png,False,1788890833.896573,1788890833.836573,shear_+Y_out,11,+Y,0.5,-0.03006,0.42816,-1.31461,-0.00837,0.00157,-0.00065,0.02785,0.45315,-1.30297,-0.01065,-8e-05,2e-05,-0.23084,0.33474,-1.32178,3,37.8351,362.9707,36.9462,179.8144,0.8045,-101.666,0.0,24.6372,0.5403
992,000992.png,False,1788890834.088665,1788890834.028665,shear_+Y_out,11,+Y,0.5,-0.03613,0.44859,-1.30902,-0.00863,0.00161,-0.00065,0.02181,0.4736,-1.2974,-0.01091,-4e-05,2e-05,-0.24634,0.34949,-1.31653,3,37.8252,362.9856,36.9492,179.8152,0.803,-101.6682,0.0093,24.6405,0.537
993,000993.png,False,1788890834.284670,1788890834.224670,shear_+Y_out,11,+Y,0.5,-0.02605,0.52713,-1.25378,-0.01076,0.00189,-0.0006,0.03191,0.55215,-1.24217,-0.01304,0.00024,6e-05,-0.27724,0.42343,-1.26268,3,37.8014,363.0386,36.9619,179.8152,0.8023,-101.6695,0.0054,24.6542,0.5233
994,000994.png,False,1788890834.480677,1788890834.420677,shear_+Y_out,11,+Y,0.5,-0.03808,0.64893,-1.22283,-0.0137,0.00143,-0.00092,0.01991,0.67395,-1.21124,-0.01598,-0.00023,-0.00026,-0.34872,0.5234,-1.23382,3,37.7561,363.098,36.9656,179.8154,0.8012,-101.6677,0.0004,24.6592,0.5183
995,000995.png,False,1788890835.064688,1788890835.004689,shear_+Y_back,11,+Y,0.0,-0.03835,0.63343,-1.1937,-0.01346,0.00141,-0.00098,0.0197,0.65849,-1.18215,-0.01575,-0.00025,-0.00031,-0.34143,0.51031,-1.20442,3,37.7553,363.0973,36.9647,179.8157,0.8009,-101.6675,0.0001,24.6583,0.5193
996,000996.png,False,1788890835.260584,1788890835.200584,shear_+Y_back,11,+Y,0.0,-0.03521,0.63797,-1.22776,-0.01348,0.0016,-0.00077,0.02287,0.66303,-1.21623,-0.01577,-6e-05,-0.0001,-0.34073,0.51527,-1.23856,3,37.7525,363.1054,36.9658,179.8155,0.8015,-101.6682,0.0071,24.6595,0.518
997,000997.png,False,1788890835.456592,1788890835.396592,shear_+Y_back,11,+Y,0.0,-0.11445,0.41636,-1.35339,-0.00805,-0.0003,-0.00061,-0.05635,0.44144,-1.34188,-0.01034,-0.00196,6e-05,-0.29778,0.28173,-1.36018,3,37.7781,362.9766,36.9372,179.82,0.7904,-101.6657,0.0053,24.6287,0.5488
998,000998.png,False,1788890835.652658,1788890835.592658,shear_+Y_back,11,+Y,0.0,-0.09939,0.44078,-1.2664,-0.00879,-9e-05,-0.00091,-0.04126,0.46587,-1.25491,-0.01108,-0.00175,-0.00024,-0.29754,0.3118,-1.27365,3,37.7763,362.9891,36.9498,179.8182,0.7948,-101.6636,0.0005,24.6415,0.5361
999,000999.png,False,1788890835.844710,1788890835.784710,shear_+Y_back,11,+Y,0.0,-0.11803,0.37668,-1.28506,-0.00699,-0.00034,-0.00082,-0.05988,0.40178,-1.27358,-0.00928,-0.002,-0.00015,-0.28153,0.24668,-1.29116,3,37.787,362.951,36.9481,179.8182,0.7951,-101.6575,0.0095,24.6391,0.5384
1000,001000.png,False,1788890836.040596,1788890835.980597,shear_+Y_back,11,+Y,0.0,-0.09453,0.30779,-1.15966,-0.00545,0.00023,-0.00087,-0.03636,0.3329,-1.1482,-0.00774,-0.00142,-0.0002,-0.22763,0.20076,-1.16463,3,37.8175,362.9187,36.9701,179.8149,0.8036,-101.6558,0.0005,24.6604,0.5172
